"species","site","GRTS_Cell_ID","Quadrant","region","lat","long","n_years_surveyed","n_years_detected","ever_detected","mean_p_occupied","mean_psi_expected","mean_psi_expected_lo95","mean_psi_expected_hi95"
"ANPA","110378_NE",110378,"NE","Okanagan Region",49.04717,-119.5574,8,4,TRUE,0.7308,0.215,0.0628,0.4477
"ANPA","110378_NW",110378,"NW","Okanagan Region",49.03536,-119.57546,9,4,TRUE,0.9663,0.4108,0.128,0.7479
"ANPA","110378_SE",110378,"SE","Okanagan Region",49.01485,-119.53228,8,1,TRUE,0.3309,0.3263,0.1066,0.6325
"ANPA","110378_SW",110378,"SW","Okanagan Region",49.00412,-119.59552,9,2,TRUE,0.7581,0.3881,0.1691,0.6569
"ANPA","111466_NE",111466,"NE","Kootenay Region",49.00129,-115.06184,2,0,FALSE,0.1497,0.3581,0.1681,0.6024
"ANPA","111466_NW",111466,"NW","Kootenay Region",49.01861,-115.09568,2,1,TRUE,0.6603,0.3018,0.1145,0.5673
"ANPA","114602_NE",114602,"NE","South Coastal Region",49.70588,-125.06708,5,0,FALSE,0,0,0,0
"ANPA","114602_NW",114602,"NW","South Coastal Region",49.67623,-125.13792,7,0,FALSE,0,0,0,0
"ANPA","114602_SE",114602,"SE","South Coastal Region",49.65756,-125.0438,7,0,FALSE,0,0,0,0
"ANPA","114602_SW",114602,"SW","South Coastal Region",49.64146,-125.08654,7,0,FALSE,0,0,0,0
"ANPA","115322_NE",115322,"NE","Northern Region",52.37764,-125.98565,6,0,FALSE,0,0,0,0
"ANPA","115322_NW",115322,"NW","Northern Region",52.37481,-126.08159,8,0,FALSE,0,0,0,0
"ANPA","115322_SE",115322,"SE","Northern Region",52.35752,-126.01253,7,0,FALSE,0,0,0,0
"ANPA","115322_SW",115322,"SW","Northern Region",52.34498,-126.07967,8,0,FALSE,0,0,0,0
"ANPA","1194_NW",1194,"NW","Kootenay Region",50.11749,-117.523,9,0,FALSE,0.2067,0.2855,0.1188,0.5091
"ANPA","1194_SW",1194,"SW","Kootenay Region",50.0903,-117.4679,4,0,FALSE,0.4086,0.5072,0.2503,0.8013
"ANPA","12522_NE",12522,"NE","South Coastal Region",49.72155,-124.51563,4,0,FALSE,0,0,0,0
"ANPA","12522_NW",12522,"NW","South Coastal Region",49.75757,-124.56308,5,0,FALSE,0,0,0,0
"ANPA","12522_SE",12522,"SE","South Coastal Region",49.70213,-124.47636,6,0,FALSE,0,0,0,0
"ANPA","12522_SW",12522,"SW","South Coastal Region",49.7022,-124.52268,6,0,FALSE,0,0,0,0
"ANPA","127850_NE",127850,"NE","Kootenay Region",49.31307,-115.01912,4,0,FALSE,0.1412,0.116,0.0067,0.3992
"ANPA","127850_NW",127850,"NW","Kootenay Region",49.3096,-115.05201,5,0,FALSE,0.1864,0.2065,0.0665,0.4168
"ANPA","127850_SE",127850,"SE","Kootenay Region",49.28498,-114.95395,5,0,FALSE,0.1545,0.2357,0.0668,0.491
"ANPA","127850_SW",127850,"SW","Kootenay Region",49.2671,-115.02532,7,0,FALSE,0.2054,0.2706,0.1024,0.5196
"ANPA","128058_NE",128058,"NE","South Coastal Region",48.84117,-123.42727,5,0,FALSE,0,0,0,0
"ANPA","128058_NW",128058,"NW","South Coastal Region",48.82144,-123.48643,5,0,FALSE,0,0,0,0
"ANPA","128058_SW",128058,"SW","South Coastal Region",48.79828,-123.47632,5,0,FALSE,0,0,0,0
"ANPA","132650_SE",132650,"SE","Okanagan Region",51.81828,-122.42144,6,0,FALSE,0.0197,0.1746,0.0254,0.4858
"ANPA","132650_SW",132650,"SW","Okanagan Region",51.80225,-122.46284,5,0,FALSE,0.0471,0.279,0.0829,0.577
"ANPA","137274_NE",137274,"NE","South Coastal Region",48.79,-123.6988,5,0,FALSE,0,0,0,0
"ANPA","137274_NW",137274,"NW","South Coastal Region",48.7891,-123.719,6,0,FALSE,0,0,0,0
"ANPA","137274_SE",137274,"SE","South Coastal Region",48.7539,-123.6447,6,0,FALSE,0,0,0,0
"ANPA","143274_NE",143274,"NE","South Coastal Region",50.3377,-122.8012,7,0,FALSE,0,0,0,0
"ANPA","143274_NW",143274,"NW","South Coastal Region",50.3446,-122.8479,7,0,FALSE,0,0,0,0
"ANPA","143274_SE",143274,"SE","South Coastal Region",50.3004,-122.758,7,0,FALSE,0,0,0,0
"ANPA","143274_SW",143274,"SW","South Coastal Region",50.2961,-122.8048,7,0,FALSE,0,0,0,0
"ANPA","145578_NE",145578,"NE","Kootenay Region",49.93178,-115.65558,7,2,TRUE,0.4823,0.3571,0.146,0.6218
"ANPA","145578_NW",145578,"NW","Kootenay Region",49.93544,-115.67497,6,1,TRUE,0.3015,0.1714,0.0365,0.388
"ANPA","145578_SE",145578,"SE","Kootenay Region",49.89983,-115.64222,7,2,TRUE,0.496,0.393,0.1916,0.6862
"ANPA","145578_SW",145578,"SW","Kootenay Region",49.89589,-115.695,7,2,TRUE,0.4977,0.3938,0.1826,0.6827
"ANPA","16426_NE",16426,"NE","Northern Region",54.82137,-123.35579,6,0,FALSE,0,0,0,0
"ANPA","16426_SE",16426,"SE","Northern Region",54.81895,-123.33997,5,0,FALSE,0,0,0,0
"ANPA","172090_NE",172090,"NE","South Coastal Region",49.37012,-122.94857,6,0,FALSE,0,0,0,0
"ANPA","172090_NW",172090,"NW","South Coastal Region",49.34683,-123.00985,5,0,FALSE,0,0,0,0
"ANPA","172090_SE",172090,"SE","South Coastal Region",49.32364,-122.97036,5,0,FALSE,0,0,0,0
"ANPA","172090_SW",172090,"SW","South Coastal Region",49.31421,-123.01406,6,0,FALSE,0,0,0,0
"ANPA","175354_SE",175354,"SE","Northern Region",59.42418,-125.94917,3,0,FALSE,0,0,0,0
"ANPA","175354_SW",175354,"SW","Northern Region",59.40931,-126.09868,5,0,FALSE,0,0,0,0
"ANPA","17706_NW",17706,"NW","Northern Region",51.97601,-120.10368,2,0,FALSE,0,0,0,0
"ANPA","17706_SE",17706,"SE","Northern Region",51.9408,-120.01683,5,0,FALSE,0,0,0,0
"ANPA","17706_SW",17706,"SW","Northern Region",51.94316,-120.06784,4,0,FALSE,0,0,0,0
"ANPA","186330_NE",186330,"NE","Northern Region",55.95727,-122.58949,2,0,FALSE,0,0,0,0
"ANPA","186330_NW",186330,"NW","Northern Region",55.94606,-122.65922,2,0,FALSE,0,0,0,0
"ANPA","186490_NW",186490,"NW","Northern Region",54.754,-127.12678,8,0,FALSE,0,0,0,0
"ANPA","186490_SE",186490,"SE","Northern Region",54.72257,-126.99742,6,0,FALSE,0,0,0,0
"ANPA","186490_SW",186490,"SW","Northern Region",54.72278,-127.05397,9,0,FALSE,0,0,0,0
"ANPA","194666_NE",194666,"NE","Okanagan Region",50.23014,-119.32344,6,0,FALSE,0.1239,0.1942,0.0405,0.4604
"ANPA","194666_SW",194666,"SW","Okanagan Region",50.16915,-119.41081,6,0,FALSE,0.0856,0.1677,0.0273,0.4428
"ANPA","20330_NE",20330,"NE","Kootenay Region",49.42454,-117.72865,7,2,TRUE,0.5301,0.2875,0.1235,0.5238
"ANPA","20330_SE",20330,"SE","Kootenay Region",49.3813,-117.67793,8,2,TRUE,0.508,0.3777,0.1809,0.647
"ANPA","206394_NE",206394,"NE","Northern Region",53.63655,-132.05056,4,0,FALSE,0,0,0,0
"ANPA","206394_NW",206394,"NW","Northern Region",53.6372,-132.16251,4,0,FALSE,0,0,0,0
"ANPA","206394_SE",206394,"SE","Northern Region",53.60877,-131.99988,4,0,FALSE,0,0,0,0
"ANPA","206394_SW",206394,"SW","Northern Region",53.57324,-132.11579,4,0,FALSE,0,0,0,0
"ANPA","20730_NE",20730,"NE","Northern Region",56.79525,-124.90059,3,0,FALSE,0,0,0,0
"ANPA","20730_NW",20730,"NW","Northern Region",56.79948,-124.97614,3,0,FALSE,0,0,0,0
"ANPA","20730_SE",20730,"SE","Northern Region",56.78457,-124.88544,3,0,FALSE,0,0,0,0
"ANPA","20730_SW",20730,"SW","Northern Region",56.76456,-124.98588,2,0,FALSE,0,0,0,0
"ANPA","212266_NE",212266,"NE","Okanagan Region",50.751409,-120.480005,9,0,FALSE,0.0907,0.3104,0.0434,0.7785
"ANPA","212266_NW",212266,"NW","Okanagan Region",50.777508,-120.5598176,8,0,FALSE,0.0897,0.1556,0.0226,0.4276
"ANPA","212266_SE",212266,"SE","Okanagan Region",50.714878,-120.492405,8,0,FALSE,0.0714,0.4481,0.1697,0.7741
"ANPA","212266_SW",212266,"SW","Okanagan Region",50.732357,-120.521811,8,1,TRUE,0.4991,0.4597,0.1898,0.7695
"ANPA","212906_NW",212906,"NW","South Coastal Region",49.36971,-124.79984,7,0,FALSE,0,0,0,0
"ANPA","212906_SE",212906,"SE","South Coastal Region",49.35175,-124.74136,7,0,FALSE,0,0,0,0
"ANPA","212906_SW",212906,"SW","South Coastal Region",49.33595,-124.7423,6,0,FALSE,0,0,0,0
"ANPA","216746_NW",216746,"NW","South Coastal Region",49.10675,-125.78544,5,0,FALSE,0,0,0,0
"ANPA","216746_SE",216746,"SE","South Coastal Region",49.07768,-125.74644,8,0,FALSE,0,0,0,0
"ANPA","218282_SE",218282,"SE","Kootenay Region",50.13833,-117.55672,5,0,FALSE,0.4181,0.4516,0.2335,0.7735
"ANPA","218282_SW",218282,"SW","Kootenay Region",50.15094,-117.6221,6,1,TRUE,0.419,0.3913,0.1832,0.6532
"ANPA","219626_SW",219626,"SW","South Coastal Region",48.92819,-125.25,2,0,FALSE,0,0,0,0
"ANPA","226090_NE",226090,"NE","Okanagan Region",50.10929,-120.45236,6,0,FALSE,0.141,0.2714,0.0466,0.661
"ANPA","226090_NW",226090,"NW","Okanagan Region",50.0999,-120.50647,7,0,FALSE,0.1519,0.5018,0.1832,0.8352
"ANPA","226090_SE",226090,"SE","Okanagan Region",50.07156,-120.42266,6,0,FALSE,0.1233,0.2479,0.0317,0.6516
"ANPA","230186_NE",230186,"NE","Okanagan Region",49.01457,-121.07198,5,0,FALSE,0.2887,0.4055,0.1275,0.7497
"ANPA","230186_SE",230186,"SE","Okanagan Region",48.97511,-121.08329,6,0,FALSE,0.3159,0.4166,0.0638,0.8502
"ANPA","241002_NE",241002,"NE","Kootenay Region",51.03817,-118.1357,9,0,FALSE,0.1134,0.1633,0.0079,0.4886
"ANPA","241002_NW",241002,"NW","Kootenay Region",51.01597,-118.20292,9,0,FALSE,0.1706,0.281,0.0746,0.6477
"ANPA","243562_NE",243562,"NE","Kootenay Region",49.69966,-115.98498,7,1,TRUE,0.3638,0.3328,0.1181,0.6176
"ANPA","243562_SE",243562,"SE","Kootenay Region",49.65068,-115.94692,6,1,TRUE,0.3791,0.2762,0.0935,0.5436
"ANPA","252394_NW",252394,"NW","South Coastal Region",48.79865,-125.16568,2,0,FALSE,0,0,0,0
"ANPA","26170_NE",26170,"NE","Northern Region",53.62052,-132.20883,4,0,FALSE,0,0,0,0
"ANPA","26170_NW",26170,"NW","Northern Region",53.60452,-132.28837,3,0,FALSE,0,0,0,0
"ANPA","26170_SE",26170,"SE","Northern Region",53.58901,-132.17695,4,0,FALSE,0,0,0,0
"ANPA","26170_SW",26170,"SW","Northern Region",53.56895,-132.23042,4,0,FALSE,0,0,0,0
"ANPA","265749_NE",265749,"NE","Okanagan Region",49.15892,-119.03758,6,0,FALSE,0.1402,0.2166,0.0371,0.5339
"ANPA","265749_NW",265749,"NW","Okanagan Region",49.16674,-119.10324,8,0,FALSE,0.1432,0.4439,0.1211,0.8497
"ANPA","265749_SE",265749,"SE","Okanagan Region",49.11153,-118.97698,8,0,FALSE,0.0811,0.2274,0.066,0.4626
"ANPA","265749_SW",265749,"SW","Okanagan Region",49.11337,-119.05299,8,0,FALSE,0.1284,0.2687,0.0609,0.6543
"ANPA","268521_NE",268521,"NE","Kootenay Region",49.49916,-115.03962,6,0,FALSE,0.1468,0.258,0.0716,0.5251
"ANPA","268521_NW",268521,"NW","Kootenay Region",49.48855,-115.09812,6,0,FALSE,0.1089,0.2043,0.0591,0.4319
"ANPA","268521_SE",268521,"SE","Kootenay Region",49.44083,-115.05634,7,0,FALSE,0.2462,0.4283,0.1372,0.8006
"ANPA","269777_NW",269777,"NW","Northern Region",57.04083,-122.86281,4,0,FALSE,0,0,0,0
"ANPA","269777_SW",269777,"SW","Northern Region",57.01497,-122.80521,4,0,FALSE,0,0,0,0
"ANPA","271731_SW",271731,"SW","Kootenay Region",51.24146,-117.64962,9,0,FALSE,0.1405,0.2076,0.0458,0.4764
"ANPA","273050_SE",273050,"SE","South Coastal Region",49.00511,-125.65145,3,0,FALSE,0,0,0,0
"ANPA","283586_NE",283586,"NE","Northern Region",54.3558,-128.5366,6,0,FALSE,0,0,0,0
"ANPA","283586_NW",283586,"NW","Northern Region",54.3321,-128.6266,8,0,FALSE,0,0,0,0
"ANPA","283586_SE",283586,"SE","Northern Region",54.31162,-128.54374,8,0,FALSE,0,0,0,0
"ANPA","283586_SW",283586,"SW","Northern Region",54.2946,-128.581,8,0,FALSE,0,0,0,0
"ANPA","294832_NE",294832,"NE","Northern Region",56.3348,-120.97877,8,0,FALSE,0,0,0,0
"ANPA","294832_NW",294832,"NW","Northern Region",56.33264,-121.00747,8,0,FALSE,0,0,0,0
"ANPA","294832_SE",294832,"SE","Northern Region",56.30206,-120.94608,6,0,FALSE,0,0,0,0
"ANPA","294832_SW",294832,"SW","Northern Region",56.30496,-121.00198,7,0,FALSE,0,0,0,0
"ANPA","317428_NE",317428,"NE","South Coastal Region",49.06292,-120.79944,8,0,FALSE,0,0,0,0
"ANPA","317428_NW",317428,"NW","South Coastal Region",49.06417,-120.90943,8,0,FALSE,0,0,0,0
"ANPA","317428_SE",317428,"SE","South Coastal Region",49.06053,-120.77309,7,0,FALSE,0,0,0,0
"ANPA","317428_SW",317428,"SW","South Coastal Region",49.04617,-120.85085,6,0,FALSE,0,0,0,0
"ANPA","326072_NE",326072,"NE","South Coastal Region",49.09743,-122.51957,7,0,FALSE,0,0,0,0
"ANPA","326072_NW",326072,"NW","South Coastal Region",49.05235,-122.58989,9,0,FALSE,0,0,0,0
"ANPA","326072_SE",326072,"SE","South Coastal Region",49.0144,-122.52755,6,0,FALSE,0,0,0,0
"ANPA","326072_SW",326072,"SW","South Coastal Region",49.01082,-122.58104,9,0,FALSE,0,0,0,0
"ANPA","37274_NE",37274,"NE","Northern Region",53.08874,-119.20318,6,0,FALSE,0,0,0,0
"ANPA","37274_SE",37274,"SE","Northern Region",53.05051,-119.21418,5,0,FALSE,0,0,0,0
"ANPA","37274_SW",37274,"SW","Northern Region",53.03564,-119.22895,6,0,FALSE,0,0,0,0
"ANPA","38442_NW",38442,"NW","Okanagan Region",51.51999,-122.28978,6,0,FALSE,0.126,0.4444,0.1834,0.7471
"ANPA","38442_SW",38442,"SW","Okanagan Region",51.50238,-122.28992,7,0,FALSE,0.1661,0.449,0.1765,0.7666
"ANPA","42026_NE",42026,"NE","Northern Region",55.85527,-121.65345,3,0,FALSE,0,0,0,0
"ANPA","42026_NW",42026,"NW","Northern Region",55.83616,-121.71691,3,0,FALSE,0,0,0,0
"ANPA","42026_SE",42026,"SE","Northern Region",55.81797,-121.66405,3,0,FALSE,0,0,0,0
"ANPA","42026_SW",42026,"SW","Northern Region",55.81131,-121.70131,3,0,FALSE,0,0,0,0
"ANPA","47210_NW",47210,"NW","Okanagan Region",49.84159,-119.9783,3,1,TRUE,0.5373,0.2253,0.037,0.5846
"ANPA","47210_SE",47210,"SE","Okanagan Region",49.79638,-119.86985,3,0,FALSE,0.077,0.2653,0.066,0.5782
"ANPA","47210_SW",47210,"SW","Okanagan Region",49.79097,-119.95267,2,0,FALSE,0.024,0.1765,0.0279,0.4684
"ANPA","47322_NE",47322,"NE","Northern Region",55.69808,-120.43213,8,0,FALSE,0,0,0,0
"ANPA","47322_NW",47322,"NW","Northern Region",55.70016,-120.48989,6,0,FALSE,0,0,0,0
"ANPA","47322_SE",47322,"SE","Northern Region",55.64597,-120.40102,5,0,FALSE,0,0,0,0
"ANPA","47322_SW",47322,"SW","Northern Region",55.65446,-120.49465,8,0,FALSE,0,0,0,0
"ANPA","57322_NE",57322,"NE","South Coastal Region",49.09454,-122.09881,7,0,FALSE,0,0,0,0
"ANPA","57322_NW",57322,"NW","South Coastal Region",49.07915,-122.16077,7,0,FALSE,0,0,0,0
"ANPA","57322_SE",57322,"SE","South Coastal Region",49.0141,-122.09198,7,0,FALSE,0,0,0,0
"ANPA","57322_SW",57322,"SW","South Coastal Region",49.01663,-122.15131,7,0,FALSE,0,0,0,0
"ANPA","58842_NW",58842,"NW","Northern Region",54.79952,-121.1886,2,0,FALSE,0,0,0,0
"ANPA","58842_SE",58842,"SE","Northern Region",54.73781,-121.16052,2,0,FALSE,0,0,0,0
"ANPA","58842_SW",58842,"SW","Northern Region",54.75716,-121.25541,2,0,FALSE,0,0,0,0
"ANPA","5994_NE",5994,"NE","Kootenay Region",49.26067,-115.24894,5,0,FALSE,0.2271,0.4095,0.2119,0.688
"ANPA","5994_SE",5994,"SE","Kootenay Region",49.21228,-115.26277,5,1,TRUE,0.4124,0.3827,0.1833,0.6691
"ANPA","60586_NW",60586,"NW","Kootenay Region",50.93041,-116.39001,6,0,FALSE,0.0883,0.234,0.0867,0.4427
"ANPA","60586_SW",60586,"SW","Kootenay Region",50.90342,-116.39335,6,2,TRUE,0.6913,0.5778,0.2382,0.9257
"ANPA","6202_NE",6202,"NE","South Coastal Region",48.53741,-123.50119,6,0,FALSE,0,0,0,0
"ANPA","6202_NW",6202,"NW","South Coastal Region",48.50788,-123.60088,6,0,FALSE,0,0,0,0
"ANPA","6202_SE",6202,"SE","South Coastal Region",48.48934,-123.5079,4,0,FALSE,0,0,0,0
"ANPA","6202_SW",6202,"SW","South Coastal Region",48.48637,-123.54913,7,0,FALSE,0,0,0,0
"ANPA","70250_NW",70250,"NW","Kootenay Region",51.24583,-116.91793,6,0,FALSE,0.1312,0.2587,0.0968,0.4899
"ANPA","70250_SW",70250,"SW","Kootenay Region",51.20982,-116.89974,4,0,FALSE,0.2037,0.3489,0.1586,0.5898
"ANPA","73002_NE",73002,"NE","Okanagan Region",50.85067,-121.87219,8,0,FALSE,0.1179,0.4346,0.1751,0.7394
"ANPA","73002_SE",73002,"SE","Okanagan Region",50.82484,-121.86896,9,0,FALSE,0.0617,0.1449,0.0137,0.4694
"ANPA","73002_SW",73002,"SW","Okanagan Region",50.80422,-121.87782,9,0,FALSE,0.0761,0.1743,0.0336,0.4212
"ANPA","73786_NW",73786,"NW","South Coastal Region",49.12334,-123.06198,9,0,FALSE,0,0,0,0
"ANPA","73786_SE",73786,"SE","South Coastal Region",49.12604,-123.00163,9,0,FALSE,0,0,0,0
"ANPA","73786_SW",73786,"SW","South Coastal Region",49.10823,-123.07992,7,0,FALSE,0,0,0,0
"ANPA","77162_NE",77162,"NE","Kootenay Region",50.95478,-118.09975,5,0,FALSE,0.1356,0.1118,0.0015,0.4599
"ANPA","77162_SW",77162,"SW","Kootenay Region",50.886,-118.10586,8,0,FALSE,0.2844,0.3314,0.1448,0.5808
"ANPA","79018_NE",79018,"NE","Kootenay Region",50.2021,-116.91007,8,0,FALSE,0.1757,0.2225,0.0692,0.4492
"ANPA","79018_NW",79018,"NW","Kootenay Region",50.19383,-116.94752,8,0,FALSE,0.2982,0.4115,0.2062,0.6912
"ANPA","79018_SE",79018,"SE","Kootenay Region",50.18723,-116.90419,8,0,FALSE,0.2235,0.2966,0.0734,0.5293
"ANPA","79018_SW",79018,"SW","Kootenay Region",50.17771,-116.95968,7,0,FALSE,0.3717,0.455,0.2354,0.7203
"ANPA","86074_NE",86074,"NE","South Coastal Region",49.23087,-122.3056,7,0,FALSE,0,0,0,0
"ANPA","86074_NW",86074,"NW","South Coastal Region",49.18442,-122.40331,3,0,FALSE,0,0,0,0
"ANPA","86074_SE",86074,"SE","South Coastal Region",49.16962,-122.3193,4,0,FALSE,0,0,0,0
"ANPA","86074_SW",86074,"SW","South Coastal Region",49.14174,-122.38204,6,0,FALSE,0,0,0,0
"ANPA","89962_NE",89962,"NE","Kootenay Region",49.07682,-117.5986,3,1,TRUE,0.5701,0.3382,0.1473,0.6111
"ANPA","89962_SE",89962,"SE","Kootenay Region",49.00974,-117.57236,3,2,TRUE,0.8116,0.296,0.0973,0.6008
"ANPA","89962_SW",89962,"SW","Kootenay Region",49.0077,-117.63034,3,2,TRUE,0.841,0.5168,0.2538,0.8466
"ANPA","93290_NE",93290,"NE","Okanagan Region",49.44361,-119.56535,6,2,TRUE,0.9339,0.4988,0.2297,0.7986
"ANPA","93290_NW",93290,"NW","Okanagan Region",49.41531,-119.6018,9,3,TRUE,0.8527,0.3457,0.1262,0.6191
"ANPA","93290_SE",93290,"SE","Okanagan Region",49.38433,-119.56165,8,1,TRUE,0.8148,0.5634,0.1942,0.9136
"ANPA","93290_SW",93290,"SW","Okanagan Region",49.37943,-119.59374,9,3,TRUE,0.8114,0.2798,0.0704,0.6078
"ANPA","94522_NW",94522,"NW","Northern Region",53.10732,-131.86467,3,0,FALSE,0,0,0,0
"ANPA","94522_SE",94522,"SE","Northern Region",53.08196,-131.77925,3,0,FALSE,0,0,0,0
"ANPA","9466_NE",9466,"NE","Northern Region",57.34435,-125.50932,2,0,FALSE,0,0,0,0
"ANPA","9466_NW",9466,"NW","Northern Region",57.3459,-125.55037,3,0,FALSE,0,0,0,0
"ANPA","9466_SE",9466,"SE","Northern Region",57.31575,-125.49037,3,0,FALSE,0,0,0,0
"ANPA","9466_SW",9466,"SW","Northern Region",57.29483,-125.51474,3,0,FALSE,0,0,0,0
"ANPA","986_NE",986,"NE","Northern Region",53.188,-121.30225,8,0,FALSE,0,0,0,0
"ANPA","986_SE",986,"SE","Northern Region",53.1392,-121.2577,6,0,FALSE,0,0,0,0
"COTO","110378_NE",110378,"NE","Okanagan Region",49.04717,-119.5574,8,1,TRUE,0.1741,0.3063,0.2122,0.4241
"COTO","110378_NW",110378,"NW","Okanagan Region",49.03536,-119.57546,9,3,TRUE,0.3644,0.2474,0.1617,0.347
"COTO","110378_SE",110378,"SE","Okanagan Region",49.01485,-119.53228,8,3,TRUE,0.4323,0.2458,0.1564,0.3543
"COTO","110378_SW",110378,"SW","Okanagan Region",49.00412,-119.59552,9,3,TRUE,0.4641,0.303,0.2092,0.4173
"COTO","111466_NE",111466,"NE","Kootenay Region",49.00129,-115.06184,2,1,TRUE,0.8211,0.5508,0.4046,0.7081
"COTO","111466_NW",111466,"NW","Kootenay Region",49.01861,-115.09568,2,0,FALSE,0.365,0.5655,0.3822,0.7448
"COTO","114602_NE",114602,"NE","South Coastal Region",49.70588,-125.06708,5,5,TRUE,1,0.6325,0.4936,0.7781
"COTO","114602_NW",114602,"NW","South Coastal Region",49.67623,-125.13792,7,4,TRUE,0.65,0.4582,0.3162,0.6122
"COTO","114602_SE",114602,"SE","South Coastal Region",49.65756,-125.0438,7,7,TRUE,1,0.5393,0.3676,0.7299
"COTO","114602_SW",114602,"SW","South Coastal Region",49.64146,-125.08654,7,1,TRUE,0.3848,0.4751,0.3611,0.6036
"COTO","115322_NE",115322,"NE","Northern Region",52.37764,-125.98565,6,0,FALSE,0,0,0,0
"COTO","115322_NW",115322,"NW","Northern Region",52.37481,-126.08159,8,0,FALSE,0,0,0,0
"COTO","115322_SE",115322,"SE","Northern Region",52.35752,-126.01253,7,0,FALSE,0,0,0,0
"COTO","115322_SW",115322,"SW","Northern Region",52.34498,-126.07967,8,0,FALSE,0,0,0,0
"COTO","1194_NW",1194,"NW","Kootenay Region",50.11749,-117.523,9,0,FALSE,0.1117,0.5989,0.4527,0.7426
"COTO","1194_SW",1194,"SW","Kootenay Region",50.0903,-117.4679,4,1,TRUE,0.359,0.6759,0.4794,0.855
"COTO","12522_NE",12522,"NE","South Coastal Region",49.72155,-124.51563,4,0,FALSE,0.1253,0.4915,0.3666,0.6269
"COTO","12522_NW",12522,"NW","South Coastal Region",49.75757,-124.56308,5,2,TRUE,0.7156,0.7119,0.5489,0.8533
"COTO","12522_SE",12522,"SE","South Coastal Region",49.70213,-124.47636,6,0,FALSE,0.0429,0.5626,0.3933,0.7383
"COTO","12522_SW",12522,"SW","South Coastal Region",49.7022,-124.52268,6,2,TRUE,0.7062,0.5635,0.4346,0.6946
"COTO","127850_NE",127850,"NE","Kootenay Region",49.31307,-115.01912,4,1,TRUE,0.3546,0.2593,0.1378,0.3893
"COTO","127850_NW",127850,"NW","Kootenay Region",49.3096,-115.05201,5,3,TRUE,0.8598,0.4435,0.3174,0.5832
"COTO","127850_SE",127850,"SE","Kootenay Region",49.28498,-114.95395,5,2,TRUE,0.6251,0.3276,0.2205,0.4557
"COTO","127850_SW",127850,"SW","Kootenay Region",49.2671,-115.02532,7,4,TRUE,0.9548,0.5144,0.3539,0.679
"COTO","128058_NE",128058,"NE","South Coastal Region",48.84117,-123.42727,5,0,FALSE,0.022,0.474,0.258,0.719
"COTO","128058_NW",128058,"NW","South Coastal Region",48.82144,-123.48643,5,2,TRUE,0.51,0.3714,0.2648,0.4948
"COTO","128058_SW",128058,"SW","South Coastal Region",48.79828,-123.47632,5,4,TRUE,0.9861,0.4681,0.3419,0.6027
"COTO","132650_SE",132650,"SE","Okanagan Region",51.81828,-122.42144,6,1,TRUE,0.2633,0.2886,0.1904,0.3949
"COTO","132650_SW",132650,"SW","Okanagan Region",51.80225,-122.46284,5,0,FALSE,0.0517,0.2961,0.1796,0.4386
"COTO","137274_NE",137274,"NE","South Coastal Region",48.79,-123.6988,5,2,TRUE,0.9077,0.572,0.379,0.7793
"COTO","137274_NW",137274,"NW","South Coastal Region",48.7891,-123.719,6,0,FALSE,0.0616,0.5145,0.3912,0.6497
"COTO","137274_SE",137274,"SE","South Coastal Region",48.7539,-123.6447,6,4,TRUE,0.9416,0.5386,0.3614,0.736
"COTO","143274_NE",143274,"NE","South Coastal Region",50.3377,-122.8012,7,5,TRUE,0.7457,0.3904,0.2856,0.5117
"COTO","143274_NW",143274,"NW","South Coastal Region",50.3446,-122.8479,7,2,TRUE,0.5697,0.6299,0.4679,0.8042
"COTO","143274_SE",143274,"SE","South Coastal Region",50.3004,-122.758,7,6,TRUE,0.9066,0.5622,0.4152,0.7154
"COTO","143274_SW",143274,"SW","South Coastal Region",50.2961,-122.8048,7,6,TRUE,0.9852,0.4542,0.3235,0.6043
"COTO","145578_NE",145578,"NE","Kootenay Region",49.93178,-115.65558,7,7,TRUE,1,0.684,0.5244,0.8261
"COTO","145578_NW",145578,"NW","Kootenay Region",49.93544,-115.67497,6,4,TRUE,0.7753,0.457,0.3119,0.616
"COTO","145578_SE",145578,"SE","Kootenay Region",49.89983,-115.64222,7,5,TRUE,0.9357,0.5969,0.4297,0.7671
"COTO","145578_SW",145578,"SW","Kootenay Region",49.89589,-115.695,7,4,TRUE,0.766,0.5232,0.366,0.6956
"COTO","16426_NE",16426,"NE","Northern Region",54.82137,-123.35579,6,0,FALSE,0,0,0,0
"COTO","16426_SE",16426,"SE","Northern Region",54.81895,-123.33997,5,0,FALSE,0,0,0,0
"COTO","172090_NE",172090,"NE","South Coastal Region",49.37012,-122.94857,6,0,FALSE,0.0432,0.1223,0.0426,0.2348
"COTO","172090_NW",172090,"NW","South Coastal Region",49.34683,-123.00985,5,0,FALSE,0.0262,0.4412,0.2983,0.5962
"COTO","172090_SE",172090,"SE","South Coastal Region",49.32364,-122.97036,5,1,TRUE,0.28,0.3158,0.1907,0.469
"COTO","172090_SW",172090,"SW","South Coastal Region",49.31421,-123.01406,6,0,FALSE,0.0292,0.4681,0.3336,0.6214
"COTO","175354_SE",175354,"SE","Northern Region",59.42418,-125.94917,3,0,FALSE,0,0,0,0
"COTO","175354_SW",175354,"SW","Northern Region",59.40931,-126.09868,5,0,FALSE,0,0,0,0
"COTO","17706_NW",17706,"NW","Northern Region",51.97601,-120.10368,2,0,FALSE,0,0,0,0
"COTO","17706_SE",17706,"SE","Northern Region",51.9408,-120.01683,5,0,FALSE,0,0,0,0
"COTO","17706_SW",17706,"SW","Northern Region",51.94316,-120.06784,4,0,FALSE,0,0,0,0
"COTO","186330_NE",186330,"NE","Northern Region",55.95727,-122.58949,2,0,FALSE,0,0,0,0
"COTO","186330_NW",186330,"NW","Northern Region",55.94606,-122.65922,2,0,FALSE,0,0,0,0
"COTO","186490_NW",186490,"NW","Northern Region",54.754,-127.12678,8,0,FALSE,0,0,0,0
"COTO","186490_SE",186490,"SE","Northern Region",54.72257,-126.99742,6,0,FALSE,0,0,0,0
"COTO","186490_SW",186490,"SW","Northern Region",54.72278,-127.05397,9,0,FALSE,0,0,0,0
"COTO","194666_NE",194666,"NE","Okanagan Region",50.23014,-119.32344,6,0,FALSE,0.121,0.3861,0.2711,0.5092
"COTO","194666_SW",194666,"SW","Okanagan Region",50.16915,-119.41081,6,0,FALSE,0.0437,0.3128,0.1983,0.4455
"COTO","20330_NE",20330,"NE","Kootenay Region",49.42454,-117.72865,7,5,TRUE,0.9262,0.5036,0.3608,0.6601
"COTO","20330_SE",20330,"SE","Kootenay Region",49.3813,-117.67793,8,2,TRUE,0.739,0.7494,0.5783,0.8902
"COTO","206394_NE",206394,"NE","Northern Region",53.63655,-132.05056,4,0,FALSE,0,0,0,0
"COTO","206394_NW",206394,"NW","Northern Region",53.6372,-132.16251,4,0,FALSE,0,0,0,0
"COTO","206394_SE",206394,"SE","Northern Region",53.60877,-131.99988,4,0,FALSE,0,0,0,0
"COTO","206394_SW",206394,"SW","Northern Region",53.57324,-132.11579,4,0,FALSE,0,0,0,0
"COTO","20730_NE",20730,"NE","Northern Region",56.79525,-124.90059,3,0,FALSE,0,0,0,0
"COTO","20730_NW",20730,"NW","Northern Region",56.79948,-124.97614,3,0,FALSE,0,0,0,0
"COTO","20730_SE",20730,"SE","Northern Region",56.78457,-124.88544,3,0,FALSE,0,0,0,0
"COTO","20730_SW",20730,"SW","Northern Region",56.76456,-124.98588,2,0,FALSE,0,0,0,0
"COTO","212266_NE",212266,"NE","Okanagan Region",50.751409,-120.480005,9,3,TRUE,0.3514,0.2537,0.1516,0.3585
"COTO","212266_NW",212266,"NW","Okanagan Region",50.777508,-120.5598176,8,2,TRUE,0.2946,0.2279,0.142,0.3285
"COTO","212266_SE",212266,"SE","Okanagan Region",50.714878,-120.492405,8,5,TRUE,0.8332,0.4692,0.2957,0.659
"COTO","212266_SW",212266,"SW","Okanagan Region",50.732357,-120.521811,8,7,TRUE,0.9935,0.4655,0.3008,0.6463
"COTO","212906_NW",212906,"NW","South Coastal Region",49.36971,-124.79984,7,2,TRUE,0.4517,0.5276,0.3691,0.687
"COTO","212906_SE",212906,"SE","South Coastal Region",49.35175,-124.74136,7,3,TRUE,0.4617,0.3374,0.2248,0.4515
"COTO","212906_SW",212906,"SW","South Coastal Region",49.33595,-124.7423,6,1,TRUE,0.2748,0.3831,0.2611,0.5224
"COTO","216746_NW",216746,"NW","South Coastal Region",49.10675,-125.78544,5,1,TRUE,0.2332,0.3056,0.1804,0.46
"COTO","216746_SE",216746,"SE","South Coastal Region",49.07768,-125.74644,8,3,TRUE,0.6507,0.5094,0.295,0.7332
"COTO","218282_SE",218282,"SE","Kootenay Region",50.13833,-117.55672,5,2,TRUE,0.8681,0.8318,0.66,0.9391
"COTO","218282_SW",218282,"SW","Kootenay Region",50.15094,-117.6221,6,2,TRUE,0.5819,0.5269,0.37,0.7013
"COTO","219626_SW",219626,"SW","South Coastal Region",48.92819,-125.25,2,0,FALSE,0.1976,0.5001,0.2855,0.7222
"COTO","226090_NE",226090,"NE","Okanagan Region",50.10929,-120.45236,6,0,FALSE,0.0496,0.1846,0.0762,0.3453
"COTO","226090_NW",226090,"NW","Okanagan Region",50.0999,-120.50647,7,4,TRUE,0.6382,0.2656,0.1768,0.3723
"COTO","226090_SE",226090,"SE","Okanagan Region",50.07156,-120.42266,6,0,FALSE,0.0588,0.1312,0.057,0.238
"COTO","230186_NE",230186,"NE","Okanagan Region",49.01457,-121.07198,5,2,TRUE,0.6804,0.4831,0.3064,0.6579
"COTO","230186_SE",230186,"SE","Okanagan Region",48.97511,-121.08329,6,2,TRUE,0.6042,0.3722,0.1382,0.6555
"COTO","241002_NE",241002,"NE","Kootenay Region",51.03817,-118.1357,9,0,FALSE,0.0322,0.1453,0.0446,0.3258
"COTO","241002_NW",241002,"NW","Kootenay Region",51.01597,-118.20292,9,1,TRUE,0.2632,0.4494,0.3096,0.6262
"COTO","243562_NE",243562,"NE","Kootenay Region",49.69966,-115.98498,7,1,TRUE,0.2823,0.5318,0.3707,0.6885
"COTO","243562_SE",243562,"SE","Kootenay Region",49.65068,-115.94692,6,0,FALSE,0.0225,0.4427,0.269,0.6328
"COTO","252394_NW",252394,"NW","South Coastal Region",48.79865,-125.16568,2,1,TRUE,0.973,0.5748,0.3842,0.7784
"COTO","26170_NE",26170,"NE","Northern Region",53.62052,-132.20883,4,0,FALSE,0,0,0,0
"COTO","26170_NW",26170,"NW","Northern Region",53.60452,-132.28837,3,0,FALSE,0,0,0,0
"COTO","26170_SE",26170,"SE","Northern Region",53.58901,-132.17695,4,0,FALSE,0,0,0,0
"COTO","26170_SW",26170,"SW","Northern Region",53.56895,-132.23042,4,0,FALSE,0,0,0,0
"COTO","265749_NE",265749,"NE","Okanagan Region",49.15892,-119.03758,6,0,FALSE,0.3114,0.4847,0.3255,0.6353
"COTO","265749_NW",265749,"NW","Okanagan Region",49.16674,-119.10324,8,0,FALSE,0.0212,0.2166,0.1067,0.3682
"COTO","265749_SE",265749,"SE","Okanagan Region",49.11153,-118.97698,8,5,TRUE,0.7047,0.4082,0.295,0.5393
"COTO","265749_SW",265749,"SW","Okanagan Region",49.11337,-119.05299,8,1,TRUE,0.3319,0.4497,0.3056,0.5768
"COTO","268521_NE",268521,"NE","Kootenay Region",49.49916,-115.03962,6,0,FALSE,0.1217,0.3353,0.2232,0.462
"COTO","268521_NW",268521,"NW","Kootenay Region",49.48855,-115.09812,6,1,TRUE,0.2493,0.4053,0.2704,0.5549
"COTO","268521_SE",268521,"SE","Kootenay Region",49.44083,-115.05634,7,1,TRUE,0.266,0.329,0.1911,0.5216
"COTO","269777_NW",269777,"NW","Northern Region",57.04083,-122.86281,4,0,FALSE,0,0,0,0
"COTO","269777_SW",269777,"SW","Northern Region",57.01497,-122.80521,4,0,FALSE,0,0,0,0
"COTO","271731_SW",271731,"SW","Kootenay Region",51.24146,-117.64962,9,3,TRUE,0.5076,0.335,0.1738,0.5309
"COTO","273050_SE",273050,"SE","South Coastal Region",49.00511,-125.65145,3,1,TRUE,0.745,0.5208,0.34,0.7082
"COTO","283586_NE",283586,"NE","Northern Region",54.3558,-128.5366,6,0,FALSE,0,0,0,0
"COTO","283586_NW",283586,"NW","Northern Region",54.3321,-128.6266,8,0,FALSE,0,0,0,0
"COTO","283586_SE",283586,"SE","Northern Region",54.31162,-128.54374,8,0,FALSE,0,0,0,0
"COTO","283586_SW",283586,"SW","Northern Region",54.2946,-128.581,8,0,FALSE,0,0,0,0
"COTO","294832_NE",294832,"NE","Northern Region",56.3348,-120.97877,8,0,FALSE,0,0,0,0
"COTO","294832_NW",294832,"NW","Northern Region",56.33264,-121.00747,8,0,FALSE,0,0,0,0
"COTO","294832_SE",294832,"SE","Northern Region",56.30206,-120.94608,6,0,FALSE,0,0,0,0
"COTO","294832_SW",294832,"SW","Northern Region",56.30496,-121.00198,7,0,FALSE,0,0,0,0
"COTO","317428_NE",317428,"NE","South Coastal Region",49.06292,-120.79944,8,1,TRUE,0.1826,0.1475,0.0579,0.2784
"COTO","317428_NW",317428,"NW","South Coastal Region",49.06417,-120.90943,8,0,FALSE,0.0761,0.1329,0.0345,0.2938
"COTO","317428_SE",317428,"SE","South Coastal Region",49.06053,-120.77309,7,1,TRUE,0.215,0.1993,0.0833,0.3603
"COTO","317428_SW",317428,"SW","South Coastal Region",49.04617,-120.85085,6,1,TRUE,0.2304,0.0809,0.0148,0.2216
"COTO","326072_NE",326072,"NE","South Coastal Region",49.09743,-122.51957,7,1,TRUE,0.2337,0.4545,0.3018,0.6158
"COTO","326072_NW",326072,"NW","South Coastal Region",49.05235,-122.58989,9,0,FALSE,0.019,0.4423,0.2834,0.6117
"COTO","326072_SE",326072,"SE","South Coastal Region",49.0144,-122.52755,6,1,TRUE,0.2752,0.4557,0.2954,0.626
"COTO","326072_SW",326072,"SW","South Coastal Region",49.01082,-122.58104,9,2,TRUE,0.2813,0.3525,0.2305,0.501
"COTO","37274_NE",37274,"NE","Northern Region",53.08874,-119.20318,6,0,FALSE,0,0,0,0
"COTO","37274_SE",37274,"SE","Northern Region",53.05051,-119.21418,5,0,FALSE,0,0,0,0
"COTO","37274_SW",37274,"SW","Northern Region",53.03564,-119.22895,6,0,FALSE,0,0,0,0
"COTO","38442_NW",38442,"NW","Okanagan Region",51.51999,-122.28978,6,3,TRUE,0.7414,0.4484,0.3079,0.6109
"COTO","38442_SW",38442,"SW","Okanagan Region",51.50238,-122.28992,7,1,TRUE,0.3077,0.417,0.2849,0.5712
"COTO","42026_NE",42026,"NE","Northern Region",55.85527,-121.65345,3,0,FALSE,0,0,0,0
"COTO","42026_NW",42026,"NW","Northern Region",55.83616,-121.71691,3,0,FALSE,0,0,0,0
"COTO","42026_SE",42026,"SE","Northern Region",55.81797,-121.66405,3,0,FALSE,0,0,0,0
"COTO","42026_SW",42026,"SW","Northern Region",55.81131,-121.70131,3,0,FALSE,0,0,0,0
"COTO","47210_NW",47210,"NW","Okanagan Region",49.84159,-119.9783,3,1,TRUE,0.4001,0.4138,0.2532,0.5463
"COTO","47210_SE",47210,"SE","Okanagan Region",49.79638,-119.86985,3,2,TRUE,0.7618,0.4994,0.3167,0.6939
"COTO","47210_SW",47210,"SW","Okanagan Region",49.79097,-119.95267,2,1,TRUE,0.5072,0.2454,0.1459,0.3729
"COTO","47322_NE",47322,"NE","Northern Region",55.69808,-120.43213,8,0,FALSE,0,0,0,0
"COTO","47322_NW",47322,"NW","Northern Region",55.70016,-120.48989,6,0,FALSE,0,0,0,0
"COTO","47322_SE",47322,"SE","Northern Region",55.64597,-120.40102,5,0,FALSE,0,0,0,0
"COTO","47322_SW",47322,"SW","Northern Region",55.65446,-120.49465,8,0,FALSE,0,0,0,0
"COTO","57322_NE",57322,"NE","South Coastal Region",49.09454,-122.09881,7,3,TRUE,0.8494,0.5336,0.3595,0.7184
"COTO","57322_NW",57322,"NW","South Coastal Region",49.07915,-122.16077,7,0,FALSE,0.1034,0.5813,0.4208,0.7542
"COTO","57322_SE",57322,"SE","South Coastal Region",49.0141,-122.09198,7,2,TRUE,0.4016,0.5747,0.3947,0.7431
"COTO","57322_SW",57322,"SW","South Coastal Region",49.01663,-122.15131,7,0,FALSE,0.1238,0.3654,0.2448,0.5093
"COTO","58842_NW",58842,"NW","Northern Region",54.79952,-121.1886,2,0,FALSE,0,0,0,0
"COTO","58842_SE",58842,"SE","Northern Region",54.73781,-121.16052,2,0,FALSE,0,0,0,0
"COTO","58842_SW",58842,"SW","Northern Region",54.75716,-121.25541,2,0,FALSE,0,0,0,0
"COTO","5994_NE",5994,"NE","Kootenay Region",49.26067,-115.24894,5,1,TRUE,0.5072,0.7203,0.5637,0.858
"COTO","5994_SE",5994,"SE","Kootenay Region",49.21228,-115.26277,5,3,TRUE,0.8748,0.6455,0.4642,0.8118
"COTO","60586_NW",60586,"NW","Kootenay Region",50.93041,-116.39001,6,1,TRUE,0.366,0.5053,0.3716,0.6484
"COTO","60586_SW",60586,"SW","Kootenay Region",50.90342,-116.39335,6,0,FALSE,0.0414,0.4653,0.2478,0.7445
"COTO","6202_NE",6202,"NE","South Coastal Region",48.53741,-123.50119,6,2,TRUE,0.4817,0.4004,0.2509,0.5691
"COTO","6202_NW",6202,"NW","South Coastal Region",48.50788,-123.60088,6,1,TRUE,0.3115,0.4794,0.2972,0.6952
"COTO","6202_SE",6202,"SE","South Coastal Region",48.48934,-123.5079,4,1,TRUE,0.3264,0.4091,0.2985,0.5365
"COTO","6202_SW",6202,"SW","South Coastal Region",48.48637,-123.54913,7,3,TRUE,0.8445,0.5743,0.4234,0.7334
"COTO","70250_NW",70250,"NW","Kootenay Region",51.24583,-116.91793,6,1,TRUE,0.4039,0.5674,0.4076,0.7272
"COTO","70250_SW",70250,"SW","Kootenay Region",51.20982,-116.89974,4,0,FALSE,0.1322,0.5269,0.3832,0.6852
"COTO","73002_NE",73002,"NE","Okanagan Region",50.85067,-121.87219,8,0,FALSE,0.0295,0.5224,0.3612,0.6845
"COTO","73002_SE",73002,"SE","Okanagan Region",50.82484,-121.86896,9,1,TRUE,0.2808,0.3844,0.2574,0.5088
"COTO","73002_SW",73002,"SW","Okanagan Region",50.80422,-121.87782,9,3,TRUE,0.4374,0.3946,0.2733,0.5286
"COTO","73786_NW",73786,"NW","South Coastal Region",49.12334,-123.06198,9,0,FALSE,0.0168,0.4486,0.2763,0.6252
"COTO","73786_SE",73786,"SE","South Coastal Region",49.12604,-123.00163,9,0,FALSE,0.0098,0.4494,0.2425,0.6657
"COTO","73786_SW",73786,"SW","South Coastal Region",49.10823,-123.07992,7,0,FALSE,0.0413,0.2898,0.1354,0.5061
"COTO","77162_NE",77162,"NE","Kootenay Region",50.95478,-118.09975,5,0,FALSE,0.0521,0.1311,0.0373,0.2744
"COTO","77162_SW",77162,"SW","Kootenay Region",50.886,-118.10586,8,4,TRUE,0.6756,0.7441,0.5867,0.8757
"COTO","79018_NE",79018,"NE","Kootenay Region",50.2021,-116.91007,8,5,TRUE,0.6952,0.5319,0.3795,0.6881
"COTO","79018_NW",79018,"NW","Kootenay Region",50.19383,-116.94752,8,8,TRUE,1,0.7678,0.5887,0.91
"COTO","79018_SE",79018,"SE","Kootenay Region",50.18723,-116.90419,8,4,TRUE,0.646,0.6833,0.5258,0.8271
"COTO","79018_SW",79018,"SW","Kootenay Region",50.17771,-116.95968,7,7,TRUE,1,0.7332,0.5622,0.8786
"COTO","86074_NE",86074,"NE","South Coastal Region",49.23087,-122.3056,7,3,TRUE,0.6259,0.6564,0.4693,0.8151
"COTO","86074_NW",86074,"NW","South Coastal Region",49.18442,-122.40331,3,2,TRUE,0.7936,0.5295,0.3843,0.6867
"COTO","86074_SE",86074,"SE","South Coastal Region",49.16962,-122.3193,4,3,TRUE,0.8021,0.3734,0.2451,0.5213
"COTO","86074_SW",86074,"SW","South Coastal Region",49.14174,-122.38204,6,3,TRUE,0.726,0.482,0.3465,0.6276
"COTO","89962_NE",89962,"NE","Kootenay Region",49.07682,-117.5986,3,0,FALSE,0.1687,0.6608,0.4737,0.8296
"COTO","89962_SE",89962,"SE","Kootenay Region",49.00974,-117.57236,3,3,TRUE,1,0.5684,0.3991,0.751
"COTO","89962_SW",89962,"SW","Kootenay Region",49.0077,-117.63034,3,2,TRUE,0.9933,0.7812,0.5347,0.947
"COTO","93290_NE",93290,"NE","Okanagan Region",49.44361,-119.56535,6,0,FALSE,0.0553,0.3274,0.2054,0.4779
"COTO","93290_NW",93290,"NW","Okanagan Region",49.41531,-119.6018,9,5,TRUE,0.6254,0.4724,0.3328,0.6235
"COTO","93290_SE",93290,"SE","Okanagan Region",49.38433,-119.56165,8,0,FALSE,0.0784,0.3912,0.2548,0.5557
"COTO","93290_SW",93290,"SW","Okanagan Region",49.37943,-119.59374,9,5,TRUE,0.6921,0.4459,0.2961,0.6082
"COTO","94522_NW",94522,"NW","Northern Region",53.10732,-131.86467,3,0,FALSE,0,0,0,0
"COTO","94522_SE",94522,"SE","Northern Region",53.08196,-131.77925,3,0,FALSE,0,0,0,0
"COTO","9466_NE",9466,"NE","Northern Region",57.34435,-125.50932,2,0,FALSE,0,0,0,0
"COTO","9466_NW",9466,"NW","Northern Region",57.3459,-125.55037,3,0,FALSE,0,0,0,0
"COTO","9466_SE",9466,"SE","Northern Region",57.31575,-125.49037,3,0,FALSE,0,0,0,0
"COTO","9466_SW",9466,"SW","Northern Region",57.29483,-125.51474,3,0,FALSE,0,0,0,0
"COTO","986_NE",986,"NE","Northern Region",53.188,-121.30225,8,0,FALSE,0,0,0,0
"COTO","986_SE",986,"SE","Northern Region",53.1392,-121.2577,6,0,FALSE,0,0,0,0
"EPFU","110378_NE",110378,"NE","Okanagan Region",49.04717,-119.5574,8,8,TRUE,1,0.8451,0.7559,0.9156
"EPFU","110378_NW",110378,"NW","Okanagan Region",49.03536,-119.57546,9,9,TRUE,1,0.8465,0.7513,0.9236
"EPFU","110378_SE",110378,"SE","Okanagan Region",49.01485,-119.53228,8,5,TRUE,0.655,0.8183,0.7161,0.9045
"EPFU","110378_SW",110378,"SW","Okanagan Region",49.00412,-119.59552,9,7,TRUE,0.889,0.8476,0.7614,0.9193
"EPFU","111466_NE",111466,"NE","Kootenay Region",49.00129,-115.06184,2,2,TRUE,1,0.8293,0.7332,0.9109
"EPFU","111466_NW",111466,"NW","Kootenay Region",49.01861,-115.09568,2,2,TRUE,1,0.8194,0.7043,0.9096
"EPFU","114602_NE",114602,"NE","South Coastal Region",49.70588,-125.06708,5,4,TRUE,0.8259,0.6536,0.5626,0.7444
"EPFU","114602_NW",114602,"NW","South Coastal Region",49.67623,-125.13792,7,5,TRUE,0.7377,0.6805,0.5791,0.7752
"EPFU","114602_SE",114602,"SE","South Coastal Region",49.65756,-125.0438,7,6,TRUE,0.8953,0.6407,0.5463,0.734
"EPFU","114602_SW",114602,"SW","South Coastal Region",49.64146,-125.08654,7,5,TRUE,0.8149,0.7018,0.624,0.7781
"EPFU","115322_NE",115322,"NE","Northern Region",52.37764,-125.98565,6,6,TRUE,1,0.5032,0.3765,0.6285
"EPFU","115322_NW",115322,"NW","Northern Region",52.37481,-126.08159,8,8,TRUE,1,0.4591,0.3193,0.6094
"EPFU","115322_SE",115322,"SE","Northern Region",52.35752,-126.01253,7,4,TRUE,0.6338,0.4855,0.3721,0.6022
"EPFU","115322_SW",115322,"SW","Northern Region",52.34498,-126.07967,8,1,TRUE,0.1986,0.636,0.4798,0.7859
"EPFU","1194_NW",1194,"NW","Kootenay Region",50.11749,-117.523,9,2,TRUE,0.2886,0.8728,0.7859,0.9384
"EPFU","1194_SW",1194,"SW","Kootenay Region",50.0903,-117.4679,4,3,TRUE,0.8812,0.846,0.7384,0.9319
"EPFU","12522_NE",12522,"NE","South Coastal Region",49.72155,-124.51563,4,3,TRUE,0.8415,0.7357,0.6496,0.8164
"EPFU","12522_NW",12522,"NW","South Coastal Region",49.75757,-124.56308,5,2,TRUE,0.5464,0.6692,0.5465,0.784
"EPFU","12522_SE",12522,"SE","South Coastal Region",49.70213,-124.47636,6,2,TRUE,0.3733,0.5713,0.4664,0.6808
"EPFU","12522_SW",12522,"SW","South Coastal Region",49.7022,-124.52268,6,1,TRUE,0.2622,0.6856,0.5951,0.7704
"EPFU","127850_NE",127850,"NE","Kootenay Region",49.31307,-115.01912,4,2,TRUE,0.7136,0.8645,0.7655,0.9378
"EPFU","127850_NW",127850,"NW","Kootenay Region",49.3096,-115.05201,5,5,TRUE,1,0.8469,0.7609,0.9168
"EPFU","127850_SE",127850,"SE","Kootenay Region",49.28498,-114.95395,5,5,TRUE,1,0.8542,0.7635,0.9269
"EPFU","127850_SW",127850,"SW","Kootenay Region",49.2671,-115.02532,7,6,TRUE,0.9681,0.7967,0.6833,0.8896
"EPFU","128058_NE",128058,"NE","South Coastal Region",48.84117,-123.42727,5,3,TRUE,0.6279,0.6329,0.48,0.7768
"EPFU","128058_NW",128058,"NW","South Coastal Region",48.82144,-123.48643,5,4,TRUE,0.8882,0.7737,0.6897,0.8527
"EPFU","128058_SW",128058,"SW","South Coastal Region",48.79828,-123.47632,5,5,TRUE,1,0.7303,0.6444,0.8079
"EPFU","132650_SE",132650,"SE","Okanagan Region",51.81828,-122.42144,6,5,TRUE,0.9827,0.9208,0.8514,0.9681
"EPFU","132650_SW",132650,"SW","Okanagan Region",51.80225,-122.46284,5,2,TRUE,0.4308,0.8265,0.7275,0.9074
"EPFU","137274_NE",137274,"NE","South Coastal Region",48.79,-123.6988,5,5,TRUE,1,0.649,0.5474,0.7474
"EPFU","137274_NW",137274,"NW","South Coastal Region",48.7891,-123.719,6,6,TRUE,1,0.7299,0.6483,0.8062
"EPFU","137274_SE",137274,"SE","South Coastal Region",48.7539,-123.6447,6,5,TRUE,0.9009,0.6763,0.578,0.7707
"EPFU","143274_NE",143274,"NE","South Coastal Region",50.3377,-122.8012,7,7,TRUE,1,0.6859,0.6039,0.7634
"EPFU","143274_NW",143274,"NW","South Coastal Region",50.3446,-122.8479,7,4,TRUE,0.6407,0.5716,0.4676,0.6814
"EPFU","143274_SE",143274,"SE","South Coastal Region",50.3004,-122.758,7,5,TRUE,0.7596,0.5992,0.5048,0.697
"EPFU","143274_SW",143274,"SW","South Coastal Region",50.2961,-122.8048,7,6,TRUE,0.9367,0.6337,0.5461,0.721
"EPFU","145578_NE",145578,"NE","Kootenay Region",49.93178,-115.65558,7,7,TRUE,1,0.763,0.6315,0.8727
"EPFU","145578_NW",145578,"NW","Kootenay Region",49.93544,-115.67497,6,4,TRUE,0.8909,0.8478,0.7491,0.9252
"EPFU","145578_SE",145578,"SE","Kootenay Region",49.89983,-115.64222,7,7,TRUE,1,0.7699,0.6522,0.8707
"EPFU","145578_SW",145578,"SW","Kootenay Region",49.89589,-115.695,7,7,TRUE,1,0.8074,0.6929,0.9025
"EPFU","16426_NE",16426,"NE","Northern Region",54.82137,-123.35579,6,2,TRUE,0.3725,0.5359,0.4118,0.6606
"EPFU","16426_SE",16426,"SE","Northern Region",54.81895,-123.33997,5,0,FALSE,0.0203,0.5034,0.3942,0.6163
"EPFU","172090_NE",172090,"NE","South Coastal Region",49.37012,-122.94857,6,3,TRUE,0.6021,0.7144,0.5681,0.8416
"EPFU","172090_NW",172090,"NW","South Coastal Region",49.34683,-123.00985,5,1,TRUE,0.2362,0.6512,0.5481,0.7511
"EPFU","172090_SE",172090,"SE","South Coastal Region",49.32364,-122.97036,5,3,TRUE,0.6387,0.8325,0.7329,0.9115
"EPFU","172090_SW",172090,"SW","South Coastal Region",49.31421,-123.01406,6,6,TRUE,1,0.7286,0.6413,0.8095
"EPFU","175354_SE",175354,"SE","Northern Region",59.42418,-125.94917,3,3,TRUE,1,0.7254,0.5454,0.8687
"EPFU","175354_SW",175354,"SW","Northern Region",59.40931,-126.09868,5,3,TRUE,0.6539,0.6181,0.4412,0.7703
"EPFU","17706_NW",17706,"NW","Northern Region",51.97601,-120.10368,2,1,TRUE,0.6602,0.4129,0.2937,0.5445
"EPFU","17706_SE",17706,"SE","Northern Region",51.9408,-120.01683,5,1,TRUE,0.2222,0.3462,0.2448,0.4629
"EPFU","17706_SW",17706,"SW","Northern Region",51.94316,-120.06784,4,4,TRUE,1,0.509,0.3832,0.6353
"EPFU","186330_NE",186330,"NE","Northern Region",55.95727,-122.58949,2,1,TRUE,0.5274,0.4415,0.3188,0.5704
"EPFU","186330_NW",186330,"NW","Northern Region",55.94606,-122.65922,2,0,FALSE,0.0157,0.4737,0.3751,0.5747
"EPFU","186490_NW",186490,"NW","Northern Region",54.754,-127.12678,8,6,TRUE,0.8411,0.652,0.5057,0.7869
"EPFU","186490_SE",186490,"SE","Northern Region",54.72257,-126.99742,6,0,FALSE,0.01,0.5391,0.4267,0.6518
"EPFU","186490_SW",186490,"SW","Northern Region",54.72278,-127.05397,9,6,TRUE,0.7209,0.6518,0.522,0.7758
"EPFU","194666_NE",194666,"NE","Okanagan Region",50.23014,-119.32344,6,5,TRUE,0.9402,0.9095,0.8396,0.959
"EPFU","194666_SW",194666,"SW","Okanagan Region",50.16915,-119.41081,6,5,TRUE,0.9153,0.8564,0.7494,0.9308
"EPFU","20330_NE",20330,"NE","Kootenay Region",49.42454,-117.72865,7,4,TRUE,0.7033,0.8223,0.7286,0.9008
"EPFU","20330_SE",20330,"SE","Kootenay Region",49.3813,-117.67793,8,7,TRUE,0.9717,0.831,0.7131,0.9202
"EPFU","206394_NE",206394,"NE","Northern Region",53.63655,-132.05056,4,0,FALSE,0.0058,0.4429,0.3143,0.5861
"EPFU","206394_NW",206394,"NW","Northern Region",53.6372,-132.16251,4,1,TRUE,0.2546,0.3832,0.2348,0.581
"EPFU","206394_SE",206394,"SE","Northern Region",53.60877,-131.99988,4,0,FALSE,0.0038,0.5468,0.4073,0.6908
"EPFU","206394_SW",206394,"SW","Northern Region",53.57324,-132.11579,4,1,TRUE,0.2538,0.4331,0.3023,0.5798
"EPFU","20730_NE",20730,"NE","Northern Region",56.79525,-124.90059,3,1,TRUE,0.3457,0.5347,0.3918,0.6789
"EPFU","20730_NW",20730,"NW","Northern Region",56.79948,-124.97614,3,1,TRUE,0.34,0.3825,0.268,0.5035
"EPFU","20730_SE",20730,"SE","Northern Region",56.78457,-124.88544,3,0,FALSE,0.0064,0.5423,0.4381,0.6477
"EPFU","20730_SW",20730,"SW","Northern Region",56.76456,-124.98588,2,0,FALSE,0.0191,0.5263,0.4231,0.6313
"EPFU","212266_NE",212266,"NE","Okanagan Region",50.751409,-120.480005,9,8,TRUE,0.9589,0.9217,0.8457,0.9722
"EPFU","212266_NW",212266,"NW","Okanagan Region",50.777508,-120.5598176,8,6,TRUE,0.8605,0.8366,0.7226,0.92
"EPFU","212266_SE",212266,"SE","Okanagan Region",50.714878,-120.492405,8,5,TRUE,0.6443,0.8619,0.766,0.9338
"EPFU","212266_SW",212266,"SW","Okanagan Region",50.732357,-120.521811,8,7,TRUE,0.9572,0.8559,0.7598,0.9297
"EPFU","212906_NW",212906,"NW","South Coastal Region",49.36971,-124.79984,7,1,TRUE,0.191,0.6564,0.529,0.7799
"EPFU","212906_SE",212906,"SE","South Coastal Region",49.35175,-124.74136,7,5,TRUE,0.8369,0.8165,0.7059,0.9094
"EPFU","212906_SW",212906,"SW","South Coastal Region",49.33595,-124.7423,6,3,TRUE,0.5746,0.8081,0.7066,0.8933
"EPFU","216746_NW",216746,"NW","South Coastal Region",49.10675,-125.78544,5,0,FALSE,0.1185,0.7566,0.6261,0.8712
"EPFU","216746_SE",216746,"SE","South Coastal Region",49.07768,-125.74644,8,0,FALSE,0.0437,0.5555,0.4069,0.7091
"EPFU","218282_SE",218282,"SE","Kootenay Region",50.13833,-117.55672,5,1,TRUE,0.2151,0.7045,0.5431,0.849
"EPFU","218282_SW",218282,"SW","Kootenay Region",50.15094,-117.6221,6,5,TRUE,0.9411,0.8316,0.7291,0.9173
"EPFU","219626_SW",219626,"SW","South Coastal Region",48.92819,-125.25,2,0,FALSE,0.0182,0.5347,0.3842,0.6985
"EPFU","226090_NE",226090,"NE","Okanagan Region",50.10929,-120.45236,6,0,FALSE,0.1021,0.7603,0.6163,0.8766
"EPFU","226090_NW",226090,"NW","Okanagan Region",50.0999,-120.50647,7,3,TRUE,0.5466,0.8582,0.771,0.9316
"EPFU","226090_SE",226090,"SE","Okanagan Region",50.07156,-120.42266,6,1,TRUE,0.3433,0.789,0.6505,0.8981
"EPFU","230186_NE",230186,"NE","Okanagan Region",49.01457,-121.07198,5,2,TRUE,0.4406,0.7998,0.6754,0.9003
"EPFU","230186_SE",230186,"SE","Okanagan Region",48.97511,-121.08329,6,5,TRUE,0.9441,0.7535,0.5553,0.9053
"EPFU","241002_NE",241002,"NE","Kootenay Region",51.03817,-118.1357,9,1,TRUE,0.1465,0.6948,0.4995,0.8544
"EPFU","241002_NW",241002,"NW","Kootenay Region",51.01597,-118.20292,9,8,TRUE,0.9114,0.9073,0.8295,0.9619
"EPFU","243562_NE",243562,"NE","Kootenay Region",49.69966,-115.98498,7,6,TRUE,0.9317,0.7345,0.5848,0.8566
"EPFU","243562_SE",243562,"SE","Kootenay Region",49.65068,-115.94692,6,5,TRUE,0.9444,0.7827,0.6612,0.8806
"EPFU","252394_NW",252394,"NW","South Coastal Region",48.79865,-125.16568,2,0,FALSE,0.0213,0.5864,0.4687,0.7084
"EPFU","26170_NE",26170,"NE","Northern Region",53.62052,-132.20883,4,0,FALSE,0.0033,0.5354,0.4001,0.6714
"EPFU","26170_NW",26170,"NW","Northern Region",53.60452,-132.28837,3,0,FALSE,0.0043,0.403,0.2811,0.5447
"EPFU","26170_SE",26170,"SE","Northern Region",53.58901,-132.17695,4,1,TRUE,0.2798,0.5053,0.3741,0.6399
"EPFU","26170_SW",26170,"SW","Northern Region",53.56895,-132.23042,4,0,FALSE,0.0038,0.5779,0.3909,0.7649
"EPFU","265749_NE",265749,"NE","Okanagan Region",49.15892,-119.03758,6,3,TRUE,0.5385,0.7204,0.5497,0.8662
"EPFU","265749_NW",265749,"NW","Okanagan Region",49.16674,-119.10324,8,6,TRUE,0.8346,0.7522,0.6147,0.8751
"EPFU","265749_SE",265749,"SE","Okanagan Region",49.11153,-118.97698,8,8,TRUE,1,0.8697,0.7915,0.9313
"EPFU","265749_SW",265749,"SW","Okanagan Region",49.11337,-119.05299,8,7,TRUE,0.9456,0.7308,0.5667,0.8729
"EPFU","268521_NE",268521,"NE","Kootenay Region",49.49916,-115.03962,6,6,TRUE,1,0.8413,0.7313,0.9249
"EPFU","268521_NW",268521,"NW","Kootenay Region",49.48855,-115.09812,6,5,TRUE,0.9771,0.8203,0.7189,0.9007
"EPFU","268521_SE",268521,"SE","Kootenay Region",49.44083,-115.05634,7,3,TRUE,0.5709,0.8104,0.6588,0.9235
"EPFU","269777_NW",269777,"NW","Northern Region",57.04083,-122.86281,4,0,FALSE,0.0094,0.3563,0.189,0.551
"EPFU","269777_SW",269777,"SW","Northern Region",57.01497,-122.80521,4,3,TRUE,0.8929,0.5255,0.3934,0.6577
"EPFU","271731_SW",271731,"SW","Kootenay Region",51.24146,-117.64962,9,2,TRUE,0.2432,0.8334,0.7334,0.9102
"EPFU","273050_SE",273050,"SE","South Coastal Region",49.00511,-125.65145,3,0,FALSE,0.0576,0.5756,0.446,0.7094
"EPFU","283586_NE",283586,"NE","Northern Region",54.3558,-128.5366,6,0,FALSE,0.0199,0.3738,0.2322,0.5606
"EPFU","283586_NW",283586,"NW","Northern Region",54.3321,-128.6266,8,2,TRUE,0.2699,0.4203,0.2908,0.5786
"EPFU","283586_SE",283586,"SE","Northern Region",54.31162,-128.54374,8,2,TRUE,0.2709,0.4641,0.3239,0.6159
"EPFU","283586_SW",283586,"SW","Northern Region",54.2946,-128.581,8,1,TRUE,0.1414,0.4095,0.26,0.5905
"EPFU","294832_NE",294832,"NE","Northern Region",56.3348,-120.97877,8,8,TRUE,1,0.489,0.3748,0.612
"EPFU","294832_NW",294832,"NW","Northern Region",56.33264,-121.00747,8,4,TRUE,0.5639,0.519,0.409,0.6336
"EPFU","294832_SE",294832,"SE","Northern Region",56.30206,-120.94608,6,6,TRUE,1,0.5227,0.3892,0.6524
"EPFU","294832_SW",294832,"SW","Northern Region",56.30496,-121.00198,7,2,TRUE,0.2961,0.5013,0.3499,0.6528
"EPFU","317428_NE",317428,"NE","South Coastal Region",49.06292,-120.79944,8,6,TRUE,0.7796,0.5826,0.4311,0.7239
"EPFU","317428_NW",317428,"NW","South Coastal Region",49.06417,-120.90943,8,6,TRUE,0.7717,0.7432,0.5824,0.8688
"EPFU","317428_SE",317428,"SE","South Coastal Region",49.06053,-120.77309,7,6,TRUE,0.8797,0.5722,0.4199,0.712
"EPFU","317428_SW",317428,"SW","South Coastal Region",49.04617,-120.85085,6,2,TRUE,0.378,0.5151,0.3339,0.6962
"EPFU","326072_NE",326072,"NE","South Coastal Region",49.09743,-122.51957,7,5,TRUE,0.7888,0.708,0.607,0.8
"EPFU","326072_NW",326072,"NW","South Coastal Region",49.05235,-122.58989,9,8,TRUE,0.9131,0.676,0.5684,0.7762
"EPFU","326072_SE",326072,"SE","South Coastal Region",49.0144,-122.52755,6,3,TRUE,0.5357,0.6907,0.5873,0.7854
"EPFU","326072_SW",326072,"SW","South Coastal Region",49.01082,-122.58104,9,8,TRUE,0.9461,0.7487,0.6503,0.839
"EPFU","37274_NE",37274,"NE","Northern Region",53.08874,-119.20318,6,2,TRUE,0.3467,0.3581,0.2286,0.5153
"EPFU","37274_SE",37274,"SE","Northern Region",53.05051,-119.21418,5,4,TRUE,0.8996,0.6126,0.477,0.7394
"EPFU","37274_SW",37274,"SW","Northern Region",53.03564,-119.22895,6,2,TRUE,0.3496,0.4758,0.3274,0.6247
"EPFU","38442_NW",38442,"NW","Okanagan Region",51.51999,-122.28978,6,6,TRUE,1,0.881,0.8011,0.9425
"EPFU","38442_SW",38442,"SW","Okanagan Region",51.50238,-122.28992,7,7,TRUE,1,0.8871,0.8103,0.9464
"EPFU","42026_NE",42026,"NE","Northern Region",55.85527,-121.65345,3,2,TRUE,0.7412,0.5337,0.4241,0.6439
"EPFU","42026_NW",42026,"NW","Northern Region",55.83616,-121.71691,3,1,TRUE,0.531,0.5749,0.4608,0.6892
"EPFU","42026_SE",42026,"SE","Northern Region",55.81797,-121.66405,3,3,TRUE,1,0.514,0.4128,0.6195
"EPFU","42026_SW",42026,"SW","Northern Region",55.81131,-121.70131,3,1,TRUE,0.4187,0.4682,0.37,0.573
"EPFU","47210_NW",47210,"NW","Okanagan Region",49.84159,-119.9783,3,2,TRUE,0.8471,0.6921,0.5127,0.8528
"EPFU","47210_SE",47210,"SE","Okanagan Region",49.79638,-119.86985,3,2,TRUE,0.8945,0.7209,0.573,0.8534
"EPFU","47210_SW",47210,"SW","Okanagan Region",49.79097,-119.95267,2,2,TRUE,1,0.8036,0.6804,0.901
"EPFU","47322_NE",47322,"NE","Northern Region",55.69808,-120.43213,8,7,TRUE,0.9036,0.3944,0.2837,0.515
"EPFU","47322_NW",47322,"NW","Northern Region",55.70016,-120.48989,6,6,TRUE,1,0.5106,0.3959,0.625
"EPFU","47322_SE",47322,"SE","Northern Region",55.64597,-120.40102,5,1,TRUE,0.2621,0.3957,0.2788,0.5235
"EPFU","47322_SW",47322,"SW","Northern Region",55.65446,-120.49465,8,5,TRUE,0.6836,0.4947,0.4005,0.5946
"EPFU","57322_NE",57322,"NE","South Coastal Region",49.09454,-122.09881,7,5,TRUE,0.742,0.6412,0.5208,0.7564
"EPFU","57322_NW",57322,"NW","South Coastal Region",49.07915,-122.16077,7,5,TRUE,0.7408,0.6702,0.5793,0.7583
"EPFU","57322_SE",57322,"SE","South Coastal Region",49.0141,-122.09198,7,4,TRUE,0.5862,0.6844,0.5556,0.8039
"EPFU","57322_SW",57322,"SW","South Coastal Region",49.01663,-122.15131,7,5,TRUE,0.7275,0.7776,0.6731,0.8736
"EPFU","58842_NW",58842,"NW","Northern Region",54.79952,-121.1886,2,2,TRUE,1,0.4868,0.3236,0.6642
"EPFU","58842_SE",58842,"SE","Northern Region",54.73781,-121.16052,2,2,TRUE,1,0.3321,0.2034,0.4814
"EPFU","58842_SW",58842,"SW","Northern Region",54.75716,-121.25541,2,1,TRUE,0.5303,0.3483,0.2098,0.5067
"EPFU","5994_NE",5994,"NE","Kootenay Region",49.26067,-115.24894,5,5,TRUE,1,0.7987,0.6911,0.8912
"EPFU","5994_SE",5994,"SE","Kootenay Region",49.21228,-115.26277,5,4,TRUE,0.8378,0.773,0.6447,0.8789
"EPFU","60586_NW",60586,"NW","Kootenay Region",50.93041,-116.39001,6,6,TRUE,1,0.8665,0.7828,0.9307
"EPFU","60586_SW",60586,"SW","Kootenay Region",50.90342,-116.39335,6,4,TRUE,0.8317,0.7949,0.6375,0.9176
"EPFU","6202_NE",6202,"NE","South Coastal Region",48.53741,-123.50119,6,5,TRUE,0.8569,0.6598,0.568,0.7487
"EPFU","6202_NW",6202,"NW","South Coastal Region",48.50788,-123.60088,6,0,FALSE,0.0378,0.5461,0.4294,0.6653
"EPFU","6202_SE",6202,"SE","South Coastal Region",48.48934,-123.5079,4,3,TRUE,0.8184,0.7295,0.6484,0.8049
"EPFU","6202_SW",6202,"SW","South Coastal Region",48.48637,-123.54913,7,3,TRUE,0.5476,0.6648,0.5701,0.7552
"EPFU","70250_NW",70250,"NW","Kootenay Region",51.24583,-116.91793,6,6,TRUE,1,0.8456,0.745,0.9234
"EPFU","70250_SW",70250,"SW","Kootenay Region",51.20982,-116.89974,4,3,TRUE,0.9397,0.8457,0.7537,0.9226
"EPFU","73002_NE",73002,"NE","Okanagan Region",50.85067,-121.87219,8,8,TRUE,1,0.8292,0.7239,0.9137
"EPFU","73002_SE",73002,"SE","Okanagan Region",50.82484,-121.86896,9,8,TRUE,0.9759,0.9341,0.8627,0.9768
"EPFU","73002_SW",73002,"SW","Okanagan Region",50.80422,-121.87782,9,9,TRUE,1,0.8982,0.8239,0.9522
"EPFU","73786_NW",73786,"NW","South Coastal Region",49.12334,-123.06198,9,4,TRUE,0.4928,0.7568,0.658,0.8413
"EPFU","73786_SE",73786,"SE","South Coastal Region",49.12604,-123.00163,9,9,TRUE,1,0.7315,0.6029,0.8383
"EPFU","73786_SW",73786,"SW","South Coastal Region",49.10823,-123.07992,7,4,TRUE,0.6671,0.7455,0.6159,0.8599
"EPFU","77162_NE",77162,"NE","Kootenay Region",50.95478,-118.09975,5,0,FALSE,0.0177,0.7777,0.6139,0.9093
"EPFU","77162_SW",77162,"SW","Kootenay Region",50.886,-118.10586,8,8,TRUE,1,0.8756,0.7842,0.9438
"EPFU","79018_NE",79018,"NE","Kootenay Region",50.2021,-116.91007,8,7,TRUE,0.9571,0.8147,0.7062,0.9034
"EPFU","79018_NW",79018,"NW","Kootenay Region",50.19383,-116.94752,8,8,TRUE,1,0.827,0.707,0.9196
"EPFU","79018_SE",79018,"SE","Kootenay Region",50.18723,-116.90419,8,7,TRUE,0.9714,0.7863,0.6424,0.8967
"EPFU","79018_SW",79018,"SW","Kootenay Region",50.17771,-116.95968,7,6,TRUE,0.9667,0.8445,0.7459,0.9267
"EPFU","86074_NE",86074,"NE","South Coastal Region",49.23087,-122.3056,7,4,TRUE,0.6072,0.5924,0.4397,0.7496
"EPFU","86074_NW",86074,"NW","South Coastal Region",49.18442,-122.40331,3,3,TRUE,1,0.7077,0.6208,0.7876
"EPFU","86074_SE",86074,"SE","South Coastal Region",49.16962,-122.3193,4,4,TRUE,1,0.704,0.6001,0.8033
"EPFU","86074_SW",86074,"SW","South Coastal Region",49.14174,-122.38204,6,4,TRUE,0.7148,0.7764,0.6865,0.8564
"EPFU","89962_NE",89962,"NE","Kootenay Region",49.07682,-117.5986,3,3,TRUE,1,0.8347,0.7203,0.9213
"EPFU","89962_SE",89962,"SE","Kootenay Region",49.00974,-117.57236,3,3,TRUE,1,0.9035,0.8237,0.9594
"EPFU","89962_SW",89962,"SW","Kootenay Region",49.0077,-117.63034,3,3,TRUE,1,0.805,0.6529,0.9204
"EPFU","93290_NE",93290,"NE","Okanagan Region",49.44361,-119.56535,6,6,TRUE,1,0.8456,0.7525,0.921
"EPFU","93290_NW",93290,"NW","Okanagan Region",49.41531,-119.6018,9,9,TRUE,1,0.8851,0.8109,0.9431
"EPFU","93290_SE",93290,"SE","Okanagan Region",49.38433,-119.56165,8,8,TRUE,1,0.8855,0.8027,0.9486
"EPFU","93290_SW",93290,"SW","Okanagan Region",49.37943,-119.59374,9,8,TRUE,0.9318,0.8481,0.7473,0.9245
"EPFU","94522_NW",94522,"NW","Northern Region",53.10732,-131.86467,3,0,FALSE,0.1571,0.4515,0.3261,0.5956
"EPFU","94522_SE",94522,"SE","Northern Region",53.08196,-131.77925,3,0,FALSE,0.117,0.664,0.4923,0.8172
"EPFU","9466_NE",9466,"NE","Northern Region",57.34435,-125.50932,2,0,FALSE,0.0171,0.3851,0.2839,0.49
"EPFU","9466_NW",9466,"NW","Northern Region",57.3459,-125.55037,3,1,TRUE,0.3574,0.4261,0.2877,0.5664
"EPFU","9466_SE",9466,"SE","Northern Region",57.31575,-125.49037,3,1,TRUE,0.3708,0.5907,0.438,0.7337
"EPFU","9466_SW",9466,"SW","Northern Region",57.29483,-125.51474,3,2,TRUE,0.6714,0.458,0.363,0.559
"EPFU","986_NE",986,"NE","Northern Region",53.188,-121.30225,8,2,TRUE,0.2715,0.3534,0.2126,0.5171
"EPFU","986_SE",986,"SE","Northern Region",53.1392,-121.2577,6,2,TRUE,0.3931,0.328,0.2099,0.4723
"EUMA","110378_NE",110378,"NE","Okanagan Region",49.04717,-119.5574,8,6,TRUE,0.8809,0.3105,0.1811,0.4829
"EUMA","110378_NW",110378,"NW","Okanagan Region",49.03536,-119.57546,9,3,TRUE,0.3968,0.2522,0.1333,0.4233
"EUMA","110378_SE",110378,"SE","Okanagan Region",49.01485,-119.53228,8,0,FALSE,0.0265,0.2238,0.1217,0.3683
"EUMA","110378_SW",110378,"SW","Okanagan Region",49.00412,-119.59552,9,2,TRUE,0.2651,0.3161,0.2,0.4658
"EUMA","111466_NE",111466,"NE","Kootenay Region",49.00129,-115.06184,2,0,FALSE,0,0,0,0
"EUMA","111466_NW",111466,"NW","Kootenay Region",49.01861,-115.09568,2,0,FALSE,0,0,0,0
"EUMA","114602_NE",114602,"NE","South Coastal Region",49.70588,-125.06708,5,0,FALSE,0,0,0,0
"EUMA","114602_NW",114602,"NW","South Coastal Region",49.67623,-125.13792,7,0,FALSE,0,0,0,0
"EUMA","114602_SE",114602,"SE","South Coastal Region",49.65756,-125.0438,7,0,FALSE,0,0,0,0
"EUMA","114602_SW",114602,"SW","South Coastal Region",49.64146,-125.08654,7,0,FALSE,0,0,0,0
"EUMA","115322_NE",115322,"NE","Northern Region",52.37764,-125.98565,6,0,FALSE,0,0,0,0
"EUMA","115322_NW",115322,"NW","Northern Region",52.37481,-126.08159,8,0,FALSE,0,0,0,0
"EUMA","115322_SE",115322,"SE","Northern Region",52.35752,-126.01253,7,0,FALSE,0,0,0,0
"EUMA","115322_SW",115322,"SW","Northern Region",52.34498,-126.07967,8,0,FALSE,0,0,0,0
"EUMA","1194_NW",1194,"NW","Kootenay Region",50.11749,-117.523,9,0,FALSE,0,0,0,0
"EUMA","1194_SW",1194,"SW","Kootenay Region",50.0903,-117.4679,4,0,FALSE,0,0,0,0
"EUMA","12522_NE",12522,"NE","South Coastal Region",49.72155,-124.51563,4,0,FALSE,0,0,0,0
"EUMA","12522_NW",12522,"NW","South Coastal Region",49.75757,-124.56308,5,0,FALSE,0,0,0,0
"EUMA","12522_SE",12522,"SE","South Coastal Region",49.70213,-124.47636,6,0,FALSE,0,0,0,0
"EUMA","12522_SW",12522,"SW","South Coastal Region",49.7022,-124.52268,6,0,FALSE,0,0,0,0
"EUMA","127850_NE",127850,"NE","Kootenay Region",49.31307,-115.01912,4,0,FALSE,0,0,0,0
"EUMA","127850_NW",127850,"NW","Kootenay Region",49.3096,-115.05201,5,0,FALSE,0,0,0,0
"EUMA","127850_SE",127850,"SE","Kootenay Region",49.28498,-114.95395,5,0,FALSE,0,0,0,0
"EUMA","127850_SW",127850,"SW","Kootenay Region",49.2671,-115.02532,7,0,FALSE,0,0,0,0
"EUMA","128058_NE",128058,"NE","South Coastal Region",48.84117,-123.42727,5,0,FALSE,0,0,0,0
"EUMA","128058_NW",128058,"NW","South Coastal Region",48.82144,-123.48643,5,0,FALSE,0,0,0,0
"EUMA","128058_SW",128058,"SW","South Coastal Region",48.79828,-123.47632,5,0,FALSE,0,0,0,0
"EUMA","132650_SE",132650,"SE","Okanagan Region",51.81828,-122.42144,6,4,TRUE,0.9297,0.5167,0.2591,0.7642
"EUMA","132650_SW",132650,"SW","Okanagan Region",51.80225,-122.46284,5,4,TRUE,0.9185,0.3467,0.1818,0.5596
"EUMA","137274_NE",137274,"NE","South Coastal Region",48.79,-123.6988,5,0,FALSE,0,0,0,0
"EUMA","137274_NW",137274,"NW","South Coastal Region",48.7891,-123.719,6,0,FALSE,0,0,0,0
"EUMA","137274_SE",137274,"SE","South Coastal Region",48.7539,-123.6447,6,0,FALSE,0,0,0,0
"EUMA","143274_NE",143274,"NE","South Coastal Region",50.3377,-122.8012,7,0,FALSE,0,0,0,0
"EUMA","143274_NW",143274,"NW","South Coastal Region",50.3446,-122.8479,7,0,FALSE,0,0,0,0
"EUMA","143274_SE",143274,"SE","South Coastal Region",50.3004,-122.758,7,0,FALSE,0,0,0,0
"EUMA","143274_SW",143274,"SW","South Coastal Region",50.2961,-122.8048,7,0,FALSE,0,0,0,0
"EUMA","145578_NE",145578,"NE","Kootenay Region",49.93178,-115.65558,7,0,FALSE,0,0,0,0
"EUMA","145578_NW",145578,"NW","Kootenay Region",49.93544,-115.67497,6,0,FALSE,0,0,0,0
"EUMA","145578_SE",145578,"SE","Kootenay Region",49.89983,-115.64222,7,0,FALSE,0,0,0,0
"EUMA","145578_SW",145578,"SW","Kootenay Region",49.89589,-115.695,7,0,FALSE,0,0,0,0
"EUMA","16426_NE",16426,"NE","Northern Region",54.82137,-123.35579,6,0,FALSE,0,0,0,0
"EUMA","16426_SE",16426,"SE","Northern Region",54.81895,-123.33997,5,0,FALSE,0,0,0,0
"EUMA","172090_NE",172090,"NE","South Coastal Region",49.37012,-122.94857,6,0,FALSE,0,0,0,0
"EUMA","172090_NW",172090,"NW","South Coastal Region",49.34683,-123.00985,5,0,FALSE,0,0,0,0
"EUMA","172090_SE",172090,"SE","South Coastal Region",49.32364,-122.97036,5,0,FALSE,0,0,0,0
"EUMA","172090_SW",172090,"SW","South Coastal Region",49.31421,-123.01406,6,0,FALSE,0,0,0,0
"EUMA","175354_SE",175354,"SE","Northern Region",59.42418,-125.94917,3,0,FALSE,0,0,0,0
"EUMA","175354_SW",175354,"SW","Northern Region",59.40931,-126.09868,5,0,FALSE,0,0,0,0
"EUMA","17706_NW",17706,"NW","Northern Region",51.97601,-120.10368,2,0,FALSE,0,0,0,0
"EUMA","17706_SE",17706,"SE","Northern Region",51.9408,-120.01683,5,0,FALSE,0,0,0,0
"EUMA","17706_SW",17706,"SW","Northern Region",51.94316,-120.06784,4,0,FALSE,0,0,0,0
"EUMA","186330_NE",186330,"NE","Northern Region",55.95727,-122.58949,2,0,FALSE,0,0,0,0
"EUMA","186330_NW",186330,"NW","Northern Region",55.94606,-122.65922,2,0,FALSE,0,0,0,0
"EUMA","186490_NW",186490,"NW","Northern Region",54.754,-127.12678,8,0,FALSE,0,0,0,0
"EUMA","186490_SE",186490,"SE","Northern Region",54.72257,-126.99742,6,0,FALSE,0,0,0,0
"EUMA","186490_SW",186490,"SW","Northern Region",54.72278,-127.05397,9,0,FALSE,0,0,0,0
"EUMA","194666_NE",194666,"NE","Okanagan Region",50.23014,-119.32344,6,0,FALSE,0.0531,0.572,0.3355,0.7748
"EUMA","194666_SW",194666,"SW","Okanagan Region",50.16915,-119.41081,6,0,FALSE,0.0485,0.3792,0.158,0.637
"EUMA","20330_NE",20330,"NE","Kootenay Region",49.42454,-117.72865,7,0,FALSE,0,0,0,0
"EUMA","20330_SE",20330,"SE","Kootenay Region",49.3813,-117.67793,8,0,FALSE,0,0,0,0
"EUMA","206394_NE",206394,"NE","Northern Region",53.63655,-132.05056,4,0,FALSE,0,0,0,0
"EUMA","206394_NW",206394,"NW","Northern Region",53.6372,-132.16251,4,0,FALSE,0,0,0,0
"EUMA","206394_SE",206394,"SE","Northern Region",53.60877,-131.99988,4,0,FALSE,0,0,0,0
"EUMA","206394_SW",206394,"SW","Northern Region",53.57324,-132.11579,4,0,FALSE,0,0,0,0
"EUMA","20730_NE",20730,"NE","Northern Region",56.79525,-124.90059,3,0,FALSE,0,0,0,0
"EUMA","20730_NW",20730,"NW","Northern Region",56.79948,-124.97614,3,0,FALSE,0,0,0,0
"EUMA","20730_SE",20730,"SE","Northern Region",56.78457,-124.88544,3,0,FALSE,0,0,0,0
"EUMA","20730_SW",20730,"SW","Northern Region",56.76456,-124.98588,2,0,FALSE,0,0,0,0
"EUMA","212266_NE",212266,"NE","Okanagan Region",50.751409,-120.480005,9,4,TRUE,0.5554,0.4272,0.1542,0.7381
"EUMA","212266_NW",212266,"NW","Okanagan Region",50.777508,-120.5598176,8,0,FALSE,0.0332,0.2511,0.086,0.4908
"EUMA","212266_SE",212266,"SE","Okanagan Region",50.714878,-120.492405,8,5,TRUE,0.7035,0.6188,0.396,0.8266
"EUMA","212266_SW",212266,"SW","Okanagan Region",50.732357,-120.521811,8,2,TRUE,0.4597,0.5816,0.3718,0.7902
"EUMA","212906_NW",212906,"NW","South Coastal Region",49.36971,-124.79984,7,0,FALSE,0,0,0,0
"EUMA","212906_SE",212906,"SE","South Coastal Region",49.35175,-124.74136,7,0,FALSE,0,0,0,0
"EUMA","212906_SW",212906,"SW","South Coastal Region",49.33595,-124.7423,6,0,FALSE,0,0,0,0
"EUMA","216746_NW",216746,"NW","South Coastal Region",49.10675,-125.78544,5,0,FALSE,0,0,0,0
"EUMA","216746_SE",216746,"SE","South Coastal Region",49.07768,-125.74644,8,0,FALSE,0,0,0,0
"EUMA","218282_SE",218282,"SE","Kootenay Region",50.13833,-117.55672,5,0,FALSE,0,0,0,0
"EUMA","218282_SW",218282,"SW","Kootenay Region",50.15094,-117.6221,6,0,FALSE,0,0,0,0
"EUMA","219626_SW",219626,"SW","South Coastal Region",48.92819,-125.25,2,0,FALSE,0,0,0,0
"EUMA","226090_NE",226090,"NE","Okanagan Region",50.10929,-120.45236,6,0,FALSE,0.0303,0.2233,0.0643,0.492
"EUMA","226090_NW",226090,"NW","Okanagan Region",50.0999,-120.50647,7,0,FALSE,0.0542,0.3109,0.1695,0.5046
"EUMA","226090_SE",226090,"SE","Okanagan Region",50.07156,-120.42266,6,0,FALSE,0.0221,0.1908,0.0438,0.4558
"EUMA","230186_NE",230186,"NE","Okanagan Region",49.01457,-121.07198,5,1,TRUE,0.2785,0.4908,0.2539,0.753
"EUMA","230186_SE",230186,"SE","Okanagan Region",48.97511,-121.08329,6,0,FALSE,0.0295,0.4709,0.134,0.8377
"EUMA","241002_NE",241002,"NE","Kootenay Region",51.03817,-118.1357,9,0,FALSE,0,0,0,0
"EUMA","241002_NW",241002,"NW","Kootenay Region",51.01597,-118.20292,9,0,FALSE,0,0,0,0
"EUMA","243562_NE",243562,"NE","Kootenay Region",49.69966,-115.98498,7,0,FALSE,0,0,0,0
"EUMA","243562_SE",243562,"SE","Kootenay Region",49.65068,-115.94692,6,0,FALSE,0,0,0,0
"EUMA","252394_NW",252394,"NW","South Coastal Region",48.79865,-125.16568,2,0,FALSE,0,0,0,0
"EUMA","26170_NE",26170,"NE","Northern Region",53.62052,-132.20883,4,0,FALSE,0,0,0,0
"EUMA","26170_NW",26170,"NW","Northern Region",53.60452,-132.28837,3,0,FALSE,0,0,0,0
"EUMA","26170_SE",26170,"SE","Northern Region",53.58901,-132.17695,4,0,FALSE,0,0,0,0
"EUMA","26170_SW",26170,"SW","Northern Region",53.56895,-132.23042,4,0,FALSE,0,0,0,0
"EUMA","265749_NE",265749,"NE","Okanagan Region",49.15892,-119.03758,6,2,TRUE,0.3902,0.2503,0.0688,0.4917
"EUMA","265749_NW",265749,"NW","Okanagan Region",49.16674,-119.10324,8,3,TRUE,0.4206,0.1998,0.0746,0.3691
"EUMA","265749_SE",265749,"SE","Okanagan Region",49.11153,-118.97698,8,1,TRUE,0.1879,0.4138,0.2372,0.6084
"EUMA","265749_SW",265749,"SW","Okanagan Region",49.11337,-119.05299,8,0,FALSE,0.1474,0.2666,0.0849,0.4688
"EUMA","268521_NE",268521,"NE","Kootenay Region",49.49916,-115.03962,6,0,FALSE,0,0,0,0
"EUMA","268521_NW",268521,"NW","Kootenay Region",49.48855,-115.09812,6,0,FALSE,0,0,0,0
"EUMA","268521_SE",268521,"SE","Kootenay Region",49.44083,-115.05634,7,0,FALSE,0,0,0,0
"EUMA","269777_NW",269777,"NW","Northern Region",57.04083,-122.86281,4,0,FALSE,0,0,0,0
"EUMA","269777_SW",269777,"SW","Northern Region",57.01497,-122.80521,4,0,FALSE,0,0,0,0
"EUMA","271731_SW",271731,"SW","Kootenay Region",51.24146,-117.64962,9,0,FALSE,0,0,0,0
"EUMA","273050_SE",273050,"SE","South Coastal Region",49.00511,-125.65145,3,0,FALSE,0,0,0,0
"EUMA","283586_NE",283586,"NE","Northern Region",54.3558,-128.5366,6,0,FALSE,0,0,0,0
"EUMA","283586_NW",283586,"NW","Northern Region",54.3321,-128.6266,8,0,FALSE,0,0,0,0
"EUMA","283586_SE",283586,"SE","Northern Region",54.31162,-128.54374,8,0,FALSE,0,0,0,0
"EUMA","283586_SW",283586,"SW","Northern Region",54.2946,-128.581,8,0,FALSE,0,0,0,0
"EUMA","294832_NE",294832,"NE","Northern Region",56.3348,-120.97877,8,0,FALSE,0,0,0,0
"EUMA","294832_NW",294832,"NW","Northern Region",56.33264,-121.00747,8,0,FALSE,0,0,0,0
"EUMA","294832_SE",294832,"SE","Northern Region",56.30206,-120.94608,6,0,FALSE,0,0,0,0
"EUMA","294832_SW",294832,"SW","Northern Region",56.30496,-121.00198,7,0,FALSE,0,0,0,0
"EUMA","317428_NE",317428,"NE","South Coastal Region",49.06292,-120.79944,8,0,FALSE,0,0,0,0
"EUMA","317428_NW",317428,"NW","South Coastal Region",49.06417,-120.90943,8,0,FALSE,0,0,0,0
"EUMA","317428_SE",317428,"SE","South Coastal Region",49.06053,-120.77309,7,0,FALSE,0,0,0,0
"EUMA","317428_SW",317428,"SW","South Coastal Region",49.04617,-120.85085,6,0,FALSE,0,0,0,0
"EUMA","326072_NE",326072,"NE","South Coastal Region",49.09743,-122.51957,7,0,FALSE,0,0,0,0
"EUMA","326072_NW",326072,"NW","South Coastal Region",49.05235,-122.58989,9,0,FALSE,0,0,0,0
"EUMA","326072_SE",326072,"SE","South Coastal Region",49.0144,-122.52755,6,0,FALSE,0,0,0,0
"EUMA","326072_SW",326072,"SW","South Coastal Region",49.01082,-122.58104,9,0,FALSE,0,0,0,0
"EUMA","37274_NE",37274,"NE","Northern Region",53.08874,-119.20318,6,0,FALSE,0,0,0,0
"EUMA","37274_SE",37274,"SE","Northern Region",53.05051,-119.21418,5,0,FALSE,0,0,0,0
"EUMA","37274_SW",37274,"SW","Northern Region",53.03564,-119.22895,6,0,FALSE,0,0,0,0
"EUMA","38442_NW",38442,"NW","Okanagan Region",51.51999,-122.28978,6,5,TRUE,0.9213,0.5827,0.3894,0.7742
"EUMA","38442_SW",38442,"SW","Okanagan Region",51.50238,-122.28992,7,7,TRUE,1,0.5664,0.3697,0.7612
"EUMA","42026_NE",42026,"NE","Northern Region",55.85527,-121.65345,3,0,FALSE,0,0,0,0
"EUMA","42026_NW",42026,"NW","Northern Region",55.83616,-121.71691,3,0,FALSE,0,0,0,0
"EUMA","42026_SE",42026,"SE","Northern Region",55.81797,-121.66405,3,0,FALSE,0,0,0,0
"EUMA","42026_SW",42026,"SW","Northern Region",55.81131,-121.70131,3,0,FALSE,0,0,0,0
"EUMA","47210_NW",47210,"NW","Okanagan Region",49.84159,-119.9783,3,1,TRUE,0.3744,0.22,0.0566,0.4459
"EUMA","47210_SE",47210,"SE","Okanagan Region",49.79638,-119.86985,3,0,FALSE,0.0967,0.2453,0.091,0.4564
"EUMA","47210_SW",47210,"SW","Okanagan Region",49.79097,-119.95267,2,0,FALSE,0.0476,0.1857,0.0678,0.357
"EUMA","47322_NE",47322,"NE","Northern Region",55.69808,-120.43213,8,0,FALSE,0,0,0,0
"EUMA","47322_NW",47322,"NW","Northern Region",55.70016,-120.48989,6,0,FALSE,0,0,0,0
"EUMA","47322_SE",47322,"SE","Northern Region",55.64597,-120.40102,5,0,FALSE,0,0,0,0
"EUMA","47322_SW",47322,"SW","Northern Region",55.65446,-120.49465,8,0,FALSE,0,0,0,0
"EUMA","57322_NE",57322,"NE","South Coastal Region",49.09454,-122.09881,7,0,FALSE,0,0,0,0
"EUMA","57322_NW",57322,"NW","South Coastal Region",49.07915,-122.16077,7,0,FALSE,0,0,0,0
"EUMA","57322_SE",57322,"SE","South Coastal Region",49.0141,-122.09198,7,0,FALSE,0,0,0,0
"EUMA","57322_SW",57322,"SW","South Coastal Region",49.01663,-122.15131,7,0,FALSE,0,0,0,0
"EUMA","58842_NW",58842,"NW","Northern Region",54.79952,-121.1886,2,0,FALSE,0,0,0,0
"EUMA","58842_SE",58842,"SE","Northern Region",54.73781,-121.16052,2,0,FALSE,0,0,0,0
"EUMA","58842_SW",58842,"SW","Northern Region",54.75716,-121.25541,2,0,FALSE,0,0,0,0
"EUMA","5994_NE",5994,"NE","Kootenay Region",49.26067,-115.24894,5,0,FALSE,0,0,0,0
"EUMA","5994_SE",5994,"SE","Kootenay Region",49.21228,-115.26277,5,0,FALSE,0,0,0,0
"EUMA","60586_NW",60586,"NW","Kootenay Region",50.93041,-116.39001,6,0,FALSE,0,0,0,0
"EUMA","60586_SW",60586,"SW","Kootenay Region",50.90342,-116.39335,6,0,FALSE,0,0,0,0
"EUMA","6202_NE",6202,"NE","South Coastal Region",48.53741,-123.50119,6,0,FALSE,0,0,0,0
"EUMA","6202_NW",6202,"NW","South Coastal Region",48.50788,-123.60088,6,0,FALSE,0,0,0,0
"EUMA","6202_SE",6202,"SE","South Coastal Region",48.48934,-123.5079,4,0,FALSE,0,0,0,0
"EUMA","6202_SW",6202,"SW","South Coastal Region",48.48637,-123.54913,7,0,FALSE,0,0,0,0
"EUMA","70250_NW",70250,"NW","Kootenay Region",51.24583,-116.91793,6,0,FALSE,0,0,0,0
"EUMA","70250_SW",70250,"SW","Kootenay Region",51.20982,-116.89974,4,0,FALSE,0,0,0,0
"EUMA","73002_NE",73002,"NE","Okanagan Region",50.85067,-121.87219,8,8,TRUE,1,0.5225,0.3207,0.7455
"EUMA","73002_SE",73002,"SE","Okanagan Region",50.82484,-121.86896,9,9,TRUE,1,0.632,0.3189,0.8709
"EUMA","73002_SW",73002,"SW","Okanagan Region",50.80422,-121.87782,9,8,TRUE,0.9293,0.5441,0.3104,0.7586
"EUMA","73786_NW",73786,"NW","South Coastal Region",49.12334,-123.06198,9,0,FALSE,0,0,0,0
"EUMA","73786_SE",73786,"SE","South Coastal Region",49.12604,-123.00163,9,0,FALSE,0,0,0,0
"EUMA","73786_SW",73786,"SW","South Coastal Region",49.10823,-123.07992,7,0,FALSE,0,0,0,0
"EUMA","77162_NE",77162,"NE","Kootenay Region",50.95478,-118.09975,5,0,FALSE,0,0,0,0
"EUMA","77162_SW",77162,"SW","Kootenay Region",50.886,-118.10586,8,0,FALSE,0,0,0,0
"EUMA","79018_NE",79018,"NE","Kootenay Region",50.2021,-116.91007,8,0,FALSE,0,0,0,0
"EUMA","79018_NW",79018,"NW","Kootenay Region",50.19383,-116.94752,8,0,FALSE,0,0,0,0
"EUMA","79018_SE",79018,"SE","Kootenay Region",50.18723,-116.90419,8,0,FALSE,0,0,0,0
"EUMA","79018_SW",79018,"SW","Kootenay Region",50.17771,-116.95968,7,0,FALSE,0,0,0,0
"EUMA","86074_NE",86074,"NE","South Coastal Region",49.23087,-122.3056,7,0,FALSE,0,0,0,0
"EUMA","86074_NW",86074,"NW","South Coastal Region",49.18442,-122.40331,3,0,FALSE,0,0,0,0
"EUMA","86074_SE",86074,"SE","South Coastal Region",49.16962,-122.3193,4,0,FALSE,0,0,0,0
"EUMA","86074_SW",86074,"SW","South Coastal Region",49.14174,-122.38204,6,0,FALSE,0,0,0,0
"EUMA","89962_NE",89962,"NE","Kootenay Region",49.07682,-117.5986,3,0,FALSE,0,0,0,0
"EUMA","89962_SE",89962,"SE","Kootenay Region",49.00974,-117.57236,3,0,FALSE,0,0,0,0
"EUMA","89962_SW",89962,"SW","Kootenay Region",49.0077,-117.63034,3,0,FALSE,0,0,0,0
"EUMA","93290_NE",93290,"NE","Okanagan Region",49.44361,-119.56535,6,1,TRUE,0.2066,0.3716,0.2136,0.5713
"EUMA","93290_NW",93290,"NW","Okanagan Region",49.41531,-119.6018,9,2,TRUE,0.3558,0.6008,0.416,0.7777
"EUMA","93290_SE",93290,"SE","Okanagan Region",49.38433,-119.56165,8,0,FALSE,0.1012,0.4861,0.2538,0.7878
"EUMA","93290_SW",93290,"SW","Okanagan Region",49.37943,-119.59374,9,4,TRUE,0.7037,0.4993,0.2738,0.7364
"EUMA","94522_NW",94522,"NW","Northern Region",53.10732,-131.86467,3,0,FALSE,0,0,0,0
"EUMA","94522_SE",94522,"SE","Northern Region",53.08196,-131.77925,3,0,FALSE,0,0,0,0
"EUMA","9466_NE",9466,"NE","Northern Region",57.34435,-125.50932,2,0,FALSE,0,0,0,0
"EUMA","9466_NW",9466,"NW","Northern Region",57.3459,-125.55037,3,0,FALSE,0,0,0,0
"EUMA","9466_SE",9466,"SE","Northern Region",57.31575,-125.49037,3,0,FALSE,0,0,0,0
"EUMA","9466_SW",9466,"SW","Northern Region",57.29483,-125.51474,3,0,FALSE,0,0,0,0
"EUMA","986_NE",986,"NE","Northern Region",53.188,-121.30225,8,0,FALSE,0,0,0,0
"EUMA","986_SE",986,"SE","Northern Region",53.1392,-121.2577,6,0,FALSE,0,0,0,0
"LABO","110378_NE",110378,"NE","Okanagan Region",49.04717,-119.5574,8,4,TRUE,0.8184,0.3746,0.2547,0.5121
"LABO","110378_NW",110378,"NW","Okanagan Region",49.03536,-119.57546,9,3,TRUE,0.5066,0.4437,0.289,0.6468
"LABO","110378_SE",110378,"SE","Okanagan Region",49.01485,-119.53228,8,2,TRUE,0.5,0.4483,0.3063,0.6147
"LABO","110378_SW",110378,"SW","Okanagan Region",49.00412,-119.59552,9,1,TRUE,0.2577,0.4231,0.2982,0.5668
"LABO","111466_NE",111466,"NE","Kootenay Region",49.00129,-115.06184,2,1,TRUE,0.6892,0.431,0.3128,0.5587
"LABO","111466_NW",111466,"NW","Kootenay Region",49.01861,-115.09568,2,1,TRUE,0.6567,0.3931,0.2585,0.5347
"LABO","114602_NE",114602,"NE","South Coastal Region",49.70588,-125.06708,5,0,FALSE,0.0302,0.0831,0.0436,0.1388
"LABO","114602_NW",114602,"NW","South Coastal Region",49.67623,-125.13792,7,0,FALSE,0.0221,0.0801,0.0393,0.1386
"LABO","114602_SE",114602,"SE","South Coastal Region",49.65756,-125.0438,7,0,FALSE,0.0422,0.1345,0.0719,0.2185
"LABO","114602_SW",114602,"SW","South Coastal Region",49.64146,-125.08654,7,0,FALSE,0.0316,0.0974,0.0551,0.1571
"LABO","115322_NE",115322,"NE","Northern Region",52.37764,-125.98565,6,0,FALSE,0.1633,0.4598,0.2826,0.6858
"LABO","115322_NW",115322,"NW","Northern Region",52.37481,-126.08159,8,0,FALSE,0.1694,0.497,0.2803,0.775
"LABO","115322_SE",115322,"SE","Northern Region",52.35752,-126.01253,7,0,FALSE,0.1863,0.4568,0.2896,0.6619
"LABO","115322_SW",115322,"SW","Northern Region",52.34498,-126.07967,8,0,FALSE,0.0636,0.2429,0.1206,0.4802
"LABO","1194_NW",1194,"NW","Kootenay Region",50.11749,-117.523,9,0,FALSE,0.0763,0.3157,0.2067,0.4489
"LABO","1194_SW",1194,"SW","Kootenay Region",50.0903,-117.4679,4,0,FALSE,0.0837,0.416,0.2747,0.5768
"LABO","12522_NE",12522,"NE","South Coastal Region",49.72155,-124.51563,4,0,FALSE,0.0316,0.0723,0.0362,0.1222
"LABO","12522_NW",12522,"NW","South Coastal Region",49.75757,-124.56308,5,0,FALSE,0.0251,0.0638,0.0259,0.1232
"LABO","12522_SE",12522,"SE","South Coastal Region",49.70213,-124.47636,6,0,FALSE,0.068,0.1381,0.0714,0.2316
"LABO","12522_SW",12522,"SW","South Coastal Region",49.7022,-124.52268,6,0,FALSE,0.0317,0.0855,0.0459,0.1392
"LABO","127850_NE",127850,"NE","Kootenay Region",49.31307,-115.01912,4,0,FALSE,0.0095,0.2873,0.1241,0.4861
"LABO","127850_NW",127850,"NW","Kootenay Region",49.3096,-115.05201,5,1,TRUE,0.2395,0.3391,0.2235,0.4685
"LABO","127850_SE",127850,"SE","Kootenay Region",49.28498,-114.95395,5,1,TRUE,0.3084,0.4065,0.2818,0.5486
"LABO","127850_SW",127850,"SW","Kootenay Region",49.2671,-115.02532,7,0,FALSE,0.0954,0.3913,0.2639,0.5255
"LABO","128058_NE",128058,"NE","South Coastal Region",48.84117,-123.42727,5,0,FALSE,0.0457,0.11,0.0453,0.2005
"LABO","128058_NW",128058,"NW","South Coastal Region",48.82144,-123.48643,5,0,FALSE,0.0216,0.0829,0.0414,0.1416
"LABO","128058_SW",128058,"SW","South Coastal Region",48.79828,-123.47632,5,0,FALSE,0.0256,0.0918,0.0502,0.1491
"LABO","132650_SE",132650,"SE","Okanagan Region",51.81828,-122.42144,6,0,FALSE,0.0555,0.2662,0.1367,0.4252
"LABO","132650_SW",132650,"SW","Okanagan Region",51.80225,-122.46284,5,1,TRUE,0.3875,0.4378,0.3023,0.5774
"LABO","137274_NE",137274,"NE","South Coastal Region",48.79,-123.6988,5,1,TRUE,0.2509,0.1377,0.0718,0.2249
"LABO","137274_NW",137274,"NW","South Coastal Region",48.7891,-123.719,6,1,TRUE,0.1946,0.0893,0.0485,0.1457
"LABO","137274_SE",137274,"SE","South Coastal Region",48.7539,-123.6447,6,1,TRUE,0.2849,0.1282,0.0661,0.2109
"LABO","143274_NE",143274,"NE","South Coastal Region",50.3377,-122.8012,7,0,FALSE,0.0515,0.1005,0.0549,0.1661
"LABO","143274_NW",143274,"NW","South Coastal Region",50.3446,-122.8479,7,0,FALSE,0.0631,0.0996,0.049,0.173
"LABO","143274_SE",143274,"SE","South Coastal Region",50.3004,-122.758,7,1,TRUE,0.2256,0.1144,0.0617,0.1888
"LABO","143274_SW",143274,"SW","South Coastal Region",50.2961,-122.8048,7,0,FALSE,0.0533,0.1044,0.0563,0.1747
"LABO","145578_NE",145578,"NE","Kootenay Region",49.93178,-115.65558,7,2,TRUE,0.4108,0.2343,0.1117,0.3911
"LABO","145578_NW",145578,"NW","Kootenay Region",49.93544,-115.67497,6,1,TRUE,0.3569,0.2765,0.1591,0.4186
"LABO","145578_SE",145578,"SE","Kootenay Region",49.89983,-115.64222,7,5,TRUE,0.753,0.4389,0.3029,0.5803
"LABO","145578_SW",145578,"SW","Kootenay Region",49.89589,-115.695,7,5,TRUE,0.8891,0.4429,0.2998,0.6058
"LABO","16426_NE",16426,"NE","Northern Region",54.82137,-123.35579,6,1,TRUE,0.5909,0.6053,0.3958,0.817
"LABO","16426_SE",16426,"SE","Northern Region",54.81895,-123.33997,5,3,TRUE,0.9712,0.6833,0.4742,0.8881
"LABO","172090_NE",172090,"NE","South Coastal Region",49.37012,-122.94857,6,0,FALSE,0.0393,0.2136,0.069,0.4369
"LABO","172090_NW",172090,"NW","South Coastal Region",49.34683,-123.00985,5,0,FALSE,0.0478,0.114,0.0606,0.191
"LABO","172090_SE",172090,"SE","South Coastal Region",49.32364,-122.97036,5,0,FALSE,0.0265,0.0584,0.0192,0.1236
"LABO","172090_SW",172090,"SW","South Coastal Region",49.31421,-123.01406,6,0,FALSE,0.0436,0.1041,0.0554,0.1721
"LABO","175354_SE",175354,"SE","Northern Region",59.42418,-125.94917,3,0,FALSE,0.0439,0.3776,0.1559,0.6975
"LABO","175354_SW",175354,"SW","Northern Region",59.40931,-126.09868,5,2,TRUE,0.6581,0.4743,0.2502,0.7454
"LABO","17706_NW",17706,"NW","Northern Region",51.97601,-120.10368,2,0,FALSE,0.4834,0.7195,0.5303,0.8991
"LABO","17706_SE",17706,"SE","Northern Region",51.9408,-120.01683,5,0,FALSE,0.3247,0.6214,0.4107,0.8336
"LABO","17706_SW",17706,"SW","Northern Region",51.94316,-120.06784,4,0,FALSE,0.2314,0.5484,0.3511,0.7624
"LABO","186330_NE",186330,"NE","Northern Region",55.95727,-122.58949,2,1,TRUE,0.9588,0.7309,0.4652,0.96
"LABO","186330_NW",186330,"NW","Northern Region",55.94606,-122.65922,2,0,FALSE,0.2904,0.6348,0.4242,0.8606
"LABO","186490_NW",186490,"NW","Northern Region",54.754,-127.12678,8,2,TRUE,0.3943,0.3321,0.1685,0.5894
"LABO","186490_SE",186490,"SE","Northern Region",54.72257,-126.99742,6,1,TRUE,0.6962,0.6428,0.4392,0.8493
"LABO","186490_SW",186490,"SW","Northern Region",54.72278,-127.05397,9,9,TRUE,1,0.4551,0.2534,0.73
"LABO","194666_NE",194666,"NE","Okanagan Region",50.23014,-119.32344,6,0,FALSE,0.0978,0.2258,0.1207,0.3611
"LABO","194666_SW",194666,"SW","Okanagan Region",50.16915,-119.41081,6,1,TRUE,0.2652,0.3505,0.2137,0.5056
"LABO","20330_NE",20330,"NE","Kootenay Region",49.42454,-117.72865,7,1,TRUE,0.3915,0.4101,0.2954,0.5313
"LABO","20330_SE",20330,"SE","Kootenay Region",49.3813,-117.67793,8,1,TRUE,0.2694,0.3153,0.2024,0.4603
"LABO","206394_NE",206394,"NE","Northern Region",53.63655,-132.05056,4,0,FALSE,0.1803,0.405,0.245,0.6163
"LABO","206394_NW",206394,"NW","Northern Region",53.6372,-132.16251,4,0,FALSE,0.0767,0.1814,0.0843,0.3067
"LABO","206394_SE",206394,"SE","Northern Region",53.60877,-131.99988,4,0,FALSE,0.1085,0.3462,0.2016,0.5418
"LABO","206394_SW",206394,"SW","Northern Region",53.57324,-132.11579,4,1,TRUE,0.3651,0.2542,0.1501,0.3932
"LABO","20730_NE",20730,"NE","Northern Region",56.79525,-124.90059,3,3,TRUE,1,0.7022,0.3951,0.9517
"LABO","20730_NW",20730,"NW","Northern Region",56.79948,-124.97614,3,2,TRUE,0.9034,0.6558,0.4016,0.9152
"LABO","20730_SE",20730,"SE","Northern Region",56.78457,-124.88544,3,2,TRUE,0.866,0.574,0.3876,0.7886
"LABO","20730_SW",20730,"SW","Northern Region",56.76456,-124.98588,2,1,TRUE,0.7841,0.6023,0.4161,0.8046
"LABO","212266_NE",212266,"NE","Okanagan Region",50.751409,-120.480005,9,3,TRUE,0.8524,0.3401,0.1712,0.5517
"LABO","212266_NW",212266,"NW","Okanagan Region",50.777508,-120.5598176,8,1,TRUE,0.2937,0.3831,0.2266,0.5607
"LABO","212266_SE",212266,"SE","Okanagan Region",50.714878,-120.492405,8,3,TRUE,0.5336,0.3502,0.2281,0.4945
"LABO","212266_SW",212266,"SW","Okanagan Region",50.732357,-120.521811,8,2,TRUE,0.4902,0.3634,0.2396,0.5076
"LABO","212906_NW",212906,"NW","South Coastal Region",49.36971,-124.79984,7,0,FALSE,0.0318,0.0629,0.0237,0.1281
"LABO","212906_SE",212906,"SE","South Coastal Region",49.35175,-124.74136,7,0,FALSE,0.0274,0.0651,0.0217,0.1412
"LABO","212906_SW",212906,"SW","South Coastal Region",49.33595,-124.7423,6,0,FALSE,0.0245,0.056,0.0203,0.1141
"LABO","216746_NW",216746,"NW","South Coastal Region",49.10675,-125.78544,5,0,FALSE,0.0705,0.1288,0.0478,0.2516
"LABO","216746_SE",216746,"SE","South Coastal Region",49.07768,-125.74644,8,0,FALSE,0.0924,0.1277,0.0541,0.2311
"LABO","218282_SE",218282,"SE","Kootenay Region",50.13833,-117.55672,5,0,FALSE,0.1131,0.2836,0.1376,0.4619
"LABO","218282_SW",218282,"SW","Kootenay Region",50.15094,-117.6221,6,1,TRUE,0.4196,0.4516,0.3238,0.594
"LABO","219626_SW",219626,"SW","South Coastal Region",48.92819,-125.25,2,0,FALSE,0.0942,0.1484,0.0629,0.2641
"LABO","226090_NE",226090,"NE","Okanagan Region",50.10929,-120.45236,6,0,FALSE,0.2619,0.5037,0.3267,0.6812
"LABO","226090_NW",226090,"NW","Okanagan Region",50.0999,-120.50647,7,1,TRUE,0.2714,0.4477,0.3012,0.6321
"LABO","226090_SE",226090,"SE","Okanagan Region",50.07156,-120.42266,6,2,TRUE,0.9579,0.4846,0.2903,0.6937
"LABO","230186_NE",230186,"NE","Okanagan Region",49.01457,-121.07198,5,1,TRUE,0.2441,0.3676,0.2258,0.5327
"LABO","230186_SE",230186,"SE","Okanagan Region",48.97511,-121.08329,6,3,TRUE,0.6329,0.373,0.1923,0.5908
"LABO","241002_NE",241002,"NE","Kootenay Region",51.03817,-118.1357,9,1,TRUE,0.3692,0.4398,0.2105,0.668
"LABO","241002_NW",241002,"NW","Kootenay Region",51.01597,-118.20292,9,0,FALSE,0.0494,0.2884,0.1601,0.4416
"LABO","243562_NE",243562,"NE","Kootenay Region",49.69966,-115.98498,7,1,TRUE,0.3278,0.2942,0.1426,0.4714
"LABO","243562_SE",243562,"SE","Kootenay Region",49.65068,-115.94692,6,1,TRUE,0.3701,0.4354,0.304,0.5742
"LABO","252394_NW",252394,"NW","South Coastal Region",48.79865,-125.16568,2,0,FALSE,0.0877,0.1512,0.0777,0.253
"LABO","26170_NE",26170,"NE","Northern Region",53.62052,-132.20883,4,0,FALSE,0.1153,0.2651,0.1562,0.4088
"LABO","26170_NW",26170,"NW","Northern Region",53.60452,-132.28837,3,0,FALSE,0.1362,0.3078,0.1856,0.4786
"LABO","26170_SE",26170,"SE","Northern Region",53.58901,-132.17695,4,1,TRUE,0.3967,0.2727,0.1655,0.4136
"LABO","26170_SW",26170,"SW","Northern Region",53.56895,-132.23042,4,0,FALSE,0.0489,0.148,0.0693,0.2501
"LABO","265749_NE",265749,"NE","Okanagan Region",49.15892,-119.03758,6,0,FALSE,0.0597,0.26,0.1114,0.4602
"LABO","265749_NW",265749,"NW","Okanagan Region",49.16674,-119.10324,8,0,FALSE,0.1058,0.5229,0.346,0.728
"LABO","265749_SE",265749,"SE","Okanagan Region",49.11153,-118.97698,8,0,FALSE,0.0506,0.2849,0.1789,0.4166
"LABO","265749_SW",265749,"SW","Okanagan Region",49.11337,-119.05299,8,0,FALSE,0.0461,0.2947,0.1353,0.4943
"LABO","268521_NE",268521,"NE","Kootenay Region",49.49916,-115.03962,6,2,TRUE,0.8947,0.4077,0.2585,0.5904
"LABO","268521_NW",268521,"NW","Kootenay Region",49.48855,-115.09812,6,1,TRUE,0.3786,0.369,0.2475,0.5009
"LABO","268521_SE",268521,"SE","Kootenay Region",49.44083,-115.05634,7,2,TRUE,0.6569,0.5178,0.3021,0.7968
"LABO","269777_NW",269777,"NW","Northern Region",57.04083,-122.86281,4,0,FALSE,0.0461,0.6843,0.3432,0.935
"LABO","269777_SW",269777,"SW","Northern Region",57.01497,-122.80521,4,0,FALSE,0.0301,0.6052,0.3814,0.8232
"LABO","271731_SW",271731,"SW","Kootenay Region",51.24146,-117.64962,9,0,FALSE,0.0828,0.4193,0.2838,0.562
"LABO","273050_SE",273050,"SE","South Coastal Region",49.00511,-125.65145,3,1,TRUE,0.3427,0.1382,0.0657,0.2362
"LABO","283586_NE",283586,"NE","Northern Region",54.3558,-128.5366,6,0,FALSE,0.0356,0.1904,0.0932,0.3211
"LABO","283586_NW",283586,"NW","Northern Region",54.3321,-128.6266,8,4,TRUE,0.6285,0.2176,0.1198,0.3539
"LABO","283586_SE",283586,"SE","Northern Region",54.31162,-128.54374,8,3,TRUE,0.4728,0.4698,0.2594,0.7521
"LABO","283586_SW",283586,"SW","Northern Region",54.2946,-128.581,8,1,TRUE,0.175,0.1793,0.0894,0.3105
"LABO","294832_NE",294832,"NE","Northern Region",56.3348,-120.97877,8,5,TRUE,0.9896,0.7144,0.4891,0.9238
"LABO","294832_NW",294832,"NW","Northern Region",56.33264,-121.00747,8,5,TRUE,0.9842,0.6814,0.4737,0.8875
"LABO","294832_SE",294832,"SE","Northern Region",56.30206,-120.94608,6,4,TRUE,0.9828,0.5816,0.3811,0.7889
"LABO","294832_SW",294832,"SW","Northern Region",56.30496,-121.00198,7,2,TRUE,0.6376,0.5745,0.3478,0.8034
"LABO","317428_NE",317428,"NE","South Coastal Region",49.06292,-120.79944,8,0,FALSE,0.0069,0.2061,0.0764,0.391
"LABO","317428_NW",317428,"NW","South Coastal Region",49.06417,-120.90943,8,0,FALSE,0.0091,0.1553,0.0305,0.3872
"LABO","317428_SE",317428,"SE","South Coastal Region",49.06053,-120.77309,7,0,FALSE,0.0208,0.1776,0.0631,0.3496
"LABO","317428_SW",317428,"SW","South Coastal Region",49.04617,-120.85085,6,2,TRUE,0.6694,0.3609,0.1383,0.6246
"LABO","326072_NE",326072,"NE","South Coastal Region",49.09743,-122.51957,7,0,FALSE,0.0347,0.1045,0.0543,0.173
"LABO","326072_NW",326072,"NW","South Coastal Region",49.05235,-122.58989,9,2,TRUE,0.2704,0.1194,0.0634,0.1964
"LABO","326072_SE",326072,"SE","South Coastal Region",49.0144,-122.52755,6,0,FALSE,0.0309,0.1166,0.0628,0.1923
"LABO","326072_SW",326072,"SW","South Coastal Region",49.01082,-122.58104,9,1,TRUE,0.1588,0.1186,0.0573,0.2062
"LABO","37274_NE",37274,"NE","Northern Region",53.08874,-119.20318,6,0,FALSE,0.281,0.7635,0.5543,0.9435
"LABO","37274_SE",37274,"SE","Northern Region",53.05051,-119.21418,5,1,TRUE,0.7924,0.6441,0.4108,0.8753
"LABO","37274_SW",37274,"SW","Northern Region",53.03564,-119.22895,6,2,TRUE,0.9151,0.5736,0.3478,0.8043
"LABO","38442_NW",38442,"NW","Okanagan Region",51.51999,-122.28978,6,0,FALSE,0.1081,0.3269,0.2116,0.4631
"LABO","38442_SW",38442,"SW","Okanagan Region",51.50238,-122.28992,7,3,TRUE,0.6574,0.3287,0.211,0.466
"LABO","42026_NE",42026,"NE","Northern Region",55.85527,-121.65345,3,0,FALSE,0.2672,0.667,0.4554,0.8774
"LABO","42026_NW",42026,"NW","Northern Region",55.83616,-121.71691,3,1,TRUE,0.8591,0.6161,0.4139,0.8299
"LABO","42026_SE",42026,"SE","Northern Region",55.81797,-121.66405,3,3,TRUE,1,0.6464,0.4356,0.8656
"LABO","42026_SW",42026,"SW","Northern Region",55.81131,-121.70131,3,2,TRUE,0.9419,0.6682,0.4698,0.8699
"LABO","47210_NW",47210,"NW","Okanagan Region",49.84159,-119.9783,3,2,TRUE,0.8899,0.3232,0.1325,0.5539
"LABO","47210_SE",47210,"SE","Okanagan Region",49.79638,-119.86985,3,0,FALSE,0.1759,0.3347,0.1853,0.5136
"LABO","47210_SW",47210,"SW","Okanagan Region",49.79097,-119.95267,2,0,FALSE,0.25,0.4012,0.2295,0.604
"LABO","47322_NE",47322,"NE","Northern Region",55.69808,-120.43213,8,3,TRUE,0.8538,0.6027,0.3929,0.816
"LABO","47322_NW",47322,"NW","Northern Region",55.70016,-120.48989,6,5,TRUE,0.9963,0.5321,0.3432,0.7457
"LABO","47322_SE",47322,"SE","Northern Region",55.64597,-120.40102,5,3,TRUE,0.9376,0.5599,0.3406,0.7919
"LABO","47322_SW",47322,"SW","Northern Region",55.65446,-120.49465,8,4,TRUE,0.7717,0.6075,0.4141,0.819
"LABO","57322_NE",57322,"NE","South Coastal Region",49.09454,-122.09881,7,1,TRUE,0.1727,0.1124,0.0544,0.1897
"LABO","57322_NW",57322,"NW","South Coastal Region",49.07915,-122.16077,7,0,FALSE,0.0257,0.1149,0.0616,0.188
"LABO","57322_SE",57322,"SE","South Coastal Region",49.0141,-122.09198,7,0,FALSE,0.0205,0.067,0.0272,0.1274
"LABO","57322_SW",57322,"SW","South Coastal Region",49.01663,-122.15131,7,0,FALSE,0.027,0.0903,0.0375,0.1712
"LABO","58842_NW",58842,"NW","Northern Region",54.79952,-121.1886,2,1,TRUE,0.5607,0.3394,0.1241,0.7166
"LABO","58842_SE",58842,"SE","Northern Region",54.73781,-121.16052,2,0,FALSE,0.0323,0.463,0.2083,0.7743
"LABO","58842_SW",58842,"SW","Northern Region",54.75716,-121.25541,2,1,TRUE,0.8099,0.4271,0.1813,0.7487
"LABO","5994_NE",5994,"NE","Kootenay Region",49.26067,-115.24894,5,2,TRUE,0.4604,0.3775,0.2534,0.5123
"LABO","5994_SE",5994,"SE","Kootenay Region",49.21228,-115.26277,5,3,TRUE,0.8862,0.4073,0.2693,0.5556
"LABO","60586_NW",60586,"NW","Kootenay Region",50.93041,-116.39001,6,5,TRUE,0.9718,0.3235,0.2107,0.4526
"LABO","60586_SW",60586,"SW","Kootenay Region",50.90342,-116.39335,6,3,TRUE,0.9396,0.5479,0.3341,0.7928
"LABO","6202_NE",6202,"NE","South Coastal Region",48.53741,-123.50119,6,2,TRUE,0.3968,0.1472,0.0816,0.2421
"LABO","6202_NW",6202,"NW","South Coastal Region",48.50788,-123.60088,6,0,FALSE,0.0527,0.1304,0.0568,0.2388
"LABO","6202_SE",6202,"SE","South Coastal Region",48.48934,-123.5079,4,0,FALSE,0.0326,0.0989,0.055,0.1619
"LABO","6202_SW",6202,"SW","South Coastal Region",48.48637,-123.54913,7,0,FALSE,0.0588,0.1118,0.0611,0.1803
"LABO","70250_NW",70250,"NW","Kootenay Region",51.24583,-116.91793,6,3,TRUE,0.8092,0.3455,0.2246,0.4822
"LABO","70250_SW",70250,"SW","Kootenay Region",51.20982,-116.89974,4,1,TRUE,0.3831,0.4205,0.3006,0.5538
"LABO","73002_NE",73002,"NE","Okanagan Region",50.85067,-121.87219,8,1,TRUE,0.2257,0.3444,0.2231,0.4893
"LABO","73002_SE",73002,"SE","Okanagan Region",50.82484,-121.86896,9,0,FALSE,0.0378,0.1659,0.0663,0.3145
"LABO","73002_SW",73002,"SW","Okanagan Region",50.80422,-121.87782,9,1,TRUE,0.2266,0.2414,0.1357,0.3745
"LABO","73786_NW",73786,"NW","South Coastal Region",49.12334,-123.06198,9,0,FALSE,0.0515,0.1071,0.0541,0.1801
"LABO","73786_SE",73786,"SE","South Coastal Region",49.12604,-123.00163,9,0,FALSE,0.0564,0.1017,0.0438,0.1803
"LABO","73786_SW",73786,"SW","South Coastal Region",49.10823,-123.07992,7,0,FALSE,0.0647,0.1794,0.0728,0.3259
"LABO","77162_NE",77162,"NE","Kootenay Region",50.95478,-118.09975,5,0,FALSE,0.0313,0.3661,0.1231,0.6369
"LABO","77162_SW",77162,"SW","Kootenay Region",50.886,-118.10586,8,0,FALSE,0.1041,0.2487,0.1529,0.3775
"LABO","79018_NE",79018,"NE","Kootenay Region",50.2021,-116.91007,8,1,TRUE,0.3062,0.3087,0.1898,0.4483
"LABO","79018_NW",79018,"NW","Kootenay Region",50.19383,-116.94752,8,0,FALSE,0.1634,0.3186,0.2028,0.4681
"LABO","79018_SE",79018,"SE","Kootenay Region",50.18723,-116.90419,8,0,FALSE,0.068,0.1692,0.0681,0.3099
"LABO","79018_SW",79018,"SW","Kootenay Region",50.17771,-116.95968,7,0,FALSE,0.2176,0.3717,0.2498,0.517
"LABO","86074_NE",86074,"NE","South Coastal Region",49.23087,-122.3056,7,0,FALSE,0.0267,0.055,0.016,0.1291
"LABO","86074_NW",86074,"NW","South Coastal Region",49.18442,-122.40331,3,1,TRUE,0.367,0.1062,0.0578,0.1722
"LABO","86074_SE",86074,"SE","South Coastal Region",49.16962,-122.3193,4,1,TRUE,0.2823,0.1204,0.0554,0.2115
"LABO","86074_SW",86074,"SW","South Coastal Region",49.14174,-122.38204,6,1,TRUE,0.2138,0.0741,0.0359,0.1275
"LABO","89962_NE",89962,"NE","Kootenay Region",49.07682,-117.5986,3,2,TRUE,0.8818,0.3555,0.2307,0.5003
"LABO","89962_SE",89962,"SE","Kootenay Region",49.00974,-117.57236,3,1,TRUE,0.4351,0.2479,0.1368,0.387
"LABO","89962_SW",89962,"SW","Kootenay Region",49.0077,-117.63034,3,1,TRUE,0.5685,0.3554,0.2223,0.5288
"LABO","93290_NE",93290,"NE","Okanagan Region",49.44361,-119.56535,6,3,TRUE,0.797,0.4533,0.3184,0.6035
"LABO","93290_NW",93290,"NW","Okanagan Region",49.41531,-119.6018,9,2,TRUE,0.3273,0.2812,0.1787,0.4111
"LABO","93290_SE",93290,"SE","Okanagan Region",49.38433,-119.56165,8,2,TRUE,0.3407,0.3515,0.2136,0.5154
"LABO","93290_SW",93290,"SW","Okanagan Region",49.37943,-119.59374,9,1,TRUE,0.2366,0.3338,0.2054,0.4823
"LABO","94522_NW",94522,"NW","Northern Region",53.10732,-131.86467,3,0,FALSE,0.1882,0.2585,0.1533,0.402
"LABO","94522_SE",94522,"SE","Northern Region",53.08196,-131.77925,3,0,FALSE,0.1677,0.1961,0.0978,0.3515
"LABO","9466_NE",9466,"NE","Northern Region",57.34435,-125.50932,2,0,FALSE,0.4599,0.6491,0.431,0.8816
"LABO","9466_NW",9466,"NW","Northern Region",57.3459,-125.55037,3,2,TRUE,0.993,0.7024,0.3961,0.9588
"LABO","9466_SE",9466,"SE","Northern Region",57.31575,-125.49037,3,1,TRUE,0.6588,0.4114,0.1743,0.7222
"LABO","9466_SW",9466,"SW","Northern Region",57.29483,-125.51474,3,1,TRUE,0.7629,0.6563,0.4523,0.8671
"LABO","986_NE",986,"NE","Northern Region",53.188,-121.30225,8,3,TRUE,0.6575,0.7783,0.4778,0.984
"LABO","986_SE",986,"SE","Northern Region",53.1392,-121.2577,6,3,TRUE,0.8666,0.7514,0.5365,0.9406
"LACI","110378_NE",110378,"NE","Okanagan Region",49.04717,-119.5574,8,6,TRUE,0.9221,0.7957,0.6955,0.8781
"LACI","110378_NW",110378,"NW","Okanagan Region",49.03536,-119.57546,9,9,TRUE,1,0.8241,0.7043,0.9108
"LACI","110378_SE",110378,"SE","Okanagan Region",49.01485,-119.53228,8,7,TRUE,0.9586,0.7888,0.663,0.8864
"LACI","110378_SW",110378,"SW","Okanagan Region",49.00412,-119.59552,9,8,TRUE,0.9028,0.8352,0.7383,0.9102
"LACI","111466_NE",111466,"NE","Kootenay Region",49.00129,-115.06184,2,2,TRUE,1,0.7137,0.6132,0.8035
"LACI","111466_NW",111466,"NW","Kootenay Region",49.01861,-115.09568,2,1,TRUE,0.5,0.683,0.576,0.7867
"LACI","114602_NE",114602,"NE","South Coastal Region",49.70588,-125.06708,5,4,TRUE,0.8219,0.7907,0.7159,0.862
"LACI","114602_NW",114602,"NW","South Coastal Region",49.67623,-125.13792,7,5,TRUE,0.7838,0.7471,0.6624,0.8293
"LACI","114602_SE",114602,"SE","South Coastal Region",49.65756,-125.0438,7,6,TRUE,0.8984,0.8499,0.7699,0.9153
"LACI","114602_SW",114602,"SW","South Coastal Region",49.64146,-125.08654,7,6,TRUE,0.923,0.8289,0.764,0.8877
"LACI","115322_NE",115322,"NE","Northern Region",52.37764,-125.98565,6,2,TRUE,0.4054,0.2777,0.1922,0.3707
"LACI","115322_NW",115322,"NW","Northern Region",52.37481,-126.08159,8,4,TRUE,0.6026,0.3343,0.1841,0.5043
"LACI","115322_SE",115322,"SE","Northern Region",52.35752,-126.01253,7,2,TRUE,0.3564,0.3058,0.2104,0.4141
"LACI","115322_SW",115322,"SW","Northern Region",52.34498,-126.07967,8,0,FALSE,0.1143,0.3727,0.2624,0.4813
"LACI","1194_NW",1194,"NW","Kootenay Region",50.11749,-117.523,9,5,TRUE,0.6661,0.7424,0.6565,0.8187
"LACI","1194_SW",1194,"SW","Kootenay Region",50.0903,-117.4679,4,2,TRUE,0.5861,0.7835,0.6624,0.8782
"LACI","12522_NE",12522,"NE","South Coastal Region",49.72155,-124.51563,4,3,TRUE,0.8561,0.8093,0.7377,0.8758
"LACI","12522_NW",12522,"NW","South Coastal Region",49.75757,-124.56308,5,5,TRUE,1,0.7523,0.6541,0.846
"LACI","12522_SE",12522,"SE","South Coastal Region",49.70213,-124.47636,6,3,TRUE,0.6504,0.8054,0.7073,0.8863
"LACI","12522_SW",12522,"SW","South Coastal Region",49.7022,-124.52268,6,2,TRUE,0.6083,0.7943,0.7243,0.8625
"LACI","127850_NE",127850,"NE","Kootenay Region",49.31307,-115.01912,4,2,TRUE,0.519,0.6658,0.5454,0.7844
"LACI","127850_NW",127850,"NW","Kootenay Region",49.3096,-115.05201,5,5,TRUE,1,0.6817,0.5928,0.7695
"LACI","127850_SE",127850,"SE","Kootenay Region",49.28498,-114.95395,5,5,TRUE,1,0.7093,0.6084,0.8002
"LACI","127850_SW",127850,"SW","Kootenay Region",49.2671,-115.02532,7,6,TRUE,0.8833,0.6399,0.5343,0.7464
"LACI","128058_NE",128058,"NE","South Coastal Region",48.84117,-123.42727,5,3,TRUE,0.7642,0.7729,0.6516,0.8782
"LACI","128058_NW",128058,"NW","South Coastal Region",48.82144,-123.48643,5,5,TRUE,1,0.8397,0.7688,0.9018
"LACI","128058_SW",128058,"SW","South Coastal Region",48.79828,-123.47632,5,4,TRUE,0.8591,0.8225,0.7583,0.8832
"LACI","132650_SE",132650,"SE","Okanagan Region",51.81828,-122.42144,6,3,TRUE,0.6702,0.8471,0.7502,0.9233
"LACI","132650_SW",132650,"SW","Okanagan Region",51.80225,-122.46284,5,2,TRUE,0.4364,0.8013,0.6899,0.8918
"LACI","137274_NE",137274,"NE","South Coastal Region",48.79,-123.6988,5,3,TRUE,0.6748,0.8648,0.7859,0.9274
"LACI","137274_NW",137274,"NW","South Coastal Region",48.7891,-123.719,6,6,TRUE,1,0.8406,0.7773,0.8993
"LACI","137274_SE",137274,"SE","South Coastal Region",48.7539,-123.6447,6,6,TRUE,1,0.8705,0.7939,0.932
"LACI","143274_NE",143274,"NE","South Coastal Region",50.3377,-122.8012,7,6,TRUE,0.9532,0.7944,0.7265,0.8581
"LACI","143274_NW",143274,"NW","South Coastal Region",50.3446,-122.8479,7,4,TRUE,0.7617,0.76,0.6579,0.8492
"LACI","143274_SE",143274,"SE","South Coastal Region",50.3004,-122.758,7,5,TRUE,0.9187,0.791,0.7033,0.8676
"LACI","143274_SW",143274,"SW","South Coastal Region",50.2961,-122.8048,7,6,TRUE,0.9655,0.7645,0.6854,0.8403
"LACI","145578_NE",145578,"NE","Kootenay Region",49.93178,-115.65558,7,3,TRUE,0.505,0.5831,0.4432,0.7178
"LACI","145578_NW",145578,"NW","Kootenay Region",49.93544,-115.67497,6,3,TRUE,0.6336,0.6611,0.5625,0.7579
"LACI","145578_SE",145578,"SE","Kootenay Region",49.89983,-115.64222,7,6,TRUE,0.891,0.6428,0.5206,0.7567
"LACI","145578_SW",145578,"SW","Kootenay Region",49.89589,-115.695,7,6,TRUE,0.9223,0.7008,0.5713,0.8148
"LACI","16426_NE",16426,"NE","Northern Region",54.82137,-123.35579,6,0,FALSE,0.059,0.2528,0.1831,0.3283
"LACI","16426_SE",16426,"SE","Northern Region",54.81895,-123.33997,5,2,TRUE,0.4552,0.2307,0.1644,0.307
"LACI","172090_NE",172090,"NE","South Coastal Region",49.37012,-122.94857,6,4,TRUE,0.7161,0.7503,0.5957,0.883
"LACI","172090_NW",172090,"NW","South Coastal Region",49.34683,-123.00985,5,4,TRUE,0.8687,0.7893,0.7047,0.8698
"LACI","172090_SE",172090,"SE","South Coastal Region",49.32364,-122.97036,5,4,TRUE,0.8325,0.798,0.6946,0.8936
"LACI","172090_SW",172090,"SW","South Coastal Region",49.31421,-123.01406,6,4,TRUE,0.7061,0.863,0.7961,0.9205
"LACI","175354_SE",175354,"SE","Northern Region",59.42418,-125.94917,3,0,FALSE,0.078,0.408,0.2878,0.5227
"LACI","175354_SW",175354,"SW","Northern Region",59.40931,-126.09868,5,2,TRUE,0.4088,0.3374,0.2263,0.4556
"LACI","17706_NW",17706,"NW","Northern Region",51.97601,-120.10368,2,0,FALSE,0.0493,0.1883,0.1172,0.2772
"LACI","17706_SE",17706,"SE","Northern Region",51.9408,-120.01683,5,1,TRUE,0.236,0.1679,0.1023,0.2484
"LACI","17706_SW",17706,"SW","Northern Region",51.94316,-120.06784,4,3,TRUE,0.7596,0.2483,0.1774,0.324
"LACI","186330_NE",186330,"NE","Northern Region",55.95727,-122.58949,2,0,FALSE,0.0079,0.1991,0.1127,0.3059
"LACI","186330_NW",186330,"NW","Northern Region",55.94606,-122.65922,2,0,FALSE,0.0179,0.2308,0.1608,0.3116
"LACI","186490_NW",186490,"NW","Northern Region",54.754,-127.12678,8,3,TRUE,0.393,0.358,0.2652,0.4513
"LACI","186490_SE",186490,"SE","Northern Region",54.72257,-126.99742,6,1,TRUE,0.181,0.2566,0.1889,0.3303
"LACI","186490_SW",186490,"SW","Northern Region",54.72278,-127.05397,9,5,TRUE,0.5694,0.3511,0.2575,0.4478
"LACI","194666_NE",194666,"NE","Okanagan Region",50.23014,-119.32344,6,3,TRUE,0.6273,0.8495,0.7604,0.9222
"LACI","194666_SW",194666,"SW","Okanagan Region",50.16915,-119.41081,6,4,TRUE,0.7813,0.7901,0.6774,0.8839
"LACI","20330_NE",20330,"NE","Kootenay Region",49.42454,-117.72865,7,2,TRUE,0.4823,0.6806,0.5883,0.771
"LACI","20330_SE",20330,"SE","Kootenay Region",49.3813,-117.67793,8,7,TRUE,0.9125,0.7136,0.6104,0.8087
"LACI","206394_NE",206394,"NE","Northern Region",53.63655,-132.05056,4,0,FALSE,0.0084,0.3237,0.2026,0.4626
"LACI","206394_NW",206394,"NW","Northern Region",53.6372,-132.16251,4,0,FALSE,0.0068,0.2648,0.1601,0.3822
"LACI","206394_SE",206394,"SE","Northern Region",53.60877,-131.99988,4,0,FALSE,0.0061,0.3845,0.2563,0.5212
"LACI","206394_SW",206394,"SW","Northern Region",53.57324,-132.11579,4,0,FALSE,0.0053,0.2862,0.1948,0.388
"LACI","20730_NE",20730,"NE","Northern Region",56.79525,-124.90059,3,1,TRUE,0.344,0.2899,0.1572,0.4357
"LACI","20730_NW",20730,"NW","Northern Region",56.79948,-124.97614,3,0,FALSE,0.0028,0.1831,0.1004,0.285
"LACI","20730_SE",20730,"SE","Northern Region",56.78457,-124.88544,3,0,FALSE,0.0079,0.2697,0.2041,0.3421
"LACI","20730_SW",20730,"SW","Northern Region",56.76456,-124.98588,2,0,FALSE,0.0108,0.2589,0.195,0.3281
"LACI","212266_NE",212266,"NE","Okanagan Region",50.751409,-120.480005,9,7,TRUE,0.8877,0.8634,0.7618,0.9382
"LACI","212266_NW",212266,"NW","Okanagan Region",50.777508,-120.5598176,8,2,TRUE,0.2948,0.7556,0.6315,0.8605
"LACI","212266_SE",212266,"SE","Okanagan Region",50.714878,-120.492405,8,5,TRUE,0.7218,0.8778,0.79,0.9406
"LACI","212266_SW",212266,"SW","Okanagan Region",50.732357,-120.521811,8,6,TRUE,0.9539,0.8748,0.7876,0.938
"LACI","212906_NW",212906,"NW","South Coastal Region",49.36971,-124.79984,7,1,TRUE,0.3284,0.7615,0.6399,0.8613
"LACI","212906_SE",212906,"SE","South Coastal Region",49.35175,-124.74136,7,4,TRUE,0.7545,0.8277,0.7196,0.9165
"LACI","212906_SW",212906,"SW","South Coastal Region",49.33595,-124.7423,6,4,TRUE,0.7606,0.7994,0.7026,0.8871
"LACI","216746_NW",216746,"NW","South Coastal Region",49.10675,-125.78544,5,0,FALSE,0.4475,0.8922,0.7899,0.9598
"LACI","216746_SE",216746,"SE","South Coastal Region",49.07768,-125.74644,8,0,FALSE,0.2025,0.7685,0.6329,0.8811
"LACI","218282_SE",218282,"SE","Kootenay Region",50.13833,-117.55672,5,3,TRUE,0.6181,0.5935,0.4272,0.7504
"LACI","218282_SW",218282,"SW","Kootenay Region",50.15094,-117.6221,6,4,TRUE,0.6901,0.7293,0.6168,0.8266
"LACI","219626_SW",219626,"SW","South Coastal Region",48.92819,-125.25,2,0,FALSE,0.0257,0.7904,0.6508,0.9
"LACI","226090_NE",226090,"NE","Okanagan Region",50.10929,-120.45236,6,0,FALSE,0.0531,0.7277,0.5591,0.8666
"LACI","226090_NW",226090,"NW","Okanagan Region",50.0999,-120.50647,7,7,TRUE,1,0.8551,0.7508,0.9282
"LACI","226090_SE",226090,"SE","Okanagan Region",50.07156,-120.42266,6,1,TRUE,0.2594,0.7261,0.5596,0.8681
"LACI","230186_NE",230186,"NE","Okanagan Region",49.01457,-121.07198,5,5,TRUE,1,0.8201,0.6985,0.9102
"LACI","230186_SE",230186,"SE","Okanagan Region",48.97511,-121.08329,6,6,TRUE,1,0.7753,0.569,0.9164
"LACI","241002_NE",241002,"NE","Kootenay Region",51.03817,-118.1357,9,0,FALSE,0.0129,0.4842,0.3128,0.6662
"LACI","241002_NW",241002,"NW","Kootenay Region",51.01597,-118.20292,9,4,TRUE,0.5527,0.7793,0.6763,0.8679
"LACI","243562_NE",243562,"NE","Kootenay Region",49.69966,-115.98498,7,2,TRUE,0.3458,0.5346,0.381,0.6844
"LACI","243562_SE",243562,"SE","Kootenay Region",49.65068,-115.94692,6,0,FALSE,0.0508,0.6313,0.5125,0.7479
"LACI","252394_NW",252394,"NW","South Coastal Region",48.79865,-125.16568,2,0,FALSE,0.03,0.8382,0.7424,0.915
"LACI","26170_NE",26170,"NE","Northern Region",53.62052,-132.20883,4,0,FALSE,0.0129,0.359,0.2615,0.4663
"LACI","26170_NW",26170,"NW","Northern Region",53.60452,-132.28837,3,0,FALSE,0.0077,0.2846,0.1859,0.3989
"LACI","26170_SE",26170,"SE","Northern Region",53.58901,-132.17695,4,1,TRUE,0.2593,0.3359,0.2412,0.4392
"LACI","26170_SW",26170,"SW","Northern Region",53.56895,-132.23042,4,0,FALSE,0.0269,0.3671,0.2569,0.4726
"LACI","265749_NE",265749,"NE","Okanagan Region",49.15892,-119.03758,6,6,TRUE,1,0.6275,0.4352,0.7978
"LACI","265749_NW",265749,"NW","Okanagan Region",49.16674,-119.10324,8,7,TRUE,0.9802,0.7502,0.5592,0.8892
"LACI","265749_SE",265749,"SE","Okanagan Region",49.11153,-118.97698,8,8,TRUE,1,0.826,0.7354,0.9
"LACI","265749_SW",265749,"SW","Okanagan Region",49.11337,-119.05299,8,8,TRUE,1,0.6784,0.4951,0.8327
"LACI","268521_NE",268521,"NE","Kootenay Region",49.49916,-115.03962,6,6,TRUE,1,0.6916,0.5717,0.8018
"LACI","268521_NW",268521,"NW","Kootenay Region",49.48855,-115.09812,6,4,TRUE,0.7712,0.6513,0.5556,0.7491
"LACI","268521_SE",268521,"SE","Kootenay Region",49.44083,-115.05634,7,5,TRUE,0.9228,0.7191,0.5206,0.8732
"LACI","269777_NW",269777,"NW","Northern Region",57.04083,-122.86281,4,0,FALSE,0.0061,0.1225,0.0508,0.2257
"LACI","269777_SW",269777,"SW","Northern Region",57.01497,-122.80521,4,1,TRUE,0.2603,0.2447,0.1716,0.3247
"LACI","271731_SW",271731,"SW","Kootenay Region",51.24146,-117.64962,9,3,TRUE,0.4857,0.6853,0.5814,0.7888
"LACI","273050_SE",273050,"SE","South Coastal Region",49.00511,-125.65145,3,1,TRUE,0.621,0.8047,0.6943,0.8951
"LACI","283586_NE",283586,"NE","Northern Region",54.3558,-128.5366,6,0,FALSE,0.0207,0.2488,0.1493,0.3625
"LACI","283586_NW",283586,"NW","Northern Region",54.3321,-128.6266,8,2,TRUE,0.2683,0.2659,0.178,0.3698
"LACI","283586_SE",283586,"SE","Northern Region",54.31162,-128.54374,8,1,TRUE,0.15,0.3286,0.1824,0.4948
"LACI","283586_SW",283586,"SW","Northern Region",54.2946,-128.581,8,3,TRUE,0.3922,0.2609,0.1601,0.371
"LACI","294832_NE",294832,"NE","Northern Region",56.3348,-120.97877,8,5,TRUE,0.6917,0.2456,0.16,0.3477
"LACI","294832_NW",294832,"NW","Northern Region",56.33264,-121.00747,8,2,TRUE,0.2859,0.2542,0.181,0.3381
"LACI","294832_SE",294832,"SE","Northern Region",56.30206,-120.94608,6,2,TRUE,0.3607,0.2525,0.1791,0.3332
"LACI","294832_SW",294832,"SW","Northern Region",56.30496,-121.00198,7,1,TRUE,0.1743,0.241,0.1572,0.3325
"LACI","317428_NE",317428,"NE","South Coastal Region",49.06292,-120.79944,8,4,TRUE,0.5838,0.631,0.4538,0.807
"LACI","317428_NW",317428,"NW","South Coastal Region",49.06417,-120.90943,8,6,TRUE,0.8117,0.6704,0.4997,0.847
"LACI","317428_SE",317428,"SE","South Coastal Region",49.06053,-120.77309,7,5,TRUE,0.8024,0.6116,0.4416,0.7863
"LACI","317428_SW",317428,"SW","South Coastal Region",49.04617,-120.85085,6,4,TRUE,0.8717,0.6422,0.3763,0.8635
"LACI","326072_NE",326072,"NE","South Coastal Region",49.09743,-122.51957,7,6,TRUE,0.895,0.8155,0.7415,0.8842
"LACI","326072_NW",326072,"NW","South Coastal Region",49.05235,-122.58989,9,8,TRUE,0.9276,0.8199,0.7386,0.8925
"LACI","326072_SE",326072,"SE","South Coastal Region",49.0144,-122.52755,6,5,TRUE,0.9456,0.8282,0.7526,0.8967
"LACI","326072_SW",326072,"SW","South Coastal Region",49.01082,-122.58104,9,9,TRUE,1,0.8786,0.8034,0.9387
"LACI","37274_NE",37274,"NE","Northern Region",53.08874,-119.20318,6,0,FALSE,0.0109,0.1549,0.0784,0.2607
"LACI","37274_SE",37274,"SE","Northern Region",53.05051,-119.21418,5,0,FALSE,0.042,0.2971,0.2091,0.3913
"LACI","37274_SW",37274,"SW","Northern Region",53.03564,-119.22895,6,2,TRUE,0.361,0.2276,0.1441,0.3185
"LACI","38442_NW",38442,"NW","Okanagan Region",51.51999,-122.28978,6,5,TRUE,0.9345,0.884,0.8042,0.9418
"LACI","38442_SW",38442,"SW","Okanagan Region",51.50238,-122.28992,7,5,TRUE,0.919,0.8865,0.8089,0.9435
"LACI","42026_NE",42026,"NE","Northern Region",55.85527,-121.65345,3,0,FALSE,0.0383,0.2588,0.1856,0.3397
"LACI","42026_NW",42026,"NW","Northern Region",55.83616,-121.71691,3,0,FALSE,0.0698,0.2841,0.2111,0.363
"LACI","42026_SE",42026,"SE","Northern Region",55.81797,-121.66405,3,1,TRUE,0.391,0.2551,0.1818,0.3378
"LACI","42026_SW",42026,"SW","Northern Region",55.81131,-121.70131,3,0,FALSE,0.0314,0.2299,0.1606,0.3082
"LACI","47210_NW",47210,"NW","Okanagan Region",49.84159,-119.9783,3,1,TRUE,0.4181,0.5989,0.3905,0.7886
"LACI","47210_SE",47210,"SE","Okanagan Region",49.79638,-119.86985,3,1,TRUE,0.4621,0.6828,0.5182,0.8274
"LACI","47210_SW",47210,"SW","Okanagan Region",49.79097,-119.95267,2,2,TRUE,1,0.7228,0.5749,0.8468
"LACI","47322_NE",47322,"NE","Northern Region",55.69808,-120.43213,8,3,TRUE,0.3891,0.1755,0.114,0.2464
"LACI","47322_NW",47322,"NW","Northern Region",55.70016,-120.48989,6,3,TRUE,0.52,0.2515,0.1846,0.3214
"LACI","47322_SE",47322,"SE","Northern Region",55.64597,-120.40102,5,0,FALSE,0.0324,0.1817,0.1149,0.2561
"LACI","47322_SW",47322,"SW","Northern Region",55.65446,-120.49465,8,4,TRUE,0.5316,0.2407,0.179,0.3106
"LACI","57322_NE",57322,"NE","South Coastal Region",49.09454,-122.09881,7,6,TRUE,0.9159,0.8046,0.712,0.886
"LACI","57322_NW",57322,"NW","South Coastal Region",49.07915,-122.16077,7,7,TRUE,1,0.8556,0.7829,0.9171
"LACI","57322_SE",57322,"SE","South Coastal Region",49.0141,-122.09198,7,5,TRUE,0.7672,0.7262,0.624,0.8261
"LACI","57322_SW",57322,"SW","South Coastal Region",49.01663,-122.15131,7,5,TRUE,0.7452,0.8701,0.7814,0.938
"LACI","58842_NW",58842,"NW","Northern Region",54.79952,-121.1886,2,1,TRUE,0.5041,0.2492,0.1382,0.3644
"LACI","58842_SE",58842,"SE","Northern Region",54.73781,-121.16052,2,0,FALSE,0.0031,0.1501,0.0784,0.249
"LACI","58842_SW",58842,"SW","Northern Region",54.75716,-121.25541,2,1,TRUE,0.5041,0.1626,0.0847,0.2658
"LACI","5994_NE",5994,"NE","Kootenay Region",49.26067,-115.24894,5,5,TRUE,1,0.689,0.5813,0.7863
"LACI","5994_SE",5994,"SE","Kootenay Region",49.21228,-115.26277,5,4,TRUE,0.8003,0.6437,0.5213,0.7615
"LACI","60586_NW",60586,"NW","Kootenay Region",50.93041,-116.39001,6,6,TRUE,1,0.7155,0.6286,0.7955
"LACI","60586_SW",60586,"SW","Kootenay Region",50.90342,-116.39335,6,5,TRUE,0.9141,0.7396,0.5303,0.8934
"LACI","6202_NE",6202,"NE","South Coastal Region",48.53741,-123.50119,6,3,TRUE,0.5627,0.8323,0.7565,0.8973
"LACI","6202_NW",6202,"NW","South Coastal Region",48.50788,-123.60088,6,0,FALSE,0.0842,0.7319,0.6043,0.8412
"LACI","6202_SE",6202,"SE","South Coastal Region",48.48934,-123.5079,4,3,TRUE,0.8617,0.8395,0.7767,0.8968
"LACI","6202_SW",6202,"SW","South Coastal Region",48.48637,-123.54913,7,4,TRUE,0.7262,0.8348,0.7623,0.8982
"LACI","70250_NW",70250,"NW","Kootenay Region",51.24583,-116.91793,6,6,TRUE,1,0.6998,0.6058,0.7896
"LACI","70250_SW",70250,"SW","Kootenay Region",51.20982,-116.89974,4,1,TRUE,0.3444,0.7336,0.6345,0.8204
"LACI","73002_NE",73002,"NE","Okanagan Region",50.85067,-121.87219,8,4,TRUE,0.5376,0.8504,0.7538,0.9228
"LACI","73002_SE",73002,"SE","Okanagan Region",50.82484,-121.86896,9,7,TRUE,0.8787,0.8434,0.7289,0.934
"LACI","73002_SW",73002,"SW","Okanagan Region",50.80422,-121.87782,9,8,TRUE,0.9412,0.8343,0.7423,0.9102
"LACI","73786_NW",73786,"NW","South Coastal Region",49.12334,-123.06198,9,8,TRUE,0.9583,0.8474,0.779,0.9089
"LACI","73786_SE",73786,"SE","South Coastal Region",49.12604,-123.00163,9,7,TRUE,0.9222,0.8105,0.7179,0.8933
"LACI","73786_SW",73786,"SW","South Coastal Region",49.10823,-123.07992,7,6,TRUE,0.97,0.9091,0.8173,0.9677
"LACI","77162_NE",77162,"NE","Kootenay Region",50.95478,-118.09975,5,0,FALSE,0.0671,0.5555,0.3928,0.7283
"LACI","77162_SW",77162,"SW","Kootenay Region",50.886,-118.10586,8,8,TRUE,1,0.7544,0.6615,0.8348
"LACI","79018_NE",79018,"NE","Kootenay Region",50.2021,-116.91007,8,2,TRUE,0.3794,0.6346,0.5349,0.7362
"LACI","79018_NW",79018,"NW","Kootenay Region",50.19383,-116.94752,8,6,TRUE,0.9118,0.7203,0.6142,0.8165
"LACI","79018_SE",79018,"SE","Kootenay Region",50.18723,-116.90419,8,4,TRUE,0.5688,0.576,0.4443,0.7115
"LACI","79018_SW",79018,"SW","Kootenay Region",50.17771,-116.95968,7,6,TRUE,0.9288,0.7672,0.6617,0.854
"LACI","86074_NE",86074,"NE","South Coastal Region",49.23087,-122.3056,7,6,TRUE,0.9221,0.6993,0.5528,0.8332
"LACI","86074_NW",86074,"NW","South Coastal Region",49.18442,-122.40331,3,3,TRUE,1,0.8561,0.7905,0.9139
"LACI","86074_SE",86074,"SE","South Coastal Region",49.16962,-122.3193,4,3,TRUE,0.9152,0.8638,0.7753,0.9329
"LACI","86074_SW",86074,"SW","South Coastal Region",49.14174,-122.38204,6,4,TRUE,0.8863,0.8244,0.7516,0.8907
"LACI","89962_NE",89962,"NE","Kootenay Region",49.07682,-117.5986,3,3,TRUE,1,0.7098,0.6064,0.8066
"LACI","89962_SE",89962,"SE","Kootenay Region",49.00974,-117.57236,3,3,TRUE,1,0.7773,0.678,0.8639
"LACI","89962_SW",89962,"SW","Kootenay Region",49.0077,-117.63034,3,3,TRUE,1,0.7359,0.5985,0.8515
"LACI","93290_NE",93290,"NE","Okanagan Region",49.44361,-119.56535,6,6,TRUE,1,0.859,0.7628,0.9292
"LACI","93290_NW",93290,"NW","Okanagan Region",49.41531,-119.6018,9,9,TRUE,1,0.8694,0.7897,0.9311
"LACI","93290_SE",93290,"SE","Okanagan Region",49.38433,-119.56165,8,8,TRUE,1,0.8992,0.8149,0.9542
"LACI","93290_SW",93290,"SW","Okanagan Region",49.37943,-119.59374,9,7,TRUE,0.7942,0.821,0.7107,0.9076
"LACI","94522_NW",94522,"NW","Northern Region",53.10732,-131.86467,3,0,FALSE,0.1636,0.308,0.2172,0.4131
"LACI","94522_SE",94522,"SE","Northern Region",53.08196,-131.77925,3,0,FALSE,0.228,0.4131,0.2997,0.5252
"LACI","9466_NE",9466,"NE","Northern Region",57.34435,-125.50932,2,0,FALSE,0.0112,0.1847,0.1157,0.2703
"LACI","9466_NW",9466,"NW","Northern Region",57.3459,-125.55037,3,0,FALSE,0.0041,0.2154,0.1019,0.3543
"LACI","9466_SE",9466,"SE","Northern Region",57.31575,-125.49037,3,1,TRUE,0.3449,0.3039,0.2094,0.4014
"LACI","9466_SW",9466,"SW","Northern Region",57.29483,-125.51474,3,0,FALSE,0.0061,0.2171,0.1534,0.2914
"LACI","986_NE",986,"NE","Northern Region",53.188,-121.30225,8,2,TRUE,0.2617,0.1797,0.0685,0.3465
"LACI","986_SE",986,"SE","Northern Region",53.1392,-121.2577,6,2,TRUE,0.35,0.1466,0.0741,0.2497
"LANO","110378_NE",110378,"NE","Okanagan Region",49.04717,-119.5574,8,8,TRUE,1,0.9045,0.846,0.9472
"LANO","110378_NW",110378,"NW","Okanagan Region",49.03536,-119.57546,9,9,TRUE,1,0.9232,0.8691,0.9616
"LANO","110378_SE",110378,"SE","Okanagan Region",49.01485,-119.53228,8,8,TRUE,1,0.9013,0.8415,0.9464
"LANO","110378_SW",110378,"SW","Okanagan Region",49.00412,-119.59552,9,9,TRUE,1,0.9253,0.8794,0.9596
"LANO","111466_NE",111466,"NE","Kootenay Region",49.00129,-115.06184,2,2,TRUE,1,0.858,0.7939,0.9083
"LANO","111466_NW",111466,"NW","Kootenay Region",49.01861,-115.09568,2,0,FALSE,1e-04,0.786,0.694,0.861
"LANO","114602_NE",114602,"NE","South Coastal Region",49.70588,-125.06708,5,5,TRUE,1,0.9356,0.8776,0.9728
"LANO","114602_NW",114602,"NW","South Coastal Region",49.67623,-125.13792,7,7,TRUE,1,0.879,0.7756,0.9485
"LANO","114602_SE",114602,"SE","South Coastal Region",49.65756,-125.0438,7,7,TRUE,1,0.9552,0.9105,0.9837
"LANO","114602_SW",114602,"SW","South Coastal Region",49.64146,-125.08654,7,7,TRUE,1,0.9418,0.8916,0.9756
"LANO","115322_NE",115322,"NE","Northern Region",52.37764,-125.98565,6,6,TRUE,1,0.7652,0.6477,0.857
"LANO","115322_NW",115322,"NW","Northern Region",52.37481,-126.08159,8,8,TRUE,1,0.9246,0.8509,0.9714
"LANO","115322_SE",115322,"SE","Northern Region",52.35752,-126.01253,7,6,TRUE,0.9161,0.8671,0.7856,0.9272
"LANO","115322_SW",115322,"SW","Northern Region",52.34498,-126.07967,8,1,TRUE,0.1302,0.8847,0.7833,0.952
"LANO","1194_NW",1194,"NW","Kootenay Region",50.11749,-117.523,9,8,TRUE,0.9146,0.8718,0.8046,0.9203
"LANO","1194_SW",1194,"SW","Kootenay Region",50.0903,-117.4679,4,4,TRUE,1,0.9128,0.8521,0.9562
"LANO","12522_NE",12522,"NE","South Coastal Region",49.72155,-124.51563,4,4,TRUE,1,0.9358,0.8774,0.9735
"LANO","12522_NW",12522,"NW","South Coastal Region",49.75757,-124.56308,5,4,TRUE,0.9792,0.9169,0.8191,0.9723
"LANO","12522_SE",12522,"SE","South Coastal Region",49.70213,-124.47636,6,6,TRUE,1,0.9424,0.8919,0.9763
"LANO","12522_SW",12522,"SW","South Coastal Region",49.7022,-124.52268,6,3,TRUE,0.6112,0.9216,0.8509,0.9665
"LANO","127850_NE",127850,"NE","Kootenay Region",49.31307,-115.01912,4,3,TRUE,0.7659,0.7165,0.5499,0.8455
"LANO","127850_NW",127850,"NW","Kootenay Region",49.3096,-115.05201,5,5,TRUE,1,0.8096,0.7291,0.872
"LANO","127850_SE",127850,"SE","Kootenay Region",49.28498,-114.95395,5,5,TRUE,1,0.8301,0.7495,0.8952
"LANO","127850_SW",127850,"SW","Kootenay Region",49.2671,-115.02532,7,6,TRUE,0.8775,0.7724,0.6826,0.8451
"LANO","128058_NE",128058,"NE","South Coastal Region",48.84117,-123.42727,5,5,TRUE,1,0.8826,0.7371,0.9632
"LANO","128058_NW",128058,"NW","South Coastal Region",48.82144,-123.48643,5,5,TRUE,1,0.9397,0.8802,0.9763
"LANO","128058_SW",128058,"SW","South Coastal Region",48.79828,-123.47632,5,5,TRUE,1,0.9252,0.8608,0.9678
"LANO","132650_SE",132650,"SE","Okanagan Region",51.81828,-122.42144,6,5,TRUE,0.9362,0.9215,0.849,0.967
"LANO","132650_SW",132650,"SW","Okanagan Region",51.80225,-122.46284,5,4,TRUE,0.8039,0.885,0.8178,0.937
"LANO","137274_NE",137274,"NE","South Coastal Region",48.79,-123.6988,5,5,TRUE,1,0.9597,0.917,0.9859
"LANO","137274_NW",137274,"NW","South Coastal Region",48.7891,-123.719,6,6,TRUE,1,0.9468,0.8975,0.979
"LANO","137274_SE",137274,"SE","South Coastal Region",48.7539,-123.6447,6,6,TRUE,1,0.9616,0.918,0.9874
"LANO","143274_NE",143274,"NE","South Coastal Region",50.3377,-122.8012,7,7,TRUE,1,0.9182,0.8536,0.9625
"LANO","143274_NW",143274,"NW","South Coastal Region",50.3446,-122.8479,7,7,TRUE,1,0.9303,0.8677,0.9703
"LANO","143274_SE",143274,"SE","South Coastal Region",50.3004,-122.758,7,6,TRUE,0.9775,0.9334,0.877,0.9708
"LANO","143274_SW",143274,"SW","South Coastal Region",50.2961,-122.8048,7,6,TRUE,0.9893,0.9084,0.8356,0.9573
"LANO","145578_NE",145578,"NE","Kootenay Region",49.93178,-115.65558,7,7,TRUE,1,0.8752,0.7787,0.9397
"LANO","145578_NW",145578,"NW","Kootenay Region",49.93544,-115.67497,6,4,TRUE,0.7213,0.7857,0.6799,0.8682
"LANO","145578_SE",145578,"SE","Kootenay Region",49.89983,-115.64222,7,7,TRUE,1,0.8492,0.7792,0.9061
"LANO","145578_SW",145578,"SW","Kootenay Region",49.89589,-115.695,7,7,TRUE,1,0.8838,0.8146,0.9339
"LANO","16426_NE",16426,"NE","Northern Region",54.82137,-123.35579,6,6,TRUE,1,0.6581,0.5363,0.7668
"LANO","16426_SE",16426,"SE","Northern Region",54.81895,-123.33997,5,5,TRUE,1,0.7199,0.6214,0.8066
"LANO","172090_NE",172090,"NE","South Coastal Region",49.37012,-122.94857,6,6,TRUE,1,0.8295,0.6422,0.9429
"LANO","172090_NW",172090,"NW","South Coastal Region",49.34683,-123.00985,5,5,TRUE,1,0.9011,0.8159,0.9571
"LANO","172090_SE",172090,"SE","South Coastal Region",49.32364,-122.97036,5,5,TRUE,1,0.9014,0.8022,0.9621
"LANO","172090_SW",172090,"SW","South Coastal Region",49.31421,-123.01406,6,6,TRUE,1,0.9544,0.9066,0.9837
"LANO","175354_SE",175354,"SE","Northern Region",59.42418,-125.94917,3,0,FALSE,0.0052,0.6837,0.4734,0.8517
"LANO","175354_SW",175354,"SW","Northern Region",59.40931,-126.09868,5,4,TRUE,0.8004,0.684,0.4996,0.8303
"LANO","17706_NW",17706,"NW","Northern Region",51.97601,-120.10368,2,1,TRUE,0.6744,0.6956,0.5789,0.7993
"LANO","17706_SE",17706,"SE","Northern Region",51.9408,-120.01683,5,5,TRUE,1,0.7582,0.6436,0.8534
"LANO","17706_SW",17706,"SW","Northern Region",51.94316,-120.06784,4,4,TRUE,1,0.6742,0.552,0.7793
"LANO","186330_NE",186330,"NE","Northern Region",55.95727,-122.58949,2,2,TRUE,1,0.7746,0.6576,0.8697
"LANO","186330_NW",186330,"NW","Northern Region",55.94606,-122.65922,2,1,TRUE,0.5059,0.8096,0.7226,0.8814
"LANO","186490_NW",186490,"NW","Northern Region",54.754,-127.12678,8,8,TRUE,1,0.7478,0.6039,0.8628
"LANO","186490_SE",186490,"SE","Northern Region",54.72257,-126.99742,6,6,TRUE,1,0.7238,0.624,0.8108
"LANO","186490_SW",186490,"SW","Northern Region",54.72278,-127.05397,9,9,TRUE,1,0.8003,0.6867,0.891
"LANO","194666_NE",194666,"NE","Okanagan Region",50.23014,-119.32344,6,6,TRUE,1,0.9425,0.8919,0.9753
"LANO","194666_SW",194666,"SW","Okanagan Region",50.16915,-119.41081,6,5,TRUE,0.8454,0.8767,0.7957,0.9355
"LANO","20330_NE",20330,"NE","Kootenay Region",49.42454,-117.72865,7,7,TRUE,1,0.8136,0.7429,0.8723
"LANO","20330_SE",20330,"SE","Kootenay Region",49.3813,-117.67793,8,7,TRUE,0.8871,0.8559,0.7779,0.9141
"LANO","206394_NE",206394,"NE","Northern Region",53.63655,-132.05056,4,4,TRUE,1,0.9023,0.8234,0.9564
"LANO","206394_NW",206394,"NW","Northern Region",53.6372,-132.16251,4,4,TRUE,1,0.8999,0.7798,0.9683
"LANO","206394_SE",206394,"SE","Northern Region",53.60877,-131.99988,4,4,TRUE,1,0.923,0.8532,0.9677
"LANO","206394_SW",206394,"SW","Northern Region",53.57324,-132.11579,4,4,TRUE,1,0.8786,0.7843,0.9437
"LANO","20730_NE",20730,"NE","Northern Region",56.79525,-124.90059,3,3,TRUE,1,0.8482,0.7255,0.9307
"LANO","20730_NW",20730,"NW","Northern Region",56.79948,-124.97614,3,3,TRUE,1,0.8435,0.7328,0.9249
"LANO","20730_SE",20730,"SE","Northern Region",56.78457,-124.88544,3,1,TRUE,0.3387,0.7689,0.6792,0.8451
"LANO","20730_SW",20730,"SW","Northern Region",56.76456,-124.98588,2,0,FALSE,0.0027,0.7582,0.6707,0.8342
"LANO","212266_NE",212266,"NE","Okanagan Region",50.751409,-120.480005,9,8,TRUE,0.9107,0.9284,0.855,0.9733
"LANO","212266_NW",212266,"NW","Okanagan Region",50.777508,-120.5598176,8,6,TRUE,0.8016,0.8604,0.771,0.9256
"LANO","212266_SE",212266,"SE","Okanagan Region",50.714878,-120.492405,8,5,TRUE,0.6407,0.9399,0.8939,0.9722
"LANO","212266_SW",212266,"SW","Okanagan Region",50.732357,-120.521811,8,7,TRUE,0.9259,0.9402,0.8961,0.9717
"LANO","212906_NW",212906,"NW","South Coastal Region",49.36971,-124.79984,7,5,TRUE,0.8955,0.9423,0.8736,0.9807
"LANO","212906_SE",212906,"SE","South Coastal Region",49.35175,-124.74136,7,7,TRUE,1,0.9421,0.8665,0.9831
"LANO","212906_SW",212906,"SW","South Coastal Region",49.33595,-124.7423,6,4,TRUE,0.9066,0.9242,0.848,0.971
"LANO","216746_NW",216746,"NW","South Coastal Region",49.10675,-125.78544,5,2,TRUE,0.4923,0.9681,0.9057,0.9938
"LANO","216746_SE",216746,"SE","South Coastal Region",49.07768,-125.74644,8,5,TRUE,0.6376,0.905,0.7921,0.9675
"LANO","218282_SE",218282,"SE","Kootenay Region",50.13833,-117.55672,5,5,TRUE,1,0.902,0.8173,0.9557
"LANO","218282_SW",218282,"SW","Kootenay Region",50.15094,-117.6221,6,6,TRUE,1,0.8717,0.8065,0.923
"LANO","219626_SW",219626,"SW","South Coastal Region",48.92819,-125.25,2,1,TRUE,0.5467,0.9202,0.8299,0.9708
"LANO","226090_NE",226090,"NE","Okanagan Region",50.10929,-120.45236,6,2,TRUE,0.4431,0.8192,0.7126,0.9042
"LANO","226090_NW",226090,"NW","Okanagan Region",50.0999,-120.50647,7,7,TRUE,1,0.9359,0.89,0.9685
"LANO","226090_SE",226090,"SE","Okanagan Region",50.07156,-120.42266,6,3,TRUE,0.5682,0.8129,0.7028,0.8986
"LANO","230186_NE",230186,"NE","Okanagan Region",49.01457,-121.07198,5,5,TRUE,1,0.9165,0.8551,0.9616
"LANO","230186_SE",230186,"SE","Okanagan Region",48.97511,-121.08329,6,6,TRUE,1,0.8638,0.7325,0.9516
"LANO","241002_NE",241002,"NE","Kootenay Region",51.03817,-118.1357,9,3,TRUE,0.3451,0.5411,0.3869,0.6824
"LANO","241002_NW",241002,"NW","Kootenay Region",51.01597,-118.20292,9,6,TRUE,0.672,0.8997,0.8236,0.9509
"LANO","243562_NE",243562,"NE","Kootenay Region",49.69966,-115.98498,7,5,TRUE,0.7251,0.8408,0.7202,0.9228
"LANO","243562_SE",243562,"SE","Kootenay Region",49.65068,-115.94692,6,3,TRUE,0.5031,0.7445,0.6494,0.8271
"LANO","252394_NW",252394,"NW","South Coastal Region",48.79865,-125.16568,2,2,TRUE,1,0.9469,0.8952,0.9788
"LANO","26170_NE",26170,"NE","Northern Region",53.62052,-132.20883,4,3,TRUE,0.7537,0.9118,0.8416,0.9594
"LANO","26170_NW",26170,"NW","Northern Region",53.60452,-132.28837,3,3,TRUE,1,0.9084,0.8314,0.9599
"LANO","26170_SE",26170,"SE","Northern Region",53.58901,-132.17695,4,4,TRUE,1,0.894,0.8158,0.9481
"LANO","26170_SW",26170,"SW","Northern Region",53.56895,-132.23042,4,4,TRUE,1,0.8755,0.7421,0.9569
"LANO","265749_NE",265749,"NE","Okanagan Region",49.15892,-119.03758,6,6,TRUE,1,0.9017,0.8005,0.9653
"LANO","265749_NW",265749,"NW","Okanagan Region",49.16674,-119.10324,8,8,TRUE,1,0.8848,0.8081,0.9424
"LANO","265749_SE",265749,"SE","Okanagan Region",49.11153,-118.97698,8,8,TRUE,1,0.9376,0.8939,0.9691
"LANO","265749_SW",265749,"SW","Okanagan Region",49.11337,-119.05299,8,8,TRUE,1,0.9291,0.854,0.9756
"LANO","268521_NE",268521,"NE","Kootenay Region",49.49916,-115.03962,6,6,TRUE,1,0.8487,0.7606,0.9144
"LANO","268521_NW",268521,"NW","Kootenay Region",49.48855,-115.09812,6,6,TRUE,1,0.7699,0.6801,0.8411
"LANO","268521_SE",268521,"SE","Kootenay Region",49.44083,-115.05634,7,6,TRUE,0.8813,0.8842,0.7907,0.9489
"LANO","269777_NW",269777,"NW","Northern Region",57.04083,-122.86281,4,0,FALSE,0.0061,0.4159,0.2344,0.5892
"LANO","269777_SW",269777,"SW","Northern Region",57.01497,-122.80521,4,1,TRUE,0.2567,0.6204,0.4856,0.7425
"LANO","271731_SW",271731,"SW","Kootenay Region",51.24146,-117.64962,9,3,TRUE,0.3689,0.7433,0.6391,0.8315
"LANO","273050_SE",273050,"SE","South Coastal Region",49.00511,-125.65145,3,0,FALSE,0.0816,0.927,0.8522,0.9703
"LANO","283586_NE",283586,"NE","Northern Region",54.3558,-128.5366,6,3,TRUE,0.5007,0.8889,0.7666,0.9619
"LANO","283586_NW",283586,"NW","Northern Region",54.3321,-128.6266,8,7,TRUE,0.9193,0.911,0.8296,0.9643
"LANO","283586_SE",283586,"SE","Northern Region",54.31162,-128.54374,8,8,TRUE,1,0.9292,0.8559,0.9739
"LANO","283586_SW",283586,"SW","Northern Region",54.2946,-128.581,8,7,TRUE,0.9521,0.8701,0.7387,0.9531
"LANO","294832_NE",294832,"NE","Northern Region",56.3348,-120.97877,8,8,TRUE,1,0.7844,0.6844,0.8664
"LANO","294832_NW",294832,"NW","Northern Region",56.33264,-121.00747,8,6,TRUE,0.8189,0.7687,0.6764,0.8481
"LANO","294832_SE",294832,"SE","Northern Region",56.30206,-120.94608,6,5,TRUE,0.8384,0.6626,0.5317,0.7738
"LANO","294832_SW",294832,"SW","Northern Region",56.30496,-121.00198,7,7,TRUE,1,0.603,0.4449,0.7396
"LANO","317428_NE",317428,"NE","South Coastal Region",49.06292,-120.79944,8,8,TRUE,1,0.7749,0.5832,0.9045
"LANO","317428_NW",317428,"NW","South Coastal Region",49.06417,-120.90943,8,5,TRUE,0.6289,0.6655,0.3857,0.8721
"LANO","317428_SE",317428,"SE","South Coastal Region",49.06053,-120.77309,7,7,TRUE,1,0.7834,0.5844,0.9138
"LANO","317428_SW",317428,"SW","South Coastal Region",49.04617,-120.85085,6,6,TRUE,1,0.7858,0.5848,0.919
"LANO","326072_NE",326072,"NE","South Coastal Region",49.09743,-122.51957,7,7,TRUE,1,0.9103,0.8282,0.9627
"LANO","326072_NW",326072,"NW","South Coastal Region",49.05235,-122.58989,9,9,TRUE,1,0.9143,0.8388,0.9641
"LANO","326072_SE",326072,"SE","South Coastal Region",49.0144,-122.52755,6,5,TRUE,0.9691,0.9197,0.8477,0.9662
"LANO","326072_SW",326072,"SW","South Coastal Region",49.01082,-122.58104,9,9,TRUE,1,0.9563,0.9018,0.9866
"LANO","37274_NE",37274,"NE","Northern Region",53.08874,-119.20318,6,2,TRUE,0.3479,0.6652,0.5146,0.7971
"LANO","37274_SE",37274,"SE","Northern Region",53.05051,-119.21418,5,5,TRUE,1,0.6907,0.5527,0.8083
"LANO","37274_SW",37274,"SW","Northern Region",53.03564,-119.22895,6,6,TRUE,1,0.5988,0.4391,0.7345
"LANO","38442_NW",38442,"NW","Okanagan Region",51.51999,-122.28978,6,6,TRUE,1,0.9504,0.9127,0.9764
"LANO","38442_SW",38442,"SW","Okanagan Region",51.50238,-122.28992,7,7,TRUE,1,0.9519,0.9142,0.9773
"LANO","42026_NE",42026,"NE","Northern Region",55.85527,-121.65345,3,2,TRUE,0.6816,0.7606,0.6645,0.8413
"LANO","42026_NW",42026,"NW","Northern Region",55.83616,-121.71691,3,3,TRUE,1,0.7363,0.63,0.8262
"LANO","42026_SE",42026,"SE","Northern Region",55.81797,-121.66405,3,3,TRUE,1,0.7982,0.7119,0.8705
"LANO","42026_SW",42026,"SW","Northern Region",55.81131,-121.70131,3,2,TRUE,0.6836,0.7809,0.6981,0.8532
"LANO","47210_NW",47210,"NW","Okanagan Region",49.84159,-119.9783,3,3,TRUE,1,0.8885,0.7727,0.9613
"LANO","47210_SE",47210,"SE","Okanagan Region",49.79638,-119.86985,3,3,TRUE,1,0.9086,0.8306,0.9617
"LANO","47210_SW",47210,"SW","Okanagan Region",49.79097,-119.95267,2,2,TRUE,1,0.864,0.7745,0.9302
"LANO","47322_NE",47322,"NE","Northern Region",55.69808,-120.43213,8,4,TRUE,0.5124,0.6715,0.5485,0.7792
"LANO","47322_NW",47322,"NW","Northern Region",55.70016,-120.48989,6,3,TRUE,0.502,0.7043,0.5973,0.7979
"LANO","47322_SE",47322,"SE","Northern Region",55.64597,-120.40102,5,3,TRUE,0.6109,0.6586,0.5214,0.7754
"LANO","47322_SW",47322,"SW","Northern Region",55.65446,-120.49465,8,4,TRUE,0.5278,0.7818,0.6999,0.8528
"LANO","57322_NE",57322,"NE","South Coastal Region",49.09454,-122.09881,7,7,TRUE,1,0.9187,0.8349,0.9686
"LANO","57322_NW",57322,"NW","South Coastal Region",49.07915,-122.16077,7,7,TRUE,1,0.9584,0.9158,0.9851
"LANO","57322_SE",57322,"SE","South Coastal Region",49.0141,-122.09198,7,6,TRUE,0.8843,0.8604,0.6995,0.9527
"LANO","57322_SW",57322,"SW","South Coastal Region",49.01663,-122.15131,7,6,TRUE,0.8643,0.962,0.9086,0.9898
"LANO","58842_NW",58842,"NW","Northern Region",54.79952,-121.1886,2,0,FALSE,0.002,0.7706,0.5984,0.903
"LANO","58842_SE",58842,"SE","Northern Region",54.73781,-121.16052,2,2,TRUE,1,0.7201,0.5305,0.8678
"LANO","58842_SW",58842,"SW","Northern Region",54.75716,-121.25541,2,1,TRUE,0.5187,0.6884,0.4818,0.8526
"LANO","5994_NE",5994,"NE","Kootenay Region",49.26067,-115.24894,5,4,TRUE,0.8004,0.8822,0.8213,0.9295
"LANO","5994_SE",5994,"SE","Kootenay Region",49.21228,-115.26277,5,4,TRUE,0.8,0.8048,0.717,0.8777
"LANO","60586_NW",60586,"NW","Kootenay Region",50.93041,-116.39001,6,6,TRUE,1,0.8429,0.7707,0.8991
"LANO","60586_SW",60586,"SW","Kootenay Region",50.90342,-116.39335,6,3,TRUE,0.5777,0.896,0.8122,0.9562
"LANO","6202_NE",6202,"NE","South Coastal Region",48.53741,-123.50119,6,5,TRUE,0.9076,0.9312,0.8751,0.97
"LANO","6202_NW",6202,"NW","South Coastal Region",48.50788,-123.60088,6,6,TRUE,1,0.923,0.8433,0.9707
"LANO","6202_SE",6202,"SE","South Coastal Region",48.48934,-123.5079,4,4,TRUE,1,0.9391,0.8848,0.9749
"LANO","6202_SW",6202,"SW","South Coastal Region",48.48637,-123.54913,7,7,TRUE,1,0.942,0.8892,0.9756
"LANO","70250_NW",70250,"NW","Kootenay Region",51.24583,-116.91793,6,6,TRUE,1,0.8098,0.7235,0.8771
"LANO","70250_SW",70250,"SW","Kootenay Region",51.20982,-116.89974,4,1,TRUE,0.3238,0.8688,0.8055,0.9186
"LANO","73002_NE",73002,"NE","Okanagan Region",50.85067,-121.87219,8,7,TRUE,0.8801,0.9377,0.8932,0.9698
"LANO","73002_SE",73002,"SE","Okanagan Region",50.82484,-121.86896,9,9,TRUE,1,0.9402,0.8714,0.979
"LANO","73002_SW",73002,"SW","Okanagan Region",50.80422,-121.87782,9,9,TRUE,1,0.9293,0.8716,0.9678
"LANO","73786_NW",73786,"NW","South Coastal Region",49.12334,-123.06198,9,9,TRUE,1,0.9253,0.8567,0.97
"LANO","73786_SE",73786,"SE","South Coastal Region",49.12604,-123.00163,9,9,TRUE,1,0.8906,0.7665,0.9619
"LANO","73786_SW",73786,"SW","South Coastal Region",49.10823,-123.07992,7,7,TRUE,1,0.9659,0.9049,0.9928
"LANO","77162_NE",77162,"NE","Kootenay Region",50.95478,-118.09975,5,2,TRUE,0.4071,0.5261,0.3416,0.6954
"LANO","77162_SW",77162,"SW","Kootenay Region",50.886,-118.10586,8,8,TRUE,1,0.8997,0.8365,0.9449
"LANO","79018_NE",79018,"NE","Kootenay Region",50.2021,-116.91007,8,8,TRUE,1,0.7836,0.6871,0.8606
"LANO","79018_NW",79018,"NW","Kootenay Region",50.19383,-116.94752,8,8,TRUE,1,0.8637,0.7866,0.9205
"LANO","79018_SE",79018,"SE","Kootenay Region",50.18723,-116.90419,8,8,TRUE,1,0.8433,0.7147,0.9281
"LANO","79018_SW",79018,"SW","Kootenay Region",50.17771,-116.95968,7,7,TRUE,1,0.9069,0.8509,0.9484
"LANO","86074_NE",86074,"NE","South Coastal Region",49.23087,-122.3056,7,7,TRUE,1,0.9277,0.8389,0.9756
"LANO","86074_NW",86074,"NW","South Coastal Region",49.18442,-122.40331,3,3,TRUE,1,0.9543,0.9098,0.9828
"LANO","86074_SE",86074,"SE","South Coastal Region",49.16962,-122.3193,4,4,TRUE,1,0.9599,0.904,0.9886
"LANO","86074_SW",86074,"SW","South Coastal Region",49.14174,-122.38204,6,6,TRUE,1,0.9311,0.8659,0.9728
"LANO","89962_NE",89962,"NE","Kootenay Region",49.07682,-117.5986,3,3,TRUE,1,0.8221,0.734,0.8905
"LANO","89962_SE",89962,"SE","Kootenay Region",49.00974,-117.57236,3,3,TRUE,1,0.9095,0.8406,0.955
"LANO","89962_SW",89962,"SW","Kootenay Region",49.0077,-117.63034,3,3,TRUE,1,0.8619,0.7672,0.9301
"LANO","93290_NE",93290,"NE","Okanagan Region",49.44361,-119.56535,6,6,TRUE,1,0.9315,0.8873,0.9651
"LANO","93290_NW",93290,"NW","Okanagan Region",49.41531,-119.6018,9,9,TRUE,1,0.9477,0.9081,0.9748
"LANO","93290_SE",93290,"SE","Okanagan Region",49.38433,-119.56165,8,8,TRUE,1,0.9616,0.9276,0.9838
"LANO","93290_SW",93290,"SW","Okanagan Region",49.37943,-119.59374,9,8,TRUE,0.8962,0.9054,0.8382,0.9544
"LANO","94522_NW",94522,"NW","Northern Region",53.10732,-131.86467,3,3,TRUE,1,0.9221,0.8546,0.9666
"LANO","94522_SE",94522,"SE","Northern Region",53.08196,-131.77925,3,3,TRUE,1,0.9032,0.8093,0.9633
"LANO","9466_NE",9466,"NE","Northern Region",57.34435,-125.50932,2,0,FALSE,0.0163,0.8181,0.7209,0.8959
"LANO","9466_NW",9466,"NW","Northern Region",57.3459,-125.55037,3,3,TRUE,1,0.8555,0.7336,0.9371
"LANO","9466_SE",9466,"SE","Northern Region",57.31575,-125.49037,3,2,TRUE,0.667,0.6862,0.5242,0.8258
"LANO","9466_SW",9466,"SW","Northern Region",57.29483,-125.51474,3,2,TRUE,0.6669,0.7813,0.6955,0.8542
"LANO","986_NE",986,"NE","Northern Region",53.188,-121.30225,8,7,TRUE,0.8755,0.7847,0.6347,0.9008
"LANO","986_SE",986,"SE","Northern Region",53.1392,-121.2577,6,5,TRUE,0.9025,0.711,0.5679,0.8319
"MYCA","110378_NE",110378,"NE","Okanagan Region",49.04717,-119.5574,8,7,TRUE,0.9028,0.742,0.6417,0.833
"MYCA","110378_NW",110378,"NW","Okanagan Region",49.03536,-119.57546,9,9,TRUE,1,0.8008,0.6902,0.8868
"MYCA","110378_SE",110378,"SE","Okanagan Region",49.01485,-119.53228,8,3,TRUE,0.5027,0.7436,0.6266,0.8427
"MYCA","110378_SW",110378,"SW","Okanagan Region",49.00412,-119.59552,9,9,TRUE,1,0.8174,0.7271,0.8902
"MYCA","111466_NE",111466,"NE","Kootenay Region",49.00129,-115.06184,2,2,TRUE,1,0.8075,0.726,0.8757
"MYCA","111466_NW",111466,"NW","Kootenay Region",49.01861,-115.09568,2,1,TRUE,0.5226,0.7177,0.6109,0.8144
"MYCA","114602_NE",114602,"NE","South Coastal Region",49.70588,-125.06708,5,5,TRUE,1,0.9034,0.8498,0.948
"MYCA","114602_NW",114602,"NW","South Coastal Region",49.67623,-125.13792,7,7,TRUE,1,0.8123,0.7256,0.8872
"MYCA","114602_SE",114602,"SE","South Coastal Region",49.65756,-125.0438,7,6,TRUE,0.9321,0.9345,0.8859,0.9718
"MYCA","114602_SW",114602,"SW","South Coastal Region",49.64146,-125.08654,7,7,TRUE,1,0.9093,0.8561,0.954
"MYCA","115322_NE",115322,"NE","Northern Region",52.37764,-125.98565,6,5,TRUE,0.9029,0.3052,0.1972,0.4332
"MYCA","115322_NW",115322,"NW","Northern Region",52.37481,-126.08159,8,8,TRUE,1,0.6814,0.4954,0.8327
"MYCA","115322_SE",115322,"SE","Northern Region",52.35752,-126.01253,7,6,TRUE,0.9072,0.4903,0.3505,0.6344
"MYCA","115322_SW",115322,"SW","Northern Region",52.34498,-126.07967,8,7,TRUE,0.9353,0.4871,0.3377,0.6341
"MYCA","1194_NW",1194,"NW","Kootenay Region",50.11749,-117.523,9,8,TRUE,0.9178,0.8161,0.7431,0.8802
"MYCA","1194_SW",1194,"SW","Kootenay Region",50.0903,-117.4679,4,4,TRUE,1,0.8996,0.8302,0.9494
"MYCA","12522_NE",12522,"NE","South Coastal Region",49.72155,-124.51563,4,3,TRUE,0.9156,0.9014,0.8447,0.949
"MYCA","12522_NW",12522,"NW","South Coastal Region",49.75757,-124.56308,5,3,TRUE,0.8482,0.8866,0.819,0.9417
"MYCA","12522_SE",12522,"SE","South Coastal Region",49.70213,-124.47636,6,4,TRUE,0.7926,0.9098,0.8506,0.9577
"MYCA","12522_SW",12522,"SW","South Coastal Region",49.7022,-124.52268,6,3,TRUE,0.6184,0.8813,0.8175,0.9345
"MYCA","127850_NE",127850,"NE","Kootenay Region",49.31307,-115.01912,4,1,TRUE,0.306,0.5391,0.4007,0.677
"MYCA","127850_NW",127850,"NW","Kootenay Region",49.3096,-115.05201,5,4,TRUE,0.8353,0.7063,0.6195,0.79
"MYCA","127850_SE",127850,"SE","Kootenay Region",49.28498,-114.95395,5,4,TRUE,0.8395,0.7261,0.6265,0.8137
"MYCA","127850_SW",127850,"SW","Kootenay Region",49.2671,-115.02532,7,6,TRUE,0.9157,0.6768,0.5711,0.7742
"MYCA","128058_NE",128058,"NE","South Coastal Region",48.84117,-123.42727,5,5,TRUE,1,0.8379,0.7323,0.9214
"MYCA","128058_NW",128058,"NW","South Coastal Region",48.82144,-123.48643,5,5,TRUE,1,0.9042,0.8445,0.9534
"MYCA","128058_SW",128058,"SW","South Coastal Region",48.79828,-123.47632,5,5,TRUE,1,0.8846,0.8206,0.9376
"MYCA","132650_SE",132650,"SE","Okanagan Region",51.81828,-122.42144,6,2,TRUE,0.4976,0.7704,0.6492,0.8687
"MYCA","132650_SW",132650,"SW","Okanagan Region",51.80225,-122.46284,5,0,FALSE,0.0108,0.7257,0.6104,0.8317
"MYCA","137274_NE",137274,"NE","South Coastal Region",48.79,-123.6988,5,5,TRUE,1,0.944,0.8978,0.9774
"MYCA","137274_NW",137274,"NW","South Coastal Region",48.7891,-123.719,6,6,TRUE,1,0.9205,0.8716,0.9614
"MYCA","137274_SE",137274,"SE","South Coastal Region",48.7539,-123.6447,6,6,TRUE,1,0.9467,0.9025,0.9786
"MYCA","143274_NE",143274,"NE","South Coastal Region",50.3377,-122.8012,7,7,TRUE,1,0.8629,0.7958,0.9209
"MYCA","143274_NW",143274,"NW","South Coastal Region",50.3446,-122.8479,7,5,TRUE,0.8631,0.8901,0.8293,0.9405
"MYCA","143274_SE",143274,"SE","South Coastal Region",50.3004,-122.758,7,7,TRUE,1,0.8941,0.835,0.9441
"MYCA","143274_SW",143274,"SW","South Coastal Region",50.2961,-122.8048,7,6,TRUE,0.9658,0.8462,0.7727,0.9095
"MYCA","145578_NE",145578,"NE","Kootenay Region",49.93178,-115.65558,7,6,TRUE,0.9023,0.8091,0.6976,0.8979
"MYCA","145578_NW",145578,"NW","Kootenay Region",49.93544,-115.67497,6,4,TRUE,0.6988,0.6694,0.5685,0.7672
"MYCA","145578_SE",145578,"SE","Kootenay Region",49.89983,-115.64222,7,7,TRUE,1,0.7954,0.6991,0.8728
"MYCA","145578_SW",145578,"SW","Kootenay Region",49.89589,-115.695,7,7,TRUE,1,0.8403,0.7495,0.9107
"MYCA","16426_NE",16426,"NE","Northern Region",54.82137,-123.35579,6,0,FALSE,0.0112,0.1675,0.1049,0.241
"MYCA","16426_SE",16426,"SE","Northern Region",54.81895,-123.33997,5,4,TRUE,0.8793,0.1912,0.1247,0.2721
"MYCA","172090_NE",172090,"NE","South Coastal Region",49.37012,-122.94857,6,5,TRUE,0.9091,0.623,0.4306,0.7956
"MYCA","172090_NW",172090,"NW","South Coastal Region",49.34683,-123.00985,5,3,TRUE,0.841,0.844,0.7631,0.9124
"MYCA","172090_SE",172090,"SE","South Coastal Region",49.32364,-122.97036,5,5,TRUE,1,0.841,0.7389,0.9206
"MYCA","172090_SW",172090,"SW","South Coastal Region",49.31421,-123.01406,6,6,TRUE,1,0.9332,0.8853,0.9705
"MYCA","175354_SE",175354,"SE","Northern Region",59.42418,-125.94917,3,0,FALSE,0.0427,0.2548,0.126,0.412
"MYCA","175354_SW",175354,"SW","Northern Region",59.40931,-126.09868,5,0,FALSE,0.011,0.2417,0.1293,0.3825
"MYCA","17706_NW",17706,"NW","Northern Region",51.97601,-120.10368,2,1,TRUE,0.6072,0.1821,0.1045,0.2834
"MYCA","17706_SE",17706,"SE","Northern Region",51.9408,-120.01683,5,5,TRUE,1,0.2473,0.1483,0.3715
"MYCA","17706_SW",17706,"SW","Northern Region",51.94316,-120.06784,4,3,TRUE,0.7853,0.1939,0.1236,0.277
"MYCA","186330_NE",186330,"NE","Northern Region",55.95727,-122.58949,2,0,FALSE,7e-04,0.248,0.1373,0.378
"MYCA","186330_NW",186330,"NW","Northern Region",55.94606,-122.65922,2,0,FALSE,6e-04,0.2927,0.1993,0.3977
"MYCA","186490_NW",186490,"NW","Northern Region",54.754,-127.12678,8,4,TRUE,0.5481,0.2907,0.1807,0.4136
"MYCA","186490_SE",186490,"SE","Northern Region",54.72257,-126.99742,6,0,FALSE,0.003,0.2032,0.1358,0.2815
"MYCA","186490_SW",186490,"SW","Northern Region",54.72278,-127.05397,9,5,TRUE,0.5817,0.311,0.204,0.4287
"MYCA","194666_NE",194666,"NE","Okanagan Region",50.23014,-119.32344,6,5,TRUE,0.9034,0.8355,0.7479,0.9062
"MYCA","194666_SW",194666,"SW","Okanagan Region",50.16915,-119.41081,6,4,TRUE,0.708,0.6888,0.5708,0.7982
"MYCA","20330_NE",20330,"NE","Kootenay Region",49.42454,-117.72865,7,5,TRUE,0.7524,0.7345,0.6469,0.8143
"MYCA","20330_SE",20330,"SE","Kootenay Region",49.3813,-117.67793,8,7,TRUE,0.9406,0.8236,0.7393,0.8935
"MYCA","206394_NE",206394,"NE","Northern Region",53.63655,-132.05056,4,2,TRUE,0.5272,0.6276,0.4583,0.7794
"MYCA","206394_NW",206394,"NW","Northern Region",53.6372,-132.16251,4,3,TRUE,0.7644,0.6322,0.4626,0.7871
"MYCA","206394_SE",206394,"SE","Northern Region",53.60877,-131.99988,4,3,TRUE,0.7673,0.6596,0.5014,0.7974
"MYCA","206394_SW",206394,"SW","Northern Region",53.57324,-132.11579,4,3,TRUE,0.7622,0.5463,0.4064,0.6952
"MYCA","20730_NE",20730,"NE","Northern Region",56.79525,-124.90059,3,0,FALSE,0.0018,0.3908,0.2264,0.5723
"MYCA","20730_NW",20730,"NW","Northern Region",56.79948,-124.97614,3,0,FALSE,0.0011,0.3562,0.2133,0.5128
"MYCA","20730_SE",20730,"SE","Northern Region",56.78457,-124.88544,3,0,FALSE,0.0021,0.2534,0.1774,0.3377
"MYCA","20730_SW",20730,"SW","Northern Region",56.76456,-124.98588,2,0,FALSE,0.0031,0.2416,0.1686,0.3234
"MYCA","212266_NE",212266,"NE","Okanagan Region",50.751409,-120.480005,9,8,TRUE,0.9393,0.7826,0.6453,0.8908
"MYCA","212266_NW",212266,"NW","Okanagan Region",50.777508,-120.5598176,8,7,TRUE,0.9261,0.6165,0.4809,0.7441
"MYCA","212266_SE",212266,"SE","Okanagan Region",50.714878,-120.492405,8,4,TRUE,0.5413,0.8804,0.8054,0.939
"MYCA","212266_SW",212266,"SW","Okanagan Region",50.732357,-120.521811,8,7,TRUE,0.9641,0.8804,0.8058,0.9378
"MYCA","212906_NW",212906,"NW","South Coastal Region",49.36971,-124.79984,7,6,TRUE,0.9143,0.9137,0.8543,0.9594
"MYCA","212906_SE",212906,"SE","South Coastal Region",49.35175,-124.74136,7,7,TRUE,1,0.9014,0.8207,0.958
"MYCA","212906_SW",212906,"SW","South Coastal Region",49.33595,-124.7423,6,5,TRUE,0.8639,0.879,0.7998,0.94
"MYCA","216746_NW",216746,"NW","South Coastal Region",49.10675,-125.78544,5,4,TRUE,0.829,0.9546,0.9014,0.9859
"MYCA","216746_SE",216746,"SE","South Coastal Region",49.07768,-125.74644,8,5,TRUE,0.7122,0.8607,0.7652,0.9316
"MYCA","218282_SE",218282,"SE","Kootenay Region",50.13833,-117.55672,5,4,TRUE,0.8896,0.8776,0.783,0.9439
"MYCA","218282_SW",218282,"SW","Kootenay Region",50.15094,-117.6221,6,6,TRUE,1,0.8295,0.7449,0.8982
"MYCA","219626_SW",219626,"SW","South Coastal Region",48.92819,-125.25,2,2,TRUE,1,0.8805,0.7904,0.9427
"MYCA","226090_NE",226090,"NE","Okanagan Region",50.10929,-120.45236,6,2,TRUE,0.4995,0.5784,0.4118,0.7377
"MYCA","226090_NW",226090,"NW","Okanagan Region",50.0999,-120.50647,7,4,TRUE,0.6583,0.8491,0.7556,0.9188
"MYCA","226090_SE",226090,"SE","Okanagan Region",50.07156,-120.42266,6,2,TRUE,0.441,0.537,0.3785,0.7022
"MYCA","230186_NE",230186,"NE","Okanagan Region",49.01457,-121.07198,5,4,TRUE,0.8431,0.822,0.7198,0.9073
"MYCA","230186_SE",230186,"SE","Okanagan Region",48.97511,-121.08329,6,6,TRUE,1,0.7418,0.5515,0.8827
"MYCA","241002_NE",241002,"NE","Kootenay Region",51.03817,-118.1357,9,3,TRUE,0.346,0.3003,0.1584,0.4622
"MYCA","241002_NW",241002,"NW","Kootenay Region",51.01597,-118.20292,9,4,TRUE,0.4895,0.8341,0.7426,0.9075
"MYCA","243562_NE",243562,"NE","Kootenay Region",49.69966,-115.98498,7,4,TRUE,0.5864,0.7369,0.5936,0.8556
"MYCA","243562_SE",243562,"SE","Kootenay Region",49.65068,-115.94692,6,3,TRUE,0.5291,0.6392,0.5212,0.7486
"MYCA","252394_NW",252394,"NW","South Coastal Region",48.79865,-125.16568,2,2,TRUE,1,0.9231,0.8678,0.9655
"MYCA","26170_NE",26170,"NE","Northern Region",53.62052,-132.20883,4,3,TRUE,0.7636,0.6158,0.4837,0.7442
"MYCA","26170_NW",26170,"NW","Northern Region",53.60452,-132.28837,3,3,TRUE,1,0.6232,0.4758,0.7657
"MYCA","26170_SE",26170,"SE","Northern Region",53.58901,-132.17695,4,4,TRUE,1,0.5747,0.4382,0.7089
"MYCA","26170_SW",26170,"SW","Northern Region",53.56895,-132.23042,4,4,TRUE,1,0.5552,0.3924,0.7097
"MYCA","265749_NE",265749,"NE","Okanagan Region",49.15892,-119.03758,6,6,TRUE,1,0.7154,0.5343,0.8443
"MYCA","265749_NW",265749,"NW","Okanagan Region",49.16674,-119.10324,8,8,TRUE,1,0.7304,0.5732,0.8566
"MYCA","265749_SE",265749,"SE","Okanagan Region",49.11153,-118.97698,8,8,TRUE,1,0.828,0.7496,0.8956
"MYCA","265749_SW",265749,"SW","Okanagan Region",49.11337,-119.05299,8,8,TRUE,1,0.7876,0.6364,0.8954
"MYCA","268521_NE",268521,"NE","Kootenay Region",49.49916,-115.03962,6,3,TRUE,0.5993,0.7418,0.6264,0.8418
"MYCA","268521_NW",268521,"NW","Kootenay Region",49.48855,-115.09812,6,1,TRUE,0.1857,0.6505,0.5515,0.7445
"MYCA","268521_SE",268521,"SE","Kootenay Region",49.44083,-115.05634,7,4,TRUE,0.6619,0.8355,0.6987,0.931
"MYCA","269777_NW",269777,"NW","Northern Region",57.04083,-122.86281,4,0,FALSE,0.0071,0.0461,0.0145,0.1035
"MYCA","269777_SW",269777,"SW","Northern Region",57.01497,-122.80521,4,0,FALSE,0.0169,0.1486,0.089,0.2218
"MYCA","271731_SW",271731,"SW","Kootenay Region",51.24146,-117.64962,9,0,FALSE,0.0176,0.6281,0.5112,0.7408
"MYCA","273050_SE",273050,"SE","South Coastal Region",49.00511,-125.65145,3,2,TRUE,0.7127,0.8897,0.8163,0.9439
"MYCA","283586_NE",283586,"NE","Northern Region",54.3558,-128.5366,6,4,TRUE,0.7436,0.5915,0.4209,0.7521
"MYCA","283586_NW",283586,"NW","Northern Region",54.3321,-128.6266,8,4,TRUE,0.6066,0.6057,0.4586,0.7454
"MYCA","283586_SE",283586,"SE","Northern Region",54.31162,-128.54374,8,6,TRUE,0.876,0.6821,0.4968,0.8332
"MYCA","283586_SW",283586,"SW","Northern Region",54.2946,-128.581,8,1,TRUE,0.1648,0.5416,0.3732,0.703
"MYCA","294832_NE",294832,"NE","Northern Region",56.3348,-120.97877,8,0,FALSE,0.007,0.285,0.1781,0.4136
"MYCA","294832_NW",294832,"NW","Northern Region",56.33264,-121.00747,8,0,FALSE,0.0011,0.2542,0.1691,0.3554
"MYCA","294832_SE",294832,"SE","Northern Region",56.30206,-120.94608,6,0,FALSE,0.0049,0.1863,0.115,0.2712
"MYCA","294832_SW",294832,"SW","Northern Region",56.30496,-121.00198,7,0,FALSE,0.0024,0.1586,0.0864,0.2497
"MYCA","317428_NE",317428,"NE","South Coastal Region",49.06292,-120.79944,8,6,TRUE,0.773,0.5409,0.3531,0.717
"MYCA","317428_NW",317428,"NW","South Coastal Region",49.06417,-120.90943,8,1,TRUE,0.1439,0.4023,0.2079,0.6058
"MYCA","317428_SE",317428,"SE","South Coastal Region",49.06053,-120.77309,7,5,TRUE,0.7745,0.5697,0.3823,0.737
"MYCA","317428_SW",317428,"SW","South Coastal Region",49.04617,-120.85085,6,6,TRUE,1,0.5378,0.2875,0.7718
"MYCA","326072_NE",326072,"NE","South Coastal Region",49.09743,-122.51957,7,5,TRUE,0.8967,0.8638,0.7858,0.9268
"MYCA","326072_NW",326072,"NW","South Coastal Region",49.05235,-122.58989,9,7,TRUE,0.9029,0.8686,0.7884,0.9297
"MYCA","326072_SE",326072,"SE","South Coastal Region",49.0144,-122.52755,6,5,TRUE,0.9386,0.878,0.8027,0.9357
"MYCA","326072_SW",326072,"SW","South Coastal Region",49.01082,-122.58104,9,9,TRUE,1,0.9351,0.883,0.9739
"MYCA","37274_NE",37274,"NE","Northern Region",53.08874,-119.20318,6,0,FALSE,0.0021,0.158,0.0749,0.2763
"MYCA","37274_SE",37274,"SE","Northern Region",53.05051,-119.21418,5,2,TRUE,0.4041,0.1822,0.1095,0.2688
"MYCA","37274_SW",37274,"SW","Northern Region",53.03564,-119.22895,6,1,TRUE,0.1947,0.1546,0.0834,0.2465
"MYCA","38442_NW",38442,"NW","Okanagan Region",51.51999,-122.28978,6,6,TRUE,1,0.893,0.8272,0.9439
"MYCA","38442_SW",38442,"SW","Okanagan Region",51.50238,-122.28992,7,4,TRUE,0.7853,0.894,0.8278,0.9445
"MYCA","42026_NE",42026,"NE","Northern Region",55.85527,-121.65345,3,0,FALSE,0.0011,0.2369,0.1592,0.3301
"MYCA","42026_NW",42026,"NW","Northern Region",55.83616,-121.71691,3,0,FALSE,0.0026,0.2224,0.1487,0.3066
"MYCA","42026_SE",42026,"SE","Northern Region",55.81797,-121.66405,3,0,FALSE,0.0012,0.2827,0.1938,0.3839
"MYCA","42026_SW",42026,"SW","Northern Region",55.81131,-121.70131,3,0,FALSE,1e-04,0.267,0.178,0.3681
"MYCA","47210_NW",47210,"NW","Okanagan Region",49.84159,-119.9783,3,3,TRUE,1,0.6692,0.4638,0.8269
"MYCA","47210_SE",47210,"SE","Okanagan Region",49.79638,-119.86985,3,3,TRUE,1,0.7462,0.6054,0.8565
"MYCA","47210_SW",47210,"SW","Okanagan Region",49.79097,-119.95267,2,2,TRUE,1,0.6168,0.4705,0.7519
"MYCA","47322_NE",47322,"NE","Northern Region",55.69808,-120.43213,8,0,FALSE,0.0028,0.1679,0.1003,0.2541
"MYCA","47322_NW",47322,"NW","Northern Region",55.70016,-120.48989,6,0,FALSE,0.0042,0.212,0.1419,0.2931
"MYCA","47322_SE",47322,"SE","Northern Region",55.64597,-120.40102,5,0,FALSE,0.0073,0.1729,0.1007,0.2663
"MYCA","47322_SW",47322,"SW","Northern Region",55.65446,-120.49465,8,0,FALSE,0.0059,0.26,0.1812,0.3491
"MYCA","57322_NE",57322,"NE","South Coastal Region",49.09454,-122.09881,7,4,TRUE,0.7006,0.8807,0.8085,0.9391
"MYCA","57322_NW",57322,"NW","South Coastal Region",49.07915,-122.16077,7,6,TRUE,0.9724,0.9411,0.8978,0.9752
"MYCA","57322_SE",57322,"SE","South Coastal Region",49.0141,-122.09198,7,5,TRUE,0.785,0.8111,0.7115,0.8942
"MYCA","57322_SW",57322,"SW","South Coastal Region",49.01663,-122.15131,7,5,TRUE,0.7655,0.9429,0.8926,0.9778
"MYCA","58842_NW",58842,"NW","Northern Region",54.79952,-121.1886,2,0,FALSE,0.0034,0.3,0.1511,0.4714
"MYCA","58842_SE",58842,"SE","Northern Region",54.73781,-121.16052,2,0,FALSE,0.002,0.2248,0.1051,0.381
"MYCA","58842_SW",58842,"SW","Northern Region",54.75716,-121.25541,2,0,FALSE,0.0022,0.2169,0.098,0.3779
"MYCA","5994_NE",5994,"NE","Kootenay Region",49.26067,-115.24894,5,4,TRUE,0.8424,0.8493,0.7759,0.9081
"MYCA","5994_SE",5994,"SE","Kootenay Region",49.21228,-115.26277,5,4,TRUE,0.8359,0.7521,0.6472,0.8442
"MYCA","60586_NW",60586,"NW","Kootenay Region",50.93041,-116.39001,6,6,TRUE,1,0.7629,0.6833,0.8375
"MYCA","60586_SW",60586,"SW","Kootenay Region",50.90342,-116.39335,6,6,TRUE,1,0.8835,0.7743,0.9555
"MYCA","6202_NE",6202,"NE","South Coastal Region",48.53741,-123.50119,6,6,TRUE,1,0.8881,0.8209,0.9426
"MYCA","6202_NW",6202,"NW","South Coastal Region",48.50788,-123.60088,6,4,TRUE,0.9232,0.865,0.779,0.9331
"MYCA","6202_SE",6202,"SE","South Coastal Region",48.48934,-123.5079,4,4,TRUE,1,0.9043,0.847,0.9521
"MYCA","6202_SW",6202,"SW","South Coastal Region",48.48637,-123.54913,7,6,TRUE,0.9608,0.9147,0.8613,0.9573
"MYCA","70250_NW",70250,"NW","Kootenay Region",51.24583,-116.91793,6,3,TRUE,0.5533,0.7368,0.6457,0.8225
"MYCA","70250_SW",70250,"SW","Kootenay Region",51.20982,-116.89974,4,0,FALSE,0.0367,0.8191,0.7397,0.8844
"MYCA","73002_NE",73002,"NE","Okanagan Region",50.85067,-121.87219,8,1,TRUE,0.1401,0.8682,0.7924,0.9302
"MYCA","73002_SE",73002,"SE","Okanagan Region",50.82484,-121.86896,9,5,TRUE,0.6301,0.8156,0.6975,0.9041
"MYCA","73002_SW",73002,"SW","Okanagan Region",50.80422,-121.87782,9,9,TRUE,1,0.8049,0.7139,0.8827
"MYCA","73786_NW",73786,"NW","South Coastal Region",49.12334,-123.06198,9,6,TRUE,0.7409,0.8879,0.8148,0.9437
"MYCA","73786_SE",73786,"SE","South Coastal Region",49.12604,-123.00163,9,8,TRUE,0.9654,0.8447,0.7469,0.9225
"MYCA","73786_SW",73786,"SW","South Coastal Region",49.10823,-123.07992,7,7,TRUE,1,0.9538,0.8988,0.986
"MYCA","77162_NE",77162,"NE","Kootenay Region",50.95478,-118.09975,5,4,TRUE,0.8081,0.2798,0.1517,0.4304
"MYCA","77162_SW",77162,"SW","Kootenay Region",50.886,-118.10586,8,8,TRUE,1,0.8627,0.7967,0.9172
"MYCA","79018_NE",79018,"NE","Kootenay Region",50.2021,-116.91007,8,8,TRUE,1,0.6764,0.5782,0.7729
"MYCA","79018_NW",79018,"NW","Kootenay Region",50.19383,-116.94752,8,8,TRUE,1,0.8408,0.7596,0.9076
"MYCA","79018_SE",79018,"SE","Kootenay Region",50.18723,-116.90419,8,6,TRUE,0.784,0.7596,0.6386,0.8651
"MYCA","79018_SW",79018,"SW","Kootenay Region",50.17771,-116.95968,7,7,TRUE,1,0.8896,0.8265,0.9374
"MYCA","86074_NE",86074,"NE","South Coastal Region",49.23087,-122.3056,7,2,TRUE,0.2967,0.8982,0.8291,0.9484
"MYCA","86074_NW",86074,"NW","South Coastal Region",49.18442,-122.40331,3,3,TRUE,1,0.9334,0.8869,0.9701
"MYCA","86074_SE",86074,"SE","South Coastal Region",49.16962,-122.3193,4,4,TRUE,1,0.9407,0.889,0.9768
"MYCA","86074_SW",86074,"SW","South Coastal Region",49.14174,-122.38204,6,4,TRUE,0.8239,0.8961,0.8322,0.9474
"MYCA","89962_NE",89962,"NE","Kootenay Region",49.07682,-117.5986,3,3,TRUE,1,0.7758,0.6814,0.8602
"MYCA","89962_SE",89962,"SE","Kootenay Region",49.00974,-117.57236,3,3,TRUE,1,0.8579,0.7794,0.9192
"MYCA","89962_SW",89962,"SW","Kootenay Region",49.0077,-117.63034,3,3,TRUE,1,0.8635,0.7692,0.9329
"MYCA","93290_NE",93290,"NE","Okanagan Region",49.44361,-119.56535,6,5,TRUE,0.8643,0.8542,0.7679,0.92
"MYCA","93290_NW",93290,"NW","Okanagan Region",49.41531,-119.6018,9,9,TRUE,1,0.8759,0.8071,0.9318
"MYCA","93290_SE",93290,"SE","Okanagan Region",49.38433,-119.56165,8,8,TRUE,1,0.92,0.8587,0.9631
"MYCA","93290_SW",93290,"SW","Okanagan Region",49.37943,-119.59374,9,6,TRUE,0.6864,0.7829,0.6786,0.8771
"MYCA","94522_NW",94522,"NW","Northern Region",53.10732,-131.86467,3,3,TRUE,1,0.6477,0.5083,0.7749
"MYCA","94522_SE",94522,"SE","Northern Region",53.08196,-131.77925,3,2,TRUE,0.7277,0.5656,0.4083,0.7127
"MYCA","9466_NE",9466,"NE","Northern Region",57.34435,-125.50932,2,0,FALSE,0.0034,0.311,0.1978,0.4376
"MYCA","9466_NW",9466,"NW","Northern Region",57.3459,-125.55037,3,0,FALSE,0.001,0.4021,0.2195,0.5906
"MYCA","9466_SE",9466,"SE","Northern Region",57.31575,-125.49037,3,0,FALSE,0.0024,0.2233,0.1254,0.3398
"MYCA","9466_SW",9466,"SW","Northern Region",57.29483,-125.51474,3,0,FALSE,7e-04,0.2547,0.1727,0.3512
"MYCA","986_NE",986,"NE","Northern Region",53.188,-121.30225,8,2,TRUE,0.2536,0.3419,0.1515,0.5709
"MYCA","986_SE",986,"SE","Northern Region",53.1392,-121.2577,6,0,FALSE,0.0085,0.1964,0.0972,0.3293
"MYCI","110378_NE",110378,"NE","Okanagan Region",49.04717,-119.5574,8,7,TRUE,0.9276,0.6975,0.5908,0.7988
"MYCI","110378_NW",110378,"NW","Okanagan Region",49.03536,-119.57546,9,9,TRUE,1,0.8585,0.7368,0.9446
"MYCI","110378_SE",110378,"SE","Okanagan Region",49.01485,-119.53228,8,6,TRUE,0.7751,0.7726,0.6421,0.8817
"MYCI","110378_SW",110378,"SW","Okanagan Region",49.00412,-119.59552,9,9,TRUE,1,0.8458,0.749,0.9202
"MYCI","111466_NE",111466,"NE","Kootenay Region",49.00129,-115.06184,2,2,TRUE,1,0.1777,0.1019,0.2736
"MYCI","111466_NW",111466,"NW","Kootenay Region",49.01861,-115.09568,2,1,TRUE,0.5047,0.1149,0.0613,0.1875
"MYCI","114602_NE",114602,"NE","South Coastal Region",49.70588,-125.06708,5,0,FALSE,0.0045,0.0567,0.025,0.1083
"MYCI","114602_NW",114602,"NW","South Coastal Region",49.67623,-125.13792,7,1,TRUE,0.1452,0.0457,0.0213,0.0825
"MYCI","114602_SE",114602,"SE","South Coastal Region",49.65756,-125.0438,7,0,FALSE,4e-04,0.0938,0.0362,0.1766
"MYCI","114602_SW",114602,"SW","South Coastal Region",49.64146,-125.08654,7,0,FALSE,3e-04,0.0751,0.0355,0.1351
"MYCI","115322_NE",115322,"NE","Northern Region",52.37764,-125.98565,6,0,FALSE,0,0,0,0
"MYCI","115322_NW",115322,"NW","Northern Region",52.37481,-126.08159,8,0,FALSE,0,0,0,0
"MYCI","115322_SE",115322,"SE","Northern Region",52.35752,-126.01253,7,0,FALSE,0,0,0,0
"MYCI","115322_SW",115322,"SW","Northern Region",52.34498,-126.07967,8,0,FALSE,0,0,0,0
"MYCI","1194_NW",1194,"NW","Kootenay Region",50.11749,-117.523,9,0,FALSE,0.0011,0.1807,0.1035,0.2811
"MYCI","1194_SW",1194,"SW","Kootenay Region",50.0903,-117.4679,4,0,FALSE,0.0019,0.2882,0.1421,0.4938
"MYCI","12522_NE",12522,"NE","South Coastal Region",49.72155,-124.51563,4,0,FALSE,9e-04,0.0704,0.0322,0.1308
"MYCI","12522_NW",12522,"NW","South Coastal Region",49.75757,-124.56308,5,0,FALSE,0.0026,0.0507,0.0184,0.1051
"MYCI","12522_SE",12522,"SE","South Coastal Region",49.70213,-124.47636,6,0,FALSE,0.0013,0.0625,0.0232,0.1271
"MYCI","12522_SW",12522,"SW","South Coastal Region",49.7022,-124.52268,6,0,FALSE,0.0023,0.0555,0.0262,0.1021
"MYCI","127850_NE",127850,"NE","Kootenay Region",49.31307,-115.01912,4,0,FALSE,0.0076,0.1423,0.0565,0.2616
"MYCI","127850_NW",127850,"NW","Kootenay Region",49.3096,-115.05201,5,0,FALSE,0.0134,0.1238,0.0707,0.1938
"MYCI","127850_SE",127850,"SE","Kootenay Region",49.28498,-114.95395,5,0,FALSE,0.0152,0.1692,0.0944,0.2775
"MYCI","127850_SW",127850,"SW","Kootenay Region",49.2671,-115.02532,7,0,FALSE,0.0077,0.0989,0.0548,0.156
"MYCI","128058_NE",128058,"NE","South Coastal Region",48.84117,-123.42727,5,0,FALSE,0.0012,0.0477,0.0166,0.1036
"MYCI","128058_NW",128058,"NW","South Coastal Region",48.82144,-123.48643,5,0,FALSE,4e-04,0.0905,0.0406,0.1716
"MYCI","128058_SW",128058,"SW","South Coastal Region",48.79828,-123.47632,5,0,FALSE,1e-04,0.0671,0.0322,0.1245
"MYCI","132650_SE",132650,"SE","Okanagan Region",51.81828,-122.42144,6,6,TRUE,1,0.7553,0.5947,0.8986
"MYCI","132650_SW",132650,"SW","Okanagan Region",51.80225,-122.46284,5,5,TRUE,1,0.6989,0.572,0.8225
"MYCI","137274_NE",137274,"NE","South Coastal Region",48.79,-123.6988,5,0,FALSE,6e-04,0.106,0.0395,0.2027
"MYCI","137274_NW",137274,"NW","South Coastal Region",48.7891,-123.719,6,0,FALSE,0.0044,0.0853,0.0391,0.1573
"MYCI","137274_SE",137274,"SE","South Coastal Region",48.7539,-123.6447,6,0,FALSE,5e-04,0.1165,0.045,0.2206
"MYCI","143274_NE",143274,"NE","South Coastal Region",50.3377,-122.8012,7,0,FALSE,0.0019,0.0562,0.0284,0.099
"MYCI","143274_NW",143274,"NW","South Coastal Region",50.3446,-122.8479,7,0,FALSE,6e-04,0.0465,0.0186,0.0953
"MYCI","143274_SE",143274,"SE","South Coastal Region",50.3004,-122.758,7,0,FALSE,6e-04,0.0538,0.0228,0.1038
"MYCI","143274_SW",143274,"SW","South Coastal Region",50.2961,-122.8048,7,0,FALSE,8e-04,0.0459,0.0223,0.0813
"MYCI","145578_NE",145578,"NE","Kootenay Region",49.93178,-115.65558,7,1,TRUE,0.1632,0.0975,0.0374,0.1935
"MYCI","145578_NW",145578,"NW","Kootenay Region",49.93544,-115.67497,6,0,FALSE,0.0187,0.1146,0.0575,0.191
"MYCI","145578_SE",145578,"SE","Kootenay Region",49.89983,-115.64222,7,6,TRUE,0.8618,0.1387,0.0703,0.2315
"MYCI","145578_SW",145578,"SW","Kootenay Region",49.89589,-115.695,7,5,TRUE,0.715,0.2159,0.108,0.3673
"MYCI","16426_NE",16426,"NE","Northern Region",54.82137,-123.35579,6,0,FALSE,0,0,0,0
"MYCI","16426_SE",16426,"SE","Northern Region",54.81895,-123.33997,5,0,FALSE,0,0,0,0
"MYCI","172090_NE",172090,"NE","South Coastal Region",49.37012,-122.94857,6,0,FALSE,0.0032,0.0736,0.0207,0.1689
"MYCI","172090_NW",172090,"NW","South Coastal Region",49.34683,-123.00985,5,0,FALSE,7e-04,0.049,0.0225,0.0909
"MYCI","172090_SE",172090,"SE","South Coastal Region",49.32364,-122.97036,5,0,FALSE,0.0043,0.0839,0.0283,0.1801
"MYCI","172090_SW",172090,"SW","South Coastal Region",49.31421,-123.01406,6,0,FALSE,0.0045,0.1058,0.0449,0.1905
"MYCI","175354_SE",175354,"SE","Northern Region",59.42418,-125.94917,3,0,FALSE,0,0,0,0
"MYCI","175354_SW",175354,"SW","Northern Region",59.40931,-126.09868,5,0,FALSE,0,0,0,0
"MYCI","17706_NW",17706,"NW","Northern Region",51.97601,-120.10368,2,0,FALSE,0,0,0,0
"MYCI","17706_SE",17706,"SE","Northern Region",51.9408,-120.01683,5,0,FALSE,0,0,0,0
"MYCI","17706_SW",17706,"SW","Northern Region",51.94316,-120.06784,4,0,FALSE,0,0,0,0
"MYCI","186330_NE",186330,"NE","Northern Region",55.95727,-122.58949,2,0,FALSE,0,0,0,0
"MYCI","186330_NW",186330,"NW","Northern Region",55.94606,-122.65922,2,0,FALSE,0,0,0,0
"MYCI","186490_NW",186490,"NW","Northern Region",54.754,-127.12678,8,0,FALSE,0,0,0,0
"MYCI","186490_SE",186490,"SE","Northern Region",54.72257,-126.99742,6,0,FALSE,0,0,0,0
"MYCI","186490_SW",186490,"SW","Northern Region",54.72278,-127.05397,9,0,FALSE,0,0,0,0
"MYCI","194666_NE",194666,"NE","Okanagan Region",50.23014,-119.32344,6,4,TRUE,0.756,0.8017,0.6791,0.9038
"MYCI","194666_SW",194666,"SW","Okanagan Region",50.16915,-119.41081,6,2,TRUE,0.3864,0.5878,0.45,0.7304
"MYCI","20330_NE",20330,"NE","Kootenay Region",49.42454,-117.72865,7,2,TRUE,0.3202,0.1264,0.0739,0.1927
"MYCI","20330_SE",20330,"SE","Kootenay Region",49.3813,-117.67793,8,2,TRUE,0.2553,0.1409,0.0737,0.2304
"MYCI","206394_NE",206394,"NE","Northern Region",53.63655,-132.05056,4,0,FALSE,0,0,0,0
"MYCI","206394_NW",206394,"NW","Northern Region",53.6372,-132.16251,4,0,FALSE,0,0,0,0
"MYCI","206394_SE",206394,"SE","Northern Region",53.60877,-131.99988,4,0,FALSE,0,0,0,0
"MYCI","206394_SW",206394,"SW","Northern Region",53.57324,-132.11579,4,0,FALSE,0,0,0,0
"MYCI","20730_NE",20730,"NE","Northern Region",56.79525,-124.90059,3,0,FALSE,0,0,0,0
"MYCI","20730_NW",20730,"NW","Northern Region",56.79948,-124.97614,3,0,FALSE,0,0,0,0
"MYCI","20730_SE",20730,"SE","Northern Region",56.78457,-124.88544,3,0,FALSE,0,0,0,0
"MYCI","20730_SW",20730,"SW","Northern Region",56.76456,-124.98588,2,0,FALSE,0,0,0,0
"MYCI","212266_NE",212266,"NE","Okanagan Region",50.751409,-120.480005,9,7,TRUE,0.8247,0.8481,0.6693,0.961
"MYCI","212266_NW",212266,"NW","Okanagan Region",50.777508,-120.5598176,8,4,TRUE,0.5295,0.5684,0.4261,0.726
"MYCI","212266_SE",212266,"SE","Okanagan Region",50.714878,-120.492405,8,5,TRUE,0.6262,0.8738,0.7695,0.9485
"MYCI","212266_SW",212266,"SW","Okanagan Region",50.732357,-120.521811,8,7,TRUE,0.9701,0.8773,0.7766,0.9496
"MYCI","212906_NW",212906,"NW","South Coastal Region",49.36971,-124.79984,7,0,FALSE,8e-04,0.0619,0.0217,0.1335
"MYCI","212906_SE",212906,"SE","South Coastal Region",49.35175,-124.74136,7,1,TRUE,0.1446,0.1142,0.04,0.2383
"MYCI","212906_SW",212906,"SW","South Coastal Region",49.33595,-124.7423,6,0,FALSE,0.0046,0.0825,0.031,0.1708
"MYCI","216746_NW",216746,"NW","South Coastal Region",49.10675,-125.78544,5,0,FALSE,0.0058,0.2091,0.0649,0.4549
"MYCI","216746_SE",216746,"SE","South Coastal Region",49.07768,-125.74644,8,0,FALSE,5e-04,0.0445,0.015,0.099
"MYCI","218282_SE",218282,"SE","Kootenay Region",50.13833,-117.55672,5,0,FALSE,9e-04,0.1215,0.0412,0.2517
"MYCI","218282_SW",218282,"SW","Kootenay Region",50.15094,-117.6221,6,0,FALSE,0.0015,0.2157,0.1178,0.3425
"MYCI","219626_SW",219626,"SW","South Coastal Region",48.92819,-125.25,2,0,FALSE,0.001,0.0496,0.0157,0.1149
"MYCI","226090_NE",226090,"NE","Okanagan Region",50.10929,-120.45236,6,1,TRUE,0.2124,0.5828,0.4038,0.7789
"MYCI","226090_NW",226090,"NW","Okanagan Region",50.0999,-120.50647,7,7,TRUE,1,0.9019,0.8045,0.9651
"MYCI","226090_SE",226090,"SE","Okanagan Region",50.07156,-120.42266,6,2,TRUE,0.3717,0.5859,0.4019,0.7848
"MYCI","230186_NE",230186,"NE","Okanagan Region",49.01457,-121.07198,5,0,FALSE,0.0084,0.7461,0.5751,0.8824
"MYCI","230186_SE",230186,"SE","Okanagan Region",48.97511,-121.08329,6,0,FALSE,0.0241,0.5695,0.336,0.8185
"MYCI","241002_NE",241002,"NE","Kootenay Region",51.03817,-118.1357,9,0,FALSE,0.0073,0.0859,0.0272,0.1795
"MYCI","241002_NW",241002,"NW","Kootenay Region",51.01597,-118.20292,9,0,FALSE,0.0028,0.2643,0.1322,0.4296
"MYCI","243562_NE",243562,"NE","Kootenay Region",49.69966,-115.98498,7,0,FALSE,0.0053,0.0885,0.0335,0.1721
"MYCI","243562_SE",243562,"SE","Kootenay Region",49.65068,-115.94692,6,2,TRUE,0.3389,0.0978,0.051,0.1609
"MYCI","252394_NW",252394,"NW","South Coastal Region",48.79865,-125.16568,2,0,FALSE,0.002,0.0732,0.026,0.1469
"MYCI","26170_NE",26170,"NE","Northern Region",53.62052,-132.20883,4,0,FALSE,0,0,0,0
"MYCI","26170_NW",26170,"NW","Northern Region",53.60452,-132.28837,3,0,FALSE,0,0,0,0
"MYCI","26170_SE",26170,"SE","Northern Region",53.58901,-132.17695,4,0,FALSE,0,0,0,0
"MYCI","26170_SW",26170,"SW","Northern Region",53.56895,-132.23042,4,0,FALSE,0,0,0,0
"MYCI","265749_NE",265749,"NE","Okanagan Region",49.15892,-119.03758,6,1,TRUE,0.1786,0.4656,0.2859,0.7001
"MYCI","265749_NW",265749,"NW","Okanagan Region",49.16674,-119.10324,8,6,TRUE,0.8996,0.7989,0.6121,0.931
"MYCI","265749_SE",265749,"SE","Okanagan Region",49.11153,-118.97698,8,5,TRUE,0.6422,0.7842,0.6794,0.8707
"MYCI","265749_SW",265749,"SW","Okanagan Region",49.11337,-119.05299,8,5,TRUE,0.6836,0.6348,0.4052,0.8479
"MYCI","268521_NE",268521,"NE","Kootenay Region",49.49916,-115.03962,6,0,FALSE,0.0035,0.1841,0.0938,0.3192
"MYCI","268521_NW",268521,"NW","Kootenay Region",49.48855,-115.09812,6,0,FALSE,0.0161,0.1071,0.0607,0.1686
"MYCI","268521_SE",268521,"SE","Kootenay Region",49.44083,-115.05634,7,0,FALSE,0.0017,0.3321,0.12,0.6532
"MYCI","269777_NW",269777,"NW","Northern Region",57.04083,-122.86281,4,0,FALSE,0,0,0,0
"MYCI","269777_SW",269777,"SW","Northern Region",57.01497,-122.80521,4,0,FALSE,0,0,0,0
"MYCI","271731_SW",271731,"SW","Kootenay Region",51.24146,-117.64962,9,0,FALSE,0.008,0.1226,0.0631,0.2038
"MYCI","273050_SE",273050,"SE","South Coastal Region",49.00511,-125.65145,3,1,TRUE,0.3499,0.054,0.0199,0.1147
"MYCI","283586_NE",283586,"NE","Northern Region",54.3558,-128.5366,6,0,FALSE,0,0,0,0
"MYCI","283586_NW",283586,"NW","Northern Region",54.3321,-128.6266,8,0,FALSE,0,0,0,0
"MYCI","283586_SE",283586,"SE","Northern Region",54.31162,-128.54374,8,0,FALSE,0,0,0,0
"MYCI","283586_SW",283586,"SW","Northern Region",54.2946,-128.581,8,0,FALSE,0,0,0,0
"MYCI","294832_NE",294832,"NE","Northern Region",56.3348,-120.97877,8,0,FALSE,0,0,0,0
"MYCI","294832_NW",294832,"NW","Northern Region",56.33264,-121.00747,8,0,FALSE,0,0,0,0
"MYCI","294832_SE",294832,"SE","Northern Region",56.30206,-120.94608,6,0,FALSE,0,0,0,0
"MYCI","294832_SW",294832,"SW","Northern Region",56.30496,-121.00198,7,0,FALSE,0,0,0,0
"MYCI","317428_NE",317428,"NE","South Coastal Region",49.06292,-120.79944,8,1,TRUE,0.1262,0.0429,0.0113,0.103
"MYCI","317428_NW",317428,"NW","South Coastal Region",49.06417,-120.90943,8,0,FALSE,0.0034,0.0719,0.0144,0.177
"MYCI","317428_SE",317428,"SE","South Coastal Region",49.06053,-120.77309,7,0,FALSE,0.0022,0.0404,0.0106,0.0972
"MYCI","317428_SW",317428,"SW","South Coastal Region",49.04617,-120.85085,6,1,TRUE,0.1757,0.0578,0.0091,0.1617
"MYCI","326072_NE",326072,"NE","South Coastal Region",49.09743,-122.51957,7,0,FALSE,4e-04,0.0598,0.0273,0.1133
"MYCI","326072_NW",326072,"NW","South Coastal Region",49.05235,-122.58989,9,1,TRUE,0.1123,0.0584,0.0258,0.1107
"MYCI","326072_SE",326072,"SE","South Coastal Region",49.0144,-122.52755,6,0,FALSE,8e-04,0.0627,0.0277,0.1181
"MYCI","326072_SW",326072,"SW","South Coastal Region",49.01082,-122.58104,9,0,FALSE,0.0014,0.1358,0.0534,0.2569
"MYCI","37274_NE",37274,"NE","Northern Region",53.08874,-119.20318,6,0,FALSE,0,0,0,0
"MYCI","37274_SE",37274,"SE","Northern Region",53.05051,-119.21418,5,0,FALSE,0,0,0,0
"MYCI","37274_SW",37274,"SW","Northern Region",53.03564,-119.22895,6,0,FALSE,0,0,0,0
"MYCI","38442_NW",38442,"NW","Okanagan Region",51.51999,-122.28978,6,6,TRUE,1,0.8999,0.8137,0.96
"MYCI","38442_SW",38442,"SW","Okanagan Region",51.50238,-122.28992,7,7,TRUE,1,0.9073,0.8238,0.964
"MYCI","42026_NE",42026,"NE","Northern Region",55.85527,-121.65345,3,0,FALSE,0,0,0,0
"MYCI","42026_NW",42026,"NW","Northern Region",55.83616,-121.71691,3,0,FALSE,0,0,0,0
"MYCI","42026_SE",42026,"SE","Northern Region",55.81797,-121.66405,3,0,FALSE,0,0,0,0
"MYCI","42026_SW",42026,"SW","Northern Region",55.81131,-121.70131,3,0,FALSE,0,0,0,0
"MYCI","47210_NW",47210,"NW","Okanagan Region",49.84159,-119.9783,3,3,TRUE,1,0.4733,0.2833,0.7097
"MYCI","47210_SE",47210,"SE","Okanagan Region",49.79638,-119.86985,3,0,FALSE,0.0224,0.57,0.3803,0.7697
"MYCI","47210_SW",47210,"SW","Okanagan Region",49.79097,-119.95267,2,2,TRUE,1,0.574,0.4265,0.7366
"MYCI","47322_NE",47322,"NE","Northern Region",55.69808,-120.43213,8,0,FALSE,0,0,0,0
"MYCI","47322_NW",47322,"NW","Northern Region",55.70016,-120.48989,6,0,FALSE,0,0,0,0
"MYCI","47322_SE",47322,"SE","Northern Region",55.64597,-120.40102,5,0,FALSE,0,0,0,0
"MYCI","47322_SW",47322,"SW","Northern Region",55.65446,-120.49465,8,0,FALSE,0,0,0,0
"MYCI","57322_NE",57322,"NE","South Coastal Region",49.09454,-122.09881,7,0,FALSE,9e-04,0.0547,0.0225,0.1114
"MYCI","57322_NW",57322,"NW","South Coastal Region",49.07915,-122.16077,7,0,FALSE,4e-04,0.0981,0.0399,0.1817
"MYCI","57322_SE",57322,"SE","South Coastal Region",49.0141,-122.09198,7,0,FALSE,0.003,0.0465,0.0173,0.097
"MYCI","57322_SW",57322,"SW","South Coastal Region",49.01663,-122.15131,7,1,TRUE,0.1463,0.1462,0.0549,0.2771
"MYCI","58842_NW",58842,"NW","Northern Region",54.79952,-121.1886,2,0,FALSE,0,0,0,0
"MYCI","58842_SE",58842,"SE","Northern Region",54.73781,-121.16052,2,0,FALSE,0,0,0,0
"MYCI","58842_SW",58842,"SW","Northern Region",54.75716,-121.25541,2,0,FALSE,0,0,0,0
"MYCI","5994_NE",5994,"NE","Kootenay Region",49.26067,-115.24894,5,3,TRUE,0.6592,0.1613,0.0854,0.259
"MYCI","5994_SE",5994,"SE","Kootenay Region",49.21228,-115.26277,5,2,TRUE,0.4039,0.1027,0.0516,0.1705
"MYCI","60586_NW",60586,"NW","Kootenay Region",50.93041,-116.39001,6,0,FALSE,6e-04,0.1493,0.0857,0.236
"MYCI","60586_SW",60586,"SW","Kootenay Region",50.90342,-116.39335,6,0,FALSE,0.0021,0.354,0.1196,0.6995
"MYCI","6202_NE",6202,"NE","South Coastal Region",48.53741,-123.50119,6,0,FALSE,0.0026,0.0703,0.0305,0.1306
"MYCI","6202_NW",6202,"NW","South Coastal Region",48.50788,-123.60088,6,0,FALSE,4e-04,0.0467,0.0165,0.1007
"MYCI","6202_SE",6202,"SE","South Coastal Region",48.48934,-123.5079,4,0,FALSE,0.0014,0.0807,0.0378,0.1475
"MYCI","6202_SW",6202,"SW","South Coastal Region",48.48637,-123.54913,7,0,FALSE,1e-04,0.071,0.0306,0.1351
"MYCI","70250_NW",70250,"NW","Kootenay Region",51.24583,-116.91793,6,0,FALSE,6e-04,0.1261,0.07,0.2
"MYCI","70250_SW",70250,"SW","Kootenay Region",51.20982,-116.89974,4,0,FALSE,0.0017,0.2002,0.1158,0.3072
"MYCI","73002_NE",73002,"NE","Okanagan Region",50.85067,-121.87219,8,8,TRUE,1,0.8359,0.7169,0.9242
"MYCI","73002_SE",73002,"SE","Okanagan Region",50.82484,-121.86896,9,7,TRUE,0.8024,0.7564,0.5737,0.9113
"MYCI","73002_SW",73002,"SW","Okanagan Region",50.80422,-121.87782,9,9,TRUE,1,0.7351,0.6088,0.8513
"MYCI","73786_NW",73786,"NW","South Coastal Region",49.12334,-123.06198,9,1,TRUE,0.1223,0.08,0.0347,0.1551
"MYCI","73786_SE",73786,"SE","South Coastal Region",49.12604,-123.00163,9,1,TRUE,0.1163,0.0616,0.0233,0.1272
"MYCI","73786_SW",73786,"SW","South Coastal Region",49.10823,-123.07992,7,0,FALSE,0.001,0.2161,0.0649,0.4796
"MYCI","77162_NE",77162,"NE","Kootenay Region",50.95478,-118.09975,5,0,FALSE,0.0106,0.1167,0.0349,0.2366
"MYCI","77162_SW",77162,"SW","Kootenay Region",50.886,-118.10586,8,0,FALSE,0.0173,0.1999,0.106,0.3253
"MYCI","79018_NE",79018,"NE","Kootenay Region",50.2021,-116.91007,8,0,FALSE,0.0111,0.0988,0.053,0.1582
"MYCI","79018_NW",79018,"NW","Kootenay Region",50.19383,-116.94752,8,0,FALSE,0.0014,0.1493,0.0764,0.2497
"MYCI","79018_SE",79018,"SE","Kootenay Region",50.18723,-116.90419,8,0,FALSE,0.0055,0.0889,0.03,0.1845
"MYCI","79018_SW",79018,"SW","Kootenay Region",50.17771,-116.95968,7,0,FALSE,0.0043,0.2436,0.132,0.3931
"MYCI","86074_NE",86074,"NE","South Coastal Region",49.23087,-122.3056,7,1,TRUE,0.1535,0.045,0.0125,0.1102
"MYCI","86074_NW",86074,"NW","South Coastal Region",49.18442,-122.40331,3,0,FALSE,0.0018,0.0971,0.0423,0.1742
"MYCI","86074_SE",86074,"SE","South Coastal Region",49.16962,-122.3193,4,0,FALSE,0.003,0.1319,0.0483,0.2579
"MYCI","86074_SW",86074,"SW","South Coastal Region",49.14174,-122.38204,6,3,TRUE,0.5024,0.0787,0.0343,0.1533
"MYCI","89962_NE",89962,"NE","Kootenay Region",49.07682,-117.5986,3,2,TRUE,0.6713,0.1319,0.07,0.2146
"MYCI","89962_SE",89962,"SE","Kootenay Region",49.00974,-117.57236,3,1,TRUE,0.3401,0.2539,0.1288,0.4158
"MYCI","89962_SW",89962,"SW","Kootenay Region",49.0077,-117.63034,3,3,TRUE,1,0.1659,0.0734,0.3006
"MYCI","93290_NE",93290,"NE","Okanagan Region",49.44361,-119.56535,6,6,TRUE,1,0.8915,0.8,0.9561
"MYCI","93290_NW",93290,"NW","Okanagan Region",49.41531,-119.6018,9,9,TRUE,1,0.8642,0.7705,0.9343
"MYCI","93290_SE",93290,"SE","Okanagan Region",49.38433,-119.56165,8,7,TRUE,0.9521,0.9368,0.8425,0.9845
"MYCI","93290_SW",93290,"SW","Okanagan Region",49.37943,-119.59374,9,8,TRUE,0.892,0.6906,0.5416,0.8287
"MYCI","94522_NW",94522,"NW","Northern Region",53.10732,-131.86467,3,0,FALSE,0,0,0,0
"MYCI","94522_SE",94522,"SE","Northern Region",53.08196,-131.77925,3,0,FALSE,0,0,0,0
"MYCI","9466_NE",9466,"NE","Northern Region",57.34435,-125.50932,2,0,FALSE,0,0,0,0
"MYCI","9466_NW",9466,"NW","Northern Region",57.3459,-125.55037,3,0,FALSE,0,0,0,0
"MYCI","9466_SE",9466,"SE","Northern Region",57.31575,-125.49037,3,0,FALSE,0,0,0,0
"MYCI","9466_SW",9466,"SW","Northern Region",57.29483,-125.51474,3,0,FALSE,0,0,0,0
"MYCI","986_NE",986,"NE","Northern Region",53.188,-121.30225,8,0,FALSE,0,0,0,0
"MYCI","986_SE",986,"SE","Northern Region",53.1392,-121.2577,6,0,FALSE,0,0,0,0
"MYEV","110378_NE",110378,"NE","Okanagan Region",49.04717,-119.5574,8,7,TRUE,0.9478,0.8412,0.7721,0.9014
"MYEV","110378_NW",110378,"NW","Okanagan Region",49.03536,-119.57546,9,9,TRUE,1,0.8515,0.7807,0.9126
"MYEV","110378_SE",110378,"SE","Okanagan Region",49.01485,-119.53228,8,8,TRUE,1,0.8523,0.7858,0.9104
"MYEV","110378_SW",110378,"SW","Okanagan Region",49.00412,-119.59552,9,9,TRUE,1,0.8408,0.7703,0.9011
"MYEV","111466_NE",111466,"NE","Kootenay Region",49.00129,-115.06184,2,2,TRUE,1,0.8757,0.8142,0.9263
"MYEV","111466_NW",111466,"NW","Kootenay Region",49.01861,-115.09568,2,1,TRUE,0.5194,0.8499,0.7667,0.9159
"MYEV","114602_NE",114602,"NE","South Coastal Region",49.70588,-125.06708,5,5,TRUE,1,0.7086,0.6107,0.7951
"MYEV","114602_NW",114602,"NW","South Coastal Region",49.67623,-125.13792,7,7,TRUE,1,0.7099,0.6006,0.8067
"MYEV","114602_SE",114602,"SE","South Coastal Region",49.65756,-125.0438,7,6,TRUE,0.9093,0.7382,0.639,0.8273
"MYEV","114602_SW",114602,"SW","South Coastal Region",49.64146,-125.08654,7,7,TRUE,1,0.7196,0.6365,0.7994
"MYEV","115322_NE",115322,"NE","Northern Region",52.37764,-125.98565,6,6,TRUE,1,0.6925,0.5602,0.8023
"MYEV","115322_NW",115322,"NW","Northern Region",52.37481,-126.08159,8,8,TRUE,1,0.7851,0.6363,0.8944
"MYEV","115322_SE",115322,"SE","Northern Region",52.35752,-126.01253,7,6,TRUE,0.9369,0.7246,0.5942,0.8292
"MYEV","115322_SW",115322,"SW","Northern Region",52.34498,-126.07967,8,6,TRUE,0.9222,0.7713,0.6349,0.8751
"MYEV","1194_NW",1194,"NW","Kootenay Region",50.11749,-117.523,9,5,TRUE,0.7014,0.8626,0.7885,0.9206
"MYEV","1194_SW",1194,"SW","Kootenay Region",50.0903,-117.4679,4,3,TRUE,0.8054,0.8777,0.7969,0.9384
"MYEV","12522_NE",12522,"NE","South Coastal Region",49.72155,-124.51563,4,3,TRUE,0.9137,0.7069,0.6101,0.7937
"MYEV","12522_NW",12522,"NW","South Coastal Region",49.75757,-124.56308,5,0,FALSE,0.03,0.6583,0.5097,0.7877
"MYEV","12522_SE",12522,"SE","South Coastal Region",49.70213,-124.47636,6,3,TRUE,0.5784,0.7518,0.6479,0.8387
"MYEV","12522_SW",12522,"SW","South Coastal Region",49.7022,-124.52268,6,4,TRUE,0.7053,0.6712,0.5721,0.7666
"MYEV","127850_NE",127850,"NE","Kootenay Region",49.31307,-115.01912,4,3,TRUE,0.7817,0.8295,0.7354,0.9096
"MYEV","127850_NW",127850,"NW","Kootenay Region",49.3096,-115.05201,5,5,TRUE,1,0.8623,0.799,0.9159
"MYEV","127850_SE",127850,"SE","Kootenay Region",49.28498,-114.95395,5,5,TRUE,1,0.864,0.7993,0.9199
"MYEV","127850_SW",127850,"SW","Kootenay Region",49.2671,-115.02532,7,6,TRUE,0.9086,0.8628,0.7979,0.9181
"MYEV","128058_NE",128058,"NE","South Coastal Region",48.84117,-123.42727,5,5,TRUE,1,0.5438,0.3549,0.7286
"MYEV","128058_NW",128058,"NW","South Coastal Region",48.82144,-123.48643,5,3,TRUE,0.627,0.6927,0.5913,0.785
"MYEV","128058_SW",128058,"SW","South Coastal Region",48.79828,-123.47632,5,4,TRUE,0.9109,0.6512,0.549,0.7457
"MYEV","132650_SE",132650,"SE","Okanagan Region",51.81828,-122.42144,6,5,TRUE,0.9716,0.7938,0.6861,0.8837
"MYEV","132650_SW",132650,"SW","Okanagan Region",51.80225,-122.46284,5,1,TRUE,0.2668,0.8203,0.7358,0.8911
"MYEV","137274_NE",137274,"NE","South Coastal Region",48.79,-123.6988,5,1,TRUE,0.2375,0.7156,0.5997,0.8156
"MYEV","137274_NW",137274,"NW","South Coastal Region",48.7891,-123.719,6,5,TRUE,0.8742,0.6818,0.5849,0.7725
"MYEV","137274_SE",137274,"SE","South Coastal Region",48.7539,-123.6447,6,4,TRUE,0.8297,0.717,0.6021,0.8174
"MYEV","143274_NE",143274,"NE","South Coastal Region",50.3377,-122.8012,7,7,TRUE,1,0.7438,0.6652,0.8197
"MYEV","143274_NW",143274,"NW","South Coastal Region",50.3446,-122.8479,7,7,TRUE,1,0.7526,0.6481,0.8395
"MYEV","143274_SE",143274,"SE","South Coastal Region",50.3004,-122.758,7,6,TRUE,0.9429,0.7387,0.643,0.8225
"MYEV","143274_SW",143274,"SW","South Coastal Region",50.2961,-122.8048,7,6,TRUE,0.9512,0.7541,0.6664,0.8334
"MYEV","145578_NE",145578,"NE","Kootenay Region",49.93178,-115.65558,7,7,TRUE,1,0.9044,0.8379,0.9558
"MYEV","145578_NW",145578,"NW","Kootenay Region",49.93544,-115.67497,6,6,TRUE,1,0.8562,0.7815,0.9156
"MYEV","145578_SE",145578,"SE","Kootenay Region",49.89983,-115.64222,7,7,TRUE,1,0.8898,0.8313,0.9381
"MYEV","145578_SW",145578,"SW","Kootenay Region",49.89589,-115.695,7,7,TRUE,1,0.8898,0.8268,0.9409
"MYEV","16426_NE",16426,"NE","Northern Region",54.82137,-123.35579,6,2,TRUE,0.5735,0.7644,0.6807,0.8418
"MYEV","16426_SE",16426,"SE","Northern Region",54.81895,-123.33997,5,5,TRUE,1,0.7822,0.7092,0.8502
"MYEV","172090_NE",172090,"NE","South Coastal Region",49.37012,-122.94857,6,4,TRUE,0.7406,0.7669,0.6596,0.8679
"MYEV","172090_NW",172090,"NW","South Coastal Region",49.34683,-123.00985,5,1,TRUE,0.3312,0.6634,0.5467,0.7705
"MYEV","172090_SE",172090,"SE","South Coastal Region",49.32364,-122.97036,5,1,TRUE,0.2501,0.6373,0.4779,0.7724
"MYEV","172090_SW",172090,"SW","South Coastal Region",49.31421,-123.01406,6,3,TRUE,0.5083,0.6959,0.5922,0.7903
"MYEV","175354_SE",175354,"SE","Northern Region",59.42418,-125.94917,3,3,TRUE,1,0.6037,0.4028,0.7828
"MYEV","175354_SW",175354,"SW","Northern Region",59.40931,-126.09868,5,5,TRUE,1,0.6198,0.4421,0.7768
"MYEV","17706_NW",17706,"NW","Northern Region",51.97601,-120.10368,2,1,TRUE,0.6697,0.7724,0.6779,0.8589
"MYEV","17706_SE",17706,"SE","Northern Region",51.9408,-120.01683,5,3,TRUE,0.6961,0.8026,0.7087,0.8828
"MYEV","17706_SW",17706,"SW","Northern Region",51.94316,-120.06784,4,3,TRUE,0.8087,0.7473,0.6527,0.8299
"MYEV","186330_NE",186330,"NE","Northern Region",55.95727,-122.58949,2,2,TRUE,1,0.8118,0.7315,0.8884
"MYEV","186330_NW",186330,"NW","Northern Region",55.94606,-122.65922,2,0,FALSE,0.0858,0.8107,0.7402,0.8771
"MYEV","186490_NW",186490,"NW","Northern Region",54.754,-127.12678,8,8,TRUE,1,0.6942,0.5606,0.8098
"MYEV","186490_SE",186490,"SE","Northern Region",54.72257,-126.99742,6,4,TRUE,0.7404,0.7725,0.697,0.8419
"MYEV","186490_SW",186490,"SW","Northern Region",54.72278,-127.05397,9,5,TRUE,0.6111,0.7465,0.6416,0.8355
"MYEV","194666_NE",194666,"NE","Okanagan Region",50.23014,-119.32344,6,4,TRUE,0.6978,0.8053,0.7038,0.8889
"MYEV","194666_SW",194666,"SW","Okanagan Region",50.16915,-119.41081,6,5,TRUE,0.9258,0.8068,0.7161,0.8849
"MYEV","20330_NE",20330,"NE","Kootenay Region",49.42454,-117.72865,7,6,TRUE,0.9256,0.8671,0.8071,0.919
"MYEV","20330_SE",20330,"SE","Kootenay Region",49.3813,-117.67793,8,5,TRUE,0.7544,0.8563,0.7603,0.9254
"MYEV","206394_NE",206394,"NE","Northern Region",53.63655,-132.05056,4,2,TRUE,0.5612,0.7102,0.538,0.8443
"MYEV","206394_NW",206394,"NW","Northern Region",53.6372,-132.16251,4,3,TRUE,0.8431,0.7523,0.5399,0.9036
"MYEV","206394_SE",206394,"SE","Northern Region",53.60877,-131.99988,4,2,TRUE,0.6114,0.7263,0.5633,0.8502
"MYEV","206394_SW",206394,"SW","Northern Region",53.57324,-132.11579,4,4,TRUE,1,0.7029,0.5353,0.8414
"MYEV","20730_NE",20730,"NE","Northern Region",56.79525,-124.90059,3,3,TRUE,1,0.8005,0.7012,0.8881
"MYEV","20730_NW",20730,"NW","Northern Region",56.79948,-124.97614,3,2,TRUE,0.7281,0.8454,0.7573,0.9223
"MYEV","20730_SE",20730,"SE","Northern Region",56.78457,-124.88544,3,2,TRUE,0.7075,0.7782,0.7043,0.8453
"MYEV","20730_SW",20730,"SW","Northern Region",56.76456,-124.98588,2,1,TRUE,0.5403,0.7743,0.6997,0.8405
"MYEV","212266_NE",212266,"NE","Okanagan Region",50.751409,-120.480005,9,8,TRUE,0.9141,0.8111,0.705,0.8983
"MYEV","212266_NW",212266,"NW","Okanagan Region",50.777508,-120.5598176,8,7,TRUE,0.9074,0.8349,0.7628,0.9013
"MYEV","212266_SE",212266,"SE","Okanagan Region",50.714878,-120.492405,8,4,TRUE,0.5358,0.7699,0.6455,0.872
"MYEV","212266_SW",212266,"SW","Okanagan Region",50.732357,-120.521811,8,6,TRUE,0.8487,0.7828,0.666,0.8771
"MYEV","212906_NW",212906,"NW","South Coastal Region",49.36971,-124.79984,7,4,TRUE,0.7017,0.7983,0.6874,0.8852
"MYEV","212906_SE",212906,"SE","South Coastal Region",49.35175,-124.74136,7,7,TRUE,1,0.7337,0.5974,0.8412
"MYEV","212906_SW",212906,"SW","South Coastal Region",49.33595,-124.7423,6,4,TRUE,0.7484,0.6879,0.549,0.8021
"MYEV","216746_NW",216746,"NW","South Coastal Region",49.10675,-125.78544,5,4,TRUE,0.8376,0.7537,0.6074,0.8708
"MYEV","216746_SE",216746,"SE","South Coastal Region",49.07768,-125.74644,8,6,TRUE,0.8743,0.597,0.4204,0.7641
"MYEV","218282_SE",218282,"SE","Kootenay Region",50.13833,-117.55672,5,4,TRUE,0.9221,0.9113,0.8425,0.9605
"MYEV","218282_SW",218282,"SW","Kootenay Region",50.15094,-117.6221,6,6,TRUE,1,0.8777,0.813,0.9306
"MYEV","219626_SW",219626,"SW","South Coastal Region",48.92819,-125.25,2,2,TRUE,1,0.6033,0.4251,0.7641
"MYEV","226090_NE",226090,"NE","Okanagan Region",50.10929,-120.45236,6,1,TRUE,0.4384,0.8289,0.7386,0.9028
"MYEV","226090_NW",226090,"NW","Okanagan Region",50.0999,-120.50647,7,6,TRUE,0.8856,0.8422,0.7649,0.9066
"MYEV","226090_SE",226090,"SE","Okanagan Region",50.07156,-120.42266,6,5,TRUE,0.914,0.8265,0.7417,0.9
"MYEV","230186_NE",230186,"NE","Okanagan Region",49.01457,-121.07198,5,5,TRUE,1,0.7944,0.6702,0.8903
"MYEV","230186_SE",230186,"SE","Okanagan Region",48.97511,-121.08329,6,6,TRUE,1,0.725,0.5107,0.8895
"MYEV","241002_NE",241002,"NE","Kootenay Region",51.03817,-118.1357,9,5,TRUE,0.6602,0.8231,0.7189,0.91
"MYEV","241002_NW",241002,"NW","Kootenay Region",51.01597,-118.20292,9,8,TRUE,0.9021,0.8598,0.7747,0.9245
"MYEV","243562_NE",243562,"NE","Kootenay Region",49.69966,-115.98498,7,7,TRUE,1,0.902,0.832,0.9575
"MYEV","243562_SE",243562,"SE","Kootenay Region",49.65068,-115.94692,6,3,TRUE,0.726,0.8575,0.7897,0.9151
"MYEV","252394_NW",252394,"NW","South Coastal Region",48.79865,-125.16568,2,2,TRUE,1,0.6726,0.5427,0.7844
"MYEV","26170_NE",26170,"NE","Northern Region",53.62052,-132.20883,4,4,TRUE,1,0.7128,0.5566,0.8344
"MYEV","26170_NW",26170,"NW","Northern Region",53.60452,-132.28837,3,3,TRUE,1,0.7321,0.5687,0.86
"MYEV","26170_SE",26170,"SE","Northern Region",53.58901,-132.17695,4,4,TRUE,1,0.6924,0.5315,0.8201
"MYEV","26170_SW",26170,"SW","Northern Region",53.56895,-132.23042,4,4,TRUE,1,0.7211,0.5191,0.8731
"MYEV","265749_NE",265749,"NE","Okanagan Region",49.15892,-119.03758,6,5,TRUE,0.9551,0.8899,0.7957,0.9595
"MYEV","265749_NW",265749,"NW","Okanagan Region",49.16674,-119.10324,8,8,TRUE,1,0.8603,0.7822,0.923
"MYEV","265749_SE",265749,"SE","Okanagan Region",49.11153,-118.97698,8,8,TRUE,1,0.8393,0.7645,0.9035
"MYEV","265749_SW",265749,"SW","Okanagan Region",49.11337,-119.05299,8,6,TRUE,0.7981,0.8981,0.808,0.964
"MYEV","268521_NE",268521,"NE","Kootenay Region",49.49916,-115.03962,6,5,TRUE,0.8696,0.8738,0.806,0.9298
"MYEV","268521_NW",268521,"NW","Kootenay Region",49.48855,-115.09812,6,5,TRUE,0.896,0.8596,0.797,0.9144
"MYEV","268521_SE",268521,"SE","Kootenay Region",49.44083,-115.05634,7,6,TRUE,0.8891,0.8804,0.7947,0.9472
"MYEV","269777_NW",269777,"NW","Northern Region",57.04083,-122.86281,4,4,TRUE,1,0.7602,0.6445,0.8694
"MYEV","269777_SW",269777,"SW","Northern Region",57.01497,-122.80521,4,4,TRUE,1,0.7632,0.6745,0.8442
"MYEV","271731_SW",271731,"SW","Kootenay Region",51.24146,-117.64962,9,6,TRUE,0.7502,0.8399,0.7579,0.9072
"MYEV","273050_SE",273050,"SE","South Coastal Region",49.00511,-125.65145,3,2,TRUE,0.7187,0.6344,0.4888,0.7668
"MYEV","283586_NE",283586,"NE","Northern Region",54.3558,-128.5366,6,0,FALSE,0.0384,0.7686,0.5739,0.9057
"MYEV","283586_NW",283586,"NW","Northern Region",54.3321,-128.6266,8,7,TRUE,0.9763,0.7891,0.6426,0.8979
"MYEV","283586_SE",283586,"SE","Northern Region",54.31162,-128.54374,8,7,TRUE,0.9425,0.7979,0.6539,0.9006
"MYEV","283586_SW",283586,"SW","Northern Region",54.2946,-128.581,8,6,TRUE,0.8351,0.7784,0.6041,0.9058
"MYEV","294832_NE",294832,"NE","Northern Region",56.3348,-120.97877,8,3,TRUE,0.4839,0.7763,0.6885,0.8554
"MYEV","294832_NW",294832,"NW","Northern Region",56.33264,-121.00747,8,2,TRUE,0.3016,0.7702,0.6916,0.8423
"MYEV","294832_SE",294832,"SE","Northern Region",56.30206,-120.94608,6,1,TRUE,0.2642,0.7327,0.6318,0.8211
"MYEV","294832_SW",294832,"SW","Northern Region",56.30496,-121.00198,7,4,TRUE,0.6497,0.7226,0.6016,0.8237
"MYEV","317428_NE",317428,"NE","South Coastal Region",49.06292,-120.79944,8,7,TRUE,0.8984,0.7914,0.6942,0.8811
"MYEV","317428_NW",317428,"NW","South Coastal Region",49.06417,-120.90943,8,6,TRUE,0.7751,0.7326,0.6078,0.8593
"MYEV","317428_SE",317428,"SE","South Coastal Region",49.06053,-120.77309,7,6,TRUE,0.9036,0.8025,0.7052,0.8925
"MYEV","317428_SW",317428,"SW","South Coastal Region",49.04617,-120.85085,6,5,TRUE,0.8574,0.7854,0.6664,0.8951
"MYEV","326072_NE",326072,"NE","South Coastal Region",49.09743,-122.51957,7,3,TRUE,0.6847,0.612,0.4858,0.7287
"MYEV","326072_NW",326072,"NW","South Coastal Region",49.05235,-122.58989,9,8,TRUE,0.9701,0.6221,0.4939,0.7396
"MYEV","326072_SE",326072,"SE","South Coastal Region",49.0144,-122.52755,6,5,TRUE,0.956,0.6187,0.4948,0.7329
"MYEV","326072_SW",326072,"SW","South Coastal Region",49.01082,-122.58104,9,8,TRUE,0.9542,0.7153,0.5994,0.8182
"MYEV","37274_NE",37274,"NE","Northern Region",53.08874,-119.20318,6,4,TRUE,0.7744,0.7832,0.6746,0.88
"MYEV","37274_SE",37274,"SE","Northern Region",53.05051,-119.21418,5,5,TRUE,1,0.7539,0.6631,0.837
"MYEV","37274_SW",37274,"SW","Northern Region",53.03564,-119.22895,6,2,TRUE,0.5289,0.7328,0.6135,0.8313
"MYEV","38442_NW",38442,"NW","Okanagan Region",51.51999,-122.28978,6,5,TRUE,0.9181,0.7932,0.6868,0.8799
"MYEV","38442_SW",38442,"SW","Okanagan Region",51.50238,-122.28992,7,4,TRUE,0.7217,0.7976,0.696,0.8817
"MYEV","42026_NE",42026,"NE","Northern Region",55.85527,-121.65345,3,2,TRUE,0.7478,0.7774,0.7037,0.8463
"MYEV","42026_NW",42026,"NW","Northern Region",55.83616,-121.71691,3,3,TRUE,1,0.7587,0.6772,0.8313
"MYEV","42026_SE",42026,"SE","Northern Region",55.81797,-121.66405,3,1,TRUE,0.4987,0.7916,0.7202,0.8586
"MYEV","42026_SW",42026,"SW","Northern Region",55.81131,-121.70131,3,1,TRUE,0.3741,0.7869,0.7134,0.856
"MYEV","47210_NW",47210,"NW","Okanagan Region",49.84159,-119.9783,3,3,TRUE,1,0.8919,0.7957,0.9644
"MYEV","47210_SE",47210,"SE","Okanagan Region",49.79638,-119.86985,3,3,TRUE,1,0.8851,0.8018,0.9497
"MYEV","47210_SW",47210,"SW","Okanagan Region",49.79097,-119.95267,2,2,TRUE,1,0.8516,0.7807,0.915
"MYEV","47322_NE",47322,"NE","Northern Region",55.69808,-120.43213,8,7,TRUE,0.9032,0.8032,0.7172,0.879
"MYEV","47322_NW",47322,"NW","Northern Region",55.70016,-120.48989,6,4,TRUE,0.7369,0.7592,0.6718,0.8369
"MYEV","47322_SE",47322,"SE","Northern Region",55.64597,-120.40102,5,4,TRUE,0.8782,0.7957,0.7043,0.8762
"MYEV","47322_SW",47322,"SW","Northern Region",55.65446,-120.49465,8,8,TRUE,1,0.7955,0.7272,0.8604
"MYEV","57322_NE",57322,"NE","South Coastal Region",49.09454,-122.09881,7,2,TRUE,0.2958,0.5962,0.4505,0.7333
"MYEV","57322_NW",57322,"NW","South Coastal Region",49.07915,-122.16077,7,2,TRUE,0.3034,0.7121,0.6064,0.8068
"MYEV","57322_SE",57322,"SE","South Coastal Region",49.0141,-122.09198,7,3,TRUE,0.531,0.649,0.4934,0.7851
"MYEV","57322_SW",57322,"SW","South Coastal Region",49.01663,-122.15131,7,4,TRUE,0.5998,0.7253,0.5939,0.8354
"MYEV","58842_NW",58842,"NW","Northern Region",54.79952,-121.1886,2,2,TRUE,1,0.8382,0.7143,0.9327
"MYEV","58842_SE",58842,"SE","Northern Region",54.73781,-121.16052,2,2,TRUE,1,0.8495,0.7319,0.9381
"MYEV","58842_SW",58842,"SW","Northern Region",54.75716,-121.25541,2,0,FALSE,0.0688,0.8425,0.7198,0.9357
"MYEV","5994_NE",5994,"NE","Kootenay Region",49.26067,-115.24894,5,5,TRUE,1,0.8899,0.8288,0.9389
"MYEV","5994_SE",5994,"SE","Kootenay Region",49.21228,-115.26277,5,5,TRUE,1,0.8694,0.7953,0.9268
"MYEV","60586_NW",60586,"NW","Kootenay Region",50.93041,-116.39001,6,6,TRUE,1,0.8616,0.7935,0.9174
"MYEV","60586_SW",60586,"SW","Kootenay Region",50.90342,-116.39335,6,5,TRUE,0.8944,0.8833,0.7954,0.9501
"MYEV","6202_NE",6202,"NE","South Coastal Region",48.53741,-123.50119,6,4,TRUE,0.7671,0.7217,0.631,0.8087
"MYEV","6202_NW",6202,"NW","South Coastal Region",48.50788,-123.60088,6,3,TRUE,0.7821,0.8185,0.7261,0.8975
"MYEV","6202_SE",6202,"SE","South Coastal Region",48.48934,-123.5079,4,2,TRUE,0.5783,0.7033,0.6157,0.7857
"MYEV","6202_SW",6202,"SW","South Coastal Region",48.48637,-123.54913,7,7,TRUE,1,0.6512,0.5416,0.751
"MYEV","70250_NW",70250,"NW","Kootenay Region",51.24583,-116.91793,6,6,TRUE,1,0.8515,0.7728,0.9156
"MYEV","70250_SW",70250,"SW","Kootenay Region",51.20982,-116.89974,4,1,TRUE,0.5136,0.8738,0.8101,0.9269
"MYEV","73002_NE",73002,"NE","Okanagan Region",50.85067,-121.87219,8,3,TRUE,0.4431,0.8012,0.6951,0.8875
"MYEV","73002_SE",73002,"SE","Okanagan Region",50.82484,-121.86896,9,2,TRUE,0.2632,0.7719,0.6249,0.8843
"MYEV","73002_SW",73002,"SW","Okanagan Region",50.80422,-121.87782,9,5,TRUE,0.6708,0.8005,0.704,0.8836
"MYEV","73786_NW",73786,"NW","South Coastal Region",49.12334,-123.06198,9,0,FALSE,0.0092,0.5861,0.4518,0.7089
"MYEV","73786_SE",73786,"SE","South Coastal Region",49.12604,-123.00163,9,1,TRUE,0.167,0.5292,0.3562,0.6953
"MYEV","73786_SW",73786,"SW","South Coastal Region",49.10823,-123.07992,7,0,FALSE,0.0776,0.7179,0.5518,0.8492
"MYEV","77162_NE",77162,"NE","Kootenay Region",50.95478,-118.09975,5,3,TRUE,0.6419,0.7953,0.6777,0.9005
"MYEV","77162_SW",77162,"SW","Kootenay Region",50.886,-118.10586,8,8,TRUE,1,0.8614,0.7678,0.9278
"MYEV","79018_NE",79018,"NE","Kootenay Region",50.2021,-116.91007,8,8,TRUE,1,0.8656,0.7999,0.9207
"MYEV","79018_NW",79018,"NW","Kootenay Region",50.19383,-116.94752,8,8,TRUE,1,0.856,0.755,0.9274
"MYEV","79018_SE",79018,"SE","Kootenay Region",50.18723,-116.90419,8,5,TRUE,0.7246,0.8926,0.8143,0.9522
"MYEV","79018_SW",79018,"SW","Kootenay Region",50.17771,-116.95968,7,6,TRUE,0.9168,0.8769,0.8006,0.9355
"MYEV","86074_NE",86074,"NE","South Coastal Region",49.23087,-122.3056,7,3,TRUE,0.5666,0.7925,0.6509,0.8904
"MYEV","86074_NW",86074,"NW","South Coastal Region",49.18442,-122.40331,3,1,TRUE,0.4206,0.694,0.5919,0.7862
"MYEV","86074_SE",86074,"SE","South Coastal Region",49.16962,-122.3193,4,4,TRUE,1,0.7652,0.6593,0.8576
"MYEV","86074_SW",86074,"SW","South Coastal Region",49.14174,-122.38204,6,4,TRUE,0.722,0.6297,0.507,0.7396
"MYEV","89962_NE",89962,"NE","Kootenay Region",49.07682,-117.5986,3,2,TRUE,0.7945,0.8477,0.753,0.9183
"MYEV","89962_SE",89962,"SE","Kootenay Region",49.00974,-117.57236,3,3,TRUE,1,0.8611,0.7689,0.927
"MYEV","89962_SW",89962,"SW","Kootenay Region",49.0077,-117.63034,3,3,TRUE,1,0.8391,0.6946,0.9281
"MYEV","93290_NE",93290,"NE","Okanagan Region",49.44361,-119.56535,6,4,TRUE,0.7804,0.8272,0.7432,0.897
"MYEV","93290_NW",93290,"NW","Okanagan Region",49.41531,-119.6018,9,7,TRUE,0.7891,0.7947,0.6923,0.8785
"MYEV","93290_SE",93290,"SE","Okanagan Region",49.38433,-119.56165,8,6,TRUE,0.8332,0.8123,0.7053,0.8971
"MYEV","93290_SW",93290,"SW","Okanagan Region",49.37943,-119.59374,9,3,TRUE,0.3917,0.7789,0.6614,0.8757
"MYEV","94522_NW",94522,"NW","Northern Region",53.10732,-131.86467,3,2,TRUE,0.8433,0.7586,0.6105,0.8754
"MYEV","94522_SE",94522,"SE","Northern Region",53.08196,-131.77925,3,3,TRUE,1,0.7212,0.5457,0.853
"MYEV","9466_NE",9466,"NE","Northern Region",57.34435,-125.50932,2,2,TRUE,1,0.8302,0.7509,0.9016
"MYEV","9466_NW",9466,"NW","Northern Region",57.3459,-125.55037,3,3,TRUE,1,0.8364,0.7398,0.9211
"MYEV","9466_SE",9466,"SE","Northern Region",57.31575,-125.49037,3,3,TRUE,1,0.7737,0.6659,0.8683
"MYEV","9466_SW",9466,"SW","Northern Region",57.29483,-125.51474,3,3,TRUE,1,0.8041,0.7346,0.8702
"MYEV","986_NE",986,"NE","Northern Region",53.188,-121.30225,8,6,TRUE,0.8176,0.8174,0.7031,0.9143
"MYEV","986_SE",986,"SE","Northern Region",53.1392,-121.2577,6,4,TRUE,0.8016,0.8047,0.7005,0.8946
"MYLU","110378_NE",110378,"NE","Okanagan Region",49.04717,-119.5574,8,8,TRUE,1,0.8799,0.8239,0.9267
"MYLU","110378_NW",110378,"NW","Okanagan Region",49.03536,-119.57546,9,9,TRUE,1,0.925,0.869,0.9648
"MYLU","110378_SE",110378,"SE","Okanagan Region",49.01485,-119.53228,8,6,TRUE,0.7586,0.9133,0.8588,0.9548
"MYLU","110378_SW",110378,"SW","Okanagan Region",49.00412,-119.59552,9,6,TRUE,0.6793,0.9164,0.8674,0.9545
"MYLU","111466_NE",111466,"NE","Kootenay Region",49.00129,-115.06184,2,2,TRUE,1,0.9393,0.8873,0.974
"MYLU","111466_NW",111466,"NW","Kootenay Region",49.01861,-115.09568,2,2,TRUE,1,0.9014,0.8355,0.9486
"MYLU","114602_NE",114602,"NE","South Coastal Region",49.70588,-125.06708,5,5,TRUE,1,0.8491,0.7825,0.9038
"MYLU","114602_NW",114602,"NW","South Coastal Region",49.67623,-125.13792,7,5,TRUE,0.7162,0.8193,0.7377,0.8844
"MYLU","114602_SE",114602,"SE","South Coastal Region",49.65756,-125.0438,7,6,TRUE,0.8691,0.9213,0.8552,0.9642
"MYLU","114602_SW",114602,"SW","South Coastal Region",49.64146,-125.08654,7,7,TRUE,1,0.8947,0.8389,0.9373
"MYLU","115322_NE",115322,"NE","Northern Region",52.37764,-125.98565,6,6,TRUE,1,0.9649,0.9251,0.9878
"MYLU","115322_NW",115322,"NW","Northern Region",52.37481,-126.08159,8,8,TRUE,1,0.9862,0.9522,0.9981
"MYLU","115322_SE",115322,"SE","Northern Region",52.35752,-126.01253,7,6,TRUE,0.9703,0.9791,0.9465,0.9944
"MYLU","115322_SW",115322,"SW","Northern Region",52.34498,-126.07967,8,3,TRUE,0.4248,0.9482,0.8831,0.9846
"MYLU","1194_NW",1194,"NW","Kootenay Region",50.11749,-117.523,9,9,TRUE,1,0.9169,0.8596,0.9596
"MYLU","1194_SW",1194,"SW","Kootenay Region",50.0903,-117.4679,4,4,TRUE,1,0.9495,0.8735,0.9868
"MYLU","12522_NE",12522,"NE","South Coastal Region",49.72155,-124.51563,4,4,TRUE,1,0.8595,0.79,0.9133
"MYLU","12522_NW",12522,"NW","South Coastal Region",49.75757,-124.56308,5,1,TRUE,0.241,0.7704,0.6522,0.86
"MYLU","12522_SE",12522,"SE","South Coastal Region",49.70213,-124.47636,6,2,TRUE,0.3383,0.9013,0.8352,0.95
"MYLU","12522_SW",12522,"SW","South Coastal Region",49.7022,-124.52268,6,4,TRUE,0.6705,0.8488,0.7824,0.9039
"MYLU","127850_NE",127850,"NE","Kootenay Region",49.31307,-115.01912,4,4,TRUE,1,0.8921,0.8034,0.9525
"MYLU","127850_NW",127850,"NW","Kootenay Region",49.3096,-115.05201,5,5,TRUE,1,0.9051,0.8491,0.9484
"MYLU","127850_SE",127850,"SE","Kootenay Region",49.28498,-114.95395,5,5,TRUE,1,0.9406,0.8935,0.9746
"MYLU","127850_SW",127850,"SW","Kootenay Region",49.2671,-115.02532,7,6,TRUE,0.8717,0.8988,0.8365,0.9455
"MYLU","128058_NE",128058,"NE","South Coastal Region",48.84117,-123.42727,5,2,TRUE,0.4568,0.8141,0.6831,0.9065
"MYLU","128058_NW",128058,"NW","South Coastal Region",48.82144,-123.48643,5,5,TRUE,1,0.8962,0.8302,0.9427
"MYLU","128058_SW",128058,"SW","South Coastal Region",48.79828,-123.47632,5,5,TRUE,1,0.8776,0.8134,0.9255
"MYLU","132650_SE",132650,"SE","Okanagan Region",51.81828,-122.42144,6,6,TRUE,1,0.8663,0.7806,0.9313
"MYLU","132650_SW",132650,"SW","Okanagan Region",51.80225,-122.46284,5,3,TRUE,0.612,0.8961,0.8386,0.9428
"MYLU","137274_NE",137274,"NE","South Coastal Region",48.79,-123.6988,5,5,TRUE,1,0.9266,0.8558,0.9691
"MYLU","137274_NW",137274,"NW","South Coastal Region",48.7891,-123.719,6,6,TRUE,1,0.892,0.8287,0.9374
"MYLU","137274_SE",137274,"SE","South Coastal Region",48.7539,-123.6447,6,6,TRUE,1,0.929,0.8594,0.9711
"MYLU","143274_NE",143274,"NE","South Coastal Region",50.3377,-122.8012,7,6,TRUE,0.8839,0.8811,0.8278,0.9239
"MYLU","143274_NW",143274,"NW","South Coastal Region",50.3446,-122.8479,7,6,TRUE,0.9037,0.852,0.7767,0.9128
"MYLU","143274_SE",143274,"SE","South Coastal Region",50.3004,-122.758,7,7,TRUE,1,0.8809,0.8212,0.9296
"MYLU","143274_SW",143274,"SW","South Coastal Region",50.2961,-122.8048,7,5,TRUE,0.7947,0.865,0.8059,0.9142
"MYLU","145578_NE",145578,"NE","Kootenay Region",49.93178,-115.65558,7,7,TRUE,1,0.8482,0.7189,0.9266
"MYLU","145578_NW",145578,"NW","Kootenay Region",49.93544,-115.67497,6,5,TRUE,0.8462,0.8703,0.7923,0.9309
"MYLU","145578_SE",145578,"SE","Kootenay Region",49.89983,-115.64222,7,7,TRUE,1,0.9331,0.876,0.9718
"MYLU","145578_SW",145578,"SW","Kootenay Region",49.89589,-115.695,7,7,TRUE,1,0.9477,0.8877,0.983
"MYLU","16426_NE",16426,"NE","Northern Region",54.82137,-123.35579,6,6,TRUE,1,0.9551,0.9153,0.9825
"MYLU","16426_SE",16426,"SE","Northern Region",54.81895,-123.33997,5,5,TRUE,1,0.974,0.9457,0.9912
"MYLU","172090_NE",172090,"NE","South Coastal Region",49.37012,-122.94857,6,4,TRUE,0.8174,0.9154,0.8222,0.9728
"MYLU","172090_NW",172090,"NW","South Coastal Region",49.34683,-123.00985,5,5,TRUE,1,0.8654,0.7985,0.9193
"MYLU","172090_SE",172090,"SE","South Coastal Region",49.32364,-122.97036,5,5,TRUE,1,0.8326,0.7053,0.9156
"MYLU","172090_SW",172090,"SW","South Coastal Region",49.31421,-123.01406,6,6,TRUE,1,0.9184,0.8541,0.9604
"MYLU","175354_SE",175354,"SE","Northern Region",59.42418,-125.94917,3,3,TRUE,1,0.9475,0.8774,0.9844
"MYLU","175354_SW",175354,"SW","Northern Region",59.40931,-126.09868,5,5,TRUE,1,0.9604,0.9091,0.9876
"MYLU","17706_NW",17706,"NW","Northern Region",51.97601,-120.10368,2,1,TRUE,0.9411,0.9784,0.9506,0.9934
"MYLU","17706_SE",17706,"SE","Northern Region",51.9408,-120.01683,5,5,TRUE,1,0.9674,0.9287,0.9892
"MYLU","17706_SW",17706,"SW","Northern Region",51.94316,-120.06784,4,4,TRUE,1,0.9525,0.9097,0.9807
"MYLU","186330_NE",186330,"NE","Northern Region",55.95727,-122.58949,2,2,TRUE,1,0.9832,0.9554,0.9962
"MYLU","186330_NW",186330,"NW","Northern Region",55.94606,-122.65922,2,2,TRUE,1,0.9744,0.9452,0.9919
"MYLU","186490_NW",186490,"NW","Northern Region",54.754,-127.12678,8,8,TRUE,1,0.944,0.8865,0.9796
"MYLU","186490_SE",186490,"SE","Northern Region",54.72257,-126.99742,6,6,TRUE,1,0.9694,0.9393,0.9889
"MYLU","186490_SW",186490,"SW","Northern Region",54.72278,-127.05397,9,9,TRUE,1,0.9641,0.923,0.9879
"MYLU","194666_NE",194666,"NE","Okanagan Region",50.23014,-119.32344,6,6,TRUE,1,0.8569,0.7735,0.921
"MYLU","194666_SW",194666,"SW","Okanagan Region",50.16915,-119.41081,6,5,TRUE,0.8386,0.8531,0.7797,0.9149
"MYLU","20330_NE",20330,"NE","Kootenay Region",49.42454,-117.72865,7,6,TRUE,0.8575,0.9225,0.8742,0.9596
"MYLU","20330_SE",20330,"SE","Kootenay Region",49.3813,-117.67793,8,7,TRUE,0.9134,0.8938,0.8122,0.9486
"MYLU","206394_NE",206394,"NE","Northern Region",53.63655,-132.05056,4,4,TRUE,1,0.9792,0.9377,0.9958
"MYLU","206394_NW",206394,"NW","Northern Region",53.6372,-132.16251,4,4,TRUE,1,0.8842,0.7382,0.966
"MYLU","206394_SE",206394,"SE","Northern Region",53.60877,-131.99988,4,4,TRUE,1,0.9803,0.9417,0.996
"MYLU","206394_SW",206394,"SW","Northern Region",53.57324,-132.11579,4,4,TRUE,1,0.9449,0.8726,0.9829
"MYLU","20730_NE",20730,"NE","Northern Region",56.79525,-124.90059,3,3,TRUE,1,0.9865,0.9588,0.9977
"MYLU","20730_NW",20730,"NW","Northern Region",56.79948,-124.97614,3,3,TRUE,1,0.9759,0.9377,0.9942
"MYLU","20730_SE",20730,"SE","Northern Region",56.78457,-124.88544,3,3,TRUE,1,0.9665,0.935,0.9875
"MYLU","20730_SW",20730,"SW","Northern Region",56.76456,-124.98588,2,2,TRUE,1,0.9691,0.9398,0.9884
"MYLU","212266_NE",212266,"NE","Okanagan Region",50.751409,-120.480005,9,8,TRUE,0.9089,0.9075,0.8277,0.9613
"MYLU","212266_NW",212266,"NW","Okanagan Region",50.777508,-120.5598176,8,6,TRUE,0.7763,0.8692,0.8026,0.9252
"MYLU","212266_SE",212266,"SE","Okanagan Region",50.714878,-120.492405,8,5,TRUE,0.6294,0.9095,0.8416,0.9553
"MYLU","212266_SW",212266,"SW","Okanagan Region",50.732357,-120.521811,8,7,TRUE,0.9247,0.9124,0.8473,0.9566
"MYLU","212906_NW",212906,"NW","South Coastal Region",49.36971,-124.79984,7,6,TRUE,0.8652,0.8223,0.7047,0.9087
"MYLU","212906_SE",212906,"SE","South Coastal Region",49.35175,-124.74136,7,7,TRUE,1,0.8766,0.7601,0.9494
"MYLU","212906_SW",212906,"SW","South Coastal Region",49.33595,-124.7423,6,6,TRUE,1,0.8338,0.7191,0.9127
"MYLU","216746_NW",216746,"NW","South Coastal Region",49.10675,-125.78544,5,4,TRUE,0.8148,0.9425,0.8457,0.9865
"MYLU","216746_SE",216746,"SE","South Coastal Region",49.07768,-125.74644,8,6,TRUE,0.7958,0.83,0.7089,0.9141
"MYLU","218282_SE",218282,"SE","Kootenay Region",50.13833,-117.55672,5,5,TRUE,1,0.8774,0.7422,0.9501
"MYLU","218282_SW",218282,"SW","Kootenay Region",50.15094,-117.6221,6,6,TRUE,1,0.9482,0.8922,0.9817
"MYLU","219626_SW",219626,"SW","South Coastal Region",48.92819,-125.25,2,2,TRUE,1,0.8559,0.7431,0.9313
"MYLU","226090_NE",226090,"NE","Okanagan Region",50.10929,-120.45236,6,6,TRUE,1,0.9051,0.8337,0.956
"MYLU","226090_NW",226090,"NW","Okanagan Region",50.0999,-120.50647,7,7,TRUE,1,0.9339,0.8817,0.9697
"MYLU","226090_SE",226090,"SE","Okanagan Region",50.07156,-120.42266,6,5,TRUE,0.9414,0.9118,0.8467,0.9593
"MYLU","230186_NE",230186,"NE","Okanagan Region",49.01457,-121.07198,5,5,TRUE,1,0.8761,0.7898,0.9373
"MYLU","230186_SE",230186,"SE","Okanagan Region",48.97511,-121.08329,6,6,TRUE,1,0.8301,0.6829,0.9308
"MYLU","241002_NE",241002,"NE","Kootenay Region",51.03817,-118.1357,9,7,TRUE,0.7829,0.8944,0.8024,0.9614
"MYLU","241002_NW",241002,"NW","Kootenay Region",51.01597,-118.20292,9,7,TRUE,0.7781,0.9319,0.866,0.9741
"MYLU","243562_NE",243562,"NE","Kootenay Region",49.69966,-115.98498,7,6,TRUE,0.8728,0.8679,0.7472,0.9409
"MYLU","243562_SE",243562,"SE","Kootenay Region",49.65068,-115.94692,6,6,TRUE,1,0.9098,0.8509,0.9537
"MYLU","252394_NW",252394,"NW","South Coastal Region",48.79865,-125.16568,2,2,TRUE,1,0.9065,0.8294,0.9559
"MYLU","26170_NE",26170,"NE","Northern Region",53.62052,-132.20883,4,4,TRUE,1,0.9672,0.92,0.9909
"MYLU","26170_NW",26170,"NW","Northern Region",53.60452,-132.28837,3,3,TRUE,1,0.9645,0.9081,0.9908
"MYLU","26170_SE",26170,"SE","Northern Region",53.58901,-132.17695,4,4,TRUE,1,0.9627,0.9109,0.9891
"MYLU","26170_SW",26170,"SW","Northern Region",53.56895,-132.23042,4,4,TRUE,1,0.8826,0.7479,0.9624
"MYLU","265749_NE",265749,"NE","Okanagan Region",49.15892,-119.03758,6,5,TRUE,0.8473,0.7424,0.5853,0.8591
"MYLU","265749_NW",265749,"NW","Okanagan Region",49.16674,-119.10324,8,8,TRUE,1,0.9329,0.8646,0.9738
"MYLU","265749_SE",265749,"SE","Okanagan Region",49.11153,-118.97698,8,7,TRUE,0.9001,0.866,0.8006,0.9173
"MYLU","265749_SW",265749,"SW","Okanagan Region",49.11337,-119.05299,8,8,TRUE,1,0.7994,0.6446,0.9034
"MYLU","268521_NE",268521,"NE","Kootenay Region",49.49916,-115.03962,6,6,TRUE,1,0.9457,0.8908,0.9803
"MYLU","268521_NW",268521,"NW","Kootenay Region",49.48855,-115.09812,6,6,TRUE,1,0.9028,0.8465,0.9477
"MYLU","268521_SE",268521,"SE","Kootenay Region",49.44083,-115.05634,7,6,TRUE,0.9302,0.9656,0.8956,0.9941
"MYLU","269777_NW",269777,"NW","Northern Region",57.04083,-122.86281,4,3,TRUE,0.7636,0.9506,0.8819,0.9879
"MYLU","269777_SW",269777,"SW","Northern Region",57.01497,-122.80521,4,4,TRUE,1,0.9493,0.9042,0.9805
"MYLU","271731_SW",271731,"SW","Kootenay Region",51.24146,-117.64962,9,4,TRUE,0.4928,0.9188,0.8653,0.9585
"MYLU","273050_SE",273050,"SE","South Coastal Region",49.00511,-125.65145,3,2,TRUE,0.6773,0.8728,0.7868,0.9343
"MYLU","283586_NE",283586,"NE","Northern Region",54.3558,-128.5366,6,6,TRUE,1,0.8874,0.7516,0.9652
"MYLU","283586_NW",283586,"NW","Northern Region",54.3321,-128.6266,8,8,TRUE,1,0.9387,0.8637,0.9804
"MYLU","283586_SE",283586,"SE","Northern Region",54.31162,-128.54374,8,8,TRUE,1,0.9848,0.9488,0.9977
"MYLU","283586_SW",283586,"SW","Northern Region",54.2946,-128.581,8,7,TRUE,0.9018,0.8766,0.7418,0.9589
"MYLU","294832_NE",294832,"NE","Northern Region",56.3348,-120.97877,8,8,TRUE,1,0.9847,0.962,0.9962
"MYLU","294832_NW",294832,"NW","Northern Region",56.33264,-121.00747,8,8,TRUE,1,0.9804,0.9569,0.994
"MYLU","294832_SE",294832,"SE","Northern Region",56.30206,-120.94608,6,6,TRUE,1,0.9587,0.9191,0.9842
"MYLU","294832_SW",294832,"SW","Northern Region",56.30496,-121.00198,7,7,TRUE,1,0.9479,0.8949,0.9808
"MYLU","317428_NE",317428,"NE","South Coastal Region",49.06292,-120.79944,8,8,TRUE,1,0.8668,0.7669,0.9433
"MYLU","317428_NW",317428,"NW","South Coastal Region",49.06417,-120.90943,8,6,TRUE,0.7578,0.8331,0.6788,0.942
"MYLU","317428_SE",317428,"SE","South Coastal Region",49.06053,-120.77309,7,7,TRUE,1,0.838,0.7295,0.9252
"MYLU","317428_SW",317428,"SW","South Coastal Region",49.04617,-120.85085,6,6,TRUE,1,0.9342,0.8332,0.9852
"MYLU","326072_NE",326072,"NE","South Coastal Region",49.09743,-122.51957,7,7,TRUE,1,0.8688,0.7959,0.9236
"MYLU","326072_NW",326072,"NW","South Coastal Region",49.05235,-122.58989,9,8,TRUE,0.9054,0.8838,0.8119,0.9352
"MYLU","326072_SE",326072,"SE","South Coastal Region",49.0144,-122.52755,6,6,TRUE,1,0.8875,0.8163,0.9367
"MYLU","326072_SW",326072,"SW","South Coastal Region",49.01082,-122.58104,9,9,TRUE,1,0.9374,0.8701,0.9766
"MYLU","37274_NE",37274,"NE","Northern Region",53.08874,-119.20318,6,6,TRUE,1,0.9832,0.955,0.9961
"MYLU","37274_SE",37274,"SE","Northern Region",53.05051,-119.21418,5,5,TRUE,1,0.9681,0.9324,0.9895
"MYLU","37274_SW",37274,"SW","Northern Region",53.03564,-119.22895,6,6,TRUE,1,0.9443,0.8888,0.9795
"MYLU","38442_NW",38442,"NW","Okanagan Region",51.51999,-122.28978,6,6,TRUE,1,0.914,0.8543,0.9564
"MYLU","38442_SW",38442,"SW","Okanagan Region",51.50238,-122.28992,7,7,TRUE,1,0.9174,0.8585,0.9586
"MYLU","42026_NE",42026,"NE","Northern Region",55.85527,-121.65345,3,3,TRUE,1,0.9765,0.9499,0.9924
"MYLU","42026_NW",42026,"NW","Northern Region",55.83616,-121.71691,3,3,TRUE,1,0.9696,0.9395,0.9891
"MYLU","42026_SE",42026,"SE","Northern Region",55.81797,-121.66405,3,3,TRUE,1,0.9769,0.9499,0.9928
"MYLU","42026_SW",42026,"SW","Northern Region",55.81131,-121.70131,3,3,TRUE,1,0.9783,0.953,0.9932
"MYLU","47210_NW",47210,"NW","Okanagan Region",49.84159,-119.9783,3,3,TRUE,1,0.7789,0.6256,0.8912
"MYLU","47210_SE",47210,"SE","Okanagan Region",49.79638,-119.86985,3,2,TRUE,0.6974,0.816,0.7017,0.8993
"MYLU","47210_SW",47210,"SW","Okanagan Region",49.79097,-119.95267,2,2,TRUE,1,0.8745,0.8016,0.9313
"MYLU","47322_NE",47322,"NE","Northern Region",55.69808,-120.43213,8,7,TRUE,0.9089,0.9475,0.898,0.9795
"MYLU","47322_NW",47322,"NW","Northern Region",55.70016,-120.48989,6,5,TRUE,0.866,0.9533,0.9135,0.9809
"MYLU","47322_SE",47322,"SE","Northern Region",55.64597,-120.40102,5,5,TRUE,1,0.9377,0.8793,0.9752
"MYLU","47322_SW",47322,"SW","Northern Region",55.65446,-120.49465,8,8,TRUE,1,0.9697,0.9399,0.9891
"MYLU","57322_NE",57322,"NE","South Coastal Region",49.09454,-122.09881,7,7,TRUE,1,0.8541,0.7675,0.9199
"MYLU","57322_NW",57322,"NW","South Coastal Region",49.07915,-122.16077,7,7,TRUE,1,0.9128,0.8457,0.9578
"MYLU","57322_SE",57322,"SE","South Coastal Region",49.0141,-122.09198,7,6,TRUE,0.859,0.7614,0.6355,0.8599
"MYLU","57322_SW",57322,"SW","South Coastal Region",49.01663,-122.15131,7,6,TRUE,0.863,0.9164,0.8263,0.9682
"MYLU","58842_NW",58842,"NW","Northern Region",54.79952,-121.1886,2,2,TRUE,1,0.8753,0.7501,0.9567
"MYLU","58842_SE",58842,"SE","Northern Region",54.73781,-121.16052,2,2,TRUE,1,0.8944,0.7901,0.9624
"MYLU","58842_SW",58842,"SW","Northern Region",54.75716,-121.25541,2,2,TRUE,1,0.8732,0.7566,0.9529
"MYLU","5994_NE",5994,"NE","Kootenay Region",49.26067,-115.24894,5,5,TRUE,1,0.9241,0.8584,0.9663
"MYLU","5994_SE",5994,"SE","Kootenay Region",49.21228,-115.26277,5,5,TRUE,1,0.9005,0.8293,0.9492
"MYLU","60586_NW",60586,"NW","Kootenay Region",50.93041,-116.39001,6,6,TRUE,1,0.9113,0.8574,0.9536
"MYLU","60586_SW",60586,"SW","Kootenay Region",50.90342,-116.39335,6,6,TRUE,1,0.9668,0.89,0.9953
"MYLU","6202_NE",6202,"NE","South Coastal Region",48.53741,-123.50119,6,6,TRUE,1,0.9179,0.8657,0.957
"MYLU","6202_NW",6202,"NW","South Coastal Region",48.50788,-123.60088,6,2,TRUE,0.3725,0.8753,0.7891,0.9387
"MYLU","6202_SE",6202,"SE","South Coastal Region",48.48934,-123.5079,4,4,TRUE,1,0.9051,0.8491,0.946
"MYLU","6202_SW",6202,"SW","South Coastal Region",48.48637,-123.54913,7,6,TRUE,0.8688,0.8896,0.8246,0.9365
"MYLU","70250_NW",70250,"NW","Kootenay Region",51.24583,-116.91793,6,6,TRUE,1,0.8992,0.8366,0.947
"MYLU","70250_SW",70250,"SW","Kootenay Region",51.20982,-116.89974,4,4,TRUE,1,0.9419,0.8889,0.9761
"MYLU","73002_NE",73002,"NE","Okanagan Region",50.85067,-121.87219,8,7,TRUE,0.8874,0.8939,0.8212,0.9441
"MYLU","73002_SE",73002,"SE","Okanagan Region",50.82484,-121.86896,9,5,TRUE,0.5843,0.8173,0.6825,0.9122
"MYLU","73002_SW",73002,"SW","Okanagan Region",50.80422,-121.87782,9,7,TRUE,0.7798,0.8467,0.7659,0.9101
"MYLU","73786_NW",73786,"NW","South Coastal Region",49.12334,-123.06198,9,9,TRUE,1,0.8891,0.8132,0.939
"MYLU","73786_SE",73786,"SE","South Coastal Region",49.12604,-123.00163,9,9,TRUE,1,0.8402,0.7249,0.9157
"MYLU","73786_SW",73786,"SW","South Coastal Region",49.10823,-123.07992,7,7,TRUE,1,0.9562,0.8683,0.9916
"MYLU","77162_NE",77162,"NE","Kootenay Region",50.95478,-118.09975,5,5,TRUE,1,0.8986,0.8003,0.967
"MYLU","77162_SW",77162,"SW","Kootenay Region",50.886,-118.10586,8,8,TRUE,1,0.9017,0.8196,0.9556
"MYLU","79018_NE",79018,"NE","Kootenay Region",50.2021,-116.91007,8,8,TRUE,1,0.8715,0.7965,0.9297
"MYLU","79018_NW",79018,"NW","Kootenay Region",50.19383,-116.94752,8,8,TRUE,1,0.8972,0.8128,0.9527
"MYLU","79018_SE",79018,"SE","Kootenay Region",50.18723,-116.90419,8,5,TRUE,0.6362,0.7804,0.6241,0.887
"MYLU","79018_SW",79018,"SW","Kootenay Region",50.17771,-116.95968,7,7,TRUE,1,0.9372,0.8645,0.9783
"MYLU","86074_NE",86074,"NE","South Coastal Region",49.23087,-122.3056,7,4,TRUE,0.5724,0.7406,0.5686,0.8642
"MYLU","86074_NW",86074,"NW","South Coastal Region",49.18442,-122.40331,3,3,TRUE,1,0.9092,0.8451,0.9531
"MYLU","86074_SE",86074,"SE","South Coastal Region",49.16962,-122.3193,4,4,TRUE,1,0.9316,0.8568,0.9749
"MYLU","86074_SW",86074,"SW","South Coastal Region",49.14174,-122.38204,6,5,TRUE,0.845,0.8613,0.781,0.9202
"MYLU","89962_NE",89962,"NE","Kootenay Region",49.07682,-117.5986,3,3,TRUE,1,0.8983,0.825,0.949
"MYLU","89962_SE",89962,"SE","Kootenay Region",49.00974,-117.57236,3,3,TRUE,1,0.9193,0.8427,0.9675
"MYLU","89962_SW",89962,"SW","Kootenay Region",49.0077,-117.63034,3,3,TRUE,1,0.8959,0.7824,0.9604
"MYLU","93290_NE",93290,"NE","Okanagan Region",49.44361,-119.56535,6,6,TRUE,1,0.9316,0.8814,0.9668
"MYLU","93290_NW",93290,"NW","Okanagan Region",49.41531,-119.6018,9,9,TRUE,1,0.8913,0.8266,0.9396
"MYLU","93290_SE",93290,"SE","Okanagan Region",49.38433,-119.56165,8,8,TRUE,1,0.9334,0.8699,0.9727
"MYLU","93290_SW",93290,"SW","Okanagan Region",49.37943,-119.59374,9,8,TRUE,0.8899,0.8616,0.7863,0.9249
"MYLU","94522_NW",94522,"NW","Northern Region",53.10732,-131.86467,3,3,TRUE,1,0.9608,0.9047,0.9891
"MYLU","94522_SE",94522,"SE","Northern Region",53.08196,-131.77925,3,2,TRUE,0.8504,0.9486,0.8777,0.9857
"MYLU","9466_NE",9466,"NE","Northern Region",57.34435,-125.50932,2,2,TRUE,1,0.9749,0.9423,0.9928
"MYLU","9466_NW",9466,"NW","Northern Region",57.3459,-125.55037,3,3,TRUE,1,0.9836,0.9491,0.9973
"MYLU","9466_SE",9466,"SE","Northern Region",57.31575,-125.49037,3,3,TRUE,1,0.9143,0.8385,0.9673
"MYLU","9466_SW",9466,"SW","Northern Region",57.29483,-125.51474,3,3,TRUE,1,0.9743,0.9462,0.9915
"MYLU","986_NE",986,"NE","Northern Region",53.188,-121.30225,8,8,TRUE,1,0.9895,0.962,0.9987
"MYLU","986_SE",986,"SE","Northern Region",53.1392,-121.2577,6,6,TRUE,1,0.9818,0.9522,0.9958
"MYSE","110378_NE",110378,"NE","Okanagan Region",49.04717,-119.5574,8,0,FALSE,0.0019,0.0413,0.012,0.1052
"MYSE","110378_NW",110378,"NW","Okanagan Region",49.03536,-119.57546,9,0,FALSE,0.0027,0.0479,0.0144,0.1113
"MYSE","110378_SE",110378,"SE","Okanagan Region",49.01485,-119.53228,8,1,TRUE,0.1679,0.0418,0.011,0.1064
"MYSE","110378_SW",110378,"SW","Okanagan Region",49.00412,-119.59552,9,0,FALSE,0.0091,0.0436,0.014,0.1028
"MYSE","111466_NE",111466,"NE","Kootenay Region",49.00129,-115.06184,2,1,TRUE,0.536,0.1937,0.1256,0.2797
"MYSE","111466_NW",111466,"NW","Kootenay Region",49.01861,-115.09568,2,0,FALSE,0.0602,0.2013,0.0966,0.3524
"MYSE","114602_NE",114602,"NE","South Coastal Region",49.70588,-125.06708,5,0,FALSE,0,0,0,0
"MYSE","114602_NW",114602,"NW","South Coastal Region",49.67623,-125.13792,7,0,FALSE,0,0,0,0
"MYSE","114602_SE",114602,"SE","South Coastal Region",49.65756,-125.0438,7,0,FALSE,0,0,0,0
"MYSE","114602_SW",114602,"SW","South Coastal Region",49.64146,-125.08654,7,0,FALSE,0,0,0,0
"MYSE","115322_NE",115322,"NE","Northern Region",52.37764,-125.98565,6,1,TRUE,0.1892,0.5072,0.2983,0.7302
"MYSE","115322_NW",115322,"NW","Northern Region",52.37481,-126.08159,8,2,TRUE,0.318,0.3492,0.2069,0.5297
"MYSE","115322_SE",115322,"SE","Northern Region",52.35752,-126.01253,7,2,TRUE,0.295,0.3913,0.23,0.5863
"MYSE","115322_SW",115322,"SW","Northern Region",52.34498,-126.07967,8,0,FALSE,0.2088,0.28,0.1733,0.3977
"MYSE","1194_NW",1194,"NW","Kootenay Region",50.11749,-117.523,9,0,FALSE,0.1186,0.1955,0.1336,0.2754
"MYSE","1194_SW",1194,"SW","Kootenay Region",50.0903,-117.4679,4,0,FALSE,0.0332,0.2331,0.1431,0.3422
"MYSE","12522_NE",12522,"NE","South Coastal Region",49.72155,-124.51563,4,0,FALSE,0,0,0,0
"MYSE","12522_NW",12522,"NW","South Coastal Region",49.75757,-124.56308,5,0,FALSE,0,0,0,0
"MYSE","12522_SE",12522,"SE","South Coastal Region",49.70213,-124.47636,6,0,FALSE,0,0,0,0
"MYSE","12522_SW",12522,"SW","South Coastal Region",49.7022,-124.52268,6,0,FALSE,0,0,0,0
"MYSE","127850_NE",127850,"NE","Kootenay Region",49.31307,-115.01912,4,0,FALSE,0.0499,0.2035,0.0927,0.3449
"MYSE","127850_NW",127850,"NW","Kootenay Region",49.3096,-115.05201,5,0,FALSE,0.0088,0.1741,0.1122,0.2536
"MYSE","127850_SE",127850,"SE","Kootenay Region",49.28498,-114.95395,5,0,FALSE,0.0173,0.2034,0.1294,0.3011
"MYSE","127850_SW",127850,"SW","Kootenay Region",49.2671,-115.02532,7,0,FALSE,0.0151,0.1774,0.0899,0.3045
"MYSE","128058_NE",128058,"NE","South Coastal Region",48.84117,-123.42727,5,0,FALSE,0,0,0,0
"MYSE","128058_NW",128058,"NW","South Coastal Region",48.82144,-123.48643,5,0,FALSE,0,0,0,0
"MYSE","128058_SW",128058,"SW","South Coastal Region",48.79828,-123.47632,5,0,FALSE,0,0,0,0
"MYSE","132650_SE",132650,"SE","Okanagan Region",51.81828,-122.42144,6,0,FALSE,0.0261,0.0581,0.0176,0.1307
"MYSE","132650_SW",132650,"SW","Okanagan Region",51.80225,-122.46284,5,0,FALSE,0.0054,0.0573,0.0126,0.1583
"MYSE","137274_NE",137274,"NE","South Coastal Region",48.79,-123.6988,5,0,FALSE,0,0,0,0
"MYSE","137274_NW",137274,"NW","South Coastal Region",48.7891,-123.719,6,0,FALSE,0,0,0,0
"MYSE","137274_SE",137274,"SE","South Coastal Region",48.7539,-123.6447,6,0,FALSE,0,0,0,0
"MYSE","143274_NE",143274,"NE","South Coastal Region",50.3377,-122.8012,7,0,FALSE,0,0,0,0
"MYSE","143274_NW",143274,"NW","South Coastal Region",50.3446,-122.8479,7,0,FALSE,0,0,0,0
"MYSE","143274_SE",143274,"SE","South Coastal Region",50.3004,-122.758,7,0,FALSE,0,0,0,0
"MYSE","143274_SW",143274,"SW","South Coastal Region",50.2961,-122.8048,7,0,FALSE,0,0,0,0
"MYSE","145578_NE",145578,"NE","Kootenay Region",49.93178,-115.65558,7,1,TRUE,0.1585,0.1533,0.0754,0.2498
"MYSE","145578_NW",145578,"NW","Kootenay Region",49.93544,-115.67497,6,1,TRUE,0.1897,0.1664,0.0998,0.2515
"MYSE","145578_SE",145578,"SE","Kootenay Region",49.89983,-115.64222,7,1,TRUE,0.1629,0.164,0.0917,0.259
"MYSE","145578_SW",145578,"SW","Kootenay Region",49.89589,-115.695,7,0,FALSE,0.1411,0.197,0.1197,0.2886
"MYSE","16426_NE",16426,"NE","Northern Region",54.82137,-123.35579,6,1,TRUE,0.6986,0.4439,0.2806,0.6389
"MYSE","16426_SE",16426,"SE","Northern Region",54.81895,-123.33997,5,4,TRUE,0.9363,0.4176,0.2575,0.6023
"MYSE","172090_NE",172090,"NE","South Coastal Region",49.37012,-122.94857,6,0,FALSE,0,0,0,0
"MYSE","172090_NW",172090,"NW","South Coastal Region",49.34683,-123.00985,5,0,FALSE,0,0,0,0
"MYSE","172090_SE",172090,"SE","South Coastal Region",49.32364,-122.97036,5,0,FALSE,0,0,0,0
"MYSE","172090_SW",172090,"SW","South Coastal Region",49.31421,-123.01406,6,0,FALSE,0,0,0,0
"MYSE","175354_SE",175354,"SE","Northern Region",59.42418,-125.94917,3,3,TRUE,1,0.4737,0.2382,0.738
"MYSE","175354_SW",175354,"SW","Northern Region",59.40931,-126.09868,5,4,TRUE,0.9996,0.5849,0.3391,0.8187
"MYSE","17706_NW",17706,"NW","Northern Region",51.97601,-120.10368,2,0,FALSE,0.2346,0.4746,0.2688,0.7133
"MYSE","17706_SE",17706,"SE","Northern Region",51.9408,-120.01683,5,0,FALSE,0.026,0.4607,0.2682,0.6781
"MYSE","17706_SW",17706,"SW","Northern Region",51.94316,-120.06784,4,2,TRUE,0.8847,0.5114,0.318,0.7197
"MYSE","186330_NE",186330,"NE","Northern Region",55.95727,-122.58949,2,1,TRUE,0.7868,0.3613,0.1814,0.5961
"MYSE","186330_NW",186330,"NW","Northern Region",55.94606,-122.65922,2,0,FALSE,0.1437,0.3058,0.1963,0.4462
"MYSE","186490_NW",186490,"NW","Northern Region",54.754,-127.12678,8,5,TRUE,0.7344,0.3268,0.1896,0.5085
"MYSE","186490_SE",186490,"SE","Northern Region",54.72257,-126.99742,6,0,FALSE,0.0061,0.3989,0.2615,0.5599
"MYSE","186490_SW",186490,"SW","Northern Region",54.72278,-127.05397,9,2,TRUE,0.3177,0.2972,0.182,0.4511
"MYSE","194666_NE",194666,"NE","Okanagan Region",50.23014,-119.32344,6,0,FALSE,0.0187,0.0541,0.018,0.1152
"MYSE","194666_SW",194666,"SW","Okanagan Region",50.16915,-119.41081,6,0,FALSE,0.0018,0.0617,0.013,0.1824
"MYSE","20330_NE",20330,"NE","Kootenay Region",49.42454,-117.72865,7,1,TRUE,0.1725,0.1802,0.1088,0.2753
"MYSE","20330_SE",20330,"SE","Kootenay Region",49.3813,-117.67793,8,1,TRUE,0.1936,0.1785,0.0974,0.2964
"MYSE","206394_NE",206394,"NE","Northern Region",53.63655,-132.05056,4,0,FALSE,0.0939,0.3784,0.1956,0.6105
"MYSE","206394_NW",206394,"NW","Northern Region",53.6372,-132.16251,4,0,FALSE,0.1028,0.2022,0.0961,0.3409
"MYSE","206394_SE",206394,"SE","Northern Region",53.60877,-131.99988,4,0,FALSE,0.2049,0.3297,0.2052,0.4839
"MYSE","206394_SW",206394,"SW","Northern Region",53.57324,-132.11579,4,0,FALSE,0.0559,0.301,0.1486,0.5326
"MYSE","20730_NE",20730,"NE","Northern Region",56.79525,-124.90059,3,2,TRUE,0.6937,0.3529,0.197,0.5485
"MYSE","20730_NW",20730,"NW","Northern Region",56.79948,-124.97614,3,1,TRUE,0.4435,0.2672,0.1407,0.4459
"MYSE","20730_SE",20730,"SE","Northern Region",56.78457,-124.88544,3,0,FALSE,0.1059,0.3317,0.2222,0.4698
"MYSE","20730_SW",20730,"SW","Northern Region",56.76456,-124.98588,2,0,FALSE,0.101,0.3766,0.2572,0.5199
"MYSE","212266_NE",212266,"NE","Okanagan Region",50.751409,-120.480005,9,0,FALSE,0.0364,0.0793,0.0219,0.178
"MYSE","212266_NW",212266,"NW","Okanagan Region",50.777508,-120.5598176,8,0,FALSE,0.0022,0.0478,0.0109,0.14
"MYSE","212266_SE",212266,"SE","Okanagan Region",50.714878,-120.492405,8,0,FALSE,0.0079,0.0521,0.0134,0.1334
"MYSE","212266_SW",212266,"SW","Okanagan Region",50.732357,-120.521811,8,0,FALSE,0.0028,0.0503,0.0132,0.1253
"MYSE","212906_NW",212906,"NW","South Coastal Region",49.36971,-124.79984,7,0,FALSE,0,0,0,0
"MYSE","212906_SE",212906,"SE","South Coastal Region",49.35175,-124.74136,7,0,FALSE,0,0,0,0
"MYSE","212906_SW",212906,"SW","South Coastal Region",49.33595,-124.7423,6,0,FALSE,0,0,0,0
"MYSE","216746_NW",216746,"NW","South Coastal Region",49.10675,-125.78544,5,0,FALSE,0,0,0,0
"MYSE","216746_SE",216746,"SE","South Coastal Region",49.07768,-125.74644,8,0,FALSE,0,0,0,0
"MYSE","218282_SE",218282,"SE","Kootenay Region",50.13833,-117.55672,5,0,FALSE,0.0695,0.1417,0.0601,0.2541
"MYSE","218282_SW",218282,"SW","Kootenay Region",50.15094,-117.6221,6,2,TRUE,0.3562,0.2085,0.1326,0.3034
"MYSE","219626_SW",219626,"SW","South Coastal Region",48.92819,-125.25,2,0,FALSE,0,0,0,0
"MYSE","226090_NE",226090,"NE","Okanagan Region",50.10929,-120.45236,6,0,FALSE,0.0039,0.076,0.011,0.25
"MYSE","226090_NW",226090,"NW","Okanagan Region",50.0999,-120.50647,7,0,FALSE,0.01,0.0525,0.0164,0.1185
"MYSE","226090_SE",226090,"SE","Okanagan Region",50.07156,-120.42266,6,0,FALSE,0.0079,0.0655,0.0098,0.2241
"MYSE","230186_NE",230186,"NE","Okanagan Region",49.01457,-121.07198,5,0,FALSE,0.0074,0.0623,0.0112,0.1886
"MYSE","230186_SE",230186,"SE","Okanagan Region",48.97511,-121.08329,6,0,FALSE,0.0015,0.1542,0.011,0.5353
"MYSE","241002_NE",241002,"NE","Kootenay Region",51.03817,-118.1357,9,0,FALSE,0.0026,0.295,0.0628,0.6755
"MYSE","241002_NW",241002,"NW","Kootenay Region",51.01597,-118.20292,9,3,TRUE,0.359,0.2511,0.1614,0.347
"MYSE","243562_NE",243562,"NE","Kootenay Region",49.69966,-115.98498,7,2,TRUE,0.3008,0.1451,0.0632,0.2492
"MYSE","243562_SE",243562,"SE","Kootenay Region",49.65068,-115.94692,6,0,FALSE,0.0249,0.2015,0.089,0.3581
"MYSE","252394_NW",252394,"NW","South Coastal Region",48.79865,-125.16568,2,0,FALSE,0,0,0,0
"MYSE","26170_NE",26170,"NE","Northern Region",53.62052,-132.20883,4,0,FALSE,0.1672,0.286,0.1805,0.4219
"MYSE","26170_NW",26170,"NW","Northern Region",53.60452,-132.28837,3,1,TRUE,0.3653,0.3027,0.1541,0.5143
"MYSE","26170_SE",26170,"SE","Northern Region",53.58901,-132.17695,4,1,TRUE,0.3533,0.3103,0.1778,0.4905
"MYSE","26170_SW",26170,"SW","Northern Region",53.56895,-132.23042,4,1,TRUE,0.2719,0.2494,0.142,0.3748
"MYSE","265749_NE",265749,"NE","Okanagan Region",49.15892,-119.03758,6,0,FALSE,0.0023,0.0305,0.0064,0.0836
"MYSE","265749_NW",265749,"NW","Okanagan Region",49.16674,-119.10324,8,0,FALSE,3e-04,0.0446,0.0086,0.1346
"MYSE","265749_SE",265749,"SE","Okanagan Region",49.11153,-118.97698,8,0,FALSE,0.0076,0.0416,0.0146,0.0897
"MYSE","265749_SW",265749,"SW","Okanagan Region",49.11337,-119.05299,8,0,FALSE,0.0049,0.0339,0.0069,0.0943
"MYSE","268521_NE",268521,"NE","Kootenay Region",49.49916,-115.03962,6,1,TRUE,0.2552,0.206,0.1259,0.3012
"MYSE","268521_NW",268521,"NW","Kootenay Region",49.48855,-115.09812,6,0,FALSE,0.0117,0.1716,0.0982,0.2742
"MYSE","268521_SE",268521,"SE","Kootenay Region",49.44083,-115.05634,7,0,FALSE,0.1618,0.25,0.1347,0.3861
"MYSE","269777_NW",269777,"NW","Northern Region",57.04083,-122.86281,4,0,FALSE,0.2113,0.6336,0.2001,0.9502
"MYSE","269777_SW",269777,"SW","Northern Region",57.01497,-122.80521,4,1,TRUE,0.7559,0.4787,0.2883,0.7018
"MYSE","271731_SW",271731,"SW","Kootenay Region",51.24146,-117.64962,9,1,TRUE,0.1595,0.2166,0.1047,0.3671
"MYSE","273050_SE",273050,"SE","South Coastal Region",49.00511,-125.65145,3,0,FALSE,0,0,0,0
"MYSE","283586_NE",283586,"NE","Northern Region",54.3558,-128.5366,6,1,TRUE,0.2407,0.1982,0.096,0.3384
"MYSE","283586_NW",283586,"NW","Northern Region",54.3321,-128.6266,8,1,TRUE,0.1912,0.2191,0.1213,0.3351
"MYSE","283586_SE",283586,"SE","Northern Region",54.31162,-128.54374,8,3,TRUE,0.4403,0.3201,0.194,0.4758
"MYSE","283586_SW",283586,"SW","Northern Region",54.2946,-128.581,8,0,FALSE,0.0782,0.1995,0.1025,0.3206
"MYSE","294832_NE",294832,"NE","Northern Region",56.3348,-120.97877,8,6,TRUE,0.9491,0.4147,0.2353,0.637
"MYSE","294832_NW",294832,"NW","Northern Region",56.33264,-121.00747,8,7,TRUE,0.9985,0.4187,0.2618,0.5995
"MYSE","294832_SE",294832,"SE","Northern Region",56.30206,-120.94608,6,3,TRUE,0.962,0.5492,0.3449,0.7575
"MYSE","294832_SW",294832,"SW","Northern Region",56.30496,-121.00198,7,7,TRUE,1,0.6144,0.3415,0.8493
"MYSE","317428_NE",317428,"NE","South Coastal Region",49.06292,-120.79944,8,0,FALSE,0,0,0,0
"MYSE","317428_NW",317428,"NW","South Coastal Region",49.06417,-120.90943,8,0,FALSE,0,0,0,0
"MYSE","317428_SE",317428,"SE","South Coastal Region",49.06053,-120.77309,7,0,FALSE,0,0,0,0
"MYSE","317428_SW",317428,"SW","South Coastal Region",49.04617,-120.85085,6,0,FALSE,0,0,0,0
"MYSE","326072_NE",326072,"NE","South Coastal Region",49.09743,-122.51957,7,0,FALSE,0,0,0,0
"MYSE","326072_NW",326072,"NW","South Coastal Region",49.05235,-122.58989,9,0,FALSE,0,0,0,0
"MYSE","326072_SE",326072,"SE","South Coastal Region",49.0144,-122.52755,6,0,FALSE,0,0,0,0
"MYSE","326072_SW",326072,"SW","South Coastal Region",49.01082,-122.58104,9,0,FALSE,0,0,0,0
"MYSE","37274_NE",37274,"NE","Northern Region",53.08874,-119.20318,6,0,FALSE,0.0128,0.4346,0.1832,0.7419
"MYSE","37274_SE",37274,"SE","Northern Region",53.05051,-119.21418,5,0,FALSE,0.0304,0.3894,0.229,0.5804
"MYSE","37274_SW",37274,"SW","Northern Region",53.03564,-119.22895,6,0,FALSE,0.1123,0.6183,0.3343,0.8573
"MYSE","38442_NW",38442,"NW","Okanagan Region",51.51999,-122.28978,6,1,TRUE,0.2148,0.0525,0.0162,0.1161
"MYSE","38442_SW",38442,"SW","Okanagan Region",51.50238,-122.28992,7,1,TRUE,0.1595,0.0554,0.0176,0.1217
"MYSE","42026_NE",42026,"NE","Northern Region",55.85527,-121.65345,3,0,FALSE,0.0707,0.385,0.2458,0.5475
"MYSE","42026_NW",42026,"NW","Northern Region",55.83616,-121.71691,3,0,FALSE,0.104,0.389,0.2548,0.5435
"MYSE","42026_SE",42026,"SE","Northern Region",55.81797,-121.66405,3,1,TRUE,0.4889,0.3409,0.2216,0.486
"MYSE","42026_SW",42026,"SW","Northern Region",55.81131,-121.70131,3,1,TRUE,0.5917,0.3999,0.2501,0.5765
"MYSE","47210_NW",47210,"NW","Okanagan Region",49.84159,-119.9783,3,0,FALSE,0.0057,0.0303,0.0053,0.0909
"MYSE","47210_SE",47210,"SE","Okanagan Region",49.79638,-119.86985,3,0,FALSE,0.0036,0.0319,0.0071,0.0943
"MYSE","47210_SW",47210,"SW","Okanagan Region",49.79097,-119.95267,2,0,FALSE,0.008,0.0423,0.0093,0.1279
"MYSE","47322_NE",47322,"NE","Northern Region",55.69808,-120.43213,8,7,TRUE,0.9995,0.4767,0.264,0.7245
"MYSE","47322_NW",47322,"NW","Northern Region",55.70016,-120.48989,6,3,TRUE,0.9414,0.4429,0.2879,0.6301
"MYSE","47322_SE",47322,"SE","Northern Region",55.64597,-120.40102,5,4,TRUE,0.9997,0.4985,0.2637,0.7592
"MYSE","47322_SW",47322,"SW","Northern Region",55.65446,-120.49465,8,1,TRUE,0.2148,0.3306,0.218,0.4708
"MYSE","57322_NE",57322,"NE","South Coastal Region",49.09454,-122.09881,7,0,FALSE,0,0,0,0
"MYSE","57322_NW",57322,"NW","South Coastal Region",49.07915,-122.16077,7,0,FALSE,0,0,0,0
"MYSE","57322_SE",57322,"SE","South Coastal Region",49.0141,-122.09198,7,0,FALSE,0,0,0,0
"MYSE","57322_SW",57322,"SW","South Coastal Region",49.01663,-122.15131,7,0,FALSE,0,0,0,0
"MYSE","58842_NW",58842,"NW","Northern Region",54.79952,-121.1886,2,0,FALSE,0.1883,0.2147,0.1136,0.3468
"MYSE","58842_SE",58842,"SE","Northern Region",54.73781,-121.16052,2,1,TRUE,0.6243,0.2291,0.095,0.5275
"MYSE","58842_SW",58842,"SW","Northern Region",54.75716,-121.25541,2,0,FALSE,0.0621,0.2279,0.0944,0.5285
"MYSE","5994_NE",5994,"NE","Kootenay Region",49.26067,-115.24894,5,0,FALSE,0.0531,0.1683,0.1029,0.2519
"MYSE","5994_SE",5994,"SE","Kootenay Region",49.21228,-115.26277,5,0,FALSE,0.0212,0.1797,0.0801,0.3254
"MYSE","60586_NW",60586,"NW","Kootenay Region",50.93041,-116.39001,6,1,TRUE,0.2183,0.1845,0.1249,0.2623
"MYSE","60586_SW",60586,"SW","Kootenay Region",50.90342,-116.39335,6,2,TRUE,0.3567,0.2622,0.1363,0.4168
"MYSE","6202_NE",6202,"NE","South Coastal Region",48.53741,-123.50119,6,0,FALSE,0,0,0,0
"MYSE","6202_NW",6202,"NW","South Coastal Region",48.50788,-123.60088,6,0,FALSE,0,0,0,0
"MYSE","6202_SE",6202,"SE","South Coastal Region",48.48934,-123.5079,4,0,FALSE,0,0,0,0
"MYSE","6202_SW",6202,"SW","South Coastal Region",48.48637,-123.54913,7,0,FALSE,0,0,0,0
"MYSE","70250_NW",70250,"NW","Kootenay Region",51.24583,-116.91793,6,1,TRUE,0.2383,0.185,0.1068,0.2971
"MYSE","70250_SW",70250,"SW","Kootenay Region",51.20982,-116.89974,4,1,TRUE,0.2647,0.2035,0.1352,0.2866
"MYSE","73002_NE",73002,"NE","Okanagan Region",50.85067,-121.87219,8,0,FALSE,0.0063,0.0471,0.012,0.1242
"MYSE","73002_SE",73002,"SE","Okanagan Region",50.82484,-121.86896,9,0,FALSE,0.0346,0.0719,0.0202,0.1612
"MYSE","73002_SW",73002,"SW","Okanagan Region",50.80422,-121.87782,9,0,FALSE,0.0037,0.0461,0.0154,0.1034
"MYSE","73786_NW",73786,"NW","South Coastal Region",49.12334,-123.06198,9,0,FALSE,0,0,0,0
"MYSE","73786_SE",73786,"SE","South Coastal Region",49.12604,-123.00163,9,0,FALSE,0,0,0,0
"MYSE","73786_SW",73786,"SW","South Coastal Region",49.10823,-123.07992,7,0,FALSE,0,0,0,0
"MYSE","77162_NE",77162,"NE","Kootenay Region",50.95478,-118.09975,5,1,TRUE,0.2225,0.2361,0.058,0.5493
"MYSE","77162_SW",77162,"SW","Kootenay Region",50.886,-118.10586,8,4,TRUE,0.5198,0.1972,0.1308,0.2784
"MYSE","79018_NE",79018,"NE","Kootenay Region",50.2021,-116.91007,8,1,TRUE,0.135,0.1532,0.0896,0.2403
"MYSE","79018_NW",79018,"NW","Kootenay Region",50.19383,-116.94752,8,1,TRUE,0.1686,0.1816,0.097,0.3077
"MYSE","79018_SE",79018,"SE","Kootenay Region",50.18723,-116.90419,8,2,TRUE,0.2634,0.1527,0.0751,0.2475
"MYSE","79018_SW",79018,"SW","Kootenay Region",50.17771,-116.95968,7,1,TRUE,0.1557,0.2098,0.134,0.3034
"MYSE","86074_NE",86074,"NE","South Coastal Region",49.23087,-122.3056,7,0,FALSE,0,0,0,0
"MYSE","86074_NW",86074,"NW","South Coastal Region",49.18442,-122.40331,3,0,FALSE,0,0,0,0
"MYSE","86074_SE",86074,"SE","South Coastal Region",49.16962,-122.3193,4,0,FALSE,0,0,0,0
"MYSE","86074_SW",86074,"SW","South Coastal Region",49.14174,-122.38204,6,0,FALSE,0,0,0,0
"MYSE","89962_NE",89962,"NE","Kootenay Region",49.07682,-117.5986,3,0,FALSE,0.0375,0.1947,0.0987,0.3362
"MYSE","89962_SE",89962,"SE","Kootenay Region",49.00974,-117.57236,3,1,TRUE,0.3536,0.2404,0.1576,0.3332
"MYSE","89962_SW",89962,"SW","Kootenay Region",49.0077,-117.63034,3,0,FALSE,0.0393,0.2032,0.0799,0.3924
"MYSE","93290_NE",93290,"NE","Okanagan Region",49.44361,-119.56535,6,0,FALSE,0.0084,0.0476,0.014,0.1125
"MYSE","93290_NW",93290,"NW","Okanagan Region",49.41531,-119.6018,9,0,FALSE,0.0132,0.0485,0.0157,0.108
"MYSE","93290_SE",93290,"SE","Okanagan Region",49.38433,-119.56165,8,0,FALSE,0.0102,0.0708,0.0218,0.1541
"MYSE","93290_SW",93290,"SW","Okanagan Region",49.37943,-119.59374,9,0,FALSE,0.0034,0.0654,0.0126,0.2019
"MYSE","94522_NW",94522,"NW","Northern Region",53.10732,-131.86467,3,0,FALSE,0.0711,0.2497,0.1546,0.3723
"MYSE","94522_SE",94522,"SE","Northern Region",53.08196,-131.77925,3,0,FALSE,0.1201,0.293,0.1798,0.416
"MYSE","9466_NE",9466,"NE","Northern Region",57.34435,-125.50932,2,0,FALSE,0.1258,0.3142,0.1749,0.498
"MYSE","9466_NW",9466,"NW","Northern Region",57.3459,-125.55037,3,1,TRUE,0.4621,0.302,0.1578,0.4897
"MYSE","9466_SE",9466,"SE","Northern Region",57.31575,-125.49037,3,0,FALSE,0.1134,0.2568,0.1417,0.4356
"MYSE","9466_SW",9466,"SW","Northern Region",57.29483,-125.51474,3,1,TRUE,0.4863,0.3549,0.2224,0.5177
"MYSE","986_NE",986,"NE","Northern Region",53.188,-121.30225,8,3,TRUE,0.5374,0.3649,0.1224,0.7327
"MYSE","986_SE",986,"SE","Northern Region",53.1392,-121.2577,6,3,TRUE,0.9813,0.4187,0.1811,0.7132
"MYTH","110378_NE",110378,"NE","Okanagan Region",49.04717,-119.5574,8,2,TRUE,0.3947,0.4405,0.2995,0.5926
"MYTH","110378_NW",110378,"NW","Okanagan Region",49.03536,-119.57546,9,5,TRUE,0.789,0.4716,0.3101,0.6714
"MYTH","110378_SE",110378,"SE","Okanagan Region",49.01485,-119.53228,8,1,TRUE,0.2562,0.4204,0.2706,0.5957
"MYTH","110378_SW",110378,"SW","Okanagan Region",49.00412,-119.59552,9,2,TRUE,0.2491,0.4915,0.3548,0.639
"MYTH","111466_NE",111466,"NE","Kootenay Region",49.00129,-115.06184,2,2,TRUE,1,0.2692,0.1347,0.4344
"MYTH","111466_NW",111466,"NW","Kootenay Region",49.01861,-115.09568,2,2,TRUE,1,0.1944,0.087,0.3586
"MYTH","114602_NE",114602,"NE","South Coastal Region",49.70588,-125.06708,5,0,FALSE,0.0341,0.0611,0.0261,0.1166
"MYTH","114602_NW",114602,"NW","South Coastal Region",49.67623,-125.13792,7,0,FALSE,0.0229,0.0673,0.0279,0.1315
"MYTH","114602_SE",114602,"SE","South Coastal Region",49.65756,-125.0438,7,0,FALSE,0.0085,0.0587,0.0189,0.1258
"MYTH","114602_SW",114602,"SW","South Coastal Region",49.64146,-125.08654,7,0,FALSE,0.0063,0.0601,0.0251,0.113
"MYTH","115322_NE",115322,"NE","Northern Region",52.37764,-125.98565,6,0,FALSE,0.0015,0.0186,0.0037,0.0546
"MYTH","115322_NW",115322,"NW","Northern Region",52.37481,-126.08159,8,0,FALSE,0.005,0.0607,0.0047,0.1737
"MYTH","115322_SE",115322,"SE","Northern Region",52.35752,-126.01253,7,0,FALSE,0.007,0.029,0.0043,0.0905
"MYTH","115322_SW",115322,"SW","Northern Region",52.34498,-126.07967,8,0,FALSE,0.0019,0.037,0.0059,0.1102
"MYTH","1194_NW",1194,"NW","Kootenay Region",50.11749,-117.523,9,0,FALSE,0.0046,0.2533,0.1295,0.4209
"MYTH","1194_SW",1194,"SW","Kootenay Region",50.0903,-117.4679,4,0,FALSE,0.067,0.3202,0.1223,0.5773
"MYTH","12522_NE",12522,"NE","South Coastal Region",49.72155,-124.51563,4,0,FALSE,0.0096,0.0683,0.0282,0.1314
"MYTH","12522_NW",12522,"NW","South Coastal Region",49.75757,-124.56308,5,0,FALSE,0.0177,0.0757,0.0257,0.1617
"MYTH","12522_SE",12522,"SE","South Coastal Region",49.70213,-124.47636,6,0,FALSE,0.0171,0.0526,0.0189,0.1106
"MYTH","12522_SW",12522,"SW","South Coastal Region",49.7022,-124.52268,6,0,FALSE,0.0134,0.0604,0.0262,0.1126
"MYTH","127850_NE",127850,"NE","Kootenay Region",49.31307,-115.01912,4,1,TRUE,0.6513,0.2847,0.1117,0.5313
"MYTH","127850_NW",127850,"NW","Kootenay Region",49.3096,-115.05201,5,0,FALSE,0.0802,0.2346,0.1209,0.3918
"MYTH","127850_SE",127850,"SE","Kootenay Region",49.28498,-114.95395,5,3,TRUE,0.966,0.2972,0.1439,0.4952
"MYTH","127850_SW",127850,"SW","Kootenay Region",49.2671,-115.02532,7,3,TRUE,0.9114,0.1946,0.093,0.3462
"MYTH","128058_NE",128058,"NE","South Coastal Region",48.84117,-123.42727,5,0,FALSE,0.0088,0.0589,0.0162,0.1386
"MYTH","128058_NW",128058,"NW","South Coastal Region",48.82144,-123.48643,5,0,FALSE,0.0077,0.0691,0.0264,0.1366
"MYTH","128058_SW",128058,"SW","South Coastal Region",48.79828,-123.47632,5,0,FALSE,0.0034,0.0595,0.0255,0.1126
"MYTH","132650_SE",132650,"SE","Okanagan Region",51.81828,-122.42144,6,1,TRUE,0.186,0.5743,0.3653,0.7907
"MYTH","132650_SW",132650,"SW","Okanagan Region",51.80225,-122.46284,5,0,FALSE,0.0063,0.4282,0.2609,0.6233
"MYTH","137274_NE",137274,"NE","South Coastal Region",48.79,-123.6988,5,0,FALSE,0.0067,0.0597,0.018,0.1333
"MYTH","137274_NW",137274,"NW","South Coastal Region",48.7891,-123.719,6,0,FALSE,0.0141,0.0622,0.0249,0.1208
"MYTH","137274_SE",137274,"SE","South Coastal Region",48.7539,-123.6447,6,0,FALSE,0.0064,0.0644,0.0189,0.1427
"MYTH","143274_NE",143274,"NE","South Coastal Region",50.3377,-122.8012,7,2,TRUE,0.3286,0.0602,0.028,0.1093
"MYTH","143274_NW",143274,"NW","South Coastal Region",50.3446,-122.8479,7,0,FALSE,0.0069,0.0581,0.0227,0.1175
"MYTH","143274_SE",143274,"SE","South Coastal Region",50.3004,-122.758,7,0,FALSE,0.0065,0.0539,0.0221,0.1056
"MYTH","143274_SW",143274,"SW","South Coastal Region",50.2961,-122.8048,7,3,TRUE,0.4669,0.0587,0.0271,0.107
"MYTH","145578_NE",145578,"NE","Kootenay Region",49.93178,-115.65558,7,1,TRUE,0.1984,0.2104,0.0785,0.4171
"MYTH","145578_NW",145578,"NW","Kootenay Region",49.93544,-115.67497,6,1,TRUE,0.4366,0.2197,0.0998,0.386
"MYTH","145578_SE",145578,"SE","Kootenay Region",49.89983,-115.64222,7,4,TRUE,0.926,0.237,0.1146,0.4012
"MYTH","145578_SW",145578,"SW","Kootenay Region",49.89589,-115.695,7,4,TRUE,0.7761,0.2905,0.1328,0.4949
"MYTH","16426_NE",16426,"NE","Northern Region",54.82137,-123.35579,6,0,FALSE,0.0023,0.0238,0.0052,0.0629
"MYTH","16426_SE",16426,"SE","Northern Region",54.81895,-123.33997,5,0,FALSE,0.0034,0.0291,0.0059,0.0831
"MYTH","172090_NE",172090,"NE","South Coastal Region",49.37012,-122.94857,6,0,FALSE,0.0119,0.0942,0.0221,0.2118
"MYTH","172090_NW",172090,"NW","South Coastal Region",49.34683,-123.00985,5,0,FALSE,0.0028,0.054,0.0216,0.1061
"MYTH","172090_SE",172090,"SE","South Coastal Region",49.32364,-122.97036,5,0,FALSE,0.0127,0.0885,0.0235,0.2078
"MYTH","172090_SW",172090,"SW","South Coastal Region",49.31421,-123.01406,6,0,FALSE,0.012,0.065,0.0227,0.133
"MYTH","175354_SE",175354,"SE","Northern Region",59.42418,-125.94917,3,0,FALSE,0.0055,0.0275,0.0037,0.0922
"MYTH","175354_SW",175354,"SW","Northern Region",59.40931,-126.09868,5,0,FALSE,0.0056,0.0209,0.0033,0.0692
"MYTH","17706_NW",17706,"NW","Northern Region",51.97601,-120.10368,2,0,FALSE,0.0034,0.0248,0.0047,0.0726
"MYTH","17706_SE",17706,"SE","Northern Region",51.9408,-120.01683,5,0,FALSE,0.0018,0.02,0.0042,0.0557
"MYTH","17706_SW",17706,"SW","Northern Region",51.94316,-120.06784,4,0,FALSE,7e-04,0.0203,0.0044,0.0547
"MYTH","186330_NE",186330,"NE","Northern Region",55.95727,-122.58949,2,0,FALSE,0.0019,0.047,0.0059,0.124
"MYTH","186330_NW",186330,"NW","Northern Region",55.94606,-122.65922,2,0,FALSE,0.0021,0.0332,0.0062,0.093
"MYTH","186490_NW",186490,"NW","Northern Region",54.754,-127.12678,8,0,FALSE,0.0046,0.0247,0.0045,0.0699
"MYTH","186490_SE",186490,"SE","Northern Region",54.72257,-126.99742,6,0,FALSE,0.0128,0.0271,0.0058,0.0732
"MYTH","186490_SW",186490,"SW","Northern Region",54.72278,-127.05397,9,0,FALSE,0.0097,0.032,0.0061,0.0884
"MYTH","194666_NE",194666,"NE","Okanagan Region",50.23014,-119.32344,6,0,FALSE,0.0519,0.5532,0.3498,0.7608
"MYTH","194666_SW",194666,"SW","Okanagan Region",50.16915,-119.41081,6,0,FALSE,0.0726,0.4205,0.2376,0.6243
"MYTH","20330_NE",20330,"NE","Kootenay Region",49.42454,-117.72865,7,0,FALSE,0.0396,0.2306,0.1187,0.3826
"MYTH","20330_SE",20330,"SE","Kootenay Region",49.3813,-117.67793,8,0,FALSE,0.0031,0.1966,0.086,0.3735
"MYTH","206394_NE",206394,"NE","Northern Region",53.63655,-132.05056,4,0,FALSE,0.0019,0.0326,0.0036,0.1109
"MYTH","206394_NW",206394,"NW","Northern Region",53.6372,-132.16251,4,0,FALSE,0.0048,0.0243,0.0034,0.0823
"MYTH","206394_SE",206394,"SE","Northern Region",53.60877,-131.99988,4,0,FALSE,0.0025,0.0465,0.0045,0.1441
"MYTH","206394_SW",206394,"SW","Northern Region",53.57324,-132.11579,4,0,FALSE,0.0026,0.0193,0.0032,0.0602
"MYTH","20730_NE",20730,"NE","Northern Region",56.79525,-124.90059,3,0,FALSE,0.0041,0.0642,0.0066,0.168
"MYTH","20730_NW",20730,"NW","Northern Region",56.79948,-124.97614,3,0,FALSE,0.0038,0.0428,0.0059,0.1179
"MYTH","20730_SE",20730,"SE","Northern Region",56.78457,-124.88544,3,0,FALSE,0.0043,0.0265,0.0059,0.0695
"MYTH","20730_SW",20730,"SW","Northern Region",56.76456,-124.98588,2,0,FALSE,0.0049,0.0255,0.0055,0.0678
"MYTH","212266_NE",212266,"NE","Okanagan Region",50.751409,-120.480005,9,8,TRUE,0.9814,0.6081,0.3602,0.851
"MYTH","212266_NW",212266,"NW","Okanagan Region",50.777508,-120.5598176,8,4,TRUE,0.6039,0.4047,0.2322,0.615
"MYTH","212266_SE",212266,"SE","Okanagan Region",50.714878,-120.492405,8,1,TRUE,0.1467,0.5297,0.3217,0.7415
"MYTH","212266_SW",212266,"SW","Okanagan Region",50.732357,-120.521811,8,7,TRUE,0.9958,0.5307,0.3327,0.733
"MYTH","212906_NW",212906,"NW","South Coastal Region",49.36971,-124.79984,7,0,FALSE,0.0161,0.082,0.0287,0.171
"MYTH","212906_SE",212906,"SE","South Coastal Region",49.35175,-124.74136,7,0,FALSE,0.0136,0.0948,0.0258,0.2123
"MYTH","212906_SW",212906,"SW","South Coastal Region",49.33595,-124.7423,6,0,FALSE,0.0222,0.0864,0.0264,0.1901
"MYTH","216746_NW",216746,"NW","South Coastal Region",49.10675,-125.78544,5,0,FALSE,0.0355,0.1037,0.0188,0.2459
"MYTH","216746_SE",216746,"SE","South Coastal Region",49.07768,-125.74644,8,0,FALSE,0.0046,0.0529,0.0138,0.129
"MYTH","218282_SE",218282,"SE","Kootenay Region",50.13833,-117.55672,5,0,FALSE,0.0171,0.2051,0.0703,0.4281
"MYTH","218282_SW",218282,"SW","Kootenay Region",50.15094,-117.6221,6,0,FALSE,0.0098,0.295,0.1374,0.4831
"MYTH","219626_SW",219626,"SW","South Coastal Region",48.92819,-125.25,2,0,FALSE,0.0147,0.0483,0.0118,0.1218
"MYTH","226090_NE",226090,"NE","Okanagan Region",50.10929,-120.45236,6,0,FALSE,0.0299,0.3588,0.169,0.6401
"MYTH","226090_NW",226090,"NW","Okanagan Region",50.0999,-120.50647,7,5,TRUE,0.9265,0.5226,0.3435,0.7354
"MYTH","226090_SE",226090,"SE","Okanagan Region",50.07156,-120.42266,6,0,FALSE,0.0534,0.3728,0.174,0.6653
"MYTH","230186_NE",230186,"NE","Okanagan Region",49.01457,-121.07198,5,0,FALSE,0.0296,0.4048,0.2199,0.6231
"MYTH","230186_SE",230186,"SE","Okanagan Region",48.97511,-121.08329,6,0,FALSE,0.025,0.2978,0.0896,0.6247
"MYTH","241002_NE",241002,"NE","Kootenay Region",51.03817,-118.1357,9,0,FALSE,0.0411,0.1845,0.0474,0.4336
"MYTH","241002_NW",241002,"NW","Kootenay Region",51.01597,-118.20292,9,0,FALSE,0.0213,0.3263,0.141,0.5663
"MYTH","243562_NE",243562,"NE","Kootenay Region",49.69966,-115.98498,7,0,FALSE,0.0457,0.2194,0.0799,0.4556
"MYTH","243562_SE",243562,"SE","Kootenay Region",49.65068,-115.94692,6,1,TRUE,0.2675,0.1951,0.0857,0.36
"MYTH","252394_NW",252394,"NW","South Coastal Region",48.79865,-125.16568,2,0,FALSE,0.0147,0.0485,0.0152,0.108
"MYTH","26170_NE",26170,"NE","Northern Region",53.62052,-132.20883,4,0,FALSE,0.0023,0.0299,0.0042,0.0972
"MYTH","26170_NW",26170,"NW","Northern Region",53.60452,-132.28837,3,0,FALSE,0.0026,0.0236,0.0033,0.0781
"MYTH","26170_SE",26170,"SE","Northern Region",53.58901,-132.17695,4,0,FALSE,0.0019,0.0238,0.0037,0.0759
"MYTH","26170_SW",26170,"SW","Northern Region",53.56895,-132.23042,4,0,FALSE,0.0043,0.03,0.004,0.0984
"MYTH","265749_NE",265749,"NE","Okanagan Region",49.15892,-119.03758,6,1,TRUE,0.2399,0.3348,0.147,0.6677
"MYTH","265749_NW",265749,"NW","Okanagan Region",49.16674,-119.10324,8,2,TRUE,0.4092,0.3704,0.1931,0.6363
"MYTH","265749_SE",265749,"SE","Okanagan Region",49.11153,-118.97698,8,8,TRUE,1,0.4938,0.3249,0.6782
"MYTH","265749_SW",265749,"SW","Okanagan Region",49.11337,-119.05299,8,0,FALSE,0.0603,0.3634,0.1561,0.7434
"MYTH","268521_NE",268521,"NE","Kootenay Region",49.49916,-115.03962,6,0,FALSE,0.0289,0.3095,0.1372,0.5312
"MYTH","268521_NW",268521,"NW","Kootenay Region",49.48855,-115.09812,6,0,FALSE,0.0411,0.2177,0.1068,0.3755
"MYTH","268521_SE",268521,"SE","Kootenay Region",49.44083,-115.05634,7,0,FALSE,0.027,0.3319,0.1148,0.6594
"MYTH","269777_NW",269777,"NW","Northern Region",57.04083,-122.86281,4,0,FALSE,0.0141,0.0312,0.003,0.1116
"MYTH","269777_SW",269777,"SW","Northern Region",57.01497,-122.80521,4,0,FALSE,0.0068,0.0238,0.0048,0.0652
"MYTH","271731_SW",271731,"SW","Kootenay Region",51.24146,-117.64962,9,0,FALSE,0.0198,0.2275,0.0966,0.4187
"MYTH","273050_SE",273050,"SE","South Coastal Region",49.00511,-125.65145,3,0,FALSE,0.0227,0.0484,0.0147,0.11
"MYTH","283586_NE",283586,"NE","Northern Region",54.3558,-128.5366,6,0,FALSE,0.0063,0.0236,0.0035,0.0772
"MYTH","283586_NW",283586,"NW","Northern Region",54.3321,-128.6266,8,0,FALSE,0.0056,0.027,0.0044,0.0829
"MYTH","283586_SE",283586,"SE","Northern Region",54.31162,-128.54374,8,0,FALSE,0.0123,0.0609,0.005,0.1747
"MYTH","283586_SW",283586,"SW","Northern Region",54.2946,-128.581,8,0,FALSE,0.0055,0.0252,0.0039,0.0801
"MYTH","294832_NE",294832,"NE","Northern Region",56.3348,-120.97877,8,0,FALSE,0.015,0.039,0.0059,0.1143
"MYTH","294832_NW",294832,"NW","Northern Region",56.33264,-121.00747,8,0,FALSE,0.0191,0.0323,0.0059,0.0939
"MYTH","294832_SE",294832,"SE","Northern Region",56.30206,-120.94608,6,0,FALSE,0.006,0.0205,0.0043,0.0571
"MYTH","294832_SW",294832,"SW","Northern Region",56.30496,-121.00198,7,0,FALSE,0.0076,0.0198,0.0038,0.0582
"MYTH","317428_NE",317428,"NE","South Coastal Region",49.06292,-120.79944,8,1,TRUE,0.1398,0.0801,0.0209,0.1784
"MYTH","317428_NW",317428,"NW","South Coastal Region",49.06417,-120.90943,8,1,TRUE,0.1536,0.1132,0.0216,0.2777
"MYTH","317428_SE",317428,"SE","South Coastal Region",49.06053,-120.77309,7,0,FALSE,0.0242,0.0827,0.0223,0.1789
"MYTH","317428_SW",317428,"SW","South Coastal Region",49.04617,-120.85085,6,0,FALSE,0.0154,0.0825,0.012,0.2098
"MYTH","326072_NE",326072,"NE","South Coastal Region",49.09743,-122.51957,7,0,FALSE,0.0039,0.0562,0.0223,0.1126
"MYTH","326072_NW",326072,"NW","South Coastal Region",49.05235,-122.58989,9,1,TRUE,0.138,0.0524,0.0203,0.1061
"MYTH","326072_SE",326072,"SE","South Coastal Region",49.0144,-122.52755,6,0,FALSE,0.0064,0.053,0.0208,0.1059
"MYTH","326072_SW",326072,"SW","South Coastal Region",49.01082,-122.58104,9,1,TRUE,0.151,0.0772,0.0225,0.1688
"MYTH","37274_NE",37274,"NE","Northern Region",53.08874,-119.20318,6,0,FALSE,0.0034,0.0318,0.0044,0.0977
"MYTH","37274_SE",37274,"SE","Northern Region",53.05051,-119.21418,5,0,FALSE,0.0101,0.0317,0.0062,0.0893
"MYTH","37274_SW",37274,"SW","Northern Region",53.03564,-119.22895,6,0,FALSE,0.0027,0.0194,0.0036,0.0564
"MYTH","38442_NW",38442,"NW","Okanagan Region",51.51999,-122.28978,6,6,TRUE,1,0.5725,0.3829,0.7634
"MYTH","38442_SW",38442,"SW","Okanagan Region",51.50238,-122.28992,7,3,TRUE,0.7049,0.5855,0.3949,0.7767
"MYTH","42026_NE",42026,"NE","Northern Region",55.85527,-121.65345,3,0,FALSE,0.003,0.0317,0.0059,0.0893
"MYTH","42026_NW",42026,"NW","Northern Region",55.83616,-121.71691,3,0,FALSE,0.0054,0.0275,0.0057,0.074
"MYTH","42026_SE",42026,"SE","Northern Region",55.81797,-121.66405,3,0,FALSE,0.0023,0.0336,0.0062,0.0947
"MYTH","42026_SW",42026,"SW","Northern Region",55.81131,-121.70131,3,0,FALSE,0.0032,0.0294,0.0055,0.0833
"MYTH","47210_NW",47210,"NW","Okanagan Region",49.84159,-119.9783,3,0,FALSE,0.0348,0.3237,0.1463,0.6745
"MYTH","47210_SE",47210,"SE","Okanagan Region",49.79638,-119.86985,3,0,FALSE,0.0231,0.3348,0.1567,0.6174
"MYTH","47210_SW",47210,"SW","Okanagan Region",49.79097,-119.95267,2,0,FALSE,0.0134,0.3674,0.2055,0.5866
"MYTH","47322_NE",47322,"NE","Northern Region",55.69808,-120.43213,8,0,FALSE,0.0058,0.0213,0.0044,0.0575
"MYTH","47322_NW",47322,"NW","Northern Region",55.70016,-120.48989,6,0,FALSE,0.005,0.0208,0.0048,0.054
"MYTH","47322_SE",47322,"SE","Northern Region",55.64597,-120.40102,5,0,FALSE,0.006,0.0204,0.0042,0.0563
"MYTH","47322_SW",47322,"SW","Northern Region",55.65446,-120.49465,8,0,FALSE,0.0083,0.0274,0.0058,0.073
"MYTH","57322_NE",57322,"NE","South Coastal Region",49.09454,-122.09881,7,0,FALSE,0.0056,0.0534,0.0186,0.1146
"MYTH","57322_NW",57322,"NW","South Coastal Region",49.07915,-122.16077,7,0,FALSE,0.007,0.0597,0.0201,0.1254
"MYTH","57322_SE",57322,"SE","South Coastal Region",49.0141,-122.09198,7,1,TRUE,0.154,0.0782,0.0246,0.1732
"MYTH","57322_SW",57322,"SW","South Coastal Region",49.01663,-122.15131,7,0,FALSE,0.0128,0.0851,0.0222,0.188
"MYTH","58842_NW",58842,"NW","Northern Region",54.79952,-121.1886,2,0,FALSE,0.0177,0.0352,0.0065,0.1048
"MYTH","58842_SE",58842,"SE","Northern Region",54.73781,-121.16052,2,0,FALSE,0.0154,0.0283,0.0051,0.0806
"MYTH","58842_SW",58842,"SW","Northern Region",54.75716,-121.25541,2,1,TRUE,0.5406,0.0294,0.005,0.0886
"MYTH","5994_NE",5994,"NE","Kootenay Region",49.26067,-115.24894,5,1,TRUE,0.2299,0.2392,0.1184,0.4074
"MYTH","5994_SE",5994,"SE","Kootenay Region",49.21228,-115.26277,5,1,TRUE,0.2112,0.1817,0.0841,0.3295
"MYTH","60586_NW",60586,"NW","Kootenay Region",50.93041,-116.39001,6,0,FALSE,0.0042,0.2466,0.1287,0.4009
"MYTH","60586_SW",60586,"SW","Kootenay Region",50.90342,-116.39335,6,0,FALSE,0.0209,0.3387,0.1101,0.6704
"MYTH","6202_NE",6202,"NE","South Coastal Region",48.53741,-123.50119,6,0,FALSE,0.0164,0.0538,0.021,0.1067
"MYTH","6202_NW",6202,"NW","South Coastal Region",48.50788,-123.60088,6,0,FALSE,0.0059,0.0648,0.0222,0.1347
"MYTH","6202_SE",6202,"SE","South Coastal Region",48.48934,-123.5079,4,0,FALSE,0.0128,0.0616,0.0253,0.1184
"MYTH","6202_SW",6202,"SW","South Coastal Region",48.48637,-123.54913,7,0,FALSE,0.0035,0.0531,0.0208,0.1039
"MYTH","70250_NW",70250,"NW","Kootenay Region",51.24583,-116.91793,6,0,FALSE,0.0049,0.2098,0.1013,0.3712
"MYTH","70250_SW",70250,"SW","Kootenay Region",51.20982,-116.89974,4,0,FALSE,0.0228,0.2862,0.1398,0.4636
"MYTH","73002_NE",73002,"NE","Okanagan Region",50.85067,-121.87219,8,7,TRUE,0.9956,0.4761,0.2989,0.6666
"MYTH","73002_SE",73002,"SE","Okanagan Region",50.82484,-121.86896,9,5,TRUE,0.8976,0.5668,0.3185,0.8214
"MYTH","73002_SW",73002,"SW","Okanagan Region",50.80422,-121.87782,9,0,FALSE,0.0526,0.5074,0.3201,0.716
"MYTH","73786_NW",73786,"NW","South Coastal Region",49.12334,-123.06198,9,0,FALSE,0.0072,0.0578,0.0207,0.121
"MYTH","73786_SE",73786,"SE","South Coastal Region",49.12604,-123.00163,9,0,FALSE,0.0134,0.0609,0.019,0.1396
"MYTH","73786_SW",73786,"SW","South Coastal Region",49.10823,-123.07992,7,0,FALSE,0.0127,0.0992,0.0162,0.2494
"MYTH","77162_NE",77162,"NE","Kootenay Region",50.95478,-118.09975,5,0,FALSE,0.0747,0.2458,0.0627,0.5743
"MYTH","77162_SW",77162,"SW","Kootenay Region",50.886,-118.10586,8,0,FALSE,0.0309,0.2404,0.1044,0.4401
"MYTH","79018_NE",79018,"NE","Kootenay Region",50.2021,-116.91007,8,0,FALSE,0.0324,0.1992,0.0931,0.353
"MYTH","79018_NW",79018,"NW","Kootenay Region",50.19383,-116.94752,8,0,FALSE,0.006,0.1977,0.0849,0.3824
"MYTH","79018_SE",79018,"SE","Kootenay Region",50.18723,-116.90419,8,0,FALSE,0.0296,0.2021,0.0691,0.4113
"MYTH","79018_SW",79018,"SW","Kootenay Region",50.17771,-116.95968,7,0,FALSE,0.0453,0.2844,0.1213,0.5018
"MYTH","86074_NE",86074,"NE","South Coastal Region",49.23087,-122.3056,7,1,TRUE,0.233,0.0905,0.0255,0.2082
"MYTH","86074_NW",86074,"NW","South Coastal Region",49.18442,-122.40331,3,0,FALSE,0.0237,0.0605,0.0219,0.1234
"MYTH","86074_SE",86074,"SE","South Coastal Region",49.16962,-122.3193,4,0,FALSE,0.0476,0.0785,0.0219,0.1712
"MYTH","86074_SW",86074,"SW","South Coastal Region",49.14174,-122.38204,6,0,FALSE,0.0073,0.0686,0.0254,0.1381
"MYTH","89962_NE",89962,"NE","Kootenay Region",49.07682,-117.5986,3,0,FALSE,0.0167,0.1962,0.0871,0.3682
"MYTH","89962_SE",89962,"SE","Kootenay Region",49.00974,-117.57236,3,1,TRUE,0.6675,0.2961,0.1243,0.5269
"MYTH","89962_SW",89962,"SW","Kootenay Region",49.0077,-117.63034,3,1,TRUE,0.4933,0.1858,0.0641,0.3987
"MYTH","93290_NE",93290,"NE","Okanagan Region",49.44361,-119.56535,6,2,TRUE,0.4416,0.5253,0.3388,0.719
"MYTH","93290_NW",93290,"NW","Okanagan Region",49.41531,-119.6018,9,6,TRUE,0.9322,0.5461,0.3653,0.7312
"MYTH","93290_SE",93290,"SE","Okanagan Region",49.38433,-119.56165,8,3,TRUE,0.6792,0.605,0.3629,0.8306
"MYTH","93290_SW",93290,"SW","Okanagan Region",49.37943,-119.59374,9,8,TRUE,0.9968,0.4185,0.2284,0.6309
"MYTH","94522_NW",94522,"NW","Northern Region",53.10732,-131.86467,3,0,FALSE,0.022,0.0284,0.004,0.0917
"MYTH","94522_SE",94522,"SE","Northern Region",53.08196,-131.77925,3,0,FALSE,0.0215,0.0367,0.0051,0.114
"MYTH","9466_NE",9466,"NE","Northern Region",57.34435,-125.50932,2,0,FALSE,0.0037,0.0324,0.0056,0.0934
"MYTH","9466_NW",9466,"NW","Northern Region",57.3459,-125.55037,3,0,FALSE,0.0047,0.0599,0.0059,0.1443
"MYTH","9466_SE",9466,"SE","Northern Region",57.31575,-125.49037,3,0,FALSE,0.0074,0.0284,0.0053,0.0787
"MYTH","9466_SW",9466,"SW","Northern Region",57.29483,-125.51474,3,0,FALSE,0.0031,0.0295,0.0057,0.0828
"MYTH","986_NE",986,"NE","Northern Region",53.188,-121.30225,8,0,FALSE,0.0071,0.0611,0.0051,0.1528
"MYTH","986_SE",986,"SE","Northern Region",53.1392,-121.2577,6,0,FALSE,0.0026,0.0309,0.0045,0.0946
"MYVO","110378_NE",110378,"NE","Okanagan Region",49.04717,-119.5574,8,6,TRUE,0.767,0.6333,0.5541,0.7072
"MYVO","110378_NW",110378,"NW","Okanagan Region",49.03536,-119.57546,9,7,TRUE,0.7991,0.7123,0.6248,0.7948
"MYVO","110378_SE",110378,"SE","Okanagan Region",49.01485,-119.53228,8,5,TRUE,0.6915,0.6723,0.5896,0.753
"MYVO","110378_SW",110378,"SW","Okanagan Region",49.00412,-119.59552,9,7,TRUE,0.8232,0.683,0.6033,0.758
"MYVO","111466_NE",111466,"NE","Kootenay Region",49.00129,-115.06184,2,2,TRUE,1,0.7579,0.674,0.8322
"MYVO","111466_NW",111466,"NW","Kootenay Region",49.01861,-115.09568,2,2,TRUE,1,0.6846,0.5787,0.7779
"MYVO","114602_NE",114602,"NE","South Coastal Region",49.70588,-125.06708,5,5,TRUE,1,0.6538,0.5617,0.7417
"MYVO","114602_NW",114602,"NW","South Coastal Region",49.67623,-125.13792,7,7,TRUE,1,0.6216,0.5217,0.7164
"MYVO","114602_SE",114602,"SE","South Coastal Region",49.65756,-125.0438,7,6,TRUE,0.8847,0.746,0.6497,0.8334
"MYVO","114602_SW",114602,"SW","South Coastal Region",49.64146,-125.08654,7,4,TRUE,0.6642,0.7236,0.645,0.7984
"MYVO","115322_NE",115322,"NE","Northern Region",52.37764,-125.98565,6,6,TRUE,1,0.7308,0.5993,0.8423
"MYVO","115322_NW",115322,"NW","Northern Region",52.37481,-126.08159,8,8,TRUE,1,0.7887,0.5736,0.9299
"MYVO","115322_SE",115322,"SE","Northern Region",52.35752,-126.01253,7,6,TRUE,0.9869,0.7541,0.612,0.8731
"MYVO","115322_SW",115322,"SW","Northern Region",52.34498,-126.07967,8,6,TRUE,0.9781,0.7825,0.6562,0.8799
"MYVO","1194_NW",1194,"NW","Kootenay Region",50.11749,-117.523,9,5,TRUE,0.6618,0.7358,0.652,0.8101
"MYVO","1194_SW",1194,"SW","Kootenay Region",50.0903,-117.4679,4,3,TRUE,0.8459,0.7791,0.6659,0.8654
"MYVO","12522_NE",12522,"NE","South Coastal Region",49.72155,-124.51563,4,2,TRUE,0.5742,0.7005,0.6142,0.7791
"MYVO","12522_NW",12522,"NW","South Coastal Region",49.75757,-124.56308,5,0,FALSE,0.0611,0.5841,0.462,0.696
"MYVO","12522_SE",12522,"SE","South Coastal Region",49.70213,-124.47636,6,1,TRUE,0.2446,0.6919,0.5836,0.7901
"MYVO","12522_SW",12522,"SW","South Coastal Region",49.7022,-124.52268,6,2,TRUE,0.3757,0.6495,0.5581,0.737
"MYVO","127850_NE",127850,"NE","Kootenay Region",49.31307,-115.01912,4,1,TRUE,0.3067,0.7311,0.6114,0.8377
"MYVO","127850_NW",127850,"NW","Kootenay Region",49.3096,-115.05201,5,3,TRUE,0.6066,0.7161,0.6325,0.7946
"MYVO","127850_SE",127850,"SE","Kootenay Region",49.28498,-114.95395,5,4,TRUE,0.8061,0.7784,0.6971,0.8508
"MYVO","127850_SW",127850,"SW","Kootenay Region",49.2671,-115.02532,7,4,TRUE,0.6018,0.6802,0.5824,0.7691
"MYVO","128058_NE",128058,"NE","South Coastal Region",48.84117,-123.42727,5,1,TRUE,0.2182,0.5551,0.4054,0.7027
"MYVO","128058_NW",128058,"NW","South Coastal Region",48.82144,-123.48643,5,4,TRUE,0.8587,0.7487,0.6637,0.826
"MYVO","128058_SW",128058,"SW","South Coastal Region",48.79828,-123.47632,5,3,TRUE,0.7097,0.6918,0.6049,0.7737
"MYVO","132650_SE",132650,"SE","Okanagan Region",51.81828,-122.42144,6,3,TRUE,0.6293,0.6676,0.5659,0.7625
"MYVO","132650_SW",132650,"SW","Okanagan Region",51.80225,-122.46284,5,0,FALSE,0.0633,0.6249,0.5345,0.7082
"MYVO","137274_NE",137274,"NE","South Coastal Region",48.79,-123.6988,5,5,TRUE,1,0.7505,0.6476,0.8405
"MYVO","137274_NW",137274,"NW","South Coastal Region",48.7891,-123.719,6,6,TRUE,1,0.7236,0.6419,0.8022
"MYVO","137274_SE",137274,"SE","South Coastal Region",48.7539,-123.6447,6,6,TRUE,1,0.7647,0.6654,0.8533
"MYVO","143274_NE",143274,"NE","South Coastal Region",50.3377,-122.8012,7,5,TRUE,0.7454,0.7011,0.6238,0.775
"MYVO","143274_NW",143274,"NW","South Coastal Region",50.3446,-122.8479,7,5,TRUE,0.844,0.6343,0.524,0.7379
"MYVO","143274_SE",143274,"SE","South Coastal Region",50.3004,-122.758,7,3,TRUE,0.4895,0.6689,0.5704,0.7605
"MYVO","143274_SW",143274,"SW","South Coastal Region",50.2961,-122.8048,7,6,TRUE,0.9431,0.6625,0.5759,0.7455
"MYVO","145578_NE",145578,"NE","Kootenay Region",49.93178,-115.65558,7,3,TRUE,0.4584,0.6486,0.5294,0.7591
"MYVO","145578_NW",145578,"NW","Kootenay Region",49.93544,-115.67497,6,5,TRUE,0.8681,0.6791,0.5782,0.775
"MYVO","145578_SE",145578,"SE","Kootenay Region",49.89983,-115.64222,7,7,TRUE,1,0.7353,0.6402,0.8188
"MYVO","145578_SW",145578,"SW","Kootenay Region",49.89589,-115.695,7,7,TRUE,1,0.7808,0.687,0.8626
"MYVO","16426_NE",16426,"NE","Northern Region",54.82137,-123.35579,6,5,TRUE,0.9676,0.772,0.6611,0.8658
"MYVO","16426_SE",16426,"SE","Northern Region",54.81895,-123.33997,5,5,TRUE,1,0.8177,0.7221,0.897
"MYVO","172090_NE",172090,"NE","South Coastal Region",49.37012,-122.94857,6,3,TRUE,0.5903,0.7721,0.6518,0.8723
"MYVO","172090_NW",172090,"NW","South Coastal Region",49.34683,-123.00985,5,1,TRUE,0.2412,0.641,0.5402,0.7369
"MYVO","172090_SE",172090,"SE","South Coastal Region",49.32364,-122.97036,5,2,TRUE,0.4422,0.7091,0.5803,0.8156
"MYVO","172090_SW",172090,"SW","South Coastal Region",49.31421,-123.01406,6,5,TRUE,0.8996,0.76,0.6739,0.839
"MYVO","175354_SE",175354,"SE","Northern Region",59.42418,-125.94917,3,3,TRUE,1,0.7659,0.5954,0.8852
"MYVO","175354_SW",175354,"SW","Northern Region",59.40931,-126.09868,5,5,TRUE,1,0.7466,0.5908,0.8661
"MYVO","17706_NW",17706,"NW","Northern Region",51.97601,-120.10368,2,1,TRUE,0.9023,0.7988,0.6896,0.8904
"MYVO","17706_SE",17706,"SE","Northern Region",51.9408,-120.01683,5,1,TRUE,0.2488,0.7416,0.619,0.851
"MYVO","17706_SW",17706,"SW","Northern Region",51.94316,-120.06784,4,3,TRUE,0.9257,0.7425,0.6247,0.8418
"MYVO","186330_NE",186330,"NE","Northern Region",55.95727,-122.58949,2,2,TRUE,1,0.8546,0.742,0.935
"MYVO","186330_NW",186330,"NW","Northern Region",55.94606,-122.65922,2,1,TRUE,0.8359,0.8184,0.7201,0.8972
"MYVO","186490_NW",186490,"NW","Northern Region",54.754,-127.12678,8,7,TRUE,0.9212,0.7545,0.6185,0.8581
"MYVO","186490_SE",186490,"SE","Northern Region",54.72257,-126.99742,6,3,TRUE,0.592,0.8082,0.7142,0.8875
"MYVO","186490_SW",186490,"SW","Northern Region",54.72278,-127.05397,9,8,TRUE,0.9233,0.8122,0.7084,0.8927
"MYVO","194666_NE",194666,"NE","Okanagan Region",50.23014,-119.32344,6,5,TRUE,0.8623,0.6518,0.5577,0.7411
"MYVO","194666_SW",194666,"SW","Okanagan Region",50.16915,-119.41081,6,1,TRUE,0.2164,0.5931,0.501,0.6794
"MYVO","20330_NE",20330,"NE","Kootenay Region",49.42454,-117.72865,7,3,TRUE,0.4728,0.7255,0.6431,0.802
"MYVO","20330_SE",20330,"SE","Kootenay Region",49.3813,-117.67793,8,1,TRUE,0.1477,0.6736,0.5667,0.7701
"MYVO","206394_NE",206394,"NE","Northern Region",53.63655,-132.05056,4,0,FALSE,0.0012,0.7083,0.4965,0.8778
"MYVO","206394_NW",206394,"NW","Northern Region",53.6372,-132.16251,4,1,TRUE,0.2538,0.5772,0.37,0.7684
"MYVO","206394_SE",206394,"SE","Northern Region",53.60877,-131.99988,4,0,FALSE,7e-04,0.7549,0.5619,0.9038
"MYVO","206394_SW",206394,"SW","Northern Region",53.57324,-132.11579,4,0,FALSE,6e-04,0.6404,0.4508,0.8053
"MYVO","20730_NE",20730,"NE","Northern Region",56.79525,-124.90059,3,2,TRUE,0.8058,0.8712,0.7367,0.9519
"MYVO","20730_NW",20730,"NW","Northern Region",56.79948,-124.97614,3,3,TRUE,1,0.822,0.6966,0.9142
"MYVO","20730_SE",20730,"SE","Northern Region",56.78457,-124.88544,3,3,TRUE,1,0.7994,0.7069,0.8765
"MYVO","20730_SW",20730,"SW","Northern Region",56.76456,-124.98588,2,1,TRUE,0.5314,0.7986,0.7062,0.8766
"MYVO","212266_NE",212266,"NE","Okanagan Region",50.751409,-120.480005,9,5,TRUE,0.6547,0.7316,0.627,0.8282
"MYVO","212266_NW",212266,"NW","Okanagan Region",50.777508,-120.5598176,8,4,TRUE,0.5708,0.6224,0.5374,0.7044
"MYVO","212266_SE",212266,"SE","Okanagan Region",50.714878,-120.492405,8,4,TRUE,0.6054,0.6556,0.5498,0.7532
"MYVO","212266_SW",212266,"SW","Okanagan Region",50.732357,-120.521811,8,7,TRUE,0.9248,0.6599,0.5574,0.7541
"MYVO","212906_NW",212906,"NW","South Coastal Region",49.36971,-124.79984,7,7,TRUE,1,0.6844,0.5696,0.7874
"MYVO","212906_SE",212906,"SE","South Coastal Region",49.35175,-124.74136,7,7,TRUE,1,0.7775,0.6681,0.8662
"MYVO","212906_SW",212906,"SW","South Coastal Region",49.33595,-124.7423,6,6,TRUE,1,0.7138,0.5999,0.8077
"MYVO","216746_NW",216746,"NW","South Coastal Region",49.10675,-125.78544,5,2,TRUE,0.5935,0.835,0.7157,0.9252
"MYVO","216746_SE",216746,"SE","South Coastal Region",49.07768,-125.74644,8,2,TRUE,0.3681,0.555,0.4062,0.7036
"MYVO","218282_SE",218282,"SE","Kootenay Region",50.13833,-117.55672,5,1,TRUE,0.2182,0.6545,0.5121,0.7782
"MYVO","218282_SW",218282,"SW","Kootenay Region",50.15094,-117.6221,6,6,TRUE,1,0.7784,0.6895,0.8532
"MYVO","219626_SW",219626,"SW","South Coastal Region",48.92819,-125.25,2,2,TRUE,1,0.5788,0.422,0.7299
"MYVO","226090_NE",226090,"NE","Okanagan Region",50.10929,-120.45236,6,1,TRUE,0.3231,0.6156,0.5061,0.7173
"MYVO","226090_NW",226090,"NW","Okanagan Region",50.0999,-120.50647,7,4,TRUE,0.6216,0.7272,0.6404,0.8099
"MYVO","226090_SE",226090,"SE","Okanagan Region",50.07156,-120.42266,6,2,TRUE,0.4338,0.6462,0.547,0.7421
"MYVO","230186_NE",230186,"NE","Okanagan Region",49.01457,-121.07198,5,5,TRUE,1,0.5783,0.4599,0.6911
"MYVO","230186_SE",230186,"SE","Okanagan Region",48.97511,-121.08329,6,5,TRUE,0.8379,0.4852,0.3167,0.6567
"MYVO","241002_NE",241002,"NE","Kootenay Region",51.03817,-118.1357,9,2,TRUE,0.2553,0.6502,0.5073,0.7862
"MYVO","241002_NW",241002,"NW","Kootenay Region",51.01597,-118.20292,9,7,TRUE,0.7813,0.7831,0.6912,0.8592
"MYVO","243562_NE",243562,"NE","Kootenay Region",49.69966,-115.98498,7,5,TRUE,0.7496,0.668,0.5464,0.7796
"MYVO","243562_SE",243562,"SE","Kootenay Region",49.65068,-115.94692,6,4,TRUE,0.7526,0.6908,0.5881,0.7831
"MYVO","252394_NW",252394,"NW","South Coastal Region",48.79865,-125.16568,2,2,TRUE,1,0.682,0.5602,0.7908
"MYVO","26170_NE",26170,"NE","Northern Region",53.62052,-132.20883,4,0,FALSE,4e-04,0.7154,0.5395,0.861
"MYVO","26170_NW",26170,"NW","Northern Region",53.60452,-132.28837,3,1,TRUE,0.339,0.6679,0.4715,0.837
"MYVO","26170_SE",26170,"SE","Northern Region",53.58901,-132.17695,4,2,TRUE,0.5075,0.6882,0.5077,0.8419
"MYVO","26170_SW",26170,"SW","Northern Region",53.56895,-132.23042,4,0,FALSE,0.0012,0.654,0.4682,0.8059
"MYVO","265749_NE",265749,"NE","Okanagan Region",49.15892,-119.03758,6,2,TRUE,0.3984,0.5264,0.415,0.6379
"MYVO","265749_NW",265749,"NW","Okanagan Region",49.16674,-119.10324,8,7,TRUE,0.879,0.6864,0.5784,0.788
"MYVO","265749_SE",265749,"SE","Okanagan Region",49.11153,-118.97698,8,6,TRUE,0.7842,0.6382,0.5566,0.717
"MYVO","265749_SW",265749,"SW","Okanagan Region",49.11337,-119.05299,8,4,TRUE,0.527,0.5827,0.4636,0.7004
"MYVO","268521_NE",268521,"NE","Kootenay Region",49.49916,-115.03962,6,5,TRUE,0.8554,0.7919,0.7015,0.8683
"MYVO","268521_NW",268521,"NW","Kootenay Region",49.48855,-115.09812,6,6,TRUE,1,0.7019,0.6104,0.7846
"MYVO","268521_SE",268521,"SE","Kootenay Region",49.44083,-115.05634,7,6,TRUE,0.9278,0.8365,0.7243,0.924
"MYVO","269777_NW",269777,"NW","Northern Region",57.04083,-122.86281,4,3,TRUE,0.8279,0.7061,0.5125,0.861
"MYVO","269777_SW",269777,"SW","Northern Region",57.01497,-122.80521,4,2,TRUE,0.7183,0.7575,0.6374,0.8596
"MYVO","271731_SW",271731,"SW","Kootenay Region",51.24146,-117.64962,9,7,TRUE,0.7871,0.7265,0.6279,0.8129
"MYVO","273050_SE",273050,"SE","South Coastal Region",49.00511,-125.65145,3,2,TRUE,0.6895,0.6205,0.4879,0.7416
"MYVO","283586_NE",283586,"NE","Northern Region",54.3558,-128.5366,6,3,TRUE,0.5029,0.587,0.3935,0.7669
"MYVO","283586_NW",283586,"NW","Northern Region",54.3321,-128.6266,8,7,TRUE,0.9726,0.6798,0.5247,0.8181
"MYVO","283586_SE",283586,"SE","Northern Region",54.31162,-128.54374,8,8,TRUE,1,0.7943,0.587,0.9297
"MYVO","283586_SW",283586,"SW","Northern Region",54.2946,-128.581,8,4,TRUE,0.5384,0.6036,0.4268,0.7718
"MYVO","294832_NE",294832,"NE","Northern Region",56.3348,-120.97877,8,7,TRUE,0.9782,0.8388,0.7329,0.9176
"MYVO","294832_NW",294832,"NW","Northern Region",56.33264,-121.00747,8,8,TRUE,1,0.8276,0.7315,0.9026
"MYVO","294832_SE",294832,"SE","Northern Region",56.30206,-120.94608,6,5,TRUE,0.904,0.7558,0.6365,0.855
"MYVO","294832_SW",294832,"SW","Northern Region",56.30496,-121.00198,7,7,TRUE,1,0.7244,0.5821,0.8409
"MYVO","317428_NE",317428,"NE","South Coastal Region",49.06292,-120.79944,8,5,TRUE,0.6561,0.6497,0.5233,0.7673
"MYVO","317428_NW",317428,"NW","South Coastal Region",49.06417,-120.90943,8,5,TRUE,0.6711,0.6757,0.527,0.8195
"MYVO","317428_SE",317428,"SE","South Coastal Region",49.06053,-120.77309,7,5,TRUE,0.722,0.6248,0.5009,0.7419
"MYVO","317428_SW",317428,"SW","South Coastal Region",49.04617,-120.85085,6,5,TRUE,0.8603,0.7319,0.5699,0.8701
"MYVO","326072_NE",326072,"NE","South Coastal Region",49.09743,-122.51957,7,5,TRUE,0.8371,0.6601,0.558,0.7549
"MYVO","326072_NW",326072,"NW","South Coastal Region",49.05235,-122.58989,9,6,TRUE,0.6966,0.6647,0.5604,0.7593
"MYVO","326072_SE",326072,"SE","South Coastal Region",49.0144,-122.52755,6,3,TRUE,0.5474,0.6755,0.5731,0.7681
"MYVO","326072_SW",326072,"SW","South Coastal Region",49.01082,-122.58104,9,9,TRUE,1,0.8008,0.7065,0.8826
"MYVO","37274_NE",37274,"NE","Northern Region",53.08874,-119.20318,6,1,TRUE,0.1963,0.8177,0.6848,0.9178
"MYVO","37274_SE",37274,"SE","Northern Region",53.05051,-119.21418,5,5,TRUE,1,0.8255,0.7224,0.907
"MYVO","37274_SW",37274,"SW","Northern Region",53.03564,-119.22895,6,5,TRUE,0.9448,0.7117,0.5686,0.8324
"MYVO","38442_NW",38442,"NW","Okanagan Region",51.51999,-122.28978,6,6,TRUE,1,0.6873,0.5937,0.7722
"MYVO","38442_SW",38442,"SW","Okanagan Region",51.50238,-122.28992,7,4,TRUE,0.6751,0.6992,0.6084,0.7828
"MYVO","42026_NE",42026,"NE","Northern Region",55.85527,-121.65345,3,3,TRUE,1,0.8273,0.7347,0.9023
"MYVO","42026_NW",42026,"NW","Northern Region",55.83616,-121.71691,3,2,TRUE,0.8147,0.8111,0.717,0.8892
"MYVO","42026_SE",42026,"SE","Northern Region",55.81797,-121.66405,3,3,TRUE,1,0.8264,0.7312,0.9022
"MYVO","42026_SW",42026,"SW","Northern Region",55.81131,-121.70131,3,3,TRUE,1,0.8138,0.7169,0.8924
"MYVO","47210_NW",47210,"NW","Okanagan Region",49.84159,-119.9783,3,3,TRUE,1,0.5523,0.436,0.6657
"MYVO","47210_SE",47210,"SE","Okanagan Region",49.79638,-119.86985,3,1,TRUE,0.3845,0.5559,0.4495,0.661
"MYVO","47210_SW",47210,"SW","Okanagan Region",49.79097,-119.95267,2,1,TRUE,0.5322,0.6251,0.5409,0.7082
"MYVO","47322_NE",47322,"NE","Northern Region",55.69808,-120.43213,8,8,TRUE,1,0.7186,0.5977,0.8304
"MYVO","47322_NW",47322,"NW","Northern Region",55.70016,-120.48989,6,6,TRUE,1,0.7494,0.6401,0.8436
"MYVO","47322_SE",47322,"SE","Northern Region",55.64597,-120.40102,5,5,TRUE,1,0.6928,0.5639,0.8133
"MYVO","47322_SW",47322,"SW","Northern Region",55.65446,-120.49465,8,7,TRUE,0.934,0.8016,0.7095,0.8805
"MYVO","57322_NE",57322,"NE","South Coastal Region",49.09454,-122.09881,7,6,TRUE,0.9351,0.6151,0.4959,0.7291
"MYVO","57322_NW",57322,"NW","South Coastal Region",49.07915,-122.16077,7,6,TRUE,0.9295,0.7387,0.6447,0.8234
"MYVO","57322_SE",57322,"SE","South Coastal Region",49.0141,-122.09198,7,5,TRUE,0.7388,0.5626,0.4354,0.6842
"MYVO","57322_SW",57322,"SW","South Coastal Region",49.01663,-122.15131,7,6,TRUE,0.9012,0.7971,0.6961,0.881
"MYVO","58842_NW",58842,"NW","Northern Region",54.79952,-121.1886,2,1,TRUE,0.5147,0.6966,0.5292,0.8363
"MYVO","58842_SE",58842,"SE","Northern Region",54.73781,-121.16052,2,1,TRUE,0.5117,0.6432,0.4748,0.7959
"MYVO","58842_SW",58842,"SW","Northern Region",54.75716,-121.25541,2,2,TRUE,1,0.6186,0.445,0.7792
"MYVO","5994_NE",5994,"NE","Kootenay Region",49.26067,-115.24894,5,5,TRUE,1,0.7235,0.6291,0.804
"MYVO","5994_SE",5994,"SE","Kootenay Region",49.21228,-115.26277,5,4,TRUE,0.8114,0.6661,0.5548,0.7624
"MYVO","60586_NW",60586,"NW","Kootenay Region",50.93041,-116.39001,6,6,TRUE,1,0.7289,0.6465,0.8048
"MYVO","60586_SW",60586,"SW","Kootenay Region",50.90342,-116.39335,6,5,TRUE,0.8989,0.8252,0.6949,0.9204
"MYVO","6202_NE",6202,"NE","South Coastal Region",48.53741,-123.50119,6,3,TRUE,0.5834,0.7321,0.6457,0.8113
"MYVO","6202_NW",6202,"NW","South Coastal Region",48.50788,-123.60088,6,1,TRUE,0.2637,0.6792,0.5616,0.785
"MYVO","6202_SE",6202,"SE","South Coastal Region",48.48934,-123.5079,4,2,TRUE,0.5197,0.7399,0.6612,0.8145
"MYVO","6202_SW",6202,"SW","South Coastal Region",48.48637,-123.54913,7,2,TRUE,0.3536,0.6826,0.5879,0.7717
"MYVO","70250_NW",70250,"NW","Kootenay Region",51.24583,-116.91793,6,6,TRUE,1,0.6958,0.5981,0.783
"MYVO","70250_SW",70250,"SW","Kootenay Region",51.20982,-116.89974,4,3,TRUE,0.8475,0.7687,0.6857,0.8415
"MYVO","73002_NE",73002,"NE","Okanagan Region",50.85067,-121.87219,8,5,TRUE,0.669,0.6233,0.5186,0.7213
"MYVO","73002_SE",73002,"SE","Okanagan Region",50.82484,-121.86896,9,2,TRUE,0.2889,0.6438,0.5205,0.7567
"MYVO","73002_SW",73002,"SW","Okanagan Region",50.80422,-121.87782,9,6,TRUE,0.6771,0.6248,0.5331,0.7129
"MYVO","73786_NW",73786,"NW","South Coastal Region",49.12334,-123.06198,9,1,TRUE,0.1657,0.7026,0.6021,0.7937
"MYVO","73786_SE",73786,"SE","South Coastal Region",49.12604,-123.00163,9,6,TRUE,0.8107,0.6243,0.4875,0.7487
"MYVO","73786_SW",73786,"SW","South Coastal Region",49.10823,-123.07992,7,1,TRUE,0.1914,0.836,0.711,0.929
"MYVO","77162_NE",77162,"NE","Kootenay Region",50.95478,-118.09975,5,1,TRUE,0.287,0.696,0.5617,0.8304
"MYVO","77162_SW",77162,"SW","Kootenay Region",50.886,-118.10586,8,7,TRUE,0.8964,0.715,0.621,0.7995
"MYVO","79018_NE",79018,"NE","Kootenay Region",50.2021,-116.91007,8,6,TRUE,0.7849,0.6609,0.5648,0.7533
"MYVO","79018_NW",79018,"NW","Kootenay Region",50.19383,-116.94752,8,7,TRUE,0.9345,0.6739,0.5622,0.7736
"MYVO","79018_SE",79018,"SE","Kootenay Region",50.18723,-116.90419,8,5,TRUE,0.6474,0.594,0.4643,0.7207
"MYVO","79018_SW",79018,"SW","Kootenay Region",50.17771,-116.95968,7,7,TRUE,1,0.7534,0.6497,0.8367
"MYVO","86074_NE",86074,"NE","South Coastal Region",49.23087,-122.3056,7,3,TRUE,0.4385,0.5953,0.4492,0.7294
"MYVO","86074_NW",86074,"NW","South Coastal Region",49.18442,-122.40331,3,3,TRUE,1,0.7408,0.6555,0.8202
"MYVO","86074_SE",86074,"SE","South Coastal Region",49.16962,-122.3193,4,3,TRUE,0.7658,0.7985,0.6987,0.8831
"MYVO","86074_SW",86074,"SW","South Coastal Region",49.14174,-122.38204,6,4,TRUE,0.7354,0.6984,0.6,0.7844
"MYVO","89962_NE",89962,"NE","Kootenay Region",49.07682,-117.5986,3,2,TRUE,0.6904,0.6823,0.5742,0.7767
"MYVO","89962_SE",89962,"SE","Kootenay Region",49.00974,-117.57236,3,2,TRUE,0.7385,0.7603,0.6659,0.8394
"MYVO","89962_SW",89962,"SW","Kootenay Region",49.0077,-117.63034,3,3,TRUE,1,0.6546,0.5027,0.778
"MYVO","93290_NE",93290,"NE","Okanagan Region",49.44361,-119.56535,6,2,TRUE,0.3823,0.701,0.6113,0.7838
"MYVO","93290_NW",93290,"NW","Okanagan Region",49.41531,-119.6018,9,9,TRUE,1,0.6593,0.5705,0.7428
"MYVO","93290_SE",93290,"SE","Okanagan Region",49.38433,-119.56165,8,7,TRUE,0.8885,0.7391,0.6408,0.827
"MYVO","93290_SW",93290,"SW","Okanagan Region",49.37943,-119.59374,9,3,TRUE,0.3581,0.5843,0.4805,0.6811
"MYVO","94522_NW",94522,"NW","Northern Region",53.10732,-131.86467,3,0,FALSE,0.0252,0.6969,0.5199,0.8454
"MYVO","94522_SE",94522,"SE","Northern Region",53.08196,-131.77925,3,0,FALSE,0.0284,0.7541,0.5942,0.8738
"MYVO","9466_NE",9466,"NE","Northern Region",57.34435,-125.50932,2,2,TRUE,1,0.8026,0.6911,0.8922
"MYVO","9466_NW",9466,"NW","Northern Region",57.3459,-125.55037,3,2,TRUE,0.9418,0.8603,0.7188,0.9478
"MYVO","9466_SE",9466,"SE","Northern Region",57.31575,-125.49037,3,3,TRUE,1,0.7337,0.592,0.8482
"MYVO","9466_SW",9466,"SW","Northern Region",57.29483,-125.51474,3,3,TRUE,1,0.8102,0.7155,0.8908
"MYVO","986_NE",986,"NE","Northern Region",53.188,-121.30225,8,7,TRUE,0.9745,0.8629,0.7046,0.9558
"MYVO","986_SE",986,"SE","Northern Region",53.1392,-121.2577,6,5,TRUE,0.983,0.806,0.6696,0.9101
"MYYU","110378_NE",110378,"NE","Okanagan Region",49.04717,-119.5574,8,6,TRUE,0.7668,0.366,0.2881,0.4538
"MYYU","110378_NW",110378,"NW","Okanagan Region",49.03536,-119.57546,9,7,TRUE,0.7895,0.4467,0.344,0.5592
"MYYU","110378_SE",110378,"SE","Okanagan Region",49.01485,-119.53228,8,1,TRUE,0.1525,0.3525,0.2678,0.4482
"MYYU","110378_SW",110378,"SW","Okanagan Region",49.00412,-119.59552,9,3,TRUE,0.373,0.5406,0.4422,0.6464
"MYYU","111466_NE",111466,"NE","Kootenay Region",49.00129,-115.06184,2,2,TRUE,1,0.4967,0.3873,0.614
"MYYU","111466_NW",111466,"NW","Kootenay Region",49.01861,-115.09568,2,1,TRUE,0.5032,0.4127,0.2912,0.5515
"MYYU","114602_NE",114602,"NE","South Coastal Region",49.70588,-125.06708,5,3,TRUE,0.6066,0.7827,0.6921,0.8631
"MYYU","114602_NW",114602,"NW","South Coastal Region",49.67623,-125.13792,7,1,TRUE,0.1509,0.5598,0.4292,0.6865
"MYYU","114602_SE",114602,"SE","South Coastal Region",49.65756,-125.0438,7,5,TRUE,0.8353,0.8745,0.7954,0.9356
"MYYU","114602_SW",114602,"SW","South Coastal Region",49.64146,-125.08654,7,7,TRUE,1,0.8217,0.7435,0.8905
"MYYU","115322_NE",115322,"NE","Northern Region",52.37764,-125.98565,6,5,TRUE,0.9754,0.2204,0.1169,0.3577
"MYYU","115322_NW",115322,"NW","Northern Region",52.37481,-126.08159,8,8,TRUE,1,0.5842,0.321,0.8296
"MYYU","115322_SE",115322,"SE","Northern Region",52.35752,-126.01253,7,6,TRUE,0.9947,0.4082,0.2422,0.5907
"MYYU","115322_SW",115322,"SW","Northern Region",52.34498,-126.07967,8,5,TRUE,0.7232,0.2683,0.145,0.4173
"MYYU","1194_NW",1194,"NW","Kootenay Region",50.11749,-117.523,9,6,TRUE,0.7443,0.5748,0.4639,0.6889
"MYYU","1194_SW",1194,"SW","Kootenay Region",50.0903,-117.4679,4,2,TRUE,0.5219,0.8054,0.6842,0.9014
"MYYU","12522_NE",12522,"NE","South Coastal Region",49.72155,-124.51563,4,3,TRUE,0.8848,0.7913,0.7005,0.8702
"MYYU","12522_NW",12522,"NW","South Coastal Region",49.75757,-124.56308,5,2,TRUE,0.4576,0.735,0.6065,0.8443
"MYYU","12522_SE",12522,"SE","South Coastal Region",49.70213,-124.47636,6,0,FALSE,0.0075,0.7942,0.6929,0.8758
"MYYU","12522_SW",12522,"SW","South Coastal Region",49.7022,-124.52268,6,4,TRUE,0.7927,0.78,0.6909,0.8607
"MYYU","127850_NE",127850,"NE","Kootenay Region",49.31307,-115.01912,4,2,TRUE,0.5048,0.1848,0.1085,0.2844
"MYYU","127850_NW",127850,"NW","Kootenay Region",49.3096,-115.05201,5,3,TRUE,0.604,0.3096,0.2297,0.4
"MYYU","127850_SE",127850,"SE","Kootenay Region",49.28498,-114.95395,5,5,TRUE,1,0.3472,0.2552,0.4513
"MYYU","127850_SW",127850,"SW","Kootenay Region",49.2671,-115.02532,7,5,TRUE,0.7237,0.2727,0.1902,0.3669
"MYYU","128058_NE",128058,"NE","South Coastal Region",48.84117,-123.42727,5,5,TRUE,1,0.786,0.6462,0.901
"MYYU","128058_NW",128058,"NW","South Coastal Region",48.82144,-123.48643,5,5,TRUE,1,0.8385,0.7536,0.9081
"MYYU","128058_SW",128058,"SW","South Coastal Region",48.79828,-123.47632,5,5,TRUE,1,0.8201,0.7362,0.8933
"MYYU","132650_SE",132650,"SE","Okanagan Region",51.81828,-122.42144,6,0,FALSE,0.0217,0.5146,0.38,0.657
"MYYU","132650_SW",132650,"SW","Okanagan Region",51.80225,-122.46284,5,0,FALSE,0.0121,0.4446,0.3342,0.5614
"MYYU","137274_NE",137274,"NE","South Coastal Region",48.79,-123.6988,5,5,TRUE,1,0.9066,0.8356,0.9577
"MYYU","137274_NW",137274,"NW","South Coastal Region",48.7891,-123.719,6,6,TRUE,1,0.8705,0.8023,0.9274
"MYYU","137274_SE",137274,"SE","South Coastal Region",48.7539,-123.6447,6,6,TRUE,1,0.9131,0.841,0.9627
"MYYU","143274_NE",143274,"NE","South Coastal Region",50.3377,-122.8012,7,6,TRUE,0.9043,0.6746,0.5669,0.7734
"MYYU","143274_NW",143274,"NW","South Coastal Region",50.3446,-122.8479,7,7,TRUE,1,0.6926,0.5685,0.805
"MYYU","143274_SE",143274,"SE","South Coastal Region",50.3004,-122.758,7,7,TRUE,1,0.7558,0.6553,0.8434
"MYYU","143274_SW",143274,"SW","South Coastal Region",50.2961,-122.8048,7,3,TRUE,0.4791,0.6011,0.4858,0.7132
"MYYU","145578_NE",145578,"NE","Kootenay Region",49.93178,-115.65558,7,2,TRUE,0.2905,0.2787,0.193,0.3666
"MYYU","145578_NW",145578,"NW","Kootenay Region",49.93544,-115.67497,6,0,FALSE,0.0052,0.2653,0.185,0.3574
"MYYU","145578_SE",145578,"SE","Kootenay Region",49.89983,-115.64222,7,1,TRUE,0.1514,0.3487,0.2542,0.4564
"MYYU","145578_SW",145578,"SW","Kootenay Region",49.89589,-115.695,7,2,TRUE,0.3093,0.4702,0.3469,0.6037
"MYYU","16426_NE",16426,"NE","Northern Region",54.82137,-123.35579,6,0,FALSE,0.0012,0.052,0.0234,0.0987
"MYYU","16426_SE",16426,"SE","Northern Region",54.81895,-123.33997,5,0,FALSE,8e-04,0.0754,0.0343,0.1354
"MYYU","172090_NE",172090,"NE","South Coastal Region",49.37012,-122.94857,6,2,TRUE,0.3422,0.233,0.1155,0.3911
"MYYU","172090_NW",172090,"NW","South Coastal Region",49.34683,-123.00985,5,3,TRUE,0.6991,0.7334,0.6225,0.8338
"MYYU","172090_SE",172090,"SE","South Coastal Region",49.32364,-122.97036,5,4,TRUE,0.8751,0.7455,0.5964,0.8598
"MYYU","172090_SW",172090,"SW","South Coastal Region",49.31421,-123.01406,6,6,TRUE,1,0.896,0.8267,0.9494
"MYYU","175354_SE",175354,"SE","Northern Region",59.42418,-125.94917,3,0,FALSE,7e-04,0.1839,0.0792,0.3338
"MYYU","175354_SW",175354,"SW","Northern Region",59.40931,-126.09868,5,0,FALSE,1e-04,0.1921,0.0902,0.3381
"MYYU","17706_NW",17706,"NW","Northern Region",51.97601,-120.10368,2,0,FALSE,0.0029,0.0916,0.0398,0.1676
"MYYU","17706_SE",17706,"SE","Northern Region",51.9408,-120.01683,5,0,FALSE,0.0014,0.0999,0.0453,0.1782
"MYYU","17706_SW",17706,"SW","Northern Region",51.94316,-120.06784,4,0,FALSE,0.0021,0.0737,0.0337,0.1386
"MYYU","186330_NE",186330,"NE","Northern Region",55.95727,-122.58949,2,0,FALSE,4e-04,0.0898,0.0372,0.1729
"MYYU","186330_NW",186330,"NW","Northern Region",55.94606,-122.65922,2,1,TRUE,0.5734,0.1147,0.0575,0.1919
"MYYU","186490_NW",186490,"NW","Northern Region",54.754,-127.12678,8,0,FALSE,3e-04,0.1551,0.0733,0.2682
"MYYU","186490_SE",186490,"SE","Northern Region",54.72257,-126.99742,6,0,FALSE,4e-04,0.0818,0.039,0.1446
"MYYU","186490_SW",186490,"SW","Northern Region",54.72278,-127.05397,9,1,TRUE,0.1144,0.1662,0.0842,0.2713
"MYYU","194666_NE",194666,"NE","Okanagan Region",50.23014,-119.32344,6,6,TRUE,1,0.595,0.4712,0.7203
"MYYU","194666_SW",194666,"SW","Okanagan Region",50.16915,-119.41081,6,4,TRUE,0.6734,0.3663,0.2677,0.4747
"MYYU","20330_NE",20330,"NE","Kootenay Region",49.42454,-117.72865,7,3,TRUE,0.439,0.3596,0.2689,0.4615
"MYYU","20330_SE",20330,"SE","Kootenay Region",49.3813,-117.67793,8,6,TRUE,0.826,0.6026,0.477,0.7272
"MYYU","206394_NE",206394,"NE","Northern Region",53.63655,-132.05056,4,0,FALSE,2e-04,0.5687,0.3457,0.7878
"MYYU","206394_NW",206394,"NW","Northern Region",53.6372,-132.16251,4,0,FALSE,7e-04,0.3287,0.1677,0.5308
"MYYU","206394_SE",206394,"SE","Northern Region",53.60877,-131.99988,4,0,FALSE,4e-04,0.6195,0.3767,0.8307
"MYYU","206394_SW",206394,"SW","Northern Region",53.57324,-132.11579,4,0,FALSE,2e-04,0.4216,0.2374,0.6372
"MYYU","20730_NE",20730,"NE","Northern Region",56.79525,-124.90059,3,0,FALSE,4e-04,0.2271,0.0988,0.4172
"MYYU","20730_NW",20730,"NW","Northern Region",56.79948,-124.97614,3,0,FALSE,4e-04,0.1084,0.049,0.1979
"MYYU","20730_SE",20730,"SE","Northern Region",56.78457,-124.88544,3,0,FALSE,0.0011,0.1057,0.0543,0.1771
"MYYU","20730_SW",20730,"SW","Northern Region",56.76456,-124.98588,2,0,FALSE,0.0019,0.1073,0.0548,0.1794
"MYYU","212266_NE",212266,"NE","Okanagan Region",50.751409,-120.480005,9,4,TRUE,0.4612,0.5221,0.3742,0.6758
"MYYU","212266_NW",212266,"NW","Okanagan Region",50.777508,-120.5598176,8,5,TRUE,0.6294,0.2415,0.172,0.3168
"MYYU","212266_SE",212266,"SE","Okanagan Region",50.714878,-120.492405,8,5,TRUE,0.7395,0.8574,0.768,0.9248
"MYYU","212266_SW",212266,"SW","Okanagan Region",50.732357,-120.521811,8,6,TRUE,0.8298,0.8424,0.7505,0.9131
"MYYU","212906_NW",212906,"NW","South Coastal Region",49.36971,-124.79984,7,6,TRUE,0.8753,0.6021,0.45,0.7537
"MYYU","212906_SE",212906,"SE","South Coastal Region",49.35175,-124.74136,7,7,TRUE,1,0.7853,0.6506,0.8902
"MYYU","212906_SW",212906,"SW","South Coastal Region",49.33595,-124.7423,6,5,TRUE,0.874,0.7531,0.6188,0.8591
"MYYU","216746_NW",216746,"NW","South Coastal Region",49.10675,-125.78544,5,4,TRUE,0.8482,0.9285,0.838,0.9791
"MYYU","216746_SE",216746,"SE","South Coastal Region",49.07768,-125.74644,8,0,FALSE,0.0082,0.7989,0.6716,0.9005
"MYYU","218282_SE",218282,"SE","Kootenay Region",50.13833,-117.55672,5,0,FALSE,0.009,0.3652,0.2536,0.5007
"MYYU","218282_SW",218282,"SW","Kootenay Region",50.15094,-117.6221,6,6,TRUE,1,0.5599,0.4364,0.6892
"MYYU","219626_SW",219626,"SW","South Coastal Region",48.92819,-125.25,2,2,TRUE,1,0.8381,0.7218,0.924
"MYYU","226090_NE",226090,"NE","Okanagan Region",50.10929,-120.45236,6,2,TRUE,0.3706,0.2573,0.1557,0.3745
"MYYU","226090_NW",226090,"NW","Okanagan Region",50.0999,-120.50647,7,2,TRUE,0.3246,0.6258,0.5066,0.7427
"MYYU","226090_SE",226090,"SE","Okanagan Region",50.07156,-120.42266,6,0,FALSE,0.0204,0.2085,0.129,0.3025
"MYYU","230186_NE",230186,"NE","Okanagan Region",49.01457,-121.07198,5,5,TRUE,1,0.6856,0.5473,0.8061
"MYYU","230186_SE",230186,"SE","Okanagan Region",48.97511,-121.08329,6,6,TRUE,1,0.6581,0.4492,0.8354
"MYYU","241002_NE",241002,"NE","Kootenay Region",51.03817,-118.1357,9,0,FALSE,0.0012,0.0704,0.0286,0.1347
"MYYU","241002_NW",241002,"NW","Kootenay Region",51.01597,-118.20292,9,2,TRUE,0.2268,0.661,0.5172,0.7969
"MYYU","243562_NE",243562,"NE","Kootenay Region",49.69966,-115.98498,7,0,FALSE,0.0147,0.2128,0.1333,0.2976
"MYYU","243562_SE",243562,"SE","Kootenay Region",49.65068,-115.94692,6,0,FALSE,0.0122,0.2536,0.1679,0.3549
"MYYU","252394_NW",252394,"NW","South Coastal Region",48.79865,-125.16568,2,2,TRUE,1,0.8819,0.8044,0.9391
"MYYU","26170_NE",26170,"NE","Northern Region",53.62052,-132.20883,4,3,TRUE,0.9678,0.548,0.348,0.7506
"MYYU","26170_NW",26170,"NW","Northern Region",53.60452,-132.28837,3,1,TRUE,0.3369,0.5199,0.3201,0.729
"MYYU","26170_SE",26170,"SE","Northern Region",53.58901,-132.17695,4,3,TRUE,0.9707,0.5044,0.3045,0.7174
"MYYU","26170_SW",26170,"SW","Northern Region",53.56895,-132.23042,4,2,TRUE,0.5034,0.2895,0.1448,0.4666
"MYYU","265749_NE",265749,"NE","Okanagan Region",49.15892,-119.03758,6,0,FALSE,0.0223,0.2511,0.1538,0.3464
"MYYU","265749_NW",265749,"NW","Okanagan Region",49.16674,-119.10324,8,5,TRUE,0.6328,0.3267,0.2191,0.453
"MYYU","265749_SE",265749,"SE","Okanagan Region",49.11153,-118.97698,8,1,TRUE,0.1508,0.4961,0.4018,0.5984
"MYYU","265749_SW",265749,"SW","Okanagan Region",49.11337,-119.05299,8,3,TRUE,0.3849,0.2868,0.1889,0.3779
"MYYU","268521_NE",268521,"NE","Kootenay Region",49.49916,-115.03962,6,0,FALSE,0.0086,0.3044,0.2138,0.4056
"MYYU","268521_NW",268521,"NW","Kootenay Region",49.48855,-115.09812,6,0,FALSE,0.0041,0.2433,0.1715,0.3247
"MYYU","268521_SE",268521,"SE","Kootenay Region",49.44083,-115.05634,7,1,TRUE,0.1616,0.5122,0.3383,0.7048
"MYYU","269777_NW",269777,"NW","Northern Region",57.04083,-122.86281,4,0,FALSE,4e-04,0.0096,0.0027,0.0234
"MYYU","269777_SW",269777,"SW","Northern Region",57.01497,-122.80521,4,0,FALSE,7e-04,0.0406,0.0175,0.0785
"MYYU","271731_SW",271731,"SW","Kootenay Region",51.24146,-117.64962,9,0,FALSE,0.0032,0.3029,0.2014,0.4299
"MYYU","273050_SE",273050,"SE","South Coastal Region",49.00511,-125.65145,3,2,TRUE,0.713,0.8381,0.7403,0.9148
"MYYU","283586_NE",283586,"NE","Northern Region",54.3558,-128.5366,6,5,TRUE,0.8904,0.2611,0.1286,0.4356
"MYYU","283586_NW",283586,"NW","Northern Region",54.3321,-128.6266,8,7,TRUE,0.9418,0.3312,0.1915,0.4927
"MYYU","283586_SE",283586,"SE","Northern Region",54.31162,-128.54374,8,8,TRUE,1,0.5686,0.3175,0.8101
"MYYU","283586_SW",283586,"SW","Northern Region",54.2946,-128.581,8,2,TRUE,0.2537,0.186,0.0887,0.3187
"MYYU","294832_NE",294832,"NE","Northern Region",56.3348,-120.97877,8,0,FALSE,4e-04,0.1712,0.0849,0.2914
"MYYU","294832_NW",294832,"NW","Northern Region",56.33264,-121.00747,8,0,FALSE,1e-04,0.1421,0.072,0.2364
"MYYU","294832_SE",294832,"SE","Northern Region",56.30206,-120.94608,6,0,FALSE,6e-04,0.0825,0.0369,0.155
"MYYU","294832_SW",294832,"SW","Northern Region",56.30496,-121.00198,7,0,FALSE,3e-04,0.0606,0.024,0.1264
"MYYU","317428_NE",317428,"NE","South Coastal Region",49.06292,-120.79944,8,0,FALSE,0.0019,0.1385,0.0709,0.2237
"MYYU","317428_NW",317428,"NW","South Coastal Region",49.06417,-120.90943,8,1,TRUE,0.1268,0.1088,0.0403,0.2162
"MYYU","317428_SE",317428,"SE","South Coastal Region",49.06053,-120.77309,7,1,TRUE,0.1452,0.1408,0.0731,0.2224
"MYYU","317428_SW",317428,"SW","South Coastal Region",49.04617,-120.85085,6,4,TRUE,0.6823,0.1662,0.0673,0.323
"MYYU","326072_NE",326072,"NE","South Coastal Region",49.09743,-122.51957,7,7,TRUE,1,0.8087,0.7114,0.8923
"MYYU","326072_NW",326072,"NW","South Coastal Region",49.05235,-122.58989,9,9,TRUE,1,0.813,0.7148,0.8968
"MYYU","326072_SE",326072,"SE","South Coastal Region",49.0144,-122.52755,6,1,TRUE,0.1707,0.831,0.7411,0.907
"MYYU","326072_SW",326072,"SW","South Coastal Region",49.01082,-122.58104,9,9,TRUE,1,0.8994,0.812,0.9592
"MYYU","37274_NE",37274,"NE","Northern Region",53.08874,-119.20318,6,0,FALSE,4e-04,0.0727,0.0264,0.1485
"MYYU","37274_SE",37274,"SE","Northern Region",53.05051,-119.21418,5,0,FALSE,6e-04,0.0714,0.031,0.1342
"MYYU","37274_SW",37274,"SW","Northern Region",53.03564,-119.22895,6,0,FALSE,7e-04,0.0539,0.0214,0.1123
"MYYU","38442_NW",38442,"NW","Okanagan Region",51.51999,-122.28978,6,6,TRUE,1,0.8383,0.7496,0.9079
"MYYU","38442_SW",38442,"SW","Okanagan Region",51.50238,-122.28992,7,6,TRUE,0.9279,0.8343,0.7435,0.9058
"MYYU","42026_NE",42026,"NE","Northern Region",55.85527,-121.65345,3,0,FALSE,4e-04,0.1122,0.0547,0.1898
"MYYU","42026_NW",42026,"NW","Northern Region",55.83616,-121.71691,3,0,FALSE,0.0016,0.1028,0.05,0.1784
"MYYU","42026_SE",42026,"SE","Northern Region",55.81797,-121.66405,3,0,FALSE,7e-04,0.1333,0.0684,0.2192
"MYYU","42026_SW",42026,"SW","Northern Region",55.81131,-121.70131,3,0,FALSE,7e-04,0.1352,0.0689,0.2209
"MYYU","47210_NW",47210,"NW","Okanagan Region",49.84159,-119.9783,3,1,TRUE,0.3368,0.2195,0.1248,0.3181
"MYYU","47210_SE",47210,"SE","Okanagan Region",49.79638,-119.86985,3,0,FALSE,0.0132,0.2734,0.1854,0.3625
"MYYU","47210_SW",47210,"SW","Okanagan Region",49.79097,-119.95267,2,1,TRUE,0.5038,0.2178,0.1508,0.2904
"MYYU","47322_NE",47322,"NE","Northern Region",55.69808,-120.43213,8,2,TRUE,0.2509,0.0394,0.0172,0.0738
"MYYU","47322_NW",47322,"NW","Northern Region",55.70016,-120.48989,6,0,FALSE,7e-04,0.0788,0.0377,0.1423
"MYYU","47322_SE",47322,"SE","Northern Region",55.64597,-120.40102,5,0,FALSE,0.0011,0.0394,0.0168,0.0754
"MYYU","47322_SW",47322,"SW","Northern Region",55.65446,-120.49465,8,0,FALSE,9e-04,0.1026,0.0523,0.1704
"MYYU","57322_NE",57322,"NE","South Coastal Region",49.09454,-122.09881,7,6,TRUE,0.9436,0.8378,0.7405,0.9175
"MYYU","57322_NW",57322,"NW","South Coastal Region",49.07915,-122.16077,7,7,TRUE,1,0.8996,0.8342,0.9501
"MYYU","57322_SE",57322,"SE","South Coastal Region",49.0141,-122.09198,7,4,TRUE,0.5792,0.5845,0.4308,0.7301
"MYYU","57322_SW",57322,"SW","South Coastal Region",49.01663,-122.15131,7,6,TRUE,0.931,0.908,0.8317,0.9615
"MYYU","58842_NW",58842,"NW","Northern Region",54.79952,-121.1886,2,0,FALSE,6e-04,0.0491,0.0187,0.0982
"MYYU","58842_SE",58842,"SE","Northern Region",54.73781,-121.16052,2,0,FALSE,2e-04,0.0331,0.0122,0.0673
"MYYU","58842_SW",58842,"SW","Northern Region",54.75716,-121.25541,2,0,FALSE,2e-04,0.031,0.011,0.0653
"MYYU","5994_NE",5994,"NE","Kootenay Region",49.26067,-115.24894,5,4,TRUE,0.8057,0.4909,0.3782,0.6116
"MYYU","5994_SE",5994,"SE","Kootenay Region",49.21228,-115.26277,5,2,TRUE,0.404,0.3821,0.2682,0.5092
"MYYU","60586_NW",60586,"NW","Kootenay Region",50.93041,-116.39001,6,3,TRUE,0.5061,0.43,0.3324,0.5414
"MYYU","60586_SW",60586,"SW","Kootenay Region",50.90342,-116.39335,6,1,TRUE,0.1711,0.7157,0.5234,0.8726
"MYYU","6202_NE",6202,"NE","South Coastal Region",48.53741,-123.50119,6,5,TRUE,0.9236,0.7929,0.6969,0.8749
"MYYU","6202_NW",6202,"NW","South Coastal Region",48.50788,-123.60088,6,1,TRUE,0.2047,0.4852,0.3435,0.6372
"MYYU","6202_SE",6202,"SE","South Coastal Region",48.48934,-123.5079,4,4,TRUE,1,0.8322,0.7513,0.9011
"MYYU","6202_SW",6202,"SW","South Coastal Region",48.48637,-123.54913,7,7,TRUE,1,0.8737,0.8047,0.9314
"MYYU","70250_NW",70250,"NW","Kootenay Region",51.24583,-116.91793,6,0,FALSE,0.0046,0.4277,0.317,0.5535
"MYYU","70250_SW",70250,"SW","Kootenay Region",51.20982,-116.89974,4,0,FALSE,0.0072,0.5471,0.4324,0.6671
"MYYU","73002_NE",73002,"NE","Okanagan Region",50.85067,-121.87219,8,2,TRUE,0.2607,0.7671,0.6575,0.8577
"MYYU","73002_SE",73002,"SE","Okanagan Region",50.82484,-121.86896,9,1,TRUE,0.1383,0.5927,0.4258,0.7567
"MYYU","73002_SW",73002,"SW","Okanagan Region",50.80422,-121.87782,9,2,TRUE,0.2414,0.5424,0.4243,0.6607
"MYYU","73786_NW",73786,"NW","South Coastal Region",49.12334,-123.06198,9,7,TRUE,0.9047,0.868,0.788,0.9327
"MYYU","73786_SE",73786,"SE","South Coastal Region",49.12604,-123.00163,9,7,TRUE,0.8432,0.821,0.7019,0.9165
"MYYU","73786_SW",73786,"SW","South Coastal Region",49.10823,-123.07992,7,7,TRUE,1,0.9405,0.8422,0.9874
"MYYU","77162_NE",77162,"NE","Kootenay Region",50.95478,-118.09975,5,0,FALSE,0.0014,0.0685,0.0276,0.1374
"MYYU","77162_SW",77162,"SW","Kootenay Region",50.886,-118.10586,8,6,TRUE,0.7578,0.6867,0.5691,0.7948
"MYYU","79018_NE",79018,"NE","Kootenay Region",50.2021,-116.91007,8,3,TRUE,0.3792,0.247,0.1748,0.3267
"MYYU","79018_NW",79018,"NW","Kootenay Region",50.19383,-116.94752,8,8,TRUE,1,0.6535,0.5234,0.7735
"MYYU","79018_SE",79018,"SE","Kootenay Region",50.18723,-116.90419,8,3,TRUE,0.379,0.2621,0.1706,0.3543
"MYYU","79018_SW",79018,"SW","Kootenay Region",50.17771,-116.95968,7,7,TRUE,1,0.7566,0.6384,0.8574
"MYYU","86074_NE",86074,"NE","South Coastal Region",49.23087,-122.3056,7,1,TRUE,0.1567,0.4914,0.3414,0.6735
"MYYU","86074_NW",86074,"NW","South Coastal Region",49.18442,-122.40331,3,3,TRUE,1,0.8946,0.8305,0.9457
"MYYU","86074_SE",86074,"SE","South Coastal Region",49.16962,-122.3193,4,4,TRUE,1,0.8766,0.7826,0.9457
"MYYU","86074_SW",86074,"SW","South Coastal Region",49.14174,-122.38204,6,4,TRUE,0.7247,0.8515,0.7708,0.9178
"MYYU","89962_NE",89962,"NE","Kootenay Region",49.07682,-117.5986,3,3,TRUE,1,0.5441,0.4121,0.6806
"MYYU","89962_SE",89962,"SE","Kootenay Region",49.00974,-117.57236,3,3,TRUE,1,0.7041,0.5722,0.8239
"MYYU","89962_SW",89962,"SW","Kootenay Region",49.0077,-117.63034,3,3,TRUE,1,0.7832,0.6433,0.8939
"MYYU","93290_NE",93290,"NE","Okanagan Region",49.44361,-119.56535,6,5,TRUE,0.8611,0.7147,0.6007,0.8182
"MYYU","93290_NW",93290,"NW","Okanagan Region",49.41531,-119.6018,9,8,TRUE,0.9101,0.7694,0.67,0.8558
"MYYU","93290_SE",93290,"SE","Okanagan Region",49.38433,-119.56165,8,8,TRUE,1,0.8771,0.7862,0.9404
"MYYU","93290_SW",93290,"SW","Okanagan Region",49.37943,-119.59374,9,3,TRUE,0.3605,0.6086,0.4801,0.7331
"MYYU","94522_NW",94522,"NW","Northern Region",53.10732,-131.86467,3,0,FALSE,0.0042,0.5126,0.3298,0.6981
"MYYU","94522_SE",94522,"SE","Northern Region",53.08196,-131.77925,3,0,FALSE,0.0044,0.4489,0.267,0.6363
"MYYU","9466_NE",9466,"NE","Northern Region",57.34435,-125.50932,2,0,FALSE,0.0016,0.1098,0.0534,0.1892
"MYYU","9466_NW",9466,"NW","Northern Region",57.3459,-125.55037,3,0,FALSE,6e-04,0.1535,0.0625,0.296
"MYYU","9466_SE",9466,"SE","Northern Region",57.31575,-125.49037,3,0,FALSE,6e-04,0.0482,0.0211,0.091
"MYYU","9466_SW",9466,"SW","Northern Region",57.29483,-125.51474,3,0,FALSE,6e-04,0.1003,0.0493,0.1707
"MYYU","986_NE",986,"NE","Northern Region",53.188,-121.30225,8,0,FALSE,3e-04,0.1469,0.0509,0.3182
"MYYU","986_SE",986,"SE","Northern Region",53.1392,-121.2577,6,0,FALSE,7e-04,0.0817,0.0311,0.1645
