"parameter","mean","sd","2.5%","25%","50%","75%","97.5%","Rhat","n.eff","overlap0","f"
"a.psi[1]",1.64445248696707,0.633815991081042,0.455530261382448,1.20578052817573,1.63210131869642,2.06819207943463,2.91969618979294,1.00180868001717,990,0,0.998444444444444
"a.psi[2]",1.44786304534238,0.55631140120925,0.414867351657654,1.06700615354233,1.42468316813692,1.79907531734021,2.59784157474602,1.00056982195265,4500,0,0.998222222222222
"a.psi[3]",2.38191562198277,0.781449828921644,1.01465987593069,1.82035044631566,2.33713461100928,2.87793568241957,4.03399783455261,1.00100753835735,2432,0,0.999777777777778
"a.psi[4]",1.27808026117062,0.700694243332773,-0.103653877489615,0.826902361617717,1.28044178951696,1.73460748841527,2.67810671077538,1.00056494211348,4500,1,0.964
"b.psi.elev",-0.581923486648181,0.358237293160844,-1.34073257698191,-0.804605451643231,-0.572702740968234,-0.347438798712677,0.105456151358558,0.999871407394578,4500,1,0.952666666666667
"b.psi.water",-0.360860743763327,0.391765894746379,-1.13098424556707,-0.622936353505905,-0.350791599632221,-0.0977865018797658,0.386442778290037,1.00224858249549,817,1,0.825555555555556
"a.gam[1]",0.67996952611948,0.553411887092716,-0.383037422613452,0.310476447630257,0.673529468300972,1.04375306408412,1.79134528588081,1.00058288074557,2335,1,0.892888888888889
"a.gam[2]",-0.554448538271711,0.374890456171482,-1.30966853339201,-0.801069651747289,-0.554651387801488,-0.305491921639557,0.158112931055355,1.00002691022505,4500,1,0.930666666666667
"a.gam[3]",1.16206797394546,0.756795045200211,-0.200993475378774,0.641610121556439,1.12512933194515,1.62751389279576,2.7898614943924,1.00178393606321,1409,1,0.951333333333333
"a.gam[4]",-0.378962337785799,0.727356176417724,-1.77709978309396,-0.853974259329857,-0.40017350880104,0.0971102312558888,1.08383639786017,1.00071739728412,2694,1,0.706
"b.gam.elev",-0.0591657558448011,0.249693516211056,-0.565451340962073,-0.223193642469398,-0.0562345648334205,0.105134406239307,0.421119106708846,1.00159869121076,1070,1,0.594666666666667
"b.gam.water",-0.219757413378132,0.26044087963106,-0.765501861723056,-0.380120039580416,-0.207208097235942,-0.0439305791778556,0.268414036252129,1.00171455668743,1034,1,0.807111111111111
"b.gam.road",0.249703744363165,0.199670476707575,-0.128466432096985,0.112689175972956,0.246381193468228,0.37761239470755,0.66238385271624,1.00002823477889,4500,1,0.902
"b.gam.harv",-0.0636887298197307,0.231823045696049,-0.529187393934236,-0.220519909015959,-0.0588619662512772,0.0940387090418978,0.376446483673859,1.0001434690527,4500,1,0.601333333333333
"a.phi[1]",2.01545757526893,0.801815393220551,0.0558694026270566,1.60159040959528,2.20032586155111,2.56946039361311,3.16776371546068,1.02382407522601,136,0,0.977333333333333
"a.phi[2]",1.63564594544788,0.810524773980113,-0.358443628407298,1.22639655426869,1.85912245341348,2.20363803769579,2.72332404250441,1.02286166132542,137,1,0.949333333333333
"a.phi[3]",2.66669150603124,0.810907708805407,0.69249092813996,2.24721757582739,2.83946743581703,3.22116010553153,3.88244999645883,1.02235182163752,133,0,0.994888888888889
"a.phi[4]",3.23696264119495,0.876779015755011,1.24726010312286,2.73829853729011,3.30451300326918,3.80430455478617,4.8819425689902,1.01269154932164,227,0,0.998888888888889
"b.phi.elev",-0.701392869102037,0.206023349953334,-1.11615252066374,-0.839827533014626,-0.697413393055406,-0.560930175040633,-0.320962336278114,1.00056986684645,2560,0,0.999777777777778
"b.phi.water",-0.188704475623261,0.162522568774158,-0.511706516324573,-0.298086728840016,-0.186023790118066,-0.0820143718658886,0.129204297005972,1.00023643467265,4500,1,0.875333333333333
"b.phi.road",-0.17549658187733,0.177129532079499,-0.529894911445637,-0.292470903792576,-0.170224396163887,-0.0552673739233893,0.165760889582321,0.99985414841939,4500,1,0.838444444444444
"b.phi.harv",-0.290704828895453,0.193085056575438,-0.699075590248992,-0.40802038767967,-0.280511989032548,-0.160174544235448,0.065372346553138,1.0009759596189,1872,1,0.943111111111111
"a.p",1.16275328840722,0.110391767460985,0.936606907473293,1.0967941618967,1.16502373805511,1.23199537729733,1.37607002582972,1.00085706394688,2080,0,1
"b.p.ak",-0.0420493441966694,1.66404289977844,-3.3180291037308,-1.16205573706126,-0.0531668186926659,1.07545178420484,3.25766541384327,1.00005871664466,4500,1,0.513333333333333
"b.p.clutter",-0.0661070332767167,0.0390326315460076,-0.141447359836991,-0.0928075827335333,-0.0668461406618679,-0.0398782784315108,0.00933353338936621,0.999797224792643,4500,1,0.952666666666667
"b.p.temp",0.495751039276412,0.0479965666279319,0.404697039377042,0.462281437417087,0.495205322134977,0.527785233605792,0.591069485728661,0.999969737356631,4500,0,1
"b.p.julian",0.0515054366187863,0.0452544690663548,-0.0369118596258088,0.0216776549922134,0.0518545986251698,0.0814529278926472,0.141299742301002,1.00011497699227,4500,1,0.870888888888889
"sigma.gam",0.400059058204854,0.312402259540431,0.0241824198137742,0.166759458266001,0.333431555557386,0.555748057393952,1.16668341728474,1.00290428820386,729,0,1
"sigma.phi",1.32960188686023,1.07952195267631,0.129836048492667,0.566190540415991,1.01703291279327,1.80865587473983,4.0629576021983,1.02073995704326,142,0,1
"sigma.p",0.283156506809411,0.10726528268594,0.136302190370249,0.209029476592581,0.262883468157149,0.333181889201528,0.542470860297571,1.00161698096608,1472,0,1
"eps.gam[1]",-0.047932795067133,0.380136962244693,-0.970878541220322,-0.210899216365866,-0.0140149291994053,0.134216930127639,0.688638796700006,0.999740382733514,4500,1,0.540666666666667
"eps.gam[2]",0.011204231973908,0.373106975940274,-0.774565403462505,-0.150899700013269,0.00301174969394053,0.178720341032267,0.823613463108737,1.000528898097,4500,1,0.508444444444444
"eps.gam[3]",-0.234896861169151,0.41150767223487,-1.27786044584727,-0.419437700367313,-0.123046560889756,0.0144061665183964,0.39059455891872,1.00071067052561,4500,1,0.712888888888889
"eps.gam[4]",0.262564695100765,0.426571040057473,-0.356931073279717,-0.00757926976401801,0.145691838885322,0.461967005898879,1.34064470319416,1.00010418887492,4500,1,0.732222222222222
"eps.gam[5]",0.105066687649405,0.361300642836887,-0.575646315383391,-0.0760085820334399,0.0495396303397509,0.273070784890497,0.947236056786832,1.00199051754466,1024,1,0.611555555555556
"eps.gam[6]",-0.0227331877905713,0.396741426187104,-0.922975512988782,-0.198231064793287,-0.00501848214870494,0.152969930026784,0.805765929811946,1.00081009313649,4500,1,0.512444444444444
"eps.gam[7]",-0.0322752209864913,0.415935871831435,-0.970164377912815,-0.196350226927182,-0.00680297955522415,0.14266023504154,0.806240071147025,1.00144283831585,4500,1,0.52
"eps.gam[8]",0.00811057607822627,0.3939449312049,-0.80036977942083,-0.166809456361708,0.00282286415159323,0.178476854841785,0.879155077490147,1.00005135906472,4500,1,0.508444444444444
"eps.phi[1]",1.10852774904779,1.13276411409987,-0.287848794497397,0.247218152487829,0.810311212828415,1.70103544010205,3.87040614815442,1.01787591177287,147,1,0.884
"eps.phi[2]",0.529978148817335,0.830745835935316,-0.585118117804972,-0.0480624848938695,0.297571749766808,0.957939202822262,2.59566858314447,1.02184359116446,139,1,0.706
"eps.phi[3]",0.423521679576277,0.86303407291742,-0.719377282760037,-0.159934439037445,0.181375010548335,0.844765006162701,2.57474645779738,1.02710441588794,153,1,0.626888888888889
"eps.phi[4]",0.0720497649508357,0.77740143252357,-1.07796761206952,-0.436295745755028,-0.0958245558568125,0.408624962121046,2.07583193695181,1.02065296367625,195,1,0.429555555555556
"eps.phi[5]",0.766862998989395,0.904600816729567,-0.404657612403526,0.0951695839591586,0.522416255044259,1.25656781432943,3.0155634349026,1.02169897863437,146,1,0.821777777777778
"eps.phi[6]",0.990782877294461,0.997800797607683,-0.293133805902091,0.229408722187348,0.74849322019473,1.54473844850792,3.50457904136841,1.02214363855976,130,1,0.886666666666667
"eps.phi[7]",2.23802543082327,1.9640866242714,0.015863167285612,0.808389183582925,1.70722858463997,3.17508088073902,7.21046702251539,1.01569337074755,164,0,0.979777777777778
"eps.phi[8]",0.47887473072576,0.812918254222068,-0.600443412924938,-0.0800237086169439,0.252240283642949,0.898227554522311,2.49890889980884,1.02570536927534,138,1,0.685777777777778
"eps.p[1]",0.0242411316464817,0.16775440309215,-0.30071388593174,-0.081403549569931,0.0175623433581369,0.131661235701424,0.36403987735884,1.00035265316734,3986,1,0.546222222222222
"eps.p[2]",-0.244942942631221,0.153369090097374,-0.567475878948418,-0.338193349992447,-0.239555356792612,-0.141037386457319,0.0433134898151642,1.00161824024805,1420,1,0.953555555555556
"eps.p[3]",-0.331925559159482,0.147561578687075,-0.632693498685707,-0.426393495484064,-0.325643280123873,-0.235438057116105,-0.0570864184682546,1.00210666561456,1152,0,0.988666666666667
"eps.p[4]",-0.14044243687608,0.142712085914254,-0.434737276577042,-0.232097785168641,-0.137543910175788,-0.0474463368612782,0.13496228787422,1.00301269967459,622,1,0.848
"eps.p[5]",0.0794204770961186,0.150549225279684,-0.209241856510162,-0.019534263328422,0.0768078364019997,0.174658369260503,0.389744020131484,0.999807410343354,4500,1,0.704666666666667
"eps.p[6]",0.174380025765165,0.142758241167033,-0.0877397461072863,0.0815023265954834,0.16886947541177,0.262629103366588,0.477742196427705,1.00069693113122,3647,1,0.901111111111111
"eps.p[7]",0.0172552639078359,0.147935849413717,-0.277078098582063,-0.0783589174861225,0.0185850724031253,0.108932993459364,0.312287897224533,1.00008159010482,4500,1,0.556444444444444
"eps.p[8]",0.144734763924877,0.144677784087959,-0.123158646434918,0.0477833885084535,0.139145591061563,0.236777039850572,0.451872798584572,1.00022783876025,4500,1,0.854666666666667
"eps.p[9]",0.326490028325113,0.155685044186283,0.0485377772966295,0.220578629730104,0.316377989474914,0.420847455339769,0.669141848196176,1.00059341597504,2357,0,0.99
"psi.fs[1]",0.807114714714715,0.0357355691766308,0.72972972972973,0.783783783783784,0.810810810810811,0.832432432432432,0.87027027027027,0.999960669320438,4500,0,1
"psi.fs[2]",0.861615615615616,0.0226053228895633,0.816216216216216,0.848648648648649,0.864864864864865,0.875675675675676,0.902702702702703,1.00261033068089,1138,0,1
"psi.fs[3]",0.853439039039039,0.0179748679231646,0.816216216216216,0.843243243243243,0.854054054054054,0.864864864864865,0.886486486486487,0.999718048141117,4500,0,1
"psi.fs[4]",0.828724324324324,0.0206341930085446,0.789189189189189,0.816216216216216,0.827027027027027,0.843243243243243,0.87027027027027,0.999848353461403,4500,0,1
"psi.fs[5]",0.8316,0.0205643534324256,0.789189189189189,0.816216216216216,0.832432432432432,0.843243243243243,0.87027027027027,1.00249106706065,728,0,1
"psi.fs[6]",0.871975975975976,0.0142255275173206,0.843243243243243,0.864864864864865,0.87027027027027,0.881081081081081,0.897297297297297,1.0043012942238,456,0,1
"psi.fs[7]",0.884897297297297,0.0171635444807938,0.848648648648649,0.875675675675676,0.886486486486487,0.897297297297297,0.918918918918919,1.00044226432682,4500,0,1
"psi.fs[8]",0.922926126126126,0.0130728788366571,0.897297297297297,0.913513513513514,0.924324324324324,0.92972972972973,0.945945945945946,1.00225880975343,792,0,1
"psi.fs[9]",0.873675675675676,0.0152826240481043,0.843243243243243,0.864864864864865,0.875675675675676,0.886486486486487,0.902702702702703,1.00028041615674,3556,0,1
"psi.surv[1]",0.805479052823315,0.00601124806155985,0.80327868852459,0.80327868852459,0.80327868852459,0.80327868852459,0.819672131147541,1.00075675597611,4500,0,1
"psi.surv[2]",0.872566037735849,0.0143121589304768,0.849056603773585,0.858490566037736,0.867924528301887,0.877358490566038,0.89622641509434,0.999981134285982,4500,0,1
"psi.surv[3]",0.862349698535745,0.0085601551716956,0.852713178294574,0.852713178294574,0.86046511627907,0.868217054263566,0.883720930232558,1.00019226822323,4500,0,1
"psi.surv[4]",0.839292781832928,0.0132722876031379,0.817518248175182,0.832116788321168,0.839416058394161,0.846715328467153,0.868613138686131,1.0011992344952,3017,0,1
"psi.surv[5]",0.862376888888889,0.00985388694354039,0.848,0.856,0.864,0.872,0.88,1.00008398108121,4500,0,1
"psi.surv[6]",0.897267710663684,0.00681985833651017,0.885906040268456,0.89261744966443,0.899328859060403,0.899328859060403,0.912751677852349,0.999841326221855,4500,0,1
"psi.surv[7]",0.928031465093412,0.00773269570428048,0.920353982300885,0.920353982300885,0.929203539823009,0.929203539823009,0.946902654867257,1.00101551133691,1979,0,1
"psi.surv[8]",0.9334375,0.00569560660235528,0.921875,0.9296875,0.9296875,0.9375,0.9453125,1.00044572005415,4500,0,1
"psi.surv[9]",0.874032730404823,0.0064753795474875,0.868217054263566,0.868217054263566,0.875968992248062,0.875968992248062,0.891472868217054,0.999843928071391,4500,0,1
"n.occ[1]",149.316222222222,6.61108029767669,135,145,150,154,161,0.999960669320439,4500,0,1
"n.occ[2]",159.398888888889,4.18198473456921,151,157,160,162,167,1.00261033068089,1138,0,1
"n.occ[3]",157.886222222222,3.32535056578545,151,156,158,160,164,0.999718048141117,4500,0,1
"n.occ[4]",153.314,3.81732570658075,146,151,153,156,161,0.999848353461404,4500,0,1
"n.occ[5]",153.846,3.80440538499874,146,151,154,156,161,1.00249106706065,728,0,1
"n.occ[6]",161.315555555556,2.63172259070432,156,160,161,163,166,1.0043012942238,456,0,1
"n.occ[7]",163.706,3.17525572894686,157,162,164,166,170,1.00044226432683,4500,0,1
"n.occ[8]",170.741333333333,2.41848258478157,166,169,171,172,175,1.00225880975343,792,0,1
"n.occ[9]",161.63,2.82728544889929,156,160,162,164,167,1.00028041615674,3556,0,1
"psi.reg[1,1]",0.746831908831909,0.0689254414604215,0.58974358974359,0.717948717948718,0.743589743589744,0.794871794871795,0.846153846153846,0.999910079756392,4500,0,1
"psi.reg[2,1]",0.787333333333333,0.0678930686509158,0.633333333333333,0.75,0.8,0.833333333333333,0.9,1.00087846313788,4500,0,1
"psi.reg[3,1]",0.883521885521885,0.0721820892157337,0.727272727272727,0.848484848484849,0.909090909090909,0.939393939393939,0.96969696969697,1.00065784736689,4407,0,1
"psi.reg[4,1]",0.826293501048218,0.0613404466985512,0.679245283018868,0.792452830188679,0.830188679245283,0.867924528301887,0.924528301886792,1.00095895992475,4500,0,1
"psi.reg[1,2]",0.850666666666667,0.0549954782918767,0.743589743589744,0.82051282051282,0.846153846153846,0.897435897435897,0.948717948717949,1.00143560392024,1422,0,1
"psi.reg[2,2]",0.808933333333333,0.0426583607718994,0.716666666666667,0.783333333333333,0.816666666666667,0.833333333333333,0.883333333333333,1.00241184776537,889,0,1
"psi.reg[3,2]",0.952121212121212,0.0253971712815282,0.909090909090909,0.939393939393939,0.96969696969697,0.96969696969697,1,0.999978564715576,4500,0,1
"psi.reg[4,2]",0.872960167714885,0.028424244159724,0.811320754716981,0.849056603773585,0.867924528301887,0.886792452830189,0.924528301886792,1.0005238446833,2395,0,1
"psi.reg[1,3]",0.810301994301994,0.0393918743747147,0.717948717948718,0.794871794871795,0.82051282051282,0.846153846153846,0.871794871794872,1.00013172842515,4500,0,1
"psi.reg[2,3]",0.750148148148148,0.03970206867124,0.666666666666667,0.716666666666667,0.75,0.783333333333333,0.816666666666667,0.999970118660124,4500,0,1
"psi.reg[3,3]",0.959077441077441,0.0257489434016389,0.909090909090909,0.939393939393939,0.96969696969697,0.96969696969697,1,0.999982237626027,4500,0,1
"psi.reg[4,3]",0.936339622641509,0.0162120171314697,0.905660377358491,0.924528301886792,0.943396226415094,0.943396226415094,0.962264150943396,1.00209073216396,1020,0,1
"psi.reg[1,4]",0.793641025641026,0.0363858625780718,0.717948717948718,0.769230769230769,0.794871794871795,0.82051282051282,0.871794871794872,1.00012668172475,4500,0,1
"psi.reg[2,4]",0.744577777777778,0.0430291154782403,0.65,0.716666666666667,0.75,0.766666666666667,0.816666666666667,0.999723894755712,4500,0,1
"psi.reg[3,4]",0.869346801346801,0.0344931223220681,0.818181818181818,0.848484848484849,0.878787878787879,0.878787878787879,0.939393939393939,1.00005048579834,4500,0,1
"psi.reg[4,4]",0.924507337526206,0.0213693573646065,0.886792452830189,0.905660377358491,0.924528301886792,0.943396226415094,0.962264150943396,1.00047094409526,4500,0,1
"psi.reg[1,5]",0.811396011396011,0.0313166004173895,0.743589743589744,0.794871794871795,0.82051282051282,0.846153846153846,0.871794871794872,1.00139711525438,1227,0,1
"psi.reg[2,5]",0.742540740740741,0.0499157270043255,0.633333333333333,0.716666666666667,0.75,0.783333333333333,0.833333333333333,1.00122987580344,1361,0,1
"psi.reg[3,5]",0.846457912457912,0.0248063063380153,0.787878787878788,0.818181818181818,0.848484848484849,0.848484848484849,0.909090909090909,1.00110847825837,4500,0,1
"psi.reg[4,5]",0.938037735849057,0.0174110487094107,0.905660377358491,0.924528301886792,0.943396226415094,0.943396226415094,0.962264150943396,1.00108759434395,1797,0,1
"psi.reg[1,6]",0.862091168091168,0.0274295156689703,0.82051282051282,0.846153846153846,0.871794871794872,0.871794871794872,0.923076923076923,1.00077540813467,2463,0,1
"psi.reg[2,6]",0.776251851851852,0.0299617494705026,0.716666666666667,0.75,0.783333333333333,0.8,0.833333333333333,1.00313665608511,595,0,1
"psi.reg[3,6]",0.914006734006734,0.0306864738377906,0.848484848484849,0.909090909090909,0.909090909090909,0.939393939393939,0.96969696969697,1.00086366423335,3627,0,1
"psi.reg[4,6]",0.961446540880503,0.0150396950461708,0.943396226415094,0.943396226415094,0.962264150943396,0.962264150943396,0.99103773584905,1.00084625374848,1735,0,1
"psi.reg[1,7]",0.82982905982906,0.0333894896224333,0.769230769230769,0.794871794871795,0.82051282051282,0.846153846153846,0.897435897435897,0.999879695080214,4500,0,1
"psi.reg[2,7]",0.799822222222222,0.0400117663166428,0.716666666666667,0.766666666666667,0.8,0.833333333333333,0.875416666666661,1.00124041288491,4500,0,1
"psi.reg[3,7]",0.965164983164983,0.0179144118052845,0.939393939393939,0.96969696969697,0.96969696969697,0.96969696969697,1,1.00010839287406,4500,0,1
"psi.reg[4,7]",0.971752620545073,0.0164816489631873,0.943396226415094,0.962264150943396,0.981132075471698,0.981132075471698,1,1.00078159976604,2282,0,1
"psi.reg[1,8]",0.92748717948718,0.0330152031237844,0.871794871794872,0.897435897435897,0.923076923076923,0.948717948717949,0.974358974358974,1.00094507810772,1659,0,1
"psi.reg[2,8]",0.842125925925926,0.0241570018091044,0.8,0.833333333333333,0.85,0.866666666666667,0.883333333333333,1.00080686239446,1862,0,1
"psi.reg[3,8]",0.983851851851852,0.0210654655749406,0.939393939393939,0.96969696969697,1,1,1,1.0025391526448,1090,0,1
"psi.reg[4,8]",0.973106918238994,0.0131517174792785,0.943396226415094,0.962264150943396,0.981132075471698,0.981132075471698,0.981132075471698,1.00004624580132,4500,0,1
"psi.reg[1,9]",0.88177207977208,0.0302062799597434,0.82051282051282,0.871794871794872,0.871794871794872,0.897435897435897,0.923076923076923,1.00024444031085,4500,0,1
"psi.reg[2,9]",0.764085185185185,0.0317675541862735,0.7,0.75,0.766666666666667,0.783333333333333,0.816666666666667,1.00065660836659,3185,0,1
"psi.reg[3,9]",0.942841750841751,0.0254836013000823,0.878787878787879,0.939393939393939,0.939393939393939,0.96969696969697,1,1.00030220334978,4500,0,1
"psi.reg[4,9]",0.948716981132075,0.0193363084851647,0.905660377358491,0.943396226415094,0.943396226415094,0.962264150943396,0.981132075471698,1.00069714999416,2637,0,1
"n.occ.reg[1,1]",29.1264444444444,2.68809221695644,23,28,29,31,33,0.999910079756392,4500,0,1
"n.occ.reg[2,1]",47.24,4.07358411905495,38,45,48,50,54,1.00087846313788,4500,0,1
"n.occ.reg[3,1]",29.1562222222222,2.38200894411921,24,28,30,31,32,1.00065784736689,4407,0,1
"n.occ.reg[4,1]",43.7935555555556,3.25104367502321,36,42,44,46,49,1.00095895992475,4500,0,1
"n.occ.reg[1,2]",33.176,2.14482365338319,29,32,33,35,37,1.00143560392024,1422,0,1
"n.occ.reg[2,2]",48.536,2.55950164631396,43,47,49,50,53,1.00241184776537,889,0,1
"n.occ.reg[3,2]",31.42,0.838106652290429,30,31,32,32,33,0.999978564715576,4500,0,1
"n.occ.reg[4,2]",46.2668888888889,1.50648494046537,43,45,46,47,49,1.0005238446833,2395,0,1
"n.occ.reg[1,3]",31.6017777777778,1.53628310061387,28,31,32,33,34,1.00013172842515,4500,0,1
"n.occ.reg[2,3]",45.0088888888889,2.3821241202744,40,43,45,47,49,0.999970118660124,4500,0,1
"n.occ.reg[3,3]",31.6495555555556,0.849715132254084,30,31,32,32,33,0.999982237626027,4500,0,1
"n.occ.reg[4,3]",49.626,0.859236907967893,48,49,50,50,51,1.00209073216397,1020,0,1
"n.occ.reg[1,4]",30.952,1.4190486405448,28,30,31,32,34,1.00012668172475,4500,0,1
"n.occ.reg[2,4]",44.6746666666667,2.58174692869442,39,43,45,46,49,0.999723894755712,4500,0,1
"n.occ.reg[3,4]",28.6884444444444,1.13827303662825,27,28,29,29,31,1.00005048579834,4500,0,1
"n.occ.reg[4,4]",48.9988888888889,1.13257594032414,47,48,49,50,51,1.00047094409526,4500,0,1
"n.occ.reg[1,5]",31.6444444444444,1.22134741627819,29,31,32,33,34,1.00139711525438,1227,0,1
"n.occ.reg[2,5]",44.5524444444444,2.99494362025953,38,43,45,47,50,1.00122987580344,1361,0,1
"n.occ.reg[3,5]",27.9331111111111,0.818608109154506,26,27,28,28,30,1.00110847825837,4500,0,1
"n.occ.reg[4,5]",49.716,0.92278558159877,48,49,50,50,51,1.00108759434395,1797,0,1
"n.occ.reg[1,6]",33.6215555555556,1.06975111108984,32,33,34,34,36,1.00077540813467,2463,0,1
"n.occ.reg[2,6]",46.5751111111111,1.79770496823016,43,45,47,48,50,1.00313665608511,595,0,1
"n.occ.reg[3,6]",30.1622222222222,1.01265363664709,28,30,30,31,32,1.00086366423335,3627,0,1
"n.occ.reg[4,6]",50.9566666666667,0.797103837447052,50,50,51,51,52.5249999999996,1.00084625374847,1735,0,1
"n.occ.reg[1,7]",32.3633333333333,1.3021900952749,30,31,32,33,35,0.999879695080215,4500,0,1
"n.occ.reg[2,7]",47.9893333333333,2.40070597899857,43,46,48,50,52.5249999999996,1.00124041288491,4500,0,1
"n.occ.reg[3,7]",31.8504444444444,0.591175589574389,31,32,32,32,33,1.00010839287406,4500,0,1
"n.occ.reg[4,7]",51.5028888888889,0.873527395048928,50,51,52,52,53,1.00078159976604,2282,0,1
"n.occ.reg[1,8]",36.172,1.28759292182759,34,35,36,37,38,1.00094507810772,1659,0,1
"n.occ.reg[2,8]",50.5275555555556,1.44942010854626,48,50,51,52,53,1.00080686239446,1862,0,1
"n.occ.reg[3,8]",32.4671111111111,0.69516036397304,31,32,33,33,33,1.00253915264481,1090,0,1
"n.occ.reg[4,8]",51.5746666666667,0.69704102640176,50,51,52,52,52,1.00004624580133,4500,0,1
"n.occ.reg[1,9]",34.3891111111111,1.17804491842999,32,34,34,35,36,1.00024444031085,4500,0,1
"n.occ.reg[2,9]",45.8451111111111,1.90605325117641,42,45,46,47,49,1.00065660836659,3185,0,1
"n.occ.reg[3,9]",31.1137777777778,0.840958842902716,29,31,31,32,33,1.00030220334978,4500,0,1
"n.occ.reg[4,9]",50.282,1.02482434971373,48,50,50,51,52,1.00069714999416,2637,0,1
"psi.reg.init[1]",0.820948891802764,0.0885727699360317,0.611953278429685,0.769551510761816,0.836457293956028,0.887772960474881,0.948811498115601,1.00191559853982,1003,0,1
"psi.reg.init[2]",0.795909869632949,0.0848041367791862,0.60225436059249,0.744027151964986,0.806071534138241,0.858036336783935,0.93072252134859,1.00035181423266,4500,0,1
"psi.reg.init[3]",0.896782489712002,0.0670543988430737,0.733930979138274,0.860608171593881,0.911906170230415,0.946744878566776,0.982604545587534,1.0000318671258,4500,0,1
"psi.reg.init[4]",0.761482811391877,0.119418529880416,0.474109710425972,0.695699551407365,0.782524968532725,0.850000772579988,0.935722199982397,1.00049579326817,4500,0,1
"gamma.reg[1,1]",0.641387973328478,0.133414026557545,0.347952238466792,0.555422665280712,0.652515502882639,0.740717064004294,0.867072080626244,1.00026886120395,3790,0,1
"gamma.reg[2,1]",0.361363362192339,0.104784934598859,0.160513198142026,0.29077767835666,0.357495656624847,0.427487163995179,0.580865630627108,0.999906901416191,4500,0,1
"gamma.reg[3,1]",0.726071165663594,0.145549473188526,0.384900861078592,0.640272990799989,0.747966393323655,0.834893064363335,0.944356759020298,1.0018059653997,1377,0,1
"gamma.reg[4,1]",0.406746720825325,0.164225284170238,0.120562649083998,0.284464319333678,0.397167985384034,0.517394331185786,0.743155979018989,1.00047283207453,4331,0,1
"gamma.reg[1,2]",0.65343526550191,0.13099360075615,0.374790115913431,0.569130275943641,0.664067183750266,0.748888748663216,0.878225729869134,1.0003814031132,3254,0,1
"gamma.reg[2,2]",0.373908518685646,0.105501080137766,0.178056508885773,0.302776606580589,0.36812415101997,0.439951985490145,0.600778409267233,1.00044528389968,4500,0,1
"gamma.reg[3,2]",0.736448689724702,0.141957911887346,0.412647116029889,0.650423423298894,0.759626596894786,0.842681785216016,0.948252226376444,1.00319924083715,1245,0,1
"gamma.reg[4,2]",0.419661927817032,0.167286355016944,0.125294419564732,0.296631605231368,0.409425700721448,0.535540515075479,0.764545067693727,1.00096000617447,2952,0,1
"gamma.reg[1,3]",0.601079058674153,0.142839905208393,0.284020084299078,0.510602570413926,0.614386421509754,0.704724053260716,0.84109667027528,1.00024974033758,4500,0,1
"gamma.reg[2,3]",0.322136947434826,0.0995877329540884,0.130781339406799,0.254029317946736,0.322323344254355,0.389302660041109,0.52131538223793,1.00040786904218,3333,0,1
"gamma.reg[3,3]",0.691095718064682,0.160508741322136,0.323800994029563,0.594296919218219,0.715510324763358,0.811569891943992,0.936206409192785,1.00207448313592,1169,0,1
"gamma.reg[4,3]",0.368628778334694,0.165850310673756,0.094484704164798,0.24284996094105,0.351485810311308,0.483262870186023,0.724753694181691,1.0004741664665,4500,0,1
"gamma.reg[1,4]",0.702193703367677,0.123059946782754,0.442689663542268,0.621966570890336,0.710996016051388,0.792576551407282,0.915689955530441,1.00221342793178,1185,0,1
"gamma.reg[2,4]",0.430611437651143,0.119119802277825,0.23081696832156,0.347263158182765,0.417720455466373,0.504043439663371,0.696568581848893,0.999795306212665,4500,0,1
"gamma.reg[3,4]",0.777103322095451,0.124492368548856,0.490214265806955,0.699898472318827,0.794397748754798,0.872166927439799,0.963075789081787,1.00111671418568,2577,0,1
"gamma.reg[4,4]",0.472534326433674,0.175917531621241,0.164614804162986,0.342258131604807,0.45948020483043,0.596485913063375,0.828396898042783,1.00129922019949,1787,0,1
"gamma.reg[1,5]",0.673252871858247,0.123515375526973,0.409866448092175,0.593387105913838,0.682198497210222,0.763391882678244,0.886549245481343,1.00243592009454,760,0,1
"gamma.reg[2,5]",0.394134716840369,0.103982149214424,0.205781595195272,0.321718299314958,0.386843204651272,0.457675841785621,0.625015718784153,1.00061726357914,2290,0,1
"gamma.reg[3,5]",0.75508740375293,0.127419966563504,0.461981372149684,0.679317574563786,0.772712210667625,0.85044359251475,0.948855570004898,1.0016531710118,1794,0,1
"gamma.reg[4,5]",0.439128456112726,0.169993599934253,0.140106735131253,0.312464930109776,0.428653248291455,0.558029613047909,0.791299420620002,1.00184258968436,1137,0,1
"gamma.reg[1,6]",0.645712271321354,0.134661934220785,0.358582975092168,0.556968481438625,0.655344755693702,0.744151355648328,0.88242408718107,1.00088068596088,1966,0,1
"gamma.reg[2,6]",0.366798136326172,0.10780462102545,0.168784973843883,0.293206534765338,0.362981376270083,0.433152072874357,0.600764604727738,1.00017675860653,4500,0,1
"gamma.reg[3,6]",0.731391188347973,0.138828031179242,0.414838466790936,0.644216429229934,0.750306831715025,0.836272851798488,0.944885330751568,1.00132460774631,1466,0,1
"gamma.reg[4,6]",0.412078842943052,0.169438967834583,0.124574297512758,0.285511368949527,0.395292881712162,0.529389260917573,0.761704517106448,1.0011234923246,2301,0,1
"gamma.reg[1,7]",0.643581061315921,0.138548437456589,0.333680923609511,0.555355578447949,0.657390577070291,0.741412545121551,0.88259145954155,1.00002396060381,4500,0,1
"gamma.reg[2,7]",0.365208974247904,0.106681612117533,0.156052663585655,0.294208455714093,0.36149475018292,0.430967042795266,0.591036801904246,1.00037993689003,4500,0,1
"gamma.reg[3,7]",0.727121458422731,0.15149995280261,0.379244158036962,0.638699717193829,0.752576887035209,0.841325576981285,0.948968128465249,1.00307698877735,1098,0,1
"gamma.reg[4,7]",0.410534202251152,0.173147633973248,0.121411837828749,0.280102464610109,0.395915541353029,0.527213893106076,0.778238462594079,1.00056916859866,4500,0,1
"gamma.reg[1,8]",0.651363081141191,0.136651935847116,0.362230755250589,0.563880724476811,0.660533414940213,0.750419338564598,0.89180844987435,1.00067875782031,3063,0,1
"gamma.reg[2,8]",0.373406657206773,0.108988503435494,0.173807923009688,0.298211016835704,0.367721587271977,0.440612664910194,0.605441218078602,0.999745142419109,4500,0,1
"gamma.reg[3,8]",0.73405501482026,0.146560682608914,0.404051629282765,0.6464272974763,0.75509787984043,0.846121116857342,0.950404210816304,1.00284227884867,1394,0,1
"gamma.reg[4,8]",0.418389662578066,0.174562273663475,0.124911914118604,0.285434003727105,0.405308763729894,0.536667517810925,0.790764770626303,1.00033283410589,3391,0,1
"phi.reg[1,1]",0.948701814367299,0.0309614795487888,0.873422460463528,0.932012716105758,0.95380156690633,0.971672401666539,0.992085169939413,1.00208427492673,863,0,1
"phi.reg[2,1]",0.929253932118639,0.037912555896948,0.841712319836838,0.907500274116003,0.933130317834589,0.957333947173601,0.986994095708287,1.0020364103048,953,0,1
"phi.reg[3,1]",0.972243321467939,0.0174508334347539,0.929040759315868,0.963107005619533,0.975567667364067,0.985282982296489,0.995818051050426,1.00189677457328,1048,0,1
"phi.reg[4,1]",0.9818525018879,0.0151383490945759,0.942656793582115,0.975992492986047,0.98569856322962,0.992590740618106,0.998482427715398,1.00227657897899,863,0,1
"phi.reg[1,2]",0.921047498369947,0.0331951525853236,0.842589250185885,0.902492110123619,0.925899692362232,0.944773376878658,0.971240987609042,1.00097773117832,1984,0,1
"phi.reg[2,2]",0.890791224024007,0.0401285252536753,0.800562244514425,0.868662621551802,0.896475047815879,0.918868295266347,0.95425814421744,1.00027843208371,4500,0,1
"phi.reg[3,2]",0.956542010962306,0.0201677620170467,0.907753067504684,0.946232348998859,0.960231957729012,0.970877471051118,0.985361311780337,1.00078653251752,4500,0,1
"phi.reg[4,2]",0.972668692740546,0.0168780910422648,0.929962966611006,0.964387251103485,0.976178372861961,0.984757242222329,0.994998623613143,1.00112769431663,1668,0,1
"phi.reg[1,3]",0.912199964362305,0.0381435204867472,0.820937813000411,0.891236448142604,0.917400351797848,0.940014263718801,0.970769648965906,0.999785892208887,4500,0,1
"phi.reg[2,3]",0.878766645232485,0.0469996422315794,0.768351926407033,0.852207856951373,0.884676298445281,0.912506399337149,0.952937267477695,1.00154073568574,2199,0,1
"phi.reg[3,3]",0.951160133195283,0.0236743179366105,0.894400929918995,0.937874054928047,0.955269114015584,0.967999463141252,0.985699281204415,1.00048154312851,4170,0,1
"phi.reg[4,3]",0.969039912607975,0.0201115247471142,0.918540133992966,0.95936592662482,0.973531405354524,0.983457069286804,0.994667477388057,1.00008076746447,4500,0,1
"phi.reg[1,4]",0.881974657923945,0.0466497998913627,0.771702531642517,0.856151113626059,0.888463194011935,0.915899917241572,0.952877122427184,1.00210645725394,992,0,1
"phi.reg[2,4]",0.838263465243281,0.0580224931152452,0.707259725102417,0.803070607202209,0.846371561305932,0.881642030790775,0.928914534072056,1.00222741601418,918,0,1
"phi.reg[3,4]",0.933515500587723,0.0296452152731685,0.859665872089149,0.917725923233004,0.938789827791228,0.954906468512813,0.976007518135628,1.00188767142504,1087,0,1
"phi.reg[4,4]",0.957963931987441,0.0248799873177551,0.897624769860563,0.945077612273782,0.962681801468979,0.976221173287075,0.99147976151967,1.00074560191721,3759,0,1
"phi.reg[1,5]",0.935617034996191,0.0291552148540851,0.867952538403585,0.919721738745611,0.939766023086811,0.956148279430077,0.98018901156502,1.00034232655836,3149,0,1
"phi.reg[2,5]",0.910312427392387,0.036286159941962,0.825590238271271,0.88943952948098,0.914912553850795,0.936097759838873,0.968779573484836,1.00162648789899,1041,0,1
"phi.reg[3,5]",0.964524910342704,0.0177867634501143,0.921154763976864,0.954445556963065,0.967218401763151,0.97766895687581,0.99034666970971,1.00069175522455,2240,0,1
"phi.reg[4,5]",0.97769558270396,0.0146162117242728,0.940186327141607,0.970962088667013,0.980623556839149,0.988349341275063,0.996445211080548,1.00029207616463,4500,0,1
"phi.reg[1,6]",0.945798576407665,0.0274934736069044,0.881149506049475,0.929303297478542,0.949424207628449,0.966376236511271,0.988161847711659,1.00186565313176,989,0,1
"phi.reg[2,6]",0.924716584345175,0.0345692951492336,0.847099745917545,0.903289496448235,0.928800283207599,0.950386889558781,0.980217678951269,1.0012474720721,1372,0,1
"phi.reg[3,6]",0.970564320066508,0.0161596366419931,0.931280637167783,0.962078845823665,0.973302816865837,0.982145167406269,0.993807017535178,1.00133904951877,1331,0,1
"phi.reg[4,6]",0.981444897699627,0.0130291417958964,0.948496059587788,0.975076611539821,0.98428404426161,0.990982325766218,0.997621741272106,1.00425332417939,787,0,1
"phi.reg[1,7]",0.974789750079834,0.0224755005501336,0.91853152897821,0.962961051355936,0.98126150633282,0.992330349948807,0.999654132120855,1.01094790947852,223,0,1
"phi.reg[2,7]",0.965356004492392,0.0288758858586501,0.895460843712477,0.949149821045658,0.972782843529371,0.988247173756914,0.999493674858445,1.01223814974048,197,0,1
"phi.reg[3,7]",0.986367551025765,0.0128181118477604,0.952810177148958,0.980573814808808,0.990384005142972,0.996020668229004,0.999843182298314,1.0085221850601,270,0,1
"phi.reg[4,7]",0.991012005371827,0.00989361093179947,0.963009935614658,0.987483710660683,0.994360121617069,0.998029948705308,0.999926617786562,1.01226508758515,258,0,1
"phi.reg[1,8]",0.91792430999338,0.0326477670374515,0.8414200077532,0.89950691276298,0.92215893939607,0.941087366592089,0.968265099782711,0.999902632704775,4500,0,1
"phi.reg[2,8]",0.886581328234313,0.0389546541476268,0.796707734619822,0.864486369673401,0.891277367025001,0.914311146457906,0.948638589814104,1.00018973491224,4500,0,1
"phi.reg[3,8]",0.954754213705136,0.0200382917293862,0.905572348211852,0.944156248842901,0.958099118922766,0.969224798865421,0.983490955535377,1.00007709404674,4500,0,1
"phi.reg[4,8]",0.971300843951498,0.0175532837730822,0.929346507319904,0.962367388488728,0.975044045009472,0.984091740184846,0.994701641095025,1.0011406286476,4500,0,1
"ext.reg[1,1]",0.0512981856327006,0.0309614795487888,0.00791483006058741,0.0283275983334606,0.0461984330936696,0.0679872838942416,0.126577539536471,1.00208427492673,863,0,1
"ext.reg[2,1]",0.0707460678813606,0.037912555896948,0.0130059042917126,0.0426660528263988,0.0668696821654108,0.0924997258839967,0.158287680163162,1.0020364103048,953,0,1
"ext.reg[3,1]",0.0277566785320611,0.0174508334347539,0.00418194894957371,0.0147170177035106,0.024432332635933,0.036892994380467,0.070959240684132,1.00189677457327,1048,0,1
"ext.reg[4,1]",0.0181474981121003,0.0151383490945759,0.00151757228460229,0.00740925938189449,0.0143014367703798,0.0240075070139531,0.0573432064178854,1.00227657897899,863,0,1
"ext.reg[1,2]",0.0789525016300528,0.0331951525853236,0.0287590123909582,0.0552266231213419,0.0741003076377681,0.097507889876381,0.157410749814114,1.00097773117832,1984,0,1
"ext.reg[2,2]",0.109208775975993,0.0401285252536753,0.0457418557825603,0.0811317047336528,0.103524952184121,0.131337378448198,0.199437755485574,1.00027843208371,4500,0,1
"ext.reg[3,2]",0.0434579890376936,0.0201677620170467,0.0146386882196631,0.0291225289488823,0.0397680422709877,0.0537676510011413,0.0922469324953162,1.00078653251752,4500,0,1
"ext.reg[4,2]",0.0273313072594542,0.0168780910422648,0.00500137638685728,0.0152427577776714,0.0238216271380386,0.0356127488965154,0.0700370333889936,1.00112769431663,1668,0,1
"ext.reg[1,3]",0.087800035637695,0.0381435204867472,0.0292303510340938,0.0599857362811989,0.0825996482021524,0.108763551857396,0.179062186999589,0.999785892208887,4500,0,1
"ext.reg[2,3]",0.121233354767515,0.0469996422315794,0.0470627325223048,0.0874936006628509,0.115323701554719,0.147792143048627,0.231648073592967,1.00154073568574,2199,0,1
"ext.reg[3,3]",0.0488398668047174,0.0236743179366105,0.014300718795585,0.0320005368587482,0.0447308859844158,0.0621259450719529,0.105599070081005,1.00048154312851,4170,0,1
"ext.reg[4,3]",0.0309600873920253,0.0201115247471142,0.00533252261194279,0.0165429307131962,0.0264685946454757,0.0406340733751796,0.0814598660070344,1.00008076746447,4500,0,1
"ext.reg[1,4]",0.118025342076055,0.0466497998913627,0.0471228775728161,0.0841000827584279,0.111536805988065,0.143848886373941,0.228297468357483,1.00210645725394,992,0,1
"ext.reg[2,4]",0.161736534756719,0.0580224931152452,0.0710854659279437,0.118357969209225,0.153628438694068,0.196929392797791,0.292740274897583,1.00222741601418,918,0,1
"ext.reg[3,4]",0.066484499412277,0.0296452152731685,0.0239924818643719,0.0450935314871868,0.0612101722087718,0.0822740767669966,0.140334127910851,1.00188767142504,1087,0,1
"ext.reg[4,4]",0.042036068012559,0.0248799873177551,0.00852023848033032,0.0237788267129247,0.037318198531021,0.0549223877262185,0.102375230139437,1.00074560191721,3759,0,1
"ext.reg[1,5]",0.0643829650038087,0.0291552148540851,0.0198109884349801,0.043851720569923,0.0602339769131885,0.0802782612543891,0.132047461596415,1.00034232655836,3149,0,1
"ext.reg[2,5]",0.0896875726076132,0.036286159941962,0.0312204265151641,0.0639022401611266,0.0850874461492046,0.11056047051902,0.174409761728729,1.00162648789899,1041,0,1
"ext.reg[3,5]",0.0354750896572964,0.0177867634501143,0.00965333029029039,0.0223310431241905,0.0327815982368487,0.0455544430369347,0.0788452360231364,1.00069175522455,2240,0,1
"ext.reg[4,5]",0.0223044172960399,0.0146162117242728,0.00355478891945197,0.0116506587249372,0.0193764431608509,0.0290379113329876,0.0598136728583931,1.00029207616463,4500,0,1
"ext.reg[1,6]",0.0542014235923353,0.0274934736069044,0.011838152288341,0.0336237634887293,0.0505757923715512,0.0706967025214582,0.118850493950525,1.00186565313176,989,0,1
"ext.reg[2,6]",0.0752834156548254,0.0345692951492336,0.0197823210487311,0.0496131104412193,0.0711997167924012,0.0967105035517646,0.152900254082455,1.0012474720721,1372,0,1
"ext.reg[3,6]",0.0294356799334922,0.0161596366419931,0.00619298246482217,0.0178548325937307,0.0266971831341627,0.037921154176335,0.0687193628322172,1.00133904951877,1331,0,1
"ext.reg[4,6]",0.0185551023003735,0.0130291417958964,0.00237825872789392,0.00901767423378186,0.0157159557383898,0.0249233884601789,0.0515039404122122,1.00425332417939,787,0,1
"ext.reg[1,7]",0.0252102499201656,0.0224755005501336,0.000345867879145004,0.00766965005119263,0.0187384936671802,0.0370389486440639,0.0814684710217903,1.01094790947853,223,0,1
"ext.reg[2,7]",0.034643995507608,0.0288758858586501,0.000506325141554701,0.0117528262430861,0.0272171564706287,0.0508501789543422,0.104539156287523,1.01223814974048,197,0,1
"ext.reg[3,7]",0.0136324489742354,0.0128181118477604,0.000156817701686474,0.00397933177099571,0.00961599485702785,0.019426185191192,0.0471898228510418,1.0085221850601,270,0,1
"ext.reg[4,7]",0.00898799462817274,0.00989361093179947,7.33822134383333e-05,0.00197005129469205,0.00563987838293095,0.012516289339317,0.0369900643853414,1.01226508758515,258,0,1
"ext.reg[1,8]",0.0820756900066197,0.0326477670374515,0.0317349002172888,0.0589126334079109,0.0778410606039298,0.10049308723702,0.1585799922468,0.999902632704776,4500,0,1
"ext.reg[2,8]",0.113418671765687,0.0389546541476268,0.0513614101858964,0.0856888535420935,0.108722632974999,0.135513630326599,0.203292265380178,1.00018973491224,4500,0,1
"ext.reg[3,8]",0.0452457862948639,0.0200382917293862,0.0165090444646234,0.0307752011345793,0.0419008810772338,0.0558437511570988,0.0944276517881476,1.00007709404674,4500,0,1
"ext.reg[4,8]",0.0286991560485018,0.0175532837730822,0.00529835890497462,0.0159082598151543,0.0249559549905284,0.0376326115112717,0.0706534926800956,1.0011406286476,4500,0,1
"mean.gamma.reg[1]",0.651500660813616,0.110860957799563,0.42005593962863,0.57778282199188,0.657569472458742,0.73333091431678,0.847491037150878,1.00099911712243,1882,0,1
"mean.gamma.reg[2]",0.373446093823147,0.0744306514743082,0.233980294188257,0.3208510996367,0.372397959894826,0.423663600046058,0.526015402066385,0.9998299326694,4500,0,1
"mean.gamma.reg[3]",0.73479674511154,0.12657841223468,0.45774605240777,0.653542086098127,0.750181602632738,0.829465167745968,0.938113180287139,1.00245029385492,1198,0,1
"mean.gamma.reg[4]",0.418462864661965,0.152546633354647,0.154579343220315,0.306512649500581,0.405827986136836,0.522585678770566,0.738403556721191,1.00090516723733,2378,0,1
"mean.phi.reg[1]",0.929756700812571,0.0205404812517395,0.883239867025546,0.917081575945197,0.9318388008193,0.944484326608745,0.96470748251039,1.00035034076869,3676,0,1
"mean.phi.reg[2]",0.903005201385335,0.0216241266986726,0.855846634106192,0.889369755795791,0.904528938952404,0.917951675809063,0.941810357103704,1.00014104298052,4338,0,1
"mean.phi.reg[3]",0.96120899516917,0.0130951205923989,0.931323884807607,0.953355889342107,0.96280728493633,0.970779990178865,0.982195046588429,0.99979429035524,4500,0,1
"mean.phi.reg[4]",0.975372296118847,0.0131116731131961,0.944510681062209,0.968024696098244,0.977620841960997,0.984909645199554,0.994689120859964,1.00143618948789,1745,0,1
"mean.ext.reg[1]",0.0702432991874291,0.0205404812517395,0.0352925174896103,0.0555156733912548,0.0681611991806996,0.0829184240548026,0.116760132974454,1.00035034076869,3676,0,1
"mean.ext.reg[2]",0.0969947986146652,0.0216241266986726,0.0581896428962963,0.0820483241909369,0.0954710610475963,0.110630244204209,0.144153365893808,1.00014104298053,4338,0,1
"mean.ext.reg[3]",0.0387910048308296,0.0130951205923989,0.0178049534115708,0.0292200098211347,0.0371927150636701,0.0466441106578932,0.0686761151923928,0.999794290355237,4500,0,1
"mean.ext.reg[4]",0.0246277038811534,0.0131116731131961,0.0053108791400362,0.015090354800446,0.0223791580390031,0.0319753039017557,0.0554893189377906,1.0014361894879,1745,0,1
"equilib.reg[1]",0.901828852335766,0.0272455717294709,0.840706913505866,0.885640811612279,0.905045409698887,0.921058906989787,0.946844370218581,0.999736957255311,4500,0,1
"equilib.reg[2]",0.791267754842756,0.0433870943714835,0.69443141777001,0.764503241843085,0.794751807215472,0.821471149869331,0.866549971772008,1.0005304093145,2890,0,1
"equilib.reg[3]",0.948925081540808,0.0180216691605843,0.905712762518264,0.939011121566363,0.951471801186168,0.961708532652574,0.976346714689441,1.0007043335745,2670,0,1
"equilib.reg[4]",0.941191677141884,0.0311130698937027,0.865211626516906,0.925242552198918,0.946905320037585,0.96298093522117,0.984865168137419,1.00064615538479,4500,0,1
"mean.p",0.76125718824244,0.0201248113045637,0.718413730031109,0.749658946133845,0.762244355444111,0.774167621130852,0.798359074634113,1.00099996959941,2044,0,1
"p.year[1]",0.765167256360907,0.0263814021554328,0.711286755567312,0.747654222278029,0.765767487477416,0.782954462222471,0.816114232375557,0.999765953217331,4500,0,1
"p.year[2]",0.713876045544967,0.0262425499866835,0.66078312931883,0.696786791080856,0.714990533136609,0.7322428571821,0.76276753352249,1.00020128896643,3786,0,1
"p.year[3]",0.69599311173253,0.0240391295627884,0.647947537154668,0.680190762431236,0.696233686498681,0.712598316373563,0.742024360911479,1.00050016986991,2582,0,1
"p.year[4]",0.734862775300709,0.0215475140978554,0.691457415767122,0.720639278522201,0.735376778421671,0.749774150270496,0.775623063106921,1.00143954117943,1135,0,1
"p.year[5]",0.77522816331931,0.0212145510502096,0.732771317420984,0.761424186710281,0.775744920425087,0.789693333269823,0.815943793506173,1.00019748444537,3997,0,1
"p.year[6]",0.791505532800112,0.0169878868616582,0.758134584090633,0.7800563656426,0.791647307951883,0.803047317570698,0.824146615447135,1.00014822605475,4500,0,1
"p.year[7]",0.764343859385079,0.0202993516899174,0.722609788043363,0.751434600744167,0.765126563028217,0.777969952146265,0.802158557528534,1.00053897710613,4478,0,1
"p.year[8]",0.786532021362994,0.0180935844480161,0.749551672659912,0.774688407746566,0.786711357273324,0.798686125412452,0.821745175202033,1.00043770254601,4500,0,1
"p.year[9]",0.815241623346762,0.0185472772090404,0.777669747453909,0.802918810577397,0.815697157933522,0.828119506608223,0.850300312447487,1.00010410809751,4500,0,1
"z[1,1]",0.872444444444444,0.333631340448453,0,1,1,1,1,0.999818030464498,4500,1,1
"z[2,1]",1,0,1,1,1,1,1,NA,1,0,1
"z[3,1]",0.875777777777778,0.329871555144548,0,1,1,1,1,1.00055879734838,4500,1,1
"z[4,1]",1,0,1,1,1,1,1,NA,1,0,1
"z[5,1]",0.805111111111111,0.396159167375477,0,1,1,1,1,0.999862883844589,4500,1,1
"z[6,1]",0.700888888888889,0.457919482174323,0,0,1,1,1,1.00052450366862,2785,1,1
"z[7,1]",0.925777777777778,0.262161318587002,0,1,1,1,1,1.00045607648736,4500,1,1
"z[8,1]",0.881777777777778,0.322906951398641,0,1,1,1,1,1.00025578166604,4500,1,1
"z[9,1]",0.931777777777778,0.252154872981642,0,1,1,1,1,1.00154294123704,4194,1,1
"z[10,1]",0.934222222222222,0.247920794922865,0,1,1,1,1,1.00078799874339,4500,1,1
"z[11,1]",0.903555555555556,0.295232591318208,0,1,1,1,1,1.00007004330602,4500,1,1
"z[12,1]",0.944444444444444,0.229086879157383,0,1,1,1,1,1.00034728849584,4500,1,1
"z[13,1]",0.935111111111111,0.246357074296865,0,1,1,1,1,0.999713545629198,4500,1,1
"z[14,1]",0.950222222222222,0.217509687264132,0,1,1,1,1,1.00020639667587,4500,1,1
"z[15,1]",1,0,1,1,1,1,1,NA,1,0,1
"z[16,1]",1,0,1,1,1,1,1,NA,1,0,1
"z[17,1]",0.901333333333333,0.298247082996824,0,1,1,1,1,1.0015509566676,2988,1,1
"z[18,1]",1,0,1,1,1,1,1,NA,1,0,1
"z[19,1]",1,0,1,1,1,1,1,NA,1,0,1
"z[20,1]",0.0337777777777778,0.180676765936377,0,0,0,0,1,1.00589806723067,2440,1,1
"z[21,1]",1,0,1,1,1,1,1,NA,1,0,1
"z[22,1]",1,0,1,1,1,1,1,NA,1,0,1
"z[23,1]",0.767111111111111,0.422719012480962,0,1,1,1,1,1.00033226349974,4213,1,1
"z[24,1]",1,0,1,1,1,1,1,NA,1,0,1
"z[25,1]",0.886444444444444,0.317305949160352,0,1,1,1,1,1.0004302433965,4500,1,1
"z[26,1]",0.941777777777778,0.234189202882591,0,1,1,1,1,1.00100122388147,4500,1,1
"z[27,1]",0.929777777777778,0.255549553077657,0,1,1,1,1,1.00130499911892,4500,1,1
"z[28,1]",0.885777777777778,0.318116322460963,0,1,1,1,1,1.00101536782494,3666,1,1
"z[29,1]",0.831333333333333,0.374498850135827,0,1,1,1,1,1.00139308627425,2072,1,1
"z[30,1]",0.934666666666667,0.247140571093493,0,1,1,1,1,1.00008370443307,4500,1,1
"z[31,1]",0.936666666666667,0.243588603732636,0,1,1,1,1,1.0018271938939,3889,1,1
"z[32,1]",0.944888888888889,0.228222372014437,0,1,1,1,1,1.00297022980227,2898,1,1
"z[33,1]",0.873333333333333,0.332636153179885,0,1,1,1,1,1.00012716351665,4500,1,1
"z[34,1]",0.861555555555556,0.345404244715402,0,1,1,1,1,0.999689171646595,4500,1,1
"z[35,1]",0.869333333333333,0.337072896216618,0,1,1,1,1,0.999821400122424,4500,1,1
"z[36,1]",0.844888888888889,0.362050802214222,0,1,1,1,1,0.999728448735641,4500,1,1
"z[37,1]",0.801555555555556,0.398872915075436,0,1,1,1,1,1.00069976914253,3048,1,1
"z[38,1]",0.537777777777778,0.49862620287434,0,0,1,1,1,1.00046567618497,2523,1,1
"z[39,1]",0.796444444444444,0.402686883553545,0,1,1,1,1,1.00018575883006,4500,1,1
"z[40,1]",0.823333333333333,0.381428743275769,0,1,1,1,1,0.999733156437412,4500,1,1
"z[41,1]",0.879555555555556,0.325516707964524,0,1,1,1,1,1.000228535422,4500,1,1
"z[42,1]",0.886,0.317846582996096,0,1,1,1,1,1.00204028512879,2086,1,1
"z[43,1]",0.817555555555556,0.386253314328518,0,1,1,1,1,1.00116255807336,2237,1,1
"z[44,1]",0.899555555555556,0.300625084542401,0,1,1,1,1,1.00041256456351,4500,1,1
"z[45,1]",0.944444444444444,0.229086879157383,0,1,1,1,1,1.00187228288987,4303,1,1
"z[46,1]",0.943333333333333,0.231230268797726,0,1,1,1,1,1.00000356535553,4500,1,1
"z[47,1]",0.289777777777778,0.453709557154509,0,0,0,1,1,1.00065687365358,2454,1,1
"z[48,1]",0.890666666666667,0.312091653631951,0,1,1,1,1,1.00183402292618,2374,1,1
"z[49,1]",0.797777777777778,0.401701697512958,0,1,1,1,1,0.999713070495442,4500,1,1
"z[50,1]",0.791777777777778,0.406081732372833,0,1,1,1,1,1.00181657896411,1416,1,1
"z[51,1]",0.797111111111111,0.402195144834769,0,1,1,1,1,1.00088405680033,2538,1,1
"z[52,1]",0.781111111111111,0.413539050686171,0,1,1,1,1,1.00039971102776,3990,1,1
"z[53,1]",0.804666666666667,0.396501145622131,0,1,1,1,1,0.999813344950323,4500,1,1
"z[54,1]",1,0,1,1,1,1,1,NA,1,0,1
"z[55,1]",1,0,1,1,1,1,1,NA,1,0,1
"z[56,1]",1,0,1,1,1,1,1,NA,1,0,1
"z[57,1]",1,0,1,1,1,1,1,NA,1,0,1
"z[58,1]",1,0,1,1,1,1,1,NA,1,0,1
"z[59,1]",1,0,1,1,1,1,1,NA,1,0,1
"z[60,1]",1,0,1,1,1,1,1,NA,1,0,1
"z[61,1]",0.907555555555556,0.289684513538625,0,1,1,1,1,0.999985594617231,4500,1,1
"z[62,1]",0.856,0.351128748592969,0,1,1,1,1,0.999744588040906,4500,1,1
"z[63,1]",0.919333333333333,0.272352784307054,0,1,1,1,1,0.999760810117239,4500,1,1
"z[64,1]",0.858222222222222,0.348860838750797,0,1,1,1,1,0.999748327875442,4500,1,1
"z[65,1]",0.864444444444444,0.342354045917987,0,1,1,1,1,1.00001838608982,4500,1,1
"z[66,1]",0.812444444444444,0.390400228668437,0,1,1,1,1,1.00091258328257,2643,1,1
"z[67,1]",0.756222222222222,0.429407904736647,0,1,1,1,1,0.999767504767429,4500,1,1
"z[68,1]",0.742666666666667,0.437213183538105,0,0,1,1,1,1.00001289635748,4500,1,1
"z[69,1]",1,0,1,1,1,1,1,NA,1,0,1
"z[70,1]",1,0,1,1,1,1,1,NA,1,0,1
"z[71,1]",0.932,0.251773880070849,0,1,1,1,1,1.00115799110233,4500,1,1
"z[72,1]",0.93,0.255175370837775,0,1,1,1,1,1.00224016539093,2970,1,1
"z[73,1]",0.617555555555556,0.486038257364521,0,0,1,1,1,1.00004189137582,4500,1,1
"z[74,1]",0.949777777777778,0.218427454690079,0,1,1,1,1,0.999677460779693,4500,1,1
"z[75,1]",0.515555555555556,0.499813504030347,0,0,1,1,1,0.999940222385063,4500,1,1
"z[76,1]",0.376666666666667,0.484604040216981,0,0,0,1,1,1.00068319629991,2097,1,1
"z[77,1]",0.00977777777777778,0.0984089676386699,0,0,0,0,0,1.00772987302926,4500,1,1
"z[78,1]",0.783555555555556,0.411866414442152,0,1,1,1,1,1.00041345801342,3958,1,1
"z[79,1]",0.829555555555556,0.376064573555185,0,1,1,1,1,0.999741914871528,4500,1,1
"z[80,1]",0.826444444444444,0.378768934845247,0,1,1,1,1,1.00008467954404,4500,1,1
"z[81,1]",0.769333333333333,0.4213063016117,0,1,1,1,1,0.999668962476156,4500,1,1
"z[82,1]",0.925333333333333,0.262881936707821,0,1,1,1,1,0.999806204478567,4500,1,1
"z[83,1]",0.780888888888889,0.413690056794411,0,1,1,1,1,1.00002614293378,4500,1,1
"z[84,1]",0.894888888888889,0.306730619461065,0,1,1,1,1,1.00282696356313,1684,1,1
"z[85,1]",0.820888888888889,0.383487941993863,0,1,1,1,1,0.999739742828227,4500,1,1
"z[86,1]",0.00111111111111111,0.033318511930496,0,0,0,0,0,1.01912206739455,4500,1,1
"z[87,1]",0.00555555555555556,0.0743365276300976,0,0,0,0,0,1.02835299721172,3025,1,1
"z[88,1]",0.0117777777777778,0.107896472423584,0,0,0,0,0,1.00202837040961,4500,1,1
"z[89,1]",0.00355555555555556,0.0595289935189017,0,0,0,0,0,1.02429824061568,4500,1,1
"z[90,1]",0.867333333333333,0.339251821185049,0,1,1,1,1,1.00083173257065,3735,1,1
"z[91,1]",0.903777777777778,0.294928526412557,0,1,1,1,1,0.999836422053807,4500,1,1
"z[92,1]",0.890666666666667,0.312091653631951,0,1,1,1,1,1.00136480043668,3030,1,1
"z[93,1]",0.896888888888889,0.304137740801698,0,1,1,1,1,1.00085742310858,4500,1,1
"z[94,1]",0.867111111111111,0.339492333243092,0,1,1,1,1,0.999914144709349,4500,1,1
"z[95,1]",0.806666666666667,0.394955972291722,0,1,1,1,1,1.00107653631568,2275,1,1
"z[96,1]",0.861555555555556,0.345404244715402,0,1,1,1,1,1.00058809017393,4500,1,1
"z[97,1]",0.905777777777778,0.292170095489473,0,1,1,1,1,0.999974596656549,4500,1,1
"z[98,1]",0.865111111111111,0.341642816812701,0,1,1,1,1,1.00174989023709,2061,1,1
"z[99,1]",0.774444444444444,0.417994106865551,0,1,1,1,1,1.00228595642899,1092,1,1
"z[100,1]",0.675111111111111,0.468385365862911,0,0,1,1,1,0.999855024911979,4500,1,1
"z[101,1]",0.831777777777778,0.374105075074719,0,1,1,1,1,1.00063599002582,3686,1,1
"z[102,1]",0.000888888888888889,0.0298042977535084,0,0,0,0,0,1.02957562893154,4500,1,1
"z[103,1]",0.0144444444444444,0.119327141438796,0,0,0,0,0,1.00197289915476,4500,1,1
"z[104,1]",0.00311111111111111,0.0556966916350484,0,0,0,0,0,1.01716357534615,4500,1,1
"z[105,1]",0.292888888888889,0.455138463782826,0,0,0,1,1,1.0012842750343,1497,1,1
"z[106,1]",0.917777777777778,0.274733509778789,0,1,1,1,1,1.00015225396607,4500,1,1
"z[107,1]",0.946,0.226042815685939,0,1,1,1,1,1.00088597601554,4500,1,1
"z[108,1]",0.948888888888889,0.220248825947067,0,1,1,1,1,0.999803061772573,4500,1,1
"z[109,1]",0.632444444444444,0.482193050608748,0,0,1,1,1,0.999805541891147,4500,1,1
"z[110,1]",1,0,1,1,1,1,1,NA,1,0,1
"z[111,1]",1,0,1,1,1,1,1,NA,1,0,1
"z[112,1]",1,0,1,1,1,1,1,NA,1,0,1
"z[113,1]",1,0,1,1,1,1,1,NA,1,0,1
"z[114,1]",0.720888888888889,0.448612105960907,0,0,1,1,1,1.00024623011188,4294,1,1
"z[115,1]",0.121777777777778,0.327065317805307,0,0,0,0,1,1.00131720121123,2839,1,1
"z[116,1]",0.736444444444444,0.440609993399906,0,0,1,1,1,0.999879804173774,4500,1,1
"z[117,1]",0.720888888888889,0.448612105960907,0,0,1,1,1,0.999722091389945,4500,1,1
"z[118,1]",1,0,1,1,1,1,1,NA,1,0,1
"z[119,1]",1,0,1,1,1,1,1,NA,1,0,1
"z[120,1]",1,0,1,1,1,1,1,NA,1,0,1
"z[121,1]",1,0,1,1,1,1,1,NA,1,0,1
"z[122,1]",0.525777777777778,0.499390554955439,0,0,1,1,1,0.999852871996667,4500,1,1
"z[123,1]",0.892,0.310414904214329,0,1,1,1,1,1.00020159135943,4500,1,1
"z[124,1]",0.824888888888889,0.380104349345409,0,1,1,1,1,0.999983277864728,4500,1,1
"z[125,1]",0.941555555555556,0.234608019202615,0,1,1,1,1,1.00016349722365,4500,1,1
"z[126,1]",0.940888888888889,0.23585874953463,0,1,1,1,1,1.00735169579326,1166,1,1
"z[127,1]",0.798444444444444,0.401206535283835,0,1,1,1,1,1.000942293912,2435,1,1
"z[128,1]",0.782666666666667,0.412477107072181,0,1,1,1,1,0.999991184153877,4500,1,1
"z[129,1]",0.813333333333333,0.38968701286146,0,1,1,1,1,0.999708391082142,4500,1,1
"z[130,1]",0.812222222222222,0.390578012967673,0,1,1,1,1,1.00240381595178,1202,1,1
"z[131,1]",0.751333333333333,0.432288194272424,0,1,1,1,1,0.99982769219793,4500,1,1
"z[132,1]",0.819111111111111,0.384968871895082,0,1,1,1,1,1.00078072365469,3038,1,1
"z[133,1]",0.784666666666667,0.411099069553526,0,1,1,1,1,0.999669204849306,4500,1,1
"z[134,1]",1,0,1,1,1,1,1,NA,1,0,1
"z[135,1]",0.00333333333333333,0.0576451269226114,0,0,0,0,0,1.00631011246591,4500,1,1
"z[136,1]",1,0,1,1,1,1,1,NA,1,0,1
"z[137,1]",0.00577777777777778,0.0758002102747823,0,0,0,0,0,1.02000319097684,4155,1,1
"z[138,1]",1,0,1,1,1,1,1,NA,1,0,1
"z[139,1]",1,0,1,1,1,1,1,NA,1,0,1
"z[140,1]",0.230444444444444,0.421164124865351,0,0,0,0,1,0.999669751009813,4500,1,1
"z[141,1]",0.953777777777778,0.209989350685102,0,1,1,1,1,1.00740093487894,1457,1,1
"z[142,1]",0.586,0.492603211503039,0,0,1,1,1,0.999686742034542,4500,1,1
"z[143,1]",0.644888888888889,0.478600158461255,0,0,1,1,1,0.999686855224419,4500,1,1
"z[144,1]",0.547333333333333,0.497809828621661,0,0,1,1,1,0.999816262546772,4500,1,1
"z[145,1]",0.796444444444444,0.402686883553545,0,1,1,1,1,1.00054471094035,3505,1,1
"z[146,1]",0.699777777777778,0.458405427860552,0,0,1,1,1,0.999717477534315,4500,1,1
"z[147,1]",0.762222222222222,0.42576964496162,0,1,1,1,1,1.0004443128137,3544,1,1
"z[148,1]",0.829777777777778,0.375869674751524,0,1,1,1,1,1.00440224009498,744,1,1
"z[149,1]",0.921333333333333,0.269247715076274,0,1,1,1,1,1.00035696487008,4500,1,1
"z[150,1]",0.880666666666667,0.32421635994367,0,1,1,1,1,1.00225855171485,1829,1,1
"z[151,1]",0.941333333333333,0.235025879030759,0,1,1,1,1,1.00288767183704,2804,1,1
"z[152,1]",0.927111111111111,0.259982920619994,0,1,1,1,1,0.999866608955524,4500,1,1
"z[153,1]",0.728888888888889,0.44458272527145,0,0,1,1,1,1.00065711504591,2564,1,1
"z[154,1]",0.787777777777778,0.408926779343372,0,1,1,1,1,0.999842171094446,4500,1,1
"z[155,1]",0.0411111111111111,0.198569256988457,0,0,0,0,1,1.00124993724147,4500,1,1
"z[156,1]",1,0,1,1,1,1,1,NA,1,0,1
"z[157,1]",1,0,1,1,1,1,1,NA,1,0,1
"z[158,1]",1,0,1,1,1,1,1,NA,1,0,1
"z[159,1]",1,0,1,1,1,1,1,NA,1,0,1
"z[160,1]",0.946,0.226042815685939,0,1,1,1,1,1.00105305757975,4500,1,1
"z[161,1]",1,0,1,1,1,1,1,NA,1,0,1
"z[162,1]",1,0,1,1,1,1,1,NA,1,0,1
"z[163,1]",1,0,1,1,1,1,1,NA,1,0,1
"z[164,1]",1,0,1,1,1,1,1,NA,1,0,1
"z[165,1]",1,0,1,1,1,1,1,NA,1,0,1
"z[166,1]",1,0,1,1,1,1,1,NA,1,0,1
"z[167,1]",1,0,1,1,1,1,1,NA,1,0,1
"z[168,1]",1,0,1,1,1,1,1,NA,1,0,1
"z[169,1]",1,0,1,1,1,1,1,NA,1,0,1
"z[170,1]",1,0,1,1,1,1,1,NA,1,0,1
"z[171,1]",0.732888888888889,0.442500031568708,0,0,1,1,1,1.00035811258161,3689,1,1
"z[172,1]",0.838444444444444,0.368083503985174,0,1,1,1,1,1.00086594040398,3086,1,1
"z[173,1]",0.798444444444444,0.401206535283835,0,1,1,1,1,1.00050766990646,3692,1,1
"z[174,1]",0.919777777777778,0.271667108709551,0,1,1,1,1,1.00037692407718,4500,1,1
"z[175,1]",1,0,1,1,1,1,1,NA,1,0,1
"z[176,1]",1,0,1,1,1,1,1,NA,1,0,1
"z[177,1]",1,0,1,1,1,1,1,NA,1,0,1
"z[178,1]",1,0,1,1,1,1,1,NA,1,0,1
"z[179,1]",1,0,1,1,1,1,1,NA,1,0,1
"z[180,1]",0.793333333333333,0.404959255014411,0,1,1,1,1,0.999884031215699,4500,1,1
"z[181,1]",0.838,0.368491756631665,0,1,1,1,1,1.00096861729446,2829,1,1
"z[182,1]",0.58,0.493613356145918,0,0,1,1,1,1.00001273835906,4500,1,1
"z[183,1]",0.770666666666667,0.420450757809003,0,1,1,1,1,1.00007142008127,4500,1,1
"z[184,1]",0.860888888888889,0.346100894176313,0,1,1,1,1,1.00196580340835,1820,1,1
"z[185,1]",0.772888888888889,0.419011539250935,0,1,1,1,1,0.999681830450487,4500,1,1
"z[1,2]",1,0,1,1,1,1,1,NA,1,0,1
"z[2,2]",1,0,1,1,1,1,1,NA,1,0,1
"z[3,2]",1,0,1,1,1,1,1,NA,1,0,1
"z[4,2]",1,0,1,1,1,1,1,NA,1,0,1
"z[5,2]",0.876444444444444,0.329110391733384,0,1,1,1,1,1.00149204667547,2527,1,1
"z[6,2]",0.800444444444444,0.399710695309344,0,1,1,1,1,0.999754577275793,4500,1,1
"z[7,2]",1,0,1,1,1,1,1,NA,1,0,1
"z[8,2]",1,0,1,1,1,1,1,NA,1,0,1
"z[9,2]",1,0,1,1,1,1,1,NA,1,0,1
"z[10,2]",1,0,1,1,1,1,1,NA,1,0,1
"z[11,2]",1,0,1,1,1,1,1,NA,1,0,1
"z[12,2]",1,0,1,1,1,1,1,NA,1,0,1
"z[13,2]",1,0,1,1,1,1,1,NA,1,0,1
"z[14,2]",1,0,1,1,1,1,1,NA,1,0,1
"z[15,2]",1,0,1,1,1,1,1,NA,1,0,1
"z[16,2]",0.961111111111111,0.193351625166517,0,1,1,1,1,1.00126944930245,4500,1,1
"z[17,2]",0.959111111111111,0.198054801702807,0,1,1,1,1,1.00452243368421,2613,1,1
"z[18,2]",0.896,0.305294467945715,0,1,1,1,1,1.00044193523587,4500,1,1
"z[19,2]",1,0,1,1,1,1,1,NA,1,0,1
"z[20,2]",0.0784444444444444,0.268899575675426,0,0,0,0,1,1.00187758629826,3122,1,1
"z[21,2]",0.915111111111111,0.278747254884959,0,1,1,1,1,0.999842339655666,4500,1,1
"z[22,2]",0.937555555555556,0.241987910285634,0,1,1,1,1,1.00251743047959,2987,1,1
"z[23,2]",0.886,0.317846582996096,0,1,1,1,1,1.00791125299914,595,1,1
"z[24,2]",0.793555555555556,0.404798158938663,0,1,1,1,1,1.00052249568601,3564,1,1
"z[25,2]",1,0,1,1,1,1,1,NA,1,0,1
"z[26,2]",1,0,1,1,1,1,1,NA,1,0,1
"z[27,2]",1,0,1,1,1,1,1,NA,1,0,1
"z[28,2]",0.934666666666667,0.247140571093493,0,1,1,1,1,1.00111353171786,4500,1,1
"z[29,2]",0.914222222222222,0.280066744092239,0,1,1,1,1,0.999863326831537,4500,1,1
"z[30,2]",1,0,1,1,1,1,1,NA,1,0,1
"z[31,2]",1,0,1,1,1,1,1,NA,1,0,1
"z[32,2]",1,0,1,1,1,1,1,NA,1,0,1
"z[33,2]",0.953333333333333,0.210947333488984,0,1,1,1,1,1.00015298927903,4500,1,1
"z[34,2]",0.951555555555556,0.214727330422946,0,1,1,1,1,1.00217618229275,4303,1,1
"z[35,2]",0.952444444444444,0.212847579895609,0,1,1,1,1,1.00057974069813,4500,1,1
"z[36,2]",0.938888888888889,0.239560631963708,0,1,1,1,1,1.0004148820414,4500,1,1
"z[37,2]",1,0,1,1,1,1,1,NA,1,0,1
"z[38,2]",0.551333333333333,0.497413179441863,0,0,1,1,1,0.999943995323494,4500,1,1
"z[39,2]",1,0,1,1,1,1,1,NA,1,0,1
"z[40,2]",0.918888888888889,0.273036014356096,0,1,1,1,1,1.00110675582785,4500,1,1
"z[41,2]",1,0,1,1,1,1,1,NA,1,0,1
"z[42,2]",1,0,1,1,1,1,1,NA,1,0,1
"z[43,2]",1,0,1,1,1,1,1,NA,1,0,1
"z[44,2]",1,0,1,1,1,1,1,NA,1,0,1
"z[45,2]",1,0,1,1,1,1,1,NA,1,0,1
"z[46,2]",1,0,1,1,1,1,1,NA,1,0,1
"z[47,2]",0.0117777777777778,0.107896472423584,0,0,0,0,0,0.999848744817661,4500,1,1
"z[48,2]",1,0,1,1,1,1,1,NA,1,0,1
"z[49,2]",0.839777777777778,0.366852788745443,0,1,1,1,1,1.00044677255031,4500,1,1
"z[50,2]",0.863333333333333,0.343533280003382,0,1,1,1,1,1.00104265370324,3076,1,1
"z[51,2]",0.867777777777778,0.338769847401279,0,1,1,1,1,1.00035033781329,4500,1,1
"z[52,2]",0.813333333333333,0.38968701286146,0,1,1,1,1,1.00053978969673,3783,1,1
"z[53,2]",0.824666666666667,0.380294220511246,0,1,1,1,1,0.999723282218998,4500,1,1
"z[54,2]",1,0,1,1,1,1,1,NA,1,0,1
"z[55,2]",1,0,1,1,1,1,1,NA,1,0,1
"z[56,2]",1,0,1,1,1,1,1,NA,1,0,1
"z[57,2]",0.982,0.132965893646013,1,1,1,1,1,1.00250219334756,4500,0,1
"z[58,2]",0.948,0.222051699163907,0,1,1,1,1,1.00425741071874,2205,1,1
"z[59,2]",0.924888888888889,0.263599835321828,0,1,1,1,1,1.0012829960692,4453,1,1
"z[60,2]",1,0,1,1,1,1,1,NA,1,0,1
"z[61,2]",0.923333333333333,0.266091381389197,0,1,1,1,1,1.00090800861507,4500,1,1
"z[62,2]",0.906888888888889,0.290620372706953,0,1,1,1,1,1.00070828376382,4500,1,1
"z[63,2]",0.942888888888889,0.232080592249878,0,1,1,1,1,1.00257409893848,3180,1,1
"z[64,2]",0.891555555555556,0.310975460571048,0,1,1,1,1,0.99993827167427,4500,1,1
"z[65,2]",0.876,0.329618179158867,0,1,1,1,1,1.00036815103187,4500,1,1
"z[66,2]",0.858888888888889,0.348174818844698,0,1,1,1,1,1.00155995285064,2186,1,1
"z[67,2]",0.748666666666667,0.433827975818527,0,0,1,1,1,1.0007831083883,2388,1,1
"z[68,2]",0.741777777777778,0.437705472729636,0,0,1,1,1,0.999796445882425,4500,1,1
"z[69,2]",1,0,1,1,1,1,1,NA,1,0,1
"z[70,2]",1,0,1,1,1,1,1,NA,1,0,1
"z[71,2]",1,0,1,1,1,1,1,NA,1,0,1
"z[72,2]",1,0,1,1,1,1,1,NA,1,0,1
"z[73,2]",0.629333333333333,0.483036995302483,0,0,1,1,1,0.999719703971251,4500,1,1
"z[74,2]",1,0,1,1,1,1,1,NA,1,0,1
"z[75,2]",0.512222222222222,0.499906143175288,0,0,1,1,1,0.999826027577233,4500,1,1
"z[76,2]",0.263111111111111,0.440371149320812,0,0,0,1,1,1.00111510083063,1788,1,1
"z[77,2]",0.100666666666667,0.300920274791174,0,0,0,0,1,1.00604022734865,863,1,1
"z[78,2]",0.912444444444444,0.282678859190088,0,1,1,1,1,0.999740101396508,4500,1,1
"z[79,2]",0.893333333333333,0.308723288567936,0,1,1,1,1,1.00104394215212,3807,1,1
"z[80,2]",0.9,0.300033338889918,0,1,1,1,1,0.999694046126955,4500,1,1
"z[81,2]",0.866888888888889,0.339732529641953,0,1,1,1,1,1.00011406193691,4500,1,1
"z[82,2]",1,0,1,1,1,1,1,NA,1,0,1
"z[83,2]",1,0,1,1,1,1,1,NA,1,0,1
"z[84,2]",1,0,1,1,1,1,1,NA,1,0,1
"z[85,2]",1,0,1,1,1,1,1,NA,1,0,1
"z[86,2]",0.0793333333333333,0.270288346355507,0,0,0,0,1,1.00117458566654,4500,1,1
"z[87,2]",1,0,1,1,1,1,1,NA,1,0,1
"z[88,2]",0.710222222222222,0.453709557154509,0,0,1,1,1,0.999859533628614,4500,1,1
"z[89,2]",0.664666666666667,0.472159326788432,0,0,1,1,1,1.00024441094621,3889,1,1
"z[90,2]",0.931777777777778,0.252154872981642,0,1,1,1,1,1.00260098699806,2677,1,1
"z[91,2]",0.924,0.265027562343912,0,1,1,1,1,0.999801739303045,4500,1,1
"z[92,2]",0.921333333333333,0.269247715076274,0,1,1,1,1,1.00035791356329,4500,1,1
"z[93,2]",0.917111111111111,0.27574484166109,0,1,1,1,1,1.00049018278665,4500,1,1
"z[94,2]",0.903555555555556,0.295232591318208,0,1,1,1,1,1.00039176648945,4500,1,1
"z[95,2]",1,0,1,1,1,1,1,NA,1,0,1
"z[96,2]",1,0,1,1,1,1,1,NA,1,0,1
"z[97,2]",1,0,1,1,1,1,1,NA,1,0,1
"z[98,2]",1,0,1,1,1,1,1,NA,1,0,1
"z[99,2]",0.898,0.302681943946003,0,1,1,1,1,1.00252197688585,1909,1,1
"z[100,2]",0.832666666666667,0.373314691159151,0,1,1,1,1,1.00053849212585,4108,1,1
"z[101,2]",0.914222222222222,0.280066744092239,0,1,1,1,1,1.00016474610952,4500,1,1
"z[102,2]",0.00355555555555556,0.0595289935189017,0,0,0,0,0,1.02429824061568,4500,1,1
"z[103,2]",1,0,1,1,1,1,1,NA,1,0,1
"z[104,2]",0.0566666666666667,0.231230268797726,0,0,0,0,1,1.00671729895908,1323,1,1
"z[105,2]",0.210222222222222,0.407511647691963,0,0,0,0,1,1.00093991185134,2374,1,1
"z[106,2]",1,0,1,1,1,1,1,NA,1,0,1
"z[107,2]",1,0,1,1,1,1,1,NA,1,0,1
"z[108,2]",1,0,1,1,1,1,1,NA,1,0,1
"z[109,2]",0.617111111111111,0.486145561638017,0,0,1,1,1,1.00017158859221,4194,1,1
"z[110,2]",1,0,1,1,1,1,1,NA,1,0,1
"z[111,2]",1,0,1,1,1,1,1,NA,1,0,1
"z[112,2]",1,0,1,1,1,1,1,NA,1,0,1
"z[113,2]",0.928666666666667,0.257409427269842,0,1,1,1,1,1.00402581605332,1727,1,1
"z[114,2]",1,0,1,1,1,1,1,NA,1,0,1
"z[115,2]",0.00288888888888889,0.0536766566849176,0,0,0,0,0,1.00262879405446,4500,1,1
"z[116,2]",1,0,1,1,1,1,1,NA,1,0,1
"z[117,2]",1,0,1,1,1,1,1,NA,1,0,1
"z[118,2]",1,0,1,1,1,1,1,NA,1,0,1
"z[119,2]",1,0,1,1,1,1,1,NA,1,0,1
"z[120,2]",0.814444444444444,0.388790794756483,0,1,1,1,1,1.00141091170995,1903,1,1
"z[121,2]",1,0,1,1,1,1,1,NA,1,0,1
"z[122,2]",0.0137777777777778,0.116580319235386,0,0,0,0,0,1.00299579306652,4500,1,1
"z[123,2]",1,0,1,1,1,1,1,NA,1,0,1
"z[124,2]",1,0,1,1,1,1,1,NA,1,0,1
"z[125,2]",1,0,1,1,1,1,1,NA,1,0,1
"z[126,2]",1,0,1,1,1,1,1,NA,1,0,1
"z[127,2]",0.816222222222222,0.387345901868794,0,1,1,1,1,0.999805914289335,4500,1,1
"z[128,2]",0.794,0.404475407947857,0,1,1,1,1,0.999766260192637,4500,1,1
"z[129,2]",0.834666666666667,0.371522402164484,0,1,1,1,1,1.0003785853105,4500,1,1
"z[130,2]",0.828,0.377422382794731,0,1,1,1,1,1.00187460243474,1595,1,1
"z[131,2]",0.9,0.300033338889918,0,1,1,1,1,1.00025150520455,4500,1,1
"z[132,2]",0.923333333333333,0.266091381389197,0,1,1,1,1,1.00021243058751,4500,1,1
"z[133,2]",0.885333333333333,0.318654651372799,0,1,1,1,1,1.00128223782078,3047,1,1
"z[134,2]",0.0437777777777778,0.204623040065984,0,0,0,0,1,1.00744889948707,1517,1,1
"z[135,2]",0.0906666666666667,0.287166411122996,0,0,0,0,1,0.999938908528521,4500,1,1
"z[136,2]",1,0,1,1,1,1,1,NA,1,0,1
"z[137,2]",0.00333333333333333,0.0576451269226114,0,0,0,0,0,1.04363815036703,3205,1,1
"z[138,2]",1,0,1,1,1,1,1,NA,1,0,1
"z[139,2]",1,0,1,1,1,1,1,NA,1,0,1
"z[140,2]",0.190444444444444,0.392695335891138,0,0,0,0,1,0.999733120133865,4500,1,1
"z[141,2]",1,0,1,1,1,1,1,NA,1,0,1
"z[142,2]",0.609555555555556,0.487904171281266,0,0,1,1,1,1.00078158079858,1886,1,1
"z[143,2]",0.726,0.446058533332705,0,0,1,1,1,0.99975831586846,4500,1,1
"z[144,2]",0.603555555555556,0.489213073447176,0,0,1,1,1,0.999669628838604,4500,1,1
"z[145,2]",0.904,0.294623980049003,0,1,1,1,1,1.00032443337219,4500,1,1
"z[146,2]",0.831111111111111,0.374695384746298,0,1,1,1,1,1.00082974691198,3054,1,1
"z[147,2]",0.860888888888889,0.346100894176313,0,1,1,1,1,1.00185440955389,1906,1,1
"z[148,2]",0.878888888888889,0.326292612819852,0,1,1,1,1,0.999910431133607,4500,1,1
"z[149,2]",1,0,1,1,1,1,1,NA,1,0,1
"z[150,2]",1,0,1,1,1,1,1,NA,1,0,1
"z[151,2]",1,0,1,1,1,1,1,NA,1,0,1
"z[152,2]",1,0,1,1,1,1,1,NA,1,0,1
"z[153,2]",0.829111111111111,0.376453674828579,0,1,1,1,1,1.00114830992607,2384,1,1
"z[154,2]",0.845777777777778,0.361201773251085,0,1,1,1,1,1.00012453076742,4500,1,1
"z[155,2]",1,0,1,1,1,1,1,NA,1,0,1
"z[156,2]",1,0,1,1,1,1,1,NA,1,0,1
"z[157,2]",1,0,1,1,1,1,1,NA,1,0,1
"z[158,2]",1,0,1,1,1,1,1,NA,1,0,1
"z[159,2]",1,0,1,1,1,1,1,NA,1,0,1
"z[160,2]",1,0,1,1,1,1,1,NA,1,0,1
"z[161,2]",1,0,1,1,1,1,1,NA,1,0,1
"z[162,2]",1,0,1,1,1,1,1,NA,1,0,1
"z[163,2]",1,0,1,1,1,1,1,NA,1,0,1
"z[164,2]",0.945555555555556,0.226917803425049,0,1,1,1,1,1.00168017685662,4500,1,1
"z[165,2]",0.971777777777778,0.165625554658784,0,1,1,1,1,1.00263787591043,4500,1,1
"z[166,2]",0.961555555555556,0.192288028053314,0,1,1,1,1,0.999901449197239,4500,1,1
"z[167,2]",1,0,1,1,1,1,1,NA,1,0,1
"z[168,2]",0.992666666666667,0.0853297931213479,1,1,1,1,1,1.00521149955273,4500,0,1
"z[169,2]",0.992888888888889,0.0840363764582043,1,1,1,1,1,1.02861085275685,2345,0,1
"z[170,2]",0.996444444444444,0.0595289935189017,1,1,1,1,1,1.00744020021063,4500,0,1
"z[171,2]",0.833333333333333,0.372719411818938,0,1,1,1,1,1.00073642300242,3361,1,1
"z[172,2]",0.909111111111111,0.287482981490148,0,1,1,1,1,0.999681068662295,4500,1,1
"z[173,2]",0.878,0.327322178971133,0,1,1,1,1,1.00038317450222,4500,1,1
"z[174,2]",1,0,1,1,1,1,1,NA,1,0,1
"z[175,2]",1,0,1,1,1,1,1,NA,1,0,1
"z[176,2]",1,0,1,1,1,1,1,NA,1,0,1
"z[177,2]",0.0655555555555556,0.247531090191705,0,0,0,0,1,1.00000878292217,4500,1,1
"z[178,2]",1,0,1,1,1,1,1,NA,1,0,1
"z[179,2]",1,0,1,1,1,1,1,NA,1,0,1
"z[180,2]",0.812444444444444,0.390400228668437,0,1,1,1,1,0.99968681192058,4500,1,1
"z[181,2]",0.877777777777778,0.327578687942835,0,1,1,1,1,1.00246430235855,1668,1,1
"z[182,2]",0.564666666666667,0.495855685291292,0,0,1,1,1,1.00008710933992,4500,1,1
"z[183,2]",0.774222222222222,0.418139960301486,0,1,1,1,1,1.00052367160522,3331,1,1
"z[184,2]",1,0,1,1,1,1,1,NA,1,0,1
"z[185,2]",0.817333333333333,0.386435946321023,0,1,1,1,1,0.999736347372016,4500,1,1
"z[1,3]",1,0,1,1,1,1,1,NA,1,0,1
"z[2,3]",1,0,1,1,1,1,1,NA,1,0,1
"z[3,3]",1,0,1,1,1,1,1,NA,1,0,1
"z[4,3]",1,0,1,1,1,1,1,NA,1,0,1
"z[5,3]",0.864666666666667,0.342117278212555,0,1,1,1,1,0.999704480681982,4500,1,1
"z[6,3]",0.774444444444444,0.417994106865551,0,1,1,1,1,1.00023675979095,4500,1,1
"z[7,3]",1,0,1,1,1,1,1,NA,1,0,1
"z[8,3]",1,0,1,1,1,1,1,NA,1,0,1
"z[9,3]",1,0,1,1,1,1,1,NA,1,0,1
"z[10,3]",1,0,1,1,1,1,1,NA,1,0,1
"z[11,3]",0.946,0.226042815685939,0,1,1,1,1,1.00128045074457,4500,1,1
"z[12,3]",1,0,1,1,1,1,1,NA,1,0,1
"z[13,3]",1,0,1,1,1,1,1,NA,1,0,1
"z[14,3]",0.0326666666666667,0.177782392941008,0,0,0,0,1,1.00584182260089,2540,1,1
"z[15,3]",1,0,1,1,1,1,1,NA,1,0,1
"z[16,3]",1,0,1,1,1,1,1,NA,1,0,1
"z[17,3]",1,0,1,1,1,1,1,NA,1,0,1
"z[18,3]",1,0,1,1,1,1,1,NA,1,0,1
"z[19,3]",0.992666666666667,0.0853297931213479,1,1,1,1,1,1.00931792739194,4500,0,1
"z[20,3]",1,0,1,1,1,1,1,NA,1,0,1
"z[21,3]",1,0,1,1,1,1,1,NA,1,0,1
"z[22,3]",1,0,1,1,1,1,1,NA,1,0,1
"z[23,3]",1,0,1,1,1,1,1,NA,1,0,1
"z[24,3]",0.142222222222222,0.349316729871186,0,0,0,0,1,1.00011168836991,4500,1,1
"z[25,3]",1,0,1,1,1,1,1,NA,1,0,1
"z[26,3]",1,0,1,1,1,1,1,NA,1,0,1
"z[27,3]",1,0,1,1,1,1,1,NA,1,0,1
"z[28,3]",0.949111111111111,0.219795235207613,0,1,1,1,1,1.00037438334388,4500,1,1
"z[29,3]",0.900888888888889,0.298844349077286,0,1,1,1,1,0.999985116883547,4500,1,1
"z[30,3]",1,0,1,1,1,1,1,NA,1,0,1
"z[31,3]",1,0,1,1,1,1,1,NA,1,0,1
"z[32,3]",1,0,1,1,1,1,1,NA,1,0,1
"z[33,3]",1,0,1,1,1,1,1,NA,1,0,1
"z[34,3]",1,0,1,1,1,1,1,NA,1,0,1
"z[35,3]",1,0,1,1,1,1,1,NA,1,0,1
"z[36,3]",1,0,1,1,1,1,1,NA,1,0,1
"z[37,3]",1,0,1,1,1,1,1,NA,1,0,1
"z[38,3]",0.193111111111111,0.394783287468091,0,0,0,0,1,0.999679830450632,4500,1,1
"z[39,3]",1,0,1,1,1,1,1,NA,1,0,1
"z[40,3]",1,0,1,1,1,1,1,NA,1,0,1
"z[41,3]",1,0,1,1,1,1,1,NA,1,0,1
"z[42,3]",1,0,1,1,1,1,1,NA,1,0,1
"z[43,3]",1,0,1,1,1,1,1,NA,1,0,1
"z[44,3]",1,0,1,1,1,1,1,NA,1,0,1
"z[45,3]",0.996666666666667,0.0576451269226115,1,1,1,1,1,1.04363815036704,3205,0,1
"z[46,3]",1,0,1,1,1,1,1,NA,1,0,1
"z[47,3]",0.00333333333333333,0.0576451269226114,0,0,0,0,0,1.00631011246591,4500,1,1
"z[48,3]",1,0,1,1,1,1,1,NA,1,0,1
"z[49,3]",1,0,1,1,1,1,1,NA,1,0,1
"z[50,3]",1,0,1,1,1,1,1,NA,1,0,1
"z[51,3]",1,0,1,1,1,1,1,NA,1,0,1
"z[52,3]",0.775777777777778,0.417115428484319,0,1,1,1,1,0.999966211610001,4500,1,1
"z[53,3]",0.819333333333333,0.384784516645139,0,1,1,1,1,0.999690275945907,4500,1,1
"z[54,3]",1,0,1,1,1,1,1,NA,1,0,1
"z[55,3]",1,0,1,1,1,1,1,NA,1,0,1
"z[56,3]",1,0,1,1,1,1,1,NA,1,0,1
"z[57,3]",1,0,1,1,1,1,1,NA,1,0,1
"z[58,3]",1,0,1,1,1,1,1,NA,1,0,1
"z[59,3]",1,0,1,1,1,1,1,NA,1,0,1
"z[60,3]",0.0971111111111111,0.296141912106173,0,0,0,0,1,1.00011228394869,4500,1,1
"z[61,3]",0.906888888888889,0.290620372706953,0,1,1,1,1,1.00638604842893,883,1,1
"z[62,3]",0.918888888888889,0.273036014356096,0,1,1,1,1,1.00007129759542,4500,1,1
"z[63,3]",0.942222222222222,0.233348680154498,0,1,1,1,1,1.00209795173064,3776,1,1
"z[64,3]",0.893555555555556,0.308439890155801,0,1,1,1,1,1.00043757858801,4500,1,1
"z[65,3]",0.865111111111111,0.341642816812701,0,1,1,1,1,1.00002678431758,4500,1,1
"z[66,3]",0.861111111111111,0.345868976410075,0,1,1,1,1,0.999979255511573,4500,1,1
"z[67,3]",0.668666666666667,0.470744941744271,0,0,1,1,1,1.00022750087121,4021,1,1
"z[68,3]",0.678888888888889,0.466955265919508,0,0,1,1,1,1.00013743583267,4500,1,1
"z[69,3]",1,0,1,1,1,1,1,NA,1,0,1
"z[70,3]",1,0,1,1,1,1,1,NA,1,0,1
"z[71,3]",1,0,1,1,1,1,1,NA,1,0,1
"z[72,3]",1,0,1,1,1,1,1,NA,1,0,1
"z[73,3]",1,0,1,1,1,1,1,NA,1,0,1
"z[74,3]",1,0,1,1,1,1,1,NA,1,0,1
"z[75,3]",1,0,1,1,1,1,1,NA,1,0,1
"z[76,3]",0.334444444444444,0.471848316480549,0,0,0,1,1,1.00013147097218,4500,1,1
"z[77,3]",0.026,0.159152847308496,0,0,0,0,1,1.00529252806623,3490,1,1
"z[78,3]",0.936666666666667,0.243588603732636,0,1,1,1,1,1.00126637105609,4500,1,1
"z[79,3]",0.892222222222222,0.310134007193376,0,1,1,1,1,1.00067912427884,4500,1,1
"z[80,3]",0.920666666666667,0.270288346355507,0,1,1,1,1,1.00053924152392,4500,1,1
"z[81,3]",1,0,1,1,1,1,1,NA,1,0,1
"z[82,3]",1,0,1,1,1,1,1,NA,1,0,1
"z[83,3]",0.207777777777778,0.405761950063745,0,0,0,0,1,1.0012074869446,1980,1,1
"z[84,3]",1,0,1,1,1,1,1,NA,1,0,1
"z[85,3]",1,0,1,1,1,1,1,NA,1,0,1
"z[86,3]",0.00822222222222222,0.0903129549063228,0,0,0,0,0,1.03497400943796,1652,1,1
"z[87,3]",0.0217777777777778,0.145973426820025,0,0,0,0,0,1.01725086129192,1304,1,1
"z[88,3]",1,0,1,1,1,1,1,NA,1,0,1
"z[89,3]",1,0,1,1,1,1,1,NA,1,0,1
"z[90,3]",0.952,0.213789983216616,0,1,1,1,1,1.00434947319215,2320,1,1
"z[91,3]",0.933777777777778,0.248697776589203,0,1,1,1,1,1.00091058954985,4500,1,1
"z[92,3]",0.920888888888889,0.269942097980992,0,1,1,1,1,1.00024374707642,4500,1,1
"z[93,3]",0.922888888888889,0.266797311851382,0,1,1,1,1,1.00085515175753,4500,1,1
"z[94,3]",0.924444444444444,0.26431503658815,0,1,1,1,1,1.00097383349834,4500,1,1
"z[95,3]",1,0,1,1,1,1,1,NA,1,0,1
"z[96,3]",1,0,1,1,1,1,1,NA,1,0,1
"z[97,3]",1,0,1,1,1,1,1,NA,1,0,1
"z[98,3]",1,0,1,1,1,1,1,NA,1,0,1
"z[99,3]",1,0,1,1,1,1,1,NA,1,0,1
"z[100,3]",1,0,1,1,1,1,1,NA,1,0,1
"z[101,3]",1,0,1,1,1,1,1,NA,1,0,1
"z[102,3]",0.0195555555555556,0.13848248064772,0,0,0,0,0,1.01122445691372,2220,1,1
"z[103,3]",0.0102222222222222,0.100598097789677,0,0,0,0,0,0.999907684229773,4500,1,1
"z[104,3]",1,0,1,1,1,1,1,NA,1,0,1
"z[105,3]",0.419555555555556,0.493541103530166,0,0,0,1,1,1.00459156975223,423,1,1
"z[106,3]",1,0,1,1,1,1,1,NA,1,0,1
"z[107,3]",1,0,1,1,1,1,1,NA,1,0,1
"z[108,3]",1,0,1,1,1,1,1,NA,1,0,1
"z[109,3]",1,0,1,1,1,1,1,NA,1,0,1
"z[110,3]",1,0,1,1,1,1,1,NA,1,0,1
"z[111,3]",0.231555555555556,0.4218733586284,0,0,0,0,1,1.00061444829979,2964,1,1
"z[112,3]",0.544666666666667,0.498056235114366,0,0,1,1,1,0.999754520446071,4500,1,1
"z[113,3]",1,0,1,1,1,1,1,NA,1,0,1
"z[114,3]",1,0,1,1,1,1,1,NA,1,0,1
"z[115,3]",0.000666666666666667,0.0258141493083176,0,0,0,0,0,NA,4500,1,1
"z[116,3]",1,0,1,1,1,1,1,NA,1,0,1
"z[117,3]",1,0,1,1,1,1,1,NA,1,0,1
"z[118,3]",1,0,1,1,1,1,1,NA,1,0,1
"z[119,3]",1,0,1,1,1,1,1,NA,1,0,1
"z[120,3]",1,0,1,1,1,1,1,NA,1,0,1
"z[121,3]",1,0,1,1,1,1,1,NA,1,0,1
"z[122,3]",0.0428888888888889,0.202629110007349,0,0,0,0,1,1.00322508523955,3408,1,1
"z[123,3]",1,0,1,1,1,1,1,NA,1,0,1
"z[124,3]",1,0,1,1,1,1,1,NA,1,0,1
"z[125,3]",0.965777777777778,0.181819713016199,0,1,1,1,1,1.00695946934132,2060,1,1
"z[126,3]",1,0,1,1,1,1,1,NA,1,0,1
"z[127,3]",0.787333333333333,0.409239260843992,0,1,1,1,1,0.999769696488649,4500,1,1
"z[128,3]",0.783111111111111,0.412172113536087,0,1,1,1,1,1.0015751187657,1539,1,1
"z[129,3]",0.819777777777778,0.384415155438755,0,1,1,1,1,0.999701683205706,4500,1,1
"z[130,3]",0.802666666666667,0.398030269115618,0,1,1,1,1,1.00171559394806,1548,1,1
"z[131,3]",0.900888888888889,0.298844349077286,0,1,1,1,1,1.0008184443906,4500,1,1
"z[132,3]",0.912888888888889,0.28202914935459,0,1,1,1,1,1.00215442472912,2529,1,1
"z[133,3]",0.866,0.340690171985335,0,1,1,1,1,0.999754592099245,4500,1,1
"z[134,3]",0.00266666666666667,0.0515766100016907,0,0,0,0,0,NA,4500,1,1
"z[135,3]",0.00244444444444444,0.0493863456663645,0,0,0,0,0,1.06016543873974,3087,1,1
"z[136,3]",0.0153333333333333,0.122888478420367,0,0,0,0,0,0.999991306493412,4500,1,1
"z[137,3]",0.168888888888889,0.374695384746298,0,0,0,0,1,0.999675381897419,4500,1,1
"z[138,3]",1,0,1,1,1,1,1,NA,1,0,1
"z[139,3]",1,0,1,1,1,1,1,NA,1,0,1
"z[140,3]",1,0,1,1,1,1,1,NA,1,0,1
"z[141,3]",1,0,1,1,1,1,1,NA,1,0,1
"z[142,3]",0.582,0.493284981881299,0,0,1,1,1,1.00027297230876,3394,1,1
"z[143,3]",0.744,0.43647031369963,0,0,1,1,1,1.00038238095569,3664,1,1
"z[144,3]",0.581333333333333,0.493395365241133,0,0,1,1,1,0.99990786280492,4500,1,1
"z[145,3]",0.916888888888889,0.276080771207218,0,1,1,1,1,1.00263866719575,2196,1,1
"z[146,3]",0.849111111111111,0.357980320487749,0,1,1,1,1,1.00041396672895,4500,1,1
"z[147,3]",0.898222222222222,0.302389453504865,0,1,1,1,1,1.00184124390368,2506,1,1
"z[148,3]",0.777333333333333,0.416082557164474,0,1,1,1,1,1.00015901617813,4500,1,1
"z[149,3]",1,0,1,1,1,1,1,NA,1,0,1
"z[150,3]",1,0,1,1,1,1,1,NA,1,0,1
"z[151,3]",1,0,1,1,1,1,1,NA,1,0,1
"z[152,3]",1,0,1,1,1,1,1,NA,1,0,1
"z[153,3]",0.872444444444444,0.333631340448453,0,1,1,1,1,0.999991083441272,4500,1,1
"z[154,3]",0.728444444444444,0.444811312859524,0,0,1,1,1,0.999803634308687,4500,1,1
"z[155,3]",1,0,1,1,1,1,1,NA,1,0,1
"z[156,3]",1,0,1,1,1,1,1,NA,1,0,1
"z[157,3]",1,0,1,1,1,1,1,NA,1,0,1
"z[158,3]",1,0,1,1,1,1,1,NA,1,0,1
"z[159,3]",1,0,1,1,1,1,1,NA,1,0,1
"z[160,3]",1,0,1,1,1,1,1,NA,1,0,1
"z[161,3]",0.0166666666666667,0.128033322512951,0,0,0,0,0,1.00159245259419,4500,1,1
"z[162,3]",1,0,1,1,1,1,1,NA,1,0,1
"z[163,3]",1,0,1,1,1,1,1,NA,1,0,1
"z[164,3]",1,0,1,1,1,1,1,NA,1,0,1
"z[165,3]",1,0,1,1,1,1,1,NA,1,0,1
"z[166,3]",1,0,1,1,1,1,1,NA,1,0,1
"z[167,3]",0.997333333333333,0.0515766100016907,1,1,1,1,1,NA,4500,0,1
"z[168,3]",0.994,0.0772355205065475,1,1,1,1,1,1.00585337820555,4500,0,1
"z[169,3]",0.992,0.08909412970305,1,1,1,1,1,1.01009052275933,4500,0,1
"z[170,3]",1,0,1,1,1,1,1,NA,1,0,1
"z[171,3]",0.828666666666667,0.376841850052645,0,1,1,1,1,1.00171834216889,1715,1,1
"z[172,3]",0.914,0.28039520580441,0,1,1,1,1,1.0051416957785,1162,1,1
"z[173,3]",0.869555555555556,0.336829190149167,0,1,1,1,1,1.00130735328811,2694,1,1
"z[174,3]",0.946222222222222,0.225603720820688,0,1,1,1,1,1.00093092503686,4500,1,1
"z[175,3]",1,0,1,1,1,1,1,NA,1,0,1
"z[176,3]",1,0,1,1,1,1,1,NA,1,0,1
"z[177,3]",1,0,1,1,1,1,1,NA,1,0,1
"z[178,3]",1,0,1,1,1,1,1,NA,1,0,1
"z[179,3]",1,0,1,1,1,1,1,NA,1,0,1
"z[180,3]",0.760666666666667,0.426723978795057,0,1,1,1,1,0.999928328474902,4500,1,1
"z[181,3]",0.874444444444444,0.331384612689324,0,1,1,1,1,0.999766912558936,4500,1,1
"z[182,3]",0.497333333333333,0.500048452864589,0,0,0,1,1,1.00095840786173,1553,1,1
"z[183,3]",0.723555555555556,0.447288914457388,0,0,1,1,1,1.00047029305287,3110,1,1
"z[184,3]",1,0,1,1,1,1,1,NA,1,0,1
"z[185,3]",1,0,1,1,1,1,1,NA,1,0,1
"z[1,4]",1,0,1,1,1,1,1,NA,1,0,1
"z[2,4]",1,0,1,1,1,1,1,NA,1,0,1
"z[3,4]",1,0,1,1,1,1,1,NA,1,0,1
"z[4,4]",1,0,1,1,1,1,1,NA,1,0,1
"z[5,4]",0.832222222222222,0.373710356413528,0,1,1,1,1,0.999743830175402,4500,1,1
"z[6,4]",0.739333333333333,0.439047140569879,0,0,1,1,1,0.999866029690579,4500,1,1
"z[7,4]",0.989333333333333,0.102738670891514,1,1,1,1,1,1.00165494774729,4500,0,1
"z[8,4]",1,0,1,1,1,1,1,NA,1,0,1
"z[9,4]",1,0,1,1,1,1,1,NA,1,0,1
"z[10,4]",1,0,1,1,1,1,1,NA,1,0,1
"z[11,4]",1,0,1,1,1,1,1,NA,1,0,1
"z[12,4]",1,0,1,1,1,1,1,NA,1,0,1
"z[13,4]",0.816666666666667,0.386982559325991,0,1,1,1,1,1.00042468373669,4414,1,1
"z[14,4]",0.00222222222222222,0.0470932775447189,0,0,0,0,0,1.08341304913067,2364,1,1
"z[15,4]",1,0,1,1,1,1,1,NA,1,0,1
"z[16,4]",1,0,1,1,1,1,1,NA,1,0,1
"z[17,4]",1,0,1,1,1,1,1,NA,1,0,1
"z[18,4]",1,0,1,1,1,1,1,NA,1,0,1
"z[19,4]",1,0,1,1,1,1,1,NA,1,0,1
"z[20,4]",1,0,1,1,1,1,1,NA,1,0,1
"z[21,4]",0.0637777777777778,0.244383806165854,0,0,0,0,1,1.00137698266692,4500,1,1
"z[22,4]",1,0,1,1,1,1,1,NA,1,0,1
"z[23,4]",1,0,1,1,1,1,1,NA,1,0,1
"z[24,4]",1,0,1,1,1,1,1,NA,1,0,1
"z[25,4]",1,0,1,1,1,1,1,NA,1,0,1
"z[26,4]",1,0,1,1,1,1,1,NA,1,0,1
"z[27,4]",1,0,1,1,1,1,1,NA,1,0,1
"z[28,4]",1,0,1,1,1,1,1,NA,1,0,1
"z[29,4]",1,0,1,1,1,1,1,NA,1,0,1
"z[30,4]",1,0,1,1,1,1,1,NA,1,0,1
"z[31,4]",1,0,1,1,1,1,1,NA,1,0,1
"z[32,4]",1,0,1,1,1,1,1,NA,1,0,1
"z[33,4]",1,0,1,1,1,1,1,NA,1,0,1
"z[34,4]",1,0,1,1,1,1,1,NA,1,0,1
"z[35,4]",0.842666666666667,0.364155219964792,0,1,1,1,1,1.00028459503055,4500,1,1
"z[36,4]",0.925333333333333,0.262881936707821,0,1,1,1,1,1.01072151884337,648,1,1
"z[37,4]",1,0,1,1,1,1,1,NA,1,0,1
"z[38,4]",0.620666666666667,0.485275063325965,0,0,1,1,1,0.999804199989112,4500,1,1
"z[39,4]",1,0,1,1,1,1,1,NA,1,0,1
"z[40,4]",1,0,1,1,1,1,1,NA,1,0,1
"z[41,4]",1,0,1,1,1,1,1,NA,1,0,1
"z[42,4]",1,0,1,1,1,1,1,NA,1,0,1
"z[43,4]",1,0,1,1,1,1,1,NA,1,0,1
"z[44,4]",0.982222222222222,0.132157518294075,1,1,1,1,1,1.02070924708052,1320,0,1
"z[45,4]",1,0,1,1,1,1,1,NA,1,0,1
"z[46,4]",1,0,1,1,1,1,1,NA,1,0,1
"z[47,4]",0.000444444444444444,0.0210795079890303,0,0,0,0,0,1.2913045102833,2250,1,1
"z[48,4]",1,0,1,1,1,1,1,NA,1,0,1
"z[49,4]",0.348888888888889,0.476671715676982,0,0,0,1,1,0.999720201442002,4500,1,1
"z[50,4]",1,0,1,1,1,1,1,NA,1,0,1
"z[51,4]",1,0,1,1,1,1,1,NA,1,0,1
"z[52,4]",0.744888888888889,0.435972098015125,0,0,1,1,1,1.0000688672581,4500,1,1
"z[53,4]",0.802222222222222,0.398367913358764,0,1,1,1,1,0.999761784210546,4500,1,1
"z[54,4]",1,0,1,1,1,1,1,NA,1,0,1
"z[55,4]",1,0,1,1,1,1,1,NA,1,0,1
"z[56,4]",1,0,1,1,1,1,1,NA,1,0,1
"z[57,4]",1,0,1,1,1,1,1,NA,1,0,1
"z[58,4]",1,0,1,1,1,1,1,NA,1,0,1
"z[59,4]",1,0,1,1,1,1,1,NA,1,0,1
"z[60,4]",1,0,1,1,1,1,1,NA,1,0,1
"z[61,4]",0.908444444444444,0.288429580365407,0,1,1,1,1,1.00284844166824,1889,1,1
"z[62,4]",0.935333333333333,0.245964088766797,0,1,1,1,1,1.00314095742722,2375,1,1
"z[63,4]",0.939777777777778,0.237924537926314,0,1,1,1,1,1.00087315013971,4500,1,1
"z[64,4]",0.902444444444444,0.296745745695873,0,1,1,1,1,1.00077507359205,4500,1,1
"z[65,4]",0.854666666666667,0.352475764072828,0,1,1,1,1,1.00211425320433,1651,1,1
"z[66,4]",0.837555555555556,0.368899021895473,0,1,1,1,1,0.99976798122283,4500,1,1
"z[67,4]",0.549111111111111,0.497637549399386,0,0,1,1,1,0.999969146244876,4500,1,1
"z[68,4]",0.568222222222222,0.495378907288724,0,0,1,1,1,0.999979583877607,4500,1,1
"z[69,4]",0.196444444444444,0.397352628229014,0,0,0,0,1,1.00008296467148,4500,1,1
"z[70,4]",0.244444444444444,0.429805083347423,0,0,0,0,1,1.00073090368158,2549,1,1
"z[71,4]",0.0871111111111111,0.28202914935459,0,0,0,0,1,1.00181575301551,2913,1,1
"z[72,4]",0.407555555555556,0.49143432223197,0,0,0,1,1,1.00010703526926,4500,1,1
"z[73,4]",0.639333333333333,0.480247306077237,0,0,1,1,1,0.999759970250042,4500,1,1
"z[74,4]",1,0,1,1,1,1,1,NA,1,0,1
"z[75,4]",1,0,1,1,1,1,1,NA,1,0,1
"z[76,4]",0.313555555555556,0.463989558652072,0,0,0,1,1,1.0001158939822,4500,1,1
"z[77,4]",0.0646666666666667,0.245964088766797,0,0,0,0,1,1.00186353026115,3747,1,1
"z[78,4]",1,0,1,1,1,1,1,NA,1,0,1
"z[79,4]",1,0,1,1,1,1,1,NA,1,0,1
"z[80,4]",0.930444444444444,0.254424773023488,0,1,1,1,1,0.999831538797401,4500,1,1
"z[81,4]",0.103555555555556,0.304716977446087,0,0,0,0,1,0.999755449736923,4500,1,1
"z[82,4]",1,0,1,1,1,1,1,NA,1,0,1
"z[83,4]",1,0,1,1,1,1,1,NA,1,0,1
"z[84,4]",1,0,1,1,1,1,1,NA,1,0,1
"z[85,4]",1,0,1,1,1,1,1,NA,1,0,1
"z[86,4]",0.00822222222222222,0.0903129549063228,0,0,0,0,0,1.02366275964318,2466,1,1
"z[87,4]",0.0202222222222222,0.140775309913555,0,0,0,0,0,1.0029245127124,4500,1,1
"z[88,4]",1,0,1,1,1,1,1,NA,1,0,1
"z[89,4]",0.760222222222222,0.426995212746905,0,1,1,1,1,0.999776589114876,4500,1,1
"z[90,4]",0.955777777777778,0.205611312804703,0,1,1,1,1,1.00100360607707,4500,1,1
"z[91,4]",0.927333333333333,0.259617411331994,0,1,1,1,1,0.999780806347194,4500,1,1
"z[92,4]",0.919777777777778,0.271667108709551,0,1,1,1,1,1.00078355359388,4500,1,1
"z[93,4]",0.918222222222222,0.274056314018784,0,1,1,1,1,1.0010504290042,4500,1,1
"z[94,4]",0.933777777777778,0.248697776589203,0,1,1,1,1,0.999982704760158,4500,1,1
"z[95,4]",1,0,1,1,1,1,1,NA,1,0,1
"z[96,4]",1,0,1,1,1,1,1,NA,1,0,1
"z[97,4]",1,0,1,1,1,1,1,NA,1,0,1
"z[98,4]",1,0,1,1,1,1,1,NA,1,0,1
"z[99,4]",1,0,1,1,1,1,1,NA,1,0,1
"z[100,4]",0.83,0.375674543355024,0,1,1,1,1,0.999800511376408,4500,1,1
"z[101,4]",0.169333333333333,0.375087749976273,0,0,0,0,1,1.00004090626255,4500,1,1
"z[102,4]",0.000444444444444444,0.0210795079890303,0,0,0,0,0,1.2913045102833,2250,1,1
"z[103,4]",0.00222222222222222,0.0470932775447189,0,0,0,0,0,1.00465090130556,4500,1,1
"z[104,4]",1,0,1,1,1,1,1,NA,1,0,1
"z[105,4]",0.466888888888889,0.498957892550504,0,0,0,1,1,1.00310439333326,590,1,1
"z[106,4]",1,0,1,1,1,1,1,NA,1,0,1
"z[107,4]",1,0,1,1,1,1,1,NA,1,0,1
"z[108,4]",1,0,1,1,1,1,1,NA,1,0,1
"z[109,4]",1,0,1,1,1,1,1,NA,1,0,1
"z[110,4]",1,0,1,1,1,1,1,NA,1,0,1
"z[111,4]",1,0,1,1,1,1,1,NA,1,0,1
"z[112,4]",0.0304444444444444,0.171825903655918,0,0,0,0,1,1.00105293474975,4500,1,1
"z[113,4]",1,0,1,1,1,1,1,NA,1,0,1
"z[114,4]",1,0,1,1,1,1,1,NA,1,0,1
"z[115,4]",0.0277777777777778,0.164353812079863,0,0,0,0,1,1.00534402853094,3237,1,1
"z[116,4]",1,0,1,1,1,1,1,NA,1,0,1
"z[117,4]",1,0,1,1,1,1,1,NA,1,0,1
"z[118,4]",1,0,1,1,1,1,1,NA,1,0,1
"z[119,4]",1,0,1,1,1,1,1,NA,1,0,1
"z[120,4]",1,0,1,1,1,1,1,NA,1,0,1
"z[121,4]",1,0,1,1,1,1,1,NA,1,0,1
"z[122,4]",1,0,1,1,1,1,1,NA,1,0,1
"z[123,4]",0.893111111111111,0.309006267220739,0,1,1,1,1,1.00074692473483,4500,1,1
"z[124,4]",1,0,1,1,1,1,1,NA,1,0,1
"z[125,4]",1,0,1,1,1,1,1,NA,1,0,1
"z[126,4]",1,0,1,1,1,1,1,NA,1,0,1
"z[127,4]",0.774,0.418285644793295,0,1,1,1,1,1.00022193981463,4500,1,1
"z[128,4]",0.774444444444444,0.417994106865551,0,1,1,1,1,1.00132333716292,1734,1,1
"z[129,4]",0.810666666666667,0.391816714616485,0,1,1,1,1,1.00026013034707,4500,1,1
"z[130,4]",0.776444444444444,0.416673794115523,0,1,1,1,1,1.00016957480657,4500,1,1
"z[131,4]",0.89,0.312924528267118,0,1,1,1,1,1.00177276793471,2422,1,1
"z[132,4]",0.909777777777778,0.286531703964327,0,1,1,1,1,1.00108911712678,4285,1,1
"z[133,4]",0.849555555555556,0.357546251999011,0,1,1,1,1,0.999686259558122,4500,1,1
"z[134,4]",0.00533333333333333,0.0728427622699364,0,0,0,0,0,1.01761585252646,4500,1,1
"z[135,4]",0.00644444444444444,0.0800271001985887,0,0,0,0,0,1.00916195597056,4500,1,1
"z[136,4]",0.0391111111111111,0.193880853578703,0,0,0,0,1,0.999684084813885,4500,1,1
"z[137,4]",1,0,1,1,1,1,1,NA,1,0,1
"z[138,4]",1,0,1,1,1,1,1,NA,1,0,1
"z[139,4]",1,0,1,1,1,1,1,NA,1,0,1
"z[140,4]",1,0,1,1,1,1,1,NA,1,0,1
"z[141,4]",1,0,1,1,1,1,1,NA,1,0,1
"z[142,4]",0.518222222222222,0.499723368190952,0,0,1,1,1,0.999788199715764,4500,1,1
"z[143,4]",0.736888888888889,0.440371149320812,0,0,1,1,1,1.0004575623708,3262,1,1
"z[144,4]",0.519111111111111,0.499690156151589,0,0,1,1,1,1.00005826827806,4500,1,1
"z[145,4]",1,0,1,1,1,1,1,NA,1,0,1
"z[146,4]",1,0,1,1,1,1,1,NA,1,0,1
"z[147,4]",1,0,1,1,1,1,1,NA,1,0,1
"z[148,4]",0.1,0.300033338889918,0,0,0,0,1,1.00280688578463,1772,1,1
"z[149,4]",0.869555555555556,0.336829190149167,0,1,1,1,1,1.00086205783232,3676,1,1
"z[150,4]",1,0,1,1,1,1,1,NA,1,0,1
"z[151,4]",0.991333333333333,0.0927009450571682,1,1,1,1,1,1.00662303758596,4500,0,1
"z[152,4]",1,0,1,1,1,1,1,NA,1,0,1
"z[153,4]",1,0,1,1,1,1,1,NA,1,0,1
"z[154,4]",0.222,0.415637329729193,0,0,0,0,1,0.999897788624567,4500,1,1
"z[155,4]",1,0,1,1,1,1,1,NA,1,0,1
"z[156,4]",1,0,1,1,1,1,1,NA,1,0,1
"z[157,4]",1,0,1,1,1,1,1,NA,1,0,1
"z[158,4]",1,0,1,1,1,1,1,NA,1,0,1
"z[159,4]",1,0,1,1,1,1,1,NA,1,0,1
"z[160,4]",1,0,1,1,1,1,1,NA,1,0,1
"z[161,4]",0.0102222222222222,0.100598097789677,0,0,0,0,0,1.00847885155637,4500,1,1
"z[162,4]",1,0,1,1,1,1,1,NA,1,0,1
"z[163,4]",1,0,1,1,1,1,1,NA,1,0,1
"z[164,4]",1,0,1,1,1,1,1,NA,1,0,1
"z[165,4]",1,0,1,1,1,1,1,NA,1,0,1
"z[166,4]",1,0,1,1,1,1,1,NA,1,0,1
"z[167,4]",1,0,1,1,1,1,1,NA,1,0,1
"z[168,4]",1,0,1,1,1,1,1,NA,1,0,1
"z[169,4]",1,0,1,1,1,1,1,NA,1,0,1
"z[170,4]",1,0,1,1,1,1,1,NA,1,0,1
"z[171,4]",0.810444444444444,0.391992848433725,0,1,1,1,1,0.999721024832983,4500,1,1
"z[172,4]",0.916444444444444,0.276750871585914,0,1,1,1,1,1.00063109108378,4500,1,1
"z[173,4]",0.848888888888889,0.358196950635289,0,1,1,1,1,0.999830166532568,4500,1,1
"z[174,4]",1,0,1,1,1,1,1,NA,1,0,1
"z[175,4]",1,0,1,1,1,1,1,NA,1,0,1
"z[176,4]",1,0,1,1,1,1,1,NA,1,0,1
"z[177,4]",1,0,1,1,1,1,1,NA,1,0,1
"z[178,4]",0.962888888888889,0.189055069145718,0,1,1,1,1,1.0000336549418,4500,1,1
"z[179,4]",0.963555555555556,0.187414119688263,0,1,1,1,1,1.00398708852265,3278,1,1
"z[180,4]",0.661111111111111,0.473384630425236,0,0,1,1,1,1.00023098864321,3956,1,1
"z[181,4]",0.864222222222222,0.342590505813979,0,1,1,1,1,0.999894230388584,4500,1,1
"z[182,4]",0.383333333333333,0.48625243591082,0,0,0,1,1,1.00021284347017,3874,1,1
"z[183,4]",0.627777777777778,0.483450905827888,0,0,1,1,1,1.00056000120417,2397,1,1
"z[184,4]",1,0,1,1,1,1,1,NA,1,0,1
"z[185,4]",0.414888888888889,0.492757604259719,0,0,0,1,1,1.0004830698495,2525,1,1
"z[1,5]",1,0,1,1,1,1,1,NA,1,0,1
"z[2,5]",1,0,1,1,1,1,1,NA,1,0,1
"z[3,5]",1,0,1,1,1,1,1,NA,1,0,1
"z[4,5]",1,0,1,1,1,1,1,NA,1,0,1
"z[5,5]",0.826666666666667,0.378577254918682,0,1,1,1,1,1.00028469772272,4500,1,1
"z[6,5]",0.642444444444444,0.479333535407764,0,0,1,1,1,1.00268731053207,724,1,1
"z[7,5]",0.987555555555556,0.11087069888737,1,1,1,1,1,1.00469371523223,4500,0,1
"z[8,5]",1,0,1,1,1,1,1,NA,1,0,1
"z[9,5]",1,0,1,1,1,1,1,NA,1,0,1
"z[10,5]",1,0,1,1,1,1,1,NA,1,0,1
"z[11,5]",1,0,1,1,1,1,1,NA,1,0,1
"z[12,5]",1,0,1,1,1,1,1,NA,1,0,1
"z[13,5]",0.412444444444444,0.492329045117813,0,0,0,1,1,1.00019386522851,3921,1,1
"z[14,5]",0.00333333333333333,0.0576451269226114,0,0,0,0,0,1.01922466287575,4500,1,1
"z[15,5]",1,0,1,1,1,1,1,NA,1,0,1
"z[16,5]",1,0,1,1,1,1,1,NA,1,0,1
"z[17,5]",1,0,1,1,1,1,1,NA,1,0,1
"z[18,5]",0.988444444444444,0.106885749673393,1,1,1,1,1,1.00098880252479,4500,0,1
"z[19,5]",1,0,1,1,1,1,1,NA,1,0,1
"z[20,5]",1,0,1,1,1,1,1,NA,1,0,1
"z[21,5]",1,0,1,1,1,1,1,NA,1,0,1
"z[22,5]",1,0,1,1,1,1,1,NA,1,0,1
"z[23,5]",1,0,1,1,1,1,1,NA,1,0,1
"z[24,5]",1,0,1,1,1,1,1,NA,1,0,1
"z[25,5]",1,0,1,1,1,1,1,NA,1,0,1
"z[26,5]",1,0,1,1,1,1,1,NA,1,0,1
"z[27,5]",1,0,1,1,1,1,1,NA,1,0,1
"z[28,5]",1,0,1,1,1,1,1,NA,1,0,1
"z[29,5]",0.0193333333333333,0.137709003796433,0,0,0,0,0,1.00233346978801,4500,1,1
"z[30,5]",0.987777777777778,0.109888684384328,1,1,1,1,1,1.0058794427696,4500,0,1
"z[31,5]",1,0,1,1,1,1,1,NA,1,0,1
"z[32,5]",1,0,1,1,1,1,1,NA,1,0,1
"z[33,5]",1,0,1,1,1,1,1,NA,1,0,1
"z[34,5]",1,0,1,1,1,1,1,NA,1,0,1
"z[35,5]",1,0,1,1,1,1,1,NA,1,0,1
"z[36,5]",1,0,1,1,1,1,1,NA,1,0,1
"z[37,5]",1,0,1,1,1,1,1,NA,1,0,1
"z[38,5]",1,0,1,1,1,1,1,NA,1,0,1
"z[39,5]",1,0,1,1,1,1,1,NA,1,0,1
"z[40,5]",1,0,1,1,1,1,1,NA,1,0,1
"z[41,5]",1,0,1,1,1,1,1,NA,1,0,1
"z[42,5]",1,0,1,1,1,1,1,NA,1,0,1
"z[43,5]",1,0,1,1,1,1,1,NA,1,0,1
"z[44,5]",1,0,1,1,1,1,1,NA,1,0,1
"z[45,5]",1,0,1,1,1,1,1,NA,1,0,1
"z[46,5]",1,0,1,1,1,1,1,NA,1,0,1
"z[47,5]",0.269777777777778,0.443893585669453,0,0,0,1,1,1.00001792233392,4500,1,1
"z[48,5]",0.581777777777778,0.493321879203579,0,0,1,1,1,1.00101311477264,1533,1,1
"z[49,5]",0.568222222222222,0.495378907288724,0,0,1,1,1,1.00157884824256,1072,1,1
"z[50,5]",0.812666666666667,0.390222236792799,0,1,1,1,1,0.999880859178018,4500,1,1
"z[51,5]",0.849555555555556,0.357546251999011,0,1,1,1,1,0.999958323125986,4500,1,1
"z[52,5]",0.732444444444444,0.442733710849067,0,0,1,1,1,1.00105185017589,1848,1,1
"z[53,5]",0.806,0.395472824956344,0,1,1,1,1,1.00032251067437,4500,1,1
"z[54,5]",1,0,1,1,1,1,1,NA,1,0,1
"z[55,5]",1,0,1,1,1,1,1,NA,1,0,1
"z[56,5]",1,0,1,1,1,1,1,NA,1,0,1
"z[57,5]",1,0,1,1,1,1,1,NA,1,0,1
"z[58,5]",0.0724444444444445,0.259251196201609,0,0,0,0,1,1.0022992683025,2812,1,1
"z[59,5]",0.819111111111111,0.384968871895082,0,1,1,1,1,0.999752038061547,4500,1,1
"z[60,5]",0.888,0.31540150006909,0,1,1,1,1,1.0011539208775,3375,1,1
"z[61,5]",0.923777777777778,0.265382828642999,0,1,1,1,1,0.999984837133769,4500,1,1
"z[62,5]",0.956,0.205117892035902,0,1,1,1,1,1.0056530548575,1973,1,1
"z[63,5]",0.952888888888889,0.211900053000311,0,1,1,1,1,1.00478060800722,2160,1,1
"z[64,5]",0.929777777777778,0.255549553077657,0,1,1,1,1,1.0014037083947,4394,1,1
"z[65,5]",0.875777777777778,0.329871555144548,0,1,1,1,1,1.00073403509624,4312,1,1
"z[66,5]",0.881555555555556,0.323169563225013,0,1,1,1,1,0.999777578067524,4500,1,1
"z[67,5]",0.286,0.451939585291061,0,0,0,1,1,1.00002416097063,4500,1,1
"z[68,5]",0.288888888888889,0.453296548067582,0,0,0,1,1,1.00003892576457,4500,1,1
"z[69,5]",1,0,1,1,1,1,1,NA,1,0,1
"z[70,5]",0.168222222222222,0.374105075074719,0,0,0,0,1,1.00017375983724,4500,1,1
"z[71,5]",0.0295555555555556,0.169376503362579,0,0,0,0,1,0.999876626561512,4500,1,1
"z[72,5]",1,0,1,1,1,1,1,NA,1,0,1
"z[73,5]",0.881777777777778,0.322906951398641,0,1,1,1,1,1.00125822113029,3017,1,1
"z[74,5]",0.992666666666667,0.0853297931213479,1,1,1,1,1,1.00383176745923,4500,0,1
"z[75,5]",0.993555555555556,0.0800271001985887,1,1,1,1,1,1.0504596093819,1426,0,1
"z[76,5]",0.0748888888888889,0.263241224560606,0,0,0,0,1,1.00013449323075,4500,1,1
"z[77,5]",1,0,1,1,1,1,1,NA,1,0,1
"z[78,5]",1,0,1,1,1,1,1,NA,1,0,1
"z[79,5]",1,0,1,1,1,1,1,NA,1,0,1
"z[80,5]",0.936444444444444,0.243986630137708,0,1,1,1,1,1.00084321015686,4500,1,1
"z[81,5]",1,0,1,1,1,1,1,NA,1,0,1
"z[82,5]",1,0,1,1,1,1,1,NA,1,0,1
"z[83,5]",0.0255555555555556,0.157822698772571,0,0,0,0,1,1.00089941151466,4500,1,1
"z[84,5]",1,0,1,1,1,1,1,NA,1,0,1
"z[85,5]",1,0,1,1,1,1,1,NA,1,0,1
"z[86,5]",1,0,1,1,1,1,1,NA,1,0,1
"z[87,5]",1,0,1,1,1,1,1,NA,1,0,1
"z[88,5]",0.0642222222222222,0.245175623613492,0,0,0,0,1,1.00053402550014,4500,1,1
"z[89,5]",0.0148888888888889,0.121121715563244,0,0,0,0,0,1.0106180775128,3063,1,1
"z[90,5]",0.963777777777778,0.186863405673864,0,1,1,1,1,1.00053588348486,4500,1,1
"z[91,5]",0.953333333333333,0.210947333488984,0,1,1,1,1,1.00550670662772,1914,1,1
"z[92,5]",0.942222222222222,0.233348680154498,0,1,1,1,1,1.00221134369576,3592,1,1
"z[93,5]",0.938,0.241182350987992,0,1,1,1,1,1.00209276527007,3538,1,1
"z[94,5]",0.961555555555556,0.192288028053314,0,1,1,1,1,1.00033427778067,4500,1,1
"z[95,5]",1,0,1,1,1,1,1,NA,1,0,1
"z[96,5]",1,0,1,1,1,1,1,NA,1,0,1
"z[97,5]",1,0,1,1,1,1,1,NA,1,0,1
"z[98,5]",1,0,1,1,1,1,1,NA,1,0,1
"z[99,5]",0.873333333333333,0.332636153179885,0,1,1,1,1,1.00294374113907,1381,1,1
"z[100,5]",1,0,1,1,1,1,1,NA,1,0,1
"z[101,5]",1,0,1,1,1,1,1,NA,1,0,1
"z[102,5]",0.384444444444444,0.486517742196654,0,0,0,1,1,0.999688203905019,4500,1,1
"z[103,5]",0.332888888888889,0.471299519692734,0,0,0,1,1,0.999787165099759,4500,1,1
"z[104,5]",0.0368888888888889,0.188509935158217,0,0,0,0,1,0.999920655086888,4500,1,1
"z[105,5]",0.434666666666667,0.495768267142513,0,0,0,1,1,1.00328608704865,568,1,1
"z[106,5]",0.631555555555556,0.482436375993536,0,0,1,1,1,1.00005616507098,4500,1,1
"z[107,5]",0.354444444444444,0.478397783242291,0,0,0,1,1,0.999890713325355,4500,1,1
"z[108,5]",1,0,1,1,1,1,1,NA,1,0,1
"z[109,5]",1,0,1,1,1,1,1,NA,1,0,1
"z[110,5]",1,0,1,1,1,1,1,NA,1,0,1
"z[111,5]",1,0,1,1,1,1,1,NA,1,0,1
"z[112,5]",1,0,1,1,1,1,1,NA,1,0,1
"z[113,5]",1,0,1,1,1,1,1,NA,1,0,1
"z[114,5]",1,0,1,1,1,1,1,NA,1,0,1
"z[115,5]",1,0,1,1,1,1,1,NA,1,0,1
"z[116,5]",1,0,1,1,1,1,1,NA,1,0,1
"z[117,5]",1,0,1,1,1,1,1,NA,1,0,1
"z[118,5]",1,0,1,1,1,1,1,NA,1,0,1
"z[119,5]",1,0,1,1,1,1,1,NA,1,0,1
"z[120,5]",1,0,1,1,1,1,1,NA,1,0,1
"z[121,5]",1,0,1,1,1,1,1,NA,1,0,1
"z[122,5]",0.00688888888888889,0.0827221418662089,0,0,0,0,0,1.0260704337864,2665,1,1
"z[123,5]",1,0,1,1,1,1,1,NA,1,0,1
"z[124,5]",1,0,1,1,1,1,1,NA,1,0,1
"z[125,5]",1,0,1,1,1,1,1,NA,1,0,1
"z[126,5]",1,0,1,1,1,1,1,NA,1,0,1
"z[127,5]",0.828666666666667,0.376841850052645,0,1,1,1,1,1.00053880910487,4045,1,1
"z[128,5]",0.839555555555556,0.367058530929405,0,1,1,1,1,1.00140379614024,2144,1,1
"z[129,5]",0.865777777777778,0.340928800069097,0,1,1,1,1,1.00013941648326,4500,1,1
"z[130,5]",0.837555555555556,0.368899021895473,0,1,1,1,1,1.00036484341397,4500,1,1
"z[131,5]",0.885111111111111,0.318923242760949,0,1,1,1,1,1.00073414087013,4500,1,1
"z[132,5]",0.898888888888889,0.3015092968165,0,1,1,1,1,0.999902482525881,4500,1,1
"z[133,5]",0.834,0.372121985606325,0,1,1,1,1,1.00041060870973,4500,1,1
"z[134,5]",1,0,1,1,1,1,1,NA,1,0,1
"z[135,5]",1,0,1,1,1,1,1,NA,1,0,1
"z[136,5]",0.619777777777778,0.48549527596758,0,0,1,1,1,0.999968657524018,4500,1,1
"z[137,5]",1,0,1,1,1,1,1,NA,1,0,1
"z[138,5]",1,0,1,1,1,1,1,NA,1,0,1
"z[139,5]",1,0,1,1,1,1,1,NA,1,0,1
"z[140,5]",1,0,1,1,1,1,1,NA,1,0,1
"z[141,5]",0.0502222222222222,0.218427454690079,0,0,0,0,1,1.00136398632827,4500,1,1
"z[142,5]",0.378444444444444,0.485053121407382,0,0,0,1,1,1.00026835408414,3535,1,1
"z[143,5]",0.760444444444444,0.426859675171387,0,1,1,1,1,0.999725399326445,4500,1,1
"z[144,5]",0.426222222222222,0.494581841104253,0,0,0,1,1,1.00137403520901,1202,1,1
"z[145,5]",1,0,1,1,1,1,1,NA,1,0,1
"z[146,5]",0.000222222222222222,0.0149071198499986,0,0,0,0,0,1.29093398298233,4500,1,1
"z[147,5]",1,0,1,1,1,1,1,NA,1,0,1
"z[148,5]",0.00511111111111111,0.071317023933587,0,0,0,0,0,1.04594981281862,1981,1,1
"z[149,5]",0.445777777777778,0.497106492646933,0,0,0,1,1,1.00020661893423,3754,1,1
"z[150,5]",1,0,1,1,1,1,1,NA,1,0,1
"z[151,5]",1,0,1,1,1,1,1,NA,1,0,1
"z[152,5]",1,0,1,1,1,1,1,NA,1,0,1
"z[153,5]",1,0,1,1,1,1,1,NA,1,0,1
"z[154,5]",1,0,1,1,1,1,1,NA,1,0,1
"z[155,5]",1,0,1,1,1,1,1,NA,1,0,1
"z[156,5]",1,0,1,1,1,1,1,NA,1,0,1
"z[157,5]",1,0,1,1,1,1,1,NA,1,0,1
"z[158,5]",1,0,1,1,1,1,1,NA,1,0,1
"z[159,5]",1,0,1,1,1,1,1,NA,1,0,1
"z[160,5]",1,0,1,1,1,1,1,NA,1,0,1
"z[161,5]",0.00844444444444444,0.0915150092219534,0,0,0,0,0,1.01651071762301,3461,1,1
"z[162,5]",1,0,1,1,1,1,1,NA,1,0,1
"z[163,5]",0.855555555555556,0.351578889148306,0,1,1,1,1,1.00010452513277,4500,1,1
"z[164,5]",1,0,1,1,1,1,1,NA,1,0,1
"z[165,5]",1,0,1,1,1,1,1,NA,1,0,1
"z[166,5]",1,0,1,1,1,1,1,NA,1,0,1
"z[167,5]",1,0,1,1,1,1,1,NA,1,0,1
"z[168,5]",0.986444444444444,0.115649360747383,1,1,1,1,1,1.01000351508315,3564,0,1
"z[169,5]",1,0,1,1,1,1,1,NA,1,0,1
"z[170,5]",0.992,0.08909412970305,1,1,1,1,1,1.00780554029941,4500,0,1
"z[171,5]",0.826222222222222,0.378960387479294,0,1,1,1,1,0.999825971733773,4500,1,1
"z[172,5]",0.923777777777778,0.265382828642999,0,1,1,1,1,1.00050879291712,4500,1,1
"z[173,5]",0.859555555555556,0.347486165270941,0,1,1,1,1,1.00018559455632,4500,1,1
"z[174,5]",1,0,1,1,1,1,1,NA,1,0,1
"z[175,5]",1,0,1,1,1,1,1,NA,1,0,1
"z[176,5]",1,0,1,1,1,1,1,NA,1,0,1
"z[177,5]",1,0,1,1,1,1,1,NA,1,0,1
"z[178,5]",0.927333333333333,0.259617411331994,0,1,1,1,1,1.00177138101965,3527,1,1
"z[179,5]",0.934,0.248309689121249,0,1,1,1,1,1.00007545759166,4500,1,1
"z[180,5]",0.383555555555556,0.486305711885601,0,0,0,1,1,0.999860629339144,4500,1,1
"z[181,5]",0.877555555555556,0.327834845547119,0,1,1,1,1,0.999694410987007,4500,1,1
"z[182,5]",0.176444444444444,0.381240214508231,0,0,0,0,1,1.00115951394241,2313,1,1
"z[183,5]",0.345111111111111,0.475457324667998,0,0,0,1,1,1.00008769663672,4500,1,1
"z[184,5]",0.00422222222222222,0.0648485125458765,0,0,0,0,0,1.0548557979247,1981,1,1
"z[185,5]",0.711555555555556,0.453089248254689,0,0,1,1,1,0.999683020904308,4500,1,1
"z[1,6]",1,0,1,1,1,1,1,NA,1,0,1
"z[2,6]",1,0,1,1,1,1,1,NA,1,0,1
"z[3,6]",1,0,1,1,1,1,1,NA,1,0,1
"z[4,6]",1,0,1,1,1,1,1,NA,1,0,1
"z[5,6]",0.889555555555556,0.313477760833612,0,1,1,1,1,1.00029907252793,4500,1,1
"z[6,6]",0.533333333333333,0.498943092771516,0,0,1,1,1,1.00121441008172,1302,1,1
"z[7,6]",1,0,1,1,1,1,1,NA,1,0,1
"z[8,6]",1,0,1,1,1,1,1,NA,1,0,1
"z[9,6]",1,0,1,1,1,1,1,NA,1,0,1
"z[10,6]",1,0,1,1,1,1,1,NA,1,0,1
"z[11,6]",1,0,1,1,1,1,1,NA,1,0,1
"z[12,6]",1,0,1,1,1,1,1,NA,1,0,1
"z[13,6]",1,0,1,1,1,1,1,NA,1,0,1
"z[14,6]",0.002,0.0446815807032984,0,0,0,0,0,1.01775579934475,4500,1,1
"z[15,6]",1,0,1,1,1,1,1,NA,1,0,1
"z[16,6]",0.934222222222222,0.247920794922865,0,1,1,1,1,1.00010474972464,4500,1,1
"z[17,6]",1,0,1,1,1,1,1,NA,1,0,1
"z[18,6]",0.991333333333333,0.0927009450571682,1,1,1,1,1,1.0201327673533,2763,0,1
"z[19,6]",0.990666666666667,0.0961679644942985,1,1,1,1,1,1.02067590247432,2497,0,1
"z[20,6]",0.555111111111111,0.497008710431761,0,0,1,1,1,1.00023079301388,3591,1,1
"z[21,6]",0.848222222222222,0.358845230543525,0,1,1,1,1,1.00061598435315,4094,1,1
"z[22,6]",1,0,1,1,1,1,1,NA,1,0,1
"z[23,6]",1,0,1,1,1,1,1,NA,1,0,1
"z[24,6]",1,0,1,1,1,1,1,NA,1,0,1
"z[25,6]",1,0,1,1,1,1,1,NA,1,0,1
"z[26,6]",1,0,1,1,1,1,1,NA,1,0,1
"z[27,6]",1,0,1,1,1,1,1,NA,1,0,1
"z[28,6]",0.617333333333333,0.486091963269127,0,0,1,1,1,0.999755555788102,4500,1,1
"z[29,6]",1,0,1,1,1,1,1,NA,1,0,1
"z[30,6]",1,0,1,1,1,1,1,NA,1,0,1
"z[31,6]",1,0,1,1,1,1,1,NA,1,0,1
"z[32,6]",1,0,1,1,1,1,1,NA,1,0,1
"z[33,6]",1,0,1,1,1,1,1,NA,1,0,1
"z[34,6]",1,0,1,1,1,1,1,NA,1,0,1
"z[35,6]",1,0,1,1,1,1,1,NA,1,0,1
"z[36,6]",1,0,1,1,1,1,1,NA,1,0,1
"z[37,6]",1,0,1,1,1,1,1,NA,1,0,1
"z[38,6]",1,0,1,1,1,1,1,NA,1,0,1
"z[39,6]",1,0,1,1,1,1,1,NA,1,0,1
"z[40,6]",1,0,1,1,1,1,1,NA,1,0,1
"z[41,6]",1,0,1,1,1,1,1,NA,1,0,1
"z[42,6]",1,0,1,1,1,1,1,NA,1,0,1
"z[43,6]",1,0,1,1,1,1,1,NA,1,0,1
"z[44,6]",1,0,1,1,1,1,1,NA,1,0,1
"z[45,6]",1,0,1,1,1,1,1,NA,1,0,1
"z[46,6]",1,0,1,1,1,1,1,NA,1,0,1
"z[47,6]",0.400666666666667,0.490088016191109,0,0,0,1,1,1.00036432903223,2986,1,1
"z[48,6]",0.422,0.4939334121149,0,0,0,1,1,1.00178778017666,970,1,1
"z[49,6]",0.648,0.477647044653794,0,0,1,1,1,0.999890198362437,4500,1,1
"z[50,6]",0.880444444444444,0.324477150893065,0,1,1,1,1,1.00112175986003,3270,1,1
"z[51,6]",0.895777777777778,0.30558256148604,0,1,1,1,1,1.00014517203387,4500,1,1
"z[52,6]",0.810666666666667,0.391816714616485,0,1,1,1,1,0.999905835493638,4500,1,1
"z[53,6]",0.861777777777778,0.345171429580393,0,1,1,1,1,1.00266543373603,1396,1,1
"z[54,6]",1,0,1,1,1,1,1,NA,1,0,1
"z[55,6]",1,0,1,1,1,1,1,NA,1,0,1
"z[56,6]",1,0,1,1,1,1,1,NA,1,0,1
"z[57,6]",0.977333333333333,0.148855006121055,1,1,1,1,1,1.00011920509057,4500,0,1
"z[58,6]",1,0,1,1,1,1,1,NA,1,0,1
"z[59,6]",1,0,1,1,1,1,1,NA,1,0,1
"z[60,6]",1,0,1,1,1,1,1,NA,1,0,1
"z[61,6]",1,0,1,1,1,1,1,NA,1,0,1
"z[62,6]",1,0,1,1,1,1,1,NA,1,0,1
"z[63,6]",1,0,1,1,1,1,1,NA,1,0,1
"z[64,6]",1,0,1,1,1,1,1,NA,1,0,1
"z[65,6]",1,0,1,1,1,1,1,NA,1,0,1
"z[66,6]",1,0,1,1,1,1,1,NA,1,0,1
"z[67,6]",0.00955555555555555,0.0972951722699289,0,0,0,0,0,0.999942110684457,4500,1,1
"z[68,6]",0.00466666666666667,0.0681609955608629,0,0,0,0,0,1.00980631222186,4500,1,1
"z[69,6]",1,0,1,1,1,1,1,NA,1,0,1
"z[70,6]",0.805333333333333,0.395987880398553,0,1,1,1,1,1.00139168038082,1854,1,1
"z[71,6]",0.00911111111111111,0.0950268670194558,0,0,0,0,0,1.00804836715043,4500,1,1
"z[72,6]",1,0,1,1,1,1,1,NA,1,0,1
"z[73,6]",1,0,1,1,1,1,1,NA,1,0,1
"z[74,6]",1,0,1,1,1,1,1,NA,1,0,1
"z[75,6]",0.994666666666667,0.0728427622699364,1,1,1,1,1,1.03227887696713,2755,0,1
"z[76,6]",0.123555555555556,0.329110391733384,0,0,0,0,1,1.00139660586854,2665,1,1
"z[77,6]",1,0,1,1,1,1,1,NA,1,0,1
"z[78,6]",1,0,1,1,1,1,1,NA,1,0,1
"z[79,6]",1,0,1,1,1,1,1,NA,1,0,1
"z[80,6]",0.960888888888889,0.193880853578703,0,1,1,1,1,1.00052129212192,4500,1,1
"z[81,6]",0.162444444444444,0.368899021895473,0,0,0,0,1,1.00124851669613,2330,1,1
"z[82,6]",1,0,1,1,1,1,1,NA,1,0,1
"z[83,6]",1,0,1,1,1,1,1,NA,1,0,1
"z[84,6]",0.950888888888889,0.216124014828025,0,1,1,1,1,0.99974581737667,4500,1,1
"z[85,6]",0.919111111111111,0.272694703874728,0,1,1,1,1,1.00102379092115,4500,1,1
"z[86,6]",0.000222222222222222,0.0149071198499986,0,0,0,0,0,1.29093398298233,4500,1,1
"z[87,6]",1,0,1,1,1,1,1,NA,1,0,1
"z[88,6]",0.766666666666667,0.422999587247188,0,1,1,1,1,0.999787027945996,4500,1,1
"z[89,6]",1,0,1,1,1,1,1,NA,1,0,1
"z[90,6]",0.974666666666667,0.15715293120877,0,1,1,1,1,1.00485134679396,3877,1,1
"z[91,6]",1,0,1,1,1,1,1,NA,1,0,1
"z[92,6]",1,0,1,1,1,1,1,NA,1,0,1
"z[93,6]",1,0,1,1,1,1,1,NA,1,0,1
"z[94,6]",1,0,1,1,1,1,1,NA,1,0,1
"z[95,6]",1,0,1,1,1,1,1,NA,1,0,1
"z[96,6]",1,0,1,1,1,1,1,NA,1,0,1
"z[97,6]",1,0,1,1,1,1,1,NA,1,0,1
"z[98,6]",1,0,1,1,1,1,1,NA,1,0,1
"z[99,6]",1,0,1,1,1,1,1,NA,1,0,1
"z[100,6]",1,0,1,1,1,1,1,NA,1,0,1
"z[101,6]",1,0,1,1,1,1,1,NA,1,0,1
"z[102,6]",0.395333333333333,0.488976504325738,0,0,0,1,1,1.00072257781518,1986,1,1
"z[103,6]",0.464888888888889,0.498821113994054,0,0,0,1,1,0.99991729733768,4500,1,1
"z[104,6]",0.0682222222222222,0.252154872981642,0,0,0,0,1,1.00135455476939,4500,1,1
"z[105,6]",0.365777777777778,0.481701109203711,0,0,0,1,1,1.00329088673392,601,1,1
"z[106,6]",0.380888888888889,0.485659302026543,0,0,0,1,1,1.00023251029535,3752,1,1
"z[107,6]",1,0,1,1,1,1,1,NA,1,0,1
"z[108,6]",1,0,1,1,1,1,1,NA,1,0,1
"z[109,6]",1,0,1,1,1,1,1,NA,1,0,1
"z[110,6]",1,0,1,1,1,1,1,NA,1,0,1
"z[111,6]",1,0,1,1,1,1,1,NA,1,0,1
"z[112,6]",1,0,1,1,1,1,1,NA,1,0,1
"z[113,6]",1,0,1,1,1,1,1,NA,1,0,1
"z[114,6]",1,0,1,1,1,1,1,NA,1,0,1
"z[115,6]",1,0,1,1,1,1,1,NA,1,0,1
"z[116,6]",1,0,1,1,1,1,1,NA,1,0,1
"z[117,6]",1,0,1,1,1,1,1,NA,1,0,1
"z[118,6]",1,0,1,1,1,1,1,NA,1,0,1
"z[119,6]",1,0,1,1,1,1,1,NA,1,0,1
"z[120,6]",1,0,1,1,1,1,1,NA,1,0,1
"z[121,6]",1,0,1,1,1,1,1,NA,1,0,1
"z[122,6]",0.0237777777777778,0.152373076750087,0,0,0,0,0,0.999849859149931,4500,1,1
"z[123,6]",1,0,1,1,1,1,1,NA,1,0,1
"z[124,6]",1,0,1,1,1,1,1,NA,1,0,1
"z[125,6]",0.973777777777778,0.159813306406557,0,1,1,1,1,1.00196955745622,4500,1,1
"z[126,6]",1,0,1,1,1,1,1,NA,1,0,1
"z[127,6]",1,0,1,1,1,1,1,NA,1,0,1
"z[128,6]",1,0,1,1,1,1,1,NA,1,0,1
"z[129,6]",1,0,1,1,1,1,1,NA,1,0,1
"z[130,6]",1,0,1,1,1,1,1,NA,1,0,1
"z[131,6]",0.928666666666667,0.257409427269842,0,1,1,1,1,1.00018918359319,4500,1,1
"z[132,6]",0.942666666666667,0.232504269129342,0,1,1,1,1,1.00098457483606,4500,1,1
"z[133,6]",0.897111111111111,0.303847464555696,0,1,1,1,1,1.00026826767583,4500,1,1
"z[134,6]",0.0475555555555556,0.212847579895609,0,0,0,0,1,1.00173475320188,4500,1,1
"z[135,6]",1,0,1,1,1,1,1,NA,1,0,1
"z[136,6]",1,0,1,1,1,1,1,NA,1,0,1
"z[137,6]",1,0,1,1,1,1,1,NA,1,0,1
"z[138,6]",1,0,1,1,1,1,1,NA,1,0,1
"z[139,6]",1,0,1,1,1,1,1,NA,1,0,1
"z[140,6]",1,0,1,1,1,1,1,NA,1,0,1
"z[141,6]",1,0,1,1,1,1,1,NA,1,0,1
"z[142,6]",0.275111111111111,0.44661987659371,0,0,0,1,1,1.00218793286781,1002,1,1
"z[143,6]",0.835777777777778,0.370518274124004,0,1,1,1,1,0.999888083338967,4500,1,1
"z[144,6]",0.342888888888889,0.474727479864813,0,0,0,1,1,1.00090548503384,1792,1,1
"z[145,6]",0.00222222222222222,0.0470932775447189,0,0,0,0,0,1.01916489327094,4500,1,1
"z[146,6]",1,0,1,1,1,1,1,NA,1,0,1
"z[147,6]",1,0,1,1,1,1,1,NA,1,0,1
"z[148,6]",1,0,1,1,1,1,1,NA,1,0,1
"z[149,6]",1,0,1,1,1,1,1,NA,1,0,1
"z[150,6]",1,0,1,1,1,1,1,NA,1,0,1
"z[151,6]",1,0,1,1,1,1,1,NA,1,0,1
"z[152,6]",1,0,1,1,1,1,1,NA,1,0,1
"z[153,6]",1,0,1,1,1,1,1,NA,1,0,1
"z[154,6]",0.0613333333333333,0.239967397948637,0,0,0,0,1,1.00133629928534,4500,1,1
"z[155,6]",1,0,1,1,1,1,1,NA,1,0,1
"z[156,6]",1,0,1,1,1,1,1,NA,1,0,1
"z[157,6]",1,0,1,1,1,1,1,NA,1,0,1
"z[158,6]",1,0,1,1,1,1,1,NA,1,0,1
"z[159,6]",1,0,1,1,1,1,1,NA,1,0,1
"z[160,6]",1,0,1,1,1,1,1,NA,1,0,1
"z[161,6]",0.517555555555556,0.499747237980913,0,0,1,1,1,1.00039762967075,2744,1,1
"z[162,6]",1,0,1,1,1,1,1,NA,1,0,1
"z[163,6]",1,0,1,1,1,1,1,NA,1,0,1
"z[164,6]",1,0,1,1,1,1,1,NA,1,0,1
"z[165,6]",1,0,1,1,1,1,1,NA,1,0,1
"z[166,6]",1,0,1,1,1,1,1,NA,1,0,1
"z[167,6]",1,0,1,1,1,1,1,NA,1,0,1
"z[168,6]",1,0,1,1,1,1,1,NA,1,0,1
"z[169,6]",1,0,1,1,1,1,1,NA,1,0,1
"z[170,6]",1,0,1,1,1,1,1,NA,1,0,1
"z[171,6]",1,0,1,1,1,1,1,NA,1,0,1
"z[172,6]",1,0,1,1,1,1,1,NA,1,0,1
"z[173,6]",1,0,1,1,1,1,1,NA,1,0,1
"z[174,6]",1,0,1,1,1,1,1,NA,1,0,1
"z[175,6]",1,0,1,1,1,1,1,NA,1,0,1
"z[176,6]",0.978444444444444,0.14524324938423,1,1,1,1,1,1.00467630740521,4500,0,1
"z[177,6]",1,0,1,1,1,1,1,NA,1,0,1
"z[178,6]",0.934666666666667,0.247140571093493,0,1,1,1,1,1.00360878426966,2072,1,1
"z[179,6]",0.932888888888889,0.25024213410665,0,1,1,1,1,0.999975207714573,4500,1,1
"z[180,6]",0.00422222222222222,0.0648485125458765,0,0,0,0,0,1.00520505959256,4500,1,1
"z[181,6]",1,0,1,1,1,1,1,NA,1,0,1
"z[182,6]",0.000888888888888889,0.0298042977535084,0,0,0,0,0,1.02957562893154,4500,1,1
"z[183,6]",0.000666666666666667,0.0258141493083176,0,0,0,0,0,1.13377982835195,4498,1,1
"z[184,6]",1,0,1,1,1,1,1,NA,1,0,1
"z[185,6]",1,0,1,1,1,1,1,NA,1,0,1
"z[1,7]",1,0,1,1,1,1,1,NA,1,0,1
"z[2,7]",1,0,1,1,1,1,1,NA,1,0,1
"z[3,7]",1,0,1,1,1,1,1,NA,1,0,1
"z[4,7]",1,0,1,1,1,1,1,NA,1,0,1
"z[5,7]",1,0,1,1,1,1,1,NA,1,0,1
"z[6,7]",0,0,0,0,0,0,0,NA,1,1,1
"z[7,7]",0.996222222222222,0.0613542394088465,1,1,1,1,1,1.02160266575274,4500,0,1
"z[8,7]",0.992444444444444,0.0866033246050876,1,1,1,1,1,1.05366159673359,1143,0,1
"z[9,7]",0.993777777777778,0.0786440117920529,1,1,1,1,1,1.00415701458324,4500,0,1
"z[10,7]",0.996222222222222,0.0613542394088465,1,1,1,1,1,1.03124325048663,4012,0,1
"z[11,7]",1,0,1,1,1,1,1,NA,1,0,1
"z[12,7]",1,0,1,1,1,1,1,NA,1,0,1
"z[13,7]",1,0,1,1,1,1,1,NA,1,0,1
"z[14,7]",0,0,0,0,0,0,0,NA,1,1,1
"z[15,7]",0.231333333333333,0.421731841536556,0,0,0,0,1,1.00030303373298,4430,1,1
"z[16,7]",0.940444444444444,0.236687854568751,0,1,1,1,1,1.00026404000881,4500,1,1
"z[17,7]",0.992444444444444,0.0866033246050876,1,1,1,1,1,1.00272666036901,4500,0,1
"z[18,7]",0.992222222222222,0.0878578356425394,1,1,1,1,1,1.00008075315855,4500,0,1
"z[19,7]",1,0,1,1,1,1,1,NA,1,0,1
"z[20,7]",0.726888888888889,0.445606954364799,0,0,1,1,1,1.00037714175415,3552,1,1
"z[21,7]",0.802222222222222,0.398367913358764,0,1,1,1,1,1.00082529949109,2717,1,1
"z[22,7]",0.909777777777778,0.286531703964327,0,1,1,1,1,1.00050609889279,4500,1,1
"z[23,7]",1,0,1,1,1,1,1,NA,1,0,1
"z[24,7]",1,0,1,1,1,1,1,NA,1,0,1
"z[25,7]",0.983111111111111,0.128869487630174,1,1,1,1,1,1.00403218650922,4500,0,1
"z[26,7]",0.991777777777778,0.0903129549063227,1,1,1,1,1,1.00665019004433,4500,0,1
"z[27,7]",0.990222222222222,0.0984089676386699,1,1,1,1,1,1.00150453602595,4500,0,1
"z[28,7]",1,0,1,1,1,1,1,NA,1,0,1
"z[29,7]",1,0,1,1,1,1,1,NA,1,0,1
"z[30,7]",1,0,1,1,1,1,1,NA,1,0,1
"z[31,7]",1,0,1,1,1,1,1,NA,1,0,1
"z[32,7]",1,0,1,1,1,1,1,NA,1,0,1
"z[33,7]",1,0,1,1,1,1,1,NA,1,0,1
"z[34,7]",1,0,1,1,1,1,1,NA,1,0,1
"z[35,7]",1,0,1,1,1,1,1,NA,1,0,1
"z[36,7]",1,0,1,1,1,1,1,NA,1,0,1
"z[37,7]",0.970444444444444,0.169376503362579,0,1,1,1,1,1.00149307395494,4500,1,1
"z[38,7]",0.134888888888889,0.341642816812701,0,0,0,0,1,1.00141144234092,2460,1,1
"z[39,7]",1,0,1,1,1,1,1,NA,1,0,1
"z[40,7]",1,0,1,1,1,1,1,NA,1,0,1
"z[41,7]",0.955111111111111,0.207083090060559,0,1,1,1,1,1.0026483296913,3894,1,1
"z[42,7]",0.872888888888889,0.333134414974858,0,1,1,1,1,0.999764777807766,4500,1,1
"z[43,7]",1,0,1,1,1,1,1,NA,1,0,1
"z[44,7]",1,0,1,1,1,1,1,NA,1,0,1
"z[45,7]",1,0,1,1,1,1,1,NA,1,0,1
"z[46,7]",1,0,1,1,1,1,1,NA,1,0,1
"z[47,7]",0.468222222222222,0.499044603505108,0,0,0,1,1,1.00078294331139,1804,1,1
"z[48,7]",0.174666666666667,0.379723931960079,0,0,0,0,1,1.00538325481959,605,1,1
"z[49,7]",0.692222222222222,0.461625359343403,0,0,1,1,1,1.0000583882305,4500,1,1
"z[50,7]",1,0,1,1,1,1,1,NA,1,0,1
"z[51,7]",1,0,1,1,1,1,1,NA,1,0,1
"z[52,7]",0.884666666666667,0.319459284219888,0,1,1,1,1,0.999858844620199,4500,1,1
"z[53,7]",0.919555555555556,0.272010253356189,0,1,1,1,1,1.00428232758693,1460,1,1
"z[54,7]",0.978888888888889,0.143770739157005,1,1,1,1,1,1.01164523027552,1984,0,1
"z[55,7]",0.904,0.294623980049003,0,1,1,1,1,0.99985323978741,4500,1,1
"z[56,7]",1,0,1,1,1,1,1,NA,1,0,1
"z[57,7]",1,0,1,1,1,1,1,NA,1,0,1
"z[58,7]",0.947111111111111,0.223836521313966,0,1,1,1,1,1.00003052129,4500,1,1
"z[59,7]",1,0,1,1,1,1,1,NA,1,0,1
"z[60,7]",1,0,1,1,1,1,1,NA,1,0,1
"z[61,7]",1,0,1,1,1,1,1,NA,1,0,1
"z[62,7]",1,0,1,1,1,1,1,NA,1,0,1
"z[63,7]",1,0,1,1,1,1,1,NA,1,0,1
"z[64,7]",1,0,1,1,1,1,1,NA,1,0,1
"z[65,7]",0.959555555555556,0.197021109093834,0,1,1,1,1,1.00066496973954,4500,1,1
"z[66,7]",0.959555555555556,0.197021109093834,0,1,1,1,1,1.00890026716871,1377,1,1
"z[67,7]",0.598222222222222,0.490311960466974,0,0,1,1,1,0.999699088654586,4500,1,1
"z[68,7]",0.162888888888889,0.36930530304322,0,0,0,0,1,0.999703772068509,4500,1,1
"z[69,7]",1,0,1,1,1,1,1,NA,1,0,1
"z[70,7]",1,0,1,1,1,1,1,NA,1,0,1
"z[71,7]",1,0,1,1,1,1,1,NA,1,0,1
"z[72,7]",1,0,1,1,1,1,1,NA,1,0,1
"z[73,7]",1,0,1,1,1,1,1,NA,1,0,1
"z[74,7]",1,0,1,1,1,1,1,NA,1,0,1
"z[75,7]",1,0,1,1,1,1,1,NA,1,0,1
"z[76,7]",0.716444444444444,0.450773731875036,0,0,1,1,1,1.00132874800448,1488,1,1
"z[77,7]",1,0,1,1,1,1,1,NA,1,0,1
"z[78,7]",0.967333333333333,0.177782392941008,0,1,1,1,1,1.00107458440124,4500,1,1
"z[79,7]",1,0,1,1,1,1,1,NA,1,0,1
"z[80,7]",0.975333333333333,0.155124368434336,1,1,1,1,1,1.00625514281568,3124,0,1
"z[81,7]",0.12,0.324997649041713,0,0,0,0,1,0.999951979288102,4500,1,1
"z[82,7]",1,0,1,1,1,1,1,NA,1,0,1
"z[83,7]",0.850666666666667,0.356456343321839,0,1,1,1,1,1.0013383771326,2357,1,1
"z[84,7]",0.961111111111111,0.193351625166517,0,1,1,1,1,1.00137546506152,4500,1,1
"z[85,7]",1,0,1,1,1,1,1,NA,1,0,1
"z[86,7]",1,0,1,1,1,1,1,NA,1,0,1
"z[87,7]",1,0,1,1,1,1,1,NA,1,0,1
"z[88,7]",1,0,1,1,1,1,1,NA,1,0,1
"z[89,7]",0.000222222222222222,0.0149071198499986,0,0,0,0,0,1.29093398298233,4500,1,1
"z[90,7]",0.985555555555556,0.119327141438796,1,1,1,1,1,1.00701938070209,4500,0,1
"z[91,7]",1,0,1,1,1,1,1,NA,1,0,1
"z[92,7]",1,0,1,1,1,1,1,NA,1,0,1
"z[93,7]",1,0,1,1,1,1,1,NA,1,0,1
"z[94,7]",1,0,1,1,1,1,1,NA,1,0,1
"z[95,7]",1,0,1,1,1,1,1,NA,1,0,1
"z[96,7]",1,0,1,1,1,1,1,NA,1,0,1
"z[97,7]",1,0,1,1,1,1,1,NA,1,0,1
"z[98,7]",1,0,1,1,1,1,1,NA,1,0,1
"z[99,7]",1,0,1,1,1,1,1,NA,1,0,1
"z[100,7]",1,0,1,1,1,1,1,NA,1,0,1
"z[101,7]",1,0,1,1,1,1,1,NA,1,0,1
"z[102,7]",0.424,0.494245165948161,0,0,0,1,1,1.00024911511045,3516,1,1
"z[103,7]",0.531333333333333,0.499072712041911,0,0,1,1,1,0.999976138730471,4500,1,1
"z[104,7]",0.0157777777777778,0.124628612791859,0,0,0,0,0,1.00404544667696,4500,1,1
"z[105,7]",0.219333333333333,0.41384088844787,0,0,0,0,1,1.00348583630438,771,1,1
"z[106,7]",0.00444444444444444,0.0665257457028688,0,0,0,0,0,1.02280815119122,4500,1,1
"z[107,7]",1,0,1,1,1,1,1,NA,1,0,1
"z[108,7]",1,0,1,1,1,1,1,NA,1,0,1
"z[109,7]",1,0,1,1,1,1,1,NA,1,0,1
"z[110,7]",0.95,0.217969167319041,0,1,1,1,1,1.00068234076277,4500,1,1
"z[111,7]",0.574222222222222,0.49451532347518,0,0,1,1,1,1.00006876661317,4500,1,1
"z[112,7]",0.954,0.209508363001558,0,1,1,1,1,1.00154684440175,4500,1,1
"z[113,7]",0.939777777777778,0.237924537926314,0,1,1,1,1,1.00175122385815,4230,1,1
"z[114,7]",1,0,1,1,1,1,1,NA,1,0,1
"z[115,7]",1,0,1,1,1,1,1,NA,1,0,1
"z[116,7]",1,0,1,1,1,1,1,NA,1,0,1
"z[117,7]",1,0,1,1,1,1,1,NA,1,0,1
"z[118,7]",1,0,1,1,1,1,1,NA,1,0,1
"z[119,7]",1,0,1,1,1,1,1,NA,1,0,1
"z[120,7]",0.991555555555556,0.0915150092219534,1,1,1,1,1,1.01245259674609,4500,0,1
"z[121,7]",1,0,1,1,1,1,1,NA,1,0,1
"z[122,7]",0.646,0.478262302468231,0,0,1,1,1,1.00003373025638,4500,1,1
"z[123,7]",0.957111111111111,0.202629110007349,0,1,1,1,1,1.00073582814791,4500,1,1
"z[124,7]",0.935111111111111,0.246357074296865,0,1,1,1,1,1.00071647182349,4500,1,1
"z[125,7]",1,0,1,1,1,1,1,NA,1,0,1
"z[126,7]",1,0,1,1,1,1,1,NA,1,0,1
"z[127,7]",0.956888888888889,0.203129792200249,0,1,1,1,1,1.00124542244672,4500,1,1
"z[128,7]",0.962666666666667,0.189598375253176,0,1,1,1,1,1.00041166215239,4500,1,1
"z[129,7]",0.970222222222222,0.169992598048771,0,1,1,1,1,1.00689927599358,2370,1,1
"z[130,7]",0.953555555555556,0.21046900448124,0,1,1,1,1,1.00747706909985,1429,1,1
"z[131,7]",1,0,1,1,1,1,1,NA,1,0,1
"z[132,7]",1,0,1,1,1,1,1,NA,1,0,1
"z[133,7]",1,0,1,1,1,1,1,NA,1,0,1
"z[134,7]",0.603555555555556,0.489213073447176,0,0,1,1,1,0.999876520318421,4500,1,1
"z[135,7]",0.96,0.195980956294358,0,1,1,1,1,1.00031858549904,4500,1,1
"z[136,7]",0.861777777777778,0.345171429580393,0,1,1,1,1,1.00029957315052,4500,1,1
"z[137,7]",0.964222222222222,0.185756281888117,0,1,1,1,1,1.00365220433472,3621,1,1
"z[138,7]",1,0,1,1,1,1,1,NA,1,0,1
"z[139,7]",0.994888888888889,0.071317023933587,1,1,1,1,1,1.0384451286947,2396,0,1
"z[140,7]",1,0,1,1,1,1,1,NA,1,0,1
"z[141,7]",1,0,1,1,1,1,1,NA,1,0,1
"z[142,7]",0.121555555555556,0.326808103614916,0,0,0,0,1,1.00330176706435,1292,1,1
"z[143,7]",0.905333333333333,0.292786506951796,0,1,1,1,1,0.999797590356217,4500,1,1
"z[144,7]",0.175333333333333,0.380294220511246,0,0,0,0,1,1.00073126766311,3244,1,1
"z[145,7]",1,0,1,1,1,1,1,NA,1,0,1
"z[146,7]",1,0,1,1,1,1,1,NA,1,0,1
"z[147,7]",1,0,1,1,1,1,1,NA,1,0,1
"z[148,7]",0.360888888888889,0.480311737615325,0,0,0,1,1,1.00052171858309,2535,1,1
"z[149,7]",1,0,1,1,1,1,1,NA,1,0,1
"z[150,7]",1,0,1,1,1,1,1,NA,1,0,1
"z[151,7]",0.986444444444444,0.115649360747383,1,1,1,1,1,1.02227359314769,1603,0,1
"z[152,7]",0.996222222222222,0.0613542394088465,1,1,1,1,1,1.03124325048663,4012,0,1
"z[153,7]",1,0,1,1,1,1,1,NA,1,0,1
"z[154,7]",0.578,0.4939334121149,0,0,1,1,1,0.999970313829618,4500,1,1
"z[155,7]",0.971555555555556,0.166257332410862,0,1,1,1,1,1.0079331336286,2162,1,1
"z[156,7]",1,0,1,1,1,1,1,NA,1,0,1
"z[157,7]",1,0,1,1,1,1,1,NA,1,0,1
"z[158,7]",1,0,1,1,1,1,1,NA,1,0,1
"z[159,7]",1,0,1,1,1,1,1,NA,1,0,1
"z[160,7]",1,0,1,1,1,1,1,NA,1,0,1
"z[161,7]",0.534222222222222,0.498882899180174,0,0,1,1,1,0.999725621906666,4500,1,1
"z[162,7]",1,0,1,1,1,1,1,NA,1,0,1
"z[163,7]",1,0,1,1,1,1,1,NA,1,0,1
"z[164,7]",1,0,1,1,1,1,1,NA,1,0,1
"z[165,7]",1,0,1,1,1,1,1,NA,1,0,1
"z[166,7]",1,0,1,1,1,1,1,NA,1,0,1
"z[167,7]",1,0,1,1,1,1,1,NA,1,0,1
"z[168,7]",0.990222222222222,0.0984089676386699,1,1,1,1,1,1.00463304545948,4500,0,1
"z[169,7]",0.991555555555556,0.0915150092219534,1,1,1,1,1,1.00212190440097,4500,0,1
"z[170,7]",1,0,1,1,1,1,1,NA,1,0,1
"z[171,7]",1,0,1,1,1,1,1,NA,1,0,1
"z[172,7]",0.974666666666667,0.15715293120877,0,1,1,1,1,1.00112015286377,4500,1,1
"z[173,7]",0.943111111111111,0.231655927287332,0,1,1,1,1,0.999829535895116,4500,1,1
"z[174,7]",1,0,1,1,1,1,1,NA,1,0,1
"z[175,7]",1,0,1,1,1,1,1,NA,1,0,1
"z[176,7]",1,0,1,1,1,1,1,NA,1,0,1
"z[177,7]",1,0,1,1,1,1,1,NA,1,0,1
"z[178,7]",0.938222222222222,0.240778252960813,0,1,1,1,1,1.00143785972184,4500,1,1
"z[179,7]",0.935555555555556,0.245570273205584,0,1,1,1,1,1.00077380095897,4500,1,1
"z[180,7]",0.0868888888888889,0.281703469504598,0,0,0,0,1,1.00274488914788,2050,1,1
"z[181,7]",0.966222222222222,0.180676765936377,0,1,1,1,1,1.00052295247594,4500,1,1
"z[182,7]",0.554,0.497130686801717,0,0,1,1,1,1.00020214596319,3783,1,1
"z[183,7]",0.626888888888889,0.483685020474982,0,0,1,1,1,1.0000419561159,4500,1,1
"z[184,7]",1,0,1,1,1,1,1,NA,1,0,1
"z[185,7]",1,0,1,1,1,1,1,NA,1,0,1
"z[1,8]",1,0,1,1,1,1,1,NA,1,0,1
"z[2,8]",1,0,1,1,1,1,1,NA,1,0,1
"z[3,8]",1,0,1,1,1,1,1,NA,1,0,1
"z[4,8]",1,0,1,1,1,1,1,NA,1,0,1
"z[5,8]",0.968888888888889,0.173637293967947,0,1,1,1,1,1.00366897855814,4125,1,1
"z[6,8]",0.454,0.497934832661102,0,0,0,1,1,0.999735308459651,4500,1,1
"z[7,8]",1,0,1,1,1,1,1,NA,1,0,1
"z[8,8]",1,0,1,1,1,1,1,NA,1,0,1
"z[9,8]",1,0,1,1,1,1,1,NA,1,0,1
"z[10,8]",1,0,1,1,1,1,1,NA,1,0,1
"z[11,8]",0.982444444444444,0.13134379171788,1,1,1,1,1,1.01650841536865,1680,0,1
"z[12,8]",1,0,1,1,1,1,1,NA,1,0,1
"z[13,8]",1,0,1,1,1,1,1,NA,1,0,1
"z[14,8]",0.000444444444444444,0.0210795079890303,0,0,0,0,0,1.10528646876281,4500,1,1
"z[15,8]",1,0,1,1,1,1,1,NA,1,0,1
"z[16,8]",0.966,0.181249276657738,0,1,1,1,1,1.00871680868086,1668,1,1
"z[17,8]",0.992444444444444,0.0866033246050876,1,1,1,1,1,1.00272666036901,4500,0,1
"z[18,8]",1,0,1,1,1,1,1,NA,1,0,1
"z[19,8]",1,0,1,1,1,1,1,NA,1,0,1
"z[20,8]",0.819333333333333,0.384784516645139,0,1,1,1,1,0.999892868033077,4500,1,1
"z[21,8]",0.845555555555556,0.361414422480432,0,1,1,1,1,0.999780886097805,4500,1,1
"z[22,8]",0.927111111111111,0.259982920619994,0,1,1,1,1,1.00275305462552,2398,1,1
"z[23,8]",0.951111111111111,0.215659687442576,0,1,1,1,1,1.00203177168262,4500,1,1
"z[24,8]",1,0,1,1,1,1,1,NA,1,0,1
"z[25,8]",0.981555555555556,0.13456697579197,1,1,1,1,1,1.00446070755388,4500,0,1
"z[26,8]",0.991777777777778,0.0903129549063227,1,1,1,1,1,1.00665019004433,4500,0,1
"z[27,8]",0.989777777777778,0.100598097789677,1,1,1,1,1,1.01823160709037,2594,0,1
"z[28,8]",1,0,1,1,1,1,1,NA,1,0,1
"z[29,8]",0.974444444444444,0.157822698772571,0,1,1,1,1,1.00749360372697,2535,1,1
"z[30,8]",0.996222222222222,0.0613542394088465,1,1,1,1,1,1.02160266575274,4500,0,1
"z[31,8]",0.996888888888889,0.0556966916350484,1,1,1,1,1,1.01716357534615,4500,0,1
"z[32,8]",0.996444444444444,0.0595289935189017,1,1,1,1,1,1.00744020021063,4500,0,1
"z[33,8]",1,0,1,1,1,1,1,NA,1,0,1
"z[34,8]",1,0,1,1,1,1,1,NA,1,0,1
"z[35,8]",1,0,1,1,1,1,1,NA,1,0,1
"z[36,8]",1,0,1,1,1,1,1,NA,1,0,1
"z[37,8]",1,0,1,1,1,1,1,NA,1,0,1
"z[38,8]",1,0,1,1,1,1,1,NA,1,0,1
"z[39,8]",0.963777777777778,0.186863405673864,0,1,1,1,1,1.00090050909148,4500,1,1
"z[40,8]",1,0,1,1,1,1,1,NA,1,0,1
"z[41,8]",1,0,1,1,1,1,1,NA,1,0,1
"z[42,8]",0.879111111111111,0.326034334535402,0,1,1,1,1,1.00015349307953,4500,1,1
"z[43,8]",0.982444444444444,0.13134379171788,1,1,1,1,1,1.00223177519858,4500,0,1
"z[44,8]",0.991333333333333,0.0927009450571682,1,1,1,1,1,1.00661531087133,4500,0,1
"z[45,8]",0.993111111111111,0.0827221418662089,1,1,1,1,1,1.0033393216296,4500,0,1
"z[46,8]",0.997777777777778,0.0470932775447189,1,1,1,1,1,1.05921191003867,3455,0,1
"z[47,8]",0.546888888888889,0.497851896976906,0,0,1,1,1,1.0007913050581,1799,1,1
"z[48,8]",0.00222222222222222,0.0470932775447189,0,0,0,0,0,1.0715859561293,2807,1,1
"z[49,8]",0.773111111111111,0.418866696841786,0,1,1,1,1,0.999908064763803,4500,1,1
"z[50,8]",1,0,1,1,1,1,1,NA,1,0,1
"z[51,8]",0.973555555555556,0.160470739436839,0,1,1,1,1,1.00855904261991,2164,1,1
"z[52,8]",1,0,1,1,1,1,1,NA,1,0,1
"z[53,8]",1,0,1,1,1,1,1,NA,1,0,1
"z[54,8]",1,0,1,1,1,1,1,NA,1,0,1
"z[55,8]",0.890444444444444,0.312369683381089,0,1,1,1,1,0.999747058725302,4500,1,1
"z[56,8]",1,0,1,1,1,1,1,NA,1,0,1
"z[57,8]",1,0,1,1,1,1,1,NA,1,0,1
"z[58,8]",0.967555555555556,0.177197008935809,0,1,1,1,1,1.00567164788423,2639,1,1
"z[59,8]",1,0,1,1,1,1,1,NA,1,0,1
"z[60,8]",1,0,1,1,1,1,1,NA,1,0,1
"z[61,8]",1,0,1,1,1,1,1,NA,1,0,1
"z[62,8]",1,0,1,1,1,1,1,NA,1,0,1
"z[63,8]",1,0,1,1,1,1,1,NA,1,0,1
"z[64,8]",1,0,1,1,1,1,1,NA,1,0,1
"z[65,8]",1,0,1,1,1,1,1,NA,1,0,1
"z[66,8]",1,0,1,1,1,1,1,NA,1,0,1
"z[67,8]",1,0,1,1,1,1,1,NA,1,0,1
"z[68,8]",0.216666666666667,0.412019352281919,0,0,0,0,1,0.999874863886302,4500,1,1
"z[69,8]",1,0,1,1,1,1,1,NA,1,0,1
"z[70,8]",1,0,1,1,1,1,1,NA,1,0,1
"z[71,8]",1,0,1,1,1,1,1,NA,1,0,1
"z[72,8]",1,0,1,1,1,1,1,NA,1,0,1
"z[73,8]",1,0,1,1,1,1,1,NA,1,0,1
"z[74,8]",1,0,1,1,1,1,1,NA,1,0,1
"z[75,8]",0.927333333333333,0.259617411331994,0,1,1,1,1,1.00148670107618,4062,1,1
"z[76,8]",1,0,1,1,1,1,1,NA,1,0,1
"z[77,8]",1,0,1,1,1,1,1,NA,1,0,1
"z[78,8]",1,0,1,1,1,1,1,NA,1,0,1
"z[79,8]",1,0,1,1,1,1,1,NA,1,0,1
"z[80,8]",1,0,1,1,1,1,1,NA,1,0,1
"z[81,8]",0.722666666666667,0.447732177907764,0,0,1,1,1,1.00088068704776,2060,1,1
"z[82,8]",0.985555555555556,0.119327141438796,1,1,1,1,1,1.00844006787801,3950,0,1
"z[83,8]",0.889555555555556,0.313477760833612,0,1,1,1,1,1.00714837156343,676,1,1
"z[84,8]",1,0,1,1,1,1,1,NA,1,0,1
"z[85,8]",1,0,1,1,1,1,1,NA,1,0,1
"z[86,8]",1,0,1,1,1,1,1,NA,1,0,1
"z[87,8]",1,0,1,1,1,1,1,NA,1,0,1
"z[88,8]",1,0,1,1,1,1,1,NA,1,0,1
"z[89,8]",0.669777777777778,0.470345263832854,0,0,1,1,1,0.999729153724077,4500,1,1
"z[90,8]",1,0,1,1,1,1,1,NA,1,0,1
"z[91,8]",1,0,1,1,1,1,1,NA,1,0,1
"z[92,8]",0.991777777777778,0.0903129549063227,1,1,1,1,1,1.02783726889761,2091,0,1
"z[93,8]",1,0,1,1,1,1,1,NA,1,0,1
"z[94,8]",1,0,1,1,1,1,1,NA,1,0,1
"z[95,8]",0.976444444444444,0.151676642100424,1,1,1,1,1,1.0004128221825,4500,0,1
"z[96,8]",1,0,1,1,1,1,1,NA,1,0,1
"z[97,8]",1,0,1,1,1,1,1,NA,1,0,1
"z[98,8]",1,0,1,1,1,1,1,NA,1,0,1
"z[99,8]",1,0,1,1,1,1,1,NA,1,0,1
"z[100,8]",1,0,1,1,1,1,1,NA,1,0,1
"z[101,8]",1,0,1,1,1,1,1,NA,1,0,1
"z[102,8]",0.503111111111111,0.500045884634864,0,0,1,1,1,1.00001802234689,4500,1,1
"z[103,8]",0.618,0.485930522805471,0,0,1,1,1,0.999778210835386,4500,1,1
"z[104,8]",0.139111111111111,0.346100894176313,0,0,0,0,1,1.00022509288825,4500,1,1
"z[105,8]",0.0228888888888889,0.149565901047889,0,0,0,0,0,1.00104528796929,4500,1,1
"z[106,8]",0,0,0,0,0,0,0,NA,1,1,1
"z[107,8]",1,0,1,1,1,1,1,NA,1,0,1
"z[108,8]",1,0,1,1,1,1,1,NA,1,0,1
"z[109,8]",1,0,1,1,1,1,1,NA,1,0,1
"z[110,8]",1,0,1,1,1,1,1,NA,1,0,1
"z[111,8]",0.319777777777778,0.466442171258347,0,0,0,1,1,1.00015345727009,4500,1,1
"z[112,8]",1,0,1,1,1,1,1,NA,1,0,1
"z[113,8]",1,0,1,1,1,1,1,NA,1,0,1
"z[114,8]",1,0,1,1,1,1,1,NA,1,0,1
"z[115,8]",1,0,1,1,1,1,1,NA,1,0,1
"z[116,8]",1,0,1,1,1,1,1,NA,1,0,1
"z[117,8]",0.957333333333333,0.202126943226378,0,1,1,1,1,1.00462018600924,2463,1,1
"z[118,8]",0.994888888888889,0.071317023933587,1,1,1,1,1,1.01733434770711,4500,0,1
"z[119,8]",1,0,1,1,1,1,1,NA,1,0,1
"z[120,8]",0.99,0.0995098009695405,1,1,1,1,1,1.00042133123201,4500,0,1
"z[121,8]",1,0,1,1,1,1,1,NA,1,0,1
"z[122,8]",1,0,1,1,1,1,1,NA,1,0,1
"z[123,8]",1,0,1,1,1,1,1,NA,1,0,1
"z[124,8]",1,0,1,1,1,1,1,NA,1,0,1
"z[125,8]",1,0,1,1,1,1,1,NA,1,0,1
"z[126,8]",1,0,1,1,1,1,1,NA,1,0,1
"z[127,8]",1,0,1,1,1,1,1,NA,1,0,1
"z[128,8]",1,0,1,1,1,1,1,NA,1,0,1
"z[129,8]",1,0,1,1,1,1,1,NA,1,0,1
"z[130,8]",1,0,1,1,1,1,1,NA,1,0,1
"z[131,8]",1,0,1,1,1,1,1,NA,1,0,1
"z[132,8]",1,0,1,1,1,1,1,NA,1,0,1
"z[133,8]",0.970666666666667,0.168757866791187,0,1,1,1,1,1.00030582029065,4500,1,1
"z[134,8]",1,0,1,1,1,1,1,NA,1,0,1
"z[135,8]",1,0,1,1,1,1,1,NA,1,0,1
"z[136,8]",0.862222222222222,0.344704897700523,0,1,1,1,1,1.0026235598949,1430,1,1
"z[137,8]",1,0,1,1,1,1,1,NA,1,0,1
"z[138,8]",0.994666666666667,0.0728427622699364,1,1,1,1,1,1.02983632260896,2985,0,1
"z[139,8]",0.996,0.0631259497363628,1,1,1,1,1,1.0178320753574,4500,0,1
"z[140,8]",0.997555555555556,0.0493863456663645,1,1,1,1,1,1.00379178827338,4500,0,1
"z[141,8]",0.998666666666667,0.0364945409967103,1,1,1,1,1,1.03900028931154,4500,0,1
"z[142,8]",0.00244444444444444,0.0493863456663645,0,0,0,0,0,1.00379178827338,4500,1,1
"z[143,8]",1,0,1,1,1,1,1,NA,1,0,1
"z[144,8]",0.0373333333333333,0.189598375253176,0,0,0,0,1,1.00605286948891,2167,1,1
"z[145,8]",1,0,1,1,1,1,1,NA,1,0,1
"z[146,8]",1,0,1,1,1,1,1,NA,1,0,1
"z[147,8]",1,0,1,1,1,1,1,NA,1,0,1
"z[148,8]",1,0,1,1,1,1,1,NA,1,0,1
"z[149,8]",1,0,1,1,1,1,1,NA,1,0,1
"z[150,8]",0.994222222222222,0.0758002102747823,1,1,1,1,1,1.02000319097684,4155,0,1
"z[151,8]",0.986444444444444,0.115649360747383,1,1,1,1,1,1.03525502038311,1000,0,1
"z[152,8]",1,0,1,1,1,1,1,NA,1,0,1
"z[153,8]",1,0,1,1,1,1,1,NA,1,0,1
"z[154,8]",0.696444444444444,0.459844072046096,0,0,1,1,1,1.00003152824164,4500,1,1
"z[155,8]",1,0,1,1,1,1,1,NA,1,0,1
"z[156,8]",1,0,1,1,1,1,1,NA,1,0,1
"z[157,8]",1,0,1,1,1,1,1,NA,1,0,1
"z[158,8]",1,0,1,1,1,1,1,NA,1,0,1
"z[159,8]",1,0,1,1,1,1,1,NA,1,0,1
"z[160,8]",0.996888888888889,0.0556966916350484,1,1,1,1,1,1.04516835562949,3306,0,1
"z[161,8]",0.638666666666667,0.480440266341317,0,0,1,1,1,1.00178441868183,1026,1,1
"z[162,8]",0.984222222222222,0.124628612791859,1,1,1,1,1,1.00705468986032,4309,0,1
"z[163,8]",1,0,1,1,1,1,1,NA,1,0,1
"z[164,8]",1,0,1,1,1,1,1,NA,1,0,1
"z[165,8]",1,0,1,1,1,1,1,NA,1,0,1
"z[166,8]",1,0,1,1,1,1,1,NA,1,0,1
"z[167,8]",1,0,1,1,1,1,1,NA,1,0,1
"z[168,8]",0.993111111111111,0.0827221418662089,1,1,1,1,1,1.0033393216296,4500,0,1
"z[169,8]",0.995555555555556,0.0665257457028688,1,1,1,1,1,1.01567977518289,4500,0,1
"z[170,8]",1,0,1,1,1,1,1,NA,1,0,1
"z[171,8]",0.967333333333333,0.177782392941008,0,1,1,1,1,1.00255184473029,4500,1,1
"z[172,8]",1,0,1,1,1,1,1,NA,1,0,1
"z[173,8]",1,0,1,1,1,1,1,NA,1,0,1
"z[174,8]",0.980222222222222,0.139251306560123,1,1,1,1,1,1.00051973310917,4500,0,1
"z[175,8]",1,0,1,1,1,1,1,NA,1,0,1
"z[176,8]",1,0,1,1,1,1,1,NA,1,0,1
"z[177,8]",1,0,1,1,1,1,1,NA,1,0,1
"z[178,8]",0.953777777777778,0.209989350685102,0,1,1,1,1,0.999755519617476,4500,1,1
"z[179,8]",0.945777777777778,0.226480841156445,0,1,1,1,1,0.999675997957099,4500,1,1
"z[180,8]",0.0284444444444444,0.166257332410862,0,0,0,0,1,1.00182814430491,4500,1,1
"z[181,8]",1,0,1,1,1,1,1,NA,1,0,1
"z[182,8]",1,0,1,1,1,1,1,NA,1,0,1
"z[183,8]",1,0,1,1,1,1,1,NA,1,0,1
"z[184,8]",1,0,1,1,1,1,1,NA,1,0,1
"z[185,8]",1,0,1,1,1,1,1,NA,1,0,1
"z[1,9]",1,0,1,1,1,1,1,NA,1,0,1
"z[2,9]",1,0,1,1,1,1,1,NA,1,0,1
"z[3,9]",1,0,1,1,1,1,1,NA,1,0,1
"z[4,9]",1,0,1,1,1,1,1,NA,1,0,1
"z[5,9]",1,0,1,1,1,1,1,NA,1,0,1
"z[6,9]",0.000222222222222222,0.0149071198499986,0,0,0,0,0,1.29093398298233,4500,1,1
"z[7,9]",1,0,1,1,1,1,1,NA,1,0,1
"z[8,9]",1,0,1,1,1,1,1,NA,1,0,1
"z[9,9]",1,0,1,1,1,1,1,NA,1,0,1
"z[10,9]",1,0,1,1,1,1,1,NA,1,0,1
"z[11,9]",1,0,1,1,1,1,1,NA,1,0,1
"z[12,9]",1,0,1,1,1,1,1,NA,1,0,1
"z[13,9]",1,0,1,1,1,1,1,NA,1,0,1
"z[14,9]",0.000666666666666667,0.0258141493083176,0,0,0,0,0,1.13377982835195,4498,1,1
"z[15,9]",1,0,1,1,1,1,1,NA,1,0,1
"z[16,9]",0.925555555555556,0.26252196898347,0,1,1,1,1,1.00035672857717,4500,1,1
"z[17,9]",0.988,0.108897361089598,1,1,1,1,1,1.00333729730656,4500,0,1
"z[18,9]",0.986,0.11750348180963,1,1,1,1,1,1.00468645065246,4500,0,1
"z[19,9]",0.983333333333333,0.128033322512951,1,1,1,1,1,1.01973881853024,1476,0,1
"z[20,9]",0.866222222222222,0.340451231560198,0,1,1,1,1,1.00187736150906,1950,1,1
"z[21,9]",0.753111111111111,0.431249456176893,0,1,1,1,1,1.00035614705232,3895,1,1
"z[22,9]",0.847555555555556,0.35949110480899,0,1,1,1,1,1.00115466641137,2594,1,1
"z[23,9]",0.848444444444444,0.35862940517766,0,1,1,1,1,0.999909680248376,4500,1,1
"z[24,9]",0.818444444444444,0.385520639964811,0,1,1,1,1,0.999888812938056,4500,1,1
"z[25,9]",0.962888888888889,0.189055069145718,0,1,1,1,1,1.0010738157973,4500,1,1
"z[26,9]",0.983555555555556,0.127191272176836,1,1,1,1,1,1.00004394418196,4500,0,1
"z[27,9]",0.980444444444444,0.13848248064772,1,1,1,1,1,1.00053814591274,4500,0,1
"z[28,9]",1,0,1,1,1,1,1,NA,1,0,1
"z[29,9]",1,0,1,1,1,1,1,NA,1,0,1
"z[30,9]",0.982444444444444,0.13134379171788,1,1,1,1,1,1.00591693267529,4500,0,1
"z[31,9]",0.986222222222222,0.116580319235386,1,1,1,1,1,1.00378435748104,4500,0,1
"z[32,9]",0.985777777777778,0.118419030794728,1,1,1,1,1,1.00797593210613,4238,0,1
"z[33,9]",1,0,1,1,1,1,1,NA,1,0,1
"z[34,9]",1,0,1,1,1,1,1,NA,1,0,1
"z[35,9]",1,0,1,1,1,1,1,NA,1,0,1
"z[36,9]",1,0,1,1,1,1,1,NA,1,0,1
"z[37,9]",1,0,1,1,1,1,1,NA,1,0,1
"z[38,9]",1,0,1,1,1,1,1,NA,1,0,1
"z[39,9]",1,0,1,1,1,1,1,NA,1,0,1
"z[40,9]",1,0,1,1,1,1,1,NA,1,0,1
"z[41,9]",0.818444444444444,0.385520639964811,0,1,1,1,1,1.00017824470922,4500,1,1
"z[42,9]",0.771333333333333,0.420020744838499,0,1,1,1,1,0.999883333441804,4500,1,1
"z[43,9]",0.934222222222222,0.247920794922865,0,1,1,1,1,1.00069350046262,4500,1,1
"z[44,9]",0.972888888888889,0.162425248725456,0,1,1,1,1,1.00012775015487,4500,1,1
"z[45,9]",0.98,0.140015558148628,1,1,1,1,1,1.00216558401564,4500,0,1
"z[46,9]",0.987777777777778,0.109888684384328,1,1,1,1,1,1.01955876832118,2021,0,1
"z[47,9]",0.556,0.496909318548356,0,0,1,1,1,1.00081137251963,1776,1,1
"z[48,9]",1,0,1,1,1,1,1,NA,1,0,1
"z[49,9]",0.690444444444444,0.462361784640317,0,0,1,1,1,1.00039043714223,3233,1,1
"z[50,9]",1,0,1,1,1,1,1,NA,1,0,1
"z[51,9]",1,0,1,1,1,1,1,NA,1,0,1
"z[52,9]",1,0,1,1,1,1,1,NA,1,0,1
"z[53,9]",0.0117777777777778,0.107896472423584,0,0,0,0,0,1.00202837040961,4500,1,1
"z[54,9]",1,0,1,1,1,1,1,NA,1,0,1
"z[55,9]",0.792222222222222,0.405761950063745,0,1,1,1,1,1.00205733993859,1272,1,1
"z[56,9]",1,0,1,1,1,1,1,NA,1,0,1
"z[57,9]",0.962666666666667,0.189598375253176,0,1,1,1,1,1.00399308307027,3193,1,1
"z[58,9]",1,0,1,1,1,1,1,NA,1,0,1
"z[59,9]",1,0,1,1,1,1,1,NA,1,0,1
"z[60,9]",1,0,1,1,1,1,1,NA,1,0,1
"z[61,9]",1,0,1,1,1,1,1,NA,1,0,1
"z[62,9]",1,0,1,1,1,1,1,NA,1,0,1
"z[63,9]",1,0,1,1,1,1,1,NA,1,0,1
"z[64,9]",1,0,1,1,1,1,1,NA,1,0,1
"z[65,9]",1,0,1,1,1,1,1,NA,1,0,1
"z[66,9]",1,0,1,1,1,1,1,NA,1,0,1
"z[67,9]",0.00644444444444444,0.0800271001985887,0,0,0,0,0,1.00026806590517,4500,1,1
"z[68,9]",0.000666666666666667,0.0258141493083176,0,0,0,0,0,1.13377982835195,4498,1,1
"z[69,9]",1,0,1,1,1,1,1,NA,1,0,1
"z[70,9]",1,0,1,1,1,1,1,NA,1,0,1
"z[71,9]",1,0,1,1,1,1,1,NA,1,0,1
"z[72,9]",1,0,1,1,1,1,1,NA,1,0,1
"z[73,9]",1,0,1,1,1,1,1,NA,1,0,1
"z[74,9]",1,0,1,1,1,1,1,NA,1,0,1
"z[75,9]",1,0,1,1,1,1,1,NA,1,0,1
"z[76,9]",1,0,1,1,1,1,1,NA,1,0,1
"z[77,9]",1,0,1,1,1,1,1,NA,1,0,1
"z[78,9]",1,0,1,1,1,1,1,NA,1,0,1
"z[79,9]",1,0,1,1,1,1,1,NA,1,0,1
"z[80,9]",0.0933333333333333,0.290931317221604,0,0,0,0,1,1.00031872411786,4500,1,1
"z[81,9]",0.272444444444444,0.445266804820707,0,0,0,1,1,1.00088464635141,2071,1,1
"z[82,9]",1,0,1,1,1,1,1,NA,1,0,1
"z[83,9]",0.176,0.380862487938661,0,0,0,0,1,1.00026299608747,4500,1,1
"z[84,9]",0.925333333333333,0.262881936707821,0,1,1,1,1,1.00027067292594,4500,1,1
"z[85,9]",0.882666666666667,0.321852826698461,0,1,1,1,1,0.999880716341468,4500,1,1
"z[86,9]",0.00911111111111111,0.0950268670194558,0,0,0,0,0,1.00716218821034,4500,1,1
"z[87,9]",1,0,1,1,1,1,1,NA,1,0,1
"z[88,9]",1,0,1,1,1,1,1,NA,1,0,1
"z[89,9]",1,0,1,1,1,1,1,NA,1,0,1
"z[90,9]",1,0,1,1,1,1,1,NA,1,0,1
"z[91,9]",0.0146666666666667,0.120227982292648,0,0,0,0,0,1.02570624587717,1285,1,1
"z[92,9]",1,0,1,1,1,1,1,NA,1,0,1
"z[93,9]",1,0,1,1,1,1,1,NA,1,0,1
"z[94,9]",1,0,1,1,1,1,1,NA,1,0,1
"z[95,9]",0.931111111111111,0.253293243280298,0,1,1,1,1,0.999690601562656,4500,1,1
"z[96,9]",1,0,1,1,1,1,1,NA,1,0,1
"z[97,9]",1,0,1,1,1,1,1,NA,1,0,1
"z[98,9]",1,0,1,1,1,1,1,NA,1,0,1
"z[99,9]",1,0,1,1,1,1,1,NA,1,0,1
"z[100,9]",1,0,1,1,1,1,1,NA,1,0,1
"z[101,9]",1,0,1,1,1,1,1,NA,1,0,1
"z[102,9]",0.389333333333333,0.487653293444934,0,0,0,1,1,0.999896111556509,4500,1,1
"z[103,9]",0.592666666666667,0.491392458348523,0,0,1,1,1,1.00052985625721,2401,1,1
"z[104,9]",1,0,1,1,1,1,1,NA,1,0,1
"z[105,9]",0.0117777777777778,0.107896472423584,0,0,0,0,0,1.01168067573179,3519,1,1
"z[106,9]",0,0,0,0,0,0,0,NA,1,1,1
"z[107,9]",1,0,1,1,1,1,1,NA,1,0,1
"z[108,9]",1,0,1,1,1,1,1,NA,1,0,1
"z[109,9]",1,0,1,1,1,1,1,NA,1,0,1
"z[110,9]",1,0,1,1,1,1,1,NA,1,0,1
"z[111,9]",1,0,1,1,1,1,1,NA,1,0,1
"z[112,9]",0.826222222222222,0.378960387479294,0,1,1,1,1,0.999800643570691,4500,1,1
"z[113,9]",1,0,1,1,1,1,1,NA,1,0,1
"z[114,9]",1,0,1,1,1,1,1,NA,1,0,1
"z[115,9]",1,0,1,1,1,1,1,NA,1,0,1
"z[116,9]",0.925777777777778,0.262161318587002,0,1,1,1,1,1.00608917923097,1131,1,1
"z[117,9]",0.859777777777778,0.347256026113763,0,1,1,1,1,1.00016160139415,4500,1,1
"z[118,9]",0.977111111111111,0.149565901047889,1,1,1,1,1,1.00030734407157,4500,0,1
"z[119,9]",1,0,1,1,1,1,1,NA,1,0,1
"z[120,9]",0.975111111111111,0.155803807734777,1,1,1,1,1,1.00046218222712,4500,0,1
"z[121,9]",1,0,1,1,1,1,1,NA,1,0,1
"z[122,9]",0.686,0.46416794180033,0,0,1,1,1,1.0000308660874,4500,1,1
"z[123,9]",0.839111111111111,0.367469266471889,0,1,1,1,1,1.00041503151499,4500,1,1
"z[124,9]",0.772666666666667,0.41915621376802,0,1,1,1,1,0.999890118869663,4500,1,1
"z[125,9]",1,0,1,1,1,1,1,NA,1,0,1
"z[126,9]",0.963555555555556,0.187414119688263,0,1,1,1,1,1.00040641491251,4500,1,1
"z[127,9]",0.0448888888888889,0.207083090060559,0,0,0,0,1,1.00100923825095,4500,1,1
"z[128,9]",1,0,1,1,1,1,1,NA,1,0,1
"z[129,9]",1,0,1,1,1,1,1,NA,1,0,1
"z[130,9]",0.0506666666666667,0.219340481264845,0,0,0,0,1,1.00180384166482,4500,1,1
"z[131,9]",1,0,1,1,1,1,1,NA,1,0,1
"z[132,9]",1,0,1,1,1,1,1,NA,1,0,1
"z[133,9]",1,0,1,1,1,1,1,NA,1,0,1
"z[134,9]",1,0,1,1,1,1,1,NA,1,0,1
"z[135,9]",0.841111111111111,0.365613067283923,0,1,1,1,1,1.00081358054854,3266,1,1
"z[136,9]",0.740444444444444,0.438439490389329,0,0,1,1,1,1.00011976973852,4500,1,1
"z[137,9]",0.0442222222222222,0.205611312804703,0,0,0,0,1,1.00059056221223,4500,1,1
"z[138,9]",0.978888888888889,0.143770739157005,1,1,1,1,1,1.01337415370702,1737,0,1
"z[139,9]",1,0,1,1,1,1,1,NA,1,0,1
"z[140,9]",1,0,1,1,1,1,1,NA,1,0,1
"z[141,9]",1,0,1,1,1,1,1,NA,1,0,1
"z[142,9]",0.00155555555555556,0.0394142235807543,0,0,0,0,0,1.03825136434619,4500,1,1
"z[143,9]",1,0,1,1,1,1,1,NA,1,0,1
"z[144,9]",1,0,1,1,1,1,1,NA,1,0,1
"z[145,9]",0.908444444444444,0.288429580365407,0,1,1,1,1,1.00119223379496,3945,1,1
"z[146,9]",0.833111111111111,0.372918076298587,0,1,1,1,1,1.00022813941471,4500,1,1
"z[147,9]",1,0,1,1,1,1,1,NA,1,0,1
"z[148,9]",1,0,1,1,1,1,1,NA,1,0,1
"z[149,9]",0.976,0.153066020038189,1,1,1,1,1,1.00128408047194,4500,0,1
"z[150,9]",0.978666666666667,0.14450904074975,1,1,1,1,1,1.01086721618087,2104,0,1
"z[151,9]",0.977111111111111,0.149565901047889,1,1,1,1,1,1.00907001447073,2348,0,1
"z[152,9]",1,0,1,1,1,1,1,NA,1,0,1
"z[153,9]",1,0,1,1,1,1,1,NA,1,0,1
"z[154,9]",0.0117777777777778,0.107896472423584,0,0,0,0,0,1.01586854998645,2591,1,1
"z[155,9]",1,0,1,1,1,1,1,NA,1,0,1
"z[156,9]",1,0,1,1,1,1,1,NA,1,0,1
"z[157,9]",1,0,1,1,1,1,1,NA,1,0,1
"z[158,9]",1,0,1,1,1,1,1,NA,1,0,1
"z[159,9]",1,0,1,1,1,1,1,NA,1,0,1
"z[160,9]",1,0,1,1,1,1,1,NA,1,0,1
"z[161,9]",0.501555555555556,0.500053144788681,0,0,1,1,1,1.00044326576271,2580,1,1
"z[162,9]",1,0,1,1,1,1,1,NA,1,0,1
"z[163,9]",1,0,1,1,1,1,1,NA,1,0,1
"z[164,9]",1,0,1,1,1,1,1,NA,1,0,1
"z[165,9]",1,0,1,1,1,1,1,NA,1,0,1
"z[166,9]",0.931777777777778,0.252154872981642,0,1,1,1,1,1.00071790291669,4500,1,1
"z[167,9]",0.988666666666667,0.105864911172911,1,1,1,1,1,1.00493552721682,4500,0,1
"z[168,9]",0.985777777777778,0.118419030794728,1,1,1,1,1,1.00576548639937,4500,0,1
"z[169,9]",0.988222222222222,0.107896472423584,1,1,1,1,1,0.999848744817661,4500,0,1
"z[170,9]",0.986,0.11750348180963,1,1,1,1,1,1.01378587663736,2519,0,1
"z[171,9]",1,0,1,1,1,1,1,NA,1,0,1
"z[172,9]",1,0,1,1,1,1,1,NA,1,0,1
"z[173,9]",1,0,1,1,1,1,1,NA,1,0,1
"z[174,9]",1,0,1,1,1,1,1,NA,1,0,1
"z[175,9]",1,0,1,1,1,1,1,NA,1,0,1
"z[176,9]",1,0,1,1,1,1,1,NA,1,0,1
"z[177,9]",1,0,1,1,1,1,1,NA,1,0,1
"z[178,9]",0.937111111111111,0.242789983053629,0,1,1,1,1,1.00018569981864,4500,1,1
"z[179,9]",0.926666666666667,0.260711833537911,0,1,1,1,1,1.00016376880849,4500,1,1
"z[180,9]",0.489777777777778,0.499951048454553,0,0,0,1,1,1.00031425377331,3094,1,1
"z[181,9]",1,0,1,1,1,1,1,NA,1,0,1
"z[182,9]",1,0,1,1,1,1,1,NA,1,0,1
"z[183,9]",1,0,1,1,1,1,1,NA,1,0,1
"z[184,9]",1,0,1,1,1,1,1,NA,1,0,1
"z[185,9]",1,0,1,1,1,1,1,NA,1,0,1
"deviance",3789.72560755264,28.6516574939917,3737.67879909374,3769.70054314704,3788.38570144437,3808.27602046052,3850.68451378372,0.999845864023643,4500,0,1
