"parameter","mean","sd","2.5%","25%","50%","75%","97.5%","Rhat","n.eff","overlap0","f"
"a.psi[1]",-2.55360610849746,0.99092330842552,-4.62590727249689,-3.16561883840947,-2.51009508739307,-1.87188991468118,-0.782190861228669,1.00157379204465,1376,0,0.998444444444444
"a.psi[2]",0.504101282736084,0.836609795983633,-0.950676662794773,-0.0656929938666796,0.42002517459241,1.00644452937241,2.39289143835678,1.00693861649746,287,1,0.717555555555556
"a.psi[3]",-1.56569377370121,0.696937629686841,-2.95998785668026,-2.00688189841336,-1.54709192886844,-1.10414536773385,-0.217627604978104,1.00368665698828,553,0,0.987111111111111
"a.psi[4]",-3.04331666608266,0.988797647024908,-5.14255069768091,-3.66647922243571,-2.99960541277619,-2.36384908754085,-1.2824772959417,0.999951506525888,4500,0,0.999555555555556
"b.psi.elev",-0.1079867305276,0.545726122006049,-1.27771027436855,-0.438800111915981,-0.0712473153214052,0.26687171526879,0.874986963396202,1.00440663342656,455,1,0.555777777777778
"b.psi.water",-0.111126574085052,0.500705349498874,-1.16574693590896,-0.417459741458529,-0.0799420264657195,0.230562755398231,0.781351472174451,1.01862557405845,134,1,0.567111111111111
"a.gam[1]",-0.763868628406517,0.823004716005901,-2.18412404220422,-1.34379040856402,-0.841094207571018,-0.248613744781516,1.01185356571606,1.00293554138789,1782,1,0.828888888888889
"a.gam[2]",-1.27954312384156,0.898577590016216,-2.99041236492608,-1.88748327532692,-1.32153893144295,-0.674061862429433,0.558349407094364,1.0009645355081,2103,1,0.917555555555556
"a.gam[3]",-1.26127968159601,0.771497184097165,-2.57994020513121,-1.79718911908457,-1.32753211593124,-0.80083470926956,0.404111488689649,1.00123567885441,3726,1,0.938444444444444
"a.gam[4]",-2.13459096407097,0.787775255216282,-3.54649194309587,-2.68039643281087,-2.19342214277989,-1.64796543854274,-0.478681494244584,1.00213770811116,1253,0,0.990222222222222
"b.gam.elev",-0.0712664271351355,0.270524598625101,-0.652876583619069,-0.238802402200418,-0.0604059228791317,0.106874413314501,0.429650894716093,1.00444265333004,567,1,0.594444444444444
"b.gam.water",-0.0676084975250155,0.201098059607959,-0.466109019286338,-0.201129670465831,-0.0678388037210858,0.0643635386913186,0.324180206353323,1.00099511107985,1947,1,0.628222222222222
"b.gam.road",0.366576563031055,0.250344282103305,-0.0838700064483855,0.192995796807896,0.353683996045304,0.519291797460169,0.903925235313112,1.00291608721497,4500,1,0.941111111111111
"b.gam.harv",0.156569479986945,0.230806606285808,-0.311075571922671,0.00311387002315834,0.157787927896919,0.305361988248539,0.613232657845965,1.00326731486018,640,1,0.754222222222222
"a.phi[1]",0.541196907805662,1.14480853016907,-1.72568899421847,-0.210554336738821,0.537436202885282,1.29387237331125,2.72793752874953,1.00188331732713,1519,1,0.688666666666667
"a.phi[2]",2.00080015905337,1.00397642824422,0.222684228669715,1.29708591649556,1.94511662347345,2.63866897810341,4.12942512578204,1.00112806319479,2818,0,0.983555555555556
"a.phi[3]",1.22937481759861,1.13263653673773,-1.0844449096222,0.480497361442299,1.24182063395494,1.9972098563495,3.41349497429495,0.999971029284156,4500,1,0.863555555555556
"a.phi[4]",-0.133943460362685,1.33719709842833,-2.82993468711863,-1.04450842304019,-0.076230814806435,0.780688809750985,2.41733347550498,1.00029231414251,3347,1,0.522666666666667
"b.phi.elev",2.46407824013659,1.00330951680952,0.288960487648923,1.87606640652895,2.51742959269508,3.13041366207195,4.34587355922922,1.00991696101904,215,0,0.984
"b.phi.water",-0.651157015854816,0.519399108954556,-1.81717790417104,-0.958611191642004,-0.609109874296093,-0.308833455002583,0.249603390357348,1.00141059536835,4500,1,0.912
"b.phi.road",0.273377780177833,0.595405666042592,-0.925666308390108,-0.102926019035951,0.274912964304208,0.656581557997205,1.45629975943417,1.0010055092901,2100,1,0.69
"b.phi.harv",0.534761230803022,0.583174978554799,-0.550383925524164,0.121249657783538,0.526538599561281,0.927079025037709,1.71752207940969,1.00494536601057,415,1,0.815555555555556
"a.p",-1.23368342091751,0.308796868241062,-1.85896870764763,-1.43325731437472,-1.23469240546986,-1.03986945968872,-0.615929329734967,1.00315789623911,726,0,1
"b.p.ak",0.00838251371325189,1.66581697556752,-3.25764627607596,-1.08501870430969,0.053064567422561,1.14035099937659,3.20187790947984,1.00016567352134,4500,1,0.511777777777778
"b.p.clutter",-0.0320228312756829,0.0825989379616311,-0.199691827108018,-0.0865161907366295,-0.031994268393664,0.0235614726135555,0.131199103582857,1.00009000746538,4500,1,0.647777777777778
"b.p.temp",0.196511437164649,0.072715544568419,0.0540557661544381,0.148063860612098,0.195425224047318,0.244349573244152,0.34312367130009,1.00201437333146,1004,0,0.996444444444444
"b.p.julian",0.307037082405612,0.0746515936418032,0.16187577755518,0.255585552676061,0.306611917338292,0.357295434577876,0.453984783109745,0.999758279869627,4500,0,1
"sigma.gam",2.31837094741023,1.38880056905948,0.794755358371047,1.42440516080423,1.98262941721041,2.80677347852491,5.89577463791733,1.00629871769728,4500,0,1
"sigma.phi",1.93105232484265,2.29352319216452,0.100718547148335,0.711737796837768,1.38287032282126,2.3504849434425,7.55857554644407,1.09043715459342,146,0,1
"sigma.p",0.846597156142774,0.262928442009137,0.471133002330894,0.662429812421214,0.80066260636079,0.983477160103507,1.48860876017232,1.00360373245679,623,0,1
"eps.gam[1]",-3.30597405027829,2.08235765838296,-8.5019979334485,-4.16952731142504,-2.88156147404546,-1.93662499514353,-0.62821951174376,1.00330111676404,2043,0,0.997777777777778
"eps.gam[2]",-2.88841662460041,2.04129528834534,-7.9330618146506,-3.75246176652841,-2.47158499835354,-1.52260319275209,-0.206414353652927,1.00181486444904,2073,0,0.986444444444444
"eps.gam[3]",-0.802307194013971,0.94053398548961,-2.84661170036446,-1.34300301878017,-0.722940688444637,-0.166855231500378,0.789629214507266,1.00047499190496,4500,1,0.820222222222222
"eps.gam[4]",-2.36433898566379,2.04129335276196,-7.41984449756756,-3.04416648762135,-1.95336262848047,-1.14711073295496,-0.000523760343497959,1.01591654478733,734,0,0.974888888888889
"eps.gam[5]",0.179205285134113,0.833806988244788,-1.59108079823168,-0.346112525716278,0.22984246378699,0.754007613652835,1.66677670453397,1.0029002958919,649,1,0.611111111111111
"eps.gam[6]",-0.20613757792898,1.14078481907123,-2.74410837709683,-0.830075616996963,-0.0939885851843389,0.518602928809224,1.71153647461019,1.00331018228779,2249,1,0.536888888888889
"eps.gam[7]",0.0862467076463193,1.97948039942986,-3.48864463088566,-0.340911564178527,0.40571694125249,0.997422206324616,2.02913361484252,1.07602570179976,626,1,0.646666666666667
"eps.gam[8]",0.153826535323095,0.985273741660024,-2.0426123618137,-0.38953812135292,0.260721521708494,0.827669398908391,1.71703619219824,1.00428567317993,928,1,0.609111111111111
"eps.phi[1]",-0.809593737966416,1.1858994916625,-3.34493166365109,-1.54687031599535,-0.649089784735532,-0.0213973575735117,1.28048453371862,1.00600048370872,416,1,0.762444444444444
"eps.phi[2]",0.117264864256511,1.94171491353308,-2.93081226472927,-0.817085830789805,-0.0630194581664444,0.607456822842074,4.95512687019534,1.02013675556746,1008,1,0.453555555555556
"eps.phi[3]",0.578460573435122,2.13106527157091,-2.4262805696337,-0.402764901992548,0.145157728906512,1.11915327155305,5.83876371802531,1.00760141901263,4500,1,0.583777777777778
"eps.phi[4]",1.23117677683319,2.86270804669551,-1.47281158018632,-0.101938626729608,0.439058557396092,1.58717548229321,8.41278490454782,1.03385587315977,298,1,0.695777777777778
"eps.phi[5]",1.47013999249828,3.30464795910083,-1.05850353041585,0.00623572069137811,0.651772334178911,1.89025882143578,8.23623373408143,1.14795215995555,141,1,0.757333333333333
"eps.phi[6]",0.716378774148549,1.85515327195238,-1.75437734947308,-0.239339439074239,0.262817413762579,1.25695036836176,5.62567299225323,1.00774100156069,1365,1,0.626888888888889
"eps.phi[7]",2.26422388665622,3.18718993087118,-0.402228154546606,0.353050417440807,1.44227904864336,3.10173374075084,9.39619217502823,1.13164497846018,96,1,0.884666666666667
"eps.phi[8]",0.511758235062016,0.902313807717412,-0.979657907075685,-0.0663949781603025,0.362791806524037,0.999525837002573,2.65359392720776,1.00478212216935,759,1,0.704222222222222
"eps.p[1]",0.333246592719368,0.420895849937012,-0.47376458223343,0.0590018913304485,0.320748502318668,0.605932553882637,1.18797799291429,1.00061320866025,3401,1,0.791777777777778
"eps.p[2]",0.437365031359501,0.457486072696682,-0.440927697993555,0.141353540574919,0.417069785493809,0.725678889480257,1.37257449032135,1.0026404188288,710,1,0.841111111111111
"eps.p[3]",-0.416997438822309,0.456482125944193,-1.33452397317916,-0.712473490564256,-0.411858702580179,-0.118053215527572,0.470305108882388,1.00394403568598,580,1,0.827333333333333
"eps.p[4]",-0.739543713841586,0.400293519388269,-1.5879125901862,-0.996756313881737,-0.727386635241901,-0.473417673236887,0.0159522263021308,1.00390493513844,587,1,0.972222222222222
"eps.p[5]",-0.0999032544121306,0.386745756527272,-0.88391194112741,-0.348737154532227,-0.100098404862705,0.159348332191137,0.641360070054753,1.00220094078044,850,1,0.6
"eps.p[6]",-0.310162229663829,0.353357591501995,-1.05920712831478,-0.536651954822824,-0.303072294637018,-0.0749951414847733,0.373076951578901,1.00033504749268,4500,1,0.813555555555556
"eps.p[7]",-0.749211326818777,0.411801412273394,-1.57634628459355,-1.02022980163141,-0.745353218751194,-0.472725286630105,0.0592523933083466,1.0022309806348,1516,1,0.968444444444444
"eps.p[8]",-0.060961354567748,0.340866122823684,-0.753899910727905,-0.278770164157223,-0.0558985012642207,0.16602899832821,0.60409268769476,1.0028270982104,917,1,0.567555555555556
"eps.p[9]",1.35851643768386,0.330316987438407,0.71710235425658,1.1427153411859,1.35751446738724,1.57292417112276,2.02115824983627,1.00175116024864,1304,0,1
"psi.fs[1]",0.25923963963964,0.0639433792872049,0.151351351351351,0.210810810810811,0.254054054054054,0.302702702702703,0.389189189189189,1.01103332098026,187,0,1
"psi.fs[2]",0.172227027027027,0.0424204676808459,0.0972972972972973,0.140540540540541,0.167567567567568,0.2,0.259459459459459,1.01211799652769,235,0,1
"psi.fs[3]",0.173747747747748,0.0468799444607284,0.0918918918918919,0.140540540540541,0.167567567567568,0.205405405405405,0.275675675675676,1.01008295088692,249,0,1
"psi.fs[4]",0.264951351351351,0.0463708625998481,0.178378378378378,0.232432432432432,0.264864864864865,0.291891891891892,0.362162162162162,1.0064534882242,393,0,1
"psi.fs[5]",0.256139339339339,0.0404163218532672,0.183783783783784,0.227027027027027,0.254054054054054,0.281081081081081,0.340540540540541,1.01120218575784,264,0,1
"psi.fs[6]",0.414413213213213,0.0562125477548332,0.318918918918919,0.378378378378378,0.410810810810811,0.448648648648649,0.540540540540541,1.00551462477501,2510,0,1
"psi.fs[7]",0.434201801801802,0.0742538914909088,0.302702702702703,0.383783783783784,0.432432432432432,0.481081081081081,0.594594594594595,1.00198997718896,1025,0,1
"psi.fs[8]",0.534235435435435,0.0648758940615784,0.410810810810811,0.491891891891892,0.535135135135135,0.578378378378378,0.664864864864865,1.00384954414386,1328,0,1
"psi.fs[9]",0.523257657657658,0.0271901468714584,0.47027027027027,0.502702702702703,0.524324324324324,0.540540540540541,0.578378378378378,1.00110473617306,1427,0,1
"psi.surv[1]",0.216007285974499,0.0375526747235614,0.163934426229508,0.19672131147541,0.213114754098361,0.245901639344262,0.295081967213115,1.00293921613842,893,0,1
"psi.surv[2]",0.14359748427673,0.0323717132945572,0.0943396226415094,0.122641509433962,0.141509433962264,0.160377358490566,0.216981132075472,1.00763694201314,350,0,1
"psi.surv[3]",0.145429801894918,0.0384512035227027,0.0775193798449612,0.116279069767442,0.13953488372093,0.170542635658915,0.232558139534884,1.00804632701779,309,0,1
"psi.surv[4]",0.250587185725872,0.0418078837227491,0.175182481751825,0.218978102189781,0.248175182481752,0.277372262773723,0.343065693430657,1.00439952852959,539,0,1
"psi.surv[5]",0.242289777777778,0.0347707640148954,0.184,0.216,0.24,0.264,0.32,1.00712263571977,437,0,1
"psi.surv[6]",0.430019388516033,0.0537399302745072,0.335570469798658,0.395973154362416,0.422818791946309,0.463087248322148,0.550335570469799,1.00519608208753,2462,0,1
"psi.surv[7]",0.38470796460177,0.0770228152057409,0.256637168141593,0.327433628318584,0.380530973451327,0.433628318584071,0.548672566371681,1.00106258353965,1573,0,1
"psi.surv[8]",0.553184027777778,0.0646093420350119,0.421875,0.5078125,0.5546875,0.59375,0.6875,1.00501026196605,818,0,1
"psi.surv[9]",0.547465977605513,0.0210546508965996,0.511627906976744,0.534883720930233,0.542635658914729,0.558139534883721,0.589147286821705,1.00201409680332,1132,0,1
"n.occ[1]",47.9593333333333,11.8295251681329,28,39,47,56,72,1.01103332098026,187,0,1
"n.occ[2]",31.862,7.84778652095649,18,26,31,37,48,1.01211799652769,235,0,1
"n.occ[3]",32.1433333333333,8.67278972523475,17,26,31,38,51,1.01008295088692,249,0,1
"n.occ[4]",49.016,8.5786095809719,33,43,49,54,67,1.0064534882242,393,0,1
"n.occ[5]",47.3857777777778,7.47701954285443,34,42,47,52,63,1.01120218575784,264,0,1
"n.occ[6]",76.6664444444445,10.3993213346441,59,70,76,83,100,1.00551462477501,2510,0,1
"n.occ[7]",80.3273333333333,13.7369699258181,56,71,80,89,110,1.00198997718896,1025,0,1
"n.occ[8]",98.8335555555555,12.002040401392,76,91,99,107,123,1.00384954414387,1328,0,1
"n.occ[9]",96.8026666666667,5.0301771712198,87,93,97,100,107,1.00110473617306,1427,0,1
"psi.reg[1,1]",0.074974358974359,0.0615310615384597,0,0.0256410256410256,0.0512820512820513,0.102564102564103,0.230769230769231,1.0111488183588,313,1,1
"psi.reg[2,1]",0.601518518518519,0.154634321096576,0.316666666666667,0.483333333333333,0.6,0.716666666666667,0.883333333333333,1.013121512353,159,0,1
"psi.reg[3,1]",0.176249158249158,0.0784735011728778,0.0606060606060606,0.121212121212121,0.151515151515152,0.212121212121212,0.363636363636364,1.00369787676401,1006,0,1
"psi.reg[4,1]",0.0590188679245283,0.0618767101357054,0,0.0188679245283019,0.0377358490566038,0.0754716981132075,0.226415094339623,1.00112274691364,4500,1,1
"psi.reg[1,2]",0.0825811965811966,0.0553283112014955,0,0.0512820512820513,0.0769230769230769,0.102564102564103,0.205128205128205,1.01086096003308,300,1,1
"psi.reg[2,2]",0.414614814814815,0.0989491214152937,0.24125,0.333333333333333,0.416666666666667,0.483333333333333,0.616666666666667,1.00989144297389,254,0,1
"psi.reg[3,2]",0.0975420875420875,0.0492242299844667,0.0303030303030303,0.0606060606060606,0.0909090909090909,0.121212121212121,0.212121212121212,1.00411794568069,1023,0,1
"psi.reg[4,2]",0.010293501048218,0.0161829576388587,0,0,0,0.0188679245283019,0.0566037735849057,1.00310447641815,1289,1,1
"psi.reg[1,3]",0.115213675213675,0.0656701317828137,0.0256410256410256,0.0769230769230769,0.102564102564103,0.153846153846154,0.282051282051282,1.00809683696041,404,0,1
"psi.reg[2,3]",0.386907407407407,0.0952302955297209,0.216666666666667,0.316666666666667,0.383333333333333,0.45,0.566666666666667,1.01100761222621,213,0,1
"psi.reg[3,3]",0.106511784511785,0.0570569352781294,0.0303030303030303,0.0606060606060606,0.0909090909090909,0.151515151515152,0.242424242424242,1.00404644360561,558,0,1
"psi.reg[4,3]",0.0173710691823899,0.0250855041184643,0,0,0,0.0188679245283019,0.0754716981132075,1.0020848204903,3314,1,1
"psi.reg[1,4]",0.277350427350427,0.0652022105394246,0.179487179487179,0.230769230769231,0.256410256410256,0.307692307692308,0.435897435897436,1.00334307555129,1056,0,1
"psi.reg[2,4]",0.449488888888889,0.0863443462323948,0.283333333333333,0.383333333333333,0.45,0.516666666666667,0.616666666666667,1.00998710141055,323,0,1
"psi.reg[3,4]",0.230632996632997,0.0642731727884502,0.121212121212121,0.181818181818182,0.212121212121212,0.272727272727273,0.363636363636364,1.00267146827138,1134,0,1
"psi.reg[4,4]",0.0682851153039832,0.0454477771707408,0,0.0377358490566038,0.0566037735849057,0.0943396226415094,0.169811320754717,1.00288710795117,1515,1,1
"psi.reg[1,5]",0.250558404558405,0.0687338943861194,0.128205128205128,0.205128205128205,0.256410256410256,0.282051282051282,0.41025641025641,1.00361739944474,579,0,1
"psi.reg[2,5]",0.433111111111111,0.0784287613588492,0.283333333333333,0.383333333333333,0.433333333333333,0.483333333333333,0.583333333333333,1.00879744754955,347,0,1
"psi.reg[3,5]",0.255104377104377,0.0547178898571819,0.181818181818182,0.212121212121212,0.242424242424242,0.272727272727273,0.363636363636364,1.00386914445774,745,0,1
"psi.reg[4,5]",0.0605450733752621,0.0262281145021156,0.0377358490566038,0.0377358490566038,0.0566037735849057,0.0754716981132075,0.132075471698113,1.00491017096266,800,0,1
"psi.reg[1,6]",0.483760683760684,0.0951752885902718,0.333333333333333,0.41025641025641,0.461538461538462,0.538461538461538,0.692307692307692,1.00454779399777,1593,0,1
"psi.reg[2,6]",0.556396296296296,0.0792226157774392,0.416666666666667,0.5,0.55,0.6,0.733333333333333,1.00442606676345,3776,0,1
"psi.reg[3,6]",0.440511784511785,0.0883955382054195,0.303030303030303,0.363636363636364,0.424242424242424,0.484848484848485,0.636363636363636,1.00294699036148,1776,0,1
"psi.reg[4,6]",0.186398322851153,0.0570196942786597,0.0943396226415094,0.150943396226415,0.169811320754717,0.226415094339623,0.320754716981132,0.999982263806732,4500,0,1
"psi.reg[1,7]",0.521367521367521,0.119495444124467,0.282051282051282,0.435897435897436,0.512820512820513,0.58974358974359,0.743589743589744,1.00134157623081,2281,0,1
"psi.reg[2,7]",0.567348148148148,0.0842446562865719,0.4,0.516666666666667,0.566666666666667,0.616666666666667,0.733333333333333,1.00416731435363,522,0,1
"psi.reg[3,7]",0.490868686868687,0.108207367533178,0.303030303030303,0.424242424242424,0.484848484848485,0.575757575757576,0.727272727272727,1.00115412324955,1624,0,1
"psi.reg[4,7]",0.184046121593291,0.0720328917409389,0.0754716981132075,0.132075471698113,0.169811320754717,0.226415094339623,0.358490566037736,1.00038972013893,4500,0,1
"psi.reg[1,8]",0.645868945868946,0.106207785590634,0.41025641025641,0.58974358974359,0.641025641025641,0.717948717948718,0.846153846153846,1.00278999306536,1331,0,1
"psi.reg[2,8]",0.663296296296296,0.0779283621503388,0.516666666666667,0.616666666666667,0.666666666666667,0.716666666666667,0.833333333333333,1.0027407405057,1783,0,1
"psi.reg[3,8]",0.637245791245791,0.0849074318345755,0.484848484848485,0.575757575757576,0.636363636363636,0.696969696969697,0.787878787878788,1.00193219672096,1852,0,1
"psi.reg[4,8]",0.241844863731656,0.077770833073295,0.132075471698113,0.188679245283019,0.226415094339623,0.283018867924528,0.424999999999993,1.00092772283777,3097,0,1
"psi.reg[1,9]",0.747612535612536,0.0451073689024535,0.666666666666667,0.717948717948718,0.743589743589744,0.769230769230769,0.846153846153846,1.00110601427408,1458,0,1
"psi.reg[2,9]",0.634637037037037,0.0432614812981098,0.55,0.6,0.633333333333333,0.666666666666667,0.716666666666667,1.00186839160049,1217,0,1
"psi.reg[3,9]",0.661407407407407,0.0591047335819124,0.545454545454545,0.606060606060606,0.666666666666667,0.696969696969697,0.787878787878788,1.00107175388012,1527,0,1
"psi.reg[4,9]",0.146058700209644,0.0510533140889483,0.0566037735849057,0.113207547169811,0.132075471698113,0.169811320754717,0.264150943396226,1.00011682497353,4500,0,1
"n.occ.reg[1,1]",2.924,2.39971139999993,0,1,2,4,9,1.0111488183588,313,1,1
"n.occ.reg[2,1]",36.0911111111111,9.27805926579457,19,29,36,43,53,1.013121512353,159,0,1
"n.occ.reg[3,1]",5.81622222222222,2.58962553870497,2,4,5,7,12,1.00369787676401,1006,0,1
"n.occ.reg[4,1]",3.128,3.27946563719239,0,1,2,4,12,1.00112274691364,4500,1,1
"n.occ.reg[1,2]",3.22066666666667,2.15780413685832,0,2,3,4,8,1.01086096003308,300,1,1
"n.occ.reg[2,2]",24.8768888888889,5.93694728491762,14.475,20,25,29,37,1.00989144297389,254,0,1
"n.occ.reg[3,2]",3.21888888888889,1.6243995894874,1,2,3,4,7,1.00411794568069,1023,0,1
"n.occ.reg[4,2]",0.545555555555556,0.85769675485951,0,0,0,1,3,1.00310447641815,1289,1,1
"n.occ.reg[1,3]",4.49333333333333,2.56113513952973,1,3,4,6,11,1.00809683696041,404,0,1
"n.occ.reg[2,3]",23.2144444444444,5.71381773178325,13,19,23,27,34,1.01100761222621,213,0,1
"n.occ.reg[3,3]",3.51488888888889,1.88287886417827,1,2,3,5,8,1.00404644360561,558,0,1
"n.occ.reg[4,3]",0.920666666666667,1.32953171827861,0,0,0,1,4,1.0020848204903,3314,1,1
"n.occ.reg[1,4]",10.8166666666667,2.54288621103756,7,9,10,12,17,1.00334307555129,1056,0,1
"n.occ.reg[2,4]",26.9693333333333,5.18066077394369,17,23,27,31,37,1.00998710141055,323,0,1
"n.occ.reg[3,4]",7.61088888888889,2.12101470201886,4,6,7,9,12,1.00267146827138,1134,0,1
"n.occ.reg[4,4]",3.61911111111111,2.40873219004926,0,2,3,5,9,1.00288710795117,1515,1,1
"n.occ.reg[1,5]",9.77177777777778,2.68062188105865,5,8,10,11,16,1.00361739944474,579,0,1
"n.occ.reg[2,5]",25.9866666666667,4.70572568153095,17,23,26,29,35,1.00879744754955,347,0,1
"n.occ.reg[3,5]",8.41844444444444,1.805690365287,6,7,8,9,12,1.00386914445774,745,0,1
"n.occ.reg[4,5]",3.20888888888889,1.39009006861213,2,2,3,4,7,1.00491017096266,800,0,1
"n.occ.reg[1,6]",18.8666666666667,3.7118362550206,13,16,18,21,27,1.00454779399777,1593,0,1
"n.occ.reg[2,6]",33.3837777777778,4.75335694664635,25,30,33,36,44,1.00442606676345,3776,0,1
"n.occ.reg[3,6]",14.5368888888889,2.91705276077884,10,12,14,16,21,1.00294699036148,1776,0,1
"n.occ.reg[4,6]",9.87911111111111,3.02204379676897,5,8,9,12,17,0.999982263806732,4500,0,1
"n.occ.reg[1,7]",20.3333333333333,4.66032232085422,11,17,20,23,29,1.00134157623081,2281,0,1
"n.occ.reg[2,7]",34.0408888888889,5.05467937719431,24,31,34,37,44,1.00416731435363,522,0,1
"n.occ.reg[3,7]",16.1986666666667,3.57084312859486,10,14,16,19,24,1.00115412324955,1624,0,1
"n.occ.reg[4,7]",9.75444444444445,3.81774326226976,4,7,9,12,19,1.00038972013893,4500,0,1
"n.occ.reg[1,8]",25.1888888888889,4.14210363803474,16,23,25,28,33,1.00278999306536,1331,0,1
"n.occ.reg[2,8]",39.7977777777778,4.67570172902033,31,37,40,43,50,1.0027407405057,1783,0,1
"n.occ.reg[3,8]",21.0291111111111,2.80194525054099,16,19,21,23,26,1.00193219672096,1852,0,1
"n.occ.reg[4,8]",12.8177777777778,4.12185415288464,7,10,12,15,22.5249999999996,1.00092772283777,3097,0,1
"n.occ.reg[1,9]",29.1568888888889,1.75918738719568,26,28,29,30,33,1.00110601427408,1458,0,1
"n.occ.reg[2,9]",38.0782222222222,2.59568887788659,33,36,38,40,43,1.00186839160049,1217,0,1
"n.occ.reg[3,9]",21.8264444444444,1.95045620820311,18,20,22,23,26,1.00107175388012,1527,0,1
"n.occ.reg[4,9]",7.74111111111111,2.70582564671426,3,6,7,9,14,1.00011682497353,4500,0,1
"psi.reg.init[1]",0.0988640105101386,0.0818665944673688,0.00969976960306941,0.040480251441506,0.0751535090115108,0.133323198460305,0.313849129410704,1.00419516428448,1181,0,1
"psi.reg.init[2]",0.604727408074346,0.168756996983901,0.278748766654107,0.483582657154926,0.603489273041081,0.732323758098365,0.916283625292433,1.00829239622256,245,0,1
"psi.reg.init[3]",0.193388017359954,0.103735432989331,0.0492665753772456,0.118482264374084,0.17550668177572,0.248963991130084,0.445806835572771,1.00605838695794,546,0,1
"psi.reg.init[4]",0.0650001606939643,0.0581162369642863,0.00580894381252306,0.0249289844032861,0.0474437500262907,0.0859712502833432,0.217128890509396,1.00029097511769,4500,0,1
"gamma.reg[1,1]",0.0365525258513694,0.0399958505574916,0.000189419078701417,0.00839880897141575,0.0235909063005306,0.0514450363247052,0.148014785061283,0.999876273915482,4500,0,1
"gamma.reg[2,1]",0.0253075552723958,0.0325454629628509,8.96500344486009e-05,0.00472312587908398,0.0146681873949593,0.0337897465725098,0.112784049594646,1.00092156737509,3897,0,1
"gamma.reg[3,1]",0.0231400622892234,0.0254221107173644,9.84883622872773e-05,0.00519991940367992,0.0150203267374238,0.0328721115616346,0.0919694537092219,1.00014317568162,4500,0,1
"gamma.reg[4,1]",0.0101536446232753,0.0117288978314691,4.19947556700986e-05,0.0021519491262818,0.00629132123536133,0.0140493075585604,0.0420926032129792,1.00294539189119,4084,0,1
"gamma.reg[1,2]",0.0541999809195065,0.0580483427477952,0.000312622035417651,0.0120703034171037,0.0361007724130462,0.0759193793368398,0.208854250703714,1.00004011503562,4500,0,1
"gamma.reg[2,2]",0.0382321344827258,0.0472061762269975,0.000149880759831032,0.00671787715976915,0.0218674502516944,0.051426100391044,0.168179181572885,1.00084924619687,4500,0,1
"gamma.reg[3,2]",0.034957511540378,0.0390282399632019,0.000163637122299896,0.00779791102676495,0.0221919679640846,0.0495402589925634,0.138771165844396,1.00135216468405,4500,0,1
"gamma.reg[4,2]",0.0157958750263011,0.0192743707876963,7.8682434795128e-05,0.00307029524387787,0.0094958665674212,0.0211032976535226,0.0668608625378236,1.00070596223692,4500,0,1
"gamma.reg[1,3]",0.195770999443889,0.102361643537999,0.0387347387479096,0.122244374585032,0.180916212676122,0.254587723660617,0.434569193241512,0.999870186451856,4500,0,1
"gamma.reg[2,3]",0.137718804978113,0.0950388616378359,0.0176985564502773,0.0723397484915015,0.11740820125844,0.180369369108477,0.379920565023316,1.00666782195945,1815,0,1
"gamma.reg[3,3]",0.131199600036272,0.0728782112722131,0.0262915528083252,0.0785949502137389,0.119813985812056,0.170066293146263,0.303803817603793,1.00104325082152,4500,0,1
"gamma.reg[4,3]",0.061476940140858,0.0385350488004608,0.00989552566882807,0.0339431421997006,0.0534390855103816,0.0802966845510751,0.157072455025925,1.00224559141196,4500,0,1
"gamma.reg[1,4]",0.0758769620214698,0.0669439450151611,0.000571387235352446,0.0255582197673561,0.0600212723293447,0.106167079649189,0.253464442515223,1.00114109427405,1923,0,1
"gamma.reg[2,4]",0.0549903778292205,0.0637865184776408,0.000248426690500998,0.0139832782803386,0.0360191318823648,0.0731183698778498,0.22754200718687,1.01793038073326,618,0,1
"gamma.reg[3,4]",0.0490533506435666,0.0447960574893179,0.000300381776599476,0.0156489311070784,0.0373691522727315,0.0697183807847489,0.164986327654815,1.00347076414724,1064,0,1
"gamma.reg[4,4]",0.0220962066183251,0.0219937007661968,0.00013378288167964,0.00644012812616817,0.016253153587603,0.0310244263628378,0.0777129034262607,1.00857882619791,857,0,1
"gamma.reg[1,5]",0.368511000551114,0.139235333711317,0.144192408402519,0.267604456936507,0.351779445642637,0.454547879270035,0.679038854156867,1.00669216904871,504,0,1
"gamma.reg[2,5]",0.273866078493545,0.14757790387471,0.0633725765017339,0.166095491242076,0.247871042055401,0.353307014555746,0.632461212252703,1.00824385350508,384,0,1
"gamma.reg[3,5]",0.268263699117572,0.114678479921267,0.0947726828381329,0.185000370544047,0.250561878439252,0.33211657080958,0.544615534513384,1.00742249009853,434,0,1
"gamma.reg[4,5]",0.136546487869314,0.0653865569710809,0.0426062387350185,0.0892263806390952,0.124827326903619,0.172352605760449,0.291239383097366,1.00202411720638,979,0,1
"gamma.reg[1,6]",0.309705582878336,0.17118989669357,0.0422785427608957,0.182354385923225,0.29112641548329,0.409338430911544,0.703981265154089,1.00070438560826,2821,0,1
"gamma.reg[2,6]",0.227788733981526,0.161211354178905,0.0228954462137346,0.110543179773268,0.19031412591316,0.302501943425058,0.646311728408833,1.00156369196652,4500,0,1
"gamma.reg[3,6]",0.220581265894164,0.129887219865076,0.0303329472518562,0.125890720961743,0.198555513611783,0.290088374235448,0.534195649163102,1.00054379469216,3341,0,1
"gamma.reg[4,6]",0.113523001208196,0.0805113214665501,0.0121226569311741,0.056307048878653,0.0948655763206206,0.152220391542816,0.323322552556668,1.00234876415936,933,0,1
"gamma.reg[1,7]",0.396067620067418,0.196861635181015,0.0156908850304749,0.254639333273158,0.396057573483123,0.534958759574865,0.777505490956461,1.00019491842408,3852,0,1
"gamma.reg[2,7]",0.305772905073844,0.194282339374574,0.00708088830150832,0.160192686128764,0.27731070650509,0.426923757656434,0.751972345816914,1.003659487725,1052,0,1
"gamma.reg[3,7]",0.295853017194525,0.151885988432806,0.0107667766638733,0.189450790966847,0.288299784101109,0.397160440431309,0.608566095215562,1.00128956315965,1875,0,1
"gamma.reg[4,7]",0.161851129037325,0.104294672344263,0.00373921677419309,0.0875045544827471,0.146333185564162,0.217960903992847,0.404606772851802,1.00034423910893,4500,0,1
"gamma.reg[1,8]",0.369811433310984,0.145276831849748,0.0959312999714527,0.267802481689684,0.364722404871124,0.4715880359903,0.663456417523575,1.00125193978832,1298,0,1
"gamma.reg[2,8]",0.277086732494687,0.149461095562424,0.0409264640823207,0.162734891171257,0.26430281088146,0.371676452879623,0.606462976554474,1.00400773681005,546,0,1
"gamma.reg[3,8]",0.273942176468586,0.130617420667391,0.0525590941636661,0.179885707616159,0.262654207599281,0.356958699040031,0.559139265553232,1.00223778189291,1158,0,1
"gamma.reg[4,8]",0.14307038703521,0.0797098444880607,0.022458632220647,0.0830928533958325,0.132860143238163,0.190146379147812,0.32870297196207,1.00092240205379,4500,0,1
"phi.reg[1,1]",0.458041826017958,0.278558203959565,0.0261664884105992,0.207052407974872,0.447017675753951,0.703153159283027,0.937251088401056,1.00301239887926,614,0,1
"phi.reg[2,1]",0.717597515655294,0.190025212425801,0.297172359347773,0.591249981160169,0.754161787073458,0.873091242291474,0.975440456448738,1.00364486136968,556,0,1
"phi.reg[3,1]",0.574307638083153,0.281127758098832,0.0509328554356775,0.340549257355642,0.617266106885727,0.821848777133565,0.970413293535579,1.00161388515045,1141,0,1
"phi.reg[4,1]",0.356182241985688,0.278107220041686,0.00978878175399313,0.105327886318852,0.297471977260405,0.574380546096362,0.911782599253272,1.00306147225929,597,0,1
"phi.reg[1,2]",0.586397601036406,0.286862019466327,0.0430181410913374,0.356363089349452,0.622763756818966,0.834807277254792,0.996597290437259,1.00191422093514,1171,0,1
"phi.reg[2,2]",0.7972210507989,0.194614037984663,0.293726544805687,0.70440335304319,0.856696900414536,0.950349526598461,0.999441183517543,1.00034728708513,4500,0,1
"phi.reg[3,2]",0.695096715863629,0.265821931225853,0.0716346807181439,0.532897865346898,0.775743986963893,0.914217981491743,0.998037943169762,1.00010361522753,4500,0,1
"phi.reg[4,2]",0.484406407621517,0.310016493265099,0.0158497051304973,0.197630835509001,0.47442463134188,0.763695989717577,0.991744700253542,1.00018253012012,4500,0,1
"phi.reg[1,3]",0.651165680204327,0.271405945559884,0.0701110021006572,0.453183868353864,0.70683369186348,0.883773057568687,0.998309292804028,1.00040049385995,3378,0,1
"phi.reg[2,3]",0.844157985557453,0.161125883348389,0.402293852822843,0.77186685936664,0.896268843077381,0.9676021452156,0.999713175173753,1.00058454303795,4500,0,1
"phi.reg[3,3]",0.751591994530698,0.243820179502215,0.114181466953697,0.631894165594696,0.834956626549226,0.942614214345094,0.999054900184986,1.00075621128058,2686,0,1
"phi.reg[4,3]",0.547393295341101,0.304063353358164,0.0272676191297455,0.288047441505311,0.56674964401935,0.823071755412591,0.996659108874055,0.999901213002563,4500,0,1
"phi.reg[1,4]",0.705062206434112,0.255177564019856,0.152618169217976,0.530375992821573,0.7629662847494,0.932101967322479,0.999853744824478,1.00056027918201,2361,0,1
"phi.reg[2,4]",0.88803511032209,0.119282968390371,0.575977637961902,0.830159815000607,0.9281865983108,0.980161287608255,0.999963940919904,1.00478638439896,666,0,1
"phi.reg[3,4]",0.8173295329628,0.182064061068735,0.348325494734739,0.728685462435485,0.878295344247644,0.956150486648044,0.999896968569014,1.006710334372,333,0,1
"phi.reg[4,4]",0.61426812327448,0.288782294377266,0.069798179636534,0.377675732343582,0.655874649563018,0.876653088954493,0.999514507603121,1.00233629835787,803,0,1
"phi.reg[1,5]",0.749881368202225,0.213637213484273,0.253122507806097,0.608904576492133,0.798570064686085,0.933866414501999,0.999799425137692,1.00346635801174,556,0,1
"phi.reg[2,5]",0.898837905530037,0.117413834744144,0.579578487524148,0.849501918712259,0.941069107004016,0.985703602634093,0.999960538529949,1.00562868948503,590,0,1
"phi.reg[3,5]",0.839656644411395,0.169110429576465,0.369221263248863,0.769755627897523,0.89652094249761,0.965297784099634,0.999879807257864,1.0097810524991,292,0,1
"phi.reg[4,5]",0.647282589545759,0.277429895580955,0.0840016271893669,0.436931165161835,0.698165391176531,0.895759761359747,0.999721511919155,1.00332043629999,553,0,1
"phi.reg[1,6]",0.674124343134285,0.260688958532032,0.115636069062445,0.490352983448209,0.72828343624542,0.902250831480856,0.998674129963125,1.00157857841949,1276,0,1
"phi.reg[2,6]",0.860608883633794,0.151727529381934,0.437034601881752,0.797846445169658,0.912636177006865,0.975253519298642,0.999661734296678,1.00090722486251,1914,0,1
"phi.reg[3,6]",0.789008944540239,0.194510868939208,0.287972855492126,0.689923678624918,0.851510424373684,0.938881385446696,0.998363141757063,1.00164780645224,1173,0,1
"phi.reg[4,6]",0.575083102074884,0.287274154412967,0.0509956375057488,0.340388697248015,0.605396293643767,0.827397586097584,0.994057290801095,1.00059484364801,2276,0,1
"phi.reg[1,7]",0.824957549016484,0.185965564821477,0.345205533667806,0.723372570748837,0.892721041197744,0.978055768181468,0.999954736884179,1.0027323602949,749,0,1
"phi.reg[2,7]",0.934188623584744,0.0876567325141217,0.694642026049134,0.904245072383782,0.972178395552413,0.995320125016899,0.99999137236754,1.00255536221461,832,0,1
"phi.reg[3,7]",0.89375213320479,0.137584408274942,0.493229964523431,0.856720580356497,0.946705257322157,0.987880242522093,0.999972051052775,1.01776981630786,231,0,1
"phi.reg[4,7]",0.752144132864144,0.244204129800323,0.15386709059391,0.60903643518368,0.833019277229972,0.955617746365336,0.999811155660673,1.00521380288604,446,0,1
"phi.reg[1,8]",0.700227705277354,0.184366733099063,0.284877066048047,0.574447843266944,0.727490905972915,0.850205605789556,0.968107514094004,1.00074518605356,2044,0,1
"phi.reg[2,8]",0.88607869698625,0.100760626635036,0.62670046452103,0.833751529528998,0.917656447508141,0.963534082786014,0.994096348486957,1.00176483279842,1413,0,1
"phi.reg[3,8]",0.803547118108755,0.145863879180158,0.453954310934601,0.72245756703859,0.835595131102348,0.917525558198348,0.986753517949315,1.00592169510235,486,0,1
"phi.reg[4,8]",0.569171137287342,0.256263290416935,0.0809374399541418,0.369326170300062,0.597428310506418,0.784391552134169,0.958742586642325,0.999866509850187,4500,0,1
"ext.reg[1,1]",0.541958173982042,0.278558203959565,0.0627489115989439,0.296846840716973,0.552982324246049,0.792947592025128,0.973833511589401,1.00301239887926,614,0,1
"ext.reg[2,1]",0.282402484344706,0.190025212425801,0.024559543551262,0.126908757708526,0.245838212926542,0.408750018839831,0.702827640652227,1.00364486136968,556,0,1
"ext.reg[3,1]",0.425692361916847,0.281127758098832,0.0295867064644213,0.178151222866435,0.382733893114273,0.659450742644358,0.949067144564323,1.00161388515045,1141,0,1
"ext.reg[4,1]",0.643817758014312,0.278107220041686,0.0882174007467282,0.425619453903638,0.702528022739595,0.894672113681148,0.990211218246007,1.00306147225929,597,0,1
"ext.reg[1,2]",0.413602398963594,0.286862019466327,0.0034027095627415,0.165192722745208,0.377236243181034,0.643636910650548,0.956981858908662,1.00191422093514,1171,0,1
"ext.reg[2,2]",0.2027789492011,0.194614037984663,0.000558816482457147,0.049650473401539,0.143303099585464,0.29559664695681,0.706273455194313,1.00034728708513,4500,0,1
"ext.reg[3,2]",0.304903284136371,0.265821931225853,0.00196205683023777,0.0857820185082574,0.224256013036107,0.467102134653102,0.928365319281856,1.00010361522753,4500,0,1
"ext.reg[4,2]",0.515593592378483,0.310016493265099,0.00825529974645834,0.236304010282423,0.52557536865812,0.802369164490999,0.984150294869503,1.00018253012012,4500,0,1
"ext.reg[1,3]",0.348834319795673,0.271405945559884,0.001690707195972,0.116226942431313,0.29316630813652,0.546816131646136,0.929888997899343,1.00040049385995,3378,0,1
"ext.reg[2,3]",0.155842014442547,0.161125883348389,0.000286824826247112,0.0323978547844,0.103731156922619,0.22813314063336,0.597706147177155,1.00058454303795,4500,0,1
"ext.reg[3,3]",0.248408005469302,0.243820179502215,0.000945099815014239,0.0573857856549065,0.165043373450774,0.368105834405304,0.885818533046303,1.00075621128058,2686,0,1
"ext.reg[4,3]",0.452606704658899,0.304063353358164,0.00334089112594522,0.176928244587409,0.43325035598065,0.711952558494689,0.972732380870254,0.999901213002563,4500,0,1
"ext.reg[1,4]",0.294937793565888,0.255177564019856,0.000146255175521648,0.0678980326775214,0.2370337152506,0.469624007178427,0.847381830782024,1.00056027918201,2361,0,1
"ext.reg[2,4]",0.11196488967791,0.119282968390371,3.60590800959321e-05,0.0198387123917451,0.0718134016892002,0.169840184999393,0.424022362038097,1.00478638439896,666,0,1
"ext.reg[3,4]",0.1826704670372,0.182064061068735,0.00010303143098572,0.0438495133519564,0.121704655752356,0.271314537564515,0.651674505265261,1.006710334372,333,0,1
"ext.reg[4,4]",0.38573187672552,0.288782294377266,0.000485492396879051,0.123346911045506,0.344125350436982,0.622324267656418,0.930201820363466,1.00233629835787,803,0,1
"ext.reg[1,5]",0.250118631797775,0.213637213484273,0.000200574862307962,0.0661335854980014,0.201429935313915,0.391095423507867,0.746877492193903,1.00346635801174,556,0,1
"ext.reg[2,5]",0.101162094469963,0.117413834744144,3.94614700505447e-05,0.0142963973659067,0.0589308929959838,0.150498081287741,0.420421512475851,1.00562868948503,590,0,1
"ext.reg[3,5]",0.160343355588605,0.169110429576465,0.0001201927421359,0.034702215900366,0.10347905750239,0.230244372102477,0.630778736751136,1.0097810524991,292,0,1
"ext.reg[4,5]",0.352717410454241,0.277429895580955,0.000278488080844527,0.104240238640253,0.301834608823469,0.563068834838165,0.915998372810633,1.00332043629999,553,0,1
"ext.reg[1,6]",0.325875656865715,0.260688958532032,0.00132587003687549,0.0977491685191436,0.27171656375458,0.509647016551791,0.884363930937555,1.00157857841949,1276,0,1
"ext.reg[2,6]",0.139391116366206,0.151727529381934,0.000338265703321541,0.0247464807013581,0.0873638229931346,0.202153554830342,0.562965398118247,1.00090722486251,1914,0,1
"ext.reg[3,6]",0.210991055459761,0.194510868939208,0.00163685824293728,0.0611186145533036,0.148489575626316,0.310076321375082,0.712027144507874,1.00164780645224,1173,0,1
"ext.reg[4,6]",0.424916897925116,0.287274154412967,0.00594270919890472,0.172602413902416,0.394603706356233,0.659611302751985,0.949004362494251,1.00059484364801,2276,0,1
"ext.reg[1,7]",0.175042450983516,0.185965564821477,4.52631158211952e-05,0.0219442318185317,0.107278958802256,0.276627429251163,0.654794466332193,1.0027323602949,749,0,1
"ext.reg[2,7]",0.0658113764152562,0.0876567325141217,8.62763245999543e-06,0.00467987498310127,0.0278216044475869,0.0957549276162177,0.305357973950866,1.00255536221461,832,0,1
"ext.reg[3,7]",0.10624786679521,0.137584408274942,2.79489472246069e-05,0.012119757477907,0.0532947426778426,0.143279419643503,0.506770035476569,1.01776981630786,231,0,1
"ext.reg[4,7]",0.247855867135856,0.244204129800323,0.000188844339326602,0.0443822536346635,0.166980722770028,0.39096356481632,0.84613290940609,1.00521380288604,446,0,1
"ext.reg[1,8]",0.299772294722646,0.184366733099063,0.031892485905996,0.149794394210444,0.272509094027085,0.425552156733056,0.715122933951953,1.00074518605356,2044,0,1
"ext.reg[2,8]",0.11392130301375,0.100760626635036,0.00590365151304289,0.036465917213986,0.0823435524918595,0.166248470471002,0.373299535478969,1.00176483279842,1413,0,1
"ext.reg[3,8]",0.196452881891245,0.145863879180158,0.013246482050685,0.0824744418016519,0.164404868897652,0.27754243296141,0.546045689065399,1.00592169510235,486,0,1
"ext.reg[4,8]",0.430828862712658,0.256263290416935,0.0412574133576749,0.215608447865831,0.402571689493582,0.630673829699937,0.919062560045858,0.999866509850187,4500,0,1
"mean.gamma.reg[1]",0.225812013130511,0.0646499897441665,0.125521968042373,0.177936936385887,0.216835550743792,0.264030269307923,0.37540786608045,1.00193403604435,2695,0,1
"mean.gamma.reg[2]",0.167595415325757,0.0800702200247552,0.0520741712542447,0.112238267287851,0.153081917286068,0.207721280258677,0.368576113792855,1.008825649307,705,0,1
"mean.gamma.reg[3]",0.162123835398036,0.0450043359529997,0.0911817758744882,0.130119087973607,0.156262555540104,0.18744175691179,0.268123598935278,1.00340736661831,914,0,1
"mean.gamma.reg[4]",0.0830642089448505,0.0277701525022629,0.0385078662668375,0.0632747305352344,0.0799773943118887,0.0988199943087837,0.146361107717952,1.00086461005003,4500,0,1
"mean.phi.reg[1]",0.668732284915394,0.174072057747624,0.291828435734111,0.551196352235723,0.688930210639685,0.804416525304663,0.940805533822167,1.00115822943939,1630,0,1
"mean.phi.reg[2]",0.85334072150857,0.089519395120294,0.64007067557527,0.801563530368865,0.870216447244015,0.922351628105234,0.976697487282118,1.00181580924338,3682,0,1
"mean.phi.reg[3]",0.770536340213183,0.138356747338367,0.441151027971408,0.688251722558211,0.792835677550329,0.879293983847914,0.968090876058311,1.00657279168746,703,0,1
"mean.phi.reg[4]",0.568241378749364,0.210962657237209,0.137202220940274,0.415656594768172,0.586855973370631,0.732582517143188,0.92328246106289,1.00125188820061,2818,0,1
"mean.ext.reg[1]",0.331267715084606,0.174072057747624,0.059194466177833,0.195583474695337,0.311069789360315,0.448803647764277,0.708171564265889,1.00115822943939,1630,0,1
"mean.ext.reg[2]",0.14665927849143,0.089519395120294,0.0233025127178822,0.0776483718947655,0.129783552755985,0.198436469631135,0.359929324424729,1.00181580924338,3682,0,1
"mean.ext.reg[3]",0.229463659786817,0.138356747338367,0.0319091239416886,0.120706016152086,0.207164322449671,0.311748277441789,0.558848972028592,1.00657279168746,703,0,1
"mean.ext.reg[4]",0.431758621250636,0.210962657237209,0.0767175389371098,0.267417482856812,0.413144026629369,0.584343405231828,0.862797779059725,1.00125188820061,2818,0,1
"equilib.reg[1]",0.439270773438469,0.131163050092342,0.251242940136354,0.343099308532623,0.413053500747433,0.513942024397408,0.760199938311733,1.00013046613742,4348,0,1
"equilib.reg[2]",0.55217265815378,0.131787866752015,0.325828263218469,0.458044124554411,0.53900327368969,0.635762984299907,0.835857709725192,1.00147893889408,1420,0,1
"equilib.reg[3]",0.458115091379443,0.150951280411494,0.233894884221234,0.342639002763814,0.430920740979676,0.551218171067541,0.812965850579999,1.00015151840747,4450,0,1
"equilib.reg[4]",0.19211165555744,0.1063761474885,0.0718948484048901,0.122484842634953,0.162389180708374,0.230706594655454,0.48743970469769,1.00130294265995,4500,0,1
"mean.p",0.229975842676481,0.0543591543847632,0.134823426189493,0.192591664646301,0.225361200664862,0.261175182972679,0.350707845928235,1.00500432235147,639,0,1
"p.year[1]",0.294196647148671,0.0729509795900107,0.172505019653311,0.240736143887822,0.288754929456966,0.340332750648032,0.450824166060559,1.00018018676822,4091,0,1
"p.year[2]",0.317325594059905,0.0884823051094743,0.169891302592145,0.252942482558383,0.309787481994978,0.373927341919569,0.513398756788959,1.00190937670685,1232,0,1
"p.year[3]",0.168775061430446,0.0583115086459487,0.0788066772474731,0.127140605813099,0.161445916882082,0.200834433570799,0.306962307982742,1.00221448217672,1375,0,1
"p.year[4]",0.126114193335781,0.0347823182863739,0.06752111878992,0.10156741500287,0.122350214690733,0.147231317654284,0.205072773827131,1.00072785326147,2685,0,1
"p.year[5]",0.212663064459258,0.0490401681814856,0.12989419468785,0.178133422920981,0.208272853361428,0.243252175523294,0.320865111283732,1.0002765356784,4500,0,1
"p.year[6]",0.178394768742041,0.0332111729010596,0.119575426336643,0.155355591109494,0.176487637028948,0.199345186657187,0.250685692662271,1.00250851547351,740,0,1
"p.year[7]",0.125218590456207,0.0356615525518249,0.0677449207256625,0.0999375460411946,0.120956907353276,0.146337846079205,0.206494750663823,0.999942009646572,4500,0,1
"p.year[8]",0.217137877445292,0.0357007468504798,0.156081951913735,0.191849336690044,0.214221198007087,0.238503330987896,0.296129662608163,1.00378210611125,1092,0,1
"p.year[9]",0.531009306528159,0.0354719163315687,0.461380039127909,0.507154619545561,0.53097120110403,0.555176341719536,0.598473346429607,1.00150115097679,3759,0,1
"z[1,1]",0.296,0.456541693439286,0,0,0,1,1,1.00392491065058,569,1,1
"z[2,1]",0.0248888888888889,0.155803807734777,0,0,0,0,0,1.01259473570739,1571,1,1
"z[3,1]",0.0768888888888889,0.266444673101302,0,0,0,0,1,1.00767440865598,872,1,1
"z[4,1]",0.0197777777777778,0.139251306560123,0,0,0,0,0,1.00306361223937,4500,1,1
"z[5,1]",0.0842222222222222,0.277751657165108,0,0,0,0,1,1.00292323427169,1993,1,1
"z[6,1]",0.0704444444444444,0.255922995228642,0,0,0,0,1,1.00211351510771,3106,1,1
"z[7,1]",0.0644444444444444,0.245570273205584,0,0,0,0,1,1.00081275251146,4500,1,1
"z[8,1]",0.0651111111111111,0.246749233761641,0,0,0,0,1,1.00889625517862,882,1,1
"z[9,1]",0.0855555555555556,0.279737720136869,0,0,0,0,1,1.00402313988703,1463,1,1
"z[10,1]",0.0704444444444444,0.255922995228642,0,0,0,0,1,0.999672366797937,4500,1,1
"z[11,1]",0.479555555555556,0.499637368189459,0,0,0,1,1,1.00215955751797,809,1,1
"z[12,1]",0.518,0.499731423754776,0,0,1,1,1,1.00497802870259,383,1,1
"z[13,1]",0.532,0.499030400174021,0,0,1,1,1,1.00438406025061,431,1,1
"z[14,1]",0.569333333333333,0.495224583707749,0,0,1,1,1,1.0017567053303,982,1,1
"z[15,1]",0.016,0.125489041132367,0,0,0,0,0,1.01399660580997,2170,1,1
"z[16,1]",0.0428888888888889,0.202629110007349,0,0,0,0,1,1.00466954750477,2424,1,1
"z[17,1]",0.0744444444444444,0.26252196898347,0,0,0,0,1,1.00163673500085,3682,1,1
"z[18,1]",0.0284444444444444,0.166257332410862,0,0,0,0,1,1.00944367154551,1824,1,1
"z[19,1]",0.0348888888888889,0.183518768996536,0,0,0,0,1,1.00073158335073,4500,1,1
"z[20,1]",0.0337777777777778,0.180676765936377,0,0,0,0,1,1.0022518560236,4500,1,1
"z[21,1]",0.00488888888888889,0.069757214702053,0,0,0,0,0,1.01596635866985,4500,1,1
"z[22,1]",0.0133333333333333,0.11471041653724,0,0,0,0,0,1.02007280718127,1813,1,1
"z[23,1]",0.0322222222222222,0.176609404971474,0,0,0,0,1,1.0025018703784,4500,1,1
"z[24,1]",0.00822222222222222,0.0903129549063228,0,0,0,0,0,1.01846532672445,3177,1,1
"z[25,1]",0.0784444444444444,0.268899575675426,0,0,0,0,1,1.00452816647729,1414,1,1
"z[26,1]",0.074,0.261799982697114,0,0,0,0,1,1.00048696844193,4500,1,1
"z[27,1]",0.0697777777777778,0.254800445248467,0,0,0,0,1,1.00184318232745,3525,1,1
"z[28,1]",0.134,0.340690171985335,0,0,0,0,1,1.00089559114662,3514,1,1
"z[29,1]",0.105333333333333,0.307016560960735,0,0,0,0,1,0.999924927891916,4500,1,1
"z[30,1]",0.0931111111111111,0.290620372706953,0,0,0,0,1,1.00363099492339,1492,1,1
"z[31,1]",0.0768888888888889,0.266444673101302,0,0,0,0,1,1.00117228093533,4500,1,1
"z[32,1]",0.094,0.291861147705373,0,0,0,0,1,1.00041117670659,4500,1,1
"z[33,1]",0.0644444444444444,0.245570273205584,0,0,0,0,1,1.00012175846069,4500,1,1
"z[34,1]",0.068,0.251773880070849,0,0,0,0,1,0.999685047009293,4500,1,1
"z[35,1]",0.068,0.251773880070849,0,0,0,0,1,1.001950664056,3451,1,1
"z[36,1]",0.058,0.233769424929795,0,0,0,0,1,1.00418881561004,2016,1,1
"z[37,1]",0.0508888888888889,0.219795235207613,0,0,0,0,1,1.00081807907683,4500,1,1
"z[38,1]",0.0528888888888889,0.223836521313966,0,0,0,0,1,1.01751198481184,551,1,1
"z[39,1]",0.0757777777777778,0.264671632552429,0,0,0,0,1,1.00376378597903,1737,1,1
"z[40,1]",0.180888888888889,0.384968871895082,0,0,0,0,1,1.00508518721104,628,1,1
"z[41,1]",0.426888888888889,0.494680851905704,0,0,0,1,1,1.0052380734155,371,1,1
"z[42,1]",0.878,0.327322178971133,0,1,1,1,1,1.00322149403282,1318,1,1
"z[43,1]",0.0282222222222222,0.165625554658784,0,0,0,0,1,1.01516676676156,1156,1,1
"z[44,1]",0.0693333333333333,0.25404835085059,0,0,0,0,1,0.999897644783824,4500,1,1
"z[45,1]",0.0626666666666667,0.24238938031912,0,0,0,0,1,1.00684554696227,1181,1,1
"z[46,1]",0.0855555555555556,0.279737720136869,0,0,0,0,1,0.999961227462583,4500,1,1
"z[47,1]",0.431111111111111,0.495286618092888,0,0,0,1,1,1.00178362455102,969,1,1
"z[48,1]",0.950888888888889,0.216124014828025,0,1,1,1,1,1.0037585268498,2599,1,1
"z[49,1]",0.480444444444444,0.499672956192184,0,0,0,1,1,1.00189009628473,906,1,1
"z[50,1]",0.421555555555556,0.493863006596498,0,0,0,1,1,1.00054293494771,2345,1,1
"z[51,1]",0.434222222222222,0.49570948160029,0,0,0,1,1,1.00014140349815,4293,1,1
"z[52,1]",0.634444444444444,0.481639119708878,0,0,1,1,1,1.00443621679028,458,1,1
"z[53,1]",0.474,0.499379032047168,0,0,0,1,1,1.0047569113682,399,1,1
"z[54,1]",0.192888888888889,0.3946104019054,0,0,0,0,1,1.00035869039588,4500,1,1
"z[55,1]",0.636,0.481202095556712,0,0,1,1,1,1.00353187514526,564,1,1
"z[56,1]",1,0,1,1,1,1,1,NA,1,0,1
"z[57,1]",0.048,0.213789983216616,0,0,0,0,1,0.999702071889597,4500,1,1
"z[58,1]",0.0215555555555556,0.14524324938423,0,0,0,0,0,1.01760560511843,1291,1,1
"z[59,1]",0.014,0.11750348180963,0,0,0,0,0,1.00583135989628,4500,1,1
"z[60,1]",0.0113333333333333,0.105864911172911,0,0,0,0,0,1.00666854476392,4500,1,1
"z[61,1]",0.592666666666667,0.491392458348523,0,0,1,1,1,1.0058892476982,338,1,1
"z[62,1]",0.598888888888889,0.490177908479588,0,0,1,1,1,1.00311905494459,607,1,1
"z[63,1]",0.605555555555556,0.488785347622533,0,0,1,1,1,1.00680443819696,299,1,1
"z[64,1]",0.600222222222222,0.489906972262025,0,0,1,1,1,1.00018205685288,4047,1,1
"z[65,1]",0.725111111111111,0.446507885643041,0,0,1,1,1,1.00900334440476,275,1,1
"z[66,1]",0.626444444444444,0.483801422745545,0,0,1,1,1,1.00879566290279,239,1,1
"z[67,1]",0.606888888888889,0.488495438904733,0,0,1,1,1,1.00510943000131,391,1,1
"z[68,1]",0.588666666666667,0.49213010746768,0,0,1,1,1,1.00277772725386,668,1,1
"z[69,1]",1,0,1,1,1,1,1,NA,1,0,1
"z[70,1]",0.0111111111111111,0.104833661410201,0,0,0,0,0,1.02361378054435,1840,1,1
"z[71,1]",0.141333333333333,0.348403784006977,0,0,0,0,1,1.00096583981074,3164,1,1
"z[72,1]",0.141111111111111,0.348174818844698,0,0,0,0,1,1.00183912264121,1902,1,1
"z[73,1]",0.0668888888888889,0.24985723616271,0,0,0,0,1,1.00499726587067,1493,1,1
"z[74,1]",0.0737777777777778,0.261437958471522,0,0,0,0,1,0.999735347233056,4500,1,1
"z[75,1]",0.0733333333333333,0.260711833537911,0,0,0,0,1,1.00483992514945,1417,1,1
"z[76,1]",0.128,0.334126935562941,0,0,0,0,1,1.00267640835424,1487,1,1
"z[77,1]",0.0331111111111111,0.178946588136641,0,0,0,0,1,1.00127843594989,4500,1,1
"z[78,1]",0.0726666666666667,0.259617411331994,0,0,0,0,1,1.00309571169911,2157,1,1
"z[79,1]",0.0608888888888889,0.239152967592038,0,0,0,0,1,1.0056303248218,1461,1,1
"z[80,1]",0.0755555555555556,0.26431503658815,0,0,0,0,1,1.00255627926548,2478,1,1
"z[81,1]",0.0564444444444444,0.230803611284136,0,0,0,0,1,1.00699891977038,1274,1,1
"z[82,1]",0.0788888888888889,0.26959522169686,0,0,0,0,1,1.00731011018381,892,1,1
"z[83,1]",0.824,0.380862487938661,0,1,1,1,1,1.00063057177248,3587,1,1
"z[84,1]",0.116,0.320260507431969,0,0,0,0,1,1.00496440475245,917,1,1
"z[85,1]",0.170444444444444,0.376064573555185,0,0,0,0,1,1.00075829292654,3244,1,1
"z[86,1]",0.00466666666666667,0.0681609955608629,0,0,0,0,0,1.04159769870214,2413,1,1
"z[87,1]",0.01,0.0995098009695405,0,0,0,0,0,1.01375041180442,3518,1,1
"z[88,1]",0.0162222222222222,0.126343218950737,0,0,0,0,0,1.00952719204567,3139,1,1
"z[89,1]",0.0144444444444444,0.119327141438796,0,0,0,0,0,1.00197289915476,4500,1,1
"z[90,1]",0.0811111111111111,0.273036014356096,0,0,0,0,1,1.00155676021379,3536,1,1
"z[91,1]",0.610444444444444,0.487703681892657,0,0,1,1,1,1.00229089363683,808,1,1
"z[92,1]",0.613333333333333,0.487040315070644,0,0,1,1,1,1.00497347759378,401,1,1
"z[93,1]",0.604222222222222,0.489071448690657,0,0,1,1,1,1.00205662738672,878,1,1
"z[94,1]",0.588444444444444,0.492170102148651,0,0,1,1,1,0.999669557204919,4500,1,1
"z[95,1]",0.0924444444444444,0.289684513538625,0,0,0,0,1,1.00272549667889,1938,1,1
"z[96,1]",0.0353333333333333,0.184641449821595,0,0,0,0,1,1.00366929558923,3653,1,1
"z[97,1]",0.116222222222222,0.320526828561842,0,0,0,0,1,1.00290820547182,1501,1,1
"z[98,1]",0.0788888888888889,0.26959522169686,0,0,0,0,1,1.00441045985062,1442,1,1
"z[99,1]",0.552,0.497343912078482,0,0,1,1,1,1.00315978240398,584,1,1
"z[100,1]",0.0364444444444444,0.187414119688263,0,0,0,0,1,1.00094711847089,4500,1,1
"z[101,1]",0.0957777777777778,0.294318950732983,0,0,0,0,1,1.01423099948925,397,1,1
"z[102,1]",0.0275555555555556,0.163713783655141,0,0,0,0,1,1.06457025550317,267,1,1
"z[103,1]",0.0357777777777778,0.185756281888117,0,0,0,0,1,1.00198133453088,4500,1,1
"z[104,1]",0.00333333333333333,0.0576451269226114,0,0,0,0,0,1.05516362148506,2493,1,1
"z[105,1]",0.08,0.271323348038703,0,0,0,0,1,1.00179142628183,3186,1,1
"z[106,1]",0.575555555555556,0.494313318715563,0,0,1,1,1,1.00060850838879,2175,1,1
"z[107,1]",0.622222222222222,0.484885528702674,0,0,1,1,1,1.00117826564319,1412,1,1
"z[108,1]",0.512888888888889,0.499889395289257,0,0,1,1,1,1.00747600017183,262,1,1
"z[109,1]",0.570666666666667,0.495036039244765,0,0,1,1,1,0.999948091850439,4500,1,1
"z[110,1]",1,0,1,1,1,1,1,NA,1,0,1
"z[111,1]",1,0,1,1,1,1,1,NA,1,0,1
"z[112,1]",1,0,1,1,1,1,1,NA,1,0,1
"z[113,1]",1,0,1,1,1,1,1,NA,1,0,1
"z[114,1]",0.0213333333333333,0.14450904074975,0,0,0,0,0,1.01020318108663,2238,1,1
"z[115,1]",0.0295555555555556,0.169376503362579,0,0,0,0,1,1.01898385951124,880,1,1
"z[116,1]",0.0306666666666667,0.17243210118093,0,0,0,0,1,1.02167721976014,741,1,1
"z[117,1]",0.107111111111111,0.309288827266365,0,0,0,0,1,1.01097477232807,459,1,1
"z[118,1]",0.0213333333333333,0.14450904074975,0,0,0,0,0,1.00017568255622,4500,1,1
"z[119,1]",0.0171111111111111,0.129699881353212,0,0,0,0,0,1.00210292050619,4500,1,1
"z[120,1]",0.0217777777777778,0.145973426820025,0,0,0,0,0,1.01017094653017,2202,1,1
"z[121,1]",0.0282222222222222,0.165625554658784,0,0,0,0,1,1.00497219826286,3408,1,1
"z[122,1]",0.154888888888889,0.361838936502114,0,0,0,0,1,1.00551484720991,652,1,1
"z[123,1]",0.599111111111111,0.490133014784224,0,0,1,1,1,1.00604789936382,332,1,1
"z[124,1]",0.968222222222222,0.175427447850631,0,1,1,1,1,0.999770921563181,4500,1,1
"z[125,1]",0.155777777777778,0.362684839639867,0,0,0,0,1,1.00015705646166,4500,1,1
"z[126,1]",0.187333333333333,0.390222236792799,0,0,0,0,1,1.0006281116921,3426,1,1
"z[127,1]",0.387333333333333,0.487195000651384,0,0,0,1,1,1.00319028696868,602,1,1
"z[128,1]",0.647333333333333,0.47785314890477,0,0,1,1,1,1.00174897597819,1059,1,1
"z[129,1]",0.715555555555556,0.451199559730334,0,0,1,1,1,1.00429938304407,531,1,1
"z[130,1]",0.734222222222222,0.441795568888414,0,0,1,1,1,1.00608909985862,405,1,1
"z[131,1]",0.248888888888889,0.432417347068647,0,0,0,0,1,1.00604530378699,420,1,1
"z[132,1]",0.130222222222222,0.336585160875883,0,0,0,0,1,1.00152680434555,2380,1,1
"z[133,1]",0.106666666666667,0.308723288567936,0,0,0,0,1,1.00240864503086,1915,1,1
"z[134,1]",0.906222222222222,0.291551703123276,0,1,1,1,1,1.00037809804559,4500,1,1
"z[135,1]",1,0,1,1,1,1,1,NA,1,0,1
"z[136,1]",1,0,1,1,1,1,1,NA,1,0,1
"z[137,1]",0.386888888888889,0.487091983794328,0,0,0,1,1,1.00508285664433,394,1,1
"z[138,1]",0.0171111111111111,0.129699881353212,0,0,0,0,0,1.00906138824665,3126,1,1
"z[139,1]",0.0211111111111111,0.143770739157005,0,0,0,0,0,1.00007089726624,4500,1,1
"z[140,1]",0.0733333333333333,0.260711833537911,0,0,0,0,1,1.00488180395133,1404,1,1
"z[141,1]",0.102666666666667,0.303556748016748,0,0,0,0,1,1.00578398479186,886,1,1
"z[142,1]",0.677777777777778,0.467379508271034,0,0,1,1,1,1.00041933986076,3045,1,1
"z[143,1]",0.406444444444444,0.491223961615061,0,0,0,1,1,0.999749737041734,4500,1,1
"z[144,1]",0.628444444444444,0.483274172249775,0,0,1,1,1,1.00088323257689,1767,1,1
"z[145,1]",0.0662222222222222,0.248697776589203,0,0,0,0,1,1.00075828298065,4500,1,1
"z[146,1]",0.171111111111111,0.37664787801767,0,0,0,0,1,1.00024206878228,4500,1,1
"z[147,1]",0.218666666666667,0.413387869931969,0,0,0,0,1,1.0013974639712,1699,1,1
"z[148,1]",0.262444444444444,0.440011798198807,0,0,0,1,1,1.00387002234107,620,1,1
"z[149,1]",0.0746666666666667,0.262881936707821,0,0,0,0,1,0.999992104070956,4500,1,1
"z[150,1]",0.056,0.22994727692822,0,0,0,0,1,1.00670265433598,1332,1,1
"z[151,1]",0.0695555555555556,0.254424773023488,0,0,0,0,1,1.00032676115985,4500,1,1
"z[152,1]",0.0708888888888889,0.25666767217915,0,0,0,0,1,1.00037085312463,4500,1,1
"z[153,1]",0.167111111111111,0.373116502618737,0,0,0,0,1,1.00044189510293,4500,1,1
"z[154,1]",0.0695555555555556,0.254424773023488,0,0,0,0,1,1.00661313202978,1109,1,1
"z[155,1]",0.0455555555555556,0.208542349028494,0,0,0,0,1,1.00599910065506,1809,1,1
"z[156,1]",0.0486666666666667,0.215194128644091,0,0,0,0,1,1.00197286086959,4500,1,1
"z[157,1]",0.0466666666666667,0.210947333488984,0,0,0,0,1,1.01047627854845,1029,1,1
"z[158,1]",0.0293333333333333,0.168757866791187,0,0,0,0,1,1.00538915991114,3052,1,1
"z[159,1]",0.0362222222222222,0.186863405673864,0,0,0,0,1,1.00023310056361,4500,1,1
"z[160,1]",0.132444444444444,0.339010992795988,0,0,0,0,1,1.00317475264051,1239,1,1
"z[161,1]",0.00555555555555556,0.0743365276300976,0,0,0,0,0,1.0004744725668,4500,1,1
"z[162,1]",0.0226666666666667,0.148855006121055,0,0,0,0,0,0.999817471370673,4500,1,1
"z[163,1]",0.012,0.108897361089598,0,0,0,0,0,1.00645404186309,4500,1,1
"z[164,1]",0.0251111111111111,0.15647998127484,0,0,0,0,0.524999999999636,1.00290427435285,4500,1,1
"z[165,1]",0.0208888888888889,0.143028281223349,0,0,0,0,0,1.00219326832531,4500,1,1
"z[166,1]",0.0333333333333333,0.179525441950783,0,0,0,0,1,1.00166086490901,4500,1,1
"z[167,1]",0.0157777777777778,0.124628612791859,0,0,0,0,0,1.00705468986032,4309,1,1
"z[168,1]",0.0224444444444444,0.148140366379144,0,0,0,0,0,1.00232157811143,4500,1,1
"z[169,1]",0.0273333333333333,0.163070940344369,0,0,0,0,1,1.00102697452933,4500,1,1
"z[170,1]",0.0426666666666667,0.202126943226378,0,0,0,0,1,1.00456309726026,2485,1,1
"z[171,1]",0.103111111111111,0.304137740801698,0,0,0,0,1,1.00213733870428,2181,1,1
"z[172,1]",0.125333333333333,0.331133289462245,0,0,0,0,1,1.00190588186431,2034,1,1
"z[173,1]",0.0964444444444444,0.295232591318208,0,0,0,0,1,1.00035099887909,4500,1,1
"z[174,1]",0.171777777777778,0.377229102086146,0,0,0,0,1,1.00209552777571,1442,1,1
"z[175,1]",1,0,1,1,1,1,1,NA,1,0,1
"z[176,1]",0.0606666666666667,0.238744400231546,0,0,0,0,1,1.00219015530485,3466,1,1
"z[177,1]",0.0253333333333333,0.15715293120877,0,0,0,0,1,1.00015213814074,4500,1,1
"z[178,1]",0.486888888888889,0.499883614915158,0,0,0,1,1,1.00273048429247,658,1,1
"z[179,1]",0.442444444444444,0.496731506573104,0,0,0,1,1,1.00238676618174,750,1,1
"z[180,1]",0.495555555555556,0.500035809144714,0,0,0,1,1,1.00739208468224,264,1,1
"z[181,1]",0.709111111111111,0.454222843702708,0,0,1,1,1,1.01555968411459,158,1,1
"z[182,1]",0.591555555555556,0.491600737364081,0,0,1,1,1,1.0028071700107,665,1,1
"z[183,1]",0.542444444444444,0.498250576126716,0,0,1,1,1,1.01135285234866,178,1,1
"z[184,1]",0.299555555555556,0.458114245763915,0,0,0,1,1,1.01392522832696,172,1,1
"z[185,1]",0.546222222222222,0.497914248836969,0,0,1,1,1,1.00633612420728,308,1,1
"z[1,2]",0.284222222222222,0.451093304698539,0,0,0,1,1,1.00219995559807,975,1,1
"z[2,2]",0.0222222222222222,0.147421927362282,0,0,0,0,0,1.00625044268374,3466,1,1
"z[3,2]",0.0606666666666667,0.238744400231546,0,0,0,0,1,1.0172947052441,490,1,1
"z[4,2]",0.00866666666666667,0.0927009450571682,0,0,0,0,0,1.00365645516092,4500,1,1
"z[5,2]",0.0862222222222222,0.280723107246949,0,0,0,0,1,1.00419027365021,1399,1,1
"z[6,2]",0.0755555555555556,0.26431503658815,0,0,0,0,1,1.00174303623092,3434,1,1
"z[7,2]",0.00222222222222222,0.0470932775447189,0,0,0,0,0,1.08341304913067,2364,1,1
"z[8,2]",0.00533333333333333,0.0728427622699364,0,0,0,0,0,1.02256197716652,3980,1,1
"z[9,2]",0.00466666666666667,0.0681609955608629,0,0,0,0,0,1.01312583228194,4500,1,1
"z[10,2]",0.00422222222222222,0.0648485125458765,0,0,0,0,0,1.00930518134672,4500,1,1
"z[11,2]",0.124888888888889,0.330629621712271,0,0,0,0,1,1.00253094549526,1597,1,1
"z[12,2]",0.144444444444444,0.351578889148306,0,0,0,0,1,1.00211226862943,1648,1,1
"z[13,2]",0.152222222222222,0.359276079878955,0,0,0,0,1,1.00011259053404,4500,1,1
"z[14,2]",0.0702222222222222,0.255549553077657,0,0,0,0,1,1.00043551122189,4500,1,1
"z[15,2]",0.014,0.11750348180963,0,0,0,0,0,1.00429605339334,4500,1,1
"z[16,2]",0.0471111111111111,0.211900053000311,0,0,0,0,1,1.00026581558908,4500,1,1
"z[17,2]",0.00955555555555555,0.0972951722699289,0,0,0,0,0,1.00159070712122,4500,1,1
"z[18,2]",0.00311111111111111,0.0556966916350484,0,0,0,0,0,1.04516835562949,3306,1,1
"z[19,2]",0.00533333333333333,0.0728427622699364,0,0,0,0,0,1.00228785649299,4500,1,1
"z[20,2]",0.004,0.0631259497363628,0,0,0,0,0,1.01338749574988,4500,1,1
"z[21,2]",0.00377777777777778,0.0613542394088465,0,0,0,0,0,1.01164843669904,4500,1,1
"z[22,2]",0.0146666666666667,0.120227982292648,0,0,0,0,0,1.00108209230923,4500,1,1
"z[23,2]",0.024,0.153066020038189,0,0,0,0,0,1.00622345240648,3228,1,1
"z[24,2]",0.0144444444444444,0.119327141438796,0,0,0,0,0,1.00558005827799,4500,1,1
"z[25,2]",0.00377777777777778,0.0613542394088465,0,0,0,0,0,1.03124325048662,4012,1,1
"z[26,2]",0.00422222222222222,0.0648485125458765,0,0,0,0,0,1.00930518134672,4500,1,1
"z[27,2]",0.00266666666666667,0.0515766100016907,0,0,0,0,0,1.06589737559147,2566,1,1
"z[28,2]",0.0591111111111111,0.23585874953463,0,0,0,0,1,1.00886814893407,973,1,1
"z[29,2]",0.0748888888888889,0.263241224560606,0,0,0,0,1,1.00067446800792,4500,1,1
"z[30,2]",0.00355555555555556,0.0595289935189017,0,0,0,0,0,1.0016276586034,4500,1,1
"z[31,2]",0.002,0.0446815807032984,0,0,0,0,0,NA,4500,1,1
"z[32,2]",0.00644444444444444,0.0800271001985887,0,0,0,0,0,1.00026806590517,4500,1,1
"z[33,2]",0.0182222222222222,0.133769014787178,0,0,0,0,0,1.0006674434621,4500,1,1
"z[34,2]",0.0166666666666667,0.128033322512951,0,0,0,0,0,1.00486245109974,4500,1,1
"z[35,2]",0.0177777777777778,0.132157518294075,0,0,0,0,0,0.999990368456058,4500,1,1
"z[36,2]",0.0166666666666667,0.128033322512951,0,0,0,0,0,1.00159033233649,4500,1,1
"z[37,2]",0.00555555555555556,0.0743365276300976,0,0,0,0,0,1.05414051552231,1534,1,1
"z[38,2]",0.0288888888888889,0.167512855228826,0,0,0,0,1,1.01469857752473,1168,1,1
"z[39,2]",0.076,0.265027562343912,0,0,0,0,1,1.00342836577799,1882,1,1
"z[40,2]",0.220666666666667,0.414742225461546,0,0,0,0,1,1.00549978867338,504,1,1
"z[41,2]",0.341111111111111,0.474135294503335,0,0,0,1,1,1.00522646135577,403,1,1
"z[42,2]",0.887111111111111,0.316492096335047,0,1,1,1,1,1.00079263612411,4438,1,1
"z[43,2]",0.00888888888888889,0.093871373318521,0,0,0,0,0,1.05053296807297,1038,1,1
"z[44,2]",0.00577777777777778,0.0758002102747823,0,0,0,0,0,1.02000319097684,4155,1,1
"z[45,2]",0.00466666666666667,0.0681609955608629,0,0,0,0,0,1.04154976895011,2413,1,1
"z[46,2]",0.00755555555555556,0.0866033246050876,0,0,0,0,0,1.01174037116447,4500,1,1
"z[47,2]",0.0477777777777778,0.213319417750194,0,0,0,0,1,1.01313355280508,808,1,1
"z[48,2]",1,0,1,1,1,1,1,NA,1,0,1
"z[49,2]",0.452,0.497745975162206,0,0,0,1,1,1.00142553246666,1152,1,1
"z[50,2]",0.277555555555556,0.447842649487471,0,0,0,1,1,1.00007218598264,4500,1,1
"z[51,2]",0.286,0.451939585291061,0,0,0,1,1,1.00065826717051,2467,1,1
"z[52,2]",0.631777777777778,0.482375709749415,0,0,1,1,1,1.00424925113781,475,1,1
"z[53,2]",0.372888888888889,0.483626655635772,0,0,0,1,1,1.00390553736917,508,1,1
"z[54,2]",0.028,0.164991058376806,0,0,0,0,1,1.00245894997632,4500,1,1
"z[55,2]",0.670666666666667,0.470023385229729,0,0,1,1,1,1.00302811667789,679,1,1
"z[56,2]",1,0,1,1,1,1,1,NA,1,0,1
"z[57,2]",0.0246666666666667,0.155124368434336,0,0,0,0,0,1.0036148689424,4500,1,1
"z[58,2]",0.0206666666666667,0.142281601882585,0,0,0,0,0,1.02483555483405,950,1,1
"z[59,2]",0.0293333333333333,0.168757866791187,0,0,0,0,1,1.00321706237903,4500,1,1
"z[60,2]",0.00644444444444444,0.0800271001985887,0,0,0,0,0,1.00385467038575,4500,1,1
"z[61,2]",0.158666666666667,0.36540556500869,0,0,0,0,1,1.00095419607736,2917,1,1
"z[62,2]",0.0482222222222222,0.214259284678296,0,0,0,0,1,1.01300346750637,807,1,1
"z[63,2]",0.162222222222222,0.368695512481717,0,0,0,0,1,0.999956653361351,4500,1,1
"z[64,2]",0.0822222222222222,0.274733509778789,0,0,0,0,1,1.00375983488382,1611,1,1
"z[65,2]",0.716222222222222,0.450880390866246,0,0,1,1,1,1.00990364694042,246,1,1
"z[66,2]",0.564888888888889,0.495826647239751,0,0,1,1,1,1.00765242729952,260,1,1
"z[67,2]",0.516666666666667,0.499777678957439,0,0,1,1,1,1.00482867130874,393,1,1
"z[68,2]",0.506,0.500019559519626,0,0,1,1,1,1.00267789217215,669,1,1
"z[69,2]",0.611111111111111,0.487552196998034,0,0,1,1,1,0.999758884461156,4500,1,1
"z[70,2]",0.00355555555555556,0.0595289935189017,0,0,0,0,0,1.0351015531623,3777,1,1
"z[71,2]",0.0148888888888889,0.121121715563244,0,0,0,0,0,1.00012513927424,4500,1,1
"z[72,2]",0.0171111111111111,0.129699881353212,0,0,0,0,0,1.00235999417899,4500,1,1
"z[73,2]",0.00488888888888889,0.069757214702053,0,0,0,0,0,1.11995438858901,710,1,1
"z[74,2]",0.00488888888888889,0.069757214702053,0,0,0,0,0,1.04999128800267,1896,1,1
"z[75,2]",0.00488888888888889,0.069757214702053,0,0,0,0,0,1.0189302213851,4500,1,1
"z[76,2]",0.0131111111111111,0.113763288874888,0,0,0,0,0,1.02412447917193,1524,1,1
"z[77,2]",0.0191111111111111,0.136930797191431,0,0,0,0,0,1.01215133542906,2098,1,1
"z[78,2]",0.0506666666666667,0.219340481264845,0,0,0,0,1,1.003623564107,2619,1,1
"z[79,2]",0.0537777777777778,0.225603720820688,0,0,0,0,1,1.0100643166177,939,1,1
"z[80,2]",0.0262222222222222,0.159813306406557,0,0,0,0,1,1.00690256957696,2680,1,1
"z[81,2]",0.0473333333333333,0.212374461172167,0,0,0,0,1,1.00819906373229,1285,1,1
"z[82,2]",0.0264444444444444,0.160470739436839,0,0,0,0,1,1.01658947655655,1127,1,1
"z[83,2]",1,0,1,1,1,1,1,NA,1,0,1
"z[84,2]",0.0151111111111111,0.1220084974435,0,0,0,0,0,1.00640006936976,4500,1,1
"z[85,2]",0.0566666666666667,0.231230268797726,0,0,0,0,1,1.00132239424471,4500,1,1
"z[86,2]",0.00422222222222222,0.0648485125458765,0,0,0,0,0,1.08864509788794,1167,1,1
"z[87,2]",0.00488888888888889,0.069757214702053,0,0,0,0,0,1.04999128800267,1896,1,1
"z[88,2]",0.0164444444444444,0.127191272176836,0,0,0,0,0,1.00816482281885,3600,1,1
"z[89,2]",0.032,0.176019558815419,0,0,0,0,1,1.00435584185455,3429,1,1
"z[90,2]",0.0297777777777778,0.169992598048771,0,0,0,0,1,1.00022796138757,4500,1,1
"z[91,2]",0.101555555555556,0.302096516371218,0,0,0,0,1,1.00105636997457,3941,1,1
"z[92,2]",0.106444444444444,0.308439890155801,0,0,0,0,1,0.999767540206313,4500,1,1
"z[93,2]",0.0977777777777778,0.297046952768199,0,0,0,0,1,1.00538432913518,990,1,1
"z[94,2]",0.0402222222222222,0.196501846614733,0,0,0,0,1,1.00805561665304,1531,1,1
"z[95,2]",0.0237777777777778,0.152373076750087,0,0,0,0,0,1.0046298334594,4313,1,1
"z[96,2]",0.0182222222222222,0.133769014787178,0,0,0,0,0,1.01338707158649,2003,1,1
"z[97,2]",0.028,0.164991058376806,0,0,0,0,1,1.00236004338106,4500,1,1
"z[98,2]",0.0211111111111111,0.143770739157005,0,0,0,0,0,1.00488883510263,4500,1,1
"z[99,2]",0.728666666666667,0.444697089289433,0,0,1,1,1,1.00199855739548,1085,1,1
"z[100,2]",0.0273333333333333,0.163070940344369,0,0,0,0,1,1.01125348611918,1603,1,1
"z[101,2]",0.0906666666666667,0.287166411122996,0,0,0,0,1,1.01595978062484,372,1,1
"z[102,2]",0.0222222222222222,0.147421927362282,0,0,0,0,0,1.07055094204827,298,1,1
"z[103,2]",0.0115555555555556,0.106885749673393,0,0,0,0,0,1.02026368797724,2066,1,1
"z[104,2]",0.004,0.0631259497363628,0,0,0,0,0,1.05543924613477,2070,1,1
"z[105,2]",0.01,0.0995098009695405,0,0,0,0,0,1.00934810019948,4500,1,1
"z[106,2]",0.0226666666666667,0.148855006121055,0,0,0,0,0,1.00387288457326,4500,1,1
"z[107,2]",0.110888888888889,0.314029389601949,0,0,0,0,1,1.00749304127411,649,1,1
"z[108,2]",0.128888888888889,0.335114158308128,0,0,0,0,1,1.00462336983838,901,1,1
"z[109,2]",0.0248888888888889,0.155803807734777,0,0,0,0,0,1.00171662123039,4500,1,1
"z[110,2]",1,0,1,1,1,1,1,NA,1,0,1
"z[111,2]",1,0,1,1,1,1,1,NA,1,0,1
"z[112,2]",1,0,1,1,1,1,1,NA,1,0,1
"z[113,2]",0.662888888888889,0.472775718807963,0,0,1,1,1,1.00130536740846,1372,1,1
"z[114,2]",0.00333333333333333,0.0576451269226114,0,0,0,0,0,1.05516362148506,2493,1,1
"z[115,2]",0.00288888888888889,0.0536766566849176,0,0,0,0,0,1.06671398972748,2334,1,1
"z[116,2]",0.00488888888888889,0.069757214702053,0,0,0,0,0,1.0068913899778,4500,1,1
"z[117,2]",0.114222222222222,0.318116322460963,0,0,0,0,1,1.00535605804435,866,1,1
"z[118,2]",0.00511111111111111,0.071317023933587,0,0,0,0,0,1.01733434770711,4500,1,1
"z[119,2]",0.00577777777777778,0.0758002102747823,0,0,0,0,0,1.0114239811351,4500,1,1
"z[120,2]",0.00755555555555556,0.0866033246050876,0,0,0,0,0,1.01174037116447,4500,1,1
"z[121,2]",0.00711111111111111,0.0840363764582043,0,0,0,0,0,1.00311461330671,4500,1,1
"z[122,2]",0.106666666666667,0.308723288567936,0,0,0,0,1,1.02198507945819,232,1,1
"z[123,2]",0.553333333333333,0.497202666143567,0,0,1,1,1,1.0042037503454,452,1,1
"z[124,2]",1,0,1,1,1,1,1,NA,1,0,1
"z[125,2]",0.0317777777777778,0.175427447850631,0,0,0,0,1,1.0023401260231,4500,1,1
"z[126,2]",0.0722222222222222,0.258884272233404,0,0,0,0,1,0.999803947418726,4500,1,1
"z[127,2]",0.296666666666667,0.456839067684736,0,0,0,1,1,1.00267349625511,803,1,1
"z[128,2]",0.600222222222222,0.489906972262025,0,0,1,1,1,1.00175845779914,1003,1,1
"z[129,2]",0.691111111111111,0.462086564386042,0,0,1,1,1,1.00195450342911,1024,1,1
"z[130,2]",0.706444444444444,0.455441309280792,0,0,1,1,1,1.00582649825094,397,1,1
"z[131,2]",0.224,0.416968387460446,0,0,0,0,1,1.00599677788471,455,1,1
"z[132,2]",0.0817777777777778,0.274056314018784,0,0,0,0,1,1.00156015921002,3513,1,1
"z[133,2]",0.0946666666666667,0.292786506951796,0,0,0,0,1,1.00136857789862,3424,1,1
"z[134,2]",1,0,1,1,1,1,1,NA,1,0,1
"z[135,2]",0.988444444444444,0.106885749673393,1,1,1,1,1,1.00548798669251,4500,0,1
"z[136,2]",1,0,1,1,1,1,1,NA,1,0,1
"z[137,2]",0.364,0.481202095556712,0,0,0,1,1,1.00397911042806,505,1,1
"z[138,2]",0.008,0.08909412970305,0,0,0,0,0,1.00780554029941,4500,1,1
"z[139,2]",0.00311111111111111,0.0556966916350484,0,0,0,0,0,1.00222267416305,4500,1,1
"z[140,2]",0.002,0.0446815807032984,0,0,0,0,0,1.01775579934475,4500,1,1
"z[141,2]",0.00244444444444444,0.0493863456663645,0,0,0,0,0,1.02752607886309,4500,1,1
"z[142,2]",0.457333333333333,0.498231591557988,0,0,0,1,1,1.00006474950775,4500,1,1
"z[143,2]",0.221555555555556,0.415339651674082,0,0,0,0,1,1.00001663758488,4500,1,1
"z[144,2]",0.471555555555556,0.499245732728162,0,0,0,1,1,1.00040018009889,2739,1,1
"z[145,2]",0.0493333333333333,0.216587118720284,0,0,0,0,1,1.00457592983395,2155,1,1
"z[146,2]",0.232222222222222,0.422296923573775,0,0,0,0,1,0.999994119737777,4500,1,1
"z[147,2]",0.265777777777778,0.441795568888414,0,0,0,1,1,1.00123825432524,1639,1,1
"z[148,2]",0.347555555555556,0.476246883268876,0,0,0,1,1,1.00169713580991,1093,1,1
"z[149,2]",0.0106666666666667,0.102738670891514,0,0,0,0,0,1.01335269230674,3393,1,1
"z[150,2]",0.00866666666666667,0.0927009450571682,0,0,0,0,0,1.01824227289338,3053,1,1
"z[151,2]",0.00644444444444444,0.0800271001985887,0,0,0,0,0,1.02960246864555,2494,1,1
"z[152,2]",0.00666666666666667,0.0813860808385347,0,0,0,0,0,1.0046976492112,4500,1,1
"z[153,2]",0.208222222222222,0.406081732372833,0,0,0,0,1,0.999939659972194,4500,1,1
"z[154,2]",0.0575555555555556,0.232926963317475,0,0,0,0,1,1.0080890687394,1090,1,1
"z[155,2]",0.00844444444444444,0.0915150092219534,0,0,0,0,0,1.0341119994706,1647,1,1
"z[156,2]",0.00622222222222222,0.0786440117920529,0,0,0,0,0,1.03862284540399,1958,1,1
"z[157,2]",0.00755555555555556,0.0866033246050876,0,0,0,0,0,1.01803036084021,3532,1,1
"z[158,2]",0.00377777777777778,0.0613542394088465,0,0,0,0,0,1.09969236873549,1138,1,1
"z[159,2]",0.00933333333333333,0.0961679644942985,0,0,0,0,0,1.02067590247432,2497,1,1
"z[160,2]",0.0235555555555556,0.151676642100424,0,0,0,0,0,1.00333783840387,4500,1,1
"z[161,2]",0.00444444444444444,0.0665257457028688,0,0,0,0,0,1.03325742741325,3201,1,1
"z[162,2]",0.01,0.0995098009695405,0,0,0,0,0,1.00935961502422,4500,1,1
"z[163,2]",0.00955555555555555,0.0972951722699289,0,0,0,0,0,1.00159070712122,4500,1,1
"z[164,2]",0.0393333333333333,0.194408387233923,0,0,0,0,1,1.00002930608479,4500,1,1
"z[165,2]",0.0146666666666667,0.120227982292648,0,0,0,0,0,1.01253462895718,2637,1,1
"z[166,2]",0.0415555555555556,0.199593447150984,0,0,0,0,1,1.00080227767318,4500,1,1
"z[167,2]",0.00222222222222222,0.0470932775447189,0,0,0,0,0,1.03308734033364,4500,1,1
"z[168,2]",0.0133333333333333,0.11471041653724,0,0,0,0,0,1.00265088318546,4500,1,1
"z[169,2]",0.0148888888888889,0.121121715563244,0,0,0,0,0,1.01131049537101,2885,1,1
"z[170,2]",0.00933333333333333,0.0961679644942985,0,0,0,0,0,1.00053169360396,4500,1,1
"z[171,2]",0.106888888888889,0.309006267220739,0,0,0,0,1,1.003419658388,1389,1,1
"z[172,2]",0.0822222222222222,0.274733509778789,0,0,0,0,1,1.0044069414528,1391,1,1
"z[173,2]",0.092,0.289058069739814,0,0,0,0,1,1.00360667466021,1513,1,1
"z[174,2]",0.125555555555556,0.331384612689324,0,0,0,0,1,1.00046214665036,4500,1,1
"z[175,2]",0.114666666666667,0.318654651372799,0,0,0,0,1,1.00139616652884,2844,1,1
"z[176,2]",0.00888888888888889,0.093871373318521,0,0,0,0,0,0.999984537455424,4500,1,1
"z[177,2]",0.00466666666666667,0.0681609955608629,0,0,0,0,0,1.02289275773604,4480,1,1
"z[178,2]",0.0368888888888889,0.188509935158217,0,0,0,0,1,1.01122119467744,1198,1,1
"z[179,2]",0.0344444444444444,0.182388094475073,0,0,0,0,1,1.00633264814396,2238,1,1
"z[180,2]",0.402666666666667,0.490489229621105,0,0,0,1,1,1.00426802216759,457,1,1
"z[181,2]",0.695777777777778,0.460128362739494,0,0,1,1,1,1.0171408631474,140,1,1
"z[182,2]",0.415333333333333,0.492834181158129,0,0,0,1,1,1.00190646754203,924,1,1
"z[183,2]",0.472666666666667,0.499307811606502,0,0,0,1,1,1.01231860751465,164,1,1
"z[184,2]",0.253555555555556,0.43509447717713,0,0,0,1,1,1.01984053489133,136,1,1
"z[185,2]",0.536444444444444,0.498725450676525,0,0,1,1,1,1.00651458383993,299,1,1
"z[1,3]",0.371555555555556,0.483274172249775,0,0,0,1,1,1.00232959404921,808,1,1
"z[2,3]",0.0486666666666667,0.215194128644091,0,0,0,0,1,1.00689536275821,1482,1,1
"z[3,3]",0.0653333333333333,0.247140571093493,0,0,0,0,1,1.01185797374784,667,1,1
"z[4,3]",0.0144444444444444,0.119327141438796,0,0,0,0,0,1.00701938070209,4500,1,1
"z[5,3]",0.114888888888889,0.318923242760949,0,0,0,0,1,1.00725411499498,650,1,1
"z[6,3]",0.104222222222222,0.30558256148604,0,0,0,0,1,1.00028105270862,4500,1,1
"z[7,3]",0.00666666666666667,0.0813860808385347,0,0,0,0,0,1.02093295988644,3439,1,1
"z[8,3]",0.00533333333333333,0.0728427622699364,0,0,0,0,0,1.01759611175516,4500,1,1
"z[9,3]",0.0102222222222222,0.100598097789677,0,0,0,0,0,1.009876274207,4500,1,1
"z[10,3]",0.00755555555555556,0.0866033246050876,0,0,0,0,0,1.01302423534336,4500,1,1
"z[11,3]",0.105555555555556,0.307302075661651,0,0,0,0,1,1.0030588443837,1562,1,1
"z[12,3]",0.0886666666666667,0.28429359739909,0,0,0,0,1,1.00092507504784,4500,1,1
"z[13,3]",0.0988888888888889,0.298545948120994,0,0,0,0,1,1.00177627270603,2659,1,1
"z[14,3]",0.0315555555555556,0.174833049066281,0,0,0,0,1,1.00442881650815,3420,1,1
"z[15,3]",0.0204444444444444,0.141530634321543,0,0,0,0,0,1.01276681331876,1870,1,1
"z[16,3]",0.05,0.217969167319041,0,0,0,0,1,1.00224819164504,4060,1,1
"z[17,3]",0.0104444444444444,0.10167426066326,0,0,0,0,0,1.03036096531393,1507,1,1
"z[18,3]",0.00888888888888889,0.093871373318521,0,0,0,0,0,1.00093603451544,4500,1,1
"z[19,3]",0.0251111111111111,0.15647998127484,0,0,0,0,0.524999999999636,1.00633235101101,3042,1,1
"z[20,3]",0.0104444444444444,0.10167426066326,0,0,0,0,0,1.02266783015866,2033,1,1
"z[21,3]",0.00266666666666667,0.0515766100016907,0,0,0,0,0,1.02967422250434,4500,1,1
"z[22,3]",0.0128888888888889,0.11280777163711,0,0,0,0,0,1.00255285847116,4500,1,1
"z[23,3]",0.0164444444444444,0.127191272176836,0,0,0,0,0,1.0125356379759,2357,1,1
"z[24,3]",0.00844444444444444,0.0915150092219534,0,0,0,0,0,1.00836521650751,4500,1,1
"z[25,3]",0.018,0.132965893646013,0,0,0,0,0,1.00037663371091,4500,1,1
"z[26,3]",0.00777777777777778,0.0878578356425394,0,0,0,0,0,1.00255511888222,4500,1,1
"z[27,3]",0.008,0.08909412970305,0,0,0,0,0,1.01461565724293,4122,1,1
"z[28,3]",0.0353333333333333,0.184641449821595,0,0,0,0,1,1.0311383185594,451,1,1
"z[29,3]",0.0675555555555555,0.251009569058353,0,0,0,0,1,1.00421402790633,1741,1,1
"z[30,3]",0.0157777777777778,0.124628612791859,0,0,0,0,0,1.00494673152989,4500,1,1
"z[31,3]",0.00711111111111111,0.0840363764582043,0,0,0,0,0,1.00749490045356,4500,1,1
"z[32,3]",0.026,0.159152847308496,0,0,0,0,1,1.00529252806623,3490,1,1
"z[33,3]",0.0122222222222222,0.109888684384328,0,0,0,0,0,1.02438030344881,1620,1,1
"z[34,3]",0.0157777777777778,0.124628612791859,0,0,0,0,0,1.00947205926365,3243,1,1
"z[35,3]",0.0182222222222222,0.133769014787178,0,0,0,0,0,1.00089919630637,4500,1,1
"z[36,3]",0.00977777777777778,0.0984089676386699,0,0,0,0,0,1.01689447331202,2927,1,1
"z[37,3]",0.0184444444444444,0.13456697579197,0,0,0,0,0,1.0141689734471,1871,1,1
"z[38,3]",0.0248888888888889,0.155803807734777,0,0,0,0,0,1.00482133220542,3964,1,1
"z[39,3]",0.195333333333333,0.396501145622131,0,0,0,0,1,1.00106713558838,2268,1,1
"z[40,3]",0.304222222222222,0.460128362739494,0,0,0,1,1,1.00192575975215,1053,1,1
"z[41,3]",0.341777777777778,0.474358231604594,0,0,0,1,1,1.0057898269059,366,1,1
"z[42,3]",1,0,1,1,1,1,1,NA,1,0,1
"z[43,3]",0.00666666666666667,0.0813860808385347,0,0,0,0,0,1.04839425679218,1443,1,1
"z[44,3]",0.0133333333333333,0.11471041653724,0,0,0,0,0,1.00349687995795,4500,1,1
"z[45,3]",0.0104444444444444,0.10167426066326,0,0,0,0,0,1.02008562463127,2301,1,1
"z[46,3]",0.00866666666666667,0.0927009450571682,0,0,0,0,0,1.00066835234467,4500,1,1
"z[47,3]",0.0275555555555556,0.163713783655141,0,0,0,0,1,1.02669342782564,670,1,1
"z[48,3]",0.480444444444444,0.499672956192184,0,0,0,1,1,1.0045408831127,416,1,1
"z[49,3]",0.436666666666667,0.496027786758685,0,0,0,1,1,1.00165908952285,1024,1,1
"z[50,3]",0.214444444444444,0.410481994889812,0,0,0,0,1,1.00010131974179,4500,1,1
"z[51,3]",0.200444444444444,0.400377436705509,0,0,0,0,1,1.00088119533859,2562,1,1
"z[52,3]",0.645777777777778,0.478330099283297,0,0,1,1,1,1.00359752075591,562,1,1
"z[53,3]",0.330666666666667,0.470505490679205,0,0,0,1,1,1.00515803293341,416,1,1
"z[54,3]",0.0262222222222222,0.159813306406557,0,0,0,0,1,1.00444610192715,4072,1,1
"z[55,3]",1,0,1,1,1,1,1,NA,1,0,1
"z[56,3]",1,0,1,1,1,1,1,NA,1,0,1
"z[57,3]",0.0191111111111111,0.136930797191431,0,0,0,0,0,1.0022559553227,4500,1,1
"z[58,3]",0.0228888888888889,0.149565901047889,0,0,0,0,0,1.00472214976709,4398,1,1
"z[59,3]",0.0473333333333333,0.212374461172167,0,0,0,0,1,0.99977580552672,4500,1,1
"z[60,3]",0.0273333333333333,0.163070940344369,0,0,0,0,1,1.00620157337034,2850,1,1
"z[61,3]",0.132,0.338528384323479,0,0,0,0,1,0.999886782582728,4500,1,1
"z[62,3]",0.0446666666666667,0.206593901727913,0,0,0,0,1,1.00031681850323,4500,1,1
"z[63,3]",0.110222222222222,0.313201345555729,0,0,0,0,1,1.00075998583858,4500,1,1
"z[64,3]",0.0686666666666667,0.252914551125769,0,0,0,0,1,1.00001083150951,4500,1,1
"z[65,3]",0.728666666666667,0.444697089289433,0,0,1,1,1,1.00816891997639,303,1,1
"z[66,3]",0.550888888888889,0.497458855865984,0,0,1,1,1,1.00881305876765,226,1,1
"z[67,3]",0.473111111111111,0.499331948560451,0,0,0,1,1,1.00336792444017,547,1,1
"z[68,3]",0.466444444444444,0.498928193553928,0,0,0,1,1,1.00344902753707,537,1,1
"z[69,3]",0.609777777777778,0.487854208528772,0,0,1,1,1,1.00036964686565,2996,1,1
"z[70,3]",0.01,0.0995098009695405,0,0,0,0,0,1.01375041180442,3518,1,1
"z[71,3]",0.0357777777777778,0.185756281888117,0,0,0,0,1,1.00476813539749,2829,1,1
"z[72,3]",0.0357777777777778,0.185756281888117,0,0,0,0,1,1.00469911334464,2864,1,1
"z[73,3]",0.00622222222222222,0.0786440117920529,0,0,0,0,0,1.05378484877702,1377,1,1
"z[74,3]",0.00533333333333333,0.0728427622699364,0,0,0,0,0,1.03227887696713,2755,1,1
"z[75,3]",0.00488888888888889,0.069757214702053,0,0,0,0,0,1.04174125794603,2292,1,1
"z[76,3]",0.0222222222222222,0.147421927362282,0,0,0,0,0,1.01086551404059,2029,1,1
"z[77,3]",0.0224444444444444,0.148140366379144,0,0,0,0,0,1.00612209476579,3499,1,1
"z[78,3]",0.0522222222222222,0.222499579945098,0,0,0,0,1,0.999979063510603,4500,1,1
"z[79,3]",0.0571111111111111,0.232080592249878,0,0,0,0,1,1.00802047332928,1105,1,1
"z[80,3]",0.0386666666666667,0.192820688042738,0,0,0,0,1,1.00014866863623,4500,1,1
"z[81,3]",0.0455555555555556,0.208542349028494,0,0,0,0,1,1.01207794917054,912,1,1
"z[82,3]",0.0268888888888889,0.161776674693452,0,0,0,0,1,1.01291922802825,1422,1,1
"z[83,3]",0.94,0.237513233566337,0,1,1,1,1,1.01563558459192,545,1,1
"z[84,3]",0.0253333333333333,0.15715293120877,0,0,0,0,1,1.00124144469673,4500,1,1
"z[85,3]",0.144222222222222,0.351353961248913,0,0,0,0,1,1.00244229388321,1464,1,1
"z[86,3]",0.00911111111111111,0.0950268670194558,0,0,0,0,0,1.01246294241129,4253,1,1
"z[87,3]",0.00777777777777778,0.0878578356425394,0,0,0,0,0,1.00501518886421,4500,1,1
"z[88,3]",0.0202222222222222,0.140775309913555,0,0,0,0,0,1.01160472119743,2080,1,1
"z[89,3]",0.0457777777777778,0.209026032222424,0,0,0,0,1,1.0006490594778,4500,1,1
"z[90,3]",0.0353333333333333,0.184641449821595,0,0,0,0,1,1.00087470200687,4500,1,1
"z[91,3]",0.0646666666666667,0.245964088766797,0,0,0,0,1,1.0009384051304,4500,1,1
"z[92,3]",0.0953333333333333,0.293707437222326,0,0,0,0,1,0.999736263123547,4500,1,1
"z[93,3]",0.0733333333333333,0.260711833537911,0,0,0,0,1,1.00215787225059,2941,1,1
"z[94,3]",0.0248888888888889,0.155803807734777,0,0,0,0,0,1.02636520329917,745,1,1
"z[95,3]",0.0157777777777778,0.124628612791859,0,0,0,0,0,1.01600396598223,1930,1,1
"z[96,3]",0.0157777777777778,0.124628612791859,0,0,0,0,0,1.01656335658786,1862,1,1
"z[97,3]",0.0173333333333333,0.130524613834426,0,0,0,0,0,1.00750002247714,3710,1,1
"z[98,3]",0.0166666666666667,0.128033322512951,0,0,0,0,0,1.01973881853024,1476,1,1
"z[99,3]",1,0,1,1,1,1,1,NA,1,0,1
"z[100,3]",0.0242222222222222,0.153755519169198,0,0,0,0,0,1.00966798925751,2091,1,1
"z[101,3]",0.100666666666667,0.300920274791174,0,0,0,0,1,1.01500358887007,361,1,1
"z[102,3]",0.0306666666666667,0.17243210118093,0,0,0,0,1,1.03035280410297,530,1,1
"z[103,3]",0.0113333333333333,0.105864911172911,0,0,0,0,0,1.05965864874757,682,1,1
"z[104,3]",0.00977777777777778,0.0984089676386699,0,0,0,0,0,1.01536788989444,3215,1,1
"z[105,3]",0.0375555555555556,0.190139869149559,0,0,0,0,1,1.00149358702165,4500,1,1
"z[106,3]",0.0175555555555556,0.13134379171788,0,0,0,0,0,1.00713153342891,3839,1,1
"z[107,3]",0.140222222222222,0.347256026113763,0,0,0,0,1,1.00572340647165,689,1,1
"z[108,3]",0.08,0.271323348038703,0,0,0,0,1,1.00114461302578,4500,1,1
"z[109,3]",0.0215555555555556,0.14524324938423,0,0,0,0,0,1.00698724840165,3212,1,1
"z[110,3]",1,0,1,1,1,1,1,NA,1,0,1
"z[111,3]",0.967111111111111,0.17836557884435,0,1,1,1,1,1.00333717126,4267,1,1
"z[112,3]",0.947333333333333,0.223391984327829,0,1,1,1,1,1.00289088299291,3091,1,1
"z[113,3]",0.450222222222222,0.497571291367215,0,0,0,1,1,1.00075179302822,1865,1,1
"z[114,3]",0.00377777777777778,0.0613542394088465,0,0,0,0,0,1.02160266575274,4500,1,1
"z[115,3]",0.00222222222222222,0.0470932775447189,0,0,0,0,0,1.05921191003868,3455,1,1
"z[116,3]",0.00288888888888889,0.0536766566849176,0,0,0,0,0,1.01987494187977,4500,1,1
"z[117,3]",0.201111111111111,0.400875471267549,0,0,0,0,1,1.00134215126383,1857,1,1
"z[118,3]",0.0148888888888889,0.121121715563244,0,0,0,0,0,1.00996236179647,3265,1,1
"z[119,3]",0.0157777777777778,0.124628612791859,0,0,0,0,0,1.00705468986032,4309,1,1
"z[120,3]",0.0188888888888889,0.136147779728393,0,0,0,0,0,1.00530597488562,4500,1,1
"z[121,3]",0.0162222222222222,0.126343218950737,0,0,0,0,0,1.00266079565661,4500,1,1
"z[122,3]",0.114888888888889,0.318923242760949,0,0,0,0,1,1.01866692745127,257,1,1
"z[123,3]",0.602,0.489539840452324,0,0,1,1,1,1.0045985655526,429,1,1
"z[124,3]",0.905777777777778,0.292170095489473,0,1,1,1,1,1.00414658549805,1309,1,1
"z[125,3]",0.0437777777777778,0.204623040065984,0,0,0,0,1,1.00052483711349,4500,1,1
"z[126,3]",0.126222222222222,0.332136549049397,0,0,0,0,1,1.0006294503385,4500,1,1
"z[127,3]",0.258,0.437582621671684,0,0,0,1,1,1.00278601401948,844,1,1
"z[128,3]",0.575333333333333,0.494347241700356,0,0,1,1,1,1.00226147688278,795,1,1
"z[129,3]",0.689333333333333,0.462817986899337,0,0,1,1,1,1.00309102213236,683,1,1
"z[130,3]",0.710444444444444,0.453606503473637,0,0,1,1,1,1.00602440674683,387,1,1
"z[131,3]",0.234444444444444,0.423698171199837,0,0,0,0,1,1.00504329833148,520,1,1
"z[132,3]",0.0764444444444444,0.265737434110773,0,0,0,0,1,1.00583689130488,1146,1,1
"z[133,3]",0.0933333333333333,0.290931317221604,0,0,0,0,1,1.00031691019916,4500,1,1
"z[134,3]",0.779777777777778,0.414442474320032,0,1,1,1,1,1.00009507495843,4500,1,1
"z[135,3]",1,0,1,1,1,1,1,NA,1,0,1
"z[136,3]",0.840222222222222,0.366440553449894,0,1,1,1,1,1.00021897710919,4500,1,1
"z[137,3]",0.462,0.498609312933248,0,0,0,1,1,1.00221074655965,797,1,1
"z[138,3]",0.0128888888888889,0.11280777163711,0,0,0,0,0,1.00751553378436,4500,1,1
"z[139,3]",0.0131111111111111,0.113763288874888,0,0,0,0,0,1.00157883859381,4500,1,1
"z[140,3]",0.008,0.08909412970305,0,0,0,0,0,1.00084038940263,4500,1,1
"z[141,3]",0.00888888888888889,0.093871373318521,0,0,0,0,0,1.02394457544985,2259,1,1
"z[142,3]",0.420888888888889,0.493756629222073,0,0,0,1,1,1.00037041347107,2916,1,1
"z[143,3]",0.154222222222222,0.361201773251085,0,0,0,0,1,1.00010791245068,4500,1,1
"z[144,3]",0.425777777777778,0.49451532347518,0,0,0,1,1,0.999984392315789,4500,1,1
"z[145,3]",0.0484444444444444,0.214727330422946,0,0,0,0,1,1.00265933178541,3605,1,1
"z[146,3]",0.365111111111111,0.481514809038625,0,0,0,1,1,1.00016002282697,4380,1,1
"z[147,3]",0.385777777777778,0.486832570746799,0,0,0,1,1,1.00055827257922,2373,1,1
"z[148,3]",0.485111111111111,0.499833812000229,0,0,0,1,1,1.00023857523693,3504,1,1
"z[149,3]",0.0157777777777778,0.124628612791859,0,0,0,0,0,1.00038226901051,4500,1,1
"z[150,3]",0.00933333333333333,0.0961679644942985,0,0,0,0,0,1.03887494334597,1301,1,1
"z[151,3]",0.0102222222222222,0.100598097789677,0,0,0,0,0,1.00062949830714,4500,1,1
"z[152,3]",0.0126666666666667,0.111843649799372,0,0,0,0,0,1.0053081551275,4500,1,1
"z[153,3]",0.338888888888889,0.473384630425236,0,0,0,1,1,1.00020530556452,4152,1,1
"z[154,3]",0.0648888888888889,0.246357074296865,0,0,0,0,1,1.00609029019482,1272,1,1
"z[155,3]",0.0208888888888889,0.143028281223349,0,0,0,0,0,0.999725622125876,4500,1,1
"z[156,3]",0.0108888888888889,0.103791690054186,0,0,0,0,0,1.00494288651828,4500,1,1
"z[157,3]",0.012,0.108897361089598,0,0,0,0,0,1.00019302158559,4500,1,1
"z[158,3]",0.0126666666666667,0.111843649799372,0,0,0,0,0,1.00013974300809,4500,1,1
"z[159,3]",0.0171111111111111,0.129699881353212,0,0,0,0,0,1.0028806182443,4500,1,1
"z[160,3]",0.0244444444444444,0.154441620272072,0,0,0,0,0,1.01376993350999,1460,1,1
"z[161,3]",0.0126666666666667,0.111843649799372,0,0,0,0,0,1.02217670060836,1724,1,1
"z[162,3]",0.0217777777777778,0.145973426820025,0,0,0,0,0,1.01002507258497,2236,1,1
"z[163,3]",0.0233333333333333,0.15097666777369,0,0,0,0,0,1.00700176719821,2959,1,1
"z[164,3]",0.0402222222222222,0.196501846614733,0,0,0,0,1,1.00166309153821,4500,1,1
"z[165,3]",0.0142222222222222,0.118419030794728,0,0,0,0,0,1.01091925065935,3121,1,1
"z[166,3]",0.0451111111111111,0.207570887552932,0,0,0,0,1,1.00365464612383,2899,1,1
"z[167,3]",0.0111111111111111,0.104833661410201,0,0,0,0,0,1.00231559826491,4500,1,1
"z[168,3]",0.0246666666666667,0.155124368434336,0,0,0,0,0,1.00119752105048,4500,1,1
"z[169,3]",0.0217777777777778,0.145973426820025,0,0,0,0,0,1.00296912981119,4500,1,1
"z[170,3]",0.00711111111111111,0.0840363764582043,0,0,0,0,0,1.00749490045356,4500,1,1
"z[171,3]",0.151333333333333,0.358413312036458,0,0,0,0,1,1.00402107296531,897,1,1
"z[172,3]",0.101555555555556,0.302096516371218,0,0,0,0,1,1.0028862236145,1701,1,1
"z[173,3]",0.120444444444444,0.325516707964524,0,0,0,0,1,1.00363410526704,1184,1,1
"z[174,3]",0.239111111111111,0.426588123466373,0,0,0,0,1,1.00040227261082,3730,1,1
"z[175,3]",0.0455555555555556,0.208542349028494,0,0,0,0,1,1.00256606541071,3949,1,1
"z[176,3]",0.0148888888888889,0.121121715563244,0,0,0,0,0,1.00827985690818,3909,1,1
"z[177,3]",0.0135555555555556,0.115649360747383,0,0,0,0,0,1.00350968420923,4500,1,1
"z[178,3]",0.0408888888888889,0.198054801702807,0,0,0,0,1,1.00569816868781,2096,1,1
"z[179,3]",0.0262222222222222,0.159813306406557,0,0,0,0,1,1.00207926167904,4500,1,1
"z[180,3]",0.364444444444444,0.481327513188742,0,0,0,1,1,1.00660173151404,317,1,1
"z[181,3]",0.717111111111111,0.450452945452442,0,0,1,1,1,1.01841391285729,136,1,1
"z[182,3]",0.354888888888889,0.478532812783537,0,0,0,1,1,1.00228945533637,836,1,1
"z[183,3]",0.443333333333333,0.496833717710475,0,0,0,1,1,1.01376085325739,149,1,1
"z[184,3]",0.261777777777778,0.439651142234043,0,0,0,1,1,1.02012041596165,132,1,1
"z[185,3]",0.539555555555556,0.498488292894798,0,0,1,1,1,1.00503352826912,381,1,1
"z[1,4]",1,0,1,1,1,1,1,NA,1,0,1
"z[2,4]",0.206,0.404475407947857,0,0,0,0,1,1.00059850012258,3287,1,1
"z[3,4]",0.142444444444444,0.349544240495844,0,0,0,0,1,1.00488694834003,789,1,1
"z[4,4]",0.0515555555555556,0.221152546426871,0,0,0,0,1,1.00134407562886,4500,1,1
"z[5,4]",0.255555555555556,0.43622150344653,0,0,0,1,1,1.00334201117467,722,1,1
"z[6,4]",0.239777777777778,0.426995212746905,0,0,0,0,1,1.00122009915359,1765,1,1
"z[7,4]",0.0564444444444444,0.230803611284136,0,0,0,0,1,0.999988422123576,4500,1,1
"z[8,4]",0.0237777777777778,0.152373076750087,0,0,0,0,0,1.00639022839786,3177,1,1
"z[9,4]",0.0444444444444444,0.206103312651472,0,0,0,0,1,1.00074563934118,4500,1,1
"z[10,4]",0.03,0.170606178387604,0,0,0,0,1,1.00236668201411,4500,1,1
"z[11,4]",0.135777777777778,0.342590505813979,0,0,0,0,1,1.00190956811272,1903,1,1
"z[12,4]",0.134,0.340690171985335,0,0,0,0,1,0.999754592099245,4500,1,1
"z[13,4]",0.166,0.372121985606325,0,0,0,0,1,1.00083801458129,3075,1,1
"z[14,4]",0.0522222222222222,0.222499579945098,0,0,0,0,1,1.00043146191972,4500,1,1
"z[15,4]",0.0517777777777778,0.221602690281563,0,0,0,0,1,1.00019840825472,4500,1,1
"z[16,4]",0.126222222222222,0.332136549049397,0,0,0,0,1,1.00021653626804,4500,1,1
"z[17,4]",0.0353333333333333,0.184641449821595,0,0,0,0,1,1.00991143111158,1412,1,1
"z[18,4]",0.0288888888888889,0.167512855228826,0,0,0,0,1,1.0002621625973,4500,1,1
"z[19,4]",0.0675555555555555,0.251009569058353,0,0,0,0,1,1.00071711943377,4500,1,1
"z[20,4]",0.0371111111111111,0.189055069145718,0,0,0,0,1,1.00885162762342,1505,1,1
"z[21,4]",0.0148888888888889,0.121121715563244,0,0,0,0,0,1.00726658189315,4434,1,1
"z[22,4]",0.0735555555555556,0.261075243046752,0,0,0,0,1,1.00110563647173,4500,1,1
"z[23,4]",0.0453333333333333,0.20805730398765,0,0,0,0,1,1.00333589822716,3142,1,1
"z[24,4]",0.0233333333333333,0.15097666777369,0,0,0,0,0,1.01241927457221,1691,1,1
"z[25,4]",0.0471111111111111,0.211900053000311,0,0,0,0,1,1.00268758721029,3681,1,1
"z[26,4]",0.0271111111111111,0.162425248725456,0,0,0,0,1,1.00727799281105,2462,1,1
"z[27,4]",0.0326666666666667,0.177782392941008,0,0,0,0,1,1.01484283763535,1026,1,1
"z[28,4]",0.0368888888888889,0.188509935158217,0,0,0,0,1,1.00579204208057,2278,1,1
"z[29,4]",0.0815555555555556,0.273716817169827,0,0,0,0,1,1.00052895440883,4500,1,1
"z[30,4]",0.0662222222222222,0.248697776589203,0,0,0,0,1,1.00046545493602,4500,1,1
"z[31,4]",0.0393333333333333,0.194408387233923,0,0,0,0,1,1.02016618830338,634,1,1
"z[32,4]",0.355333333333333,0.478667391473839,0,0,0,1,1,0.999689190736458,4500,1,1
"z[33,4]",0.036,0.186310798705171,0,0,0,0,1,1.0046175906148,2893,1,1
"z[34,4]",0.0542222222222222,0.226480841156445,0,0,0,0,1,1.00130483810806,4500,1,1
"z[35,4]",0.068,0.251773880070849,0,0,0,0,1,1.0009018343282,4500,1,1
"z[36,4]",0.0448888888888889,0.207083090060559,0,0,0,0,1,1.00695436472882,1588,1,1
"z[37,4]",0.0746666666666667,0.262881936707821,0,0,0,0,1,1.0002410310761,4500,1,1
"z[38,4]",0.0695555555555556,0.254424773023488,0,0,0,0,1,1.00020275203206,4500,1,1
"z[39,4]",1,0,1,1,1,1,1,NA,1,0,1
"z[40,4]",1,0,1,1,1,1,1,NA,1,0,1
"z[41,4]",0.452222222222222,0.497767359789301,0,0,0,1,1,1.00247121091694,724,1,1
"z[42,4]",1,0,1,1,1,1,1,NA,1,0,1
"z[43,4]",0.0171111111111111,0.129699881353212,0,0,0,0,0,1.01260228756982,2256,1,1
"z[44,4]",0.0684444444444444,0.252535095508448,0,0,0,0,1,0.999690903360419,4500,1,1
"z[45,4]",0.0251111111111111,0.15647998127484,0,0,0,0,0.524999999999636,1.00265824865818,4500,1,1
"z[46,4]",0.0466666666666667,0.210947333488984,0,0,0,0,1,1.00417141714957,2483,1,1
"z[47,4]",0.0564444444444444,0.230803611284136,0,0,0,0,1,1.002280174067,3584,1,1
"z[48,4]",0.366444444444444,0.481886414838812,0,0,0,1,1,1.00226121843786,836,1,1
"z[49,4]",0.530222222222222,0.499141244708226,0,0,1,1,1,1.00114306962667,1365,1,1
"z[50,4]",0.265777777777778,0.441795568888414,0,0,0,1,1,0.999762574819651,4500,1,1
"z[51,4]",0.210666666666667,0.407827393549698,0,0,0,0,1,1.0001255141202,4500,1,1
"z[52,4]",0.705111111111111,0.456043472609393,0,0,1,1,1,1.00283091241431,765,1,1
"z[53,4]",0.334666666666667,0.471926245268845,0,0,0,1,1,1.00508921327395,420,1,1
"z[54,4]",0.0808888888888889,0.272694703874728,0,0,0,0,1,1.00213925584769,2709,1,1
"z[55,4]",0.699111111111111,0.458695455968038,0,0,1,1,1,1.00128639432306,1470,1,1
"z[56,4]",1,0,1,1,1,1,1,NA,1,0,1
"z[57,4]",0.056,0.22994727692822,0,0,0,0,1,1.00604204759776,1469,1,1
"z[58,4]",0.0844444444444444,0.278084096742923,0,0,0,0,1,1.00036400833996,4500,1,1
"z[59,4]",0.151777777777778,0.358845230543525,0,0,0,0,1,1.00181062111324,1806,1,1
"z[60,4]",0.130444444444444,0.336829190149167,0,0,0,0,1,1.00036505229182,4500,1,1
"z[61,4]",0.224444444444444,0.417262299316107,0,0,0,0,1,0.999750462095311,4500,1,1
"z[62,4]",0.096,0.294623980049003,0,0,0,0,1,1.00040501283233,4500,1,1
"z[63,4]",0.179111111111111,0.383487941993863,0,0,0,0,1,0.999794426986626,4500,1,1
"z[64,4]",0.156222222222222,0.363106236035812,0,0,0,0,1,1.00291087473508,1171,1,1
"z[65,4]",0.819111111111111,0.384968871895082,0,1,1,1,1,1.0119144009812,280,1,1
"z[66,4]",0.613777777777778,0.486936656862876,0,0,1,1,1,1.00619893540483,327,1,1
"z[67,4]",0.501777777777778,0.500052403961488,0,0,1,1,1,1.00101233372215,1491,1,1
"z[68,4]",0.494444444444444,0.500024696236309,0,0,0,1,1,1.00214134532864,814,1,1
"z[69,4]",0.852666666666667,0.354477284696265,0,1,1,1,1,1.00295588099535,1207,1,1
"z[70,4]",0.0791111111111111,0.269942097980992,0,0,0,0,1,1.00534857149737,1199,1,1
"z[71,4]",0.186222222222222,0.389329153792569,0,0,0,0,1,1.00314202366922,955,1,1
"z[72,4]",0.218666666666667,0.413387869931969,0,0,0,0,1,1.00061210454894,3093,1,1
"z[73,4]",0.03,0.170606178387604,0,0,0,0,1,1.00132300878416,4500,1,1
"z[74,4]",0.0242222222222222,0.153755519169198,0,0,0,0,0,1.00037331498114,4500,1,1
"z[75,4]",0.0237777777777778,0.152373076750087,0,0,0,0,0,1.00259061963158,4500,1,1
"z[76,4]",0.0562222222222222,0.230375949195969,0,0,0,0,1,0.999833186316564,4500,1,1
"z[77,4]",0.0868888888888889,0.281703469504598,0,0,0,0,1,1.00154613139784,3341,1,1
"z[78,4]",0.0862222222222222,0.280723107246949,0,0,0,0,1,1.00375914544584,1541,1,1
"z[79,4]",0.0884444444444445,0.28397173218309,0,0,0,0,1,1.00172344674785,3019,1,1
"z[80,4]",0.144,0.351128748592969,0,0,0,0,1,0.999856840107384,4500,1,1
"z[81,4]",0.111555555555556,0.314853844066041,0,0,0,0,1,1.00606271777639,789,1,1
"z[82,4]",0.0555555555555556,0.229086879157383,0,0,0,0,1,1.00879269523198,1036,1,1
"z[83,4]",0.931333333333333,0.252914551125769,0,1,1,1,1,1.01884578626167,400,1,1
"z[84,4]",0.102444444444444,0.303265589918635,0,0,0,0,1,0.999809535415999,4500,1,1
"z[85,4]",1,0,1,1,1,1,1,NA,1,0,1
"z[86,4]",0.0422222222222222,0.201118111385383,0,0,0,0,1,1.00148644930213,4500,1,1
"z[87,4]",0.0411111111111111,0.198569256988457,0,0,0,0,1,1.00068307886119,4500,1,1
"z[88,4]",0.0773333333333333,0.267149300225178,0,0,0,0,1,1.01485126945392,457,1,1
"z[89,4]",0.153111111111111,0.360134586374701,0,0,0,0,1,1.00067913893258,3818,1,1
"z[90,4]",0.132222222222222,0.338769847401279,0,0,0,0,1,1.00034875137053,4500,1,1
"z[91,4]",0.151111111111111,0.358196950635289,0,0,0,0,1,1.00014117417159,4500,1,1
"z[92,4]",0.198,0.398536442302985,0,0,0,0,1,1.00000986665717,4500,1,1
"z[93,4]",0.167111111111111,0.373116502618737,0,0,0,0,1,0.999835888048058,4500,1,1
"z[94,4]",0.064,0.244780135956494,0,0,0,0,1,1.00018224823381,4500,1,1
"z[95,4]",0.0386666666666667,0.192820688042738,0,0,0,0,1,1.00499269419409,2510,1,1
"z[96,4]",0.0402222222222222,0.196501846614733,0,0,0,0,1,1.00245728637647,4500,1,1
"z[97,4]",0.0424444444444444,0.201623280764707,0,0,0,0,1,1.00477516713378,2400,1,1
"z[98,4]",0.0384444444444444,0.192288028053314,0,0,0,0,1,1.00318959219961,3820,1,1
"z[99,4]",0.887555555555556,0.315947581441862,0,1,1,1,1,1.00254688951063,1731,1,1
"z[100,4]",0.0948888888888889,0.293093973751269,0,0,0,0,1,1.00003114881773,4500,1,1
"z[101,4]",0.255555555555556,0.43622150344653,0,0,0,1,1,1.0059716019855,422,1,1
"z[102,4]",0.103777777777778,0.305005940343398,0,0,0,0,1,1.00183117194572,2489,1,1
"z[103,4]",0.0617777777777778,0.240778252960813,0,0,0,0,1,1.00187762826806,3900,1,1
"z[104,4]",0.0513333333333333,0.220701260655139,0,0,0,0,1,1.005542009639,1740,1,1
"z[105,4]",0.129333333333333,0.335605797609632,0,0,0,0,1,1.00054642029494,4500,1,1
"z[106,4]",0.05,0.217969167319041,0,0,0,0,1,1.00166791990935,4500,1,1
"z[107,4]",1,0,1,1,1,1,1,NA,1,0,1
"z[108,4]",0.122666666666667,0.328090652606978,0,0,0,0,1,0.999749685947344,4500,1,1
"z[109,4]",0.048,0.213789983216616,0,0,0,0,1,0.99991490807056,4500,1,1
"z[110,4]",0.992666666666667,0.0853297931213479,1,1,1,1,1,1.03293917162298,1966,0,1
"z[111,4]",1,0,1,1,1,1,1,NA,1,0,1
"z[112,4]",0.959333333333333,0.19753875656879,0,1,1,1,1,1.00117313179146,4500,1,1
"z[113,4]",0.400222222222222,0.489997704195958,0,0,0,1,1,1.00015589568513,4261,1,1
"z[114,4]",0.00822222222222222,0.0903129549063228,0,0,0,0,0,1.03597319740125,1604,1,1
"z[115,4]",0.00622222222222222,0.0786440117920529,0,0,0,0,0,1.01727500571948,4473,1,1
"z[116,4]",0.00888888888888889,0.093871373318521,0,0,0,0,0,1.01306905400085,4150,1,1
"z[117,4]",0.723555555555556,0.447288914457388,0,0,1,1,1,1.00020411100451,4500,1,1
"z[118,4]",0.0455555555555556,0.208542349028494,0,0,0,0,1,0.999758012762477,4500,1,1
"z[119,4]",0.0664444444444444,0.249085061097509,0,0,0,0,1,1.0022071405349,3165,1,1
"z[120,4]",0.048,0.213789983216616,0,0,0,0,1,1.00393788071344,2550,1,1
"z[121,4]",0.0462222222222222,0.209989350685102,0,0,0,0,1,1.00427754072781,2454,1,1
"z[122,4]",0.194444444444444,0.395816394508945,0,0,0,0,1,1.00976158500662,316,1,1
"z[123,4]",0.898444444444444,0.302096516371218,0,1,1,1,1,1.00475727457898,1070,1,1
"z[124,4]",0.952888888888889,0.211900053000311,0,1,1,1,1,1.00790266859382,1340,1,1
"z[125,4]",0.0702222222222222,0.255549553077657,0,0,0,0,1,1.0010576733965,4500,1,1
"z[126,4]",0.620444444444444,0.485330278513819,0,0,1,1,1,1.00028670788994,3424,1,1
"z[127,4]",0.255111111111111,0.435972098015125,0,0,0,1,1,1.00292652950753,814,1,1
"z[128,4]",0.617333333333333,0.486091963269127,0,0,1,1,1,1.00084292506111,1807,1,1
"z[129,4]",0.772888888888889,0.419011539250935,0,1,1,1,1,1.00233302386247,1073,1,1
"z[130,4]",0.801555555555556,0.398872915075436,0,1,1,1,1,1.00800289709736,381,1,1
"z[131,4]",0.325555555555556,0.468634121452001,0,0,0,1,1,1.00342282933513,610,1,1
"z[132,4]",0.129111111111111,0.335360141694826,0,0,0,0,1,1.00156596978908,2341,1,1
"z[133,4]",0.135111111111111,0.341880202058169,0,0,0,0,1,1.00045410384397,4500,1,1
"z[134,4]",0.702222222222222,0.457332101657473,0,0,1,1,1,1.00037322453343,3391,1,1
"z[135,4]",0.977777777777778,0.147421927362282,1,1,1,1,1,1.00221875468298,4500,0,1
"z[136,4]",0.847777777777778,0.359276079878955,0,1,1,1,1,1.00012243220806,4500,1,1
"z[137,4]",1,0,1,1,1,1,1,NA,1,0,1
"z[138,4]",0.0533333333333333,0.224722297816234,0,0,0,0,1,1.00667927290227,1398,1,1
"z[139,4]",0.0435555555555556,0.20412674648623,0,0,0,0,1,1.00146967081517,4500,1,1
"z[140,4]",0.0268888888888889,0.161776674693452,0,0,0,0,1,1.00143092880521,4500,1,1
"z[141,4]",0.0271111111111111,0.162425248725456,0,0,0,0,1,1.00728981849265,2462,1,1
"z[142,4]",0.447555555555556,0.497297231855004,0,0,0,1,1,1.00171506042145,992,1,1
"z[143,4]",0.159111111111111,0.365820316837122,0,0,0,0,1,1.00048246573288,4500,1,1
"z[144,4]",0.445777777777778,0.497106492646933,0,0,0,1,1,1.00035803195693,2930,1,1
"z[145,4]",0.0415555555555556,0.199593447150984,0,0,0,0,1,1.00599366246039,1973,1,1
"z[146,4]",1,0,1,1,1,1,1,NA,1,0,1
"z[147,4]",1,0,1,1,1,1,1,NA,1,0,1
"z[148,4]",1,0,1,1,1,1,1,NA,1,0,1
"z[149,4]",0.0942222222222222,0.292170095489473,0,0,0,0,1,1.00247462682466,2086,1,1
"z[150,4]",0.0342222222222222,0.181819713016199,0,0,0,0,1,1.00783152095654,1840,1,1
"z[151,4]",0.0635555555555556,0.243986630137708,0,0,0,0,1,1.00242654446412,3037,1,1
"z[152,4]",0.0613333333333333,0.239967397948637,0,0,0,0,1,1.00143135942121,4500,1,1
"z[153,4]",1,0,1,1,1,1,1,NA,1,0,1
"z[154,4]",0.101111111111111,0.3015092968165,0,0,0,0,1,1.00054039679168,4500,1,1
"z[155,4]",0.0531111111111111,0.224279956970223,0,0,0,0,1,1.00663135959375,1413,1,1
"z[156,4]",0.0331111111111111,0.178946588136641,0,0,0,0,1,1.00979693091863,1519,1,1
"z[157,4]",0.04,0.195980956294358,0,0,0,0,1,1.0010719163463,4500,1,1
"z[158,4]",0.0491111111111111,0.216124014828025,0,0,0,0,1,1.00245177517746,3830,1,1
"z[159,4]",0.0544444444444444,0.22691780342505,0,0,0,0,1,1.00494217255902,1827,1,1
"z[160,4]",0.0664444444444444,0.249085061097509,0,0,0,0,1,1.00015412971941,4500,1,1
"z[161,4]",0.0573333333333333,0.232504269129342,0,0,0,0,1,1.00618298093034,1410,1,1
"z[162,4]",0.0971111111111111,0.296141912106173,0,0,0,0,1,1.00129667014908,3496,1,1
"z[163,4]",0.109111111111111,0.311813217568572,0,0,0,0,1,1.00001353420686,4500,1,1
"z[164,4]",0.139333333333333,0.346332514022216,0,0,0,0,1,1.00210248705908,1705,1,1
"z[165,4]",0.0628888888888889,0.242789983053629,0,0,0,0,1,1.00359415216079,2147,1,1
"z[166,4]",0.159333333333333,0.36602731409757,0,0,0,0,1,0.999868624844298,4500,1,1
"z[167,4]",0.0317777777777778,0.175427447850631,0,0,0,0,1,1.00125368439495,4500,1,1
"z[168,4]",0.0784444444444444,0.268899575675426,0,0,0,0,1,1.00406557485318,1573,1,1
"z[169,4]",0.0597777777777778,0.237101007385967,0,0,0,0,1,1.00771194355251,1096,1,1
"z[170,4]",0.0433333333333333,0.203629000755977,0,0,0,0,1,1.00280288792765,3834,1,1
"z[171,4]",0.404,0.490751993830658,0,0,0,1,1,1.0010762506378,1477,1,1
"z[172,4]",0.295777777777778,0.456442309208322,0,0,0,1,1,0.999862020130119,4500,1,1
"z[173,4]",0.314444444444444,0.464345830930596,0,0,0,1,1,1.00307343788648,687,1,1
"z[174,4]",0.708444444444444,0.454529233367423,0,0,1,1,1,1.00053802104605,2788,1,1
"z[175,4]",0.0513333333333333,0.220701260655139,0,0,0,0,1,1.00032150434969,4500,1,1
"z[176,4]",0.0442222222222222,0.205611312804703,0,0,0,0,1,1.00204069497305,4500,1,1
"z[177,4]",0.044,0.205117892035902,0,0,0,0,1,1.00502012450304,2202,1,1
"z[178,4]",0.148222222222222,0.355359616987625,0,0,0,0,1,0.999872805994234,4500,1,1
"z[179,4]",0.0917777777777778,0.288744081583378,0,0,0,0,1,1.00026665599686,4500,1,1
"z[180,4]",0.377333333333333,0.4847732585933,0,0,0,1,1,1.00613896107117,334,1,1
"z[181,4]",0.817111111111111,0.386618364283047,0,1,1,1,1,1.01607873994811,207,1,1
"z[182,4]",0.353333333333333,0.478058234406061,0,0,0,1,1,1.00202752599813,931,1,1
"z[183,4]",0.467777777777778,0.499016097456518,0,0,0,1,1,1.01280435434119,158,1,1
"z[184,4]",0.357333333333333,0.479267426453253,0,0,0,1,1,1.01211419788348,181,1,1
"z[185,4]",0.690444444444444,0.462361784640317,0,0,1,1,1,1.00559615730323,400,1,1
"z[1,5]",0.941555555555556,0.234608019202615,0,1,1,1,1,1.01269848656838,686,1,1
"z[2,5]",0.279777777777778,0.448939818965831,0,0,0,1,1,1.00080570168196,2176,1,1
"z[3,5]",0.178,0.382555253386689,0,0,0,0,1,1.00390028259909,813,1,1
"z[4,5]",0.0604444444444444,0.238334925238366,0,0,0,0,1,1.00086870079529,4500,1,1
"z[5,5]",0.260444444444444,0.438925902898667,0,0,0,1,1,1.0053711738464,462,1,1
"z[6,5]",0.235777777777778,0.424531115060534,0,0,0,0,1,1.00034407137146,4105,1,1
"z[7,5]",0.0237777777777778,0.152373076750087,0,0,0,0,0,1.00272652342294,4500,1,1
"z[8,5]",0.00733333333333333,0.0853297931213479,0,0,0,0,0,1.00931792739194,4500,1,1
"z[9,5]",0.0202222222222222,0.140775309913555,0,0,0,0,0,1.00010657713857,4500,1,1
"z[10,5]",0.0104444444444444,0.10167426066326,0,0,0,0,0,1.01147310231785,4026,1,1
"z[11,5]",0.110222222222222,0.313201345555729,0,0,0,0,1,1.0013959387377,2952,1,1
"z[12,5]",0.0882222222222222,0.283649327601227,0,0,0,0,1,0.999761915592516,4500,1,1
"z[13,5]",0.125111111111111,0.330881626062155,0,0,0,0,1,1.00269810136154,1502,1,1
"z[14,5]",0.0297777777777778,0.169992598048771,0,0,0,0,1,1.00446497255215,3590,1,1
"z[15,5]",0.0306666666666667,0.17243210118093,0,0,0,0,1,1.002759730873,4500,1,1
"z[16,5]",0.115777777777778,0.319993810293055,0,0,0,0,1,1.00013591259624,4500,1,1
"z[17,5]",0.00822222222222222,0.0903129549063228,0,0,0,0,0,1.00225582340358,4500,1,1
"z[18,5]",0.0173333333333333,0.130524613834426,0,0,0,0,0,1.00499123098143,4500,1,1
"z[19,5]",0.0373333333333333,0.189598375253176,0,0,0,0,1,1.00400986002694,3193,1,1
"z[20,5]",0.0133333333333333,0.11471041653724,0,0,0,0,0,1.01599513060411,2278,1,1
"z[21,5]",0.0155555555555556,0.123761803562895,0,0,0,0,0,1.00008727130855,4500,1,1
"z[22,5]",0.0975555555555556,0.296745745695873,0,0,0,0,1,1.00369000910949,1415,1,1
"z[23,5]",0.0568888888888889,0.231655927287332,0,0,0,0,1,1.00744113744067,1187,1,1
"z[24,5]",0.0142222222222222,0.118419030794728,0,0,0,0,0,0.999792183520736,4500,1,1
"z[25,5]",0.0131111111111111,0.113763288874888,0,0,0,0,0,1.00507930445481,4500,1,1
"z[26,5]",0.006,0.0772355205065475,0,0,0,0,0,NA,4500,1,1
"z[27,5]",0.00488888888888889,0.069757214702053,0,0,0,0,0,1.00381169842431,4500,1,1
"z[28,5]",0.0206666666666667,0.142281601882585,0,0,0,0,0,1.00894028603561,2628,1,1
"z[29,5]",0.0908888888888889,0.287482981490148,0,0,0,0,1,1.00166894788566,3027,1,1
"z[30,5]",0.0693333333333333,0.25404835085059,0,0,0,0,1,0.999791152535722,4500,1,1
"z[31,5]",0.0162222222222222,0.126343218950737,0,0,0,0,0,1.0179001576419,1675,1,1
"z[32,5]",1,0,1,1,1,1,1,NA,1,0,1
"z[33,5]",0.0153333333333333,0.122888478420367,0,0,0,0,0,1.00064024847681,4500,1,1
"z[34,5]",0.0197777777777778,0.139251306560123,0,0,0,0,0,1.01135315202999,2170,1,1
"z[35,5]",0.0306666666666667,0.17243210118093,0,0,0,0,1,1.00225452341088,4500,1,1
"z[36,5]",0.0186666666666667,0.1353598679191,0,0,0,0,0,1.00164740862012,4500,1,1
"z[37,5]",0.0764444444444444,0.265737434110773,0,0,0,0,1,1.00283870812467,2224,1,1
"z[38,5]",0.0364444444444444,0.187414119688263,0,0,0,0,1,0.999746690724104,4500,1,1
"z[39,5]",1,0,1,1,1,1,1,NA,1,0,1
"z[40,5]",1,0,1,1,1,1,1,NA,1,0,1
"z[41,5]",0.502666666666667,0.500048452864589,0,0,1,1,1,1.00361306611582,512,1,1
"z[42,5]",1,0,1,1,1,1,1,NA,1,0,1
"z[43,5]",0.0153333333333333,0.122888478420367,0,0,0,0,0,1.01524490846759,2081,1,1
"z[44,5]",0.0186666666666667,0.1353598679191,0,0,0,0,0,1.00383178599461,4500,1,1
"z[45,5]",0.008,0.08909412970305,0,0,0,0,0,1.01463336771767,4122,1,1
"z[46,5]",0.0175555555555556,0.13134379171788,0,0,0,0,0,1.00371424933881,4500,1,1
"z[47,5]",0.0777777777777778,0.267851336095241,0,0,0,0,1,1.00266325060421,2314,1,1
"z[48,5]",0.355777777777778,0.478801519693364,0,0,0,1,1,1.00191360091008,977,1,1
"z[49,5]",0.555333333333333,0.496984013404764,0,0,1,1,1,1.00206591483808,850,1,1
"z[50,5]",0.274222222222222,0.44617107989607,0,0,0,1,1,1.00017952592105,4500,1,1
"z[51,5]",0.204888888888889,0.403665260137017,0,0,0,0,1,1.00034257962133,4500,1,1
"z[52,5]",0.722888888888889,0.447621568717054,0,0,1,1,1,1.00332965592226,688,1,1
"z[53,5]",0.322666666666667,0.467548357918906,0,0,0,1,1,1.0054862116879,400,1,1
"z[54,5]",0.107111111111111,0.309288827266365,0,0,0,0,1,1.00259390067602,1783,1,1
"z[55,5]",0.578222222222222,0.49389826061416,0,0,1,1,1,1.00243769734786,744,1,1
"z[56,5]",1,0,1,1,1,1,1,NA,1,0,1
"z[57,5]",0.0377777777777778,0.190679566273877,0,0,0,0,1,1.00281127135127,4357,1,1
"z[58,5]",0.0997777777777778,0.299736780791094,0,0,0,0,1,0.999678851421939,4500,1,1
"z[59,5]",0.176444444444444,0.381240214508231,0,0,0,0,1,0.999786915547368,4500,1,1
"z[60,5]",0.136444444444444,0.343298045001655,0,0,0,0,1,1.00031861841257,4500,1,1
"z[61,5]",0.165333333333333,0.371522402164484,0,0,0,0,1,1.00002063317336,4500,1,1
"z[62,5]",0.0462222222222222,0.209989350685102,0,0,0,0,1,1.00214442070811,4500,1,1
"z[63,5]",0.112888888888889,0.316492096335047,0,0,0,0,1,1.00023071818047,4500,1,1
"z[64,5]",0.092,0.289058069739814,0,0,0,0,1,1.00005962125576,4500,1,1
"z[65,5]",0.845777777777778,0.361201773251085,0,1,1,1,1,1.01139256730686,330,1,1
"z[66,5]",0.610444444444444,0.487703681892657,0,0,1,1,1,1.00610173677662,331,1,1
"z[67,5]",0.494,0.500019559519626,0,0,0,1,1,1.00060839390809,2129,1,1
"z[68,5]",0.491111111111111,0.499976537445606,0,0,0,1,1,1.00294268123525,616,1,1
"z[69,5]",1,0,1,1,1,1,1,NA,1,0,1
"z[70,5]",0.0997777777777778,0.299736780791094,0,0,0,0,1,1.00288231318847,1722,1,1
"z[71,5]",0.221333333333333,0.415190554162588,0,0,0,0,1,1.00169567691438,1432,1,1
"z[72,5]",0.271333333333333,0.444697089289433,0,0,0,1,1,1.00045878587154,3201,1,1
"z[73,5]",0.0173333333333333,0.130524613834426,0,0,0,0,0,1.00949991119579,2949,1,1
"z[74,5]",0.0175555555555556,0.13134379171788,0,0,0,0,0,1.00616935187888,4422,1,1
"z[75,5]",0.0175555555555556,0.13134379171788,0,0,0,0,0,1.00321441303277,4500,1,1
"z[76,5]",0.0282222222222222,0.165625554658784,0,0,0,0,1,1.00185720181621,4500,1,1
"z[77,5]",0.028,0.164991058376806,0,0,0,0,1,1.00631646602493,2743,1,1
"z[78,5]",0.0411111111111111,0.198569256988457,0,0,0,0,1,1.00272268831865,4137,1,1
"z[79,5]",0.084,0.277418641167487,0,0,0,0,1,1.00185719383889,2969,1,1
"z[80,5]",0.0682222222222222,0.252154872981642,0,0,0,0,1,1.00190567557963,3508,1,1
"z[81,5]",0.131777777777778,0.338286602882318,0,0,0,0,1,1.00513385614149,800,1,1
"z[82,5]",0.0642222222222222,0.245175623613492,0,0,0,0,1,1.00705101696281,1121,1,1
"z[83,5]",0.929555555555556,0.255922995228642,0,1,1,1,1,1.02228696639047,330,1,1
"z[84,5]",0.0777777777777778,0.267851336095241,0,0,0,0,1,0.999959139325626,4500,1,1
"z[85,5]",1,0,1,1,1,1,1,NA,1,0,1
"z[86,5]",0.0482222222222222,0.214259284678296,0,0,0,0,1,1.00365873452059,2711,1,1
"z[87,5]",0.0228888888888889,0.149565901047889,0,0,0,0,0,1.00222603621774,4500,1,1
"z[88,5]",0.0853333333333333,0.279408131952049,0,0,0,0,1,1.01127715936478,548,1,1
"z[89,5]",0.162222222222222,0.368695512481717,0,0,0,0,1,1.00075871573421,3370,1,1
"z[90,5]",0.0688888888888889,0.253293243280298,0,0,0,0,1,1.00129043328441,4500,1,1
"z[91,5]",0.0928888888888889,0.290308925003992,0,0,0,0,1,1.0005024852993,4500,1,1
"z[92,5]",0.119555555555556,0.324477150893065,0,0,0,0,1,0.999802517359711,4500,1,1
"z[93,5]",0.116,0.320260507431969,0,0,0,0,1,1.00138196917987,2849,1,1
"z[94,5]",0.0326666666666667,0.177782392941008,0,0,0,0,1,1.01105018065888,1368,1,1
"z[95,5]",0.0237777777777778,0.152373076750087,0,0,0,0,0,1.00163308734406,4500,1,1
"z[96,5]",0.0473333333333333,0.212374461172167,0,0,0,0,1,1.00628737535003,1664,1,1
"z[97,5]",0.0242222222222222,0.153755519169198,0,0,0,0,0,1.01336098650813,1516,1,1
"z[98,5]",0.0244444444444444,0.154441620272072,0,0,0,0,0,0.999970262886255,4500,1,1
"z[99,5]",0.837555555555556,0.368899021895473,0,1,1,1,1,1.00358767282339,934,1,1
"z[100,5]",0.0882222222222222,0.283649327601227,0,0,0,0,1,1.0008262261616,4500,1,1
"z[101,5]",0.331555555555556,0.470824521886049,0,0,0,1,1,1.00254067567097,790,1,1
"z[102,5]",0.157555555555556,0.364364247671686,0,0,0,0,1,1.00198540301257,1629,1,1
"z[103,5]",0.0986666666666667,0.298247082996824,0,0,0,0,1,1.00103846668796,4085,1,1
"z[104,5]",0.0502222222222222,0.218427454690079,0,0,0,0,1,1.00318557775712,2973,1,1
"z[105,5]",0.07,0.255175370837775,0,0,0,0,1,1.0023053090285,2911,1,1
"z[106,5]",0.0446666666666667,0.206593901727913,0,0,0,0,1,1.00080267935103,4500,1,1
"z[107,5]",0.386888888888889,0.487091983794328,0,0,0,1,1,1.0003466912652,3102,1,1
"z[108,5]",0.110888888888889,0.314029389601949,0,0,0,0,1,1.00093081331673,4002,1,1
"z[109,5]",0.018,0.132965893646013,0,0,0,0,0,1.00343936442562,4500,1,1
"z[110,5]",1,0,1,1,1,1,1,NA,1,0,1
"z[111,5]",1,0,1,1,1,1,1,NA,1,0,1
"z[112,5]",1,0,1,1,1,1,1,NA,1,0,1
"z[113,5]",0.381111111111111,0.485713761684283,0,0,0,1,1,1.00031531581888,3275,1,1
"z[114,5]",0.00222222222222222,0.0470932775447189,0,0,0,0,0,1.11638204294893,1605,1,1
"z[115,5]",0.002,0.0446815807032984,0,0,0,0,0,1.10911130872297,1926,1,1
"z[116,5]",0.00333333333333333,0.0576451269226114,0,0,0,0,0,1.04359150017258,3205,1,1
"z[117,5]",1,0,1,1,1,1,1,NA,1,0,1
"z[118,5]",0.0142222222222222,0.118419030794728,0,0,0,0,0,1.00908250051615,3737,1,1
"z[119,5]",0.042,0.200611423704479,0,0,0,0,1,1.00312257380412,3575,1,1
"z[120,5]",0.0222222222222222,0.147421927362282,0,0,0,0,0,1.0054821722654,3930,1,1
"z[121,5]",0.0242222222222222,0.153755519169198,0,0,0,0,0,1.00628679780961,3171,1,1
"z[122,5]",0.216444444444444,0.411866414442152,0,0,0,0,1,1.00633599164704,442,1,1
"z[123,5]",1,0,1,1,1,1,1,NA,1,0,1
"z[124,5]",1,0,1,1,1,1,1,NA,1,0,1
"z[125,5]",0.0555555555555556,0.229086879157383,0,0,0,0,1,1.00198004316925,4103,1,1
"z[126,5]",1,0,1,1,1,1,1,NA,1,0,1
"z[127,5]",0.238444444444444,0.426179602245209,0,0,0,0,1,1.00404191340527,636,1,1
"z[128,5]",0.618222222222222,0.485876494079463,0,0,1,1,1,1.00087354690181,1763,1,1
"z[129,5]",0.803777777777778,0.397182726461142,0,1,1,1,1,1.00108790993758,2236,1,1
"z[130,5]",0.829111111111111,0.376453674828579,0,1,1,1,1,1.00448959352203,734,1,1
"z[131,5]",0.343111111111111,0.474800982966752,0,0,0,1,1,1.00527109346197,399,1,1
"z[132,5]",0.115555555555556,0.319726736204165,0,0,0,0,1,1.00091995203774,3891,1,1
"z[133,5]",0.142444444444444,0.349544240495844,0,0,0,0,1,1.00008934873681,4500,1,1
"z[134,5]",0.673777777777778,0.468881796977854,0,0,1,1,1,1.00035854773343,3296,1,1
"z[135,5]",1,0,1,1,1,1,1,NA,1,0,1
"z[136,5]",0.847333333333333,0.359705863884651,0,1,1,1,1,0.999759579575579,4500,1,1
"z[137,5]",1,0,1,1,1,1,1,NA,1,0,1
"z[138,5]",0.0153333333333333,0.122888478420367,0,0,0,0,0,1.00579299046735,4500,1,1
"z[139,5]",0.0128888888888889,0.11280777163711,0,0,0,0,0,1.00255285847116,4500,1,1
"z[140,5]",0.00622222222222222,0.0786440117920529,0,0,0,0,0,1.03171182069155,2409,1,1
"z[141,5]",0.00822222222222222,0.0903129549063228,0,0,0,0,0,1.01741218947338,3371,1,1
"z[142,5]",0.437777777777778,0.496168421423433,0,0,0,1,1,1.00189000469702,918,1,1
"z[143,5]",0.126,0.331886241714584,0,0,0,0,1,1.00120861795004,2951,1,1
"z[144,5]",0.434222222222222,0.49570948160029,0,0,0,1,1,1.00018792153987,3909,1,1
"z[145,5]",0.0217777777777778,0.145973426820025,0,0,0,0,0,1.01510376833432,1494,1,1
"z[146,5]",0.655555555555556,0.47523958022822,0,0,1,1,1,1.00060529152212,2366,1,1
"z[147,5]",1,0,1,1,1,1,1,NA,1,0,1
"z[148,5]",0.858666666666667,0.348403784006977,0,1,1,1,1,1.00102486252388,3024,1,1
"z[149,5]",0.0562222222222222,0.230375949195969,0,0,0,0,1,1.00229751114061,3571,1,1
"z[150,5]",0.0217777777777778,0.145973426820025,0,0,0,0,0,1.00248212907538,4500,1,1
"z[151,5]",0.0208888888888889,0.143028281223349,0,0,0,0,0,1.00412286579556,4500,1,1
"z[152,5]",0.0215555555555556,0.14524324938423,0,0,0,0,0,1.00924529066473,2442,1,1
"z[153,5]",0.615333333333333,0.486570481552837,0,0,1,1,1,1.00158306410726,1108,1,1
"z[154,5]",0.0971111111111111,0.296141912106173,0,0,0,0,1,1.00145383109796,3194,1,1
"z[155,5]",0.0284444444444444,0.166257332410862,0,0,0,0,1,1.00634288526652,2691,1,1
"z[156,5]",0.00777777777777778,0.0878578356425394,0,0,0,0,0,1.01705962413186,3635,1,1
"z[157,5]",0.022,0.146699633251375,0,0,0,0,0,1.0015796216187,4500,1,1
"z[158,5]",0.0226666666666667,0.148855006121055,0,0,0,0,0,1.00162430737879,4500,1,1
"z[159,5]",0.0215555555555556,0.14524324938423,0,0,0,0,0,1.00303714214827,4500,1,1
"z[160,5]",0.0402222222222222,0.196501846614733,0,0,0,0,1,1.00018009390426,4500,1,1
"z[161,5]",0.0766666666666667,0.266091381389197,0,0,0,0,1,1.00779083811899,865,1,1
"z[162,5]",0.054,0.226042815685939,0,0,0,0,1,1.00113834235486,4500,1,1
"z[163,5]",0.121333333333333,0.326550535565759,0,0,0,0,1,1.0000775329186,4500,1,1
"z[164,5]",0.0971111111111111,0.296141912106173,0,0,0,0,1,1.00278607364282,1826,1,1
"z[165,5]",0.03,0.170606178387604,0,0,0,0,1,1.00600385147243,2692,1,1
"z[166,5]",0.138444444444444,0.345404244715402,0,0,0,0,1,0.999970443708632,4500,1,1
"z[167,5]",0.00622222222222222,0.0786440117920529,0,0,0,0,0,1.00031165278971,4500,1,1
"z[168,5]",0.0682222222222222,0.252154872981642,0,0,0,0,1,1.00722653398073,1032,1,1
"z[169,5]",0.0422222222222222,0.201118111385383,0,0,0,0,1,1.01351956237602,881,1,1
"z[170,5]",0.0271111111111111,0.162425248725456,0,0,0,0,1,1.01456267996611,1252,1,1
"z[171,5]",0.438444444444444,0.496251588690519,0,0,0,1,1,1.0014793515502,1127,1,1
"z[172,5]",0.310444444444444,0.462726995918727,0,0,0,1,1,1.00069076777202,2283,1,1
"z[173,5]",0.252888888888889,0.434716107244037,0,0,0,1,1,1.00033307265065,3982,1,1
"z[174,5]",1,0,1,1,1,1,1,NA,1,0,1
"z[175,5]",0.0217777777777778,0.145973426820025,0,0,0,0,0,1.01161711553784,1936,1,1
"z[176,5]",0.0337777777777778,0.180676765936377,0,0,0,0,1,1.00356364421429,3912,1,1
"z[177,5]",0.0235555555555556,0.151676642100424,0,0,0,0,0,1.00610614628728,3352,1,1
"z[178,5]",0.0977777777777778,0.297046952768199,0,0,0,0,1,1.00086948128388,4500,1,1
"z[179,5]",0.0564444444444444,0.230803611284136,0,0,0,0,1,1.00030078290255,4500,1,1
"z[180,5]",0.358444444444444,0.479596850200442,0,0,0,1,1,1.00728961456999,291,1,1
"z[181,5]",0.840666666666667,0.36602731409757,0,1,1,1,1,1.01601288347181,230,1,1
"z[182,5]",0.331111111111111,0.470665243202664,0,0,0,1,1,1.00290678589686,700,1,1
"z[183,5]",0.460888888888889,0.498523368446663,0,0,0,1,1,1.01318663862396,154,1,1
"z[184,5]",0.394888888888889,0.488881137385478,0,0,0,1,1,1.01021482677439,204,1,1
"z[185,5]",0.749777777777778,0.433189060737051,0,0,1,1,1,1.00776809115438,333,1,1
"z[1,6]",1,0,1,1,1,1,1,NA,1,0,1
"z[2,6]",1,0,1,1,1,1,1,NA,1,0,1
"z[3,6]",0.577555555555556,0.494003407653088,0,0,1,1,1,1.00062218895928,2150,1,1
"z[4,6]",0.208444444444444,0.40624134675035,0,0,0,0,1,0.99971105107142,4500,1,1
"z[5,6]",0.422,0.4939334121149,0,0,0,1,1,1.00007865138363,4500,1,1
"z[6,6]",0.399555555555556,0.489861448745136,0,0,0,1,1,0.999872862124463,4500,1,1
"z[7,6]",0.0564444444444444,0.230803611284136,0,0,0,0,1,1.00508476001873,1718,1,1
"z[8,6]",0.0493333333333333,0.216587118720284,0,0,0,0,1,1.00671288133141,1501,1,1
"z[9,6]",0.0868888888888889,0.281703469504598,0,0,0,0,1,1.002036161324,2648,1,1
"z[10,6]",0.0875555555555556,0.282678859190088,0,0,0,0,1,1.00070400849838,4500,1,1
"z[11,6]",0.240666666666667,0.427535778058793,0,0,0,0,1,1.00108538996464,1937,1,1
"z[12,6]",0.246222222222222,0.430857392202569,0,0,0,0,1,1.00018753158017,4500,1,1
"z[13,6]",0.234,0.423419225890279,0,0,0,0,1,1.00209146280112,1150,1,1
"z[14,6]",0.100888888888889,0.301215011772787,0,0,0,0,1,1.00243483976779,1987,1,1
"z[15,6]",0.136,0.342826658537455,0,0,0,0,1,1.00045414209371,4500,1,1
"z[16,6]",0.493777777777778,0.500016842965432,0,0,0,1,1,1.00003473537572,4500,1,1
"z[17,6]",0.0724444444444445,0.259251196201609,0,0,0,0,1,1.00008207707595,4500,1,1
"z[18,6]",0.0935555555555556,0.291241760159636,0,0,0,0,1,1.00072182240759,4500,1,1
"z[19,6]",0.201111111111111,0.400875471267549,0,0,0,0,1,1.00044949365956,3983,1,1
"z[20,6]",0.0917777777777778,0.288744081583378,0,0,0,0,1,1.00096839357201,4500,1,1
"z[21,6]",0.229111111111111,0.420307586552663,0,0,0,0,1,0.999688772108543,4500,1,1
"z[22,6]",1,0,1,1,1,1,1,NA,1,0,1
"z[23,6]",0.423333333333333,0.49414216948469,0,0,0,1,1,0.99970139844555,4500,1,1
"z[24,6]",0.108888888888889,0.311534374101511,0,0,0,0,1,1.00053417551766,4500,1,1
"z[25,6]",0.146666666666667,0.353812625669477,0,0,0,0,1,0.999898250387903,4500,1,1
"z[26,6]",0.0628888888888889,0.242789983053629,0,0,0,0,1,1.00039894356606,4500,1,1
"z[27,6]",0.0795555555555556,0.270633969230444,0,0,0,0,1,0.999671214893708,4500,1,1
"z[28,6]",0.0891111111111111,0.284935717041694,0,0,0,0,1,1.00050231342204,4500,1,1
"z[29,6]",0.281777777777778,0.449915597472985,0,0,0,1,1,0.999678060622553,4500,1,1
"z[30,6]",0.168888888888889,0.374695384746298,0,0,0,0,1,1.00530684538304,634,1,1
"z[31,6]",1,0,1,1,1,1,1,NA,1,0,1
"z[32,6]",0.180888888888889,0.384968871895082,0,0,0,0,1,1.00078948900324,3010,1,1
"z[33,6]",0.0844444444444444,0.278084096742923,0,0,0,0,1,0.999868749069713,4500,1,1
"z[34,6]",0.106666666666667,0.308723288567936,0,0,0,0,1,0.999674766303569,4500,1,1
"z[35,6]",0.149555555555556,0.356674868464234,0,0,0,0,1,0.999892361747017,4500,1,1
"z[36,6]",0.0857777777777778,0.280066744092239,0,0,0,0,1,1.00065899221547,4500,1,1
"z[37,6]",1,0,1,1,1,1,1,NA,1,0,1
"z[38,6]",0.199333333333333,0.399543527048891,0,0,0,0,1,1.00261576320415,1067,1,1
"z[39,6]",1,0,1,1,1,1,1,NA,1,0,1
"z[40,6]",1,0,1,1,1,1,1,NA,1,0,1
"z[41,6]",1,0,1,1,1,1,1,NA,1,0,1
"z[42,6]",0.969111111111111,0.173035889574341,0,1,1,1,1,1.00150627982044,4500,1,1
"z[43,6]",0.0568888888888889,0.231655927287332,0,0,0,0,1,1.00203399649939,3923,1,1
"z[44,6]",0.086,0.28039520580441,0,0,0,0,1,1.00024080806985,4500,1,1
"z[45,6]",0.0433333333333333,0.203629000755977,0,0,0,0,1,0.999795908726689,4500,1,1
"z[46,6]",0.0871111111111111,0.28202914935459,0,0,0,0,1,1.00263216876057,2112,1,1
"z[47,6]",0.248444444444444,0.43215888858307,0,0,0,0,1,0.999995032989425,4500,1,1
"z[48,6]",0.488888888888889,0.499932079059661,0,0,0,1,1,1.00155628152526,1064,1,1
"z[49,6]",0.700888888888889,0.457919482174323,0,0,1,1,1,1.00093971681084,1882,1,1
"z[50,6]",0.388888888888889,0.487552196998034,0,0,0,1,1,1.00038973531218,2916,1,1
"z[51,6]",0.287777777777778,0.452777302401117,0,0,0,1,1,1.00006180726308,4500,1,1
"z[52,6]",0.820888888888889,0.383487941993863,0,1,1,1,1,1.00432549632624,736,1,1
"z[53,6]",0.352666666666667,0.47785314890477,0,0,0,1,1,1.00174471831037,1062,1,1
"z[54,6]",1,0,1,1,1,1,1,NA,1,0,1
"z[55,6]",0.593333333333333,0.491266242031879,0,0,1,1,1,1.00178708092527,980,1,1
"z[56,6]",1,0,1,1,1,1,1,NA,1,0,1
"z[57,6]",0.178888888888889,0.383301843561013,0,0,0,0,1,0.999863618388292,4500,1,1
"z[58,6]",0.362666666666667,0.480823180928364,0,0,0,1,1,0.999934505376652,4500,1,1
"z[59,6]",0.350222222222222,0.477092442702358,0,0,0,1,1,1.00121319606965,1423,1,1
"z[60,6]",0.278666666666667,0.448392946776403,0,0,0,1,1,0.999745400167135,4500,1,1
"z[61,6]",0.210222222222222,0.407511647691963,0,0,0,0,1,0.999992530809584,4500,1,1
"z[62,6]",0.0957777777777778,0.294318950732983,0,0,0,0,1,1.0008726717559,4500,1,1
"z[63,6]",0.147333333333333,0.354477284696265,0,0,0,0,1,0.999835522973305,4500,1,1
"z[64,6]",0.135555555555556,0.342354045917987,0,0,0,0,1,1.00088114315962,3511,1,1
"z[65,6]",1,0,1,1,1,1,1,NA,1,0,1
"z[66,6]",0.710222222222222,0.453709557154509,0,0,1,1,1,1.00293647902436,744,1,1
"z[67,6]",0.598,0.490356434858746,0,0,1,1,1,0.999933407693791,4500,1,1
"z[68,6]",0.568222222222222,0.495378907288724,0,0,1,1,1,1.00135517658227,1210,1,1
"z[69,6]",0.882,0.322643972732636,0,1,1,1,1,1.00754117777302,607,1,1
"z[70,6]",0.333777777777778,0.471613824455088,0,0,0,1,1,1.0020828085062,937,1,1
"z[71,6]",1,0,1,1,1,1,1,NA,1,0,1
"z[72,6]",1,0,1,1,1,1,1,NA,1,0,1
"z[73,6]",0.05,0.217969167319041,0,0,0,0,1,1.00674762742813,1479,1,1
"z[74,6]",0.0473333333333333,0.212374461172167,0,0,0,0,1,1.00014005459133,4500,1,1
"z[75,6]",0.0726666666666667,0.259617411331994,0,0,0,0,1,1.00309571169911,2157,1,1
"z[76,6]",0.114888888888889,0.318923242760949,0,0,0,0,1,1.00113968278588,3328,1,1
"z[77,6]",0.17,0.375674543355024,0,0,0,0,1,0.999878531571419,4500,1,1
"z[78,6]",0.172222222222222,0.377615433769331,0,0,0,0,1,1.00116587108316,2346,1,1
"z[79,6]",0.281333333333333,0.449699709640618,0,0,0,1,1,1.00170017239672,1223,1,1
"z[80,6]",0.258222222222222,0.437705472729636,0,0,0,1,1,0.999731842155407,4500,1,1
"z[81,6]",0.300666666666667,0.458598908017897,0,0,0,1,1,1.00805246822889,289,1,1
"z[82,6]",0.267111111111111,0.442500031568708,0,0,0,1,1,1.00006607390959,4500,1,1
"z[83,6]",1,0,1,1,1,1,1,NA,1,0,1
"z[84,6]",0.491333333333333,0.499980439715195,0,0,0,1,1,0.999795874844423,4500,1,1
"z[85,6]",0.704666666666667,0.456243151014127,0,0,1,1,1,1.00288045611039,753,1,1
"z[86,6]",0.379777777777778,0.485385385658857,0,0,0,1,1,1.00014442155356,4450,1,1
"z[87,6]",0.098,0.297347688610086,0,0,0,0,1,1.00052902261746,4500,1,1
"z[88,6]",0.320444444444444,0.466699265365087,0,0,0,1,1,1.00027412683387,3776,1,1
"z[89,6]",0.439555555555556,0.496388179717821,0,0,0,1,1,1.00037634166611,2866,1,1
"z[90,6]",0.246,0.430726395555701,0,0,0,0,1,1.00005584894066,4500,1,1
"z[91,6]",0.135555555555556,0.342354045917987,0,0,0,0,1,0.999948446282886,4500,1,1
"z[92,6]",0.228666666666667,0.420020744838499,0,0,0,0,1,1.00021281564716,4500,1,1
"z[93,6]",0.237111111111111,0.425358247463406,0,0,0,0,1,1.00054614603709,3137,1,1
"z[94,6]",0.0637777777777778,0.244383806165854,0,0,0,0,1,1.00083513956147,4500,1,1
"z[95,6]",0.106222222222222,0.308156070826227,0,0,0,0,1,0.999702199598353,4500,1,1
"z[96,6]",0.121555555555556,0.326808103614916,0,0,0,0,1,1.00440577083436,988,1,1
"z[97,6]",0.0817777777777778,0.274056314018784,0,0,0,0,1,1.00043293169277,4500,1,1
"z[98,6]",0.0671111111111111,0.25024213410665,0,0,0,0,1,1.00285780629521,2497,1,1
"z[99,6]",0.813777777777778,0.389329153792569,0,1,1,1,1,1.00540119303972,578,1,1
"z[100,6]",0.227333333333333,0.41915621376802,0,0,0,0,1,1.00031101571896,4425,1,1
"z[101,6]",1,0,1,1,1,1,1,NA,1,0,1
"z[102,6]",0.413555555555556,0.49252539525639,0,0,0,1,1,1.00353711444619,539,1,1
"z[103,6]",0.280222222222222,0.449157611618771,0,0,0,1,1,1.00013036730522,4500,1,1
"z[104,6]",0.137333333333333,0.344237159599809,0,0,0,0,1,1.00796437895868,511,1,1
"z[105,6]",0.292,0.454732835349272,0,0,0,1,1,1.001107295355,1680,1,1
"z[106,6]",0.184666666666667,0.388070039026517,0,0,0,0,1,1.000619942657,3482,1,1
"z[107,6]",1,0,1,1,1,1,1,NA,1,0,1
"z[108,6]",0.340222222222222,0.473836422485663,0,0,0,1,1,1.00011718480432,4500,1,1
"z[109,6]",0.0795555555555556,0.270633969230444,0,0,0,0,1,1.0025598913418,2362,1,1
"z[110,6]",0.959777777777778,0.196501846614733,0,1,1,1,1,1.00666789838058,1832,1,1
"z[111,6]",0.955555555555556,0.206103312651472,0,1,1,1,1,1.0009933564332,4500,1,1
"z[112,6]",0.937333333333333,0.24238938031912,0,1,1,1,1,1.00263666748609,2853,1,1
"z[113,6]",0.497111111111111,0.500047218140406,0,0,0,1,1,0.999908850764542,4500,1,1
"z[114,6]",0.0124444444444444,0.11087069888737,0,0,0,0,0,1.03031226877739,1271,1,1
"z[115,6]",0.0186666666666667,0.1353598679191,0,0,0,0,0,1.00426936112218,4500,1,1
"z[116,6]",0.0231111111111111,0.150273104306291,0,0,0,0,0,1.00605983592356,3438,1,1
"z[117,6]",0.977777777777778,0.147421927362282,1,1,1,1,1,1.01084809111112,2029,0,1
"z[118,6]",0.0537777777777778,0.225603720820688,0,0,0,0,1,0.999961836631634,4500,1,1
"z[119,6]",1,0,1,1,1,1,1,NA,1,0,1
"z[120,6]",0.0671111111111111,0.25024213410665,0,0,0,0,1,1.00220499335107,3147,1,1
"z[121,6]",0.0935555555555556,0.291241760159636,0,0,0,0,1,1.00120069750044,3834,1,1
"z[122,6]",0.406,0.491139088153224,0,0,0,1,1,1.00162737235233,1063,1,1
"z[123,6]",0.932222222222222,0.251392113273443,0,1,1,1,1,1.00310200401958,2302,1,1
"z[124,6]",0.864,0.342826658537455,0,1,1,1,1,1.00346276682452,1117,1,1
"z[125,6]",0.265333333333333,0.441559603346368,0,0,0,1,1,1.00040995108819,3455,1,1
"z[126,6]",1,0,1,1,1,1,1,NA,1,0,1
"z[127,6]",0.254,0.435345973812633,0,0,0,1,1,1.0019125487378,1182,1,1
"z[128,6]",0.737111111111111,0.440251510398533,0,0,1,1,1,1.00105701395133,1858,1,1
"z[129,6]",1,0,1,1,1,1,1,NA,1,0,1
"z[130,6]",1,0,1,1,1,1,1,NA,1,0,1
"z[131,6]",0.556,0.496909318548356,0,0,1,1,1,1.00066092258843,2041,1,1
"z[132,6]",0.193777777777778,0.395300740773805,0,0,0,0,1,1.00088423129471,2629,1,1
"z[133,6]",0.216444444444444,0.411866414442152,0,0,0,0,1,0.999950680905647,4500,1,1
"z[134,6]",0.768222222222222,0.422014711221794,0,1,1,1,1,1.00071578680253,2676,1,1
"z[135,6]",1,0,1,1,1,1,1,NA,1,0,1
"z[136,6]",1,0,1,1,1,1,1,NA,1,0,1
"z[137,6]",0.960888888888889,0.193880853578703,0,1,1,1,1,0.999893828761139,4500,1,1
"z[138,6]",0.102222222222222,0.30297398898834,0,0,0,0,1,1.00105647582173,3913,1,1
"z[139,6]",0.0808888888888889,0.272694703874728,0,0,0,0,1,1.00052761261411,4500,1,1
"z[140,6]",0.0437777777777778,0.204623040065984,0,0,0,0,1,0.999849753001911,4500,1,1
"z[141,6]",0.0526666666666667,0.223391984327829,0,0,0,0,1,1.00002372833564,4500,1,1
"z[142,6]",0.575555555555556,0.494313318715563,0,0,1,1,1,1.00237147929164,763,1,1
"z[143,6]",0.156666666666667,0.363526600460068,0,0,0,0,1,1.0013747569505,2214,1,1
"z[144,6]",0.528222222222222,0.49925834698966,0,0,1,1,1,1.00034673608086,2956,1,1
"z[145,6]",0.238666666666667,0.426315935343921,0,0,0,0,1,1.00080447289816,2420,1,1
"z[146,6]",1,0,1,1,1,1,1,NA,1,0,1
"z[147,6]",1,0,1,1,1,1,1,NA,1,0,1
"z[148,6]",0.875555555555556,0.330124587038853,0,1,1,1,1,1.00389241915837,1082,1,1
"z[149,6]",0.298,0.457430320740725,0,0,0,1,1,0.999830899264241,4500,1,1
"z[150,6]",0.110222222222222,0.313201345555729,0,0,0,0,1,1.0009111454836,4104,1,1
"z[151,6]",0.0928888888888889,0.290308925003992,0,0,0,0,1,1.00009707468459,4500,1,1
"z[152,6]",0.113333333333333,0.317035052820037,0,0,0,0,1,0.999820671328373,4500,1,1
"z[153,6]",0.604,0.489118762484308,0,0,1,1,1,1.00060297113271,2240,1,1
"z[154,6]",0.334,0.471692106132094,0,0,0,1,1,0.999847744658773,4500,1,1
"z[155,6]",0.194222222222222,0.395644709448007,0,0,0,0,1,1.00054708382105,3639,1,1
"z[156,6]",0.0673333333333333,0.250626243865736,0,0,0,0,1,1.00123989238145,4500,1,1
"z[157,6]",0.195333333333333,0.396501145622131,0,0,0,0,1,1.00160259903933,1651,1,1
"z[158,6]",0.0864444444444444,0.281050450380857,0,0,0,0,1,1.00128156538643,3911,1,1
"z[159,6]",0.113555555555556,0.317305949160352,0,0,0,0,1,1.00029658434311,4500,1,1
"z[160,6]",0.113777777777778,0.317576458890005,0,0,0,0,1,1.00019322637612,4500,1,1
"z[161,6]",0.317333333333333,0.465490107554567,0,0,0,1,1,1.00364311114674,587,1,1
"z[162,6]",0.223555555555556,0.416673794115523,0,0,0,0,1,1.00052616241747,3345,1,1
"z[163,6]",0.294444444444444,0.455843273310498,0,0,0,1,1,1.00128746158445,1492,1,1
"z[164,6]",0.316888888888889,0.465315415815657,0,0,0,1,1,0.999796647243232,4500,1,1
"z[165,6]",0.120444444444444,0.325516707964524,0,0,0,0,1,1.00046532187971,4500,1,1
"z[166,6]",0.327555555555556,0.469373914671421,0,0,0,1,1,1.00100047019695,1705,1,1
"z[167,6]",0.0377777777777778,0.190679566273877,0,0,0,0,1,1.00553796373805,2330,1,1
"z[168,6]",1,0,1,1,1,1,1,NA,1,0,1
"z[169,6]",1,0,1,1,1,1,1,NA,1,0,1
"z[170,6]",0.0582222222222222,0.234189202882591,0,0,0,0,1,1.00070838432329,4500,1,1
"z[171,6]",1,0,1,1,1,1,1,NA,1,0,1
"z[172,6]",1,0,1,1,1,1,1,NA,1,0,1
"z[173,6]",0.303555555555556,0.459844072046096,0,0,0,1,1,1.00247944507673,846,1,1
"z[174,6]",0.948,0.222051699163907,0,1,1,1,1,1.00873249421951,1106,1,1
"z[175,6]",0.164888888888889,0.371121476247506,0,0,0,0,1,1.00198907633715,1560,1,1
"z[176,6]",0.413333333333333,0.492486332080458,0,0,0,1,1,0.999807753629099,4500,1,1
"z[177,6]",0.267555555555556,0.442733710849067,0,0,0,1,1,1.00000814642206,4500,1,1
"z[178,6]",0.290666666666667,0.454120450341688,0,0,0,1,1,1.00055108101407,2746,1,1
"z[179,6]",0.176222222222222,0.381051462839662,0,0,0,0,1,1.00276131356679,1109,1,1
"z[180,6]",0.401777777777778,0.490311960466974,0,0,0,1,1,1.00372054053187,519,1,1
"z[181,6]",1,0,1,1,1,1,1,NA,1,0,1
"z[182,6]",0.361555555555556,0.480504363618657,0,0,0,1,1,1.00400977364277,505,1,1
"z[183,6]",0.519555555555556,0.499672956192184,0,0,1,1,1,1.00846157181982,233,1,1
"z[184,6]",1,0,1,1,1,1,1,NA,1,0,1
"z[185,6]",1,0,1,1,1,1,1,NA,1,0,1
"z[1,7]",1,0,1,1,1,1,1,NA,1,0,1
"z[2,7]",1,0,1,1,1,1,1,NA,1,0,1
"z[3,7]",1,0,1,1,1,1,1,NA,1,0,1
"z[4,7]",0.345333333333333,0.475529676249547,0,0,0,1,1,1.00077352577509,2001,1,1
"z[5,7]",0.378444444444444,0.485053121407382,0,0,0,1,1,1.00034801282051,3124,1,1
"z[6,7]",0.313333333333333,0.463900181643165,0,0,0,1,1,1.00091018378041,1875,1,1
"z[7,7]",0.0931111111111111,0.290620372706953,0,0,0,0,1,1.00052261760271,4500,1,1
"z[8,7]",0.0775555555555556,0.267500640790067,0,0,0,0,1,1.0009724865693,4500,1,1
"z[9,7]",0.149111111111111,0.356237545476876,0,0,0,0,1,1.00022097707454,4500,1,1
"z[10,7]",0.118222222222222,0.322906951398641,0,0,0,0,1,0.999750662583115,4500,1,1
"z[11,7]",0.234888888888889,0.423976466980315,0,0,0,0,1,1.00034120257121,4122,1,1
"z[12,7]",0.224666666666667,0.417409000135464,0,0,0,0,1,1.00029794148428,4500,1,1
"z[13,7]",0.230444444444444,0.421164124865351,0,0,0,0,1,0.999676816446847,4500,1,1
"z[14,7]",0.082,0.274395210814911,0,0,0,0,1,1.00061938184039,4500,1,1
"z[15,7]",0.141555555555556,0.348632457117574,0,0,0,0,1,1.0000497791112,4500,1,1
"z[16,7]",0.552888888888889,0.497250149914738,0,0,1,1,1,0.999788250680107,4500,1,1
"z[17,7]",0.102,0.302681943946003,0,0,0,0,1,1.001050569688,3939,1,1
"z[18,7]",0.0824444444444444,0.275071213116166,0,0,0,0,1,1.00014919238985,4500,1,1
"z[19,7]",0.126222222222222,0.332136549049397,0,0,0,0,1,1.00177279082601,2157,1,1
"z[20,7]",0.115111111111111,0.319191453390303,0,0,0,0,1,1.00005478505398,4500,1,1
"z[21,7]",0.330666666666667,0.470505490679205,0,0,0,1,1,0.999922478476399,4500,1,1
"z[22,7]",0.859333333333333,0.347716010056626,0,1,1,1,1,1.00440692965076,877,1,1
"z[23,7]",1,0,1,1,1,1,1,NA,1,0,1
"z[24,7]",0.177777777777778,0.382368055124134,0,0,0,0,1,1.00043150747663,4479,1,1
"z[25,7]",0.152444444444444,0.35949110480899,0,0,0,0,1,0.999920608628318,4500,1,1
"z[26,7]",0.110222222222222,0.313201345555729,0,0,0,0,1,1.00010029935337,4500,1,1
"z[27,7]",0.128444444444444,0.334621206229362,0,0,0,0,1,1.00005909224762,4500,1,1
"z[28,7]",0.0726666666666667,0.259617411331994,0,0,0,0,1,1.00284552633408,2322,1,1
"z[29,7]",0.483111111111111,0.499770217136365,0,0,0,1,1,1.00023293429681,3540,1,1
"z[30,7]",1,0,1,1,1,1,1,NA,1,0,1
"z[31,7]",0.103111111111111,0.304137740801698,0,0,0,0,1,1.00106759288983,3846,1,1
"z[32,7]",0.140888888888889,0.347945561054185,0,0,0,0,1,1.00028527806836,4500,1,1
"z[33,7]",0.0793333333333333,0.270288346355507,0,0,0,0,1,1.0024438751012,2454,1,1
"z[34,7]",0.0955555555555556,0.294013436961353,0,0,0,0,1,1.00051379348387,4500,1,1
"z[35,7]",0.263777777777778,0.440729198791792,0,0,0,1,1,0.999863699111676,4500,1,1
"z[36,7]",0.0817777777777778,0.274056314018784,0,0,0,0,1,1.0000914636369,4500,1,1
"z[37,7]",0.683333333333333,0.465227886091202,0,0,1,1,1,0.99989905664,4500,1,1
"z[38,7]",0.317777777777778,0.465664309473131,0,0,0,1,1,0.999837213987026,4500,1,1
"z[39,7]",1,0,1,1,1,1,1,NA,1,0,1
"z[40,7]",0.919555555555556,0.272010253356189,0,1,1,1,1,1.00098511988708,4500,1,1
"z[41,7]",0.933555555555556,0.249085061097509,0,1,1,1,1,1.00316405221069,2297,1,1
"z[42,7]",0.952666666666667,0.212374461172167,0,1,1,1,1,1.00902902516863,1176,1,1
"z[43,7]",0.131111111111111,0.337559341533209,0,0,0,0,1,0.99972553790888,4500,1,1
"z[44,7]",0.115111111111111,0.319191453390303,0,0,0,0,1,1.00432264455828,1052,1,1
"z[45,7]",0.0515555555555556,0.221152546426871,0,0,0,0,1,1.00144181554351,4500,1,1
"z[46,7]",0.094,0.291861147705373,0,0,0,0,1,0.999789028886024,4500,1,1
"z[47,7]",0.292888888888889,0.455138463782826,0,0,0,1,1,0.999857157889139,4500,1,1
"z[48,7]",0.461777777777778,0.498592323353723,0,0,0,1,1,1.00287162602042,633,1,1
"z[49,7]",0.761777777777778,0.426043109584256,0,1,1,1,1,1.00126047578131,1738,1,1
"z[50,7]",0.370666666666667,0.483036995302483,0,0,0,1,1,1.00054173084983,2450,1,1
"z[51,7]",0.268666666666667,0.443315420330316,0,0,0,1,1,1.00018571395153,4500,1,1
"z[52,7]",0.864888888888889,0.341880202058169,0,1,1,1,1,1.00390616168593,1012,1,1
"z[53,7]",0.323333333333333,0.467800726216587,0,0,0,1,1,1.00229622693449,876,1,1
"z[54,7]",0.728888888888889,0.44458272527145,0,0,1,1,1,1.00071964314033,2407,1,1
"z[55,7]",0.66,0.473761414375011,0,0,1,1,1,1.00091605087129,1785,1,1
"z[56,7]",1,0,1,1,1,1,1,NA,1,0,1
"z[57,7]",0.173555555555556,0.378768934845247,0,0,0,0,1,1.00039334680451,4500,1,1
"z[58,7]",0.535555555555556,0.498789624368718,0,0,1,1,1,1.00058586817555,2192,1,1
"z[59,7]",0.477111111111111,0.499531330570002,0,0,0,1,1,1.00101114500107,1496,1,1
"z[60,7]",0.280888888888889,0.449483278557389,0,0,0,1,1,1.00014929313849,4500,1,1
"z[61,7]",0.164666666666667,0.370920651032105,0,0,0,0,1,1.00158687408415,1900,1,1
"z[62,7]",0.0813333333333333,0.273376718032487,0,0,0,0,1,1.0017446718437,3213,1,1
"z[63,7]",0.108888888888889,0.311534374101511,0,0,0,0,1,1.00023619121481,4500,1,1
"z[64,7]",0.162444444444444,0.368899021895473,0,0,0,0,1,1.00247614064528,1303,1,1
"z[65,7]",0.991111111111111,0.093871373318521,1,1,1,1,1,1.00845613519867,4500,0,1
"z[66,7]",0.834666666666667,0.371522402164484,0,1,1,1,1,1.00416297910467,805,1,1
"z[67,7]",0.766,0.423419225890279,0,1,1,1,1,1.00006947648695,4500,1,1
"z[68,7]",0.697111111111111,0.459558638160658,0,0,1,1,1,1.00090357431753,1913,1,1
"z[69,7]",0.836666666666667,0.369710603319289,0,1,1,1,1,1.00717669422759,488,1,1
"z[70,7]",0.456,0.498115586572163,0,0,0,1,1,1.00089932799864,1641,1,1
"z[71,7]",1,0,1,1,1,1,1,NA,1,0,1
"z[72,7]",0.666888888888889,0.471378272709209,0,0,1,1,1,0.999967726530028,4500,1,1
"z[73,7]",0.0444444444444444,0.206103312651472,0,0,0,0,1,1.00037716788789,4500,1,1
"z[74,7]",0.0448888888888889,0.207083090060559,0,0,0,0,1,1.01050896798449,1064,1,1
"z[75,7]",0.0413333333333333,0.199082134750893,0,0,0,0,1,1.00056262534828,4500,1,1
"z[76,7]",0.130222222222222,0.336585160875883,0,0,0,0,1,0.99981278583818,4500,1,1
"z[77,7]",0.142444444444444,0.349544240495844,0,0,0,0,1,1.00146001298235,2283,1,1
"z[78,7]",0.202444444444444,0.401866370186409,0,0,0,0,1,1.00046525987799,3889,1,1
"z[79,7]",0.424888888888889,0.494381062447301,0,0,0,1,1,0.999910202163953,4500,1,1
"z[80,7]",0.189555555555556,0.391992848433725,0,0,0,0,1,1.00081323614309,2847,1,1
"z[81,7]",0.401555555555556,0.490267381292261,0,0,0,1,1,1.00498369294715,397,1,1
"z[82,7]",0.459555555555556,0.498416945173493,0,0,0,1,1,0.999914377971917,4500,1,1
"z[83,7]",0.978,0.146699633251375,1,1,1,1,1,1.01667251746218,1333,0,1
"z[84,7]",0.633555555555556,0.481886414838812,0,0,1,1,1,1.00075665901897,1984,1,1
"z[85,7]",0.596222222222222,0.490708461211765,0,0,1,1,1,1.00039593414294,2855,1,1
"z[86,7]",1,0,1,1,1,1,1,NA,1,0,1
"z[87,7]",0.0766666666666667,0.266091381389197,0,0,0,0,1,1.00715081622352,943,1,1
"z[88,7]",0.426888888888889,0.494680851905704,0,0,0,1,1,1.00123641826256,1307,1,1
"z[89,7]",0.558666666666667,0.496601475145506,0,0,1,1,1,1.00043275427853,2651,1,1
"z[90,7]",0.195777777777778,0.396842331303194,0,0,0,0,1,1.00054998999969,3587,1,1
"z[91,7]",0.114888888888889,0.318923242760949,0,0,0,0,1,1.00061405352114,4500,1,1
"z[92,7]",0.16,0.366646796392903,0,0,0,0,1,0.999818135875428,4500,1,1
"z[93,7]",0.300444444444444,0.458502232009075,0,0,0,1,1,1.0001865408218,4500,1,1
"z[94,7]",0.0535555555555556,0.225163550304364,0,0,0,0,1,1.00231808685975,3706,1,1
"z[95,7]",0.150222222222222,0.357328812676052,0,0,0,0,1,1.00053918539853,4481,1,1
"z[96,7]",0.154,0.360988861926802,0,0,0,0,1,1.00349818846626,1004,1,1
"z[97,7]",0.0653333333333333,0.247140571093493,0,0,0,0,1,1.00099406200101,4500,1,1
"z[98,7]",0.0575555555555556,0.232926963317475,0,0,0,0,1,1.00047897228256,4500,1,1
"z[99,7]",0.804888888888889,0.396330255697618,0,1,1,1,1,1.00660679633759,461,1,1
"z[100,7]",0.342444444444444,0.474580127272358,0,0,0,1,1,1.00063092672531,2310,1,1
"z[101,7]",0.950444444444444,0.217049006950826,0,1,1,1,1,1.00051114296702,4500,1,1
"z[102,7]",0.531777777777778,0.499044603505108,0,0,1,1,1,1.00109482091375,1411,1,1
"z[103,7]",0.373111111111111,0.483685020474982,0,0,0,1,1,0.999767269512889,4500,1,1
"z[104,7]",0.146222222222222,0.353368126214765,0,0,0,0,1,1.00301469293127,1201,1,1
"z[105,7]",0.255111111111111,0.435972098015125,0,0,0,1,1,1.00106700893168,1884,1,1
"z[106,7]",0.102222222222222,0.30297398898834,0,0,0,0,1,0.999932979192567,4500,1,1
"z[107,7]",0.390222222222222,0.487854208528772,0,0,0,1,1,0.999889605928336,4500,1,1
"z[108,7]",1,0,1,1,1,1,1,NA,1,0,1
"z[109,7]",0.202666666666667,0.402030852549182,0,0,0,0,1,1.00177358073556,1473,1,1
"z[110,7]",0.953555555555556,0.21046900448124,0,1,1,1,1,1.00287015810892,3504,1,1
"z[111,7]",0.936444444444444,0.243986630137708,0,1,1,1,1,1.00204586648072,3515,1,1
"z[112,7]",0.924666666666667,0.26395777175116,0,1,1,1,1,1.0004129051773,4500,1,1
"z[113,7]",0.602666666666667,0.489400429727963,0,0,1,1,1,0.99979186148396,4500,1,1
"z[114,7]",0.00933333333333333,0.0961679644942985,0,0,0,0,0,1.00225436078263,4500,1,1
"z[115,7]",0.0111111111111111,0.104833661410201,0,0,0,0,0,1.00835819987595,4500,1,1
"z[116,7]",0.028,0.164991058376806,0,0,0,0,1,1.00393959711657,4273,1,1
"z[117,7]",1,0,1,1,1,1,1,NA,1,0,1
"z[118,7]",0.0877777777777778,0.283002892963307,0,0,0,0,1,1.00201867782838,2646,1,1
"z[119,7]",0.150444444444444,0.357546251999011,0,0,0,0,1,1.00181119642603,1828,1,1
"z[120,7]",0.150666666666667,0.357763421105649,0,0,0,0,1,1.00002340636011,4500,1,1
"z[121,7]",0.0971111111111111,0.296141912106173,0,0,0,0,1,1.00022877185356,4500,1,1
"z[122,7]",0.547777777777778,0.497767359789301,0,0,1,1,1,1.00116717500924,1349,1,1
"z[123,7]",0.885555555555556,0.318385678262224,0,1,1,1,1,1.00817237457762,583,1,1
"z[124,7]",0.781111111111111,0.413539050686171,0,1,1,1,1,1.00422458290604,642,1,1
"z[125,7]",0.197777777777778,0.398367913358764,0,0,0,0,1,0.999755915579443,4500,1,1
"z[126,7]",0.782888888888889,0.412324698400923,0,1,1,1,1,1.00060707260089,3133,1,1
"z[127,7]",0.265111111111111,0.44144140543826,0,0,0,1,1,1.00140593702298,1475,1,1
"z[128,7]",0.843333333333333,0.363526600460068,0,1,1,1,1,1.00582571692373,612,1,1
"z[129,7]",0.979111111111111,0.143028281223349,1,1,1,1,1,1.00499953639798,4500,0,1
"z[130,7]",0.977555555555556,0.148140366379144,1,1,1,1,1,1.01828472300378,1192,0,1
"z[131,7]",0.669555555555556,0.470425436576649,0,0,1,1,1,1.00061527927849,2385,1,1
"z[132,7]",0.161111111111111,0.367674260666936,0,0,0,0,1,1.00021160291138,4500,1,1
"z[133,7]",0.219777777777778,0.414142029152664,0,0,0,0,1,1.00019291324649,4500,1,1
"z[134,7]",0.860888888888889,0.346100894176313,0,1,1,1,1,1.00046517092131,4500,1,1
"z[135,7]",0.948222222222222,0.221602690281563,0,1,1,1,1,1.00041273215895,4500,1,1
"z[136,7]",0.902888888888889,0.296141912106173,0,1,1,1,1,1.00306003558143,1671,1,1
"z[137,7]",0.955111111111111,0.207083090060559,0,1,1,1,1,1.00052426997296,4500,1,1
"z[138,7]",1,0,1,1,1,1,1,NA,1,0,1
"z[139,7]",0.146888888888889,0.354034456841916,0,0,0,0,1,1.00120158081856,2601,1,1
"z[140,7]",0.0515555555555556,0.221152546426871,0,0,0,0,1,1.00932965619646,1044,1,1
"z[141,7]",0.064,0.244780135956494,0,0,0,0,1,0.999810966752139,4500,1,1
"z[142,7]",0.675333333333333,0.468302207021895,0,0,1,1,1,1.00218486911638,913,1,1
"z[143,7]",0.1,0.300033338889918,0,0,0,0,1,1.00126868807612,3472,1,1
"z[144,7]",0.541111111111111,0.498362387004393,0,0,1,1,1,1.00030657145707,3150,1,1
"z[145,7]",1,0,1,1,1,1,1,NA,1,0,1
"z[146,7]",0.775333333333333,0.417409000135464,0,1,1,1,1,1.00008680121042,4500,1,1
"z[147,7]",0.830666666666667,0.375087749976273,0,1,1,1,1,1.00441857742563,754,1,1
"z[148,7]",0.903555555555556,0.295232591318208,0,1,1,1,1,1.00023572601806,4500,1,1
"z[149,7]",1,0,1,1,1,1,1,NA,1,0,1
"z[150,7]",0.132,0.338528384323479,0,0,0,0,1,1.0002129685997,4500,1,1
"z[151,7]",0.126444444444444,0.332386519284506,0,0,0,0,1,1.00037387580132,4500,1,1
"z[152,7]",0.158666666666667,0.36540556500869,0,0,0,0,1,0.999828541793104,4500,1,1
"z[153,7]",0.636,0.481202095556712,0,0,1,1,1,1.00095036585651,1690,1,1
"z[154,7]",0.577111111111111,0.494072993385309,0,0,1,1,1,1.00090207117634,1661,1,1
"z[155,7]",0.349333333333333,0.476812413633565,0,0,0,1,1,1.00030856847518,3426,1,1
"z[156,7]",0.0613333333333333,0.239967397948637,0,0,0,0,1,1.00302127091637,2575,1,1
"z[157,7]",0.452,0.497745975162206,0,0,0,1,1,1.00086268684192,1693,1,1
"z[158,7]",0.107111111111111,0.309288827266365,0,0,0,0,1,1.0016101695473,2687,1,1
"z[159,7]",0.108666666666667,0.31125512213583,0,0,0,0,1,1.00000613534463,4500,1,1
"z[160,7]",0.160666666666667,0.367264023365226,0,0,0,0,1,0.99991467388931,4500,1,1
"z[161,7]",0.432222222222222,0.49543992538561,0,0,0,1,1,1.00252829474482,717,1,1
"z[162,7]",0.216222222222222,0.411713299819999,0,0,0,0,1,0.999845233694521,4500,1,1
"z[163,7]",0.384222222222222,0.48646489558684,0,0,0,1,1,1.00005611449704,4500,1,1
"z[164,7]",0.239555555555556,0.426859675171387,0,0,0,0,1,0.999758778579646,4500,1,1
"z[165,7]",0.0944444444444444,0.292478548049893,0,0,0,0,1,1.00039745057933,4500,1,1
"z[166,7]",0.345555555555556,0.47560191296941,0,0,0,1,1,0.999968764504292,4500,1,1
"z[167,7]",0.0442222222222222,0.205611312804703,0,0,0,0,1,1.00116952049943,4500,1,1
"z[168,7]",0.193333333333333,0.394955972291722,0,0,0,0,1,1.0015786495503,1677,1,1
"z[169,7]",0.340222222222222,0.473836422485663,0,0,0,1,1,1.00112003948095,1540,1,1
"z[170,7]",0.131333333333333,0.337802082174598,0,0,0,0,1,1.00733906109985,568,1,1
"z[171,7]",0.645333333333333,0.478465354393109,0,0,1,1,1,1.00136733260182,1292,1,1
"z[172,7]",0.423555555555556,0.494176603975863,0,0,0,1,1,0.999729150977005,4500,1,1
"z[173,7]",0.463333333333333,0.498709158355544,0,0,0,1,1,0.999869153535211,4500,1,1
"z[174,7]",1,0,1,1,1,1,1,NA,1,0,1
"z[175,7]",0.196,0.397012627570361,0,0,0,0,1,1.00041988814436,4222,1,1
"z[176,7]",0.563111111111111,0.496056116026916,0,0,1,1,1,1.00082503730222,1758,1,1
"z[177,7]",0.48,0.499655360218754,0,0,0,1,1,1.00110184540087,1400,1,1
"z[178,7]",0.257555555555556,0.437336477200438,0,0,0,1,1,0.999740180779453,4500,1,1
"z[179,7]",0.175333333333333,0.380294220511246,0,0,0,0,1,1.00082614216184,2986,1,1
"z[180,7]",0.455555555555556,0.498076118888428,0,0,0,1,1,1.0022857786023,776,1,1
"z[181,7]",0.978444444444444,0.14524324938423,1,1,1,1,1,1.03545916325537,630,0,1
"z[182,7]",0.460444444444444,0.498488292894798,0,0,0,1,1,1.00335487220812,551,1,1
"z[183,7]",0.637111111111111,0.480886610884745,0,0,1,1,1,1.00368984463598,544,1,1
"z[184,7]",1,0,1,1,1,1,1,NA,1,0,1
"z[185,7]",0.969777777777778,0.171217271410598,0,1,1,1,1,1.00702975246407,2293,1,1
"z[1,8]",0.950222222222222,0.217509687264132,0,1,1,1,1,1.01800574575113,565,1,1
"z[2,8]",0.978222222222222,0.145973426820025,1,1,1,1,1,1.03587346460315,617,0,1
"z[3,8]",0.976222222222222,0.152373076750087,1,1,1,1,1,1.04403809638421,459,0,1
"z[4,8]",0.610666666666667,0.487653293444934,0,0,1,1,1,0.999749123278631,4500,1,1
"z[5,8]",0.762444444444444,0.425632672691991,0,1,1,1,1,1.00015819020409,4500,1,1
"z[6,8]",0.713333333333333,0.452254730173891,0,0,1,1,1,1.00081843664956,2121,1,1
"z[7,8]",0.0773333333333333,0.267149300225178,0,0,0,0,1,0.999943142203247,4500,1,1
"z[8,8]",0.058,0.233769424929795,0,0,0,0,1,1.0000633594752,4500,1,1
"z[9,8]",0.119111111111111,0.323955206581375,0,0,0,0,1,1.00205646209406,1989,1,1
"z[10,8]",0.0755555555555556,0.26431503658815,0,0,0,0,1,1.00263844639192,2402,1,1
"z[11,8]",0.328666666666667,0.469780727557959,0,0,0,1,1,1.00075196215062,2096,1,1
"z[12,8]",0.293777777777778,0.455541996182829,0,0,0,1,1,1.00008392482195,4500,1,1
"z[13,8]",0.312888888888889,0.463721056398394,0,0,0,1,1,1.00080325272421,2047,1,1
"z[14,8]",0.116666666666667,0.321058346535981,0,0,0,0,1,1.00123447672738,3093,1,1
"z[15,8]",0.162666666666667,0.369102285280562,0,0,0,0,1,1.0001977410474,4500,1,1
"z[16,8]",0.703777777777778,0.456640947872627,0,0,1,1,1,0.999765969720031,4500,1,1
"z[17,8]",0.153111111111111,0.360134586374701,0,0,0,0,1,0.999773687486424,4500,1,1
"z[18,8]",0.0562222222222222,0.230375949195969,0,0,0,0,1,1.00098967275917,4500,1,1
"z[19,8]",0.136666666666667,0.343533280003382,0,0,0,0,1,1.00078928644663,3776,1,1
"z[20,8]",0.175333333333333,0.380294220511246,0,0,0,0,1,1.00005207220056,4500,1,1
"z[21,8]",0.459777777777778,0.498434931707668,0,0,0,1,1,1.00040554944433,2730,1,1
"z[22,8]",0.871777777777778,0.334374236084705,0,1,1,1,1,1.00486671871001,856,1,1
"z[23,8]",0.972666666666667,0.163070940344369,0,1,1,1,1,1.01693285843192,1063,1,1
"z[24,8]",0.326888888888889,0.469128394151121,0,0,0,1,1,1.00030340885159,3568,1,1
"z[25,8]",0.223333333333333,0.416526241432852,0,0,0,0,1,0.999755219791982,4500,1,1
"z[26,8]",0.167111111111111,0.373116502618737,0,0,0,0,1,0.999935086900974,4500,1,1
"z[27,8]",0.194666666666667,0.395987880398553,0,0,0,0,1,1.00065148835479,3237,1,1
"z[28,8]",0.0811111111111111,0.273036014356096,0,0,0,0,1,1.00561911384315,1121,1,1
"z[29,8]",0.79,0.407353501103256,0,1,1,1,1,1.0001383600883,4500,1,1
"z[30,8]",0.424444444444444,0.494313318715563,0,0,0,1,1,0.999982278486674,4500,1,1
"z[31,8]",0.218,0.412933277874277,0,0,0,0,1,1.00167616021367,1463,1,1
"z[32,8]",0.281333333333333,0.449699709640618,0,0,0,1,1,1.00050645831472,2949,1,1
"z[33,8]",0.106222222222222,0.308156070826227,0,0,0,0,1,0.999800742476846,4500,1,1
"z[34,8]",0.123333333333333,0.328855978694735,0,0,0,0,1,1.00450486346288,950,1,1
"z[35,8]",1,0,1,1,1,1,1,NA,1,0,1
"z[36,8]",0.106,0.307871829415116,0,0,0,0,1,1.00146573948394,2922,1,1
"z[37,8]",0.700222222222222,0.458211434819433,0,0,1,1,1,1.00119531886257,1557,1,1
"z[38,8]",0.562888888888889,0.496084344110268,0,0,1,1,1,0.99969393389316,4500,1,1
"z[39,8]",0.978222222222222,0.145973426820025,1,1,1,1,1,1.01094966720269,2046,0,1
"z[40,8]",1,0,1,1,1,1,1,NA,1,0,1
"z[41,8]",0.907333333333333,0.289996972491497,0,1,1,1,1,1.00914505682456,627,1,1
"z[42,8]",0.961333333333333,0.192820688042738,0,1,1,1,1,1.00482528499598,2588,1,1
"z[43,8]",0.248,0.431899817975513,0,0,0,0,1,1.00107958512122,1905,1,1
"z[44,8]",0.234444444444444,0.423698171199837,0,0,0,0,1,0.999998567192329,4500,1,1
"z[45,8]",0.103777777777778,0.305005940343398,0,0,0,0,1,1.0014431509736,3014,1,1
"z[46,8]",0.194666666666667,0.395987880398553,0,0,0,0,1,1.00049149505354,3877,1,1
"z[47,8]",0.392666666666667,0.488397955351711,0,0,0,1,1,0.99992592344611,4500,1,1
"z[48,8]",0.443777777777778,0.49688421895399,0,0,0,1,1,1.00417489134827,454,1,1
"z[49,8]",0.835555555555556,0.370719583788944,0,1,1,1,1,0.99990303513306,4500,1,1
"z[50,8]",0.421777777777778,0.49389826061416,0,0,0,1,1,1.00027042510184,3400,1,1
"z[51,8]",0.318,0.465751226921597,0,0,0,1,1,0.999786375253405,4500,1,1
"z[52,8]",0.917555555555556,0.275071213116166,0,1,1,1,1,1.00215559044387,2656,1,1
"z[53,8]",0.312666666666667,0.463631308019104,0,0,0,1,1,1.00419173388959,520,1,1
"z[54,8]",0.719555555555556,0.449266303438176,0,0,1,1,1,1.0041186563809,563,1,1
"z[55,8]",0.741333333333333,0.437950733110633,0,0,1,1,1,1.00114212385394,1769,1,1
"z[56,8]",1,0,1,1,1,1,1,NA,1,0,1
"z[57,8]",0.252222222222222,0.43433638419814,0,0,0,1,1,0.999717297745996,4500,1,1
"z[58,8]",0.780888888888889,0.413690056794411,0,1,1,1,1,1.00092913511995,2323,1,1
"z[59,8]",0.7,0.458308495491129,0,0,1,1,1,1.00089643592791,1935,1,1
"z[60,8]",0.420444444444444,0.493685197983452,0,0,0,1,1,1.0005675020429,2284,1,1
"z[61,8]",0.312666666666667,0.463631308019104,0,0,0,1,1,1.00008193604874,4500,1,1
"z[62,8]",0.118444444444444,0.323169563225013,0,0,0,0,1,1.00014345810623,4500,1,1
"z[63,8]",0.161333333333333,0.367879006366473,0,0,0,0,1,0.999743407678908,4500,1,1
"z[64,8]",0.162222222222222,0.368695512481717,0,0,0,0,1,1.00012416482411,4500,1,1
"z[65,8]",1,0,1,1,1,1,1,NA,1,0,1
"z[66,8]",1,0,1,1,1,1,1,NA,1,0,1
"z[67,8]",1,0,1,1,1,1,1,NA,1,0,1
"z[68,8]",0.863111111111111,0.343768210354624,0,1,1,1,1,1.00073309814115,3962,1,1
"z[69,8]",0.879777777777778,0.325257357975255,0,1,1,1,1,1.00784234800399,576,1,1
"z[70,8]",0.689777777777778,0.46263588027627,0,0,1,1,1,1.00072522953068,2215,1,1
"z[71,8]",0.810222222222222,0.392168777194373,0,1,1,1,1,1.00093814652059,2562,1,1
"z[72,8]",0.712,0.452881417292069,0,0,1,1,1,1.001147679181,1655,1,1
"z[73,8]",0.0773333333333333,0.267149300225178,0,0,0,0,1,1.00390424134092,1650,1,1
"z[74,8]",0.0571111111111111,0.232080592249878,0,0,0,0,1,1.00769751323994,1150,1,1
"z[75,8]",0.0635555555555556,0.243986630137708,0,0,0,0,1,1.00169329084069,4128,1,1
"z[76,8]",0.152666666666667,0.359705863884651,0,0,0,0,1,1.00021483824288,4500,1,1
"z[77,8]",0.216666666666667,0.412019352281919,0,0,0,0,1,0.999674325044128,4500,1,1
"z[78,8]",0.203111111111111,0.402359247276006,0,0,0,0,1,1.00016617133781,4500,1,1
"z[79,8]",0.638666666666667,0.480440266341317,0,0,1,1,1,1.00037137358055,3073,1,1
"z[80,8]",0.178444444444444,0.382928988404224,0,0,0,0,1,1.00039673297739,4500,1,1
"z[81,8]",0.534666666666667,0.498852205573066,0,0,1,1,1,1.00517929324387,370,1,1
"z[82,8]",0.775555555555556,0.417262299316107,0,1,1,1,1,1.00021869492525,4500,1,1
"z[83,8]",0.974888888888889,0.15647998127484,0.475000000000009,1,1,1,1,1.01433914802961,1363,0,1
"z[84,8]",1,0,1,1,1,1,1,NA,1,0,1
"z[85,8]",1,0,1,1,1,1,1,NA,1,0,1
"z[86,8]",0.939555555555556,0.238334925238366,0,1,1,1,1,1.0212617361609,398,1,1
"z[87,8]",0.136666666666667,0.343533280003382,0,0,0,0,1,1.00044916060185,4500,1,1
"z[88,8]",0.668666666666667,0.470744941744271,0,0,1,1,1,1.00104892276703,1634,1,1
"z[89,8]",0.818222222222222,0.385704131126018,0,1,1,1,1,1.00000294767761,4500,1,1
"z[90,8]",0.162888888888889,0.36930530304322,0,0,0,0,1,1.00633054263821,554,1,1
"z[91,8]",0.201555555555556,0.401206535283835,0,0,0,0,1,1.00032114480493,4500,1,1
"z[92,8]",0.394222222222222,0.488737294104904,0,0,0,1,1,1.0003069919381,3275,1,1
"z[93,8]",1,0,1,1,1,1,1,NA,1,0,1
"z[94,8]",0.0728888888888889,0.259982920619994,0,0,0,0,1,0.999947808849134,4500,1,1
"z[95,8]",0.311333333333333,0.463090212604415,0,0,0,1,1,1.0000067602278,4500,1,1
"z[96,8]",0.202888888888889,0.402195144834769,0,0,0,0,1,1.00086112153365,2598,1,1
"z[97,8]",0.0915555555555556,0.288429580365407,0,0,0,0,1,0.999948629226292,4500,1,1
"z[98,8]",0.0815555555555556,0.273716817169827,0,0,0,0,1,1.00125663695339,4203,1,1
"z[99,8]",0.862222222222222,0.344704897700523,0,1,1,1,1,1.00551209071516,717,1,1
"z[100,8]",0.589111111111111,0.492049807202756,0,0,1,1,1,1.00040684948694,2792,1,1
"z[101,8]",0.960222222222222,0.195458425118277,0,1,1,1,1,1.00074925778817,4500,1,1
"z[102,8]",0.652222222222222,0.476317974231116,0,0,1,1,1,1.0038468789943,530,1,1
"z[103,8]",0.500444444444444,0.500055367263675,0,0,1,1,1,1.00014262754724,4206,1,1
"z[104,8]",0.189333333333333,0.391816714616485,0,0,0,0,1,1.00261895845567,1107,1,1
"z[105,8]",1,0,1,1,1,1,1,NA,1,0,1
"z[106,8]",0.0197777777777778,0.139251306560123,0,0,0,0,0,1.00130604590166,4500,1,1
"z[107,8]",1,0,1,1,1,1,1,NA,1,0,1
"z[108,8]",1,0,1,1,1,1,1,NA,1,0,1
"z[109,8]",1,0,1,1,1,1,1,NA,1,0,1
"z[110,8]",0.964444444444444,0.185199838067563,0,1,1,1,1,1.00468464627206,2882,1,1
"z[111,8]",0.950666666666667,0.216587118720284,0,1,1,1,1,1.00397916206832,2455,1,1
"z[112,8]",1,0,1,1,1,1,1,NA,1,0,1
"z[113,8]",0.734666666666667,0.441559603346368,0,0,1,1,1,0.999937334552134,4500,1,1
"z[114,8]",0.0113333333333333,0.105864911172911,0,0,0,0,0,1.01068821787434,3982,1,1
"z[115,8]",0.0188888888888889,0.136147779728393,0,0,0,0,0,1.01076344205591,2391,1,1
"z[116,8]",0.0744444444444444,0.26252196898347,0,0,0,0,1,1.00523326891291,1303,1,1
"z[117,8]",0.986444444444444,0.115649360747383,1,1,1,1,1,1.00879013525003,4042,0,1
"z[118,8]",0.200888888888889,0.40070965179,0,0,0,0,1,1.0037390783098,766,1,1
"z[119,8]",0.135777777777778,0.342590505813979,0,0,0,0,1,1.00088158019383,3516,1,1
"z[120,8]",0.225333333333333,0.417848084308576,0,0,0,0,1,1.00014224989055,4500,1,1
"z[121,8]",0.116444444444444,0.320792774619157,0,0,0,0,1,1.00090458843787,3917,1,1
"z[122,8]",0.647555555555556,0.477784560747159,0,0,1,1,1,1.00143086179939,1243,1,1
"z[123,8]",0.874666666666667,0.331133289462245,0,1,1,1,1,1.00379394134377,1107,1,1
"z[124,8]",0.768,0.422155899481977,0,1,1,1,1,1.00560381591988,473,1,1
"z[125,8]",0.222666666666667,0.416082557164474,0,0,0,0,1,0.999706159516107,4500,1,1
"z[126,8]",1,0,1,1,1,1,1,NA,1,0,1
"z[127,8]",0.282888888888889,0.450452945452442,0,0,0,1,1,1.0000809762861,4500,1,1
"z[128,8]",1,0,1,1,1,1,1,NA,1,0,1
"z[129,8]",1,0,1,1,1,1,1,NA,1,0,1
"z[130,8]",1,0,1,1,1,1,1,NA,1,0,1
"z[131,8]",1,0,1,1,1,1,1,NA,1,0,1
"z[132,8]",0.197555555555556,0.398199189045792,0,0,0,0,1,0.999726533923156,4500,1,1
"z[133,8]",0.279111111111111,0.448612105960907,0,0,0,1,1,0.999769574578559,4500,1,1
"z[134,8]",1,0,1,1,1,1,1,NA,1,0,1
"z[135,8]",1,0,1,1,1,1,1,NA,1,0,1
"z[136,8]",0.906222222222222,0.291551703123276,0,1,1,1,1,1.00026499869281,4500,1,1
"z[137,8]",1,0,1,1,1,1,1,NA,1,0,1
"z[138,8]",0.258,0.437582621671684,0,0,0,1,1,1.00124845627615,1649,1,1
"z[139,8]",0.245333333333333,0.430332477675716,0,0,0,0,1,1.00139127536822,1571,1,1
"z[140,8]",0.134444444444444,0.341167116466881,0,0,0,0,1,1.0000733696709,4500,1,1
"z[141,8]",0.156222222222222,0.363106236035812,0,0,0,0,1,0.999961767413532,4500,1,1
"z[142,8]",1,0,1,1,1,1,1,NA,1,0,1
"z[143,8]",0.0573333333333333,0.232504269129342,0,0,0,0,1,1.00579371172349,1496,1,1
"z[144,8]",0.619777777777778,0.48549527596758,0,0,1,1,1,1.00092498153403,1693,1,1
"z[145,8]",1,0,1,1,1,1,1,NA,1,0,1
"z[146,8]",1,0,1,1,1,1,1,NA,1,0,1
"z[147,8]",1,0,1,1,1,1,1,NA,1,0,1
"z[148,8]",1,0,1,1,1,1,1,NA,1,0,1
"z[149,8]",1,0,1,1,1,1,1,NA,1,0,1
"z[150,8]",0.244222222222222,0.429672846227236,0,0,0,0,1,0.999719535314403,4500,1,1
"z[151,8]",0.200666666666667,0.400543640348915,0,0,0,0,1,1.00045235843516,3967,1,1
"z[152,8]",0.176222222222222,0.381051462839662,0,0,0,0,1,1.00075965915666,3159,1,1
"z[153,8]",1,0,1,1,1,1,1,NA,1,0,1
"z[154,8]",0.823555555555556,0.381240214508231,0,1,1,1,1,1.00022841767309,4500,1,1
"z[155,8]",0.455111111111111,0.498036251369566,0,0,0,1,1,0.999920017267896,4500,1,1
"z[156,8]",0.0635555555555556,0.243986630137708,0,0,0,0,1,1.00155211442817,4448,1,1
"z[157,8]",1,0,1,1,1,1,1,NA,1,0,1
"z[158,8]",0.135777777777778,0.342590505813979,0,0,0,0,1,1.00177951275101,2010,1,1
"z[159,8]",0.135555555555556,0.342354045917987,0,0,0,0,1,0.999808703297215,4500,1,1
"z[160,8]",0.278222222222222,0.448173239577547,0,0,0,1,1,0.999725960741503,4500,1,1
"z[161,8]",0.563555555555556,0.495999356288236,0,0,1,1,1,1.00210344238467,839,1,1
"z[162,8]",0.405333333333333,0.491010995984176,0,0,0,1,1,1.00010384366168,4500,1,1
"z[163,8]",0.616888888888889,0.486199052506756,0,0,1,1,1,1.00005728176828,4500,1,1
"z[164,8]",0.335555555555556,0.472236785873133,0,0,0,1,1,1.00082993521834,1930,1,1
"z[165,8]",0.158444444444444,0.365197809580639,0,0,0,0,1,1.0005321590298,4321,1,1
"z[166,8]",0.473555555555556,0.499355688688475,0,0,0,1,1,0.999733746323551,4500,1,1
"z[167,8]",0.0486666666666667,0.215194128644091,0,0,0,0,1,1.0014615310938,4500,1,1
"z[168,8]",0.281555555555556,0.449807721414225,0,0,0,1,1,0.999783030252248,4500,1,1
"z[169,8]",0.368,0.482314933464995,0,0,0,1,1,1.00113679270477,1470,1,1
"z[170,8]",1,0,1,1,1,1,1,NA,1,0,1
"z[171,8]",0.804,0.397012627570361,0,1,1,1,1,1.00291890265376,978,1,1
"z[172,8]",0.265111111111111,0.44144140543826,0,0,0,1,1,1.00006215295718,4500,1,1
"z[173,8]",0.402,0.490356434858746,0,0,0,1,1,0.999844719108981,4500,1,1
"z[174,8]",0.976222222222222,0.152373076750087,1,1,1,1,1,1.02168228510382,949,0,1
"z[175,8]",0.351111111111111,0.477370651982484,0,0,0,1,1,1.00073401932053,2064,1,1
"z[176,8]",1,0,1,1,1,1,1,NA,1,0,1
"z[177,8]",1,0,1,1,1,1,1,NA,1,0,1
"z[178,8]",0.379777777777778,0.485385385658857,0,0,0,1,1,0.999848568568483,4500,1,1
"z[179,8]",0.255555555555556,0.43622150344653,0,0,0,1,1,1.00203639918012,1108,1,1
"z[180,8]",0.518,0.499731423754776,0,0,1,1,1,1.00185159800655,921,1,1
"z[181,8]",0.979111111111111,0.143028281223349,1,1,1,1,1,1.02239754372821,1044,0,1
"z[182,8]",0.614888888888889,0.486675638643712,0,0,1,1,1,1.00349072290077,556,1,1
"z[183,8]",0.769111111111111,0.421448313194483,0,1,1,1,1,1.00549994223955,489,1,1
"z[184,8]",0.992666666666667,0.0853297931213479,1,1,1,1,1,1.0213302295218,3072,0,1
"z[185,8]",1,0,1,1,1,1,1,NA,1,0,1
"z[1,9]",1,0,1,1,1,1,1,NA,1,0,1
"z[2,9]",1,0,1,1,1,1,1,NA,1,0,1
"z[3,9]",1,0,1,1,1,1,1,NA,1,0,1
"z[4,9]",1,0,1,1,1,1,1,NA,1,0,1
"z[5,9]",1,0,1,1,1,1,1,NA,1,0,1
"z[6,9]",1,0,1,1,1,1,1,NA,1,0,1
"z[7,9]",0.00844444444444444,0.0915150092219534,0,0,0,0,0,1.02152298233873,2650,1,1
"z[8,9]",0.00577777777777778,0.0758002102747823,0,0,0,0,0,1.0135891826854,4500,1,1
"z[9,9]",0.01,0.0995098009695405,0,0,0,0,0,1.00267583642981,4500,1,1
"z[10,9]",0.006,0.0772355205065475,0,0,0,0,0,1.00789465731767,4500,1,1
"z[11,9]",0.133111111111111,0.339732529641953,0,0,0,0,1,1.00178800357263,2049,1,1
"z[12,9]",0.135111111111111,0.341880202058169,0,0,0,0,1,1.00005876566279,4500,1,1
"z[13,9]",0.150222222222222,0.357328812676052,0,0,0,0,1,1.00364370901398,987,1,1
"z[14,9]",0.0255555555555556,0.157822698772571,0,0,0,0,1,1.00267870795253,4500,1,1
"z[15,9]",0.113333333333333,0.317035052820037,0,0,0,0,1,0.999938221822004,4500,1,1
"z[16,9]",0.708222222222222,0.454631100078816,0,0,1,1,1,0.999807705806508,4500,1,1
"z[17,9]",0.118888888888889,0.323693689929004,0,0,0,0,1,1.00259137525984,1637,1,1
"z[18,9]",0.106,0.307871829415116,0,0,0,0,1,1.00094974243131,4101,1,1
"z[19,9]",0.210666666666667,0.407827393549698,0,0,0,0,1,1.00290674271592,933,1,1
"z[20,9]",0.132444444444444,0.339010992795988,0,0,0,0,1,1.00046607886716,4500,1,1
"z[21,9]",0.545111111111111,0.498016167641992,0,0,1,1,1,1.00009626889104,4500,1,1
"z[22,9]",0.838888888888889,0.367674260666936,0,1,1,1,1,1.00399352769004,861,1,1
"z[23,9]",0.949333333333333,0.219340481264845,0,1,1,1,1,1.00148857339796,4500,1,1
"z[24,9]",0.553333333333333,0.497202666143567,0,0,1,1,1,1.00019547107235,3827,1,1
"z[25,9]",0.166888888888889,0.372918076298587,0,0,0,0,1,1.00005085395346,4500,1,1
"z[26,9]",0.128666666666667,0.334867846727887,0,0,0,0,1,0.999825516076335,4500,1,1
"z[27,9]",0.144888888888889,0.352027892860083,0,0,0,0,1,0.999784094480104,4500,1,1
"z[28,9]",0.0324444444444444,0.177197008935809,0,0,0,0,1,1.00163908795105,4500,1,1
"z[29,9]",1,0,1,1,1,1,1,NA,1,0,1
"z[30,9]",0.245555555555556,0.430463938433717,0,0,0,0,1,1.00242789190273,976,1,1
"z[31,9]",0.143111111111111,0.350225039406466,0,0,0,0,1,1.00286751195949,1274,1,1
"z[32,9]",0.198222222222222,0.398704776126197,0,0,0,0,1,1.00013058654494,4500,1,1
"z[33,9]",0.0266666666666667,0.161125183440798,0,0,0,0,1,1.01234230163288,1498,1,1
"z[34,9]",0.0264444444444444,0.160470739436839,0,0,0,0,1,1.00514200697146,3524,1,1
"z[35,9]",0.0491111111111111,0.216124014828025,0,0,0,0,1,1.00008511851012,4500,1,1
"z[36,9]",0.026,0.159152847308496,0,0,0,0,1,1.00116393072662,4500,1,1
"z[37,9]",1,0,1,1,1,1,1,NA,1,0,1
"z[38,9]",1,0,1,1,1,1,1,NA,1,0,1
"z[39,9]",1,0,1,1,1,1,1,NA,1,0,1
"z[40,9]",1,0,1,1,1,1,1,NA,1,0,1
"z[41,9]",0.902666666666667,0.296444065956704,0,1,1,1,1,1.00854822418565,642,1,1
"z[42,9]",0.959333333333333,0.19753875656879,0,1,1,1,1,1.00204765710663,4500,1,1
"z[43,9]",0.325777777777778,0.468716799882941,0,0,0,1,1,1.00077639279754,2059,1,1
"z[44,9]",0.188,0.390755589973834,0,0,0,0,1,1.00177556735835,1560,1,1
"z[45,9]",0.0926666666666667,0.289996972491497,0,0,0,0,1,1.00063841570556,4500,1,1
"z[46,9]",0.153777777777778,0.360775688043558,0,0,0,0,1,0.999904458638351,4500,1,1
"z[47,9]",0.405333333333333,0.491010995984176,0,0,0,1,1,1.00091110264952,1670,1,1
"z[48,9]",1,0,1,1,1,1,1,NA,1,0,1
"z[49,9]",0.875111111111111,0.330629621712271,0,1,1,1,1,1.00066141524297,4500,1,1
"z[50,9]",0.350888888888889,0.47730127009326,0,0,0,1,1,1.00105523356397,1582,1,1
"z[51,9]",0.245777777777778,0.430595244346508,0,0,0,0,1,0.999841949621056,4500,1,1
"z[52,9]",1,0,1,1,1,1,1,NA,1,0,1
"z[53,9]",0.268222222222222,0.443083162614667,0,0,0,1,1,1.00184748747912,1174,1,1
"z[54,9]",1,0,1,1,1,1,1,NA,1,0,1
"z[55,9]",0.787555555555556,0.409083110301357,0,1,1,1,1,1.0017037085363,1467,1,1
"z[56,9]",1,0,1,1,1,1,1,NA,1,0,1
"z[57,9]",0.329333333333333,0.470023385229729,0,0,0,1,1,1.00057234437288,2498,1,1
"z[58,9]",1,0,1,1,1,1,1,NA,1,0,1
"z[59,9]",1,0,1,1,1,1,1,NA,1,0,1
"z[60,9]",1,0,1,1,1,1,1,NA,1,0,1
"z[61,9]",0.0335555555555556,0.180102161070095,0,0,0,0,1,1.00025254579515,4500,1,1
"z[62,9]",0.0111111111111111,0.104833661410201,0,0,0,0,0,1.01013355624767,4280,1,1
"z[63,9]",0.0164444444444444,0.127191272176836,0,0,0,0,0,1.00089164750179,4500,1,1
"z[64,9]",1,0,1,1,1,1,1,NA,1,0,1
"z[65,9]",1,0,1,1,1,1,1,NA,1,0,1
"z[66,9]",1,0,1,1,1,1,1,NA,1,0,1
"z[67,9]",1,0,1,1,1,1,1,NA,1,0,1
"z[68,9]",1,0,1,1,1,1,1,NA,1,0,1
"z[69,9]",1,0,1,1,1,1,1,NA,1,0,1
"z[70,9]",1,0,1,1,1,1,1,NA,1,0,1
"z[71,9]",1,0,1,1,1,1,1,NA,1,0,1
"z[72,9]",1,0,1,1,1,1,1,NA,1,0,1
"z[73,9]",0.01,0.0995098009695405,0,0,0,0,0,1.00042133123201,4500,1,1
"z[74,9]",0.008,0.08909412970305,0,0,0,0,0,1.0077965040042,4500,1,1
"z[75,9]",0.00866666666666667,0.0927009450571682,0,0,0,0,0,1.00266456296957,4500,1,1
"z[76,9]",0.0435555555555556,0.20412674648623,0,0,0,0,1,1.00061769994453,4500,1,1
"z[77,9]",0.0393333333333333,0.194408387233923,0,0,0,0,1,1.00652454758247,1919,1,1
"z[78,9]",0.0626666666666667,0.24238938031912,0,0,0,0,1,1.00033188059849,4500,1,1
"z[79,9]",1,0,1,1,1,1,1,NA,1,0,1
"z[80,9]",0.01,0.0995098009695405,0,0,0,0,0,1.01517542544709,3183,1,1
"z[81,9]",0.58,0.493613356145918,0,0,1,1,1,1.00454668916094,425,1,1
"z[82,9]",1,0,1,1,1,1,1,NA,1,0,1
"z[83,9]",0.946222222222222,0.225603720820688,0,1,1,1,1,1.01154483079843,814,1,1
"z[84,9]",0.749111111111111,0.433572864534595,0,0,1,1,1,0.999736546330427,4500,1,1
"z[85,9]",0.633111111111111,0.482009399978906,0,0,1,1,1,1.00051485639578,2545,1,1
"z[86,9]",0.895111111111111,0.306444249967912,0,1,1,1,1,1.01646850721764,314,1,1
"z[87,9]",0.0464444444444444,0.21046900448124,0,0,0,0,1,1.00290788963686,3464,1,1
"z[88,9]",1,0,1,1,1,1,1,NA,1,0,1
"z[89,9]",1,0,1,1,1,1,1,NA,1,0,1
"z[90,9]",0.0124444444444444,0.11087069888737,0,0,0,0,0,1.00178570731046,4500,1,1
"z[91,9]",0.00911111111111111,0.0950268670194558,0,0,0,0,0,1.0377170397225,1376,1,1
"z[92,9]",0.02,0.140015558148628,0,0,0,0,0,1.00559859365384,4269,1,1
"z[93,9]",0.0493333333333333,0.216587118720284,0,0,0,0,1,1.00271844038308,3480,1,1
"z[94,9]",0.00555555555555556,0.0743365276300976,0,0,0,0,0,1.01469994118345,4500,1,1
"z[95,9]",0.364222222222222,0.481264859774747,0,0,0,1,1,1.00035946413908,3125,1,1
"z[96,9]",0.246666666666667,0.431118922372735,0,0,0,0,1,1.00137536131771,1583,1,1
"z[97,9]",0.054,0.226042815685939,0,0,0,0,1,1.00071399165293,4500,1,1
"z[98,9]",0.0622222222222222,0.241585568629304,0,0,0,0,1,1.00041364458369,4500,1,1
"z[99,9]",1,0,1,1,1,1,1,NA,1,0,1
"z[100,9]",1,0,1,1,1,1,1,NA,1,0,1
"z[101,9]",1,0,1,1,1,1,1,NA,1,0,1
"z[102,9]",0.727555555555556,0.445266804820707,0,0,1,1,1,1.0045334064451,519,1,1
"z[103,9]",0.584,0.492948272697508,0,0,1,1,1,1.00030799255028,3210,1,1
"z[104,9]",0.153777777777778,0.360775688043558,0,0,0,0,1,1.00164289594473,1952,1,1
"z[105,9]",0.0182222222222222,0.133769014787178,0,0,0,0,0,1.00205136254006,4500,1,1
"z[106,9]",0.00133333333333333,0.0364945409967103,0,0,0,0,0,1.03900028931154,4500,1,1
"z[107,9]",1,0,1,1,1,1,1,NA,1,0,1
"z[108,9]",1,0,1,1,1,1,1,NA,1,0,1
"z[109,9]",0.00511111111111111,0.071317023933587,0,0,0,0,0,1.00628299119719,4500,1,1
"z[110,9]",1,0,1,1,1,1,1,NA,1,0,1
"z[111,9]",1,0,1,1,1,1,1,NA,1,0,1
"z[112,9]",0.920888888888889,0.269942097980992,0,1,1,1,1,1.0063918925538,1016,1,1
"z[113,9]",1,0,1,1,1,1,1,NA,1,0,1
"z[114,9]",0.00444444444444444,0.0665257457028688,0,0,0,0,0,1.01925110119893,4500,1,1
"z[115,9]",0.0111111111111111,0.104833661410201,0,0,0,0,0,1.00231559826491,4500,1,1
"z[116,9]",0.181333333333333,0.385336933245042,0,0,0,0,1,0.9997372032858,4500,1,1
"z[117,9]",0.966666666666667,0.179525441950783,0,1,1,1,1,1.00751287644269,1960,1,1
"z[118,9]",0.166888888888889,0.372918076298587,0,0,0,0,1,0.999759897471116,4500,1,1
"z[119,9]",1,0,1,1,1,1,1,NA,1,0,1
"z[120,9]",0.160444444444444,0.367058530929405,0,0,0,0,1,1.0004715230512,4500,1,1
"z[121,9]",1,0,1,1,1,1,1,NA,1,0,1
"z[122,9]",0.774666666666667,0.417848084308576,0,1,1,1,1,1.00215598994274,1148,1,1
"z[123,9]",0.889111111111111,0.314029389601949,0,1,1,1,1,1.00166210248289,2548,1,1
"z[124,9]",0.802222222222222,0.398367913358764,0,1,1,1,1,1.00318188513886,896,1,1
"z[125,9]",0.0704444444444444,0.255922995228642,0,0,0,0,1,1.0064215461935,1122,1,1
"z[126,9]",0.733555555555556,0.442148443237228,0,0,1,1,1,1.00070559391959,2461,1,1
"z[127,9]",0.264666666666667,0.441204578771529,0,0,0,1,1,0.999789894963482,4500,1,1
"z[128,9]",0.840222222222222,0.366440553449894,0,1,1,1,1,1.00529729957594,663,1,1
"z[129,9]",1,0,1,1,1,1,1,NA,1,0,1
"z[130,9]",0.825555555555556,0.379533385063961,0,1,1,1,1,0.999985186335772,4500,1,1
"z[131,9]",1,0,1,1,1,1,1,NA,1,0,1
"z[132,9]",0.168888888888889,0.374695384746298,0,0,0,0,1,1.00065540499009,3613,1,1
"z[133,9]",0.280222222222222,0.449157611618771,0,0,0,1,1,0.999911084407316,4500,1,1
"z[134,9]",1,0,1,1,1,1,1,NA,1,0,1
"z[135,9]",0.919333333333333,0.272352784307054,0,1,1,1,1,1.00008410282379,4500,1,1
"z[136,9]",0.883777777777778,0.320526828561842,0,1,1,1,1,1.00239850344137,1777,1,1
"z[137,9]",1,0,1,1,1,1,1,NA,1,0,1
"z[138,9]",0.178222222222222,0.382742231038999,0,0,0,0,1,0.9998091704254,4500,1,1
"z[139,9]",0.00555555555555556,0.0743365276300976,0,0,0,0,0,1.04573243291194,1835,1,1
"z[140,9]",0.00511111111111111,0.071317023933587,0,0,0,0,0,1.00628299119719,4500,1,1
"z[141,9]",0.0253333333333333,0.15715293120877,0,0,0,0,1,1.00220736638242,4500,1,1
"z[142,9]",0.121333333333333,0.326550535565759,0,0,0,0,1,1.00311651823373,1354,1,1
"z[143,9]",0.00733333333333333,0.0853297931213479,0,0,0,0,0,1.06561143574822,946,1,1
"z[144,9]",1,0,1,1,1,1,1,NA,1,0,1
"z[145,9]",0.84,0.366646796392903,0,1,1,1,1,1.00012187071628,4500,1,1
"z[146,9]",0.852444444444444,0.354698282420007,0,1,1,1,1,1.00021011019572,4500,1,1
"z[147,9]",1,0,1,1,1,1,1,NA,1,0,1
"z[148,9]",1,0,1,1,1,1,1,NA,1,0,1
"z[149,9]",0.342,0.474432312469713,0,0,0,1,1,1.00009202945553,4500,1,1
"z[150,9]",0.217111111111111,0.412324698400923,0,0,0,0,1,1.00002576816637,4500,1,1
"z[151,9]",0.157555555555556,0.364364247671686,0,0,0,0,1,1.0004506416735,4500,1,1
"z[152,9]",0.0195555555555556,0.13848248064772,0,0,0,0,0,1.00413432893708,4500,1,1
"z[153,9]",1,0,1,1,1,1,1,NA,1,0,1
"z[154,9]",1,0,1,1,1,1,1,NA,1,0,1
"z[155,9]",1,0,1,1,1,1,1,NA,1,0,1
"z[156,9]",0.0413333333333333,0.199082134750893,0,0,0,0,1,1.00168867433081,4500,1,1
"z[157,9]",0.264,0.440848259908167,0,0,0,1,1,1.00037523280545,3634,1,1
"z[158,9]",0.0168888888888889,0.128869487630174,0,0,0,0,0,1.00667819549915,4257,1,1
"z[159,9]",0.0111111111111111,0.104833661410201,0,0,0,0,0,1.01426843471296,3049,1,1
"z[160,9]",0.024,0.153066020038189,0,0,0,0,0,1.01174863148556,1738,1,1
"z[161,9]",0.645555555555556,0.478397783242291,0,0,1,1,1,1.00308446538561,644,1,1
"z[162,9]",0.187111111111111,0.390044037056583,0,0,0,0,1,0.999930507975174,4500,1,1
"z[163,9]",1,0,1,1,1,1,1,NA,1,0,1
"z[164,9]",0.113333333333333,0.317035052820037,0,0,0,0,1,0.999864383751203,4500,1,1
"z[165,9]",0.0426666666666667,0.202126943226378,0,0,0,0,1,1.00139230298189,4500,1,1
"z[166,9]",0.569333333333333,0.495224583707749,0,0,1,1,1,0.999971201537159,4500,1,1
"z[167,9]",0.0713333333333333,0.257409427269842,0,0,0,0,1,1.00214848225906,3043,1,1
"z[168,9]",0.181777777777778,0.385704131126018,0,0,0,0,1,0.999701184258509,4500,1,1
"z[169,9]",0.243333333333333,0.429142339283927,0,0,0,0,1,1.00076004106584,2492,1,1
"z[170,9]",0.0871111111111111,0.28202914935459,0,0,0,0,1,1.00274991432969,2032,1,1
"z[171,9]",1,0,1,1,1,1,1,NA,1,0,1
"z[172,9]",0.0402222222222222,0.196501846614733,0,0,0,0,1,1.00216235627781,4500,1,1
"z[173,9]",1,0,1,1,1,1,1,NA,1,0,1
"z[174,9]",1,0,1,1,1,1,1,NA,1,0,1
"z[175,9]",1,0,1,1,1,1,1,NA,1,0,1
"z[176,9]",1,0,1,1,1,1,1,NA,1,0,1
"z[177,9]",0.270666666666667,0.444353575457908,0,0,0,1,1,0.999987380746717,4500,1,1
"z[178,9]",0.290888888888889,0.454222843702708,0,0,0,1,1,1.00206014381187,1017,1,1
"z[179,9]",0.203111111111111,0.402359247276006,0,0,0,0,1,1.002025203291,1307,1,1
"z[180,9]",0.633111111111111,0.482009399978906,0,0,1,1,1,1.00035517501872,3135,1,1
"z[181,9]",1,0,1,1,1,1,1,NA,1,0,1
"z[182,9]",1,0,1,1,1,1,1,NA,1,0,1
"z[183,9]",1,0,1,1,1,1,1,NA,1,0,1
"z[184,9]",1,0,1,1,1,1,1,NA,1,0,1
"z[185,9]",1,0,1,1,1,1,1,NA,1,0,1
"deviance",1374.62033019263,41.9229479510144,1291.1775104562,1346.37514545116,1374.90984771898,1403.95520704834,1453.25358213362,1.00701002301467,438,0,1
