"mean","sd","2.5%","25%","50%","75%","97.5%","Rhat","n.eff","overlap0","f","parameter"
0.335361560285982,1.58124282808938,-2.6602000981617,-0.761919992248249,0.303206793873207,1.40605780806629,3.4728827271471,1.01139940918939,178,1,0.574555555555556,"beta.psi[1]"
-0.416940086986627,1.58160500661479,-3.52687358614908,-1.4710546590755,-0.413765919079318,0.620064791283405,2.74850366141808,1.05745075933549,42,1,0.606666666666667,"beta.psi[2]"
0.404643637801223,1.65146192211001,-2.85868372317545,-0.69152192826909,0.442983321847845,1.51137128871681,3.50721217800493,1.00416310685105,472,1,0.606777777777778,"beta.psi[3]"
0.0241215190831829,1.62594879887162,-3.07536394397525,-1.08235275477033,-0.00237429366287244,1.10794913977159,3.27073640947355,1.01671573839055,132,1,0.499666666666667,"beta.gamma[1]"
-0.491348316945875,1.55847871599772,-3.42644573751657,-1.54875979024292,-0.559889917736136,0.547023182343123,2.69535111189757,1.01245706113744,178,1,0.638,"beta.gamma[2]"
-0.250604842672768,1.53092114347467,-3.12279178827985,-1.2677317759802,-0.347775978773459,0.737146890055448,2.92823328236739,1.03186415464595,70,1,0.588111111111111,"beta.phi[1]"
-0.374672127228998,1.59260102981393,-3.35417270821307,-1.45614661744426,-0.438580555105406,0.65394731193253,2.81789949456337,1.00272453922254,776,1,0.612,"beta.phi[2]"
-5.33937698179505,0.372470854270795,-6.10743814750639,-5.58217811070842,-5.32782625201522,-5.08547085631654,-4.6431721227109,1.00151433419527,1250,0,1,"beta.p[1]"
-0.377289488079866,0.347118059833828,-1.07062571583884,-0.605416439572872,-0.373900818172104,-0.144753243933715,0.289468080175537,1.00021275943631,6571,1,0.861111111111111,"beta.p[2]"
0.117197132541442,0.318984807494328,-0.519796067538975,-0.0934658986632447,0.128982759172335,0.334889087153794,0.71091399278769,1.00010144621383,9000,1,0.652111111111111,"beta.p[3]"
0.170507849209625,0.28999553141882,-0.426590765444109,-0.0170745217590202,0.181589901731857,0.368620573382871,0.710724223281344,1.00013200503496,6979,1,0.732111111111111,"beta.p[4]"
-0.564899377906066,1.587103409253,-3.57460649292113,-1.67185270539541,-0.594271478087416,0.50512065952542,2.59759990831747,1.0005231638734,4349,1,0.645888888888889,"alpha.gamma[1]"
-0.147457293011837,1.54995629124278,-3.10840227046073,-1.16381021229203,-0.171969567013793,0.877297780289922,2.97149254840906,1.00936560741206,232,1,0.543777777777778,"alpha.gamma[2]"
-0.257506092678273,1.5896809685506,-3.32634489575178,-1.32871622605353,-0.266557933402556,0.790202412697226,2.95237004966357,1.00826742820596,254,1,0.574333333333333,"alpha.gamma[3]"
-0.618210320232974,1.68320046991151,-3.71577906471621,-1.77176739505945,-0.715970385659499,0.457848268745721,2.87875518199978,1.01429820405692,198,1,0.660444444444444,"alpha.gamma[4]"
0.606103098307414,1.55387326440674,-2.54968008316633,-0.399907928201985,0.639098013511006,1.6266782092462,3.62320661225754,1.00244105074104,858,1,0.663555555555556,"alpha.gamma[5]"
-0.440433585843317,1.596685735031,-3.49926355058445,-1.529229731,-0.471816504787764,0.592678009502985,2.83625953855471,1.0050822054514,413,1,0.620111111111111,"alpha.gamma[6]"
-0.699180167067966,1.61777290996955,-3.74660058243371,-1.8017193724953,-0.747421648875035,0.351755076471018,2.6855909766483,1.00015491946529,7217,1,0.679333333333333,"alpha.gamma[7]"
0.457833023257117,1.48994506471861,-2.49421210034137,-0.484467896809969,0.44348498956787,1.41755594768795,3.42521740816266,1.00236260242965,822,1,0.626444444444444,"alpha.gamma[8]"
-0.534307685297511,1.56316271040546,-3.57384065140911,-1.58929929424343,-0.564514633095103,0.507623245759396,2.56297832137687,1.00101061193466,2207,1,0.638777777777778,"alpha.phi[1]"
-0.119205376539566,1.55344317506508,-3.10201471819606,-1.16899276387883,-0.112590162715379,0.903473811194635,2.96437420503951,1.00026267884717,6151,1,0.529777777777778,"alpha.phi[2]"
-0.070209129622941,1.62162375202266,-3.30343410603252,-1.15428577106951,-0.0483134932340998,1.01283777094446,3.12589104440397,1.00669851693468,338,1,0.513555555555556,"alpha.phi[3]"
-0.600364052189509,1.62038620739575,-3.67502177178111,-1.683033892329,-0.664911331470429,0.427383739594395,2.74294986317387,1.00567028918934,469,1,0.662666666666667,"alpha.phi[4]"
0.398951716200831,1.56428296621366,-2.83924217544284,-0.60744061824729,0.431225077666313,1.44234788893773,3.3925241805588,1.00066164485798,2752,1,0.608333333333333,"alpha.phi[5]"
-0.607762740096055,1.60172528677477,-3.65769240861873,-1.693361817718,-0.625295182653382,0.461520706101029,2.61994744116071,1.00465182636656,460,1,0.651444444444444,"alpha.phi[6]"
-0.406027494388096,1.64514375385636,-3.55253098927456,-1.52366789820386,-0.452702931869182,0.678686163167278,2.91482519846084,1.00203164256821,1806,1,0.609111111111111,"alpha.phi[7]"
0.304616211421576,1.59207012334065,-2.9301225237965,-0.711799852543628,0.331212940191165,1.36106296549665,3.35845751946546,1.00223852075369,1197,1,0.584888888888889,"alpha.phi[8]"
0.401940492467742,0.274516796736213,0.027262385280443,0.15817732501686,0.355655380231296,0.623661948442459,0.93070695398838,1.00046549456932,4794,0,1,"gamma.avg[1]"
0.473062921919985,0.273578516298331,0.0427620622494466,0.237975639891418,0.457113252850795,0.706261941510131,0.95126951160101,1.0066669398374,323,0,1,"gamma.avg[2]"
0.453680704783594,0.277133270500457,0.0346783825964147,0.209371796143954,0.433752312027283,0.687874790145561,0.950375341384552,1.00883384722399,231,0,1,"gamma.avg[3]"
0.39166194334325,0.281948631197965,0.0237582833349375,0.145322699582715,0.328280969506053,0.612503599256793,0.946786177505426,1.010960930633,222,0,1,"gamma.avg[4]"
0.606579087533475,0.265933939469704,0.0724479814198974,0.401334462159615,0.65454953685876,0.835714078412245,0.973997259367273,1.00189083479889,987,0,1,"gamma.avg[5]"
0.421336201604849,0.275804455695781,0.0293332201202569,0.178106413908865,0.384186395388045,0.643979369227363,0.944604030992544,1.00586859629418,348,0,1,"gamma.avg[6]"
0.378702044905984,0.272770077211023,0.0230538087689596,0.141641895684874,0.321383377719874,0.587043114794175,0.936171026826383,1.00029666743618,4744,0,1,"gamma.avg[7]"
0.581141670408469,0.261384747509601,0.0762649385289895,0.381197653793159,0.609089116324102,0.804954971631986,0.968483413186205,1.00171591181992,1068,0,1,"gamma.avg[8]"
0.406682710843478,0.271033466700307,0.0272827032137694,0.169482507769484,0.362503510259723,0.624249142597598,0.928440582317398,1.00121169867151,1931,0,1,"phi.avg[1]"
0.478758926649587,0.274040900019281,0.0430242270591587,0.237037098123544,0.471882156171554,0.711662842418917,0.950938473238601,1.00044199634539,4276,0,1,"phi.avg[2]"
0.489343208210464,0.281611416875708,0.0354535673398003,0.239707165921502,0.487923975597472,0.73357513266895,0.957948180935873,1.00718879535584,283,0,1,"phi.avg[3]"
0.3940999867931,0.273586694914489,0.0247221789537257,0.156694154853747,0.339637214372233,0.605248746246497,0.939513941736323,1.00530158683429,440,0,1,"phi.avg[4]"
0.572287711518077,0.271578401664592,0.0552400750523233,0.35264324834909,0.606166167676522,0.808817972166733,0.967470074658037,1.0007185433166,2344,0,1,"phi.avg[5]"
0.395471815708197,0.272797920809528,0.025143468389493,0.155334239855359,0.348578109125587,0.613374867474697,0.932134381617018,1.00417948959412,479,0,1,"phi.avg[6]"
0.428742486278282,0.281935625000858,0.0278539629264816,0.178922038536442,0.388718316977774,0.663445383749731,0.948574452006966,1.00208051651656,1403,0,1,"phi.avg[7]"
0.555111559455335,0.275992850932157,0.0506844435397823,0.329201262261628,0.582054474386015,0.795932401472366,0.966380694587726,1.00195064221366,1131,0,1,"phi.avg[8]"
0.593317289156522,0.271033466700307,0.0715594176826023,0.375750857402402,0.637496489740277,0.830517492230516,0.972717296786231,1.00121169867151,1931,0,1,"ext.avg[1]"
0.521241073350413,0.274040900019281,0.0490615267613994,0.288337157581083,0.528117843828446,0.762962901876456,0.956975772940841,1.00044199634539,4276,0,1,"ext.avg[2]"
0.510656791789536,0.281611416875708,0.0420518190641275,0.26642486733105,0.512076024402528,0.760292834078498,0.9645464326602,1.00718879535584,283,0,1,"ext.avg[3]"
0.6059000132069,0.273586694914489,0.0604860582636769,0.394751253753503,0.660362785627767,0.843305845146253,0.975277821046274,1.00530158683429,440,0,1,"ext.avg[4]"
0.427712288481923,0.271578401664592,0.0325299253419626,0.191182027833267,0.393833832323478,0.64735675165091,0.944759924947677,1.0007185433166,2344,0,1,"ext.avg[5]"
0.604528184291803,0.272797920809528,0.0678656183829817,0.386625132525303,0.651421890874413,0.844665760144641,0.974856531610507,1.00417948959412,479,0,1,"ext.avg[6]"
0.571257513721718,0.281935625000858,0.0514255479930344,0.336554616250269,0.611281683022226,0.821077961463558,0.972146037073518,1.00208051651656,1403,0,1,"ext.avg[7]"
0.444888440544665,0.275992850932157,0.0336193054122743,0.204067598527634,0.417945525613986,0.670798737738372,0.949315556460218,1.00195064221366,1131,0,1,"ext.avg[8]"
2.47148898102426,1.45879606968246,0.109709109221762,1.20133086772432,2.43644677403833,3.73029884641354,4.87816841554828,1.01246192952812,166,0,1,"sigma.region"
-0.312922043760059,2.73136230648644,-6.29211656639769,-1.48166263076949,-0.114348289868841,0.856997686219912,5.42017870403337,1.03295238492024,67,1,0.548888888888889,"u.region[1]"
-0.642938267093712,2.94723578767337,-7.57341654735863,-1.88475819118005,-0.207075871831267,0.778411033136126,5.03338421587995,1.0050965320435,522,1,0.571333333333333,"u.region[2]"
1.42981757394727,2.50248515910922,-2.39876509269373,-0.101205475622955,0.79928755465994,2.60428030738064,7.56147337996003,1.02745345526534,126,1,0.708666666666667,"u.region[3]"
-0.108096834861297,2.85825075748521,-6.50019856941381,-1.34756131845899,-0.0279145372250644,1.18593031113315,6.09483838975516,1.01933707755901,9000,1,0.514444444444444,"u.region[4]"
0.536818907305095,0.220587496590231,0.143646408839779,0.370165745856354,0.530386740331492,0.701657458563536,0.950276243093923,1.01517575819553,137,0,1,"psi.fs[1]"
0.409577655003069,0.188860507281041,0.0939226519337017,0.265193370165746,0.397790055248619,0.546961325966851,0.790055248618785,1.0005991635445,9000,0,1,"psi.fs[2]"
0.486485573971762,0.182484679887976,0.160220994475138,0.348066298342541,0.480662983425414,0.61878453038674,0.839779005524862,1.00153727422617,1716,0,1,"psi.fs[3]"
0.474207489257213,0.189165986655559,0.138121546961326,0.331491712707182,0.469613259668508,0.613259668508287,0.845303867403315,1.01079295635028,199,0,1,"psi.fs[4]"
0.391747697974217,0.189158468026844,0.0883977900552486,0.243093922651934,0.375690607734807,0.519337016574586,0.795580110497238,1.01025208316972,217,0,1,"psi.fs[5]"
0.60726335174954,0.173569998070375,0.259668508287293,0.480662983425414,0.61878453038674,0.740331491712707,0.906077348066298,1.00257958021563,1566,0,1,"psi.fs[6]"
0.403315531000614,0.192820485461548,0.0883977900552486,0.25414364640884,0.386740331491713,0.541436464088398,0.806629834254144,1.00464074037998,475,0,1,"psi.fs[7]"
0.396328422344997,0.193436250486683,0.0883977900552486,0.243093922651934,0.375690607734807,0.530386740331492,0.795580110497238,1.00113731562264,1974,0,1,"psi.fs[8]"
0.584276856967465,0.17138340728199,0.237569060773481,0.458563535911602,0.591160220994475,0.718232044198895,0.878453038674033,1.00304736923559,669,0,1,"psi.fs[9]"
97.1642222222222,39.9263368828319,26,67,96,127,172,1.01517575819553,137,0,1,"n.occ[1]"
74.1335555555556,34.1837518178684,17,48,72,99,143,1.0005991635445,9000,0,1,"n.occ[2]"
88.0538888888889,33.0297270597236,29,63,87,112,152,1.00153727422617,1716,0,1,"n.occ[3]"
85.8315555555556,34.2390435846561,25,60,85,111,153,1.01079295635028,199,0,1,"n.occ[4]"
70.9063333333333,34.2376827128589,16,44,68,94,144,1.01025208316972,217,0,1,"n.occ[5]"
109.914666666667,31.4161696507379,47,87,112,134,164,1.00257958021563,1566,0,1,"n.occ[6]"
73.0001111111111,34.9005078685403,16,46,70,98,146,1.00464074037998,475,0,1,"n.occ[7]"
71.7354444444444,35.0119613380897,16,44,68,96,144,1.00113731562264,1974,0,1,"n.occ[8]"
105.754111111111,31.0203967180403,43,83,107,130,159,1.00304736923559,669,0,1,"n.occ[9]"
0.463513133370918,0.100604502944406,0.268029203472639,0.393729475254874,0.464450618302537,0.533992830188746,0.658827930217781,1.00687195061038,366,0,1,"mean.gamma"
0.465062300682065,0.0988044831896641,0.270537937195249,0.39684160129849,0.466311430209768,0.534211190359297,0.653140986216967,1.00228427836683,880,0,1,"mean.phi"
0.534937699317935,0.0988044831896641,0.346859013783033,0.465788809640703,0.533688569790232,0.60315839870151,0.72946206280475,1.00228427836683,880,0,1,"mean.ext"
0.00510604476678699,0.00189543976510684,0.00222130166992126,0.00375024015293516,0.0048311578593905,0.00614794286434024,0.00953531324708201,1.00166364820769,1242,0,1,"mean.p"
1.44236765087958,1.83647596976554,0.388888888888889,0.778589718813412,1.08333333333333,1.6346916971917,4.30434782608696,1.06719313318318,668,0,1,"lambda"
0.00194666462042153,0.0247836942001278,-0.0449355432780847,-0.0154696132596685,0.0016574585635359,0.0184162062615101,0.0525782688766114,1.00433143199884,457,1,0.525333333333333,"trend.slope"
0.671555555555556,0.469673505441568,0,0,1,1,1,1.0250835517687,95,1,1,"z[1,1]"
0.662,0.47305482191867,0,0,1,1,1,1.02457711682627,96,1,1,"z[2,1]"
0.588777777777778,0.492082728022972,0,0,1,1,1,1.02180783808333,99,1,1,"z[3,1]"
0.637777777777778,0.480669278600271,0,0,1,1,1,1.00926350175863,235,1,1,"z[4,1]"
0.470666666666667,0.499166546159229,0,0,0,1,1,1.0336397703204,64,1,1,"z[5,1]"
0.480555555555556,0.499649529601016,0,0,0,1,1,1.03263940911976,66,1,1,"z[6,1]"
0.553777777777778,0.497127156879702,0,0,1,1,1,1.00478519159259,414,1,1,"z[7,1]"
0.534444444444444,0.498839883401867,0,0,1,1,1,1.0000141061515,9000,1,1,"z[8,1]"
0.548888888888889,0.497631783358907,0,0,1,1,1,1.00440416220394,447,1,1,"z[9,1]"
0.593333333333333,0.491238945671695,0,0,1,1,1,1.00258349078864,757,1,1,"z[10,1]"
0.480444444444444,0.499645192727448,0,0,0,1,1,1.00038379278826,3643,1,1,"z[11,1]"
0.550888888888889,0.497431215423909,0,0,1,1,1,1.00102436166895,1701,1,1,"z[12,1]"
0.543888888888889,0.498097713553067,0,0,1,1,1,1.00024046451641,4954,1,1,"z[13,1]"
0.543888888888889,0.498097713553067,0,0,1,1,1,0.999949562034561,9000,1,1,"z[14,1]"
0.518222222222222,0.499695601925161,0,0,1,1,1,1.02536536483752,84,1,1,"z[15,1]"
0.590333333333333,0.491799515019752,0,0,1,1,1,1.0041235150035,486,1,1,"z[16,1]"
0.556666666666667,0.496806112003122,0,0,1,1,1,1.00601606891004,333,1,1,"z[17,1]"
0.586888888888889,0.492419803527189,0,0,1,1,1,1.00145621159218,1275,1,1,"z[18,1]"
0.547444444444444,0.497771589606858,0,0,1,1,1,1.00411191013047,477,1,1,"z[19,1]"
0.409333333333333,0.491738165018622,0,0,0,1,1,1.04644398433363,49,1,1,"z[20,1]"
0.432777777777778,0.495488094262966,0,0,0,1,1,1.03086044266721,71,1,1,"z[21,1]"
0.481333333333333,0.499679194783758,0,0,0,1,1,1.05402688863774,42,1,1,"z[22,1]"
0.437222222222222,0.496070855361196,0,0,0,1,1,1.03154673365499,69,1,1,"z[23,1]"
0.594555555555556,0.491005126501465,0,0,1,1,1,1.00435738637404,463,1,1,"z[24,1]"
0.59,0.49186063144404,0,0,1,1,1,1.00277827932352,706,1,1,"z[25,1]"
0.593333333333333,0.491238945671695,0,0,1,1,1,1.00284253101441,692,1,1,"z[26,1]"
0.66,0.47373509064034,0,0,1,1,1,1.00767880056703,288,1,1,"z[27,1]"
0.619222222222222,0.485605048461155,0,0,1,1,1,1.01423814197193,153,1,1,"z[28,1]"
0.597888888888889,0.490351385728232,0,0,1,1,1,1.00351753553996,568,1,1,"z[29,1]"
0.592111111111111,0.491469613762884,0,0,1,1,1,1.0038657450994,517,1,1,"z[30,1]"
0.608444444444444,0.488125267221292,0,0,1,1,1,1.00271511977264,732,1,1,"z[31,1]"
0.537333333333333,0.498631976717655,0,0,1,1,1,1.00069415127119,2341,1,1,"z[32,1]"
0.584222222222222,0.492882957614963,0,0,1,1,1,1.00103381824386,1718,1,1,"z[33,1]"
0.590444444444444,0.491779090976668,0,0,1,1,1,1.00109675478159,1639,1,1,"z[34,1]"
0.539555555555556,0.498460595253832,0,0,1,1,1,1.00127281469428,1404,1,1,"z[35,1]"
0.445,0.496993405103206,0,0,0,1,1,1.02784371207699,77,1,1,"z[36,1]"
0.437111111111111,0.496056780040564,0,0,0,1,1,1.02646177751279,81,1,1,"z[37,1]"
0.482333333333333,0.499715554161128,0,0,0,1,1,1.04050566900215,54,1,1,"z[38,1]"
0.491,0.499946769030004,0,0,0,1,1,1.03690488764465,59,1,1,"z[39,1]"
0.421111111111111,0.493764754212344,0,0,0,1,1,1.00636263988227,319,1,1,"z[40,1]"
0.463333333333333,0.49868144844257,0,0,0,1,1,1.01338875527932,153,1,1,"z[41,1]"
0.454777777777778,0.497978417432789,0,0,0,1,1,1.01535419651238,135,1,1,"z[42,1]"
0.592222222222222,0.491448774029179,0,0,1,1,1,1.0006749115553,2462,1,1,"z[43,1]"
0.552222222222222,0.49729298941289,0,0,1,1,1,1.00358757190715,543,1,1,"z[44,1]"
0.593888888888889,0.49113305512941,0,0,1,1,1,1.00374204931567,534,1,1,"z[45,1]"
0.474111111111111,0.499357058444012,0,0,0,1,1,1.00191135684801,970,1,1,"z[46,1]"
0.468444444444444,0.499030978123197,0,0,0,1,1,1.00673306869115,297,1,1,"z[47,1]"
0.462333333333333,0.49860690471279,0,0,0,1,1,1.01186775720002,172,1,1,"z[48,1]"
0.482444444444444,0.499719470388838,0,0,0,1,1,1.00406973134372,478,1,1,"z[49,1]"
0.433666666666667,0.4956078901691,0,0,0,1,1,1.00597758275113,337,1,1,"z[50,1]"
0.462,0.498581608568013,0,0,0,1,1,1.01400615527868,147,1,1,"z[51,1]"
0.476333333333333,0.499467323767978,0,0,0,1,1,1.00725529891658,275,1,1,"z[52,1]"
0.464444444444444,0.498761909984789,0,0,0,1,1,1.00116996510263,1509,1,1,"z[53,1]"
0.432777777777778,0.495488094262966,0,0,0,1,1,1.00326380377159,598,1,1,"z[54,1]"
0.511,0.499906758724667,0,0,1,1,1,1.00306506947359,625,1,1,"z[55,1]"
0.668666666666667,0.470718785614692,0,0,1,1,1,1.00744870899456,299,1,1,"z[56,1]"
0.616666666666667,0.486225418134113,0,0,1,1,1,1.01385003712312,156,1,1,"z[57,1]"
0.440555555555556,0.496481365429475,0,0,0,1,1,1.02548430339982,84,1,1,"z[58,1]"
0.472333333333333,0.499261706283651,0,0,0,1,1,1.01089538153598,187,1,1,"z[59,1]"
0.534555555555556,0.498832197992246,0,0,1,1,1,1.00349158654771,555,1,1,"z[60,1]"
0.538111111111111,0.498573126704996,0,0,1,1,1,1.00454434816244,432,1,1,"z[61,1]"
0.538777777777778,0.498521712382751,0,0,1,1,1,1.00222342068693,847,1,1,"z[62,1]"
0.535333333333333,0.498777703680339,0,0,1,1,1,1.00299972250942,640,1,1,"z[63,1]"
0.469666666666667,0.499106769647037,0,0,0,1,1,1.00424746162608,460,1,1,"z[64,1]"
0.453777777777778,0.49788658309177,0,0,0,1,1,1.00619183697413,322,1,1,"z[65,1]"
0.463888888888889,0.498721990303716,0,0,0,1,1,1.00428703048897,456,1,1,"z[66,1]"
0.462666666666667,0.498631976717655,0,0,0,1,1,1.00312836223404,615,1,1,"z[67,1]"
0.681333333333333,0.465985352934945,0,0,1,1,1,1.01628693399851,146,1,1,"z[68,1]"
0.617888888888889,0.48593049541121,0,0,1,1,1,1.03632702779413,63,1,1,"z[69,1]"
0.758777777777778,0.427848572635571,0,1,1,1,1,1.00109697848323,2159,1,1,"z[70,1]"
0.759444444444444,0.427444594343778,0,1,1,1,1,1.00362585620814,722,1,1,"z[71,1]"
0.542222222222222,0.4982417753597,0,0,1,1,1,1.0019514018015,956,1,1,"z[72,1]"
0.586,0.492575840856455,0,0,1,1,1,1.00106214121928,1681,1,1,"z[73,1]"
0.553111111111111,0.497198830735884,0,0,1,1,1,1.00308309039183,627,1,1,"z[74,1]"
0.594111111111111,0.491090516524682,0,0,1,1,1,1.00437342871327,461,1,1,"z[75,1]"
0.594444444444444,0.491026513117481,0,0,1,1,1,1.00406477292367,495,1,1,"z[76,1]"
0.506666666666667,0.499983331203427,0,0,1,1,1,1.03357145500771,64,1,1,"z[77,1]"
0.503555555555556,0.500015137255275,0,0,1,1,1,1.02918356313498,73,1,1,"z[78,1]"
0.597888888888889,0.490351385728232,0,0,1,1,1,1.00370160961056,541,1,1,"z[79,1]"
0.618333333333333,0.485822443954242,0,0,1,1,1,1.03735368027623,62,1,1,"z[80,1]"
0.699111111111111,0.458669969347323,0,0,1,1,1,1.01633897355228,150,1,1,"z[81,1]"
0.558222222222222,0.496626194450847,0,0,1,1,1,1.03001723929809,73,1,1,"z[82,1]"
0.673,0.469143320372955,0,0,1,1,1,1.0056027713793,398,1,1,"z[83,1]"
0.743333333333333,0.436818142949673,0,0,1,1,1,1.00741877851783,351,1,1,"z[84,1]"
0.429555555555556,0.495040210154903,0,0,0,1,1,1.07139334007878,33,1,1,"z[85,1]"
0.480555555555556,0.499649529601016,0,0,0,1,1,1.01254231165062,163,1,1,"z[86,1]"
0.415111111111111,0.49276856295668,0,0,0,1,1,1.04375604475066,52,1,1,"z[87,1]"
0.463444444444444,0.498689606596456,0,0,0,1,1,1.04694196491577,48,1,1,"z[88,1]"
0.595111111111111,0.490897802165816,0,0,1,1,1,1.00246733179977,791,1,1,"z[89,1]"
0.542444444444444,0.498222891694072,0,0,1,1,1,1.00321014256982,602,1,1,"z[90,1]"
0.544222222222222,0.498068226865241,0,0,1,1,1,1.00326269941932,593,1,1,"z[91,1]"
0.540666666666667,0.498371166213754,0,0,1,1,1,1.00384279738197,507,1,1,"z[92,1]"
0.535555555555556,0.498761909984789,0,0,1,1,1,1.00175737971964,1050,1,1,"z[93,1]"
0.625111111111111,0.484121112273484,0,0,1,1,1,1.03381228304961,68,1,1,"z[94,1]"
0.633222222222222,0.481951914752648,0,0,1,1,1,1.02244818323022,101,1,1,"z[95,1]"
0.667,0.471312721812615,0,0,1,1,1,1.00857304503638,262,1,1,"z[96,1]"
0.636,0.481175358393443,0,0,1,1,1,1.02737277514336,84,1,1,"z[97,1]"
0.433777777777778,0.495622750516558,0,0,0,1,1,1.0363119338695,61,1,1,"z[98,1]"
0.427666666666667,0.494767711500204,0,0,0,1,1,1.03160909812466,69,1,1,"z[99,1]"
0.486555555555556,0.499846984278402,0,0,0,1,1,1.04519375219285,49,1,1,"z[100,1]"
0.374888888888889,0.484121112273484,0,0,0,1,1,1.02537486274628,88,1,1,"z[101,1]"
0.454,0.497907165772198,0,0,0,1,1,1.01127877699186,181,1,1,"z[102,1]"
0.432333333333333,0.49542758731942,0,0,0,1,1,1.0342633166786,64,1,1,"z[103,1]"
0.507,0.499978774968989,0,0,1,1,1,1.00218428458137,856,1,1,"z[104,1]"
0.554666666666667,0.497030184529888,0,0,1,1,1,1.00019789220656,5554,1,1,"z[105,1]"
0.549444444444444,0.497576884620561,0,0,1,1,1,1.0003450692618,3951,1,1,"z[106,1]"
0.497333333333333,0.50002066853603,0,0,0,1,1,1.00201540949084,922,1,1,"z[107,1]"
0.481222222222222,0.499675031138828,0,0,0,1,1,1.00516727050709,381,1,1,"z[108,1]"
0.483555555555556,0.499757272144664,0,0,0,1,1,1.00330554258956,582,1,1,"z[109,1]"
0.435222222222222,0.495813628371436,0,0,0,1,1,1.00308815914485,630,1,1,"z[110,1]"
0.425444444444444,0.494437693058661,0,0,0,1,1,1.00722863802754,282,1,1,"z[111,1]"
0.485,0.499802716941157,0,0,0,1,1,1.0247795419732,85,1,1,"z[112,1]"
0.442333333333333,0.496691017520158,0,0,0,1,1,1.02404600219497,89,1,1,"z[113,1]"
0.446444444444444,0.497151148655666,0,0,0,1,1,1.01883130237782,111,1,1,"z[114,1]"
0.481222222222222,0.499675031138828,0,0,0,1,1,1.04953228876787,45,1,1,"z[115,1]"
0.550555555555556,0.497465207477409,0,0,1,1,1,1.00415245795554,473,1,1,"z[116,1]"
0.547222222222222,0.497792722721499,0,0,1,1,1,1.00432781116036,454,1,1,"z[117,1]"
0.545333333333333,0.497968313632881,0,0,1,1,1,1.00406700056753,482,1,1,"z[118,1]"
0.550777777777778,0.497442571187557,0,0,1,1,1,1.00422957113822,465,1,1,"z[119,1]"
0.445555555555556,0.497054578433592,0,0,0,1,1,1.01216450668848,169,1,1,"z[120,1]"
0.467111111111111,0.498944868349482,0,0,0,1,1,1.0106615270523,191,1,1,"z[121,1]"
0.426,0.494521154605628,0,0,0,1,1,1.00811220770293,252,1,1,"z[122,1]"
0.694111111111111,0.460808496420423,0,0,1,1,1,1.00325046781899,691,1,1,"z[123,1]"
0.689222222222222,0.462837717457121,0,0,1,1,1,1.00543019357304,420,1,1,"z[124,1]"
0.459,0.498343851237283,0,0,0,1,1,1.00830524837313,243,1,1,"z[125,1]"
0.461666666666667,0.498556088249204,0,0,0,1,1,1.00714892627017,280,1,1,"z[126,1]"
0.463777777777778,0.498713931710715,0,0,0,1,1,1.00607864981697,327,1,1,"z[127,1]"
0.459666666666667,0.498398256732094,0,0,0,1,1,1.00714820713096,280,1,1,"z[128,1]"
0.574888888888889,0.494387309674067,0,0,1,1,1,1.03675397794783,61,1,1,"z[129,1]"
0.569777777777778,0.495134629711634,0,0,1,1,1,1.03026447360319,72,1,1,"z[130,1]"
0.627444444444444,0.483512036631951,0,0,1,1,1,1.02803431140809,81,1,1,"z[131,1]"
0.585222222222222,0.492711017365734,0,0,1,1,1,1.02787505511185,79,1,1,"z[132,1]"
0.416555555555556,0.493015245003644,0,0,0,1,1,1.00608021990576,334,1,1,"z[133,1]"
0.483444444444444,0.499753603276011,0,0,0,1,1,1.00651489648238,305,1,1,"z[134,1]"
0.452888888888889,0.497803251737776,0,0,0,1,1,1.01143916220998,179,1,1,"z[135,1]"
0.485111111111111,0.499806039597819,0,0,0,1,1,1.00523379076938,376,1,1,"z[136,1]"
0.555555555555556,0.496931603078148,0,0,1,1,1,1.00714830758276,282,1,1,"z[137,1]"
0.584111111111111,0.492901933136195,0,0,1,1,1,1.00636425840656,320,1,1,"z[138,1]"
0.542222222222222,0.4982417753597,0,0,1,1,1,1.00263999404446,722,1,1,"z[139,1]"
0.597555555555556,0.490417818674274,0,0,1,1,1,1.00432533029888,467,1,1,"z[140,1]"
0.489333333333333,0.499913983044466,0,0,0,1,1,1.02428874481884,87,1,1,"z[141,1]"
0.475888888888889,0.499446063739005,0,0,0,1,1,1.03174208968513,68,1,1,"z[142,1]"
0.450444444444444,0.497565829701302,0,0,0,1,1,1.01930717347855,109,1,1,"z[143,1]"
0.496111111111111,0.500012655567016,0,0,0,1,1,1.04025684476559,55,1,1,"z[144,1]"
0.543333333333333,0.498146358434549,0,0,1,1,1,1.00148785386825,1223,1,1,"z[145,1]"
0.559111111111111,0.496521166848573,0,0,1,1,1,1.00266522219355,721,1,1,"z[146,1]"
0.584222222222222,0.492882957614963,0,0,1,1,1,1.00171877675499,1095,1,1,"z[147,1]"
0.591444444444444,0.491594106169741,0,0,1,1,1,1.00364928251445,546,1,1,"z[148,1]"
0.505,0.500002778078736,0,0,1,1,1,1.02996385683472,72,1,1,"z[149,1]"
0.501777777777778,0.500024619413393,0,0,1,1,1,1.03190903531042,68,1,1,"z[150,1]"
0.682888888888889,0.465376963643116,0,0,1,1,1,1.00418294719533,533,1,1,"z[151,1]"
0.683111111111111,0.465289561368307,0,0,1,1,1,1.00391399136496,568,1,1,"z[152,1]"
0.66,0.47373509064034,0,0,1,1,1,1.00633410264558,347,1,1,"z[153,1]"
0.590111111111111,0.491840285250211,0,0,1,1,1,1.00460836791725,437,1,1,"z[154,1]"
0.602888888888889,0.489326558691743,0,0,1,1,1,1.00234411109647,835,1,1,"z[155,1]"
0.602555555555556,0.489396536698498,0,0,1,1,1,1.00494317387111,412,1,1,"z[156,1]"
0.394333333333333,0.488734176907342,0,0,0,1,1,1.0681897316891,35,1,1,"z[157,1]"
0.490444444444444,0.499936458038452,0,0,0,1,1,1.00647152040476,307,1,1,"z[158,1]"
0.442,0.496652199275536,0,0,0,1,1,1.02822132699816,76,1,1,"z[159,1]"
0.487111111111111,0.499861619798457,0,0,0,1,1,1.01036619783887,195,1,1,"z[160,1]"
0.443666666666667,0.496844023588867,0,0,0,1,1,1.02506787074412,85,1,1,"z[161,1]"
0.537222222222222,0.498640284249593,0,0,1,1,1,1.01978679713462,106,1,1,"z[162,1]"
0.538222222222222,0.498564619932484,0,0,1,1,1,1.00160865157644,1138,1,1,"z[163,1]"
0.594333333333333,0.491047873657755,0,0,1,1,1,1.00256255847693,764,1,1,"z[164,1]"
0.549888888888889,0.497532514570315,0,0,1,1,1,1.00229063586608,827,1,1,"z[165,1]"
0.591111111111111,0.491656001524183,0,0,1,1,1,1.00315769476424,626,1,1,"z[166,1]"
0.505111111111111,0.500001654502084,0,0,1,1,1,1.02101805281726,100,1,1,"z[167,1]"
0.521222222222222,0.499577169314618,0,0,1,1,1,1.00936123104983,216,1,1,"z[168,1]"
0.526555555555556,0.499322045347177,0,0,1,1,1,1.01392196125535,148,1,1,"z[169,1]"
0.658333333333333,0.474294792947103,0,0,1,1,1,1.01163456825682,192,1,1,"z[170,1]"
0.749333333333333,0.433420998025083,0,0,1,1,1,1.0056757880983,456,1,1,"z[171,1]"
1,0,1,1,1,1,1,NA,1,0,1,"z[172,1]"
0.658333333333333,0.474294792947103,0,0,1,1,1,1.00557115967517,390,1,1,"z[173,1]"
0.549666666666667,0.497554749720958,0,0,1,1,1,1.00209081031113,899,1,1,"z[174,1]"
0.547222222222222,0.497792722721499,0,0,1,1,1,1.00061562909049,2584,1,1,"z[175,1]"
0.457,0.498175245668897,0,0,0,1,1,1.00498282016565,396,1,1,"z[176,1]"
0.447888888888889,0.497304646268271,0,0,0,1,1,1.00476347547858,415,1,1,"z[177,1]"
0.447555555555556,0.497269600393287,0,0,0,1,1,1.00753561687859,267,1,1,"z[178,1]"
0.451,0.497620853720096,0,0,0,1,1,1.00697488584795,288,1,1,"z[179,1]"
0.457222222222222,0.498194378976586,0,0,0,1,1,1.01321930700836,156,1,1,"z[180,1]"
0.449111111111111,0.497431215423909,0,0,0,1,1,1.02086009718145,101,1,1,"z[181,1]"
0.432333333333333,0.49542758731942,0,0,0,1,1,1.00016232475816,6200,1,1,"z[1,2]"
0.423666666666667,0.494166323817261,0,0,0,1,1,1.00088623719017,1952,1,1,"z[2,2]"
0.414222222222222,0.492614591822906,0,0,0,1,1,1.00114400127441,1580,1,1,"z[3,2]"
0.398555555555556,0.489628085374128,0,0,0,1,1,1.00031839127861,4300,1,1,"z[4,2]"
0.409555555555556,0.491779090976668,0,0,0,1,1,1.00009189882674,7999,1,1,"z[5,2]"
0.402333333333333,0.490395700536607,0,0,0,1,1,0.999949851500751,9000,1,1,"z[6,2]"
0.414777777777778,0.492711017365734,0,0,0,1,1,0.999866114043464,9000,1,1,"z[7,2]"
0.422111111111111,0.493923503896953,0,0,0,1,1,1.00022037105983,5302,1,1,"z[8,2]"
0.399444444444444,0.489811430548047,0,0,0,1,1,0.999905802594483,9000,1,1,"z[9,2]"
0.405,0.490919319211753,0,0,0,1,1,0.999880189586465,9000,1,1,"z[10,2]"
0.365555555555556,0.481612358263118,0,0,0,1,1,1.00158688488991,1236,1,1,"z[11,2]"
0.401666666666667,0.490262441879848,0,0,0,1,1,0.999957775127199,9000,1,1,"z[12,2]"
0.383,0.486145307182453,0,0,0,1,1,1.00076058545148,2285,1,1,"z[13,2]"
0.440111111111111,0.496427943701822,0,0,0,1,1,1.00036856562475,3793,1,1,"z[14,2]"
0.428555555555556,0.494896863006968,0,0,0,1,1,1.00008737816612,8042,1,1,"z[15,2]"
0.420888888888889,0.493729194487826,0,0,0,1,1,1.00011299422656,7343,1,1,"z[16,2]"
0.417222222222222,0.493127629458078,0,0,0,1,1,0.999966232754386,9000,1,1,"z[17,2]"
0.424333333333333,0.494268854156227,0,0,0,1,1,1.00249110883634,775,1,1,"z[18,2]"
0.422888888888889,0.494045541072834,0,0,0,1,1,0.999955907674487,9000,1,1,"z[19,2]"
0.427222222222222,0.494702524098282,0,0,0,1,1,1.00004898962417,9000,1,1,"z[20,2]"
0.409555555555556,0.491779090976668,0,0,0,1,1,0.999876817387987,9000,1,1,"z[21,2]"
0.435555555555556,0.495857069062711,0,0,0,1,1,0.99987386152805,9000,1,1,"z[22,2]"
0.414555555555556,0.492672524597415,0,0,0,1,1,1.00012797982115,6992,1,1,"z[23,2]"
0.391,0.488001496520998,0,0,0,1,1,0.999851931997891,9000,1,1,"z[24,2]"
0.414111111111111,0.492595229253387,0,0,0,1,1,0.999919614690671,9000,1,1,"z[25,2]"
0.397222222222222,0.489349911037421,0,0,0,1,1,0.999938094367335,9000,1,1,"z[26,2]"
0.405333333333333,0.490983713806298,0,0,0,1,1,1.00021880174172,5384,1,1,"z[27,2]"
0.370666666666667,0.48301015618618,0,0,0,1,1,1.00022774737358,5435,1,1,"z[28,2]"
0.395555555555556,0.488996857539199,0,0,0,1,1,1.00017799595313,6066,1,1,"z[29,2]"
0.413444444444444,0.492478511353695,0,0,0,1,1,1.00042343825647,3502,1,1,"z[30,2]"
0.403111111111111,0.4905499779918,0,0,0,1,1,1.00017596524724,6071,1,1,"z[31,2]"
0.420777777777778,0.493711376152156,0,0,0,1,1,1.00035794175218,3913,1,1,"z[32,2]"
0.423555555555556,0.494149145906445,0,0,0,1,1,1.00056881977095,2787,1,1,"z[33,2]"
0.416666666666667,0.493034040132539,0,0,0,1,1,1.00018553220005,5845,1,1,"z[34,2]"
0.424666666666667,0.494319774149747,0,0,0,1,1,1.00008507598594,8135,1,1,"z[35,2]"
0.439333333333333,0.496333484097519,0,0,0,1,1,0.999971623419381,9000,1,1,"z[36,2]"
0.440888888888889,0.496521166848573,0,0,0,1,1,1.00052233490048,2951,1,1,"z[37,2]"
0.421333333333333,0.493800211359563,0,0,0,1,1,1.00089262226515,1939,1,1,"z[38,2]"
0.443,0.49676797383127,0,0,0,1,1,1.0009337952968,1845,1,1,"z[39,2]"
0.422444444444444,0.493975959207024,0,0,0,1,1,1.00012923361681,6933,1,1,"z[40,2]"
0.419,0.493422792120035,0,0,0,1,1,1.00075211936586,2243,1,1,"z[41,2]"
0.373888888888889,0.483861551696362,0,0,0,1,1,1.00256955303001,788,1,1,"z[42,2]"
0.389777777777778,0.487726862660754,0,0,0,1,1,0.999968231947871,9000,1,1,"z[43,2]"
0.367888888888889,0.482257706739249,0,0,0,1,1,1.00221551327282,908,1,1,"z[44,2]"
0.376666666666667,0.484577114030533,0,0,0,1,1,1.00269972681354,750,1,1,"z[45,2]"
0.339555555555556,0.47358473426067,0,0,0,1,1,1.00110743087531,1756,1,1,"z[46,2]"
0.301444444444444,0.458910766115868,0,0,0,1,1,1.02470715365095,101,1,1,"z[47,2]"
0.356666666666667,0.479041807622658,0,0,0,1,1,1.00353464075398,595,1,1,"z[48,2]"
0.398444444444444,0.489605048917112,0,0,0,1,1,1.00378463407772,533,1,1,"z[49,2]"
0.425111111111111,0.494387309674067,0,0,0,1,1,1.00028183698938,4566,1,1,"z[50,2]"
0.390333333333333,0.487852095034577,0,0,0,1,1,0.999902319976014,9000,1,1,"z[51,2]"
0.393777777777778,0.488613719155429,0,0,0,1,1,0.999993374371689,9000,1,1,"z[52,2]"
0.417444444444444,0.493164884960844,0,0,0,1,1,1.00073845521529,2276,1,1,"z[53,2]"
0.428333333333333,0.494864727992409,0,0,0,1,1,1.00039817195321,3618,1,1,"z[54,2]"
0.429111111111111,0.494976754883698,0,0,0,1,1,1.00014106311229,6640,1,1,"z[55,2]"
0.433222222222222,0.495548195163619,0,0,0,1,1,1.00116704285897,1533,1,1,"z[56,2]"
0.432,0.495381940556648,0,0,0,1,1,1.00084888707198,2014,1,1,"z[57,2]"
0.424888888888889,0.494353593017501,0,0,0,1,1,1.00058150046251,2739,1,1,"z[58,2]"
0.415444444444444,0.492825876346089,0,0,0,1,1,1.00068301795334,2426,1,1,"z[59,2]"
0.388777777777778,0.487499767701263,0,0,0,1,1,1.00114942207436,1606,1,1,"z[60,2]"
0.441444444444444,0.49658699818181,0,0,0,1,1,1.00030568489316,4295,1,1,"z[61,2]"
0.416111111111111,0.492939806843939,0,0,0,1,1,1.00010223197017,7662,1,1,"z[62,2]"
0.432666666666667,0.495473005599394,0,0,0,1,1,1.0002633581729,4738,1,1,"z[63,2]"
0.418888888888889,0.493404537308139,0,0,0,1,1,1.0001137349809,7334,1,1,"z[64,2]"
0.429555555555556,0.495040210154903,0,0,0,1,1,1.00009762537149,7727,1,1,"z[65,2]"
0.430888888888889,0.495228133713624,0,0,0,1,1,1.00039607115221,3630,1,1,"z[66,2]"
0.427666666666667,0.494767711500204,0,0,0,1,1,1.00206130101503,922,1,1,"z[67,2]"
0.388777777777778,0.487499767701263,0,0,0,1,1,1.00100425594147,1804,1,1,"z[68,2]"
0.422888888888889,0.494045541072834,0,0,0,1,1,1.00087119329362,1980,1,1,"z[69,2]"
0.339111111111111,0.473433912853588,0,0,0,1,1,1.00124608110456,1581,1,1,"z[70,2]"
0.359888888888889,0.479994245725326,0,0,0,1,1,1.00056695098208,2967,1,1,"z[71,2]"
0.425555555555556,0.494454436437208,0,0,0,1,1,0.999845817824837,9000,1,1,"z[72,2]"
0.412888888888889,0.49238053570619,0,0,0,1,1,0.999852327956381,9000,1,1,"z[73,2]"
0.404777777777778,0.490876259023621,0,0,0,1,1,1.00000727519719,9000,1,1,"z[74,2]"
0.405666666666667,0.491047873657755,0,0,0,1,1,1.00060822298606,2682,1,1,"z[75,2]"
0.430111111111111,0.495118956713119,0,0,0,1,1,1.00083217839544,2045,1,1,"z[76,2]"
0.44,0.496414525190481,0,0,0,1,1,1.00098886244707,1760,1,1,"z[77,2]"
0.422666666666667,0.494010801351983,0,0,0,1,1,1.00058642835967,2728,1,1,"z[78,2]"
0.392111111111111,0.488248374334658,0,0,0,1,1,1.00018248166125,6014,1,1,"z[79,2]"
0.382888888888889,0.486118549799595,0,0,0,1,1,1.01070721783838,201,1,1,"z[80,2]"
0.406777777777778,0.491260045640912,0,0,0,1,1,1.00004985960989,9000,1,1,"z[81,2]"
0.357111111111111,0.479174579316274,0,0,0,1,1,1.00038280395222,3964,1,1,"z[82,2]"
0.435222222222222,0.495813628371436,0,0,0,1,1,1.00228797437755,835,1,1,"z[83,2]"
0.39,0.487777035407261,0,0,0,1,1,1.00009095716452,8163,1,1,"z[84,2]"
0.411111111111111,0.492062667029445,0,0,0,1,1,0.99995477783846,9000,1,1,"z[85,2]"
0.433111111111111,0.49553320799688,0,0,0,1,1,0.999984625075922,9000,1,1,"z[86,2]"
0.437777777777778,0.496140852682118,0,0,0,1,1,0.999878961492008,9000,1,1,"z[87,2]"
0.410222222222222,0.491901246004992,0,0,0,1,1,1.00061144494284,2663,1,1,"z[88,2]"
0.387444444444444,0.487193616524752,0,0,0,1,1,1.00048828609622,3217,1,1,"z[89,2]"
0.437666666666667,0.496126903781757,0,0,0,1,1,0.999875817136796,9000,1,1,"z[90,2]"
0.417555555555556,0.493183474103745,0,0,0,1,1,1.00128257825051,1425,1,1,"z[91,2]"
0.426888888888889,0.49465336581862,0,0,0,1,1,0.999945421214,9000,1,1,"z[92,2]"
0.444777777777778,0.496968759749625,0,0,0,1,1,1.00012861294994,6858,1,1,"z[93,2]"
0.444555555555556,0.496944013789958,0,0,0,1,1,1.00077873060177,2149,1,1,"z[94,2]"
0.386555555555556,0.486987380503962,0,0,0,1,1,1.00083602325541,2110,1,1,"z[95,2]"
0.455222222222222,0.498018582659125,0,0,0,1,1,1.00470438973875,420,1,1,"z[96,2]"
0.451444444444444,0.497664421975193,0,0,0,1,1,1.0002157555016,5285,1,1,"z[97,2]"
0.437111111111111,0.496056780040564,0,0,0,1,1,0.999870438315024,9000,1,1,"z[98,2]"
0.400666666666667,0.490060785297009,0,0,0,1,1,1.00003408597106,9000,1,1,"z[99,2]"
0.434111111111111,0.495667179426057,0,0,0,1,1,1.00041906283959,3480,1,1,"z[100,2]"
0.377111111111111,0.484690028473249,0,0,0,1,1,1.00030881928535,4476,1,1,"z[101,2]"
0.418666666666667,0.493367950579896,0,0,0,1,1,1.00040460917912,3602,1,1,"z[102,2]"
0.364444444444444,0.481300769056859,0,0,0,1,1,1.00062707801551,2720,1,1,"z[103,2]"
0.434777777777778,0.495755352851186,0,0,0,1,1,1.00066871182557,2440,1,1,"z[104,2]"
0.442555555555556,0.496716770377937,0,0,0,1,1,0.99984376396124,9000,1,1,"z[105,2]"
0.421111111111111,0.493764754212344,0,0,0,1,1,1.00071629500416,2330,1,1,"z[106,2]"
0.441666666666667,0.496613154234087,0,0,0,1,1,1.00026683965642,4680,1,1,"z[107,2]"
0.393777777777778,0.488613719155429,0,0,0,1,1,1.00028946632477,4600,1,1,"z[108,2]"
0.412333333333333,0.492281913528145,0,0,0,1,1,1.00093120668716,1887,1,1,"z[109,2]"
0.433222222222222,0.495548195163619,0,0,0,1,1,1.00054512035205,2868,1,1,"z[110,2]"
0.416555555555556,0.493015245003644,0,0,0,1,1,1.00036336803072,3885,1,1,"z[111,2]"
0.422111111111111,0.493923503896953,0,0,0,1,1,0.999943642309384,9000,1,1,"z[112,2]"
0.362444444444444,0.48073292728333,0,0,0,1,1,1.0052588519087,405,1,1,"z[113,2]"
0.433888888888889,0.49563758550702,0,0,0,1,1,1.00022742425075,5173,1,1,"z[114,2]"
0.413111111111111,0.492419803527189,0,0,0,1,1,1.02686922120135,81,1,1,"z[115,2]"
0.354666666666667,0.478438769292136,0,0,0,1,1,1.00284584857006,732,1,1,"z[116,2]"
0.330666666666667,0.470479347854311,0,0,0,1,1,1.00618853336573,362,1,1,"z[117,2]"
0.326333333333333,0.46889691645135,0,0,0,1,1,1.00597937600751,377,1,1,"z[118,2]"
0.332555555555556,0.4711549885648,0,0,0,1,1,1.00577886469855,385,1,1,"z[119,2]"
0.333666666666667,0.471548437234967,0,0,0,1,1,1.00270310811771,785,1,1,"z[120,2]"
0.403555555555556,0.490637561120291,0,0,0,1,1,1.00239736217861,817,1,1,"z[121,2]"
0.400777777777778,0.490083296456726,0,0,0,1,1,1.0008146389191,2130,1,1,"z[122,2]"
0.380111111111111,0.485440869694395,0,0,0,1,1,1.00033341979483,4253,1,1,"z[123,2]"
0.404666666666667,0.490854689781732,0,0,0,1,1,1.00040916124294,3613,1,1,"z[124,2]"
0.415777777777778,0.492882957614963,0,0,0,1,1,1.00101813675159,1745,1,1,"z[125,2]"
0.444888888888889,0.496981095001239,0,0,0,1,1,1.00064174215514,2511,1,1,"z[126,2]"
0.428,0.494816334411601,0,0,0,1,1,1.00009215918971,7898,1,1,"z[127,2]"
0.407,0.491302167466978,0,0,0,1,1,0.9999029643743,9000,1,1,"z[128,2]"
0.436333333333333,0.495957544541196,0,0,0,1,1,1.00134631423256,1350,1,1,"z[129,2]"
0.442555555555556,0.496716770377937,0,0,0,1,1,1.00110494982828,1601,1,1,"z[130,2]"
0.428888888888889,0.494944874519454,0,0,0,1,1,1.00158492707791,1172,1,1,"z[131,2]"
0.438222222222222,0.496196395528412,0,0,0,1,1,1.00043911716525,3357,1,1,"z[132,2]"
0.431777777777778,0.495351382415398,0,0,0,1,1,0.999851261792795,9000,1,1,"z[133,2]"
0.442555555555556,0.496716770377937,0,0,0,1,1,0.999961230045691,9000,1,1,"z[134,2]"
0.440888888888889,0.496521166848573,0,0,0,1,1,0.999928533646235,9000,1,1,"z[135,2]"
0.429555555555556,0.495040210154903,0,0,0,1,1,0.999985147806947,9000,1,1,"z[136,2]"
0.399111111111111,0.489742873236193,0,0,0,1,1,0.999962226256032,9000,1,1,"z[137,2]"
0.409777777777778,0.491819913109857,0,0,0,1,1,0.99996702228629,9000,1,1,"z[138,2]"
0.422333333333333,0.493958499718734,0,0,0,1,1,0.999992288647506,9000,1,1,"z[139,2]"
0.409444444444444,0.491758640977371,0,0,0,1,1,1.00042439300993,3507,1,1,"z[140,2]"
0.432888888888889,0.495503157548862,0,0,0,1,1,1.00222133344577,858,1,1,"z[141,2]"
0.422777777777778,0.49402818401407,0,0,0,1,1,1.00459284346139,435,1,1,"z[142,2]"
0.429888888888889,0.495087534410231,0,0,0,1,1,1.00005737741331,9000,1,1,"z[143,2]"
0.411666666666667,0.492162712946758,0,0,0,1,1,1.00314897760874,627,1,1,"z[144,2]"
0.380555555555556,0.485550430089671,0,0,0,1,1,1.00055362662854,2946,1,1,"z[145,2]"
0.425444444444444,0.494437693058661,0,0,0,1,1,1.00082003227849,2079,1,1,"z[146,2]"
0.406888888888889,0.491281119571556,0,0,0,1,1,1.00034027794332,4088,1,1,"z[147,2]"
0.391444444444444,0.488100566184303,0,0,0,1,1,0.999834080785464,9000,1,1,"z[148,2]"
0.413888888888889,0.492556426629061,0,0,0,1,1,1.00009865783049,7777,1,1,"z[149,2]"
0.427444444444444,0.494735168786679,0,0,0,1,1,0.999964488548257,9000,1,1,"z[150,2]"
0.384777777777778,0.486569774110403,0,0,0,1,1,1.00199006209703,982,1,1,"z[151,2]"
0.420555555555556,0.493675662520106,0,0,0,1,1,1.00093135955865,1875,1,1,"z[152,2]"
0.427333333333333,0.4947188591906,0,0,0,1,1,1.00103600419507,1705,1,1,"z[153,2]"
0.338,0.47305482191867,0,0,0,1,1,1.01725017699159,134,1,1,"z[154,2]"
0.341777777777778,0.474331874708804,0,0,0,1,1,1.00908005111605,247,1,1,"z[155,2]"
0.333,0.471312721812615,0,0,0,1,1,1.00730412425447,308,1,1,"z[156,2]"
0.379666666666667,0.485330877519047,0,0,0,1,1,1.00038771442763,3839,1,1,"z[157,2]"
0.429,0.494960827431008,0,0,0,1,1,0.999855846864666,9000,1,1,"z[158,2]"
0.433222222222222,0.495548195163619,0,0,0,1,1,0.999944316975838,9000,1,1,"z[159,2]"
0.424555555555556,0.494302826380122,0,0,0,1,1,1.00101988388398,1729,1,1,"z[160,2]"
0.442777777777778,0.496742422476438,0,0,0,1,1,1.00003187834459,9000,1,1,"z[161,2]"
0.425444444444444,0.494437693058661,0,0,0,1,1,1.00064755461943,2518,1,1,"z[162,2]"
0.431888888888889,0.495366674184194,0,0,0,1,1,0.999912804957884,9000,1,1,"z[163,2]"
0.404,0.490724726043787,0,0,0,1,1,0.999912185682186,9000,1,1,"z[164,2]"
0.415666666666667,0.492863956311524,0,0,0,1,1,0.999929685807687,9000,1,1,"z[165,2]"
0.407888888888889,0.491469613762884,0,0,0,1,1,1.00157750623744,1194,1,1,"z[166,2]"
0.417666666666667,0.493202037511539,0,0,0,1,1,1.0000552989777,9000,1,1,"z[167,2]"
0.426222222222222,0.494554360518534,0,0,0,1,1,0.999963761250263,9000,1,1,"z[168,2]"
0.415111111111111,0.49276856295668,0,0,0,1,1,1.00350436682313,565,1,1,"z[169,2]"
0.367888888888889,0.482257706739249,0,0,0,1,1,0.999902636077875,9000,1,1,"z[170,2]"
0.407222222222222,0.491344185165535,0,0,0,1,1,1.00127627625574,1442,1,1,"z[171,2]"
0.423222222222222,0.494097458656151,0,0,0,1,1,1.00159452931458,1170,1,1,"z[172,2]"
0.375111111111111,0.484178492994057,0,0,0,1,1,0.999865115990568,9000,1,1,"z[173,2]"
0.432777777777778,0.495488094262966,0,0,0,1,1,0.999907783967597,9000,1,1,"z[174,2]"
0.445222222222222,0.497017949865668,0,0,0,1,1,1.00024576151907,4911,1,1,"z[175,2]"
0.416333333333333,0.492977577458524,0,0,0,1,1,0.999914554689923,9000,1,1,"z[176,2]"
0.429666666666667,0.49505601035005,0,0,0,1,1,0.999889753050365,9000,1,1,"z[177,2]"
0.441555555555556,0.496600088811738,0,0,0,1,1,1.00012636635465,6927,1,1,"z[178,2]"
0.434222222222222,0.495681938359174,0,0,0,1,1,0.99998864949105,9000,1,1,"z[179,2]"
0.365222222222222,0.481519171911897,0,0,0,1,1,1.01105422443464,197,1,1,"z[180,2]"
0.383888888888889,0.486358399329078,0,0,0,1,1,1.00624017301259,336,1,1,"z[181,2]"
0.502333333333333,0.500022335316224,0,0,1,1,1,0.999899395900705,9000,1,1,"z[1,3]"
0.507777777777778,0.499967279244449,0,0,1,1,1,1.00024313793293,4886,1,1,"z[2,3]"
0.492222222222222,0.499967279244449,0,0,0,1,1,1.00030135958888,4279,1,1,"z[3,3]"
0.482444444444444,0.499719470388838,0,0,0,1,1,1.0002364661406,4972,1,1,"z[4,3]"
0.485,0.499802716941157,0,0,0,1,1,0.99991019768731,9000,1,1,"z[5,3]"
0.479777777777778,0.499618651723793,0,0,0,1,1,0.999911893008121,9000,1,1,"z[6,3]"
0.510444444444444,0.499918675709087,0,0,1,1,1,0.999898660849532,9000,1,1,"z[7,3]"
0.505222222222222,0.500000506228831,0,0,1,1,1,1.00061970575694,2549,1,1,"z[8,3]"
0.482222222222222,0.499711613194374,0,0,0,1,1,1.00018301750154,5732,1,1,"z[9,3]"
0.486555555555556,0.499846984278402,0,0,0,1,1,0.999845582626709,9000,1,1,"z[10,3]"
0.450555555555556,0.497576884620561,0,0,0,1,1,1.00166411588218,1108,1,1,"z[11,3]"
0.484666666666667,0.499792600612564,0,0,0,1,1,1.00024005084393,4927,1,1,"z[12,3]"
0.456666666666667,0.498146358434549,0,0,0,1,1,1.00070378904367,2322,1,1,"z[13,3]"
0.508666666666667,0.499952659165668,0,0,1,1,1,1.00049329936704,3037,1,1,"z[14,3]"
0.499888888888889,0.500027767746442,0,0,0,1,1,1.00027141404502,4570,1,1,"z[15,3]"
0.508777777777778,0.499950720491361,0,0,1,1,1,0.999901608768994,9000,1,1,"z[16,3]"
0.508222222222222,0.499960166827093,0,0,1,1,1,1.00001014179546,9000,1,1,"z[17,3]"
0.484111111111111,0.499775245505963,0,0,0,1,1,1.00038037819039,3665,1,1,"z[18,3]"
0.498111111111111,0.500024211980608,0,0,0,1,1,0.99992972263858,9000,1,1,"z[19,3]"
0.483333333333333,0.499749909673964,0,0,0,1,1,1.00047682342148,3117,1,1,"z[20,3]"
0.481333333333333,0.499679194783758,0,0,0,1,1,1.00087079807468,1936,1,1,"z[21,3]"
0.497777777777778,0.500022841522443,0,0,0,1,1,1.00034417233932,3920,1,1,"z[22,3]"
0.491222222222222,0.499950720491361,0,0,0,1,1,0.999920587316673,9000,1,1,"z[23,3]"
0.458555555555556,0.498307082047723,0,0,0,1,1,1.00024300585596,4922,1,1,"z[24,3]"
0.500333333333333,0.50002766897551,0,0,1,1,1,1.00027458180875,4537,1,1,"z[25,3]"
0.482,0.499703657041391,0,0,0,1,1,1.00012694789304,6824,1,1,"z[26,3]"
0.491888888888889,0.499961981984888,0,0,0,1,1,1.00002616487664,9000,1,1,"z[27,3]"
0.462111111111111,0.498590065522806,0,0,0,1,1,1.0013684087703,1316,1,1,"z[28,3]"
0.477888888888889,0.499538612423081,0,0,0,1,1,1.00044202404203,3296,1,1,"z[29,3]"
0.491222222222222,0.499950720491361,0,0,0,1,1,0.999976351141129,9000,1,1,"z[30,3]"
0.473444444444444,0.499322045347177,0,0,0,1,1,1.00004836344617,9000,1,1,"z[31,3]"
0.504444444444444,0.500008025518681,0,0,1,1,1,1.000384613416,3633,1,1,"z[32,3]"
0.494666666666667,0.499999333258806,0,0,0,1,1,1.00005595810724,8988,1,1,"z[33,3]"
0.492888888888889,0.499977206824497,0,0,0,1,1,1.00006618877927,8594,1,1,"z[34,3]"
0.508444444444444,0.49995646240298,0,0,1,1,1,1.00084069195533,1991,1,1,"z[35,3]"
0.510333333333333,0.499920984977873,0,0,1,1,1,1.00085074227425,1972,1,1,"z[36,3]"
0.512444444444444,0.499872883299309,0,0,1,1,1,1.00054911078788,2801,1,1,"z[37,3]"
0.485666666666667,0.499822282006714,0,0,0,1,1,1.00002836639016,9000,1,1,"z[38,3]"
0.493777777777778,0.499989060393221,0,0,0,1,1,1.00006645452549,8584,1,1,"z[39,3]"
0.49,0.499927764534232,0,0,0,1,1,0.999935041217542,9000,1,1,"z[40,3]"
0.491666666666667,0.499958326966548,0,0,0,1,1,1.00002044528154,9000,1,1,"z[41,3]"
0.444777777777778,0.496968759749625,0,0,0,1,1,1.00161174079523,1145,1,1,"z[42,3]"
0.473111111111111,0.499304204043216,0,0,0,1,1,1.0000188057431,9000,1,1,"z[43,3]"
0.459,0.498343851237283,0,0,0,1,1,1.00126544245867,1412,1,1,"z[44,3]"
0.449777777777778,0.497498973844227,0,0,0,1,1,1.00098677861414,1756,1,1,"z[45,3]"
0.358111111111111,0.479471674748569,0,0,0,1,1,1.00361591950422,578,1,1,"z[46,3]"
0.347111111111111,0.476077904346185,0,0,0,1,1,1.00746055502144,293,1,1,"z[47,3]"
0.430777777777778,0.495212613271411,0,0,0,1,1,1.00171335919894,1091,1,1,"z[48,3]"
0.467111111111111,0.498944868349482,0,0,0,1,1,1.00024451470816,4891,1,1,"z[49,3]"
0.481333333333333,0.499679194783758,0,0,0,1,1,1.00118031338012,1493,1,1,"z[50,3]"
0.471111111111111,0.49919246811549,0,0,0,1,1,0.99997124741808,9000,1,1,"z[51,3]"
0.467,0.498937531010741,0,0,0,1,1,0.999868284923041,9000,1,1,"z[52,3]"
0.477666666666667,0.499528725561255,0,0,0,1,1,1.00021771188018,5219,1,1,"z[53,3]"
0.501222222222222,0.500026286180418,0,0,1,1,1,1.00104603970939,1654,1,1,"z[54,3]"
0.489333333333333,0.499913983044466,0,0,0,1,1,1.0004666548806,3164,1,1,"z[55,3]"
0.512777777777778,0.499864472748661,0,0,1,1,1,1.00045017123211,3250,1,1,"z[56,3]"
0.504,0.500011778947822,0,0,1,1,1,0.999983591031024,9000,1,1,"z[57,3]"
0.502333333333333,0.500022335316224,0,0,1,1,1,0.999914213237491,9000,1,1,"z[58,3]"
0.498777777777778,0.500026286180418,0,0,0,1,1,1.00020760318649,5348,1,1,"z[59,3]"
0.462888888888889,0.498648566882099,0,0,0,1,1,1.00039111672422,3609,1,1,"z[60,3]"
0.519555555555556,0.499645192727448,0,0,1,1,1,0.999960055570462,9000,1,1,"z[61,3]"
0.506,0.499991776796475,0,0,1,1,1,1.0001841776322,5706,1,1,"z[62,3]"
0.509333333333333,0.499940656551697,0,0,1,1,1,0.999994359390548,9000,1,1,"z[63,3]"
0.493222222222222,0.499981837158227,0,0,0,1,1,1.00068329908579,2359,1,1,"z[64,3]"
0.507,0.499978774968989,0,0,1,1,1,0.999914243868945,9000,1,1,"z[65,3]"
0.505111111111111,0.500001654502084,0,0,1,1,1,1.0004089881667,3479,1,1,"z[66,3]"
0.501666666666667,0.500025002152979,0,0,1,1,1,0.999841614681836,9000,1,1,"z[67,3]"
0.452888888888889,0.497803251737776,0,0,0,1,1,1.00145288785034,1252,1,1,"z[68,3]"
0.505888888888889,0.499993097950905,0,0,1,1,1,1.00049221414723,3041,1,1,"z[69,3]"
0.427,0.494669777414824,0,0,0,1,1,1.00503910642873,398,1,1,"z[70,3]"
0.441888888888889,0.496639209464003,0,0,0,1,1,1.0012007404628,1489,1,1,"z[71,3]"
0.507333333333333,0.499973996434605,0,0,1,1,1,0.99995279520313,9000,1,1,"z[72,3]"
0.502,0.500023779854565,0,0,1,1,1,0.999879836591948,9000,1,1,"z[73,3]"
0.512555555555556,0.499870104498669,0,0,1,1,1,1.00047213629409,3138,1,1,"z[74,3]"
0.485888888888889,0.499828605904527,0,0,0,1,1,1.0001874237776,5658,1,1,"z[75,3]"
0.462666666666667,0.498631976717655,0,0,0,1,1,1.00136390296176,1320,1,1,"z[76,3]"
0.484666666666667,0.499792600612564,0,0,0,1,1,0.999941385301296,9000,1,1,"z[77,3]"
0.500111111111111,0.500027767746442,0,0,1,1,1,0.999996415007756,9000,1,1,"z[78,3]"
0.470111111111111,0.499133585239329,0,0,0,1,1,0.999948030233174,9000,1,1,"z[79,3]"
0.449777777777778,0.497498973844227,0,0,0,1,1,1.0051650337454,385,1,1,"z[80,3]"
0.484888888888889,0.499799369558393,0,0,0,1,1,1.0001696538208,5957,1,1,"z[81,3]"
0.431666666666667,0.49533606524791,0,0,0,1,1,1.00363092747237,543,1,1,"z[82,3]"
0.532,0.499002672411801,0,0,1,1,1,1.00117531511735,1503,1,1,"z[83,3]"
0.477111111111111,0.49950357497445,0,0,0,1,1,0.999916724152957,9000,1,1,"z[84,3]"
0.475777777777778,0.49944068678597,0,0,0,1,1,1.00035716372677,3831,1,1,"z[85,3]"
0.5,0.500027780092807,0,0,0.5,1,1,0.99984605843117,9000,1,1,"z[86,3]"
0.503555555555556,0.500015137255275,0,0,1,1,1,1.00011328575424,7149,1,1,"z[87,3]"
0.482444444444444,0.499719470388838,0,0,0,1,1,1.00044473448125,3279,1,1,"z[88,3]"
0.472555555555556,0.49927397251986,0,0,0,1,1,1.00009580419914,7645,1,1,"z[89,3]"
0.507111111111111,0.499977206824497,0,0,1,1,1,1.00013769016519,6576,1,1,"z[90,3]"
0.485333333333333,0.499812610734802,0,0,0,1,1,1.00016030602613,6127,1,1,"z[91,3]"
0.510333333333333,0.499920984977873,0,0,1,1,1,0.99991012543692,9000,1,1,"z[92,3]"
0.520222222222222,0.499618651723793,0,0,1,1,1,1.00016720935361,6005,1,1,"z[93,3]"
0.522222222222222,0.499533681375205,0,0,1,1,1,1.00018472480254,5708,1,1,"z[94,3]"
0.490111111111111,0.499929974970802,0,0,0,1,1,1.00284431135113,670,1,1,"z[95,3]"
1,0,1,1,1,1,1,NA,1,0,1,"z[96,3]"
0.512777777777778,0.499864472748661,0,0,1,1,1,1.0009576534461,1785,1,1,"z[97,3]"
0.499777777777778,0.500027730707345,0,0,0,1,1,1.00021413079887,5257,1,1,"z[98,3]"
0.471444444444444,0.499211649001895,0,0,0,1,1,1.00040126633041,3538,1,1,"z[99,3]"
0.495888888888889,0.500010877633526,0,0,0,1,1,1.00036292388115,3782,1,1,"z[100,3]"
0.446,0.497103064593789,0,0,0,1,1,1.00036401257623,3820,1,1,"z[101,3]"
0.487777777777778,0.499878366753921,0,0,0,1,1,1.00125028737387,1418,1,1,"z[102,3]"
0.423666666666667,0.494166323817261,0,0,0,1,1,1.00241298773169,800,1,1,"z[103,3]"
0.513,0.49985874213089,0,0,1,1,1,0.999854975622552,9000,1,1,"z[104,3]"
0.504666666666667,0.500006000630733,0,0,1,1,1,0.999852283372021,9000,1,1,"z[105,3]"
0.499666666666667,0.50002766897551,0,0,0,1,1,0.999966078343012,9000,1,1,"z[106,3]"
0.509111111111111,0.49994475624237,0,0,1,1,1,0.999905761541283,9000,1,1,"z[107,3]"
0.464222222222222,0.498746016764355,0,0,0,1,1,1.00003408383382,9000,1,1,"z[108,3]"
0.483666666666667,0.499760916280469,0,0,0,1,1,1.00072050441667,2261,1,1,"z[109,3]"
0.511222222222222,0.499901818958722,0,0,1,1,1,1.00066097926032,2423,1,1,"z[110,3]"
0.483,0.49973868046196,0,0,0,1,1,1.00057973427817,2688,1,1,"z[111,3]"
0.505777777777778,0.499994394407466,0,0,1,1,1,0.99986305292301,9000,1,1,"z[112,3]"
0.434444444444444,0.495711380183925,0,0,0,1,1,1.00118312113461,1512,1,1,"z[113,3]"
0.495444444444444,0.500007025422609,0,0,0,1,1,1.00015364491884,6249,1,1,"z[114,3]"
0.421888888888889,0.493888405596747,0,0,0,1,1,1.02389608796123,91,1,1,"z[115,3]"
0.445666666666667,0.497066737676777,0,0,0,1,1,1.00156042858842,1177,1,1,"z[116,3]"
0.396222222222222,0.489138791064059,0,0,0,1,1,1.00211923933629,918,1,1,"z[117,3]"
0.398444444444444,0.489605048917112,0,0,0,1,1,1.00324486896786,617,1,1,"z[118,3]"
0.403666666666667,0.490659391549159,0,0,0,1,1,1.00023660977654,5155,1,1,"z[119,3]"
0.411444444444444,0.492122772288608,0,0,0,1,1,1.00191817462538,997,1,1,"z[120,3]"
0.459222222222222,0.498362086163205,0,0,0,1,1,1.00206504691833,908,1,1,"z[121,3]"
0.484777777777778,0.499795997449028,0,0,0,1,1,1.00058296329204,2676,1,1,"z[122,3]"
0.465444444444444,0.498832197992246,0,0,0,1,1,1.00037679877651,3704,1,1,"z[123,3]"
0.468888888888889,0.499058886378592,0,0,0,1,1,0.999890752914506,9000,1,1,"z[124,3]"
0.493555555555556,0.499986245196095,0,0,0,1,1,1.00030687534926,4229,1,1,"z[125,3]"
0.517888888888889,0.499707647487992,0,0,1,1,1,0.999902933967438,9000,1,1,"z[126,3]"
0.503777777777778,0.50001350749124,0,0,1,1,1,0.999979235886379,9000,1,1,"z[127,3]"
0.494555555555556,0.499998135591837,0,0,0,1,1,1.00016081274075,6113,1,1,"z[128,3]"
0.517555555555556,0.499719470388838,0,0,1,1,1,1.00068583228445,2354,1,1,"z[129,3]"
0.520222222222222,0.499618651723793,0,0,1,1,1,1.00011296855319,7168,1,1,"z[130,3]"
0.510888888888889,0.499909191541455,0,0,1,1,1,1.00044981649447,3250,1,1,"z[131,3]"
0.518111111111111,0.499699641853979,0,0,1,1,1,1.00047070675427,3148,1,1,"z[132,3]"
0.496,0.500011778947822,0,0,0,1,1,0.999851986313039,9000,1,1,"z[133,3]"
0.504555555555556,0.500007025422609,0,0,1,1,1,1.00169504075605,1080,1,1,"z[134,3]"
0.508888888888889,0.499948757112903,0,0,1,1,1,1.00021793366298,5206,1,1,"z[135,3]"
0.504888888888889,0.500003876958954,0,0,1,1,1,1.00027358597491,4548,1,1,"z[136,3]"
0.473666666666667,0.499333815560444,0,0,0,1,1,1.00023862372274,4954,1,1,"z[137,3]"
0.495333333333333,0.500006000630733,0,0,0,1,1,1.00026662165921,4621,1,1,"z[138,3]"
0.505222222222222,0.500000506228831,0,0,1,1,1,1.00103200441484,1674,1,1,"z[139,3]"
0.493,0.499978774968989,0,0,0,1,1,0.999910092593151,9000,1,1,"z[140,3]"
0.506,0.499991776796475,0,0,1,1,1,0.999905634781839,9000,1,1,"z[141,3]"
0.473555555555556,0.499327942852161,0,0,0,1,1,1.00008673931273,7917,1,1,"z[142,3]"
0.508333333333333,0.499958326966548,0,0,1,1,1,1.00009164799161,7749,1,1,"z[143,3]"
0.464222222222222,0.498746016764355,0,0,0,1,1,1.00106373919447,1640,1,1,"z[144,3]"
0.454555555555556,0.497958184832607,0,0,0,1,1,1.00024615665201,4890,1,1,"z[145,3]"
0.501555555555556,0.500025360199423,0,0,1,1,1,0.999910753662446,9000,1,1,"z[146,3]"
0.498333333333333,0.500025002152979,0,0,0,1,1,1.00009209968225,7733,1,1,"z[147,3]"
0.464111111111111,0.498738032829336,0,0,0,1,1,0.999857963286278,9000,1,1,"z[148,3]"
0.493222222222222,0.499981837158227,0,0,0,1,1,1.00035328905248,3852,1,1,"z[149,3]"
0.497555555555556,0.500021804416469,0,0,0,1,1,1.00013937232312,6539,1,1,"z[150,3]"
0.487555555555556,0.499872883299309,0,0,0,1,1,0.999903427233994,9000,1,1,"z[151,3]"
0.506333333333333,0.499987665143995,0,0,1,1,1,0.999848729649793,9000,1,1,"z[152,3]"
0.509222222222222,0.499942718749701,0,0,1,1,1,0.999893903344756,9000,1,1,"z[153,3]"
0.408222222222222,0.49153197694554,0,0,0,1,1,1.0024028189704,809,1,1,"z[154,3]"
0.417111111111111,0.493108963092379,0,0,0,1,1,1.00597360096824,340,1,1,"z[155,3]"
0.413333333333333,0.492458967928078,0,0,0,1,1,1.00736850920253,278,1,1,"z[156,3]"
0.465666666666667,0.498847543941934,0,0,0,1,1,1.00156818133808,1164,1,1,"z[157,3]"
0.505444444444444,0.499998135591837,0,0,1,1,1,1.00093603315001,1819,1,1,"z[158,3]"
0.507666666666667,0.4999689955939,0,0,1,1,1,1.00015930607119,6142,1,1,"z[159,3]"
0.505,0.500002778078736,0,0,1,1,1,1.00008147684158,8065,1,1,"z[160,3]"
0.504222222222222,0.500009951623996,0,0,1,1,1,0.999996440490767,9000,1,1,"z[161,3]"
0.502555555555556,0.500021248823098,0,0,1,1,1,0.999874009665192,9000,1,1,"z[162,3]"
0.514777777777778,0.499809337528871,0,0,1,1,1,1.00035671277277,3830,1,1,"z[163,3]"
0.498666666666667,0.500026002213095,0,0,0,1,1,0.999892873812784,9000,1,1,"z[164,3]"
0.505444444444444,0.499998135591837,0,0,1,1,1,1.00014597375,6402,1,1,"z[165,3]"
0.483555555555556,0.499757272144664,0,0,0,1,1,0.999834605972653,9000,1,1,"z[166,3]"
0.483888888888889,0.499768130355691,0,0,0,1,1,1.00017623501352,5842,1,1,"z[167,3]"
0.515777777777778,0.499778765985565,0,0,1,1,1,1.00007217948208,8385,1,1,"z[168,3]"
0.454222222222222,0.497927648414306,0,0,0,1,1,1.00234217846331,810,1,1,"z[169,3]"
0.467333333333333,0.49895946846648,0,0,0,1,1,1.00023388131705,5021,1,1,"z[170,3]"
0.484777777777778,0.499795997449028,0,0,0,1,1,1.00045761935388,3212,1,1,"z[171,3]"
0.494555555555556,0.499998135591837,0,0,0,1,1,0.9999745087022,9000,1,1,"z[172,3]"
0.460444444444444,0.498460595253832,0,0,0,1,1,1.00023459353847,5021,1,1,"z[173,3]"
0.508888888888889,0.499948757112903,0,0,1,1,1,1.00024939254537,4813,1,1,"z[174,3]"
0.515666666666667,0.499782261735509,0,0,1,1,1,0.999891508732406,9000,1,1,"z[175,3]"
0.498555555555556,0.500025693552779,0,0,0,1,1,1.00050903514528,2965,1,1,"z[176,3]"
0.505555555555556,0.499996913227745,0,0,1,1,1,0.999900395447811,9000,1,1,"z[177,3]"
0.506222222222222,0.499989060393221,0,0,1,1,1,1.00084248741659,1988,1,1,"z[178,3]"
0.507,0.499978774968989,0,0,1,1,1,0.999858215138699,9000,1,1,"z[179,3]"
0.428,0.494816334411601,0,0,0,1,1,1.00402432253078,493,1,1,"z[180,3]"
0.424111111111111,0.494234779668566,0,0,0,1,1,1.0031320224956,625,1,1,"z[181,3]"
0.488888888888889,0.499904301197211,0,0,0,1,1,1.00163639832839,1115,1,1,"z[1,4]"
0.487777777777778,0.499878366753921,0,0,0,1,1,1.00147568870623,1224,1,1,"z[2,4]"
0.477444444444444,0.499518739632177,0,0,0,1,1,1.00135880380089,1319,1,1,"z[3,4]"
0.48,0.499627597731708,0,0,0,1,1,1.00251880361632,751,1,1,"z[4,4]"
0.477777777777778,0.499533681375205,0,0,0,1,1,1.00176207282076,1045,1,1,"z[5,4]"
0.471333333333333,0.499205280188395,0,0,0,1,1,1.00340476617683,567,1,1,"z[6,4]"
0.500666666666667,0.500027335623472,0,0,1,1,1,1.00211346765848,883,1,1,"z[7,4]"
0.498555555555556,0.500025693552779,0,0,0,1,1,1.00190059637239,973,1,1,"z[8,4]"
0.464666666666667,0.498777703680339,0,0,0,1,1,1.00044374474411,3298,1,1,"z[9,4]"
0.486333333333333,0.499840957036706,0,0,0,1,1,1.00225767197914,831,1,1,"z[10,4]"
0.439333333333333,0.496333484097519,0,0,0,1,1,1.00399874655849,494,1,1,"z[11,4]"
0.478222222222222,0.499553256977573,0,0,0,1,1,1.0000393279815,9000,1,1,"z[12,4]"
0.464222222222222,0.498746016764355,0,0,0,1,1,1.0007507169095,2198,1,1,"z[13,4]"
0.488444444444444,0.499894223973364,0,0,0,1,1,1.00095561753393,1788,1,1,"z[14,4]"
0.492,0.499963772440203,0,0,0,1,1,1.00275566103417,690,1,1,"z[15,4]"
0.493666666666667,0.499987665143995,0,0,0,1,1,1.00190783836373,970,1,1,"z[16,4]"
0.497444444444444,0.500021248823098,0,0,0,1,1,1.0017957503908,1025,1,1,"z[17,4]"
0.457,0.498175245668897,0,0,0,1,1,1.00003756204066,9000,1,1,"z[18,4]"
0.493555555555556,0.499986245196095,0,0,0,1,1,1.00205640433656,905,1,1,"z[19,4]"
0.478,0.499543518705615,0,0,0,1,1,1.00357749962961,541,1,1,"z[20,4]"
0.477777777777778,0.499533681375205,0,0,0,1,1,1.00193856354609,958,1,1,"z[21,4]"
0.496111111111111,0.500012655567016,0,0,0,1,1,1.00368403270526,525,1,1,"z[22,4]"
0.476777777777778,0.49948818738172,0,0,0,1,1,1.00200270602364,929,1,1,"z[23,4]"
0.456444444444444,0.49812697541288,0,0,0,1,1,1.00045988706334,3221,1,1,"z[24,4]"
0.485,0.499802716941157,0,0,0,1,1,1.00217037038198,862,1,1,"z[25,4]"
0.473111111111111,0.499304204043216,0,0,0,1,1,1.00223439403502,841,1,1,"z[26,4]"
0.470444444444444,0.499153436260407,0,0,0,1,1,1.00205552269265,908,1,1,"z[27,4]"
0.436,0.495914635499756,0,0,0,1,1,1.00103306283449,1702,1,1,"z[28,4]"
0.461111111111111,0.498513056126363,0,0,0,1,1,1.00017001904445,5979,1,1,"z[29,4]"
0.490777777777778,0.499942718749701,0,0,0,1,1,1.00086861045999,1938,1,1,"z[30,4]"
0.474666666666667,0.499385554226588,0,0,0,1,1,1.00106037099374,1639,1,1,"z[31,4]"
0.482111111111111,0.499707647487992,0,0,0,1,1,1.00117544815348,1497,1,1,"z[32,4]"
0.490666666666667,0.499940656551697,0,0,0,1,1,1.00054232037672,2827,1,1,"z[33,4]"
0.483777777777778,0.499764535683965,0,0,0,1,1,1.0003041143801,4257,1,1,"z[34,4]"
0.493,0.499978774968989,0,0,0,1,1,1.00174883129128,1050,1,1,"z[35,4]"
0.519222222222222,0.499658129102237,0,0,1,1,1,1.00551512540754,358,1,1,"z[36,4]"
0.499,0.500026780036247,0,0,0,1,1,1.0021015180595,887,1,1,"z[37,4]"
0.488222222222222,0.499889037087783,0,0,0,1,1,1.00000460792917,9000,1,1,"z[38,4]"
0.495777777777778,0.500009951623996,0,0,0,1,1,1.00032106457969,4106,1,1,"z[39,4]"
0.488222222222222,0.499889037087783,0,0,0,1,1,1.00233043812977,807,1,1,"z[40,4]"
0.481,0.499666629613157,0,0,0,1,1,1.0014287739709,1261,1,1,"z[41,4]"
0.445555555555556,0.497054578433592,0,0,0,1,1,1.00351712232906,556,1,1,"z[42,4]"
0.475666666666667,0.499435285053024,0,0,0,1,1,1.00036656585434,3765,1,1,"z[43,4]"
0.441777777777778,0.496626194450847,0,0,0,1,1,1.00281347752442,686,1,1,"z[44,4]"
0.449,0.497419834578825,0,0,0,1,1,1.00479123987239,414,1,1,"z[45,4]"
0.343,0.474737866387779,0,0,0,1,1,1.00305848542563,695,1,1,"z[46,4]"
0.310111111111111,0.462564572654188,0,0,0,1,1,1.03235897868744,77,1,1,"z[47,4]"
0.415888888888889,0.492901933136195,0,0,0,1,1,1.00052910721086,2960,1,1,"z[48,4]"
0.437888888888889,0.496154776304839,0,0,0,1,1,1.00292146831239,662,1,1,"z[49,4]"
0.494333333333333,0.49999566616635,0,0,0,1,1,1.00167593873409,1091,1,1,"z[50,4]"
0.472888888888889,0.499292185840864,0,0,0,1,1,1.00199191825724,935,1,1,"z[51,4]"
0.467,0.498937531010741,0,0,0,1,1,1.00111941691803,1567,1,1,"z[52,4]"
0.482444444444444,0.499719470388838,0,0,0,1,1,1.00450146364454,434,1,1,"z[53,4]"
0.497777777777778,0.500022841522443,0,0,0,1,1,1.00172095543273,1065,1,1,"z[54,4]"
0.488222222222222,0.499889037087783,0,0,0,1,1,1.00147401062631,1225,1,1,"z[55,4]"
0.495777777777778,0.500009951623996,0,0,0,1,1,1.00407540912604,477,1,1,"z[56,4]"
0.483777777777778,0.499764535683965,0,0,0,1,1,1.00330690922651,582,1,1,"z[57,4]"
0.489555555555556,0.499918675709087,0,0,0,1,1,1.00397876270859,488,1,1,"z[58,4]"
0.473777777777778,0.499339663472901,0,0,0,1,1,1.00270192253697,704,1,1,"z[59,4]"
0.442666666666667,0.496729609021121,0,0,0,1,1,0.999837274134024,9000,1,1,"z[60,4]"
0.492111111111111,0.499965538193303,0,0,0,1,1,1.00150080333088,1205,1,1,"z[61,4]"
0.487333333333333,0.499867300981925,0,0,0,1,1,1.00086831835147,1939,1,1,"z[62,4]"
0.487,0.49985874213089,0,0,0,1,1,1.00218963325935,855,1,1,"z[63,4]"
0.489444444444444,0.4999163417314,0,0,0,1,1,1.00149428607807,1210,1,1,"z[64,4]"
0.494,0.499991776796475,0,0,0,1,1,1.00084677777311,1979,1,1,"z[65,4]"
0.49,0.499927764534232,0,0,0,1,1,1.00158492926496,1148,1,1,"z[66,4]"
0.489555555555556,0.499918675709087,0,0,0,1,1,1.00213353566687,875,1,1,"z[67,4]"
0.441777777777778,0.496626194450847,0,0,0,1,1,1.00281474425569,686,1,1,"z[68,4]"
0.492777777777778,0.499975613979781,0,0,0,1,1,1.00171509261875,1068,1,1,"z[69,4]"
0.414,0.492575840856455,0,0,0,1,1,1.00057159461148,2799,1,1,"z[70,4]"
0.428888888888889,0.494944874519454,0,0,0,1,1,1.00261433989138,739,1,1,"z[71,4]"
0.509666666666667,0.49993432172259,0,0,1,1,1,1.00144772800954,1245,1,1,"z[72,4]"
0.486444444444444,0.499843983017544,0,0,0,1,1,1.00167478637344,1092,1,1,"z[73,4]"
0.495777777777778,0.500009951623996,0,0,0,1,1,1.00144682594045,1245,1,1,"z[74,4]"
0.475,0.499402354231915,0,0,0,1,1,1.00171399208792,1072,1,1,"z[75,4]"
0.435,0.495784541275673,0,0,0,1,1,1.0011735009249,1522,1,1,"z[76,4]"
0.477888888888889,0.499538612423081,0,0,0,1,1,1.00007382988351,8335,1,1,"z[77,4]"
0.475666666666667,0.499435285053024,0,0,0,1,1,1.00057769706696,2699,1,1,"z[78,4]"
0.460333333333333,0.49845176454047,0,0,0,1,1,1.00112678918038,1561,1,1,"z[79,4]"
0.405222222222222,0.490962275028569,0,0,0,1,1,1.00390187545067,514,1,1,"z[80,4]"
0.477444444444444,0.499518739632177,0,0,0,1,1,1.0027475332049,693,1,1,"z[81,4]"
0.419222222222222,0.493459224653641,0,0,0,1,1,1.00304721052427,644,1,1,"z[82,4]"
1,0,1,1,1,1,1,NA,1,0,1,"z[83,4]"
0.469,0.499065801347775,0,0,0,1,1,1.00177824253571,1038,1,1,"z[84,4]"
0.480444444444444,0.499645192727448,0,0,0,1,1,1.00093059251686,1831,1,1,"z[85,4]"
0.492666666666667,0.499973996434605,0,0,0,1,1,1.00284933964299,669,1,1,"z[86,4]"
0.506111111111111,0.49999043094398,0,0,1,1,1,1.00222936451578,840,1,1,"z[87,4]"
0.464555555555556,0.498769819272582,0,0,0,1,1,1.00224743478625,839,1,1,"z[88,4]"
0.480666666666667,0.499653841725733,0,0,0,1,1,1.00072753149673,2245,1,1,"z[89,4]"
0.501111111111111,0.500026545454789,0,0,1,1,1,1.00351015076691,549,1,1,"z[90,4]"
0.479555555555556,0.49960960670211,0,0,0,1,1,1.00070677057378,2299,1,1,"z[91,4]"
0.489777777777778,0.499923269538101,0,0,0,1,1,1.00195309551108,949,1,1,"z[92,4]"
0.501222222222222,0.500026286180418,0,0,1,1,1,1.00129108587053,1377,1,1,"z[93,4]"
0.497222222222222,0.500020063555177,0,0,0,1,1,1.00303066490989,631,1,1,"z[94,4]"
0.409,0.491676581353214,0,0,0,1,1,1.00067728115726,2455,1,1,"z[95,4]"
0.523888888888889,0.499456743308537,0,0,1,1,1,1.00222105568979,845,1,1,"z[96,4]"
0.502666666666667,0.50002066853603,0,0,1,1,1,1.00194673944299,952,1,1,"z[97,4]"
0.501111111111111,0.500026545454789,0,0,1,1,1,1.00248472623633,760,1,1,"z[98,4]"
0.471555555555556,0.499217993001361,0,0,0,1,1,1.00165523954243,1107,1,1,"z[99,4]"
0.504777777777778,0.5000049511429,0,0,1,1,1,1.00133842007372,1334,1,1,"z[100,4]"
0.446888888888889,0.497198830735884,0,0,0,1,1,1.00375132078661,522,1,1,"z[101,4]"
0.488777777777778,0.499901818958722,0,0,0,1,1,1.00173953853552,1055,1,1,"z[102,4]"
0.426555555555556,0.494603977981628,0,0,0,1,1,1.00316117462662,621,1,1,"z[103,4]"
0.498111111111111,0.500024211980608,0,0,0,1,1,1.00150860932232,1199,1,1,"z[104,4]"
0.506111111111111,0.49999043094398,0,0,1,1,1,1.00099482336745,1727,1,1,"z[105,4]"
0.491555555555556,0.49995646240298,0,0,0,1,1,1.0013430149699,1330,1,1,"z[106,4]"
0.498555555555556,0.500025693552779,0,0,0,1,1,1.00237208724565,793,1,1,"z[107,4]"
0.464888888888889,0.498793397860459,0,0,0,1,1,1.00131448244111,1362,1,1,"z[108,4]"
0.461,0.498504374951475,0,0,0,1,1,1.00294732373899,652,1,1,"z[109,4]"
0.485,0.499802716941157,0,0,0,1,1,1.0041717508885,467,1,1,"z[110,4]"
0.486777777777778,0.499852912641957,0,0,0,1,1,1.00412287650863,472,1,1,"z[111,4]"
0.497222222222222,0.500020063555177,0,0,0,1,1,1.0017533525448,1047,1,1,"z[112,4]"
0.423,0.494062872530974,0,0,0,1,1,1.00345142388545,573,1,1,"z[113,4]"
0.494444444444444,0.499996913227745,0,0,0,1,1,1.0013446046099,1329,1,1,"z[114,4]"
0.418444444444444,0.493331261026653,0,0,0,1,1,1.03873005531779,58,1,1,"z[115,4]"
0.433444444444444,0.495578093394066,0,0,0,1,1,1.00228572188978,837,1,1,"z[116,4]"
0.373111111111111,0.483658145352279,0,0,0,1,1,1.00526328772903,400,1,1,"z[117,4]"
0.371333333333333,0.483188193245895,0,0,0,1,1,1.00332370119441,621,1,1,"z[118,4]"
0.362666666666667,0.480796464818833,0,0,0,1,1,1.00899109551373,242,1,1,"z[119,4]"
0.407,0.491302167466978,0,0,0,1,1,1.00137195223602,1353,1,1,"z[120,4]"
0.473444444444444,0.499322045347177,0,0,0,1,1,1.00373985650367,519,1,1,"z[121,4]"
0.473666666666667,0.499333815560444,0,0,0,1,1,1.00223917054953,839,1,1,"z[122,4]"
0.453444444444444,0.497855521472119,0,0,0,1,1,1.00207543143928,905,1,1,"z[123,4]"
0.457555555555556,0.498222891694072,0,0,0,1,1,1.0019606318217,953,1,1,"z[124,4]"
0.485222222222222,0.499809337528871,0,0,0,1,1,1.00291497902925,655,1,1,"z[125,4]"
0.506222222222222,0.499989060393221,0,0,1,1,1,1.00188590714595,980,1,1,"z[126,4]"
0.502777777777778,0.500020063555177,0,0,1,1,1,1.00088384027832,1909,1,1,"z[127,4]"
0.477,0.49949847054844,0,0,0,1,1,1.00046728435243,3166,1,1,"z[128,4]"
0.503444444444444,0.500015915095329,0,0,1,1,1,1.00032758596362,4052,1,1,"z[129,4]"
0.504555555555556,0.500007025422609,0,0,1,1,1,1.00091584832733,1853,1,1,"z[130,4]"
0.488777777777778,0.499901818958722,0,0,0,1,1,1.00088673298765,1904,1,1,"z[131,4]"
0.499888888888889,0.500027767746442,0,0,0,1,1,1.0008858442778,1905,1,1,"z[132,4]"
0.497555555555556,0.500021804416469,0,0,0,1,1,1.00235536647598,798,1,1,"z[133,4]"
0.491666666666667,0.499958326966548,0,0,0,1,1,1.00098925903782,1736,1,1,"z[134,4]"
0.496333333333333,0.500014334720619,0,0,0,1,1,1.00076349634502,2155,1,1,"z[135,4]"
0.489,0.499906758724667,0,0,0,1,1,1.0021737139639,860,1,1,"z[136,4]"
0.461777777777778,0.498564619932484,0,0,0,1,1,1.00032633039148,4087,1,1,"z[137,4]"
0.482555555555556,0.499723361878086,0,0,0,1,1,1.00182422413221,1011,1,1,"z[138,4]"
0.488222222222222,0.499889037087783,0,0,0,1,1,1.00285048724117,669,1,1,"z[139,4]"
0.488111111111111,0.499886406575241,0,0,0,1,1,1.00306945956824,624,1,1,"z[140,4]"
0.489333333333333,0.499913983044466,0,0,0,1,1,1.0002900892751,4385,1,1,"z[141,4]"
0.462666666666667,0.498631976717655,0,0,0,1,1,0.99987646287575,9000,1,1,"z[142,4]"
0.492777777777778,0.499975613979781,0,0,0,1,1,1.00202742275875,917,1,1,"z[143,4]"
0.459444444444444,0.498380221324512,0,0,0,1,1,1.00054351735894,2840,1,1,"z[144,4]"
0.461555555555556,0.498547531653875,0,0,0,1,1,1.00137831227204,1307,1,1,"z[145,4]"
0.481222222222222,0.499675031138828,0,0,0,1,1,1.00047591762012,3121,1,1,"z[146,4]"
0.49,0.499927764534232,0,0,0,1,1,1.0012308481235,1437,1,1,"z[147,4]"
0.473222222222222,0.499310175943589,0,0,0,1,1,1.0012178955137,1453,1,1,"z[148,4]"
0.476111111111111,0.499456743308537,0,0,0,1,1,1.00407895076107,478,1,1,"z[149,4]"
0.487444444444444,0.499870104498669,0,0,0,1,1,1.00176034217178,1044,1,1,"z[150,4]"
0.439,0.496292622727915,0,0,0,1,1,1.001265901561,1422,1,1,"z[151,4]"
0.483222222222222,0.499746191337976,0,0,0,1,1,1.0026641618525,713,1,1,"z[152,4]"
0.492777777777778,0.499975613979781,0,0,0,1,1,1.00277408144348,686,1,1,"z[153,4]"
0.351222222222222,0.477378774146387,0,0,0,1,1,1.03039987027686,77,1,1,"z[154,4]"
0.363888888888889,0.481143936465365,0,0,0,1,1,1.01377919442521,161,1,1,"z[155,4]"
0.343444444444444,0.474884633667017,0,0,0,1,1,1.00796221715804,279,1,1,"z[156,4]"
0.456888888888889,0.498165641561934,0,0,0,1,1,1.00206870442682,907,1,1,"z[157,4]"
0.483888888888889,0.499768130355691,0,0,0,1,1,1.00230914449709,814,1,1,"z[158,4]"
0.512,0.499883751349014,0,0,1,1,1,1.0026728894631,710,1,1,"z[159,4]"
0.487444444444444,0.499870104498669,0,0,0,1,1,1.00198101045298,937,1,1,"z[160,4]"
0.504555555555556,0.500007025422609,0,0,1,1,1,1.00114229573851,1533,1,1,"z[161,4]"
0.477777777777778,0.499533681375205,0,0,0,1,1,1.00028603870576,4432,1,1,"z[162,4]"
0.503111111111111,0.500018100449003,0,0,1,1,1,1.00267208600407,710,1,1,"z[163,4]"
0.487444444444444,0.499870104498669,0,0,0,1,1,1.00356130882071,542,1,1,"z[164,4]"
0.491777777777778,0.499960166827093,0,0,0,1,1,1.00352813988044,547,1,1,"z[165,4]"
0.482444444444444,0.499719470388838,0,0,0,1,1,1.00036420014438,3777,1,1,"z[166,4]"
0.484444444444444,0.499785732756314,0,0,0,1,1,1.00176527755052,1042,1,1,"z[167,4]"
0.496,0.500011778947822,0,0,0,1,1,1.00328967216814,584,1,1,"z[168,4]"
0.436666666666667,0.496000225831493,0,0,0,1,1,1.00201817223051,936,1,1,"z[169,4]"
0.448666666666667,0.497385541537719,0,0,0,1,1,1.00065387839073,2468,1,1,"z[170,4]"
0.473444444444444,0.499322045347177,0,0,0,1,1,1.00181218790653,1019,1,1,"z[171,4]"
0.481666666666667,0.499691537254335,0,0,0,1,1,1.00140230351671,1282,1,1,"z[172,4]"
0.457777777777778,0.4982417753597,0,0,0,1,1,1.00232627479134,814,1,1,"z[173,4]"
0.490555555555556,0.49993856964805,0,0,0,1,1,1.00131020747855,1360,1,1,"z[174,4]"
0.507222222222222,0.499975613979781,0,0,1,1,1,1.00212812938031,877,1,1,"z[175,4]"
0.478444444444444,0.499562896196874,0,0,0,1,1,1.00099149230162,1736,1,1,"z[176,4]"
0.483777777777778,0.499764535683965,0,0,0,1,1,1.00239108410477,788,1,1,"z[177,4]"
0.506222222222222,0.499989060393221,0,0,1,1,1,1.0019098453626,969,1,1,"z[178,4]"
0.497222222222222,0.500020063555177,0,0,0,1,1,1.00084544646145,1981,1,1,"z[179,4]"
0.368444444444444,0.482409570249607,0,0,0,1,1,1.01502701648547,146,1,1,"z[180,4]"
0.388666666666667,0.487474401754408,0,0,0,1,1,1.0056341001165,368,1,1,"z[181,4]"
0.389222222222222,0.487600965072499,0,0,0,1,1,1.00100368628393,1805,1,1,"z[1,5]"
0.395777777777778,0.489044274280374,0,0,0,1,1,1.0025021210076,788,1,1,"z[2,5]"
0.390333333333333,0.487852095034577,0,0,0,1,1,1.00175507027777,1099,1,1,"z[3,5]"
0.387444444444444,0.487193616524752,0,0,0,1,1,1.00117416620386,1578,1,1,"z[4,5]"
0.394333333333333,0.488734176907342,0,0,0,1,1,1.00102462642132,1762,1,1,"z[5,5]"
0.376555555555556,0.484548817604683,0,0,0,1,1,1.00224729153377,887,1,1,"z[6,5]"
0.409777777777778,0.491819913109857,0,0,0,1,1,1.00049138976016,3149,1,1,"z[7,5]"
0.409222222222222,0.491717663097179,0,0,0,1,1,0.999978169454705,9000,1,1,"z[8,5]"
0.386222222222222,0.486909601068614,0,0,0,1,1,1.00298510233433,674,1,1,"z[9,5]"
0.388555555555556,0.487449009157625,0,0,0,1,1,1.00197263702564,991,1,1,"z[10,5]"
0.356333333333333,0.478941934009652,0,0,0,1,1,1.00172820488805,1153,1,1,"z[11,5]"
0.384888888888889,0.486596075317484,0,0,0,1,1,1.00364057529976,561,1,1,"z[12,5]"
0.368444444444444,0.482409570249607,0,0,0,1,1,1.00372014246138,558,1,1,"z[13,5]"
0.403222222222222,0.490571912992872,0,0,0,1,1,1.00147580791996,1272,1,1,"z[14,5]"
0.398777777777778,0.489674079392449,0,0,0,1,1,1.00055953239797,2879,1,1,"z[15,5]"
0.404666666666667,0.490854689781732,0,0,0,1,1,1.00087564442902,1996,1,1,"z[16,5]"
0.410111111111111,0.491880951694562,0,0,0,1,1,1.0001606733947,6322,1,1,"z[17,5]"
0.410111111111111,0.491880951694562,0,0,0,1,1,1.00663392968574,310,1,1,"z[18,5]"
0.408444444444444,0.491573422418242,0,0,0,1,1,1.00099712221662,1785,1,1,"z[19,5]"
0.381666666666667,0.485822443954242,0,0,0,1,1,1.00073924751579,2347,1,1,"z[20,5]"
0.376777777777778,0.48460538332557,0,0,0,1,1,1.00039827461261,3770,1,1,"z[21,5]"
0.406333333333333,0.491175489499028,0,0,0,1,1,1.00355433739526,563,1,1,"z[22,5]"
0.379555555555556,0.485303311975194,0,0,0,1,1,1.00221740251182,894,1,1,"z[23,5]"
0.372888888888889,0.48359978375601,0,0,0,1,1,1.00393440953544,528,1,1,"z[24,5]"
0.399,0.489719968241181,0,0,0,1,1,1.00015244205906,6534,1,1,"z[25,5]"
0.382222222222222,0.485957441002356,0,0,0,1,1,1.00022463477759,5421,1,1,"z[26,5]"
0.395333333333333,0.488949335190875,0,0,0,1,1,1.00269733509876,735,1,1,"z[27,5]"
0.360555555555556,0.480188366175103,0,0,0,1,1,1.00236545362755,860,1,1,"z[28,5]"
0.376222222222222,0.484463765494689,0,0,0,1,1,1.00233210931876,858,1,1,"z[29,5]"
0.394111111111111,0.488686073167063,0,0,0,1,1,1.00131379676121,1417,1,1,"z[30,5]"
0.388333333333333,0.487398143997603,0,0,0,1,1,1.00145423436834,1301,1,1,"z[31,5]"
0.400444444444444,0.490015684283344,0,0,0,1,1,1.00262248880405,753,1,1,"z[32,5]"
0.402333333333333,0.490395700536607,0,0,0,1,1,1.00138516167157,1345,1,1,"z[33,5]"
0.401111111111111,0.490150672590778,0,0,0,1,1,1.00195466880742,987,1,1,"z[34,5]"
0.401333333333333,0.490195458928596,0,0,0,1,1,1.00182332029776,1051,1,1,"z[35,5]"
0.428,0.494816334411601,0,0,0,1,1,1.00019921643634,5589,1,1,"z[36,5]"
0.410888888888889,0.492022467305127,0,0,0,1,1,1.00100083316718,1775,1,1,"z[37,5]"
0.388444444444444,0.487423589906746,0,0,0,1,1,1.00417825374315,489,1,1,"z[38,5]"
0.402888888888889,0.490506029530717,0,0,0,1,1,1.00065855484418,2521,1,1,"z[39,5]"
0.408333333333333,0.491552712677936,0,0,0,1,1,1.00043451537378,3451,1,1,"z[40,5]"
0.389333333333333,0.487626197831997,0,0,0,1,1,1.00135801710017,1386,1,1,"z[41,5]"
0.364444444444444,0.481300769056859,0,0,0,1,1,1.00054422120755,3036,1,1,"z[42,5]"
0.374,0.483890500700849,0,0,0,1,1,1.00181463423408,1080,1,1,"z[43,5]"
0.362555555555556,0.48076470994177,0,0,0,1,1,1.00189232462127,1053,1,1,"z[44,5]"
0.367777777777778,0.482227251485534,0,0,0,1,1,1.00410408077491,507,1,1,"z[45,5]"
0.345333333333333,0.475503254264459,0,0,0,1,1,1.00519637966119,415,1,1,"z[46,5]"
0.337,0.47271114692313,0,0,0,1,1,1.00579527038763,378,1,1,"z[47,5]"
0.378222222222222,0.484970417409525,0,0,0,1,1,1.00360275703629,567,1,1,"z[48,5]"
0.414111111111111,0.492595229253387,0,0,0,1,1,1.00388383213654,514,1,1,"z[49,5]"
0.401888888888889,0.490306966185468,0,0,0,1,1,1.00169675172808,1120,1,1,"z[50,5]"
0.373555555555556,0.483774541155151,0,0,0,1,1,1.00240534354479,836,1,1,"z[51,5]"
0.371555555555556,0.483247319955144,0,0,0,1,1,1.00076004582794,2314,1,1,"z[52,5]"
0.379111111111111,0.485192779661666,0,0,0,1,1,1.00030856587927,4476,1,1,"z[53,5]"
0.405333333333333,0.490983713806298,0,0,0,1,1,1.00132067731961,1400,1,1,"z[54,5]"
0.398666666666667,0.489651095531338,0,0,0,1,1,1.00076781368811,2234,1,1,"z[55,5]"
0.403555555555556,0.490637561120291,0,0,0,1,1,1.00108381393567,1664,1,1,"z[56,5]"
0.396777777777778,0.489256343548866,0,0,0,1,1,1.00001103013125,9000,1,1,"z[57,5]"
0.397555555555556,0.489419810021424,0,0,0,1,1,1.00086651655929,2027,1,1,"z[58,5]"
0.404555555555556,0.490833094436707,0,0,0,1,1,1.00166596176962,1139,1,1,"z[59,5]"
0.385222222222222,0.486674818189063,0,0,0,1,1,1.00735644630255,285,1,1,"z[60,5]"
0.418222222222222,0.493294468625466,0,0,0,1,1,1.00110685739177,1621,1,1,"z[61,5]"
0.390444444444444,0.487877061728736,0,0,0,1,1,1.00214256071913,914,1,1,"z[62,5]"
0.399777777777778,0.489879751427318,0,0,0,1,1,1.00109886348123,1650,1,1,"z[63,5]"
0.396555555555556,0.489209401660917,0,0,0,1,1,1.00024070188861,5136,1,1,"z[64,5]"
0.407555555555556,0.4914070165327,0,0,0,1,1,1.00229681676652,848,1,1,"z[65,5]"
0.413555555555556,0.492498028933532,0,0,0,1,1,1.00092147784705,1901,1,1,"z[66,5]"
0.396,0.489091585445116,0,0,0,1,1,1.00016621409006,6289,1,1,"z[67,5]"
0.37,0.48283113287991,0,0,0,1,1,1.00317752507735,644,1,1,"z[68,5]"
0.394333333333333,0.488734176907342,0,0,0,1,1,1.00101069609123,1786,1,1,"z[69,5]"
0.355333333333333,0.478640795147024,0,0,0,1,1,1.00542533137722,394,1,1,"z[70,5]"
0.358333333333333,0.479537387733247,0,0,0,1,1,1.00374430419426,559,1,1,"z[71,5]"
0.415,0.492749406897213,0,0,0,1,1,1.00034821148835,4008,1,1,"z[72,5]"
0.401777777777778,0.490284717129797,0,0,0,1,1,1.00126262151177,1459,1,1,"z[73,5]"
0.404555555555556,0.490833094436707,0,0,0,1,1,1.000361586284,3937,1,1,"z[74,5]"
0.381777777777778,0.485849497191314,0,0,0,1,1,1.00163812307356,1178,1,1,"z[75,5]"
0.412222222222222,0.49226211147472,0,0,0,1,1,1.00454502526299,444,1,1,"z[76,5]"
0.400222222222222,0.489970478319888,0,0,0,1,1,1.00286885585433,692,1,1,"z[77,5]"
0.393666666666667,0.488589548228895,0,0,0,1,1,1.00042333775661,3556,1,1,"z[78,5]"
0.380666666666667,0.485577752757129,0,0,0,1,1,1.00196636523775,999,1,1,"z[79,5]"
0.398222222222222,0.489558897088806,0,0,0,1,1,1.00831162416726,251,1,1,"z[80,5]"
0.384444444444444,0.486490709678661,0,0,0,1,1,1.00153257622855,1247,1,1,"z[81,5]"
0.354333333333333,0.478337375899896,0,0,0,1,1,1.00530776939643,403,1,1,"z[82,5]"
0.418222222222222,0.493294468625466,0,0,0,1,1,1.00026360830951,4781,1,1,"z[83,5]"
0.371555555555556,0.483247319955144,0,0,0,1,1,1.00139877946222,1370,1,1,"z[84,5]"
0.382,0.48590352291531,0,0,0,1,1,1.00160471362462,1200,1,1,"z[85,5]"
0.398333333333333,0.489581986156577,0,0,0,1,1,1.00118599737088,1549,1,1,"z[86,5]"
0.415777777777778,0.492882957614963,0,0,0,1,1,1.00103321583275,1723,1,1,"z[87,5]"
0.387222222222222,0.487142217780382,0,0,0,1,1,1.00268902588403,744,1,1,"z[88,5]"
0.383777777777778,0.486331856775285,0,0,0,1,1,1.0023759446257,835,1,1,"z[89,5]"
0.413444444444444,0.492478511353695,0,0,0,1,1,1.00143362699398,1295,1,1,"z[90,5]"
0.394444444444444,0.488758189108962,0,0,0,1,1,1.00297145421561,674,1,1,"z[91,5]"
0.409222222222222,0.491717663097179,0,0,0,1,1,1.00088229056266,1975,1,1,"z[92,5]"
0.411,0.492042580124554,0,0,0,1,1,1.00041911583997,3530,1,1,"z[93,5]"
0.411555555555556,0.492142755567041,0,0,0,1,1,1.00205060430548,938,1,1,"z[94,5]"
0.448333333333333,0.49735102270147,0,0,0,1,1,1.01066312098923,192,1,1,"z[95,5]"
0.424111111111111,0.494234779668566,0,0,0,1,1,1.00004138526963,9000,1,1,"z[96,5]"
0.412777777777778,0.49236086300542,0,0,0,1,1,1.00031321384094,4303,1,1,"z[97,5]"
0.412888888888889,0.49238053570619,0,0,0,1,1,1.00044589203421,3372,1,1,"z[98,5]"
0.379333333333333,0.485248099855277,0,0,0,1,1,1.00200703599884,983,1,1,"z[99,5]"
0.402222222222222,0.490373556222442,0,0,0,1,1,1.00132317274513,1399,1,1,"z[100,5]"
0.367,0.482013293594367,0,0,0,1,1,1.00186218332302,1068,1,1,"z[101,5]"
0.406444444444444,0.491196667604115,0,0,0,1,1,1.00097194515732,1827,1,1,"z[102,5]"
0.36,0.480026668889095,0,0,0,1,1,1.00423482514933,496,1,1,"z[103,5]"
0.413555555555556,0.492498028933532,0,0,0,1,1,1.00229158310432,845,1,1,"z[104,5]"
0.410222222222222,0.491901246004992,0,0,0,1,1,1.00086970591492,1998,1,1,"z[105,5]"
0.393888888888889,0.488637863618021,0,0,0,1,1,1.00053986728661,2972,1,1,"z[106,5]"
0.406111111111111,0.49113305512941,0,0,0,1,1,1.00063017225935,2610,1,1,"z[107,5]"
0.370444444444444,0.482950591387744,0,0,0,1,1,1.00366454880375,564,1,1,"z[108,5]"
0.384888888888889,0.486596075317484,0,0,0,1,1,1.00043910005058,3495,1,1,"z[109,5]"
0.405444444444444,0.491005126501465,0,0,0,1,1,1.00137181339419,1351,1,1,"z[110,5]"
0.385222222222222,0.486674818189063,0,0,0,1,1,1.00119681085018,1551,1,1,"z[111,5]"
0.394888888888889,0.488853973549514,0,0,0,1,1,1.00236636030559,833,1,1,"z[112,5]"
0.363,0.480891562816769,0,0,0,1,1,1.00124740889309,1532,1,1,"z[113,5]"
0.397555555555556,0.489419810021424,0,0,0,1,1,1.0019560834376,991,1,1,"z[114,5]"
0.401777777777778,0.490284717129797,0,0,0,1,1,1.01458359593363,147,1,1,"z[115,5]"
0.353333333333333,0.478031671926007,0,0,0,1,1,1.00162613312877,1222,1,1,"z[116,5]"
0.340333333333333,0.473847553017201,0,0,0,1,1,1.00882975696165,251,1,1,"z[117,5]"
0.339666666666667,0.473622366934584,0,0,0,1,1,1.00910631643592,245,1,1,"z[118,5]"
0.351777777777778,0.477551580817065,0,0,0,1,1,1.00644474396801,335,1,1,"z[119,5]"
0.348222222222222,0.476433339663087,0,0,0,1,1,1.00491063979936,437,1,1,"z[120,5]"
0.389111111111111,0.487575705683818,0,0,0,1,1,1.00084069907594,2090,1,1,"z[121,5]"
0.370777777777778,0.483039897489284,0,0,0,1,1,1.0016154819363,1205,1,1,"z[122,5]"
0.378,0.484914556291095,0,0,0,1,1,1.00250623634696,799,1,1,"z[123,5]"
0.363444444444444,0.481017971541278,0,0,0,1,1,1.001052097291,1775,1,1,"z[124,5]"
0.394,0.488661981620593,0,0,0,1,1,1.00170240987055,1124,1,1,"z[125,5]"
0.406,0.491111798858126,0,0,0,1,1,1.00101580636516,1761,1,1,"z[126,5]"
0.403888888888889,0.490702974007425,0,0,0,1,1,1.00174866464594,1091,1,1,"z[127,5]"
0.391111111111111,0.488026303772207,0,0,0,1,1,1.0025201814193,786,1,1,"z[128,5]"
0.408,0.49149042749131,0,0,0,1,1,1.00457306371684,443,1,1,"z[129,5]"
0.409555555555556,0.491779090976668,0,0,0,1,1,1.00170186617308,1112,1,1,"z[130,5]"
0.400222222222222,0.489970478319888,0,0,0,1,1,1.00239957593978,818,1,1,"z[131,5]"
0.412777777777778,0.49236086300542,0,0,0,1,1,1.00185097737763,1028,1,1,"z[132,5]"
0.404444444444444,0.4908114729851,0,0,0,1,1,1.00279265603116,708,1,1,"z[133,5]"
0.398222222222222,0.489558897088806,0,0,0,1,1,1.00047904072203,3234,1,1,"z[134,5]"
0.401555555555556,0.490240140432049,0,0,0,1,1,1.00104427208067,1721,1,1,"z[135,5]"
0.413666666666667,0.49251752067066,0,0,0,1,1,1.00115294820252,1569,1,1,"z[136,5]"
0.373555555555556,0.483774541155151,0,0,0,1,1,1.00291592395417,699,1,1,"z[137,5]"
0.380111111111111,0.485440869694395,0,0,0,1,1,1.00108249431796,1706,1,1,"z[138,5]"
0.401777777777778,0.490284717129797,0,0,0,1,1,1.00016209531688,6336,1,1,"z[139,5]"
0.407555555555556,0.4914070165327,0,0,0,1,1,1.00011290093926,7406,1,1,"z[140,5]"
0.399222222222222,0.489765751949886,0,0,0,1,1,1.00274611003016,723,1,1,"z[141,5]"
0.387888888888889,0.487296093694791,0,0,0,1,1,1.00105772847684,1728,1,1,"z[142,5]"
0.392222222222222,0.488272916171117,0,0,0,1,1,1.00087791735223,2012,1,1,"z[143,5]"
0.401222222222222,0.490173078865777,0,0,0,1,1,1.0025509500763,769,1,1,"z[144,5]"
0.363222222222222,0.480954822675918,0,0,0,1,1,1.00356528760255,582,1,1,"z[145,5]"
0.395555555555556,0.488996857539199,0,0,0,1,1,1.00151799805529,1249,1,1,"z[146,5]"
0.405444444444444,0.491005126501465,0,0,0,1,1,1.00024503740343,5045,1,1,"z[147,5]"
0.378111111111111,0.484942500385076,0,0,0,1,1,1.00262705093776,765,1,1,"z[148,5]"
0.385555555555556,0.486753320027116,0,0,0,1,1,1.00040662236602,3685,1,1,"z[149,5]"
0.390333333333333,0.487852095034577,0,0,0,1,1,1.00062352546121,2660,1,1,"z[150,5]"
0.388444444444444,0.487423589906746,0,0,0,1,1,1.00357248461596,569,1,1,"z[151,5]"
0.397888888888889,0.489489472004829,0,0,0,1,1,1.00049856269375,3145,1,1,"z[152,5]"
0.393222222222222,0.488492599804703,0,0,0,1,1,1.00007864641408,8541,1,1,"z[153,5]"
0.368444444444444,0.482409570249607,0,0,0,1,1,1.00504489360569,416,1,1,"z[154,5]"
0.364888888888889,0.481425736701686,0,0,0,1,1,1.01379909529332,159,1,1,"z[155,5]"
0.377555555555556,0.484802509126148,0,0,0,1,1,1.01091043104427,196,1,1,"z[156,5]"
0.373444444444444,0.483745483115824,0,0,0,1,1,1.00050751697357,3172,1,1,"z[157,5]"
0.404888888888889,0.490897802165816,0,0,0,1,1,1.00039989600372,3663,1,1,"z[158,5]"
0.408,0.49149042749131,0,0,0,1,1,1.00001990131628,9000,1,1,"z[159,5]"
0.386444444444444,0.486961480761166,0,0,0,1,1,1.00212499695615,926,1,1,"z[160,5]"
0.411222222222222,0.492082728022972,0,0,0,1,1,1.00091379633477,1918,1,1,"z[161,5]"
0.396555555555556,0.489209401660917,0,0,0,1,1,1.00302525188658,660,1,1,"z[162,5]"
0.404555555555556,0.490833094436707,0,0,0,1,1,1.00154990474791,1216,1,1,"z[163,5]"
0.396222222222222,0.489138791064059,0,0,0,1,1,1.00150192950833,1257,1,1,"z[164,5]"
0.401333333333333,0.490195458928596,0,0,0,1,1,1.00078298387719,2198,1,1,"z[165,5]"
0.392555555555556,0.488346382580097,0,0,0,1,1,1.00052367986096,3042,1,1,"z[166,5]"
0.383444444444444,0.486252068067116,0,0,0,1,1,1.00120383625565,1546,1,1,"z[167,5]"
0.405,0.490919319211753,0,0,0,1,1,1.00182781450627,1044,1,1,"z[168,5]"
0.405111111111111,0.490940810164861,0,0,0,1,1,1.00797470963283,259,1,1,"z[169,5]"
0.358777777777778,0.479668477805725,0,0,0,1,1,1.00194548021997,1035,1,1,"z[170,5]"
0.379444444444444,0.48527571942214,0,0,0,1,1,1.00228723176557,872,1,1,"z[171,5]"
0.376111111111111,0.484435360497994,0,0,0,1,1,1.00207610187031,954,1,1,"z[172,5]"
0.363222222222222,0.480954822675918,0,0,0,1,1,1.0022414448656,903,1,1,"z[173,5]"
0.404444444444444,0.4908114729851,0,0,0,1,1,1.00043856315631,3434,1,1,"z[174,5]"
0.414777777777778,0.492711017365734,0,0,0,1,1,1.00054444852382,2904,1,1,"z[175,5]"
0.405888888888889,0.491090516524682,0,0,0,1,1,1.00416731537138,483,1,1,"z[176,5]"
0.414111111111111,0.492595229253387,0,0,0,1,1,1.00165931902781,1135,1,1,"z[177,5]"
0.413333333333333,0.492458967928078,0,0,0,1,1,1.00001572866994,9000,1,1,"z[178,5]"
0.404,0.490724726043787,0,0,0,1,1,1.00051521635836,3052,1,1,"z[179,5]"
0.417333333333333,0.493146270079926,0,0,0,1,1,1.00247024991798,786,1,1,"z[180,5]"
0.412333333333333,0.492281913528145,0,0,0,1,1,1.00229117839987,845,1,1,"z[181,5]"
0.633,0.482013293594367,0,0,1,1,1,1.00006303769075,9000,1,1,"z[1,6]"
0.625555555555556,0.484006024302933,0,0,1,1,1,1.00004459258096,9000,1,1,"z[2,6]"
0.629666666666667,0.482920767882275,0,0,1,1,1,0.999901744587271,9000,1,1,"z[3,6]"
0.621444444444444,0.485054006112386,0,0,1,1,1,1.00010137155104,7937,1,1,"z[4,6]"
0.630555555555556,0.482681192617046,0,0,1,1,1,0.99986755185761,9000,1,1,"z[5,6]"
0.623333333333333,0.484577114030533,0,0,1,1,1,1.0007170270657,2418,1,1,"z[6,6]"
0.635555555555556,0.481300769056859,0,0,1,1,1,1.00001350558428,9000,1,1,"z[7,6]"
0.623666666666667,0.484492143341522,0,0,1,1,1,0.999986889453952,9000,1,1,"z[8,6]"
0.633222222222222,0.481951914752648,0,0,1,1,1,1.00207169275601,969,1,1,"z[9,6]"
0.621,0.485165079025675,0,0,1,1,1,1.00015865057144,6532,1,1,"z[10,6]"
0.562777777777778,0.496070855361196,0,0,1,1,1,0.999858498043591,9000,1,1,"z[11,6]"
0.629333333333333,0.48301015618618,0,0,1,1,1,1.00141578031126,1362,1,1,"z[12,6]"
0.594222222222222,0.491069208125689,0,0,1,1,1,1.00058540719863,2759,1,1,"z[13,6]"
0.633555555555556,0.481859639652525,0,0,1,1,1,0.999904177801845,9000,1,1,"z[14,6]"
0.623888888888889,0.484435360497994,0,0,1,1,1,1.0000906799951,8290,1,1,"z[15,6]"
0.628111111111111,0.483335804865997,0,0,1,1,1,1.00037506963646,3952,1,1,"z[16,6]"
0.635111111111111,0.481425736701686,0,0,1,1,1,1.0001626997655,6558,1,1,"z[17,6]"
0.581666666666667,0.493312877683489,0,0,1,1,1,1.00503007617764,401,1,1,"z[18,6]"
0.626777777777778,0.48368728521931,0,0,1,1,1,1.00054564624466,3001,1,1,"z[19,6]"
0.612666666666667,0.487167930502695,0,0,1,1,1,1.00012034097668,7340,1,1,"z[20,6]"
0.604111111111111,0.489067943057883,0,0,1,1,1,1.00001760206246,9000,1,1,"z[21,6]"
0.624444444444444,0.484292928099241,0,0,1,1,1,1.00056593287225,2916,1,1,"z[22,6]"
0.626333333333333,0.483803571928412,0,0,1,1,1,0.999872881108493,9000,1,1,"z[23,6]"
0.617444444444444,0.486038116391984,0,0,1,1,1,1.00022039785538,5478,1,1,"z[24,6]"
0.618,0.48590352291531,0,0,1,1,1,0.999975280095398,9000,1,1,"z[25,6]"
0.609555555555556,0.487877061728736,0,0,1,1,1,1.00011933581194,7351,1,1,"z[26,6]"
0.589222222222222,0.492002328567985,0,0,1,1,1,0.9999794899619,9000,1,1,"z[27,6]"
0.588777777777778,0.492082728022972,0,0,1,1,1,1.0005197332097,3010,1,1,"z[28,6]"
0.606888888888889,0.488468296499439,0,0,1,1,1,1.00111028298283,1646,1,1,"z[29,6]"
0.624555555555556,0.484264360102882,0,0,1,1,1,1.00040100610999,3758,1,1,"z[30,6]"
0.633666666666667,0.481828826108017,0,0,1,1,1,0.99987697759328,9000,1,1,"z[31,6]"
0.617888888888889,0.48593049541121,0,0,1,1,1,1.00053720338899,3013,1,1,"z[32,6]"
0.647,0.477929262127496,0,0,1,1,1,1.00112451576068,1701,1,1,"z[33,6]"
0.628666666666667,0.483188193245895,0,0,1,1,1,1.00204610354233,973,1,1,"z[34,6]"
0.635333333333333,0.481363308235003,0,0,1,1,1,1.00010122467433,8052,1,1,"z[35,6]"
1,0,1,1,1,1,1,NA,1,0,1,"z[36,6]"
0.637777777777778,0.480669278600271,0,0,1,1,1,1.00038382346094,3938,1,1,"z[37,6]"
1,0,1,1,1,1,1,NA,1,0,1,"z[38,6]"
1,0,1,1,1,1,1,NA,1,0,1,"z[39,6]"
0.619777777777778,0.485468300261157,0,0,1,1,1,1.00030337897581,4519,1,1,"z[40,6]"
0.616666666666667,0.486225418134113,0,0,1,1,1,0.999922109502791,9000,1,1,"z[41,6]"
0.562,0.496168674652045,0,0,1,1,1,1.00029680610129,4385,1,1,"z[42,6]"
0.614111111111111,0.486831580948244,0,0,1,1,1,1.00021657909305,5511,1,1,"z[43,6]"
0.557222222222222,0.496742422476438,0,0,1,1,1,1.00103550634127,1692,1,1,"z[44,6]"
0.567444444444444,0.495457891555829,0,0,1,1,1,1.00022240144145,5239,1,1,"z[45,6]"
0.367555555555556,0.482166258384773,0,0,0,1,1,1.00308272664089,669,1,1,"z[46,6]"
0.331222222222222,0.470678953360957,0,0,0,1,1,1.03229607020822,75,1,1,"z[47,6]"
0.545,0.497998550037586,0,0,1,1,1,1.00360110326064,540,1,1,"z[48,6]"
0.567444444444444,0.495457891555829,0,0,1,1,1,1.00728618450919,279,1,1,"z[49,6]"
0.635555555555556,0.481300769056859,0,0,1,1,1,0.999992998024939,9000,1,1,"z[50,6]"
0.618444444444444,0.485795363794458,0,0,1,1,1,1.00040430511711,3717,1,1,"z[51,6]"
0.609666666666667,0.487852095034577,0,0,1,1,1,1.00013992577175,6858,1,1,"z[52,6]"
0.595333333333333,0.490854689781732,0,0,1,1,1,1.00016930667767,6178,1,1,"z[53,6]"
0.629111111111111,0.483069611401728,0,0,1,1,1,1.00035436643219,4112,1,1,"z[54,6]"
0.611444444444444,0.487449009157625,0,0,1,1,1,1.00017493089389,6167,1,1,"z[55,6]"
0.630444444444444,0.48271123555268,0,0,1,1,1,1.000943676662,1934,1,1,"z[56,6]"
0.618111111111111,0.485876523510173,0,0,1,1,1,1.00016862007613,6315,1,1,"z[57,6]"
0.638888888888889,0.480349366422527,0,0,1,1,1,1.00134299433876,1442,1,1,"z[58,6]"
0.635555555555556,0.481300769056859,0,0,1,1,1,0.999975564129653,9000,1,1,"z[59,6]"
0.560111111111111,0.496401081443283,0,0,1,1,1,1.00229309274572,830,1,1,"z[60,6]"
0.632777777777778,0.482074562171899,0,0,1,1,1,1.00055281385523,2997,1,1,"z[61,6]"
0.617222222222222,0.486091765543193,0,0,1,1,1,0.999999444753202,9000,1,1,"z[62,6]"
0.638,0.480605518725496,0,0,1,1,1,1.00039043031309,3891,1,1,"z[63,6]"
0.615888888888889,0.486411403939638,0,0,1,1,1,1.00102721669556,1775,1,1,"z[64,6]"
0.639777777777778,0.480091431493135,0,0,1,1,1,1.00022958735513,5477,1,1,"z[65,6]"
0.625888888888889,0.483919422458868,0,0,1,1,1,0.999946979321176,9000,1,1,"z[66,6]"
0.617555555555556,0.486011251488275,0,0,1,1,1,0.999880556134847,9000,1,1,"z[67,6]"
0.552111111111111,0.497304646268271,0,0,1,1,1,1.00031044656201,4242,1,1,"z[68,6]"
0.624333333333333,0.484321468916996,0,0,1,1,1,1.00035283083406,4105,1,1,"z[69,6]"
0.532555555555556,0.498966731246919,0,0,1,1,1,0.999991831207003,9000,1,1,"z[70,6]"
0.553666666666667,0.497139165330517,0,0,1,1,1,1.00072070404139,2287,1,1,"z[71,6]"
0.631222222222222,0.482500358336234,0,0,1,1,1,1.00011531162026,7625,1,1,"z[72,6]"
0.618444444444444,0.485795363794458,0,0,1,1,1,0.999942799885277,9000,1,1,"z[73,6]"
0.631333333333333,0.482470123130232,0,0,1,1,1,1.00065962706902,2605,1,1,"z[74,6]"
0.61,0.487777035407261,0,0,1,1,1,1.00123850430157,1499,1,1,"z[75,6]"
0.509555555555556,0.499936458038452,0,0,1,1,1,1.00487465534837,402,1,1,"z[76,6]"
0.636777777777778,0.480954822675918,0,0,1,1,1,1.00051623200696,3167,1,1,"z[77,6]"
0.636666666666667,0.480986410980087,0,0,1,1,1,1.00043351107333,3609,1,1,"z[78,6]"
0.610777777777778,0.487600965072499,0,0,1,1,1,1.00086956103904,2037,1,1,"z[79,6]"
0.483666666666667,0.499760916280469,0,0,0,1,1,1.00971615903346,208,1,1,"z[80,6]"
0.619666666666667,0.485495703846246,0,0,1,1,1,1.00059036810003,2803,1,1,"z[81,6]"
0.542222222222222,0.4982417753597,0,0,1,1,1,0.999884211956779,9000,1,1,"z[82,6]"
0.630222222222222,0.482771239089126,0,0,1,1,1,1.00011847164089,7524,1,1,"z[83,6]"
0.604888888888889,0.488901707204605,0,0,1,1,1,1.00028838761563,4606,1,1,"z[84,6]"
0.604,0.489091585445116,0,0,1,1,1,1.00002382049923,9000,1,1,"z[85,6]"
0.622333333333333,0.48483056154512,0,0,1,1,1,1.00066475116673,2561,1,1,"z[86,6]"
0.641555555555556,0.479570202229859,0,0,1,1,1,1.00015501675365,6770,1,1,"z[87,6]"
0.623333333333333,0.484577114030533,0,0,1,1,1,0.999854816400999,9000,1,1,"z[88,6]"
0.597111111111111,0.490506029530717,0,0,1,1,1,1.00006137647484,9000,1,1,"z[89,6]"
0.631555555555556,0.482409570249607,0,0,1,1,1,1.00010447893624,7930,1,1,"z[90,6]"
0.629,0.483099297928566,0,0,1,1,1,1.00175634355205,1119,1,1,"z[91,6]"
0.629555555555556,0.482950591387744,0,0,1,1,1,1.00032846025157,4331,1,1,"z[92,6]"
0.636777777777778,0.480954822675918,0,0,1,1,1,1.00121047421377,1576,1,1,"z[93,6]"
0.638111111111111,0.480573597077388,0,0,1,1,1,1.00064439345661,2670,1,1,"z[94,6]"
0.503666666666667,0.500014334720619,0,0,1,1,1,1.00594767507142,333,1,1,"z[95,6]"
0.639222222222222,0.480252849879377,0,0,1,1,1,1.0000582239552,9000,1,1,"z[96,6]"
0.637111111111111,0.480859891250837,0,0,1,1,1,1.00041737034554,3712,1,1,"z[97,6]"
0.635777777777778,0.481238119124093,0,0,1,1,1,1.00056763754698,2944,1,1,"z[98,6]"
0.602666666666667,0.489373237038417,0,0,1,1,1,0.999889817133992,9000,1,1,"z[99,6]"
0.635,0.481456909431691,0,0,1,1,1,1.00019076325047,6041,1,1,"z[100,6]"
0.592111111111111,0.491469613762884,0,0,1,1,1,1.00051505582285,3045,1,1,"z[101,6]"
0.620777777777778,0.485220453269992,0,0,1,1,1,0.999999085537161,9000,1,1,"z[102,6]"
0.543,0.498175245668897,0,0,1,1,1,1.00031110002193,4220,1,1,"z[103,6]"
0.637555555555556,0.48073292728333,0,0,1,1,1,1.00021747019564,5630,1,1,"z[104,6]"
0.634555555555556,0.481581323788118,0,0,1,1,1,1.0001897004942,6060,1,1,"z[105,6]"
0.632444444444444,0.482166258384773,0,0,1,1,1,1.00070272645494,2482,1,1,"z[106,6]"
0.631666666666667,0.482379252564631,0,0,1,1,1,0.9998990299617,9000,1,1,"z[107,6]"
0.606111111111111,0.488637863618021,0,0,1,1,1,0.999963408127806,9000,1,1,"z[108,6]"
0.621888888888889,0.484942500385076,0,0,1,1,1,0.999926241661937,9000,1,1,"z[109,6]"
0.619,0.485659558997092,0,0,1,1,1,1.00004535168592,9000,1,1,"z[110,6]"
0.604555555555556,0.488973109567853,0,0,1,1,1,1.00063954946404,2597,1,1,"z[111,6]"
0.637111111111111,0.480859891250837,0,0,1,1,1,1.0003310263437,4347,1,1,"z[112,6]"
0.541111111111111,0.498334696359171,0,0,1,1,1,1.00143012119694,1267,1,1,"z[113,6]"
0.634111111111111,0.481705295899773,0,0,1,1,1,0.999992385715245,9000,1,1,"z[114,6]"
0.468,0.499002672411801,0,0,0,1,1,1.042235891894,52,1,1,"z[115,6]"
0.540777777777778,0.498362086163205,0,0,1,1,1,1.00101234220316,1713,1,1,"z[116,6]"
0.459333333333333,0.498371166213754,0,0,0,1,1,1.00245310824491,773,1,1,"z[117,6]"
0.461888888888889,0.498573126704996,0,0,0,1,1,1.00445307536276,440,1,1,"z[118,6]"
0.441,0.496534383546379,0,0,0,1,1,1.00369681696611,530,1,1,"z[119,6]"
0.526666666666667,0.499316123044613,0,0,1,1,1,1.00003037332817,9000,1,1,"z[120,6]"
0.576,0.494217704069215,0,0,1,1,1,1.00034848248384,3976,1,1,"z[121,6]"
0.595777777777778,0.490768151748339,0,0,1,1,1,1.00051950085503,3033,1,1,"z[122,6]"
0.589666666666667,0.491921514378543,0,0,1,1,1,1.0007959849223,2152,1,1,"z[123,6]"
0.583777777777778,0.492958705036394,0,0,1,1,1,1.00046296846601,3271,1,1,"z[124,6]"
0.603444444444444,0.489209401660917,0,0,1,1,1,1.00069259813313,2440,1,1,"z[125,6]"
0.632,0.482288134468811,0,0,1,1,1,0.999993788894473,9000,1,1,"z[126,6]"
0.626555555555556,0.483745483115824,0,0,1,1,1,1.00058153862801,2860,1,1,"z[127,6]"
0.619888888888889,0.485440869694395,0,0,1,1,1,1.00036797121221,3974,1,1,"z[128,6]"
0.637111111111111,0.480859891250837,0,0,1,1,1,1.00028039385924,4839,1,1,"z[129,6]"
0.638333333333333,0.48050967033202,0,0,1,1,1,1.00004277109716,9000,1,1,"z[130,6]"
0.645,0.478539908987571,0,0,1,1,1,0.99992053678072,9000,1,1,"z[131,6]"
0.639111111111111,0.480285049923257,0,0,1,1,1,0.999834827720512,9000,1,1,"z[132,6]"
0.626666666666667,0.483716397805517,0,0,1,1,1,0.999834334319758,9000,1,1,"z[133,6]"
0.631,0.482560746305452,0,0,1,1,1,0.999953278600185,9000,1,1,"z[134,6]"
0.641333333333333,0.479635747260362,0,0,1,1,1,1.00036683995223,4084,1,1,"z[135,6]"
0.634777777777778,0.481519171911897,0,0,1,1,1,1.0001384517247,7079,1,1,"z[136,6]"
0.611777777777778,0.487372671426019,0,0,1,1,1,1.00002572844259,9000,1,1,"z[137,6]"
0.636666666666667,0.480986410980087,0,0,1,1,1,1.00043830839062,3582,1,1,"z[138,6]"
0.629555555555556,0.482950591387744,0,0,1,1,1,1.00001644097929,9000,1,1,"z[139,6]"
0.630111111111111,0.482801199700171,0,0,1,1,1,0.999962982730648,9000,1,1,"z[140,6]"
0.623777777777778,0.484463765494689,0,0,1,1,1,1.00219324769418,910,1,1,"z[141,6]"
0.610111111111111,0.487751962336237,0,0,1,1,1,1.00173283070297,1111,1,1,"z[142,6]"
0.611,0.487550419661816,0,0,1,1,1,1.00034098778903,4147,1,1,"z[143,6]"
0.563222222222222,0.496014402327064,0,0,1,1,1,1.00612063150267,328,1,1,"z[144,6]"
0.584,0.492920882878195,0,0,1,1,1,1.00004653850241,9000,1,1,"z[145,6]"
0.638444444444444,0.480477665223658,0,0,1,1,1,1.00094421829262,1957,1,1,"z[146,6]"
0.617444444444444,0.486038116391984,0,0,1,1,1,1.00084629970614,2092,1,1,"z[147,6]"
0.619444444444444,0.485550430089671,0,0,1,1,1,1.00025358868477,5051,1,1,"z[148,6]"
0.614777777777778,0.486674818189063,0,0,1,1,1,1.00023026608481,5319,1,1,"z[149,6]"
0.631111111111111,0.482530566059587,0,0,1,1,1,0.999902121525648,9000,1,1,"z[150,6]"
0.588666666666667,0.492102763108305,0,0,1,1,1,1.00374843484168,532,1,1,"z[151,6]"
0.612,0.487321646278801,0,0,1,1,1,1.00008583899013,8349,1,1,"z[152,6]"
0.613111111111111,0.487064919369593,0,0,1,1,1,1.00057096108682,2865,1,1,"z[153,6]"
0.411333333333333,0.492102763108305,0,0,0,1,1,1.0237184787804,92,1,1,"z[154,6]"
0.425111111111111,0.494387309674067,0,0,0,1,1,1.01079401693291,191,1,1,"z[155,6]"
0.405333333333333,0.490983713806298,0,0,0,1,1,1.00868754623264,239,1,1,"z[156,6]"
0.572444444444444,0.494751452889042,0,0,1,1,1,1.00026840407847,4700,1,1,"z[157,6]"
0.635444444444444,0.481332052487559,0,0,1,1,1,0.999856213167995,9000,1,1,"z[158,6]"
0.636777777777778,0.480954822675918,0,0,1,1,1,0.99993348536095,9000,1,1,"z[159,6]"
0.628222222222222,0.483306337242767,0,0,1,1,1,1.00080904085567,2203,1,1,"z[160,6]"
0.637666666666667,0.480701116838003,0,0,1,1,1,0.999901278311923,9000,1,1,"z[161,6]"
0.636222222222222,0.481112486821548,0,0,1,1,1,1.00005182772368,9000,1,1,"z[162,6]"
0.635777777777778,0.481238119124093,0,0,1,1,1,1.00008062954559,8729,1,1,"z[163,6]"
0.612,0.487321646278801,0,0,1,1,1,0.999960812703112,9000,1,1,"z[164,6]"
0.633777777777778,0.481797984965791,0,0,1,1,1,1.0004894696989,3290,1,1,"z[165,6]"
0.612222222222222,0.487270514431585,0,0,1,1,1,0.999881409783751,9000,1,1,"z[166,6]"
0.623222222222222,0.48460538332557,0,0,1,1,1,0.999909341180217,9000,1,1,"z[167,6]"
0.627333333333333,0.483541312977191,0,0,1,1,1,1.00019789750103,5873,1,1,"z[168,6]"
0.523111111111111,0.499493341351118,0,0,1,1,1,1.00754153656584,265,1,1,"z[169,6]"
0.584222222222222,0.492882957614963,0,0,1,1,1,1.00049051686648,3139,1,1,"z[170,6]"
0.621,0.485165079025675,0,0,1,1,1,1.00059518192741,2794,1,1,"z[171,6]"
0.62,0.485413412141386,0,0,1,1,1,0.99994770393216,9000,1,1,"z[172,6]"
0.596888888888889,0.4905499779918,0,0,1,1,1,0.999859331268319,9000,1,1,"z[173,6]"
0.648444444444444,0.477482543229629,0,0,1,1,1,1.00056654017146,2991,1,1,"z[174,6]"
0.637,0.480891562816769,0,0,1,1,1,0.999860684515104,9000,1,1,"z[175,6]"
0.633555555555556,0.481859639652525,0,0,1,1,1,1.00204397812458,982,1,1,"z[176,6]"
0.641666666666667,0.479537387733247,0,0,1,1,1,0.999839972704714,9000,1,1,"z[177,6]"
0.631666666666667,0.482379252564631,0,0,1,1,1,1.00040679827501,3747,1,1,"z[178,6]"
0.643555555555556,0.478975253305951,0,0,1,1,1,0.999902772122471,9000,1,1,"z[179,6]"
0.401111111111111,0.490150672590778,0,0,0,1,1,1.01719610719445,124,1,1,"z[180,6]"
0.422333333333333,0.493958499718734,0,0,0,1,1,1.01137309260307,183,1,1,"z[181,6]"
0.402777777777778,0.490484016063676,0,0,0,1,1,1.00078018880278,2203,1,1,"z[1,7]"
0.411444444444444,0.492122772288608,0,0,0,1,1,1.00146371813285,1273,1,1,"z[2,7]"
0.399666666666667,0.489857004065067,0,0,0,1,1,1.0000595142374,9000,1,1,"z[3,7]"
0.399777777777778,0.489879751427318,0,0,0,1,1,1.00172397992332,1108,1,1,"z[4,7]"
0.399333333333333,0.489788604385945,0,0,0,1,1,1.0009587661547,1860,1,1,"z[5,7]"
0.392444444444444,0.488321920289845,0,0,0,1,1,1.00097436891723,1840,1,1,"z[6,7]"
0.422,0.493905967558017,0,0,0,1,1,1.00040182740005,3610,1,1,"z[7,7]"
0.427888888888889,0.494800152258977,0,0,0,1,1,1.00021462056078,5364,1,1,"z[8,7]"
0.414333333333333,0.492633928568057,0,0,0,1,1,1.00032040888107,4233,1,1,"z[9,7]"
0.417444444444444,0.493164884960844,0,0,0,1,1,1.00018453561911,5862,1,1,"z[10,7]"
0.372111111111111,0.483394658096302,0,0,0,1,1,1.00059864987195,2797,1,1,"z[11,7]"
0.400888888888889,0.490105781389855,0,0,0,1,1,1.00054981154394,2914,1,1,"z[12,7]"
0.389888888888889,0.487751962336237,0,0,0,1,1,1.0012999066728,1439,1,1,"z[13,7]"
0.415222222222222,0.49278769321598,0,0,0,1,1,0.999891198434444,9000,1,1,"z[14,7]"
0.411333333333333,0.492102763108305,0,0,0,1,1,1.00033160040601,4152,1,1,"z[15,7]"
0.423333333333333,0.494114713328565,0,0,0,1,1,1.00059656036119,2690,1,1,"z[16,7]"
0.421,0.493746987173631,0,0,0,1,1,1.00007871236123,8364,1,1,"z[17,7]"
0.409888888888889,0.491840285250211,0,0,0,1,1,1.00209826151881,920,1,1,"z[18,7]"
0.409777777777778,0.491819913109857,0,0,0,1,1,1.00001018855685,9000,1,1,"z[19,7]"
0.401888888888889,0.490306966185468,0,0,0,1,1,1.00160073698324,1183,1,1,"z[20,7]"
0.401,0.490128240100004,0,0,0,1,1,1.00154586325005,1223,1,1,"z[21,7]"
0.416444444444444,0.492996424113289,0,0,0,1,1,0.999915253298223,9000,1,1,"z[22,7]"
0.406,0.491111798858126,0,0,0,1,1,1.00094851483424,1862,1,1,"z[23,7]"
0.391777777777778,0.488174589668896,0,0,0,1,1,1.00228355178484,860,1,1,"z[24,7]"
0.413777777777778,0.492536986568149,0,0,0,1,1,1.00219634063782,879,1,1,"z[25,7]"
0.401333333333333,0.490195458928596,0,0,0,1,1,1.00079469226947,2171,1,1,"z[26,7]"
0.385111111111111,0.486648597352476,0,0,0,1,1,1.00188206080041,1038,1,1,"z[27,7]"
0.384444444444444,0.486490709678661,0,0,0,1,1,1.00170311553201,1133,1,1,"z[28,7]"
0.392666666666667,0.488370818362922,0,0,0,1,1,1.00124810825946,1484,1,1,"z[29,7]"
0.414555555555556,0.492672524597415,0,0,0,1,1,1.00100621655378,1761,1,1,"z[30,7]"
0.402222222222222,0.490373556222442,0,0,0,1,1,1.00093266606354,1897,1,1,"z[31,7]"
0.410777777777778,0.492002328567985,0,0,0,1,1,1.00130407068438,1411,1,1,"z[32,7]"
0.409666666666667,0.491799515019752,0,0,0,1,1,1.00015916944023,6347,1,1,"z[33,7]"
0.404555555555556,0.490833094436707,0,0,0,1,1,1.00065847397657,2518,1,1,"z[34,7]"
0.416555555555556,0.493015245003644,0,0,0,1,1,1.00032756129276,4164,1,1,"z[35,7]"
0.440666666666667,0.496494657792141,0,0,0,1,1,0.999897632509239,9000,1,1,"z[36,7]"
0.423111111111111,0.494080178391183,0,0,0,1,1,1.00035453767701,3937,1,1,"z[37,7]"
0.407,0.491302167466978,0,0,0,1,1,1.00523366984628,389,1,1,"z[38,7]"
0.418888888888889,0.493404537308139,0,0,0,1,1,1.00204114789743,934,1,1,"z[39,7]"
0.415222222222222,0.49278769321598,0,0,0,1,1,1.0013013568568,1410,1,1,"z[40,7]"
0.403333333333333,0.490593821845643,0,0,0,1,1,1.0005339981842,2967,1,1,"z[41,7]"
0.381777777777778,0.485849497191314,0,0,0,1,1,1.00068384067226,2494,1,1,"z[42,7]"
0.394555555555556,0.488782174870099,0,0,0,1,1,1.00068430629139,2465,1,1,"z[43,7]"
0.379333333333333,0.485248099855277,0,0,0,1,1,1.00066937091627,2548,1,1,"z[44,7]"
0.373666666666667,0.483803571928412,0,0,0,1,1,1.0020553600606,969,1,1,"z[45,7]"
0.339777777777778,0.473659970551222,0,0,0,1,1,1.0045027594114,480,1,1,"z[46,7]"
0.331444444444444,0.470758588270116,0,0,0,1,1,1.00387964370124,560,1,1,"z[47,7]"
0.387,0.487090712218066,0,0,0,1,1,1.00199063290997,981,1,1,"z[48,7]"
0.407555555555556,0.4914070165327,0,0,0,1,1,1.00164905733438,1144,1,1,"z[49,7]"
0.408444444444444,0.491573422418242,0,0,0,1,1,1.0009028147202,1942,1,1,"z[50,7]"
0.393,0.48844396670659,0,0,0,1,1,1.00015512375219,6520,1,1,"z[51,7]"
0.393777777777778,0.488613719155429,0,0,0,1,1,1.00124170020848,1493,1,1,"z[52,7]"
0.401444444444444,0.490217812782825,0,0,0,1,1,1.00005491703465,9000,1,1,"z[53,7]"
0.426111111111111,0.49453777032421,0,0,0,1,1,1.00102233989889,1727,1,1,"z[54,7]"
0.407444444444444,0.491386098763293,0,0,0,1,1,1.00003202681083,9000,1,1,"z[55,7]"
0.421666666666667,0.493853204796266,0,0,0,1,1,0.999867879281764,9000,1,1,"z[56,7]"
0.411777777777778,0.49218264443091,0,0,0,1,1,1.00139713540915,1324,1,1,"z[57,7]"
0.408222222222222,0.49153197694554,0,0,0,1,1,1.00003391653051,9000,1,1,"z[58,7]"
0.413777777777778,0.492536986568149,0,0,0,1,1,1.0006743045917,2457,1,1,"z[59,7]"
0.386888888888889,0.487064919369593,0,0,0,1,1,1.00140672386276,1347,1,1,"z[60,7]"
0.418222222222222,0.493294468625466,0,0,0,1,1,1.00032302482857,4201,1,1,"z[61,7]"
0.402666666666667,0.490461976434274,0,0,0,1,1,1.00027247886009,4734,1,1,"z[62,7]"
0.408444444444444,0.491573422418242,0,0,0,1,1,1.00024902001759,4980,1,1,"z[63,7]"
0.413333333333333,0.492458967928078,0,0,0,1,1,1.0003836062372,3755,1,1,"z[64,7]"
0.418888888888889,0.493404537308139,0,0,0,1,1,0.999923774528068,9000,1,1,"z[65,7]"
0.412111111111111,0.492242283541414,0,0,0,1,1,1.00042205734574,3513,1,1,"z[66,7]"
0.408,0.49149042749131,0,0,0,1,1,1.00086583100192,2011,1,1,"z[67,7]"
0.375,0.484149816235126,0,0,0,1,1,1.00218830064112,913,1,1,"z[68,7]"
0.418666666666667,0.493367950579896,0,0,0,1,1,1.00000818907629,9000,1,1,"z[69,7]"
0.358888888888889,0.479701180378802,0,0,0,1,1,1.00275621913209,747,1,1,"z[70,7]"
0.361555555555556,0.480477665223658,0,0,0,1,1,1.00216473183609,932,1,1,"z[71,7]"
0.422555555555556,0.49399339308387,0,0,0,1,1,0.999964073359458,9000,1,1,"z[72,7]"
0.414333333333333,0.492633928568057,0,0,0,1,1,1.0005246794607,2983,1,1,"z[73,7]"
0.419888888888889,0.493567905737449,0,0,0,1,1,0.999865249545851,9000,1,1,"z[74,7]"
0.411333333333333,0.492102763108305,0,0,0,1,1,1.00072498953441,2319,1,1,"z[75,7]"
0.404444444444444,0.4908114729851,0,0,0,1,1,1.00190949647127,1007,1,1,"z[76,7]"
0.417333333333333,0.493146270079926,0,0,0,1,1,1.00070024700516,2377,1,1,"z[77,7]"
0.404222222222222,0.490768151748339,0,0,0,1,1,1.00144024562082,1298,1,1,"z[78,7]"
0.400777777777778,0.490083296456726,0,0,0,1,1,1.00235284845018,830,1,1,"z[79,7]"
0.393555555555556,0.48856535083449,0,0,0,1,1,1.00731847391175,284,1,1,"z[80,7]"
0.395666666666667,0.489020579108759,0,0,0,1,1,1.00168026026436,1138,1,1,"z[81,7]"
0.371777777777778,0.483306337242767,0,0,0,1,1,1.00410020657122,506,1,1,"z[82,7]"
0.405,0.490919319211753,0,0,0,1,1,1.00054271798163,2930,1,1,"z[83,7]"
0.388333333333333,0.487398143997603,0,0,0,1,1,1.00133317396373,1408,1,1,"z[84,7]"
0.392888888888889,0.488419610422197,0,0,0,1,1,1.00157385649109,1209,1,1,"z[85,7]"
0.409777777777778,0.491819913109857,0,0,0,1,1,1.0000580814507,9000,1,1,"z[86,7]"
0.420333333333333,0.493639846255211,0,0,0,1,1,1.00038135417931,3747,1,1,"z[87,7]"
0.395666666666667,0.489020579108759,0,0,0,1,1,0.999958700789617,9000,1,1,"z[88,7]"
0.400333333333333,0.489993094422154,0,0,0,1,1,1.00104091859691,1730,1,1,"z[89,7]"
0.420111111111111,0.493603927335129,0,0,0,1,1,1.00102346527371,1729,1,1,"z[90,7]"
0.412777777777778,0.49236086300542,0,0,0,1,1,1.00089632207269,1946,1,1,"z[91,7]"
0.406666666666667,0.491238945671695,0,0,0,1,1,1.00117798154333,1548,1,1,"z[92,7]"
0.416666666666667,0.493034040132539,0,0,0,1,1,0.999907626492621,9000,1,1,"z[93,7]"
0.420222222222222,0.493621899628467,0,0,0,1,1,1.00006860481011,8721,1,1,"z[94,7]"
0.437111111111111,0.496056780040564,0,0,0,1,1,1.00592077579973,339,1,1,"z[95,7]"
0.420333333333333,0.493639846255211,0,0,0,1,1,1.00011085669628,7401,1,1,"z[96,7]"
0.422111111111111,0.493923503896953,0,0,0,1,1,1.00117890577663,1530,1,1,"z[97,7]"
0.431666666666667,0.49533606524791,0,0,0,1,1,0.999878862832153,9000,1,1,"z[98,7]"
0.399555555555556,0.489834230439865,0,0,0,1,1,1.00175017673223,1094,1,1,"z[99,7]"
0.413222222222222,0.492439398653603,0,0,0,1,1,1.00026840886235,4740,1,1,"z[100,7]"
0.379444444444444,0.48527571942214,0,0,0,1,1,1.00083957571713,2112,1,1,"z[101,7]"
0.417111111111111,0.493108963092379,0,0,0,1,1,1.00014495013502,6603,1,1,"z[102,7]"
0.371666666666667,0.483276842274152,0,0,0,1,1,1.00351049515531,588,1,1,"z[103,7]"
0.416666666666667,0.493034040132539,0,0,0,1,1,1.00026363025688,4788,1,1,"z[104,7]"
0.416444444444444,0.492996424113289,0,0,0,1,1,0.999930596537723,9000,1,1,"z[105,7]"
0.410666666666667,0.491982163909945,0,0,0,1,1,1.0000242297985,9000,1,1,"z[106,7]"
0.424444444444444,0.494285853049826,0,0,0,1,1,1.00072362560826,2304,1,1,"z[107,7]"
0.404555555555556,0.490833094436707,0,0,0,1,1,1.00135205557514,1373,1,1,"z[108,7]"
0.412,0.492222429725099,0,0,0,1,1,1.00125205903531,1462,1,1,"z[109,7]"
0.420555555555556,0.493675662520106,0,0,0,1,1,1.00012460437167,7051,1,1,"z[110,7]"
0.403222222222222,0.490571912992872,0,0,0,1,1,1.00015235791583,6522,1,1,"z[111,7]"
0.412555555555556,0.492321440007837,0,0,0,1,1,1.00021509697122,5412,1,1,"z[112,7]"
0.365,0.481456909431691,0,0,0,1,1,1.00099657360476,1860,1,1,"z[113,7]"
0.425555555555556,0.494454436437208,0,0,0,1,1,1.00066138107024,2477,1,1,"z[114,7]"
0.391,0.488001496520998,0,0,0,1,1,1.01155637364327,185,1,1,"z[115,7]"
0.366777777777778,0.481951914752648,0,0,0,1,1,1.00325596947051,634,1,1,"z[116,7]"
0.332222222222222,0.471036378734954,0,0,0,1,1,1.00610986956534,364,1,1,"z[117,7]"
0.343777777777778,0.474994406428082,0,0,0,1,1,1.0066858582915,328,1,1,"z[118,7]"
0.34,0.47373509064034,0,0,0,1,1,1.00364404962924,589,1,1,"z[119,7]"
0.356777777777778,0.479075042654773,0,0,0,1,1,1.00353180994681,593,1,1,"z[120,7]"
0.387333333333333,0.487167930502695,0,0,0,1,1,1.00069847504165,2444,1,1,"z[121,7]"
0.404888888888889,0.490897802165816,0,0,0,1,1,1.00008359141202,8296,1,1,"z[122,7]"
0.383,0.486145307182453,0,0,0,1,1,1.00106228445861,1730,1,1,"z[123,7]"
0.381666666666667,0.485822443954242,0,0,0,1,1,1.00151823272269,1262,1,1,"z[124,7]"
0.406111111111111,0.49113305512941,0,0,0,1,1,1.00058463704025,2762,1,1,"z[125,7]"
0.419222222222222,0.493459224653641,0,0,0,1,1,0.999996597088857,9000,1,1,"z[126,7]"
0.415555555555556,0.492844929222895,0,0,0,1,1,1.00107783898804,1661,1,1,"z[127,7]"
0.406555555555556,0.491217819660549,0,0,0,1,1,0.999981074781509,9000,1,1,"z[128,7]"
0.415,0.492749406897213,0,0,0,1,1,1.00029439642141,4469,1,1,"z[129,7]"
0.429,0.494960827431008,0,0,0,1,1,1.00060840167495,2637,1,1,"z[130,7]"
0.414,0.492575840856455,0,0,0,1,1,1.00012832062887,6992,1,1,"z[131,7]"
0.410222222222222,0.491901246004992,0,0,0,1,1,1.0018625412033,1025,1,1,"z[132,7]"
0.419333333333333,0.493477402381041,0,0,0,1,1,1.00018982394057,5763,1,1,"z[133,7]"
0.404,0.490724726043787,0,0,0,1,1,1.00017001891623,6175,1,1,"z[134,7]"
0.420333333333333,0.493639846255211,0,0,0,1,1,0.99990443186786,9000,1,1,"z[135,7]"
0.415333333333333,0.492806797678116,0,0,0,1,1,1.00071860520695,2333,1,1,"z[136,7]"
0.388222222222222,0.487372671426019,0,0,0,1,1,1.00121222104189,1530,1,1,"z[137,7]"
0.414777777777778,0.492711017365734,0,0,0,1,1,1.0000636388727,8950,1,1,"z[138,7]"
0.419888888888889,0.493567905737449,0,0,0,1,1,1.00035343063703,3953,1,1,"z[139,7]"
0.405666666666667,0.491047873657755,0,0,0,1,1,1.00058432394708,2764,1,1,"z[140,7]"
0.410888888888889,0.492022467305127,0,0,0,1,1,1.0004081064833,3599,1,1,"z[141,7]"
0.388222222222222,0.487372671426019,0,0,0,1,1,1.00111602354013,1649,1,1,"z[142,7]"
0.409888888888889,0.491840285250211,0,0,0,1,1,1.0011998887051,1520,1,1,"z[143,7]"
0.407777777777778,0.491448774029179,0,0,0,1,1,1.00113417765524,1595,1,1,"z[144,7]"
0.387666666666667,0.487244908484982,0,0,0,1,1,1.00362655744015,560,1,1,"z[145,7]"
0.404888888888889,0.490897802165816,0,0,0,1,1,1.00028947954772,4549,1,1,"z[146,7]"
0.417888888888889,0.493239087133429,0,0,0,1,1,1.00016838503778,6137,1,1,"z[147,7]"
0.392333333333333,0.488297431488182,0,0,0,1,1,1.00035885065303,3994,1,1,"z[148,7]"
0.405444444444444,0.491005126501465,0,0,0,1,1,1.00111307192013,1628,1,1,"z[149,7]"
0.411222222222222,0.492082728022972,0,0,0,1,1,1.00020398898863,5577,1,1,"z[150,7]"
0.402888888888889,0.490506029530717,0,0,0,1,1,1.00232335788442,839,1,1,"z[151,7]"
0.408777777777778,0.491635395719438,0,0,0,1,1,1.0008180570893,2108,1,1,"z[152,7]"
0.411444444444444,0.492122772288608,0,0,0,1,1,1.00043210184817,3456,1,1,"z[153,7]"
0.351333333333333,0.477413392209293,0,0,0,1,1,1.00185874562906,1085,1,1,"z[154,7]"
0.369666666666667,0.482741251041666,0,0,0,1,1,1.01456433128918,150,1,1,"z[155,7]"
0.364111111111111,0.481206752611211,0,0,0,1,1,1.00842863832098,255,1,1,"z[156,7]"
0.381777777777778,0.485849497191314,0,0,0,1,1,1.00131136902635,1441,1,1,"z[157,7]"
0.417666666666667,0.493202037511539,0,0,0,1,1,0.999839891987891,9000,1,1,"z[158,7]"
0.423555555555556,0.494149145906445,0,0,0,1,1,1.0004568752327,3290,1,1,"z[159,7]"
0.41,0.49186063144404,0,0,0,1,1,1.00011490807722,7348,1,1,"z[160,7]"
0.428444444444444,0.494880808235296,0,0,0,1,1,1.00031861119006,4211,1,1,"z[161,7]"
0.413888888888889,0.492556426629061,0,0,0,1,1,0.999999059913873,9000,1,1,"z[162,7]"
0.422111111111111,0.493923503896953,0,0,0,1,1,1.00027868930061,4606,1,1,"z[163,7]"
0.413444444444444,0.492478511353695,0,0,0,1,1,1.00070272313812,2377,1,1,"z[164,7]"
0.421333333333333,0.493800211359563,0,0,0,1,1,0.999920250886709,9000,1,1,"z[165,7]"
0.399444444444444,0.489811430548047,0,0,0,1,1,1.00033024421553,4200,1,1,"z[166,7]"
0.405111111111111,0.490940810164861,0,0,0,1,1,1.00034440756812,4064,1,1,"z[167,7]"
0.415555555555556,0.492844929222895,0,0,0,1,1,1.00030593125296,4357,1,1,"z[168,7]"
0.395666666666667,0.489020579108759,0,0,0,1,1,1.00786268425176,265,1,1,"z[169,7]"
0.384555555555556,0.486517091295345,0,0,0,1,1,1.00077644677737,2241,1,1,"z[170,7]"
0.395888888888889,0.489067943057883,0,0,0,1,1,1.00058165712979,2802,1,1,"z[171,7]"
0.399777777777778,0.489879751427318,0,0,0,1,1,1.00030089756793,4462,1,1,"z[172,7]"
0.384222222222222,0.486437866005178,0,0,0,1,1,1.00183675271992,1060,1,1,"z[173,7]"
0.422111111111111,0.493923503896953,0,0,0,1,1,1.00020792899681,5479,1,1,"z[174,7]"
0.424,0.494217704069215,0,0,0,1,1,0.999965945973741,9000,1,1,"z[175,7]"
0.417222222222222,0.493127629458078,0,0,0,1,1,1.00012788561689,6983,1,1,"z[176,7]"
0.422333333333333,0.493958499718734,0,0,0,1,1,0.999893348931983,9000,1,1,"z[177,7]"
0.422222222222222,0.493941014616284,0,0,0,1,1,1.00015116014048,6456,1,1,"z[178,7]"
0.417111111111111,0.493108963092379,0,0,0,1,1,1.00007911367875,8371,1,1,"z[179,7]"
0.407111111111111,0.491323189330524,0,0,0,1,1,1.0019459705136,987,1,1,"z[180,7]"
0.406888888888889,0.491281119571556,0,0,0,1,1,1.00220228339029,879,1,1,"z[181,7]"
0.404555555555556,0.490833094436707,0,0,0,1,1,0.999948949731848,9000,1,1,"z[1,8]"
0.400222222222222,0.489970478319888,0,0,0,1,1,1.00084869446447,2057,1,1,"z[2,8]"
0.401444444444444,0.490217812782825,0,0,0,1,1,1.00000346250735,9000,1,1,"z[3,8]"
0.384666666666667,0.486543446104473,0,0,0,1,1,1.00002777472614,9000,1,1,"z[4,8]"
0.396444444444444,0.489185891167758,0,0,0,1,1,1.00077088903369,2235,1,1,"z[5,8]"
0.386111111111111,0.48688362111031,0,0,0,1,1,1.0013397877537,1406,1,1,"z[6,8]"
0.411222222222222,0.492082728022972,0,0,0,1,1,0.999875756242583,9000,1,1,"z[7,8]"
0.405777777777778,0.491069208125689,0,0,0,1,1,0.99984297845589,9000,1,1,"z[8,8]"
0.404111111111111,0.490746451956269,0,0,0,1,1,1.00070197062575,2398,1,1,"z[9,8]"
0.402444444444444,0.490417818674274,0,0,0,1,1,0.999913461141839,9000,1,1,"z[10,8]"
0.357,0.479141428495747,0,0,0,1,1,1.00058779407075,2893,1,1,"z[11,8]"
0.395444444444444,0.488973109567853,0,0,0,1,1,0.999868424877475,9000,1,1,"z[12,8]"
0.374666666666667,0.484063622722703,0,0,0,1,1,1.00254676229827,792,1,1,"z[13,8]"
0.413333333333333,0.492458967928078,0,0,0,1,1,0.999884659487743,9000,1,1,"z[14,8]"
0.397222222222222,0.489349911037421,0,0,0,1,1,1.00029152482109,4565,1,1,"z[15,8]"
0.417666666666667,0.493202037511539,0,0,0,1,1,0.999932216477553,9000,1,1,"z[16,8]"
0.416,0.492920882878195,0,0,0,1,1,0.999861866759927,9000,1,1,"z[17,8]"
0.426111111111111,0.49453777032421,0,0,0,1,1,0.999853550292061,9000,1,1,"z[18,8]"
0.405,0.490919319211753,0,0,0,1,1,0.999834594855655,9000,1,1,"z[19,8]"
0.395555555555556,0.488996857539199,0,0,0,1,1,1.00065103827177,2561,1,1,"z[20,8]"
0.392777777777778,0.488395227642297,0,0,0,1,1,1.00002997519495,9000,1,1,"z[21,8]"
0.403666666666667,0.490659391549159,0,0,0,1,1,1.00048577925525,3185,1,1,"z[22,8]"
0.386111111111111,0.48688362111031,0,0,0,1,1,1.0005137450993,3107,1,1,"z[23,8]"
0.387555555555556,0.487219275850775,0,0,0,1,1,0.999903134326308,9000,1,1,"z[24,8]"
0.406777777777778,0.491260045640912,0,0,0,1,1,0.999900826830154,9000,1,1,"z[25,8]"
0.386222222222222,0.486909601068614,0,0,0,1,1,1.00052600921462,3053,1,1,"z[26,8]"
0.379888888888889,0.485385927597549,0,0,0,1,1,1.00167942060561,1154,1,1,"z[27,8]"
0.390111111111111,0.487802081877929,0,0,0,1,1,1.00242587888002,817,1,1,"z[28,8]"
0.397666666666667,0.489443057010955,0,0,0,1,1,1.00013254476261,6978,1,1,"z[29,8]"
0.404111111111111,0.490746451956269,0,0,0,1,1,0.999862165411197,9000,1,1,"z[30,8]"
0.391555555555556,0.488125267221292,0,0,0,1,1,1.00016006730017,6431,1,1,"z[31,8]"
0.397222222222222,0.489349911037421,0,0,0,1,1,0.99994192533364,9000,1,1,"z[32,8]"
0.411666666666667,0.492162712946758,0,0,0,1,1,0.999837422607787,9000,1,1,"z[33,8]"
0.408444444444444,0.491573422418242,0,0,0,1,1,1.00013704073079,6823,1,1,"z[34,8]"
0.397888888888889,0.489489472004829,0,0,0,1,1,0.999856004743276,9000,1,1,"z[35,8]"
0.429666666666667,0.49505601035005,0,0,0,1,1,0.999848117815153,9000,1,1,"z[36,8]"
0.410888888888889,0.492022467305127,0,0,0,1,1,1.00006124647473,9000,1,1,"z[37,8]"
0.426222222222222,0.494554360518534,0,0,0,1,1,0.999854787247676,9000,1,1,"z[38,8]"
0.407333333333333,0.491365154975347,0,0,0,1,1,0.999852696208195,9000,1,1,"z[39,8]"
0.398333333333333,0.489581986156577,0,0,0,1,1,0.999932294642285,9000,1,1,"z[40,8]"
0.394222222222222,0.488710138261344,0,0,0,1,1,1.00002051057816,9000,1,1,"z[41,8]"
0.367888888888889,0.482257706739249,0,0,0,1,1,1.00042237200004,3659,1,1,"z[42,8]"
0.386888888888889,0.487064919369593,0,0,0,1,1,1.00050246407029,3155,1,1,"z[43,8]"
0.375111111111111,0.484178492994057,0,0,0,1,1,1.00172419155879,1132,1,1,"z[44,8]"
0.367333333333333,0.482105155124734,0,0,0,1,1,1.00033311174161,4311,1,1,"z[45,8]"
0.351444444444444,0.477447981901652,0,0,0,1,1,1.00292991891036,715,1,1,"z[46,8]"
0.315111111111111,0.464585924234316,0,0,0,1,1,1.03175913772579,78,1,1,"z[47,8]"
0.394111111111111,0.488686073167063,0,0,0,1,1,1.00093507813045,1907,1,1,"z[48,8]"
0.436444444444444,0.495971796940734,0,0,0,1,1,1.00020721513971,5443,1,1,"z[49,8]"
0.409444444444444,0.491758640977371,0,0,0,1,1,0.999979213070578,9000,1,1,"z[50,8]"
0.385777777777778,0.486805520735902,0,0,0,1,1,1.00130701527225,1439,1,1,"z[51,8]"
0.380888888888889,0.485632317206296,0,0,0,1,1,1.00005511571795,9000,1,1,"z[52,8]"
0.380222222222222,0.485468300261157,0,0,0,1,1,0.999840098818717,9000,1,1,"z[53,8]"
0.407555555555556,0.4914070165327,0,0,0,1,1,0.999847397454258,9000,1,1,"z[54,8]"
0.398555555555556,0.489628085374128,0,0,0,1,1,1.00002564157563,9000,1,1,"z[55,8]"
0.412444444444444,0.492301689704811,0,0,0,1,1,1.00053883375394,2932,1,1,"z[56,8]"
0.399444444444444,0.489811430548047,0,0,0,1,1,0.999972526705485,9000,1,1,"z[57,8]"
0.398111111111111,0.489535781710077,0,0,0,1,1,1.00020745065995,5577,1,1,"z[58,8]"
0.396333333333333,0.489162354303407,0,0,0,1,1,1.00016886211909,6236,1,1,"z[59,8]"
0.415777777777778,0.492882957614963,0,0,0,1,1,0.999981644444345,9000,1,1,"z[60,8]"
0.409,0.491676581353214,0,0,0,1,1,0.999936303112544,9000,1,1,"z[61,8]"
0.385888888888889,0.486831580948244,0,0,0,1,1,1.00054611499741,2961,1,1,"z[62,8]"
0.396,0.489091585445116,0,0,0,1,1,1.00034089522397,4122,1,1,"z[63,8]"
0.399222222222222,0.489765751949886,0,0,0,1,1,1.00007606640543,8586,1,1,"z[64,8]"
0.416666666666667,0.493034040132539,0,0,0,1,1,0.999837394109371,9000,1,1,"z[65,8]"
0.410666666666667,0.491982163909945,0,0,0,1,1,1.00053626760474,2943,1,1,"z[66,8]"
0.399444444444444,0.489811430548047,0,0,0,1,1,1.00003420802171,9000,1,1,"z[67,8]"
0.374444444444444,0.484006024302933,0,0,0,1,1,1.00063576727033,2661,1,1,"z[68,8]"
0.402333333333333,0.490395700536607,0,0,0,1,1,0.99988040184671,9000,1,1,"z[69,8]"
0.362444444444444,0.48073292728333,0,0,0,1,1,1.00233508922202,872,1,1,"z[70,8]"
0.370666666666667,0.48301015618618,0,0,0,1,1,1.00124935853861,1521,1,1,"z[71,8]"
0.417555555555556,0.493183474103745,0,0,0,1,1,0.999850330596392,9000,1,1,"z[72,8]"
0.408666666666667,0.491614763935715,0,0,0,1,1,0.999835538933342,9000,1,1,"z[73,8]"
0.413555555555556,0.492498028933532,0,0,0,1,1,0.999898296712806,9000,1,1,"z[74,8]"
0.390222222222222,0.487827101752336,0,0,0,1,1,0.999876939375815,9000,1,1,"z[75,8]"
0.432666666666667,0.495473005599394,0,0,0,1,1,1.00013720403897,6709,1,1,"z[76,8]"
0.408444444444444,0.491573422418242,0,0,0,1,1,1.00029730604791,4468,1,1,"z[77,8]"
0.400888888888889,0.490105781389855,0,0,0,1,1,0.999886726069374,9000,1,1,"z[78,8]"
0.374111111111111,0.483919422458868,0,0,0,1,1,1.00016161506095,6503,1,1,"z[79,8]"
0.412666666666667,0.492341164440337,0,0,0,1,1,1.00126830844171,1443,1,1,"z[80,8]"
0.386111111111111,0.48688362111031,0,0,0,1,1,1.00149002138912,1281,1,1,"z[81,8]"
0.378333333333333,0.484998307369114,0,0,0,1,1,1.00128025726278,1475,1,1,"z[82,8]"
0.386555555555556,0.486987380503962,0,0,0,1,1,0.999891739890904,9000,1,1,"z[83,8]"
0.376888888888889,0.484633625494541,0,0,0,1,1,1.00019323650967,5925,1,1,"z[84,8]"
0.379666666666667,0.485330877519047,0,0,0,1,1,1.00005906478534,9000,1,1,"z[85,8]"
0.405888888888889,0.491090516524682,0,0,0,1,1,1.0004725510275,3246,1,1,"z[86,8]"
0.415444444444444,0.492825876346089,0,0,0,1,1,1.00011871438133,7220,1,1,"z[87,8]"
0.381444444444444,0.48576825670746,0,0,0,1,1,1.00009287545811,8165,1,1,"z[88,8]"
0.378666666666667,0.485081814905389,0,0,0,1,1,1.00032136063219,4364,1,1,"z[89,8]"
0.409222222222222,0.491717663097179,0,0,0,1,1,1.00013145698961,6943,1,1,"z[90,8]"
0.419333333333333,0.493477402381041,0,0,0,1,1,1.00028967467717,4501,1,1,"z[91,8]"
0.393111111111111,0.488468296499439,0,0,0,1,1,1.00012523120402,7180,1,1,"z[92,8]"
0.418444444444444,0.493331261026653,0,0,0,1,1,1.00002745324251,9000,1,1,"z[93,8]"
0.416777777777778,0.493052809502921,0,0,0,1,1,0.999891107652067,9000,1,1,"z[94,8]"
0.419555555555556,0.493513680771233,0,0,0,1,1,1.00102127904168,1733,1,1,"z[95,8]"
0.407555555555556,0.4914070165327,0,0,0,1,1,0.999987873921202,9000,1,1,"z[96,8]"
0.416555555555556,0.493015245003644,0,0,0,1,1,0.999907390044636,9000,1,1,"z[97,8]"
0.414777777777778,0.492711017365734,0,0,0,1,1,1.00000608238061,9000,1,1,"z[98,8]"
0.384444444444444,0.486490709678661,0,0,0,1,1,0.999949804180327,9000,1,1,"z[99,8]"
0.409,0.491676581353214,0,0,0,1,1,1.00002383692744,9000,1,1,"z[100,8]"
0.372777777777778,0.483570562016893,0,0,0,1,1,1.0001534606462,6686,1,1,"z[101,8]"
0.397555555555556,0.489419810021424,0,0,0,1,1,1.0001055560294,7678,1,1,"z[102,8]"
0.361555555555556,0.480477665223658,0,0,0,1,1,1.00096351698408,1918,1,1,"z[103,8]"
0.396,0.489091585445116,0,0,0,1,1,0.999854033636415,9000,1,1,"z[104,8]"
0.404222222222222,0.490768151748339,0,0,0,1,1,0.999900134260778,9000,1,1,"z[105,8]"
0.398,0.489512640016662,0,0,0,1,1,0.999901388151871,9000,1,1,"z[106,8]"
0.399333333333333,0.489788604385945,0,0,0,1,1,0.999957866394084,9000,1,1,"z[107,8]"
0.384888888888889,0.486596075317484,0,0,0,1,1,1.0007571574609,2293,1,1,"z[108,8]"
0.384333333333333,0.486464301250061,0,0,0,1,1,1.00014019691661,6893,1,1,"z[109,8]"
0.398444444444444,0.489605048917112,0,0,0,1,1,0.999915943477289,9000,1,1,"z[110,8]"
0.389,0.487550419661816,0,0,0,1,1,0.999873958850949,9000,1,1,"z[111,8]"
0.397,0.489303179997609,0,0,0,1,1,0.999963575713513,9000,1,1,"z[112,8]"
0.365222222222222,0.481519171911897,0,0,0,1,1,1.00151003208468,1294,1,1,"z[113,8]"
0.407666666666667,0.491427908286889,0,0,0,1,1,1.0000166877348,9000,1,1,"z[114,8]"
0.420333333333333,0.493639846255211,0,0,0,1,1,1.02385004942704,90,1,1,"z[115,8]"
0.368555555555556,0.482439860436414,0,0,0,1,1,1.00076628138306,2310,1,1,"z[116,8]"
0.334333333333333,0.471783092731605,0,0,0,1,1,1.00529565089076,417,1,1,"z[117,8]"
0.344222222222222,0.475140366853577,0,0,0,1,1,1.00525381207382,414,1,1,"z[118,8]"
0.346666666666667,0.475934929499252,0,0,0,1,1,1.00526607695696,411,1,1,"z[119,8]"
0.358777777777778,0.479668477805725,0,0,0,1,1,1.00255601658558,803,1,1,"z[120,8]"
0.374333333333333,0.483977184255034,0,0,0,1,1,1.00032465704979,4344,1,1,"z[121,8]"
0.376444444444444,0.484520494043265,0,0,0,1,1,1.00016376976614,6453,1,1,"z[122,8]"
0.378555555555556,0.485054006112386,0,0,0,1,1,1.00058632685915,2831,1,1,"z[123,8]"
0.377666666666667,0.48483056154512,0,0,0,1,1,1.00057684195264,2870,1,1,"z[124,8]"
0.380555555555556,0.485550430089671,0,0,0,1,1,0.999894076922587,9000,1,1,"z[125,8]"
0.409222222222222,0.491717663097179,0,0,0,1,1,1.00000509950375,9000,1,1,"z[126,8]"
0.402555555555556,0.490439910638984,0,0,0,1,1,0.999838867493703,9000,1,1,"z[127,8]"
0.388,0.487321646278801,0,0,0,1,1,1.00126783439685,1473,1,1,"z[128,8]"
0.407555555555556,0.4914070165327,0,0,0,1,1,0.999926829729575,9000,1,1,"z[129,8]"
0.412222222222222,0.49226211147472,0,0,0,1,1,0.99997753209281,9000,1,1,"z[130,8]"
0.414888888888889,0.492730225034569,0,0,0,1,1,0.999851019194274,9000,1,1,"z[131,8]"
0.412777777777778,0.49236086300542,0,0,0,1,1,1.00021790259794,5364,1,1,"z[132,8]"
0.414666666666667,0.49269178388769,0,0,0,1,1,0.999939219669308,9000,1,1,"z[133,8]"
0.392,0.488223805974805,0,0,0,1,1,0.999998621158479,9000,1,1,"z[134,8]"
0.415444444444444,0.492825876346089,0,0,0,1,1,0.999979517449802,9000,1,1,"z[135,8]"
0.415444444444444,0.492825876346089,0,0,0,1,1,1.00000806645893,9000,1,1,"z[136,8]"
0.391222222222222,0.488051084463798,0,0,0,1,1,1.00014461856935,6753,1,1,"z[137,8]"
0.396111111111111,0.4891152014459,0,0,0,1,1,1.00021393179655,5491,1,1,"z[138,8]"
0.411555555555556,0.492142755567041,0,0,0,1,1,0.99985521164538,9000,1,1,"z[139,8]"
0.402111111111111,0.490351385728232,0,0,0,1,1,0.999936556677976,9000,1,1,"z[140,8]"
0.410444444444444,0.491941756818418,0,0,0,1,1,0.99988338643311,9000,1,1,"z[141,8]"
0.422666666666667,0.494010801351983,0,0,0,1,1,0.99992945077759,9000,1,1,"z[142,8]"
0.409,0.491676581353214,0,0,0,1,1,0.999951522442949,9000,1,1,"z[143,8]"
0.430444444444444,0.495165899414885,0,0,0,1,1,0.999943136715574,9000,1,1,"z[144,8]"
0.375444444444444,0.484264360102882,0,0,0,1,1,1.00113421134985,1644,1,1,"z[145,8]"
0.415666666666667,0.492863956311524,0,0,0,1,1,0.999884474425902,9000,1,1,"z[146,8]"
0.403555555555556,0.490637561120291,0,0,0,1,1,0.99998200689139,9000,1,1,"z[147,8]"
0.389333333333333,0.487626197831997,0,0,0,1,1,1.00015742196287,6498,1,1,"z[148,8]"
0.389666666666667,0.487701736376704,0,0,0,1,1,1.00002600870792,9000,1,1,"z[149,8]"
0.397,0.489303179997609,0,0,0,1,1,1.00019184564854,5835,1,1,"z[150,8]"
0.402111111111111,0.490351385728232,0,0,0,1,1,1.0018282940474,1050,1,1,"z[151,8]"
0.401111111111111,0.490150672590778,0,0,0,1,1,1.00005503886299,9000,1,1,"z[152,8]"
0.398222222222222,0.489558897088806,0,0,0,1,1,1.00002814432747,9000,1,1,"z[153,8]"
0.351111111111111,0.47734412770676,0,0,0,1,1,1.03580817155375,66,1,1,"z[154,8]"
0.345555555555556,0.475575486970614,0,0,0,1,1,1.01649204318729,137,1,1,"z[155,8]"
0.335666666666667,0.47224923026059,0,0,0,1,1,1.00406859401326,535,1,1,"z[156,8]"
0.379333333333333,0.485248099855277,0,0,0,1,1,0.999955865982658,9000,1,1,"z[157,8]"
0.414888888888889,0.492730225034569,0,0,0,1,1,0.999834680986026,9000,1,1,"z[158,8]"
0.416777777777778,0.493052809502921,0,0,0,1,1,0.999883557162981,9000,1,1,"z[159,8]"
0.415,0.492749406897213,0,0,0,1,1,1.0002960306017,4457,1,1,"z[160,8]"
0.42,0.493585929372392,0,0,0,1,1,0.999971881938781,9000,1,1,"z[161,8]"
0.403444444444444,0.490615704553617,0,0,0,1,1,1.00040801906404,3623,1,1,"z[162,8]"
0.418777777777778,0.493386256795711,0,0,0,1,1,1.00008030823959,8316,1,1,"z[163,8]"
0.381888888888889,0.485876523510173,0,0,0,1,1,1.00134825797721,1400,1,1,"z[164,8]"
0.412,0.492222429725099,0,0,0,1,1,1.00015240371828,6471,1,1,"z[165,8]"
0.389,0.487550419661816,0,0,0,1,1,1.00006632706177,9000,1,1,"z[166,8]"
0.403444444444444,0.490615704553617,0,0,0,1,1,0.999926179316656,9000,1,1,"z[167,8]"
0.415555555555556,0.492844929222895,0,0,0,1,1,0.999860424643347,9000,1,1,"z[168,8]"
0.433333333333333,0.495563156961915,0,0,0,1,1,1.00154857883508,1191,1,1,"z[169,8]"
0.385666666666667,0.486779433763627,0,0,0,1,1,1.00237308512979,836,1,1,"z[170,8]"
0.384222222222222,0.486437866005178,0,0,0,1,1,1.00025620376574,5006,1,1,"z[171,8]"
0.390888888888889,0.487976662706122,0,0,0,1,1,1.00005607743183,9000,1,1,"z[172,8]"
0.369333333333333,0.482651122229641,0,0,0,1,1,1.00112036993445,1675,1,1,"z[173,8]"
0.418666666666667,0.493367950579896,0,0,0,1,1,0.999938388155489,9000,1,1,"z[174,8]"
0.416222222222222,0.492958705036394,0,0,0,1,1,1.00014953944786,6507,1,1,"z[175,8]"
0.411222222222222,0.492082728022972,0,0,0,1,1,0.999871336847616,9000,1,1,"z[176,8]"
0.414333333333333,0.492633928568057,0,0,0,1,1,0.999978957014477,9000,1,1,"z[177,8]"
0.413666666666667,0.49251752067066,0,0,0,1,1,1.00007562223221,8517,1,1,"z[178,8]"
0.400222222222222,0.489970478319888,0,0,0,1,1,1.00002899185102,9000,1,1,"z[179,8]"
0.376666666666667,0.484577114030533,0,0,0,1,1,1.01569425044867,139,1,1,"z[180,8]"
0.406111111111111,0.49113305512941,0,0,0,1,1,1.01297014727059,163,1,1,"z[181,8]"
0.607,0.48844396670659,0,0,1,1,1,1.00227786655792,863,1,1,"z[1,9]"
0.594888888888889,0.490940810164861,0,0,1,1,1,1.00093171863052,1896,1,1,"z[2,9]"
0.597777777777778,0.490373556222442,0,0,1,1,1,1.0008796402085,1990,1,1,"z[3,9]"
0.593555555555556,0.491196667604115,0,0,1,1,1,1.00017021316547,6156,1,1,"z[4,9]"
1,0,1,1,1,1,1,NA,1,0,1,"z[5,9]"
0.584888888888889,0.49276856295668,0,0,1,1,1,1.00029938104084,4423,1,1,"z[6,9]"
0.614,0.486857614404949,0,0,1,1,1,1.00058828710342,2797,1,1,"z[7,9]"
0.606777777777778,0.488492599804703,0,0,1,1,1,1.00087455576155,2018,1,1,"z[8,9]"
0.583444444444444,0.493015245003644,0,0,1,1,1,1.00029911163997,4422,1,1,"z[9,9]"
0.605555555555556,0.488758189108962,0,0,1,1,1,1.00004399674646,9000,1,1,"z[10,9]"
0.539777777777778,0.498442908899414,0,0,1,1,1,0.999910242544185,9000,1,1,"z[11,9]"
0.590333333333333,0.491799515019752,0,0,1,1,1,1.00011504851968,7346,1,1,"z[12,9]"
0.568333333333333,0.49533606524791,0,0,1,1,1,1.00103969314488,1696,1,1,"z[13,9]"
0.605777777777778,0.488710138261344,0,0,1,1,1,1.00084880326416,2065,1,1,"z[14,9]"
0.601222222222222,0.489674079392449,0,0,1,1,1,1.00018711635615,5900,1,1,"z[15,9]"
0.615,0.486622349730062,0,0,1,1,1,1.0012568197212,1489,1,1,"z[16,9]"
0.615888888888889,0.486411403939638,0,0,1,1,1,1.0011498995187,1610,1,1,"z[17,9]"
0.543666666666667,0.498117246438047,0,0,1,1,1,1.00094294277959,1822,1,1,"z[18,9]"
0.616333333333333,0.486305287383294,0,0,1,1,1,1.00061361105557,2714,1,1,"z[19,9]"
0.588555555555556,0.492122772288608,0,0,1,1,1,0.999953389047288,9000,1,1,"z[20,9]"
0.593555555555556,0.491196667604115,0,0,1,1,1,1.0003120907617,4337,1,1,"z[21,9]"
0.607666666666667,0.488297431488182,0,0,1,1,1,1.00223878724425,876,1,1,"z[22,9]"
0.609333333333333,0.487926915369134,0,0,1,1,1,1.00057230736875,2849,1,1,"z[23,9]"
0.573666666666667,0.49457092519117,0,0,1,1,1,0.999873261400958,9000,1,1,"z[24,9]"
0.603,0.489303179997609,0,0,1,1,1,1.00054697380167,2935,1,1,"z[25,9]"
0.593555555555556,0.491196667604115,0,0,1,1,1,1.00029420657305,4505,1,1,"z[26,9]"
0.575,0.494370464120874,0,0,1,1,1,1.00013146201131,6867,1,1,"z[27,9]"
0.546777777777778,0.497834688641473,0,0,1,1,1,1.00069691494814,2340,1,1,"z[28,9]"
0.583333333333333,0.493034040132539,0,0,1,1,1,1.00099551174948,1773,1,1,"z[29,9]"
0.611222222222222,0.487499767701263,0,0,1,1,1,1.00044990303817,3420,1,1,"z[30,9]"
0.601777777777778,0.489558897088806,0,0,1,1,1,1.00088070479584,1994,1,1,"z[31,9]"
0.613666666666667,0.48693555428414,0,0,1,1,1,1.0003145394982,4382,1,1,"z[32,9]"
0.614444444444444,0.486753320027116,0,0,1,1,1,1.00192752282887,1011,1,1,"z[33,9]"
0.596444444444444,0.490637561120291,0,0,1,1,1,1.00033714481727,4124,1,1,"z[34,9]"
0.607333333333333,0.488370818362922,0,0,1,1,1,1.00222683427138,882,1,1,"z[35,9]"
0.617777777777778,0.485957441002356,0,0,1,1,1,1.00139765879006,1356,1,1,"z[36,9]"
0.610444444444444,0.487676583479974,0,0,1,1,1,1.00239269361134,825,1,1,"z[37,9]"
0.602333333333333,0.489443057010955,0,0,1,1,1,1.00086056029334,2034,1,1,"z[38,9]"
0.619444444444444,0.485550430089671,0,0,1,1,1,1.00144457413833,1324,1,1,"z[39,9]"
0.611666666666667,0.487398143997603,0,0,1,1,1,1.00042832987515,3540,1,1,"z[40,9]"
0.594777777777778,0.490962275028569,0,0,1,1,1,1.00039229452397,3715,1,1,"z[41,9]"
0.552111111111111,0.497304646268271,0,0,1,1,1,0.999867945909145,9000,1,1,"z[42,9]"
0.591444444444444,0.491594106169741,0,0,1,1,1,1.00086383326433,2012,1,1,"z[43,9]"
0.542444444444444,0.498222891694072,0,0,1,1,1,1.00063752618742,2509,1,1,"z[44,9]"
0.559666666666667,0.496454705025112,0,0,1,1,1,1.00031375114913,4226,1,1,"z[45,9]"
0.357444444444444,0.479273863447891,0,0,0,1,1,1.00467731361145,452,1,1,"z[46,9]"
0.354444444444444,0.478371201895792,0,0,0,1,1,1.00501699819514,425,1,1,"z[47,9]"
0.510666666666667,0.499913983044466,0,0,1,1,1,1.00048314424827,3085,1,1,"z[48,9]"
0.529666666666667,0.499146844077411,0,0,1,1,1,1.00021592644175,5252,1,1,"z[49,9]"
0.601222222222222,0.489674079392449,0,0,1,1,1,1.00067829122979,2471,1,1,"z[50,9]"
0.582333333333333,0.493202037511539,0,0,1,1,1,1.00026219635353,4798,1,1,"z[51,9]"
0.581444444444444,0.493349618657832,0,0,1,1,1,1.00014439920733,6609,1,1,"z[52,9]"
0.592,0.49149042749131,0,0,1,1,1,1.00078455372384,2183,1,1,"z[53,9]"
0.604555555555556,0.488973109567853,0,0,1,1,1,1.00052488228607,3025,1,1,"z[54,9]"
0.605888888888889,0.488686073167063,0,0,1,1,1,1.00035456375112,4020,1,1,"z[55,9]"
0.617333333333333,0.486064954408805,0,0,1,1,1,1.00006947444211,8972,1,1,"z[56,9]"
0.598222222222222,0.490284717129797,0,0,1,1,1,1.00082465735008,2105,1,1,"z[57,9]"
0.611,0.487550419661816,0,0,1,1,1,1.00144052054233,1313,1,1,"z[58,9]"
1,0,1,1,1,1,1,NA,1,0,1,"z[59,9]"
0.523777777777778,0.499462045926623,0,0,1,1,1,1.00128985063985,1381,1,1,"z[60,9]"
0.605333333333333,0.488806134194646,0,0,1,1,1,1.00124542208592,1485,1,1,"z[61,9]"
0.592666666666667,0.491365154975347,0,0,1,1,1,0.999944894274858,9000,1,1,"z[62,9]"
0.613555555555556,0.486961480761166,0,0,1,1,1,0.99990917544117,9000,1,1,"z[63,9]"
0.597555555555556,0.490417818674274,0,0,1,1,1,1.00058938174569,2752,1,1,"z[64,9]"
0.605888888888889,0.488686073167063,0,0,1,1,1,1.00093507813045,1907,1,1,"z[65,9]"
0.596888888888889,0.4905499779918,0,0,1,1,1,0.999928078755474,9000,1,1,"z[66,9]"
0.606,0.488661981620593,0,0,1,1,1,0.999987554990347,9000,1,1,"z[67,9]"
0.540222222222222,0.498407237031624,0,0,1,1,1,1.00051775275285,2947,1,1,"z[68,9]"
0.605888888888889,0.488686073167063,0,0,1,1,1,1.00035625884421,4010,1,1,"z[69,9]"
0.500444444444444,0.500027582550929,0,0,1,1,1,1.00073170379207,2231,1,1,"z[70,9]"
0.524555555555556,0.499424407244176,0,0,1,1,1,1.00036285238608,3792,1,1,"z[71,9]"
0.616444444444444,0.486278691148706,0,0,1,1,1,1.0006606456203,2564,1,1,"z[72,9]"
0.607777777777778,0.488272916171117,0,0,1,1,1,1.0013592423311,1377,1,1,"z[73,9]"
0.616333333333333,0.486305287383294,0,0,1,1,1,1.00138629745017,1365,1,1,"z[74,9]"
0.587,0.492400182545748,0,0,1,1,1,1.00068926934518,2417,1,1,"z[75,9]"
0.496111111111111,0.500012655567016,0,0,0,1,1,1.00047549303502,3120,1,1,"z[76,9]"
0.611888888888889,0.487347172187814,0,0,1,1,1,1.00036041826979,3995,1,1,"z[77,9]"
0.614888888888889,0.486648597352476,0,0,1,1,1,1.00044805926937,3442,1,1,"z[78,9]"
0.577444444444444,0.49399339308387,0,0,1,1,1,1.00017129778644,6065,1,1,"z[79,9]"
0.471111111111111,0.49919246811549,0,0,0,1,1,1.00048037290416,3106,1,1,"z[80,9]"
0.591888888888889,0.491511215217762,0,0,1,1,1,1.0009676248358,1832,1,1,"z[81,9]"
0.526444444444444,0.499327942852161,0,0,1,1,1,1.00036865924165,3752,1,1,"z[82,9]"
0.584777777777778,0.49278769321598,0,0,1,1,1,1.00058346147,2753,1,1,"z[83,9]"
0.591111111111111,0.491656001524183,0,0,1,1,1,0.999973245093371,9000,1,1,"z[84,9]"
0.587222222222222,0.49236086300542,0,0,1,1,1,0.999973951596139,9000,1,1,"z[85,9]"
0.609222222222222,0.48795180232352,0,0,1,1,1,1.00090063469628,1971,1,1,"z[86,9]"
0.614555555555556,0.486727179522061,0,0,1,1,1,1.00069360221846,2459,1,1,"z[87,9]"
0.599666666666667,0.489993094422154,0,0,1,1,1,1.000795822713,2170,1,1,"z[88,9]"
0.582333333333333,0.493202037511539,0,0,1,1,1,1.00111852085084,1605,1,1,"z[89,9]"
0.606777777777778,0.488492599804703,0,0,1,1,1,1.00019828078944,5741,1,1,"z[90,9]"
0.587444444444444,0.492321440007837,0,0,1,1,1,1.00050167203412,3091,1,1,"z[91,9]"
0.615555555555556,0.486490709678661,0,0,1,1,1,1.00078772525889,2215,1,1,"z[92,9]"
0.612333333333333,0.487244908484982,0,0,1,1,1,1.00088643619443,2005,1,1,"z[93,9]"
0.628333333333333,0.483276842274152,0,0,1,1,1,1.00116304919338,1615,1,1,"z[94,9]"
0.518777777777778,0.499675031138828,0,0,1,1,1,0.999886012033602,9000,1,1,"z[95,9]"
0.619555555555556,0.485523080454229,0,0,1,1,1,1.0011415214335,1629,1,1,"z[96,9]"
0.620333333333333,0.485330877519047,0,0,1,1,1,1.00126159946864,1488,1,1,"z[97,9]"
0.608666666666667,0.488075838599816,0,0,1,1,1,1.00099530164049,1810,1,1,"z[98,9]"
0.579333333333333,0.493693532163843,0,0,1,1,1,1.00055659592854,2842,1,1,"z[99,9]"
0.613222222222222,0.487039099803918,0,0,1,1,1,1.00079792440035,2191,1,1,"z[100,9]"
0.566111111111111,0.49563758550702,0,0,1,1,1,1.00046557243208,3226,1,1,"z[101,9]"
0.604666666666667,0.488949335190875,0,0,1,1,1,1.00000924886833,9000,1,1,"z[102,9]"
0.523222222222222,0.49948818738172,0,0,1,1,1,1.0004795430191,3106,1,1,"z[103,9]"
0.607555555555556,0.488321920289845,0,0,1,1,1,1.00020043755327,5722,1,1,"z[104,9]"
0.602888888888889,0.489326558691743,0,0,1,1,1,1.00024629594846,5066,1,1,"z[105,9]"
0.612555555555556,0.487193616524752,0,0,1,1,1,1.00044371400333,3460,1,1,"z[106,9]"
0.599888888888889,0.489947835972913,0,0,1,1,1,1.00024219308306,5102,1,1,"z[107,9]"
0.590555555555556,0.491758640977371,0,0,1,1,1,1.00082783281,2087,1,1,"z[108,9]"
0.588111111111111,0.492202550022644,0,0,1,1,1,1.00041338355083,3567,1,1,"z[109,9]"
0.600777777777778,0.489765751949886,0,0,1,1,1,1.00023129295204,5239,1,1,"z[110,9]"
0.580888888888889,0.493441021234253,0,0,1,1,1,1.00002884059762,9000,1,1,"z[111,9]"
0.612,0.487321646278801,0,0,1,1,1,1.00035559122815,4041,1,1,"z[112,9]"
0.513,0.49985874213089,0,0,1,1,1,1.00018870453239,5636,1,1,"z[113,9]"
0.614,0.486857614404949,0,0,1,1,1,1.00062515057027,2666,1,1,"z[114,9]"
0.441555555555556,0.496600088811738,0,0,0,1,1,1.00757420066085,268,1,1,"z[115,9]"
0.530777777777778,0.499079556779784,0,0,1,1,1,1.00170297348019,1079,1,1,"z[116,9]"
0.458,0.498260559188423,0,0,0,1,1,1.00309674581661,623,1,1,"z[117,9]"
0.448222222222222,0.497339466237904,0,0,0,1,1,1.00249726024786,763,1,1,"z[118,9]"
0.437888888888889,0.496154776304839,0,0,0,1,1,1.00481970743069,412,1,1,"z[119,9]"
0.502,0.500023779854565,0,0,1,1,1,1.00121908979671,1449,1,1,"z[120,9]"
0.561222222222222,0.496265255546021,0,0,1,1,1,1.00004121734413,9000,1,1,"z[121,9]"
0.589888888888889,0.491880951694562,0,0,1,1,1,1.00014263236032,6684,1,1,"z[122,9]"
0.571333333333333,0.494912892309902,0,0,1,1,1,1.00106165022744,1668,1,1,"z[123,9]"
0.568777777777778,0.495274542543835,0,0,1,1,1,1.00062029629105,2596,1,1,"z[124,9]"
0.586444444444444,0.492498028933532,0,0,1,1,1,1.00011833212167,7242,1,1,"z[125,9]"
0.623222222222222,0.48460538332557,0,0,1,1,1,1.00101852389571,1799,1,1,"z[126,9]"
0.597555555555556,0.490417818674274,0,0,1,1,1,1.00081002199721,2137,1,1,"z[127,9]"
0.596777777777778,0.490571912992872,0,0,1,1,1,1.00013600748396,6874,1,1,"z[128,9]"
0.617222222222222,0.486091765543193,0,0,1,1,1,1.000648910614,2600,1,1,"z[129,9]"
0.614111111111111,0.486831580948244,0,0,1,1,1,1.00024918368684,5078,1,1,"z[130,9]"
0.61,0.487777035407261,0,0,1,1,1,1.00037079319201,3915,1,1,"z[131,9]"
0.611111111111111,0.487525107002347,0,0,1,1,1,1.00044980089082,3414,1,1,"z[132,9]"
0.608888888888889,0.488026303772207,0,0,1,1,1,1.00008120849215,8480,1,1,"z[133,9]"
0.607777777777778,0.488272916171117,0,0,1,1,1,1.00002967444238,9000,1,1,"z[134,9]"
0.617444444444444,0.486038116391984,0,0,1,1,1,1.00040316315208,3721,1,1,"z[135,9]"
0.608555555555556,0.488100566184303,0,0,1,1,1,1.00032385976847,4288,1,1,"z[136,9]"
0.576,0.494217704069215,0,0,1,1,1,1.00054746143801,2869,1,1,"z[137,9]"
0.602555555555556,0.489396536698498,0,0,1,1,1,1.00119047160914,1544,1,1,"z[138,9]"
0.600666666666667,0.489788604385945,0,0,1,1,1,1.00075753741651,2263,1,1,"z[139,9]"
0.598888888888889,0.490150672590778,0,0,1,1,1,1.00084214684028,2068,1,1,"z[140,9]"
0.603333333333333,0.489232885786688,0,0,1,1,1,1.00116104387201,1579,1,1,"z[141,9]"
0.579111111111111,0.493729194487826,0,0,1,1,1,1.00044488035256,3356,1,1,"z[142,9]"
0.597333333333333,0.490461976434274,0,0,1,1,1,1.00161285512504,1172,1,1,"z[143,9]"
0.526666666666667,0.499316123044613,0,0,1,1,1,1.00085106109881,1975,1,1,"z[144,9]"
0.578111111111111,0.493888405596747,0,0,1,1,1,1.0003536330308,3943,1,1,"z[145,9]"
0.616444444444444,0.486278691148706,0,0,1,1,1,1.00102159750899,1782,1,1,"z[146,9]"
0.613666666666667,0.48693555428414,0,0,1,1,1,1.00017492985703,6180,1,1,"z[147,9]"
0.582888888888889,0.493108963092379,0,0,1,1,1,1.00078554530268,2165,1,1,"z[148,9]"
0.591444444444444,0.491594106169741,0,0,1,1,1,1.00039870277617,3666,1,1,"z[149,9]"
0.609444444444444,0.487902001838896,0,0,1,1,1,1.00041417459377,3617,1,1,"z[150,9]"
0.551333333333333,0.497385541537719,0,0,1,1,1,1.00099873894607,1738,1,1,"z[151,9]"
0.602111111111111,0.489489472004829,0,0,1,1,1,1.00002783139983,9000,1,1,"z[152,9]"
0.595777777777778,0.490768151748339,0,0,1,1,1,1.00042906593754,3492,1,1,"z[153,9]"
0.410888888888889,0.492022467305127,0,0,0,1,1,1.0026559621444,736,1,1,"z[154,9]"
0.436,0.495914635499756,0,0,0,1,1,1.00638788909891,315,1,1,"z[155,9]"
0.418444444444444,0.493331261026653,0,0,0,1,1,1.00593862590315,341,1,1,"z[156,9]"
0.557555555555556,0.496703906544935,0,0,1,1,1,0.999970337720096,9000,1,1,"z[157,9]"
0.605666666666667,0.488734176907342,0,0,1,1,1,1.00056425035621,2866,1,1,"z[158,9]"
0.608,0.488223805974805,0,0,1,1,1,1.00020151677323,5701,1,1,"z[159,9]"
0.598111111111111,0.490306966185468,0,0,1,1,1,1.0007565423977,2257,1,1,"z[160,9]"
0.612333333333333,0.487244908484982,0,0,1,1,1,1.0012266482398,1517,1,1,"z[161,9]"
0.608444444444444,0.488125267221292,0,0,1,1,1,1.00126532504794,1468,1,1,"z[162,9]"
0.61,0.487777035407261,0,0,1,1,1,1.00074041572482,2325,1,1,"z[163,9]"
0.608444444444444,0.488125267221292,0,0,1,1,1,1.00026155191762,4903,1,1,"z[164,9]"
0.622222222222222,0.484858586875805,0,0,1,1,1,1.00335117110121,611,1,1,"z[165,9]"
0.590111111111111,0.491840285250211,0,0,1,1,1,1.00047014941113,3250,1,1,"z[166,9]"
0.592666666666667,0.491365154975347,0,0,1,1,1,1.00035770856889,3956,1,1,"z[167,9]"
0.601777777777778,0.489558897088806,0,0,1,1,1,1.00028606757509,4615,1,1,"z[168,9]"
0.492,0.499963772440203,0,0,0,1,1,1.00068883249571,2343,1,1,"z[169,9]"
0.553222222222222,0.497186947895269,0,0,1,1,1,1.00000805609205,9000,1,1,"z[170,9]"
0.596666666666667,0.490593821845643,0,0,1,1,1,1.00029544922196,4504,1,1,"z[171,9]"
0.597666666666667,0.490395700536607,0,0,1,1,1,1.00065512317175,2538,1,1,"z[172,9]"
0.569111111111111,0.495228133713624,0,0,1,1,1,1.00029136959184,4456,1,1,"z[173,9]"
0.612444444444444,0.487219275850775,0,0,1,1,1,1.0002527616351,5022,1,1,"z[174,9]"
0.611555555555556,0.487423589906746,0,0,1,1,1,1.0002247826465,5380,1,1,"z[175,9]"
0.613888888888889,0.48688362111031,0,0,1,1,1,1.00095813387283,1879,1,1,"z[176,9]"
0.622111111111111,0.484886585122899,0,0,1,1,1,1.00188448564519,1041,1,1,"z[177,9]"
0.614777777777778,0.486674818189063,0,0,1,1,1,1.00123277962645,1512,1,1,"z[178,9]"
0.610444444444444,0.487676583479974,0,0,1,1,1,1.00015924929766,6458,1,1,"z[179,9]"
0.436444444444444,0.495971796940734,0,0,0,1,1,1.00130314024282,1387,1,1,"z[180,9]"
0.431111111111111,0.495259098347453,0,0,0,1,1,1.00205197060269,923,1,1,"z[181,9]"
114.613371076736,3.87788541187971,107.196176881591,112.107244086857,114.512718489646,116.923043774685,122.817284539195,1.00208491325546,1032,0,1,"deviance"
