"parameter","mean","sd","2.5%","25%","50%","75%","97.5%","Rhat","n.eff","overlap0","f"
"a.psi[1]",1.09075099743759,0.863823475388017,-0.385282191876532,0.482352485149758,1.03182521275725,1.62042773620742,2.97710230102513,1.00310238987676,626,1,0.907555555555556
"a.psi[2]",-0.0469586047865129,1.6156080007063,-3.27174367062183,-1.1226758159388,-0.0473414473104306,1.06257676422054,3.15474329118607,0.999926539688619,4500,1,0.512222222222222
"a.psi[3]",-2.00745299540851,0.982060751493062,-4.22007652852426,-2.60264163801451,-1.91335542280899,-1.31679809339603,-0.317360635901797,1.00040845019823,3414,0,0.991555555555556
"a.psi[4]",-1.57633046646158,0.927387651296721,-3.42499440822614,-2.18985311937325,-1.56907253548246,-0.979139260999395,0.303428959546347,1.00131833891513,1667,1,0.958444444444444
"b.psi.elev",-0.928074769166303,0.64974058414423,-2.20190089275971,-1.34638198545023,-0.920041657073211,-0.508934595033296,0.337951486890409,1.00100303860362,1923,1,0.930222222222222
"b.psi.water",-0.543182476409679,0.514598873238514,-1.60925574662002,-0.862728698181624,-0.503831281836642,-0.192777018715665,0.38962147640931,1.00004284500574,4500,1,0.862444444444444
"a.gam[1]",-1.1033708628055,0.454030327963826,-2.01768563196561,-1.39856462029701,-1.10846463086924,-0.816980212575171,-0.175795023059117,1.00063792062955,2752,0,0.989111111111111
"a.gam[2]",-0.0106463128456284,1.64952378798662,-3.15629953825812,-1.12672695192663,-0.0166599804412402,1.07873781291894,3.25380479494913,1.00020854662445,4500,1,0.504444444444444
"a.gam[3]",-0.62797917796917,0.418677957591682,-1.35701463148822,-0.911308400114195,-0.665460714919107,-0.381849071622628,0.29422871297704,1.0019749131231,1070,1,0.924888888888889
"a.gam[4]",-1.53222215059788,0.354989092084225,-2.22932352050025,-1.76753048226052,-1.53736947696712,-1.30472133895671,-0.810188637943352,1.00271068743988,820,0,0.999777777777778
"b.gam.elev",-0.259730004658014,0.215378451516604,-0.685804170170497,-0.401741743764642,-0.255494468719795,-0.121176076494431,0.166712953392935,1.00164116836497,1511,1,0.895777777777778
"b.gam.water",-0.0119324887839205,0.169263557786858,-0.347040253276237,-0.128846557134621,-0.00934777980935203,0.102180937202796,0.317258468066222,0.999844620466296,4500,1,0.519333333333333
"b.gam.road",-0.42814696873513,0.202990184284105,-0.867453014943907,-0.553358673115145,-0.41751126865486,-0.289650925046131,-0.0550994075047704,1.00244499293219,768,0,0.990444444444444
"b.gam.harv",-0.736120442448961,0.411009900181842,-1.77960627676039,-0.934195385602543,-0.641984608355781,-0.457519072674251,-0.158263243920637,1.00278833338237,864,0,0.997777777777778
"a.phi[1]",2.35418885837955,0.67428098515585,1.10431436120959,1.8901176110294,2.33719527445272,2.79567879733383,3.74500264963545,1.00098407437506,1536,0,1
"a.phi[2]",-0.0202879004165176,1.6200449809579,-3.11745258458648,-1.12361465189801,-0.00676337986778353,1.05396428785046,3.20962152195782,0.999951384653239,4500,1,0.502888888888889
"a.phi[3]",0.348579159597219,0.568019618928655,-0.759483038218243,-0.00902686457649415,0.349470205801492,0.716591085996972,1.47938282446803,1.00023979246986,4500,1,0.744222222222222
"a.phi[4]",0.21254026878477,0.586099117252882,-0.982382980984159,-0.168691890433502,0.215631847771343,0.60168093711487,1.32835638781904,1.00061362537488,2909,1,0.648666666666667
"b.phi.elev",-1.48802904621431,0.472890570116036,-2.51301564590648,-1.78278767424499,-1.45824628408286,-1.16517288154033,-0.629703144355259,1.00373425214793,750,0,0.999777777777778
"b.phi.water",0.814451911478052,0.344959121976584,0.163918369669406,0.582583388326059,0.80944375312255,1.03542990886088,1.51588606386311,1.00046812439046,4500,0,0.992888888888889
"b.phi.road",1.31391327668193,0.461248876430749,0.491542955316859,0.987806772869666,1.27660169602742,1.61399971926028,2.32042795179414,1.00319733945023,579,0,0.999333333333333
"b.phi.harv",-0.109587009969524,0.310452971723793,-0.750147005843527,-0.306209074254353,-0.101278652317108,0.096417479624418,0.464475747057524,0.999717640730382,4500,1,0.631777777777778
"a.p",-0.891986187413591,0.141717989125393,-1.17353174881821,-0.979469401424916,-0.888744457670965,-0.804959740716451,-0.608825611721094,1.00274996170057,3713,0,1
"b.p.ak",-0.00308297799107097,1.68305749168648,-3.30696484125476,-1.13156102527696,-0.0150367075857731,1.1109097791565,3.33728548859112,1.00097128519542,1649,1,0.503333333333333
"b.p.clutter",0.110063528730696,0.071892764473477,-0.0365330244716579,0.0633812294406144,0.11094810529489,0.158748916889799,0.244164880053812,1.00037940030105,3563,1,0.936888888888889
"b.p.temp",0.154947401122274,0.0636950595403619,0.0282282227401219,0.113077621288154,0.155188641925939,0.195861075346872,0.283769806276961,1.00111867554015,2218,0,0.993333333333333
"b.p.julian",-0.476749597377971,0.0865527670794216,-0.64662476739383,-0.533861044745404,-0.476001428950025,-0.41874238512666,-0.306370571881069,1.00189794263204,906,0,1
"sigma.gam",0.376809845468317,0.295113266024576,0.0127915492780702,0.155971039744344,0.314084893961598,0.523288049752113,1.10280694488168,1.00938940625834,231,0,1
"sigma.phi",0.812568106382849,0.594212894736131,0.041939175900484,0.365245315333803,0.711387860419111,1.12761024187942,2.2409122137765,1.00948415495126,366,0,1
"sigma.p",0.295603154568697,0.150837163379422,0.0633345512298851,0.193188885101062,0.273821640175793,0.373502711738954,0.641538083139619,1.00018160343905,4500,0,1
"eps.gam[1]",0.03027874623685,0.327851187902231,-0.658502585508837,-0.121027707560926,0.0117159296265458,0.180889977879946,0.743602868268378,1.00248923505742,4500,1,0.542444444444444
"eps.gam[2]",-0.245681445370399,0.41287878046475,-1.2641218238671,-0.420693580238907,-0.129930852574649,0.00450725739170068,0.335744340938239,1.0056729081432,938,1,0.730222222222222
"eps.gam[3]",-0.117687339077224,0.387870026392809,-1.136670630165,-0.262537519707004,-0.0438344795159824,0.0726405755098543,0.586570522248018,1.00029474275273,4500,1,0.600888888888889
"eps.gam[4]",0.2838375729565,0.384721830882817,-0.244489335142234,0.00867851608240956,0.183300805192742,0.496308923957149,1.22011632164472,1.00395869685991,645,1,0.775111111111111
"eps.gam[5]",0.0105749440200365,0.345239001496674,-0.715963425470167,-0.138359523600868,0.00250606122689084,0.161636261411221,0.749314713282957,1.00129599612309,4500,1,0.512222222222222
"eps.gam[6]",-0.0390962621112211,0.334130810721557,-0.810541133952749,-0.177108248633416,-0.00739192438063245,0.124152393917568,0.595700747018971,1.00084171704845,4500,1,0.528222222222222
"eps.gam[7]",-0.0763417546067049,0.345378572724351,-0.936177200601581,-0.220628948808637,-0.0189607320972059,0.0943078519214853,0.548086396628156,1.00166671278274,2177,1,0.559333333333333
"eps.gam[8]",-0.124703113007609,0.349946958978503,-0.968711829950272,-0.267574260708092,-0.0549451722162739,0.0578716054979174,0.472627372874494,1.00402931016651,1650,1,0.628222222222222
"eps.phi[1]",-0.789112435073457,0.961436761310426,-3.05471069344938,-1.36353501101514,-0.567513553036709,-0.0553952608188596,0.606952023371951,1.00261180745501,984,1,0.804888888888889
"eps.phi[2]",-0.232142628148389,0.623126910321452,-1.56194390928348,-0.580430964151588,-0.154998283498121,0.0888835482578819,1.07248813855058,1.00097793764503,3234,1,0.653111111111111
"eps.phi[3]",0.515488210043184,0.834829530618539,-0.636583943319489,-0.00847694209163048,0.295193137440385,0.879013747912111,2.61294381013751,1.00296295893216,2770,1,0.736
"eps.phi[4]",0.597787828191387,0.810705493273395,-0.459792777794563,0.0363017099267798,0.390003154225536,0.970365901781663,2.58110942398044,1.00425748975284,1870,1,0.795555555555556
"eps.phi[5]",-0.0785015435846964,0.498457072457936,-1.12175418178134,-0.349085634942628,-0.0566084978929169,0.169776063187006,1.00118947503822,1.00244519904925,4500,1,0.583111111111111
"eps.phi[6]",0.372126868016764,0.636588400723662,-0.60759934770492,-0.0202038484507126,0.241693356581524,0.670538460680562,1.95448021366593,1.00145972960375,4469,1,0.725111111111111
"eps.phi[7]",0.211727902730627,0.630329919669363,-0.819828303895662,-0.143543945130654,0.0874817278504568,0.49028053937417,1.76101578076231,1.00108979983193,4500,1,0.6
"eps.phi[8]",0.332232377926447,0.585385865952204,-0.608365852096629,-0.0344808194225686,0.214229893082982,0.650748641722825,1.68836627339493,1.00101386917756,3028,1,0.706222222222222
"eps.p[1]",-0.030143988274981,0.249283809674581,-0.558753831983237,-0.168215599281079,-0.0277747622570531,0.112622668539757,0.475760183922607,1.00044085368886,4500,1,0.553333333333333
"eps.p[2]",-0.0591314197313242,0.217345768661072,-0.525094381041096,-0.188948777603337,-0.0427230710368998,0.0734421947129003,0.346505298561558,1.00041033660777,4500,1,0.600444444444444
"eps.p[3]",-0.0137558710049358,0.209676788957153,-0.448156388979354,-0.139391735703029,-0.00942960919997393,0.11201875982188,0.40358852950792,1.00139598364738,1166,1,0.524222222222222
"eps.p[4]",-0.397095072042475,0.259485682870231,-0.980185506548411,-0.557320480063235,-0.370580386608952,-0.209626402891825,0.0243923601631121,0.999873051671667,4500,1,0.960666666666667
"eps.p[5]",-0.13711187699529,0.188175888055899,-0.544992168681715,-0.252757002144967,-0.12093817033072,-0.00891249346295439,0.19960448065419,1.00089393357039,1717,1,0.772222222222222
"eps.p[6]",0.108045055903965,0.182850851819151,-0.244404420439487,-0.00880407110506019,0.0938458366587831,0.223673374098897,0.492504572628651,1.000496955005,4500,1,0.728666666666667
"eps.p[7]",0.250109168355712,0.196867656013894,-0.0793452814276936,0.107709351950655,0.235068524075372,0.370766373875627,0.688927774952627,1.00050295656847,4500,1,0.918666666666667
"eps.p[8]",0.117354934619292,0.187177759004808,-0.23488001694783,-0.00254081640527745,0.103751859041971,0.234057671528282,0.508753938108596,1.00186332287462,4500,1,0.743555555555556
"eps.p[9]",0.0701688024118399,0.189331740175287,-0.295927068434847,-0.0502909759700297,0.0572900209274537,0.186350344319818,0.473175783483267,1.00020453568916,4500,1,0.635555555555556
"psi.fs[1]",0.237342942942943,0.0468851896604571,0.151351351351351,0.205405405405405,0.232432432432432,0.27027027027027,0.335135135135135,1.00095531622621,1718,0,1
"psi.fs[2]",0.256636636636637,0.0361893675967067,0.183783783783784,0.232432432432432,0.254054054054054,0.281081081081081,0.32972972972973,1.00114475929573,3170,0,1
"psi.fs[3]",0.234206606606607,0.0282283737645642,0.183783783783784,0.216216216216216,0.232432432432432,0.254054054054054,0.291891891891892,1.0014704380671,1361,0,1
"psi.fs[4]",0.290617417417417,0.0324801396633008,0.232432432432432,0.27027027027027,0.291891891891892,0.313513513513514,0.356756756756757,1.00116579998172,1580,0,1
"psi.fs[5]",0.358072072072072,0.0256508581060333,0.308108108108108,0.340540540540541,0.356756756756757,0.372972972972973,0.410810810810811,1.0041788630604,479,0,1
"psi.fs[6]",0.324034834834835,0.0239388483681047,0.281081081081081,0.308108108108108,0.324324324324324,0.340540540540541,0.372972972972973,1.00150091368836,1149,0,1
"psi.fs[7]",0.348696696696697,0.0213186276249322,0.308108108108108,0.335135135135135,0.345945945945946,0.362162162162162,0.394594594594595,1.00144148748959,1451,0,1
"psi.fs[8]",0.345748948948949,0.0279915392155851,0.291891891891892,0.32972972972973,0.345945945945946,0.362162162162162,0.4,1.0007875930036,1795,0,1
"psi.fs[9]",0.34793993993994,0.0275320488918751,0.291891891891892,0.32972972972973,0.345945945945946,0.367567567567568,0.4,1.00039832610033,3056,0,1
"psi.surv[1]",0.253967213114754,0.0423526433195188,0.19672131147541,0.229508196721311,0.245901639344262,0.278688524590164,0.344262295081967,1.00003507495066,4500,0,1
"psi.surv[2]",0.251918238993711,0.0323947426598869,0.19811320754717,0.226415094339623,0.245283018867925,0.273584905660377,0.320754716981132,1.00057305652384,2749,0,1
"psi.surv[3]",0.242146425495263,0.0290316723368179,0.193798449612403,0.224806201550388,0.24031007751938,0.263565891472868,0.302325581395349,1.0009981422954,1959,0,1
"psi.surv[4]",0.332447688564477,0.0380908747324083,0.262773722627737,0.306569343065693,0.328467153284672,0.357664233576642,0.408759124087591,1.00124637328801,1433,0,1
"psi.surv[5]",0.406657777777778,0.0293342480004498,0.352,0.384,0.408,0.424,0.472,1.00370497485062,591,0,1
"psi.surv[6]",0.334636838180462,0.0245070616767327,0.288590604026846,0.315436241610738,0.335570469798658,0.348993288590604,0.38255033557047,1.00214895574074,952,0,1
"psi.surv[7]",0.406296951819076,0.0242377734530834,0.36283185840708,0.389380530973451,0.407079646017699,0.424778761061947,0.460176991150442,1.00102829275197,2254,0,1
"psi.surv[8]",0.355453125,0.0260062422871311,0.3046875,0.3359375,0.3515625,0.375,0.40625,1.00095294461118,1790,0,1
"psi.surv[9]",0.329619293712317,0.0240270184385813,0.286821705426357,0.310077519379845,0.325581395348837,0.341085271317829,0.37984496124031,1.00205725273412,865,0,1
"n.occ[1]",43.9084444444444,8.67376008718455,28,38,43,50,62,1.00095531622621,1718,0,1
"n.occ[2]",47.4777777777778,6.69503300539074,34,43,47,52,61,1.00114475929573,3170,0,1
"n.occ[3]",43.3282222222222,5.22224914644437,34,40,43,47,54,1.0014704380671,1361,0,1
"n.occ[4]",53.7642222222222,6.00882583771065,43,50,54,58,66,1.00116579998172,1580,0,1
"n.occ[5]",66.2433333333333,4.74540874961615,57,63,66,69,76,1.0041788630604,479,0,1
"n.occ[6]",59.9464444444444,4.42868694809936,52,57,60,63,69,1.00150091368836,1149,0,1
"n.occ[7]",64.5088888888889,3.94394611061245,57,62,64,67,73,1.00144148748959,1451,0,1
"n.occ[8]",63.9635555555556,5.17843475488324,54,61,64,67,74,1.0007875930036,1795,0,1
"n.occ[9]",64.3688888888889,5.09342904499689,54,61,64,68,74,1.00039832610033,3056,0,1
"psi.reg[1,1]",0.575299145299145,0.117109494240578,0.358974358974359,0.487179487179487,0.564102564102564,0.666666666666667,0.794871794871795,1.00314955009859,657,0,1
"psi.reg[2,1]",0,0,0,0,0,0,0,NA,1,1,1
"psi.reg[3,1]",0.10847138047138,0.081691867352643,0,0.0606060606060606,0.0909090909090909,0.151515151515152,0.303030303030303,1.00022533281933,3813,1,1
"psi.reg[4,1]",0.337589098532495,0.106112523424627,0.150943396226415,0.264150943396226,0.339622641509434,0.39622641509434,0.566037735849057,1.00172633946848,1948,0,1
"psi.reg[1,2]",0.463099715099715,0.101459128660112,0.256410256410256,0.384615384615385,0.461538461538462,0.538461538461538,0.666666666666667,1.00228948850594,1147,0,1
"psi.reg[2,2]",0,0,0,0,0,0,0,NA,1,1,1
"psi.reg[3,2]",0.369676767676768,0.070094821964156,0.242424242424242,0.333333333333333,0.363636363636364,0.424242424242424,0.515151515151515,1.00227769500966,781,0,1
"psi.reg[4,2]",0.324859538784067,0.0556429352323646,0.226415094339623,0.283018867924528,0.320754716981132,0.358490566037736,0.433962264150943,1.00002429218793,4500,0,1
"psi.reg[1,3]",0.414757834757835,0.0794907838376469,0.256410256410256,0.358974358974359,0.41025641025641,0.461538461538462,0.564102564102564,1.00267873937419,713,0,1
"psi.reg[2,3]",0,0,0,0,0,0,0,NA,1,1,1
"psi.reg[3,3]",0.274760942760943,0.0567083958357168,0.181818181818182,0.242424242424242,0.272727272727273,0.303030303030303,0.393939393939394,0.999802238640305,4500,0,1
"psi.reg[4,3]",0.341236897274633,0.0453823564591218,0.264150943396226,0.30188679245283,0.339622641509434,0.377358490566038,0.433962264150943,1.00008824932698,4500,0,1
"psi.reg[1,4]",0.539002849002849,0.0679258814766453,0.41025641025641,0.487179487179487,0.538461538461538,0.58974358974359,0.666666666666667,1.00174464912618,1228,0,1
"psi.reg[2,4]",0,0,0,0,0,0,0,NA,1,1,1
"psi.reg[3,4]",0.373043771043771,0.0790388546621513,0.242424242424242,0.303030303030303,0.363636363636364,0.424242424242424,0.545454545454545,1.00105212075232,1591,0,1
"psi.reg[4,4]",0.385522012578616,0.0521491269315475,0.283018867924528,0.358490566037736,0.377358490566038,0.415094339622642,0.490566037735849,1.00071036751729,3280,0,1
"psi.reg[1,5]",0.56948717948718,0.0636539433585039,0.461538461538462,0.538461538461538,0.564102564102564,0.615384615384615,0.692307692307692,1.00144790964331,1790,0,1
"psi.reg[2,5]",0,0,0,0,0,0,0,NA,1,1,1
"psi.reg[3,5]",0.496498316498316,0.0610571944847685,0.393939393939394,0.454545454545455,0.484848484848485,0.545454545454545,0.636363636363636,1.00098955037517,1594,0,1
"psi.reg[4,5]",0.52167714884696,0.0423025723564338,0.442924528301887,0.490566037735849,0.528301886792453,0.547169811320755,0.60377358490566,1.00502614011113,399,0,1
"psi.reg[1,6]",0.544182336182336,0.0582767635736708,0.435897435897436,0.512820512820513,0.538461538461538,0.58974358974359,0.666666666666667,1.0005714088225,2245,0,1
"psi.reg[2,6]",0,0,0,0,0,0,0,NA,1,1,1
"psi.reg[3,6]",0.433723905723906,0.0567438730778444,0.333333333333333,0.393939393939394,0.424242424242424,0.484848484848485,0.545454545454545,1.00063353279575,3862,0,1
"psi.reg[4,6]",0.460574423480084,0.0450453307730076,0.377358490566038,0.433962264150943,0.452830188679245,0.490566037735849,0.547169811320755,1.00107110772302,1638,0,1
"psi.reg[1,7]",0.56814245014245,0.0495122263388941,0.487179487179487,0.538461538461538,0.564102564102564,0.58974358974359,0.666666666666667,1.0007334589042,2352,0,1
"psi.reg[2,7]",0,0,0,0,0,0,0,NA,1,1,1
"psi.reg[3,7]",0.443077441077441,0.0523998098454515,0.363636363636364,0.393939393939394,0.424242424242424,0.484848484848485,0.545454545454545,1.00283611976373,961,0,1
"psi.reg[4,7]",0.523203354297694,0.042996613097272,0.433962264150943,0.490566037735849,0.528301886792453,0.547169811320755,0.60377358490566,1.00007010881756,4500,0,1
"psi.reg[1,8]",0.606364672364672,0.0546483163167085,0.512820512820513,0.564102564102564,0.615384615384615,0.641025641025641,0.717948717948718,1.00072493658791,2451,0,1
"psi.reg[2,8]",0,0,0,0,0,0,0,NA,1,1,1
"psi.reg[3,8]",0.413239057239057,0.0595129252943403,0.303030303030303,0.363636363636364,0.393939393939394,0.454545454545455,0.545454545454545,1.00056280106552,2304,0,1
"psi.reg[4,8]",0.503366876310273,0.0601093754169197,0.377358490566038,0.471698113207547,0.509433962264151,0.547169811320755,0.622641509433962,1.00072467349696,2703,0,1
"psi.reg[1,9]",0.566205128205128,0.0614653986152583,0.461538461538462,0.512820512820513,0.564102564102564,0.615384615384615,0.692307692307692,1.0005176665001,2889,0,1
"psi.reg[2,9]",0,0,0,0,0,0,0,NA,1,1,1
"psi.reg[3,9]",0.406309764309764,0.0492484835488331,0.333333333333333,0.363636363636364,0.393939393939394,0.424242424242424,0.515151515151515,0.999781848067338,4500,0,1
"psi.reg[4,9]",0.544880503144654,0.0623350506790736,0.415094339622642,0.509433962264151,0.547169811320755,0.584905660377358,0.660377358490566,1.00029162614618,3430,0,1
"n.occ.reg[1,1]",22.4366666666667,4.56727027538255,14,19,22,26,31,1.00314955009859,657,0,1
"n.occ.reg[2,1]",0,0,0,0,0,0,0,NA,1,1,1
"n.occ.reg[3,1]",3.57955555555556,2.69583162263722,0,2,3,5,10,1.00022533281933,3813,1,1
"n.occ.reg[4,1]",17.8922222222222,5.62396374150521,8,14,18,21,30,1.00172633946848,1948,0,1
"n.occ.reg[1,2]",18.0608888888889,3.95690601774438,10,15,18,21,26,1.00228948850594,1147,0,1
"n.occ.reg[2,2]",0,0,0,0,0,0,0,NA,1,1,1
"n.occ.reg[3,2]",12.1993333333333,2.31312912481715,8,11,12,14,17,1.00227769500966,781,0,1
"n.occ.reg[4,2]",17.2175555555556,2.94907556731532,12,15,17,19,23,1.00002429218793,4500,0,1
"n.occ.reg[1,3]",16.1755555555556,3.10014056966823,10,14,16,18,22,1.00267873937419,713,0,1
"n.occ.reg[2,3]",0,0,0,0,0,0,0,NA,1,1,1
"n.occ.reg[3,3]",9.06711111111111,1.87137706257865,6,8,9,10,13,0.999802238640305,4500,0,1
"n.occ.reg[4,3]",18.0855555555556,2.40526489233345,14,16,18,20,23,1.00008824932698,4500,0,1
"n.occ.reg[1,4]",21.0211111111111,2.64910937758917,16,19,21,23,26,1.00174464912618,1228,0,1
"n.occ.reg[2,4]",0,0,0,0,0,0,0,NA,1,1,1
"n.occ.reg[3,4]",12.3104444444444,2.60828220385099,8,10,12,14,18,1.00105212075232,1591,0,1
"n.occ.reg[4,4]",20.4326666666667,2.76390372737202,15,19,20,22,26,1.00071036751729,3280,0,1
"n.occ.reg[1,5]",22.21,2.48250379098165,18,21,22,24,27,1.00144790964331,1790,0,1
"n.occ.reg[2,5]",0,0,0,0,0,0,0,NA,1,1,1
"n.occ.reg[3,5]",16.3844444444444,2.01488741799736,13,15,16,18,21,1.00098955037517,1594,0,1
"n.occ.reg[4,5]",27.6488888888889,2.24203633489099,23.475,26,28,29,32,1.00502614011113,399,0,1
"n.occ.reg[1,6]",21.2231111111111,2.27279377937316,17,20,21,23,26,1.0005714088225,2245,0,1
"n.occ.reg[2,6]",0,0,0,0,0,0,0,NA,1,1,1
"n.occ.reg[3,6]",14.3128888888889,1.87254781156886,11,13,14,16,18,1.00063353279575,3862,0,1
"n.occ.reg[4,6]",24.4104444444444,2.3874025309694,20,23,24,26,29,1.00107110772302,1638,0,1
"n.occ.reg[1,7]",22.1575555555556,1.93097682721687,19,21,22,23,26,1.0007334589042,2352,0,1
"n.occ.reg[2,7]",0,0,0,0,0,0,0,NA,1,1,1
"n.occ.reg[3,7]",14.6215555555556,1.7291937248999,12,13,14,16,18,1.00283611976373,961,0,1
"n.occ.reg[4,7]",27.7297777777778,2.27882049415542,23,26,28,29,32,1.00007010881756,4500,0,1
"n.occ.reg[1,8]",23.6482222222222,2.13128433635163,20,22,24,25,28,1.00072493658791,2451,0,1
"n.occ.reg[2,8]",0,0,0,0,0,0,0,NA,1,1,1
"n.occ.reg[3,8]",13.6368888888889,1.96392653471323,10,12,13,15,18,1.00056280106552,2304,0,1
"n.occ.reg[4,8]",26.6784444444444,3.18579689709675,20,25,27,29,33,1.00072467349696,2703,0,1
"n.occ.reg[1,9]",22.082,2.39715054599507,18,20,22,24,27,1.0005176665001,2889,0,1
"n.occ.reg[2,9]",0,0,0,0,0,0,0,NA,1,1,1
"n.occ.reg[3,9]",13.4082222222222,1.62519995711149,11,12,13,14,17,0.999781848067338,4500,0,1
"n.occ.reg[4,9]",28.8786666666667,3.3037576859909,22,27,29,31,35,1.00029162614618,3430,0,1
"psi.reg.init[1]",0.71889970143207,0.148947523377373,0.404853535121018,0.618303225353833,0.737269596780454,0.834854111407584,0.951528379524599,1.00426512666627,492,0,1
"psi.reg.init[2]",0.492424630738274,0.282166279552199,0.0365533714050581,0.245515326050414,0.488166848289878,0.743182659559689,0.959094940995345,0.999926075504974,4500,0,1
"psi.reg.init[3]",0.151933130906591,0.108099055163475,0.0144846460816772,0.0689686077780453,0.128604358435308,0.211351510932924,0.421319118173644,1.00040420244279,3505,0,1
"psi.reg.init[4]",0.205079697362908,0.14067301633953,0.0315233935659701,0.100665400309695,0.172348655070594,0.273062606541593,0.575280523675455,1.00033401736788,3009,0,1
"gamma.reg[1,1]",0.266304624902997,0.0991141642896473,0.110349335277654,0.196186090326223,0.253943748086805,0.321380318310138,0.49356468911793,1.00022173911617,4500,0,1
"gamma.reg[2,1]",0.502381915733635,0.288652925133614,0.0403281009429958,0.244720862706859,0.508559307617734,0.756249027112127,0.96661660915638,0.999856844908024,4500,0,1
"gamma.reg[3,1]",0.361107144775843,0.105742003485193,0.18378719472325,0.288015771234327,0.348663690187761,0.419775147345725,0.608079519620965,1.00173972483314,1011,0,1
"gamma.reg[4,1]",0.190517408711386,0.06650373314851,0.0866452462747909,0.145536767458904,0.181544077445489,0.22551956123969,0.347576083731313,1.00655225003117,640,0,1
"gamma.reg[1,2]",0.219403551045494,0.0868804197579285,0.0722518615300937,0.156543082685467,0.212916427543203,0.272695648994515,0.413573739564609,1.001987221461,1195,0,1
"gamma.reg[2,2]",0.457371702412312,0.288952514337964,0.0273491181725313,0.194128429283252,0.439449853787681,0.707696497157834,0.958530207432923,1.00036329630622,3675,0,1
"gamma.reg[3,2]",0.305487285846777,0.104973763065758,0.122091895891332,0.233196050351949,0.297791843380049,0.368635141494864,0.541141251868817,1.00115634742161,4500,0,1
"gamma.reg[4,2]",0.154096946039688,0.0577237203605379,0.0547605482842873,0.113934749323563,0.149595147116675,0.188651764515519,0.281601726372372,1.00179758881211,4162,0,1
"gamma.reg[1,3]",0.241151540861525,0.0948471001791634,0.0814863253754016,0.175390267445816,0.231707739585371,0.296615181924464,0.453988826927787,1.00125322956126,4500,0,1
"gamma.reg[2,3]",0.478574488368979,0.287668937016644,0.0302644506800299,0.221783165616065,0.473853244358792,0.728588388074273,0.960071580867811,1.00004088137796,4500,0,1
"gamma.reg[3,3]",0.330981451607197,0.110656079753795,0.145260379280803,0.254987725156871,0.317707571383479,0.392922274756386,0.58519781418761,1.00179057484029,1368,0,1
"gamma.reg[4,3]",0.170861091021685,0.0645109025497173,0.0630027567341357,0.127325539390941,0.164568346752183,0.206361954853693,0.318807469550864,1.00785823009333,883,0,1
"gamma.reg[1,4]",0.316658115432373,0.115704358967814,0.138630499828405,0.231310397841152,0.300140052612972,0.38338805145986,0.589149977525119,1.00216161312949,1364,0,1
"gamma.reg[2,4]",0.54332323843667,0.288145903227532,0.0479977965854279,0.292488673269127,0.561190170234638,0.804422655921369,0.972947579471074,0.999843220865728,4500,0,1
"gamma.reg[3,4]",0.418373859510584,0.126310442920463,0.226160708737608,0.325695344657234,0.398558044848705,0.493130234913683,0.713370553073052,1.00481356102634,410,0,1
"gamma.reg[4,4]",0.232665805573593,0.0842475823059497,0.109773820878342,0.172152958254524,0.217578675652271,0.275711822922318,0.439665336844666,1.00862039752964,295,0,1
"gamma.reg[1,5]",0.262744847909865,0.0976881381342959,0.106961910170625,0.193892923666991,0.250765181350169,0.31646866365629,0.491321068541166,1.00007300572375,4500,0,1
"gamma.reg[2,5]",0.498691982586774,0.289200112274333,0.0381424742458657,0.239317277062373,0.497915207705284,0.753754049486865,0.964945795526359,1.00004837333964,4500,0,1
"gamma.reg[3,5]",0.357780899633727,0.113752029517048,0.173438559888139,0.278948851541563,0.342760798672565,0.422287091273924,0.625291220416405,1.00102242719765,1890,0,1
"gamma.reg[4,5]",0.188283064031991,0.0678441408170983,0.0835154326031702,0.142159044377023,0.179446201356305,0.223108744084311,0.346429826917323,1.00303979844543,1273,0,1
"gamma.reg[1,6]",0.253493578992264,0.0925344561182371,0.0982716949540503,0.188177638357809,0.244419511702879,0.306806390436696,0.465899676091253,1.00047483019763,3354,0,1
"gamma.reg[2,6]",0.490967790842449,0.288860744386597,0.0347809472170772,0.23123865250043,0.489556346656938,0.74507677120114,0.961235240275487,1.00002773609504,4500,0,1
"gamma.reg[3,6]",0.345912720712949,0.100948073550782,0.17586627321666,0.274838941690107,0.334621045337371,0.406355672682345,0.57769469288955,1.00209784264536,2311,0,1
"gamma.reg[4,6]",0.179753864781067,0.0598318828156605,0.0802588957225165,0.138229846636963,0.172898900071921,0.214249206611125,0.316106422869939,1.00260177281465,2358,0,1
"gamma.reg[1,7]",0.246316513781284,0.0895678099180352,0.0982026082636891,0.184423954758641,0.236912306863264,0.299103130831775,0.449328817098787,1.001110188669,1652,0,1
"gamma.reg[2,7]",0.484669649396464,0.288615289298958,0.0331747814891588,0.226809615790381,0.477568544712063,0.735332974603395,0.962801311686476,1.00014526309461,4500,0,1
"gamma.reg[3,7]",0.338421064972352,0.102479042550181,0.162187961000824,0.267058874539294,0.327558057615977,0.397719703377497,0.567837165356836,1.00149821887196,2960,0,1
"gamma.reg[4,7]",0.17576209975381,0.0625164849367735,0.0700294284875012,0.132277817561321,0.170004291349534,0.211009328862467,0.322590071487824,1.00210170120088,2207,0,1
"gamma.reg[1,8]",0.23887707312524,0.090011838259441,0.0870138523590507,0.174853394134865,0.22992397447227,0.292350159771517,0.442591157723323,1.00066828333424,3640,0,1
"gamma.reg[2,8]",0.476830937120049,0.289033412219555,0.032554736071125,0.215888517627301,0.467071547894796,0.730271507178425,0.960189972056382,1.00017005038004,4500,0,1
"gamma.reg[3,8]",0.328328707413241,0.100828232646966,0.154043955404027,0.259221239001213,0.31950000622712,0.387302278498662,0.554357203404205,1.00243000375338,4500,0,1
"gamma.reg[4,8]",0.168736451514941,0.0589920877537043,0.0659595475691727,0.12719350410271,0.162699334284059,0.205407319282121,0.297191534054419,1.00194995601213,4500,0,1
"phi.reg[1,1]",0.783956600403605,0.166969526463429,0.351242441440126,0.704130970222416,0.835491932204767,0.910271061471138,0.97099679570129,0.999962114735451,4500,0,1
"phi.reg[2,1]",0.375429215945822,0.290673964815425,0.0101118531520673,0.116251977393894,0.310942812681121,0.603814711547242,0.946000020428201,0.999855784707124,4500,0,1
"phi.reg[3,1]",0.419943283320247,0.21345575280328,0.0500451991848142,0.241473804738851,0.430603916040087,0.588091620140666,0.806396192568267,1.00094939940642,1587,0,1
"phi.reg[4,1]",0.392852757203127,0.208491200468931,0.0472207311057243,0.216453109165368,0.397036453715447,0.554196827232906,0.778998275841793,1.00092192760319,1689,0,1
"phi.reg[1,2]",0.868844132633614,0.0899078107064471,0.627248150873742,0.825477581338929,0.890912669526858,0.934223470737872,0.979417453703562,1.00081813622101,2846,0,1
"phi.reg[2,2]",0.458011568881188,0.291134401868544,0.0264768273600643,0.194540785735959,0.437047694571013,0.70964884922854,0.96059153665541,0.999803316595956,4500,0,1
"phi.reg[3,2]",0.526554103037677,0.160334436677486,0.202872296297998,0.415714763254942,0.534752266831136,0.6411349175602,0.817617639993214,1.00013187217538,4500,0,1
"phi.reg[4,2]",0.496770647100046,0.169010695213699,0.164756978351788,0.375128383527099,0.50572111152746,0.620025557576776,0.811521673256899,1.00017261117521,4500,0,1
"phi.reg[1,3]",0.924588017211119,0.0595652996408285,0.76963894664455,0.896979819749079,0.939244319002811,0.968776677420155,0.995122275660885,1.00450450355945,820,0,1
"phi.reg[2,3]",0.574653524753727,0.292938237656589,0.0503466495712835,0.323253894893061,0.603888741092567,0.842351059896752,0.986458254295344,1.00007754835654,4500,0,1
"phi.reg[3,3]",0.674090854507512,0.155600781444986,0.358326945688922,0.566205538777326,0.676415987929927,0.788074712699065,0.951151206799064,1.00093950439348,2513,0,1
"phi.reg[4,3]",0.64747793923816,0.163718560091816,0.318924401349874,0.535303190577647,0.650840633616227,0.768641532292256,0.942778675183504,1.00172716935534,1307,0,1
"phi.reg[1,4]",0.93062034540622,0.0553085513879956,0.786970466944004,0.904793541794941,0.944552294323075,0.971197060544739,0.99466405467569,1.0021697962277,1243,0,1
"phi.reg[2,4]",0.588089419253746,0.290725714520555,0.0536918066019214,0.342807245896814,0.631416201506157,0.849685784492942,0.986632030395303,1.00044109790602,3462,0,1
"phi.reg[3,4]",0.691272019736481,0.146619376128665,0.394306540942178,0.590621718948195,0.695266231367941,0.799853221862805,0.952003890733835,1.00074177939884,2456,0,1
"phi.reg[4,4]",0.665269610981757,0.156873582101812,0.343202349893332,0.555400763073596,0.670133600950788,0.782183282027301,0.941457297586599,1.00125129417692,1520,0,1
"phi.reg[1,5]",0.889024491294184,0.0692713664307903,0.716923562654916,0.854747916381762,0.904032084299113,0.93984515256409,0.977643750798405,1.00301711547646,870,0,1
"phi.reg[2,5]",0.483369547183486,0.289064466555553,0.0323037203134018,0.220454723035249,0.48015069184462,0.736216431598013,0.964074580890189,0.999959692701624,4500,0,1
"phi.reg[3,5]",0.561516911120975,0.140406536767981,0.277646884672932,0.464763646175179,0.565257914979681,0.661629948609344,0.817470636590323,1.00017913505165,4283,0,1
"phi.reg[4,5]",0.530829699554413,0.141780523441836,0.252366981086705,0.432334116218353,0.53509610997164,0.633388274279634,0.79710764843636,0.999849968585355,4500,0,1
"phi.reg[1,6]",0.922051013506265,0.0538689578064604,0.781910420298052,0.895867592290305,0.933953902458368,0.961171379892561,0.989783811559758,1.00130567686048,1480,0,1
"phi.reg[2,6]",0.55512495846174,0.291869507667729,0.0452135213919044,0.302221177621777,0.579837073842364,0.822127779604717,0.978837329777051,0.999947069491873,4500,0,1
"phi.reg[3,6]",0.653996329934716,0.139450052651038,0.376358415877064,0.558909243083246,0.654739351579087,0.754544671665306,0.915807739226284,1.00039906969794,3392,0,1
"phi.reg[4,6]",0.626857467330613,0.147736135263591,0.322516244913705,0.524606432769,0.634476028215324,0.73504601516832,0.889329033864204,0.999927562749936,4500,0,1
"phi.reg[1,7]",0.908467419223182,0.0649890772869807,0.746255133923492,0.876520586569352,0.92366988978766,0.955749962835087,0.989589065584909,1.00137034847676,1281,0,1
"phi.reg[2,7]",0.530460917730932,0.294175721634101,0.0386400819960545,0.264484231667304,0.546085326768314,0.797525341009021,0.975606573902643,1.0000576632085,4500,0,1
"phi.reg[3,7]",0.622089930236359,0.14413959605387,0.340528148832706,0.525661125086192,0.625357217277773,0.721763814747856,0.895616568130987,1.00058006135502,2655,0,1
"phi.reg[4,7]",0.591798568369971,0.15494047186779,0.292088376935316,0.480260075405785,0.59599612336608,0.700769045834792,0.881424503150476,1.00050630058247,2484,0,1
"phi.reg[1,8]",0.920400413933233,0.0540902308575635,0.785583942523529,0.893334272258374,0.933384599680776,0.960509635160266,0.987447137860364,1.00446048972781,677,0,1
"phi.reg[2,8]",0.550432504544051,0.290168409130257,0.0505662622232995,0.297550764780918,0.578618312534043,0.81171790622981,0.976410826761096,1.00004479412937,4500,0,1
"phi.reg[3,8]",0.649921232927372,0.132200620355991,0.38573089037864,0.559053978947243,0.654989403446838,0.74472328262797,0.88736214897082,1.00074189782056,1908,0,1
"phi.reg[4,8]",0.619126529034685,0.147960622919621,0.321451889884765,0.515935800293214,0.624595048569743,0.726529401232456,0.885164157791059,1.00042508803009,3966,0,1
"ext.reg[1,1]",0.216043399596395,0.166969526463429,0.02900320429871,0.0897289385288623,0.164508067795233,0.295869029777584,0.648757558559874,0.999962114735451,4500,0,1
"ext.reg[2,1]",0.624570784054178,0.290673964815425,0.0539999795717989,0.396185288452758,0.689057187318879,0.883748022606106,0.989888146847933,0.999855784707124,4500,0,1
"ext.reg[3,1]",0.580056716679753,0.21345575280328,0.193603807431733,0.411908379859334,0.569396083959913,0.758526195261149,0.949954800815186,1.00094939940642,1587,0,1
"ext.reg[4,1]",0.607147242796873,0.208491200468931,0.221001724158207,0.445803172767094,0.602963546284553,0.783546890834632,0.952779268894276,1.00092192760319,1689,0,1
"ext.reg[1,2]",0.131155867366386,0.0899078107064471,0.020582546296438,0.0657765292621277,0.109087330473142,0.17452241866107,0.372751849126257,1.00081813622101,2846,0,1
"ext.reg[2,2]",0.541988431118812,0.291134401868544,0.0394084633445904,0.29035115077146,0.562952305428987,0.805459214264041,0.973523172639935,0.999803316595956,4500,0,1
"ext.reg[3,2]",0.473445896962323,0.160334436677486,0.182382360006785,0.3588650824398,0.465247733168865,0.584285236745058,0.797127703702002,1.00013187217538,4500,0,1
"ext.reg[4,2]",0.503229352899954,0.169010695213699,0.188478326743101,0.379974442423224,0.49427888847254,0.624871616472901,0.835243021648212,1.00017261117521,4500,0,1
"ext.reg[1,3]",0.0754119827888805,0.0595652996408285,0.00487772433911538,0.0312233225798446,0.0607556809971889,0.103020180250921,0.230361053355449,1.00450450355945,820,0,1
"ext.reg[2,3]",0.425346475246273,0.292938237656589,0.0135417457046559,0.157648940103248,0.396111258907433,0.676746105106939,0.949653350428716,1.00007754835654,4500,0,1
"ext.reg[3,3]",0.325909145492488,0.155600781444986,0.0488487932009361,0.211925287300935,0.323584012070073,0.433794461222674,0.641673054311078,1.00093950439348,2513,0,1
"ext.reg[4,3]",0.35252206076184,0.163718560091816,0.0572213248164956,0.231358467707744,0.349159366383773,0.464696809422353,0.681075598650125,1.00172716935534,1307,0,1
"ext.reg[1,4]",0.0693796545937797,0.0553085513879956,0.00533594532431004,0.0288029394552615,0.0554477056769253,0.0952064582050586,0.213029533055996,1.0021697962277,1243,0,1
"ext.reg[2,4]",0.411910580746254,0.290725714520555,0.0133679696046974,0.150314215507058,0.368583798493843,0.657192754103186,0.946308193398078,1.00044109790602,3462,0,1
"ext.reg[3,4]",0.308727980263519,0.146619376128665,0.0479961092661649,0.200146778137195,0.304733768632059,0.409378281051805,0.605693459057822,1.00074177939884,2456,0,1
"ext.reg[4,4]",0.334730389018243,0.156873582101812,0.0585427024134011,0.217816717972699,0.329866399049212,0.444599236926404,0.656797650106667,1.00125129417692,1520,0,1
"ext.reg[1,5]",0.110975508705816,0.0692713664307903,0.0223562492015947,0.0601548474359102,0.0959679157008865,0.145252083618238,0.283076437345084,1.00301711547646,870,0,1
"ext.reg[2,5]",0.516630452816514,0.289064466555553,0.0359254191098109,0.263783568401987,0.519849308155381,0.779545276964751,0.967696279686598,0.999959692701624,4500,0,1
"ext.reg[3,5]",0.438483088879025,0.140406536767981,0.182529363409677,0.338370051390656,0.434742085020319,0.535236353824821,0.722353115327068,1.00017913505165,4283,0,1
"ext.reg[4,5]",0.469170300445587,0.141780523441836,0.20289235156364,0.366611725720366,0.46490389002836,0.567665883781647,0.747633018913295,0.999849968585355,4500,0,1
"ext.reg[1,6]",0.0779489864937355,0.0538689578064604,0.0102161884402424,0.0388286201074391,0.0660460975416319,0.104132407709695,0.218089579701948,1.00130567686048,1480,0,1
"ext.reg[2,6]",0.44487504153826,0.291869507667729,0.0211626702229485,0.177872220395283,0.420162926157636,0.697778822378223,0.954786478608096,0.999947069491873,4500,0,1
"ext.reg[3,6]",0.346003670065284,0.139450052651038,0.0841922607737158,0.245455328334694,0.345260648420913,0.441090756916754,0.623641584122936,1.00039906969794,3392,0,1
"ext.reg[4,6]",0.373142532669387,0.147736135263591,0.110670966135796,0.26495398483168,0.365523971784676,0.475393567231,0.677483755086295,0.999927562749936,4500,0,1
"ext.reg[1,7]",0.0915325807768177,0.0649890772869807,0.0104109344150912,0.0442500371649135,0.0763301102123397,0.123479413430648,0.253744866076508,1.00137034847676,1281,0,1
"ext.reg[2,7]",0.469539082269068,0.294175721634101,0.0243934260973564,0.202474658990979,0.453914673231686,0.735515768332696,0.961359918003945,1.0000576632085,4500,0,1
"ext.reg[3,7]",0.377910069763641,0.14413959605387,0.104383431869013,0.278236185252144,0.374642782722227,0.474338874913808,0.659471851167294,1.00058006135502,2655,0,1
"ext.reg[4,7]",0.408201431630029,0.15494047186779,0.118575496849524,0.299230954165208,0.40400387663392,0.519739924594214,0.707911623064684,1.00050630058247,2484,0,1
"ext.reg[1,8]",0.0795995860667665,0.0540902308575635,0.0125528621396359,0.0394903648397339,0.0666154003192235,0.106665727741626,0.214416057476471,1.00446048972781,677,0,1
"ext.reg[2,8]",0.449567495455949,0.290168409130257,0.0235891732389037,0.18828209377019,0.421381687465957,0.702449235219083,0.9494337377767,1.00004479412937,4500,0,1
"ext.reg[3,8]",0.350078767072628,0.132200620355991,0.11263785102918,0.25527671737203,0.345010596553162,0.440946021052757,0.61426910962136,1.00074189782056,1908,0,1
"ext.reg[4,8]",0.380873470965315,0.147960622919621,0.11483584220894,0.273470598767544,0.375404951430257,0.484064199706786,0.678548110115235,1.00042508803009,3966,0,1
"mean.gamma.reg[1]",0.25561873075638,0.0768258131959686,0.123215953351852,0.202007279129128,0.247847658811326,0.301427710518736,0.427103637835469,1.00040591025645,3656,0,1
"mean.gamma.reg[2]",0.491601463112166,0.282969609823951,0.0411570488147101,0.241558338090896,0.490298279638757,0.73654853968305,0.959319870001953,1.00006694009974,4500,0,1
"mean.gamma.reg[3]",0.348299141809084,0.0850509370107168,0.212172635501677,0.288534777086345,0.336579773929113,0.397433923181482,0.545259786960204,1.00188597501497,1083,0,1
"mean.gamma.reg[4]",0.18258459142852,0.0464448165228359,0.105408611896021,0.149719005709712,0.178217349352362,0.210746554005606,0.286553422549419,1.00508411067169,610,0,1
"mean.phi.reg[1]",0.893494054201428,0.05286102003701,0.768320658761777,0.863205568936009,0.902460465115361,0.932913660456741,0.97211911353106,1.00281172632503,1280,0,1
"mean.phi.reg[2]",0.514446457094336,0.271655064935289,0.0505923634743919,0.280945746187344,0.525331129762792,0.747424636296844,0.95745095243536,0.999904706094229,4500,0,1
"mean.phi.reg[3]",0.599923083102667,0.10073602040718,0.406585866837659,0.532238799728364,0.599482284441946,0.669487049024954,0.797955555940314,1.00034755614347,4376,0,1
"mean.phi.reg[4]",0.571372902351596,0.108995919874693,0.348537496256725,0.498073480308906,0.574640094158934,0.650339190930915,0.768314151923274,1.00118324851172,3526,0,1
"mean.ext.reg[1]",0.106505945798572,0.05286102003701,0.0278808864689397,0.0670863395432589,0.0975395348846385,0.136794431063991,0.231679341238223,1.00281172632503,1280,0,1
"mean.ext.reg[2]",0.485553542905663,0.271655064935289,0.0425490475646398,0.252575363703156,0.474668870237208,0.719054253812656,0.949407636525608,0.999904706094229,4500,0,1
"mean.ext.reg[3]",0.400076916897333,0.10073602040718,0.202044444059686,0.330512950975046,0.400517715558054,0.467761200271636,0.593414133162341,1.00034755614347,4376,0,1
"mean.ext.reg[4]",0.428627097648404,0.108995919874693,0.231685848076726,0.349660809069085,0.425359905841066,0.501926519691094,0.651462503743275,1.00118324851172,3526,0,1
"equilib.reg[1]",0.71332428063604,0.0912377122642064,0.528052974988902,0.65382236578617,0.71521314754815,0.777315368831851,0.880709394439174,1.00095345243258,1754,0,1
"equilib.reg[2]",0.499026773982417,0.227305745983666,0.0703918665845938,0.339057683067075,0.500967301721196,0.663686183794978,0.918899454991378,1.00000612422593,4500,0,1
"equilib.reg[3]",0.467572634805236,0.0749198616030058,0.333231102549177,0.415755522454972,0.462619875873871,0.51428783159393,0.628898107210872,1.00251020798639,741,0,1
"equilib.reg[4]",0.303777485948366,0.0705805665263665,0.185791596395768,0.254321883709287,0.298446826723834,0.347247456603212,0.46024691201086,1.00120299240413,2322,0,1
"mean.p",0.291558374396092,0.0291649867617946,0.236217198319242,0.272997078829697,0.291368995835988,0.308965583131046,0.352327141329299,1.00280571400873,3332,0,1
"p.year[1]",0.287300813524709,0.0510925421510706,0.188123060983926,0.254497857546462,0.286499665468965,0.317501555020628,0.397571831705007,1.00019704293155,4500,0,1
"p.year[2]",0.280783073551547,0.0434555544970715,0.196043020689292,0.252744797990707,0.280980946578727,0.308529745357422,0.368140271391796,1.00036347903141,4500,0,1
"p.year[3]",0.289774663607242,0.0430842976779503,0.209338684236162,0.26183369949459,0.288840073420849,0.315728139512298,0.379234122605246,1.00058409342458,3136,0,1
"p.year[4]",0.219136418479528,0.0429053485337365,0.13903750664305,0.188311840607066,0.217526487098844,0.249014719395115,0.302716096239015,1.00038902516329,2851,0,1
"p.year[5]",0.264640106598319,0.0334841787272229,0.200034751705167,0.24193602810951,0.264293956833511,0.287171214419151,0.331028545906024,1.00261159787474,689,0,1
"p.year[6]",0.314572890769436,0.0360437810017925,0.249850056877266,0.289847160434816,0.311797018658538,0.336932089416615,0.392568828364502,1.00150029207682,1602,0,1
"p.year[7]",0.345879454882994,0.0397755118085345,0.275315381688593,0.317054274987278,0.343468993171119,0.371489741455605,0.428098468283964,1.00040904466851,4500,0,1
"p.year[8]",0.316617414285362,0.0367192811840058,0.248776783110282,0.290880111928506,0.315079606747217,0.340040115661203,0.392875792023943,1.00180575438943,1295,0,1
"p.year[9]",0.306600276402443,0.0369192240462923,0.241235749200852,0.280679629245114,0.303341551215591,0.330281793012211,0.385446061090149,1.00008928447003,4500,0,1
"z[1,1]",0.0884444444444445,0.28397173218309,0,0,0,0,1,0.999784251670526,4500,1,1
"z[2,1]",0.0455555555555556,0.208542349028494,0,0,0,0,1,1.00112768132422,4500,1,1
"z[3,1]",0.107555555555556,0.309852696115214,0,0,0,0,1,1.00156994215793,2743,1,1
"z[4,1]",0.0397777777777778,0.195458425118277,0,0,0,0,1,1.00498840363351,2449,1,1
"z[5,1]",0.686888888888889,0.463810680915818,0,0,1,1,1,1.00126296597407,1461,1,1
"z[6,1]",0.406666666666667,0.491266242031879,0,0,0,1,1,1.00258932920147,713,1,1
"z[7,1]",0.530444444444444,0.499127736847838,0,0,1,1,1,0.999811509149647,4500,1,1
"z[8,1]",0.118888888888889,0.323693689929004,0,0,0,0,1,1.00243586829854,1716,1,1
"z[9,1]",0.772444444444444,0.419300720566829,0,1,1,1,1,1.00020676595627,4500,1,1
"z[10,1]",0.284444444444444,0.451199559730334,0,0,0,1,1,1.00112761525664,1684,1,1
"z[11,1]",0,0,0,0,0,0,0,NA,1,1,1
"z[12,1]",0,0,0,0,0,0,0,NA,1,1,1
"z[13,1]",0,0,0,0,0,0,0,NA,1,1,1
"z[14,1]",0,0,0,0,0,0,0,NA,1,1,1
"z[15,1]",0.285555555555556,0.451728819841134,0,0,0,1,1,1.00046761430479,3066,1,1
"z[16,1]",1,0,1,1,1,1,1,NA,1,0,1
"z[17,1]",0.327777777777778,0.46945551588082,0,0,0,1,1,0.99973725515248,4500,1,1
"z[18,1]",0.154444444444444,0.361414422480432,0,0,0,0,1,0.999668058286875,4500,1,1
"z[19,1]",0.0471111111111111,0.211900053000311,0,0,0,0,1,1.00405600823965,2519,1,1
"z[20,1]",0.161333333333333,0.367879006366473,0,0,0,0,1,1.00018936516578,4500,1,1
"z[21,1]",0.163777777777778,0.370114925946038,0,0,0,0,1,0.999904583110216,4500,1,1
"z[22,1]",1,0,1,1,1,1,1,NA,1,0,1
"z[23,1]",0.608222222222222,0.488201715753971,0,0,1,1,1,1.00016909774132,4175,1,1
"z[24,1]",1,0,1,1,1,1,1,NA,1,0,1
"z[25,1]",0.0166666666666667,0.128033322512951,0,0,0,0,0,1.01295299128859,2259,1,1
"z[26,1]",0.565555555555556,0.495738925061016,0,0,1,1,1,0.999912588592368,4500,1,1
"z[27,1]",0.692222222222222,0.461625359343403,0,0,1,1,1,1.00054141567758,2682,1,1
"z[28,1]",0.119333333333333,0.32421635994367,0,0,0,0,1,0.999914946981827,4500,1,1
"z[29,1]",0.0653333333333333,0.247140571093493,0,0,0,0,1,1.00396624622044,1900,1,1
"z[30,1]",0.705111111111111,0.456043472609393,0,0,1,1,1,1.00062521535868,2506,1,1
"z[31,1]",0.289777777777778,0.453709557154509,0,0,0,1,1,1.00076136211961,2226,1,1
"z[32,1]",0.687555555555556,0.463541435706004,0,0,1,1,1,0.999924239474496,4500,1,1
"z[33,1]",0.232444444444444,0.422437783661604,0,0,0,0,1,1.0001911563242,4500,1,1
"z[34,1]",0.154,0.360988861926802,0,0,0,0,1,1.00061205434623,4054,1,1
"z[35,1]",0.262888888888889,0.440251510398533,0,0,0,1,1,1.00012069431681,4500,1,1
"z[36,1]",0.334222222222222,0.471770270121085,0,0,0,1,1,1.00047188027317,2796,1,1
"z[37,1]",0.471333333333333,0.499233019208792,0,0,0,1,1,1.0020493655155,847,1,1
"z[38,1]",0.420222222222222,0.493649328400729,0,0,0,1,1,0.999761878315438,4500,1,1
"z[39,1]",0.664,0.472391352256365,0,0,1,1,1,1.00026769948707,3738,1,1
"z[40,1]",0.680888888888889,0.466183981790052,0,0,1,1,1,1.00039256042244,3173,1,1
"z[41,1]",0,0,0,0,0,0,0,NA,1,1,1
"z[42,1]",0,0,0,0,0,0,0,NA,1,1,1
"z[43,1]",0.213333333333333,0.409706632041442,0,0,0,0,1,1.00053968410431,3423,1,1
"z[44,1]",0.0544444444444444,0.22691780342505,0,0,0,0,1,1.00279838773676,3094,1,1
"z[45,1]",0.253111111111111,0.434842380726248,0,0,0,1,1,0.99975432358497,4500,1,1
"z[46,1]",0.355111111111111,0.478600158461255,0,0,0,1,1,1.00021612081867,3971,1,1
"z[47,1]",0,0,0,0,0,0,0,NA,1,1,1
"z[48,1]",0,0,0,0,0,0,0,NA,1,1,1
"z[49,1]",0,0,0,0,0,0,0,NA,1,1,1
"z[50,1]",0,0,0,0,0,0,0,NA,1,1,1
"z[51,1]",0,0,0,0,0,0,0,NA,1,1,1
"z[52,1]",0,0,0,0,0,0,0,NA,1,1,1
"z[53,1]",0,0,0,0,0,0,0,NA,1,1,1
"z[54,1]",0,0,0,0,0,0,0,NA,1,1,1
"z[55,1]",0,0,0,0,0,0,0,NA,1,1,1
"z[56,1]",0,0,0,0,0,0,0,NA,1,1,1
"z[57,1]",0.0537777777777778,0.225603720820688,0,0,0,0,1,1.00717068215727,1296,1,1
"z[58,1]",0.0126666666666667,0.111843649799372,0,0,0,0,0,1.0010847481325,4500,1,1
"z[59,1]",1,0,1,1,1,1,1,NA,1,0,1
"z[60,1]",1,0,1,1,1,1,1,NA,1,0,1
"z[61,1]",0,0,0,0,0,0,0,NA,1,1,1
"z[62,1]",0,0,0,0,0,0,0,NA,1,1,1
"z[63,1]",0,0,0,0,0,0,0,NA,1,1,1
"z[64,1]",0,0,0,0,0,0,0,NA,1,1,1
"z[65,1]",0,0,0,0,0,0,0,NA,1,1,1
"z[66,1]",0,0,0,0,0,0,0,NA,1,1,1
"z[67,1]",0,0,0,0,0,0,0,NA,1,1,1
"z[68,1]",0,0,0,0,0,0,0,NA,1,1,1
"z[69,1]",0.00844444444444444,0.0915150092219534,0,0,0,0,0,1.00525143730122,4500,1,1
"z[70,1]",0.008,0.08909412970305,0,0,0,0,0,1.01009052275933,4500,1,1
"z[71,1]",0.498888888888889,0.500054330109907,0,0,0,1,1,0.99989935096838,4500,1,1
"z[72,1]",0.488888888888889,0.499932079059661,0,0,0,1,1,0.99969072708459,4500,1,1
"z[73,1]",0.247777777777778,0.431770052781765,0,0,0,0,1,1.00042569077013,3532,1,1
"z[74,1]",0.546888888888889,0.497851896976906,0,0,1,1,1,0.999736973745237,4500,1,1
"z[75,1]",0.378888888888889,0.485164308674186,0,0,0,1,1,1.00056849946713,2364,1,1
"z[76,1]",0.670222222222222,0.470184562178699,0,0,1,1,1,0.999885503977414,4500,1,1
"z[77,1]",0.0473333333333333,0.212374461172167,0,0,0,0,1,1.0027120913541,3625,1,1
"z[78,1]",0.661111111111111,0.473384630425236,0,0,1,1,1,0.99977334627817,4500,1,1
"z[79,1]",0.689111111111111,0.462908853291612,0,0,1,1,1,1.00108109431241,1655,1,1
"z[80,1]",0.112222222222222,0.315674737072972,0,0,0,0,1,1.00491493958265,959,1,1
"z[81,1]",0.0433333333333333,0.203629000755977,0,0,0,0,1,1.00048531843908,4500,1,1
"z[82,1]",0.208,0.405921933549937,0,0,0,0,1,1.00046313760554,3809,1,1
"z[83,1]",0.0522222222222222,0.222499579945098,0,0,0,0,1,1.00016052781509,4500,1,1
"z[84,1]",0.104222222222222,0.30558256148604,0,0,0,0,1,1.00246155601429,1909,1,1
"z[85,1]",0.0451111111111111,0.207570887552932,0,0,0,0,1,1.00421767004726,2544,1,1
"z[86,1]",0.0564444444444444,0.230803611284136,0,0,0,0,1,1.00282549036391,2964,1,1
"z[87,1]",0.502222222222222,0.500050625971747,0,0,1,1,1,1.0011042229269,1396,1,1
"z[88,1]",0.0955555555555556,0.294013436961353,0,0,0,0,1,1.00026522260902,4500,1,1
"z[89,1]",0.052,0.222051699163907,0,0,0,0,1,1.00051993980878,4500,1,1
"z[90,1]",0.578666666666667,0.493827650039958,0,0,1,1,1,0.999962144863644,4500,1,1
"z[91,1]",0,0,0,0,0,0,0,NA,1,1,1
"z[92,1]",0,0,0,0,0,0,0,NA,1,1,1
"z[93,1]",0,0,0,0,0,0,0,NA,1,1,1
"z[94,1]",0,0,0,0,0,0,0,NA,1,1,1
"z[95,1]",0.0466666666666667,0.210947333488984,0,0,0,0,1,1.00104690651128,4500,1,1
"z[96,1]",0.0946666666666667,0.292786506951796,0,0,0,0,1,1.00114877041713,3936,1,1
"z[97,1]",0.134666666666667,0.341405121831401,0,0,0,0,1,0.999819163064099,4500,1,1
"z[98,1]",0.0253333333333333,0.15715293120877,0,0,0,0,1,1.00592441575944,3206,1,1
"z[99,1]",0.606666666666667,0.48854402173105,0,0,1,1,1,1.00027703480438,3435,1,1
"z[100,1]",0.412,0.492249780733913,0,0,0,1,1,0.999940476859242,4500,1,1
"z[101,1]",0.721555555555556,0.448283161729082,0,0,1,1,1,1.00007141796255,4500,1,1
"z[102,1]",0,0,0,0,0,0,0,NA,1,1,1
"z[103,1]",0,0,0,0,0,0,0,NA,1,1,1
"z[104,1]",0.156666666666667,0.363526600460068,0,0,0,0,1,1.00049621973516,4500,1,1
"z[105,1]",0.249333333333333,0.432675194529199,0,0,0,0,1,1.00043146597721,3501,1,1
"z[106,1]",0,0,0,0,0,0,0,NA,1,1,1
"z[107,1]",0,0,0,0,0,0,0,NA,1,1,1
"z[108,1]",0,0,0,0,0,0,0,NA,1,1,1
"z[109,1]",0,0,0,0,0,0,0,NA,1,1,1
"z[110,1]",0,0,0,0,0,0,0,NA,1,1,1
"z[111,1]",0,0,0,0,0,0,0,NA,1,1,1
"z[112,1]",0,0,0,0,0,0,0,NA,1,1,1
"z[113,1]",0,0,0,0,0,0,0,NA,1,1,1
"z[114,1]",0.105111111111111,0.306730619461065,0,0,0,0,1,1.00213032832772,2158,1,1
"z[115,1]",0.098,0.297347688610086,0,0,0,0,1,1.00410362158956,1276,1,1
"z[116,1]",0.109777777777778,0.31264730789996,0,0,0,0,1,1.00070856063248,4500,1,1
"z[117,1]",0.157555555555556,0.364364247671686,0,0,0,0,1,1.00022292872587,4500,1,1
"z[118,1]",1,0,1,1,1,1,1,NA,1,0,1
"z[119,1]",0.0186666666666667,0.1353598679191,0,0,0,0,0,1.0031807643087,4500,1,1
"z[120,1]",1,0,1,1,1,1,1,NA,1,0,1
"z[121,1]",0.244444444444444,0.429805083347423,0,0,0,0,1,1.00108105285025,1912,1,1
"z[122,1]",0,0,0,0,0,0,0,NA,1,1,1
"z[123,1]",0,0,0,0,0,0,0,NA,1,1,1
"z[124,1]",0,0,0,0,0,0,0,NA,1,1,1
"z[125,1]",0.422,0.4939334121149,0,0,0,1,1,0.999715147749882,4500,1,1
"z[126,1]",0.201777777777778,0.401371780296798,0,0,0,0,1,0.999930381124468,4500,1,1
"z[127,1]",0,0,0,0,0,0,0,NA,1,1,1
"z[128,1]",0,0,0,0,0,0,0,NA,1,1,1
"z[129,1]",0,0,0,0,0,0,0,NA,1,1,1
"z[130,1]",0,0,0,0,0,0,0,NA,1,1,1
"z[131,1]",0.0595555555555556,0.236687854568751,0,0,0,0,1,1.0016030113859,4500,1,1
"z[132,1]",0.0635555555555556,0.243986630137708,0,0,0,0,1,1.00134007507703,4500,1,1
"z[133,1]",0.062,0.241182350987992,0,0,0,0,1,1.00073682701766,4500,1,1
"z[134,1]",0,0,0,0,0,0,0,NA,1,1,1
"z[135,1]",0,0,0,0,0,0,0,NA,1,1,1
"z[136,1]",0,0,0,0,0,0,0,NA,1,1,1
"z[137,1]",0,0,0,0,0,0,0,NA,1,1,1
"z[138,1]",0.381111111111111,0.485713761684283,0,0,0,1,1,1.00025922456649,3584,1,1
"z[139,1]",0.177777777777778,0.382368055124134,0,0,0,0,1,0.999771724739435,4500,1,1
"z[140,1]",0.0902222222222222,0.286531703964327,0,0,0,0,1,1.00678265116385,853,1,1
"z[141,1]",0.574888888888889,0.494414780977379,0,0,1,1,1,0.999876658607852,4500,1,1
"z[142,1]",0,0,0,0,0,0,0,NA,1,1,1
"z[143,1]",0,0,0,0,0,0,0,NA,1,1,1
"z[144,1]",0,0,0,0,0,0,0,NA,1,1,1
"z[145,1]",0.589555555555556,0.491969092231259,0,0,1,1,1,1.00050781646546,2460,1,1
"z[146,1]",0.500888888888889,0.500054774604643,0,0,1,1,1,1.00019369632332,3799,1,1
"z[147,1]",0.564888888888889,0.495826647239751,0,0,1,1,1,0.999806845535959,4500,1,1
"z[148,1]",0.739555555555556,0.438925902898667,0,0,1,1,1,1.00082036682303,2257,1,1
"z[149,1]",0.159555555555556,0.366234059493059,0,0,0,0,1,0.999874005272185,4500,1,1
"z[150,1]",0.196222222222222,0.397182726461142,0,0,0,0,1,0.999673557929533,4500,1,1
"z[151,1]",0.278444444444444,0.448283161729082,0,0,0,1,1,1.00011477936234,4500,1,1
"z[152,1]",0.77,0.420879275212238,0,1,1,1,1,0.999839044872109,4500,1,1
"z[153,1]",0.564222222222222,0.495913457489218,0,0,1,1,1,1.00075344634897,1878,1,1
"z[154,1]",0.642444444444444,0.479333535407764,0,0,1,1,1,0.999824250395672,4500,1,1
"z[155,1]",0.0193333333333333,0.137709003796433,0,0,0,0,0,1.01971744148087,1281,1,1
"z[156,1]",0.0695555555555556,0.254424773023488,0,0,0,0,1,1.00314760714515,2215,1,1
"z[157,1]",0.0282222222222222,0.165625554658784,0,0,0,0,1,1.00401407933238,4177,1,1
"z[158,1]",0.042,0.200611423704479,0,0,0,0,1,1.00053397264413,4500,1,1
"z[159,1]",0.0128888888888889,0.11280777163711,0,0,0,0,0,1.00073266455914,4500,1,1
"z[160,1]",0.606666666666667,0.48854402173105,0,0,1,1,1,1.00037078643141,2978,1,1
"z[161,1]",0.0871111111111111,0.28202914935459,0,0,0,0,1,1.00324423771756,1753,1,1
"z[162,1]",0.294888888888889,0.456043472609393,0,0,0,1,1,0.999896659730608,4500,1,1
"z[163,1]",1,0,1,1,1,1,1,NA,1,0,1
"z[164,1]",1,0,1,1,1,1,1,NA,1,0,1
"z[165,1]",0.167555555555556,0.373512642298332,0,0,0,0,1,1.00148354194063,1978,1,1
"z[166,1]",1,0,1,1,1,1,1,NA,1,0,1
"z[167,1]",0.109555555555556,0.312369683381089,0,0,0,0,1,1.00008879276183,4500,1,1
"z[168,1]",0.380888888888889,0.485659302026543,0,0,0,1,1,0.999765590703352,4500,1,1
"z[169,1]",1,0,1,1,1,1,1,NA,1,0,1
"z[170,1]",0.333777777777778,0.471613824455088,0,0,0,1,1,1.0001462688773,4500,1,1
"z[171,1]",0.369777777777778,0.482798064929676,0,0,0,1,1,1.0008590893816,1804,1,1
"z[172,1]",0.775777777777778,0.417115428484319,0,1,1,1,1,1.00312652093396,829,1,1
"z[173,1]",0.799111111111111,0.40070965179,0,1,1,1,1,1.00074544852581,2880,1,1
"z[174,1]",0.129111111111111,0.335360141694826,0,0,0,0,1,1.00025964372703,4500,1,1
"z[175,1]",0.0553333333333333,0.228655142165391,0,0,0,0,1,0.999775004609186,4500,1,1
"z[176,1]",0.161555555555556,0.368083503985174,0,0,0,0,1,1.00145367541783,2059,1,1
"z[177,1]",0.0166666666666667,0.128033322512951,0,0,0,0,0,1.00159033233649,4500,1,1
"z[178,1]",0,0,0,0,0,0,0,NA,1,1,1
"z[179,1]",0,0,0,0,0,0,0,NA,1,1,1
"z[180,1]",0,0,0,0,0,0,0,NA,1,1,1
"z[181,1]",0,0,0,0,0,0,0,NA,1,1,1
"z[182,1]",0,0,0,0,0,0,0,NA,1,1,1
"z[183,1]",0,0,0,0,0,0,0,NA,1,1,1
"z[184,1]",0,0,0,0,0,0,0,NA,1,1,1
"z[185,1]",0,0,0,0,0,0,0,NA,1,1,1
"z[1,2]",0.106,0.307871829415116,0,0,0,0,1,1.00063232397179,4500,1,1
"z[2,2]",0.0484444444444444,0.214727330422946,0,0,0,0,1,0.999747898100056,4500,1,1
"z[3,2]",0.153777777777778,0.360775688043558,0,0,0,0,1,0.999948019674532,4500,1,1
"z[4,2]",0.129333333333333,0.335605797609632,0,0,0,0,1,1.00030184138221,4500,1,1
"z[5,2]",0.548,0.497745975162206,0,0,1,1,1,1.00005800025499,4500,1,1
"z[6,2]",0.368,0.482314933464995,0,0,0,1,1,1.00203882121599,909,1,1
"z[7,2]",1,0,1,1,1,1,1,NA,1,0,1
"z[8,2]",0.106444444444444,0.308439890155801,0,0,0,0,1,0.999865577419143,4500,1,1
"z[9,2]",1,0,1,1,1,1,1,NA,1,0,1
"z[10,2]",0.145555555555556,0.352699276340701,0,0,0,0,1,1.00213396084027,1627,1,1
"z[11,2]",0,0,0,0,0,0,0,NA,1,1,1
"z[12,2]",0,0,0,0,0,0,0,NA,1,1,1
"z[13,2]",0,0,0,0,0,0,0,NA,1,1,1
"z[14,2]",0,0,0,0,0,0,0,NA,1,1,1
"z[15,2]",0.125555555555556,0.331384612689324,0,0,0,0,1,1.00237483450776,1680,1,1
"z[16,2]",0.460888888888889,0.498523368446663,0,0,0,1,1,0.99979898927596,4500,1,1
"z[17,2]",0.266,0.441913336752103,0,0,0,1,1,1.00065778092536,2580,1,1
"z[18,2]",1,0,1,1,1,1,1,NA,1,0,1
"z[19,2]",0.0393333333333333,0.194408387233923,0,0,0,0,1,1.00002930608479,4500,1,1
"z[20,2]",0.46,0.498452818498796,0,0,0,1,1,0.999682212202551,4500,1,1
"z[21,2]",0.297555555555556,0.457233753448424,0,0,0,1,1,1.00018391763111,4500,1,1
"z[22,2]",0.522666666666667,0.499541465674256,0,0,1,1,1,1.00113230812656,1372,1,1
"z[23,2]",0.296,0.456541693439286,0,0,0,1,1,1.00072236881937,2273,1,1
"z[24,2]",0.818,0.38588740703616,0,1,1,1,1,0.999790350782412,4500,1,1
"z[25,2]",0.00311111111111111,0.0556966916350484,0,0,0,0,0,1.03148234445217,4500,1,1
"z[26,2]",1,0,1,1,1,1,1,NA,1,0,1
"z[27,2]",1,0,1,1,1,1,1,NA,1,0,1
"z[28,2]",0.340888888888889,0.474060750452833,0,0,0,1,1,1.00092835259895,1772,1,1
"z[29,2]",0.138444444444444,0.345404244715402,0,0,0,0,1,1.00113507012446,2863,1,1
"z[30,2]",0.750888888888889,0.432546347108695,0,1,1,1,1,1.00070810694419,2576,1,1
"z[31,2]",0.0711111111111111,0.257038913373673,0,0,0,0,1,0.999672267496652,4500,1,1
"z[32,2]",0.696888888888889,0.459653909941761,0,0,1,1,1,1.00009378845416,4500,1,1
"z[33,2]",0.160222222222222,0.366852788745443,0,0,0,0,1,0.999717064987887,4500,1,1
"z[34,2]",0.192444444444444,0.394264027506243,0,0,0,0,1,1.00011465586749,4500,1,1
"z[35,2]",0.313777777777778,0.464078812014018,0,0,0,1,1,1.00096653771706,1790,1,1
"z[36,2]",0.660222222222222,0.473686290111743,0,0,1,1,1,0.999915923146765,4500,1,1
"z[37,2]",1,0,1,1,1,1,1,NA,1,0,1
"z[38,2]",0.364666666666667,0.48139005584196,0,0,0,1,1,1.00009897857969,4500,1,1
"z[39,2]",0.672222222222222,0.46945551588082,0,0,1,1,1,0.999776948114221,4500,1,1
"z[40,2]",0.372888888888889,0.483626655635772,0,0,0,1,1,1.0008077419159,1875,1,1
"z[41,2]",0,0,0,0,0,0,0,NA,1,1,1
"z[42,2]",0,0,0,0,0,0,0,NA,1,1,1
"z[43,2]",0.0344444444444444,0.182388094475073,0,0,0,0,1,1.00062587168941,4500,1,1
"z[44,2]",0.0197777777777778,0.139251306560123,0,0,0,0,0,1.00051973310917,4500,1,1
"z[45,2]",1,0,1,1,1,1,1,NA,1,0,1
"z[46,2]",0.0526666666666667,0.223391984327829,0,0,0,0,1,1.00503278946606,1862,1,1
"z[47,2]",0,0,0,0,0,0,0,NA,1,1,1
"z[48,2]",0,0,0,0,0,0,0,NA,1,1,1
"z[49,2]",0,0,0,0,0,0,0,NA,1,1,1
"z[50,2]",0,0,0,0,0,0,0,NA,1,1,1
"z[51,2]",0,0,0,0,0,0,0,NA,1,1,1
"z[52,2]",0,0,0,0,0,0,0,NA,1,1,1
"z[53,2]",0,0,0,0,0,0,0,NA,1,1,1
"z[54,2]",0,0,0,0,0,0,0,NA,1,1,1
"z[55,2]",0,0,0,0,0,0,0,NA,1,1,1
"z[56,2]",0,0,0,0,0,0,0,NA,1,1,1
"z[57,2]",0.449111111111111,0.497458855865984,0,0,0,1,1,0.999750514531486,4500,1,1
"z[58,2]",0.160666666666667,0.367264023365226,0,0,0,0,1,1.00143612178247,2089,1,1
"z[59,2]",0.726444444444444,0.445833022603045,0,0,1,1,1,0.999834302320186,4500,1,1
"z[60,2]",0.624666666666667,0.484262672142031,0,0,1,1,1,1.00095032894942,1669,1,1
"z[61,2]",0,0,0,0,0,0,0,NA,1,1,1
"z[62,2]",0,0,0,0,0,0,0,NA,1,1,1
"z[63,2]",0,0,0,0,0,0,0,NA,1,1,1
"z[64,2]",0,0,0,0,0,0,0,NA,1,1,1
"z[65,2]",0,0,0,0,0,0,0,NA,1,1,1
"z[66,2]",0,0,0,0,0,0,0,NA,1,1,1
"z[67,2]",0,0,0,0,0,0,0,NA,1,1,1
"z[68,2]",0,0,0,0,0,0,0,NA,1,1,1
"z[69,2]",1,0,1,1,1,1,1,NA,1,0,1
"z[70,2]",1,0,1,1,1,1,1,NA,1,0,1
"z[71,2]",1,0,1,1,1,1,1,NA,1,0,1
"z[72,2]",1,0,1,1,1,1,1,NA,1,0,1
"z[73,2]",1,0,1,1,1,1,1,NA,1,0,1
"z[74,2]",0.0486666666666667,0.215194128644091,0,0,0,0,1,1.00090860364147,4500,1,1
"z[75,2]",0.122888888888889,0.328346109941716,0,0,0,0,1,1.00309407861366,1348,1,1
"z[76,2]",0.0351111111111111,0.18408109945566,0,0,0,0,1,1.0016186743284,4500,1,1
"z[77,2]",0.0955555555555556,0.294013436961353,0,0,0,0,1,1.00070883385073,4500,1,1
"z[78,2]",0.787111111111111,0.409395231177718,0,1,1,1,1,0.999995034094745,4500,1,1
"z[79,2]",0.439555555555556,0.496388179717821,0,0,0,1,1,1.00047092924199,2527,1,1
"z[80,2]",0.138444444444444,0.345404244715402,0,0,0,0,1,1.00220169040453,1660,1,1
"z[81,2]",0.0677777777777778,0.251392113273443,0,0,0,0,1,1.00043373761956,4500,1,1
"z[82,2]",0.202888888888889,0.402195144834769,0,0,0,0,1,1.00074417423633,2871,1,1
"z[83,2]",0.0648888888888889,0.246357074296865,0,0,0,0,1,0.999994884809938,4500,1,1
"z[84,2]",0.194444444444444,0.395816394508945,0,0,0,0,1,0.999815556173695,4500,1,1
"z[85,2]",0.0757777777777778,0.264671632552429,0,0,0,0,1,1.00089374047286,4500,1,1
"z[86,2]",0.0384444444444444,0.192288028053314,0,0,0,0,1,1.00060415835376,4500,1,1
"z[87,2]",0.137333333333333,0.344237159599809,0,0,0,0,1,0.999798502008974,4500,1,1
"z[88,2]",0.613333333333333,0.487040315070644,0,0,1,1,1,1.00087096112917,1756,1,1
"z[89,2]",0.0535555555555556,0.225163550304364,0,0,0,0,1,1.00054026744041,4500,1,1
"z[90,2]",0.655555555555556,0.47523958022822,0,0,1,1,1,0.999896734253457,4500,1,1
"z[91,2]",0,0,0,0,0,0,0,NA,1,1,1
"z[92,2]",0,0,0,0,0,0,0,NA,1,1,1
"z[93,2]",0,0,0,0,0,0,0,NA,1,1,1
"z[94,2]",0,0,0,0,0,0,0,NA,1,1,1
"z[95,2]",0.590444444444444,0.491806417350761,0,0,1,1,1,1.00048091475332,2546,1,1
"z[96,2]",0.0613333333333333,0.239967397948637,0,0,0,0,1,1.00583983047154,1404,1,1
"z[97,2]",0.266666666666667,0.442265782086846,0,0,0,1,1,1.00057727493529,2804,1,1
"z[98,2]",1,0,1,1,1,1,1,NA,1,0,1
"z[99,2]",0.199111111111111,0.399376165139174,0,0,0,0,1,0.999856778664073,4500,1,1
"z[100,2]",0.312666666666667,0.463631308019104,0,0,0,1,1,1.00049332211198,2812,1,1
"z[101,2]",0.210666666666667,0.407827393549698,0,0,0,0,1,1.00135192546135,1780,1,1
"z[102,2]",0,0,0,0,0,0,0,NA,1,1,1
"z[103,2]",0,0,0,0,0,0,0,NA,1,1,1
"z[104,2]",0.0668888888888889,0.24985723616271,0,0,0,0,1,1.00482060280135,1548,1,1
"z[105,2]",0.282222222222222,0.450130942836138,0,0,0,1,1,0.999894481574625,4500,1,1
"z[106,2]",0,0,0,0,0,0,0,NA,1,1,1
"z[107,2]",0,0,0,0,0,0,0,NA,1,1,1
"z[108,2]",0,0,0,0,0,0,0,NA,1,1,1
"z[109,2]",0,0,0,0,0,0,0,NA,1,1,1
"z[110,2]",0,0,0,0,0,0,0,NA,1,1,1
"z[111,2]",0,0,0,0,0,0,0,NA,1,1,1
"z[112,2]",0,0,0,0,0,0,0,NA,1,1,1
"z[113,2]",0,0,0,0,0,0,0,NA,1,1,1
"z[114,2]",0.0455555555555556,0.208542349028494,0,0,0,0,1,1.00097211296326,4500,1,1
"z[115,2]",0.0828888888888889,0.27574484166109,0,0,0,0,1,1.00087581337403,4500,1,1
"z[116,2]",0.106222222222222,0.308156070826227,0,0,0,0,1,0.999964959826612,4500,1,1
"z[117,2]",0.0411111111111111,0.198569256988457,0,0,0,0,1,1.00348580641117,3313,1,1
"z[118,2]",0.267777777777778,0.442850336945843,0,0,0,1,1,1.00002511288244,4500,1,1
"z[119,2]",0.00444444444444444,0.0665257457028688,0,0,0,0,0,1.02280815119122,4500,1,1
"z[120,2]",0.253111111111111,0.434842380726248,0,0,0,1,1,1.00173518810227,1287,1,1
"z[121,2]",0.0335555555555556,0.180102161070095,0,0,0,0,1,1.00151803669915,4500,1,1
"z[122,2]",0,0,0,0,0,0,0,NA,1,1,1
"z[123,2]",0,0,0,0,0,0,0,NA,1,1,1
"z[124,2]",0,0,0,0,0,0,0,NA,1,1,1
"z[125,2]",1,0,1,1,1,1,1,NA,1,0,1
"z[126,2]",0.116,0.320260507431969,0,0,0,0,1,1.00009675655905,4500,1,1
"z[127,2]",0,0,0,0,0,0,0,NA,1,1,1
"z[128,2]",0,0,0,0,0,0,0,NA,1,1,1
"z[129,2]",0,0,0,0,0,0,0,NA,1,1,1
"z[130,2]",0,0,0,0,0,0,0,NA,1,1,1
"z[131,2]",0.589555555555556,0.491969092231259,0,0,1,1,1,1.00144663914784,1167,1,1
"z[132,2]",0.525111111111111,0.499424528678156,0,0,1,1,1,1.00043151711105,2626,1,1
"z[133,2]",0.305777777777778,0.460787273813823,0,0,0,1,1,0.999972769798418,4500,1,1
"z[134,2]",0,0,0,0,0,0,0,NA,1,1,1
"z[135,2]",0,0,0,0,0,0,0,NA,1,1,1
"z[136,2]",0,0,0,0,0,0,0,NA,1,1,1
"z[137,2]",0,0,0,0,0,0,0,NA,1,1,1
"z[138,2]",0.618888888888889,0.485713761684283,0,0,1,1,1,0.999829460943043,4500,1,1
"z[139,2]",0.0437777777777778,0.204623040065984,0,0,0,0,1,1.0011999308597,4500,1,1
"z[140,2]",0.066,0.248309689121249,0,0,0,0,1,1.00340367116756,2157,1,1
"z[141,2]",0.0671111111111111,0.25024213410665,0,0,0,0,1,0.999974815471225,4500,1,1
"z[142,2]",0,0,0,0,0,0,0,NA,1,1,1
"z[143,2]",0,0,0,0,0,0,0,NA,1,1,1
"z[144,2]",0,0,0,0,0,0,0,NA,1,1,1
"z[145,2]",0.467333333333333,0.498987193828014,0,0,0,1,1,1.00026021258597,3389,1,1
"z[146,2]",0.531333333333333,0.499072712041911,0,0,1,1,1,1.00133251241656,1211,1,1
"z[147,2]",0.366,0.481762988195278,0,0,0,1,1,0.999808348314992,4500,1,1
"z[148,2]",0.338222222222222,0.473157163337463,0,0,0,1,1,1.00041866573776,2973,1,1
"z[149,2]",0.0304444444444444,0.171825903655918,0,0,0,0,1,0.999779944637792,4500,1,1
"z[150,2]",0.0997777777777778,0.299736780791094,0,0,0,0,1,1.00133825736118,3326,1,1
"z[151,2]",0.0335555555555556,0.180102161070095,0,0,0,0,1,1.00389857159791,3629,1,1
"z[152,2]",1,0,1,1,1,1,1,NA,1,0,1
"z[153,2]",0.566666666666667,0.495590693602781,0,0,1,1,1,0.999793115429033,4500,1,1
"z[154,2]",0.358666666666667,0.479662398873044,0,0,0,1,1,0.999847343764324,4500,1,1
"z[155,2]",0.0202222222222222,0.140775309913555,0,0,0,0,0,1.0053378545582,4410,1,1
"z[156,2]",0.341333333333333,0.47420972267578,0,0,0,1,1,1.0001129073493,4500,1,1
"z[157,2]",1,0,1,1,1,1,1,NA,1,0,1
"z[158,2]",0.00755555555555556,0.0866033246050876,0,0,0,0,0,1.00141763894444,4500,1,1
"z[159,2]",0.00733333333333333,0.0853297931213479,0,0,0,0,0,1.00383539430184,4500,1,1
"z[160,2]",0.0844444444444444,0.278084096742923,0,0,0,0,1,1.0004634294961,4500,1,1
"z[161,2]",0.0286666666666667,0.166886422507456,0,0,0,0,1,1.00507689268112,3298,1,1
"z[162,2]",0.127555555555556,0.333631340448453,0,0,0,0,1,1.00172344174829,2176,1,1
"z[163,2]",1,0,1,1,1,1,1,NA,1,0,1
"z[164,2]",0.987777777777778,0.109888684384328,1,1,1,1,1,1.00488188601634,4500,0,1
"z[165,2]",0.658,0.474432312469713,0,0,1,1,1,1.00008118015338,4500,1,1
"z[166,2]",0.942,0.233769424929795,0,1,1,1,1,0.99984031405181,4500,1,1
"z[167,2]",0.497333333333333,0.500048452864589,0,0,0,1,1,0.99998437974198,4500,1,1
"z[168,2]",0.570888888888889,0.495004258940334,0,0,1,1,1,1.00014890885024,4237,1,1
"z[169,2]",0.497111111111111,0.500047218140406,0,0,0,1,1,1.00020914713012,3691,1,1
"z[170,2]",0.407333333333333,0.491392458348523,0,0,0,1,1,0.999773338278496,4500,1,1
"z[171,2]",0.312,0.46336131898982,0,0,0,1,1,1.00090151536473,1885,1,1
"z[172,2]",0.475111111111111,0.499435654940848,0,0,0,1,1,0.999960066181264,4500,1,1
"z[173,2]",0.845333333333333,0.361626810077205,0,1,1,1,1,1.00244087241427,1374,1,1
"z[174,2]",0.0475555555555556,0.212847579895609,0,0,0,0,1,1.00629324746587,1660,1,1
"z[175,2]",0.0815555555555556,0.273716817169827,0,0,0,0,1,1.00006637670014,4500,1,1
"z[176,2]",0.0535555555555556,0.225163550304364,0,0,0,0,1,1.00059678957289,4500,1,1
"z[177,2]",0.0677777777777778,0.251392113273443,0,0,0,0,1,1.00145451648153,4428,1,1
"z[178,2]",0,0,0,0,0,0,0,NA,1,1,1
"z[179,2]",0,0,0,0,0,0,0,NA,1,1,1
"z[180,2]",0,0,0,0,0,0,0,NA,1,1,1
"z[181,2]",0,0,0,0,0,0,0,NA,1,1,1
"z[182,2]",0,0,0,0,0,0,0,NA,1,1,1
"z[183,2]",0,0,0,0,0,0,0,NA,1,1,1
"z[184,2]",0,0,0,0,0,0,0,NA,1,1,1
"z[185,2]",0,0,0,0,0,0,0,NA,1,1,1
"z[1,3]",0.0293333333333333,0.168757866791187,0,0,0,0,1,1.00967287412747,1732,1,1
"z[2,3]",0.0293333333333333,0.168757866791187,0,0,0,0,1,1.00003180218385,4500,1,1
"z[3,3]",1,0,1,1,1,1,1,NA,1,0,1
"z[4,3]",1,0,1,1,1,1,1,NA,1,0,1
"z[5,3]",0.56,0.496442109138781,0,0,1,1,1,0.999846039652923,4500,1,1
"z[6,3]",0.360888888888889,0.480311737615325,0,0,0,1,1,1.00265558713294,728,1,1
"z[7,3]",1,0,1,1,1,1,1,NA,1,0,1
"z[8,3]",0.120666666666667,0.325775699866786,0,0,0,0,1,1.00136527244205,2766,1,1
"z[9,3]",1,0,1,1,1,1,1,NA,1,0,1
"z[10,3]",0.161555555555556,0.368083503985174,0,0,0,0,1,1.00243334209203,1337,1,1
"z[11,3]",0,0,0,0,0,0,0,NA,1,1,1
"z[12,3]",0,0,0,0,0,0,0,NA,1,1,1
"z[13,3]",0,0,0,0,0,0,0,NA,1,1,1
"z[14,3]",0,0,0,0,0,0,0,NA,1,1,1
"z[15,3]",0.0473333333333333,0.212374461172167,0,0,0,0,1,1.00369375062283,2743,1,1
"z[16,3]",0.128,0.334126935562941,0,0,0,0,1,1.00016536178701,4500,1,1
"z[17,3]",0.0982222222222222,0.297647954649891,0,0,0,0,1,0.999669757627229,4500,1,1
"z[18,3]",0.705555555555556,0.455843273310498,0,0,1,1,1,1.00003431216887,4500,1,1
"z[19,3]",0.044,0.205117892035902,0,0,0,0,1,1.00353419466769,3054,1,1
"z[20,3]",1,0,1,1,1,1,1,NA,1,0,1
"z[21,3]",0.103111111111111,0.304137740801698,0,0,0,0,1,1.00235941954361,2012,1,1
"z[22,3]",0.520888888888889,0.499618980061514,0,0,1,1,1,1.00070381552655,1937,1,1
"z[23,3]",0.329333333333333,0.470023385229729,0,0,0,1,1,1.00020051104032,4249,1,1
"z[24,3]",0.832666666666667,0.373314691159151,0,1,1,1,1,1.0005864058911,3903,1,1
"z[25,3]",0.00222222222222222,0.0470932775447189,0,0,0,0,0,1.03308734033364,4500,1,1
"z[26,3]",1,0,1,1,1,1,1,NA,1,0,1
"z[27,3]",1,0,1,1,1,1,1,NA,1,0,1
"z[28,3]",0.276,0.447066455019138,0,0,0,1,1,0.999955706634882,4500,1,1
"z[29,3]",0.102444444444444,0.303265589918635,0,0,0,0,1,1.00019429151502,4500,1,1
"z[30,3]",1,0,1,1,1,1,1,NA,1,0,1
"z[31,3]",0.0317777777777778,0.175427447850631,0,0,0,0,1,1.01006866362005,1547,1,1
"z[32,3]",1,0,1,1,1,1,1,NA,1,0,1
"z[33,3]",0.0415555555555556,0.199593447150984,0,0,0,0,1,1.00014903033239,4500,1,1
"z[34,3]",0.141111111111111,0.348174818844698,0,0,0,0,1,1.00326132031056,1153,1,1
"z[35,3]",0.346,0.475746042033284,0,0,0,1,1,1.00070901203916,2119,1,1
"z[36,3]",1,0,1,1,1,1,1,NA,1,0,1
"z[37,3]",1,0,1,1,1,1,1,NA,1,0,1
"z[38,3]",0.242666666666667,0.428742818638798,0,0,0,0,1,1.00217822492733,1088,1,1
"z[39,3]",1,0,1,1,1,1,1,NA,1,0,1
"z[40,3]",0.264888888888889,0.441323063951825,0,0,0,1,1,0.999698503724079,4500,1,1
"z[41,3]",0,0,0,0,0,0,0,NA,1,1,1
"z[42,3]",0,0,0,0,0,0,0,NA,1,1,1
"z[43,3]",0.0266666666666667,0.161125183440798,0,0,0,0,1,0.99999635919332,4500,1,1
"z[44,3]",0.00888888888888889,0.093871373318521,0,0,0,0,0,1.01306905400085,4150,1,1
"z[45,3]",0.244888888888889,0.430069091055928,0,0,0,0,1,1.00096398130451,2091,1,1
"z[46,3]",0.0135555555555556,0.115649360747383,0,0,0,0,0,1.02848618223485,1249,1,1
"z[47,3]",0,0,0,0,0,0,0,NA,1,1,1
"z[48,3]",0,0,0,0,0,0,0,NA,1,1,1
"z[49,3]",0,0,0,0,0,0,0,NA,1,1,1
"z[50,3]",0,0,0,0,0,0,0,NA,1,1,1
"z[51,3]",0,0,0,0,0,0,0,NA,1,1,1
"z[52,3]",0,0,0,0,0,0,0,NA,1,1,1
"z[53,3]",0,0,0,0,0,0,0,NA,1,1,1
"z[54,3]",0,0,0,0,0,0,0,NA,1,1,1
"z[55,3]",0,0,0,0,0,0,0,NA,1,1,1
"z[56,3]",0,0,0,0,0,0,0,NA,1,1,1
"z[57,3]",0.0831111111111111,0.276080771207218,0,0,0,0,1,1.00182333738731,3039,1,1
"z[58,3]",0.018,0.132965893646013,0,0,0,0,0,1.00972607997895,2776,1,1
"z[59,3]",0.691111111111111,0.462086564386042,0,0,1,1,1,1.00026199866741,3934,1,1
"z[60,3]",0.513111111111111,0.499883614915158,0,0,1,1,1,1.00129765038907,1233,1,1
"z[61,3]",0,0,0,0,0,0,0,NA,1,1,1
"z[62,3]",0,0,0,0,0,0,0,NA,1,1,1
"z[63,3]",0,0,0,0,0,0,0,NA,1,1,1
"z[64,3]",0,0,0,0,0,0,0,NA,1,1,1
"z[65,3]",0,0,0,0,0,0,0,NA,1,1,1
"z[66,3]",0,0,0,0,0,0,0,NA,1,1,1
"z[67,3]",0,0,0,0,0,0,0,NA,1,1,1
"z[68,3]",0,0,0,0,0,0,0,NA,1,1,1
"z[69,3]",0.00866666666666667,0.0927009450571682,0,0,0,0,0,1.00365645516092,4500,1,1
"z[70,3]",0.0173333333333333,0.130524613834426,0,0,0,0,0,1.00447963676198,4500,1,1
"z[71,3]",1,0,1,1,1,1,1,NA,1,0,1
"z[72,3]",1,0,1,1,1,1,1,NA,1,0,1
"z[73,3]",0.236,0.424669373114469,0,0,0,0,1,0.999709866391435,4500,1,1
"z[74,3]",1,0,1,1,1,1,1,NA,1,0,1
"z[75,3]",0.134444444444444,0.341167116466881,0,0,0,0,1,0.999761336640245,4500,1,1
"z[76,3]",0.248,0.431899817975513,0,0,0,0,1,1.0003327857426,4023,1,1
"z[77,3]",0.122444444444444,0.327834845547119,0,0,0,0,1,1.00052979314385,4500,1,1
"z[78,3]",0.882444444444444,0.322116911286587,0,1,1,1,1,1.00045402110148,4500,1,1
"z[79,3]",0.369111111111111,0.482617714898697,0,0,0,1,1,1.00024118742951,3741,1,1
"z[80,3]",0.150888888888889,0.357980320487749,0,0,0,0,1,1.00217892009419,1555,1,1
"z[81,3]",0.022,0.146699633251375,0,0,0,0,0,1.01022276951207,2169,1,1
"z[82,3]",1,0,1,1,1,1,1,NA,1,0,1
"z[83,3]",0.0353333333333333,0.184641449821595,0,0,0,0,1,1.00125703361334,4500,1,1
"z[84,3]",0.393333333333333,0.48854402173105,0,0,0,1,1,1.00023779919765,3670,1,1
"z[85,3]",0.147333333333333,0.354477284696265,0,0,0,0,1,1.00196825948666,1735,1,1
"z[86,3]",0.0237777777777778,0.152373076750087,0,0,0,0,0,1.00026190656301,4500,1,1
"z[87,3]",0.119555555555556,0.324477150893065,0,0,0,0,1,1.00142419680458,2709,1,1
"z[88,3]",0.0704444444444444,0.255922995228642,0,0,0,0,1,1.00177385669111,3614,1,1
"z[89,3]",0.0106666666666667,0.102738670891514,0,0,0,0,0,1.00231639746635,4500,1,1
"z[90,3]",0.711777777777778,0.452985399212743,0,0,1,1,1,1.00016320633894,4500,1,1
"z[91,3]",0,0,0,0,0,0,0,NA,1,1,1
"z[92,3]",0,0,0,0,0,0,0,NA,1,1,1
"z[93,3]",0,0,0,0,0,0,0,NA,1,1,1
"z[94,3]",0,0,0,0,0,0,0,NA,1,1,1
"z[95,3]",0.104888888888889,0.306444249967912,0,0,0,0,1,1.00057769322915,4500,1,1
"z[96,3]",0.0137777777777778,0.116580319235386,0,0,0,0,0,1.00457837613069,4500,1,1
"z[97,3]",0.112,0.31540150006909,0,0,0,0,1,0.999674097234796,4500,1,1
"z[98,3]",0.044,0.205117892035902,0,0,0,0,1,1.00578408958442,1933,1,1
"z[99,3]",0.120666666666667,0.325775699866786,0,0,0,0,1,1.0010544614544,3395,1,1
"z[100,3]",0.251777777777778,0.434082482018484,0,0,0,1,1,1.00050296688644,3169,1,1
"z[101,3]",0.105111111111111,0.306730619461065,0,0,0,0,1,1.00064170514265,4500,1,1
"z[102,3]",0,0,0,0,0,0,0,NA,1,1,1
"z[103,3]",0,0,0,0,0,0,0,NA,1,1,1
"z[104,3]",0.0637777777777778,0.244383806165854,0,0,0,0,1,1.00365452105374,2097,1,1
"z[105,3]",0.401777777777778,0.490311960466974,0,0,0,1,1,1.00042884730848,2731,1,1
"z[106,3]",0,0,0,0,0,0,0,NA,1,1,1
"z[107,3]",0,0,0,0,0,0,0,NA,1,1,1
"z[108,3]",0,0,0,0,0,0,0,NA,1,1,1
"z[109,3]",0,0,0,0,0,0,0,NA,1,1,1
"z[110,3]",0,0,0,0,0,0,0,NA,1,1,1
"z[111,3]",0,0,0,0,0,0,0,NA,1,1,1
"z[112,3]",0,0,0,0,0,0,0,NA,1,1,1
"z[113,3]",0,0,0,0,0,0,0,NA,1,1,1
"z[114,3]",0.0293333333333333,0.168757866791187,0,0,0,0,1,1.00140001987454,4500,1,1
"z[115,3]",0.0362222222222222,0.186863405673864,0,0,0,0,1,1.01021395489386,1337,1,1
"z[116,3]",0.0711111111111111,0.257038913373673,0,0,0,0,1,1.00065668023383,4500,1,1
"z[117,3]",0.0486666666666667,0.215194128644091,0,0,0,0,1,1.00115058984191,4500,1,1
"z[118,3]",0.0875555555555556,0.282678859190088,0,0,0,0,1,1.0129123331534,467,1,1
"z[119,3]",0.00155555555555556,0.0394142235807543,0,0,0,0,0,1.11102922004619,2420,1,1
"z[120,3]",0.102222222222222,0.30297398898834,0,0,0,0,1,1.01184676351853,447,1,1
"z[121,3]",0.0148888888888889,0.121121715563244,0,0,0,0,0,1.00795676052255,4070,1,1
"z[122,3]",0,0,0,0,0,0,0,NA,1,1,1
"z[123,3]",0,0,0,0,0,0,0,NA,1,1,1
"z[124,3]",0,0,0,0,0,0,0,NA,1,1,1
"z[125,3]",0.734222222222222,0.441795568888414,0,0,1,1,1,1.0014073990794,1480,1,1
"z[126,3]",0.0873333333333333,0.282354278616482,0,0,0,0,1,1.00389253928354,1479,1,1
"z[127,3]",0,0,0,0,0,0,0,NA,1,1,1
"z[128,3]",0,0,0,0,0,0,0,NA,1,1,1
"z[129,3]",0,0,0,0,0,0,0,NA,1,1,1
"z[130,3]",0,0,0,0,0,0,0,NA,1,1,1
"z[131,3]",0.334888888888889,0.472004056544206,0,0,0,1,1,1.0016955354529,1109,1,1
"z[132,3]",0.456,0.498115586572163,0,0,0,1,1,1.00078454175937,1807,1,1
"z[133,3]",0.218222222222222,0.413084983718457,0,0,0,0,1,0.999850862617579,4500,1,1
"z[134,3]",0,0,0,0,0,0,0,NA,1,1,1
"z[135,3]",0,0,0,0,0,0,0,NA,1,1,1
"z[136,3]",0,0,0,0,0,0,0,NA,1,1,1
"z[137,3]",0,0,0,0,0,0,0,NA,1,1,1
"z[138,3]",1,0,1,1,1,1,1,NA,1,0,1
"z[139,3]",0.0255555555555556,0.157822698772571,0,0,0,0,1,1.00327269738921,4500,1,1
"z[140,3]",0.0651111111111111,0.246749233761641,0,0,0,0,1,1.00007273293616,4500,1,1
"z[141,3]",0.0633333333333333,0.243588603732636,0,0,0,0,1,0.999940234567081,4500,1,1
"z[142,3]",0,0,0,0,0,0,0,NA,1,1,1
"z[143,3]",0,0,0,0,0,0,0,NA,1,1,1
"z[144,3]",0,0,0,0,0,0,0,NA,1,1,1
"z[145,3]",0.401555555555556,0.490267381292261,0,0,0,1,1,1.00142697538075,1189,1,1
"z[146,3]",0.570888888888889,0.495004258940334,0,0,1,1,1,1.00149552982133,1123,1,1
"z[147,3]",0.273555555555556,0.445833022603045,0,0,0,1,1,1.00062532397096,2629,1,1
"z[148,3]",0.181333333333333,0.385336933245042,0,0,0,0,1,0.999858068460487,4500,1,1
"z[149,3]",0.024,0.153066020038189,0,0,0,0,0,1.00383030603485,4500,1,1
"z[150,3]",0.0722222222222222,0.258884272233404,0,0,0,0,1,1.00059650721441,4500,1,1
"z[151,3]",0.0224444444444444,0.148140366379144,0,0,0,0,0,1.00598095984142,3584,1,1
"z[152,3]",0.935777777777778,0.245175623613492,0,1,1,1,1,1.00285414548697,2596,1,1
"z[153,3]",0.623333333333333,0.484604040216981,0,0,1,1,1,1.00017882964251,4161,1,1
"z[154,3]",0.225333333333333,0.417848084308576,0,0,0,0,1,0.99968361732794,4500,1,1
"z[155,3]",0.0164444444444444,0.127191272176836,0,0,0,0,0,1.02493570957007,1183,1,1
"z[156,3]",0.150222222222222,0.357328812676052,0,0,0,0,1,1.00153372283261,2091,1,1
"z[157,3]",0.127111111111111,0.333134414974858,0,0,0,0,1,1.0010715174616,3197,1,1
"z[158,3]",0.00511111111111111,0.071317023933587,0,0,0,0,0,1.05827885734145,1538,1,1
"z[159,3]",0.00355555555555556,0.0595289935189017,0,0,0,0,0,1.02429824061568,4500,1,1
"z[160,3]",0.0226666666666667,0.148855006121055,0,0,0,0,0,1.00102221295617,4500,1,1
"z[161,3]",0.0402222222222222,0.196501846614733,0,0,0,0,1,1.00294428794566,3929,1,1
"z[162,3]",0.288,0.452881417292069,0,0,0,1,1,1.00059107955324,2637,1,1
"z[163,3]",1,0,1,1,1,1,1,NA,1,0,1
"z[164,3]",1,0,1,1,1,1,1,NA,1,0,1
"z[165,3]",0.310222222222222,0.46263588027627,0,0,0,1,1,1.00011953383793,4500,1,1
"z[166,3]",1,0,1,1,1,1,1,NA,1,0,1
"z[167,3]",0.644222222222222,0.478801519693364,0,0,1,1,1,0.999819271602799,4500,1,1
"z[168,3]",0.747555555555556,0.434463109111385,0,0,1,1,1,0.999816892127551,4500,1,1
"z[169,3]",0.589111111111111,0.492049807202756,0,0,1,1,1,0.999704940158053,4500,1,1
"z[170,3]",0.481333333333333,0.499706960137864,0,0,0,1,1,0.99987104969401,4500,1,1
"z[171,3]",0.272666666666667,0.445380327769016,0,0,0,1,1,1.00066731253465,2517,1,1
"z[172,3]",0.493111111111111,0.50000810049994,0,0,0,1,1,0.999778445117024,4500,1,1
"z[173,3]",0.884,0.320260507431969,0,1,1,1,1,1.00133135744569,2922,1,1
"z[174,3]",0.0891111111111111,0.284935717041694,0,0,0,0,1,1.00014215827733,4500,1,1
"z[175,3]",0.122888888888889,0.328346109941716,0,0,0,0,1,0.999808844939131,4500,1,1
"z[176,3]",0.0426666666666667,0.202126943226378,0,0,0,0,1,1.00037617364615,4500,1,1
"z[177,3]",0.251111111111111,0.433700495878734,0,0,0,1,1,0.999918913273695,4500,1,1
"z[178,3]",0,0,0,0,0,0,0,NA,1,1,1
"z[179,3]",0,0,0,0,0,0,0,NA,1,1,1
"z[180,3]",0,0,0,0,0,0,0,NA,1,1,1
"z[181,3]",0,0,0,0,0,0,0,NA,1,1,1
"z[182,3]",0,0,0,0,0,0,0,NA,1,1,1
"z[183,3]",0,0,0,0,0,0,0,NA,1,1,1
"z[184,3]",0,0,0,0,0,0,0,NA,1,1,1
"z[185,3]",0,0,0,0,0,0,0,NA,1,1,1
"z[1,4]",0.123333333333333,0.328855978694735,0,0,0,0,1,1.00019809029551,4500,1,1
"z[2,4]",0.0771111111111111,0.266797311851382,0,0,0,0,1,1.00068091922814,4500,1,1
"z[3,4]",1,0,1,1,1,1,1,NA,1,0,1
"z[4,4]",0.306666666666667,0.461161015380892,0,0,0,1,1,0.999992889408208,4500,1,1
"z[5,4]",0.622888888888889,0.484716960933941,0,0,1,1,1,1.00040005068545,2909,1,1
"z[6,4]",0.383111111111111,0.486199052506756,0,0,0,1,1,1.00147920343385,1169,1,1
"z[7,4]",0.949777777777778,0.218427454690079,0,1,1,1,1,0.999840245692601,4500,1,1
"z[8,4]",0.323111111111111,0.467716724186892,0,0,0,1,1,0.999755322050269,4500,1,1
"z[9,4]",1,0,1,1,1,1,1,NA,1,0,1
"z[10,4]",0.367777777777778,0.482254047098673,0,0,0,1,1,1.00022861729742,3835,1,1
"z[11,4]",0,0,0,0,0,0,0,NA,1,1,1
"z[12,4]",0,0,0,0,0,0,0,NA,1,1,1
"z[13,4]",0,0,0,0,0,0,0,NA,1,1,1
"z[14,4]",0,0,0,0,0,0,0,NA,1,1,1
"z[15,4]",0.0851111111111111,0.279077977538732,0,0,0,0,1,0.999780627310218,4500,1,1
"z[16,4]",0.132888888888889,0.339492333243092,0,0,0,0,1,1.0011948541379,2836,1,1
"z[17,4]",0.138222222222222,0.345171429580393,0,0,0,0,1,0.999929446591391,4500,1,1
"z[18,4]",0.718,0.450023337914495,0,0,1,1,1,1.00227657867154,947,1,1
"z[19,4]",0.0397777777777778,0.195458425118277,0,0,0,0,1,1.0158311857994,796,1,1
"z[20,4]",0.946666666666667,0.224722297816234,0,1,1,1,1,1.00352295448742,2563,1,1
"z[21,4]",1,0,1,1,1,1,1,NA,1,0,1
"z[22,4]",1,0,1,1,1,1,1,NA,1,0,1
"z[23,4]",1,0,1,1,1,1,1,NA,1,0,1
"z[24,4]",1,0,1,1,1,1,1,NA,1,0,1
"z[25,4]",0.00488888888888889,0.069757214702053,0,0,0,0,0,1.0068913899778,4500,1,1
"z[26,4]",0.310444444444444,0.462726995918727,0,0,0,1,1,1.00133761687804,1401,1,1
"z[27,4]",0.930444444444444,0.254424773023488,0,1,1,1,1,1.00058967219486,4500,1,1
"z[28,4]",0.103111111111111,0.304137740801698,0,0,0,0,1,0.999851477861404,4500,1,1
"z[29,4]",0.0575555555555556,0.232926963317475,0,0,0,0,1,1.00429884458176,1987,1,1
"z[30,4]",0.909333333333333,0.287166411122996,0,1,1,1,1,1.00675861123457,856,1,1
"z[31,4]",0.0455555555555556,0.208542349028494,0,0,0,0,1,1.00085171114015,4500,1,1
"z[32,4]",1,0,1,1,1,1,1,NA,1,0,1
"z[33,4]",0.178,0.382555253386689,0,0,0,0,1,1.00043645062335,4430,1,1
"z[34,4]",0.368444444444444,0.482436375993536,0,0,0,1,1,0.999836593111928,4500,1,1
"z[35,4]",1,0,1,1,1,1,1,NA,1,0,1
"z[36,4]",0.896222222222222,0.305005940343398,0,1,1,1,1,0.999951573236388,4500,1,1
"z[37,4]",1,0,1,1,1,1,1,NA,1,0,1
"z[38,4]",0.525555555555556,0.499401978692167,0,0,1,1,1,0.999769446688999,4500,1,1
"z[39,4]",0.877555555555556,0.327834845547119,0,1,1,1,1,1.00127411920577,2898,1,1
"z[40,4]",0.431555555555556,0.495348245849047,0,0,0,1,1,0.99972364081473,4500,1,1
"z[41,4]",0,0,0,0,0,0,0,NA,1,1,1
"z[42,4]",0,0,0,0,0,0,0,NA,1,1,1
"z[43,4]",0.0588888888888889,0.235442787459719,0,0,0,0,1,1.00313328100518,2593,1,1
"z[44,4]",0.0206666666666667,0.142281601882585,0,0,0,0,0,1.00200790845348,4500,1,1
"z[45,4]",0.123111111111111,0.32860121836697,0,0,0,0,1,1.00141021129228,2657,1,1
"z[46,4]",0.0131111111111111,0.113763288874888,0,0,0,0,0,1.00595615155855,4500,1,1
"z[47,4]",0,0,0,0,0,0,0,NA,1,1,1
"z[48,4]",0,0,0,0,0,0,0,NA,1,1,1
"z[49,4]",0,0,0,0,0,0,0,NA,1,1,1
"z[50,4]",0,0,0,0,0,0,0,NA,1,1,1
"z[51,4]",0,0,0,0,0,0,0,NA,1,1,1
"z[52,4]",0,0,0,0,0,0,0,NA,1,1,1
"z[53,4]",0,0,0,0,0,0,0,NA,1,1,1
"z[54,4]",0,0,0,0,0,0,0,NA,1,1,1
"z[55,4]",0,0,0,0,0,0,0,NA,1,1,1
"z[56,4]",0,0,0,0,0,0,0,NA,1,1,1
"z[57,4]",0.210666666666667,0.407827393549698,0,0,0,0,1,0.999685363437162,4500,1,1
"z[58,4]",0.0371111111111111,0.189055069145718,0,0,0,0,1,0.999801875534507,4500,1,1
"z[59,4]",1,0,1,1,1,1,1,NA,1,0,1
"z[60,4]",0.551777777777778,0.497367101581811,0,0,1,1,1,1.00119405678775,1330,1,1
"z[61,4]",0,0,0,0,0,0,0,NA,1,1,1
"z[62,4]",0,0,0,0,0,0,0,NA,1,1,1
"z[63,4]",0,0,0,0,0,0,0,NA,1,1,1
"z[64,4]",0,0,0,0,0,0,0,NA,1,1,1
"z[65,4]",0,0,0,0,0,0,0,NA,1,1,1
"z[66,4]",0,0,0,0,0,0,0,NA,1,1,1
"z[67,4]",0,0,0,0,0,0,0,NA,1,1,1
"z[68,4]",0,0,0,0,0,0,0,NA,1,1,1
"z[69,4]",0.0451111111111111,0.207570887552932,0,0,0,0,1,1.0000390665182,4500,1,1
"z[70,4]",0.13,0.336340807693268,0,0,0,0,1,1.00098480775459,3349,1,1
"z[71,4]",0.629333333333333,0.483036995302483,0,0,1,1,1,1.00144940773185,1209,1,1
"z[72,4]",0.947777777777778,0.222499579945098,0,1,1,1,1,1.00795939556005,1210,1,1
"z[73,4]",0.282444444444444,0.450238412335078,0,0,0,1,1,0.999733896215779,4500,1,1
"z[74,4]",0.0924444444444444,0.289684513538625,0,0,0,0,1,1.00293654596653,1826,1,1
"z[75,4]",0.163333333333333,0.369710603319289,0,0,0,0,1,1.00011142355645,4500,1,1
"z[76,4]",0.346666666666667,0.475961375470961,0,0,0,1,1,0.999849838980387,4500,1,1
"z[77,4]",0.355333333333333,0.478667391473839,0,0,0,1,1,0.999924928047592,4500,1,1
"z[78,4]",1,0,1,1,1,1,1,NA,1,0,1
"z[79,4]",0.354,0.478262302468231,0,0,0,1,1,1.00037321853205,3094,1,1
"z[80,4]",0.162444444444444,0.368899021895473,0,0,0,0,1,1.00272579098512,1206,1,1
"z[81,4]",0.0348888888888889,0.183518768996536,0,0,0,0,1,1.00391538245483,3480,1,1
"z[82,4]",1,0,1,1,1,1,1,NA,1,0,1
"z[83,4]",0.0404444444444444,0.197021109093834,0,0,0,0,1,0.999781293977215,4500,1,1
"z[84,4]",1,0,1,1,1,1,1,NA,1,0,1
"z[85,4]",0.416444444444444,0.493023818130153,0,0,0,1,1,0.999925601453334,4500,1,1
"z[86,4]",0.0344444444444444,0.182388094475073,0,0,0,0,1,1.00169196569032,4500,1,1
"z[87,4]",0.176,0.380862487938661,0,0,0,0,1,1.00027279608444,4500,1,1
"z[88,4]",0.387333333333333,0.487195000651384,0,0,0,1,1,1.00126768174296,1318,1,1
"z[89,4]",0.0324444444444444,0.177197008935809,0,0,0,0,1,1.00269080267374,4500,1,1
"z[90,4]",0.769555555555556,0.421164124865351,0,1,1,1,1,0.999830022533455,4500,1,1
"z[91,4]",0,0,0,0,0,0,0,NA,1,1,1
"z[92,4]",0,0,0,0,0,0,0,NA,1,1,1
"z[93,4]",0,0,0,0,0,0,0,NA,1,1,1
"z[94,4]",0,0,0,0,0,0,0,NA,1,1,1
"z[95,4]",0.427777777777778,0.494811437965552,0,0,0,1,1,1.00086727521735,1706,1,1
"z[96,4]",0.0235555555555556,0.151676642100424,0,0,0,0,0,1.00055226017685,4500,1,1
"z[97,4]",1,0,1,1,1,1,1,NA,1,0,1
"z[98,4]",0.424444444444444,0.494313318715563,0,0,0,1,1,1.00133030795281,1235,1,1
"z[99,4]",0.169333333333333,0.375087749976273,0,0,0,0,1,1.00016366396991,4500,1,1
"z[100,4]",0.533777777777778,0.498913194888831,0,0,1,1,1,0.999920698361634,4500,1,1
"z[101,4]",0.140444444444444,0.347486165270941,0,0,0,0,1,1.00017716762221,4500,1,1
"z[102,4]",0,0,0,0,0,0,0,NA,1,1,1
"z[103,4]",0,0,0,0,0,0,0,NA,1,1,1
"z[104,4]",0.123555555555556,0.329110391733384,0,0,0,0,1,1.00163123898629,2341,1,1
"z[105,4]",0.526666666666667,0.499343868224145,0,0,1,1,1,0.999820353968445,4500,1,1
"z[106,4]",0,0,0,0,0,0,0,NA,1,1,1
"z[107,4]",0,0,0,0,0,0,0,NA,1,1,1
"z[108,4]",0,0,0,0,0,0,0,NA,1,1,1
"z[109,4]",0,0,0,0,0,0,0,NA,1,1,1
"z[110,4]",0,0,0,0,0,0,0,NA,1,1,1
"z[111,4]",0,0,0,0,0,0,0,NA,1,1,1
"z[112,4]",0,0,0,0,0,0,0,NA,1,1,1
"z[113,4]",0,0,0,0,0,0,0,NA,1,1,1
"z[114,4]",0.0882222222222222,0.283649327601227,0,0,0,0,1,0.999899316889552,4500,1,1
"z[115,4]",0.108444444444444,0.310975460571048,0,0,0,0,1,1.00236537032912,1919,1,1
"z[116,4]",0.130888888888889,0.337316279778769,0,0,0,0,1,1.00166415339669,2193,1,1
"z[117,4]",0.164888888888889,0.371121476247506,0,0,0,0,1,1.00027596087143,4500,1,1
"z[118,4]",0.0651111111111111,0.246749233761641,0,0,0,0,1,1.00874911403098,894,1,1
"z[119,4]",0.00155555555555556,0.0394142235807543,0,0,0,0,0,1.06447893654775,4494,1,1
"z[120,4]",0.0826666666666667,0.275408323018099,0,0,0,0,1,1.01572585404605,407,1,1
"z[121,4]",0.0275555555555556,0.163713783655141,0,0,0,0,1,1.00747177392273,2371,1,1
"z[122,4]",0,0,0,0,0,0,0,NA,1,1,1
"z[123,4]",0,0,0,0,0,0,0,NA,1,1,1
"z[124,4]",0,0,0,0,0,0,0,NA,1,1,1
"z[125,4]",0.674222222222222,0.468716799882941,0,0,1,1,1,1.00119886599416,1489,1,1
"z[126,4]",0.133555555555556,0.340211978135586,0,0,0,0,1,1.00014477125147,4500,1,1
"z[127,4]",0,0,0,0,0,0,0,NA,1,1,1
"z[128,4]",0,0,0,0,0,0,0,NA,1,1,1
"z[129,4]",0,0,0,0,0,0,0,NA,1,1,1
"z[130,4]",0,0,0,0,0,0,0,NA,1,1,1
"z[131,4]",0.456444444444444,0.498154654515805,0,0,0,1,1,1.00018959291217,3857,1,1
"z[132,4]",0.58,0.493613356145918,0,0,1,1,1,0.999911320839673,4500,1,1
"z[133,4]",0.262444444444444,0.440011798198807,0,0,0,1,1,1.00030819360963,4030,1,1
"z[134,4]",0,0,0,0,0,0,0,NA,1,1,1
"z[135,4]",0,0,0,0,0,0,0,NA,1,1,1
"z[136,4]",0,0,0,0,0,0,0,NA,1,1,1
"z[137,4]",0,0,0,0,0,0,0,NA,1,1,1
"z[138,4]",0.974222222222222,0.158489324311835,0,1,1,1,1,1.00228245340184,4500,1,1
"z[139,4]",0.0428888888888889,0.202629110007349,0,0,0,0,1,1.00222024008842,4500,1,1
"z[140,4]",0.121555555555556,0.326808103614916,0,0,0,0,1,1.00081968474533,4065,1,1
"z[141,4]",0.145555555555556,0.352699276340701,0,0,0,0,1,1.00138732986746,2344,1,1
"z[142,4]",0,0,0,0,0,0,0,NA,1,1,1
"z[143,4]",0,0,0,0,0,0,0,NA,1,1,1
"z[144,4]",0,0,0,0,0,0,0,NA,1,1,1
"z[145,4]",0.362,0.480632224224849,0,0,0,1,1,1.00193240018386,959,1,1
"z[146,4]",0.620444444444444,0.485330278513819,0,0,1,1,1,1.0005401815253,2438,1,1
"z[147,4]",0.203333333333333,0.402523160105083,0,0,0,0,1,1.00125055956766,1957,1,1
"z[148,4]",0.0957777777777778,0.294318950732983,0,0,0,0,1,1.00065829592155,4500,1,1
"z[149,4]",0.136,0.342826658537455,0,0,0,0,1,1.00083180287953,3656,1,1
"z[150,4]",0.125555555555556,0.331384612689324,0,0,0,0,1,1.00321209274511,1285,1,1
"z[151,4]",0.139333333333333,0.346332514022216,0,0,0,0,1,0.999682063672423,4500,1,1
"z[152,4]",1,0,1,1,1,1,1,NA,1,0,1
"z[153,4]",0.716666666666667,0.450666938039623,0,0,1,1,1,0.999731270371674,4500,1,1
"z[154,4]",0.160444444444444,0.367058530929405,0,0,0,0,1,1.00071628392904,3534,1,1
"z[155,4]",0.0291111111111111,0.168136660277006,0,0,0,0,1,1.00724107233958,2318,1,1
"z[156,4]",0.393555555555556,0.488592498632741,0,0,0,1,1,1.00003619087743,4500,1,1
"z[157,4]",0.224888888888889,0.417555531121581,0,0,0,0,1,1.00009120317307,4500,1,1
"z[158,4]",0.00644444444444444,0.0800271001985887,0,0,0,0,0,1.00385467038575,4500,1,1
"z[159,4]",0.00333333333333333,0.0576451269226114,0,0,0,0,0,1.01920790422686,4500,1,1
"z[160,4]",0.0271111111111111,0.162425248725456,0,0,0,0,1,1.00119057489705,4500,1,1
"z[161,4]",0.0566666666666667,0.231230268797726,0,0,0,0,1,1.01278094567986,707,1,1
"z[162,4]",1,0,1,1,1,1,1,NA,1,0,1
"z[163,4]",1,0,1,1,1,1,1,NA,1,0,1
"z[164,4]",1,0,1,1,1,1,1,NA,1,0,1
"z[165,4]",0.472888888888889,0.499319929690292,0,0,0,1,1,1.00005942001695,4500,1,1
"z[166,4]",1,0,1,1,1,1,1,NA,1,0,1
"z[167,4]",1,0,1,1,1,1,1,NA,1,0,1
"z[168,4]",1,0,1,1,1,1,1,NA,1,0,1
"z[169,4]",1,0,1,1,1,1,1,NA,1,0,1
"z[170,4]",1,0,1,1,1,1,1,NA,1,0,1
"z[171,4]",0.261555555555556,0.439530633059229,0,0,0,1,1,1.0009534794898,2009,1,1
"z[172,4]",0.590444444444444,0.491806417350761,0,0,1,1,1,0.999966274196534,4500,1,1
"z[173,4]",0.919111111111111,0.272694703874728,0,1,1,1,1,0.99972464284709,4500,1,1
"z[174,4]",0.0622222222222222,0.241585568629304,0,0,0,0,1,0.999782650988342,4500,1,1
"z[175,4]",0.368444444444444,0.482436375993536,0,0,0,1,1,0.999713552889594,4500,1,1
"z[176,4]",0.0902222222222222,0.286531703964327,0,0,0,0,1,1.00121122149998,3949,1,1
"z[177,4]",1,0,1,1,1,1,1,NA,1,0,1
"z[178,4]",0,0,0,0,0,0,0,NA,1,1,1
"z[179,4]",0,0,0,0,0,0,0,NA,1,1,1
"z[180,4]",0,0,0,0,0,0,0,NA,1,1,1
"z[181,4]",0,0,0,0,0,0,0,NA,1,1,1
"z[182,4]",0,0,0,0,0,0,0,NA,1,1,1
"z[183,4]",0,0,0,0,0,0,0,NA,1,1,1
"z[184,4]",0,0,0,0,0,0,0,NA,1,1,1
"z[185,4]",0,0,0,0,0,0,0,NA,1,1,1
"z[1,5]",1,0,1,1,1,1,1,NA,1,0,1
"z[2,5]",1,0,1,1,1,1,1,NA,1,0,1
"z[3,5]",0.149333333333333,0.356456343321839,0,0,0,0,1,1.0007152149973,3745,1,1
"z[4,5]",0.246,0.430726395555701,0,0,0,0,1,1.0007366681924,2525,1,1
"z[5,5]",0.746,0.435345973812633,0,0,1,1,1,0.999872897183815,4500,1,1
"z[6,5]",0.408666666666667,0.491642081178752,0,0,0,1,1,1.00021958340184,3742,1,1
"z[7,5]",0.955555555555556,0.206103312651472,0,1,1,1,1,1.00037716788789,4500,1,1
"z[8,5]",1,0,1,1,1,1,1,NA,1,0,1
"z[9,5]",1,0,1,1,1,1,1,NA,1,0,1
"z[10,5]",1,0,1,1,1,1,1,NA,1,0,1
"z[11,5]",0,0,0,0,0,0,0,NA,1,1,1
"z[12,5]",0,0,0,0,0,0,0,NA,1,1,1
"z[13,5]",0,0,0,0,0,0,0,NA,1,1,1
"z[14,5]",0,0,0,0,0,0,0,NA,1,1,1
"z[15,5]",0.0951111111111111,0.293400949995396,0,0,0,0,1,1.00068688644874,4500,1,1
"z[16,5]",0.175111111111111,0.380104349345409,0,0,0,0,1,1.00052744681996,4024,1,1
"z[17,5]",0.124666666666667,0.330377275632388,0,0,0,0,1,1.00292808845823,1409,1,1
"z[18,5]",0.843777777777778,0.363106236035812,0,1,1,1,1,1.00201636612311,1621,1,1
"z[19,5]",0.0491111111111111,0.216124014828025,0,0,0,0,1,1.00480136389933,2070,1,1
"z[20,5]",1,0,1,1,1,1,1,NA,1,0,1
"z[21,5]",0.151555555555556,0.35862940517766,0,0,0,0,1,1.00372917650206,963,1,1
"z[22,5]",0.778222222222222,0.415488576801184,0,1,1,1,1,1.00062997431467,3017,1,1
"z[23,5]",0.466,0.498898096767256,0,0,0,1,1,0.999933380078607,4500,1,1
"z[24,5]",0.953555555555556,0.21046900448124,0,1,1,1,1,1.00553004041813,1913,1,1
"z[25,5]",0.0208888888888889,0.143028281223349,0,0,0,0,0,1.00604152553921,3801,1,1
"z[26,5]",0.135111111111111,0.341880202058169,0,0,0,0,1,1.00089707702581,3486,1,1
"z[27,5]",1,0,1,1,1,1,1,NA,1,0,1
"z[28,5]",1,0,1,1,1,1,1,NA,1,0,1
"z[29,5]",0.0575555555555556,0.232926963317475,0,0,0,0,1,1.00007788682832,4500,1,1
"z[30,5]",0.898666666666667,0.301803131244352,0,1,1,1,1,1.00673314583386,773,1,1
"z[31,5]",0.0457777777777778,0.209026032222424,0,0,0,0,1,1.00002880758122,4500,1,1
"z[32,5]",0.952666666666667,0.212374461172167,0,1,1,1,1,1.00449507809631,2290,1,1
"z[33,5]",1,0,1,1,1,1,1,NA,1,0,1
"z[34,5]",1,0,1,1,1,1,1,NA,1,0,1
"z[35,5]",1,0,1,1,1,1,1,NA,1,0,1
"z[36,5]",1,0,1,1,1,1,1,NA,1,0,1
"z[37,5]",1,0,1,1,1,1,1,NA,1,0,1
"z[38,5]",1,0,1,1,1,1,1,NA,1,0,1
"z[39,5]",1,0,1,1,1,1,1,NA,1,0,1
"z[40,5]",1,0,1,1,1,1,1,NA,1,0,1
"z[41,5]",0,0,0,0,0,0,0,NA,1,1,1
"z[42,5]",0,0,0,0,0,0,0,NA,1,1,1
"z[43,5]",0.0522222222222222,0.222499579945098,0,0,0,0,1,1.00370627804009,2488,1,1
"z[44,5]",0.018,0.132965893646013,0,0,0,0,0,1.00250219334756,4500,1,1
"z[45,5]",0.103111111111111,0.304137740801698,0,0,0,0,1,1.00216940746916,2158,1,1
"z[46,5]",0.0188888888888889,0.136147779728393,0,0,0,0,0,1.01202362960674,2145,1,1
"z[47,5]",0,0,0,0,0,0,0,NA,1,1,1
"z[48,5]",0,0,0,0,0,0,0,NA,1,1,1
"z[49,5]",0,0,0,0,0,0,0,NA,1,1,1
"z[50,5]",0,0,0,0,0,0,0,NA,1,1,1
"z[51,5]",0,0,0,0,0,0,0,NA,1,1,1
"z[52,5]",0,0,0,0,0,0,0,NA,1,1,1
"z[53,5]",0,0,0,0,0,0,0,NA,1,1,1
"z[54,5]",0,0,0,0,0,0,0,NA,1,1,1
"z[55,5]",0,0,0,0,0,0,0,NA,1,1,1
"z[56,5]",0,0,0,0,0,0,0,NA,1,1,1
"z[57,5]",0.157777777777778,0.364573020049094,0,0,0,0,1,1.00242384045363,1359,1,1
"z[58,5]",0.0635555555555556,0.243986630137708,0,0,0,0,1,1.00011194037861,4500,1,1
"z[59,5]",0.902666666666667,0.296444065956704,0,1,1,1,1,0.999963781224281,4500,1,1
"z[60,5]",0.702888888888889,0.457036669319395,0,0,1,1,1,1.00245656077354,866,1,1
"z[61,5]",0,0,0,0,0,0,0,NA,1,1,1
"z[62,5]",0,0,0,0,0,0,0,NA,1,1,1
"z[63,5]",0,0,0,0,0,0,0,NA,1,1,1
"z[64,5]",0,0,0,0,0,0,0,NA,1,1,1
"z[65,5]",0,0,0,0,0,0,0,NA,1,1,1
"z[66,5]",0,0,0,0,0,0,0,NA,1,1,1
"z[67,5]",0,0,0,0,0,0,0,NA,1,1,1
"z[68,5]",0,0,0,0,0,0,0,NA,1,1,1
"z[69,5]",1,0,1,1,1,1,1,NA,1,0,1
"z[70,5]",0.117777777777778,0.322380626329261,0,0,0,0,1,1.00147546512764,2654,1,1
"z[71,5]",0.517555555555556,0.499747237980913,0,0,1,1,1,1.00076462546821,1828,1,1
"z[72,5]",1,0,1,1,1,1,1,NA,1,0,1
"z[73,5]",0.645555555555556,0.478397783242291,0,0,1,1,1,1.00010928211755,4500,1,1
"z[74,5]",0.538,0.498609312933248,0,0,1,1,1,1.00131521366025,1225,1,1
"z[75,5]",0.444222222222222,0.496934317478156,0,0,0,1,1,1.00031939661207,3108,1,1
"z[76,5]",1,0,1,1,1,1,1,NA,1,0,1
"z[77,5]",1,0,1,1,1,1,1,NA,1,0,1
"z[78,5]",0.804666666666667,0.396501145622131,0,1,1,1,1,1.00009831545681,4500,1,1
"z[79,5]",0.478666666666667,0.49960019579118,0,0,0,1,1,0.999728457074118,4500,1,1
"z[80,5]",0.180666666666667,0.384784516645139,0,0,0,0,1,1.00149894022767,1848,1,1
"z[81,5]",0.0444444444444444,0.206103312651472,0,0,0,0,1,1.00148034091941,4500,1,1
"z[82,5]",1,0,1,1,1,1,1,NA,1,0,1
"z[83,5]",0.0673333333333333,0.250626243865736,0,0,0,0,1,1.00035999655623,4500,1,1
"z[84,5]",1,0,1,1,1,1,1,NA,1,0,1
"z[85,5]",1,0,1,1,1,1,1,NA,1,0,1
"z[86,5]",0.0435555555555556,0.20412674648623,0,0,0,0,1,1.0020643646851,4500,1,1
"z[87,5]",0.126222222222222,0.332136549049397,0,0,0,0,1,1.00036326890309,4500,1,1
"z[88,5]",0.231111111111111,0.421590159780607,0,0,0,0,1,1.00080215518019,2488,1,1
"z[89,5]",0.0246666666666667,0.155124368434336,0,0,0,0,0,1.00437827335053,4390,1,1
"z[90,5]",0.850888888888889,0.356237545476876,0,1,1,1,1,0.999764825322783,4500,1,1
"z[91,5]",0,0,0,0,0,0,0,NA,1,1,1
"z[92,5]",0,0,0,0,0,0,0,NA,1,1,1
"z[93,5]",0,0,0,0,0,0,0,NA,1,1,1
"z[94,5]",0,0,0,0,0,0,0,NA,1,1,1
"z[95,5]",0.276222222222222,0.447177753800003,0,0,0,1,1,1.00001986427172,4500,1,1
"z[96,5]",0.0315555555555556,0.174833049066281,0,0,0,0,1,1.00008950781149,4500,1,1
"z[97,5]",0.258666666666667,0.437950733110633,0,0,0,1,1,1.0002137784673,4500,1,1
"z[98,5]",0.305111111111111,0.460505642356816,0,0,0,1,1,0.999854897180692,4500,1,1
"z[99,5]",0.409555555555556,0.491806417350761,0,0,0,1,1,1.00105828381198,1493,1,1
"z[100,5]",1,0,1,1,1,1,1,NA,1,0,1
"z[101,5]",0.217111111111111,0.412324698400923,0,0,0,0,1,1.0026374724463,992,1,1
"z[102,5]",0,0,0,0,0,0,0,NA,1,1,1
"z[103,5]",0,0,0,0,0,0,0,NA,1,1,1
"z[104,5]",0.331333333333333,0.470744941744271,0,0,0,1,1,1.00038532569616,3149,1,1
"z[105,5]",0.694222222222222,0.460787273813823,0,0,1,1,1,0.999858021960268,4500,1,1
"z[106,5]",0,0,0,0,0,0,0,NA,1,1,1
"z[107,5]",0,0,0,0,0,0,0,NA,1,1,1
"z[108,5]",0,0,0,0,0,0,0,NA,1,1,1
"z[109,5]",0,0,0,0,0,0,0,NA,1,1,1
"z[110,5]",0,0,0,0,0,0,0,NA,1,1,1
"z[111,5]",0,0,0,0,0,0,0,NA,1,1,1
"z[112,5]",0,0,0,0,0,0,0,NA,1,1,1
"z[113,5]",0,0,0,0,0,0,0,NA,1,1,1
"z[114,5]",0.0846666666666667,0.278415961965736,0,0,0,0,1,1.00104875732986,4500,1,1
"z[115,5]",0.0893333333333333,0.285255975094233,0,0,0,0,1,1.00697060043812,837,1,1
"z[116,5]",1,0,1,1,1,1,1,NA,1,0,1
"z[117,5]",1,0,1,1,1,1,1,NA,1,0,1
"z[118,5]",0.0528888888888889,0.223836521313966,0,0,0,0,1,1.01338216282568,717,1,1
"z[119,5]",0.00466666666666667,0.0681609955608629,0,0,0,0,0,1.00308166426605,4500,1,1
"z[120,5]",0.0871111111111111,0.28202914935459,0,0,0,0,1,1.013789519352,444,1,1
"z[121,5]",0.0231111111111111,0.150273104306291,0,0,0,0,0,1.00504783280896,4083,1,1
"z[122,5]",0,0,0,0,0,0,0,NA,1,1,1
"z[123,5]",0,0,0,0,0,0,0,NA,1,1,1
"z[124,5]",0,0,0,0,0,0,0,NA,1,1,1
"z[125,5]",1,0,1,1,1,1,1,NA,1,0,1
"z[126,5]",0.310222222222222,0.46263588027627,0,0,0,1,1,0.999887285105047,4500,1,1
"z[127,5]",0,0,0,0,0,0,0,NA,1,1,1
"z[128,5]",0,0,0,0,0,0,0,NA,1,1,1
"z[129,5]",0,0,0,0,0,0,0,NA,1,1,1
"z[130,5]",0,0,0,0,0,0,0,NA,1,1,1
"z[131,5]",0.575777777777778,0.494279293471871,0,0,1,1,1,1.00083622858261,1754,1,1
"z[132,5]",0.659555555555556,0.473911314498849,0,0,1,1,1,1.00001054812244,4500,1,1
"z[133,5]",0.364888888888889,0.481452487777566,0,0,0,1,1,0.999668449349442,4500,1,1
"z[134,5]",0,0,0,0,0,0,0,NA,1,1,1
"z[135,5]",0,0,0,0,0,0,0,NA,1,1,1
"z[136,5]",0,0,0,0,0,0,0,NA,1,1,1
"z[137,5]",0,0,0,0,0,0,0,NA,1,1,1
"z[138,5]",0.971555555555556,0.166257332410862,0,1,1,1,1,1.00546621653271,3093,1,1
"z[139,5]",0.0571111111111111,0.232080592249878,0,0,0,0,1,1.00044047161792,4500,1,1
"z[140,5]",0.183111111111111,0.386800568517406,0,0,0,0,1,1.00167585385847,1672,1,1
"z[141,5]",0.127111111111111,0.333134414974858,0,0,0,0,1,1.00103135954711,3310,1,1
"z[142,5]",0,0,0,0,0,0,0,NA,1,1,1
"z[143,5]",0,0,0,0,0,0,0,NA,1,1,1
"z[144,5]",0,0,0,0,0,0,0,NA,1,1,1
"z[145,5]",0.349111111111111,0.476742121649057,0,0,0,1,1,1.0022232641824,863,1,1
"z[146,5]",0.753333333333333,0.431118922372735,0,1,1,1,1,0.999711662066938,4500,1,1
"z[147,5]",0.161111111111111,0.367674260666936,0,0,0,0,1,0.999736839366708,4500,1,1
"z[148,5]",0.05,0.217969167319041,0,0,0,0,1,1.01101274829146,914,1,1
"z[149,5]",0.266444444444444,0.442148443237228,0,0,0,1,1,1.00007188417068,4500,1,1
"z[150,5]",0.199111111111111,0.399376165139174,0,0,0,0,1,1.0003666066281,4480,1,1
"z[151,5]",0.249555555555556,0.432803889466465,0,0,0,0,1,1.00020798127777,4500,1,1
"z[152,5]",0.714222222222222,0.451834269514556,0,0,1,1,1,0.999882085519815,4500,1,1
"z[153,5]",1,0,1,1,1,1,1,NA,1,0,1
"z[154,5]",0.118888888888889,0.323693689929004,0,0,0,0,1,0.999979563170896,4500,1,1
"z[155,5]",0.04,0.195980956294358,0,0,0,0,1,1.00465962405315,2593,1,1
"z[156,5]",0.102888888888889,0.303847464555696,0,0,0,0,1,1.00105617064072,3887,1,1
"z[157,5]",1,0,1,1,1,1,1,NA,1,0,1
"z[158,5]",0.0117777777777778,0.107896472423584,0,0,0,0,0,1.0047342543543,4500,1,1
"z[159,5]",0.00577777777777778,0.0758002102747823,0,0,0,0,0,1.0026465999129,4500,1,1
"z[160,5]",0.0428888888888889,0.202629110007349,0,0,0,0,1,1.0060129417014,1908,1,1
"z[161,5]",0.0477777777777778,0.213319417750194,0,0,0,0,1,1.0003933439038,4500,1,1
"z[162,5]",1,0,1,1,1,1,1,NA,1,0,1
"z[163,5]",0.756444444444444,0.429275200077866,0,1,1,1,1,0.99982871121853,4500,1,1
"z[164,5]",1,0,1,1,1,1,1,NA,1,0,1
"z[165,5]",1,0,1,1,1,1,1,NA,1,0,1
"z[166,5]",1,0,1,1,1,1,1,NA,1,0,1
"z[167,5]",1,0,1,1,1,1,1,NA,1,0,1
"z[168,5]",0.977555555555556,0.148140366379144,1,1,1,1,1,1.00002528975433,4500,0,1
"z[169,5]",1,0,1,1,1,1,1,NA,1,0,1
"z[170,5]",0.928888888888889,0.257038913373673,0,1,1,1,1,1.0000458345938,4500,1,1
"z[171,5]",0.242444444444444,0.428609331850102,0,0,0,0,1,1.00045197987871,3461,1,1
"z[172,5]",0.719777777777778,0.449157611618771,0,0,1,1,1,1.00097426551791,1902,1,1
"z[173,5]",0.964444444444444,0.185199838067563,0,1,1,1,1,1.00468464627206,2882,1,1
"z[174,5]",0.0508888888888889,0.219795235207613,0,0,0,0,1,1.00151292750873,4500,1,1
"z[175,5]",1,0,1,1,1,1,1,NA,1,0,1
"z[176,5]",0.094,0.291861147705373,0,0,0,0,1,0.999860405042892,4500,1,1
"z[177,5]",0.893333333333333,0.308723288567936,0,1,1,1,1,1.00105677753731,3762,1,1
"z[178,5]",0,0,0,0,0,0,0,NA,1,1,1
"z[179,5]",0,0,0,0,0,0,0,NA,1,1,1
"z[180,5]",0,0,0,0,0,0,0,NA,1,1,1
"z[181,5]",0,0,0,0,0,0,0,NA,1,1,1
"z[182,5]",0,0,0,0,0,0,0,NA,1,1,1
"z[183,5]",0,0,0,0,0,0,0,NA,1,1,1
"z[184,5]",0,0,0,0,0,0,0,NA,1,1,1
"z[185,5]",0,0,0,0,0,0,0,NA,1,1,1
"z[1,6]",0.0546666666666667,0.227353708622013,0,0,0,0,1,1.00011004786918,4500,1,1
"z[2,6]",0.0488888888888889,0.215659687442576,0,0,0,0,1,1.00053309120261,4500,1,1
"z[3,6]",0.0515555555555556,0.221152546426871,0,0,0,0,1,1.00232909679902,3824,1,1
"z[4,6]",1,0,1,1,1,1,1,NA,1,0,1
"z[5,6]",0.843777777777778,0.363106236035812,0,1,1,1,1,0.99980430983122,4500,1,1
"z[6,6]",0.367777777777778,0.482254047098673,0,0,0,1,1,0.999804146059958,4500,1,1
"z[7,6]",1,0,1,1,1,1,1,NA,1,0,1
"z[8,6]",1,0,1,1,1,1,1,NA,1,0,1
"z[9,6]",1,0,1,1,1,1,1,NA,1,0,1
"z[10,6]",0.561333333333333,0.496279108959641,0,0,1,1,1,1.00183279216063,942,1,1
"z[11,6]",0,0,0,0,0,0,0,NA,1,1,1
"z[12,6]",0,0,0,0,0,0,0,NA,1,1,1
"z[13,6]",0,0,0,0,0,0,0,NA,1,1,1
"z[14,6]",0,0,0,0,0,0,0,NA,1,1,1
"z[15,6]",0.0642222222222222,0.245175623613492,0,0,0,0,1,1.00246867127636,2955,1,1
"z[16,6]",0.322222222222222,0.467379508271034,0,0,0,1,1,0.999743199310245,4500,1,1
"z[17,6]",0.140222222222222,0.347256026113763,0,0,0,0,1,1.00078713565271,3694,1,1
"z[18,6]",0.866,0.340690171985335,0,1,1,1,1,1.00059801539313,4500,1,1
"z[19,6]",0.0437777777777778,0.204623040065984,0,0,0,0,1,1.00679069527446,1660,1,1
"z[20,6]",0.669111111111111,0.470585426201071,0,0,1,1,1,1.00000881688746,4500,1,1
"z[21,6]",0.295777777777778,0.456442309208322,0,0,0,1,1,1.00006614771615,4500,1,1
"z[22,6]",1,0,1,1,1,1,1,NA,1,0,1
"z[23,6]",0.330222222222222,0.470345263832854,0,0,0,1,1,0.999862585450344,4500,1,1
"z[24,6]",1,0,1,1,1,1,1,NA,1,0,1
"z[25,6]",0.0791111111111111,0.269942097980992,0,0,0,0,1,1.00011795074242,4500,1,1
"z[26,6]",0.104222222222222,0.30558256148604,0,0,0,0,1,0.999975133787389,4500,1,1
"z[27,6]",1,0,1,1,1,1,1,NA,1,0,1
"z[28,6]",0.0984444444444444,0.297947752307987,0,0,0,0,1,0.999857701410957,4500,1,1
"z[29,6]",0.0291111111111111,0.168136660277006,0,0,0,0,1,1.00830491984397,2023,1,1
"z[30,6]",0.878222222222222,0.327065317805307,0,1,1,1,1,1.00438655436432,987,1,1
"z[31,6]",0.0497777777777778,0.217509687264132,0,0,0,0,1,1.00633705065976,1579,1,1
"z[32,6]",1,0,1,1,1,1,1,NA,1,0,1
"z[33,6]",1,0,1,1,1,1,1,NA,1,0,1
"z[34,6]",0.789777777777778,0.407511647691963,0,1,1,1,1,1.00141975008494,1719,1,1
"z[35,6]",1,0,1,1,1,1,1,NA,1,0,1
"z[36,6]",1,0,1,1,1,1,1,NA,1,0,1
"z[37,6]",1,0,1,1,1,1,1,NA,1,0,1
"z[38,6]",0.409333333333333,0.491765489118608,0,0,0,1,1,1.00047398322677,2563,1,1
"z[39,6]",1,0,1,1,1,1,1,NA,1,0,1
"z[40,6]",1,0,1,1,1,1,1,NA,1,0,1
"z[41,6]",0,0,0,0,0,0,0,NA,1,1,1
"z[42,6]",0,0,0,0,0,0,0,NA,1,1,1
"z[43,6]",0.0384444444444444,0.192288028053314,0,0,0,0,1,1.00163174314577,4500,1,1
"z[44,6]",0.0248888888888889,0.155803807734777,0,0,0,0,0,1.00345658701129,4500,1,1
"z[45,6]",0.0762222222222222,0.265382828642999,0,0,0,0,1,1.00095719678295,4500,1,1
"z[46,6]",0.0153333333333333,0.122888478420367,0,0,0,0,0,1.00257849375764,4500,1,1
"z[47,6]",0,0,0,0,0,0,0,NA,1,1,1
"z[48,6]",0,0,0,0,0,0,0,NA,1,1,1
"z[49,6]",0,0,0,0,0,0,0,NA,1,1,1
"z[50,6]",0,0,0,0,0,0,0,NA,1,1,1
"z[51,6]",0,0,0,0,0,0,0,NA,1,1,1
"z[52,6]",0,0,0,0,0,0,0,NA,1,1,1
"z[53,6]",0,0,0,0,0,0,0,NA,1,1,1
"z[54,6]",0,0,0,0,0,0,0,NA,1,1,1
"z[55,6]",0,0,0,0,0,0,0,NA,1,1,1
"z[56,6]",0,0,0,0,0,0,0,NA,1,1,1
"z[57,6]",0.418222222222222,0.493321879203579,0,0,0,1,1,0.999669529779337,4500,1,1
"z[58,6]",0.0815555555555556,0.273716817169827,0,0,0,0,1,1.00496678154774,1251,1,1
"z[59,6]",0.792,0.405921933549937,0,1,1,1,1,1.00050824993945,3600,1,1
"z[60,6]",0.786444444444444,0.409862062981569,0,1,1,1,1,1.00162238457351,1522,1,1
"z[61,6]",0,0,0,0,0,0,0,NA,1,1,1
"z[62,6]",0,0,0,0,0,0,0,NA,1,1,1
"z[63,6]",0,0,0,0,0,0,0,NA,1,1,1
"z[64,6]",0,0,0,0,0,0,0,NA,1,1,1
"z[65,6]",0,0,0,0,0,0,0,NA,1,1,1
"z[66,6]",0,0,0,0,0,0,0,NA,1,1,1
"z[67,6]",0,0,0,0,0,0,0,NA,1,1,1
"z[68,6]",0,0,0,0,0,0,0,NA,1,1,1
"z[69,6]",0.0122222222222222,0.109888684384328,0,0,0,0,0,1.04244720494994,913,1,1
"z[70,6]",0.245111111111111,0.430200861930551,0,0,0,0,1,0.999669495355786,4500,1,1
"z[71,6]",0.519111111111111,0.499690156151589,0,0,1,1,1,1.00303604083158,600,1,1
"z[72,6]",1,0,1,1,1,1,1,NA,1,0,1
"z[73,6]",0.142,0.349088929478717,0,0,0,0,1,1.00061063287424,4352,1,1
"z[74,6]",0.0393333333333333,0.194408387233923,0,0,0,0,1,1.00542451498646,2278,1,1
"z[75,6]",0.333333333333333,0.47145690780245,0,0,0,1,1,1.00074725315281,2081,1,1
"z[76,6]",0.0584444444444444,0.234608019202615,0,0,0,0,1,1.00302168913992,2706,1,1
"z[77,6]",1,0,1,1,1,1,1,NA,1,0,1
"z[78,6]",0.723555555555556,0.447288914457388,0,0,1,1,1,1.00020700577859,4500,1,1
"z[79,6]",1,0,1,1,1,1,1,NA,1,0,1
"z[80,6]",0.184444444444444,0.387889322484193,0,0,0,0,1,1.00140707556222,1916,1,1
"z[81,6]",0.0464444444444444,0.21046900448124,0,0,0,0,1,1.00020787062456,4500,1,1
"z[82,6]",1,0,1,1,1,1,1,NA,1,0,1
"z[83,6]",0.0651111111111111,0.246749233761641,0,0,0,0,1,0.999713230814508,4500,1,1
"z[84,6]",0.918,0.274395210814911,0,1,1,1,1,1.00158282443378,3458,1,1
"z[85,6]",0.989111111111111,0.103791690054186,1,1,1,1,1,1.0227463278648,1948,0,1
"z[86,6]",0.0253333333333333,0.15715293120877,0,0,0,0,1,1.00412839847496,4500,1,1
"z[87,6]",0.0786666666666667,0.269247715076274,0,0,0,0,1,1.00153503743963,3679,1,1
"z[88,6]",0.594444444444444,0.491053797673561,0,0,1,1,1,1.00079658564272,1841,1,1
"z[89,6]",0.0135555555555556,0.115649360747383,0,0,0,0,0,1.01280074401875,2793,1,1
"z[90,6]",0.901333333333333,0.298247082996824,0,1,1,1,1,0.999863310094142,4500,1,1
"z[91,6]",0,0,0,0,0,0,0,NA,1,1,1
"z[92,6]",0,0,0,0,0,0,0,NA,1,1,1
"z[93,6]",0,0,0,0,0,0,0,NA,1,1,1
"z[94,6]",0,0,0,0,0,0,0,NA,1,1,1
"z[95,6]",0.341555555555556,0.474284035024721,0,0,0,1,1,1.00153108406629,1196,1,1
"z[96,6]",0.0128888888888889,0.11280777163711,0,0,0,0,0,1.00209956135563,4500,1,1
"z[97,6]",1,0,1,1,1,1,1,NA,1,0,1
"z[98,6]",0.316888888888889,0.465315415815657,0,0,0,1,1,1.00104023813788,1682,1,1
"z[99,6]",0.0784444444444444,0.268899575675426,0,0,0,0,1,0.999897802395808,4500,1,1
"z[100,6]",0.112222222222222,0.315674737072972,0,0,0,0,1,1.00169692100958,2470,1,1
"z[101,6]",0.0691111111111111,0.253671175391235,0,0,0,0,1,1.00074370202293,4500,1,1
"z[102,6]",0,0,0,0,0,0,0,NA,1,1,1
"z[103,6]",0,0,0,0,0,0,0,NA,1,1,1
"z[104,6]",1,0,1,1,1,1,1,NA,1,0,1
"z[105,6]",0.805333333333333,0.395987880398553,0,1,1,1,1,0.999729908674116,4500,1,1
"z[106,6]",0,0,0,0,0,0,0,NA,1,1,1
"z[107,6]",0,0,0,0,0,0,0,NA,1,1,1
"z[108,6]",0,0,0,0,0,0,0,NA,1,1,1
"z[109,6]",0,0,0,0,0,0,0,NA,1,1,1
"z[110,6]",0,0,0,0,0,0,0,NA,1,1,1
"z[111,6]",0,0,0,0,0,0,0,NA,1,1,1
"z[112,6]",0,0,0,0,0,0,0,NA,1,1,1
"z[113,6]",0,0,0,0,0,0,0,NA,1,1,1
"z[114,6]",1,0,1,1,1,1,1,NA,1,0,1
"z[115,6]",0.0804444444444444,0.272010253356189,0,0,0,0,1,1.00724829130305,889,1,1
"z[116,6]",0.0531111111111111,0.224279956970223,0,0,0,0,1,0.999822656779691,4500,1,1
"z[117,6]",0.09,0.286213563699108,0,0,0,0,1,1.00019555759035,4500,1,1
"z[118,6]",0.0686666666666667,0.252914551125769,0,0,0,0,1,1.00785300242116,946,1,1
"z[119,6]",0.00755555555555556,0.0866033246050876,0,0,0,0,0,1.00532486120142,4500,1,1
"z[120,6]",0.126222222222222,0.332136549049397,0,0,0,0,1,1.00426598786255,985,1,1
"z[121,6]",0.0317777777777778,0.175427447850631,0,0,0,0,1,1.00047354001184,4500,1,1
"z[122,6]",0,0,0,0,0,0,0,NA,1,1,1
"z[123,6]",0,0,0,0,0,0,0,NA,1,1,1
"z[124,6]",0,0,0,0,0,0,0,NA,1,1,1
"z[125,6]",0.594666666666667,0.491010995984176,0,0,1,1,1,0.999951180584958,4500,1,1
"z[126,6]",1,0,1,1,1,1,1,NA,1,0,1
"z[127,6]",0,0,0,0,0,0,0,NA,1,1,1
"z[128,6]",0,0,0,0,0,0,0,NA,1,1,1
"z[129,6]",0,0,0,0,0,0,0,NA,1,1,1
"z[130,6]",0,0,0,0,0,0,0,NA,1,1,1
"z[131,6]",0.259777777777778,0.438561313033389,0,0,0,1,1,1.00220290215538,1029,1,1
"z[132,6]",0.584444444444444,0.492872314821739,0,0,1,1,1,0.999835280791565,4500,1,1
"z[133,6]",0.193333333333333,0.394955972291722,0,0,0,0,1,0.999888793888858,4500,1,1
"z[134,6]",0,0,0,0,0,0,0,NA,1,1,1
"z[135,6]",0,0,0,0,0,0,0,NA,1,1,1
"z[136,6]",0,0,0,0,0,0,0,NA,1,1,1
"z[137,6]",0,0,0,0,0,0,0,NA,1,1,1
"z[138,6]",1,0,1,1,1,1,1,NA,1,0,1
"z[139,6]",0.0922222222222222,0.289371546504837,0,0,0,0,1,1.00135511601363,3525,1,1
"z[140,6]",0.375111111111111,0.484205397030585,0,0,0,1,1,0.999931377055649,4500,1,1
"z[141,6]",0.106,0.307871829415116,0,0,0,0,1,1.00021838914198,4500,1,1
"z[142,6]",0,0,0,0,0,0,0,NA,1,1,1
"z[143,6]",0,0,0,0,0,0,0,NA,1,1,1
"z[144,6]",0,0,0,0,0,0,0,NA,1,1,1
"z[145,6]",0.37,0.48285796204854,0,0,0,1,1,1.00183927557574,990,1,1
"z[146,6]",1,0,1,1,1,1,1,NA,1,0,1
"z[147,6]",0.138222222222222,0.345171429580393,0,0,0,0,1,1.00103946325837,3066,1,1
"z[148,6]",0.0244444444444444,0.154441620272072,0,0,0,0,0,1.0019153850991,4500,1,1
"z[149,6]",1,0,1,1,1,1,1,NA,1,0,1
"z[150,6]",0.372222222222222,0.483450905827888,0,0,0,1,1,0.999987620444588,4500,1,1
"z[151,6]",1,0,1,1,1,1,1,NA,1,0,1
"z[152,6]",0.587333333333333,0.492368522046806,0,0,1,1,1,0.999804110638813,4500,1,1
"z[153,6]",0.335111111111111,0.472081750364742,0,0,0,1,1,1.00000482012401,4500,1,1
"z[154,6]",0.107777777777778,0.310134007193376,0,0,0,0,1,0.999989959123665,4500,1,1
"z[155,6]",0.0408888888888889,0.198054801702807,0,0,0,0,1,1.002751944157,4116,1,1
"z[156,6]",1,0,1,1,1,1,1,NA,1,0,1
"z[157,6]",0.172888888888889,0.378193211805201,0,0,0,0,1,1.00115673530303,2353,1,1
"z[158,6]",0.0106666666666667,0.102738670891514,0,0,0,0,0,1.0082016122881,4500,1,1
"z[159,6]",0.00266666666666667,0.0515766100016907,0,0,0,0,0,1.0391172209852,4489,1,1
"z[160,6]",0.0411111111111111,0.198569256988457,0,0,0,0,1,1.00603801558423,1982,1,1
"z[161,6]",0.132888888888889,0.339492333243092,0,0,0,0,1,1.00078065273418,3884,1,1
"z[162,6]",0.694666666666667,0.460599645880547,0,0,1,1,1,0.999984001512469,4500,1,1
"z[163,6]",0.367111111111111,0.482070727090806,0,0,0,1,1,1.00016399190514,4329,1,1
"z[164,6]",1,0,1,1,1,1,1,NA,1,0,1
"z[165,6]",1,0,1,1,1,1,1,NA,1,0,1
"z[166,6]",1,0,1,1,1,1,1,NA,1,0,1
"z[167,6]",0.356222222222222,0.478935197820584,0,0,0,1,1,1.00029482608054,3469,1,1
"z[168,6]",1,0,1,1,1,1,1,NA,1,0,1
"z[169,6]",0.208444444444444,0.40624134675035,0,0,0,0,1,0.999754616318368,4500,1,1
"z[170,6]",1,0,1,1,1,1,1,NA,1,0,1
"z[171,6]",0.145777777777778,0.352922507098086,0,0,0,0,1,1.00010785160947,4500,1,1
"z[172,6]",1,0,1,1,1,1,1,NA,1,0,1
"z[173,6]",1,0,1,1,1,1,1,NA,1,0,1
"z[174,6]",0.0262222222222222,0.159813306406557,0,0,0,0,1,1.00781076398741,2384,1,1
"z[175,6]",1,0,1,1,1,1,1,NA,1,0,1
"z[176,6]",0.191777777777778,0.393742953740522,0,0,0,0,1,1.00018010872031,4500,1,1
"z[177,6]",1,0,1,1,1,1,1,NA,1,0,1
"z[178,6]",0,0,0,0,0,0,0,NA,1,1,1
"z[179,6]",0,0,0,0,0,0,0,NA,1,1,1
"z[180,6]",0,0,0,0,0,0,0,NA,1,1,1
"z[181,6]",0,0,0,0,0,0,0,NA,1,1,1
"z[182,6]",0,0,0,0,0,0,0,NA,1,1,1
"z[183,6]",0,0,0,0,0,0,0,NA,1,1,1
"z[184,6]",0,0,0,0,0,0,0,NA,1,1,1
"z[185,6]",0,0,0,0,0,0,0,NA,1,1,1
"z[1,7]",0.0235555555555556,0.151676642100424,0,0,0,0,0,1.00333783840387,4500,1,1
"z[2,7]",1,0,1,1,1,1,1,NA,1,0,1
"z[3,7]",0.026,0.159152847308496,0,0,0,0,1,1.00322761648698,4500,1,1
"z[4,7]",0.313555555555556,0.463989558652072,0,0,0,1,1,1.00073594283603,2181,1,1
"z[5,7]",1,0,1,1,1,1,1,NA,1,0,1
"z[6,7]",0.344444444444444,0.47523958022822,0,0,0,1,1,1.00008037786362,4500,1,1
"z[7,7]",0.970888888888889,0.168136660277006,0,1,1,1,1,1.00080800288408,4500,1,1
"z[8,7]",0.937333333333333,0.24238938031912,0,1,1,1,1,1.00000988534832,4500,1,1
"z[9,7]",0.980888888888889,0.136930797191431,1,1,1,1,1,1.01460205615894,1750,0,1
"z[10,7]",0.439333333333333,0.49636106354266,0,0,0,1,1,1.00066925407194,2031,1,1
"z[11,7]",0,0,0,0,0,0,0,NA,1,1,1
"z[12,7]",0,0,0,0,0,0,0,NA,1,1,1
"z[13,7]",0,0,0,0,0,0,0,NA,1,1,1
"z[14,7]",0,0,0,0,0,0,0,NA,1,1,1
"z[15,7]",0.0595555555555556,0.236687854568751,0,0,0,0,1,1.00094584926745,4500,1,1
"z[16,7]",0.422666666666667,0.494038251734098,0,0,0,1,1,0.999805982675074,4500,1,1
"z[17,7]",0.362666666666667,0.480823180928364,0,0,0,1,1,1.00005380041245,4500,1,1
"z[18,7]",0.923555555555556,0.265737434110773,0,1,1,1,1,0.999790477069567,4500,1,1
"z[19,7]",0.0173333333333333,0.130524613834426,0,0,0,0,0,1.0119845510805,2347,1,1
"z[20,7]",0.696666666666667,0.459749054543926,0,0,1,1,1,0.999820990500297,4500,1,1
"z[21,7]",0.245777777777778,0.430595244346508,0,0,0,0,1,1.00102794508759,1986,1,1
"z[22,7]",0.708888888888889,0.454325105268052,0,0,1,1,1,1.00035404792209,3533,1,1
"z[23,7]",1,0,1,1,1,1,1,NA,1,0,1
"z[24,7]",0.897333333333333,0.303556748016748,0,1,1,1,1,1.00051376167256,4500,1,1
"z[25,7]",0.207333333333333,0.405441428226822,0,0,0,0,1,1.00041510348286,4065,1,1
"z[26,7]",0.287555555555556,0.452673054448139,0,0,0,1,1,0.999949273831458,4500,1,1
"z[27,7]",0.905111111111111,0.293093973751269,0,1,1,1,1,1.00061419916801,4500,1,1
"z[28,7]",0.175555555555556,0.38048386710849,0,0,0,0,1,0.999840954453823,4500,1,1
"z[29,7]",0.0466666666666667,0.210947333488984,0,0,0,0,1,1.0003762250586,4500,1,1
"z[30,7]",1,0,1,1,1,1,1,NA,1,0,1
"z[31,7]",0.125777777777778,0.331635596516771,0,0,0,0,1,0.999699260258668,4500,1,1
"z[32,7]",1,0,1,1,1,1,1,NA,1,0,1
"z[33,7]",1,0,1,1,1,1,1,NA,1,0,1
"z[34,7]",1,0,1,1,1,1,1,NA,1,0,1
"z[35,7]",1,0,1,1,1,1,1,NA,1,0,1
"z[36,7]",1,0,1,1,1,1,1,NA,1,0,1
"z[37,7]",0.773777777777778,0.418431160517439,0,1,1,1,1,1.00273192736168,936,1,1
"z[38,7]",1,0,1,1,1,1,1,NA,1,0,1
"z[39,7]",1,0,1,1,1,1,1,NA,1,0,1
"z[40,7]",1,0,1,1,1,1,1,NA,1,0,1
"z[41,7]",0,0,0,0,0,0,0,NA,1,1,1
"z[42,7]",0,0,0,0,0,0,0,NA,1,1,1
"z[43,7]",0.0484444444444444,0.214727330422946,0,0,0,0,1,1.0016221485446,4500,1,1
"z[44,7]",0.0593333333333333,0.236273770253685,0,0,0,0,1,1.00116429742104,4500,1,1
"z[45,7]",0.0975555555555556,0.296745745695873,0,0,0,0,1,1.00022326440456,4500,1,1
"z[46,7]",0.0615555555555556,0.240373270107645,0,0,0,0,1,1.0013599362562,4500,1,1
"z[47,7]",0,0,0,0,0,0,0,NA,1,1,1
"z[48,7]",0,0,0,0,0,0,0,NA,1,1,1
"z[49,7]",0,0,0,0,0,0,0,NA,1,1,1
"z[50,7]",0,0,0,0,0,0,0,NA,1,1,1
"z[51,7]",0,0,0,0,0,0,0,NA,1,1,1
"z[52,7]",0,0,0,0,0,0,0,NA,1,1,1
"z[53,7]",0,0,0,0,0,0,0,NA,1,1,1
"z[54,7]",0,0,0,0,0,0,0,NA,1,1,1
"z[55,7]",0,0,0,0,0,0,0,NA,1,1,1
"z[56,7]",0,0,0,0,0,0,0,NA,1,1,1
"z[57,7]",0.0902222222222222,0.286531703964327,0,0,0,0,1,1.00393653148673,1420,1,1
"z[58,7]",0.250888888888889,0.433572864534595,0,0,0,1,1,0.999860109276056,4500,1,1
"z[59,7]",1,0,1,1,1,1,1,NA,1,0,1
"z[60,7]",1,0,1,1,1,1,1,NA,1,0,1
"z[61,7]",0,0,0,0,0,0,0,NA,1,1,1
"z[62,7]",0,0,0,0,0,0,0,NA,1,1,1
"z[63,7]",0,0,0,0,0,0,0,NA,1,1,1
"z[64,7]",0,0,0,0,0,0,0,NA,1,1,1
"z[65,7]",0,0,0,0,0,0,0,NA,1,1,1
"z[66,7]",0,0,0,0,0,0,0,NA,1,1,1
"z[67,7]",0,0,0,0,0,0,0,NA,1,1,1
"z[68,7]",0,0,0,0,0,0,0,NA,1,1,1
"z[69,7]",0.0633333333333333,0.243588603732636,0,0,0,0,1,1.00377521592745,2044,1,1
"z[70,7]",1,0,1,1,1,1,1,NA,1,0,1
"z[71,7]",1,0,1,1,1,1,1,NA,1,0,1
"z[72,7]",1,0,1,1,1,1,1,NA,1,0,1
"z[73,7]",1,0,1,1,1,1,1,NA,1,0,1
"z[74,7]",1,0,1,1,1,1,1,NA,1,0,1
"z[75,7]",0.0835555555555555,0.276750871585914,0,0,0,0,1,0.999847463825188,4500,1,1
"z[76,7]",0.219333333333333,0.41384088844787,0,0,0,0,1,1.00015267859566,4500,1,1
"z[77,7]",1,0,1,1,1,1,1,NA,1,0,1
"z[78,7]",0.893111111111111,0.309006267220739,0,1,1,1,1,1.00153398028341,2799,1,1
"z[79,7]",1,0,1,1,1,1,1,NA,1,0,1
"z[80,7]",0.189555555555556,0.391992848433725,0,0,0,0,1,1.00165806121322,1638,1,1
"z[81,7]",0.0422222222222222,0.201118111385383,0,0,0,0,1,1.00265474725777,4116,1,1
"z[82,7]",0.160666666666667,0.367264023365226,0,0,0,0,1,0.999731762488649,4500,1,1
"z[83,7]",0.117111111111111,0.321588371654486,0,0,0,0,1,0.999814502245961,4500,1,1
"z[84,7]",0.874666666666667,0.331133289462245,0,1,1,1,1,1.00074689495029,4229,1,1
"z[85,7]",0.985555555555556,0.119327141438796,1,1,1,1,1,1.02794507306244,1197,0,1
"z[86,7]",0.012,0.108897361089598,0,0,0,0,0,1.00333322773948,4500,1,1
"z[87,7]",0.0844444444444444,0.278084096742923,0,0,0,0,1,1.00056195983481,4500,1,1
"z[88,7]",0.0773333333333333,0.267149300225178,0,0,0,0,1,1.00018999787786,4500,1,1
"z[89,7]",0.00422222222222222,0.0648485125458765,0,0,0,0,0,1.03286308934805,3407,1,1
"z[90,7]",0.948888888888889,0.220248825947067,0,1,1,1,1,1.0002115951314,4500,1,1
"z[91,7]",0,0,0,0,0,0,0,NA,1,1,1
"z[92,7]",0,0,0,0,0,0,0,NA,1,1,1
"z[93,7]",0,0,0,0,0,0,0,NA,1,1,1
"z[94,7]",0,0,0,0,0,0,0,NA,1,1,1
"z[95,7]",0.127777777777778,0.333879303929952,0,0,0,0,1,1.00026485609996,4500,1,1
"z[96,7]",0.00866666666666667,0.0927009450571682,0,0,0,0,0,1.01535874708308,3626,1,1
"z[97,7]",1,0,1,1,1,1,1,NA,1,0,1
"z[98,7]",0.160888888888889,0.367469266471889,0,0,0,0,1,0.999806227931551,4500,1,1
"z[99,7]",0.115555555555556,0.319726736204165,0,0,0,0,1,1.00407772651452,1113,1,1
"z[100,7]",0.0324444444444444,0.177197008935809,0,0,0,0,1,1.00194251405168,4500,1,1
"z[101,7]",0.117111111111111,0.321588371654486,0,0,0,0,1,1.00370447200454,1191,1,1
"z[102,7]",0,0,0,0,0,0,0,NA,1,1,1
"z[103,7]",0,0,0,0,0,0,0,NA,1,1,1
"z[104,7]",1,0,1,1,1,1,1,NA,1,0,1
"z[105,7]",0.904666666666667,0.293707437222326,0,1,1,1,1,1.00029442979479,4500,1,1
"z[106,7]",0,0,0,0,0,0,0,NA,1,1,1
"z[107,7]",0,0,0,0,0,0,0,NA,1,1,1
"z[108,7]",0,0,0,0,0,0,0,NA,1,1,1
"z[109,7]",0,0,0,0,0,0,0,NA,1,1,1
"z[110,7]",0,0,0,0,0,0,0,NA,1,1,1
"z[111,7]",0,0,0,0,0,0,0,NA,1,1,1
"z[112,7]",0,0,0,0,0,0,0,NA,1,1,1
"z[113,7]",0,0,0,0,0,0,0,NA,1,1,1
"z[114,7]",0.092,0.289058069739814,0,0,0,0,1,1.00103729694727,4372,1,1
"z[115,7]",0.064,0.244780135956494,0,0,0,0,1,1.000842222421,4500,1,1
"z[116,7]",0.0724444444444445,0.259251196201609,0,0,0,0,1,1.00257600448113,2559,1,1
"z[117,7]",0.038,0.191217481839897,0,0,0,0,1,1.00071712441618,4500,1,1
"z[118,7]",0.094,0.291861147705373,0,0,0,0,1,1.00271281740474,1917,1,1
"z[119,7]",0.0135555555555556,0.115649360747383,0,0,0,0,0,1.00392378400485,4500,1,1
"z[120,7]",0.244,0.429540453404983,0,0,0,0,1,1.003946282832,639,1,1
"z[121,7]",0.156666666666667,0.363526600460068,0,0,0,0,1,0.999831914400469,4500,1,1
"z[122,7]",0,0,0,0,0,0,0,NA,1,1,1
"z[123,7]",0,0,0,0,0,0,0,NA,1,1,1
"z[124,7]",0,0,0,0,0,0,0,NA,1,1,1
"z[125,7]",0.347777777777778,0.476317974231116,0,0,0,1,1,1.00026698544206,3679,1,1
"z[126,7]",0.315111111111111,0.464611739583112,0,0,0,1,1,1.00056266751141,2592,1,1
"z[127,7]",0,0,0,0,0,0,0,NA,1,1,1
"z[128,7]",0,0,0,0,0,0,0,NA,1,1,1
"z[129,7]",0,0,0,0,0,0,0,NA,1,1,1
"z[130,7]",0,0,0,0,0,0,0,NA,1,1,1
"z[131,7]",1,0,1,1,1,1,1,NA,1,0,1
"z[132,7]",1,0,1,1,1,1,1,NA,1,0,1
"z[133,7]",1,0,1,1,1,1,1,NA,1,0,1
"z[134,7]",0,0,0,0,0,0,0,NA,1,1,1
"z[135,7]",0,0,0,0,0,0,0,NA,1,1,1
"z[136,7]",0,0,0,0,0,0,0,NA,1,1,1
"z[137,7]",0,0,0,0,0,0,0,NA,1,1,1
"z[138,7]",1,0,1,1,1,1,1,NA,1,0,1
"z[139,7]",0.194666666666667,0.395987880398553,0,0,0,0,1,1.00083366334603,2728,1,1
"z[140,7]",1,0,1,1,1,1,1,NA,1,0,1
"z[141,7]",0.126,0.331886241714584,0,0,0,0,1,1.00081864593189,3934,1,1
"z[142,7]",0,0,0,0,0,0,0,NA,1,1,1
"z[143,7]",0,0,0,0,0,0,0,NA,1,1,1
"z[144,7]",0,0,0,0,0,0,0,NA,1,1,1
"z[145,7]",0.454666666666667,0.497995983919549,0,0,0,1,1,1.00024656929828,3480,1,1
"z[146,7]",1,0,1,1,1,1,1,NA,1,0,1
"z[147,7]",0.255111111111111,0.435972098015125,0,0,0,1,1,0.999872611955961,4500,1,1
"z[148,7]",0.0284444444444444,0.166257332410862,0,0,0,0,1,1.00163284474016,4500,1,1
"z[149,7]",1,0,1,1,1,1,1,NA,1,0,1
"z[150,7]",1,0,1,1,1,1,1,NA,1,0,1
"z[151,7]",0.821111111111111,0.383301843561013,0,1,1,1,1,0.999791277528833,4500,1,1
"z[152,7]",0.638888888888889,0.480376057688429,0,0,1,1,1,0.999962262149101,4500,1,1
"z[153,7]",0.139777777777778,0.346794862339979,0,0,0,0,1,0.999750292582977,4500,1,1
"z[154,7]",0.198666666666667,0.399040859397038,0,0,0,0,1,0.999727946524255,4500,1,1
"z[155,7]",0.0662222222222222,0.248697776589203,0,0,0,0,1,1.00000240952983,4500,1,1
"z[156,7]",0.100444444444444,0.300625084542401,0,0,0,0,1,1.00032233421248,4500,1,1
"z[157,7]",0.211777777777778,0.408613575352813,0,0,0,0,1,1.00000273019727,4500,1,1
"z[158,7]",0.0131111111111111,0.113763288874888,0,0,0,0,0,1.00201641669654,4500,1,1
"z[159,7]",0.00422222222222222,0.0648485125458765,0,0,0,0,0,1.06197855934256,1739,1,1
"z[160,7]",0.0291111111111111,0.168136660277006,0,0,0,0,1,0.999882802043303,4500,1,1
"z[161,7]",0.127555555555556,0.333631340448453,0,0,0,0,1,0.999704485502192,4500,1,1
"z[162,7]",1,0,1,1,1,1,1,NA,1,0,1
"z[163,7]",1,0,1,1,1,1,1,NA,1,0,1
"z[164,7]",1,0,1,1,1,1,1,NA,1,0,1
"z[165,7]",0.217333333333333,0.412477107072181,0,0,0,0,1,0.99979979761691,4500,1,1
"z[166,7]",1,0,1,1,1,1,1,NA,1,0,1
"z[167,7]",0.418,0.493284981881299,0,0,0,1,1,1.00015147866749,4244,1,1
"z[168,7]",0.890222222222222,0.31264730789996,0,1,1,1,1,1.00132525337086,3079,1,1
"z[169,7]",0.352444444444444,0.477784560747159,0,0,0,1,1,1.00004364153704,4500,1,1
"z[170,7]",1,0,1,1,1,1,1,NA,1,0,1
"z[171,7]",0.144444444444444,0.351578889148306,0,0,0,0,1,0.999707037900422,4500,1,1
"z[172,7]",0.803555555555556,0.397352628229014,0,1,1,1,1,0.999872871156414,4500,1,1
"z[173,7]",0.999333333333333,0.0258141493083176,1,1,1,1,1,1.13377982835194,4498,0,1
"z[174,7]",0.0575555555555556,0.232926963317475,0,0,0,0,1,1.00229111812009,3510,1,1
"z[175,7]",1,0,1,1,1,1,1,NA,1,0,1
"z[176,7]",0.0553333333333333,0.228655142165391,0,0,0,0,1,1.00066700631683,4500,1,1
"z[177,7]",1,0,1,1,1,1,1,NA,1,0,1
"z[178,7]",0,0,0,0,0,0,0,NA,1,1,1
"z[179,7]",0,0,0,0,0,0,0,NA,1,1,1
"z[180,7]",0,0,0,0,0,0,0,NA,1,1,1
"z[181,7]",0,0,0,0,0,0,0,NA,1,1,1
"z[182,7]",0,0,0,0,0,0,0,NA,1,1,1
"z[183,7]",0,0,0,0,0,0,0,NA,1,1,1
"z[184,7]",0,0,0,0,0,0,0,NA,1,1,1
"z[185,7]",0,0,0,0,0,0,0,NA,1,1,1
"z[1,8]",0.0315555555555556,0.174833049066281,0,0,0,0,1,1.00040568914523,4500,1,1
"z[2,8]",1,0,1,1,1,1,1,NA,1,0,1
"z[3,8]",0.078,0.26820138867189,0,0,0,0,1,1.00096554743985,4500,1,1
"z[4,8]",1,0,1,1,1,1,1,NA,1,0,1
"z[5,8]",0.792222222222222,0.405761950063745,0,1,1,1,1,1.00099335364138,2290,1,1
"z[6,8]",0.372666666666667,0.483568181607945,0,0,0,1,1,1.00022576714569,3831,1,1
"z[7,8]",1,0,1,1,1,1,1,NA,1,0,1
"z[8,8]",1,0,1,1,1,1,1,NA,1,0,1
"z[9,8]",1,0,1,1,1,1,1,NA,1,0,1
"z[10,8]",0.243111111111111,0.42900932220977,0,0,0,0,1,1.00012675578412,4500,1,1
"z[11,8]",0,0,0,0,0,0,0,NA,1,1,1
"z[12,8]",0,0,0,0,0,0,0,NA,1,1,1
"z[13,8]",0,0,0,0,0,0,0,NA,1,1,1
"z[14,8]",0,0,0,0,0,0,0,NA,1,1,1
"z[15,8]",0.0802222222222222,0.271667108709551,0,0,0,0,1,0.999834364767679,4500,1,1
"z[16,8]",0.480222222222222,0.499664207709814,0,0,0,1,1,1.00008572291402,4500,1,1
"z[17,8]",0.449555555555556,0.497504130964745,0,0,0,1,1,0.999716592924191,4500,1,1
"z[18,8]",1,0,1,1,1,1,1,NA,1,0,1
"z[19,8]",0.0648888888888889,0.246357074296865,0,0,0,0,1,0.999954582378809,4500,1,1
"z[20,8]",0.710444444444444,0.453606503473637,0,0,1,1,1,0.999808932151509,4500,1,1
"z[21,8]",0.240888888888889,0.42767052389049,0,0,0,0,1,1.00061396923875,2896,1,1
"z[22,8]",0.567777777777778,0.49543992538561,0,0,1,1,1,1.00071409610252,1951,1,1
"z[23,8]",0.483777777777778,0.499792305780154,0,0,0,1,1,1.00009005311858,4500,1,1
"z[24,8]",1,0,1,1,1,1,1,NA,1,0,1
"z[25,8]",0.296222222222222,0.456640947872627,0,0,0,1,1,1.0000769114069,4500,1,1
"z[26,8]",0.354222222222222,0.478330099283297,0,0,0,1,1,1.0002824457955,3556,1,1
"z[27,8]",0.822444444444444,0.382180635927157,0,1,1,1,1,1.00079288484022,3040,1,1
"z[28,8]",0.115555555555556,0.319726736204165,0,0,0,0,1,0.999966738162412,4500,1,1
"z[29,8]",0.0906666666666667,0.287166411122996,0,0,0,0,1,0.999960367347211,4500,1,1
"z[30,8]",0.922888888888889,0.266797311851382,0,1,1,1,1,1.00232652048123,2636,1,1
"z[31,8]",0.302222222222222,0.459272058951727,0,0,0,1,1,0.999943435018232,4500,1,1
"z[32,8]",0.884222222222222,0.319993810293055,0,1,1,1,1,1.00318242352528,1382,1,1
"z[33,8]",1,0,1,1,1,1,1,NA,1,0,1
"z[34,8]",0.380444444444444,0.485550059204588,0,0,0,1,1,1.00028013132033,3457,1,1
"z[35,8]",1,0,1,1,1,1,1,NA,1,0,1
"z[36,8]",1,0,1,1,1,1,1,NA,1,0,1
"z[37,8]",1,0,1,1,1,1,1,NA,1,0,1
"z[38,8]",1,0,1,1,1,1,1,NA,1,0,1
"z[39,8]",0.948222222222222,0.221602690281563,0,1,1,1,1,1.0019468772175,4459,1,1
"z[40,8]",0.665555555555556,0.471848316480549,0,0,1,1,1,0.999692510589854,4500,1,1
"z[41,8]",0,0,0,0,0,0,0,NA,1,1,1
"z[42,8]",0,0,0,0,0,0,0,NA,1,1,1
"z[43,8]",0.120666666666667,0.325775699866786,0,0,0,0,1,1.00109526110658,3302,1,1
"z[44,8]",0.165111111111111,0.371322059827841,0,0,0,0,1,1.00230169296564,1381,1,1
"z[45,8]",0.316666666666667,0.465227886091202,0,0,0,1,1,1.00081489288832,2021,1,1
"z[46,8]",0.279777777777778,0.448939818965831,0,0,0,1,1,0.999887688327508,4500,1,1
"z[47,8]",0,0,0,0,0,0,0,NA,1,1,1
"z[48,8]",0,0,0,0,0,0,0,NA,1,1,1
"z[49,8]",0,0,0,0,0,0,0,NA,1,1,1
"z[50,8]",0,0,0,0,0,0,0,NA,1,1,1
"z[51,8]",0,0,0,0,0,0,0,NA,1,1,1
"z[52,8]",0,0,0,0,0,0,0,NA,1,1,1
"z[53,8]",0,0,0,0,0,0,0,NA,1,1,1
"z[54,8]",0,0,0,0,0,0,0,NA,1,1,1
"z[55,8]",0,0,0,0,0,0,0,NA,1,1,1
"z[56,8]",0,0,0,0,0,0,0,NA,1,1,1
"z[57,8]",0.130222222222222,0.336585160875883,0,0,0,0,1,1.00044123911728,4500,1,1
"z[58,8]",0.222666666666667,0.416082557164474,0,0,0,0,1,0.999995855563602,4500,1,1
"z[59,8]",1,0,1,1,1,1,1,NA,1,0,1
"z[60,8]",0.740222222222222,0.438561313033389,0,0,1,1,1,0.999755445894566,4500,1,1
"z[61,8]",0,0,0,0,0,0,0,NA,1,1,1
"z[62,8]",0,0,0,0,0,0,0,NA,1,1,1
"z[63,8]",0,0,0,0,0,0,0,NA,1,1,1
"z[64,8]",0,0,0,0,0,0,0,NA,1,1,1
"z[65,8]",0,0,0,0,0,0,0,NA,1,1,1
"z[66,8]",0,0,0,0,0,0,0,NA,1,1,1
"z[67,8]",0,0,0,0,0,0,0,NA,1,1,1
"z[68,8]",0,0,0,0,0,0,0,NA,1,1,1
"z[69,8]",0.0248888888888889,0.155803807734777,0,0,0,0,0,0.999959904330937,4500,1,1
"z[70,8]",0.0424444444444444,0.201623280764707,0,0,0,0,1,1.00501472012741,2281,1,1
"z[71,8]",1,0,1,1,1,1,1,NA,1,0,1
"z[72,8]",1,0,1,1,1,1,1,NA,1,0,1
"z[73,8]",0.260222222222222,0.438804519166392,0,0,0,1,1,0.999765176845062,4500,1,1
"z[74,8]",0.0511111111111111,0.220248825947067,0,0,0,0,1,1.00062041938912,4500,1,1
"z[75,8]",0.144666666666667,0.35180353283733,0,0,0,0,1,1.00111766515434,2776,1,1
"z[76,8]",0.0455555555555556,0.208542349028494,0,0,0,0,1,1.00528292114678,2034,1,1
"z[77,8]",0.855111111111111,0.352027892860083,0,1,1,1,1,1.00132618610152,2430,1,1
"z[78,8]",1,0,1,1,1,1,1,NA,1,0,1
"z[79,8]",0.385333333333333,0.48672805644789,0,0,0,1,1,1.00081599241347,1843,1,1
"z[80,8]",0.188222222222222,0.390932959969401,0,0,0,0,1,1.00088738295517,2685,1,1
"z[81,8]",0.0984444444444444,0.297947752307987,0,0,0,0,1,1.00000821952249,4500,1,1
"z[82,8]",0.224222222222222,0.417115428484319,0,0,0,0,1,0.999936719637474,4500,1,1
"z[83,8]",0.114888888888889,0.318923242760949,0,0,0,0,1,1.00001971550576,4500,1,1
"z[84,8]",0.814,0.389149910460912,0,1,1,1,1,1.00025053483792,4500,1,1
"z[85,8]",1,0,1,1,1,1,1,NA,1,0,1
"z[86,8]",0.0228888888888889,0.149565901047889,0,0,0,0,0,1.00266563691123,4500,1,1
"z[87,8]",0.144,0.351128748592969,0,0,0,0,1,1.00007634928616,4500,1,1
"z[88,8]",1,0,1,1,1,1,1,NA,1,0,1
"z[89,8]",0.0393333333333333,0.194408387233923,0,0,0,0,1,1.00111480718408,4500,1,1
"z[90,8]",1,0,1,1,1,1,1,NA,1,0,1
"z[91,8]",0,0,0,0,0,0,0,NA,1,1,1
"z[92,8]",0,0,0,0,0,0,0,NA,1,1,1
"z[93,8]",0,0,0,0,0,0,0,NA,1,1,1
"z[94,8]",0,0,0,0,0,0,0,NA,1,1,1
"z[95,8]",0.626888888888889,0.483685020474982,0,0,1,1,1,1.00014422595765,4482,1,1
"z[96,8]",0.00466666666666667,0.0681609955608629,0,0,0,0,0,1.00308166426605,4500,1,1
"z[97,8]",1,0,1,1,1,1,1,NA,1,0,1
"z[98,8]",0.286666666666667,0.452254730173891,0,0,0,1,1,1.00176075635424,1168,1,1
"z[99,8]",0.106,0.307871829415116,0,0,0,0,1,0.999823399977832,4500,1,1
"z[100,8]",0.0395555555555556,0.194934239891299,0,0,0,0,1,1.0025522918261,4500,1,1
"z[101,8]",1,0,1,1,1,1,1,NA,1,0,1
"z[102,8]",0,0,0,0,0,0,0,NA,1,1,1
"z[103,8]",0,0,0,0,0,0,0,NA,1,1,1
"z[104,8]",0.826,0.379151613165137,0,1,1,1,1,0.999763318364018,4500,1,1
"z[105,8]",1,0,1,1,1,1,1,NA,1,0,1
"z[106,8]",0,0,0,0,0,0,0,NA,1,1,1
"z[107,8]",0,0,0,0,0,0,0,NA,1,1,1
"z[108,8]",0,0,0,0,0,0,0,NA,1,1,1
"z[109,8]",0,0,0,0,0,0,0,NA,1,1,1
"z[110,8]",0,0,0,0,0,0,0,NA,1,1,1
"z[111,8]",0,0,0,0,0,0,0,NA,1,1,1
"z[112,8]",0,0,0,0,0,0,0,NA,1,1,1
"z[113,8]",0,0,0,0,0,0,0,NA,1,1,1
"z[114,8]",0.0684444444444444,0.252535095508448,0,0,0,0,1,1.00163312433693,3974,1,1
"z[115,8]",0.0804444444444444,0.272010253356189,0,0,0,0,1,1.0017841189103,3195,1,1
"z[116,8]",0.0711111111111111,0.257038913373673,0,0,0,0,1,1.00018178776631,4500,1,1
"z[117,8]",0.0686666666666667,0.252914551125769,0,0,0,0,1,1.00233309793712,2918,1,1
"z[118,8]",0.196444444444444,0.397352628229014,0,0,0,0,1,1.0034341197403,840,1,1
"z[119,8]",0.0257777777777778,0.158489324311835,0,0,0,0,1,1.00157777507247,4500,1,1
"z[120,8]",0.327333333333333,0.469292194021633,0,0,0,1,1,1.00381973998491,553,1,1
"z[121,8]",1,0,1,1,1,1,1,NA,1,0,1
"z[122,8]",0,0,0,0,0,0,0,NA,1,1,1
"z[123,8]",0,0,0,0,0,0,0,NA,1,1,1
"z[124,8]",0,0,0,0,0,0,0,NA,1,1,1
"z[125,8]",0.426666666666667,0.494647950363533,0,0,0,1,1,0.99992788774252,4500,1,1
"z[126,8]",0.192,0.393916846973326,0,0,0,0,1,0.999752703451509,4500,1,1
"z[127,8]",0,0,0,0,0,0,0,NA,1,1,1
"z[128,8]",0,0,0,0,0,0,0,NA,1,1,1
"z[129,8]",0,0,0,0,0,0,0,NA,1,1,1
"z[130,8]",0,0,0,0,0,0,0,NA,1,1,1
"z[131,8]",0.0935555555555556,0.291241760159636,0,0,0,0,1,1.00254838082863,2036,1,1
"z[132,8]",0.285333333333333,0.451623236177004,0,0,0,1,1,0.999864385020087,4500,1,1
"z[133,8]",0.198444444444444,0.398872915075436,0,0,0,0,1,1.00028864705164,4500,1,1
"z[134,8]",0,0,0,0,0,0,0,NA,1,1,1
"z[135,8]",0,0,0,0,0,0,0,NA,1,1,1
"z[136,8]",0,0,0,0,0,0,0,NA,1,1,1
"z[137,8]",0,0,0,0,0,0,0,NA,1,1,1
"z[138,8]",0.983333333333333,0.128033322512951,1,1,1,1,1,1.00541441294045,4500,0,1
"z[139,8]",0.257777777777778,0.43745962320341,0,0,0,1,1,0.999974552945084,4500,1,1
"z[140,8]",0.95,0.217969167319041,0,1,1,1,1,1.00029036453272,4500,1,1
"z[141,8]",0.275111111111111,0.44661987659371,0,0,0,1,1,1.00049915657836,3017,1,1
"z[142,8]",0,0,0,0,0,0,0,NA,1,1,1
"z[143,8]",0,0,0,0,0,0,0,NA,1,1,1
"z[144,8]",0,0,0,0,0,0,0,NA,1,1,1
"z[145,8]",1,0,1,1,1,1,1,NA,1,0,1
"z[146,8]",1,0,1,1,1,1,1,NA,1,0,1
"z[147,8]",1,0,1,1,1,1,1,NA,1,0,1
"z[148,8]",0.0146666666666667,0.120227982292648,0,0,0,0,0,1.01048778947277,3148,1,1
"z[149,8]",0.569111111111111,0.495255651738467,0,0,1,1,1,1.00054254993902,2335,1,1
"z[150,8]",0.754222222222222,0.430595244346508,0,1,1,1,1,0.99983101114708,4500,1,1
"z[151,8]",0.683777777777778,0.465052458586249,0,0,1,1,1,1.00017487337759,4500,1,1
"z[152,8]",0.674222222222222,0.468716799882941,0,0,1,1,1,1.0006670889073,2284,1,1
"z[153,8]",0.104222222222222,0.30558256148604,0,0,0,0,1,1.00115953586016,3575,1,1
"z[154,8]",0.198444444444444,0.398872915075436,0,0,0,0,1,1.00013554123787,4500,1,1
"z[155,8]",0.0375555555555556,0.190139869149559,0,0,0,0,1,1.00216959309967,4500,1,1
"z[156,8]",0.323555555555556,0.46788460759682,0,0,0,1,1,1.00060272727374,2446,1,1
"z[157,8]",1,0,1,1,1,1,1,NA,1,0,1
"z[158,8]",0.0186666666666667,0.1353598679191,0,0,0,0,0,1.00427495202671,4500,1,1
"z[159,8]",0.0128888888888889,0.11280777163711,0,0,0,0,0,1.00345597183133,4500,1,1
"z[160,8]",0.0826666666666667,0.275408323018099,0,0,0,0,1,1.00006545950751,4500,1,1
"z[161,8]",0.113777777777778,0.317576458890005,0,0,0,0,1,1.0002590377571,4500,1,1
"z[162,8]",0.959333333333333,0.19753875656879,0,1,1,1,1,1.01154234635789,1067,1,1
"z[163,8]",0.131777777777778,0.338286602882318,0,0,0,0,1,1.00013201563572,4500,1,1
"z[164,8]",1,0,1,1,1,1,1,NA,1,0,1
"z[165,8]",1,0,1,1,1,1,1,NA,1,0,1
"z[166,8]",1,0,1,1,1,1,1,NA,1,0,1
"z[167,8]",1,0,1,1,1,1,1,NA,1,0,1
"z[168,8]",0.802222222222222,0.398367913358764,0,1,1,1,1,1.00035232829665,4500,1,1
"z[169,8]",0.377555555555556,0.48482944783698,0,0,0,1,1,0.999904608873623,4500,1,1
"z[170,8]",0.540888888888889,0.498380672832747,0,0,1,1,1,0.99985446127094,4500,1,1
"z[171,8]",0.191111111111111,0.393220058960265,0,0,0,0,1,1.00055018980482,3671,1,1
"z[172,8]",1,0,1,1,1,1,1,NA,1,0,1
"z[173,8]",1,0,1,1,1,1,1,NA,1,0,1
"z[174,8]",0.118,0.322643972732636,0,0,0,0,1,0.999878624346587,4500,1,1
"z[175,8]",1,0,1,1,1,1,1,NA,1,0,1
"z[176,8]",0.056,0.22994727692822,0,0,0,0,1,1.000486885344,4500,1,1
"z[177,8]",1,0,1,1,1,1,1,NA,1,0,1
"z[178,8]",0,0,0,0,0,0,0,NA,1,1,1
"z[179,8]",0,0,0,0,0,0,0,NA,1,1,1
"z[180,8]",0,0,0,0,0,0,0,NA,1,1,1
"z[181,8]",0,0,0,0,0,0,0,NA,1,1,1
"z[182,8]",0,0,0,0,0,0,0,NA,1,1,1
"z[183,8]",0,0,0,0,0,0,0,NA,1,1,1
"z[184,8]",0,0,0,0,0,0,0,NA,1,1,1
"z[185,8]",0,0,0,0,0,0,0,NA,1,1,1
"z[1,9]",0.024,0.153066020038189,0,0,0,0,0,1.00462089033843,4274,1,1
"z[2,9]",0.0306666666666667,0.17243210118093,0,0,0,0,1,1.00125724169039,4500,1,1
"z[3,9]",1,0,1,1,1,1,1,NA,1,0,1
"z[4,9]",0.141555555555556,0.348632457117574,0,0,0,0,1,1.0021156983671,1674,1,1
"z[5,9]",0.642222222222222,0.47939953221348,0,0,1,1,1,1.00119898774829,1425,1,1
"z[6,9]",0.385555555555556,0.48678036713741,0,0,0,1,1,1.00060569831731,2255,1,1
"z[7,9]",1,0,1,1,1,1,1,NA,1,0,1
"z[8,9]",1,0,1,1,1,1,1,NA,1,0,1
"z[9,9]",1,0,1,1,1,1,1,NA,1,0,1
"z[10,9]",0.214,0.410172386899561,0,0,0,0,1,1.00047396332005,3675,1,1
"z[11,9]",0,0,0,0,0,0,0,NA,1,1,1
"z[12,9]",0,0,0,0,0,0,0,NA,1,1,1
"z[13,9]",0,0,0,0,0,0,0,NA,1,1,1
"z[14,9]",0,0,0,0,0,0,0,NA,1,1,1
"z[15,9]",0.162444444444444,0.368899021895473,0,0,0,0,1,0.999876218055288,4500,1,1
"z[16,9]",0.528888888888889,0.499220206423967,0,0,1,1,1,1.00009802114969,4500,1,1
"z[17,9]",0.494222222222222,0.500022177276067,0,0,0,1,1,0.999802152663118,4500,1,1
"z[18,9]",0.933333333333333,0.249471546385758,0,1,1,1,1,1.00088935953615,4500,1,1
"z[19,9]",0.205777777777778,0.404313752586695,0,0,0,0,1,0.999983358938183,4500,1,1
"z[20,9]",0.720666666666667,0.448721480298781,0,0,1,1,1,0.999745214913953,4500,1,1
"z[21,9]",0.233777777777778,0.423279509260919,0,0,0,0,1,1.00001789186598,4500,1,1
"z[22,9]",0.523555555555556,0.499500330706483,0,0,1,1,1,1.00028325400073,3256,1,1
"z[23,9]",0.386,0.486884667310502,0,0,0,1,1,1.00023877044975,3696,1,1
"z[24,9]",0.89,0.312924528267118,0,1,1,1,1,1.00087832252446,4210,1,1
"z[25,9]",0.367111111111111,0.482070727090806,0,0,0,1,1,1.00040983347469,2903,1,1
"z[26,9]",0.384888888888889,0.486623113690261,0,0,0,1,1,0.999989727165706,4500,1,1
"z[27,9]",0.772888888888889,0.419011539250935,0,1,1,1,1,0.999756299709254,4500,1,1
"z[28,9]",0.0871111111111111,0.28202914935459,0,0,0,0,1,1.00084095212575,4500,1,1
"z[29,9]",0.0675555555555555,0.251009569058353,0,0,0,0,1,1.00198705398396,3421,1,1
"z[30,9]",0.875555555555556,0.330124587038853,0,1,1,1,1,1.00320243719101,1293,1,1
"z[31,9]",0.409111111111111,0.491724457029902,0,0,0,1,1,1.00156390151506,1097,1,1
"z[32,9]",0.819111111111111,0.384968871895082,0,1,1,1,1,1.00123246226643,2155,1,1
"z[33,9]",1,0,1,1,1,1,1,NA,1,0,1
"z[34,9]",0.308444444444444,0.461902458436175,0,0,0,1,1,0.999799027654501,4500,1,1
"z[35,9]",1,0,1,1,1,1,1,NA,1,0,1
"z[36,9]",1,0,1,1,1,1,1,NA,1,0,1
"z[37,9]",1,0,1,1,1,1,1,NA,1,0,1
"z[38,9]",1,0,1,1,1,1,1,NA,1,0,1
"z[39,9]",1,0,1,1,1,1,1,NA,1,0,1
"z[40,9]",1,0,1,1,1,1,1,NA,1,0,1
"z[41,9]",0,0,0,0,0,0,0,NA,1,1,1
"z[42,9]",0,0,0,0,0,0,0,NA,1,1,1
"z[43,9]",0.0997777777777778,0.299736780791094,0,0,0,0,1,1.00133825736118,3326,1,1
"z[44,9]",0.252444444444444,0.434463109111385,0,0,0,1,1,1.00131201914222,1615,1,1
"z[45,9]",0.337777777777778,0.473004935714673,0,0,0,1,1,1.00007030934097,4500,1,1
"z[46,9]",0.395555555555556,0.489024029314706,0,0,0,1,1,0.999941753450355,4500,1,1
"z[47,9]",0,0,0,0,0,0,0,NA,1,1,1
"z[48,9]",0,0,0,0,0,0,0,NA,1,1,1
"z[49,9]",0,0,0,0,0,0,0,NA,1,1,1
"z[50,9]",0,0,0,0,0,0,0,NA,1,1,1
"z[51,9]",0,0,0,0,0,0,0,NA,1,1,1
"z[52,9]",0,0,0,0,0,0,0,NA,1,1,1
"z[53,9]",0,0,0,0,0,0,0,NA,1,1,1
"z[54,9]",0,0,0,0,0,0,0,NA,1,1,1
"z[55,9]",0,0,0,0,0,0,0,NA,1,1,1
"z[56,9]",0,0,0,0,0,0,0,NA,1,1,1
"z[57,9]",0.416888888888889,0.49309895130924,0,0,0,1,1,0.999792326178712,4500,1,1
"z[58,9]",0.0495555555555556,0.217049006950826,0,0,0,0,1,0.999711103464929,4500,1,1
"z[59,9]",1,0,1,1,1,1,1,NA,1,0,1
"z[60,9]",0.695777777777778,0.460128362739494,0,0,1,1,1,0.999941382913593,4500,1,1
"z[61,9]",0,0,0,0,0,0,0,NA,1,1,1
"z[62,9]",0,0,0,0,0,0,0,NA,1,1,1
"z[63,9]",0,0,0,0,0,0,0,NA,1,1,1
"z[64,9]",0,0,0,0,0,0,0,NA,1,1,1
"z[65,9]",0,0,0,0,0,0,0,NA,1,1,1
"z[66,9]",0,0,0,0,0,0,0,NA,1,1,1
"z[67,9]",0,0,0,0,0,0,0,NA,1,1,1
"z[68,9]",0,0,0,0,0,0,0,NA,1,1,1
"z[69,9]",1,0,1,1,1,1,1,NA,1,0,1
"z[70,9]",0.0408888888888889,0.198054801702807,0,0,0,0,1,1.00006738311527,4500,1,1
"z[71,9]",1,0,1,1,1,1,1,NA,1,0,1
"z[72,9]",1,0,1,1,1,1,1,NA,1,0,1
"z[73,9]",0.240888888888889,0.42767052389049,0,0,0,0,1,1.0015256633764,1470,1,1
"z[74,9]",1,0,1,1,1,1,1,NA,1,0,1
"z[75,9]",1,0,1,1,1,1,1,NA,1,0,1
"z[76,9]",0.0271111111111111,0.162425248725456,0,0,0,0,1,1.00203877400706,4500,1,1
"z[77,9]",0.825111111111111,0.379914253274278,0,1,1,1,1,1.00263247426829,1164,1,1
"z[78,9]",0.812222222222222,0.390578012967673,0,1,1,1,1,1.00135501419878,1942,1,1
"z[79,9]",0.273333333333333,0.445720058225465,0,0,0,1,1,1.00188922404628,1134,1,1
"z[80,9]",0.206888888888889,0.405120165106772,0,0,0,0,1,1.00024102358029,4500,1,1
"z[81,9]",0.107555555555556,0.309852696115214,0,0,0,0,1,1.00147545399712,2876,1,1
"z[82,9]",0.103555555555556,0.304716977446087,0,0,0,0,1,1.00047779116842,4500,1,1
"z[83,9]",0.0795555555555556,0.270633969230444,0,0,0,0,1,0.999795443421639,4500,1,1
"z[84,9]",0.822666666666667,0.381992995470565,0,1,1,1,1,0.99967705204016,4500,1,1
"z[85,9]",0.990444444444444,0.0972951722699289,1,1,1,1,1,1.00159070712122,4500,0,1
"z[86,9]",0.0331111111111111,0.178946588136641,0,0,0,0,1,1.0188827369756,795,1,1
"z[87,9]",1,0,1,1,1,1,1,NA,1,0,1
"z[88,9]",0.114444444444444,0.318385678262224,0,0,0,0,1,1.00160868202623,2532,1,1
"z[89,9]",0.0297777777777778,0.169992598048771,0,0,0,0,1,1.0004940889532,4500,1,1
"z[90,9]",0.946,0.226042815685939,0,1,1,1,1,1.00818664322061,1135,1,1
"z[91,9]",0,0,0,0,0,0,0,NA,1,1,1
"z[92,9]",0,0,0,0,0,0,0,NA,1,1,1
"z[93,9]",0,0,0,0,0,0,0,NA,1,1,1
"z[94,9]",0,0,0,0,0,0,0,NA,1,1,1
"z[95,9]",0.458666666666667,0.498344001389429,0,0,0,1,1,1.00099273084627,1523,1,1
"z[96,9]",0.0131111111111111,0.113763288874888,0,0,0,0,0,1.00069692601374,4500,1,1
"z[97,9]",1,0,1,1,1,1,1,NA,1,0,1
"z[98,9]",0.117333333333333,0.321852826698461,0,0,0,0,1,1.00055507856531,4500,1,1
"z[99,9]",0.140444444444444,0.347486165270941,0,0,0,0,1,0.99975463342191,4500,1,1
"z[100,9]",0.06,0.237513233566337,0,0,0,0,1,1.00010913294899,4500,1,1
"z[101,9]",0.212888888888889,0.409395231177718,0,0,0,0,1,1.00019932693663,4500,1,1
"z[102,9]",0,0,0,0,0,0,0,NA,1,1,1
"z[103,9]",0,0,0,0,0,0,0,NA,1,1,1
"z[104,9]",1,0,1,1,1,1,1,NA,1,0,1
"z[105,9]",0.952666666666667,0.212374461172167,0,1,1,1,1,1.0047095715572,2191,1,1
"z[106,9]",0,0,0,0,0,0,0,NA,1,1,1
"z[107,9]",0,0,0,0,0,0,0,NA,1,1,1
"z[108,9]",0,0,0,0,0,0,0,NA,1,1,1
"z[109,9]",0,0,0,0,0,0,0,NA,1,1,1
"z[110,9]",0,0,0,0,0,0,0,NA,1,1,1
"z[111,9]",0,0,0,0,0,0,0,NA,1,1,1
"z[112,9]",0,0,0,0,0,0,0,NA,1,1,1
"z[113,9]",0,0,0,0,0,0,0,NA,1,1,1
"z[114,9]",0.0522222222222222,0.222499579945098,0,0,0,0,1,1.00559964460099,1694,1,1
"z[115,9]",0.0668888888888889,0.24985723616271,0,0,0,0,1,0.999748946561915,4500,1,1
"z[116,9]",0.199555555555556,0.399710695309344,0,0,0,0,1,0.999716941761675,4500,1,1
"z[117,9]",0.0648888888888889,0.246357074296865,0,0,0,0,1,1.00391031869157,1930,1,1
"z[118,9]",0.278666666666667,0.448392946776403,0,0,0,1,1,1.00143619753844,1408,1,1
"z[119,9]",0.0931111111111111,0.290620372706953,0,0,0,0,1,1.00325089409622,1647,1,1
"z[120,9]",0.399111111111111,0.489770086465077,0,0,0,1,1,1.00148102856038,1155,1,1
"z[121,9]",1,0,1,1,1,1,1,NA,1,0,1
"z[122,9]",0,0,0,0,0,0,0,NA,1,1,1
"z[123,9]",0,0,0,0,0,0,0,NA,1,1,1
"z[124,9]",0,0,0,0,0,0,0,NA,1,1,1
"z[125,9]",1,0,1,1,1,1,1,NA,1,0,1
"z[126,9]",0.325111111111111,0.468468404505686,0,0,0,1,1,0.999753213039276,4500,1,1
"z[127,9]",0,0,0,0,0,0,0,NA,1,1,1
"z[128,9]",0,0,0,0,0,0,0,NA,1,1,1
"z[129,9]",0,0,0,0,0,0,0,NA,1,1,1
"z[130,9]",0,0,0,0,0,0,0,NA,1,1,1
"z[131,9]",0.106888888888889,0.309006267220739,0,0,0,0,1,1.00096583474629,4020,1,1
"z[132,9]",1,0,1,1,1,1,1,NA,1,0,1
"z[133,9]",0.0144444444444444,0.119327141438796,0,0,0,0,0,1.00160901985186,4500,1,1
"z[134,9]",0,0,0,0,0,0,0,NA,1,1,1
"z[135,9]",0,0,0,0,0,0,0,NA,1,1,1
"z[136,9]",0,0,0,0,0,0,0,NA,1,1,1
"z[137,9]",0,0,0,0,0,0,0,NA,1,1,1
"z[138,9]",0.968888888888889,0.173637293967947,0,1,1,1,1,1.00937619010228,1692,1,1
"z[139,9]",0.284666666666667,0.451305680299351,0,0,0,1,1,1.00039911716646,3362,1,1
"z[140,9]",1,0,1,1,1,1,1,NA,1,0,1
"z[141,9]",0.231777777777778,0.422014711221794,0,0,0,0,1,1.0001274681726,4500,1,1
"z[142,9]",0,0,0,0,0,0,0,NA,1,1,1
"z[143,9]",0,0,0,0,0,0,0,NA,1,1,1
"z[144,9]",0,0,0,0,0,0,0,NA,1,1,1
"z[145,9]",0.927111111111111,0.259982920619994,0,1,1,1,1,1.00161115079809,3792,1,1
"z[146,9]",0.970666666666667,0.168757866791187,0,1,1,1,1,1.01742129235285,967,1,1
"z[147,9]",0.438444444444444,0.496251588690519,0,0,0,1,1,0.999840482462296,4500,1,1
"z[148,9]",0.0348888888888889,0.183518768996536,0,0,0,0,1,1.00001498787494,4500,1,1
"z[149,9]",0.570666666666667,0.495036039244765,0,0,1,1,1,1.00026099552998,3439,1,1
"z[150,9]",0.674444444444444,0.468634121452001,0,0,1,1,1,1.00024613657596,3929,1,1
"z[151,9]",0.63,0.48285796204854,0,0,1,1,1,0.999872626352081,4500,1,1
"z[152,9]",1,0,1,1,1,1,1,NA,1,0,1
"z[153,9]",0.127555555555556,0.333631340448453,0,0,0,0,1,0.999752254705728,4500,1,1
"z[154,9]",0.141555555555556,0.348632457117574,0,0,0,0,1,1.00051541889811,4500,1,1
"z[155,9]",0.0326666666666667,0.177782392941008,0,0,0,0,1,1.00254542655397,4500,1,1
"z[156,9]",0.0457777777777778,0.209026032222424,0,0,0,0,1,1.0011120100241,4500,1,1
"z[157,9]",0.171333333333333,0.376841850052645,0,0,0,0,1,0.999934906517289,4500,1,1
"z[158,9]",0.0357777777777778,0.185756281888117,0,0,0,0,1,1.00198133453088,4500,1,1
"z[159,9]",0.0353333333333333,0.184641449821595,0,0,0,0,1,1.00011230205927,4500,1,1
"z[160,9]",0.0417777777777778,0.200103206188376,0,0,0,0,1,1.00120204461616,4500,1,1
"z[161,9]",0.123111111111111,0.32860121836697,0,0,0,0,1,1.00045496150067,4500,1,1
"z[162,9]",1,0,1,1,1,1,1,NA,1,0,1
"z[163,9]",0.0631111111111111,0.243189722775225,0,0,0,0,1,1.00043591093041,4500,1,1
"z[164,9]",1,0,1,1,1,1,1,NA,1,0,1
"z[165,9]",1,0,1,1,1,1,1,NA,1,0,1
"z[166,9]",0.935111111111111,0.246357074296865,0,1,1,1,1,1.00055671299073,4500,1,1
"z[167,9]",0.754888888888889,0.430200861930551,0,1,1,1,1,1.00099833806764,2027,1,1
"z[168,9]",0.742444444444444,0.437336477200438,0,0,1,1,1,0.999847728115461,4500,1,1
"z[169,9]",0.399555555555556,0.489861448745136,0,0,0,1,1,1.00128952782888,1288,1,1
"z[170,9]",0.564666666666667,0.495855685291292,0,0,1,1,1,1.00000614373814,4500,1,1
"z[171,9]",0.216,0.411560008218152,0,0,0,0,1,1.00080305512189,2593,1,1
"z[172,9]",1,0,1,1,1,1,1,NA,1,0,1
"z[173,9]",0.98,0.140015558148628,1,1,1,1,1,1.00369525048954,4500,0,1
"z[174,9]",0.0871111111111111,0.28202914935459,0,0,0,0,1,1.00090065911758,4500,1,1
"z[175,9]",1,0,1,1,1,1,1,NA,1,0,1
"z[176,9]",0.0737777777777778,0.261437958471522,0,0,0,0,1,1.001413411003,4182,1,1
"z[177,9]",1,0,1,1,1,1,1,NA,1,0,1
"z[178,9]",0,0,0,0,0,0,0,NA,1,1,1
"z[179,9]",0,0,0,0,0,0,0,NA,1,1,1
"z[180,9]",0,0,0,0,0,0,0,NA,1,1,1
"z[181,9]",0,0,0,0,0,0,0,NA,1,1,1
"z[182,9]",0,0,0,0,0,0,0,NA,1,1,1
"z[183,9]",0,0,0,0,0,0,0,NA,1,1,1
"z[184,9]",0,0,0,0,0,0,0,NA,1,1,1
"z[185,9]",0,0,0,0,0,0,0,NA,1,1,1
"deviance",1603.87124895821,40.6046824765733,1527.45138854613,1576.17302160537,1602.85202497747,1632.21546454773,1683.37323954062,1.00324954656245,702,0,1
