"parameter","mean","sd","2.5%","25%","50%","75%","97.5%","Rhat","n.eff","overlap0","f"
"a.psi[1]",-2.99406642900293,1.05783921806962,-5.20878901217681,-3.69292286496043,-2.92793790698655,-2.24269926820209,-1.08251199201564,1.00098650528265,2611,0,0.999777777777778
"a.psi[2]",-0.000758890246578392,1.62305683357454,-3.18824747299386,-1.08243048480038,0.00744138398329752,1.11730450746776,3.16906641763279,1.00008239069654,4500,1,0.496888888888889
"a.psi[3]",1.53485236144949,0.760148833352993,0.257633967199108,1.00499560752206,1.4647120293168,2.00349591995905,3.19027572583938,1.00027049060743,3989,0,0.990444444444444
"a.psi[4]",-3.45483214363225,1.06374199838675,-5.61004185822877,-4.1656555879851,-3.40994140654175,-2.74125011061434,-1.4529943922313,1.00159769685575,1162,0,0.999777777777778
"b.psi.elev",0.171347202604112,0.658865575297243,-1.14986080106815,-0.262612717041206,0.177699677194145,0.613252318896367,1.42370818053903,1.00157945729997,1132,1,0.614888888888889
"b.psi.water",-0.46114248546863,0.540200171427866,-1.50443008172511,-0.816619635112216,-0.471700785454158,-0.109360710190087,0.641955857647983,1.00047542336363,4119,1,0.810888888888889
"a.gam[1]",-2.21625593219421,0.520929957397551,-3.15760081870804,-2.55772911148745,-2.24379435963081,-1.92014102543772,-1.05692403720141,1.00677461872397,1210,0,0.998888888888889
"a.gam[2]",-0.0053683628301116,1.65496549568593,-3.23611599939256,-1.12994583059534,-0.0278777939984103,1.15458260739182,3.26586170759134,0.999960397007004,4500,1,0.506
"a.gam[3]",0.119343841207938,0.605693777731352,-0.962552248756781,-0.281772636920395,0.0745818724601565,0.468840924599494,1.46657300018687,1.00644099209527,578,1,0.558222222222222
"a.gam[4]",-3.26713157225103,0.569029327765743,-4.33324172551707,-3.62863345366961,-3.29997449223441,-2.93212854400937,-1.96808179107717,1.01119615282622,455,0,1
"b.gam.elev",-0.0717635975676717,0.232899228700489,-0.54628693534437,-0.227410695845108,-0.066791309085056,0.0840070127518644,0.365581312149056,1.00062211125141,2310,1,0.614444444444444
"b.gam.water",-0.000990568413382065,0.181998806270107,-0.345368680534997,-0.126390129181275,-0.00570150944431552,0.11824233868424,0.362505029217298,1.00087372310569,1790,1,0.512222222222222
"b.gam.road",-0.204818037571826,0.207642931947932,-0.601643514003907,-0.34426713339588,-0.210245823485222,-0.0725249972133994,0.221352582415773,1.00036176771521,4500,1,0.844888888888889
"b.gam.harv",0.163754500855552,0.184236170968674,-0.185512059395514,0.0369625813463841,0.161261250515629,0.286004580399919,0.528638614718081,1.00068117587719,4258,1,0.814444444444444
"a.phi[1]",1.32855089122113,0.618735228250983,0.11561813889049,0.91558308480945,1.32037897408498,1.74027023284404,2.54822099984428,0.999777903610477,4500,0,0.981111111111111
"a.phi[2]",0.0300329180683329,1.65474941658222,-3.20314906802796,-1.07727116141444,0.0391274861948726,1.15662463926979,3.25001610311363,1.00046177587907,4500,1,0.508666666666667
"a.phi[3]",2.61709171825902,0.480059835598336,1.70490135994724,2.30485485102349,2.61500597927675,2.91244260636534,3.59617506747048,1.00012037779888,4500,0,1
"a.phi[4]",-1.18251911417796,0.977516691995775,-3.15521897473233,-1.83753653976778,-1.17126160840798,-0.521751103796859,0.707043770415377,0.999992218679922,4500,1,0.882888888888889
"b.phi.elev",-1.32117168531963,0.443675654085799,-2.2140222574446,-1.61497030903942,-1.30638443394179,-1.01011953142256,-0.49657986740449,1.00026831339008,4318,0,0.999555555555556
"b.phi.water",-1.07899591415728,0.433675466480888,-1.92791284624779,-1.37190269753082,-1.07962808134096,-0.780915131226653,-0.245546894960544,1.00028805348795,3905,0,0.994666666666667
"b.phi.road",0.280870867262675,0.347523337306014,-0.429753628945821,0.0576917250813358,0.295605792223983,0.520235331169027,0.931548290443971,1.00082925749515,1775,1,0.802666666666667
"b.phi.harv",0.0261723352797599,0.306772471198614,-0.612051657255389,-0.170056056508868,0.0337500464195793,0.234248318581704,0.595898891234464,0.999854064072159,4500,1,0.543111111111111
"a.p",0.501916305652971,0.188007085258006,0.118638315086113,0.385506683750165,0.501337348414575,0.614908375594573,0.883050003965449,1.00104809690018,1466,0,0.993555555555556
"b.p.ak",0.00491190759078894,1.63662081204397,-3.19498992037775,-1.11481068758872,0.00158649286254597,1.1210455337373,3.17401160551248,1.00009527693246,4500,1,0.500222222222222
"b.p.clutter",-0.362224004551329,0.080936493109029,-0.520560025517876,-0.416525286106222,-0.361751590972275,-0.307836682947499,-0.201462376804846,1.00187719932208,931,0,1
"b.p.temp",0.206515317859683,0.0752962264486526,0.0593062657998629,0.155972005264186,0.206688534801722,0.256840400429503,0.355298729712001,1.00007394987174,4500,0,0.996888888888889
"b.p.julian",-0.117861508842771,0.10061980832502,-0.312417209106536,-0.185295163396894,-0.116980027968967,-0.0518126727381127,0.0774935994650842,1.00070064154829,2323,1,0.877777777777778
"sigma.gam",1.09017757811674,0.665789806241843,0.27551089551877,0.685444396657152,0.956149633665655,1.31971149056013,2.648325608365,1.03486085986303,220,0,1
"sigma.phi",0.758026316592176,0.552581232113577,0.042980611186116,0.361419724120941,0.649148110841639,1.02225424190926,2.13722946596485,1.00117875943673,4338,0,1
"sigma.p",0.434694374711993,0.202945126264566,0.114388056971228,0.301077665585497,0.406766424715343,0.529588035649368,0.93284659884904,1.00091547844311,4345,0,1
"eps.gam[1]",-0.83618965184583,1.10044621242264,-3.02465594707358,-1.2281359911373,-0.651715012454544,-0.202730987246207,0.473795766668559,1.0834227323884,223,1,0.845555555555556
"eps.gam[2]",-0.163252009055092,0.613868554237717,-1.59139764969486,-0.497795166314882,-0.113451358078804,0.240125212568031,0.899211863447798,1.00659363145688,1036,1,0.578888888888889
"eps.gam[3]",-0.797515510385643,0.901325199317598,-2.91509950251372,-1.14824461883562,-0.63570802232024,-0.238896384756332,0.3837419394171,1.03325898616649,349,1,0.878
"eps.gam[4]",-1.30287063567066,1.00679630827553,-3.5980820768708,-1.75201537722537,-1.12532150719212,-0.66054129118958,0.0406012085367378,1.03266766551071,307,1,0.967333333333333
"eps.gam[5]",-0.575248683196464,0.664473731368252,-2.1485035049806,-0.934097160847488,-0.488257323873732,-0.121735281910279,0.496711087299004,1.00587045337846,952,1,0.823555555555556
"eps.gam[6]",0.476028031872105,0.536969834882515,-0.684874239721302,0.162658100641387,0.491567072024674,0.820112616107947,1.44781599637168,1.00837963000573,1211,1,0.838666666666667
"eps.gam[7]",-0.312157352407692,0.667482670480331,-1.84210664193459,-0.677771216210373,-0.232632054340844,0.121701749847445,0.827866180984291,1.00717830603413,542,1,0.668888888888889
"eps.gam[8]",0.743702819202138,0.563689635420361,-0.401822917002665,0.383737584998964,0.75545168788873,1.1089938956781,1.81773899142886,1.00508299910364,2003,1,0.917111111111111
"eps.phi[1]",-0.117345523801713,0.600673372291299,-1.35062612958312,-0.452003307367226,-0.0716564505392494,0.182127668571237,1.13734409605618,0.999959345007846,4500,1,0.586
"eps.phi[2]",-0.0698161434907486,0.604102360911419,-1.2965781469699,-0.38169061383998,-0.0516395963081032,0.208140117669189,1.28493008999753,1.00098632287324,4500,1,0.565111111111111
"eps.phi[3]",-0.474348550802874,0.586553165398384,-1.8230591062092,-0.827449605009955,-0.387551079006701,-0.0408867293172626,0.457140432851393,0.999775811376351,4500,1,0.796222222222222
"eps.phi[4]",0.213361167290921,0.559153451868958,-0.768302994324538,-0.100947148885109,0.120712082177521,0.499131490740879,1.5257119489689,1.00112015802835,2290,1,0.644666666666667
"eps.phi[5]",0.433308384524479,0.70281473268003,-0.58108821383186,-0.00672954838247174,0.27913695862968,0.746327817946947,2.19106498487846,1.00146543258862,2259,1,0.739777777777778
"eps.phi[6]",0.969226497019061,0.999032209887963,-0.166593625052916,0.201799313327964,0.723302820862695,1.4491007254265,3.47348706604766,1.00005639834483,4500,1,0.896222222222222
"eps.phi[7]",-0.16396520185842,0.498764376593229,-1.22584739848168,-0.457145600695595,-0.111672156117024,0.10589011333722,0.832285561435534,1.00002314797264,4500,1,0.634666666666667
"eps.phi[8]",0.0122656319573875,0.549792995646343,-1.04384598917487,-0.28528249859955,-0.00823802194866043,0.271595592473628,1.22677445732355,1.00029597694954,3670,1,0.485111111111111
"eps.p[1]",-0.233522028511347,0.315232135967907,-0.931333217953166,-0.425334635688434,-0.203973232574283,-0.0133478623588507,0.312156406928189,1.00024728108536,4500,1,0.772666666666667
"eps.p[2]",0.489062097439965,0.325978605071901,-0.0574563268476731,0.26222635739288,0.464714909826868,0.685109254045685,1.20265712503707,1.00138557994146,1382,1,0.951111111111111
"eps.p[3]",-0.546669227424883,0.293738344132766,-1.16529034766334,-0.734974835832479,-0.534097028044243,-0.334981348563321,-0.0149549955316641,1.00065084172858,4500,0,0.98
"eps.p[4]",-0.133146431828043,0.260589621503146,-0.671009500385938,-0.288968319680046,-0.119433705425085,0.0306546930278003,0.377324728551371,1.00004826264785,4500,1,0.702888888888889
"eps.p[5]",0.0817398807157736,0.254953259750404,-0.429184190796308,-0.0778505961261561,0.0792453135270073,0.237302871643519,0.601557857157748,1.00101953973272,1517,1,0.634222222222222
"eps.p[6]",0.301050721815095,0.268363143786013,-0.17671269529612,0.109092122391087,0.28355318718947,0.465960157676929,0.872554402350564,1.00105147248596,1516,1,0.884
"eps.p[7]",-0.122804822477032,0.229265166319044,-0.600246723165853,-0.264139450766853,-0.116364330570529,0.0188176199343161,0.33787167178717,1.0001200037282,4500,1,0.718888888888889
"eps.p[8]",0.112958390962761,0.251408046218703,-0.368537070679708,-0.0464413955730208,0.102919244323733,0.265912005652057,0.626559634824142,1.00058885554049,2222,1,0.679111111111111
"eps.p[9]",0.0352038572008556,0.235588458621374,-0.436465143965486,-0.112307691742428,0.0343225506079183,0.179828279263018,0.510630819471812,1.00103566334272,1534,1,0.568
"psi.fs[1]",0.161488288288288,0.0224409763564515,0.118918918918919,0.145945945945946,0.162162162162162,0.178378378378378,0.205405405405405,1.0017584219282,1171,0,1
"psi.fs[2]",0.150108108108108,0.0149986660133261,0.124324324324324,0.140540540540541,0.151351351351351,0.162162162162162,0.183783783783784,1.00032221872723,4500,0,1
"psi.fs[3]",0.171278078078078,0.0151840616057086,0.145945945945946,0.162162162162162,0.172972972972973,0.178378378378378,0.2,0.999973507360431,4500,0,1
"psi.fs[4]",0.147469069069069,0.0113324885843916,0.12972972972973,0.140540540540541,0.145945945945946,0.156756756756757,0.172972972972973,1.00033732411029,4500,0,1
"psi.fs[5]",0.14643963963964,0.0089236268855375,0.12972972972973,0.140540540540541,0.145945945945946,0.151351351351351,0.162162162162162,1.00023242601995,4500,0,1
"psi.fs[6]",0.171096696696697,0.00966377669153165,0.156756756756757,0.162162162162162,0.172972972972973,0.178378378378378,0.189189189189189,1.00084907119475,1853,0,1
"psi.fs[7]",0.239001801801802,0.0109920180341764,0.221621621621622,0.232432432432432,0.237837837837838,0.243243243243243,0.264864864864865,0.99982269762045,4500,0,1
"psi.fs[8]",0.196856456456456,0.015151626837855,0.167567567567568,0.183783783783784,0.194594594594595,0.205405405405405,0.227027027027027,1.00032990839411,4500,0,1
"psi.fs[9]",0.241148348348348,0.0175189639029482,0.210810810810811,0.227027027027027,0.237837837837838,0.254054054054054,0.275675675675676,1.00095121014112,1603,0,1
"psi.surv[1]",0.164262295081967,0.0147541186039584,0.147540983606557,0.147540983606557,0.163934426229508,0.163934426229508,0.19672131147541,1.00111278483259,3789,0,1
"psi.surv[2]",0.183995807127883,0.00676130870783453,0.179245283018868,0.179245283018868,0.179245283018868,0.188679245283019,0.19811320754717,1.00046917986906,4500,0,1
"psi.surv[3]",0.179894918173988,0.0112332170191484,0.162790697674419,0.170542635658915,0.178294573643411,0.186046511627907,0.205620155038757,1.0006857359116,4500,0,1
"psi.surv[4]",0.173378751013787,0.00905995501787447,0.160583941605839,0.167883211678832,0.175182481751825,0.175182481751825,0.197080291970803,1.00345759850076,741,0,1
"psi.surv[5]",0.185493333333333,0.00349606198932562,0.184,0.184,0.184,0.184,0.192,1.00060355054344,4500,0,1
"psi.surv[6]",0.171148396718867,0.00464708106255369,0.167785234899329,0.167785234899329,0.167785234899329,0.174496644295302,0.181208053691275,1.0021227574262,1739,0,1
"psi.surv[7]",0.331889872173058,0.00652909380456577,0.327433628318584,0.327433628318584,0.327433628318584,0.336283185840708,0.345132743362832,0.999923278967676,4500,0,1
"psi.surv[8]",0.203432291666667,0.00843139142922145,0.1953125,0.1953125,0.203125,0.2109375,0.2265625,1.00054598840059,4500,0,1
"psi.surv[9]",0.274992248062015,0.00958059631761976,0.263565891472868,0.271317829457364,0.271317829457364,0.27906976744186,0.294573643410853,0.99998594566592,4500,0,1
"n.occ[1]",29.8753333333333,4.15158062594354,22,27,30,33,38,1.0017584219282,1171,0,1
"n.occ[2]",27.77,2.77475321246533,23,26,28,30,34,1.00032221872723,4500,0,1
"n.occ[3]",31.6864444444444,2.80905139705609,27,30,32,33,37,0.999973507360431,4500,0,1
"n.occ[4]",27.2817777777778,2.09651038811244,24,26,27,29,32,1.00033732411029,4500,0,1
"n.occ[5]",27.0913333333333,1.65087097382444,24,26,27,28,30,1.00023242601995,4500,0,1
"n.occ[6]",31.6528888888889,1.78779868793336,29,30,32,33,35,1.00084907119475,1853,0,1
"n.occ[7]",44.2153333333333,2.03352333632264,41,43,44,45,49,0.99982269762045,4500,0,1
"n.occ[8]",36.4184444444444,2.80305096500317,31,34,36,38,42,1.00032990839411,4500,0,1
"n.occ[9]",44.6124444444444,3.24100832204543,39,42,44,47,51,1.00095121014112,1603,0,1
"psi.reg[1,1]",0.0569287749287749,0.0519906472964724,0,0.0256410256410256,0.0512820512820513,0.0769230769230769,0.179487179487179,1.00383250509362,833,1,1
"psi.reg[2,1]",0,0,0,0,0,0,0,NA,1,1,1
"psi.reg[3,1]",0.79593265993266,0.0920948106786347,0.606060606060606,0.727272727272727,0.787878787878788,0.878787878787879,0.96969696969697,1.00026793421153,3670,0,1
"psi.reg[4,1]",0.0262138364779874,0.0327828122319089,0,0,0.0188679245283019,0.0377358490566038,0.113207547169811,1.00144654241617,1970,1,1
"psi.reg[1,2]",0.0838290598290598,0.0501227789014514,0,0.0512820512820513,0.0769230769230769,0.128205128205128,0.205128205128205,1.00020124070543,4301,1,1
"psi.reg[2,2]",0,0,0,0,0,0,0,NA,1,1,1
"psi.reg[3,2]",0.733569023569024,0.0495658185700137,0.636363636363636,0.696969696969697,0.727272727272727,0.757575757575758,0.818181818181818,1.00201676986283,998,0,1
"psi.reg[4,2]",0.00552620545073375,0.0107187791059249,0,0,0,0,0.0377358490566038,1.00088178162769,2904,1,1
"psi.reg[1,3]",0.168119658119658,0.0459377017414473,0.0769230769230769,0.128205128205128,0.153846153846154,0.205128205128205,0.256410256410256,0.999859457155914,4500,0,1
"psi.reg[2,3]",0,0,0,0,0,0,0,NA,1,1,1
"psi.reg[3,3]",0.718794612794613,0.0499678067424832,0.636363636363636,0.696969696969697,0.727272727272727,0.757575757575758,0.818181818181818,1.00049694488482,4500,0,1
"psi.reg[4,3]",0.0265953878406709,0.0125175538339079,0.0188679245283019,0.0188679245283019,0.0188679245283019,0.0377358490566038,0.0566037735849057,1.00035118181514,4500,0,1
"psi.reg[1,4]",0.186792022792023,0.0325289350958906,0.128205128205128,0.153846153846154,0.179487179487179,0.205128205128205,0.256410256410256,1.00018008054964,4500,0,1
"psi.reg[2,4]",0,0,0,0,0,0,0,NA,1,1,1
"psi.reg[3,4]",0.599656565656566,0.0453720099970898,0.515151515151515,0.575757575757576,0.606060606060606,0.636363636363636,0.696969696969697,1.00107798952595,1475,0,1
"psi.reg[4,4]",0.00392872117400419,0.00876049544569611,0,0,0,0,0.0188679245283019,1.00048802803676,4500,1,1
"psi.reg[1,5]",0.114125356125356,0.0291487798111348,0.0512820512820513,0.102564102564103,0.102564102564103,0.128205128205128,0.179487179487179,0.999848116102868,4500,0,1
"psi.reg[2,5]",0,0,0,0,0,0,0,NA,1,1,1
"psi.reg[3,5]",0.674188552188552,0.0279365003786146,0.636363636363636,0.666666666666667,0.666666666666667,0.696969696969697,0.727272727272727,0.999761910382769,4500,0,1
"psi.reg[4,5]",0.00740041928721174,0.0111058363922497,0,0,0,0.0188679245283019,0.0377358490566038,1.00077211725453,2111,1,1
"psi.reg[1,6]",0.134621082621083,0.0254787949424232,0.102564102564103,0.128205128205128,0.128205128205128,0.153846153846154,0.179487179487179,1.00037525476344,3130,0,1
"psi.reg[2,6]",0,0,0,0,0,0,0,NA,1,1,1
"psi.reg[3,6]",0.764154882154882,0.0392734810089906,0.696969696969697,0.727272727272727,0.757575757575758,0.787878787878788,0.848484848484849,1.00033512097992,4500,0,1
"psi.reg[4,6]",0.0223689727463312,0.00818214177629685,0.0188679245283019,0.0188679245283019,0.0188679245283019,0.0188679245283019,0.0377358490566038,1.00058098713253,3042,0,1
"psi.reg[1,7]",0.278564102564103,0.0304978121706106,0.230769230769231,0.256410256410256,0.282051282051282,0.307692307692308,0.358974358974359,1.00020608673012,4500,0,1
"psi.reg[2,7]",0,0,0,0,0,0,0,NA,1,1,1
"psi.reg[3,7]",0.908444444444444,0.0262575862407455,0.848484848484849,0.878787878787879,0.909090909090909,0.939393939393939,0.96969696969697,1.00047203016945,3875,0,1
"psi.reg[4,7]",0.0636352201257862,0.0237493176875328,0.0377358490566038,0.0377358490566038,0.0566037735849057,0.0754716981132075,0.113207547169811,1.00009385157381,4500,0,1
"psi.reg[1,8]",0.170854700854701,0.0381797218498394,0.102564102564103,0.153846153846154,0.179487179487179,0.205128205128205,0.256410256410256,1.00042202979553,4286,0,1
"psi.reg[2,8]",0,0,0,0,0,0,0,NA,1,1,1
"psi.reg[3,8]",0.761784511784512,0.0476884745043568,0.666666666666667,0.727272727272727,0.757575757575758,0.787878787878788,0.848484848484849,1.00052940758033,2503,0,1
"psi.reg[4,8]",0.0870985324947589,0.0260169411344068,0.0566037735849057,0.0754716981132075,0.0754716981132075,0.0943396226415094,0.150943396226415,1.00032771032809,4500,0,1
"psi.reg[1,9]",0.246182336182336,0.0386098977875922,0.179487179487179,0.230769230769231,0.230769230769231,0.282051282051282,0.333333333333333,0.999858853262231,4500,0,1
"psi.reg[2,9]",0,0,0,0,0,0,0,NA,1,1,1
"psi.reg[3,9]",0.778565656565657,0.0441266842304454,0.696969696969697,0.757575757575758,0.787878787878788,0.818181818181818,0.878787878787879,1.00001074114318,4500,0,1
"psi.reg[4,9]",0.175823899371069,0.0377955970149933,0.113207547169811,0.150943396226415,0.169811320754717,0.207547169811321,0.264150943396226,1.00101448382989,1538,0,1
"n.occ.reg[1,1]",2.22022222222222,2.02763524456243,0,1,2,3,7,1.00383250509362,833,1,1
"n.occ.reg[2,1]",0,0,0,0,0,0,0,NA,1,1,1
"n.occ.reg[3,1]",26.2657777777778,3.03912875239494,20,24,26,29,32,1.00026793421153,3670,0,1
"n.occ.reg[4,1]",1.38933333333333,1.73748904829117,0,0,1,2,6,1.00144654241617,1970,1,1
"n.occ.reg[1,2]",3.26933333333333,1.9547883771566,0,2,3,5,8,1.00020124070543,4301,1,1
"n.occ.reg[2,2]",0,0,0,0,0,0,0,NA,1,1,1
"n.occ.reg[3,2]",24.2077777777778,1.63567201281045,21,23,24,25,27,1.00201676986283,998,0,1
"n.occ.reg[4,2]",0.292888888888889,0.568095292614019,0,0,0,0,2,1.00088178162769,2904,1,1
"n.occ.reg[1,3]",6.55666666666667,1.79157036791644,3,5,6,8,10,0.999859457155914,4500,0,1
"n.occ.reg[2,3]",0,0,0,0,0,0,0,NA,1,1,1
"n.occ.reg[3,3]",23.7202222222222,1.64893762250195,21,23,24,25,27,1.00049694488482,4500,0,1
"n.occ.reg[4,3]",1.40955555555556,0.663430353197121,1,1,1,2,3,1.00035118181514,4500,0,1
"n.occ.reg[1,4]",7.28488888888889,1.26862846873973,5,6,7,8,10,1.00018008054964,4500,0,1
"n.occ.reg[2,4]",0,0,0,0,0,0,0,NA,1,1,1
"n.occ.reg[3,4]",19.7886666666667,1.49727632990396,17,19,20,21,23,1.00107798952595,1475,0,1
"n.occ.reg[4,4]",0.208222222222222,0.464306258621894,0,0,0,0,1,1.00048802803676,4500,1,1
"n.occ.reg[1,5]",4.45088888888889,1.13680241263426,2,4,4,5,7,0.999848116102868,4500,0,1
"n.occ.reg[2,5]",0,0,0,0,0,0,0,NA,1,1,1
"n.occ.reg[3,5]",22.2482222222222,0.921904512494282,21,22,22,23,24,0.999761910382768,4500,0,1
"n.occ.reg[4,5]",0.392222222222222,0.588609328789236,0,0,0,1,2,1.00077211725453,2111,1,1
"n.occ.reg[1,6]",5.25022222222222,0.993673002754503,4,5,5,6,7,1.00037525476344,3130,0,1
"n.occ.reg[2,6]",0,0,0,0,0,0,0,NA,1,1,1
"n.occ.reg[3,6]",25.2171111111111,1.29602487329669,23,24,25,26,28,1.00033512097992,4500,0,1
"n.occ.reg[4,6]",1.18555555555556,0.433653514143733,1,1,1,1,2,1.00058098713253,3042,0,1
"n.occ.reg[1,7]",10.864,1.18941467465382,9,10,11,12,14,1.00020608673012,4500,0,1
"n.occ.reg[2,7]",0,0,0,0,0,0,0,NA,1,1,1
"n.occ.reg[3,7]",29.9786666666667,0.866500345944603,28,29,30,31,32,1.00047203016945,3875,0,1
"n.occ.reg[4,7]",3.37266666666667,1.25871383743924,2,2,3,4,6,1.00009385157381,4500,0,1
"n.occ.reg[1,8]",6.66333333333333,1.48900915214374,4,6,7,8,10,1.00042202979553,4286,0,1
"n.occ.reg[2,8]",0,0,0,0,0,0,0,NA,1,1,1
"n.occ.reg[3,8]",25.1388888888889,1.57371965864377,22,24,25,26,28,1.00052940758033,2503,0,1
"n.occ.reg[4,8]",4.61622222222222,1.37889788012356,3,4,4,5,8,1.00032771032809,4500,0,1
"n.occ.reg[1,9]",9.60111111111111,1.5057860137161,7,9,9,11,13,0.999858853262231,4500,0,1
"n.occ.reg[2,9]",0,0,0,0,0,0,0,NA,1,1,1
"n.occ.reg[3,9]",25.6926666666667,1.4561805796047,23,25,26,27,29,1.00001074114318,4500,0,1
"n.occ.reg[4,9]",9.31866666666667,2.00316664179465,6,8,9,11,14,1.00101448382989,1538,0,1
"psi.reg.init[1]",0.0707679633852359,0.0650418634745376,0.00543860950208661,0.0242942393417303,0.0507896466620532,0.0959810757285056,0.253031000803271,1.00525759443573,1201,0,1
"psi.reg.init[2]",0.501392645284693,0.284084607728114,0.0396112098325103,0.253046393949276,0.501860337399256,0.753488382140602,0.959653139476177,0.999909980525311,4500,0,1
"psi.reg.init[3]",0.798716197639709,0.106720840401491,0.564054570571511,0.732039638624085,0.812252307760704,0.881163637523923,0.960466668482954,1.00071229751831,2999,0,1
"psi.reg.init[4]",0.0480275879848283,0.051283403480645,0.00364756300633307,0.0152823626012388,0.0319862131199717,0.0605827199825153,0.189541215533325,1.00150420293841,2341,0,1
"gamma.reg[1,1]",0.0585219410585481,0.0381246456008489,0.00691483251141303,0.0299527701457879,0.0516904958686772,0.078920049042271,0.150604749948463,1.00201450134077,929,0,1
"gamma.reg[2,1]",0.376861023564452,0.293801413448841,0.009237118214973,0.113503005048426,0.310384807192549,0.626203851662597,0.941176126917587,1.00117328890035,1368,0,1
"gamma.reg[3,1]",0.357908725063541,0.1609340760603,0.0587317581141986,0.244531104713686,0.354488634858983,0.468121278750413,0.678228024483345,1.0014914225942,1906,0,1
"gamma.reg[4,1]",0.0216310326740998,0.0150479739486801,0.00234734615798148,0.0108518224646206,0.0183400017587996,0.0293590601545451,0.0607694188835526,1.00059512939755,2444,0,1
"gamma.reg[1,2]",0.0941349821053592,0.0447003526997993,0.0281492380633023,0.0615957775231561,0.0877078515766595,0.118301537949343,0.200950587221591,1.00008695797271,4500,0,1
"gamma.reg[2,2]",0.473202921891786,0.297350391007342,0.0263243158194806,0.202854451166828,0.454347301997316,0.741933267515749,0.963330907457752,1.00032539953855,3377,0,1
"gamma.reg[3,2]",0.490059116062277,0.139673243111417,0.222678536074257,0.394067200584036,0.487558617188365,0.588571233388499,0.759241204440242,1.00022581283972,4500,0,1
"gamma.reg[4,2]",0.0362317143328145,0.0201351238357977,0.00916613288249649,0.0219173879780875,0.032068716652348,0.0457230842852657,0.08526638247616,1.00101134003964,2450,0,1
"gamma.reg[1,3]",0.0571681731557908,0.0332676653079877,0.00779754985234458,0.0331138393885259,0.0518293855646966,0.075214657806794,0.138474848967496,1.00114345130594,1687,0,1
"gamma.reg[2,3]",0.379474076820185,0.290688816893002,0.00909781388880915,0.118762324435801,0.315276357308379,0.61649917851944,0.938302526058813,1.00089868598954,1693,0,1
"gamma.reg[3,3]",0.357915736864159,0.143461029304801,0.0755105692538272,0.2613974962286,0.356310974113155,0.453423818398813,0.643701417390789,1.0013926887234,3826,0,1
"gamma.reg[4,3]",0.0210981294097845,0.0132678533482386,0.00281814054068907,0.0117745070538011,0.0184606416361244,0.0277910116509607,0.0541433416873593,1.00039148041567,4500,0,1
"gamma.reg[1,4]",0.037629740629557,0.0254205043215702,0.0037730247899044,0.0188299997585068,0.0323261713982406,0.051055931457104,0.0988508076753405,1.00303662823934,749,0,1
"gamma.reg[2,4]",0.309128972725938,0.274344184846943,0.00524738787482332,0.0727490145092737,0.217881471139783,0.503164180852403,0.911424800899798,1.0006547925539,2118,0,1
"gamma.reg[3,4]",0.263097765013224,0.123730523038183,0.040660988903086,0.17441623432547,0.259051574822293,0.342653934737209,0.520012150595718,1.00205897006131,2139,0,1
"gamma.reg[4,4]",0.0136844326687874,0.00985987682123091,0.00153685485040576,0.00648315455641797,0.0114326520076124,0.0183692521290487,0.0386010415672966,1.00051973416447,2517,0,1
"gamma.reg[1,5]",0.0659408133178729,0.0343479542649762,0.0174182064458977,0.0406861256512071,0.0604775947584224,0.0844853830407562,0.148856794644359,1.00000755032062,4500,0,1
"gamma.reg[2,5]",0.407407020536141,0.291434417463022,0.016152084573635,0.142087806760798,0.354517363416076,0.658728568316711,0.946215420340719,1.00066394796049,2057,0,1
"gamma.reg[3,5]",0.397088843015364,0.133148046445363,0.152497295911727,0.300989464015985,0.393792678753029,0.488397541253122,0.663365371418908,1.00074620677379,2708,0,1
"gamma.reg[4,5]",0.0246321863991269,0.0140727350645037,0.00587984817937676,0.0142806319195524,0.0218815097192794,0.0319767742021438,0.0591529398944598,1.00440518234928,1505,0,1
"gamma.reg[1,6]",0.15874652839616,0.0605989398171088,0.0633258270928133,0.112927861608877,0.150640173764434,0.195805218574233,0.291506076370368,0.999828078171946,4500,0,1
"gamma.reg[2,6]",0.575941301301689,0.289495260550745,0.0505124861224393,0.332948015584068,0.614432769210397,0.837705351448015,0.98072169791627,1.00041412415574,3109,0,1
"gamma.reg[3,6]",0.63449425791518,0.127305564368902,0.369271154576165,0.551087498677193,0.643955454742799,0.727194551724293,0.855959008844349,1.00038113465807,3461,0,1
"gamma.reg[4,6]",0.0637739774890007,0.0296091109671971,0.0212116087834931,0.0428110755181678,0.0583431418713304,0.079683153934683,0.13432361476346,1.00278960451476,1380,0,1
"gamma.reg[1,7]",0.0844011452246632,0.04519196737096,0.0213686910377461,0.0519211138175764,0.0763721912553189,0.107720848023304,0.195499988764545,1.00193165648668,1400,0,1
"gamma.reg[2,7]",0.448852665047972,0.296541474873244,0.0220382445096077,0.181774614120002,0.418892432331247,0.717685268320877,0.959911994534926,1.00071042028004,1927,0,1
"gamma.reg[3,7]",0.457008461837204,0.155854531532461,0.170938070140118,0.347229280730009,0.451640794606523,0.564344943093953,0.763376255192048,0.999911989675204,4500,0,1
"gamma.reg[4,7]",0.0321100180671818,0.0191430231159146,0.00728160395831081,0.0186526019611918,0.0279009362625174,0.0411425959113572,0.0809979514466837,1.00013663020221,4500,0,1
"gamma.reg[1,8]",0.197670746801106,0.0751911006901996,0.076770395348645,0.142786099370382,0.189431215917671,0.244106529080331,0.36444415654412,1.00072384579348,4500,0,1
"gamma.reg[2,8]",0.617752679410717,0.283600413606451,0.0680882003638894,0.387214570677862,0.673629012430486,0.873610216556614,0.985393428983639,1.00025137568823,3808,0,1
"gamma.reg[3,8]",0.687788049204915,0.129464909828132,0.401525682702245,0.604724639705268,0.701210835820354,0.784545777526126,0.894459548329827,1.00077530419295,2367,0,1
"gamma.reg[4,8]",0.0833252231680767,0.0424906942093955,0.0253377790838394,0.0525454230603251,0.0751021605723161,0.105648528960845,0.186415431387446,1.00154714092922,2027,0,1
"phi.reg[1,1]",0.744561967381869,0.143207146234344,0.393713313968835,0.666946092528951,0.773869277168536,0.851462212930876,0.94398943506673,1.00012687599216,4500,0,1
"phi.reg[2,1]",0.485280883035176,0.292521065804001,0.0308653706366711,0.222845425768446,0.471996846976521,0.749889936884387,0.965881619554325,1.00003307703363,4500,0,1
"phi.reg[3,1]",0.91129141406193,0.0531006708574892,0.77356750528357,0.887987743230136,0.922829514204736,0.947740520996321,0.980389473213757,1.00036984689124,4500,0,1
"phi.reg[4,1]",0.259913149325615,0.18435780243316,0.0288759314140536,0.114068135367251,0.218706435743914,0.365412006698919,0.709798623504869,1.00004071437786,4500,0,1
"phi.reg[1,2]",0.753103265828933,0.138025941348746,0.413474512273756,0.680783812493826,0.77971974073978,0.854995136926734,0.944281475696154,1.0000005442013,4500,0,1
"phi.reg[2,2]",0.493781044671274,0.294476671928906,0.0285340492269234,0.227227670925229,0.4969416315738,0.754012619331829,0.966939805303901,0.999968688939459,4500,0,1
"phi.reg[3,2]",0.915537641593476,0.0499772787241201,0.78447581324138,0.894088837208519,0.925958252907595,0.949664460279737,0.980281484796433,1.00007489849877,4500,0,1
"phi.reg[4,2]",0.266884288347392,0.187509576916976,0.0300953537009409,0.120464782965157,0.220715651317034,0.372582626666401,0.723713319478136,0.999879673464927,4500,0,1
"phi.reg[1,3]",0.680228968092385,0.161151035352975,0.298165474117644,0.5814166578493,0.709408747658229,0.804083759014269,0.913440453240002,0.999798414989118,4500,0,1
"phi.reg[2,3]",0.428539835852723,0.290647256440644,0.020012901715621,0.166088573720065,0.390393351011108,0.673510280652047,0.954216944744921,1.00003189574015,4500,0,1
"phi.reg[3,3]",0.880126088643767,0.0683305716520361,0.710289355579535,0.847917142950986,0.895958949353067,0.929657080218715,0.965896595268933,1.00010272099204,4500,0,1
"phi.reg[4,3]",0.206064801848601,0.157214805562685,0.0197979867033715,0.0842524433551456,0.166339135430242,0.286751225330323,0.599611915055288,0.999942360349418,4500,0,1
"phi.reg[1,4]",0.803777067830449,0.102818222707691,0.556962426614333,0.749567669095385,0.820949995295207,0.87945458527472,0.950400953649199,1.00026195025462,3551,0,1
"phi.reg[2,4]",0.537873057960302,0.292097758272802,0.0411032655783219,0.282399516040412,0.552047712207598,0.805945430180671,0.976638975476415,0.999892258434785,4500,0,1
"phi.reg[3,4]",0.935871918618391,0.0348102553662878,0.850153361359508,0.917548197172788,0.941729331341474,0.960751360992202,0.984967749939183,1.00083013022194,2607,0,1
"phi.reg[4,4]",0.311643345298707,0.193877234669033,0.0462950400585683,0.15690779799072,0.272425153117811,0.431108930903445,0.762665763487821,0.999953789063564,4500,0,1
"phi.reg[1,5]",0.826810355200515,0.102899387726292,0.582058402377197,0.768381192359014,0.844241851134274,0.904022063980285,0.973913347581329,1.00091976610453,2440,0,1
"phi.reg[2,5]",0.572479929301867,0.292308782039468,0.0499159562059424,0.323135909082635,0.604382724972296,0.839321405919644,0.982700029342793,1.00022084576223,4500,0,1
"phi.reg[3,5]",0.945161965508171,0.0322911176989961,0.870546969543409,0.927220998625876,0.950052561833922,0.968762762497076,0.991818444440572,1.00008484123471,4500,0,1
"phi.reg[4,5]",0.353366421786839,0.215855488315861,0.0493204616420776,0.176463346047508,0.312247658308636,0.499638879940869,0.833866246777845,0.999714244455406,4500,0,1
"phi.reg[1,6]",0.877468938668448,0.0878981485123088,0.669353192444277,0.82746387103224,0.89531406315894,0.94694568226598,0.991510177340088,1.00015479853926,4500,0,1
"phi.reg[2,6]",0.646433276087251,0.287253027974239,0.0679040427312737,0.42102549512868,0.716467538805135,0.904658921644879,0.993493193041982,1.00001509329686,4500,0,1
"phi.reg[3,6]",0.961443707826889,0.0286226676921322,0.892682647860322,0.944407357025133,0.967320270083566,0.984135287228815,0.997821709775226,1.0002168125537,4500,0,1
"phi.reg[4,6]",0.450686394092381,0.246551248529294,0.0736680667357163,0.247452733203511,0.417314376834791,0.636706394333655,0.93288586752549,0.999696561618355,4500,0,1
"phi.reg[1,7]",0.743702566611338,0.119741156001264,0.462832140207815,0.671857165900214,0.763160098160484,0.833291416573855,0.923491564041918,0.999742804446855,4500,0,1
"phi.reg[2,7]",0.478666720005063,0.290777324271159,0.0248822174497423,0.217266898601013,0.468319738016101,0.734262387046459,0.962710247171555,1.00000968674781,4500,0,1
"phi.reg[3,7]",0.911990078279871,0.042787491628914,0.806348288832224,0.890654993150595,0.919866601628514,0.942424178231967,0.973001311287146,0.999883900724881,4500,0,1
"phi.reg[4,7]",0.246243940989598,0.165991825610914,0.0328534084381429,0.114770190939097,0.20981518907792,0.338089113765087,0.653959838670764,0.999882537988274,4500,0,1
"phi.reg[1,8]",0.771200584585751,0.117681924504223,0.485868571609872,0.705590720770041,0.791559773710384,0.857613991723304,0.94162191669893,1.00050466418511,4500,0,1
"phi.reg[2,8]",0.506654342834232,0.292473212944939,0.0346610912621666,0.243300549797144,0.508230632993452,0.769689245329391,0.968118080264581,0.999926150719175,4500,0,1
"phi.reg[3,8]",0.923310072323901,0.0406768544885788,0.821409915860912,0.903305400934255,0.93048822566164,0.952278711981545,0.979739616441478,1.00041944615895,3199,0,1
"phi.reg[4,8]",0.275528523346469,0.178794284270427,0.039519656018542,0.134288889620057,0.238687871830201,0.377194598941104,0.705212319697048,0.999968811827736,4500,0,1
"ext.reg[1,1]",0.255438032618131,0.143207146234344,0.0560105649332697,0.148537787069124,0.226130722831464,0.333053907471049,0.606286686031165,1.00012687599216,4500,0,1
"ext.reg[2,1]",0.514719116964824,0.292521065804001,0.034118380445675,0.250110063115613,0.528003153023479,0.777154574231554,0.969134629363329,1.00003307703363,4500,0,1
"ext.reg[3,1]",0.0887085859380702,0.0531006708574892,0.019610526786243,0.0522594790036794,0.0771704857952644,0.112012256769864,0.22643249471643,1.00036984689124,4500,0,1
"ext.reg[4,1]",0.740086850674385,0.18435780243316,0.290201376495131,0.634587993301081,0.781293564256086,0.885931864632749,0.971124068585946,1.00004071437786,4500,0,1
"ext.reg[1,2]",0.246896734171067,0.138025941348746,0.0557185243038459,0.145004863073266,0.22028025926022,0.319216187506174,0.586525487726244,1.0000005442013,4500,0,1
"ext.reg[2,2]",0.506218955328726,0.294476671928906,0.0330601946960992,0.245987380668171,0.5030583684262,0.772772329074771,0.971465950773077,0.999968688939459,4500,0,1
"ext.reg[3,2]",0.0844623584065241,0.0499772787241201,0.0197185152035675,0.0503355397202631,0.0740417470924052,0.105911162791481,0.21552418675862,1.00007489849877,4500,0,1
"ext.reg[4,2]",0.733115711652608,0.187509576916976,0.276286680521863,0.627417373333599,0.779284348682966,0.879535217034843,0.969904646299059,0.999879673464927,4500,0,1
"ext.reg[1,3]",0.319771031907615,0.161151035352975,0.0865595467599977,0.195916240985731,0.290591252341771,0.4185833421507,0.701834525882356,0.999798414989118,4500,0,1
"ext.reg[2,3]",0.571460164147277,0.290647256440644,0.0457830552550794,0.326489719347953,0.609606648988892,0.833911426279935,0.979987098284379,1.00003189574015,4500,0,1
"ext.reg[3,3]",0.119873911356234,0.0683305716520361,0.0341034047310669,0.0703429197812853,0.104041050646933,0.152082857049014,0.289710644420465,1.00010272099204,4500,0,1
"ext.reg[4,3]",0.793935198151399,0.157214805562685,0.400388084944711,0.713248774669677,0.833660864569758,0.915747556644854,0.980202013296629,0.999942360349418,4500,0,1
"ext.reg[1,4]",0.196222932169551,0.102818222707691,0.0495990463508007,0.12054541472528,0.179050004704793,0.250432330904615,0.443037573385667,1.00026195025462,3551,0,1
"ext.reg[2,4]",0.462126942039698,0.292097758272802,0.0233610245235847,0.194054569819329,0.447952287792402,0.717600483959588,0.958896734421678,0.999892258434785,4500,0,1
"ext.reg[3,4]",0.0641280813816086,0.0348102553662878,0.0150322500608171,0.0392486390077984,0.0582706686585261,0.0824518028272118,0.149846638640492,1.00083013022194,2607,0,1
"ext.reg[4,4]",0.688356654701293,0.193877234669033,0.237334236512179,0.568891069096555,0.727574846882189,0.84309220200928,0.953704959941432,0.999953789063564,4500,0,1
"ext.reg[1,5]",0.173189644799485,0.102899387726292,0.0260866524186712,0.0959779360197147,0.155758148865726,0.231618807640986,0.417941597622803,1.00091976610453,2440,0,1
"ext.reg[2,5]",0.427520070698133,0.292308782039468,0.0172999706572067,0.160678594080356,0.395617275027704,0.676864090917365,0.950084043794057,1.00022084576223,4500,0,1
"ext.reg[3,5]",0.0548380344918288,0.0322911176989961,0.00818155555942783,0.0312372375029238,0.0499474381660781,0.0727790013741244,0.129453030456591,1.00008484123471,4500,0,1
"ext.reg[4,5]",0.64663357821316,0.215855488315861,0.166133753222155,0.500361120059131,0.687752341691364,0.823536653952492,0.950679538357922,0.999714244455406,4500,0,1
"ext.reg[1,6]",0.122531061331552,0.0878981485123088,0.0084898226599119,0.0530543177340198,0.10468593684106,0.17253612896776,0.330646807555722,1.00015479853926,4500,0,1
"ext.reg[2,6]",0.353566723912749,0.287253027974239,0.00650680695801818,0.0953410783551213,0.283532461194865,0.57897450487132,0.932095957268726,1.00001509329686,4500,0,1
"ext.reg[3,6]",0.0385562921731112,0.0286226676921322,0.0021782902247742,0.0158647127711851,0.0326797299164335,0.0555926429748671,0.107317352139678,1.0002168125537,4500,0,1
"ext.reg[4,6]",0.549313605907619,0.246551248529294,0.0671141324745104,0.363293605666345,0.582685623165209,0.752547266796489,0.926331933264284,0.999696561618355,4500,0,1
"ext.reg[1,7]",0.256297433388662,0.119741156001264,0.0765084359580817,0.166708583426145,0.236839901839516,0.328142834099786,0.537167859792185,0.999742804446855,4500,0,1
"ext.reg[2,7]",0.521333279994937,0.290777324271159,0.0372897528284452,0.265737612953541,0.531680261983899,0.782733101398987,0.975117782550257,1.00000968674781,4500,0,1
"ext.reg[3,7]",0.0880099217201285,0.042787491628914,0.0269986887128538,0.0575758217680329,0.0801333983714855,0.109345006849405,0.193651711167776,0.999883900724881,4500,0,1
"ext.reg[4,7]",0.753756059010402,0.165991825610914,0.346040161329236,0.661910886234913,0.79018481092208,0.885229809060903,0.967146591561857,0.999882537988274,4500,0,1
"ext.reg[1,8]",0.228799415414249,0.117681924504223,0.0583780833010699,0.142386008276696,0.208440226289616,0.294409279229959,0.514131428390127,1.00050466418511,4500,0,1
"ext.reg[2,8]",0.493345657165768,0.292473212944939,0.0318819197354191,0.230310754670609,0.491769367006548,0.756699450202856,0.965338908737833,0.999926150719175,4500,0,1
"ext.reg[3,8]",0.0766899276760992,0.0406768544885788,0.0202603835585221,0.0477212880184553,0.0695117743383603,0.0966945990657445,0.178590084139088,1.00041944615895,3199,0,1
"ext.reg[4,8]",0.724471476653531,0.178794284270427,0.294787680302951,0.622805401058896,0.761312128169799,0.865711110379943,0.960480343981458,0.999968811827736,4500,0,1
"mean.gamma.reg[1]",0.0942767588361322,0.0258889034927244,0.0493177826891477,0.0760009050810825,0.0925302079716629,0.110402910868118,0.150127294832987,1.00091185588934,1613,0,1
"mean.gamma.reg[2]",0.44857758266236,0.27410557092732,0.0320769650033849,0.209735376490994,0.422703597461099,0.680360913419511,0.939728639773064,1.00065556664042,2074,0,1
"mean.gamma.reg[3]",0.455670119371983,0.0918667750394274,0.267955142763409,0.394934961775525,0.454703048849309,0.518019837751825,0.637786546747326,1.00001597395456,4500,0,1
"mean.gamma.reg[4]",0.0370608392761091,0.0128709582745979,0.0164689409748604,0.0280772198891989,0.0353697448648088,0.0446227810241921,0.0664372566647257,1.00049837616853,3191,0,1
"mean.phi.reg[1]",0.775106714274961,0.0899692980527271,0.573711940445043,0.721368171509503,0.786598719015079,0.842588291321193,0.917615584908665,0.999849503822779,4500,0,1
"mean.phi.reg[2]",0.518713636218486,0.275497701075756,0.0481778423330521,0.287233382890083,0.524397529877526,0.757854562966419,0.959810343741638,0.999991453385601,4500,0,1
"mean.phi.reg[3]",0.923091610857049,0.0262644648484007,0.865286701538745,0.906852170448918,0.926052926312513,0.94183549545804,0.966657465560432,1.00000370110965,4500,0,1
"mean.phi.reg[4]",0.29629135812945,0.16449493415464,0.0549301524580338,0.167174314654051,0.271497240216627,0.39825059987961,0.66814882026354,0.999758980655222,4500,0,1
"mean.ext.reg[1]",0.224893285725039,0.0899692980527271,0.0823844150913348,0.157411708678807,0.213401280984921,0.278631828490497,0.426288059554957,0.999849503822779,4500,0,1
"mean.ext.reg[2]",0.481286363781514,0.275497701075756,0.0401896562583616,0.242145437033581,0.475602470122474,0.712766617109917,0.951822157666948,0.999991453385601,4500,0,1
"mean.ext.reg[3]",0.0769083891429505,0.0262644648484007,0.033342534439568,0.05816450454196,0.0739470736874874,0.0931478295510817,0.134713298461255,1.00000370110965,4500,0,1
"mean.ext.reg[4]",0.70370864187055,0.16449493415464,0.33185117973646,0.60174940012039,0.728502759783373,0.832825685345949,0.945069847541966,0.999758980655222,4500,0,1
"equilib.reg[1]",0.312600769011795,0.0966285141530226,0.159137871228873,0.242608671839373,0.301240875531227,0.369735343432756,0.53650311855455,0.999864385672707,4500,0,1
"equilib.reg[2]",0.481107147719763,0.233316620138807,0.0600507561506845,0.308845695737439,0.4822618186823,0.647771341214644,0.923658205919923,1.00066386827665,2519,0,1
"equilib.reg[3]",0.854304397438098,0.0455058410264318,0.753333505828641,0.826483768724677,0.85879771435613,0.88696545658637,0.929278591245645,1.00035612958131,4500,0,1
"equilib.reg[4]",0.0526700623808167,0.0228807720555867,0.0223478593022734,0.0375329481831088,0.0482786098750157,0.0626656997716698,0.109940239843683,1.00036525168468,4500,0,1
"mean.p",0.621910968274532,0.0437349409708379,0.529624830707628,0.595200558526446,0.622773561299624,0.649059654207851,0.707453808190927,1.00109807196368,1492,0,1
"p.year[1]",0.565352736430545,0.0739206970617378,0.411378821085671,0.516933858506261,0.571903668272186,0.618602432061984,0.693351260127486,1.00044998235215,2923,0,1
"p.year[2]",0.724784951198892,0.0613540402464972,0.605582261257438,0.68247309382229,0.726242758747594,0.76853492722969,0.839466243453756,1.00021393839034,3973,0,1
"p.year[3]",0.489012386179369,0.063911469698398,0.363818594544237,0.444680398943418,0.489067890580234,0.533086540466276,0.614284198460348,1.00027944791229,4500,0,1
"p.year[4]",0.59008663517106,0.0543850023860806,0.475538272340969,0.556036950180434,0.593230852765967,0.627753956055606,0.689175611953432,1.00067421493561,3350,0,1
"p.year[5]",0.640248117168732,0.0514958448230777,0.536734494530877,0.605300211774784,0.640041863883573,0.675280806154798,0.738977920697153,0.999871931235267,4500,0,1
"p.year[6]",0.688389903285299,0.049271785249872,0.593052900456576,0.654014605458416,0.689083605128887,0.722483740063623,0.783773010627412,0.999906627898924,4500,0,1
"p.year[7]",0.592954709245733,0.0428562609741989,0.505597453132516,0.564807648407166,0.593868853740652,0.622175354661304,0.67473561028361,0.999949016728016,4500,0,1
"p.year[8]",0.64748198507114,0.0486075698443118,0.54948495091081,0.615065272980974,0.647775028987286,0.680976667076697,0.740546344199971,0.999850191536666,4500,0,1
"p.year[9]",0.630021134642313,0.0445759220819174,0.541515625344298,0.600631334838485,0.63046862583851,0.660019793410427,0.713552136679613,0.999768571527977,4500,0,1
"z[1,1]",0.884666666666667,0.319459284219888,0,1,1,1,1,0.999716422977219,4500,1,1
"z[2,1]",1,0,1,1,1,1,1,NA,1,0,1
"z[3,1]",0.604222222222222,0.489071448690657,0,0,1,1,1,1.00022652472979,3735,1,1
"z[4,1]",1,0,1,1,1,1,1,NA,1,0,1
"z[5,1]",0.132222222222222,0.338769847401279,0,0,0,0,1,1.00172125697818,2127,1,1
"z[6,1]",0.0495555555555556,0.217049006950826,0,0,0,0,1,1.00585411658324,1707,1,1
"z[7,1]",0.0191111111111111,0.136930797191431,0,0,0,0,0,1.00496925103939,4500,1,1
"z[8,1]",0.0284444444444444,0.166257332410862,0,0,0,0,1,1.00211637234175,4500,1,1
"z[9,1]",0.0188888888888889,0.136147779728393,0,0,0,0,0,1.00081542178287,4500,1,1
"z[10,1]",0.0215555555555556,0.14524324938423,0,0,0,0,0,0.999888440515795,4500,1,1
"z[11,1]",0,0,0,0,0,0,0,NA,1,1,1
"z[12,1]",0,0,0,0,0,0,0,NA,1,1,1
"z[13,1]",0,0,0,0,0,0,0,NA,1,1,1
"z[14,1]",0,0,0,0,0,0,0,NA,1,1,1
"z[15,1]",0.000444444444444444,0.0210795079890303,0,0,0,0,0,1.10528646876281,4500,1,1
"z[16,1]",0.00222222222222222,0.0470932775447189,0,0,0,0,0,1.05921191003868,3455,1,1
"z[17,1]",0.0251111111111111,0.15647998127484,0,0,0,0,0.524999999999636,1.00959242669161,2033,1,1
"z[18,1]",0.00111111111111111,0.033318511930496,0,0,0,0,0,1.07137218653062,4500,1,1
"z[19,1]",0.00333333333333333,0.0576451269226114,0,0,0,0,0,1.00631011246591,4500,1,1
"z[20,1]",0.00311111111111111,0.0556966916350484,0,0,0,0,0,1.03837431163505,3926,1,1
"z[21,1]",0.00244444444444444,0.0493863456663645,0,0,0,0,0,1.04969069831983,3799,1,1
"z[22,1]",0.0104444444444444,0.10167426066326,0,0,0,0,0,1.02400233932883,1921,1,1
"z[23,1]",0.0704444444444444,0.255922995228642,0,0,0,0,1,1.00063704164329,4500,1,1
"z[24,1]",0.006,0.0772355205065475,0,0,0,0,0,1.00789465731767,4500,1,1
"z[25,1]",0.0215555555555556,0.14524324938423,0,0,0,0,0,1.00468384544347,4500,1,1
"z[26,1]",0.0202222222222222,0.140775309913555,0,0,0,0,0,1.00067185842133,4500,1,1
"z[27,1]",0.0191111111111111,0.136930797191431,0,0,0,0,0,1.00808327190886,3138,1,1
"z[28,1]",0.792444444444444,0.405601781695743,0,1,1,1,1,0.999749655948331,4500,1,1
"z[29,1]",0.794666666666667,0.403989881012978,0,1,1,1,1,0.999691642265681,4500,1,1
"z[30,1]",0.0153333333333333,0.122888478420367,0,0,0,0,0,1.00482728155383,4500,1,1
"z[31,1]",0.0182222222222222,0.133769014787178,0,0,0,0,0,1.00547949755823,4500,1,1
"z[32,1]",0.0131111111111111,0.113763288874888,0,0,0,0,0,1.0033361852926,4500,1,1
"z[33,1]",0.0331111111111111,0.178946588136641,0,0,0,0,1,1.00199820017499,4500,1,1
"z[34,1]",0.0315555555555556,0.174833049066281,0,0,0,0,1,1.00317214891545,4500,1,1
"z[35,1]",0.0275555555555556,0.163713783655141,0,0,0,0,1,1.00196099577611,4500,1,1
"z[36,1]",0.0344444444444444,0.182388094475073,0,0,0,0,1,1.00029122281504,4500,1,1
"z[37,1]",0.0451111111111111,0.207570887552932,0,0,0,0,1,1.00031821285623,4500,1,1
"z[38,1]",0.0491111111111111,0.216124014828025,0,0,0,0,1,1.00218625860077,4242,1,1
"z[39,1]",0.0582222222222222,0.234189202882591,0,0,0,0,1,1.00272630173535,2978,1,1
"z[40,1]",0.421333333333333,0.493827650039958,0,0,0,1,1,0.999804939170629,4500,1,1
"z[41,1]",0,0,0,0,0,0,0,NA,1,1,1
"z[42,1]",0,0,0,0,0,0,0,NA,1,1,1
"z[43,1]",0.125777777777778,0.331635596516771,0,0,0,0,1,1.00075067562267,4186,1,1
"z[44,1]",0.0231111111111111,0.150273104306291,0,0,0,0,0,1.00749098053213,2806,1,1
"z[45,1]",0.0213333333333333,0.14450904074975,0,0,0,0,0,1.01187616169115,1932,1,1
"z[46,1]",0.0184444444444444,0.13456697579197,0,0,0,0,0,1.00778906049717,3364,1,1
"z[47,1]",0,0,0,0,0,0,0,NA,1,1,1
"z[48,1]",0,0,0,0,0,0,0,NA,1,1,1
"z[49,1]",0,0,0,0,0,0,0,NA,1,1,1
"z[50,1]",0,0,0,0,0,0,0,NA,1,1,1
"z[51,1]",0,0,0,0,0,0,0,NA,1,1,1
"z[52,1]",0,0,0,0,0,0,0,NA,1,1,1
"z[53,1]",0,0,0,0,0,0,0,NA,1,1,1
"z[54,1]",0,0,0,0,0,0,0,NA,1,1,1
"z[55,1]",0,0,0,0,0,0,0,NA,1,1,1
"z[56,1]",0,0,0,0,0,0,0,NA,1,1,1
"z[57,1]",1,0,1,1,1,1,1,NA,1,0,1
"z[58,1]",0.161111111111111,0.367674260666936,0,0,0,0,1,1.00016982229151,4500,1,1
"z[59,1]",0.00444444444444444,0.0665257457028688,0,0,0,0,0,1.02982435352671,3585,1,1
"z[60,1]",0.000222222222222222,0.0149071198499986,0,0,0,0,0,1.29093398298233,4500,1,1
"z[61,1]",0,0,0,0,0,0,0,NA,1,1,1
"z[62,1]",0,0,0,0,0,0,0,NA,1,1,1
"z[63,1]",0,0,0,0,0,0,0,NA,1,1,1
"z[64,1]",0,0,0,0,0,0,0,NA,1,1,1
"z[65,1]",0,0,0,0,0,0,0,NA,1,1,1
"z[66,1]",0,0,0,0,0,0,0,NA,1,1,1
"z[67,1]",0,0,0,0,0,0,0,NA,1,1,1
"z[68,1]",0,0,0,0,0,0,0,NA,1,1,1
"z[69,1]",1,0,1,1,1,1,1,NA,1,0,1
"z[70,1]",1,0,1,1,1,1,1,NA,1,0,1
"z[71,1]",0.881555555555556,0.323169563225013,0,1,1,1,1,1.0019913800175,2066,1,1
"z[72,1]",0.888,0.31540150006909,0,1,1,1,1,1.00094918535314,3927,1,1
"z[73,1]",0.0246666666666667,0.155124368434336,0,0,0,0,0,1.00056161749012,4500,1,1
"z[74,1]",0.0288888888888889,0.167512855228826,0,0,0,0,1,1.00624262610775,2693,1,1
"z[75,1]",0.0244444444444444,0.154441620272072,0,0,0,0,0,1.00100887921608,4500,1,1
"z[76,1]",0.0295555555555556,0.169376503362579,0,0,0,0,1,1.00203179066565,4500,1,1
"z[77,1]",0.000222222222222222,0.0149071198499986,0,0,0,0,0,1.29093398298233,4500,1,1
"z[78,1]",0.0548888888888889,0.227788562815897,0,0,0,0,1,1.00614890522914,1483,1,1
"z[79,1]",0.0657777777777778,0.247920794922865,0,0,0,0,1,1.00128162749614,4500,1,1
"z[80,1]",0.0277777777777778,0.164353812079863,0,0,0,0,1,1.00192971820513,4500,1,1
"z[81,1]",0.721333333333333,0.448392946776403,0,0,1,1,1,0.999756486016092,4500,1,1
"z[82,1]",0.932,0.251773880070849,0,1,1,1,1,1.00336956511662,2129,1,1
"z[83,1]",0.868666666666667,0.337802082174598,0,1,1,1,1,1.00233494028479,1646,1,1
"z[84,1]",0.354666666666667,0.478465354393109,0,0,0,1,1,0.999820847046544,4500,1,1
"z[85,1]",0.41,0.491887962349039,0,0,0,1,1,0.999979278664996,4500,1,1
"z[86,1]",0.008,0.08909412970305,0,0,0,0,0,1.01798629035596,3349,1,1
"z[87,1]",0.00111111111111111,0.033318511930496,0,0,0,0,0,1.07137218653062,4500,1,1
"z[88,1]",0.00688888888888889,0.0827221418662089,0,0,0,0,0,1.01259565120603,4500,1,1
"z[89,1]",0.00422222222222222,0.0648485125458765,0,0,0,0,0,1.00106030922822,4500,1,1
"z[90,1]",0.0266666666666667,0.161125183440798,0,0,0,0,1,1.00109375378339,4500,1,1
"z[91,1]",0,0,0,0,0,0,0,NA,1,1,1
"z[92,1]",0,0,0,0,0,0,0,NA,1,1,1
"z[93,1]",0,0,0,0,0,0,0,NA,1,1,1
"z[94,1]",0,0,0,0,0,0,0,NA,1,1,1
"z[95,1]",0.673333333333333,0.469046314805178,0,0,1,1,1,0.999691101107332,4500,1,1
"z[96,1]",0.938444444444444,0.240373270107645,0,1,1,1,1,1.00065091830147,4500,1,1
"z[97,1]",0.89,0.312924528267118,0,1,1,1,1,1.00097492190998,3911,1,1
"z[98,1]",0.661777777777778,0.473157163337463,0,0,1,1,1,1.00000706859916,4500,1,1
"z[99,1]",0.0906666666666667,0.287166411122996,0,0,0,0,1,0.999808146383014,4500,1,1
"z[100,1]",0.0568888888888889,0.231655927287332,0,0,0,0,1,0.999700899771758,4500,1,1
"z[101,1]",0.0924444444444444,0.289684513538625,0,0,0,0,1,1.00019556949402,4500,1,1
"z[102,1]",0,0,0,0,0,0,0,NA,1,1,1
"z[103,1]",0,0,0,0,0,0,0,NA,1,1,1
"z[104,1]",0.00422222222222222,0.0648485125458765,0,0,0,0,0,1.00930518134672,4500,1,1
"z[105,1]",0.018,0.132965893646013,0,0,0,0,0,1.00460749943442,4500,1,1
"z[106,1]",0,0,0,0,0,0,0,NA,1,1,1
"z[107,1]",0,0,0,0,0,0,0,NA,1,1,1
"z[108,1]",0,0,0,0,0,0,0,NA,1,1,1
"z[109,1]",0,0,0,0,0,0,0,NA,1,1,1
"z[110,1]",0,0,0,0,0,0,0,NA,1,1,1
"z[111,1]",0,0,0,0,0,0,0,NA,1,1,1
"z[112,1]",0,0,0,0,0,0,0,NA,1,1,1
"z[113,1]",0,0,0,0,0,0,0,NA,1,1,1
"z[114,1]",0.094,0.291861147705373,0,0,0,0,1,1.00059333947233,4500,1,1
"z[115,1]",0.120888888888889,0.326034334535402,0,0,0,0,1,1.00088918424967,3851,1,1
"z[116,1]",0.0873333333333333,0.282354278616482,0,0,0,0,1,1.00102698985857,4500,1,1
"z[117,1]",0.170888888888889,0.376453674828579,0,0,0,0,1,1.00071285554063,3365,1,1
"z[118,1]",0.00133333333333333,0.0364945409967103,0,0,0,0,0,1.03900028931154,4500,1,1
"z[119,1]",0.000888888888888889,0.0298042977535084,0,0,0,0,0,1.10540023626025,4497,1,1
"z[120,1]",0.000666666666666667,0.0258141493083176,0,0,0,0,0,1.13377982835195,4498,1,1
"z[121,1]",0.00244444444444444,0.0493863456663645,0,0,0,0,0,1.02752607886309,4500,1,1
"z[122,1]",0,0,0,0,0,0,0,NA,1,1,1
"z[123,1]",0,0,0,0,0,0,0,NA,1,1,1
"z[124,1]",0,0,0,0,0,0,0,NA,1,1,1
"z[125,1]",0.897555555555556,0.303265589918635,0,1,1,1,1,1.00198051748988,2340,1,1
"z[126,1]",0.901333333333333,0.298247082996824,0,1,1,1,1,1.00569515871753,935,1,1
"z[127,1]",0,0,0,0,0,0,0,NA,1,1,1
"z[128,1]",0,0,0,0,0,0,0,NA,1,1,1
"z[129,1]",0,0,0,0,0,0,0,NA,1,1,1
"z[130,1]",0,0,0,0,0,0,0,NA,1,1,1
"z[131,1]",0.792666666666667,0.405441428226822,0,1,1,1,1,0.999916035896655,4500,1,1
"z[132,1]",0.761555555555556,0.426179602245209,0,1,1,1,1,1.00020651669489,4500,1,1
"z[133,1]",0.799555555555556,0.400377436705509,0,1,1,1,1,1.00127291806189,1939,1,1
"z[134,1]",0,0,0,0,0,0,0,NA,1,1,1
"z[135,1]",0,0,0,0,0,0,0,NA,1,1,1
"z[136,1]",0,0,0,0,0,0,0,NA,1,1,1
"z[137,1]",0,0,0,0,0,0,0,NA,1,1,1
"z[138,1]",0.00111111111111111,0.033318511930496,0,0,0,0,0,1.18898008348926,1730,1,1
"z[139,1]",0.000888888888888889,0.0298042977535084,0,0,0,0,0,1.29204734004362,1125,1,1
"z[140,1]",0.0244444444444444,0.154441620272072,0,0,0,0,0,1.00049024932991,4500,1,1
"z[141,1]",0.02,0.140015558148628,0,0,0,0,0,1.00216558401564,4500,1,1
"z[142,1]",0,0,0,0,0,0,0,NA,1,1,1
"z[143,1]",0,0,0,0,0,0,0,NA,1,1,1
"z[144,1]",0,0,0,0,0,0,0,NA,1,1,1
"z[145,1]",0.237333333333333,0.425495540244226,0,0,0,0,1,0.999966918973821,4500,1,1
"z[146,1]",0.0926666666666667,0.289996972491497,0,0,0,0,1,1.00348525305132,1560,1,1
"z[147,1]",0.0595555555555556,0.236687854568751,0,0,0,0,1,1.00344260087158,2359,1,1
"z[148,1]",0.0782222222222222,0.268550801033379,0,0,0,0,1,0.999728308065994,4500,1,1
"z[149,1]",0.0235555555555556,0.151676642100424,0,0,0,0,0,1.01088082320081,1910,1,1
"z[150,1]",0.0337777777777778,0.180676765936377,0,0,0,0,1,1.00274017727521,4500,1,1
"z[151,1]",0.0204444444444444,0.141530634321543,0,0,0,0,0,1.00083390498871,4500,1,1
"z[152,1]",0.0126666666666667,0.111843649799372,0,0,0,0,0,1.00576542316528,4500,1,1
"z[153,1]",0.0508888888888889,0.219795235207613,0,0,0,0,1,1.00151292750873,4500,1,1
"z[154,1]",0.0655555555555556,0.247531090191705,0,0,0,0,1,1.00292787251086,2502,1,1
"z[155,1]",1,0,1,1,1,1,1,NA,1,0,1
"z[156,1]",0.108666666666667,0.31125512213583,0,0,0,0,1,1.00257010702353,1782,1,1
"z[157,1]",1,0,1,1,1,1,1,NA,1,0,1
"z[158,1]",0.000444444444444444,0.0210795079890303,0,0,0,0,0,1.10528646876281,4500,1,1
"z[159,1]",0.00244444444444444,0.0493863456663645,0,0,0,0,0,1.015878473234,4500,1,1
"z[160,1]",0.0291111111111111,0.168136660277006,0,0,0,0,1,1.00265546578145,4500,1,1
"z[161,1]",0.02,0.140015558148628,0,0,0,0,0,1.00559131577119,4269,1,1
"z[162,1]",0.004,0.0631259497363628,0,0,0,0,0,1.05139723299814,2242,1,1
"z[163,1]",0.0102222222222222,0.100598097789677,0,0,0,0,0,1.02369268306179,1990,1,1
"z[164,1]",0.00155555555555556,0.0394142235807543,0,0,0,0,0,1.13197091684193,1967,1,1
"z[165,1]",0.004,0.0631259497363628,0,0,0,0,0,1.05537677568565,2070,1,1
"z[166,1]",0.00644444444444444,0.0800271001985887,0,0,0,0,0,1.00385467038575,4500,1,1
"z[167,1]",0.00488888888888889,0.069757214702053,0,0,0,0,0,1.04999128800267,1896,1,1
"z[168,1]",0.00311111111111111,0.0556966916350484,0,0,0,0,0,1.0097811592317,4500,1,1
"z[169,1]",0.00755555555555556,0.0866033246050876,0,0,0,0,0,1.01302423534336,4500,1,1
"z[170,1]",0.00266666666666667,0.0515766100016907,0,0,0,0,0,1.0099762458543,4500,1,1
"z[171,1]",0.0715555555555556,0.257779217003763,0,0,0,0,1,1.0035982077447,1915,1,1
"z[172,1]",0.154,0.360988861926802,0,0,0,0,1,1.0015970944286,1995,1,1
"z[173,1]",0.126888888888889,0.332885451492204,0,0,0,0,1,1.00001293535591,4500,1,1
"z[174,1]",0.930444444444444,0.254424773023488,0,1,1,1,1,0.99984938908081,4500,1,1
"z[175,1]",1,0,1,1,1,1,1,NA,1,0,1
"z[176,1]",0.617111111111111,0.486145561638017,0,0,1,1,1,0.999879429684691,4500,1,1
"z[177,1]",1,0,1,1,1,1,1,NA,1,0,1
"z[178,1]",0,0,0,0,0,0,0,NA,1,1,1
"z[179,1]",0,0,0,0,0,0,0,NA,1,1,1
"z[180,1]",0,0,0,0,0,0,0,NA,1,1,1
"z[181,1]",0,0,0,0,0,0,0,NA,1,1,1
"z[182,1]",0,0,0,0,0,0,0,NA,1,1,1
"z[183,1]",0,0,0,0,0,0,0,NA,1,1,1
"z[184,1]",0,0,0,0,0,0,0,NA,1,1,1
"z[185,1]",0,0,0,0,0,0,0,NA,1,1,1
"z[1,2]",1,0,1,1,1,1,1,NA,1,0,1
"z[2,2]",1,0,1,1,1,1,1,NA,1,0,1
"z[3,2]",0.159777777777778,0.366440553449894,0,0,0,0,1,1.00002079168525,4500,1,1
"z[4,2]",1,0,1,1,1,1,1,NA,1,0,1
"z[5,2]",0.174444444444444,0.379533385063961,0,0,0,0,1,1.00118069793002,2292,1,1
"z[6,2]",0.0673333333333333,0.250626243865736,0,0,0,0,1,1.00140678811319,4500,1,1
"z[7,2]",0.00177777777777778,0.0421308880870312,0,0,0,0,0,1.16639204920193,1284,1,1
"z[8,2]",0.00111111111111111,0.033318511930496,0,0,0,0,0,1.11603919183554,3212,1,1
"z[9,2]",0,0,0,0,0,0,0,NA,1,1,1
"z[10,2]",0,0,0,0,0,0,0,NA,1,1,1
"z[11,2]",0,0,0,0,0,0,0,NA,1,1,1
"z[12,2]",0,0,0,0,0,0,0,NA,1,1,1
"z[13,2]",0,0,0,0,0,0,0,NA,1,1,1
"z[14,2]",0,0,0,0,0,0,0,NA,1,1,1
"z[15,2]",0.00133333333333333,0.0364945409967103,0,0,0,0,0,1.03900028931154,4500,1,1
"z[16,2]",0.00822222222222222,0.0903129549063228,0,0,0,0,0,1.02366275964318,2466,1,1
"z[17,2]",0.0226666666666667,0.148855006121055,0,0,0,0,0,1.01841356238752,1178,1,1
"z[18,2]",0.000666666666666667,0.0258141493083176,0,0,0,0,0,1.13377982835195,4498,1,1
"z[19,2]",0.00111111111111111,0.033318511930496,0,0,0,0,0,1.11603919183554,3212,1,1
"z[20,2]",0.000222222222222222,0.0149071198499986,0,0,0,0,0,1.29093398298233,4500,1,1
"z[21,2]",0.0866666666666667,0.281377237154674,0,0,0,0,1,1.00042259582295,4500,1,1
"z[22,2]",0.0553333333333333,0.228655142165391,0,0,0,0,1,0.999856380632303,4500,1,1
"z[23,2]",0.0582222222222222,0.234189202882591,0,0,0,0,1,1.00176837118098,4338,1,1
"z[24,2]",0.0397777777777778,0.195458425118277,0,0,0,0,1,1.00231921004288,4500,1,1
"z[25,2]",0.000222222222222222,0.0149071198499986,0,0,0,0,0,1.29093398298233,4500,1,1
"z[26,2]",0,0,0,0,0,0,0,NA,1,1,1
"z[27,2]",0,0,0,0,0,0,0,NA,1,1,1
"z[28,2]",0.757777777777778,0.428475688197424,0,1,1,1,1,0.999856238006248,4500,1,1
"z[29,2]",0.728222222222222,0.444925396089892,0,0,1,1,1,1.00038023310294,3551,1,1
"z[30,2]",0,0,0,0,0,0,0,NA,1,1,1
"z[31,2]",0.000666666666666667,0.0258141493083176,0,0,0,0,0,1.29167562882982,1500,1,1
"z[32,2]",0.000222222222222222,0.0149071198499986,0,0,0,0,0,1.29093398298233,4500,1,1
"z[33,2]",0.0246666666666667,0.155124368434336,0,0,0,0,0,1.00056161749012,4500,1,1
"z[34,2]",0.0191111111111111,0.136930797191431,0,0,0,0,0,1.00887886815591,2855,1,1
"z[35,2]",0.0204444444444444,0.141530634321543,0,0,0,0,0,1.00046614949664,4500,1,1
"z[36,2]",0.0171111111111111,0.129699881353212,0,0,0,0,0,1.01058310414246,2683,1,1
"z[37,2]",0.002,0.0446815807032984,0,0,0,0,0,1.10900655188765,1926,1,1
"z[38,2]",0.08,0.271323348038703,0,0,0,0,1,1.0007729487815,4500,1,1
"z[39,2]",0.0326666666666667,0.177782392941008,0,0,0,0,1,1.00387456210749,3743,1,1
"z[40,2]",0.604444444444444,0.489024029314706,0,0,1,1,1,1.00001942786564,4500,1,1
"z[41,2]",0,0,0,0,0,0,0,NA,1,1,1
"z[42,2]",0,0,0,0,0,0,0,NA,1,1,1
"z[43,2]",0.000222222222222222,0.0149071198499986,0,0,0,0,0,1.29093398298233,4500,1,1
"z[44,2]",0.000222222222222222,0.0149071198499986,0,0,0,0,0,1.29093398298233,4500,1,1
"z[45,2]",0.00177777777777778,0.0421308880870312,0,0,0,0,0,1.05041941929871,4500,1,1
"z[46,2]",0.000888888888888889,0.0298042977535084,0,0,0,0,0,1.10540023626025,4497,1,1
"z[47,2]",0,0,0,0,0,0,0,NA,1,1,1
"z[48,2]",0,0,0,0,0,0,0,NA,1,1,1
"z[49,2]",0,0,0,0,0,0,0,NA,1,1,1
"z[50,2]",0,0,0,0,0,0,0,NA,1,1,1
"z[51,2]",0,0,0,0,0,0,0,NA,1,1,1
"z[52,2]",0,0,0,0,0,0,0,NA,1,1,1
"z[53,2]",0,0,0,0,0,0,0,NA,1,1,1
"z[54,2]",0,0,0,0,0,0,0,NA,1,1,1
"z[55,2]",0,0,0,0,0,0,0,NA,1,1,1
"z[56,2]",0,0,0,0,0,0,0,NA,1,1,1
"z[57,2]",0.915555555555556,0.278084096742923,0,1,1,1,1,1.00023971205973,4500,1,1
"z[58,2]",0.461555555555556,0.49857523412558,0,0,0,1,1,0.999774942242351,4500,1,1
"z[59,2]",0.038,0.191217481839897,0,0,0,0,1,1.00082800254492,4500,1,1
"z[60,2]",0,0,0,0,0,0,0,NA,1,1,1
"z[61,2]",0,0,0,0,0,0,0,NA,1,1,1
"z[62,2]",0,0,0,0,0,0,0,NA,1,1,1
"z[63,2]",0,0,0,0,0,0,0,NA,1,1,1
"z[64,2]",0,0,0,0,0,0,0,NA,1,1,1
"z[65,2]",0,0,0,0,0,0,0,NA,1,1,1
"z[66,2]",0,0,0,0,0,0,0,NA,1,1,1
"z[67,2]",0,0,0,0,0,0,0,NA,1,1,1
"z[68,2]",0,0,0,0,0,0,0,NA,1,1,1
"z[69,2]",1,0,1,1,1,1,1,NA,1,0,1
"z[70,2]",1,0,1,1,1,1,1,NA,1,0,1
"z[71,2]",1,0,1,1,1,1,1,NA,1,0,1
"z[72,2]",1,0,1,1,1,1,1,NA,1,0,1
"z[73,2]",0.000444444444444444,0.0210795079890303,0,0,0,0,0,1.10528646876281,4500,1,1
"z[74,2]",0.00155555555555556,0.0394142235807543,0,0,0,0,0,1.06447893654775,4494,1,1
"z[75,2]",0.00177777777777778,0.0421308880870312,0,0,0,0,0,1.08837125013206,2765,1,1
"z[76,2]",0.00333333333333333,0.0576451269226114,0,0,0,0,0,NA,4500,1,1
"z[77,2]",0.0146666666666667,0.120227982292648,0,0,0,0,0,1.03257164141306,1007,1,1
"z[78,2]",0.0504444444444444,0.218884556868758,0,0,0,0,1,1.0010306513826,4500,1,1
"z[79,2]",0.0622222222222222,0.241585568629304,0,0,0,0,1,0.999804360541388,4500,1,1
"z[80,2]",0.0248888888888889,0.155803807734777,0,0,0,0,0,1.00989002616418,1991,1,1
"z[81,2]",0.423111111111111,0.494107632628327,0,0,0,1,1,1.00066944963983,2049,1,1
"z[82,2]",1,0,1,1,1,1,1,NA,1,0,1
"z[83,2]",1,0,1,1,1,1,1,NA,1,0,1
"z[84,2]",0.00111111111111111,0.033318511930496,0,0,0,0,0,1.07137218653062,4500,1,1
"z[85,2]",0.00444444444444444,0.0665257457028688,0,0,0,0,0,1.02280815119122,4500,1,1
"z[86,2]",0.00311111111111111,0.0556966916350484,0,0,0,0,0,1.03148234445217,4500,1,1
"z[87,2]",0.00155555555555556,0.0394142235807543,0,0,0,0,0,1.0097473778051,4500,1,1
"z[88,2]",0.0344444444444444,0.182388094475073,0,0,0,0,1,1.00249048962113,4500,1,1
"z[89,2]",0.164666666666667,0.370920651032105,0,0,0,0,1,0.999819372185895,4500,1,1
"z[90,2]",0.028,0.164991058376806,0,0,0,0,1,1.001559640536,4500,1,1
"z[91,2]",0,0,0,0,0,0,0,NA,1,1,1
"z[92,2]",0,0,0,0,0,0,0,NA,1,1,1
"z[93,2]",0,0,0,0,0,0,0,NA,1,1,1
"z[94,2]",0,0,0,0,0,0,0,NA,1,1,1
"z[95,2]",0.0368888888888889,0.188509935158217,0,0,0,0,1,1.00214334585193,4500,1,1
"z[96,2]",1,0,1,1,1,1,1,NA,1,0,1
"z[97,2]",1,0,1,1,1,1,1,NA,1,0,1
"z[98,2]",0.153111111111111,0.360134586374701,0,0,0,0,1,1.00056521742207,4284,1,1
"z[99,2]",0.0584444444444444,0.234608019202615,0,0,0,0,1,1.00048002154702,4500,1,1
"z[100,2]",0.0535555555555556,0.225163550304364,0,0,0,0,1,1.00074225831464,4500,1,1
"z[101,2]",0.0495555555555556,0.217049006950826,0,0,0,0,1,1.00104247197139,4500,1,1
"z[102,2]",0,0,0,0,0,0,0,NA,1,1,1
"z[103,2]",0,0,0,0,0,0,0,NA,1,1,1
"z[104,2]",0.00422222222222222,0.0648485125458765,0,0,0,0,0,1.0477357352367,2302,1,1
"z[105,2]",0.00155555555555556,0.0394142235807543,0,0,0,0,0,1.03825136434619,4500,1,1
"z[106,2]",0,0,0,0,0,0,0,NA,1,1,1
"z[107,2]",0,0,0,0,0,0,0,NA,1,1,1
"z[108,2]",0,0,0,0,0,0,0,NA,1,1,1
"z[109,2]",0,0,0,0,0,0,0,NA,1,1,1
"z[110,2]",0,0,0,0,0,0,0,NA,1,1,1
"z[111,2]",0,0,0,0,0,0,0,NA,1,1,1
"z[112,2]",0,0,0,0,0,0,0,NA,1,1,1
"z[113,2]",0,0,0,0,0,0,0,NA,1,1,1
"z[114,2]",0.000222222222222222,0.0149071198499986,0,0,0,0,0,1.29093398298233,4500,1,1
"z[115,2]",0,0,0,0,0,0,0,NA,1,1,1
"z[116,2]",0.000444444444444444,0.0210795079890303,0,0,0,0,0,1.2913045102833,2250,1,1
"z[117,2]",0.04,0.195980956294358,0,0,0,0,1,1.00011833771384,4500,1,1
"z[118,2]",0,0,0,0,0,0,0,NA,1,1,1
"z[119,2]",0.000666666666666667,0.0258141493083176,0,0,0,0,0,NA,4500,1,1
"z[120,2]",0.000444444444444444,0.0210795079890303,0,0,0,0,0,1.2913045102833,2250,1,1
"z[121,2]",0.000222222222222222,0.0149071198499986,0,0,0,0,0,1.29093398298233,4500,1,1
"z[122,2]",0,0,0,0,0,0,0,NA,1,1,1
"z[123,2]",0,0,0,0,0,0,0,NA,1,1,1
"z[124,2]",0,0,0,0,0,0,0,NA,1,1,1
"z[125,2]",1,0,1,1,1,1,1,NA,1,0,1
"z[126,2]",1,0,1,1,1,1,1,NA,1,0,1
"z[127,2]",0,0,0,0,0,0,0,NA,1,1,1
"z[128,2]",0,0,0,0,0,0,0,NA,1,1,1
"z[129,2]",0,0,0,0,0,0,0,NA,1,1,1
"z[130,2]",0,0,0,0,0,0,0,NA,1,1,1
"z[131,2]",0.453333333333333,0.497872781007373,0,0,0,1,1,1.00344879301653,539,1,1
"z[132,2]",0.534222222222222,0.498882899180174,0,0,1,1,1,0.999826163607313,4500,1,1
"z[133,2]",0.550444444444444,0.497504130964745,0,0,1,1,1,1.00061189963516,2142,1,1
"z[134,2]",0,0,0,0,0,0,0,NA,1,1,1
"z[135,2]",0,0,0,0,0,0,0,NA,1,1,1
"z[136,2]",0,0,0,0,0,0,0,NA,1,1,1
"z[137,2]",0,0,0,0,0,0,0,NA,1,1,1
"z[138,2]",0.000444444444444444,0.0210795079890303,0,0,0,0,0,1.10528646876281,4500,1,1
"z[139,2]",0,0,0,0,0,0,0,NA,1,1,1
"z[140,2]",0.000444444444444444,0.0210795079890303,0,0,0,0,0,1.10528646876281,4500,1,1
"z[141,2]",0,0,0,0,0,0,0,NA,1,1,1
"z[142,2]",0,0,0,0,0,0,0,NA,1,1,1
"z[143,2]",0,0,0,0,0,0,0,NA,1,1,1
"z[144,2]",0,0,0,0,0,0,0,NA,1,1,1
"z[145,2]",0.381111111111111,0.485713761684283,0,0,0,1,1,1.00002960611554,4500,1,1
"z[146,2]",0.178888888888889,0.383301843561013,0,0,0,0,1,1.00251307609907,1202,1,1
"z[147,2]",0.0797777777777778,0.270978968999202,0,0,0,0,1,0.999836012266329,4500,1,1
"z[148,2]",0.0628888888888889,0.242789983053629,0,0,0,0,1,1.00001459700011,4500,1,1
"z[149,2]",0.000444444444444444,0.0210795079890303,0,0,0,0,0,1.10528646876281,4500,1,1
"z[150,2]",0.000222222222222222,0.0149071198499986,0,0,0,0,0,1.29093398298233,4500,1,1
"z[151,2]",0.000444444444444444,0.0210795079890303,0,0,0,0,0,1.2913045102833,2250,1,1
"z[152,2]",0,0,0,0,0,0,0,NA,1,1,1
"z[153,2]",0.0675555555555555,0.251009569058353,0,0,0,0,1,1.0006058387822,4500,1,1
"z[154,2]",0.066,0.248309689121249,0,0,0,0,1,1.00143338601854,4500,1,1
"z[155,2]",1,0,1,1,1,1,1,NA,1,0,1
"z[156,2]",1,0,1,1,1,1,1,NA,1,0,1
"z[157,2]",1,0,1,1,1,1,1,NA,1,0,1
"z[158,2]",0.000222222222222222,0.0149071198499986,0,0,0,0,0,1.29093398298233,4500,1,1
"z[159,2]",0.00444444444444444,0.0665257457028688,0,0,0,0,0,1.0595042276761,1724,1,1
"z[160,2]",0.00133333333333333,0.0364945409967103,0,0,0,0,0,NA,4500,1,1
"z[161,2]",0.00155555555555556,0.0394142235807543,0,0,0,0,0,1.06447893654775,4494,1,1
"z[162,2]",0.00155555555555556,0.0394142235807543,0,0,0,0,0,1.06447893654775,4494,1,1
"z[163,2]",0.00266666666666667,0.0515766100016907,0,0,0,0,0,1.0099762458543,4500,1,1
"z[164,2]",0.0246666666666667,0.155124368434336,0,0,0,0,0,1.00928859405466,2138,1,1
"z[165,2]",0.0457777777777778,0.209026032222424,0,0,0,0,1,1.00107499412228,4500,1,1
"z[166,2]",0.0135555555555556,0.115649360747383,0,0,0,0,0,1.00350968420923,4500,1,1
"z[167,2]",0.00155555555555556,0.0394142235807543,0,0,0,0,0,1.06447893654775,4494,1,1
"z[168,2]",0.0153333333333333,0.122888478420367,0,0,0,0,0,1.01619647808835,1961,1,1
"z[169,2]",0.0151111111111111,0.1220084974435,0,0,0,0,0,1.00310242899017,4500,1,1
"z[170,2]",0.0215555555555556,0.14524324938423,0,0,0,0,0,1.00171460530655,4500,1,1
"z[171,2]",0.116222222222222,0.320526828561842,0,0,0,0,1,0.99997813470072,4500,1,1
"z[172,2]",0.270222222222222,0.444123862548642,0,0,0,1,1,1.00018554438942,4500,1,1
"z[173,2]",0.226222222222222,0.418431160517439,0,0,0,0,1,0.999846170613924,4500,1,1
"z[174,2]",1,0,1,1,1,1,1,NA,1,0,1
"z[175,2]",1,0,1,1,1,1,1,NA,1,0,1
"z[176,2]",1,0,1,1,1,1,1,NA,1,0,1
"z[177,2]",0.0282222222222222,0.165625554658784,0,0,0,0,1,1.00058402751374,4500,1,1
"z[178,2]",0,0,0,0,0,0,0,NA,1,1,1
"z[179,2]",0,0,0,0,0,0,0,NA,1,1,1
"z[180,2]",0,0,0,0,0,0,0,NA,1,1,1
"z[181,2]",0,0,0,0,0,0,0,NA,1,1,1
"z[182,2]",0,0,0,0,0,0,0,NA,1,1,1
"z[183,2]",0,0,0,0,0,0,0,NA,1,1,1
"z[184,2]",0,0,0,0,0,0,0,NA,1,1,1
"z[185,2]",0,0,0,0,0,0,0,NA,1,1,1
"z[1,3]",0.420444444444444,0.493685197983452,0,0,0,1,1,1.00026726025868,3418,1,1
"z[2,3]",1,0,1,1,1,1,1,NA,1,0,1
"z[3,3]",1,0,1,1,1,1,1,NA,1,0,1
"z[4,3]",1,0,1,1,1,1,1,NA,1,0,1
"z[5,3]",0.280888888888889,0.449483278557389,0,0,0,1,1,1.00029263174764,3949,1,1
"z[6,3]",0.104,0.305294467945715,0,0,0,0,1,1.00091632938032,4280,1,1
"z[7,3]",0.00733333333333333,0.0853297931213479,0,0,0,0,0,1.01738142819924,3781,1,1
"z[8,3]",0.00755555555555556,0.0866033246050876,0,0,0,0,0,1.01554301887574,4105,1,1
"z[9,3]",0.000888888888888889,0.0298042977535084,0,0,0,0,0,1.10540023626025,4497,1,1
"z[10,3]",0.000444444444444444,0.0210795079890303,0,0,0,0,0,1.10528646876281,4500,1,1
"z[11,3]",0,0,0,0,0,0,0,NA,1,1,1
"z[12,3]",0,0,0,0,0,0,0,NA,1,1,1
"z[13,3]",0,0,0,0,0,0,0,NA,1,1,1
"z[14,3]",0,0,0,0,0,0,0,NA,1,1,1
"z[15,3]",0.000888888888888889,0.0298042977535084,0,0,0,0,0,1.02957562893154,4500,1,1
"z[16,3]",0.002,0.0446815807032984,0,0,0,0,0,1.01775579934475,4500,1,1
"z[17,3]",0.00244444444444444,0.0493863456663645,0,0,0,0,0,1.07037255410904,2600,1,1
"z[18,3]",0.008,0.08909412970305,0,0,0,0,0,1.01798629035596,3349,1,1
"z[19,3]",0.0148888888888889,0.121121715563244,0,0,0,0,0,1.00862653086936,3761,1,1
"z[20,3]",0.00711111111111111,0.0840363764582043,0,0,0,0,0,1.0060467218903,4500,1,1
"z[21,3]",0.0202222222222222,0.140775309913555,0,0,0,0,0,1.000859615589,4500,1,1
"z[22,3]",0.0357777777777778,0.185756281888117,0,0,0,0,1,1.00229189390285,4500,1,1
"z[23,3]",0.0275555555555556,0.163713783655141,0,0,0,0,1,0.999907216207915,4500,1,1
"z[24,3]",0.0246666666666667,0.155124368434336,0,0,0,0,0,1.00813483924266,2425,1,1
"z[25,3]",0.00244444444444444,0.0493863456663645,0,0,0,0,0,1.015878473234,4500,1,1
"z[26,3]",0.00133333333333333,0.0364945409967103,0,0,0,0,0,1.03900028931154,4500,1,1
"z[27,3]",0.000444444444444444,0.0210795079890303,0,0,0,0,0,1.2913045102833,2250,1,1
"z[28,3]",0.818444444444444,0.385520639964811,0,1,1,1,1,0.999774980975129,4500,1,1
"z[29,3]",0.821555555555556,0.382928988404224,0,1,1,1,1,0.999991352857156,4500,1,1
"z[30,3]",0.00111111111111111,0.033318511930496,0,0,0,0,0,1.01912206739455,4500,1,1
"z[31,3]",0.00555555555555556,0.0743365276300976,0,0,0,0,0,1.02835299721172,3025,1,1
"z[32,3]",0.000666666666666667,0.0258141493083176,0,0,0,0,0,1.29167562882982,1500,1,1
"z[33,3]",0.00311111111111111,0.0556966916350484,0,0,0,0,0,1.00222267416305,4500,1,1
"z[34,3]",0.00111111111111111,0.033318511930496,0,0,0,0,0,1.01912206739455,4500,1,1
"z[35,3]",0.00155555555555556,0.0394142235807543,0,0,0,0,0,1.0097473778051,4500,1,1
"z[36,3]",0.00111111111111111,0.033318511930496,0,0,0,0,0,1.11603919183554,3212,1,1
"z[37,3]",0.128,0.334126935562941,0,0,0,0,1,1.0005480865892,4500,1,1
"z[38,3]",0.044,0.205117892035902,0,0,0,0,1,0.99983398176481,4500,1,1
"z[39,3]",1,0,1,1,1,1,1,NA,1,0,1
"z[40,3]",1,0,1,1,1,1,1,NA,1,0,1
"z[41,3]",0,0,0,0,0,0,0,NA,1,1,1
"z[42,3]",0,0,0,0,0,0,0,NA,1,1,1
"z[43,3]",0.00466666666666667,0.0681609955608629,0,0,0,0,0,1.01312583228194,4500,1,1
"z[44,3]",0.000888888888888889,0.0298042977535084,0,0,0,0,0,1.10540023626025,4497,1,1
"z[45,3]",0.0604444444444444,0.238334925238366,0,0,0,0,1,1.00171017787468,4292,1,1
"z[46,3]",0.00577777777777778,0.0758002102747823,0,0,0,0,0,1.00925930386255,4500,1,1
"z[47,3]",0,0,0,0,0,0,0,NA,1,1,1
"z[48,3]",0,0,0,0,0,0,0,NA,1,1,1
"z[49,3]",0,0,0,0,0,0,0,NA,1,1,1
"z[50,3]",0,0,0,0,0,0,0,NA,1,1,1
"z[51,3]",0,0,0,0,0,0,0,NA,1,1,1
"z[52,3]",0,0,0,0,0,0,0,NA,1,1,1
"z[53,3]",0,0,0,0,0,0,0,NA,1,1,1
"z[54,3]",0,0,0,0,0,0,0,NA,1,1,1
"z[55,3]",0,0,0,0,0,0,0,NA,1,1,1
"z[56,3]",0,0,0,0,0,0,0,NA,1,1,1
"z[57,3]",1,0,1,1,1,1,1,NA,1,0,1
"z[58,3]",1,0,1,1,1,1,1,NA,1,0,1
"z[59,3]",0.0215555555555556,0.14524324938423,0,0,0,0,0,1.00402854049142,4500,1,1
"z[60,3]",0.00177777777777778,0.0421308880870312,0,0,0,0,0,1.05041941929871,4500,1,1
"z[61,3]",0,0,0,0,0,0,0,NA,1,1,1
"z[62,3]",0,0,0,0,0,0,0,NA,1,1,1
"z[63,3]",0,0,0,0,0,0,0,NA,1,1,1
"z[64,3]",0,0,0,0,0,0,0,NA,1,1,1
"z[65,3]",0,0,0,0,0,0,0,NA,1,1,1
"z[66,3]",0,0,0,0,0,0,0,NA,1,1,1
"z[67,3]",0,0,0,0,0,0,0,NA,1,1,1
"z[68,3]",0,0,0,0,0,0,0,NA,1,1,1
"z[69,3]",1,0,1,1,1,1,1,NA,1,0,1
"z[70,3]",0.0617777777777778,0.240778252960813,0,0,0,0,1,1.00314847300068,2472,1,1
"z[71,3]",1,0,1,1,1,1,1,NA,1,0,1
"z[72,3]",1,0,1,1,1,1,1,NA,1,0,1
"z[73,3]",0.000444444444444444,0.0210795079890303,0,0,0,0,0,1.2913045102833,2250,1,1
"z[74,3]",0.00311111111111111,0.0556966916350484,0,0,0,0,0,1.04516835562949,3306,1,1
"z[75,3]",0.00577777777777778,0.0758002102747823,0,0,0,0,0,1.0114239811351,4500,1,1
"z[76,3]",0.0146666666666667,0.120227982292648,0,0,0,0,0,1.00703241883159,4500,1,1
"z[77,3]",0.00133333333333333,0.0364945409967103,0,0,0,0,0,1.03900028931154,4500,1,1
"z[78,3]",0.0424444444444444,0.201623280764707,0,0,0,0,1,0.99968155156383,4500,1,1
"z[79,3]",0.0586666666666667,0.235025879030759,0,0,0,0,1,1.00071020018056,4500,1,1
"z[80,3]",0.0335555555555556,0.180102161070095,0,0,0,0,1,1.00201021426447,4500,1,1
"z[81,3]",0.0304444444444444,0.171825903655918,0,0,0,0,1,1.00139066239243,4500,1,1
"z[82,3]",1,0,1,1,1,1,1,NA,1,0,1
"z[83,3]",0.0653333333333333,0.247140571093493,0,0,0,0,1,1.0000434418218,4500,1,1
"z[84,3]",0.00666666666666667,0.0813860808385347,0,0,0,0,0,1.00135104912971,4500,1,1
"z[85,3]",0.0431111111111111,0.203129792200249,0,0,0,0,1,0.99972464048182,4500,1,1
"z[86,3]",0.016,0.125489041132367,0,0,0,0,0,1.00175297194104,4500,1,1
"z[87,3]",0.00822222222222222,0.0903129549063228,0,0,0,0,0,1.00445707038135,4500,1,1
"z[88,3]",0.00622222222222222,0.0786440117920529,0,0,0,0,0,1.00031165278971,4500,1,1
"z[89,3]",1,0,1,1,1,1,1,NA,1,0,1
"z[90,3]",0.0326666666666667,0.177782392941008,0,0,0,0,1,0.999740762639162,4500,1,1
"z[91,3]",0,0,0,0,0,0,0,NA,1,1,1
"z[92,3]",0,0,0,0,0,0,0,NA,1,1,1
"z[93,3]",0,0,0,0,0,0,0,NA,1,1,1
"z[94,3]",0,0,0,0,0,0,0,NA,1,1,1
"z[95,3]",0.0215555555555556,0.14524324938423,0,0,0,0,0,1.01154129021289,1969,1,1
"z[96,3]",0.753333333333333,0.431118922372735,0,1,1,1,1,0.999711662066938,4500,1,1
"z[97,3]",1,0,1,1,1,1,1,NA,1,0,1
"z[98,3]",0.185333333333333,0.388610921802413,0,0,0,0,1,1.0002923003801,4500,1,1
"z[99,3]",0.00466666666666667,0.0681609955608629,0,0,0,0,0,1.00308166426605,4500,1,1
"z[100,3]",0.0317777777777778,0.175427447850631,0,0,0,0,1,1.00350894084527,4211,1,1
"z[101,3]",0.00777777777777778,0.0878578356425394,0,0,0,0,0,1.00255511888222,4500,1,1
"z[102,3]",0,0,0,0,0,0,0,NA,1,1,1
"z[103,3]",0,0,0,0,0,0,0,NA,1,1,1
"z[104,3]",0.0151111111111111,0.1220084974435,0,0,0,0,0,1.00310242899017,4500,1,1
"z[105,3]",0.0342222222222222,0.181819713016199,0,0,0,0,1,0.999689209479579,4500,1,1
"z[106,3]",0,0,0,0,0,0,0,NA,1,1,1
"z[107,3]",0,0,0,0,0,0,0,NA,1,1,1
"z[108,3]",0,0,0,0,0,0,0,NA,1,1,1
"z[109,3]",0,0,0,0,0,0,0,NA,1,1,1
"z[110,3]",0,0,0,0,0,0,0,NA,1,1,1
"z[111,3]",0,0,0,0,0,0,0,NA,1,1,1
"z[112,3]",0,0,0,0,0,0,0,NA,1,1,1
"z[113,3]",0,0,0,0,0,0,0,NA,1,1,1
"z[114,3]",0.004,0.0631259497363628,0,0,0,0,0,1.00430023712846,4500,1,1
"z[115,3]",0.00555555555555556,0.0743365276300976,0,0,0,0,0,1.01469994118345,4500,1,1
"z[116,3]",0.006,0.0772355205065475,0,0,0,0,0,1.00174217521195,4500,1,1
"z[117,3]",1,0,1,1,1,1,1,NA,1,0,1
"z[118,3]",0.000888888888888889,0.0298042977535084,0,0,0,0,0,1.02957562893154,4500,1,1
"z[119,3]",0.00333333333333333,0.0576451269226114,0,0,0,0,0,1.00631011246591,4500,1,1
"z[120,3]",0.00222222222222222,0.0470932775447189,0,0,0,0,0,1.03308734033364,4500,1,1
"z[121,3]",0.00177777777777778,0.0421308880870312,0,0,0,0,0,1.05041941929871,4500,1,1
"z[122,3]",0,0,0,0,0,0,0,NA,1,1,1
"z[123,3]",0,0,0,0,0,0,0,NA,1,1,1
"z[124,3]",0,0,0,0,0,0,0,NA,1,1,1
"z[125,3]",0.983555555555556,0.127191272176836,1,1,1,1,1,1.01801067478864,1647,0,1
"z[126,3]",1,0,1,1,1,1,1,NA,1,0,1
"z[127,3]",0,0,0,0,0,0,0,NA,1,1,1
"z[128,3]",0,0,0,0,0,0,0,NA,1,1,1
"z[129,3]",0,0,0,0,0,0,0,NA,1,1,1
"z[130,3]",0,0,0,0,0,0,0,NA,1,1,1
"z[131,3]",0.46,0.498452818498796,0,0,0,1,1,0.999991968038015,4500,1,1
"z[132,3]",0.519111111111111,0.499690156151589,0,0,1,1,1,0.999919096597836,4500,1,1
"z[133,3]",0.545111111111111,0.498016167641992,0,0,1,1,1,0.999705550503456,4500,1,1
"z[134,3]",0,0,0,0,0,0,0,NA,1,1,1
"z[135,3]",0,0,0,0,0,0,0,NA,1,1,1
"z[136,3]",0,0,0,0,0,0,0,NA,1,1,1
"z[137,3]",0,0,0,0,0,0,0,NA,1,1,1
"z[138,3]",0.00177777777777778,0.0421308880870312,0,0,0,0,0,1.007413097858,4500,1,1
"z[139,3]",0.000222222222222222,0.0149071198499986,0,0,0,0,0,1.29093398298233,4500,1,1
"z[140,3]",0.00733333333333333,0.0853297931213479,0,0,0,0,0,1.02521856695679,2587,1,1
"z[141,3]",0.00133333333333333,0.0364945409967103,0,0,0,0,0,1.03900028931154,4500,1,1
"z[142,3]",0,0,0,0,0,0,0,NA,1,1,1
"z[143,3]",0,0,0,0,0,0,0,NA,1,1,1
"z[144,3]",0,0,0,0,0,0,0,NA,1,1,1
"z[145,3]",0.696888888888889,0.459653909941761,0,0,1,1,1,0.999866539702677,4500,1,1
"z[146,3]",0.456222222222222,0.498135170505595,0,0,0,1,1,1.00010301952482,4500,1,1
"z[147,3]",0.0868888888888889,0.281703469504598,0,0,0,0,1,1.00085855694944,4500,1,1
"z[148,3]",0.0411111111111111,0.198569256988457,0,0,0,0,1,1.00073046127703,4500,1,1
"z[149,3]",0.00511111111111111,0.071317023933587,0,0,0,0,0,1.04594981281862,1981,1,1
"z[150,3]",0.000888888888888889,0.0298042977535084,0,0,0,0,0,1.16587551740291,2570,1,1
"z[151,3]",0.00422222222222222,0.0648485125458765,0,0,0,0,0,1.02131477473641,4500,1,1
"z[152,3]",0.000444444444444444,0.0210795079890303,0,0,0,0,0,1.2913045102833,2250,1,1
"z[153,3]",0.0964444444444444,0.295232591318208,0,0,0,0,1,1.00064476893174,4500,1,1
"z[154,3]",0.0648888888888889,0.246357074296865,0,0,0,0,1,1.00299529375328,2463,1,1
"z[155,3]",1,0,1,1,1,1,1,NA,1,0,1
"z[156,3]",1,0,1,1,1,1,1,NA,1,0,1
"z[157,3]",1,0,1,1,1,1,1,NA,1,0,1
"z[158,3]",0.00311111111111111,0.0556966916350484,0,0,0,0,0,1.00222267416305,4500,1,1
"z[159,3]",0.0157777777777778,0.124628612791859,0,0,0,0,0,1.00404544667696,4500,1,1
"z[160,3]",0.000888888888888889,0.0298042977535084,0,0,0,0,0,1.16587551740291,2570,1,1
"z[161,3]",0.0246666666666667,0.155124368434336,0,0,0,0,0,1.00815479045497,2425,1,1
"z[162,3]",0.012,0.108897361089598,0,0,0,0,0,1.00645404186309,4500,1,1
"z[163,3]",0.022,0.146699633251375,0,0,0,0,0,1.0007840421433,4500,1,1
"z[164,3]",0.00444444444444444,0.0665257457028688,0,0,0,0,0,1.01567977518289,4500,1,1
"z[165,3]",0.0115555555555556,0.106885749673393,0,0,0,0,0,1.01866058789126,2247,1,1
"z[166,3]",0.00622222222222222,0.0786440117920529,0,0,0,0,0,1.00984922977106,4500,1,1
"z[167,3]",0.0297777777777778,0.169992598048771,0,0,0,0,1,1.00375090377921,4210,1,1
"z[168,3]",0.0266666666666667,0.161125183440798,0,0,0,0,1,0.999776511670768,4500,1,1
"z[169,3]",0.0213333333333333,0.14450904074975,0,0,0,0,0,1.00321516917514,4500,1,1
"z[170,3]",0.00222222222222222,0.0470932775447189,0,0,0,0,0,1.00465090130556,4500,1,1
"z[171,3]",0.242444444444444,0.428609331850102,0,0,0,0,1,1.00000605829174,4500,1,1
"z[172,3]",0.488222222222222,0.499916814102062,0,0,0,1,1,0.999829553672374,4500,1,1
"z[173,3]",0.420444444444444,0.493685197983452,0,0,0,1,1,0.999849107316856,4500,1,1
"z[174,3]",0.984444444444444,0.123761803562895,1,1,1,1,1,1.00416086184979,4500,0,1
"z[175,3]",1,0,1,1,1,1,1,NA,1,0,1
"z[176,3]",1,0,1,1,1,1,1,NA,1,0,1
"z[177,3]",1,0,1,1,1,1,1,NA,1,0,1
"z[178,3]",0,0,0,0,0,0,0,NA,1,1,1
"z[179,3]",0,0,0,0,0,0,0,NA,1,1,1
"z[180,3]",0,0,0,0,0,0,0,NA,1,1,1
"z[181,3]",0,0,0,0,0,0,0,NA,1,1,1
"z[182,3]",0,0,0,0,0,0,0,NA,1,1,1
"z[183,3]",0,0,0,0,0,0,0,NA,1,1,1
"z[184,3]",0,0,0,0,0,0,0,NA,1,1,1
"z[185,3]",0,0,0,0,0,0,0,NA,1,1,1
"z[1,4]",1,0,1,1,1,1,1,NA,1,0,1
"z[2,4]",1,0,1,1,1,1,1,NA,1,0,1
"z[3,4]",1,0,1,1,1,1,1,NA,1,0,1
"z[4,4]",1,0,1,1,1,1,1,NA,1,0,1
"z[5,4]",0.336222222222222,0.472468459669981,0,0,0,1,1,1.00025398298018,3821,1,1
"z[6,4]",0.0697777777777778,0.254800445248467,0,0,0,0,1,0.999813150498089,4500,1,1
"z[7,4]",0.0177777777777778,0.132157518294075,0,0,0,0,0,1.0313278256177,866,1,1
"z[8,4]",0.000444444444444444,0.0210795079890303,0,0,0,0,0,1.2913045102833,2250,1,1
"z[9,4]",0,0,0,0,0,0,0,NA,1,1,1
"z[10,4]",0,0,0,0,0,0,0,NA,1,1,1
"z[11,4]",0,0,0,0,0,0,0,NA,1,1,1
"z[12,4]",0,0,0,0,0,0,0,NA,1,1,1
"z[13,4]",0,0,0,0,0,0,0,NA,1,1,1
"z[14,4]",0,0,0,0,0,0,0,NA,1,1,1
"z[15,4]",0.000666666666666667,0.0258141493083176,0,0,0,0,0,NA,4500,1,1
"z[16,4]",0.00111111111111111,0.033318511930496,0,0,0,0,0,1.07137218653062,4500,1,1
"z[17,4]",0.000666666666666667,0.0258141493083176,0,0,0,0,0,NA,4500,1,1
"z[18,4]",0.00177777777777778,0.0421308880870312,0,0,0,0,0,1.05041941929871,4500,1,1
"z[19,4]",0.00133333333333333,0.0364945409967103,0,0,0,0,0,1.03900028931154,4500,1,1
"z[20,4]",0.00133333333333333,0.0364945409967103,0,0,0,0,0,1.1055143248586,2997,1,1
"z[21,4]",0.00488888888888889,0.069757214702053,0,0,0,0,0,1.012956392308,4500,1,1
"z[22,4]",0.0108888888888889,0.103791690054186,0,0,0,0,0,1.00745502402484,4500,1,1
"z[23,4]",0.0108888888888889,0.103791690054186,0,0,0,0,0,1.02570985614976,1718,1,1
"z[24,4]",0.00444444444444444,0.0665257457028688,0,0,0,0,0,1.05639538174787,1830,1,1
"z[25,4]",0.000666666666666667,0.0258141493083176,0,0,0,0,0,1.13377982835195,4498,1,1
"z[26,4]",0,0,0,0,0,0,0,NA,1,1,1
"z[27,4]",0,0,0,0,0,0,0,NA,1,1,1
"z[28,4]",1,0,1,1,1,1,1,NA,1,0,1
"z[29,4]",1,0,1,1,1,1,1,NA,1,0,1
"z[30,4]",0.000222222222222222,0.0149071198499986,0,0,0,0,0,1.29093398298233,4500,1,1
"z[31,4]",0.00155555555555556,0.0394142235807543,0,0,0,0,0,1.06447893654775,4494,1,1
"z[32,4]",0,0,0,0,0,0,0,NA,1,1,1
"z[33,4]",0.00155555555555556,0.0394142235807543,0,0,0,0,0,1.06447893654775,4494,1,1
"z[34,4]",0.000888888888888889,0.0298042977535084,0,0,0,0,0,1.16587551740291,2570,1,1
"z[35,4]",0.000888888888888889,0.0298042977535084,0,0,0,0,0,1.10540023626025,4497,1,1
"z[36,4]",0.00177777777777778,0.0421308880870312,0,0,0,0,0,1.05041941929871,4500,1,1
"z[37,4]",1,0,1,1,1,1,1,NA,1,0,1
"z[38,4]",0.0577777777777778,0.233348680154498,0,0,0,0,1,1.00047457048625,4500,1,1
"z[39,4]",1,0,1,1,1,1,1,NA,1,0,1
"z[40,4]",1,0,1,1,1,1,1,NA,1,0,1
"z[41,4]",0,0,0,0,0,0,0,NA,1,1,1
"z[42,4]",0,0,0,0,0,0,0,NA,1,1,1
"z[43,4]",0.00111111111111111,0.033318511930496,0,0,0,0,0,1.01912206739455,4500,1,1
"z[44,4]",0.0175555555555556,0.13134379171788,0,0,0,0,0,0.999998273142619,4500,1,1
"z[45,4]",0.00244444444444444,0.0493863456663645,0,0,0,0,0,1.00379178827338,4500,1,1
"z[46,4]",0.00133333333333333,0.0364945409967103,0,0,0,0,0,1.03900028931154,4500,1,1
"z[47,4]",0,0,0,0,0,0,0,NA,1,1,1
"z[48,4]",0,0,0,0,0,0,0,NA,1,1,1
"z[49,4]",0,0,0,0,0,0,0,NA,1,1,1
"z[50,4]",0,0,0,0,0,0,0,NA,1,1,1
"z[51,4]",0,0,0,0,0,0,0,NA,1,1,1
"z[52,4]",0,0,0,0,0,0,0,NA,1,1,1
"z[53,4]",0,0,0,0,0,0,0,NA,1,1,1
"z[54,4]",0,0,0,0,0,0,0,NA,1,1,1
"z[55,4]",0,0,0,0,0,0,0,NA,1,1,1
"z[56,4]",0,0,0,0,0,0,0,NA,1,1,1
"z[57,4]",0.344222222222222,0.475166768674333,0,0,0,1,1,1.00251389060868,784,1,1
"z[58,4]",0.0397777777777778,0.195458425118277,0,0,0,0,1,1.00029203739604,4500,1,1
"z[59,4]",0.00666666666666667,0.0813860808385347,0,0,0,0,0,1.01937157805726,3726,1,1
"z[60,4]",0,0,0,0,0,0,0,NA,1,1,1
"z[61,4]",0,0,0,0,0,0,0,NA,1,1,1
"z[62,4]",0,0,0,0,0,0,0,NA,1,1,1
"z[63,4]",0,0,0,0,0,0,0,NA,1,1,1
"z[64,4]",0,0,0,0,0,0,0,NA,1,1,1
"z[65,4]",0,0,0,0,0,0,0,NA,1,1,1
"z[66,4]",0,0,0,0,0,0,0,NA,1,1,1
"z[67,4]",0,0,0,0,0,0,0,NA,1,1,1
"z[68,4]",0,0,0,0,0,0,0,NA,1,1,1
"z[69,4]",0.235111111111111,0.424115371696836,0,0,0,0,1,1.00263119772226,945,1,1
"z[70,4]",0.0406666666666667,0.19753875656879,0,0,0,0,1,1.00029899318723,4500,1,1
"z[71,4]",0.00777777777777778,0.0878578356425394,0,0,0,0,0,1.00132095025047,4500,1,1
"z[72,4]",0.760666666666667,0.426723978795057,0,1,1,1,1,1.00024597369184,4500,1,1
"z[73,4]",0.000444444444444444,0.0210795079890303,0,0,0,0,0,1.10528646876281,4500,1,1
"z[74,4]",0.000222222222222222,0.0149071198499986,0,0,0,0,0,1.29093398298233,4500,1,1
"z[75,4]",0.00111111111111111,0.033318511930496,0,0,0,0,0,1.01912206739455,4500,1,1
"z[76,4]",0.006,0.0772355205065475,0,0,0,0,0,1.01393057475345,4500,1,1
"z[77,4]",0.000666666666666667,0.0258141493083176,0,0,0,0,0,1.13377982835195,4498,1,1
"z[78,4]",0.000666666666666667,0.0258141493083176,0,0,0,0,0,1.13377982835195,4498,1,1
"z[79,4]",0.00177777777777778,0.0421308880870312,0,0,0,0,0,1.05041941929871,4500,1,1
"z[80,4]",0.03,0.170606178387604,0,0,0,0,1,1.00184681800622,4500,1,1
"z[81,4]",0.014,0.11750348180963,0,0,0,0,0,1.00314724351889,4500,1,1
"z[82,4]",1,0,1,1,1,1,1,NA,1,0,1
"z[83,4]",0.00177777777777778,0.0421308880870312,0,0,0,0,0,1.05041941929871,4500,1,1
"z[84,4]",0.00133333333333333,0.0364945409967103,0,0,0,0,0,1.1055143248586,2997,1,1
"z[85,4]",0.0131111111111111,0.113763288874888,0,0,0,0,0,1.00941986514647,3912,1,1
"z[86,4]",0.00444444444444444,0.0665257457028688,0,0,0,0,0,1.02280815119122,4500,1,1
"z[87,4]",0.002,0.0446815807032984,0,0,0,0,0,1.01775579934475,4500,1,1
"z[88,4]",0.00133333333333333,0.0364945409967103,0,0,0,0,0,1.03900028931154,4500,1,1
"z[89,4]",0.160888888888889,0.367469266471889,0,0,0,0,1,1.00090486623164,2986,1,1
"z[90,4]",0.0288888888888889,0.167512855228826,0,0,0,0,1,1.0008255523388,4500,1,1
"z[91,4]",0,0,0,0,0,0,0,NA,1,1,1
"z[92,4]",0,0,0,0,0,0,0,NA,1,1,1
"z[93,4]",0,0,0,0,0,0,0,NA,1,1,1
"z[94,4]",0,0,0,0,0,0,0,NA,1,1,1
"z[95,4]",0.00777777777777778,0.0878578356425394,0,0,0,0,0,1.00745153911102,4500,1,1
"z[96,4]",1,0,1,1,1,1,1,NA,1,0,1
"z[97,4]",0.0262222222222222,0.159813306406557,0,0,0,0,1,1.00432643588514,4171,1,1
"z[98,4]",1,0,1,1,1,1,1,NA,1,0,1
"z[99,4]",0.00133333333333333,0.0364945409967103,0,0,0,0,0,1.13404536757886,2248,1,1
"z[100,4]",0.0406666666666667,0.19753875656879,0,0,0,0,1,1.00068771515455,4500,1,1
"z[101,4]",0.000666666666666667,0.0258141493083176,0,0,0,0,0,1.13377982835195,4498,1,1
"z[102,4]",0,0,0,0,0,0,0,NA,1,1,1
"z[103,4]",0,0,0,0,0,0,0,NA,1,1,1
"z[104,4]",0.006,0.0772355205065475,0,0,0,0,0,1.00585337820555,4500,1,1
"z[105,4]",0.0328888888888889,0.17836557884435,0,0,0,0,1,1.00391001135436,3682,1,1
"z[106,4]",0,0,0,0,0,0,0,NA,1,1,1
"z[107,4]",0,0,0,0,0,0,0,NA,1,1,1
"z[108,4]",0,0,0,0,0,0,0,NA,1,1,1
"z[109,4]",0,0,0,0,0,0,0,NA,1,1,1
"z[110,4]",0,0,0,0,0,0,0,NA,1,1,1
"z[111,4]",0,0,0,0,0,0,0,NA,1,1,1
"z[112,4]",0,0,0,0,0,0,0,NA,1,1,1
"z[113,4]",0,0,0,0,0,0,0,NA,1,1,1
"z[114,4]",0.000888888888888889,0.0298042977535084,0,0,0,0,0,1.02957562893154,4500,1,1
"z[115,4]",0.00222222222222222,0.0470932775447189,0,0,0,0,0,1.03308734033364,4500,1,1
"z[116,4]",0.002,0.0446815807032984,0,0,0,0,0,1.01775579934475,4500,1,1
"z[117,4]",0.0111111111111111,0.104833661410201,0,0,0,0,0,1.00352924261491,4500,1,1
"z[118,4]",0,0,0,0,0,0,0,NA,1,1,1
"z[119,4]",0.000888888888888889,0.0298042977535084,0,0,0,0,0,1.02957562893154,4500,1,1
"z[120,4]",0.000666666666666667,0.0258141493083176,0,0,0,0,0,1.29167562882982,1500,1,1
"z[121,4]",0,0,0,0,0,0,0,NA,1,1,1
"z[122,4]",0,0,0,0,0,0,0,NA,1,1,1
"z[123,4]",0,0,0,0,0,0,0,NA,1,1,1
"z[124,4]",0,0,0,0,0,0,0,NA,1,1,1
"z[125,4]",1,0,1,1,1,1,1,NA,1,0,1
"z[126,4]",1,0,1,1,1,1,1,NA,1,0,1
"z[127,4]",0,0,0,0,0,0,0,NA,1,1,1
"z[128,4]",0,0,0,0,0,0,0,NA,1,1,1
"z[129,4]",0,0,0,0,0,0,0,NA,1,1,1
"z[130,4]",0,0,0,0,0,0,0,NA,1,1,1
"z[131,4]",0.364222222222222,0.481264859774747,0,0,0,1,1,1.00035395163194,3150,1,1
"z[132,4]",0.369333333333333,0.482677941395735,0,0,0,1,1,1.00018704714211,4128,1,1
"z[133,4]",0.449333333333333,0.497481543574164,0,0,0,1,1,0.999929175995582,4500,1,1
"z[134,4]",0,0,0,0,0,0,0,NA,1,1,1
"z[135,4]",0,0,0,0,0,0,0,NA,1,1,1
"z[136,4]",0,0,0,0,0,0,0,NA,1,1,1
"z[137,4]",0,0,0,0,0,0,0,NA,1,1,1
"z[138,4]",0.000888888888888889,0.0298042977535084,0,0,0,0,0,1.02957562893154,4500,1,1
"z[139,4]",0,0,0,0,0,0,0,NA,1,1,1
"z[140,4]",0.00133333333333333,0.0364945409967103,0,0,0,0,0,1.1055143248586,2997,1,1
"z[141,4]",0.000222222222222222,0.0149071198499986,0,0,0,0,0,1.29093398298233,4500,1,1
"z[142,4]",0,0,0,0,0,0,0,NA,1,1,1
"z[143,4]",0,0,0,0,0,0,0,NA,1,1,1
"z[144,4]",0,0,0,0,0,0,0,NA,1,1,1
"z[145,4]",1,0,1,1,1,1,1,NA,1,0,1
"z[146,4]",1,0,1,1,1,1,1,NA,1,0,1
"z[147,4]",0.000888888888888889,0.0298042977535084,0,0,0,0,0,1.16587551740291,2570,1,1
"z[148,4]",0.00222222222222222,0.0470932775447189,0,0,0,0,0,1.12674655375613,1449,1,1
"z[149,4]",0.00755555555555556,0.0866033246050876,0,0,0,0,0,1.01174037116447,4500,1,1
"z[150,4]",0,0,0,0,0,0,0,NA,1,1,1
"z[151,4]",0.01,0.0995098009695405,0,0,0,0,0,1.02023056160032,2388,1,1
"z[152,4]",0,0,0,0,0,0,0,NA,1,1,1
"z[153,4]",0.000666666666666667,0.0258141493083176,0,0,0,0,0,NA,4500,1,1
"z[154,4]",0.00333333333333333,0.0576451269226114,0,0,0,0,0,1.00631011246591,4500,1,1
"z[155,4]",1,0,1,1,1,1,1,NA,1,0,1
"z[156,4]",0.113333333333333,0.317035052820037,0,0,0,0,1,1.00191695893653,2210,1,1
"z[157,4]",1,0,1,1,1,1,1,NA,1,0,1
"z[158,4]",0,0,0,0,0,0,0,NA,1,1,1
"z[159,4]",0.000888888888888889,0.0298042977535084,0,0,0,0,0,1.02957562893154,4500,1,1
"z[160,4]",0,0,0,0,0,0,0,NA,1,1,1
"z[161,4]",0.00488888888888889,0.069757214702053,0,0,0,0,0,1.0068913899778,4500,1,1
"z[162,4]",0.004,0.0631259497363628,0,0,0,0,0,1.00430023712846,4500,1,1
"z[163,4]",0.00911111111111111,0.0950268670194558,0,0,0,0,0,1.01420522347441,3732,1,1
"z[164,4]",0.000666666666666667,0.0258141493083176,0,0,0,0,0,1.13377982835195,4498,1,1
"z[165,4]",0.00444444444444444,0.0665257457028688,0,0,0,0,0,1.00092486880446,4500,1,1
"z[166,4]",0.00155555555555556,0.0394142235807543,0,0,0,0,0,1.03825136434619,4500,1,1
"z[167,4]",0.00355555555555556,0.0595289935189017,0,0,0,0,0,1.02429824061568,4500,1,1
"z[168,4]",0.00133333333333333,0.0364945409967103,0,0,0,0,0,1.03900028931154,4500,1,1
"z[169,4]",0.00155555555555556,0.0394142235807543,0,0,0,0,0,1.06447893654775,4494,1,1
"z[170,4]",0.00955555555555555,0.0972951722699289,0,0,0,0,0,1.02080267967745,2427,1,1
"z[171,4]",0.354444444444444,0.478397783242291,0,0,0,1,1,1.000150469634,4500,1,1
"z[172,4]",0.615111111111111,0.486623113690261,0,0,1,1,1,1.00001375206452,4500,1,1
"z[173,4]",0.560444444444444,0.496388179717821,0,0,1,1,1,0.999961175458902,4500,1,1
"z[174,4]",1,0,1,1,1,1,1,NA,1,0,1
"z[175,4]",1,0,1,1,1,1,1,NA,1,0,1
"z[176,4]",1,0,1,1,1,1,1,NA,1,0,1
"z[177,4]",1,0,1,1,1,1,1,NA,1,0,1
"z[178,4]",0,0,0,0,0,0,0,NA,1,1,1
"z[179,4]",0,0,0,0,0,0,0,NA,1,1,1
"z[180,4]",0,0,0,0,0,0,0,NA,1,1,1
"z[181,4]",0,0,0,0,0,0,0,NA,1,1,1
"z[182,4]",0,0,0,0,0,0,0,NA,1,1,1
"z[183,4]",0,0,0,0,0,0,0,NA,1,1,1
"z[184,4]",0,0,0,0,0,0,0,NA,1,1,1
"z[185,4]",0,0,0,0,0,0,0,NA,1,1,1
"z[1,5]",1,0,1,1,1,1,1,NA,1,0,1
"z[2,5]",1,0,1,1,1,1,1,NA,1,0,1
"z[3,5]",1,0,1,1,1,1,1,NA,1,0,1
"z[4,5]",1,0,1,1,1,1,1,NA,1,0,1
"z[5,5]",0.384222222222222,0.48646489558684,0,0,0,1,1,1.00033734127102,3155,1,1
"z[6,5]",0.0517777777777778,0.221602690281563,0,0,0,0,1,1.00029071291757,4500,1,1
"z[7,5]",0.0122222222222222,0.109888684384328,0,0,0,0,0,1.00085033132103,4500,1,1
"z[8,5]",0.000666666666666667,0.0258141493083176,0,0,0,0,0,1.29167562882982,1500,1,1
"z[9,5]",0,0,0,0,0,0,0,NA,1,1,1
"z[10,5]",0.000222222222222222,0.0149071198499986,0,0,0,0,0,1.29093398298233,4500,1,1
"z[11,5]",0,0,0,0,0,0,0,NA,1,1,1
"z[12,5]",0,0,0,0,0,0,0,NA,1,1,1
"z[13,5]",0,0,0,0,0,0,0,NA,1,1,1
"z[14,5]",0,0,0,0,0,0,0,NA,1,1,1
"z[15,5]",0,0,0,0,0,0,0,NA,1,1,1
"z[16,5]",0.00222222222222222,0.0470932775447189,0,0,0,0,0,1.03308734033364,4500,1,1
"z[17,5]",0,0,0,0,0,0,0,NA,1,1,1
"z[18,5]",0.0104444444444444,0.10167426066326,0,0,0,0,0,1.01612441585894,2868,1,1
"z[19,5]",0.000666666666666667,0.0258141493083176,0,0,0,0,0,1.29167562882982,1500,1,1
"z[20,5]",0.000666666666666667,0.0258141493083176,0,0,0,0,0,1.13377982835195,4498,1,1
"z[21,5]",0.00288888888888889,0.0536766566849176,0,0,0,0,0,1.01987494187977,4500,1,1
"z[22,5]",0.00422222222222222,0.0648485125458765,0,0,0,0,0,1.00520505959256,4500,1,1
"z[23,5]",0.00377777777777778,0.0613542394088465,0,0,0,0,0,1.00656868947539,4500,1,1
"z[24,5]",0.00177777777777778,0.0421308880870312,0,0,0,0,0,1.007413097858,4500,1,1
"z[25,5]",0,0,0,0,0,0,0,NA,1,1,1
"z[26,5]",0,0,0,0,0,0,0,NA,1,1,1
"z[27,5]",0,0,0,0,0,0,0,NA,1,1,1
"z[28,5]",1,0,1,1,1,1,1,NA,1,0,1
"z[29,5]",1,0,1,1,1,1,1,NA,1,0,1
"z[30,5]",0.00222222222222222,0.0470932775447189,0,0,0,0,0,1.03308734033364,4500,1,1
"z[31,5]",0.000222222222222222,0.0149071198499986,0,0,0,0,0,1.29093398298233,4500,1,1
"z[32,5]",0,0,0,0,0,0,0,NA,1,1,1
"z[33,5]",0,0,0,0,0,0,0,NA,1,1,1
"z[34,5]",0,0,0,0,0,0,0,NA,1,1,1
"z[35,5]",0,0,0,0,0,0,0,NA,1,1,1
"z[36,5]",0.000222222222222222,0.0149071198499986,0,0,0,0,0,1.29093398298233,4500,1,1
"z[37,5]",0.00288888888888889,0.0536766566849176,0,0,0,0,0,1.01987494187977,4500,1,1
"z[38,5]",0.00111111111111111,0.033318511930496,0,0,0,0,0,1.07137218653062,4500,1,1
"z[39,5]",1,0,1,1,1,1,1,NA,1,0,1
"z[40,5]",0.00222222222222222,0.0470932775447189,0,0,0,0,0,1.00465090130556,4500,1,1
"z[41,5]",0,0,0,0,0,0,0,NA,1,1,1
"z[42,5]",0,0,0,0,0,0,0,NA,1,1,1
"z[43,5]",0.000444444444444444,0.0210795079890303,0,0,0,0,0,1.10528646876281,4500,1,1
"z[44,5]",0,0,0,0,0,0,0,NA,1,1,1
"z[45,5]",0.00111111111111111,0.033318511930496,0,0,0,0,0,1.11603919183554,3212,1,1
"z[46,5]",0,0,0,0,0,0,0,NA,1,1,1
"z[47,5]",0,0,0,0,0,0,0,NA,1,1,1
"z[48,5]",0,0,0,0,0,0,0,NA,1,1,1
"z[49,5]",0,0,0,0,0,0,0,NA,1,1,1
"z[50,5]",0,0,0,0,0,0,0,NA,1,1,1
"z[51,5]",0,0,0,0,0,0,0,NA,1,1,1
"z[52,5]",0,0,0,0,0,0,0,NA,1,1,1
"z[53,5]",0,0,0,0,0,0,0,NA,1,1,1
"z[54,5]",0,0,0,0,0,0,0,NA,1,1,1
"z[55,5]",0,0,0,0,0,0,0,NA,1,1,1
"z[56,5]",0,0,0,0,0,0,0,NA,1,1,1
"z[57,5]",1,0,1,1,1,1,1,NA,1,0,1
"z[58,5]",0.0515555555555556,0.221152546426871,0,0,0,0,1,1.00312974524203,2939,1,1
"z[59,5]",0.0231111111111111,0.150273104306291,0,0,0,0,0,1.00604350600034,3438,1,1
"z[60,5]",0.0128888888888889,0.11280777163711,0,0,0,0,0,1.0043661917881,4500,1,1
"z[61,5]",0,0,0,0,0,0,0,NA,1,1,1
"z[62,5]",0,0,0,0,0,0,0,NA,1,1,1
"z[63,5]",0,0,0,0,0,0,0,NA,1,1,1
"z[64,5]",0,0,0,0,0,0,0,NA,1,1,1
"z[65,5]",0,0,0,0,0,0,0,NA,1,1,1
"z[66,5]",0,0,0,0,0,0,0,NA,1,1,1
"z[67,5]",0,0,0,0,0,0,0,NA,1,1,1
"z[68,5]",0,0,0,0,0,0,0,NA,1,1,1
"z[69,5]",1,0,1,1,1,1,1,NA,1,0,1
"z[70,5]",0.0455555555555556,0.208542349028494,0,0,0,0,1,0.999914660162383,4500,1,1
"z[71,5]",0,0,0,0,0,0,0,NA,1,1,1
"z[72,5]",1,0,1,1,1,1,1,NA,1,0,1
"z[73,5]",0.00777777777777778,0.0878578356425394,0,0,0,0,0,1.0194095252495,3190,1,1
"z[74,5]",0.0113333333333333,0.105864911172911,0,0,0,0,0,1.015263474112,2802,1,1
"z[75,5]",0.0162222222222222,0.126343218950737,0,0,0,0,0,1.0159942185012,1880,1,1
"z[76,5]",0.000444444444444444,0.0210795079890303,0,0,0,0,0,1.2913045102833,2250,1,1
"z[77,5]",0,0,0,0,0,0,0,NA,1,1,1
"z[78,5]",0,0,0,0,0,0,0,NA,1,1,1
"z[79,5]",0.000222222222222222,0.0149071198499986,0,0,0,0,0,1.29093398298233,4500,1,1
"z[80,5]",0.0213333333333333,0.14450904074975,0,0,0,0,0,1.0136902480889,1679,1,1
"z[81,5]",0.000888888888888889,0.0298042977535084,0,0,0,0,0,1.02957562893154,4500,1,1
"z[82,5]",1,0,1,1,1,1,1,NA,1,0,1
"z[83,5]",0.00622222222222222,0.0786440117920529,0,0,0,0,0,1.00223843908715,4500,1,1
"z[84,5]",0.000888888888888889,0.0298042977535084,0,0,0,0,0,1.10540023626025,4497,1,1
"z[85,5]",0.00155555555555556,0.0394142235807543,0,0,0,0,0,1.06447893654775,4494,1,1
"z[86,5]",0.000444444444444444,0.0210795079890303,0,0,0,0,0,1.2913045102833,2250,1,1
"z[87,5]",0.000666666666666667,0.0258141493083176,0,0,0,0,0,NA,4500,1,1
"z[88,5]",0.00155555555555556,0.0394142235807543,0,0,0,0,0,1.03825136434619,4500,1,1
"z[89,5]",0.00266666666666667,0.0515766100016907,0,0,0,0,0,1.02969958135743,4500,1,1
"z[90,5]",0.022,0.146699633251375,0,0,0,0,0,1.00174157835425,4500,1,1
"z[91,5]",0,0,0,0,0,0,0,NA,1,1,1
"z[92,5]",0,0,0,0,0,0,0,NA,1,1,1
"z[93,5]",0,0,0,0,0,0,0,NA,1,1,1
"z[94,5]",0,0,0,0,0,0,0,NA,1,1,1
"z[95,5]",0.00155555555555556,0.0394142235807543,0,0,0,0,0,1.11102922004619,2420,1,1
"z[96,5]",1,0,1,1,1,1,1,NA,1,0,1
"z[97,5]",0.0166666666666667,0.128033322512951,0,0,0,0,0,1.00971337318694,2991,1,1
"z[98,5]",1,0,1,1,1,1,1,NA,1,0,1
"z[99,5]",0.01,0.0995098009695405,0,0,0,0,0,1.00491306919603,4500,1,1
"z[100,5]",0.0115555555555556,0.106885749673393,0,0,0,0,0,0.999855785051379,4500,1,1
"z[101,5]",0,0,0,0,0,0,0,NA,1,1,1
"z[102,5]",0,0,0,0,0,0,0,NA,1,1,1
"z[103,5]",0,0,0,0,0,0,0,NA,1,1,1
"z[104,5]",0.00244444444444444,0.0493863456663645,0,0,0,0,0,1.02752607886309,4500,1,1
"z[105,5]",0.0282222222222222,0.165625554658784,0,0,0,0,1,1.00401407933238,4177,1,1
"z[106,5]",0,0,0,0,0,0,0,NA,1,1,1
"z[107,5]",0,0,0,0,0,0,0,NA,1,1,1
"z[108,5]",0,0,0,0,0,0,0,NA,1,1,1
"z[109,5]",0,0,0,0,0,0,0,NA,1,1,1
"z[110,5]",0,0,0,0,0,0,0,NA,1,1,1
"z[111,5]",0,0,0,0,0,0,0,NA,1,1,1
"z[112,5]",0,0,0,0,0,0,0,NA,1,1,1
"z[113,5]",0,0,0,0,0,0,0,NA,1,1,1
"z[114,5]",0,0,0,0,0,0,0,NA,1,1,1
"z[115,5]",0,0,0,0,0,0,0,NA,1,1,1
"z[116,5]",0.000222222222222222,0.0149071198499986,0,0,0,0,0,1.29093398298233,4500,1,1
"z[117,5]",0.000222222222222222,0.0149071198499986,0,0,0,0,0,1.29093398298233,4500,1,1
"z[118,5]",0,0,0,0,0,0,0,NA,1,1,1
"z[119,5]",0.000222222222222222,0.0149071198499986,0,0,0,0,0,1.29093398298233,4500,1,1
"z[120,5]",0.000222222222222222,0.0149071198499986,0,0,0,0,0,1.29093398298233,4500,1,1
"z[121,5]",0,0,0,0,0,0,0,NA,1,1,1
"z[122,5]",0,0,0,0,0,0,0,NA,1,1,1
"z[123,5]",0,0,0,0,0,0,0,NA,1,1,1
"z[124,5]",0,0,0,0,0,0,0,NA,1,1,1
"z[125,5]",1,0,1,1,1,1,1,NA,1,0,1
"z[126,5]",1,0,1,1,1,1,1,NA,1,0,1
"z[127,5]",0,0,0,0,0,0,0,NA,1,1,1
"z[128,5]",0,0,0,0,0,0,0,NA,1,1,1
"z[129,5]",0,0,0,0,0,0,0,NA,1,1,1
"z[130,5]",0,0,0,0,0,0,0,NA,1,1,1
"z[131,5]",0.359333333333333,0.479858373564228,0,0,0,1,1,0.999756047512898,4500,1,1
"z[132,5]",0.306666666666667,0.461161015380892,0,0,0,1,1,0.999727185762314,4500,1,1
"z[133,5]",0.457333333333333,0.498231591557988,0,0,0,1,1,1.00006474950775,4500,1,1
"z[134,5]",0,0,0,0,0,0,0,NA,1,1,1
"z[135,5]",0,0,0,0,0,0,0,NA,1,1,1
"z[136,5]",0,0,0,0,0,0,0,NA,1,1,1
"z[137,5]",0,0,0,0,0,0,0,NA,1,1,1
"z[138,5]",0,0,0,0,0,0,0,NA,1,1,1
"z[139,5]",0,0,0,0,0,0,0,NA,1,1,1
"z[140,5]",0.000444444444444444,0.0210795079890303,0,0,0,0,0,1.10528646876281,4500,1,1
"z[141,5]",0,0,0,0,0,0,0,NA,1,1,1
"z[142,5]",0,0,0,0,0,0,0,NA,1,1,1
"z[143,5]",0,0,0,0,0,0,0,NA,1,1,1
"z[144,5]",0,0,0,0,0,0,0,NA,1,1,1
"z[145,5]",1,0,1,1,1,1,1,NA,1,0,1
"z[146,5]",0.00266666666666667,0.0515766100016907,0,0,0,0,0,1.0391172209852,4489,1,1
"z[147,5]",0.000222222222222222,0.0149071198499986,0,0,0,0,0,1.29093398298233,4500,1,1
"z[148,5]",0,0,0,0,0,0,0,NA,1,1,1
"z[149,5]",0.000888888888888889,0.0298042977535084,0,0,0,0,0,1.02957562893154,4500,1,1
"z[150,5]",0,0,0,0,0,0,0,NA,1,1,1
"z[151,5]",0.000222222222222222,0.0149071198499986,0,0,0,0,0,1.29093398298233,4500,1,1
"z[152,5]",0,0,0,0,0,0,0,NA,1,1,1
"z[153,5]",0,0,0,0,0,0,0,NA,1,1,1
"z[154,5]",0.000222222222222222,0.0149071198499986,0,0,0,0,0,1.29093398298233,4500,1,1
"z[155,5]",1,0,1,1,1,1,1,NA,1,0,1
"z[156,5]",1,0,1,1,1,1,1,NA,1,0,1
"z[157,5]",1,0,1,1,1,1,1,NA,1,0,1
"z[158,5]",0.000222222222222222,0.0149071198499986,0,0,0,0,0,1.29093398298233,4500,1,1
"z[159,5]",0.002,0.0446815807032984,0,0,0,0,0,1.01775579934475,4500,1,1
"z[160,5]",0.000222222222222222,0.0149071198499986,0,0,0,0,0,1.29093398298233,4500,1,1
"z[161,5]",0.002,0.0446815807032984,0,0,0,0,0,0.999666611092585,4500,1,1
"z[162,5]",0.00111111111111111,0.033318511930496,0,0,0,0,0,1.11603919183554,3212,1,1
"z[163,5]",0.0311111111111111,0.173637293967947,0,0,0,0,1,1.00407695951369,3746,1,1
"z[164,5]",0.000444444444444444,0.0210795079890303,0,0,0,0,0,1.2913045102833,2250,1,1
"z[165,5]",0.002,0.0446815807032984,0,0,0,0,0,1.01775579934475,4500,1,1
"z[166,5]",0.00133333333333333,0.0364945409967103,0,0,0,0,0,1.10559375176454,2997,1,1
"z[167,5]",0.00155555555555556,0.0394142235807543,0,0,0,0,0,1.03825136434619,4500,1,1
"z[168,5]",0.00488888888888889,0.069757214702053,0,0,0,0,0,1.0068913899778,4500,1,1
"z[169,5]",0,0,0,0,0,0,0,NA,1,1,1
"z[170,5]",0.244444444444444,0.429805083347423,0,0,0,0,1,1.00081369362293,2370,1,1
"z[171,5]",0.482,0.499731423754776,0,0,0,1,1,0.999739088109414,4500,1,1
"z[172,5]",0.724666666666667,0.446731728902657,0,0,1,1,1,1.00031572604489,3860,1,1
"z[173,5]",0.680444444444444,0.46635622989877,0,0,1,1,1,1.00007591956274,4500,1,1
"z[174,5]",1,0,1,1,1,1,1,NA,1,0,1
"z[175,5]",1,0,1,1,1,1,1,NA,1,0,1
"z[176,5]",1,0,1,1,1,1,1,NA,1,0,1
"z[177,5]",1,0,1,1,1,1,1,NA,1,0,1
"z[178,5]",0,0,0,0,0,0,0,NA,1,1,1
"z[179,5]",0,0,0,0,0,0,0,NA,1,1,1
"z[180,5]",0,0,0,0,0,0,0,NA,1,1,1
"z[181,5]",0,0,0,0,0,0,0,NA,1,1,1
"z[182,5]",0,0,0,0,0,0,0,NA,1,1,1
"z[183,5]",0,0,0,0,0,0,0,NA,1,1,1
"z[184,5]",0,0,0,0,0,0,0,NA,1,1,1
"z[185,5]",0,0,0,0,0,0,0,NA,1,1,1
"z[1,6]",1,0,1,1,1,1,1,NA,1,0,1
"z[2,6]",1,0,1,1,1,1,1,NA,1,0,1
"z[3,6]",0.0413333333333333,0.199082134750893,0,0,0,0,1,1.00056089899769,4500,1,1
"z[4,6]",1,0,1,1,1,1,1,NA,1,0,1
"z[5,6]",0.535777777777778,0.498773730265155,0,0,1,1,1,1.00141351123775,1155,1,1
"z[6,6]",0.0511111111111111,0.220248825947067,0,0,0,0,1,1.00011800060021,4500,1,1
"z[7,6]",0.00133333333333333,0.0364945409967103,0,0,0,0,0,1.10559375176454,2997,1,1
"z[8,6]",0.000222222222222222,0.0149071198499986,0,0,0,0,0,1.29093398298233,4500,1,1
"z[9,6]",0,0,0,0,0,0,0,NA,1,1,1
"z[10,6]",0.00111111111111111,0.033318511930496,0,0,0,0,0,1.01912206739455,4500,1,1
"z[11,6]",0,0,0,0,0,0,0,NA,1,1,1
"z[12,6]",0,0,0,0,0,0,0,NA,1,1,1
"z[13,6]",0,0,0,0,0,0,0,NA,1,1,1
"z[14,6]",0,0,0,0,0,0,0,NA,1,1,1
"z[15,6]",0,0,0,0,0,0,0,NA,1,1,1
"z[16,6]",0.0633333333333333,0.243588603732636,0,0,0,0,1,1.00201351973731,3576,1,1
"z[17,6]",0.000666666666666667,0.0258141493083176,0,0,0,0,0,1.13377982835195,4498,1,1
"z[18,6]",0.0275555555555556,0.163713783655141,0,0,0,0,1,1.00073156378949,4500,1,1
"z[19,6]",0.00444444444444444,0.0665257457028688,0,0,0,0,0,1.06887348863428,1470,1,1
"z[20,6]",0.00133333333333333,0.0364945409967103,0,0,0,0,0,1.13404536757886,2248,1,1
"z[21,6]",0.103333333333333,0.304427578014234,0,0,0,0,1,0.999804607487984,4500,1,1
"z[22,6]",0.00555555555555556,0.0743365276300976,0,0,0,0,0,1.05414051552231,1534,1,1
"z[23,6]",0.00244444444444444,0.0493863456663645,0,0,0,0,0,1.015878473234,4500,1,1
"z[24,6]",0.000888888888888889,0.0298042977535084,0,0,0,0,0,1.16587551740291,2570,1,1
"z[25,6]",0.00288888888888889,0.0536766566849176,0,0,0,0,0,1.00262879405446,4500,1,1
"z[26,6]",0.000666666666666667,0.0258141493083176,0,0,0,0,0,NA,4500,1,1
"z[27,6]",0,0,0,0,0,0,0,NA,1,1,1
"z[28,6]",1,0,1,1,1,1,1,NA,1,0,1
"z[29,6]",1,0,1,1,1,1,1,NA,1,0,1
"z[30,6]",0,0,0,0,0,0,0,NA,1,1,1
"z[31,6]",0.000444444444444444,0.0210795079890303,0,0,0,0,0,1.10528646876281,4500,1,1
"z[32,6]",0,0,0,0,0,0,0,NA,1,1,1
"z[33,6]",0.000222222222222222,0.0149071198499986,0,0,0,0,0,1.29093398298233,4500,1,1
"z[34,6]",0,0,0,0,0,0,0,NA,1,1,1
"z[35,6]",0,0,0,0,0,0,0,NA,1,1,1
"z[36,6]",0,0,0,0,0,0,0,NA,1,1,1
"z[37,6]",0.004,0.0631259497363628,0,0,0,0,0,1.00430023712846,4500,1,1
"z[38,6]",0.0108888888888889,0.103791690054186,0,0,0,0,0,1.03043924697051,1445,1,1
"z[39,6]",1,0,1,1,1,1,1,NA,1,0,1
"z[40,6]",0.00288888888888889,0.0536766566849176,0,0,0,0,0,1.00262879405446,4500,1,1
"z[41,6]",0,0,0,0,0,0,0,NA,1,1,1
"z[42,6]",0,0,0,0,0,0,0,NA,1,1,1
"z[43,6]",0.000222222222222222,0.0149071198499986,0,0,0,0,0,1.29093398298233,4500,1,1
"z[44,6]",0,0,0,0,0,0,0,NA,1,1,1
"z[45,6]",0.000666666666666667,0.0258141493083176,0,0,0,0,0,1.29167562882982,1500,1,1
"z[46,6]",0.00111111111111111,0.033318511930496,0,0,0,0,0,1.07137218653062,4500,1,1
"z[47,6]",0,0,0,0,0,0,0,NA,1,1,1
"z[48,6]",0,0,0,0,0,0,0,NA,1,1,1
"z[49,6]",0,0,0,0,0,0,0,NA,1,1,1
"z[50,6]",0,0,0,0,0,0,0,NA,1,1,1
"z[51,6]",0,0,0,0,0,0,0,NA,1,1,1
"z[52,6]",0,0,0,0,0,0,0,NA,1,1,1
"z[53,6]",0,0,0,0,0,0,0,NA,1,1,1
"z[54,6]",0,0,0,0,0,0,0,NA,1,1,1
"z[55,6]",0,0,0,0,0,0,0,NA,1,1,1
"z[56,6]",0,0,0,0,0,0,0,NA,1,1,1
"z[57,6]",0.938222222222222,0.240778252960813,0,1,1,1,1,1.00022492173375,4500,1,1
"z[58,6]",1,0,1,1,1,1,1,NA,1,0,1
"z[59,6]",0.0268888888888889,0.161776674693452,0,0,0,0,1,1.00591942583904,3029,1,1
"z[60,6]",0.00711111111111111,0.0840363764582043,0,0,0,0,0,1.00894651673936,4500,1,1
"z[61,6]",0,0,0,0,0,0,0,NA,1,1,1
"z[62,6]",0,0,0,0,0,0,0,NA,1,1,1
"z[63,6]",0,0,0,0,0,0,0,NA,1,1,1
"z[64,6]",0,0,0,0,0,0,0,NA,1,1,1
"z[65,6]",0,0,0,0,0,0,0,NA,1,1,1
"z[66,6]",0,0,0,0,0,0,0,NA,1,1,1
"z[67,6]",0,0,0,0,0,0,0,NA,1,1,1
"z[68,6]",0,0,0,0,0,0,0,NA,1,1,1
"z[69,6]",1,0,1,1,1,1,1,NA,1,0,1
"z[70,6]",0.452,0.497745975162206,0,0,0,1,1,0.999845360686375,4500,1,1
"z[71,6]",0.00177777777777778,0.0421308880870312,0,0,0,0,0,1.007413097858,4500,1,1
"z[72,6]",1,0,1,1,1,1,1,NA,1,0,1
"z[73,6]",0.000222222222222222,0.0149071198499986,0,0,0,0,0,1.29093398298233,4500,1,1
"z[74,6]",0,0,0,0,0,0,0,NA,1,1,1
"z[75,6]",0.0253333333333333,0.15715293120877,0,0,0,0,1,1.00051542598914,4500,1,1
"z[76,6]",0.000888888888888889,0.0298042977535084,0,0,0,0,0,1.29204734004362,1125,1,1
"z[77,6]",0,0,0,0,0,0,0,NA,1,1,1
"z[78,6]",0.000444444444444444,0.0210795079890303,0,0,0,0,0,1.2913045102833,2250,1,1
"z[79,6]",0,0,0,0,0,0,0,NA,1,1,1
"z[80,6]",0.0262222222222222,0.159813306406557,0,0,0,0,1,1.00027218782568,4500,1,1
"z[81,6]",0.038,0.191217481839897,0,0,0,0,1,1.00181986218183,4500,1,1
"z[82,6]",1,0,1,1,1,1,1,NA,1,0,1
"z[83,6]",1,0,1,1,1,1,1,NA,1,0,1
"z[84,6]",0.222,0.415637329729193,0,0,0,0,1,1.00042882731741,3799,1,1
"z[85,6]",0.218666666666667,0.413387869931969,0,0,0,0,1,0.999684374514018,4500,1,1
"z[86,6]",0.00222222222222222,0.0470932775447189,0,0,0,0,0,1.05921191003868,3455,1,1
"z[87,6]",0.000222222222222222,0.0149071198499986,0,0,0,0,0,1.29093398298233,4500,1,1
"z[88,6]",0.0273333333333333,0.163070940344369,0,0,0,0,1,1.00372678627318,4500,1,1
"z[89,6]",0.0231111111111111,0.150273104306291,0,0,0,0,0,1.0150610428323,1408,1,1
"z[90,6]",0.0246666666666667,0.155124368434336,0,0,0,0,0,1.00688669617427,2850,1,1
"z[91,6]",0,0,0,0,0,0,0,NA,1,1,1
"z[92,6]",0,0,0,0,0,0,0,NA,1,1,1
"z[93,6]",0,0,0,0,0,0,0,NA,1,1,1
"z[94,6]",0,0,0,0,0,0,0,NA,1,1,1
"z[95,6]",0.00355555555555556,0.0595289935189017,0,0,0,0,0,1.01316180066133,4500,1,1
"z[96,6]",1,0,1,1,1,1,1,NA,1,0,1
"z[97,6]",1,0,1,1,1,1,1,NA,1,0,1
"z[98,6]",1,0,1,1,1,1,1,NA,1,0,1
"z[99,6]",0.000666666666666667,0.0258141493083176,0,0,0,0,0,1.13377982835195,4498,1,1
"z[100,6]",0.00533333333333333,0.0728427622699364,0,0,0,0,0,1.03224110900926,2755,1,1
"z[101,6]",0.000222222222222222,0.0149071198499986,0,0,0,0,0,1.29093398298233,4500,1,1
"z[102,6]",0,0,0,0,0,0,0,NA,1,1,1
"z[103,6]",0,0,0,0,0,0,0,NA,1,1,1
"z[104,6]",0.00266666666666667,0.0515766100016907,0,0,0,0,0,1.0391172209852,4489,1,1
"z[105,6]",0.0411111111111111,0.198569256988457,0,0,0,0,1,1.00006378759635,4500,1,1
"z[106,6]",0,0,0,0,0,0,0,NA,1,1,1
"z[107,6]",0,0,0,0,0,0,0,NA,1,1,1
"z[108,6]",0,0,0,0,0,0,0,NA,1,1,1
"z[109,6]",0,0,0,0,0,0,0,NA,1,1,1
"z[110,6]",0,0,0,0,0,0,0,NA,1,1,1
"z[111,6]",0,0,0,0,0,0,0,NA,1,1,1
"z[112,6]",0,0,0,0,0,0,0,NA,1,1,1
"z[113,6]",0,0,0,0,0,0,0,NA,1,1,1
"z[114,6]",0.000444444444444444,0.0210795079890303,0,0,0,0,0,1.10528646876281,4500,1,1
"z[115,6]",0.00111111111111111,0.033318511930496,0,0,0,0,0,1.07137218653062,4500,1,1
"z[116,6]",0.000444444444444444,0.0210795079890303,0,0,0,0,0,1.2913045102833,2250,1,1
"z[117,6]",0.000222222222222222,0.0149071198499986,0,0,0,0,0,1.29093398298233,4500,1,1
"z[118,6]",0,0,0,0,0,0,0,NA,1,1,1
"z[119,6]",0.000222222222222222,0.0149071198499986,0,0,0,0,0,1.29093398298233,4500,1,1
"z[120,6]",0.000444444444444444,0.0210795079890303,0,0,0,0,0,1.10528646876281,4500,1,1
"z[121,6]",0.000444444444444444,0.0210795079890303,0,0,0,0,0,1.10528646876281,4500,1,1
"z[122,6]",0,0,0,0,0,0,0,NA,1,1,1
"z[123,6]",0,0,0,0,0,0,0,NA,1,1,1
"z[124,6]",0,0,0,0,0,0,0,NA,1,1,1
"z[125,6]",0.982222222222222,0.132157518294075,1,1,1,1,1,1.00071789145255,4500,0,1
"z[126,6]",1,0,1,1,1,1,1,NA,1,0,1
"z[127,6]",0,0,0,0,0,0,0,NA,1,1,1
"z[128,6]",0,0,0,0,0,0,0,NA,1,1,1
"z[129,6]",0,0,0,0,0,0,0,NA,1,1,1
"z[130,6]",0,0,0,0,0,0,0,NA,1,1,1
"z[131,6]",0.476888888888889,0.499521096378026,0,0,0,1,1,0.999744366083262,4500,1,1
"z[132,6]",0.275555555555556,0.446843442673997,0,0,0,1,1,0.999943987204067,4500,1,1
"z[133,6]",0.574444444444444,0.49448191147051,0,0,1,1,1,0.999836779864613,4500,1,1
"z[134,6]",0,0,0,0,0,0,0,NA,1,1,1
"z[135,6]",0,0,0,0,0,0,0,NA,1,1,1
"z[136,6]",0,0,0,0,0,0,0,NA,1,1,1
"z[137,6]",0,0,0,0,0,0,0,NA,1,1,1
"z[138,6]",0,0,0,0,0,0,0,NA,1,1,1
"z[139,6]",0,0,0,0,0,0,0,NA,1,1,1
"z[140,6]",0.00155555555555556,0.0394142235807543,0,0,0,0,0,1.15137489576351,1656,1,1
"z[141,6]",0,0,0,0,0,0,0,NA,1,1,1
"z[142,6]",0,0,0,0,0,0,0,NA,1,1,1
"z[143,6]",0,0,0,0,0,0,0,NA,1,1,1
"z[144,6]",0,0,0,0,0,0,0,NA,1,1,1
"z[145,6]",0.272888888888889,0.445493710914808,0,0,0,1,1,0.999960781359564,4500,1,1
"z[146,6]",0.000222222222222222,0.0149071198499986,0,0,0,0,0,1.29093398298233,4500,1,1
"z[147,6]",0,0,0,0,0,0,0,NA,1,1,1
"z[148,6]",0,0,0,0,0,0,0,NA,1,1,1
"z[149,6]",0.000222222222222222,0.0149071198499986,0,0,0,0,0,1.29093398298233,4500,1,1
"z[150,6]",0.000222222222222222,0.0149071198499986,0,0,0,0,0,1.29093398298233,4500,1,1
"z[151,6]",0.000666666666666667,0.0258141493083176,0,0,0,0,0,1.13377982835195,4498,1,1
"z[152,6]",0,0,0,0,0,0,0,NA,1,1,1
"z[153,6]",0.000222222222222222,0.0149071198499986,0,0,0,0,0,1.29093398298233,4500,1,1
"z[154,6]",0,0,0,0,0,0,0,NA,1,1,1
"z[155,6]",1,0,1,1,1,1,1,NA,1,0,1
"z[156,6]",1,0,1,1,1,1,1,NA,1,0,1
"z[157,6]",1,0,1,1,1,1,1,NA,1,0,1
"z[158,6]",0.000444444444444444,0.0210795079890303,0,0,0,0,0,1.10528646876281,4500,1,1
"z[159,6]",0.000444444444444444,0.0210795079890303,0,0,0,0,0,1.10528646876281,4500,1,1
"z[160,6]",0.000444444444444444,0.0210795079890303,0,0,0,0,0,1.2913045102833,2250,1,1
"z[161,6]",0.0891111111111111,0.284935717041694,0,0,0,0,1,1.00068099970173,4500,1,1
"z[162,6]",0.00222222222222222,0.0470932775447189,0,0,0,0,0,1.05921191003868,3455,1,1
"z[163,6]",0.006,0.0772355205065475,0,0,0,0,0,1.03712687561707,2120,1,1
"z[164,6]",0.000222222222222222,0.0149071198499986,0,0,0,0,0,1.29093398298233,4500,1,1
"z[165,6]",0.002,0.0446815807032984,0,0,0,0,0,1.01775579934475,4500,1,1
"z[166,6]",0.000888888888888889,0.0298042977535084,0,0,0,0,0,1.02957562893154,4500,1,1
"z[167,6]",0.0131111111111111,0.113763288874888,0,0,0,0,0,1.00420483763436,4500,1,1
"z[168,6]",0.000888888888888889,0.0298042977535084,0,0,0,0,0,1.02957562893154,4500,1,1
"z[169,6]",0.00288888888888889,0.0536766566849176,0,0,0,0,0,1.01987494187977,4500,1,1
"z[170,6]",1,0,1,1,1,1,1,NA,1,0,1
"z[171,6]",1,0,1,1,1,1,1,NA,1,0,1
"z[172,6]",1,0,1,1,1,1,1,NA,1,0,1
"z[173,6]",1,0,1,1,1,1,1,NA,1,0,1
"z[174,6]",1,0,1,1,1,1,1,NA,1,0,1
"z[175,6]",1,0,1,1,1,1,1,NA,1,0,1
"z[176,6]",0.992444444444444,0.0866033246050876,1,1,1,1,1,1.06889023641713,869,0,1
"z[177,6]",1,0,1,1,1,1,1,NA,1,0,1
"z[178,6]",0,0,0,0,0,0,0,NA,1,1,1
"z[179,6]",0,0,0,0,0,0,0,NA,1,1,1
"z[180,6]",0,0,0,0,0,0,0,NA,1,1,1
"z[181,6]",0,0,0,0,0,0,0,NA,1,1,1
"z[182,6]",0,0,0,0,0,0,0,NA,1,1,1
"z[183,6]",0,0,0,0,0,0,0,NA,1,1,1
"z[184,6]",0,0,0,0,0,0,0,NA,1,1,1
"z[185,6]",0,0,0,0,0,0,0,NA,1,1,1
"z[1,7]",1,0,1,1,1,1,1,NA,1,0,1
"z[2,7]",1,0,1,1,1,1,1,NA,1,0,1
"z[3,7]",1,0,1,1,1,1,1,NA,1,0,1
"z[4,7]",1,0,1,1,1,1,1,NA,1,0,1
"z[5,7]",1,0,1,1,1,1,1,NA,1,0,1
"z[6,7]",0.00933333333333333,0.0961679644942985,0,0,0,0,0,1.01075591710808,4500,1,1
"z[7,7]",0.0468888888888889,0.211424346699986,0,0,0,0,1,1.00825384304441,1294,1,1
"z[8,7]",0.0662222222222222,0.248697776589203,0,0,0,0,1,0.999750492558198,4500,1,1
"z[9,7]",0.022,0.146699633251375,0,0,0,0,0,1.01285495301994,1730,1,1
"z[10,7]",0.036,0.186310798705171,0,0,0,0,1,1.00261237635553,4500,1,1
"z[11,7]",0,0,0,0,0,0,0,NA,1,1,1
"z[12,7]",0,0,0,0,0,0,0,NA,1,1,1
"z[13,7]",0,0,0,0,0,0,0,NA,1,1,1
"z[14,7]",0,0,0,0,0,0,0,NA,1,1,1
"z[15,7]",0.000888888888888889,0.0298042977535084,0,0,0,0,0,1.10540023626025,4497,1,1
"z[16,7]",0.205111111111111,0.403827664350618,0,0,0,0,1,0.999845887575004,4500,1,1
"z[17,7]",0.0775555555555556,0.267500640790067,0,0,0,0,1,1.00521179502579,1251,1,1
"z[18,7]",0.058,0.233769424929795,0,0,0,0,1,1.00013815360213,4500,1,1
"z[19,7]",0.000666666666666667,0.0258141493083176,0,0,0,0,0,1.29167562882982,1500,1,1
"z[20,7]",0.0735555555555556,0.261075243046752,0,0,0,0,1,1.00059524657043,4500,1,1
"z[21,7]",0.235333333333333,0.424254114509919,0,0,0,0,1,1.00043648794746,3616,1,1
"z[22,7]",0.164222222222222,0.370518274124004,0,0,0,0,1,0.999793621055577,4500,1,1
"z[23,7]",0.0315555555555556,0.174833049066281,0,0,0,0,1,1.0012759942079,4500,1,1
"z[24,7]",0.0113333333333333,0.105864911172911,0,0,0,0,0,1.00725686598092,4500,1,1
"z[25,7]",0.0706666666666667,0.256295700525826,0,0,0,0,1,1.00019831981196,4500,1,1
"z[26,7]",0.092,0.289058069739814,0,0,0,0,1,0.999836375822984,4500,1,1
"z[27,7]",0.0791111111111111,0.269942097980992,0,0,0,0,1,1.00218430815531,2728,1,1
"z[28,7]",1,0,1,1,1,1,1,NA,1,0,1
"z[29,7]",1,0,1,1,1,1,1,NA,1,0,1
"z[30,7]",0.00177777777777778,0.0421308880870312,0,0,0,0,0,1.05041941929871,4500,1,1
"z[31,7]",0.018,0.132965893646013,0,0,0,0,0,0.999903538063831,4500,1,1
"z[32,7]",0.002,0.0446815807032984,0,0,0,0,0,1.01775579934475,4500,1,1
"z[33,7]",0.00444444444444444,0.0665257457028688,0,0,0,0,0,1.02280815119122,4500,1,1
"z[34,7]",0.000888888888888889,0.0298042977535084,0,0,0,0,0,1.10540023626025,4497,1,1
"z[35,7]",0.000888888888888889,0.0298042977535084,0,0,0,0,0,1.16587551740291,2570,1,1
"z[36,7]",0.000888888888888889,0.0298042977535084,0,0,0,0,0,1.16587551740291,2570,1,1
"z[37,7]",0.0853333333333333,0.279408131952049,0,0,0,0,1,1.00077126502624,4500,1,1
"z[38,7]",0.0222222222222222,0.147421927362282,0,0,0,0,0,1.00097047905891,4500,1,1
"z[39,7]",1,0,1,1,1,1,1,NA,1,0,1
"z[40,7]",1,0,1,1,1,1,1,NA,1,0,1
"z[41,7]",0,0,0,0,0,0,0,NA,1,1,1
"z[42,7]",0,0,0,0,0,0,0,NA,1,1,1
"z[43,7]",0.0126666666666667,0.111843649799372,0,0,0,0,0,1.01266884882754,3016,1,1
"z[44,7]",0.00244444444444444,0.0493863456663645,0,0,0,0,0,1.09913278170699,1765,1,1
"z[45,7]",0.0153333333333333,0.122888478420367,0,0,0,0,0,1.00064024847681,4500,1,1
"z[46,7]",0.018,0.132965893646013,0,0,0,0,0,1.00461350632766,4500,1,1
"z[47,7]",0,0,0,0,0,0,0,NA,1,1,1
"z[48,7]",0,0,0,0,0,0,0,NA,1,1,1
"z[49,7]",0,0,0,0,0,0,0,NA,1,1,1
"z[50,7]",0,0,0,0,0,0,0,NA,1,1,1
"z[51,7]",0,0,0,0,0,0,0,NA,1,1,1
"z[52,7]",0,0,0,0,0,0,0,NA,1,1,1
"z[53,7]",0,0,0,0,0,0,0,NA,1,1,1
"z[54,7]",0,0,0,0,0,0,0,NA,1,1,1
"z[55,7]",0,0,0,0,0,0,0,NA,1,1,1
"z[56,7]",0,0,0,0,0,0,0,NA,1,1,1
"z[57,7]",1,0,1,1,1,1,1,NA,1,0,1
"z[58,7]",0.785555555555556,0.410481994889812,0,1,1,1,1,1.00013815023007,4500,1,1
"z[59,7]",1,0,1,1,1,1,1,NA,1,0,1
"z[60,7]",1,0,1,1,1,1,1,NA,1,0,1
"z[61,7]",0,0,0,0,0,0,0,NA,1,1,1
"z[62,7]",0,0,0,0,0,0,0,NA,1,1,1
"z[63,7]",0,0,0,0,0,0,0,NA,1,1,1
"z[64,7]",0,0,0,0,0,0,0,NA,1,1,1
"z[65,7]",0,0,0,0,0,0,0,NA,1,1,1
"z[66,7]",0,0,0,0,0,0,0,NA,1,1,1
"z[67,7]",0,0,0,0,0,0,0,NA,1,1,1
"z[68,7]",0,0,0,0,0,0,0,NA,1,1,1
"z[69,7]",1,0,1,1,1,1,1,NA,1,0,1
"z[70,7]",1,0,1,1,1,1,1,NA,1,0,1
"z[71,7]",1,0,1,1,1,1,1,NA,1,0,1
"z[72,7]",1,0,1,1,1,1,1,NA,1,0,1
"z[73,7]",0.000222222222222222,0.0149071198499986,0,0,0,0,0,1.29093398298233,4500,1,1
"z[74,7]",0.00266666666666667,0.0515766100016907,0,0,0,0,0,1.0099762458543,4500,1,1
"z[75,7]",0.00422222222222222,0.0648485125458765,0,0,0,0,0,1.02521400686279,4482,1,1
"z[76,7]",0.0177777777777778,0.132157518294075,0,0,0,0,0,1.00766305749047,3537,1,1
"z[77,7]",0.00111111111111111,0.033318511930496,0,0,0,0,0,1.11603919183554,3212,1,1
"z[78,7]",0.0453333333333333,0.20805730398765,0,0,0,0,1,1.00041643983383,4500,1,1
"z[79,7]",0.000888888888888889,0.0298042977535084,0,0,0,0,0,1.10540023626025,4497,1,1
"z[80,7]",0.0457777777777778,0.209026032222424,0,0,0,0,1,1.00742567587724,1466,1,1
"z[81,7]",1,0,1,1,1,1,1,NA,1,0,1
"z[82,7]",1,0,1,1,1,1,1,NA,1,0,1
"z[83,7]",0.769555555555556,0.421164124865351,0,1,1,1,1,1.00149335983843,1551,1,1
"z[84,7]",0.358444444444444,0.479596850200442,0,0,0,1,1,0.999809838507231,4500,1,1
"z[85,7]",0.0562222222222222,0.230375949195969,0,0,0,0,1,1.00256067403738,3247,1,1
"z[86,7]",0.00666666666666667,0.0813860808385347,0,0,0,0,0,1.00135104912971,4500,1,1
"z[87,7]",0.00333333333333333,0.0576451269226114,0,0,0,0,0,1.04359150017258,3205,1,1
"z[88,7]",0.00577777777777778,0.0758002102747823,0,0,0,0,0,1.0135891826854,4500,1,1
"z[89,7]",1,0,1,1,1,1,1,NA,1,0,1
"z[90,7]",0.036,0.186310798705171,0,0,0,0,1,1.00138283521834,4500,1,1
"z[91,7]",0,0,0,0,0,0,0,NA,1,1,1
"z[92,7]",0,0,0,0,0,0,0,NA,1,1,1
"z[93,7]",0,0,0,0,0,0,0,NA,1,1,1
"z[94,7]",0,0,0,0,0,0,0,NA,1,1,1
"z[95,7]",1,0,1,1,1,1,1,NA,1,0,1
"z[96,7]",1,0,1,1,1,1,1,NA,1,0,1
"z[97,7]",1,0,1,1,1,1,1,NA,1,0,1
"z[98,7]",1,0,1,1,1,1,1,NA,1,0,1
"z[99,7]",0.00377777777777778,0.0613542394088465,0,0,0,0,0,1.02160266575274,4500,1,1
"z[100,7]",0.0166666666666667,0.128033322512951,0,0,0,0,0,1.00487295294584,4500,1,1
"z[101,7]",0.000444444444444444,0.0210795079890303,0,0,0,0,0,1.10528646876281,4500,1,1
"z[102,7]",0,0,0,0,0,0,0,NA,1,1,1
"z[103,7]",0,0,0,0,0,0,0,NA,1,1,1
"z[104,7]",0.018,0.132965893646013,0,0,0,0,0,1.0172188566384,1571,1,1
"z[105,7]",0.0737777777777778,0.261437958471522,0,0,0,0,1,1.00014799554178,4500,1,1
"z[106,7]",0,0,0,0,0,0,0,NA,1,1,1
"z[107,7]",0,0,0,0,0,0,0,NA,1,1,1
"z[108,7]",0,0,0,0,0,0,0,NA,1,1,1
"z[109,7]",0,0,0,0,0,0,0,NA,1,1,1
"z[110,7]",0,0,0,0,0,0,0,NA,1,1,1
"z[111,7]",0,0,0,0,0,0,0,NA,1,1,1
"z[112,7]",0,0,0,0,0,0,0,NA,1,1,1
"z[113,7]",0,0,0,0,0,0,0,NA,1,1,1
"z[114,7]",0.00355555555555556,0.0595289935189017,0,0,0,0,0,1.00744020021063,4500,1,1
"z[115,7]",0.006,0.0772355205065475,0,0,0,0,0,1.08701319316484,840,1,1
"z[116,7]",0.00422222222222222,0.0648485125458765,0,0,0,0,0,1.00930518134672,4500,1,1
"z[117,7]",0.00288888888888889,0.0536766566849176,0,0,0,0,0,1.01135716364468,4500,1,1
"z[118,7]",0.000666666666666667,0.0258141493083176,0,0,0,0,0,1.13377982835195,4498,1,1
"z[119,7]",0.00333333333333333,0.0576451269226114,0,0,0,0,0,1.00631011246591,4500,1,1
"z[120,7]",0.0686666666666667,0.252914551125769,0,0,0,0,1,1.00001020727117,4500,1,1
"z[121,7]",0.000666666666666667,0.0258141493083176,0,0,0,0,0,NA,4500,1,1
"z[122,7]",0,0,0,0,0,0,0,NA,1,1,1
"z[123,7]",0,0,0,0,0,0,0,NA,1,1,1
"z[124,7]",0,0,0,0,0,0,0,NA,1,1,1
"z[125,7]",1,0,1,1,1,1,1,NA,1,0,1
"z[126,7]",1,0,1,1,1,1,1,NA,1,0,1
"z[127,7]",0,0,0,0,0,0,0,NA,1,1,1
"z[128,7]",0,0,0,0,0,0,0,NA,1,1,1
"z[129,7]",0,0,0,0,0,0,0,NA,1,1,1
"z[130,7]",0,0,0,0,0,0,0,NA,1,1,1
"z[131,7]",1,0,1,1,1,1,1,NA,1,0,1
"z[132,7]",0.026,0.159152847308496,0,0,0,0,1,1.01072801432874,1763,1,1
"z[133,7]",1,0,1,1,1,1,1,NA,1,0,1
"z[134,7]",0,0,0,0,0,0,0,NA,1,1,1
"z[135,7]",0,0,0,0,0,0,0,NA,1,1,1
"z[136,7]",0,0,0,0,0,0,0,NA,1,1,1
"z[137,7]",0,0,0,0,0,0,0,NA,1,1,1
"z[138,7]",0.00222222222222222,0.0470932775447189,0,0,0,0,0,1.03308734033364,4500,1,1
"z[139,7]",0.0302222222222222,0.171217271410598,0,0,0,0,1,1.01371054920876,1198,1,1
"z[140,7]",0.00533333333333333,0.0728427622699364,0,0,0,0,0,1.00228785649299,4500,1,1
"z[141,7]",0.0228888888888889,0.149565901047889,0,0,0,0,0,1.00045579853822,4500,1,1
"z[142,7]",0,0,0,0,0,0,0,NA,1,1,1
"z[143,7]",0,0,0,0,0,0,0,NA,1,1,1
"z[144,7]",0,0,0,0,0,0,0,NA,1,1,1
"z[145,7]",1,0,1,1,1,1,1,NA,1,0,1
"z[146,7]",0.0166666666666667,0.128033322512951,0,0,0,0,0,1.00159033233649,4500,1,1
"z[147,7]",0.000666666666666667,0.0258141493083176,0,0,0,0,0,1.13377982835195,4498,1,1
"z[148,7]",0.00177777777777778,0.0421308880870312,0,0,0,0,0,1.007413097858,4500,1,1
"z[149,7]",0.00311111111111111,0.0556966916350484,0,0,0,0,0,1.05836883710272,2513,1,1
"z[150,7]",0.000888888888888889,0.0298042977535084,0,0,0,0,0,1.02957562893154,4500,1,1
"z[151,7]",0.0724444444444445,0.259251196201609,0,0,0,0,1,1.0016979117461,3649,1,1
"z[152,7]",0.0335555555555556,0.180102161070095,0,0,0,0,1,1.00004217165852,4500,1,1
"z[153,7]",0.00133333333333333,0.0364945409967103,0,0,0,0,0,1.03900028931154,4500,1,1
"z[154,7]",0.0777777777777778,0.267851336095241,0,0,0,0,1,0.999901732939503,4500,1,1
"z[155,7]",0.982888888888889,0.129699881353212,1,1,1,1,1,1.00184332221951,4500,0,1
"z[156,7]",1,0,1,1,1,1,1,NA,1,0,1
"z[157,7]",1,0,1,1,1,1,1,NA,1,0,1
"z[158,7]",0.0668888888888889,0.24985723616271,0,0,0,0,1,1.003684553551,1985,1,1
"z[159,7]",0.0104444444444444,0.10167426066326,0,0,0,0,0,1.02141646938942,2159,1,1
"z[160,7]",0.00133333333333333,0.0364945409967103,0,0,0,0,0,1.1055143248586,2997,1,1
"z[161,7]",0.188666666666667,0.391287080054478,0,0,0,0,1,1.00044926973731,4184,1,1
"z[162,7]",0.0233333333333333,0.15097666777369,0,0,0,0,0,1.00009394803719,4500,1,1
"z[163,7]",0.016,0.125489041132367,0,0,0,0,0,1.01399660580997,2170,1,1
"z[164,7]",0.000444444444444444,0.0210795079890303,0,0,0,0,0,1.10528646876281,4500,1,1
"z[165,7]",0.00511111111111111,0.071317023933587,0,0,0,0,0,1.02802154249046,3323,1,1
"z[166,7]",0.00444444444444444,0.0665257457028688,0,0,0,0,0,1.00467419516687,4500,1,1
"z[167,7]",1,0,1,1,1,1,1,NA,1,0,1
"z[168,7]",0.0771111111111111,0.266797311851382,0,0,0,0,1,1.00118724032306,4500,1,1
"z[169,7]",0.0746666666666667,0.262881936707821,0,0,0,0,1,1.001264031651,4500,1,1
"z[170,7]",1,0,1,1,1,1,1,NA,1,0,1
"z[171,7]",1,0,1,1,1,1,1,NA,1,0,1
"z[172,7]",0.685555555555556,0.464345830930596,0,0,1,1,1,1.00008427425495,4500,1,1
"z[173,7]",0.976,0.153066020038189,1,1,1,1,1,1.00221977234576,4500,0,1
"z[174,7]",1,0,1,1,1,1,1,NA,1,0,1
"z[175,7]",1,0,1,1,1,1,1,NA,1,0,1
"z[176,7]",1,0,1,1,1,1,1,NA,1,0,1
"z[177,7]",1,0,1,1,1,1,1,NA,1,0,1
"z[178,7]",0,0,0,0,0,0,0,NA,1,1,1
"z[179,7]",0,0,0,0,0,0,0,NA,1,1,1
"z[180,7]",0,0,0,0,0,0,0,NA,1,1,1
"z[181,7]",0,0,0,0,0,0,0,NA,1,1,1
"z[182,7]",0,0,0,0,0,0,0,NA,1,1,1
"z[183,7]",0,0,0,0,0,0,0,NA,1,1,1
"z[184,7]",0,0,0,0,0,0,0,NA,1,1,1
"z[185,7]",0,0,0,0,0,0,0,NA,1,1,1
"z[1,8]",1,0,1,1,1,1,1,NA,1,0,1
"z[2,8]",1,0,1,1,1,1,1,NA,1,0,1
"z[3,8]",1,0,1,1,1,1,1,NA,1,0,1
"z[4,8]",1,0,1,1,1,1,1,NA,1,0,1
"z[5,8]",0.889555555555556,0.313477760833612,0,1,1,1,1,0.999676842244932,4500,1,1
"z[6,8]",0.172,0.377422382794731,0,0,0,0,1,0.999823673690057,4500,1,1
"z[7,8]",0.00422222222222222,0.0648485125458765,0,0,0,0,0,1.00106030922822,4500,1,1
"z[8,8]",0.00644444444444444,0.0800271001985887,0,0,0,0,0,1.03783133028684,1936,1,1
"z[9,8]",0,0,0,0,0,0,0,NA,1,1,1
"z[10,8]",0,0,0,0,0,0,0,NA,1,1,1
"z[11,8]",0,0,0,0,0,0,0,NA,1,1,1
"z[12,8]",0,0,0,0,0,0,0,NA,1,1,1
"z[13,8]",0,0,0,0,0,0,0,NA,1,1,1
"z[14,8]",0,0,0,0,0,0,0,NA,1,1,1
"z[15,8]",0.000222222222222222,0.0149071198499986,0,0,0,0,0,1.29093398298233,4500,1,1
"z[16,8]",0.252888888888889,0.434716107244037,0,0,0,1,1,0.999719153960406,4500,1,1
"z[17,8]",0.0748888888888889,0.263241224560606,0,0,0,0,1,1.00053651053295,4500,1,1
"z[18,8]",0.00155555555555556,0.0394142235807543,0,0,0,0,0,1.11102922004619,2420,1,1
"z[19,8]",0.000888888888888889,0.0298042977535084,0,0,0,0,0,1.02957562893154,4500,1,1
"z[20,8]",0.0628888888888889,0.242789983053629,0,0,0,0,1,1.00010003110526,4500,1,1
"z[21,8]",0.134444444444444,0.341167116466881,0,0,0,0,1,0.99995314616856,4500,1,1
"z[22,8]",0.125111111111111,0.330881626062155,0,0,0,0,1,1.00150039930673,2486,1,1
"z[23,8]",0.0935555555555556,0.291241760159636,0,0,0,0,1,0.999793617056394,4500,1,1
"z[24,8]",0.00466666666666667,0.0681609955608629,0,0,0,0,0,1.11214261501509,805,1,1
"z[25,8]",0.0482222222222222,0.214259284678296,0,0,0,0,1,1.00280185034094,3469,1,1
"z[26,8]",0.094,0.291861147705373,0,0,0,0,1,1.00016606694237,4500,1,1
"z[27,8]",0.0677777777777778,0.251392113273443,0,0,0,0,1,1.00360091390874,2010,1,1
"z[28,8]",1,0,1,1,1,1,1,NA,1,0,1
"z[29,8]",0.823111111111111,0.381617049472633,0,1,1,1,1,0.999758646009716,4500,1,1
"z[30,8]",0.038,0.191217481839897,0,0,0,0,1,0.999888201782731,4500,1,1
"z[31,8]",0.0453333333333333,0.20805730398765,0,0,0,0,1,1.00543470751816,1988,1,1
"z[32,8]",0.04,0.195980956294358,0,0,0,0,1,1.00151813977878,4500,1,1
"z[33,8]",0.00111111111111111,0.033318511930496,0,0,0,0,0,1.01912206739455,4500,1,1
"z[34,8]",0.000222222222222222,0.0149071198499986,0,0,0,0,0,1.29093398298233,4500,1,1
"z[35,8]",0,0,0,0,0,0,0,NA,1,1,1
"z[36,8]",0.00111111111111111,0.033318511930496,0,0,0,0,0,1.11603919183554,3212,1,1
"z[37,8]",0.00155555555555556,0.0394142235807543,0,0,0,0,0,1.0097473778051,4500,1,1
"z[38,8]",0.0182222222222222,0.133769014787178,0,0,0,0,0,1.01534631222413,1743,1,1
"z[39,8]",0.859555555555556,0.347486165270941,0,1,1,1,1,1.00081178190191,3617,1,1
"z[40,8]",1,0,1,1,1,1,1,NA,1,0,1
"z[41,8]",0,0,0,0,0,0,0,NA,1,1,1
"z[42,8]",0,0,0,0,0,0,0,NA,1,1,1
"z[43,8]",0.0468888888888889,0.211424346699986,0,0,0,0,1,1.0001972986112,4500,1,1
"z[44,8]",0.0353333333333333,0.184641449821595,0,0,0,0,1,1.0027199196046,4500,1,1
"z[45,8]",0.0626666666666667,0.24238938031912,0,0,0,0,1,0.999816745528447,4500,1,1
"z[46,8]",0.0517777777777778,0.221602690281563,0,0,0,0,1,1.00255202745273,3514,1,1
"z[47,8]",0,0,0,0,0,0,0,NA,1,1,1
"z[48,8]",0,0,0,0,0,0,0,NA,1,1,1
"z[49,8]",0,0,0,0,0,0,0,NA,1,1,1
"z[50,8]",0,0,0,0,0,0,0,NA,1,1,1
"z[51,8]",0,0,0,0,0,0,0,NA,1,1,1
"z[52,8]",0,0,0,0,0,0,0,NA,1,1,1
"z[53,8]",0,0,0,0,0,0,0,NA,1,1,1
"z[54,8]",0,0,0,0,0,0,0,NA,1,1,1
"z[55,8]",0,0,0,0,0,0,0,NA,1,1,1
"z[56,8]",0,0,0,0,0,0,0,NA,1,1,1
"z[57,8]",0.192,0.393916846973326,0,0,0,0,1,1.00124350051198,2050,1,1
"z[58,8]",0.609333333333333,0.487954027691849,0,0,1,1,1,0.999938422701589,4500,1,1
"z[59,8]",0.182,0.38588740703616,0,0,0,0,1,1.00013052373399,4500,1,1
"z[60,8]",0.0335555555555556,0.180102161070095,0,0,0,0,1,1.00221593615046,4500,1,1
"z[61,8]",0,0,0,0,0,0,0,NA,1,1,1
"z[62,8]",0,0,0,0,0,0,0,NA,1,1,1
"z[63,8]",0,0,0,0,0,0,0,NA,1,1,1
"z[64,8]",0,0,0,0,0,0,0,NA,1,1,1
"z[65,8]",0,0,0,0,0,0,0,NA,1,1,1
"z[66,8]",0,0,0,0,0,0,0,NA,1,1,1
"z[67,8]",0,0,0,0,0,0,0,NA,1,1,1
"z[68,8]",0,0,0,0,0,0,0,NA,1,1,1
"z[69,8]",0.186888888888889,0.389865629174764,0,0,0,0,1,1.00268718915305,1086,1,1
"z[70,8]",0.088,0.283326381812225,0,0,0,0,1,0.999908125005873,4500,1,1
"z[71,8]",1,0,1,1,1,1,1,NA,1,0,1
"z[72,8]",1,0,1,1,1,1,1,NA,1,0,1
"z[73,8]",0.000666666666666667,0.0258141493083176,0,0,0,0,0,1.29167562882982,1500,1,1
"z[74,8]",0.00466666666666667,0.0681609955608629,0,0,0,0,0,1.0228673838448,4480,1,1
"z[75,8]",0.00444444444444444,0.0665257457028688,0,0,0,0,0,1.00467419516687,4500,1,1
"z[76,8]",0.006,0.0772355205065475,0,0,0,0,0,1.01394634622296,4500,1,1
"z[77,8]",0,0,0,0,0,0,0,NA,1,1,1
"z[78,8]",0.000222222222222222,0.0149071198499986,0,0,0,0,0,1.29093398298233,4500,1,1
"z[79,8]",0,0,0,0,0,0,0,NA,1,1,1
"z[80,8]",0.000444444444444444,0.0210795079890303,0,0,0,0,0,1.10528646876281,4500,1,1
"z[81,8]",0.610444444444444,0.487703681892657,0,0,1,1,1,1.0017006304761,1036,1,1
"z[82,8]",0.967333333333333,0.177782392941008,0,1,1,1,1,1.00350044013251,4103,1,1
"z[83,8]",0.572666666666667,0.494746348916912,0,0,1,1,1,0.99978166858666,4500,1,1
"z[84,8]",0.0317777777777778,0.175427447850631,0,0,0,0,1,1.00094274015766,4500,1,1
"z[85,8]",0.0264444444444444,0.160470739436839,0,0,0,0,1,1.00148788098826,4500,1,1
"z[86,8]",0.00355555555555556,0.0595289935189017,0,0,0,0,0,1.06548201416966,1940,1,1
"z[87,8]",0.00177777777777778,0.0421308880870312,0,0,0,0,0,1.007413097858,4500,1,1
"z[88,8]",0.00844444444444444,0.0915150092219534,0,0,0,0,0,1.03697986823528,1515,1,1
"z[89,8]",0.224888888888889,0.417555531121581,0,0,0,0,1,1.00026282331308,4500,1,1
"z[90,8]",0.000444444444444444,0.0210795079890303,0,0,0,0,0,1.2913045102833,2250,1,1
"z[91,8]",0,0,0,0,0,0,0,NA,1,1,1
"z[92,8]",0,0,0,0,0,0,0,NA,1,1,1
"z[93,8]",0,0,0,0,0,0,0,NA,1,1,1
"z[94,8]",0,0,0,0,0,0,0,NA,1,1,1
"z[95,8]",0.454222222222222,0.497955316441356,0,0,0,1,1,1.00002408175065,4500,1,1
"z[96,8]",1,0,1,1,1,1,1,NA,1,0,1
"z[97,8]",1,0,1,1,1,1,1,NA,1,0,1
"z[98,8]",1,0,1,1,1,1,1,NA,1,0,1
"z[99,8]",0.00133333333333333,0.0364945409967103,0,0,0,0,0,NA,4500,1,1
"z[100,8]",0.00911111111111111,0.0950268670194558,0,0,0,0,0,1.00892419825012,4500,1,1
"z[101,8]",0,0,0,0,0,0,0,NA,1,1,1
"z[102,8]",0,0,0,0,0,0,0,NA,1,1,1
"z[103,8]",0,0,0,0,0,0,0,NA,1,1,1
"z[104,8]",0.0111111111111111,0.104833661410201,0,0,0,0,0,0.999870974059888,4500,1,1
"z[105,8]",0.0482222222222222,0.214259284678296,0,0,0,0,1,1.00220290632824,4284,1,1
"z[106,8]",0,0,0,0,0,0,0,NA,1,1,1
"z[107,8]",0,0,0,0,0,0,0,NA,1,1,1
"z[108,8]",0,0,0,0,0,0,0,NA,1,1,1
"z[109,8]",0,0,0,0,0,0,0,NA,1,1,1
"z[110,8]",0,0,0,0,0,0,0,NA,1,1,1
"z[111,8]",0,0,0,0,0,0,0,NA,1,1,1
"z[112,8]",0,0,0,0,0,0,0,NA,1,1,1
"z[113,8]",0,0,0,0,0,0,0,NA,1,1,1
"z[114,8]",1,0,1,1,1,1,1,NA,1,0,1
"z[115,8]",0.00311111111111111,0.0556966916350484,0,0,0,0,0,1.06473334456168,2244,1,1
"z[116,8]",0.00177777777777778,0.0421308880870312,0,0,0,0,0,1.05041941929871,4500,1,1
"z[117,8]",0.0328888888888889,0.17836557884435,0,0,0,0,1,1.00231631021469,4500,1,1
"z[118,8]",0.0437777777777778,0.204623040065984,0,0,0,0,1,1.00174728190335,4500,1,1
"z[119,8]",0.000888888888888889,0.0298042977535084,0,0,0,0,0,1.10540023626025,4497,1,1
"z[120,8]",0.0648888888888889,0.246357074296865,0,0,0,0,1,1.00009505683558,4500,1,1
"z[121,8]",0.000888888888888889,0.0298042977535084,0,0,0,0,0,1.02957562893154,4500,1,1
"z[122,8]",0,0,0,0,0,0,0,NA,1,1,1
"z[123,8]",0,0,0,0,0,0,0,NA,1,1,1
"z[124,8]",0,0,0,0,0,0,0,NA,1,1,1
"z[125,8]",1,0,1,1,1,1,1,NA,1,0,1
"z[126,8]",1,0,1,1,1,1,1,NA,1,0,1
"z[127,8]",0,0,0,0,0,0,0,NA,1,1,1
"z[128,8]",0,0,0,0,0,0,0,NA,1,1,1
"z[129,8]",0,0,0,0,0,0,0,NA,1,1,1
"z[130,8]",0,0,0,0,0,0,0,NA,1,1,1
"z[131,8]",1,0,1,1,1,1,1,NA,1,0,1
"z[132,8]",0.0233333333333333,0.15097666777369,0,0,0,0,0,1.00660108101796,3140,1,1
"z[133,8]",0.585555555555556,0.492680614439225,0,0,1,1,1,1.0002512719104,3529,1,1
"z[134,8]",0,0,0,0,0,0,0,NA,1,1,1
"z[135,8]",0,0,0,0,0,0,0,NA,1,1,1
"z[136,8]",0,0,0,0,0,0,0,NA,1,1,1
"z[137,8]",0,0,0,0,0,0,0,NA,1,1,1
"z[138,8]",0.0297777777777778,0.169992598048771,0,0,0,0,1,1.00013921297068,4500,1,1
"z[139,8]",0.0226666666666667,0.148855006121055,0,0,0,0,0,0.999817471370673,4500,1,1
"z[140,8]",0.0411111111111111,0.198569256988457,0,0,0,0,1,1.00328415110982,3487,1,1
"z[141,8]",0.272444444444444,0.445266804820707,0,0,0,1,1,1.00189977468053,1130,1,1
"z[142,8]",0,0,0,0,0,0,0,NA,1,1,1
"z[143,8]",0,0,0,0,0,0,0,NA,1,1,1
"z[144,8]",0,0,0,0,0,0,0,NA,1,1,1
"z[145,8]",0.0231111111111111,0.150273104306291,0,0,0,0,0,1.00563298831132,3688,1,1
"z[146,8]",1,0,1,1,1,1,1,NA,1,0,1
"z[147,8]",0.000888888888888889,0.0298042977535084,0,0,0,0,0,1.02957562893154,4500,1,1
"z[148,8]",0.000666666666666667,0.0258141493083176,0,0,0,0,0,1.13377982835195,4498,1,1
"z[149,8]",0.00555555555555556,0.0743365276300976,0,0,0,0,0,1.05611500817012,1473,1,1
"z[150,8]",0.0282222222222222,0.165625554658784,0,0,0,0,1,1.00107400333057,4500,1,1
"z[151,8]",0.0715555555555556,0.257779217003763,0,0,0,0,1,1.00057627636397,4500,1,1
"z[152,8]",0.000222222222222222,0.0149071198499986,0,0,0,0,0,1.29093398298233,4500,1,1
"z[153,8]",0.000888888888888889,0.0298042977535084,0,0,0,0,0,1.16587551740291,2570,1,1
"z[154,8]",0.0642222222222222,0.245175623613492,0,0,0,0,1,1.00143726453597,4500,1,1
"z[155,8]",1,0,1,1,1,1,1,NA,1,0,1
"z[156,8]",1,0,1,1,1,1,1,NA,1,0,1
"z[157,8]",1,0,1,1,1,1,1,NA,1,0,1
"z[158,8]",1,0,1,1,1,1,1,NA,1,0,1
"z[159,8]",0.0104444444444444,0.10167426066326,0,0,0,0,0,1.01348451811686,3432,1,1
"z[160,8]",0.00822222222222222,0.0903129549063228,0,0,0,0,0,1.01846532672445,3177,1,1
"z[161,8]",0.0973333333333333,0.296444065956704,0,0,0,0,1,1.00186580975301,2591,1,1
"z[162,8]",0.06,0.237513233566337,0,0,0,0,1,0.999759718550121,4500,1,1
"z[163,8]",0.00755555555555556,0.0866033246050876,0,0,0,0,0,1.0254626751023,2490,1,1
"z[164,8]",0.000666666666666667,0.0258141493083176,0,0,0,0,0,1.13377982835195,4498,1,1
"z[165,8]",0.00777777777777778,0.0878578356425394,0,0,0,0,0,1.00501518886421,4500,1,1
"z[166,8]",0.00911111111111111,0.0950268670194558,0,0,0,0,0,1.00892419825012,4500,1,1
"z[167,8]",0.0495555555555556,0.217049006950826,0,0,0,0,1,1.00051114296702,4500,1,1
"z[168,8]",0.0873333333333333,0.282354278616482,0,0,0,0,1,0.999748234673466,4500,1,1
"z[169,8]",0.0926666666666667,0.289996972491497,0,0,0,0,1,1.00281417068897,1893,1,1
"z[170,8]",1,0,1,1,1,1,1,NA,1,0,1
"z[171,8]",0.351777777777778,0.477578116620203,0,0,0,1,1,1.00001079359378,4500,1,1
"z[172,8]",0.0115555555555556,0.106885749673393,0,0,0,0,0,1.01375594290535,3044,1,1
"z[173,8]",1,0,1,1,1,1,1,NA,1,0,1
"z[174,8]",0.967777777777778,0.176609404971474,0,1,1,1,1,1.00318415937746,4500,1,1
"z[175,8]",1,0,1,1,1,1,1,NA,1,0,1
"z[176,8]",1,0,1,1,1,1,1,NA,1,0,1
"z[177,8]",1,0,1,1,1,1,1,NA,1,0,1
"z[178,8]",0,0,0,0,0,0,0,NA,1,1,1
"z[179,8]",0,0,0,0,0,0,0,NA,1,1,1
"z[180,8]",0,0,0,0,0,0,0,NA,1,1,1
"z[181,8]",0,0,0,0,0,0,0,NA,1,1,1
"z[182,8]",0,0,0,0,0,0,0,NA,1,1,1
"z[183,8]",0,0,0,0,0,0,0,NA,1,1,1
"z[184,8]",0,0,0,0,0,0,0,NA,1,1,1
"z[185,8]",0,0,0,0,0,0,0,NA,1,1,1
"z[1,9]",1,0,1,1,1,1,1,NA,1,0,1
"z[2,9]",1,0,1,1,1,1,1,NA,1,0,1
"z[3,9]",1,0,1,1,1,1,1,NA,1,0,1
"z[4,9]",1,0,1,1,1,1,1,NA,1,0,1
"z[5,9]",1,0,1,1,1,1,1,NA,1,0,1
"z[6,9]",1,0,1,1,1,1,1,NA,1,0,1
"z[7,9]",0.008,0.08909412970305,0,0,0,0,0,1.00433814824978,4500,1,1
"z[8,9]",1,0,1,1,1,1,1,NA,1,0,1
"z[9,9]",0.00222222222222222,0.0470932775447189,0,0,0,0,0,1.12674655375613,1449,1,1
"z[10,9]",0.000666666666666667,0.0258141493083176,0,0,0,0,0,NA,4500,1,1
"z[11,9]",0,0,0,0,0,0,0,NA,1,1,1
"z[12,9]",0,0,0,0,0,0,0,NA,1,1,1
"z[13,9]",0,0,0,0,0,0,0,NA,1,1,1
"z[14,9]",0,0,0,0,0,0,0,NA,1,1,1
"z[15,9]",0.00533333333333333,0.0728427622699364,0,0,0,0,0,1.01759611175516,4500,1,1
"z[16,9]",0.372,0.483392103996149,0,0,0,1,1,0.999780570477893,4500,1,1
"z[17,9]",0.134888888888889,0.341642816812701,0,0,0,0,1,1.00019491114086,4500,1,1
"z[18,9]",0.0884444444444445,0.28397173218309,0,0,0,0,1,1.00035283563784,4500,1,1
"z[19,9]",0.066,0.248309689121249,0,0,0,0,1,1.00108652276796,4500,1,1
"z[20,9]",0.113777777777778,0.317576458890005,0,0,0,0,1,1.00153813681,2646,1,1
"z[21,9]",0.28,0.449048783494364,0,0,0,1,1,0.999755897633803,4500,1,1
"z[22,9]",0.227555555555556,0.419300720566829,0,0,0,0,1,0.999957406425083,4500,1,1
"z[23,9]",0.239555555555556,0.426859675171387,0,0,0,0,1,0.999848084995654,4500,1,1
"z[24,9]",0.182222222222222,0.386070468001789,0,0,0,0,1,1.00050038467882,4019,1,1
"z[25,9]",0.0951111111111111,0.293400949995396,0,0,0,0,1,1.00036034081057,4500,1,1
"z[26,9]",0.146444444444444,0.353590515635706,0,0,0,0,1,1.00033978923996,4500,1,1
"z[27,9]",0.123333333333333,0.328855978694735,0,0,0,0,1,1.00070023231911,4478,1,1
"z[28,9]",1,0,1,1,1,1,1,NA,1,0,1
"z[29,9]",1,0,1,1,1,1,1,NA,1,0,1
"z[30,9]",0.108444444444444,0.310975460571048,0,0,0,0,1,1.00094062037133,4046,1,1
"z[31,9]",0.113111111111111,0.316763768877172,0,0,0,0,1,1.00138447745935,2891,1,1
"z[32,9]",0.110222222222222,0.313201345555729,0,0,0,0,1,1.00045575075961,4500,1,1
"z[33,9]",0.00266666666666667,0.0515766100016907,0,0,0,0,0,1.0391172209852,4489,1,1
"z[34,9]",0.00111111111111111,0.033318511930496,0,0,0,0,0,1.07137218653062,4500,1,1
"z[35,9]",0.000666666666666667,0.0258141493083176,0,0,0,0,0,NA,4500,1,1
"z[36,9]",0.000444444444444444,0.0210795079890303,0,0,0,0,0,1.10528646876281,4500,1,1
"z[37,9]",0.004,0.0631259497363628,0,0,0,0,0,1.0178320753574,4500,1,1
"z[38,9]",0.016,0.125489041132367,0,0,0,0,0,1.00794597333786,3796,1,1
"z[39,9]",1,0,1,1,1,1,1,NA,1,0,1
"z[40,9]",1,0,1,1,1,1,1,NA,1,0,1
"z[41,9]",0,0,0,0,0,0,0,NA,1,1,1
"z[42,9]",0,0,0,0,0,0,0,NA,1,1,1
"z[43,9]",0.124444444444444,0.330124587038853,0,0,0,0,1,1.00082557136938,3948,1,1
"z[44,9]",0.0884444444444445,0.28397173218309,0,0,0,0,1,0.999898177918979,4500,1,1
"z[45,9]",0.151111111111111,0.358196950635289,0,0,0,0,1,0.999722104399797,4500,1,1
"z[46,9]",0.115555555555556,0.319726736204165,0,0,0,0,1,1.00109125337347,3427,1,1
"z[47,9]",0,0,0,0,0,0,0,NA,1,1,1
"z[48,9]",0,0,0,0,0,0,0,NA,1,1,1
"z[49,9]",0,0,0,0,0,0,0,NA,1,1,1
"z[50,9]",0,0,0,0,0,0,0,NA,1,1,1
"z[51,9]",0,0,0,0,0,0,0,NA,1,1,1
"z[52,9]",0,0,0,0,0,0,0,NA,1,1,1
"z[53,9]",0,0,0,0,0,0,0,NA,1,1,1
"z[54,9]",0,0,0,0,0,0,0,NA,1,1,1
"z[55,9]",0,0,0,0,0,0,0,NA,1,1,1
"z[56,9]",0,0,0,0,0,0,0,NA,1,1,1
"z[57,9]",0.781777777777778,0.413084983718457,0,1,1,1,1,1.00101448157184,2172,1,1
"z[58,9]",0.0662222222222222,0.248697776589203,0,0,0,0,1,1.00616292039775,1242,1,1
"z[59,9]",1,0,1,1,1,1,1,NA,1,0,1
"z[60,9]",1,0,1,1,1,1,1,NA,1,0,1
"z[61,9]",0,0,0,0,0,0,0,NA,1,1,1
"z[62,9]",0,0,0,0,0,0,0,NA,1,1,1
"z[63,9]",0,0,0,0,0,0,0,NA,1,1,1
"z[64,9]",0,0,0,0,0,0,0,NA,1,1,1
"z[65,9]",0,0,0,0,0,0,0,NA,1,1,1
"z[66,9]",0,0,0,0,0,0,0,NA,1,1,1
"z[67,9]",0,0,0,0,0,0,0,NA,1,1,1
"z[68,9]",0,0,0,0,0,0,0,NA,1,1,1
"z[69,9]",1,0,1,1,1,1,1,NA,1,0,1
"z[70,9]",1,0,1,1,1,1,1,NA,1,0,1
"z[71,9]",1,0,1,1,1,1,1,NA,1,0,1
"z[72,9]",1,0,1,1,1,1,1,NA,1,0,1
"z[73,9]",0.00311111111111111,0.0556966916350484,0,0,0,0,0,1.06473334456168,2244,1,1
"z[74,9]",1,0,1,1,1,1,1,NA,1,0,1
"z[75,9]",0.0104444444444444,0.10167426066326,0,0,0,0,0,1.01483205755032,3125,1,1
"z[76,9]",0.0182222222222222,0.133769014787178,0,0,0,0,0,0.99974373480456,4500,1,1
"z[77,9]",0.000666666666666667,0.0258141493083176,0,0,0,0,0,1.13377982835195,4498,1,1
"z[78,9]",0.00333333333333333,0.0576451269226114,0,0,0,0,0,1.02548704970741,4500,1,1
"z[79,9]",0.006,0.0772355205065475,0,0,0,0,0,1.02379917724328,3356,1,1
"z[80,9]",0.00155555555555556,0.0394142235807543,0,0,0,0,0,1.06447893654775,4494,1,1
"z[81,9]",0.191111111111111,0.393220058960265,0,0,0,0,1,1.00017810019622,4500,1,1
"z[82,9]",1,0,1,1,1,1,1,NA,1,0,1
"z[83,9]",0.156888888888889,0.36373639680125,0,0,0,0,1,0.999845803895403,4500,1,1
"z[84,9]",0.650222222222222,0.476952655841388,0,0,1,1,1,1.00191120253489,981,1,1
"z[85,9]",0.609555555555556,0.487904171281266,0,0,1,1,1,1.00005184046351,4500,1,1
"z[86,9]",0.0208888888888889,0.143028281223349,0,0,0,0,0,1.01021251612573,2289,1,1
"z[87,9]",0.00622222222222222,0.0786440117920529,0,0,0,0,0,1.04385461735203,1716,1,1
"z[88,9]",0.00666666666666667,0.0813860808385347,0,0,0,0,0,1.00135104912971,4500,1,1
"z[89,9]",0.00355555555555556,0.0595289935189017,0,0,0,0,0,1.02429824061568,4500,1,1
"z[90,9]",0.00355555555555556,0.0595289935189017,0,0,0,0,0,1.0016276586034,4500,1,1
"z[91,9]",0,0,0,0,0,0,0,NA,1,1,1
"z[92,9]",0,0,0,0,0,0,0,NA,1,1,1
"z[93,9]",0,0,0,0,0,0,0,NA,1,1,1
"z[94,9]",0,0,0,0,0,0,0,NA,1,1,1
"z[95,9]",0.578,0.4939334121149,0,0,1,1,1,1.0004039085318,2782,1,1
"z[96,9]",0.443555555555556,0.496859018679803,0,0,0,1,1,1.00037590756355,2862,1,1
"z[97,9]",0.0946666666666667,0.292786506951796,0,0,0,0,1,0.999797590356217,4500,1,1
"z[98,9]",0.130666666666667,0.337072896216618,0,0,0,0,1,1.00030321483328,4500,1,1
"z[99,9]",0.00933333333333333,0.0961679644942985,0,0,0,0,0,1.00225661027064,4500,1,1
"z[100,9]",0.0222222222222222,0.147421927362282,0,0,0,0,0,1.01237606986509,1782,1,1
"z[101,9]",0.00288888888888889,0.0536766566849176,0,0,0,0,0,1.08102998765131,1883,1,1
"z[102,9]",0,0,0,0,0,0,0,NA,1,1,1
"z[103,9]",0,0,0,0,0,0,0,NA,1,1,1
"z[104,9]",0.00866666666666667,0.0927009450571682,0,0,0,0,0,1.00365645516092,4500,1,1
"z[105,9]",1,0,1,1,1,1,1,NA,1,0,1
"z[106,9]",0,0,0,0,0,0,0,NA,1,1,1
"z[107,9]",0,0,0,0,0,0,0,NA,1,1,1
"z[108,9]",0,0,0,0,0,0,0,NA,1,1,1
"z[109,9]",0,0,0,0,0,0,0,NA,1,1,1
"z[110,9]",0,0,0,0,0,0,0,NA,1,1,1
"z[111,9]",0,0,0,0,0,0,0,NA,1,1,1
"z[112,9]",0,0,0,0,0,0,0,NA,1,1,1
"z[113,9]",0,0,0,0,0,0,0,NA,1,1,1
"z[114,9]",0.000888888888888889,0.0298042977535084,0,0,0,0,0,1.02957562893154,4500,1,1
"z[115,9]",0.00888888888888889,0.093871373318521,0,0,0,0,0,1.03100874275847,1733,1,1
"z[116,9]",0.0746666666666667,0.262881936707821,0,0,0,0,1,1.00117177090921,4500,1,1
"z[117,9]",0.08,0.271323348038703,0,0,0,0,1,0.999844387927115,4500,1,1
"z[118,9]",0.103333333333333,0.304427578014234,0,0,0,0,1,1.00067673445472,4500,1,1
"z[119,9]",1,0,1,1,1,1,1,NA,1,0,1
"z[120,9]",0.108666666666667,0.31125512213583,0,0,0,0,1,1.00058838533997,4500,1,1
"z[121,9]",0.00622222222222222,0.0786440117920529,0,0,0,0,0,1.00415701458324,4500,1,1
"z[122,9]",0,0,0,0,0,0,0,NA,1,1,1
"z[123,9]",0,0,0,0,0,0,0,NA,1,1,1
"z[124,9]",0,0,0,0,0,0,0,NA,1,1,1
"z[125,9]",1,0,1,1,1,1,1,NA,1,0,1
"z[126,9]",0.972222222222222,0.164353812079863,0,1,1,1,1,1.00533496757578,3237,1,1
"z[127,9]",0,0,0,0,0,0,0,NA,1,1,1
"z[128,9]",0,0,0,0,0,0,0,NA,1,1,1
"z[129,9]",0,0,0,0,0,0,0,NA,1,1,1
"z[130,9]",0,0,0,0,0,0,0,NA,1,1,1
"z[131,9]",1,0,1,1,1,1,1,NA,1,0,1
"z[132,9]",0.0177777777777778,0.132157518294075,0,0,0,0,0,1.00216586494186,4500,1,1
"z[133,9]",1,0,1,1,1,1,1,NA,1,0,1
"z[134,9]",0,0,0,0,0,0,0,NA,1,1,1
"z[135,9]",0,0,0,0,0,0,0,NA,1,1,1
"z[136,9]",0,0,0,0,0,0,0,NA,1,1,1
"z[137,9]",0,0,0,0,0,0,0,NA,1,1,1
"z[138,9]",0.0931111111111111,0.290620372706953,0,0,0,0,1,1.00488345367123,1129,1,1
"z[139,9]",0.00155555555555556,0.0394142235807543,0,0,0,0,0,1.06447893654775,4494,1,1
"z[140,9]",0.00488888888888889,0.069757214702053,0,0,0,0,0,1.0007080631168,4500,1,1
"z[141,9]",1,0,1,1,1,1,1,NA,1,0,1
"z[142,9]",0,0,0,0,0,0,0,NA,1,1,1
"z[143,9]",0,0,0,0,0,0,0,NA,1,1,1
"z[144,9]",0,0,0,0,0,0,0,NA,1,1,1
"z[145,9]",0.169111111111111,0.37489168457024,0,0,0,0,1,0.999765322417227,4500,1,1
"z[146,9]",0.446222222222222,0.497154780426351,0,0,0,1,1,1.00062636538382,2111,1,1
"z[147,9]",0.000666666666666667,0.0258141493083176,0,0,0,0,0,1.13377982835195,4498,1,1
"z[148,9]",0.00777777777777778,0.0878578356425394,0,0,0,0,0,1.01466855960057,4225,1,1
"z[149,9]",0.0851111111111111,0.279077977538732,0,0,0,0,1,0.9997684389646,4500,1,1
"z[150,9]",0.0771111111111111,0.266797311851382,0,0,0,0,1,0.999817586845436,4500,1,1
"z[151,9]",0.126666666666667,0.332636153179885,0,0,0,0,1,0.999684758378926,4500,1,1
"z[152,9]",0.000222222222222222,0.0149071198499986,0,0,0,0,0,1.29093398298233,4500,1,1
"z[153,9]",0.000444444444444444,0.0210795079890303,0,0,0,0,0,1.10528646876281,4500,1,1
"z[154,9]",0.00333333333333333,0.0576451269226114,0,0,0,0,0,1.02548704970741,4500,1,1
"z[155,9]",1,0,1,1,1,1,1,NA,1,0,1
"z[156,9]",1,0,1,1,1,1,1,NA,1,0,1
"z[157,9]",1,0,1,1,1,1,1,NA,1,0,1
"z[158,9]",0.0293333333333333,0.168757866791187,0,0,0,0,1,1.00248987030356,4500,1,1
"z[159,9]",1,0,1,1,1,1,1,NA,1,0,1
"z[160,9]",0.00244444444444444,0.0493863456663645,0,0,0,0,0,1.015878473234,4500,1,1
"z[161,9]",0.229777777777778,0.42073660196956,0,0,0,0,1,1.00018837644451,4500,1,1
"z[162,9]",0.0897777777777778,0.285894896643156,0,0,0,0,1,1.0015122302888,3317,1,1
"z[163,9]",0.0153333333333333,0.122888478420367,0,0,0,0,0,1.00386272994513,4500,1,1
"z[164,9]",0.00266666666666667,0.0515766100016907,0,0,0,0,0,1.06582943979277,2566,1,1
"z[165,9]",0.00733333333333333,0.0853297931213479,0,0,0,0,0,NA,4500,1,1
"z[166,9]",0.189333333333333,0.391816714616485,0,0,0,0,1,1.00036921893393,4500,1,1
"z[167,9]",0.104888888888889,0.306444249967912,0,0,0,0,1,1.0001223818023,4500,1,1
"z[168,9]",0.145333333333333,0.352475764072828,0,0,0,0,1,0.999973774061938,4500,1,1
"z[169,9]",0.160888888888889,0.367469266471889,0,0,0,0,1,1.00042541225986,4500,1,1
"z[170,9]",0.471777777777778,0.49925834698966,0,0,0,1,1,1.00076771664513,1827,1,1
"z[171,9]",0.014,0.11750348180963,0,0,0,0,0,1.00121770552693,4500,1,1
"z[172,9]",0.00888888888888889,0.093871373318521,0,0,0,0,0,1.01490555829087,3642,1,1
"z[173,9]",1,0,1,1,1,1,1,NA,1,0,1
"z[174,9]",1,0,1,1,1,1,1,NA,1,0,1
"z[175,9]",1,0,1,1,1,1,1,NA,1,0,1
"z[176,9]",1,0,1,1,1,1,1,NA,1,0,1
"z[177,9]",1,0,1,1,1,1,1,NA,1,0,1
"z[178,9]",0,0,0,0,0,0,0,NA,1,1,1
"z[179,9]",0,0,0,0,0,0,0,NA,1,1,1
"z[180,9]",0,0,0,0,0,0,0,NA,1,1,1
"z[181,9]",0,0,0,0,0,0,0,NA,1,1,1
"z[182,9]",0,0,0,0,0,0,0,NA,1,1,1
"z[183,9]",0,0,0,0,0,0,0,NA,1,1,1
"z[184,9]",0,0,0,0,0,0,0,NA,1,1,1
"z[185,9]",0,0,0,0,0,0,0,NA,1,1,1
"deviance",1036.55527466816,20.6493945967604,1000.2502465488,1021.81140247975,1035.09640969235,1050.07373384242,1079.39370959844,1.00102143844541,2020,0,1
