"parameter","mean","sd","2.5%","25%","50%","75%","97.5%","Rhat","n.eff","overlap0","f"
"a.psi[1]",-2.25494613551598,0.836128306517658,-4.0215196691674,-2.79291063101393,-2.21600142925441,-1.68764805723541,-0.679647382274902,1.00371312553462,567,0,0.998444444444444
"a.psi[2]",-0.286237651133844,0.604124557035518,-1.41941250634787,-0.686159651124954,-0.289406900626112,0.0947985724860888,0.967612289048878,1.00629822387817,336,1,0.692222222222222
"a.psi[3]",-3.27635154033621,0.981887245160597,-5.37084782616915,-3.89483536125019,-3.22640545955544,-2.6283513232561,-1.47291957446259,1.00130774055413,1266,0,1
"a.psi[4]",0.0222856274115306,1.63292761626306,-3.12154177554068,-1.08233457333107,-0.00517362568876933,1.13528550215677,3.15409636353565,1.00054509960828,2794,1,0.498222222222222
"b.psi.elev",0.137623781261414,0.484755635431072,-0.855852977444529,-0.178733394290931,0.145144620059097,0.463001083445084,1.11099723098247,1.00929749073826,266,1,0.622888888888889
"b.psi.water",0.594231897087235,0.490276931411718,-0.334794283257267,0.267491832531303,0.587956370496895,0.911931651984009,1.57875322791545,1.0040321486114,472,1,0.891333333333333
"a.gam[1]",-0.625254396005542,0.892194140222647,-2.09059327092973,-1.27213067088302,-0.724101346726134,-0.0803118175136735,1.32291156291166,1.01383086863489,229,1,0.772666666666667
"a.gam[2]",-1.54641952657993,0.916766017029075,-3.10777126507101,-2.17577708724728,-1.63189262511726,-0.999507573443683,0.484967778226697,1.02499170810532,110,1,0.944888888888889
"a.gam[3]",-3.31898247686233,0.91398255330898,-4.9574708746363,-3.94254461767818,-3.37811902578042,-2.76431578163413,-1.34283212328987,1.00846565635038,385,0,0.998
"a.gam[4]",-0.0358193216410275,1.60612795781385,-3.18748121170126,-1.13593949090312,-0.0322486216783835,1.00150124563144,3.09306814319281,1.00162525140227,1042,1,0.507777777777778
"b.gam.elev",-0.562808801058277,0.341934214110851,-1.27589446176529,-0.777573620069672,-0.542128117134972,-0.324218535764826,0.0452588246779881,1.00326190127915,818,1,0.962666666666667
"b.gam.water",-0.618290990598467,0.248522396311262,-1.1079370584209,-0.785787073073609,-0.61165292585063,-0.4474922236106,-0.150932648872421,1.00350451706089,556,0,0.996222222222222
"b.gam.road",-0.558748966404204,0.276955077322473,-1.15170696597535,-0.73099545158241,-0.548719469085638,-0.371267963437638,-0.0514670276767428,1.00152922329229,1358,0,0.986
"b.gam.harv",-0.0858976826637929,0.244190783970142,-0.578240627968436,-0.24203538255504,-0.082498867516934,0.0786824915190517,0.391276594987536,1.00145912590135,1230,1,0.632666666666667
"a.phi[1]",-1.22262549091562,0.984826338737386,-3.20798702330699,-1.86345308657383,-1.19298810969745,-0.560422896245291,0.664660457718329,1.00313430811103,604,1,0.9
"a.phi[2]",2.00471476191448,0.711684867408309,0.857329791181984,1.52168424392759,1.91611627831033,2.40376014986623,3.62727105450918,1.00712168232857,504,0,1
"a.phi[3]",-0.59385115062946,1.6170081840416,-3.76720668134302,-1.66745828583151,-0.606568679661074,0.48892326298329,2.56973179617086,0.99976397081046,4500,1,0.646666666666667
"a.phi[4]",-0.00709661565230911,1.66165563237875,-3.21769558849029,-1.1462376463805,-0.0018569520918863,1.11371544439023,3.23698681971836,0.999768065278306,4500,1,0.500222222222222
"b.phi.elev",1.07984857895076,0.606161963259623,-0.0420034310982276,0.676530861409447,1.0543359195731,1.46484764312906,2.3376708180372,1.00472500484114,498,1,0.971111111111111
"b.phi.water",0.739150125843601,0.418906482201676,-0.0581978350135953,0.46952170439368,0.725557505747925,1.00376801491548,1.60773196432571,1.00052548693045,4500,1,0.966222222222222
"b.phi.road",1.36386456851854,0.558508028743032,0.294986715705726,0.991791196719883,1.34633154998148,1.71559091594849,2.52242086886143,1.00025466669081,4500,0,0.994666666666667
"b.phi.harv",1.1825170401804,0.458114056197397,0.38504319462421,0.859419117013924,1.15192431937329,1.46253403708002,2.16461313471813,1.00348964430319,795,0,0.998888888888889
"a.p",-0.748696868579166,0.293565197465351,-1.34332111465718,-0.930791726046172,-0.744950478986045,-0.565520968096237,-0.16538295149116,1.00247166202564,1192,0,0.992
"b.p.ak",-0.0392206987453455,1.65686977098802,-3.24670675076435,-1.17503107723862,-0.0314121794406594,1.07276739666603,3.21024407373307,1.00080899114318,2501,1,0.510444444444444
"b.p.clutter",0.505508802492544,0.109872473894704,0.292396506447479,0.430875724481848,0.505446961367559,0.577413772429356,0.720024108591829,1.00607156379205,324,0,1
"b.p.temp",-0.00464570063895601,0.118663574788697,-0.241609979063595,-0.0838257576779173,-0.000726970059585441,0.076625855644245,0.220450620062972,1.00021438946762,4500,1,0.504
"b.p.julian",-0.0403003789081278,0.0983913132390929,-0.232494156067725,-0.107997270774639,-0.0411539892057517,0.0253759655328751,0.153409043543951,1.00061372661638,2381,1,0.657111111111111
"sigma.gam",2.50042251128758,1.2383151636263,0.995334787719674,1.64671977227485,2.21493551848599,3.06897905656563,5.60426745203128,1.01108180080081,403,0,1
"sigma.phi",0.906394484484414,0.793382937599231,0.0375113537346262,0.349377679678719,0.706136217123428,1.23744515877232,2.85314561332267,1.01330286391301,220,0,1
"sigma.p",0.732917513084249,0.281134098816178,0.331114643440209,0.53996325781668,0.686962996120534,0.871743261684355,1.38935298627394,1.00128852809002,3688,0,1
"eps.gam[1]",-1.75251780937068,1.35057395530247,-4.8805953849971,-2.50649582279179,-1.57258662773058,-0.80578976910552,0.398985301418978,1.00583418143604,435,1,0.936666666666667
"eps.gam[2]",-1.33245822171751,1.0967886960192,-3.72755862323291,-1.98999952707074,-1.22798880908567,-0.576864410264569,0.528356645325815,1.00895407175458,268,1,0.906666666666667
"eps.gam[3]",-2.67021269756673,1.77574352171294,-6.90526025905666,-3.49485992101355,-2.34856356764494,-1.48925539300139,-0.309998721843861,1.02056834236598,234,0,0.989555555555556
"eps.gam[4]",-3.90332942794074,2.11864729131884,-9.06610832604739,-4.92365386945102,-3.49385350102948,-2.43587520398622,-0.920165819133762,1.01279163398825,306,0,0.999333333333333
"eps.gam[5]",-2.12227850587252,1.142686662549,-4.66198611994881,-2.80661929770857,-1.97716063540345,-1.30438509234075,-0.271027757302021,1.01129349563096,230,0,0.991333333333333
"eps.gam[6]",-0.838695063492356,1.00306339138047,-3.01350827970772,-1.43965289599994,-0.752873144266936,-0.132920904021428,0.884525761934016,1.01480186574565,204,1,0.793777777777778
"eps.gam[7]",0.54525096510628,0.913403685728802,-1.42996959974434,-0.0130204384916736,0.601667688663301,1.15902490750906,2.20453076908749,1.01700435195578,174,1,0.744222222222222
"eps.gam[8]",0.887627666105419,0.922628700973068,-1.16589156101803,0.362293168436652,0.979618996322819,1.52635396819075,2.40282470818914,1.01099789034609,330,1,0.843555555555556
"eps.phi[1]",-0.505265440082189,0.935234104977635,-2.84919016852577,-0.868456489447259,-0.262969022335157,0.0336333661399992,0.864753953926973,1.00635459623801,734,1,0.713777777777778
"eps.phi[2]",0.340357931519207,0.944791256196764,-1.20262848575528,-0.124434493211355,0.145460921713096,0.682431135532326,2.61559719682967,1.01415927293831,484,1,0.634
"eps.phi[3]",-0.263438579085934,0.86036565799754,-2.26263535813616,-0.620612790732746,-0.129968236077092,0.128554525601596,1.24487044743515,1.00667876122516,899,1,0.633111111111111
"eps.phi[4]",-0.317765617695911,0.869493479443709,-2.40245063113325,-0.706220486914307,-0.154630840680798,0.116026043694479,1.25436365448161,1.00699760552754,616,1,0.641111111111111
"eps.phi[5]",-0.169521539465646,1.10261582118816,-2.48337621410206,-0.600528007549254,-0.0767737873849275,0.209270550942599,2.13790216121173,1.00646745417326,4500,1,0.588444444444444
"eps.phi[6]",-0.00471293324029666,0.942844123640114,-1.86969859604867,-0.391168476219128,-0.00867109524154551,0.339564826541118,1.95593360408229,1.00515215927379,1901,1,0.516444444444444
"eps.phi[7]",0.407400311325622,0.911850621728106,-1.07529127520768,-0.0757291627314585,0.1936369070149,0.787323181763097,2.69588777850585,1.00855658711037,506,1,0.671555555555556
"eps.phi[8]",0.581688182262638,1.19974692204738,-0.78362211622305,-0.0472728576393664,0.232895670588597,0.876032823361742,3.77836372316442,1.01649338810818,420,1,0.692888888888889
"eps.p[1]",0.0954594814497058,0.418645079129746,-0.70526569299832,-0.175907057521274,0.0933452656823941,0.364217815547481,0.956430695278212,1.0017176326916,1012,1,0.586444444444444
"eps.p[2]",0.630706671347496,0.402945834265279,-0.123446705441055,0.349615066498173,0.612563747493167,0.892667027041372,1.45633316348018,0.999970606781388,4500,1,0.950888888888889
"eps.p[3]",-1.09943411204613,0.449104597160453,-2.06139461560421,-1.37752749889645,-1.0785348870117,-0.789365120159923,-0.304931212416106,1.00083340447247,4277,0,0.996222222222222
"eps.p[4]",-0.466870764559661,0.399232416320615,-1.30490353927395,-0.715065471349127,-0.447921581418826,-0.200505635981159,0.280225478135373,0.999870696566861,4500,1,0.889555555555556
"eps.p[5]",0.235515543331442,0.43530836019821,-0.599634205651675,-0.0484855002686262,0.226238658887138,0.512592553533513,1.12593038721879,1.00013789450694,4500,1,0.710888888888889
"eps.p[6]",0.389808764424737,0.403005321295345,-0.384350089919301,0.1258292503646,0.377689078642329,0.638078664855481,1.23512195014357,1.0003961239741,4500,1,0.839555555555556
"eps.p[7]",-0.181382338099221,0.431088238568428,-1.07721010841838,-0.453485483854071,-0.167623044862688,0.10384566819385,0.633088404895749,1.0008009360427,4500,1,0.660666666666667
"eps.p[8]",-0.243066930860459,0.349947335695969,-0.952734718938718,-0.464631600392836,-0.239804539440379,-0.0151248268593674,0.444963142065014,1.00081729478351,2467,1,0.766666666666667
"eps.p[9]",0.50285524657708,0.338669127998711,-0.1611084244358,0.284876131824099,0.498956556710954,0.716046766652037,1.19878768471547,1.00255419229745,1098,1,0.935777777777778
"psi.fs[1]",0.169400600600601,0.0411073371366256,0.0972972972972973,0.140540540540541,0.167567567567568,0.194594594594595,0.259459459459459,1.00568343590505,386,0,1
"psi.fs[2]",0.135624024024024,0.0267923452872655,0.0918918918918919,0.118918918918919,0.135135135135135,0.151351351351351,0.194594594594595,1.00390087179378,500,0,1
"psi.fs[3]",0.154294294294294,0.0295414160533907,0.108108108108108,0.135135135135135,0.151351351351351,0.172972972972973,0.221621621621622,1.00340670373596,577,0,1
"psi.fs[4]",0.12067027027027,0.0201391940959664,0.0864864864864865,0.108108108108108,0.118918918918919,0.135135135135135,0.162162162162162,1.00592157894015,348,0,1
"psi.fs[5]",0.0936564564564565,0.0161287644530384,0.0648648648648649,0.0810810810810811,0.0918918918918919,0.102702702702703,0.12972972972973,1.00400729934648,482,0,1
"psi.fs[6]",0.104701501501502,0.0148257114697892,0.0810810810810811,0.0918918918918919,0.102702702702703,0.113513513513514,0.135135135135135,1.00481828054399,428,0,1
"psi.fs[7]",0.157803003003003,0.0284639227790121,0.113513513513514,0.140540540540541,0.156756756756757,0.172972972972973,0.221621621621622,1.00151905877853,1319,0,1
"psi.fs[8]",0.26341981981982,0.0343321254600744,0.205405405405405,0.237837837837838,0.259459459459459,0.286486486486487,0.340540540540541,1.00186699280056,1007,0,1
"psi.fs[9]",0.314951351351351,0.0296060322406146,0.264864864864865,0.291891891891892,0.313513513513514,0.335135135135135,0.378378378378378,1.00461826141399,890,0,1
"psi.surv[1]",0.176462659380692,0.0324746185640267,0.114754098360656,0.147540983606557,0.180327868852459,0.19672131147541,0.245901639344262,1.01714265056345,121,0,1
"psi.surv[2]",0.117287211740042,0.0159934876003958,0.0943396226415094,0.10377358490566,0.113207547169811,0.122641509433962,0.150943396226415,1.02474418986604,92,0,1
"psi.surv[3]",0.153362618432386,0.022967897412935,0.116279069767442,0.13953488372093,0.147286821705426,0.170542635658915,0.201550387596899,1.00957981907032,213,0,1
"psi.surv[4]",0.127742092457421,0.0150935044168822,0.102189781021898,0.116788321167883,0.124087591240876,0.138686131386861,0.160583941605839,1.01936253936367,115,0,1
"psi.surv[5]",0.0677493333333333,0.0102020186366802,0.056,0.064,0.064,0.072,0.088,1.00158396486809,1049,0,1
"psi.surv[6]",0.0937061894108874,0.0121494656530153,0.0738255033557047,0.087248322147651,0.0939597315436242,0.100671140939597,0.120805369127517,1.00064152233518,2722,0,1
"psi.surv[7]",0.0985742379547689,0.0232013233958018,0.0707964601769911,0.079646017699115,0.0973451327433628,0.106194690265487,0.15929203539823,1.00049491529033,3361,0,1
"psi.surv[8]",0.292602430555556,0.0363657257112183,0.234375,0.265625,0.2890625,0.3125,0.375,1.00152492930166,1231,0,1
"psi.surv[9]",0.342254952627046,0.0289374493561979,0.294573643410853,0.317829457364341,0.341085271317829,0.356589147286822,0.410852713178295,1.00266377998468,1986,0,1
"n.occ[1]",31.3391111111111,7.60485737027573,18,26,31,36,48,1.00568343590505,386,0,1
"n.occ[2]",25.0904444444444,4.95658387814413,17,22,25,28,36,1.00390087179378,500,0,1
"n.occ[3]",28.5444444444444,5.46516196987728,20,25,28,32,41,1.00340670373596,577,0,1
"n.occ[4]",22.324,3.72575090775378,16,20,22,25,30,1.00592157894015,348,0,1
"n.occ[5]",17.3264444444444,2.9838214238121,12,15,17,19,24,1.00400729934648,482,0,1
"n.occ[6]",19.3697777777778,2.742756621911,15,17,19,21,25,1.00481828054399,428,0,1
"n.occ[7]",29.1935555555556,5.26582571411724,21,26,29,32,41,1.00151905877853,1319,0,1
"n.occ[8]",48.7326666666667,6.35144321011377,38,44,48,53,63,1.00186699280056,1007,0,1
"n.occ[9]",58.266,5.4771159645137,49,54,58,62,70,1.00461826141399,890,0,1
"psi.reg[1,1]",0.126501424501424,0.0624330299879277,0.0512820512820513,0.0769230769230769,0.102564102564103,0.153846153846154,0.282051282051282,1.00102284691548,2752,0,1
"psi.reg[2,1]",0.422448148148148,0.110016014302491,0.216666666666667,0.35,0.416666666666667,0.483333333333333,0.65,1.00783467875978,281,0,1
"psi.reg[3,1]",0.0320808080808081,0.0465674609686784,0,0,0.0303030303030303,0.0606060606060606,0.151515151515152,1.0034066447545,1257,1,1
"psi.reg[4,1]",0,0,0,0,0,0,0,NA,1,1,1
"psi.reg[1,2]",0.111475783475783,0.0658874314861652,0.0256410256410256,0.0512820512820513,0.102564102564103,0.153846153846154,0.282051282051282,1.00221194016091,2048,0,1
"psi.reg[2,2]",0.341685185185185,0.0589776671266835,0.233333333333333,0.3,0.333333333333333,0.383333333333333,0.466666666666667,1.0064225699451,317,0,1
"psi.reg[3,2]",0.00732659932659933,0.0159405492654456,0,0,0,0,0.0606060606060606,1.00768093139366,708,1,1
"psi.reg[4,2]",0,0,0,0,0,0,0,NA,1,1,1
"psi.reg[1,3]",0.112091168091168,0.0639267959273329,0.0256410256410256,0.0769230769230769,0.102564102564103,0.153846153846154,0.256410256410256,1.00079554666284,2369,0,1
"psi.reg[2,3]",0.397459259259259,0.0639348330924623,0.283333333333333,0.35,0.4,0.433333333333333,0.533333333333333,1.00445066548438,449,0,1
"psi.reg[3,3]",0.00985858585858586,0.0187459872260588,0,0,0,0.0303030303030303,0.0606060606060606,1.00474330390844,947,1,1
"psi.reg[4,3]",0,0,0,0,0,0,0,NA,1,1,1
"psi.reg[1,4]",0.0605584045584046,0.0358383301129868,0.0256410256410256,0.0256410256410256,0.0512820512820513,0.0769230769230769,0.153846153846154,1.0010147287396,2596,0,1
"psi.reg[2,4]",0.330418518518519,0.0506931057308363,0.25,0.3,0.333333333333333,0.366666666666667,0.433333333333333,1.00673206058194,299,0,1
"psi.reg[3,4]",0.00415488215488216,0.0117324208065928,0,0,0,0,0.0303030303030303,1.00197745774757,4471,1,1
"psi.reg[4,4]",0,0,0,0,0,0,0,NA,1,1,1
"psi.reg[1,5]",0.0127635327635328,0.0200939858627407,0,0,0,0.0256410256410256,0.0769230769230769,1.00176218813189,3454,1,1
"psi.reg[2,5]",0.279466666666667,0.0449794708660242,0.2,0.25,0.266666666666667,0.3,0.383333333333333,1.00429858759359,472,0,1
"psi.reg[3,5]",0.00183838383838384,0.00775220043685083,0,0,0,0,0.0303030303030303,1.00092788487176,4500,1,1
"psi.reg[4,5]",0,0,0,0,0,0,0,NA,1,1,1
"psi.reg[1,6]",0.0434700854700855,0.023086774382598,0.0256410256410256,0.0256410256410256,0.0256410256410256,0.0512820512820513,0.102564102564103,1.00050435284971,2705,0,1
"psi.reg[2,6]",0.292785185185185,0.0399246750423803,0.216666666666667,0.266666666666667,0.283333333333333,0.316666666666667,0.383333333333333,1.00510535294055,405,0,1
"psi.reg[3,6]",0.00325252525252525,0.0101741867226545,0,0,0,0,0.0303030303030303,1.0060953141318,1623,1,1
"psi.reg[4,6]",0,0,0,0,0,0,0,NA,1,1,1
"psi.reg[1,7]",0.142814814814815,0.0610674782336365,0.0512820512820513,0.102564102564103,0.128205128205128,0.179487179487179,0.282051282051282,1.00095189810196,2293,0,1
"psi.reg[2,7]",0.387766666666667,0.0591948094215063,0.283333333333333,0.35,0.383333333333333,0.416666666666667,0.516666666666667,1.00148577286496,1395,0,1
"psi.reg[3,7]",0.0108417508417508,0.0196925666609894,0,0,0,0.0303030303030303,0.0606060606060606,1.00029830855457,4500,1,1
"psi.reg[4,7]",0,0,0,0,0,0,0,NA,1,1,1
"psi.reg[1,8]",0.30645584045584,0.0795709199890037,0.179487179487179,0.256410256410256,0.307692307692308,0.358974358974359,0.487179487179487,1.00287322806373,1335,0,1
"psi.reg[2,8]",0.575055555555556,0.0645554372996363,0.466666666666667,0.533333333333333,0.566666666666667,0.616666666666667,0.716666666666667,1.0020932679965,1024,0,1
"psi.reg[3,8]",0.069016835016835,0.0391262602721981,0.0303030303030303,0.0303030303030303,0.0606060606060606,0.0909090909090909,0.151515151515152,1.00220619743413,1759,0,1
"psi.reg[4,8]",0,0,0,0,0,0,0,NA,1,1,1
"psi.reg[1,9]",0.588421652421652,0.0563076787175621,0.487179487179487,0.538461538461538,0.58974358974359,0.615384615384615,0.717948717948718,1.00078390642067,2153,0,1
"psi.reg[2,9]",0.532451851851852,0.0659643923438959,0.416666666666667,0.483333333333333,0.533333333333333,0.566666666666667,0.666666666666667,1.00490756853827,991,0,1
"psi.reg[3,9]",0.10213468013468,0.0339451772930048,0.0606060606060606,0.0909090909090909,0.0909090909090909,0.121212121212121,0.181818181818182,1.00018381848542,4500,0,1
"psi.reg[4,9]",0,0,0,0,0,0,0,NA,1,1,1
"n.occ.reg[1,1]",4.93355555555556,2.43488816952918,2,3,4,6,11,1.00102284691548,2752,0,1
"n.occ.reg[2,1]",25.3468888888889,6.60096085814945,13,21,25,29,39,1.00783467875978,281,0,1
"n.occ.reg[3,1]",1.05866666666667,1.53672621196639,0,0,1,2,5,1.0034066447545,1257,1,1
"n.occ.reg[4,1]",0,0,0,0,0,0,0,NA,1,1,1
"n.occ.reg[1,2]",4.34755555555556,2.56960982796044,1,2,4,6,11,1.00221194016091,2048,0,1
"n.occ.reg[2,2]",20.5011111111111,3.53866002760101,14,18,20,23,28,1.0064225699451,317,0,1
"n.occ.reg[3,2]",0.241777777777778,0.526038125759706,0,0,0,0,2,1.00768093139366,708,1,1
"n.occ.reg[4,2]",0,0,0,0,0,0,0,NA,1,1,1
"n.occ.reg[1,3]",4.37155555555556,2.49314504116598,1,3,4,6,10,1.00079554666284,2369,0,1
"n.occ.reg[2,3]",23.8475555555556,3.83608998554774,17,21,24,26,32,1.00445066548438,449,0,1
"n.occ.reg[3,3]",0.325333333333333,0.61861757845994,0,0,0,1,2,1.00474330390844,947,1,1
"n.occ.reg[4,3]",0,0,0,0,0,0,0,NA,1,1,1
"n.occ.reg[1,4]",2.36177777777778,1.39769487440648,1,1,2,3,6,1.0010147287396,2596,0,1
"n.occ.reg[2,4]",19.8251111111111,3.04158634385018,15,18,20,22,26,1.00673206058194,299,0,1
"n.occ.reg[3,4]",0.137111111111111,0.387169886617561,0,0,0,0,1,1.00197745774757,4471,1,1
"n.occ.reg[4,4]",0,0,0,0,0,0,0,NA,1,1,1
"n.occ.reg[1,5]",0.497777777777778,0.783665448646889,0,0,0,1,3,1.00176218813189,3454,1,1
"n.occ.reg[2,5]",16.768,2.69876825196145,12,15,16,18,23,1.00429858759359,472,0,1
"n.occ.reg[3,5]",0.0606666666666667,0.255822614416077,0,0,0,0,1,1.00092788487176,4500,1,1
"n.occ.reg[4,5]",0,0,0,0,0,0,0,NA,1,1,1
"n.occ.reg[1,6]",1.69533333333333,0.900384200921321,1,1,1,2,4,1.00050435284971,2705,0,1
"n.occ.reg[2,6]",17.5671111111111,2.39548050254282,13,16,17,19,23,1.00510535294055,405,0,1
"n.occ.reg[3,6]",0.107333333333333,0.335748161847598,0,0,0,0,1,1.0060953141318,1623,1,1
"n.occ.reg[4,6]",0,0,0,0,0,0,0,NA,1,1,1
"n.occ.reg[1,7]",5.56977777777778,2.38163165111182,2,4,5,7,11,1.00095189810196,2293,0,1
"n.occ.reg[2,7]",23.266,3.55168856529038,17,21,23,25,31,1.00148577286496,1395,0,1
"n.occ.reg[3,7]",0.357777777777778,0.649854699812649,0,0,0,1,2,1.00029830855457,4500,1,1
"n.occ.reg[4,7]",0,0,0,0,0,0,0,NA,1,1,1
"n.occ.reg[1,8]",11.9517777777778,3.10326587957114,7,10,12,14,19,1.00287322806373,1335,0,1
"n.occ.reg[2,8]",34.5033333333333,3.87332623797818,28,32,34,37,43,1.0020932679965,1024,0,1
"n.occ.reg[3,8]",2.27755555555556,1.29116658898254,1,1,2,3,5,1.00220619743413,1759,0,1
"n.occ.reg[4,8]",0,0,0,0,0,0,0,NA,1,1,1
"n.occ.reg[1,9]",22.9484444444444,2.19599946998492,19,21,23,24,28,1.00078390642067,2153,0,1
"n.occ.reg[2,9]",31.9471111111111,3.95786354063375,25,29,32,34,40,1.00490756853827,991,0,1
"n.occ.reg[3,9]",3.37044444444444,1.12019085066916,2,3,3,4,6,1.00018381848542,4500,0,1
"n.occ.reg[4,9]",0,0,0,0,0,0,0,NA,1,1,1
"psi.reg.init[1]",0.117993065089576,0.0827581555960089,0.0176100324352623,0.0577084882960272,0.0983227303662193,0.156085401258007,0.336342284180162,1.00208063843273,911,0,1
"psi.reg.init[2]",0.433957841718123,0.137014953851119,0.194753781422278,0.33488793925736,0.428149073815952,0.523681910438981,0.724643320052297,1.00616610012061,340,0,1
"psi.reg.init[3]",0.0526395348502213,0.0492669487901387,0.0046286631683844,0.0199409903821644,0.0381840414068021,0.0673359323498672,0.186499673106999,1.00479235043408,1354,0,1
"psi.reg.init[4]",0.503640055944417,0.283878081853553,0.0422274501256563,0.253064478585329,0.498706596463012,0.756812994556037,0.959069672187321,1.00062579085792,2221,0,1
"gamma.reg[1,1]",0.114882774451643,0.0889921243910578,0.0085386007079633,0.0498629167893746,0.093134509362697,0.156897591471742,0.34645812925297,0.999905779235169,4500,0,1
"gamma.reg[2,1]",0.0556694427985878,0.0518414980760086,0.00265003541127893,0.0181994417846869,0.0397622403718056,0.0773841745321716,0.194686298192222,1.00275963783649,822,0,1
"gamma.reg[3,1]",0.0104622719507434,0.0113209941950881,0.000473520713718553,0.00325725717214569,0.00689585089770037,0.0138278839112419,0.040501859459895,1.00447631831778,1328,0,1
"gamma.reg[4,1]",0.255964225594922,0.262262175327366,0.0021503225158726,0.0434892879360138,0.151953064036567,0.407286955726578,0.898473400021166,1.00332491184282,628,0,1
"gamma.reg[1,2]",0.149765655347134,0.0972175927979333,0.0220896273855833,0.0794962383507424,0.128598772403183,0.199364289791926,0.391617046700053,1.00130039332933,3428,0,1
"gamma.reg[2,2]",0.0692581884127954,0.0509339904249166,0.00835339642992863,0.0328807488910505,0.0561019361968202,0.0929372591312572,0.201954355829969,1.00169045881452,1248,0,1
"gamma.reg[3,2]",0.0140442515264534,0.013470233347344,0.00114736665563797,0.0052260440420673,0.0101582829534328,0.0181302682598506,0.0497639692362445,1.00470536305802,1863,0,1
"gamma.reg[4,2]",0.300650123105558,0.273626513953677,0.00483942352399524,0.0674548425363612,0.211572292520659,0.48025041696066,0.915223609216401,1.00401795296789,484,0,1
"gamma.reg[1,3]",0.0588155797468126,0.051325137617688,0.00124365345302053,0.0203504863006614,0.046805685186258,0.0824614882829338,0.189293740452549,1.00135680275463,2082,0,1
"gamma.reg[2,3]",0.0273395258542471,0.0289183034570618,0.000382804757581026,0.00791243613028862,0.0183501771275272,0.0372988820953097,0.105085591517654,1.00023900010108,4500,0,1
"gamma.reg[3,3]",0.00510791611295235,0.0060782925327706,7.10775380760929e-05,0.00128860738108475,0.00316434724902686,0.00670992127855175,0.0220643117336319,1.00508496596455,1315,0,1
"gamma.reg[4,3]",0.174008567858237,0.221434788607843,0.000382178683052339,0.0167005702542894,0.0754023091527537,0.248753069304518,0.795906632524741,1.00414803170296,554,0,1
"gamma.reg[1,4]",0.024920326019374,0.0297196208338852,0.000144713280286936,0.00488113640273233,0.0147173252304404,0.0336663181874582,0.110263711002058,1.00010914611025,4500,0,1
"gamma.reg[2,4]",0.0113307789923364,0.0152594557232017,5.17176601022557e-05,0.00181074807415714,0.00585084098873737,0.0145495627280468,0.056096184738726,1.00447557339216,3034,0,1
"gamma.reg[3,4]",0.00211465470310851,0.00325654401165271,7.83278433576742e-06,0.000297568681080235,0.00101414677938927,0.00253507511965185,0.0109479860147533,1.00188327135893,3504,0,1
"gamma.reg[4,4]",0.0989249952391428,0.16559058683523,5.28437759463053e-05,0.00395774180442659,0.0248510940976045,0.112605490491336,0.629629707075543,1.00215374341793,1600,0,1
"gamma.reg[1,5]",0.0729090900154359,0.0452802689500764,0.0124219801181776,0.0398540291674298,0.0633538575283192,0.096777676805918,0.183329209833611,1.00226959689568,1192,0,1
"gamma.reg[2,5]",0.0334113471346505,0.0254949414760732,0.00341775241624764,0.0152225363118445,0.0270663836318518,0.0446740365323407,0.100108393432996,1.00478616942546,523,0,1
"gamma.reg[3,5]",0.0063034355367006,0.00598628463174272,0.000560376460022102,0.00246160030471342,0.00455416455155642,0.00811800577993607,0.0220242222058862,1.0052703071948,959,0,1
"gamma.reg[4,5]",0.206092920839115,0.231214774718287,0.00179301653082318,0.0308191550999709,0.112744050382592,0.303822318064238,0.819108186609475,1.00360752007165,555,0,1
"gamma.reg[1,6]",0.205615248154059,0.0989984469109394,0.0579963758288518,0.134009563552614,0.190875019396077,0.262311533449013,0.443730027493324,1.00109628045793,4464,0,1
"gamma.reg[2,6]",0.0999466090954133,0.0625861357040904,0.0212164802115084,0.0553982635260371,0.0851656405289786,0.129909653340771,0.26042570892676,1.00797498964624,523,0,1
"gamma.reg[3,6]",0.0205137712049411,0.0168266692593576,0.00269598003853985,0.00936173347735947,0.0159011393028033,0.0263215708293434,0.0656223118495859,1.00358866774786,4500,0,1
"gamma.reg[4,6]",0.367985145769333,0.289469891706766,0.00930566286586513,0.106446388699266,0.30473015348843,0.597064446282163,0.939743602533595,1.0049128702791,388,0,1
"gamma.reg[1,7]",0.480420120060019,0.141145976781849,0.231000472337247,0.378782156284592,0.470716481464101,0.57580443055396,0.769883481045919,1.00263528663312,759,0,1
"gamma.reg[2,7]",0.28367334495397,0.120376221066808,0.10031504471912,0.196069181081143,0.266888074283768,0.35120924780665,0.56812523923835,1.00155174393208,1119,0,1
"gamma.reg[3,7]",0.0713285251667611,0.0483121058621369,0.0147930239374938,0.0372678160256853,0.0596820668211186,0.0919793610799575,0.19817120340368,1.00378000854166,707,0,1
"gamma.reg[4,7]",0.582723203167216,0.296892036570621,0.0360747482743979,0.331966104575741,0.630480204382655,0.853318879282452,0.983464771909097,1.00788409140414,264,0,1
"gamma.reg[1,8]",0.560489913552248,0.137794548380379,0.287404946930291,0.463763310924733,0.567817830530773,0.658741770202466,0.81298142167055,1.0007986187134,3029,0,1
"gamma.reg[2,8]",0.354498970182792,0.142574179619882,0.126803967101591,0.251455943735929,0.33780746542446,0.44232662039706,0.679737231636185,1.0065881686765,311,0,1
"gamma.reg[3,8]",0.0942827167613315,0.0550006925679768,0.0217936290791892,0.0541903235506833,0.0819617843982516,0.123131005259394,0.232255805205077,1.00174747807279,2899,0,1
"gamma.reg[4,8]",0.634687506700258,0.291131893335661,0.0499559192784541,0.405686014423464,0.709841068289923,0.893852132206247,0.987975877884929,1.00469530824465,434,0,1
"phi.reg[1,1]",0.213311197561334,0.173833983799252,0.00802670908533211,0.0738871645594263,0.172001617802823,0.305763134911735,0.642654154995811,1.00493142039846,421,0,1
"phi.reg[2,1]",0.786027065519045,0.142221996687895,0.395244551245956,0.723531263435427,0.822189492629691,0.886933911383071,0.961982721225446,1.00483486030619,942,0,1
"phi.reg[3,1]",0.335509149267302,0.280971741916517,0.00724124511485032,0.0873454753047287,0.258177920924002,0.553467607449724,0.92698461954283,1.00043613736082,2634,0,1
"phi.reg[4,1]",0.42567526998337,0.302365601396209,0.0129835302669789,0.14279465315014,0.389823743957455,0.691259702048909,0.957030701215345,1.00017026701229,3985,0,1
"phi.reg[1,2]",0.332069893577704,0.219709103708461,0.035994419895272,0.160774266255448,0.284670354146266,0.473573766414722,0.849126116857375,1.00019174924808,4500,0,1
"phi.reg[2,2]",0.878772104554308,0.0880258783970591,0.671567391838992,0.832215256167757,0.892451247175223,0.94536899402517,0.99467934057589,1.00249493197092,805,0,1
"phi.reg[3,2]",0.455567166237423,0.298273446107722,0.0231114232859538,0.186529128132203,0.427000815974995,0.715918126208152,0.969418777347497,1.00049508488321,2962,0,1
"phi.reg[4,2]",0.549702799507122,0.302361355803072,0.0361988531693362,0.283432240664852,0.575026499378417,0.830536250098534,0.985142994531114,1.00047184030152,2490,0,1
"phi.reg[1,3]",0.241528217865652,0.18870371805701,0.0147487874551807,0.0925714846569908,0.191600378969517,0.343109463076348,0.710200877503819,1.00473702546804,492,0,1
"phi.reg[2,3]",0.823267031186212,0.107826356996917,0.548385645005419,0.768334972779044,0.844307039094188,0.898432556327356,0.975013171195182,1.00348049635737,2674,0,1
"phi.reg[3,3]",0.365767156228062,0.284115619835849,0.0117411150251864,0.112260254761733,0.298158314680851,0.591901682982774,0.938148407527219,1.00035004192617,3373,0,1
"phi.reg[4,3]",0.459092538937854,0.302333622672768,0.019080231449222,0.177662475765243,0.44041098750323,0.726594071766908,0.967576452648345,0.999915853363572,4500,0,1
"phi.reg[1,4]",0.234327377217437,0.182346693430854,0.0121976625256021,0.0882022143853031,0.191369530396715,0.335086156086367,0.686532243789256,1.00231547068797,761,0,1
"phi.reg[2,4]",0.812659738048015,0.119008702342549,0.514643508893256,0.754839735451602,0.836322144905743,0.897022142003849,0.975487291287002,1.00320550909841,4500,0,1
"phi.reg[3,4]",0.358291918901114,0.282648060216227,0.0109419029721646,0.107237701752427,0.288144202548713,0.582624618051393,0.931462892556335,1.00095030450455,1615,0,1
"phi.reg[4,4]",0.451118319929022,0.302953747733252,0.015779404858704,0.17067181112861,0.429788012792407,0.724227041793524,0.965817225578938,1.00014801093342,4500,0,1
"phi.reg[1,5]",0.260451020602633,0.208654734903192,0.0120772429669763,0.0943732907159128,0.210176984925727,0.37181189332898,0.786833833426405,1.00175031514137,1184,0,1
"phi.reg[2,5]",0.818274422158679,0.134036779164576,0.453098848374896,0.763022400772878,0.84922162827012,0.91159623980782,0.989939213647924,1.00284776653833,2078,0,1
"phi.reg[3,5]",0.379995838081058,0.29107922409713,0.010712286527326,0.118480621048778,0.318597880969358,0.615211563468974,0.957553444140967,0.99982865338857,4500,0,1
"phi.reg[4,5]",0.472134521886002,0.307873292809215,0.0177481450583508,0.177675473470985,0.456234871001697,0.751821711478931,0.974511414920287,0.999814120504284,4500,0,1
"phi.reg[1,6]",0.281116915184441,0.210322625627943,0.0194380003896123,0.114134988304045,0.230045322167966,0.398771929003064,0.800476213579177,1.00269665308286,812,0,1
"phi.reg[2,6]",0.846233689020172,0.107337924842198,0.563082056335756,0.794403049686091,0.866891566702439,0.922881485238205,0.987678197995249,1.00605902317418,2974,0,1
"phi.reg[3,6]",0.402729014649994,0.291534040360451,0.0151462519150371,0.138299267690562,0.349193502437805,0.647325501029593,0.956807948932964,1.00035257071775,3733,0,1
"phi.reg[4,6]",0.496362878164832,0.304782393461783,0.0251587812712481,0.218011647947877,0.490256037008205,0.782439651780544,0.976155273314154,0.99980662897886,4500,0,1
"phi.reg[1,7]",0.344268755271071,0.219825178140081,0.0401169482863176,0.168952657288356,0.299760437508345,0.487081738026311,0.854456083953876,1.00080845431758,3202,0,1
"phi.reg[2,7]",0.886311206507477,0.0831162275781168,0.690214295382666,0.840365614574799,0.901318226630521,0.94963887008654,0.994748086257686,1.00363920647497,542,0,1
"phi.reg[3,7]",0.467473800256209,0.298033946120903,0.0250118354231379,0.196357384972018,0.447314242232945,0.726448627228137,0.974274561932204,1.00024011368386,4237,0,1
"phi.reg[4,7]",0.559133232225631,0.301612719316807,0.0407408664213839,0.292041136030426,0.591577815202399,0.839823441896721,0.985054952299956,1.0009315526095,1617,0,1
"phi.reg[1,8]",0.366117938768442,0.220500275750168,0.0557814214148725,0.195868768803412,0.324281522191135,0.497266899095355,0.895434048649877,1.00347402808948,1085,0,1
"phi.reg[2,8]",0.889512658427761,0.0807457822164303,0.704596422580613,0.839539696071091,0.900787577617241,0.954732738482791,0.998562975055793,1.00537912351733,360,0,1
"phi.reg[3,8]",0.485297344758242,0.303997820108065,0.0263610226361802,0.210826506188222,0.46803209947339,0.758579631478921,0.987219840342633,1.00110761013829,1781,0,1
"phi.reg[4,8]",0.57740037206501,0.303997899318734,0.0432501534810789,0.308729575969979,0.61856225415381,0.85821499719288,0.992233458642166,1.00107040999444,1468,0,1
"ext.reg[1,1]",0.786688802438666,0.173833983799252,0.357345845004189,0.694236865088265,0.827998382197177,0.926112835440574,0.991973290914668,1.00493142039846,421,0,1
"ext.reg[2,1]",0.213972934480955,0.142221996687895,0.0380172787745544,0.113066088616929,0.177810507370309,0.276468736564573,0.604755448754043,1.00483486030619,942,0,1
"ext.reg[3,1]",0.664490850732698,0.280971741916517,0.0730153804571701,0.446532392550276,0.741822079075998,0.912654524695271,0.99275875488515,1.00043613736082,2634,0,1
"ext.reg[4,1]",0.57432473001663,0.302365601396209,0.0429692987846551,0.308740297951091,0.610176256042545,0.85720534684986,0.987016469733021,1.00017026701229,3985,0,1
"ext.reg[1,2]",0.667930106422296,0.219709103708461,0.150873883142625,0.526426233585278,0.715329645853734,0.839225733744552,0.964005580104728,1.00019174924808,4500,0,1
"ext.reg[2,2]",0.121227895445692,0.0880258783970591,0.00532065942411026,0.0546310059748295,0.107548752824777,0.167784743832243,0.328432608161008,1.00249493197092,805,0,1
"ext.reg[3,2]",0.544432833762577,0.298273446107722,0.0305812226525032,0.284081873791849,0.572999184025005,0.813470871867797,0.976888576714046,1.00049508488321,2962,0,1
"ext.reg[4,2]",0.450297200492878,0.302361355803072,0.0148570054688862,0.169463749901466,0.424973500621583,0.716567759335148,0.963801146830664,1.00047184030152,2490,0,1
"ext.reg[1,3]",0.758471782134348,0.18870371805701,0.289799122496181,0.656890536923652,0.808399621030482,0.907428515343009,0.985251212544819,1.00473702546804,492,0,1
"ext.reg[2,3]",0.176732968813788,0.107826356996917,0.024986828804818,0.101567443672644,0.155692960905812,0.231665027220956,0.451614354994581,1.00348049635737,2674,0,1
"ext.reg[3,3]",0.634232843771938,0.284115619835849,0.0618515924727807,0.408098317017226,0.701841685319148,0.887739745238267,0.988258884974814,1.00035004192617,3373,0,1
"ext.reg[4,3]",0.540907461062146,0.302333622672768,0.0324235473516546,0.273405928233092,0.55958901249677,0.822337524234757,0.980919768550778,0.999915853363572,4500,0,1
"ext.reg[1,4]",0.765672622782563,0.182346693430854,0.313467756210744,0.664913843913633,0.808630469603285,0.911797785614697,0.987802337474398,1.00231547068797,761,0,1
"ext.reg[2,4]",0.187340261951985,0.119008702342549,0.0245127087129976,0.102977857996151,0.163677855094257,0.245160264548398,0.485356491106744,1.00320550909841,4500,0,1
"ext.reg[3,4]",0.641708081098886,0.282648060216227,0.0685371074436648,0.417375381948607,0.711855797451287,0.892762298247573,0.989058097027835,1.00095030450455,1615,0,1
"ext.reg[4,4]",0.548881680070978,0.302953747733252,0.0341827744210615,0.275772958206476,0.570211987207593,0.829328188871389,0.984220595141296,1.00014801093342,4500,0,1
"ext.reg[1,5]",0.739548979397368,0.208654734903192,0.213166166573594,0.62818810667102,0.789823015074274,0.905626709284087,0.987922757033024,1.00175031514137,1184,0,1
"ext.reg[2,5]",0.181725577841321,0.134036779164576,0.0100607863520763,0.0884037601921804,0.15077837172988,0.236977599227122,0.546901151625103,1.00284776653833,2078,0,1
"ext.reg[3,5]",0.620004161918942,0.29107922409713,0.0424465558590333,0.384788436531026,0.681402119030642,0.881519378951222,0.989287713472674,0.99982865338857,4500,0,1
"ext.reg[4,5]",0.527865478113998,0.307873292809215,0.0254885850797131,0.248178288521069,0.543765128998303,0.822324526529016,0.982251854941649,0.999814120504284,4500,0,1
"ext.reg[1,6]",0.718883084815559,0.210322625627943,0.199523786420823,0.601228070996937,0.769954677832034,0.885865011695955,0.980561999610388,1.00269665308286,812,0,1
"ext.reg[2,6]",0.153766310979828,0.107337924842198,0.0123218020047512,0.0771185147617955,0.133108433297561,0.205596950313909,0.436917943664243,1.00605902317418,2974,0,1
"ext.reg[3,6]",0.597270985350006,0.291534040360451,0.0431920510670361,0.352674498970407,0.650806497562195,0.861700732309438,0.984853748084963,1.00035257071775,3733,0,1
"ext.reg[4,6]",0.503637121835168,0.304782393461783,0.0238447266858461,0.217560348219456,0.509743962991795,0.781988352052123,0.974841218728752,0.99980662897886,4500,0,1
"ext.reg[1,7]",0.655731244728929,0.219825178140081,0.145543916046124,0.512918261973689,0.700239562491655,0.831047342711644,0.959883051713682,1.00080845431758,3202,0,1
"ext.reg[2,7]",0.113688793492523,0.0831162275781168,0.0052519137423141,0.0503611299134598,0.0986817733694789,0.159634385425201,0.309785704617334,1.00363920647496,542,0,1
"ext.reg[3,7]",0.532526199743791,0.298033946120903,0.0257254380677963,0.273551372771863,0.552685757767055,0.803642615027982,0.974988164576862,1.00024011368386,4237,0,1
"ext.reg[4,7]",0.440866767774369,0.301612719316807,0.0149450477000441,0.160176558103279,0.408422184797601,0.707958863969574,0.959259133578616,1.0009315526095,1617,0,1
"ext.reg[1,8]",0.633882061231558,0.220500275750168,0.104565951350123,0.502733100904645,0.675718477808865,0.804131231196588,0.944218578585127,1.00347402808948,1085,0,1
"ext.reg[2,8]",0.110487341572239,0.0807457822164303,0.00143702494420697,0.0452672615172092,0.0992124223827586,0.160460303928909,0.295403577419387,1.00537912351733,360,0,1
"ext.reg[3,8]",0.514702655241758,0.303997820108065,0.0127801596573671,0.241420368521078,0.53196790052661,0.789173493811778,0.97363897736382,1.00110761013829,1781,0,1
"ext.reg[4,8]",0.42259962793499,0.303997899318734,0.00776654135783399,0.14178500280712,0.38143774584619,0.691270424030021,0.956749846518921,1.00107040999444,1468,0,1
"mean.gamma.reg[1]",0.208477338418341,0.0456787892121825,0.128780489459702,0.176477362531716,0.205208593790644,0.236723933965804,0.305395353661324,1.00173846427057,1559,0,1
"mean.gamma.reg[2]",0.116891025928099,0.0402509602377024,0.0539231446057926,0.0879230283058392,0.111841341358194,0.140137568224007,0.208780551690882,1.00661805790056,306,0,1
"mean.gamma.reg[3]",0.028019692870374,0.0140318578217871,0.00824572425544787,0.0178250204871657,0.0257598191301706,0.0353180979333593,0.0629509096132687,1.00235381112569,908,0,1
"mean.gamma.reg[4]",0.327629586034223,0.226008622799202,0.016773832985541,0.140506762282466,0.290598208277414,0.478463012513299,0.825792102668099,1.00496137664025,384,0,1
"mean.phi.reg[1]",0.284148914506089,0.154066410044847,0.0587797855767277,0.167734856157034,0.259083985142589,0.379122293161132,0.640872961920656,1.00246078659486,1101,0,1
"mean.phi.reg[2]",0.842632239427709,0.0626053772254451,0.705511612468997,0.803828333517159,0.847742471626579,0.887730497153002,0.946457247266987,1.00098607600873,3779,0,1
"mean.phi.reg[3]",0.406328923547425,0.25920896342695,0.0281695657093666,0.186259016634919,0.371867966085885,0.605127126409862,0.918982440965992,0.999803409794367,4500,0,1
"mean.phi.reg[4]",0.498827491587355,0.272873158995736,0.0466548962543031,0.265262935683609,0.497354980749063,0.736540812932336,0.953846859178777,0.999824768533938,4500,0,1
"mean.ext.reg[1]",0.715851085493911,0.154066410044847,0.359127038079344,0.620877706838868,0.740916014857411,0.832265143842966,0.941220214423272,1.00246078659486,1101,0,1
"mean.ext.reg[2]",0.157367760572291,0.0626053772254451,0.0535427527330126,0.112269502846998,0.152257528373421,0.196171666482841,0.294488387531003,1.00098607600873,3779,0,1
"mean.ext.reg[3]",0.593671076452575,0.25920896342695,0.0810175590340078,0.394872873590138,0.628132033914115,0.81374098336508,0.971830434290633,0.999803409794367,4500,0,1
"mean.ext.reg[4]",0.501172508412645,0.272873158995736,0.046153140821223,0.263459187067664,0.502645019250937,0.734737064316391,0.953345103745697,0.999824768533938,4500,0,1
"equilib.reg[1]",0.230515524252712,0.0554848149846448,0.147074768833638,0.193314388612712,0.223059134418982,0.256886548443071,0.365977192488172,1.00405490531179,661,0,1
"equilib.reg[2]",0.435904713996712,0.110125098156265,0.243358055257953,0.358456179599739,0.4291902822748,0.504075456406764,0.672589144001041,1.0010560346115,1457,0,1
"equilib.reg[3]",0.0616009918848419,0.066889640023533,0.0126567130634154,0.0286960182025135,0.043344617886761,0.0674351802613548,0.24306218286801,1.00222363471149,4500,0,1
"equilib.reg[4]",0.400914027587562,0.230226554324675,0.0321613055726168,0.224932222655339,0.381190263625219,0.552645750283215,0.885822238509252,1.00303926759221,608,0,1
"mean.p",0.324341137757514,0.0630726826894947,0.206964433048146,0.282764118199265,0.321922560235276,0.362270979851145,0.458748312974788,1.00178061789727,1348,0,1
"p.year[1]",0.347246918483689,0.0869336796745017,0.198571845089877,0.284800531125537,0.339384755726266,0.400717844254365,0.53711206094325,1.0067212318098,318,0,1
"p.year[2]",0.471348312575657,0.0852580674084671,0.307835946818107,0.413685739612577,0.471139485868781,0.528050727229456,0.64052588219573,1.00241882308627,771,0,1
"p.year[3]",0.1429706364542,0.0486341866983498,0.0652938474743791,0.106946731724787,0.137694004079337,0.173259019812731,0.251038953653492,1.00125777467175,1684,0,1
"p.year[4]",0.234202638841246,0.060077404710245,0.129848144099204,0.191155303612868,0.229916749069613,0.272892857630041,0.359645990174771,1.00199805899481,1075,0,1
"p.year[5]",0.37874409325115,0.0916343562805016,0.216619927303928,0.314653971538778,0.371908285882852,0.438520581446535,0.575594517038111,1.000083975296,4500,0,1
"p.year[6]",0.413495226400217,0.0793968028157408,0.266935488206695,0.357860668808941,0.410848165278622,0.466005010375853,0.574747337155284,0.999956935053178,4500,0,1
"p.year[7]",0.28942508464209,0.0775647422581895,0.148535613033746,0.234705574344531,0.285407979177113,0.340665746992833,0.451995484952489,1.00078681618145,4500,0,1
"p.year[8]",0.273297923636736,0.0483348847555022,0.181885640551036,0.239433022675648,0.271631377605273,0.306523518902985,0.368210551970544,1.00042950128355,4500,0,1
"p.year[9]",0.439487287769553,0.0503147118428028,0.342372620517614,0.404233302350459,0.440158197212753,0.473463052171856,0.537324004746612,1.00049969378984,4500,0,1
"z[1,1]",0.0386666666666667,0.192820688042738,0,0,0,0,1,1.00388651624287,3177,1,1
"z[2,1]",0.004,0.0631259497363628,0,0,0,0,0,NA,4500,1,1
"z[3,1]",0.0397777777777778,0.195458425118277,0,0,0,0,1,1.00755145739345,1650,1,1
"z[4,1]",0.0133333333333333,0.11471041653724,0,0,0,0,0,1.01146399047056,3172,1,1
"z[5,1]",0.101555555555556,0.302096516371218,0,0,0,0,1,1.00004314476706,4500,1,1
"z[6,1]",0.171333333333333,0.376841850052645,0,0,0,0,1,0.999898312599603,4500,1,1
"z[7,1]",0,0,0,0,0,0,0,NA,1,1,1
"z[8,1]",0,0,0,0,0,0,0,NA,1,1,1
"z[9,1]",0,0,0,0,0,0,0,NA,1,1,1
"z[10,1]",0,0,0,0,0,0,0,NA,1,1,1
"z[11,1]",0.109777777777778,0.31264730789996,0,0,0,0,1,1.00214653912116,2054,1,1
"z[12,1]",0.162888888888889,0.36930530304322,0,0,0,0,1,1.00209418831318,1509,1,1
"z[13,1]",0.112,0.31540150006909,0,0,0,0,1,1.00021269709524,4500,1,1
"z[14,1]",0.376,0.48443384507651,0,0,0,1,1,1.0004050944759,2886,1,1
"z[15,1]",0.0553333333333333,0.228655142165391,0,0,0,0,1,1.00148111546737,4500,1,1
"z[16,1]",0.0115555555555556,0.106885749673393,0,0,0,0,0,1.00098880252479,4500,1,1
"z[17,1]",0,0,0,0,0,0,0,NA,1,1,1
"z[18,1]",0,0,0,0,0,0,0,NA,1,1,1
"z[19,1]",0,0,0,0,0,0,0,NA,1,1,1
"z[20,1]",0,0,0,0,0,0,0,NA,1,1,1
"z[21,1]",0.0524444444444444,0.222946339423924,0,0,0,0,1,1.0006637805526,4500,1,1
"z[22,1]",0.00822222222222222,0.0903129549063228,0,0,0,0,0,1.00445707038135,4500,1,1
"z[23,1]",0.100222222222222,0.300329439689937,0,0,0,0,1,1.00611042657512,863,1,1
"z[24,1]",0.0182222222222222,0.133769014787178,0,0,0,0,0,1.0006674434621,4500,1,1
"z[25,1]",0,0,0,0,0,0,0,NA,1,1,1
"z[26,1]",0,0,0,0,0,0,0,NA,1,1,1
"z[27,1]",0,0,0,0,0,0,0,NA,1,1,1
"z[28,1]",0.0622222222222222,0.241585568629304,0,0,0,0,1,1.00089243757055,4500,1,1
"z[29,1]",0.0384444444444444,0.192288028053314,0,0,0,0,1,1.01362127733202,956,1,1
"z[30,1]",0,0,0,0,0,0,0,NA,1,1,1
"z[31,1]",0,0,0,0,0,0,0,NA,1,1,1
"z[32,1]",0,0,0,0,0,0,0,NA,1,1,1
"z[33,1]",0,0,0,0,0,0,0,NA,1,1,1
"z[34,1]",0,0,0,0,0,0,0,NA,1,1,1
"z[35,1]",0,0,0,0,0,0,0,NA,1,1,1
"z[36,1]",0,0,0,0,0,0,0,NA,1,1,1
"z[37,1]",0.168666666666667,0.374498850135827,0,0,0,0,1,0.99980610674905,4500,1,1
"z[38,1]",0.211777777777778,0.408613575352813,0,0,0,0,1,1.00099307975418,2267,1,1
"z[39,1]",0.08,0.271323348038703,0,0,0,0,1,1.00074725744607,4500,1,1
"z[40,1]",0.0797777777777778,0.270978968999202,0,0,0,0,1,1.00093515586744,4500,1,1
"z[41,1]",0.566888888888889,0.495560742973591,0,0,1,1,1,1.00655181629616,302,1,1
"z[42,1]",0.892,0.310414904214329,0,1,1,1,1,1.00335265692193,1405,1,1
"z[43,1]",0,0,0,0,0,0,0,NA,1,1,1
"z[44,1]",0,0,0,0,0,0,0,NA,1,1,1
"z[45,1]",0,0,0,0,0,0,0,NA,1,1,1
"z[46,1]",0,0,0,0,0,0,0,NA,1,1,1
"z[47,1]",0.866444444444444,0.340211978135586,0,1,1,1,1,1.00456239793244,884,1,1
"z[48,1]",0.944444444444444,0.229086879157383,0,1,1,1,1,1.0023530319174,3531,1,1
"z[49,1]",0.233777777777778,0.423279509260919,0,0,0,0,1,1.00405992570826,635,1,1
"z[50,1]",0.116444444444444,0.320792774619157,0,0,0,0,1,1.00090458843787,3917,1,1
"z[51,1]",0.749333333333333,0.433445081652364,0,0,1,1,1,1.00246612319466,959,1,1
"z[52,1]",0.339555555555556,0.473611049640584,0,0,0,1,1,1.00190169241491,1004,1,1
"z[53,1]",0.328888888888889,0.46986173249682,0,0,0,1,1,0.99982666609055,4500,1,1
"z[54,1]",0.604888888888889,0.488928873692955,0,0,1,1,1,1.00400352518708,489,1,1
"z[55,1]",0.0175555555555556,0.13134379171788,0,0,0,0,0,1.00980059285612,2818,1,1
"z[56,1]",0.0666666666666667,0.249471546385758,0,0,0,0,1,1.00583223468326,1293,1,1
"z[57,1]",0.0157777777777778,0.124628612791859,0,0,0,0,0,1.00585631064908,4500,1,1
"z[58,1]",0.00666666666666667,0.0813860808385347,0,0,0,0,0,1.02567322077858,2795,1,1
"z[59,1]",0.0151111111111111,0.1220084974435,0,0,0,0,0,1.00177734287798,4500,1,1
"z[60,1]",0.07,0.255175370837775,0,0,0,0,1,1.00260369521385,2601,1,1
"z[61,1]",0.211555555555556,0.408456701904577,0,0,0,0,1,0.999827337055943,4500,1,1
"z[62,1]",0.524,0.499479168610191,0,0,1,1,1,1.00074046709102,1872,1,1
"z[63,1]",0.227333333333333,0.41915621376802,0,0,0,0,1,1.00070965200908,2739,1,1
"z[64,1]",0.446666666666667,0.497202666143567,0,0,0,1,1,1.00033837822433,3018,1,1
"z[65,1]",0.209777777777778,0.407195171791313,0,0,0,0,1,1.00202214483547,1284,1,1
"z[66,1]",0.259555555555556,0.438439490389329,0,0,0,1,1,1.00006031043082,4500,1,1
"z[67,1]",0.372666666666667,0.483568181607945,0,0,0,1,1,1.0000336369821,4500,1,1
"z[68,1]",0.344222222222222,0.475166768674333,0,0,0,1,1,1.00040603907313,2998,1,1
"z[69,1]",0.0144444444444444,0.119327141438796,0,0,0,0,0,1.00197289915476,4500,1,1
"z[70,1]",0.00555555555555556,0.0743365276300976,0,0,0,0,0,1.00528243061712,4500,1,1
"z[71,1]",0.0342222222222222,0.181819713016199,0,0,0,0,1,1.00023073492805,4500,1,1
"z[72,1]",0.0322222222222222,0.176609404971474,0,0,0,0,1,0.99984428658802,4500,1,1
"z[73,1]",0,0,0,0,0,0,0,NA,1,1,1
"z[74,1]",0,0,0,0,0,0,0,NA,1,1,1
"z[75,1]",0,0,0,0,0,0,0,NA,1,1,1
"z[76,1]",0,0,0,0,0,0,0,NA,1,1,1
"z[77,1]",0,0,0,0,0,0,0,NA,1,1,1
"z[78,1]",0.118,0.322643972732636,0,0,0,0,1,1.00190253835718,2149,1,1
"z[79,1]",0.0844444444444444,0.278084096742923,0,0,0,0,1,1.00345068406992,1705,1,1
"z[80,1]",0,0,0,0,0,0,0,NA,1,1,1
"z[81,1]",0.0208888888888889,0.143028281223349,0,0,0,0,0,1.01698764206728,1377,1,1
"z[82,1]",0.0266666666666667,0.161125183440798,0,0,0,0,1,1.01401099010087,1318,1,1
"z[83,1]",0.0235555555555556,0.151676642100424,0,0,0,0,0,1.00389000682035,4500,1,1
"z[84,1]",0.0328888888888889,0.17836557884435,0,0,0,0,1,1.00879674568564,1700,1,1
"z[85,1]",0.0382222222222222,0.191753630840733,0,0,0,0,1,1.00017752532313,4500,1,1
"z[86,1]",0.00533333333333333,0.0728427622699364,0,0,0,0,0,1.01003312809783,4500,1,1
"z[87,1]",0.00466666666666667,0.0681609955608629,0,0,0,0,0,1.04154976895011,2413,1,1
"z[88,1]",0.0166666666666667,0.128033322512951,0,0,0,0,0,1.00076772178352,4500,1,1
"z[89,1]",0.0342222222222222,0.181819713016199,0,0,0,0,1,1.01106471702561,1311,1,1
"z[90,1]",0,0,0,0,0,0,0,NA,1,1,1
"z[91,1]",0.333555555555556,0.471535425031454,0,0,0,1,1,1.00163769432025,1144,1,1
"z[92,1]",0.335333333333333,0.472159326788432,0,0,0,1,1,1.00010200036092,4500,1,1
"z[93,1]",0.387555555555556,0.487246348852538,0,0,0,1,1,0.999766994770548,4500,1,1
"z[94,1]",0.534222222222222,0.498882899180174,0,0,1,1,1,0.99986079993625,4500,1,1
"z[95,1]",0.0853333333333333,0.279408131952049,0,0,0,0,1,1.00555541209438,1083,1,1
"z[96,1]",0.0168888888888889,0.128869487630174,0,0,0,0,0,1.00824210006973,3467,1,1
"z[97,1]",0.05,0.217969167319041,0,0,0,0,1,1.00137204992924,4500,1,1
"z[98,1]",0.0562222222222222,0.230375949195969,0,0,0,0,1,1.0018003559112,4405,1,1
"z[99,1]",0.0835555555555555,0.276750871585914,0,0,0,0,1,1.00004964655859,4500,1,1
"z[100,1]",0.149333333333333,0.356456343321839,0,0,0,0,1,1.00089419201379,3201,1,1
"z[101,1]",0.066,0.248309689121249,0,0,0,0,1,1.00817934586427,949,1,1
"z[102,1]",0.21,0.407353501103256,0,0,0,0,1,1.12893587896013,25,1,1
"z[103,1]",0.576888888888889,0.494107632628327,0,0,1,1,1,1.00820789399445,246,1,1
"z[104,1]",0.0473333333333333,0.212374461172167,0,0,0,0,1,1.00064764511339,4500,1,1
"z[105,1]",0,0,0,0,0,0,0,NA,1,1,1
"z[106,1]",0.521333333333333,0.49960019579118,0,0,1,1,1,1.00031818862897,3080,1,1
"z[107,1]",0.382,0.485930522805471,0,0,0,1,1,1.00021004783451,3897,1,1
"z[108,1]",0.187777777777778,0.390578012967673,0,0,0,0,1,1.00043179475171,4285,1,1
"z[109,1]",0.552222222222222,0.497320622174249,0,0,1,1,1,0.999776035088865,4500,1,1
"z[110,1]",0.595333333333333,0.490881964790215,0,0,1,1,1,1.00238612577763,768,1,1
"z[111,1]",1,0,1,1,1,1,1,NA,1,0,1
"z[112,1]",0.844222222222222,0.362684839639867,0,1,1,1,1,1.00348173516769,1003,1,1
"z[113,1]",1,0,1,1,1,1,1,NA,1,0,1
"z[114,1]",0,0,0,0,0,0,0,NA,1,1,1
"z[115,1]",0,0,0,0,0,0,0,NA,1,1,1
"z[116,1]",0,0,0,0,0,0,0,NA,1,1,1
"z[117,1]",0,0,0,0,0,0,0,NA,1,1,1
"z[118,1]",0,0,0,0,0,0,0,NA,1,1,1
"z[119,1]",0,0,0,0,0,0,0,NA,1,1,1
"z[120,1]",0,0,0,0,0,0,0,NA,1,1,1
"z[121,1]",0,0,0,0,0,0,0,NA,1,1,1
"z[122,1]",0.00644444444444444,0.0800271001985887,0,0,0,0,0,1.02124566603532,3505,1,1
"z[123,1]",0.179333333333333,0.383673821422209,0,0,0,0,1,1.00049037906679,4123,1,1
"z[124,1]",0.168,0.373907833880739,0,0,0,0,1,1.00546941136016,614,1,1
"z[125,1]",0.0362222222222222,0.186863405673864,0,0,0,0,1,1.00029442469858,4500,1,1
"z[126,1]",0.0284444444444444,0.166257332410862,0,0,0,0,1,1.00066657426826,4500,1,1
"z[127,1]",0.264666666666667,0.441204578771529,0,0,0,1,1,1.00011286063983,4500,1,1
"z[128,1]",0.350222222222222,0.477092442702358,0,0,0,1,1,1.00149631285533,1206,1,1
"z[129,1]",0.3,0.458308495491129,0,0,0,1,1,1.00325602792305,666,1,1
"z[130,1]",0.27,0.44400879466008,0,0,0,1,1,1.00118518615604,1679,1,1
"z[131,1]",0.0788888888888889,0.26959522169686,0,0,0,0,1,1.00000811430983,4500,1,1
"z[132,1]",0.0822222222222222,0.274733509778789,0,0,0,0,1,0.999748978092785,4500,1,1
"z[133,1]",0.0628888888888889,0.242789983053629,0,0,0,0,1,1.00469831595636,1684,1,1
"z[134,1]",1,0,1,1,1,1,1,NA,1,0,1
"z[135,1]",1,0,1,1,1,1,1,NA,1,0,1
"z[136,1]",1,0,1,1,1,1,1,NA,1,0,1
"z[137,1]",0.0695555555555556,0.254424773023488,0,0,0,0,1,0.999973189965425,4500,1,1
"z[138,1]",0,0,0,0,0,0,0,NA,1,1,1
"z[139,1]",0,0,0,0,0,0,0,NA,1,1,1
"z[140,1]",0,0,0,0,0,0,0,NA,1,1,1
"z[141,1]",0,0,0,0,0,0,0,NA,1,1,1
"z[142,1]",0.52,0.499655360218754,0,0,1,1,1,1.00219983267747,796,1,1
"z[143,1]",0.615111111111111,0.486623113690261,0,0,1,1,1,1.00032139512518,3234,1,1
"z[144,1]",0.608666666666667,0.488102959197653,0,0,1,1,1,1.00322725338705,596,1,1
"z[145,1]",0.106,0.307871829415116,0,0,0,0,1,0.999963418476999,4500,1,1
"z[146,1]",0.124222222222222,0.329871555144548,0,0,0,0,1,1.00119635986439,3006,1,1
"z[147,1]",0.141555555555556,0.348632457117574,0,0,0,0,1,0.999853935710529,4500,1,1
"z[148,1]",0.0604444444444444,0.238334925238366,0,0,0,0,1,1.00256343285741,3035,1,1
"z[149,1]",0,0,0,0,0,0,0,NA,1,1,1
"z[150,1]",0,0,0,0,0,0,0,NA,1,1,1
"z[151,1]",0,0,0,0,0,0,0,NA,1,1,1
"z[152,1]",0,0,0,0,0,0,0,NA,1,1,1
"z[153,1]",0.16,0.366646796392903,0,0,0,0,1,1.00122801487315,2382,1,1
"z[154,1]",0.0933333333333333,0.290931317221604,0,0,0,0,1,1.00309505531121,1727,1,1
"z[155,1]",0.0148888888888889,0.121121715563244,0,0,0,0,0,1.02625563735949,1233,1,1
"z[156,1]",0.0302222222222222,0.171217271410598,0,0,0,0,1,1.00038383362458,4500,1,1
"z[157,1]",0.00688888888888889,0.0827221418662089,0,0,0,0,0,1.00645251233684,4500,1,1
"z[158,1]",0,0,0,0,0,0,0,NA,1,1,1
"z[159,1]",0,0,0,0,0,0,0,NA,1,1,1
"z[160,1]",0,0,0,0,0,0,0,NA,1,1,1
"z[161,1]",1,0,1,1,1,1,1,NA,1,0,1
"z[162,1]",1,0,1,1,1,1,1,NA,1,0,1
"z[163,1]",0.0102222222222222,0.100598097789677,0,0,0,0,0,1.00278611783273,4500,1,1
"z[164,1]",0.0446666666666667,0.206593901727913,0,0,0,0,1,1.00124813487251,4500,1,1
"z[165,1]",0.0362222222222222,0.186863405673864,0,0,0,0,1,1.0018675695291,4500,1,1
"z[166,1]",0.00422222222222222,0.0648485125458765,0,0,0,0,0,1.00930518134672,4500,1,1
"z[167,1]",0,0,0,0,0,0,0,NA,1,1,1
"z[168,1]",0,0,0,0,0,0,0,NA,1,1,1
"z[169,1]",0,0,0,0,0,0,0,NA,1,1,1
"z[170,1]",0,0,0,0,0,0,0,NA,1,1,1
"z[171,1]",0.159777777777778,0.366440553449894,0,0,0,0,1,1.00301816634255,1111,1,1
"z[172,1]",0.106666666666667,0.308723288567936,0,0,0,0,1,1.00021233167506,4500,1,1
"z[173,1]",0.132444444444444,0.339010992795988,0,0,0,0,1,1.00128926221996,2672,1,1
"z[174,1]",0.0211111111111111,0.143770739157005,0,0,0,0,0,1.00693499251064,3296,1,1
"z[175,1]",0.0188888888888889,0.136147779728393,0,0,0,0,0,1.02155558013182,1200,1,1
"z[176,1]",0.00533333333333333,0.0728427622699364,0,0,0,0,0,1.00228785649299,4500,1,1
"z[177,1]",0.0166666666666667,0.128033322512951,0,0,0,0,0,1.00323531699103,4500,1,1
"z[178,1]",0.0984444444444444,0.297947752307987,0,0,0,0,1,1.00202112157091,2394,1,1
"z[179,1]",0.0935555555555556,0.291241760159636,0,0,0,0,1,0.999845184053121,4500,1,1
"z[180,1]",0.263777777777778,0.440729198791792,0,0,0,1,1,1.00120405998132,1681,1,1
"z[181,1]",0.211555555555556,0.408456701904577,0,0,0,0,1,1.00068678308707,2946,1,1
"z[182,1]",0.566666666666667,0.495590693602781,0,0,1,1,1,1.00015500603434,4176,1,1
"z[183,1]",0.302888888888889,0.459558638160658,0,0,0,1,1,1.00113622758296,1618,1,1
"z[184,1]",0.0613333333333333,0.239967397948637,0,0,0,0,1,1.00927545896516,901,1,1
"z[185,1]",0.852888888888889,0.35425600967688,0,1,1,1,1,1.00421671700273,877,1,1
"z[1,2]",0.00266666666666667,0.0515766100016907,0,0,0,0,0,NA,4500,1,1
"z[2,2]",0.000222222222222222,0.0149071198499986,0,0,0,0,0,1.29093398298233,4500,1,1
"z[3,2]",0.0131111111111111,0.113763288874888,0,0,0,0,0,1.01111921719196,3318,1,1
"z[4,2]",0.00244444444444444,0.0493863456663645,0,0,0,0,0,1.015878473234,4500,1,1
"z[5,2]",0.112,0.31540150006909,0,0,0,0,1,1.0015994390283,2593,1,1
"z[6,2]",0.125111111111111,0.330881626062155,0,0,0,0,1,1.00011353710173,4500,1,1
"z[7,2]",0,0,0,0,0,0,0,NA,1,1,1
"z[8,2]",0,0,0,0,0,0,0,NA,1,1,1
"z[9,2]",0,0,0,0,0,0,0,NA,1,1,1
"z[10,2]",0,0,0,0,0,0,0,NA,1,1,1
"z[11,2]",0.0302222222222222,0.171217271410598,0,0,0,0,1,1.01372677306635,1190,1,1
"z[12,2]",0.0782222222222222,0.268550801033379,0,0,0,0,1,1.0015725080288,3624,1,1
"z[13,2]",0.00955555555555555,0.0972951722699289,0,0,0,0,0,1.00811289568028,4500,1,1
"z[14,2]",0.0937777777777778,0.291551703123276,0,0,0,0,1,1.00018215785777,4500,1,1
"z[15,2]",0.0631111111111111,0.243189722775225,0,0,0,0,1,1.00459048579537,1704,1,1
"z[16,2]",0.158,0.364781537535406,0,0,0,0,1,1.00198175020982,1625,1,1
"z[17,2]",0,0,0,0,0,0,0,NA,1,1,1
"z[18,2]",0,0,0,0,0,0,0,NA,1,1,1
"z[19,2]",0,0,0,0,0,0,0,NA,1,1,1
"z[20,2]",0,0,0,0,0,0,0,NA,1,1,1
"z[21,2]",0.136444444444444,0.343298045001655,0,0,0,0,1,0.999689730439637,4500,1,1
"z[22,2]",0.0631111111111111,0.243189722775225,0,0,0,0,1,1.01087125877063,745,1,1
"z[23,2]",0.103111111111111,0.304137740801698,0,0,0,0,1,1.0035395729928,1400,1,1
"z[24,2]",0.022,0.146699633251375,0,0,0,0,0,1.00300889564241,4500,1,1
"z[25,2]",0,0,0,0,0,0,0,NA,1,1,1
"z[26,2]",0,0,0,0,0,0,0,NA,1,1,1
"z[27,2]",0,0,0,0,0,0,0,NA,1,1,1
"z[28,2]",0.024,0.153066020038189,0,0,0,0,0,1.01176353194884,1738,1,1
"z[29,2]",0.02,0.140015558148628,0,0,0,0,0,1.02015763999564,1215,1,1
"z[30,2]",0,0,0,0,0,0,0,NA,1,1,1
"z[31,2]",0,0,0,0,0,0,0,NA,1,1,1
"z[32,2]",0,0,0,0,0,0,0,NA,1,1,1
"z[33,2]",0,0,0,0,0,0,0,NA,1,1,1
"z[34,2]",0,0,0,0,0,0,0,NA,1,1,1
"z[35,2]",0,0,0,0,0,0,0,NA,1,1,1
"z[36,2]",0,0,0,0,0,0,0,NA,1,1,1
"z[37,2]",0.00466666666666667,0.0681609955608629,0,0,0,0,0,1.04154976895011,2413,1,1
"z[38,2]",0.084,0.277418641167487,0,0,0,0,1,0.999779169894161,4500,1,1
"z[39,2]",0.0155555555555556,0.123761803562895,0,0,0,0,0,1.03002895417462,1031,1,1
"z[40,2]",0.125333333333333,0.331133289462245,0,0,0,0,1,1.00007901245577,4500,1,1
"z[41,2]",0.523111111111111,0.499521096378026,0,0,1,1,1,1.00789572495753,249,1,1
"z[42,2]",1,0,1,1,1,1,1,NA,1,0,1
"z[43,2]",0,0,0,0,0,0,0,NA,1,1,1
"z[44,2]",0,0,0,0,0,0,0,NA,1,1,1
"z[45,2]",0,0,0,0,0,0,0,NA,1,1,1
"z[46,2]",0,0,0,0,0,0,0,NA,1,1,1
"z[47,2]",1,0,1,1,1,1,1,NA,1,0,1
"z[48,2]",1,0,1,1,1,1,1,NA,1,0,1
"z[49,2]",0.230222222222222,0.421021782788112,0,0,0,0,1,1.00326909637557,783,1,1
"z[50,2]",0.0697777777777778,0.254800445248467,0,0,0,0,1,0.999918669575738,4500,1,1
"z[51,2]",0.744,0.43647031369963,0,0,1,1,1,1.0022590503629,1021,1,1
"z[52,2]",0.366444444444444,0.481886414838812,0,0,0,1,1,1.00145380388048,1210,1,1
"z[53,2]",0.258888888888889,0.438073142680987,0,0,0,1,1,0.999942596748753,4500,1,1
"z[54,2]",1,0,1,1,1,1,1,NA,1,0,1
"z[55,2]",0.002,0.0446815807032984,0,0,0,0,0,1.01775579934475,4500,1,1
"z[56,2]",0.0442222222222222,0.205611312804703,0,0,0,0,1,1.00466602940372,2352,1,1
"z[57,2]",0.0162222222222222,0.126343218950737,0,0,0,0,0,1.00438287598201,4500,1,1
"z[58,2]",0.00266666666666667,0.0515766100016907,0,0,0,0,0,1.0391172209852,4489,1,1
"z[59,2]",0.0364444444444444,0.187414119688263,0,0,0,0,1,0.99992683911034,4500,1,1
"z[60,2]",0.02,0.140015558148628,0,0,0,0,0,1.00710129043477,3393,1,1
"z[61,2]",0.181333333333333,0.385336933245042,0,0,0,0,1,1.00027584812558,4500,1,1
"z[62,2]",0.0986666666666667,0.298247082996824,0,0,0,0,1,1.00545822862618,971,1,1
"z[63,2]",0.237777777777778,0.42576964496162,0,0,0,0,1,1.00274700869871,903,1,1
"z[64,2]",0.240222222222222,0.427265812099829,0,0,0,0,1,1.00002341201965,4500,1,1
"z[65,2]",0.243333333333333,0.429142339283927,0,0,0,0,1,1.00162526358006,1394,1,1
"z[66,2]",0.174444444444444,0.379533385063961,0,0,0,0,1,1.00214483786183,1405,1,1
"z[67,2]",0.267333333333333,0.442616942427579,0,0,0,1,1,1.00014406292441,4500,1,1
"z[68,2]",0.274444444444444,0.446283487398919,0,0,0,1,1,1.00026455486429,4197,1,1
"z[69,2]",0.00733333333333333,0.0853297931213479,0,0,0,0,0,1.00383539430184,4500,1,1
"z[70,2]",0.000444444444444444,0.0210795079890303,0,0,0,0,0,1.10528646876281,4500,1,1
"z[71,2]",0.00466666666666667,0.0681609955608629,0,0,0,0,0,1.00308166426605,4500,1,1
"z[72,2]",0.00155555555555556,0.0394142235807543,0,0,0,0,0,1.06447893654775,4494,1,1
"z[73,2]",0,0,0,0,0,0,0,NA,1,1,1
"z[74,2]",0,0,0,0,0,0,0,NA,1,1,1
"z[75,2]",0,0,0,0,0,0,0,NA,1,1,1
"z[76,2]",0,0,0,0,0,0,0,NA,1,1,1
"z[77,2]",0,0,0,0,0,0,0,NA,1,1,1
"z[78,2]",0.0831111111111111,0.276080771207218,0,0,0,0,1,0.999849498457125,4500,1,1
"z[79,2]",0.114888888888889,0.318923242760949,0,0,0,0,1,1.00116184853298,3296,1,1
"z[80,2]",0,0,0,0,0,0,0,NA,1,1,1
"z[81,2]",0.00977777777777778,0.0984089676386699,0,0,0,0,0,1.03298815161349,1475,1,1
"z[82,2]",0.00644444444444444,0.0800271001985887,0,0,0,0,0,1.03783133028684,1936,1,1
"z[83,2]",0.00777777777777778,0.0878578356425394,0,0,0,0,0,1.06550779567684,894,1,1
"z[84,2]",0.00555555555555556,0.0743365276300976,0,0,0,0,0,1.02835299721172,3025,1,1
"z[85,2]",0.00355555555555556,0.0595289935189017,0,0,0,0,0,1.05061772453475,2563,1,1
"z[86,2]",0.000888888888888889,0.0298042977535084,0,0,0,0,0,1.10540023626025,4497,1,1
"z[87,2]",1,0,1,1,1,1,1,NA,1,0,1
"z[88,2]",0.0893333333333333,0.285255975094233,0,0,0,0,1,0.999845607439314,4500,1,1
"z[89,2]",0.0255555555555556,0.157822698772571,0,0,0,0,1,1.01388601598087,1386,1,1
"z[90,2]",0,0,0,0,0,0,0,NA,1,1,1
"z[91,2]",0.197111111111111,0.397861153319085,0,0,0,0,1,1.00079837872975,2795,1,1
"z[92,2]",0.200444444444444,0.400377436705509,0,0,0,0,1,0.999855215746068,4500,1,1
"z[93,2]",0.235111111111111,0.424115371696836,0,0,0,0,1,0.999946655612434,4500,1,1
"z[94,2]",0.107333333333333,0.309570969851063,0,0,0,0,1,1.00074085816973,4500,1,1
"z[95,2]",0.00355555555555556,0.0595289935189017,0,0,0,0,0,1.0351015531623,3777,1,1
"z[96,2]",0.000666666666666667,0.0258141493083176,0,0,0,0,0,NA,4500,1,1
"z[97,2]",0.00577777777777778,0.0758002102747823,0,0,0,0,0,1.00925930386255,4500,1,1
"z[98,2]",0.00222222222222222,0.0470932775447189,0,0,0,0,0,1.00465090130556,4500,1,1
"z[99,2]",0.145777777777778,0.352922507098086,0,0,0,0,1,0.99981143669378,4500,1,1
"z[100,2]",0.0766666666666667,0.266091381389197,0,0,0,0,1,1.00007983664778,4500,1,1
"z[101,2]",0.209333333333333,0.406877964144234,0,0,0,0,1,0.999831326605367,4500,1,1
"z[102,2]",0.208444444444444,0.40624134675035,0,0,0,0,1,1.12859503591429,26,1,1
"z[103,2]",0.596444444444444,0.490664824063724,0,0,1,1,1,1.00673141416452,300,1,1
"z[104,2]",0.120888888888889,0.326034334535402,0,0,0,0,1,1.00110800510087,3257,1,1
"z[105,2]",0,0,0,0,0,0,0,NA,1,1,1
"z[106,2]",0.0453333333333333,0.20805730398765,0,0,0,0,1,1.00278419503838,3699,1,1
"z[107,2]",0.0544444444444444,0.22691780342505,0,0,0,0,1,0.999927422165952,4500,1,1
"z[108,2]",0.138666666666667,0.3456367601238,0,0,0,0,1,1.00047768615778,4500,1,1
"z[109,2]",0.0317777777777778,0.175427447850631,0,0,0,0,1,1.00467007591551,3229,1,1
"z[110,2]",1,0,1,1,1,1,1,NA,1,0,1
"z[111,2]",1,0,1,1,1,1,1,NA,1,0,1
"z[112,2]",1,0,1,1,1,1,1,NA,1,0,1
"z[113,2]",0.999111111111111,0.0298042977535084,1,1,1,1,1,1.16587551740291,2570,0,1
"z[114,2]",0,0,0,0,0,0,0,NA,1,1,1
"z[115,2]",0,0,0,0,0,0,0,NA,1,1,1
"z[116,2]",0,0,0,0,0,0,0,NA,1,1,1
"z[117,2]",0,0,0,0,0,0,0,NA,1,1,1
"z[118,2]",0,0,0,0,0,0,0,NA,1,1,1
"z[119,2]",0,0,0,0,0,0,0,NA,1,1,1
"z[120,2]",0,0,0,0,0,0,0,NA,1,1,1
"z[121,2]",0,0,0,0,0,0,0,NA,1,1,1
"z[122,2]",0.000666666666666667,0.0258141493083176,0,0,0,0,0,NA,4500,1,1
"z[123,2]",0.00288888888888889,0.0536766566849176,0,0,0,0,0,1.04418532344872,3647,1,1
"z[124,2]",0.112,0.31540150006909,0,0,0,0,1,1.01015771782114,475,1,1
"z[125,2]",0.00911111111111111,0.0950268670194558,0,0,0,0,0,1.03537460203313,1475,1,1
"z[126,2]",0.00888888888888889,0.093871373318521,0,0,0,0,0,1.0047212648969,4500,1,1
"z[127,2]",0.210444444444444,0.407669611770085,0,0,0,0,1,0.999842073578234,4500,1,1
"z[128,2]",0.265111111111111,0.44144140543826,0,0,0,1,1,0.999694585830983,4500,1,1
"z[129,2]",0.246,0.430726395555701,0,0,0,0,1,1.0013359336823,1612,1,1
"z[130,2]",0.245111111111111,0.430200861930551,0,0,0,0,1,1.00249256118502,964,1,1
"z[131,2]",0.0137777777777778,0.116580319235386,0,0,0,0,0,1.01164665738748,3025,1,1
"z[132,2]",0.0237777777777778,0.152373076750087,0,0,0,0,0,1.01136989618003,1816,1,1
"z[133,2]",0.0262222222222222,0.159813306406557,0,0,0,0,1,1.00309720299432,4500,1,1
"z[134,2]",1,0,1,1,1,1,1,NA,1,0,1
"z[135,2]",0.961111111111111,0.193351625166517,0,1,1,1,1,1.00464469670355,2675,1,1
"z[136,2]",1,0,1,1,1,1,1,NA,1,0,1
"z[137,2]",0.00888888888888889,0.093871373318521,0,0,0,0,0,1.0075225008699,4500,1,1
"z[138,2]",0,0,0,0,0,0,0,NA,1,1,1
"z[139,2]",0,0,0,0,0,0,0,NA,1,1,1
"z[140,2]",0,0,0,0,0,0,0,NA,1,1,1
"z[141,2]",0,0,0,0,0,0,0,NA,1,1,1
"z[142,2]",0.101333333333333,0.301803131244352,0,0,0,0,1,1.00022975882229,4500,1,1
"z[143,2]",0.310666666666667,0.462817986899337,0,0,0,1,1,1.0003807577439,3279,1,1
"z[144,2]",0.238,0.425906457207655,0,0,0,0,1,0.999817576009669,4500,1,1
"z[145,2]",0.0964444444444444,0.295232591318208,0,0,0,0,1,1.00035099887909,4500,1,1
"z[146,2]",0.0742222222222222,0.262161318587002,0,0,0,0,1,1.00000076152609,4500,1,1
"z[147,2]",0.106888888888889,0.309006267220739,0,0,0,0,1,1.00105068545837,3784,1,1
"z[148,2]",0.183111111111111,0.386800568517406,0,0,0,0,1,1.00019682902546,4500,1,1
"z[149,2]",0,0,0,0,0,0,0,NA,1,1,1
"z[150,2]",0,0,0,0,0,0,0,NA,1,1,1
"z[151,2]",0,0,0,0,0,0,0,NA,1,1,1
"z[152,2]",0,0,0,0,0,0,0,NA,1,1,1
"z[153,2]",0.0988888888888889,0.298545948120994,0,0,0,0,1,0.999688373901936,4500,1,1
"z[154,2]",0.114222222222222,0.318116322460963,0,0,0,0,1,1.00040812353863,4500,1,1
"z[155,2]",0.00266666666666667,0.0515766100016907,0,0,0,0,0,1.0099762458543,4500,1,1
"z[156,2]",0.00866666666666667,0.0927009450571682,0,0,0,0,0,1.00066835234467,4500,1,1
"z[157,2]",0.000444444444444444,0.0210795079890303,0,0,0,0,0,1.10528646876281,4500,1,1
"z[158,2]",0,0,0,0,0,0,0,NA,1,1,1
"z[159,2]",0,0,0,0,0,0,0,NA,1,1,1
"z[160,2]",0,0,0,0,0,0,0,NA,1,1,1
"z[161,2]",0.0482222222222222,0.214259284678296,0,0,0,0,1,1.00617994628533,1664,1,1
"z[162,2]",0.00222222222222222,0.0470932775447189,0,0,0,0,0,1.05921191003868,3455,1,1
"z[163,2]",0.000444444444444444,0.0210795079890303,0,0,0,0,0,1.10528646876281,4500,1,1
"z[164,2]",0.052,0.222051699163907,0,0,0,0,1,1.00097588490222,4500,1,1
"z[165,2]",0.0924444444444444,0.289684513538625,0,0,0,0,1,0.999922303459378,4500,1,1
"z[166,2]",0.120888888888889,0.326034334535402,0,0,0,0,1,1.00167406107248,2343,1,1
"z[167,2]",0,0,0,0,0,0,0,NA,1,1,1
"z[168,2]",0,0,0,0,0,0,0,NA,1,1,1
"z[169,2]",0,0,0,0,0,0,0,NA,1,1,1
"z[170,2]",0,0,0,0,0,0,0,NA,1,1,1
"z[171,2]",0.113111111111111,0.316763768877172,0,0,0,0,1,1.00285158649385,1560,1,1
"z[172,2]",0.213111111111111,0.409551021508422,0,0,0,0,1,1.00038395854497,4157,1,1
"z[173,2]",0.096,0.294623980049003,0,0,0,0,1,1.00132216368796,3467,1,1
"z[174,2]",0.00333333333333333,0.0576451269226114,0,0,0,0,0,1.00631011246591,4500,1,1
"z[175,2]",0.00222222222222222,0.0470932775447189,0,0,0,0,0,1.01916489327094,4500,1,1
"z[176,2]",0.000888888888888889,0.0298042977535084,0,0,0,0,0,1.02957562893154,4500,1,1
"z[177,2]",0.00111111111111111,0.033318511930496,0,0,0,0,0,1.07137218653062,4500,1,1
"z[178,2]",0.00666666666666667,0.0813860808385347,0,0,0,0,0,1.01453781111743,4500,1,1
"z[179,2]",0.0222222222222222,0.147421927362282,0,0,0,0,0,1.00003247709731,4500,1,1
"z[180,2]",0.201555555555556,0.401206535283835,0,0,0,0,1,0.999793298088514,4500,1,1
"z[181,2]",0.190888888888889,0.393045354774839,0,0,0,0,1,1.00132462547135,1952,1,1
"z[182,2]",0.214222222222222,0.41032728028428,0,0,0,0,1,0.999745824339827,4500,1,1
"z[183,2]",0.247555555555556,0.431640134143791,0,0,0,0,1,1.00140341184953,1549,1,1
"z[184,2]",0.0415555555555556,0.199593447150984,0,0,0,0,1,1.0184805824001,656,1,1
"z[185,2]",0.892,0.310414904214329,0,1,1,1,1,1.00783866497656,634,1,1
"z[1,3]",0.00311111111111111,0.0556966916350484,0,0,0,0,0,1.10610531073421,1283,1,1
"z[2,3]",0.00444444444444444,0.0665257457028688,0,0,0,0,0,1.00467419516687,4500,1,1
"z[3,3]",0.0146666666666667,0.120227982292648,0,0,0,0,0,1.01048778947277,3148,1,1
"z[4,3]",0.00466666666666667,0.0681609955608629,0,0,0,0,0,1.06498961390618,1494,1,1
"z[5,3]",0.146666666666667,0.353812625669477,0,0,0,0,1,0.999742248999609,4500,1,1
"z[6,3]",0.122,0.327322178971133,0,0,0,0,1,1.00000185914095,4500,1,1
"z[7,3]",0,0,0,0,0,0,0,NA,1,1,1
"z[8,3]",0,0,0,0,0,0,0,NA,1,1,1
"z[9,3]",0,0,0,0,0,0,0,NA,1,1,1
"z[10,3]",0,0,0,0,0,0,0,NA,1,1,1
"z[11,3]",0.0268888888888889,0.161776674693452,0,0,0,0,1,1.01036680723229,1761,1,1
"z[12,3]",0.174,0.379151613165137,0,0,0,0,1,1.0000865776872,4500,1,1
"z[13,3]",0.0142222222222222,0.118419030794728,0,0,0,0,0,1.00167141669486,4500,1,1
"z[14,3]",0.277555555555556,0.447842649487471,0,0,0,1,1,0.999917938593349,4500,1,1
"z[15,3]",0.113777777777778,0.317576458890005,0,0,0,0,1,0.999902263062729,4500,1,1
"z[16,3]",0.092,0.289058069739814,0,0,0,0,1,1.00139704611392,3460,1,1
"z[17,3]",0,0,0,0,0,0,0,NA,1,1,1
"z[18,3]",0,0,0,0,0,0,0,NA,1,1,1
"z[19,3]",0,0,0,0,0,0,0,NA,1,1,1
"z[20,3]",0,0,0,0,0,0,0,NA,1,1,1
"z[21,3]",0.105555555555556,0.307302075661651,0,0,0,0,1,0.999719230801088,4500,1,1
"z[22,3]",0.0297777777777778,0.169992598048771,0,0,0,0,1,1.00332185761672,4500,1,1
"z[23,3]",0.0526666666666667,0.223391984327829,0,0,0,0,1,1.00058736469172,4500,1,1
"z[24,3]",0.0197777777777778,0.139251306560123,0,0,0,0,0,1.00248242729487,4500,1,1
"z[25,3]",0,0,0,0,0,0,0,NA,1,1,1
"z[26,3]",0,0,0,0,0,0,0,NA,1,1,1
"z[27,3]",0,0,0,0,0,0,0,NA,1,1,1
"z[28,3]",0.0255555555555556,0.157822698772571,0,0,0,0,1,1.00821124822189,2325,1,1
"z[29,3]",0.0135555555555556,0.115649360747383,0,0,0,0,0,1.01994482390608,1794,1,1
"z[30,3]",0,0,0,0,0,0,0,NA,1,1,1
"z[31,3]",0,0,0,0,0,0,0,NA,1,1,1
"z[32,3]",0,0,0,0,0,0,0,NA,1,1,1
"z[33,3]",0,0,0,0,0,0,0,NA,1,1,1
"z[34,3]",0,0,0,0,0,0,0,NA,1,1,1
"z[35,3]",0,0,0,0,0,0,0,NA,1,1,1
"z[36,3]",0,0,0,0,0,0,0,NA,1,1,1
"z[37,3]",0.0671111111111111,0.25024213410665,0,0,0,0,1,1.00156236616965,4213,1,1
"z[38,3]",0.0484444444444444,0.214727330422946,0,0,0,0,1,1.00141593964201,4500,1,1
"z[39,3]",0.0426666666666667,0.202126943226378,0,0,0,0,1,1.0005982196634,4500,1,1
"z[40,3]",0.133777777777778,0.340451231560198,0,0,0,0,1,0.999712588593883,4500,1,1
"z[41,3]",0.605555555555556,0.488785347622533,0,0,1,1,1,1.00527782651114,379,1,1
"z[42,3]",1,0,1,1,1,1,1,NA,1,0,1
"z[43,3]",0,0,0,0,0,0,0,NA,1,1,1
"z[44,3]",0,0,0,0,0,0,0,NA,1,1,1
"z[45,3]",0,0,0,0,0,0,0,NA,1,1,1
"z[46,3]",0,0,0,0,0,0,0,NA,1,1,1
"z[47,3]",1,0,1,1,1,1,1,NA,1,0,1
"z[48,3]",0.998222222222222,0.0421308880870312,1,1,1,1,1,1.0504194192987,4500,0,1
"z[49,3]",0.233555555555556,0.423139629767078,0,0,0,0,1,1.00245702019408,1000,1,1
"z[50,3]",0.044,0.205117892035902,0,0,0,0,1,1.0004603053012,4500,1,1
"z[51,3]",0.764,0.424669373114469,0,1,1,1,1,1.00202528576062,1184,1,1
"z[52,3]",0.427777777777778,0.494811437965552,0,0,0,1,1,1.00036196947675,2945,1,1
"z[53,3]",0.254666666666667,0.435722096383381,0,0,0,1,1,0.999681002473852,4500,1,1
"z[54,3]",1,0,1,1,1,1,1,NA,1,0,1
"z[55,3]",0.00888888888888889,0.093871373318521,0,0,0,0,0,1.00377509200308,4500,1,1
"z[56,3]",1,0,1,1,1,1,1,NA,1,0,1
"z[57,3]",0.0153333333333333,0.122888478420367,0,0,0,0,0,1.00866006087753,3641,1,1
"z[58,3]",0.00111111111111111,0.033318511930496,0,0,0,0,0,1.11603919183554,3212,1,1
"z[59,3]",0.0311111111111111,0.173637293967947,0,0,0,0,1,1.0042308799954,3613,1,1
"z[60,3]",0.0537777777777778,0.225603720820688,0,0,0,0,1,1.00314993991689,2809,1,1
"z[61,3]",0.187555555555556,0.390400228668437,0,0,0,0,1,1.00024830911211,4500,1,1
"z[62,3]",0.140666666666667,0.347716010056626,0,0,0,0,1,1.0010221192929,3046,1,1
"z[63,3]",0.309333333333333,0.462270169612176,0,0,0,1,1,0.999681212109987,4500,1,1
"z[64,3]",0.203111111111111,0.402359247276006,0,0,0,0,1,1.00077887286576,2772,1,1
"z[65,3]",0.321333333333333,0.46704035673705,0,0,0,1,1,1.00073647504833,2144,1,1
"z[66,3]",0.197777777777778,0.398367913358764,0,0,0,0,1,1.00018942969172,4500,1,1
"z[67,3]",0.250888888888889,0.433572864534595,0,0,0,1,1,0.999910241068452,4500,1,1
"z[68,3]",0.257111111111111,0.437089742091455,0,0,0,1,1,0.999817588335962,4500,1,1
"z[69,3]",0.0262222222222222,0.159813306406557,0,0,0,0,1,1.01054294087121,1772,1,1
"z[70,3]",0.002,0.0446815807032984,0,0,0,0,0,1.06670438272335,3369,1,1
"z[71,3]",0.004,0.0631259497363628,0,0,0,0,0,1.05543924613477,2070,1,1
"z[72,3]",0.00266666666666667,0.0515766100016907,0,0,0,0,0,1.02969958135743,4500,1,1
"z[73,3]",0,0,0,0,0,0,0,NA,1,1,1
"z[74,3]",0,0,0,0,0,0,0,NA,1,1,1
"z[75,3]",0,0,0,0,0,0,0,NA,1,1,1
"z[76,3]",0,0,0,0,0,0,0,NA,1,1,1
"z[77,3]",0,0,0,0,0,0,0,NA,1,1,1
"z[78,3]",0.111111111111111,0.314304605201633,0,0,0,0,1,0.999896815604129,4500,1,1
"z[79,3]",0.147555555555556,0.354698282420007,0,0,0,0,1,1.00033172475282,4500,1,1
"z[80,3]",0,0,0,0,0,0,0,NA,1,1,1
"z[81,3]",0.00511111111111111,0.071317023933587,0,0,0,0,0,1.04594981281862,1981,1,1
"z[82,3]",0.00933333333333333,0.0961679644942985,0,0,0,0,0,1.00225661027064,4500,1,1
"z[83,3]",0.00622222222222222,0.0786440117920529,0,0,0,0,0,1.16214915537967,386,1,1
"z[84,3]",0.00555555555555556,0.0743365276300976,0,0,0,0,0,1.0238750341996,3610,1,1
"z[85,3]",0.002,0.0446815807032984,0,0,0,0,0,1.05117977239476,4492,1,1
"z[86,3]",0.00155555555555556,0.0394142235807543,0,0,0,0,0,1.0097473778051,4500,1,1
"z[87,3]",0.0544444444444444,0.22691780342505,0,0,0,0,1,1.00285857791296,3040,1,1
"z[88,3]",0.0588888888888889,0.235442787459719,0,0,0,0,1,1.00415243104024,2009,1,1
"z[89,3]",0.024,0.153066020038189,0,0,0,0,0,1.01648042352927,1246,1,1
"z[90,3]",0,0,0,0,0,0,0,NA,1,1,1
"z[91,3]",0.245111111111111,0.430200861930551,0,0,0,0,1,1.00113299297496,1845,1,1
"z[92,3]",0.198444444444444,0.398872915075436,0,0,0,0,1,1.00095282674147,2439,1,1
"z[93,3]",0.226,0.418285644793295,0,0,0,0,1,0.99990116448946,4500,1,1
"z[94,3]",0.222,0.415637329729193,0,0,0,0,1,0.999743539513189,4500,1,1
"z[95,3]",0.00422222222222222,0.0648485125458765,0,0,0,0,0,1.02131477473641,4500,1,1
"z[96,3]",0.000444444444444444,0.0210795079890303,0,0,0,0,0,1.2913045102833,2250,1,1
"z[97,3]",0.00733333333333333,0.0853297931213479,0,0,0,0,0,1.01736052486217,3781,1,1
"z[98,3]",0.00711111111111111,0.0840363764582043,0,0,0,0,0,1.00164208775464,4500,1,1
"z[99,3]",0.128444444444444,0.334621206229362,0,0,0,0,1,0.999680396119828,4500,1,1
"z[100,3]",0.0342222222222222,0.181819713016199,0,0,0,0,1,1.00002818725079,4500,1,1
"z[101,3]",0.182222222222222,0.386070468001789,0,0,0,0,1,0.999671056440051,4500,1,1
"z[102,3]",0.212222222222222,0.408926779343372,0,0,0,0,1,1.1275872892235,25,1,1
"z[103,3]",0.850444444444444,0.356674868464234,0,1,1,1,1,1.00031032930989,4500,1,1
"z[104,3]",1,0,1,1,1,1,1,NA,1,0,1
"z[105,3]",0,0,0,0,0,0,0,NA,1,1,1
"z[106,3]",0.0888888888888889,0.284614925079102,0,0,0,0,1,1.00393210772294,1438,1,1
"z[107,3]",0.114666666666667,0.318654651372799,0,0,0,0,1,1.00050818580636,4500,1,1
"z[108,3]",1,0,1,1,1,1,1,NA,1,0,1
"z[109,3]",0.101555555555556,0.302096516371218,0,0,0,0,1,1.00278948924465,1749,1,1
"z[110,3]",1,0,1,1,1,1,1,NA,1,0,1
"z[111,3]",0.987777777777778,0.109888684384328,1,1,1,1,1,1.00085033132103,4500,0,1
"z[112,3]",0.983555555555556,0.127191272176836,1,1,1,1,1,1.00145460629491,4500,0,1
"z[113,3]",1,0,1,1,1,1,1,NA,1,0,1
"z[114,3]",0,0,0,0,0,0,0,NA,1,1,1
"z[115,3]",0,0,0,0,0,0,0,NA,1,1,1
"z[116,3]",0,0,0,0,0,0,0,NA,1,1,1
"z[117,3]",0,0,0,0,0,0,0,NA,1,1,1
"z[118,3]",0,0,0,0,0,0,0,NA,1,1,1
"z[119,3]",0,0,0,0,0,0,0,NA,1,1,1
"z[120,3]",0,0,0,0,0,0,0,NA,1,1,1
"z[121,3]",0,0,0,0,0,0,0,NA,1,1,1
"z[122,3]",0.000222222222222222,0.0149071198499986,0,0,0,0,0,1.29093398298233,4500,1,1
"z[123,3]",0.0253333333333333,0.15715293120877,0,0,0,0,1,1.00124328142124,4500,1,1
"z[124,3]",0.109333333333333,0.312091653631951,0,0,0,0,1,1.0110615756406,446,1,1
"z[125,3]",0.0184444444444444,0.13456697579197,0,0,0,0,0,1.02595365146718,1017,1,1
"z[126,3]",0.0126666666666667,0.111843649799372,0,0,0,0,0,1.01945300750254,1964,1,1
"z[127,3]",0.210888888888889,0.407984993242305,0,0,0,0,1,1.00110146285552,2103,1,1
"z[128,3]",0.250666666666667,0.433445081652364,0,0,0,1,1,0.999825980883173,4500,1,1
"z[129,3]",0.252,0.434209508544566,0,0,0,1,1,1.00191141365654,1188,1,1
"z[130,3]",0.246222222222222,0.430857392202569,0,0,0,0,1,1.00044646232667,3459,1,1
"z[131,3]",0.0117777777777778,0.107896472423584,0,0,0,0,0,1.00634375932865,4500,1,1
"z[132,3]",0.0195555555555556,0.13848248064772,0,0,0,0,0,1.00294557733377,4500,1,1
"z[133,3]",0.0244444444444444,0.154441620272072,0,0,0,0,0,1.0015300996852,4500,1,1
"z[134,3]",0.996222222222222,0.0613542394088465,1,1,1,1,1,1.01164843669904,4500,0,1
"z[135,3]",0.961333333333333,0.192820688042738,0,1,1,1,1,1.00159160649714,4500,1,1
"z[136,3]",0.998444444444444,0.0394142235807543,1,1,1,1,1,1.13197091684193,1967,0,1
"z[137,3]",0.0326666666666667,0.177782392941008,0,0,0,0,1,1.00107458440124,4500,1,1
"z[138,3]",0,0,0,0,0,0,0,NA,1,1,1
"z[139,3]",0,0,0,0,0,0,0,NA,1,1,1
"z[140,3]",0,0,0,0,0,0,0,NA,1,1,1
"z[141,3]",0,0,0,0,0,0,0,NA,1,1,1
"z[142,3]",0.163777777777778,0.370114925946038,0,0,0,0,1,1.00220448951527,1442,1,1
"z[143,3]",0.274888888888889,0.446507885643041,0,0,0,1,1,1.00108677211051,1775,1,1
"z[144,3]",0.174444444444444,0.379533385063961,0,0,0,0,1,1.00227624251449,1328,1,1
"z[145,3]",0.111333333333333,0.314579423009121,0,0,0,0,1,1.00049251914974,4500,1,1
"z[146,3]",0.0602222222222222,0.237924537926314,0,0,0,0,1,1.00138065389406,4500,1,1
"z[147,3]",0.13,0.336340807693268,0,0,0,0,1,1.00010720822436,4500,1,1
"z[148,3]",0.216,0.411560008218152,0,0,0,0,1,0.999968468006584,4500,1,1
"z[149,3]",0,0,0,0,0,0,0,NA,1,1,1
"z[150,3]",0,0,0,0,0,0,0,NA,1,1,1
"z[151,3]",0,0,0,0,0,0,0,NA,1,1,1
"z[152,3]",0,0,0,0,0,0,0,NA,1,1,1
"z[153,3]",0.102666666666667,0.303556748016748,0,0,0,0,1,0.999832506400622,4500,1,1
"z[154,3]",0.147777777777778,0.354919003366098,0,0,0,0,1,1.00093779889355,3123,1,1
"z[155,3]",0.00222222222222222,0.0470932775447189,0,0,0,0,0,1.11638204294893,1605,1,1
"z[156,3]",0.032,0.176019558815419,0,0,0,0,1,NA,4500,1,1
"z[157,3]",0.00577777777777778,0.0758002102747823,0,0,0,0,0,1.06897751526159,1130,1,1
"z[158,3]",0,0,0,0,0,0,0,NA,1,1,1
"z[159,3]",0,0,0,0,0,0,0,NA,1,1,1
"z[160,3]",0,0,0,0,0,0,0,NA,1,1,1
"z[161,3]",0.0346666666666667,0.182954440186126,0,0,0,0,1,1.01842552338373,777,1,1
"z[162,3]",0.148666666666667,0.355799129666249,0,0,0,0,1,1.00195518102093,1723,1,1
"z[163,3]",0.0137777777777778,0.116580319235386,0,0,0,0,0,0.99980025501006,4500,1,1
"z[164,3]",0.0437777777777778,0.204623040065984,0,0,0,0,1,1.00212720553106,4500,1,1
"z[165,3]",0.0491111111111111,0.216124014828025,0,0,0,0,1,0.999983537455042,4500,1,1
"z[166,3]",0.05,0.217969167319041,0,0,0,0,1,1.00107658333858,4500,1,1
"z[167,3]",0,0,0,0,0,0,0,NA,1,1,1
"z[168,3]",0,0,0,0,0,0,0,NA,1,1,1
"z[169,3]",0,0,0,0,0,0,0,NA,1,1,1
"z[170,3]",0,0,0,0,0,0,0,NA,1,1,1
"z[171,3]",0.114444444444444,0.318385678262224,0,0,0,0,1,1.00399970187153,1133,1,1
"z[172,3]",0.257111111111111,0.437089742091455,0,0,0,1,1,1.00184114262513,1206,1,1
"z[173,3]",0.0904444444444444,0.286849319191581,0,0,0,0,1,1.00165878139411,3046,1,1
"z[174,3]",0.00777777777777778,0.0878578356425394,0,0,0,0,0,1.00745153911102,4500,1,1
"z[175,3]",0.00933333333333333,0.0961679644942985,0,0,0,0,0,NA,4500,1,1
"z[176,3]",0.0146666666666667,0.120227982292648,0,0,0,0,0,1.01322139454177,2502,1,1
"z[177,3]",0.002,0.0446815807032984,0,0,0,0,0,1.01775579934475,4500,1,1
"z[178,3]",0.108222222222222,0.310695388301107,0,0,0,0,1,1.00039980781196,4500,1,1
"z[179,3]",0.244666666666667,0.429937164909212,0,0,0,0,1,1.00000701056693,4500,1,1
"z[180,3]",0.189555555555556,0.391992848433725,0,0,0,0,1,0.999924641885424,4500,1,1
"z[181,3]",0.233333333333333,0.422999587247188,0,0,0,0,1,1.00145957414516,1559,1,1
"z[182,3]",0.192888888888889,0.3946104019054,0,0,0,0,1,1.00063101916011,3323,1,1
"z[183,3]",0.241333333333333,0.427939542005023,0,0,0,0,1,1.0026181327732,928,1,1
"z[184,3]",0.0793333333333333,0.270288346355507,0,0,0,0,1,1.00166236523021,3425,1,1
"z[185,3]",0.934,0.248309689121249,0,1,1,1,1,1.01275901174143,614,1,1
"z[1,4]",0.000666666666666667,0.0258141493083176,0,0,0,0,0,1.13377982835195,4498,1,1
"z[2,4]",0.00177777777777778,0.0421308880870312,0,0,0,0,0,1.08837125013206,2765,1,1
"z[3,4]",0.0104444444444444,0.10167426066326,0,0,0,0,0,1.02266783015866,2033,1,1
"z[4,4]",0.00177777777777778,0.0421308880870312,0,0,0,0,0,1.08837125013206,2765,1,1
"z[5,4]",0.0893333333333333,0.285255975094233,0,0,0,0,1,1.00014782502188,4500,1,1
"z[6,4]",0.0873333333333333,0.282354278616482,0,0,0,0,1,0.999818196018334,4500,1,1
"z[7,4]",0,0,0,0,0,0,0,NA,1,1,1
"z[8,4]",0,0,0,0,0,0,0,NA,1,1,1
"z[9,4]",0,0,0,0,0,0,0,NA,1,1,1
"z[10,4]",0,0,0,0,0,0,0,NA,1,1,1
"z[11,4]",0.0166666666666667,0.128033322512951,0,0,0,0,0,1.02134298703551,1367,1,1
"z[12,4]",0.072,0.258516636409127,0,0,0,0,1,1.00132298444903,4500,1,1
"z[13,4]",0.0151111111111111,0.1220084974435,0,0,0,0,0,1.00443122440623,4500,1,1
"z[14,4]",0.0864444444444444,0.281050450380857,0,0,0,0,1,1.00052479280218,4500,1,1
"z[15,4]",0.036,0.186310798705171,0,0,0,0,1,1.00021960388712,4500,1,1
"z[16,4]",0.0242222222222222,0.153755519169198,0,0,0,0,0,1.00913942986763,2207,1,1
"z[17,4]",0,0,0,0,0,0,0,NA,1,1,1
"z[18,4]",0,0,0,0,0,0,0,NA,1,1,1
"z[19,4]",0,0,0,0,0,0,0,NA,1,1,1
"z[20,4]",0,0,0,0,0,0,0,NA,1,1,1
"z[21,4]",0.0317777777777778,0.175427447850631,0,0,0,0,1,1.00047354001184,4500,1,1
"z[22,4]",0.00377777777777778,0.0613542394088465,0,0,0,0,0,1.00656868947539,4500,1,1
"z[23,4]",0.00577777777777778,0.0758002102747823,0,0,0,0,0,1.03042983750844,2706,1,1
"z[24,4]",0.00555555555555556,0.0743365276300976,0,0,0,0,0,1.0004744725668,4500,1,1
"z[25,4]",0,0,0,0,0,0,0,NA,1,1,1
"z[26,4]",0,0,0,0,0,0,0,NA,1,1,1
"z[27,4]",0,0,0,0,0,0,0,NA,1,1,1
"z[28,4]",0.00844444444444444,0.0915150092219534,0,0,0,0,0,1.00629110908797,4500,1,1
"z[29,4]",0.00511111111111111,0.071317023933587,0,0,0,0,0,1.04594981281862,1981,1,1
"z[30,4]",0,0,0,0,0,0,0,NA,1,1,1
"z[31,4]",0,0,0,0,0,0,0,NA,1,1,1
"z[32,4]",0,0,0,0,0,0,0,NA,1,1,1
"z[33,4]",0,0,0,0,0,0,0,NA,1,1,1
"z[34,4]",0,0,0,0,0,0,0,NA,1,1,1
"z[35,4]",0,0,0,0,0,0,0,NA,1,1,1
"z[36,4]",0,0,0,0,0,0,0,NA,1,1,1
"z[37,4]",0.0128888888888889,0.11280777163711,0,0,0,0,0,1.01326303614284,2832,1,1
"z[38,4]",0.0377777777777778,0.190679566273877,0,0,0,0,1,1.00175203083931,4500,1,1
"z[39,4]",0.0153333333333333,0.122888478420367,0,0,0,0,0,0.999991306493412,4500,1,1
"z[40,4]",0.046,0.209508363001558,0,0,0,0,1,1.0041359621824,2533,1,1
"z[41,4]",0.640444444444444,0.479923474838046,0,0,1,1,1,1.00497612569191,416,1,1
"z[42,4]",1,0,1,1,1,1,1,NA,1,0,1
"z[43,4]",0,0,0,0,0,0,0,NA,1,1,1
"z[44,4]",0,0,0,0,0,0,0,NA,1,1,1
"z[45,4]",0,0,0,0,0,0,0,NA,1,1,1
"z[46,4]",0,0,0,0,0,0,0,NA,1,1,1
"z[47,4]",1,0,1,1,1,1,1,NA,1,0,1
"z[48,4]",1,0,1,1,1,1,1,NA,1,0,1
"z[49,4]",0.235555555555556,0.424392695578353,0,0,0,0,1,1.00216221975238,1112,1,1
"z[50,4]",0.0204444444444444,0.141530634321543,0,0,0,0,0,1.00285097798959,4500,1,1
"z[51,4]",0.774888888888889,0.417701892453193,0,1,1,1,1,1.00253169479721,1008,1,1
"z[52,4]",0.423333333333333,0.49414216948469,0,0,0,1,1,1.00068617229244,2013,1,1
"z[53,4]",0.197333333333333,0.398030269115618,0,0,0,0,1,1.00025367312334,4500,1,1
"z[54,4]",1,0,1,1,1,1,1,NA,1,0,1
"z[55,4]",0.00533333333333333,0.0728427622699364,0,0,0,0,0,1.00228785649299,4500,1,1
"z[56,4]",0.166666666666667,0.372719411818938,0,0,0,0,1,0.999728031228391,4500,1,1
"z[57,4]",0.00266666666666667,0.0515766100016907,0,0,0,0,0,1.02969958135743,4500,1,1
"z[58,4]",0.000444444444444444,0.0210795079890303,0,0,0,0,0,1.2913045102833,2250,1,1
"z[59,4]",0.00777777777777778,0.0878578356425394,0,0,0,0,0,1.00501518886421,4500,1,1
"z[60,4]",0.0317777777777778,0.175427447850631,0,0,0,0,1,1.0155411516316,1008,1,1
"z[61,4]",0.130888888888889,0.337316279778769,0,0,0,0,1,1.00198187242302,1895,1,1
"z[62,4]",0.0564444444444444,0.230803611284136,0,0,0,0,1,1.00834323617163,1070,1,1
"z[63,4]",0.193777777777778,0.395300740773805,0,0,0,0,1,0.999795036972937,4500,1,1
"z[64,4]",0.133555555555556,0.340211978135586,0,0,0,0,1,1.00118198688374,2848,1,1
"z[65,4]",0.224444444444444,0.417262299316107,0,0,0,0,1,0.999877821937926,4500,1,1
"z[66,4]",0.129111111111111,0.335360141694826,0,0,0,0,1,1.00075644633365,4074,1,1
"z[67,4]",0.171555555555556,0.377035591290268,0,0,0,0,1,1.00061071733995,3729,1,1
"z[68,4]",0.183777777777778,0.387345901868794,0,0,0,0,1,1.00010211512025,4500,1,1
"z[69,4]",0.00911111111111111,0.0950268670194558,0,0,0,0,0,1.01505775418488,3517,1,1
"z[70,4]",0.00111111111111111,0.033318511930496,0,0,0,0,0,1.11603919183554,3212,1,1
"z[71,4]",0.00311111111111111,0.0556966916350484,0,0,0,0,0,1.03148234445217,4500,1,1
"z[72,4]",0.000888888888888889,0.0298042977535084,0,0,0,0,0,1.16587551740291,2570,1,1
"z[73,4]",0,0,0,0,0,0,0,NA,1,1,1
"z[74,4]",0,0,0,0,0,0,0,NA,1,1,1
"z[75,4]",0,0,0,0,0,0,0,NA,1,1,1
"z[76,4]",0,0,0,0,0,0,0,NA,1,1,1
"z[77,4]",0,0,0,0,0,0,0,NA,1,1,1
"z[78,4]",0.022,0.146699633251375,0,0,0,0,0,0.999826532649563,4500,1,1
"z[79,4]",0.0337777777777778,0.180676765936377,0,0,0,0,1,1.0042608241761,3322,1,1
"z[80,4]",0,0,0,0,0,0,0,NA,1,1,1
"z[81,4]",0.00288888888888889,0.0536766566849176,0,0,0,0,0,1.01987494187977,4500,1,1
"z[82,4]",0.00333333333333333,0.0576451269226114,0,0,0,0,0,1.04363815036703,3205,1,1
"z[83,4]",0.004,0.0631259497363628,0,0,0,0,0,1.2078274659206,428,1,1
"z[84,4]",0.00377777777777778,0.0613542394088465,0,0,0,0,0,1.09584142018633,1192,1,1
"z[85,4]",0.000222222222222222,0.0149071198499986,0,0,0,0,0,1.29093398298233,4500,1,1
"z[86,4]",0.000666666666666667,0.0258141493083176,0,0,0,0,0,1.13377982835195,4498,1,1
"z[87,4]",0.0457777777777778,0.209026032222424,0,0,0,0,1,1.01211097948824,907,1,1
"z[88,4]",0.0126666666666667,0.111843649799372,0,0,0,0,0,1.00155539881737,4500,1,1
"z[89,4]",0.0166666666666667,0.128033322512951,0,0,0,0,0,1.00213948083519,4500,1,1
"z[90,4]",0,0,0,0,0,0,0,NA,1,1,1
"z[91,4]",0.136444444444444,0.343298045001655,0,0,0,0,1,1.00018132272615,4500,1,1
"z[92,4]",0.126888888888889,0.332885451492204,0,0,0,0,1,1.00145888198085,2525,1,1
"z[93,4]",0.145777777777778,0.352922507098086,0,0,0,0,1,0.999735099640682,4500,1,1
"z[94,4]",0.0933333333333333,0.290931317221604,0,0,0,0,1,1.00070002772471,4500,1,1
"z[95,4]",0.000222222222222222,0.0149071198499986,0,0,0,0,0,1.29093398298233,4500,1,1
"z[96,4]",0.000222222222222222,0.0149071198499986,0,0,0,0,0,1.29093398298233,4500,1,1
"z[97,4]",0.00266666666666667,0.0515766100016907,0,0,0,0,0,1.06582943979277,2566,1,1
"z[98,4]",0.00155555555555556,0.0394142235807543,0,0,0,0,0,1.03825136434619,4500,1,1
"z[99,4]",0.0375555555555556,0.190139869149559,0,0,0,0,1,1.00290921316858,4256,1,1
"z[100,4]",0.0253333333333333,0.15715293120877,0,0,0,0,1,1.00414115156481,4500,1,1
"z[101,4]",0.0591111111111111,0.23585874953463,0,0,0,0,1,1.0013949731949,4500,1,1
"z[102,4]",0.214444444444444,0.410481994889812,0,0,0,0,1,1.12529222776649,26,1,1
"z[103,4]",1,0,1,1,1,1,1,NA,1,0,1
"z[104,4]",0.198,0.398536442302985,0,0,0,0,1,1.00056890410627,3492,1,1
"z[105,4]",0,0,0,0,0,0,0,NA,1,1,1
"z[106,4]",0.0313333333333333,0.174236339048014,0,0,0,0,1,1.0074027748355,2113,1,1
"z[107,4]",0.0364444444444444,0.187414119688263,0,0,0,0,1,1.00955881655165,1426,1,1
"z[108,4]",0.104,0.305294467945715,0,0,0,0,1,1.00437380506461,1138,1,1
"z[109,4]",0.022,0.146699633251375,0,0,0,0,0,1.00014637771612,4500,1,1
"z[110,4]",0.997333333333333,0.0515766100016907,1,1,1,1,1,1.06582943979277,2566,0,1
"z[111,4]",1,0,1,1,1,1,1,NA,1,0,1
"z[112,4]",0.967777777777778,0.176609404971474,0,1,1,1,1,0.99984428658802,4500,1,1
"z[113,4]",1,0,1,1,1,1,1,NA,1,0,1
"z[114,4]",0,0,0,0,0,0,0,NA,1,1,1
"z[115,4]",0,0,0,0,0,0,0,NA,1,1,1
"z[116,4]",0,0,0,0,0,0,0,NA,1,1,1
"z[117,4]",0,0,0,0,0,0,0,NA,1,1,1
"z[118,4]",0,0,0,0,0,0,0,NA,1,1,1
"z[119,4]",0,0,0,0,0,0,0,NA,1,1,1
"z[120,4]",0,0,0,0,0,0,0,NA,1,1,1
"z[121,4]",0,0,0,0,0,0,0,NA,1,1,1
"z[122,4]",0.000222222222222222,0.0149071198499986,0,0,0,0,0,1.29093398298233,4500,1,1
"z[123,4]",0.0206666666666667,0.142281601882585,0,0,0,0,0,1.00344143637438,4500,1,1
"z[124,4]",0.0917777777777778,0.288744081583378,0,0,0,0,1,1.00977321663798,587,1,1
"z[125,4]",0.0106666666666667,0.102738670891514,0,0,0,0,0,1.07546150390623,562,1,1
"z[126,4]",0.00466666666666667,0.0681609955608629,0,0,0,0,0,1.06498961390618,1494,1,1
"z[127,4]",0.144444444444444,0.351578889148306,0,0,0,0,1,1.00231583322458,1531,1,1
"z[128,4]",0.178222222222222,0.382742231038999,0,0,0,0,1,1.00027758804057,4500,1,1
"z[129,4]",0.188,0.390755589973834,0,0,0,0,1,1.00545549954009,570,1,1
"z[130,4]",0.209555555555556,0.407036659542908,0,0,0,0,1,1.00005613917539,4500,1,1
"z[131,4]",0.00666666666666667,0.0813860808385347,0,0,0,0,0,1.03036628469413,2354,1,1
"z[132,4]",0.012,0.108897361089598,0,0,0,0,0,1.00799720621407,4500,1,1
"z[133,4]",0.0148888888888889,0.121121715563244,0,0,0,0,0,0.999781346894109,4500,1,1
"z[134,4]",1,0,1,1,1,1,1,NA,1,0,1
"z[135,4]",0.975111111111111,0.155803807734777,1,1,1,1,1,1.00692451188741,2809,0,1
"z[136,4]",1,0,1,1,1,1,1,NA,1,0,1
"z[137,4]",0.0164444444444444,0.127191272176836,0,0,0,0,0,1.00032636552195,4500,1,1
"z[138,4]",0,0,0,0,0,0,0,NA,1,1,1
"z[139,4]",0,0,0,0,0,0,0,NA,1,1,1
"z[140,4]",0,0,0,0,0,0,0,NA,1,1,1
"z[141,4]",0,0,0,0,0,0,0,NA,1,1,1
"z[142,4]",0.0726666666666667,0.259617411331994,0,0,0,0,1,0.999862414183234,4500,1,1
"z[143,4]",0.210444444444444,0.407669611770085,0,0,0,0,1,1.00195685745009,1322,1,1
"z[144,4]",0.102666666666667,0.303556748016748,0,0,0,0,1,1.00407766784216,1228,1,1
"z[145,4]",0.0226666666666667,0.148855006121055,0,0,0,0,0,1.00026969498069,4500,1,1
"z[146,4]",0.0135555555555556,0.115649360747383,0,0,0,0,0,1.00186984616135,4500,1,1
"z[147,4]",0.0453333333333333,0.20805730398765,0,0,0,0,1,1.00120419884029,4500,1,1
"z[148,4]",0.0271111111111111,0.162425248725456,0,0,0,0,1,1.0007641834315,4500,1,1
"z[149,4]",0,0,0,0,0,0,0,NA,1,1,1
"z[150,4]",0,0,0,0,0,0,0,NA,1,1,1
"z[151,4]",0,0,0,0,0,0,0,NA,1,1,1
"z[152,4]",0,0,0,0,0,0,0,NA,1,1,1
"z[153,4]",0.0377777777777778,0.190679566273877,0,0,0,0,1,0.999685288113145,4500,1,1
"z[154,4]",0.0371111111111111,0.189055069145718,0,0,0,0,1,1.00303930418318,4136,1,1
"z[155,4]",0.000888888888888889,0.0298042977535084,0,0,0,0,0,1.16587551740291,2570,1,1
"z[156,4]",0.0111111111111111,0.104833661410201,0,0,0,0,0,1.01898056891615,2295,1,1
"z[157,4]",0.00133333333333333,0.0364945409967103,0,0,0,0,0,1.10559375176454,2997,1,1
"z[158,4]",0,0,0,0,0,0,0,NA,1,1,1
"z[159,4]",0,0,0,0,0,0,0,NA,1,1,1
"z[160,4]",0,0,0,0,0,0,0,NA,1,1,1
"z[161,4]",0.0173333333333333,0.130524613834426,0,0,0,0,0,1.04755586443303,573,1,1
"z[162,4]",1,0,1,1,1,1,1,NA,1,0,1
"z[163,4]",0.00288888888888889,0.0536766566849176,0,0,0,0,0,1.0362487128527,4488,1,1
"z[164,4]",0.012,0.108897361089598,0,0,0,0,0,1.00019302158559,4500,1,1
"z[165,4]",0.01,0.0995098009695405,0,0,0,0,0,1.00862579484677,4500,1,1
"z[166,4]",0.0133333333333333,0.11471041653724,0,0,0,0,0,1.01146399047056,3172,1,1
"z[167,4]",0,0,0,0,0,0,0,NA,1,1,1
"z[168,4]",0,0,0,0,0,0,0,NA,1,1,1
"z[169,4]",0,0,0,0,0,0,0,NA,1,1,1
"z[170,4]",0,0,0,0,0,0,0,NA,1,1,1
"z[171,4]",0.0702222222222222,0.255549553077657,0,0,0,0,1,1.00316035936655,2179,1,1
"z[172,4]",0.111555555555556,0.314853844066041,0,0,0,0,1,1.00054153048992,4500,1,1
"z[173,4]",0.054,0.226042815685939,0,0,0,0,1,1.00593554819189,1547,1,1
"z[174,4]",0.00266666666666667,0.0515766100016907,0,0,0,0,0,1.02967422250434,4500,1,1
"z[175,4]",0.00333333333333333,0.0576451269226114,0,0,0,0,0,1.02548704970741,4500,1,1
"z[176,4]",0.00311111111111111,0.0556966916350484,0,0,0,0,0,1.06473334456168,2244,1,1
"z[177,4]",0.00133333333333333,0.0364945409967103,0,0,0,0,0,1.03900028931154,4500,1,1
"z[178,4]",0.0931111111111111,0.290620372706953,0,0,0,0,1,1.00142991788568,3347,1,1
"z[179,4]",0.150222222222222,0.357328812676052,0,0,0,0,1,1.00018668130724,4500,1,1
"z[180,4]",0.140444444444444,0.347486165270941,0,0,0,0,1,0.999892039364896,4500,1,1
"z[181,4]",0.141555555555556,0.348632457117574,0,0,0,0,1,1.00041450381876,4500,1,1
"z[182,4]",0.101333333333333,0.301803131244352,0,0,0,0,1,1.00081532755205,4500,1,1
"z[183,4]",0.182444444444444,0.386253314328518,0,0,0,0,1,1.001055526816,2419,1,1
"z[184,4]",0.0966666666666667,0.295536176252013,0,0,0,0,1,1.00231509477819,2160,1,1
"z[185,4]",0.955555555555556,0.206103312651472,0,1,1,1,1,1.01711326190223,661,1,1
"z[1,5]",0.000222222222222222,0.0149071198499986,0,0,0,0,0,1.29093398298233,4500,1,1
"z[2,5]",0,0,0,0,0,0,0,NA,1,1,1
"z[3,5]",0.00688888888888889,0.0827221418662089,0,0,0,0,0,1.04451889640204,1523,1,1
"z[4,5]",0.000222222222222222,0.0149071198499986,0,0,0,0,0,1.29093398298233,4500,1,1
"z[5,5]",0.0542222222222222,0.226480841156445,0,0,0,0,1,1.00191884961603,4310,1,1
"z[6,5]",0.0562222222222222,0.230375949195969,0,0,0,0,1,0.999990944047192,4500,1,1
"z[7,5]",0,0,0,0,0,0,0,NA,1,1,1
"z[8,5]",0,0,0,0,0,0,0,NA,1,1,1
"z[9,5]",0,0,0,0,0,0,0,NA,1,1,1
"z[10,5]",0,0,0,0,0,0,0,NA,1,1,1
"z[11,5]",0.01,0.0995098009695405,0,0,0,0,0,1.02023056160032,2388,1,1
"z[12,5]",0.0184444444444444,0.13456697579197,0,0,0,0,0,1.00333482170388,4500,1,1
"z[13,5]",0.00244444444444444,0.0493863456663645,0,0,0,0,0,1.09913278170699,1765,1,1
"z[14,5]",0.0451111111111111,0.207570887552932,0,0,0,0,1,1.00175371556107,4500,1,1
"z[15,5]",0.0106666666666667,0.102738670891514,0,0,0,0,0,1.00429334611071,4500,1,1
"z[16,5]",0.00488888888888889,0.069757214702053,0,0,0,0,0,1.04723205393332,2012,1,1
"z[17,5]",0,0,0,0,0,0,0,NA,1,1,1
"z[18,5]",0,0,0,0,0,0,0,NA,1,1,1
"z[19,5]",0,0,0,0,0,0,0,NA,1,1,1
"z[20,5]",0,0,0,0,0,0,0,NA,1,1,1
"z[21,5]",0.01,0.0995098009695405,0,0,0,0,0,1.00640152264117,4500,1,1
"z[22,5]",0.00111111111111111,0.033318511930496,0,0,0,0,0,1.11603919183554,3212,1,1
"z[23,5]",0.00155555555555556,0.0394142235807543,0,0,0,0,0,1.0097473778051,4500,1,1
"z[24,5]",0.000444444444444444,0.0210795079890303,0,0,0,0,0,1.10528646876281,4500,1,1
"z[25,5]",0,0,0,0,0,0,0,NA,1,1,1
"z[26,5]",0,0,0,0,0,0,0,NA,1,1,1
"z[27,5]",0,0,0,0,0,0,0,NA,1,1,1
"z[28,5]",0.00266666666666667,0.0515766100016907,0,0,0,0,0,1.0391172209852,4489,1,1
"z[29,5]",0.00111111111111111,0.033318511930496,0,0,0,0,0,1.01912206739455,4500,1,1
"z[30,5]",0,0,0,0,0,0,0,NA,1,1,1
"z[31,5]",0,0,0,0,0,0,0,NA,1,1,1
"z[32,5]",0,0,0,0,0,0,0,NA,1,1,1
"z[33,5]",0,0,0,0,0,0,0,NA,1,1,1
"z[34,5]",0,0,0,0,0,0,0,NA,1,1,1
"z[35,5]",0,0,0,0,0,0,0,NA,1,1,1
"z[36,5]",0,0,0,0,0,0,0,NA,1,1,1
"z[37,5]",0.00177777777777778,0.0421308880870312,0,0,0,0,0,1.007413097858,4500,1,1
"z[38,5]",0.00133333333333333,0.0364945409967103,0,0,0,0,0,1.13404536757886,2248,1,1
"z[39,5]",0.00511111111111111,0.071317023933587,0,0,0,0,0,1.02540770193671,3679,1,1
"z[40,5]",0.0148888888888889,0.121121715563244,0,0,0,0,0,1.00286381652449,4500,1,1
"z[41,5]",0.666888888888889,0.471378272709209,0,0,1,1,1,1.00569005865504,380,1,1
"z[42,5]",1,0,1,1,1,1,1,NA,1,0,1
"z[43,5]",0,0,0,0,0,0,0,NA,1,1,1
"z[44,5]",0,0,0,0,0,0,0,NA,1,1,1
"z[45,5]",0,0,0,0,0,0,0,NA,1,1,1
"z[46,5]",0,0,0,0,0,0,0,NA,1,1,1
"z[47,5]",0.767333333333333,0.422578479909467,0,1,1,1,1,1.00097048705976,2157,1,1
"z[48,5]",0.982666666666667,0.130524613834426,1,1,1,1,1,1.00498476016515,4500,0,1
"z[49,5]",0.233333333333333,0.422999587247188,0,0,0,0,1,1.0027231003678,913,1,1
"z[50,5]",0.0157777777777778,0.124628612791859,0,0,0,0,0,1.00616678247802,4500,1,1
"z[51,5]",0.778666666666667,0.415190554162588,0,1,1,1,1,1.00224832268145,1132,1,1
"z[52,5]",0.399333333333333,0.489815820155943,0,0,0,1,1,1.00004281074181,4500,1,1
"z[53,5]",0.137777777777778,0.344704897700523,0,0,0,0,1,1.00004561831159,4500,1,1
"z[54,5]",0.181555555555556,0.385520639964811,0,0,0,0,1,1.00027830866463,4500,1,1
"z[55,5]",0.000666666666666667,0.0258141493083176,0,0,0,0,0,1.13377982835195,4498,1,1
"z[56,5]",0.0982222222222222,0.297647954649891,0,0,0,0,1,1.00000935567086,4500,1,1
"z[57,5]",0.00133333333333333,0.0364945409967103,0,0,0,0,0,1.2055506609676,1285,1,1
"z[58,5]",0,0,0,0,0,0,0,NA,1,1,1
"z[59,5]",0.00666666666666667,0.0813860808385347,0,0,0,0,0,1.00135104912971,4500,1,1
"z[60,5]",0.0193333333333333,0.137709003796433,0,0,0,0,0,1.0039651140141,4500,1,1
"z[61,5]",0.0713333333333333,0.257409427269842,0,0,0,0,1,1.00482153048613,1458,1,1
"z[62,5]",0.0255555555555556,0.157822698772571,0,0,0,0,1,1.00326731338859,4500,1,1
"z[63,5]",0.0968888888888889,0.295839282691587,0,0,0,0,1,1.00099100527106,4302,1,1
"z[64,5]",0.0657777777777778,0.247920794922865,0,0,0,0,1,1.00209421163506,3337,1,1
"z[65,5]",0.130222222222222,0.336585160875883,0,0,0,0,1,1.00187773099594,2001,1,1
"z[66,5]",0.0697777777777778,0.254800445248467,0,0,0,0,1,0.999970968582647,4500,1,1
"z[67,5]",0.0853333333333333,0.279408131952049,0,0,0,0,1,1.00004311805535,4500,1,1
"z[68,5]",0.111333333333333,0.314579423009121,0,0,0,0,1,1.00024232860611,4500,1,1
"z[69,5]",0.00422222222222222,0.0648485125458765,0,0,0,0,0,1.03664473319752,3042,1,1
"z[70,5]",0.000222222222222222,0.0149071198499986,0,0,0,0,0,1.29093398298233,4500,1,1
"z[71,5]",0.00133333333333333,0.0364945409967103,0,0,0,0,0,1.03900028931154,4500,1,1
"z[72,5]",0.000222222222222222,0.0149071198499986,0,0,0,0,0,1.29093398298233,4500,1,1
"z[73,5]",0,0,0,0,0,0,0,NA,1,1,1
"z[74,5]",0,0,0,0,0,0,0,NA,1,1,1
"z[75,5]",0,0,0,0,0,0,0,NA,1,1,1
"z[76,5]",0,0,0,0,0,0,0,NA,1,1,1
"z[77,5]",0,0,0,0,0,0,0,NA,1,1,1
"z[78,5]",0.00422222222222222,0.0648485125458765,0,0,0,0,0,1.00930518134672,4500,1,1
"z[79,5]",0.00422222222222222,0.0648485125458765,0,0,0,0,0,1.04041778869278,2747,1,1
"z[80,5]",0,0,0,0,0,0,0,NA,1,1,1
"z[81,5]",0.000222222222222222,0.0149071198499986,0,0,0,0,0,1.29093398298233,4500,1,1
"z[82,5]",0.000444444444444444,0.0210795079890303,0,0,0,0,0,1.2913045102833,2250,1,1
"z[83,5]",0.002,0.0446815807032984,0,0,0,0,0,1.17908324188537,1037,1,1
"z[84,5]",0.00288888888888889,0.0536766566849176,0,0,0,0,0,1.16547621690423,800,1,1
"z[85,5]",0.000222222222222222,0.0149071198499986,0,0,0,0,0,1.29093398298233,4500,1,1
"z[86,5]",0,0,0,0,0,0,0,NA,1,1,1
"z[87,5]",0.00533333333333333,0.0728427622699364,0,0,0,0,0,1.02256197716652,3980,1,1
"z[88,5]",0.00311111111111111,0.0556966916350484,0,0,0,0,0,1.00222267416305,4500,1,1
"z[89,5]",0.00666666666666667,0.0813860808385347,0,0,0,0,0,1.01129475450218,4500,1,1
"z[90,5]",0,0,0,0,0,0,0,NA,1,1,1
"z[91,5]",0.068,0.251773880070849,0,0,0,0,1,1.00377493916021,1919,1,1
"z[92,5]",0.066,0.248309689121249,0,0,0,0,1,1.0031752301342,2300,1,1
"z[93,5]",0.0766666666666667,0.266091381389197,0,0,0,0,1,1.00050788366349,4500,1,1
"z[94,5]",0.0526666666666667,0.223391984327829,0,0,0,0,1,1.00191791091732,4432,1,1
"z[95,5]",0,0,0,0,0,0,0,NA,1,1,1
"z[96,5]",0,0,0,0,0,0,0,NA,1,1,1
"z[97,5]",0.000444444444444444,0.0210795079890303,0,0,0,0,0,1.10528646876281,4500,1,1
"z[98,5]",0.000222222222222222,0.0149071198499986,0,0,0,0,0,1.29093398298233,4500,1,1
"z[99,5]",0.0335555555555556,0.180102161070095,0,0,0,0,1,1.00144578519174,4500,1,1
"z[100,5]",0.002,0.0446815807032984,0,0,0,0,0,1.06670438272335,3369,1,1
"z[101,5]",0.0266666666666667,0.161125183440798,0,0,0,0,1,1.00501588343528,3577,1,1
"z[102,5]",0.215111111111111,0.410945068049354,0,0,0,0,1,1.12187158838917,26,1,1
"z[103,5]",0.878888888888889,0.326292612819852,0,1,1,1,1,1.00147372516525,2592,1,1
"z[104,5]",0.0164444444444444,0.127191272176836,0,0,0,0,0,1.00230014314057,4500,1,1
"z[105,5]",0,0,0,0,0,0,0,NA,1,1,1
"z[106,5]",0.0366666666666667,0.18796295738691,0,0,0,0,1,1.00061515704826,4500,1,1
"z[107,5]",0.012,0.108897361089598,0,0,0,0,0,1.02163947622901,1862,1,1
"z[108,5]",0.0191111111111111,0.136930797191431,0,0,0,0,0,1.00099852264813,4500,1,1
"z[109,5]",0.00466666666666667,0.0681609955608629,0,0,0,0,0,1.01312583228194,4500,1,1
"z[110,5]",1,0,1,1,1,1,1,NA,1,0,1
"z[111,5]",1,0,1,1,1,1,1,NA,1,0,1
"z[112,5]",0.959777777777778,0.196501846614733,0,1,1,1,1,1.00196562542649,4500,1,1
"z[113,5]",1,0,1,1,1,1,1,NA,1,0,1
"z[114,5]",0,0,0,0,0,0,0,NA,1,1,1
"z[115,5]",0,0,0,0,0,0,0,NA,1,1,1
"z[116,5]",0,0,0,0,0,0,0,NA,1,1,1
"z[117,5]",0,0,0,0,0,0,0,NA,1,1,1
"z[118,5]",0,0,0,0,0,0,0,NA,1,1,1
"z[119,5]",0,0,0,0,0,0,0,NA,1,1,1
"z[120,5]",0,0,0,0,0,0,0,NA,1,1,1
"z[121,5]",0,0,0,0,0,0,0,NA,1,1,1
"z[122,5]",0.000222222222222222,0.0149071198499986,0,0,0,0,0,1.29093398298233,4500,1,1
"z[123,5]",0.000444444444444444,0.0210795079890303,0,0,0,0,0,1.10528646876281,4500,1,1
"z[124,5]",0.0837777777777778,0.277085046671742,0,0,0,0,1,1.01275999716065,491,1,1
"z[125,5]",0.00733333333333333,0.0853297931213479,0,0,0,0,0,1.10777487095767,541,1,1
"z[126,5]",0.00266666666666667,0.0515766100016907,0,0,0,0,0,1.1544895496194,946,1,1
"z[127,5]",0.0797777777777778,0.270978968999202,0,0,0,0,1,1.00957751980943,680,1,1
"z[128,5]",0.101555555555556,0.302096516371218,0,0,0,0,1,1.00184000382748,2522,1,1
"z[129,5]",0.114444444444444,0.318385678262224,0,0,0,0,1,1.00289340464024,1534,1,1
"z[130,5]",0.170222222222222,0.375869674751524,0,0,0,0,1,1.00000909903845,4500,1,1
"z[131,5]",0.00355555555555556,0.0595289935189017,0,0,0,0,0,1.05061772453475,2563,1,1
"z[132,5]",0.00622222222222222,0.0786440117920529,0,0,0,0,0,1.04385461735203,1716,1,1
"z[133,5]",0.00977777777777778,0.0984089676386699,0,0,0,0,0,1.00150453602595,4500,1,1
"z[134,5]",1,0,1,1,1,1,1,NA,1,0,1
"z[135,5]",1,0,1,1,1,1,1,NA,1,0,1
"z[136,5]",0.998,0.0446815807032984,1,1,1,1,1,1.05122192836609,4492,0,1
"z[137,5]",0.00422222222222222,0.0648485125458765,0,0,0,0,0,1.00930518134672,4500,1,1
"z[138,5]",0,0,0,0,0,0,0,NA,1,1,1
"z[139,5]",0,0,0,0,0,0,0,NA,1,1,1
"z[140,5]",0,0,0,0,0,0,0,NA,1,1,1
"z[141,5]",0,0,0,0,0,0,0,NA,1,1,1
"z[142,5]",0.0308888888888889,0.173035889574341,0,0,0,0,1,1.00494609318079,3142,1,1
"z[143,5]",0.184888888888889,0.388250544230724,0,0,0,0,1,1.00161962872853,1704,1,1
"z[144,5]",0.0595555555555556,0.236687854568751,0,0,0,0,1,1.00122740223272,4500,1,1
"z[145,5]",0.00422222222222222,0.0648485125458765,0,0,0,0,0,1.00106030922822,4500,1,1
"z[146,5]",0.00222222222222222,0.0470932775447189,0,0,0,0,0,1.00465090130556,4500,1,1
"z[147,5]",0.0113333333333333,0.105864911172911,0,0,0,0,0,NA,4500,1,1
"z[148,5]",0.00577777777777778,0.0758002102747823,0,0,0,0,0,1.02000319097684,4155,1,1
"z[149,5]",0,0,0,0,0,0,0,NA,1,1,1
"z[150,5]",0,0,0,0,0,0,0,NA,1,1,1
"z[151,5]",0,0,0,0,0,0,0,NA,1,1,1
"z[152,5]",0,0,0,0,0,0,0,NA,1,1,1
"z[153,5]",0.0102222222222222,0.100598097789677,0,0,0,0,0,1.01407890162679,3360,1,1
"z[154,5]",0.00733333333333333,0.0853297931213479,0,0,0,0,0,1.01201976281667,4500,1,1
"z[155,5]",0,0,0,0,0,0,0,NA,1,1,1
"z[156,5]",0.00177777777777778,0.0421308880870312,0,0,0,0,0,1.05041941929871,4500,1,1
"z[157,5]",0.000222222222222222,0.0149071198499986,0,0,0,0,0,1.29093398298233,4500,1,1
"z[158,5]",0,0,0,0,0,0,0,NA,1,1,1
"z[159,5]",0,0,0,0,0,0,0,NA,1,1,1
"z[160,5]",0,0,0,0,0,0,0,NA,1,1,1
"z[161,5]",0.0122222222222222,0.109888684384328,0,0,0,0,0,1.04095648381475,945,1,1
"z[162,5]",0.00622222222222222,0.0786440117920529,0,0,0,0,0,1.00984922977106,4500,1,1
"z[163,5]",0.00955555555555555,0.0972951722699289,0,0,0,0,0,1.02385364877783,2107,1,1
"z[164,5]",0.00244444444444444,0.0493863456663645,0,0,0,0,0,1.02752607886309,4500,1,1
"z[165,5]",0.00244444444444444,0.0493863456663645,0,0,0,0,0,1.12531031754529,1336,1,1
"z[166,5]",0.00244444444444444,0.0493863456663645,0,0,0,0,0,1.015878473234,4500,1,1
"z[167,5]",0,0,0,0,0,0,0,NA,1,1,1
"z[168,5]",0,0,0,0,0,0,0,NA,1,1,1
"z[169,5]",0,0,0,0,0,0,0,NA,1,1,1
"z[170,5]",0,0,0,0,0,0,0,NA,1,1,1
"z[171,5]",0.0348888888888889,0.183518768996536,0,0,0,0,1,1.00268564308214,4500,1,1
"z[172,5]",0.066,0.248309689121249,0,0,0,0,1,1.00844442500947,920,1,1
"z[173,5]",0.03,0.170606178387604,0,0,0,0,1,1.00027793311792,4500,1,1
"z[174,5]",0.00155555555555556,0.0394142235807543,0,0,0,0,0,1.13197091684193,1967,1,1
"z[175,5]",0.00155555555555556,0.0394142235807543,0,0,0,0,0,1.06447893654775,4494,1,1
"z[176,5]",0.000888888888888889,0.0298042977535084,0,0,0,0,0,1.02957562893154,4500,1,1
"z[177,5]",0.000222222222222222,0.0149071198499986,0,0,0,0,0,1.29093398298233,4500,1,1
"z[178,5]",0.054,0.226042815685939,0,0,0,0,1,1.0035886490684,2482,1,1
"z[179,5]",0.08,0.271323348038703,0,0,0,0,1,1.00004889087278,4500,1,1
"z[180,5]",0.0877777777777778,0.283002892963307,0,0,0,0,1,1.00130478165752,3798,1,1
"z[181,5]",0.0724444444444445,0.259251196201609,0,0,0,0,1,1.00016376338757,4500,1,1
"z[182,5]",0.0404444444444444,0.197021109093834,0,0,0,0,1,0.999879689071665,4500,1,1
"z[183,5]",0.122,0.327322178971133,0,0,0,0,1,1.0012204308682,3001,1,1
"z[184,5]",0.132666666666667,0.339251821185049,0,0,0,0,1,1.00119753364127,2846,1,1
"z[185,5]",0.966666666666667,0.179525441950783,0,1,1,1,1,1.02538813543136,584,1,1
"z[1,6]",0.000222222222222222,0.0149071198499986,0,0,0,0,0,1.29093398298233,4500,1,1
"z[2,6]",0,0,0,0,0,0,0,NA,1,1,1
"z[3,6]",0.00777777777777778,0.0878578356425394,0,0,0,0,0,1.02055775828599,3006,1,1
"z[4,6]",0.000888888888888889,0.0298042977535084,0,0,0,0,0,1.02957562893154,4500,1,1
"z[5,6]",0.0584444444444444,0.234608019202615,0,0,0,0,1,1.00152748626819,4500,1,1
"z[6,6]",0.036,0.186310798705171,0,0,0,0,1,1.00009655142057,4500,1,1
"z[7,6]",0,0,0,0,0,0,0,NA,1,1,1
"z[8,6]",0,0,0,0,0,0,0,NA,1,1,1
"z[9,6]",0,0,0,0,0,0,0,NA,1,1,1
"z[10,6]",0,0,0,0,0,0,0,NA,1,1,1
"z[11,6]",0.0133333333333333,0.11471041653724,0,0,0,0,0,1.03085045720046,1169,1,1
"z[12,6]",0.0422222222222222,0.201118111385383,0,0,0,0,1,1.00122036764136,4500,1,1
"z[13,6]",0.000444444444444444,0.0210795079890303,0,0,0,0,0,1.10528646876281,4500,1,1
"z[14,6]",0.156888888888889,0.36373639680125,0,0,0,0,1,1.00061781272925,3981,1,1
"z[15,6]",0.0246666666666667,0.155124368434336,0,0,0,0,0,1.00132719145061,4500,1,1
"z[16,6]",0.113555555555556,0.317305949160352,0,0,0,0,1,1.00019588148501,4500,1,1
"z[17,6]",0,0,0,0,0,0,0,NA,1,1,1
"z[18,6]",0,0,0,0,0,0,0,NA,1,1,1
"z[19,6]",0,0,0,0,0,0,0,NA,1,1,1
"z[20,6]",0,0,0,0,0,0,0,NA,1,1,1
"z[21,6]",0.086,0.28039520580441,0,0,0,0,1,1.00018205236245,4500,1,1
"z[22,6]",0.000888888888888889,0.0298042977535084,0,0,0,0,0,1.02957562893154,4500,1,1
"z[23,6]",0.00155555555555556,0.0394142235807543,0,0,0,0,0,1.0097473778051,4500,1,1
"z[24,6]",0.000444444444444444,0.0210795079890303,0,0,0,0,0,1.2913045102833,2250,1,1
"z[25,6]",0,0,0,0,0,0,0,NA,1,1,1
"z[26,6]",0,0,0,0,0,0,0,NA,1,1,1
"z[27,6]",0,0,0,0,0,0,0,NA,1,1,1
"z[28,6]",0.00711111111111111,0.0840363764582043,0,0,0,0,0,1.0060467218903,4500,1,1
"z[29,6]",0.00133333333333333,0.0364945409967103,0,0,0,0,0,1.03900028931154,4500,1,1
"z[30,6]",0,0,0,0,0,0,0,NA,1,1,1
"z[31,6]",0,0,0,0,0,0,0,NA,1,1,1
"z[32,6]",0,0,0,0,0,0,0,NA,1,1,1
"z[33,6]",0,0,0,0,0,0,0,NA,1,1,1
"z[34,6]",0,0,0,0,0,0,0,NA,1,1,1
"z[35,6]",0,0,0,0,0,0,0,NA,1,1,1
"z[36,6]",0,0,0,0,0,0,0,NA,1,1,1
"z[37,6]",0.00666666666666667,0.0813860808385347,0,0,0,0,0,1.00135104912971,4500,1,1
"z[38,6]",0.00155555555555556,0.0394142235807543,0,0,0,0,0,1.03825136434619,4500,1,1
"z[39,6]",0.00622222222222222,0.0786440117920529,0,0,0,0,0,1.02276129649656,3385,1,1
"z[40,6]",0.0297777777777778,0.169992598048771,0,0,0,0,1,1.0084740262824,1945,1,1
"z[41,6]",1,0,1,1,1,1,1,NA,1,0,1
"z[42,6]",0.681555555555556,0.465924695139235,0,0,1,1,1,1.00030484150187,3615,1,1
"z[43,6]",0,0,0,0,0,0,0,NA,1,1,1
"z[44,6]",0,0,0,0,0,0,0,NA,1,1,1
"z[45,6]",0,0,0,0,0,0,0,NA,1,1,1
"z[46,6]",0,0,0,0,0,0,0,NA,1,1,1
"z[47,6]",0.636,0.481202095556712,0,0,1,1,1,0.999858830619428,4500,1,1
"z[48,6]",0.97,0.170606178387604,0,1,1,1,1,1.00936361206445,1755,1,1
"z[49,6]",0.242444444444444,0.428609331850102,0,0,0,0,1,1.00294692524347,829,1,1
"z[50,6]",0.00911111111111111,0.0950268670194558,0,0,0,0,0,1.01855059112096,2858,1,1
"z[51,6]",0.822222222222222,0.382368055124134,0,1,1,1,1,1.00064110695634,3521,1,1
"z[52,6]",0.419777777777778,0.49357728119657,0,0,0,1,1,1.00042894333525,2699,1,1
"z[53,6]",0.115555555555556,0.319726736204165,0,0,0,0,1,1.00012999918457,4500,1,1
"z[54,6]",0.0886666666666667,0.28429359739909,0,0,0,0,1,1.00274598597356,1999,1,1
"z[55,6]",0.002,0.0446815807032984,0,0,0,0,0,0.999666611092585,4500,1,1
"z[56,6]",1,0,1,1,1,1,1,NA,1,0,1
"z[57,6]",0.0113333333333333,0.105864911172911,0,0,0,0,0,1.00898007211152,4500,1,1
"z[58,6]",0.000222222222222222,0.0149071198499986,0,0,0,0,0,1.29093398298233,4500,1,1
"z[59,6]",0.00377777777777778,0.0613542394088465,0,0,0,0,0,1.03124325048662,4012,1,1
"z[60,6]",0.0155555555555556,0.123761803562895,0,0,0,0,0,1.00972614389912,3198,1,1
"z[61,6]",0.0162222222222222,0.126343218950737,0,0,0,0,0,1.02124050160747,1412,1,1
"z[62,6]",0.012,0.108897361089598,0,0,0,0,0,1.0012441993949,4500,1,1
"z[63,6]",0.0297777777777778,0.169992598048771,0,0,0,0,1,1.00463231891016,3463,1,1
"z[64,6]",0.008,0.08909412970305,0,0,0,0,0,1.03114688851591,1914,1,1
"z[65,6]",0.0811111111111111,0.273036014356096,0,0,0,0,1,0.999897472779848,4500,1,1
"z[66,6]",0.038,0.191217481839897,0,0,0,0,1,1.00170910517712,4500,1,1
"z[67,6]",0.0302222222222222,0.171217271410598,0,0,0,0,1,1.00226967626005,4500,1,1
"z[68,6]",0.0486666666666667,0.215194128644091,0,0,0,0,1,1.001013404541,4500,1,1
"z[69,6]",0.00688888888888889,0.0827221418662089,0,0,0,0,0,1.03619296694437,1899,1,1
"z[70,6]",0.00133333333333333,0.0364945409967103,0,0,0,0,0,1.1055143248586,2997,1,1
"z[71,6]",0.00155555555555556,0.0394142235807543,0,0,0,0,0,1.03825136434619,4500,1,1
"z[72,6]",0,0,0,0,0,0,0,NA,1,1,1
"z[73,6]",0,0,0,0,0,0,0,NA,1,1,1
"z[74,6]",0,0,0,0,0,0,0,NA,1,1,1
"z[75,6]",0,0,0,0,0,0,0,NA,1,1,1
"z[76,6]",0,0,0,0,0,0,0,NA,1,1,1
"z[77,6]",0,0,0,0,0,0,0,NA,1,1,1
"z[78,6]",0.0104444444444444,0.10167426066326,0,0,0,0,0,1.00675308325243,4500,1,1
"z[79,6]",0.014,0.11750348180963,0,0,0,0,0,1.02763258243003,1243,1,1
"z[80,6]",0,0,0,0,0,0,0,NA,1,1,1
"z[81,6]",0,0,0,0,0,0,0,NA,1,1,1
"z[82,6]",0.000444444444444444,0.0210795079890303,0,0,0,0,0,1.10528646876281,4500,1,1
"z[83,6]",0.000888888888888889,0.0298042977535084,0,0,0,0,0,1.16587551740291,2570,1,1
"z[84,6]",0.00333333333333333,0.0576451269226114,0,0,0,0,0,1.19061063528936,576,1,1
"z[85,6]",0.000444444444444444,0.0210795079890303,0,0,0,0,0,1.2913045102833,2250,1,1
"z[86,6]",0,0,0,0,0,0,0,NA,1,1,1
"z[87,6]",1,0,1,1,1,1,1,NA,1,0,1
"z[88,6]",0.0657777777777778,0.247920794922865,0,0,0,0,1,1.00443106384588,1699,1,1
"z[89,6]",0.00444444444444444,0.0665257457028688,0,0,0,0,0,1.00092486880446,4500,1,1
"z[90,6]",0,0,0,0,0,0,0,NA,1,1,1
"z[91,6]",0.0197777777777778,0.139251306560123,0,0,0,0,0,1.01607582145657,1535,1,1
"z[92,6]",0.0255555555555556,0.157822698772571,0,0,0,0,1,1.01534374760287,1252,1,1
"z[93,6]",0.0197777777777778,0.139251306560123,0,0,0,0,0,1.00442492661416,4500,1,1
"z[94,6]",0.0395555555555556,0.194934239891299,0,0,0,0,1,1.00029904215011,4500,1,1
"z[95,6]",0.000666666666666667,0.0258141493083176,0,0,0,0,0,1.13377982835195,4498,1,1
"z[96,6]",0.000222222222222222,0.0149071198499986,0,0,0,0,0,1.29093398298233,4500,1,1
"z[97,6]",0.000666666666666667,0.0258141493083176,0,0,0,0,0,1.29167562882982,1500,1,1
"z[98,6]",0,0,0,0,0,0,0,NA,1,1,1
"z[99,6]",0.0188888888888889,0.136147779728393,0,0,0,0,0,1.00317026727068,4500,1,1
"z[100,6]",0,0,0,0,0,0,0,NA,1,1,1
"z[101,6]",0.0357777777777778,0.185756281888117,0,0,0,0,1,1.00043315285191,4500,1,1
"z[102,6]",0.22,0.414292338583869,0,0,0,0,1,1.11689064918889,27,1,1
"z[103,6]",0.779333333333333,0.414742225461546,0,1,1,1,1,1.00049371790385,3508,1,1
"z[104,6]",0.00111111111111111,0.033318511930496,0,0,0,0,0,1.07137218653062,4500,1,1
"z[105,6]",0,0,0,0,0,0,0,NA,1,1,1
"z[106,6]",0.0906666666666667,0.287166411122996,0,0,0,0,1,0.999797230708845,4500,1,1
"z[107,6]",0.0137777777777778,0.116580319235386,0,0,0,0,0,0.99980025501006,4500,1,1
"z[108,6]",0.0242222222222222,0.153755519169198,0,0,0,0,0,1.00050537973821,4500,1,1
"z[109,6]",0.0157777777777778,0.124628612791859,0,0,0,0,0,1.02060601114977,1491,1,1
"z[110,6]",1,0,1,1,1,1,1,NA,1,0,1
"z[111,6]",1,0,1,1,1,1,1,NA,1,0,1
"z[112,6]",1,0,1,1,1,1,1,NA,1,0,1
"z[113,6]",1,0,1,1,1,1,1,NA,1,0,1
"z[114,6]",0,0,0,0,0,0,0,NA,1,1,1
"z[115,6]",0,0,0,0,0,0,0,NA,1,1,1
"z[116,6]",0,0,0,0,0,0,0,NA,1,1,1
"z[117,6]",0,0,0,0,0,0,0,NA,1,1,1
"z[118,6]",0,0,0,0,0,0,0,NA,1,1,1
"z[119,6]",0,0,0,0,0,0,0,NA,1,1,1
"z[120,6]",0,0,0,0,0,0,0,NA,1,1,1
"z[121,6]",0,0,0,0,0,0,0,NA,1,1,1
"z[122,6]",0.002,0.0446815807032984,0,0,0,0,0,1.05117977239476,4492,1,1
"z[123,6]",0.00377777777777778,0.0613542394088465,0,0,0,0,0,1.02160266575274,4500,1,1
"z[124,6]",0.0848888888888889,0.278747254884959,0,0,0,0,1,1.00749961446997,815,1,1
"z[125,6]",0.0168888888888889,0.128869487630174,0,0,0,0,0,1.03169880755491,902,1,1
"z[126,6]",0.00844444444444444,0.0915150092219534,0,0,0,0,0,1.00212190440097,4500,1,1
"z[127,6]",0.0188888888888889,0.136147779728393,0,0,0,0,0,1.01118398066429,2303,1,1
"z[128,6]",0.0335555555555556,0.180102161070095,0,0,0,0,1,1.00389857159791,3629,1,1
"z[129,6]",0.0555555555555556,0.229086879157383,0,0,0,0,1,1.00067053364542,4500,1,1
"z[130,6]",0.138444444444444,0.345404244715402,0,0,0,0,1,1.00059169645586,4500,1,1
"z[131,6]",0.00244444444444444,0.0493863456663645,0,0,0,0,0,1.02752607886309,4500,1,1
"z[132,6]",0.00444444444444444,0.0665257457028688,0,0,0,0,0,1.00092486880446,4500,1,1
"z[133,6]",0.00688888888888889,0.0827221418662089,0,0,0,0,0,1.00800775518015,4500,1,1
"z[134,6]",1,0,1,1,1,1,1,NA,1,0,1
"z[135,6]",0.712222222222222,0.452777302401117,0,0,1,1,1,1.00153601504248,1313,1,1
"z[136,6]",1,0,1,1,1,1,1,NA,1,0,1
"z[137,6]",0.0142222222222222,0.118419030794728,0,0,0,0,0,1.01202811299478,2840,1,1
"z[138,6]",0,0,0,0,0,0,0,NA,1,1,1
"z[139,6]",0,0,0,0,0,0,0,NA,1,1,1
"z[140,6]",0,0,0,0,0,0,0,NA,1,1,1
"z[141,6]",0,0,0,0,0,0,0,NA,1,1,1
"z[142,6]",0.0853333333333333,0.279408131952049,0,0,0,0,1,1.00321095618737,1805,1,1
"z[143,6]",0.191555555555556,0.393568858173293,0,0,0,0,1,1.00165505544102,1631,1,1
"z[144,6]",0.0477777777777778,0.213319417750194,0,0,0,0,1,1.00010755224048,4500,1,1
"z[145,6]",0.00888888888888889,0.093871373318521,0,0,0,0,0,1.00565874033493,4500,1,1
"z[146,6]",0.00266666666666667,0.0515766100016907,0,0,0,0,0,1.0099762458543,4500,1,1
"z[147,6]",0.0215555555555556,0.14524324938423,0,0,0,0,0,1.01122048651112,2025,1,1
"z[148,6]",0.0146666666666667,0.120227982292648,0,0,0,0,0,1.00072919735341,4500,1,1
"z[149,6]",0,0,0,0,0,0,0,NA,1,1,1
"z[150,6]",0,0,0,0,0,0,0,NA,1,1,1
"z[151,6]",0,0,0,0,0,0,0,NA,1,1,1
"z[152,6]",0,0,0,0,0,0,0,NA,1,1,1
"z[153,6]",0.0131111111111111,0.113763288874888,0,0,0,0,0,1.02791397860007,1318,1,1
"z[154,6]",0.0142222222222222,0.118419030794728,0,0,0,0,0,1.0005447576819,4500,1,1
"z[155,6]",0.000888888888888889,0.0298042977535084,0,0,0,0,0,1.02957562893154,4500,1,1
"z[156,6]",0.006,0.0772355205065475,0,0,0,0,0,1.01790890406194,4474,1,1
"z[157,6]",0.000444444444444444,0.0210795079890303,0,0,0,0,0,1.2913045102833,2250,1,1
"z[158,6]",0,0,0,0,0,0,0,NA,1,1,1
"z[159,6]",0,0,0,0,0,0,0,NA,1,1,1
"z[160,6]",0,0,0,0,0,0,0,NA,1,1,1
"z[161,6]",0.038,0.191217481839897,0,0,0,0,1,1.00781243106326,1668,1,1
"z[162,6]",0.00111111111111111,0.033318511930496,0,0,0,0,0,1.11603919183554,3212,1,1
"z[163,6]",0.00133333333333333,0.0364945409967103,0,0,0,0,0,NA,4500,1,1
"z[164,6]",0.00733333333333333,0.0853297931213479,0,0,0,0,0,1.00106117530681,4500,1,1
"z[165,6]",0.00155555555555556,0.0394142235807543,0,0,0,0,0,1.03825136434619,4500,1,1
"z[166,6]",0.000888888888888889,0.0298042977535084,0,0,0,0,0,1.10540023626025,4497,1,1
"z[167,6]",0,0,0,0,0,0,0,NA,1,1,1
"z[168,6]",0,0,0,0,0,0,0,NA,1,1,1
"z[169,6]",0,0,0,0,0,0,0,NA,1,1,1
"z[170,6]",0,0,0,0,0,0,0,NA,1,1,1
"z[171,6]",0.006,0.0772355205065475,0,0,0,0,0,1.00789465731767,4500,1,1
"z[172,6]",0.02,0.140015558148628,0,0,0,0,0,1.00101274928299,4500,1,1
"z[173,6]",0.00844444444444444,0.0915150092219534,0,0,0,0,0,1.00212190440097,4500,1,1
"z[174,6]",0.00111111111111111,0.033318511930496,0,0,0,0,0,1.11603919183554,3212,1,1
"z[175,6]",0.000888888888888889,0.0298042977535084,0,0,0,0,0,1.29204734004362,1125,1,1
"z[176,6]",0.0133333333333333,0.11471041653724,0,0,0,0,0,1.00009421809267,4500,1,1
"z[177,6]",0.000222222222222222,0.0149071198499986,0,0,0,0,0,1.29093398298233,4500,1,1
"z[178,6]",0.107777777777778,0.310134007193376,0,0,0,0,1,0.999861267036543,4500,1,1
"z[179,6]",0.211777777777778,0.408613575352813,0,0,0,0,1,0.999784319952957,4500,1,1
"z[180,6]",0.0431111111111111,0.203129792200249,0,0,0,0,1,1.00072300954642,4500,1,1
"z[181,6]",0.0324444444444444,0.177197008935809,0,0,0,0,1,1.00059213811292,4500,1,1
"z[182,6]",0.0106666666666667,0.102738670891514,0,0,0,0,0,1.01336936258429,3393,1,1
"z[183,6]",0.0604444444444444,0.238334925238366,0,0,0,0,1,1.00981789434441,864,1,1
"z[184,6]",1,0,1,1,1,1,1,NA,1,0,1
"z[185,6]",1,0,1,1,1,1,1,NA,1,0,1
"z[1,7]",0.00133333333333333,0.0364945409967103,0,0,0,0,0,1.2055506609676,1285,1,1
"z[2,7]",0.000888888888888889,0.0298042977535084,0,0,0,0,0,1.10540023626025,4497,1,1
"z[3,7]",0.0364444444444444,0.187414119688263,0,0,0,0,1,1.00474885329372,2779,1,1
"z[4,7]",0.00533333333333333,0.0728427622699364,0,0,0,0,0,1.00228785649299,4500,1,1
"z[5,7]",0.072,0.258516636409127,0,0,0,0,1,1.00235980588285,2768,1,1
"z[6,7]",0.0306666666666667,0.17243210118093,0,0,0,0,1,1.00267219321561,4500,1,1
"z[7,7]",0,0,0,0,0,0,0,NA,1,1,1
"z[8,7]",0,0,0,0,0,0,0,NA,1,1,1
"z[9,7]",0,0,0,0,0,0,0,NA,1,1,1
"z[10,7]",0,0,0,0,0,0,0,NA,1,1,1
"z[11,7]",0.0648888888888889,0.246357074296865,0,0,0,0,1,1.0015629846873,4343,1,1
"z[12,7]",0.159111111111111,0.365820316837122,0,0,0,0,1,1.00102529608904,2743,1,1
"z[13,7]",0.0382222222222222,0.191753630840733,0,0,0,0,1,1.00567128698901,2250,1,1
"z[14,7]",0.204666666666667,0.403502668145715,0,0,0,0,1,1.00007720625591,4500,1,1
"z[15,7]",0.123777777777778,0.329364458287695,0,0,0,0,1,1.00132716365184,2771,1,1
"z[16,7]",0.273777777777778,0.445945847603538,0,0,0,1,1,1.00055329676327,2842,1,1
"z[17,7]",0,0,0,0,0,0,0,NA,1,1,1
"z[18,7]",0,0,0,0,0,0,0,NA,1,1,1
"z[19,7]",0,0,0,0,0,0,0,NA,1,1,1
"z[20,7]",0,0,0,0,0,0,0,NA,1,1,1
"z[21,7]",0.222666666666667,0.416082557164474,0,0,0,0,1,0.999772941136175,4500,1,1
"z[22,7]",0.135777777777778,0.342590505813979,0,0,0,0,1,1.00013141893652,4500,1,1
"z[23,7]",0.0251111111111111,0.15647998127484,0,0,0,0,0.524999999999636,1.00486133195736,3904,1,1
"z[24,7]",0.0104444444444444,0.10167426066326,0,0,0,0,0,1.03797424299294,1197,1,1
"z[25,7]",0,0,0,0,0,0,0,NA,1,1,1
"z[26,7]",0,0,0,0,0,0,0,NA,1,1,1
"z[27,7]",0,0,0,0,0,0,0,NA,1,1,1
"z[28,7]",0.0182222222222222,0.133769014787178,0,0,0,0,0,1.00547949755823,4500,1,1
"z[29,7]",0.00266666666666667,0.0515766100016907,0,0,0,0,0,1.0099762458543,4500,1,1
"z[30,7]",0,0,0,0,0,0,0,NA,1,1,1
"z[31,7]",0,0,0,0,0,0,0,NA,1,1,1
"z[32,7]",0,0,0,0,0,0,0,NA,1,1,1
"z[33,7]",0,0,0,0,0,0,0,NA,1,1,1
"z[34,7]",0,0,0,0,0,0,0,NA,1,1,1
"z[35,7]",0,0,0,0,0,0,0,NA,1,1,1
"z[36,7]",0,0,0,0,0,0,0,NA,1,1,1
"z[37,7]",0.282666666666667,0.450345746508267,0,0,0,1,1,0.999932911049337,4500,1,1
"z[38,7]",0.0171111111111111,0.129699881353212,0,0,0,0,0,1.01260228756982,2256,1,1
"z[39,7]",0.0551111111111111,0.228222372014437,0,0,0,0,1,0.999812152881107,4500,1,1
"z[40,7]",0.134,0.340690171985335,0,0,0,0,1,1.00167707700569,2135,1,1
"z[41,7]",0.85,0.357111102643182,0,1,1,1,1,0.999862392024231,4500,1,1
"z[42,7]",0.662222222222222,0.473004935714673,0,0,1,1,1,0.999741091565603,4500,1,1
"z[43,7]",0,0,0,0,0,0,0,NA,1,1,1
"z[44,7]",0,0,0,0,0,0,0,NA,1,1,1
"z[45,7]",0,0,0,0,0,0,0,NA,1,1,1
"z[46,7]",0,0,0,0,0,0,0,NA,1,1,1
"z[47,7]",0.610666666666667,0.487653293444934,0,0,1,1,1,0.999713775430983,4500,1,1
"z[48,7]",0.971111111111111,0.167512855228826,0,1,1,1,1,1.00642655553833,2619,1,1
"z[49,7]",0.271333333333333,0.444697089289433,0,0,0,1,1,1.00164784395846,1276,1,1
"z[50,7]",0.00622222222222222,0.0786440117920529,0,0,0,0,0,1.00223843908715,4500,1,1
"z[51,7]",1,0,1,1,1,1,1,NA,1,0,1
"z[52,7]",0.570222222222222,0.495099294438136,0,0,1,1,1,0.999975567566829,4500,1,1
"z[53,7]",0.144222222222222,0.351353961248913,0,0,0,0,1,1.00558041469296,689,1,1
"z[54,7]",0.309777777777778,0.462453274710975,0,0,0,1,1,0.999741628029808,4500,1,1
"z[55,7]",0.114666666666667,0.318654651372799,0,0,0,0,1,1.00003982794256,4500,1,1
"z[56,7]",0.136,0.342826658537455,0,0,0,0,1,0.999924362141377,4500,1,1
"z[57,7]",0.0162222222222222,0.126343218950737,0,0,0,0,0,1.0046755723588,4500,1,1
"z[58,7]",0.00444444444444444,0.0665257457028688,0,0,0,0,0,1.01567977518289,4500,1,1
"z[59,7]",0.014,0.11750348180963,0,0,0,0,0,1.02266567067823,1528,1,1
"z[60,7]",0.0706666666666667,0.256295700525826,0,0,0,0,1,0.999683780006745,4500,1,1
"z[61,7]",0.0408888888888889,0.198054801702807,0,0,0,0,1,0.99987512379364,4500,1,1
"z[62,7]",0.0677777777777778,0.251392113273443,0,0,0,0,1,1.00104498066026,4500,1,1
"z[63,7]",0.159333333333333,0.36602731409757,0,0,0,0,1,0.999695490647075,4500,1,1
"z[64,7]",0.0262222222222222,0.159813306406557,0,0,0,0,1,1.00027218782568,4500,1,1
"z[65,7]",0.362,0.480632224224849,0,0,0,1,1,0.999928978790612,4500,1,1
"z[66,7]",0.165777777777778,0.371922364665625,0,0,0,0,1,0.999938549116681,4500,1,1
"z[67,7]",0.104888888888889,0.306444249967912,0,0,0,0,1,1.00097927519411,4055,1,1
"z[68,7]",0.104444444444444,0.305870222190877,0,0,0,0,1,1.00674847707873,751,1,1
"z[69,7]",0.0355555555555556,0.185199838067563,0,0,0,0,1,1.00000251557025,4500,1,1
"z[70,7]",0.000666666666666667,0.0258141493083176,0,0,0,0,0,NA,4500,1,1
"z[71,7]",0.00422222222222222,0.0648485125458765,0,0,0,0,0,1.00106030922822,4500,1,1
"z[72,7]",0.00177777777777778,0.0421308880870312,0,0,0,0,0,1.05041941929871,4500,1,1
"z[73,7]",0,0,0,0,0,0,0,NA,1,1,1
"z[74,7]",0,0,0,0,0,0,0,NA,1,1,1
"z[75,7]",0,0,0,0,0,0,0,NA,1,1,1
"z[76,7]",0,0,0,0,0,0,0,NA,1,1,1
"z[77,7]",0,0,0,0,0,0,0,NA,1,1,1
"z[78,7]",0.169111111111111,0.37489168457024,0,0,0,0,1,1.00040638655481,4500,1,1
"z[79,7]",0.0851111111111111,0.279077977538732,0,0,0,0,1,1.00235750064232,2386,1,1
"z[80,7]",0,0,0,0,0,0,0,NA,1,1,1
"z[81,7]",0.000666666666666667,0.0258141493083176,0,0,0,0,0,1.13377982835195,4498,1,1
"z[82,7]",0.00644444444444444,0.0800271001985887,0,0,0,0,0,1.01440878909793,4500,1,1
"z[83,7]",0.00311111111111111,0.0556966916350484,0,0,0,0,0,1.0097811592317,4500,1,1
"z[84,7]",0.00644444444444444,0.0800271001985887,0,0,0,0,0,1.0831287250312,827,1,1
"z[85,7]",0.000222222222222222,0.0149071198499986,0,0,0,0,0,1.29093398298233,4500,1,1
"z[86,7]",0.000888888888888889,0.0298042977535084,0,0,0,0,0,1.10540023626025,4497,1,1
"z[87,7]",0.056,0.22994727692822,0,0,0,0,1,1.00640454179424,1395,1,1
"z[88,7]",0.0142222222222222,0.118419030794728,0,0,0,0,0,1.00724826111429,4500,1,1
"z[89,7]",0.0104444444444444,0.10167426066326,0,0,0,0,0,1.0026590201648,4500,1,1
"z[90,7]",0,0,0,0,0,0,0,NA,1,1,1
"z[91,7]",0.104666666666667,0.306157451280283,0,0,0,0,1,1.00010541011772,4500,1,1
"z[92,7]",0.0702222222222222,0.255549553077657,0,0,0,0,1,1.0004718415059,4500,1,1
"z[93,7]",0.107777777777778,0.310134007193376,0,0,0,0,1,0.999749308108107,4500,1,1
"z[94,7]",0.0195555555555556,0.13848248064772,0,0,0,0,0,1.00473301396459,4500,1,1
"z[95,7]",0.00488888888888889,0.069757214702053,0,0,0,0,0,1.04999128800267,1896,1,1
"z[96,7]",0,0,0,0,0,0,0,NA,1,1,1
"z[97,7]",0.00644444444444444,0.0800271001985887,0,0,0,0,0,1.02124566603532,3505,1,1
"z[98,7]",0.00444444444444444,0.0665257457028688,0,0,0,0,0,1.08390343701613,1180,1,1
"z[99,7]",0.236444444444444,0.424945405567671,0,0,0,0,1,1.00013050370071,4500,1,1
"z[100,7]",0.00622222222222222,0.0786440117920529,0,0,0,0,0,1.00415701458324,4500,1,1
"z[101,7]",0.170222222222222,0.375869674751524,0,0,0,0,1,0.999790456225804,4500,1,1
"z[102,7]",0.232888888888889,0.422719012480962,0,0,0,0,1,1.0970271737622,31,1,1
"z[103,7]",0.730666666666667,0.443662743942178,0,0,1,1,1,1.00008626037354,4500,1,1
"z[104,7]",0.00422222222222222,0.0648485125458765,0,0,0,0,0,1.00520505959256,4500,1,1
"z[105,7]",0,0,0,0,0,0,0,NA,1,1,1
"z[106,7]",1,0,1,1,1,1,1,NA,1,0,1
"z[107,7]",1,0,1,1,1,1,1,NA,1,0,1
"z[108,7]",1,0,1,1,1,1,1,NA,1,0,1
"z[109,7]",0.0693333333333333,0.25404835085059,0,0,0,0,1,1.00227218997347,2964,1,1
"z[110,7]",0.968444444444444,0.174833049066281,0,1,1,1,1,1.0012759942079,4500,1,1
"z[111,7]",0.958666666666667,0.199082134750893,0,1,1,1,1,1.0019680169105,4500,1,1
"z[112,7]",0.984444444444444,0.123761803562895,1,1,1,1,1,0.999771866964968,4500,0,1
"z[113,7]",0.996444444444444,0.0595289935189017,1,1,1,1,1,1.02429824061568,4500,0,1
"z[114,7]",0,0,0,0,0,0,0,NA,1,1,1
"z[115,7]",0,0,0,0,0,0,0,NA,1,1,1
"z[116,7]",0,0,0,0,0,0,0,NA,1,1,1
"z[117,7]",0,0,0,0,0,0,0,NA,1,1,1
"z[118,7]",0,0,0,0,0,0,0,NA,1,1,1
"z[119,7]",0,0,0,0,0,0,0,NA,1,1,1
"z[120,7]",0,0,0,0,0,0,0,NA,1,1,1
"z[121,7]",0,0,0,0,0,0,0,NA,1,1,1
"z[122,7]",0.018,0.132965893646013,0,0,0,0,0,1.01180396492599,2295,1,1
"z[123,7]",0.101555555555556,0.302096516371218,0,0,0,0,1,1.00240277425743,1998,1,1
"z[124,7]",0.110888888888889,0.314029389601949,0,0,0,0,1,1.00544084170116,874,1,1
"z[125,7]",0.0377777777777778,0.190679566273877,0,0,0,0,1,1.00713649216334,1828,1,1
"z[126,7]",0.0788888888888889,0.26959522169686,0,0,0,0,1,1.00042713607539,4500,1,1
"z[127,7]",0.0655555555555556,0.247531090191705,0,0,0,0,1,1.00277931316934,2613,1,1
"z[128,7]",0.086,0.28039520580441,0,0,0,0,1,1.00993826594409,619,1,1
"z[129,7]",0.322222222222222,0.467379508271034,0,0,0,1,1,1.00170343711984,1131,1,1
"z[130,7]",0.367333333333333,0.482131943953423,0,0,0,1,1,0.999931600212065,4500,1,1
"z[131,7]",0.00177777777777778,0.0421308880870312,0,0,0,0,0,1.08837125013206,2765,1,1
"z[132,7]",0.00266666666666667,0.0515766100016907,0,0,0,0,0,1.02969958135743,4500,1,1
"z[133,7]",0.00555555555555556,0.0743365276300976,0,0,0,0,0,1.01929448512941,4476,1,1
"z[134,7]",0.983555555555556,0.127191272176836,1,1,1,1,1,1.01145523729218,2580,0,1
"z[135,7]",0.763111111111111,0.425220794194227,0,1,1,1,1,1.0004210232497,3673,1,1
"z[136,7]",0.918888888888889,0.273036014356096,0,1,1,1,1,1.00383239260733,1612,1,1
"z[137,7]",0.281555555555556,0.449807721414225,0,0,0,1,1,1.00050619009919,2942,1,1
"z[138,7]",0,0,0,0,0,0,0,NA,1,1,1
"z[139,7]",0,0,0,0,0,0,0,NA,1,1,1
"z[140,7]",0,0,0,0,0,0,0,NA,1,1,1
"z[141,7]",0,0,0,0,0,0,0,NA,1,1,1
"z[142,7]",0.214444444444444,0.410481994889812,0,0,0,0,1,1.0007918650479,2643,1,1
"z[143,7]",0.294222222222222,0.455742978111293,0,0,0,1,1,1.00109009256283,1697,1,1
"z[144,7]",0.0675555555555555,0.251009569058353,0,0,0,0,1,1.00161429289567,4076,1,1
"z[145,7]",0.0537777777777778,0.225603720820688,0,0,0,0,1,1.00702318798783,1331,1,1
"z[146,7]",0.014,0.11750348180963,0,0,0,0,0,1.00429605339334,4500,1,1
"z[147,7]",0.0795555555555556,0.270633969230444,0,0,0,0,1,1.00135507588907,4041,1,1
"z[148,7]",0.0926666666666667,0.289996972491497,0,0,0,0,1,1.00222651102258,2327,1,1
"z[149,7]",0,0,0,0,0,0,0,NA,1,1,1
"z[150,7]",0,0,0,0,0,0,0,NA,1,1,1
"z[151,7]",0,0,0,0,0,0,0,NA,1,1,1
"z[152,7]",0,0,0,0,0,0,0,NA,1,1,1
"z[153,7]",0.0642222222222222,0.245175623613492,0,0,0,0,1,1.00118708760337,4500,1,1
"z[154,7]",0.219555555555556,0.413991545837227,0,0,0,0,1,1.00118711627564,1915,1,1
"z[155,7]",0.008,0.08909412970305,0,0,0,0,0,1.0077965040042,4500,1,1
"z[156,7]",0.0348888888888889,0.183518768996536,0,0,0,0,1,1.003064957882,4344,1,1
"z[157,7]",0.00355555555555556,0.0595289935189017,0,0,0,0,0,1.12677470990847,909,1,1
"z[158,7]",0,0,0,0,0,0,0,NA,1,1,1
"z[159,7]",0,0,0,0,0,0,0,NA,1,1,1
"z[160,7]",0,0,0,0,0,0,0,NA,1,1,1
"z[161,7]",0.100222222222222,0.300329439689937,0,0,0,0,1,1.00067092340322,4500,1,1
"z[162,7]",1,0,1,1,1,1,1,NA,1,0,1
"z[163,7]",0.00755555555555556,0.0866033246050876,0,0,0,0,0,1.0254626751023,2490,1,1
"z[164,7]",0.0373333333333333,0.189598375253176,0,0,0,0,1,1.00177956654851,4500,1,1
"z[165,7]",1,0,1,1,1,1,1,NA,1,0,1
"z[166,7]",0.0186666666666667,0.1353598679191,0,0,0,0,0,1.00644953133324,3990,1,1
"z[167,7]",0,0,0,0,0,0,0,NA,1,1,1
"z[168,7]",0,0,0,0,0,0,0,NA,1,1,1
"z[169,7]",0,0,0,0,0,0,0,NA,1,1,1
"z[170,7]",0,0,0,0,0,0,0,NA,1,1,1
"z[171,7]",0.0237777777777778,0.152373076750087,0,0,0,0,0,1.00081096551759,4500,1,1
"z[172,7]",0.603111111111111,0.489306962447443,0,0,1,1,1,1.0000755793557,4500,1,1
"z[173,7]",0.0346666666666667,0.182954440186126,0,0,0,0,1,1.00224025155408,4500,1,1
"z[174,7]",0.00622222222222222,0.0786440117920529,0,0,0,0,0,1.00223843908715,4500,1,1
"z[175,7]",0.00888888888888889,0.093871373318521,0,0,0,0,0,1.00377509200308,4500,1,1
"z[176,7]",0.008,0.08909412970305,0,0,0,0,0,1.00780554029941,4500,1,1
"z[177,7]",0.00111111111111111,0.033318511930496,0,0,0,0,0,1.01912206739455,4500,1,1
"z[178,7]",0.243111111111111,0.42900932220977,0,0,0,0,1,0.999811846756575,4500,1,1
"z[179,7]",0.369555555555556,0.482738058059052,0,0,0,1,1,0.999679342245669,4500,1,1
"z[180,7]",0.0946666666666667,0.292786506951796,0,0,0,0,1,1.00333195789225,1590,1,1
"z[181,7]",0.270666666666667,0.444353575457908,0,0,0,1,1,1.00036307276356,3632,1,1
"z[182,7]",0.154666666666667,0.361626810077205,0,0,0,0,1,1.00060789368055,4068,1,1
"z[183,7]",0.150666666666667,0.357763421105649,0,0,0,0,1,1.00249767293202,1385,1,1
"z[184,7]",1,0,1,1,1,1,1,NA,1,0,1
"z[185,7]",1,0,1,1,1,1,1,NA,1,0,1
"z[1,8]",0.00333333333333333,0.0576451269226114,0,0,0,0,0,1.01922466287575,4500,1,1
"z[2,8]",0.00888888888888889,0.093871373318521,0,0,0,0,0,1.04378275029863,1206,1,1
"z[3,8]",0.254,0.435345973812633,0,0,0,1,1,0.999699610891616,4500,1,1
"z[4,8]",0.0215555555555556,0.14524324938423,0,0,0,0,0,1.00204314107251,4500,1,1
"z[5,8]",0.438444444444444,0.496251588690519,0,0,0,1,1,1.00127594764739,1267,1,1
"z[6,8]",0.122,0.327322178971133,0,0,0,0,1,1.00038802099643,4500,1,1
"z[7,8]",0,0,0,0,0,0,0,NA,1,1,1
"z[8,8]",0,0,0,0,0,0,0,NA,1,1,1
"z[9,8]",0,0,0,0,0,0,0,NA,1,1,1
"z[10,8]",0,0,0,0,0,0,0,NA,1,1,1
"z[11,8]",0.531111111111111,0.499086617264418,0,0,1,1,1,0.999707612854634,4500,1,1
"z[12,8]",1,0,1,1,1,1,1,NA,1,0,1
"z[13,8]",1,0,1,1,1,1,1,NA,1,0,1
"z[14,8]",0.598666666666667,0.49022269730602,0,0,1,1,1,1.00106161474484,1498,1,1
"z[15,8]",0.36,0.480053342223869,0,0,0,1,1,1.00048868720837,2646,1,1
"z[16,8]",0.524,0.499479168610191,0,0,1,1,1,1.0004430536763,2587,1,1
"z[17,8]",0,0,0,0,0,0,0,NA,1,1,1
"z[18,8]",0,0,0,0,0,0,0,NA,1,1,1
"z[19,8]",0,0,0,0,0,0,0,NA,1,1,1
"z[20,8]",0,0,0,0,0,0,0,NA,1,1,1
"z[21,8]",0.421111111111111,0.493792190922515,0,0,0,1,1,0.999859094749925,4500,1,1
"z[22,8]",0.367555555555556,0.482193050608748,0,0,0,1,1,0.999996465048545,4500,1,1
"z[23,8]",0.483555555555556,0.499785041837245,0,0,0,1,1,0.999953321038434,4500,1,1
"z[24,8]",0.0511111111111111,0.220248825947067,0,0,0,0,1,0.999803061772573,4500,1,1
"z[25,8]",0,0,0,0,0,0,0,NA,1,1,1
"z[26,8]",0,0,0,0,0,0,0,NA,1,1,1
"z[27,8]",0,0,0,0,0,0,0,NA,1,1,1
"z[28,8]",0.0646666666666667,0.245964088766797,0,0,0,0,1,1.00005069941752,4500,1,1
"z[29,8]",0.0151111111111111,0.1220084974435,0,0,0,0,0,1.00443122440623,4500,1,1
"z[30,8]",0,0,0,0,0,0,0,NA,1,1,1
"z[31,8]",0,0,0,0,0,0,0,NA,1,1,1
"z[32,8]",0,0,0,0,0,0,0,NA,1,1,1
"z[33,8]",0,0,0,0,0,0,0,NA,1,1,1
"z[34,8]",0,0,0,0,0,0,0,NA,1,1,1
"z[35,8]",0,0,0,0,0,0,0,NA,1,1,1
"z[36,8]",0,0,0,0,0,0,0,NA,1,1,1
"z[37,8]",0.0162222222222222,0.126343218950737,0,0,0,0,0,1.00553233975678,4500,1,1
"z[38,8]",0.07,0.255175370837775,0,0,0,0,1,0.999893591494094,4500,1,1
"z[39,8]",0.408444444444444,0.491600737364081,0,0,0,1,1,1.00030805972451,3228,1,1
"z[40,8]",0.400666666666667,0.490088016191109,0,0,0,1,1,0.999867118064072,4500,1,1
"z[41,8]",0.755777777777778,0.429672846227236,0,1,1,1,1,0.999867226857359,4500,1,1
"z[42,8]",0.728222222222222,0.444925396089892,0,0,1,1,1,0.999676690899307,4500,1,1
"z[43,8]",0,0,0,0,0,0,0,NA,1,1,1
"z[44,8]",0,0,0,0,0,0,0,NA,1,1,1
"z[45,8]",0,0,0,0,0,0,0,NA,1,1,1
"z[46,8]",0,0,0,0,0,0,0,NA,1,1,1
"z[47,8]",0.692888888888889,0.461347130241433,0,0,1,1,1,0.999832309073372,4500,1,1
"z[48,8]",1,0,1,1,1,1,1,NA,1,0,1
"z[49,8]",0.364888888888889,0.481452487777566,0,0,0,1,1,1.00052801086754,2507,1,1
"z[50,8]",0.0206666666666667,0.142281601882585,0,0,0,0,0,1.00092917044514,4500,1,1
"z[51,8]",0.982666666666667,0.130524613834426,1,1,1,1,1,1.00673710871338,4107,0,1
"z[52,8]",1,0,1,1,1,1,1,NA,1,0,1
"z[53,8]",0.172444444444444,0.377808255362111,0,0,0,0,1,1.00205860036291,1460,1,1
"z[54,8]",1,0,1,1,1,1,1,NA,1,0,1
"z[55,8]",0.368,0.482314933464995,0,0,0,1,1,0.999667980058897,4500,1,1
"z[56,8]",0.272222222222222,0.445153141962922,0,0,0,1,1,1.00153233260743,1351,1,1
"z[57,8]",0.0606666666666667,0.238744400231546,0,0,0,0,1,1.00664200981344,1246,1,1
"z[58,8]",0.0113333333333333,0.105864911172911,0,0,0,0,0,1.00668059299301,4500,1,1
"z[59,8]",0.136,0.342826658537455,0,0,0,0,1,1.00016613970881,4500,1,1
"z[60,8]",0.287111111111111,0.452464158988094,0,0,0,1,1,1.00015205730423,4500,1,1
"z[61,8]",0.160222222222222,0.366852788745443,0,0,0,0,1,0.999766222491985,4500,1,1
"z[62,8]",0.244222222222222,0.429672846227236,0,0,0,0,1,1.00213049012855,1101,1,1
"z[63,8]",0.436888888888889,0.496056116026916,0,0,0,1,1,1.0010252432046,1499,1,1
"z[64,8]",0.106888888888889,0.309006267220739,0,0,0,0,1,1.00222546214442,2038,1,1
"z[65,8]",1,0,1,1,1,1,1,NA,1,0,1
"z[66,8]",0.292444444444444,0.454935911919975,0,0,0,1,1,1.00054973200463,2738,1,1
"z[67,8]",0.161333333333333,0.367879006366473,0,0,0,0,1,1.00035176051943,4500,1,1
"z[68,8]",0.209777777777778,0.407195171791313,0,0,0,0,1,1.00260802599169,1028,1,1
"z[69,8]",0.137111111111111,0.344002836679547,0,0,0,0,1,1.00346329513376,1108,1,1
"z[70,8]",0.00222222222222222,0.0470932775447189,0,0,0,0,0,1.01916489327094,4500,1,1
"z[71,8]",0.0173333333333333,0.130524613834426,0,0,0,0,0,1.00068615095485,4500,1,1
"z[72,8]",0.006,0.0772355205065475,0,0,0,0,0,1.01394634622296,4500,1,1
"z[73,8]",0,0,0,0,0,0,0,NA,1,1,1
"z[74,8]",0,0,0,0,0,0,0,NA,1,1,1
"z[75,8]",0,0,0,0,0,0,0,NA,1,1,1
"z[76,8]",0,0,0,0,0,0,0,NA,1,1,1
"z[77,8]",0,0,0,0,0,0,0,NA,1,1,1
"z[78,8]",0.224888888888889,0.417555531121581,0,0,0,0,1,1.00063072893135,2985,1,1
"z[79,8]",1,0,1,1,1,1,1,NA,1,0,1
"z[80,8]",0,0,0,0,0,0,0,NA,1,1,1
"z[81,8]",0.00711111111111111,0.0840363764582043,0,0,0,0,0,1.00016132087137,4500,1,1
"z[82,8]",0.0517777777777778,0.221602690281563,0,0,0,0,1,1.00102456193961,4500,1,1
"z[83,8]",0.0144444444444444,0.119327141438796,0,0,0,0,0,1.00414431419653,4500,1,1
"z[84,8]",0.0191111111111111,0.136930797191431,0,0,0,0,0,1.00392595998697,4500,1,1
"z[85,8]",0.00266666666666667,0.0515766100016907,0,0,0,0,0,1.02969958135743,4500,1,1
"z[86,8]",0.00355555555555556,0.0595289935189017,0,0,0,0,0,1.02976186456545,4485,1,1
"z[87,8]",0.0648888888888889,0.246357074296865,0,0,0,0,1,1.00129933038384,4500,1,1
"z[88,8]",1,0,1,1,1,1,1,NA,1,0,1
"z[89,8]",0.0653333333333333,0.247140571093493,0,0,0,0,1,1.00079800980615,4500,1,1
"z[90,8]",0,0,0,0,0,0,0,NA,1,1,1
"z[91,8]",0.403777777777778,0.490708461211765,0,0,0,1,1,1.00226850865155,803,1,1
"z[92,8]",0.506666666666667,0.500011113457287,0,0,1,1,1,1.0005323400145,2315,1,1
"z[93,8]",1,0,1,1,1,1,1,NA,1,0,1
"z[94,8]",1,0,1,1,1,1,1,NA,1,0,1
"z[95,8]",0.0386666666666667,0.192820688042738,0,0,0,0,1,1.00116299800331,4500,1,1
"z[96,8]",0.000444444444444444,0.0210795079890303,0,0,0,0,0,1.2913045102833,2250,1,1
"z[97,8]",0.0215555555555556,0.14524324938423,0,0,0,0,0,1.00171460530655,4500,1,1
"z[98,8]",0.0184444444444444,0.13456697579197,0,0,0,0,0,1.00511746281227,4500,1,1
"z[99,8]",0.11,0.312924528267118,0,0,0,0,1,1.00157047754285,2676,1,1
"z[100,8]",0.0202222222222222,0.140775309913555,0,0,0,0,0,1.00664914737343,3583,1,1
"z[101,8]",0.489555555555556,0.499946454370276,0,0,0,1,1,1.00052954817846,2323,1,1
"z[102,8]",0.279555555555556,0.448830717933826,0,0,0,1,1,1.06617529113408,41,1,1
"z[103,8]",0.752666666666667,0.431510061922995,0,1,1,1,1,1.00047873888396,3317,1,1
"z[104,8]",0.0195555555555556,0.13848248064772,0,0,0,0,0,1.00013642672836,4500,1,1
"z[105,8]",0,0,0,0,0,0,0,NA,1,1,1
"z[106,8]",0.145111111111111,0.352251969758594,0,0,0,0,1,1.00041868812755,4500,1,1
"z[107,8]",0.101777777777778,0.302389453504865,0,0,0,0,1,0.999997114487748,4500,1,1
"z[108,8]",1,0,1,1,1,1,1,NA,1,0,1
"z[109,8]",0.271111111111111,0.44458272527145,0,0,0,1,1,1.00211017351996,1036,1,1
"z[110,8]",1,0,1,1,1,1,1,NA,1,0,1
"z[111,8]",1,0,1,1,1,1,1,NA,1,0,1
"z[112,8]",1,0,1,1,1,1,1,NA,1,0,1
"z[113,8]",1,0,1,1,1,1,1,NA,1,0,1
"z[114,8]",0,0,0,0,0,0,0,NA,1,1,1
"z[115,8]",0,0,0,0,0,0,0,NA,1,1,1
"z[116,8]",0,0,0,0,0,0,0,NA,1,1,1
"z[117,8]",0,0,0,0,0,0,0,NA,1,1,1
"z[118,8]",0,0,0,0,0,0,0,NA,1,1,1
"z[119,8]",0,0,0,0,0,0,0,NA,1,1,1
"z[120,8]",0,0,0,0,0,0,0,NA,1,1,1
"z[121,8]",0,0,0,0,0,0,0,NA,1,1,1
"z[122,8]",0.0733333333333333,0.260711833537911,0,0,0,0,1,1.003336822513,2004,1,1
"z[123,8]",0.119777777777778,0.324737580302701,0,0,0,0,1,0.999702123656779,4500,1,1
"z[124,8]",0.192222222222222,0.394090538139547,0,0,0,0,1,1.00045767334262,4074,1,1
"z[125,8]",0.224,0.416968387460446,0,0,0,0,1,0.999853111992855,4500,1,1
"z[126,8]",1,0,1,1,1,1,1,NA,1,0,1
"z[127,8]",0.0908888888888889,0.287482981490148,0,0,0,0,1,1.00237187508682,2229,1,1
"z[128,8]",0.118222222222222,0.322906951398641,0,0,0,0,1,1.00125822113029,3017,1,1
"z[129,8]",1,0,1,1,1,1,1,NA,1,0,1
"z[130,8]",1,0,1,1,1,1,1,NA,1,0,1
"z[131,8]",0.00933333333333333,0.0961679644942985,0,0,0,0,0,NA,4500,1,1
"z[132,8]",0.00511111111111111,0.071317023933587,0,0,0,0,0,1.00061974168897,4500,1,1
"z[133,8]",0.0193333333333333,0.137709003796433,0,0,0,0,0,1.00964185373589,2613,1,1
"z[134,8]",1,0,1,1,1,1,1,NA,1,0,1
"z[135,8]",1,0,1,1,1,1,1,NA,1,0,1
"z[136,8]",0.884222222222222,0.319993810293055,0,1,1,1,1,1.00207442627394,2031,1,1
"z[137,8]",1,0,1,1,1,1,1,NA,1,0,1
"z[138,8]",0,0,0,0,0,0,0,NA,1,1,1
"z[139,8]",0,0,0,0,0,0,0,NA,1,1,1
"z[140,8]",0,0,0,0,0,0,0,NA,1,1,1
"z[141,8]",0,0,0,0,0,0,0,NA,1,1,1
"z[142,8]",0.263777777777778,0.440729198791792,0,0,0,1,1,0.999883279274062,4500,1,1
"z[143,8]",1,0,1,1,1,1,1,NA,1,0,1
"z[144,8]",0.0708888888888889,0.25666767217915,0,0,0,0,1,1.00525342431604,1351,1,1
"z[145,8]",0.176,0.380862487938661,0,0,0,0,1,0.999804033792793,4500,1,1
"z[146,8]",0.0733333333333333,0.260711833537911,0,0,0,0,1,0.99977890107896,4500,1,1
"z[147,8]",1,0,1,1,1,1,1,NA,1,0,1
"z[148,8]",1,0,1,1,1,1,1,NA,1,0,1
"z[149,8]",0,0,0,0,0,0,0,NA,1,1,1
"z[150,8]",0,0,0,0,0,0,0,NA,1,1,1
"z[151,8]",0,0,0,0,0,0,0,NA,1,1,1
"z[152,8]",0,0,0,0,0,0,0,NA,1,1,1
"z[153,8]",0.304444444444444,0.460222872627697,0,0,0,1,1,1.00164824339242,1192,1,1
"z[154,8]",0.429111111111111,0.495004258940334,0,0,0,1,1,0.999681829178825,4500,1,1
"z[155,8]",0.0115555555555556,0.106885749673393,0,0,0,0,0,1.01323161320855,3169,1,1
"z[156,8]",0.119777777777778,0.324737580302701,0,0,0,0,1,0.999995327853378,4500,1,1
"z[157,8]",0.00844444444444444,0.0915150092219534,0,0,0,0,0,1.05101943157319,1081,1,1
"z[158,8]",0,0,0,0,0,0,0,NA,1,1,1
"z[159,8]",0,0,0,0,0,0,0,NA,1,1,1
"z[160,8]",0,0,0,0,0,0,0,NA,1,1,1
"z[161,8]",0.263333333333333,0.44049064361538,0,0,0,1,1,0.999974032646838,4500,1,1
"z[162,8]",0.124444444444444,0.330124587038853,0,0,0,0,1,1.0029662428206,1390,1,1
"z[163,8]",0.044,0.205117892035902,0,0,0,0,1,0.999959621409992,4500,1,1
"z[164,8]",0.201111111111111,0.400875471267549,0,0,0,0,1,1.00030934369642,4500,1,1
"z[165,8]",0.00777777777777778,0.0878578356425394,0,0,0,0,0,1.00501518886421,4500,1,1
"z[166,8]",1,0,1,1,1,1,1,NA,1,0,1
"z[167,8]",0,0,0,0,0,0,0,NA,1,1,1
"z[168,8]",0,0,0,0,0,0,0,NA,1,1,1
"z[169,8]",0,0,0,0,0,0,0,NA,1,1,1
"z[170,8]",0,0,0,0,0,0,0,NA,1,1,1
"z[171,8]",0.150222222222222,0.357328812676052,0,0,0,0,1,0.999731701499598,4500,1,1
"z[172,8]",0.0406666666666667,0.19753875656879,0,0,0,0,1,1.00141460006184,4500,1,1
"z[173,8]",0.0531111111111111,0.224279956970223,0,0,0,0,1,1.0043496923592,2118,1,1
"z[174,8]",0.0308888888888889,0.173035889574341,0,0,0,0,1,1.00274242479927,4500,1,1
"z[175,8]",0.0322222222222222,0.176609404971474,0,0,0,0,1,1.00075570109325,4500,1,1
"z[176,8]",0.0377777777777778,0.190679566273877,0,0,0,0,1,1.00102655976417,4500,1,1
"z[177,8]",0.00266666666666667,0.0515766100016907,0,0,0,0,0,1.02967422250434,4500,1,1
"z[178,8]",0.501111111111111,0.500054330109907,0,0,1,1,1,1.00037192281492,2840,1,1
"z[179,8]",0.491555555555556,0.499984243163838,0,0,0,1,1,0.999799816650908,4500,1,1
"z[180,8]",0.208444444444444,0.40624134675035,0,0,0,0,1,1.0008112383029,2644,1,1
"z[181,8]",0.353777777777778,0.478194392749094,0,0,0,1,1,0.999906652203205,4500,1,1
"z[182,8]",0.23,0.420879275212238,0,0,0,0,1,1.00018488486886,4500,1,1
"z[183,8]",0.398444444444444,0.4896322544876,0,0,0,1,1,1.00148599359095,1151,1,1
"z[184,8]",0.948666666666667,0.220701260655139,0,1,1,1,1,1.00078937721,4500,1,1
"z[185,8]",0.998,0.0446815807032984,1,1,1,1,1,NA,4500,0,1
"z[1,9]",0.00377777777777778,0.0613542394088465,0,0,0,0,0,1.02160266575274,4500,1,1
"z[2,9]",0.00422222222222222,0.0648485125458765,0,0,0,0,0,1.03664473319752,3042,1,1
"z[3,9]",1,0,1,1,1,1,1,NA,1,0,1
"z[4,9]",0.032,0.176019558815419,0,0,0,0,1,1.01250507210743,1238,1,1
"z[5,9]",1,0,1,1,1,1,1,NA,1,0,1
"z[6,9]",0.0897777777777778,0.285894896643156,0,0,0,0,1,1.00079815049619,4500,1,1
"z[7,9]",0,0,0,0,0,0,0,NA,1,1,1
"z[8,9]",0,0,0,0,0,0,0,NA,1,1,1
"z[9,9]",0,0,0,0,0,0,0,NA,1,1,1
"z[10,9]",0,0,0,0,0,0,0,NA,1,1,1
"z[11,9]",1,0,1,1,1,1,1,NA,1,0,1
"z[12,9]",1,0,1,1,1,1,1,NA,1,0,1
"z[13,9]",1,0,1,1,1,1,1,NA,1,0,1
"z[14,9]",0.207111111111111,0.405280889437269,0,0,0,0,1,1.00048231436064,3742,1,1
"z[15,9]",0.28,0.449048783494364,0,0,0,1,1,1.00090640101975,2005,1,1
"z[16,9]",0.507111111111111,0.500004988738047,0,0,1,1,1,0.999828266091069,4500,1,1
"z[17,9]",0,0,0,0,0,0,0,NA,1,1,1
"z[18,9]",0,0,0,0,0,0,0,NA,1,1,1
"z[19,9]",0,0,0,0,0,0,0,NA,1,1,1
"z[20,9]",0,0,0,0,0,0,0,NA,1,1,1
"z[21,9]",0.453777777777778,0.497914248836969,0,0,0,1,1,0.999792372334184,4500,1,1
"z[22,9]",0.440666666666667,0.496522246193118,0,0,0,1,1,1.00019533181034,3843,1,1
"z[23,9]",0.487777777777778,0.499906143175288,0,0,0,1,1,1.00085161949192,1694,1,1
"z[24,9]",0.293333333333333,0.455340491638053,0,0,0,1,1,1.00112324694763,1659,1,1
"z[25,9]",0,0,0,0,0,0,0,NA,1,1,1
"z[26,9]",0,0,0,0,0,0,0,NA,1,1,1
"z[27,9]",0,0,0,0,0,0,0,NA,1,1,1
"z[28,9]",0.0557777777777778,0.229517588820724,0,0,0,0,1,0.999808896003069,4500,1,1
"z[29,9]",0.0166666666666667,0.128033322512951,0,0,0,0,0,1.01025186345938,2838,1,1
"z[30,9]",0,0,0,0,0,0,0,NA,1,1,1
"z[31,9]",0,0,0,0,0,0,0,NA,1,1,1
"z[32,9]",0,0,0,0,0,0,0,NA,1,1,1
"z[33,9]",0,0,0,0,0,0,0,NA,1,1,1
"z[34,9]",0,0,0,0,0,0,0,NA,1,1,1
"z[35,9]",0,0,0,0,0,0,0,NA,1,1,1
"z[36,9]",0,0,0,0,0,0,0,NA,1,1,1
"z[37,9]",1,0,1,1,1,1,1,NA,1,0,1
"z[38,9]",1,0,1,1,1,1,1,NA,1,0,1
"z[39,9]",1,0,1,1,1,1,1,NA,1,0,1
"z[40,9]",0.228666666666667,0.420020744838499,0,0,0,0,1,1.00168595208215,1403,1,1
"z[41,9]",0.775777777777778,0.417115428484319,0,1,1,1,1,0.999936719637474,4500,1,1
"z[42,9]",0.782,0.412933277874277,0,1,1,1,1,1.0000965436671,4500,1,1
"z[43,9]",0,0,0,0,0,0,0,NA,1,1,1
"z[44,9]",0,0,0,0,0,0,0,NA,1,1,1
"z[45,9]",0,0,0,0,0,0,0,NA,1,1,1
"z[46,9]",0,0,0,0,0,0,0,NA,1,1,1
"z[47,9]",0.742222222222222,0.43745962320341,0,0,1,1,1,1.00038229946632,3646,1,1
"z[48,9]",1,0,1,1,1,1,1,NA,1,0,1
"z[49,9]",0.484888888888889,0.499827141590173,0,0,0,1,1,0.99989266601473,4500,1,1
"z[50,9]",0.0386666666666667,0.192820688042738,0,0,0,0,1,1.001004327331,4500,1,1
"z[51,9]",1,0,1,1,1,1,1,NA,1,0,1
"z[52,9]",0.573555555555556,0.49461494676986,0,0,1,1,1,1.0021033904537,843,1,1
"z[53,9]",0.114888888888889,0.318923242760949,0,0,0,0,1,1.00044333423891,4500,1,1
"z[54,9]",1,0,1,1,1,1,1,NA,1,0,1
"z[55,9]",0.552,0.497343912078482,0,0,1,1,1,0.999885935973398,4500,1,1
"z[56,9]",0.0753333333333333,0.26395777175116,0,0,0,0,1,0.999773479191576,4500,1,1
"z[57,9]",0.160888888888889,0.367469266471889,0,0,0,0,1,1.0005313654573,4293,1,1
"z[58,9]",0.00244444444444444,0.0493863456663645,0,0,0,0,0,1.00379178827338,4500,1,1
"z[59,9]",1,0,1,1,1,1,1,NA,1,0,1
"z[60,9]",1,0,1,1,1,1,1,NA,1,0,1
"z[61,9]",0.158222222222222,0.364989800567479,0,0,0,0,1,1.00026194420007,4500,1,1
"z[62,9]",0.0873333333333333,0.282354278616482,0,0,0,0,1,1.00079465364513,4500,1,1
"z[63,9]",0.193777777777778,0.395300740773805,0,0,0,0,1,0.999879740542289,4500,1,1
"z[64,9]",0.0824444444444444,0.275071213116166,0,0,0,0,1,1.00008523069424,4500,1,1
"z[65,9]",1,0,1,1,1,1,1,NA,1,0,1
"z[66,9]",1,0,1,1,1,1,1,NA,1,0,1
"z[67,9]",0.126,0.331886241714584,0,0,0,0,1,1.0003307689788,4500,1,1
"z[68,9]",0.153333333333333,0.360348550735725,0,0,0,0,1,1.00075467185184,3549,1,1
"z[69,9]",0.0864444444444444,0.281050450380857,0,0,0,0,1,1.00110259725335,4394,1,1
"z[70,9]",0.00533333333333333,0.0728427622699364,0,0,0,0,0,1.00746746732343,4500,1,1
"z[71,9]",0.0266666666666667,0.161125183440798,0,0,0,0,1,1.00109375378339,4500,1,1
"z[72,9]",0.00955555555555555,0.0972951722699289,0,0,0,0,0,1.00729577728545,4500,1,1
"z[73,9]",0,0,0,0,0,0,0,NA,1,1,1
"z[74,9]",0,0,0,0,0,0,0,NA,1,1,1
"z[75,9]",0,0,0,0,0,0,0,NA,1,1,1
"z[76,9]",0,0,0,0,0,0,0,NA,1,1,1
"z[77,9]",0,0,0,0,0,0,0,NA,1,1,1
"z[78,9]",0.0857777777777778,0.280066744092239,0,0,0,0,1,1.00006737876913,4500,1,1
"z[79,9]",1,0,1,1,1,1,1,NA,1,0,1
"z[80,9]",0,0,0,0,0,0,0,NA,1,1,1
"z[81,9]",0.0146666666666667,0.120227982292648,0,0,0,0,0,1.00842390669092,3903,1,1
"z[82,9]",0.0437777777777778,0.204623040065984,0,0,0,0,1,1.00329257407677,3274,1,1
"z[83,9]",0.0264444444444444,0.160470739436839,0,0,0,0,1,1.00015061516919,4500,1,1
"z[84,9]",0.0464444444444444,0.21046900448124,0,0,0,0,1,1.00216854519407,4500,1,1
"z[85,9]",0.0142222222222222,0.118419030794728,0,0,0,0,0,1.00502180487963,4500,1,1
"z[86,9]",0.0102222222222222,0.100598097789677,0,0,0,0,0,0.999907684229773,4500,1,1
"z[87,9]",1,0,1,1,1,1,1,NA,1,0,1
"z[88,9]",1,0,1,1,1,1,1,NA,1,0,1
"z[89,9]",0.0695555555555556,0.254424773023488,0,0,0,0,1,1.0039312837066,1804,1,1
"z[90,9]",0,0,0,0,0,0,0,NA,1,1,1
"z[91,9]",0.140444444444444,0.347486165270941,0,0,0,0,1,1.00070317419978,3989,1,1
"z[92,9]",1,0,1,1,1,1,1,NA,1,0,1
"z[93,9]",0.285777777777778,0.451834269514556,0,0,0,1,1,1.00212627794922,1003,1,1
"z[94,9]",0.0284444444444444,0.166257332410862,0,0,0,0,1,1.02327652791364,746,1,1
"z[95,9]",0.0586666666666667,0.235025879030759,0,0,0,0,1,1.00593362276463,1440,1,1
"z[96,9]",0.000444444444444444,0.0210795079890303,0,0,0,0,0,1.10528646876281,4500,1,1
"z[97,9]",0.0155555555555556,0.123761803562895,0,0,0,0,0,1.00972614389912,3198,1,1
"z[98,9]",0.00533333333333333,0.0728427622699364,0,0,0,0,0,1.01003312809783,4500,1,1
"z[99,9]",1,0,1,1,1,1,1,NA,1,0,1
"z[100,9]",0.00733333333333333,0.0853297931213479,0,0,0,0,0,1.00521149955273,4500,1,1
"z[101,9]",0.169111111111111,0.37489168457024,0,0,0,0,1,1.00201366622627,1518,1,1
"z[102,9]",0.332444444444444,0.471141659653459,0,0,0,1,1,1.04271772480768,56,1,1
"z[103,9]",0.763555555555556,0.424945405567671,0,1,1,1,1,1.00002184811184,4500,1,1
"z[104,9]",0.028,0.164991058376806,0,0,0,0,1,1.00453515320749,3750,1,1
"z[105,9]",0,0,0,0,0,0,0,NA,1,1,1
"z[106,9]",0.133777777777778,0.340451231560198,0,0,0,0,1,1.0010618277453,3101,1,1
"z[107,9]",0.196888888888889,0.397691841406318,0,0,0,0,1,1.00039114944168,4369,1,1
"z[108,9]",0.236666666666667,0.425083180281004,0,0,0,0,1,1.00090271903062,2247,1,1
"z[109,9]",0.109111111111111,0.311813217568572,0,0,0,0,1,1.00143169961597,2913,1,1
"z[110,9]",1,0,1,1,1,1,1,NA,1,0,1
"z[111,9]",1,0,1,1,1,1,1,NA,1,0,1
"z[112,9]",0.955555555555556,0.206103312651472,0,1,1,1,1,1.00351789658002,3040,1,1
"z[113,9]",1,0,1,1,1,1,1,NA,1,0,1
"z[114,9]",0,0,0,0,0,0,0,NA,1,1,1
"z[115,9]",0,0,0,0,0,0,0,NA,1,1,1
"z[116,9]",0,0,0,0,0,0,0,NA,1,1,1
"z[117,9]",0,0,0,0,0,0,0,NA,1,1,1
"z[118,9]",0,0,0,0,0,0,0,NA,1,1,1
"z[119,9]",0,0,0,0,0,0,0,NA,1,1,1
"z[120,9]",0,0,0,0,0,0,0,NA,1,1,1
"z[121,9]",0,0,0,0,0,0,0,NA,1,1,1
"z[122,9]",0.205777777777778,0.404313752586695,0,0,0,0,1,0.999817389379297,4500,1,1
"z[123,9]",0.497777777777778,0.500050625971747,0,0,0,1,1,0.999733367048798,4500,1,1
"z[124,9]",0.312888888888889,0.463721056398394,0,0,0,1,1,0.999731195813884,4500,1,1
"z[125,9]",1,0,1,1,1,1,1,NA,1,0,1
"z[126,9]",0.537555555555556,0.498642993187124,0,0,1,1,1,1.00011818463144,4460,1,1
"z[127,9]",0.102444444444444,0.303265589918635,0,0,0,0,1,1.00007188582304,4500,1,1
"z[128,9]",0.160222222222222,0.366852788745443,0,0,0,0,1,1.00127546243503,2304,1,1
"z[129,9]",0.411111111111111,0.492090009160827,0,0,0,1,1,1.00114600446822,1402,1,1
"z[130,9]",0.636666666666667,0.481013137644236,0,0,1,1,1,1.00133141793631,1305,1,1
"z[131,9]",0.006,0.0772355205065475,0,0,0,0,0,1.00585876352754,4500,1,1
"z[132,9]",0.00311111111111111,0.0556966916350484,0,0,0,0,0,1.00222267416305,4500,1,1
"z[133,9]",0.0104444444444444,0.10167426066326,0,0,0,0,0,1.00608069684322,4500,1,1
"z[134,9]",1,0,1,1,1,1,1,NA,1,0,1
"z[135,9]",0.919111111111111,0.272694703874728,0,1,1,1,1,1.00023361604354,4500,1,1
"z[136,9]",0.863777777777778,0.343062504722754,0,1,1,1,1,1.00257558777249,1457,1,1
"z[137,9]",0.572222222222222,0.494811437965552,0,0,1,1,1,1.00116756662447,1367,1,1
"z[138,9]",0,0,0,0,0,0,0,NA,1,1,1
"z[139,9]",0,0,0,0,0,0,0,NA,1,1,1
"z[140,9]",0,0,0,0,0,0,0,NA,1,1,1
"z[141,9]",0,0,0,0,0,0,0,NA,1,1,1
"z[142,9]",0.112888888888889,0.316492096335047,0,0,0,0,1,1.000009029009,4500,1,1
"z[143,9]",0.248666666666667,0.432288194272424,0,0,0,0,1,1.00051166502197,3178,1,1
"z[144,9]",0.0533333333333333,0.224722297816234,0,0,0,0,1,1.00160685510351,4500,1,1
"z[145,9]",0.476,0.499479168610191,0,0,0,1,1,0.999867858697385,4500,1,1
"z[146,9]",0.272,0.445039339088464,0,0,0,1,1,1.00031369876097,3898,1,1
"z[147,9]",0.151777777777778,0.358845230543525,0,0,0,0,1,1.00277479869115,1247,1,1
"z[148,9]",1,0,1,1,1,1,1,NA,1,0,1
"z[149,9]",0,0,0,0,0,0,0,NA,1,1,1
"z[150,9]",0,0,0,0,0,0,0,NA,1,1,1
"z[151,9]",0,0,0,0,0,0,0,NA,1,1,1
"z[152,9]",0,0,0,0,0,0,0,NA,1,1,1
"z[153,9]",1,0,1,1,1,1,1,NA,1,0,1
"z[154,9]",1,0,1,1,1,1,1,NA,1,0,1
"z[155,9]",0.0171111111111111,0.129699881353212,0,0,0,0,0,1.00827891939663,3407,1,1
"z[156,9]",0.0668888888888889,0.24985723616271,0,0,0,0,1,1.00100439702077,4500,1,1
"z[157,9]",0.00622222222222222,0.0786440117920529,0,0,0,0,0,1.02633473730127,2913,1,1
"z[158,9]",0,0,0,0,0,0,0,NA,1,1,1
"z[159,9]",0,0,0,0,0,0,0,NA,1,1,1
"z[160,9]",0,0,0,0,0,0,0,NA,1,1,1
"z[161,9]",0.383555555555556,0.486305711885601,0,0,0,1,1,1.00060104930497,2267,1,1
"z[162,9]",1,0,1,1,1,1,1,NA,1,0,1
"z[163,9]",1,0,1,1,1,1,1,NA,1,0,1
"z[164,9]",1,0,1,1,1,1,1,NA,1,0,1
"z[165,9]",1,0,1,1,1,1,1,NA,1,0,1
"z[166,9]",0.374888888888889,0.484148013121574,0,0,0,1,1,1.00047739087832,2636,1,1
"z[167,9]",0,0,0,0,0,0,0,NA,1,1,1
"z[168,9]",0,0,0,0,0,0,0,NA,1,1,1
"z[169,9]",0,0,0,0,0,0,0,NA,1,1,1
"z[170,9]",0,0,0,0,0,0,0,NA,1,1,1
"z[171,9]",0.0826666666666667,0.275408323018099,0,0,0,0,1,1.00028533270759,4500,1,1
"z[172,9]",1,0,1,1,1,1,1,NA,1,0,1
"z[173,9]",0.0564444444444444,0.230803611284136,0,0,0,0,1,1.00165291538285,4500,1,1
"z[174,9]",0.0355555555555556,0.185199838067563,0,0,0,0,1,1.00716173907404,1925,1,1
"z[175,9]",0.0413333333333333,0.199082134750893,0,0,0,0,1,1.0028187122591,3993,1,1
"z[176,9]",0.0113333333333333,0.105864911172911,0,0,0,0,0,1.00025592414066,4500,1,1
"z[177,9]",0.00555555555555556,0.0743365276300976,0,0,0,0,0,1.0004744725668,4500,1,1
"z[178,9]",0.494666666666667,0.500027116401842,0,0,0,1,1,0.999667796155512,4500,1,1
"z[179,9]",0.467777777777778,0.499016097456518,0,0,0,1,1,1.00016934518936,3999,1,1
"z[180,9]",0.458,0.498288245714113,0,0,0,1,1,0.999790432841416,4500,1,1
"z[181,9]",1,0,1,1,1,1,1,NA,1,0,1
"z[182,9]",0.0995555555555555,0.299439764034771,0,0,0,0,1,1.0018482712207,2561,1,1
"z[183,9]",1,0,1,1,1,1,1,NA,1,0,1
"z[184,9]",1,0,1,1,1,1,1,NA,1,0,1
"z[185,9]",1,0,1,1,1,1,1,NA,1,0,1
"deviance",773.429534084518,26.3348596946197,724.847880623861,755.765249362804,772.03851741633,790.365206292783,828.685423891556,1.00707396538608,323,0,1
