"parameter","mean","sd","2.5%","25%","50%","75%","97.5%","Rhat","n.eff","overlap0","f"
"a.psi[1]",-3.4077641313973e-05,1.64518407043323,-3.25973638115164,-1.11919317492365,0.0545959215823111,1.12981888752597,3.23399697723741,1.00000212855984,4500,1,0.489111111111111
"a.psi[2]",0.0354715593248773,1.63345942817828,-3.17195080845633,-1.07420585946906,0.0483782968755662,1.12205768230937,3.26862116798492,1.00011954635219,4500,1,0.513333333333333
"a.psi[3]",-0.588402281495101,0.687184172983991,-1.92706057746054,-1.03939691740289,-0.593491998028221,-0.150416104802033,0.768042830967873,1.0002382746513,4500,1,0.805777777777778
"a.psi[4]",0.00573738504553464,1.62289020418718,-3.15665596378202,-1.0894752185085,-0.0048925064385808,1.08291028129369,3.22757814621224,1.00098060380851,1669,1,0.498222222222222
"b.psi.elev",-1.29092484972266,1.05356884957657,-3.46478970674435,-1.96882678155011,-1.25907277351638,-0.565008908500038,0.667090597418272,1.00000563744445,4500,1,0.901777777777778
"b.psi.water",-0.569306626186265,0.847308196955939,-2.29714150968022,-1.10878732734679,-0.545339632816803,-0.00542901557468517,1.03973695464443,1.00058317381132,4500,1,0.753111111111111
"a.gam[1]",0.00300213665594845,1.64877930516246,-3.13457810007282,-1.12885348343068,0.0098630235182291,1.11427420897236,3.17265549133565,1.00000881375988,4500,1,0.502444444444444
"a.gam[2]",-1.39752268159634e-05,1.66676454270833,-3.33745633420478,-1.0666978304392,-0.0167047834977974,1.09267709079356,3.23352962996121,1.00035239106857,3030,1,0.503555555555556
"a.gam[3]",-1.19719406884773,0.488650586402393,-2.18844825889275,-1.51185000653561,-1.20498980393578,-0.88236072263921,-0.215015700075603,1.00141190584227,1972,0,0.988888888888889
"a.gam[4]",0.0554427989129556,1.64408084995962,-3.19491707135839,-1.04212334812139,0.0694066442110506,1.14844254011887,3.30070060990116,1.00055980775371,3476,1,0.518666666666667
"b.gam.elev",-0.552006366117514,0.517031754195795,-1.61861495885336,-0.881365946801308,-0.536387836296956,-0.203497305100862,0.41813309588496,1.00153791477498,4500,1,0.862888888888889
"b.gam.water",-0.243689838263586,0.461153035223185,-1.16827428742408,-0.542844365409365,-0.243062246538447,0.0418113212852627,0.68071427744452,0.999990748699257,4500,1,0.714444444444444
"b.gam.road",0.124349007384879,0.418535350715286,-0.622895769283756,-0.153034643856211,0.0967089795664146,0.368681786851416,1.04792020896085,1.00061466607414,4500,1,0.602888888888889
"b.gam.harv",-0.418073567805521,0.497663401625924,-1.54882896564273,-0.666888455367247,-0.357603545698786,-0.099424492598862,0.385500176528334,1.00485298471646,937,1,0.822444444444444
"a.phi[1]",-0.0230664826056902,1.67705838212717,-3.28401705791101,-1.13847972496463,-0.0352009470298951,1.10319854271011,3.30273557594498,0.999864819171136,4500,1,0.510666666666667
"a.phi[2]",0.0263361624521583,1.64161875212289,-3.22147077921027,-1.07679443032516,0.0535081597351856,1.12353795228816,3.20466197095031,1.00099032644221,4500,1,0.516
"a.phi[3]",0.840130731666088,0.670981315298022,-0.352705075183723,0.39015383900294,0.790507857300964,1.24729842311172,2.28943837638461,0.999819061338186,4500,1,0.912222222222222
"a.phi[4]",0.0121411112232112,1.65549179961081,-3.2569563654248,-1.09015240957545,0.00788870847930262,1.12747870915736,3.31096901568389,1.00051654134107,3596,1,0.502444444444444
"b.phi.elev",-0.80035303778807,0.884616557750077,-2.54723032009377,-1.3880679880164,-0.790002800255147,-0.206925372488334,0.891754348910746,0.999982399426434,4500,1,0.819333333333333
"b.phi.water",1.44979127648892,1.02408269736052,-0.517823166772871,0.735737639594293,1.48209616400218,2.16750665909891,3.42841049104942,0.999851070434338,4500,1,0.913777777777778
"b.phi.road",-0.696750542876371,0.516182355449059,-1.85661980660281,-1.00141557342849,-0.659813915191108,-0.342910100305689,0.204926046623499,1.00048580573905,2458,1,0.929777777777778
"b.phi.harv",1.39538520946513,0.941952621122551,-0.423918508019288,0.774350810365641,1.38065799272558,1.99865548762391,3.307540979214,1.00241898266784,869,1,0.938222222222222
"a.p",-0.40438431144226,0.225941601219367,-0.862609487679535,-0.547284051233354,-0.40278458820578,-0.254415386985503,0.026853812008264,1.00154809104609,1609,1,0.966444444444444
"b.p.ak",-0.00635254216578205,1.64998785132744,-3.21496052057707,-1.12418408670782,-0.00517502792619912,1.11417156038004,3.2296853425833,1.00032804334958,3165,1,0.500444444444444
"b.p.clutter",-0.250765186186306,0.132533677542365,-0.514908840329973,-0.338848140275865,-0.251863660768117,-0.163223888471836,0.00856757428347788,1.00041932442163,3347,1,0.968444444444444
"b.p.temp",0.153912005460178,0.127924011080029,-0.0888065556168993,0.0666897938107453,0.152685936840668,0.238108858238439,0.404135551379081,1.00039314076557,3216,1,0.888222222222222
"b.p.julian",0.173860786733542,0.219485961819618,-0.250986981400298,0.0258414894914136,0.173067661572149,0.31878686474888,0.605093217990251,1.00168751480976,1476,1,0.786
"sigma.gam",0.619932549704055,0.514009789616641,0.0307366536088863,0.250083502600573,0.50093920551976,0.849700627204401,1.9979480004828,1.00322799360681,2461,0,1
"sigma.phi",0.616381298786839,0.589096949847207,0.0231651033750862,0.207614690094352,0.459767365404558,0.830824535004622,2.1703309576213,1.01105286997669,363,0,1
"sigma.p",0.214484136270772,0.18158330847936,0.00710425280212371,0.074787150435958,0.170193179088807,0.305082020337216,0.65870239924768,1.00018378100593,4500,0,1
"eps.gam[1]",-0.171592787046248,0.631591247913986,-1.68429988485178,-0.383362755715715,-0.0605254809219965,0.124411798370746,0.894737550195549,1.00069510843935,4500,1,0.599111111111111
"eps.gam[2]",-0.336557403876818,0.665774640663797,-2.02433159617119,-0.600546554910537,-0.167181716233542,0.0316889832310989,0.650315723763226,1.00595654653939,1796,1,0.695555555555556
"eps.gam[3]",0.180883086526535,0.525724505478717,-0.79633629424595,-0.0884591904049262,0.0864063726169864,0.421387111060004,1.43770504278566,1.00482309180836,1193,1,0.632888888888889
"eps.gam[4]",-0.368782842894828,0.691063950600727,-2.17164064000642,-0.636774913216556,-0.184477562509681,0.0284775680067131,0.601113341145483,1.00209982694469,4500,1,0.706888888888889
"eps.gam[5]",0.411298718256263,0.61179517047528,-0.446961168425511,0.00227315066360306,0.242622472683577,0.72293100415415,1.92176553323081,1.00100774501124,2362,1,0.756666666666667
"eps.gam[6]",-0.0153791510059408,0.596308772885183,-1.33602379832831,-0.240161117286769,0.00223724409870264,0.241190715347933,1.19514458241175,1.00092510017509,4500,1,0.494444444444444
"eps.gam[7]",0.0684346626925702,0.636842523050549,-1.21718091553676,-0.174018025949553,0.0336844693463673,0.325636766899947,1.42323677104222,1.00472947439453,2237,1,0.554222222222222
"eps.gam[8]",-0.0320916146905734,0.558711800620506,-1.27816458990851,-0.256065140929938,-0.00798780158948295,0.219971156294082,1.10417133216245,1.00074637266239,1960,1,0.517111111111111
"eps.phi[1]",0.153970517491831,0.759734399213441,-1.11512128398315,-0.158236617814052,0.0336798928767455,0.355920118279629,2.06457618925699,1.0043695599385,1606,1,0.560666666666667
"eps.phi[2]",0.265068324751613,0.744072966868558,-0.856053238535692,-0.0771570405484607,0.0913108263073295,0.480956382214234,2.11064637064033,1.00440172323786,709,1,0.639555555555556
"eps.phi[3]",0.0347069104006834,0.686839297593527,-1.2699591693551,-0.228322330925865,0.00213858199791346,0.239481224949107,1.57665410096114,1.00233589210539,4500,1,0.505111111111111
"eps.phi[4]",-0.179654781186512,0.644940031694613,-1.81022495691461,-0.408227098675835,-0.0716663480632106,0.100187109255276,0.949070797022202,1.0033164311697,2716,1,0.616444444444444
"eps.phi[5]",0.186701263893326,0.806395007913491,-1.05488266467534,-0.143665135154012,0.0401517408727073,0.363466957610024,2.23310337820296,1.01468027105129,1155,1,0.570444444444444
"eps.phi[6]",0.00203419576513721,0.686086289066951,-1.42865923145759,-0.242579313463236,-0.00224566063683771,0.228331583698281,1.53648230673958,1.00489966295419,2966,1,0.493111111111111
"eps.phi[7]",0.0500760536670641,0.658149518391927,-1.22717006138395,-0.200688393441948,0.00580404688831032,0.253790767146875,1.57676619361087,1.00279885360755,4500,1,0.514888888888889
"eps.phi[8]",-0.20472158717362,0.669941331290717,-1.84109327638818,-0.439710036112447,-0.0621352057299111,0.0951681020170349,0.922815192983424,1.00311675174256,2265,1,0.612444444444444
"eps.p[1]",-0.106700001214967,0.259079214742471,-0.807884226715652,-0.192827881588951,-0.0360712660400903,0.0231191109163518,0.279473630620577,1.00156589210622,2514,1,0.642666666666667
"eps.p[2]",0.0626481463690125,0.211290222530176,-0.320978150228419,-0.0422496231992728,0.0207173303166273,0.156514392031004,0.600456485849763,0.999898582006259,4500,1,0.601111111111111
"eps.p[3]",0.0783399801093024,0.214240902758234,-0.278552946268524,-0.0291067264601531,0.0278043991423584,0.15640043849825,0.628662370293262,1.00136490749885,2172,1,0.627777777777778
"eps.p[4]",0.0525448297002075,0.193743362173104,-0.317731720685371,-0.0397137146075043,0.0181252146815781,0.133121693883875,0.52432601483646,1.00124363602068,3120,1,0.594888888888889
"eps.p[5]",-0.0520557861984304,0.219501448857969,-0.574978799466573,-0.137608901534856,-0.0156294373332248,0.0448454493012099,0.372716925354716,1.00079433927268,2728,1,0.585111111111111
"eps.p[6]",0.035649733137742,0.200391726940055,-0.345503684770566,-0.0540466825580046,0.00774927040120306,0.111059278347871,0.515802264897838,1.00043718222181,4500,1,0.55
"eps.p[7]",-0.139746472072218,0.242284776931914,-0.755758010543237,-0.242296341743386,-0.0680152958020124,0.00631350149606681,0.20382750574789,1.00052961114813,4500,1,0.715111111111111
"eps.p[8]",0.0785240722746808,0.204321982851115,-0.274848641716724,-0.0262723095521397,0.0307570369563069,0.163619474927016,0.587607748129353,1.00034755305242,4500,1,0.635333333333333
"eps.p[9]",-0.0190980129845742,0.207460394843408,-0.477834794061261,-0.104074056362685,-0.0054605759501093,0.0658800259033663,0.417850338563764,0.999677231893005,4500,1,0.531111111111111
"psi.fs[1]",0.0540012012012012,0.0172246454609833,0.027027027027027,0.0432432432432432,0.0540540540540541,0.0648648648648649,0.0918918918918919,1.00156743411021,2189,0,1
"psi.fs[2]",0.0622198198198198,0.0101510432654086,0.0432432432432432,0.0540540540540541,0.0594594594594595,0.0702702702702703,0.0864864864864865,1.0008178076963,1966,0,1
"psi.fs[3]",0.0629525525525526,0.00771407827835761,0.0486486486486487,0.0594594594594595,0.0648648648648649,0.0648648648648649,0.0810810810810811,1.00020290383479,4500,0,1
"psi.fs[4]",0.0814018018018018,0.00851382860701966,0.0702702702702703,0.0756756756756757,0.0810810810810811,0.0864864864864865,0.102702702702703,1.0021048268718,1314,0,1
"psi.fs[5]",0.0613933933933934,0.0102076624656611,0.0432432432432432,0.0540540540540541,0.0594594594594595,0.0648648648648649,0.0864864864864865,1.00100806800248,1823,0,1
"psi.fs[6]",0.0917777777777778,0.0122358444642867,0.0702702702702703,0.0810810810810811,0.0918918918918919,0.0972972972972973,0.118918918918919,1.00250889012592,1325,0,1
"psi.fs[7]",0.0770594594594595,0.0120841907162381,0.0540540540540541,0.0702702702702703,0.0756756756756757,0.0864864864864865,0.102702702702703,0.999846992393423,4500,0,1
"psi.fs[8]",0.085181981981982,0.00977007947301466,0.0702702702702703,0.0756756756756757,0.0864864864864865,0.0918918918918919,0.108108108108108,1.0005664105187,4500,0,1
"psi.fs[9]",0.0782798798798799,0.0107920232808097,0.0594594594594595,0.0702702702702703,0.0756756756756757,0.0864864864864865,0.102702702702703,0.999969704339309,4500,0,1
"psi.surv[1]",0.064167577413479,0.0154361214309135,0.0491803278688525,0.0491803278688525,0.0655737704918033,0.0655737704918033,0.0983606557377049,1.00070665198164,2044,0,1
"psi.surv[2]",0.0896058700209644,0.0116382009341461,0.0754716981132075,0.0849056603773585,0.0849056603773585,0.0943396226415094,0.113207547169811,1.0019020146375,1213,0,1
"psi.surv[3]",0.0665460809646856,0.00626535261997981,0.062015503875969,0.062015503875969,0.062015503875969,0.0697674418604651,0.0852713178294574,1.00096120132341,2991,0,1
"psi.surv[4]",0.104523925385239,0.009045321273381,0.0948905109489051,0.0948905109489051,0.102189781021898,0.109489051094891,0.124087591240876,1.00359663793395,720,0,1
"psi.surv[5]",0.0868373333333333,0.0135301802055536,0.064,0.08,0.088,0.096,0.12,1.00133654772388,1721,0,1
"psi.surv[6]",0.0957762863534676,0.00959331027935647,0.0805369127516778,0.087248322147651,0.0939597315436242,0.100671140939597,0.114093959731544,1.00209092792008,2322,0,1
"psi.surv[7]",0.113817109144543,0.0183089398320065,0.079646017699115,0.0973451327433628,0.115044247787611,0.123893805309735,0.150442477876106,0.999976716891599,4500,0,1
"psi.surv[8]",0.103482638888889,0.00916248220090163,0.09375,0.09375,0.1015625,0.109375,0.125,1.00048612713675,4500,0,1
"psi.surv[9]",0.0980792420327304,0.0127416277071717,0.0775193798449612,0.0852713178294574,0.0930232558139535,0.108527131782946,0.124031007751938,1.00015796174238,4379,0,1
"n.occ[1]",9.99022222222222,3.18655941028192,5,8,10,12,17,1.00156743411021,2189,0,1
"n.occ[2]",11.5106666666667,1.87794300410059,8,10,11,13,16,1.0008178076963,1966,0,1
"n.occ[3]",11.6462222222222,1.42710448149616,9,11,12,12,15,1.00020290383479,4500,0,1
"n.occ[4]",15.0593333333333,1.57505829229864,13,14,15,16,19,1.00210482687181,1314,0,1
"n.occ[5]",11.3577777777778,1.88841755614731,8,10,11,12,16,1.00100806800248,1823,0,1
"n.occ[6]",16.9788888888889,2.26363122589305,13,15,17,18,22,1.00250889012592,1325,0,1
"n.occ[7]",14.256,2.23557528250405,10,13,14,16,19,0.999846992393423,4500,0,1
"n.occ[8]",15.7586666666667,1.80746470250771,13,14,16,17,20,1.0005664105187,4500,0,1
"n.occ[9]",14.4817777777778,1.99652430694979,11,13,14,16,19,0.999969704339309,4500,0,1
"psi.reg[1,1]",0,0,0,0,0,0,0,NA,1,1,1
"psi.reg[2,1]",0,0,0,0,0,0,0,NA,1,1,1
"psi.reg[3,1]",0.302734006734007,0.0965624063721793,0.151515151515152,0.242424242424242,0.303030303030303,0.363636363636364,0.515151515151515,1.00156743411021,2189,0,1
"psi.reg[4,1]",0,0,0,0,0,0,0,NA,1,1,1
"psi.reg[1,2]",0,0,0,0,0,0,0,NA,1,1,1
"psi.reg[2,2]",0,0,0,0,0,0,0,NA,1,1,1
"psi.reg[3,2]",0.348808080808081,0.0569073637606241,0.242424242424242,0.303030303030303,0.333333333333333,0.393939393939394,0.484848484848485,1.0008178076963,1966,0,1
"psi.reg[4,2]",0,0,0,0,0,0,0,NA,1,1,1
"psi.reg[1,3]",0,0,0,0,0,0,0,NA,1,1,1
"psi.reg[2,3]",0,0,0,0,0,0,0,NA,1,1,1
"psi.reg[3,3]",0.352915824915825,0.0432455903483684,0.272727272727273,0.333333333333333,0.363636363636364,0.363636363636364,0.454545454545455,1.00020290383479,4500,0,1
"psi.reg[4,3]",0,0,0,0,0,0,0,NA,1,1,1
"psi.reg[1,4]",0,0,0,0,0,0,0,NA,1,1,1
"psi.reg[2,4]",0,0,0,0,0,0,0,NA,1,1,1
"psi.reg[3,4]",0.456343434343434,0.0477290391605647,0.393939393939394,0.424242424242424,0.454545454545455,0.484848484848485,0.575757575757576,1.0021048268718,1314,0,1
"psi.reg[4,4]",0,0,0,0,0,0,0,NA,1,1,1
"psi.reg[1,5]",0,0,0,0,0,0,0,NA,1,1,1
"psi.reg[2,5]",0,0,0,0,0,0,0,NA,1,1,1
"psi.reg[3,5]",0.344175084175084,0.0572247744287063,0.242424242424242,0.303030303030303,0.333333333333333,0.363636363636364,0.484848484848485,1.00100806800248,1823,0,1
"psi.reg[4,5]",0,0,0,0,0,0,0,NA,1,1,1
"psi.reg[1,6]",0,0,0,0,0,0,0,NA,1,1,1
"psi.reg[2,6]",0,0,0,0,0,0,0,NA,1,1,1
"psi.reg[3,6]",0.514511784511784,0.0685948856331227,0.393939393939394,0.454545454545455,0.515151515151515,0.545454545454545,0.666666666666667,1.00250889012592,1325,0,1
"psi.reg[4,6]",0,0,0,0,0,0,0,NA,1,1,1
"psi.reg[1,7]",0,0,0,0,0,0,0,NA,1,1,1
"psi.reg[2,7]",0,0,0,0,0,0,0,NA,1,1,1
"psi.reg[3,7]",0.432,0.0677447055304257,0.303030303030303,0.393939393939394,0.424242424242424,0.484848484848485,0.575757575757576,0.999846992393423,4500,0,1
"psi.reg[4,7]",0,0,0,0,0,0,0,NA,1,1,1
"psi.reg[1,8]",0,0,0,0,0,0,0,NA,1,1,1
"psi.reg[2,8]",0,0,0,0,0,0,0,NA,1,1,1
"psi.reg[3,8]",0.477535353535354,0.0547716576517488,0.393939393939394,0.424242424242424,0.484848484848485,0.515151515151515,0.606060606060606,1.0005664105187,4500,0,1
"psi.reg[4,8]",0,0,0,0,0,0,0,NA,1,1,1
"psi.reg[1,9]",0,0,0,0,0,0,0,NA,1,1,1
"psi.reg[2,9]",0,0,0,0,0,0,0,NA,1,1,1
"psi.reg[3,9]",0.438841750841751,0.060500736574236,0.333333333333333,0.393939393939394,0.424242424242424,0.484848484848485,0.575757575757576,0.999969704339309,4500,0,1
"psi.reg[4,9]",0,0,0,0,0,0,0,NA,1,1,1
"n.occ.reg[1,1]",0,0,0,0,0,0,0,NA,1,1,1
"n.occ.reg[2,1]",0,0,0,0,0,0,0,NA,1,1,1
"n.occ.reg[3,1]",9.99022222222222,3.18655941028192,5,8,10,12,17,1.00156743411021,2189,0,1
"n.occ.reg[4,1]",0,0,0,0,0,0,0,NA,1,1,1
"n.occ.reg[1,2]",0,0,0,0,0,0,0,NA,1,1,1
"n.occ.reg[2,2]",0,0,0,0,0,0,0,NA,1,1,1
"n.occ.reg[3,2]",11.5106666666667,1.87794300410059,8,10,11,13,16,1.0008178076963,1966,0,1
"n.occ.reg[4,2]",0,0,0,0,0,0,0,NA,1,1,1
"n.occ.reg[1,3]",0,0,0,0,0,0,0,NA,1,1,1
"n.occ.reg[2,3]",0,0,0,0,0,0,0,NA,1,1,1
"n.occ.reg[3,3]",11.6462222222222,1.42710448149616,9,11,12,12,15,1.00020290383479,4500,0,1
"n.occ.reg[4,3]",0,0,0,0,0,0,0,NA,1,1,1
"n.occ.reg[1,4]",0,0,0,0,0,0,0,NA,1,1,1
"n.occ.reg[2,4]",0,0,0,0,0,0,0,NA,1,1,1
"n.occ.reg[3,4]",15.0593333333333,1.57505829229864,13,14,15,16,19,1.00210482687181,1314,0,1
"n.occ.reg[4,4]",0,0,0,0,0,0,0,NA,1,1,1
"n.occ.reg[1,5]",0,0,0,0,0,0,0,NA,1,1,1
"n.occ.reg[2,5]",0,0,0,0,0,0,0,NA,1,1,1
"n.occ.reg[3,5]",11.3577777777778,1.88841755614731,8,10,11,12,16,1.00100806800248,1823,0,1
"n.occ.reg[4,5]",0,0,0,0,0,0,0,NA,1,1,1
"n.occ.reg[1,6]",0,0,0,0,0,0,0,NA,1,1,1
"n.occ.reg[2,6]",0,0,0,0,0,0,0,NA,1,1,1
"n.occ.reg[3,6]",16.9788888888889,2.26363122589305,13,15,17,18,22,1.00250889012592,1325,0,1
"n.occ.reg[4,6]",0,0,0,0,0,0,0,NA,1,1,1
"n.occ.reg[1,7]",0,0,0,0,0,0,0,NA,1,1,1
"n.occ.reg[2,7]",0,0,0,0,0,0,0,NA,1,1,1
"n.occ.reg[3,7]",14.256,2.23557528250405,10,13,14,16,19,0.999846992393423,4500,0,1
"n.occ.reg[4,7]",0,0,0,0,0,0,0,NA,1,1,1
"n.occ.reg[1,8]",0,0,0,0,0,0,0,NA,1,1,1
"n.occ.reg[2,8]",0,0,0,0,0,0,0,NA,1,1,1
"n.occ.reg[3,8]",15.7586666666667,1.80746470250771,13,14,16,17,20,1.0005664105187,4500,0,1
"n.occ.reg[4,8]",0,0,0,0,0,0,0,NA,1,1,1
"n.occ.reg[1,9]",0,0,0,0,0,0,0,NA,1,1,1
"n.occ.reg[2,9]",0,0,0,0,0,0,0,NA,1,1,1
"n.occ.reg[3,9]",14.4817777777778,1.99652430694979,11,13,14,16,19,0.999969704339309,4500,0,1
"n.occ.reg[4,9]",0,0,0,0,0,0,0,NA,1,1,1
"psi.reg.init[1]",0.501895318941033,0.285758303817536,0.0369786479440636,0.246161026723185,0.513645591094571,0.755805473869511,0.962092714730847,0.999996190793814,4500,0,1
"psi.reg.init[2]",0.50595694121542,0.283716516056052,0.0402351374072916,0.254604070761255,0.512092214848265,0.754370191440258,0.96333633834223,0.999991506343938,4500,0,1
"psi.reg.init[3]",0.369567905890203,0.144957273479322,0.12707689430766,0.261266376734975,0.35583402953862,0.4624667167732,0.683097108867154,1.0003092555177,3898,0,1
"psi.reg.init[4]",0.500443606107513,0.282451646702165,0.0408298459536862,0.251717121746708,0.498776875977912,0.747044275626766,0.961858109307077,1.0007987803615,1824,0,1
"gamma.reg[1,1]",0.473954176401715,0.294631577424667,0.0257894382788622,0.205241165283556,0.466694815682417,0.735782517182995,0.959694747557902,0.999745653778004,4500,0,1
"gamma.reg[2,1]",0.47302030508036,0.294567647464206,0.0236639569747542,0.211179586976864,0.458087571666106,0.727981452571836,0.96518470746764,1.00021489025507,3752,0,1
"gamma.reg[3,1]",0.224755876670909,0.108123072954031,0.0440269435137604,0.149503219764748,0.213243736765628,0.285496942327012,0.473758370691998,1.00085749040578,3427,0,1
"gamma.reg[4,1]",0.483632681012907,0.291625732977212,0.0256894749021862,0.217926395796461,0.48105670169443,0.738386028564187,0.962217222987651,0.999978052294836,4500,0,1
"gamma.reg[1,2]",0.447065996144283,0.293499085707202,0.0231047743048043,0.176958368121766,0.429701337323478,0.705210791024165,0.95497845745383,0.999858616522116,4500,0,1
"gamma.reg[2,2]",0.447823263392211,0.293868690816104,0.0174224794359093,0.183655650717518,0.416820370503174,0.708142300405813,0.956774078750021,0.99986693214411,4500,0,1
"gamma.reg[3,2]",0.199973403422206,0.0987331939042616,0.0350845296954312,0.129801823741072,0.19179430788502,0.26075507799606,0.413775676595037,1.00183404620364,4057,0,1
"gamma.reg[4,2]",0.456772626119436,0.291942257143282,0.0192003586354952,0.190750389653311,0.43962070099674,0.708309687680015,0.958810548399129,0.99993374631519,4500,0,1
"gamma.reg[1,3]",0.529133763572839,0.29383733764051,0.0401739614200275,0.262952562070873,0.540846212385224,0.790813481710072,0.974929389137748,0.999921335956027,4500,0,1
"gamma.reg[2,3]",0.529513322331114,0.292734137980723,0.0347051536888748,0.27320739820267,0.5411017559001,0.792596749150421,0.974780716077388,1.00071978921809,1990,0,1
"gamma.reg[3,3]",0.279093298133101,0.112580818944139,0.105927034068778,0.199459801796363,0.2604706657678,0.34260408299606,0.547779238458699,1.00005677536244,4500,0,1
"gamma.reg[4,3]",0.538845382096498,0.288238133123475,0.0407401943520438,0.287510082491579,0.560934750260235,0.794399386076029,0.975457454051793,1.00016317514855,4387,0,1
"gamma.reg[1,4]",0.441804642861136,0.292410309599252,0.0203841987297388,0.176657228678665,0.415716441960363,0.696282711203019,0.956653553793064,0.999808337897252,4500,0,1
"gamma.reg[2,4]",0.442231251524974,0.292727941499839,0.0175514348119503,0.176401767687932,0.411238607619208,0.694753327108283,0.958985226525584,1.0000244333075,4500,0,1
"gamma.reg[3,4]",0.196181972701993,0.0991715633150067,0.0347467898232091,0.124387743060816,0.187222444402773,0.255755852104524,0.416267377601372,1.00197046687965,1542,0,1
"gamma.reg[4,4]",0.452248754888778,0.292909351147008,0.0197550320757541,0.182507593431929,0.435673478760213,0.706839680476619,0.959410794539575,0.999851153360997,4500,0,1
"gamma.reg[1,5]",0.565956463801232,0.29440290165075,0.0475564850431122,0.304832807534693,0.604281087826382,0.838380670787308,0.979154246288834,0.999752152275626,4500,0,1
"gamma.reg[2,5]",0.565453240122214,0.291455780561611,0.0418875002949463,0.316849983736835,0.597573682613547,0.829952616929945,0.982404851175043,1.00081083636733,1768,0,1
"gamma.reg[3,5]",0.326956906220146,0.141437561918877,0.123436883785949,0.222426350638987,0.299101802197574,0.407127967651369,0.673060682107627,1.00092046444883,2362,0,1
"gamma.reg[4,5]",0.57566893043253,0.288260000657194,0.0500363011403758,0.332448390852714,0.617437024380849,0.834146966607337,0.981962851646125,1.00013848710582,4269,0,1
"gamma.reg[1,6]",0.497834292186093,0.293802921820418,0.0332082318935846,0.230605808535987,0.494470778439811,0.75881704831828,0.969623116389129,0.999749504190584,4500,0,1
"gamma.reg[2,6]",0.498497365956953,0.294380783013937,0.0260121649364083,0.236274196840487,0.500087291541849,0.765864043170634,0.967749677616252,1.00030781417727,3281,0,1
"gamma.reg[3,6]",0.24928583010954,0.115377545258397,0.0625163676704922,0.169948210344615,0.232359804521953,0.313368833404651,0.526764717669653,1.00238483417082,1155,0,1
"gamma.reg[4,6]",0.506105708776213,0.291940424705538,0.0329416755357504,0.244735003280662,0.507508917597326,0.764686325671997,0.971628486354358,1.0003328345984,3625,0,1
"gamma.reg[1,7]",0.512091359397135,0.296692707612504,0.0344713350024945,0.240677617248382,0.521512215692757,0.785132158052256,0.97084745161414,0.999901376564999,4500,0,1
"gamma.reg[2,7]",0.511226936531029,0.295841675631148,0.0295085748900408,0.248936365400846,0.508829758850267,0.77924325052983,0.973876595159034,1.00004008814708,4500,0,1
"gamma.reg[3,7]",0.266180573839268,0.12606662369081,0.0636188138804145,0.179839536917681,0.24817334117744,0.335317561684675,0.562163309153917,1.00103680730987,4500,0,1
"gamma.reg[4,7]",0.520424962473571,0.292291168288811,0.0350944176009303,0.25863175607069,0.527046323320744,0.782003363812776,0.973748472789924,0.999744898187475,4500,0,1
"gamma.reg[1,8]",0.495535648851388,0.294336962175717,0.0324850266621342,0.23043040061393,0.498831382684216,0.761717540526951,0.965690008439934,0.999832342453381,4500,0,1
"gamma.reg[2,8]",0.494985749715263,0.293668019651789,0.029900875523511,0.233194863888027,0.488897631711243,0.757568911969714,0.967339206067381,1.00057534321812,2207,0,1
"gamma.reg[3,8]",0.244352619987473,0.112248082018517,0.069351021137138,0.166987148545205,0.229308930602465,0.305855038331274,0.518531408924047,0.999828676990835,4500,0,1
"gamma.reg[4,8]",0.505208722851074,0.289556418249929,0.0299199858590969,0.24993681474194,0.511508637954502,0.757763699049143,0.966957072449322,1.00006064547166,4500,0,1
"phi.reg[1,1]",0.517659223565995,0.299153867465715,0.0311939752101488,0.247074734817414,0.524334188530849,0.789222602308647,0.978662582019107,1.00007468703731,4500,0,1
"phi.reg[2,1]",0.527552841875112,0.295726915581055,0.0361469729698902,0.264777642535669,0.547867769080259,0.79404189924781,0.978173840758585,1.00079455512473,2224,0,1
"phi.reg[3,1]",0.694808796729156,0.156353575215164,0.360482942220877,0.59226041556183,0.703577827209487,0.809968038966396,0.966880353963788,1.00116299598836,1997,0,1
"phi.reg[4,1]",0.524588789638076,0.29532053704541,0.0319541700422441,0.265478395236399,0.533116714167076,0.789178162567777,0.978778685663189,0.999799546606987,4500,0,1
"phi.reg[1,2]",0.535688101850885,0.29762305564691,0.0358123477059171,0.270741001314598,0.552211895911125,0.806259660799948,0.981471294302386,0.99992843650784,4500,0,1
"phi.reg[2,2]",0.546485638807644,0.294678033453593,0.0393354482772469,0.284732112249507,0.580397451391227,0.809898088812626,0.979409667626247,1.001757139285,1036,0,1
"phi.reg[3,2]",0.71706360675569,0.147773755379787,0.402337307827227,0.619464577581284,0.728705605879705,0.826648741278338,0.967412180828399,1.00227727443066,1180,0,1
"phi.reg[4,2]",0.540813595801746,0.293664827977901,0.0380213892139528,0.282458041684868,0.562570805523234,0.804492990836514,0.983357370136607,0.999762172489398,4500,0,1
"phi.reg[1,3]",0.500834325355403,0.297779199575482,0.0279630173572864,0.236970049421604,0.502108611385018,0.767219972450286,0.974540826302757,1.00002688524253,4500,0,1
"phi.reg[2,3]",0.511029625136845,0.294800155510513,0.0298520540368186,0.244233124046038,0.525220955395827,0.771587217473462,0.970624292855833,1.00023607843775,4500,0,1
"phi.reg[3,3]",0.677208710854436,0.157413654467308,0.340450276359047,0.576537926288602,0.688173536050994,0.79077177221015,0.950839078352204,1.00060605985531,4500,0,1
"phi.reg[4,3]",0.505811319596864,0.295213562530301,0.0311514191743853,0.247338508431092,0.505879587857778,0.768727668504321,0.97496225206498,1.00013981278312,4500,0,1
"phi.reg[1,4]",0.466938403904623,0.294241529270029,0.0226024859029742,0.199779410126686,0.44630051312108,0.73045505014784,0.965111395869405,1.00038110240116,3870,0,1
"phi.reg[2,4]",0.477445056294154,0.294256147622032,0.0251212123875161,0.208793077651914,0.468830911972871,0.738687640332851,0.962050270583737,1.00009105400702,4500,0,1
"phi.reg[3,4]",0.640640417323124,0.15611299443939,0.285003556922888,0.539938699002084,0.653056468941164,0.752355488998984,0.908305444201327,1.00034909108967,3964,0,1
"phi.reg[4,4]",0.472808166755367,0.294284211372712,0.0239113174597054,0.20873608950898,0.459170730643285,0.727609416855685,0.966093490249096,1.00034132542705,3551,0,1
"phi.reg[1,5]",0.522161428266189,0.29813673217903,0.0313415041632866,0.256360482690777,0.531910867344458,0.793557107956102,0.98015355067158,1.00072300842509,2187,0,1
"phi.reg[2,5]",0.530535639912141,0.29777877025355,0.0332520617317861,0.26286862200387,0.551661970574689,0.798657280049632,0.983560355508125,1.00000156340391,4500,0,1
"phi.reg[3,5]",0.697908646333424,0.158586856616324,0.358400693578442,0.595175499558021,0.709057681433783,0.813582184472699,0.971714173007508,0.999919835348962,4500,0,1
"phi.reg[4,5]",0.527458538231482,0.296627380018342,0.0331936728323402,0.265539774395297,0.532181799110852,0.794866057457109,0.981376809938432,1.00068396092877,2048,0,1
"phi.reg[1,6]",0.495000185025079,0.297139602361866,0.0272016591895979,0.225866970832099,0.493168062748224,0.765397566282224,0.973181078546787,1.00004275817588,4500,0,1
"phi.reg[2,6]",0.505081201793171,0.294929675696143,0.0279808676615531,0.23793582937191,0.513589930047881,0.77024944826801,0.971546968479383,1.00050723164371,3809,0,1
"phi.reg[3,6]",0.67318524958693,0.156053218224294,0.340515475294589,0.572250275034109,0.687168209830976,0.786645011465582,0.945291390365143,1.00018881416896,4500,0,1
"phi.reg[4,6]",0.503255629422967,0.294331817903131,0.0272325830355514,0.241892381947058,0.50569344492223,0.76841044992263,0.970177926031121,0.999837014518001,4500,0,1
"phi.reg[1,7]",0.502807615444955,0.296053613978901,0.0317333418024735,0.235614024448365,0.503976052572733,0.770885334410283,0.973372872942079,1.00024182137469,4500,0,1
"phi.reg[2,7]",0.513365290105072,0.292903195081795,0.0316091522763148,0.256709036540174,0.528323448120885,0.772222637961104,0.973298406150728,0.999983554343167,4500,0,1
"phi.reg[3,7]",0.68176974492368,0.152504503779372,0.357188825523069,0.581387733966332,0.693313949125055,0.792022160125386,0.946822526667178,0.999742170217062,4500,0,1
"phi.reg[4,7]",0.508952415489543,0.294419092743795,0.031826849090383,0.245312073838786,0.509861009547363,0.775568047487933,0.972736097323374,1.00033841976706,3237,0,1
"phi.reg[1,8]",0.463901045295655,0.29468848412189,0.0211360559238096,0.199584586251435,0.443935900219175,0.724204457829933,0.965877442287629,0.999904274587139,4500,0,1
"phi.reg[2,8]",0.472909304925243,0.294219122081468,0.0237324574241815,0.203494784741065,0.458560054797965,0.730976615860006,0.963850822260423,1.00074612844684,2181,0,1
"phi.reg[3,8]",0.635114767663238,0.161455508365758,0.28329127322416,0.536478072937955,0.647510833349347,0.752042111408319,0.905822163568587,1.00033471789194,3600,0,1
"phi.reg[4,8]",0.469709747893301,0.293211020970412,0.0230451286214114,0.206464745824204,0.453638347717875,0.723087001267106,0.964051102478539,0.999884897040263,4500,0,1
"ext.reg[1,1]",0.482340776434005,0.299153867465715,0.021337417980893,0.210777397691353,0.475665811469151,0.752925265182586,0.968806024789851,1.00007468703731,4500,0,1
"ext.reg[2,1]",0.472447158124888,0.295726915581055,0.0218261592414151,0.20595810075219,0.452132230919741,0.735222357464331,0.96385302703011,1.00079455512473,2224,0,1
"ext.reg[3,1]",0.305191203270844,0.156353575215164,0.0331196460362122,0.190031961033604,0.296422172790513,0.40773958443817,0.639517057779122,1.00116299598836,1997,0,1
"ext.reg[4,1]",0.475411210361924,0.29532053704541,0.0212213143368111,0.210821837432223,0.466883285832924,0.734521604763601,0.968045829957756,0.999799546606987,4500,0,1
"ext.reg[1,2]",0.464311898149115,0.29762305564691,0.0185287056976143,0.193740339200052,0.447788104088875,0.729258998685402,0.964187652294083,0.99992843650784,4500,0,1
"ext.reg[2,2]",0.453514361192356,0.294678033453593,0.0205903323737533,0.190101911187374,0.419602548608773,0.715267887750493,0.960664551722753,1.001757139285,1036,0,1
"ext.reg[3,2]",0.28293639324431,0.147773755379787,0.0325878191716007,0.173351258721662,0.271294394120295,0.380535422418716,0.597662692172773,1.00227727443066,1180,0,1
"ext.reg[4,2]",0.459186404198254,0.293664827977901,0.0166426298633928,0.195507009163486,0.437429194476766,0.717541958315132,0.961978610786047,0.999762172489398,4500,0,1
"ext.reg[1,3]",0.499165674644597,0.297779199575482,0.0254591736972431,0.232780027549714,0.497891388614982,0.763029950578396,0.972036982642714,1.00002688524253,4500,0,1
"ext.reg[2,3]",0.488970374863155,0.294800155510513,0.0293757071441674,0.228412782526538,0.474779044604173,0.755766875953962,0.970147945963181,1.00023607843775,4500,0,1
"ext.reg[3,3]",0.322791289145564,0.157413654467308,0.0491609216477956,0.20922822778985,0.311826463949006,0.423462073711398,0.659549723640953,1.00060605985531,4500,0,1
"ext.reg[4,3]",0.494188680403136,0.295213562530301,0.0250377479350198,0.231272331495679,0.494120412142222,0.752661491568908,0.968848580825615,1.00013981278312,4500,0,1
"ext.reg[1,4]",0.533061596095377,0.294241529270029,0.034888604130595,0.26954494985216,0.55369948687892,0.800220589873314,0.977397514097026,1.00038110240116,3870,0,1
"ext.reg[2,4]",0.522554943705846,0.294256147622032,0.0379497294162626,0.261312359667149,0.531169088027128,0.791206922348086,0.974878787612484,1.00009105400702,4500,0,1
"ext.reg[3,4]",0.359359582676876,0.15611299443939,0.0916945557986724,0.247644511001016,0.346943531058836,0.460061300997916,0.714996443077111,1.00034909108967,3964,0,1
"ext.reg[4,4]",0.527191833244633,0.294284211372712,0.033906509750904,0.272390583144315,0.540829269356715,0.79126391049102,0.976088682540295,1.00034132542705,3551,0,1
"ext.reg[1,5]",0.477838571733811,0.29813673217903,0.0198464493284198,0.206442892043898,0.468089132655542,0.743639517309223,0.968658495836713,1.00072300842509,2187,0,1
"ext.reg[2,5]",0.469464360087859,0.29777877025355,0.0164396444918749,0.201342719950368,0.44833802942531,0.73713137799613,0.966747938268214,1.00000156340391,4500,0,1
"ext.reg[3,5]",0.302091353666576,0.158586856616324,0.028285826992492,0.186417815527301,0.290942318566217,0.404824500441979,0.641599306421557,0.999919835348962,4500,0,1
"ext.reg[4,5]",0.472541461768518,0.296627380018342,0.0186231900615678,0.205133942542891,0.467818200889148,0.734460225604703,0.96680632716766,1.00068396092877,2048,0,1
"ext.reg[1,6]",0.504999814974921,0.297139602361866,0.0268189214532132,0.234602433717776,0.506831937251776,0.774133029167901,0.972798340810402,1.00004275817588,4500,0,1
"ext.reg[2,6]",0.494918798206829,0.294929675696143,0.0284530315206169,0.22975055173199,0.486410069952119,0.76206417062809,0.972019132338447,1.00050723164371,3809,0,1
"ext.reg[3,6]",0.32681475041307,0.156053218224294,0.0547086096348566,0.213354988534418,0.312831790169024,0.427749724965891,0.659484524705411,1.00018881416896,4500,0,1
"ext.reg[4,6]",0.496744370577033,0.294331817903131,0.0298220739688784,0.23158955007737,0.49430655507777,0.758107618052942,0.972767416964449,0.999837014518001,4500,0,1
"ext.reg[1,7]",0.497192384555045,0.296053613978901,0.0266271270579209,0.229114665589717,0.496023947427267,0.764385975551635,0.968266658197526,1.00024182137469,4500,0,1
"ext.reg[2,7]",0.486634709894928,0.292903195081795,0.0267015938492718,0.227777362038896,0.471676551879115,0.743290963459826,0.968390847723685,0.999983554343167,4500,0,1
"ext.reg[3,7]",0.31823025507632,0.152504503779372,0.0531774733328221,0.207977839874614,0.306686050874945,0.418612266033668,0.64281117447693,0.999742170217062,4500,0,1
"ext.reg[4,7]",0.491047584510457,0.294419092743795,0.027263902676626,0.224431952512068,0.490138990452637,0.754687926161214,0.968173150909617,1.00033841976706,3237,0,1
"ext.reg[1,8]",0.536098954704345,0.29468848412189,0.0341225577123708,0.275795542170067,0.556064099780825,0.800415413748565,0.97886394407619,0.999904274587139,4500,0,1
"ext.reg[2,8]",0.527090695074757,0.294219122081468,0.0361491777395768,0.269023384139994,0.541439945202035,0.796505215258935,0.976267542575818,1.00074612844684,2181,0,1
"ext.reg[3,8]",0.364885232336762,0.161455508365758,0.0941778364314128,0.247957888591681,0.352489166650653,0.463521927062045,0.71670872677584,1.00033471789194,3600,0,1
"ext.reg[4,8]",0.530290252106699,0.293211020970412,0.0359488975214606,0.276912998732894,0.546361652282125,0.793535254175796,0.976954871378589,0.999884897040263,4500,0,1
"mean.gamma.reg[1]",0.495422042901977,0.278807537234047,0.0442541084114829,0.248033407274572,0.498320179106283,0.73493821862366,0.957223044752881,0.999784444965141,4500,0,1
"mean.gamma.reg[2]",0.495343929331765,0.27844380508078,0.0352477198685923,0.258605703878462,0.489299170365134,0.731558752967916,0.957612752265463,1.00029520493369,3224,0,1
"mean.gamma.reg[3]",0.248347560135579,0.0741259129415751,0.125022534019686,0.195636878283697,0.24192907945377,0.293321383886676,0.410636791028877,1.00193133890655,2633,0,1
"mean.gamma.reg[4]",0.504863471081376,0.275643880946181,0.04092446488292,0.267282697116873,0.508697582388254,0.742846631562918,0.961063595856354,0.999920412680216,4500,0,1
"mean.phi.reg[1]",0.500623791088598,0.278824645003076,0.0399700877881032,0.262753142344939,0.494881712050972,0.739836735081123,0.961566394193262,1.00000138370827,4500,0,1
"mean.phi.reg[2]",0.510550574856173,0.276698903441705,0.042489908039115,0.27192352402044,0.520406152484607,0.746052290665952,0.957593196524851,1.00064918291795,3629,0,1
"mean.phi.reg[3]",0.67721249252121,0.116674466965214,0.431954356123725,0.602414910760623,0.682978878847337,0.760380637836029,0.886925973040968,1.00000343941523,4500,0,1
"mean.phi.reg[4]",0.506674775353668,0.276737951122199,0.0397720274036729,0.272762323431552,0.507754808134004,0.746079353098648,0.962515638451997,1.00016304500106,4500,0,1
"mean.ext.reg[1]",0.499376208911402,0.278824645003076,0.0384336058067383,0.260163264918877,0.505118287949028,0.737246857655061,0.960029912211897,1.00000138370827,4500,0,1
"mean.ext.reg[2]",0.489449425143827,0.276698903441705,0.0424068034751489,0.253947709334048,0.479593847515393,0.728076475979561,0.957510091960885,1.00064918291795,3629,0,1
"mean.ext.reg[3]",0.32278750747879,0.116674466965214,0.113074026959032,0.239619362163971,0.317021121152663,0.397585089239377,0.568045643876275,1.00000343941523,4500,0,1
"mean.ext.reg[4]",0.493325224646332,0.276737951122199,0.0374843615480033,0.253920646901352,0.492245191865996,0.727237676568448,0.960227972596327,1.00016304500106,4500,0,1
"equilib.reg[1]",0.498282592617628,0.226875318264864,0.0722211491970504,0.336156943961168,0.49729243133265,0.654207652694634,0.933698448975507,1.00010856977756,4500,0,1
"equilib.reg[2]",0.501388326779273,0.227677303155769,0.0651215174866048,0.339452880906012,0.501181486158186,0.669148409618291,0.928810289239667,0.999971626108215,4500,0,1
"equilib.reg[3]",0.444340984196919,0.105352932265648,0.254837574824304,0.370920607207991,0.437247244352108,0.511595103532549,0.66815191151063,1.00058195651092,4500,0,1
"equilib.reg[4]",0.506748682235607,0.226261014346981,0.077079384338195,0.347467641467533,0.506361488511028,0.671689371506365,0.928279854897948,1.00009308006241,4500,0,1
"mean.p",0.401471696129552,0.0534566274332145,0.2967944386317,0.366494759222389,0.400643497030151,0.436737021979928,0.506713049191364,1.001685393988,1543,0,1
"p.year[1]",0.378645885014294,0.0762471274333578,0.211660379684326,0.334885661302746,0.384657372596723,0.429164450610045,0.51257304679157,1.00022784758823,4500,0,1
"p.year[2]",0.416779803652252,0.0644468349392078,0.295729815927147,0.37438429872303,0.415075120545999,0.456500168051895,0.554820225404801,1.00041846503471,3626,0,1
"p.year[3]",0.420490701586626,0.0648278995006134,0.303547914007013,0.377708812227359,0.417338648436313,0.459142628600043,0.562506974926291,1.00037363243677,4500,0,1
"p.year[4]",0.414126438223038,0.0583577134241739,0.302783215898759,0.375268145728901,0.411186580585393,0.451006580984482,0.534925593536031,1.00109970479132,2637,0,1
"p.year[5]",0.390237044682561,0.0686605189599353,0.247007541132661,0.346682951728588,0.391256740831228,0.435975389287978,0.520263314419112,1.00146453743054,1118,0,1
"p.year[6]",0.410149781467423,0.0585941358989391,0.296396497587498,0.370965188071063,0.408749962882442,0.450155008463025,0.52711182449652,1.00015578712064,4500,0,1
"p.year[7]",0.370644234418454,0.0728040603467867,0.216224805431815,0.325012717400296,0.375166273488069,0.420713001345758,0.504098147838996,1.00085461110494,1925,0,1
"p.year[8]",0.420418632782754,0.060897098870151,0.308435726620087,0.379109955006444,0.418327520652087,0.458798025379452,0.549994859391089,1.00114669604148,1816,0,1
"p.year[9]",0.397817383178282,0.0678685727084378,0.2614220723857,0.355958177313768,0.397317919722404,0.440119718677672,0.534551619667828,1.00070826981966,2574,0,1
"z[1,1]",0.303777777777778,0.459938962527041,0,0,0,1,1,0.999739962285777,4500,1,1
"z[2,1]",0.106666666666667,0.308723288567936,0,0,0,0,1,1.0032706809394,1460,1,1
"z[3,1]",0.189333333333333,0.391816714616485,0,0,0,0,1,1.00010411093045,4500,1,1
"z[4,1]",0.0288888888888889,0.167512855228826,0,0,0,0,1,1.00054342633034,4500,1,1
"z[5,1]",0,0,0,0,0,0,0,NA,1,1,1
"z[6,1]",0,0,0,0,0,0,0,NA,1,1,1
"z[7,1]",0,0,0,0,0,0,0,NA,1,1,1
"z[8,1]",0,0,0,0,0,0,0,NA,1,1,1
"z[9,1]",0,0,0,0,0,0,0,NA,1,1,1
"z[10,1]",0,0,0,0,0,0,0,NA,1,1,1
"z[11,1]",0,0,0,0,0,0,0,NA,1,1,1
"z[12,1]",0,0,0,0,0,0,0,NA,1,1,1
"z[13,1]",0,0,0,0,0,0,0,NA,1,1,1
"z[14,1]",0,0,0,0,0,0,0,NA,1,1,1
"z[15,1]",0,0,0,0,0,0,0,NA,1,1,1
"z[16,1]",0,0,0,0,0,0,0,NA,1,1,1
"z[17,1]",0,0,0,0,0,0,0,NA,1,1,1
"z[18,1]",0,0,0,0,0,0,0,NA,1,1,1
"z[19,1]",0,0,0,0,0,0,0,NA,1,1,1
"z[20,1]",0,0,0,0,0,0,0,NA,1,1,1
"z[21,1]",0,0,0,0,0,0,0,NA,1,1,1
"z[22,1]",0,0,0,0,0,0,0,NA,1,1,1
"z[23,1]",0,0,0,0,0,0,0,NA,1,1,1
"z[24,1]",0,0,0,0,0,0,0,NA,1,1,1
"z[25,1]",0,0,0,0,0,0,0,NA,1,1,1
"z[26,1]",0,0,0,0,0,0,0,NA,1,1,1
"z[27,1]",0,0,0,0,0,0,0,NA,1,1,1
"z[28,1]",0.499777777777778,0.500055515428323,0,0,0,1,1,1.00020081325175,3748,1,1
"z[29,1]",0.337333333333333,0.472852241248564,0,0,0,1,1,0.999810473723822,4500,1,1
"z[30,1]",0,0,0,0,0,0,0,NA,1,1,1
"z[31,1]",0,0,0,0,0,0,0,NA,1,1,1
"z[32,1]",0,0,0,0,0,0,0,NA,1,1,1
"z[33,1]",0,0,0,0,0,0,0,NA,1,1,1
"z[34,1]",0,0,0,0,0,0,0,NA,1,1,1
"z[35,1]",0,0,0,0,0,0,0,NA,1,1,1
"z[36,1]",0,0,0,0,0,0,0,NA,1,1,1
"z[37,1]",0,0,0,0,0,0,0,NA,1,1,1
"z[38,1]",0,0,0,0,0,0,0,NA,1,1,1
"z[39,1]",0,0,0,0,0,0,0,NA,1,1,1
"z[40,1]",0,0,0,0,0,0,0,NA,1,1,1
"z[41,1]",0,0,0,0,0,0,0,NA,1,1,1
"z[42,1]",0,0,0,0,0,0,0,NA,1,1,1
"z[43,1]",0,0,0,0,0,0,0,NA,1,1,1
"z[44,1]",0,0,0,0,0,0,0,NA,1,1,1
"z[45,1]",0,0,0,0,0,0,0,NA,1,1,1
"z[46,1]",0,0,0,0,0,0,0,NA,1,1,1
"z[47,1]",0,0,0,0,0,0,0,NA,1,1,1
"z[48,1]",0,0,0,0,0,0,0,NA,1,1,1
"z[49,1]",0,0,0,0,0,0,0,NA,1,1,1
"z[50,1]",0,0,0,0,0,0,0,NA,1,1,1
"z[51,1]",0,0,0,0,0,0,0,NA,1,1,1
"z[52,1]",0,0,0,0,0,0,0,NA,1,1,1
"z[53,1]",0,0,0,0,0,0,0,NA,1,1,1
"z[54,1]",0,0,0,0,0,0,0,NA,1,1,1
"z[55,1]",0,0,0,0,0,0,0,NA,1,1,1
"z[56,1]",0,0,0,0,0,0,0,NA,1,1,1
"z[57,1]",0.0242222222222222,0.153755519169198,0,0,0,0,0,1.00195912832575,4500,1,1
"z[58,1]",0.00911111111111111,0.0950268670194558,0,0,0,0,0,1.00087621829912,4500,1,1
"z[59,1]",0,0,0,0,0,0,0,NA,1,1,1
"z[60,1]",0,0,0,0,0,0,0,NA,1,1,1
"z[61,1]",0,0,0,0,0,0,0,NA,1,1,1
"z[62,1]",0,0,0,0,0,0,0,NA,1,1,1
"z[63,1]",0,0,0,0,0,0,0,NA,1,1,1
"z[64,1]",0,0,0,0,0,0,0,NA,1,1,1
"z[65,1]",0,0,0,0,0,0,0,NA,1,1,1
"z[66,1]",0,0,0,0,0,0,0,NA,1,1,1
"z[67,1]",0,0,0,0,0,0,0,NA,1,1,1
"z[68,1]",0,0,0,0,0,0,0,NA,1,1,1
"z[69,1]",1,0,1,1,1,1,1,NA,1,0,1
"z[70,1]",0.0173333333333333,0.130524613834426,0,0,0,0,0,1.00599293077132,4500,1,1
"z[71,1]",0.777111111111111,0.41623062313954,0,1,1,1,1,0.999825377866161,4500,1,1
"z[72,1]",0.189111111111111,0.391640375465991,0,0,0,0,1,0.99969600929663,4500,1,1
"z[73,1]",0,0,0,0,0,0,0,NA,1,1,1
"z[74,1]",0,0,0,0,0,0,0,NA,1,1,1
"z[75,1]",0,0,0,0,0,0,0,NA,1,1,1
"z[76,1]",0,0,0,0,0,0,0,NA,1,1,1
"z[77,1]",0,0,0,0,0,0,0,NA,1,1,1
"z[78,1]",0,0,0,0,0,0,0,NA,1,1,1
"z[79,1]",0,0,0,0,0,0,0,NA,1,1,1
"z[80,1]",0,0,0,0,0,0,0,NA,1,1,1
"z[81,1]",0.0922222222222222,0.289371546504837,0,0,0,0,1,0.999839101796636,4500,1,1
"z[82,1]",0.37,0.48285796204854,0,0,0,1,1,0.999835711733083,4500,1,1
"z[83,1]",0.09,0.286213563699108,0,0,0,0,1,1.00419207043702,1343,1,1
"z[84,1]",0.123777777777778,0.329364458287695,0,0,0,0,1,0.999983234104013,4500,1,1
"z[85,1]",0.0951111111111111,0.293400949995396,0,0,0,0,1,1.00219983935043,2285,1,1
"z[86,1]",0,0,0,0,0,0,0,NA,1,1,1
"z[87,1]",0,0,0,0,0,0,0,NA,1,1,1
"z[88,1]",0,0,0,0,0,0,0,NA,1,1,1
"z[89,1]",0,0,0,0,0,0,0,NA,1,1,1
"z[90,1]",0,0,0,0,0,0,0,NA,1,1,1
"z[91,1]",0,0,0,0,0,0,0,NA,1,1,1
"z[92,1]",0,0,0,0,0,0,0,NA,1,1,1
"z[93,1]",0,0,0,0,0,0,0,NA,1,1,1
"z[94,1]",0,0,0,0,0,0,0,NA,1,1,1
"z[95,1]",0.127555555555556,0.333631340448453,0,0,0,0,1,0.999722399088606,4500,1,1
"z[96,1]",0.216444444444444,0.411866414442152,0,0,0,0,1,1.00010279478055,4500,1,1
"z[97,1]",0.175555555555556,0.38048386710849,0,0,0,0,1,1.00039001462267,4500,1,1
"z[98,1]",0.191555555555556,0.393568858173293,0,0,0,0,1,1.00033913544724,4500,1,1
"z[99,1]",0,0,0,0,0,0,0,NA,1,1,1
"z[100,1]",0,0,0,0,0,0,0,NA,1,1,1
"z[101,1]",0,0,0,0,0,0,0,NA,1,1,1
"z[102,1]",0,0,0,0,0,0,0,NA,1,1,1
"z[103,1]",0,0,0,0,0,0,0,NA,1,1,1
"z[104,1]",0,0,0,0,0,0,0,NA,1,1,1
"z[105,1]",0,0,0,0,0,0,0,NA,1,1,1
"z[106,1]",0,0,0,0,0,0,0,NA,1,1,1
"z[107,1]",0,0,0,0,0,0,0,NA,1,1,1
"z[108,1]",0,0,0,0,0,0,0,NA,1,1,1
"z[109,1]",0,0,0,0,0,0,0,NA,1,1,1
"z[110,1]",0,0,0,0,0,0,0,NA,1,1,1
"z[111,1]",0,0,0,0,0,0,0,NA,1,1,1
"z[112,1]",0,0,0,0,0,0,0,NA,1,1,1
"z[113,1]",0,0,0,0,0,0,0,NA,1,1,1
"z[114,1]",0,0,0,0,0,0,0,NA,1,1,1
"z[115,1]",0,0,0,0,0,0,0,NA,1,1,1
"z[116,1]",0,0,0,0,0,0,0,NA,1,1,1
"z[117,1]",0,0,0,0,0,0,0,NA,1,1,1
"z[118,1]",0,0,0,0,0,0,0,NA,1,1,1
"z[119,1]",0,0,0,0,0,0,0,NA,1,1,1
"z[120,1]",0,0,0,0,0,0,0,NA,1,1,1
"z[121,1]",0,0,0,0,0,0,0,NA,1,1,1
"z[122,1]",0,0,0,0,0,0,0,NA,1,1,1
"z[123,1]",0,0,0,0,0,0,0,NA,1,1,1
"z[124,1]",0,0,0,0,0,0,0,NA,1,1,1
"z[125,1]",0.780444444444444,0.413991545837227,0,1,1,1,1,1.00003628471553,4500,1,1
"z[126,1]",0.779555555555556,0.414592436549855,0,1,1,1,1,0.999817789593541,4500,1,1
"z[127,1]",0,0,0,0,0,0,0,NA,1,1,1
"z[128,1]",0,0,0,0,0,0,0,NA,1,1,1
"z[129,1]",0,0,0,0,0,0,0,NA,1,1,1
"z[130,1]",0,0,0,0,0,0,0,NA,1,1,1
"z[131,1]",0.134444444444444,0.341167116466881,0,0,0,0,1,1.00211559377698,1761,1,1
"z[132,1]",0.157333333333333,0.364155219964792,0,0,0,0,1,1.00046182881783,4500,1,1
"z[133,1]",0.147777777777778,0.354919003366098,0,0,0,0,1,1.00419165598262,873,1,1
"z[134,1]",0,0,0,0,0,0,0,NA,1,1,1
"z[135,1]",0,0,0,0,0,0,0,NA,1,1,1
"z[136,1]",0,0,0,0,0,0,0,NA,1,1,1
"z[137,1]",0,0,0,0,0,0,0,NA,1,1,1
"z[138,1]",0,0,0,0,0,0,0,NA,1,1,1
"z[139,1]",0,0,0,0,0,0,0,NA,1,1,1
"z[140,1]",0,0,0,0,0,0,0,NA,1,1,1
"z[141,1]",0,0,0,0,0,0,0,NA,1,1,1
"z[142,1]",0,0,0,0,0,0,0,NA,1,1,1
"z[143,1]",0,0,0,0,0,0,0,NA,1,1,1
"z[144,1]",0,0,0,0,0,0,0,NA,1,1,1
"z[145,1]",0,0,0,0,0,0,0,NA,1,1,1
"z[146,1]",0,0,0,0,0,0,0,NA,1,1,1
"z[147,1]",0,0,0,0,0,0,0,NA,1,1,1
"z[148,1]",0,0,0,0,0,0,0,NA,1,1,1
"z[149,1]",0,0,0,0,0,0,0,NA,1,1,1
"z[150,1]",0,0,0,0,0,0,0,NA,1,1,1
"z[151,1]",0,0,0,0,0,0,0,NA,1,1,1
"z[152,1]",0,0,0,0,0,0,0,NA,1,1,1
"z[153,1]",0,0,0,0,0,0,0,NA,1,1,1
"z[154,1]",0,0,0,0,0,0,0,NA,1,1,1
"z[155,1]",1,0,1,1,1,1,1,NA,1,0,1
"z[156,1]",1,0,1,1,1,1,1,NA,1,0,1
"z[157,1]",0.363555555555556,0.481076234534968,0,0,0,1,1,1.00019251313791,4107,1,1
"z[158,1]",0,0,0,0,0,0,0,NA,1,1,1
"z[159,1]",0,0,0,0,0,0,0,NA,1,1,1
"z[160,1]",0,0,0,0,0,0,0,NA,1,1,1
"z[161,1]",0,0,0,0,0,0,0,NA,1,1,1
"z[162,1]",0,0,0,0,0,0,0,NA,1,1,1
"z[163,1]",0,0,0,0,0,0,0,NA,1,1,1
"z[164,1]",0,0,0,0,0,0,0,NA,1,1,1
"z[165,1]",0,0,0,0,0,0,0,NA,1,1,1
"z[166,1]",0,0,0,0,0,0,0,NA,1,1,1
"z[167,1]",0,0,0,0,0,0,0,NA,1,1,1
"z[168,1]",0,0,0,0,0,0,0,NA,1,1,1
"z[169,1]",0,0,0,0,0,0,0,NA,1,1,1
"z[170,1]",0,0,0,0,0,0,0,NA,1,1,1
"z[171,1]",0,0,0,0,0,0,0,NA,1,1,1
"z[172,1]",0,0,0,0,0,0,0,NA,1,1,1
"z[173,1]",0,0,0,0,0,0,0,NA,1,1,1
"z[174,1]",0.297777777777778,0.457332101657473,0,0,0,1,1,0.999704449733852,4500,1,1
"z[175,1]",0.0168888888888889,0.128869487630174,0,0,0,0,0,1.00296526402503,4500,1,1
"z[176,1]",0.293333333333333,0.455340491638053,0,0,0,1,1,1.00029840921682,3814,1,1
"z[177,1]",0.0542222222222222,0.226480841156445,0,0,0,0,1,1.00001382834293,4500,1,1
"z[178,1]",0,0,0,0,0,0,0,NA,1,1,1
"z[179,1]",0,0,0,0,0,0,0,NA,1,1,1
"z[180,1]",0,0,0,0,0,0,0,NA,1,1,1
"z[181,1]",0,0,0,0,0,0,0,NA,1,1,1
"z[182,1]",0,0,0,0,0,0,0,NA,1,1,1
"z[183,1]",0,0,0,0,0,0,0,NA,1,1,1
"z[184,1]",0,0,0,0,0,0,0,NA,1,1,1
"z[185,1]",0,0,0,0,0,0,0,NA,1,1,1
"z[1,2]",0.470666666666667,0.499194283027317,0,0,0,1,1,0.999870668834151,4500,1,1
"z[2,2]",0.0608888888888889,0.239152967592038,0,0,0,0,1,1.00192978163513,3848,1,1
"z[3,2]",0.0548888888888889,0.227788562815897,0,0,0,0,1,1.00011566437992,4500,1,1
"z[4,2]",0.0135555555555556,0.115649360747383,0,0,0,0,0,1.00637469010885,4500,1,1
"z[5,2]",0,0,0,0,0,0,0,NA,1,1,1
"z[6,2]",0,0,0,0,0,0,0,NA,1,1,1
"z[7,2]",0,0,0,0,0,0,0,NA,1,1,1
"z[8,2]",0,0,0,0,0,0,0,NA,1,1,1
"z[9,2]",0,0,0,0,0,0,0,NA,1,1,1
"z[10,2]",0,0,0,0,0,0,0,NA,1,1,1
"z[11,2]",0,0,0,0,0,0,0,NA,1,1,1
"z[12,2]",0,0,0,0,0,0,0,NA,1,1,1
"z[13,2]",0,0,0,0,0,0,0,NA,1,1,1
"z[14,2]",0,0,0,0,0,0,0,NA,1,1,1
"z[15,2]",0,0,0,0,0,0,0,NA,1,1,1
"z[16,2]",0,0,0,0,0,0,0,NA,1,1,1
"z[17,2]",0,0,0,0,0,0,0,NA,1,1,1
"z[18,2]",0,0,0,0,0,0,0,NA,1,1,1
"z[19,2]",0,0,0,0,0,0,0,NA,1,1,1
"z[20,2]",0,0,0,0,0,0,0,NA,1,1,1
"z[21,2]",0,0,0,0,0,0,0,NA,1,1,1
"z[22,2]",0,0,0,0,0,0,0,NA,1,1,1
"z[23,2]",0,0,0,0,0,0,0,NA,1,1,1
"z[24,2]",0,0,0,0,0,0,0,NA,1,1,1
"z[25,2]",0,0,0,0,0,0,0,NA,1,1,1
"z[26,2]",0,0,0,0,0,0,0,NA,1,1,1
"z[27,2]",0,0,0,0,0,0,0,NA,1,1,1
"z[28,2]",0.683555555555556,0.465140233704518,0,0,1,1,1,0.999670303625674,4500,1,1
"z[29,2]",0.486222222222222,0.499865680508569,0,0,0,1,1,1.00046815428708,2502,1,1
"z[30,2]",0,0,0,0,0,0,0,NA,1,1,1
"z[31,2]",0,0,0,0,0,0,0,NA,1,1,1
"z[32,2]",0,0,0,0,0,0,0,NA,1,1,1
"z[33,2]",0,0,0,0,0,0,0,NA,1,1,1
"z[34,2]",0,0,0,0,0,0,0,NA,1,1,1
"z[35,2]",0,0,0,0,0,0,0,NA,1,1,1
"z[36,2]",0,0,0,0,0,0,0,NA,1,1,1
"z[37,2]",0,0,0,0,0,0,0,NA,1,1,1
"z[38,2]",0,0,0,0,0,0,0,NA,1,1,1
"z[39,2]",0,0,0,0,0,0,0,NA,1,1,1
"z[40,2]",0,0,0,0,0,0,0,NA,1,1,1
"z[41,2]",0,0,0,0,0,0,0,NA,1,1,1
"z[42,2]",0,0,0,0,0,0,0,NA,1,1,1
"z[43,2]",0,0,0,0,0,0,0,NA,1,1,1
"z[44,2]",0,0,0,0,0,0,0,NA,1,1,1
"z[45,2]",0,0,0,0,0,0,0,NA,1,1,1
"z[46,2]",0,0,0,0,0,0,0,NA,1,1,1
"z[47,2]",0,0,0,0,0,0,0,NA,1,1,1
"z[48,2]",0,0,0,0,0,0,0,NA,1,1,1
"z[49,2]",0,0,0,0,0,0,0,NA,1,1,1
"z[50,2]",0,0,0,0,0,0,0,NA,1,1,1
"z[51,2]",0,0,0,0,0,0,0,NA,1,1,1
"z[52,2]",0,0,0,0,0,0,0,NA,1,1,1
"z[53,2]",0,0,0,0,0,0,0,NA,1,1,1
"z[54,2]",0,0,0,0,0,0,0,NA,1,1,1
"z[55,2]",0,0,0,0,0,0,0,NA,1,1,1
"z[56,2]",0,0,0,0,0,0,0,NA,1,1,1
"z[57,2]",0.0513333333333333,0.220701260655139,0,0,0,0,1,1.00228529337073,3914,1,1
"z[58,2]",0.0397777777777778,0.195458425118277,0,0,0,0,1,1.00191317075197,4500,1,1
"z[59,2]",0,0,0,0,0,0,0,NA,1,1,1
"z[60,2]",0,0,0,0,0,0,0,NA,1,1,1
"z[61,2]",0,0,0,0,0,0,0,NA,1,1,1
"z[62,2]",0,0,0,0,0,0,0,NA,1,1,1
"z[63,2]",0,0,0,0,0,0,0,NA,1,1,1
"z[64,2]",0,0,0,0,0,0,0,NA,1,1,1
"z[65,2]",0,0,0,0,0,0,0,NA,1,1,1
"z[66,2]",0,0,0,0,0,0,0,NA,1,1,1
"z[67,2]",0,0,0,0,0,0,0,NA,1,1,1
"z[68,2]",0,0,0,0,0,0,0,NA,1,1,1
"z[69,2]",1,0,1,1,1,1,1,NA,1,0,1
"z[70,2]",0.0117777777777778,0.107896472423584,0,0,0,0,0,1.0031110831676,4500,1,1
"z[71,2]",1,0,1,1,1,1,1,NA,1,0,1
"z[72,2]",0.0211111111111111,0.143770739157005,0,0,0,0,0,1.00726454111934,3147,1,1
"z[73,2]",0,0,0,0,0,0,0,NA,1,1,1
"z[74,2]",0,0,0,0,0,0,0,NA,1,1,1
"z[75,2]",0,0,0,0,0,0,0,NA,1,1,1
"z[76,2]",0,0,0,0,0,0,0,NA,1,1,1
"z[77,2]",0,0,0,0,0,0,0,NA,1,1,1
"z[78,2]",0,0,0,0,0,0,0,NA,1,1,1
"z[79,2]",0,0,0,0,0,0,0,NA,1,1,1
"z[80,2]",0,0,0,0,0,0,0,NA,1,1,1
"z[81,2]",0.0877777777777778,0.283002892963307,0,0,0,0,1,1.00043353899395,4500,1,1
"z[82,2]",0.0726666666666667,0.259617411331994,0,0,0,0,1,1.00095155804503,4500,1,1
"z[83,2]",0.0215555555555556,0.14524324938423,0,0,0,0,0,1.00171460530655,4500,1,1
"z[84,2]",0.0257777777777778,0.158489324311835,0,0,0,0,1,1.00111171697032,4500,1,1
"z[85,2]",0.0148888888888889,0.121121715563244,0,0,0,0,0,1.00115456719699,4500,1,1
"z[86,2]",0,0,0,0,0,0,0,NA,1,1,1
"z[87,2]",0,0,0,0,0,0,0,NA,1,1,1
"z[88,2]",0,0,0,0,0,0,0,NA,1,1,1
"z[89,2]",0,0,0,0,0,0,0,NA,1,1,1
"z[90,2]",0,0,0,0,0,0,0,NA,1,1,1
"z[91,2]",0,0,0,0,0,0,0,NA,1,1,1
"z[92,2]",0,0,0,0,0,0,0,NA,1,1,1
"z[93,2]",0,0,0,0,0,0,0,NA,1,1,1
"z[94,2]",0,0,0,0,0,0,0,NA,1,1,1
"z[95,2]",0.184222222222222,0.387708394308229,0,0,0,0,1,1.0018284955151,1535,1,1
"z[96,2]",1,0,1,1,1,1,1,NA,1,0,1
"z[97,2]",0.0791111111111111,0.269942097980992,0,0,0,0,1,1.0004806866847,4500,1,1
"z[98,2]",0.22,0.414292338583869,0,0,0,0,1,1.00078485748381,2610,1,1
"z[99,2]",0,0,0,0,0,0,0,NA,1,1,1
"z[100,2]",0,0,0,0,0,0,0,NA,1,1,1
"z[101,2]",0,0,0,0,0,0,0,NA,1,1,1
"z[102,2]",0,0,0,0,0,0,0,NA,1,1,1
"z[103,2]",0,0,0,0,0,0,0,NA,1,1,1
"z[104,2]",0,0,0,0,0,0,0,NA,1,1,1
"z[105,2]",0,0,0,0,0,0,0,NA,1,1,1
"z[106,2]",0,0,0,0,0,0,0,NA,1,1,1
"z[107,2]",0,0,0,0,0,0,0,NA,1,1,1
"z[108,2]",0,0,0,0,0,0,0,NA,1,1,1
"z[109,2]",0,0,0,0,0,0,0,NA,1,1,1
"z[110,2]",0,0,0,0,0,0,0,NA,1,1,1
"z[111,2]",0,0,0,0,0,0,0,NA,1,1,1
"z[112,2]",0,0,0,0,0,0,0,NA,1,1,1
"z[113,2]",0,0,0,0,0,0,0,NA,1,1,1
"z[114,2]",0,0,0,0,0,0,0,NA,1,1,1
"z[115,2]",0,0,0,0,0,0,0,NA,1,1,1
"z[116,2]",0,0,0,0,0,0,0,NA,1,1,1
"z[117,2]",0,0,0,0,0,0,0,NA,1,1,1
"z[118,2]",0,0,0,0,0,0,0,NA,1,1,1
"z[119,2]",0,0,0,0,0,0,0,NA,1,1,1
"z[120,2]",0,0,0,0,0,0,0,NA,1,1,1
"z[121,2]",0,0,0,0,0,0,0,NA,1,1,1
"z[122,2]",0,0,0,0,0,0,0,NA,1,1,1
"z[123,2]",0,0,0,0,0,0,0,NA,1,1,1
"z[124,2]",0,0,0,0,0,0,0,NA,1,1,1
"z[125,2]",1,0,1,1,1,1,1,NA,1,0,1
"z[126,2]",1,0,1,1,1,1,1,NA,1,0,1
"z[127,2]",0,0,0,0,0,0,0,NA,1,1,1
"z[128,2]",0,0,0,0,0,0,0,NA,1,1,1
"z[129,2]",0,0,0,0,0,0,0,NA,1,1,1
"z[130,2]",0,0,0,0,0,0,0,NA,1,1,1
"z[131,2]",0.239777777777778,0.426995212746905,0,0,0,0,1,0.999999801915142,4500,1,1
"z[132,2]",0.252444444444444,0.434463109111385,0,0,0,1,1,1.00084924006445,2238,1,1
"z[133,2]",0.171555555555556,0.377035591290268,0,0,0,0,1,1.00066532880119,3524,1,1
"z[134,2]",0,0,0,0,0,0,0,NA,1,1,1
"z[135,2]",0,0,0,0,0,0,0,NA,1,1,1
"z[136,2]",0,0,0,0,0,0,0,NA,1,1,1
"z[137,2]",0,0,0,0,0,0,0,NA,1,1,1
"z[138,2]",0,0,0,0,0,0,0,NA,1,1,1
"z[139,2]",0,0,0,0,0,0,0,NA,1,1,1
"z[140,2]",0,0,0,0,0,0,0,NA,1,1,1
"z[141,2]",0,0,0,0,0,0,0,NA,1,1,1
"z[142,2]",0,0,0,0,0,0,0,NA,1,1,1
"z[143,2]",0,0,0,0,0,0,0,NA,1,1,1
"z[144,2]",0,0,0,0,0,0,0,NA,1,1,1
"z[145,2]",0,0,0,0,0,0,0,NA,1,1,1
"z[146,2]",0,0,0,0,0,0,0,NA,1,1,1
"z[147,2]",0,0,0,0,0,0,0,NA,1,1,1
"z[148,2]",0,0,0,0,0,0,0,NA,1,1,1
"z[149,2]",0,0,0,0,0,0,0,NA,1,1,1
"z[150,2]",0,0,0,0,0,0,0,NA,1,1,1
"z[151,2]",0,0,0,0,0,0,0,NA,1,1,1
"z[152,2]",0,0,0,0,0,0,0,NA,1,1,1
"z[153,2]",0,0,0,0,0,0,0,NA,1,1,1
"z[154,2]",0,0,0,0,0,0,0,NA,1,1,1
"z[155,2]",1,0,1,1,1,1,1,NA,1,0,1
"z[156,2]",1,0,1,1,1,1,1,NA,1,0,1
"z[157,2]",1,0,1,1,1,1,1,NA,1,0,1
"z[158,2]",0,0,0,0,0,0,0,NA,1,1,1
"z[159,2]",0,0,0,0,0,0,0,NA,1,1,1
"z[160,2]",0,0,0,0,0,0,0,NA,1,1,1
"z[161,2]",0,0,0,0,0,0,0,NA,1,1,1
"z[162,2]",0,0,0,0,0,0,0,NA,1,1,1
"z[163,2]",0,0,0,0,0,0,0,NA,1,1,1
"z[164,2]",0,0,0,0,0,0,0,NA,1,1,1
"z[165,2]",0,0,0,0,0,0,0,NA,1,1,1
"z[166,2]",0,0,0,0,0,0,0,NA,1,1,1
"z[167,2]",0,0,0,0,0,0,0,NA,1,1,1
"z[168,2]",0,0,0,0,0,0,0,NA,1,1,1
"z[169,2]",0,0,0,0,0,0,0,NA,1,1,1
"z[170,2]",0,0,0,0,0,0,0,NA,1,1,1
"z[171,2]",0,0,0,0,0,0,0,NA,1,1,1
"z[172,2]",0,0,0,0,0,0,0,NA,1,1,1
"z[173,2]",0,0,0,0,0,0,0,NA,1,1,1
"z[174,2]",0.0288888888888889,0.167512855228826,0,0,0,0,1,0.999792003463521,4500,1,1
"z[175,2]",0.00311111111111111,0.0556966916350484,0,0,0,0,0,1.03148234445217,4500,1,1
"z[176,2]",0.0635555555555556,0.243986630137708,0,0,0,0,1,1.00496985233888,1581,1,1
"z[177,2]",0.151555555555556,0.35862940517766,0,0,0,0,1,1.00067306185712,3853,1,1
"z[178,2]",0,0,0,0,0,0,0,NA,1,1,1
"z[179,2]",0,0,0,0,0,0,0,NA,1,1,1
"z[180,2]",0,0,0,0,0,0,0,NA,1,1,1
"z[181,2]",0,0,0,0,0,0,0,NA,1,1,1
"z[182,2]",0,0,0,0,0,0,0,NA,1,1,1
"z[183,2]",0,0,0,0,0,0,0,NA,1,1,1
"z[184,2]",0,0,0,0,0,0,0,NA,1,1,1
"z[185,2]",0,0,0,0,0,0,0,NA,1,1,1
"z[1,3]",1,0,1,1,1,1,1,NA,1,0,1
"z[2,3]",0.0702222222222222,0.255549553077657,0,0,0,0,1,1.0003832470744,4500,1,1
"z[3,3]",0.0248888888888889,0.155803807734777,0,0,0,0,0,1.00121438115546,4500,1,1
"z[4,3]",0.0466666666666667,0.210947333488984,0,0,0,0,1,1.0003762250586,4500,1,1
"z[5,3]",0,0,0,0,0,0,0,NA,1,1,1
"z[6,3]",0,0,0,0,0,0,0,NA,1,1,1
"z[7,3]",0,0,0,0,0,0,0,NA,1,1,1
"z[8,3]",0,0,0,0,0,0,0,NA,1,1,1
"z[9,3]",0,0,0,0,0,0,0,NA,1,1,1
"z[10,3]",0,0,0,0,0,0,0,NA,1,1,1
"z[11,3]",0,0,0,0,0,0,0,NA,1,1,1
"z[12,3]",0,0,0,0,0,0,0,NA,1,1,1
"z[13,3]",0,0,0,0,0,0,0,NA,1,1,1
"z[14,3]",0,0,0,0,0,0,0,NA,1,1,1
"z[15,3]",0,0,0,0,0,0,0,NA,1,1,1
"z[16,3]",0,0,0,0,0,0,0,NA,1,1,1
"z[17,3]",0,0,0,0,0,0,0,NA,1,1,1
"z[18,3]",0,0,0,0,0,0,0,NA,1,1,1
"z[19,3]",0,0,0,0,0,0,0,NA,1,1,1
"z[20,3]",0,0,0,0,0,0,0,NA,1,1,1
"z[21,3]",0,0,0,0,0,0,0,NA,1,1,1
"z[22,3]",0,0,0,0,0,0,0,NA,1,1,1
"z[23,3]",0,0,0,0,0,0,0,NA,1,1,1
"z[24,3]",0,0,0,0,0,0,0,NA,1,1,1
"z[25,3]",0,0,0,0,0,0,0,NA,1,1,1
"z[26,3]",0,0,0,0,0,0,0,NA,1,1,1
"z[27,3]",0,0,0,0,0,0,0,NA,1,1,1
"z[28,3]",0.811333333333333,0.391287080054478,0,1,1,1,1,0.999695054382822,4500,1,1
"z[29,3]",0.632444444444444,0.482193050608748,0,0,1,1,1,1.00097855094845,1642,1,1
"z[30,3]",0,0,0,0,0,0,0,NA,1,1,1
"z[31,3]",0,0,0,0,0,0,0,NA,1,1,1
"z[32,3]",0,0,0,0,0,0,0,NA,1,1,1
"z[33,3]",0,0,0,0,0,0,0,NA,1,1,1
"z[34,3]",0,0,0,0,0,0,0,NA,1,1,1
"z[35,3]",0,0,0,0,0,0,0,NA,1,1,1
"z[36,3]",0,0,0,0,0,0,0,NA,1,1,1
"z[37,3]",0,0,0,0,0,0,0,NA,1,1,1
"z[38,3]",0,0,0,0,0,0,0,NA,1,1,1
"z[39,3]",0,0,0,0,0,0,0,NA,1,1,1
"z[40,3]",0,0,0,0,0,0,0,NA,1,1,1
"z[41,3]",0,0,0,0,0,0,0,NA,1,1,1
"z[42,3]",0,0,0,0,0,0,0,NA,1,1,1
"z[43,3]",0,0,0,0,0,0,0,NA,1,1,1
"z[44,3]",0,0,0,0,0,0,0,NA,1,1,1
"z[45,3]",0,0,0,0,0,0,0,NA,1,1,1
"z[46,3]",0,0,0,0,0,0,0,NA,1,1,1
"z[47,3]",0,0,0,0,0,0,0,NA,1,1,1
"z[48,3]",0,0,0,0,0,0,0,NA,1,1,1
"z[49,3]",0,0,0,0,0,0,0,NA,1,1,1
"z[50,3]",0,0,0,0,0,0,0,NA,1,1,1
"z[51,3]",0,0,0,0,0,0,0,NA,1,1,1
"z[52,3]",0,0,0,0,0,0,0,NA,1,1,1
"z[53,3]",0,0,0,0,0,0,0,NA,1,1,1
"z[54,3]",0,0,0,0,0,0,0,NA,1,1,1
"z[55,3]",0,0,0,0,0,0,0,NA,1,1,1
"z[56,3]",0,0,0,0,0,0,0,NA,1,1,1
"z[57,3]",0.0186666666666667,0.1353598679191,0,0,0,0,0,1.00580141664086,4417,1,1
"z[58,3]",0.0104444444444444,0.10167426066326,0,0,0,0,0,1.03725268270953,1218,1,1
"z[59,3]",0,0,0,0,0,0,0,NA,1,1,1
"z[60,3]",0,0,0,0,0,0,0,NA,1,1,1
"z[61,3]",0,0,0,0,0,0,0,NA,1,1,1
"z[62,3]",0,0,0,0,0,0,0,NA,1,1,1
"z[63,3]",0,0,0,0,0,0,0,NA,1,1,1
"z[64,3]",0,0,0,0,0,0,0,NA,1,1,1
"z[65,3]",0,0,0,0,0,0,0,NA,1,1,1
"z[66,3]",0,0,0,0,0,0,0,NA,1,1,1
"z[67,3]",0,0,0,0,0,0,0,NA,1,1,1
"z[68,3]",0,0,0,0,0,0,0,NA,1,1,1
"z[69,3]",1,0,1,1,1,1,1,NA,1,0,1
"z[70,3]",0.0102222222222222,0.100598097789677,0,0,0,0,0,1.00421936165026,4500,1,1
"z[71,3]",1,0,1,1,1,1,1,NA,1,0,1
"z[72,3]",0.014,0.11750348180963,0,0,0,0,0,1.00121770552693,4500,1,1
"z[73,3]",0,0,0,0,0,0,0,NA,1,1,1
"z[74,3]",0,0,0,0,0,0,0,NA,1,1,1
"z[75,3]",0,0,0,0,0,0,0,NA,1,1,1
"z[76,3]",0,0,0,0,0,0,0,NA,1,1,1
"z[77,3]",0,0,0,0,0,0,0,NA,1,1,1
"z[78,3]",0,0,0,0,0,0,0,NA,1,1,1
"z[79,3]",0,0,0,0,0,0,0,NA,1,1,1
"z[80,3]",0,0,0,0,0,0,0,NA,1,1,1
"z[81,3]",0.008,0.08909412970305,0,0,0,0,0,1.00084038940263,4500,1,1
"z[82,3]",0.0348888888888889,0.183518768996536,0,0,0,0,1,1.0011213855399,4500,1,1
"z[83,3]",0.00822222222222222,0.0903129549063228,0,0,0,0,0,1.03190299297567,1816,1,1
"z[84,3]",0.0646666666666667,0.245964088766797,0,0,0,0,1,1.00065610871987,4500,1,1
"z[85,3]",0.0164444444444444,0.127191272176836,0,0,0,0,0,1.00145460629491,4500,1,1
"z[86,3]",0,0,0,0,0,0,0,NA,1,1,1
"z[87,3]",0,0,0,0,0,0,0,NA,1,1,1
"z[88,3]",0,0,0,0,0,0,0,NA,1,1,1
"z[89,3]",0,0,0,0,0,0,0,NA,1,1,1
"z[90,3]",0,0,0,0,0,0,0,NA,1,1,1
"z[91,3]",0,0,0,0,0,0,0,NA,1,1,1
"z[92,3]",0,0,0,0,0,0,0,NA,1,1,1
"z[93,3]",0,0,0,0,0,0,0,NA,1,1,1
"z[94,3]",0,0,0,0,0,0,0,NA,1,1,1
"z[95,3]",0.0226666666666667,0.148855006121055,0,0,0,0,0,1.00162430737879,4500,1,1
"z[96,3]",0.0577777777777778,0.233348680154498,0,0,0,0,1,1.00042380309594,4500,1,1
"z[97,3]",0.0235555555555556,0.151676642100424,0,0,0,0,0,1.00540097845936,3757,1,1
"z[98,3]",0.0797777777777778,0.270978968999202,0,0,0,0,1,0.999726166355839,4500,1,1
"z[99,3]",0,0,0,0,0,0,0,NA,1,1,1
"z[100,3]",0,0,0,0,0,0,0,NA,1,1,1
"z[101,3]",0,0,0,0,0,0,0,NA,1,1,1
"z[102,3]",0,0,0,0,0,0,0,NA,1,1,1
"z[103,3]",0,0,0,0,0,0,0,NA,1,1,1
"z[104,3]",0,0,0,0,0,0,0,NA,1,1,1
"z[105,3]",0,0,0,0,0,0,0,NA,1,1,1
"z[106,3]",0,0,0,0,0,0,0,NA,1,1,1
"z[107,3]",0,0,0,0,0,0,0,NA,1,1,1
"z[108,3]",0,0,0,0,0,0,0,NA,1,1,1
"z[109,3]",0,0,0,0,0,0,0,NA,1,1,1
"z[110,3]",0,0,0,0,0,0,0,NA,1,1,1
"z[111,3]",0,0,0,0,0,0,0,NA,1,1,1
"z[112,3]",0,0,0,0,0,0,0,NA,1,1,1
"z[113,3]",0,0,0,0,0,0,0,NA,1,1,1
"z[114,3]",0,0,0,0,0,0,0,NA,1,1,1
"z[115,3]",0,0,0,0,0,0,0,NA,1,1,1
"z[116,3]",0,0,0,0,0,0,0,NA,1,1,1
"z[117,3]",0,0,0,0,0,0,0,NA,1,1,1
"z[118,3]",0,0,0,0,0,0,0,NA,1,1,1
"z[119,3]",0,0,0,0,0,0,0,NA,1,1,1
"z[120,3]",0,0,0,0,0,0,0,NA,1,1,1
"z[121,3]",0,0,0,0,0,0,0,NA,1,1,1
"z[122,3]",0,0,0,0,0,0,0,NA,1,1,1
"z[123,3]",0,0,0,0,0,0,0,NA,1,1,1
"z[124,3]",0,0,0,0,0,0,0,NA,1,1,1
"z[125,3]",0.930888888888889,0.253671175391235,0,1,1,1,1,1.00011983731563,4500,1,1
"z[126,3]",1,0,1,1,1,1,1,NA,1,0,1
"z[127,3]",0,0,0,0,0,0,0,NA,1,1,1
"z[128,3]",0,0,0,0,0,0,0,NA,1,1,1
"z[129,3]",0,0,0,0,0,0,0,NA,1,1,1
"z[130,3]",0,0,0,0,0,0,0,NA,1,1,1
"z[131,3]",0.170222222222222,0.375869674751524,0,0,0,0,1,0.999779098882836,4500,1,1
"z[132,3]",0.203333333333333,0.402523160105083,0,0,0,0,1,1.00004148701688,4500,1,1
"z[133,3]",0.165555555555556,0.371722503647495,0,0,0,0,1,0.9999473227848,4500,1,1
"z[134,3]",0,0,0,0,0,0,0,NA,1,1,1
"z[135,3]",0,0,0,0,0,0,0,NA,1,1,1
"z[136,3]",0,0,0,0,0,0,0,NA,1,1,1
"z[137,3]",0,0,0,0,0,0,0,NA,1,1,1
"z[138,3]",0,0,0,0,0,0,0,NA,1,1,1
"z[139,3]",0,0,0,0,0,0,0,NA,1,1,1
"z[140,3]",0,0,0,0,0,0,0,NA,1,1,1
"z[141,3]",0,0,0,0,0,0,0,NA,1,1,1
"z[142,3]",0,0,0,0,0,0,0,NA,1,1,1
"z[143,3]",0,0,0,0,0,0,0,NA,1,1,1
"z[144,3]",0,0,0,0,0,0,0,NA,1,1,1
"z[145,3]",0,0,0,0,0,0,0,NA,1,1,1
"z[146,3]",0,0,0,0,0,0,0,NA,1,1,1
"z[147,3]",0,0,0,0,0,0,0,NA,1,1,1
"z[148,3]",0,0,0,0,0,0,0,NA,1,1,1
"z[149,3]",0,0,0,0,0,0,0,NA,1,1,1
"z[150,3]",0,0,0,0,0,0,0,NA,1,1,1
"z[151,3]",0,0,0,0,0,0,0,NA,1,1,1
"z[152,3]",0,0,0,0,0,0,0,NA,1,1,1
"z[153,3]",0,0,0,0,0,0,0,NA,1,1,1
"z[154,3]",0,0,0,0,0,0,0,NA,1,1,1
"z[155,3]",1,0,1,1,1,1,1,NA,1,0,1
"z[156,3]",1,0,1,1,1,1,1,NA,1,0,1
"z[157,3]",1,0,1,1,1,1,1,NA,1,0,1
"z[158,3]",0,0,0,0,0,0,0,NA,1,1,1
"z[159,3]",0,0,0,0,0,0,0,NA,1,1,1
"z[160,3]",0,0,0,0,0,0,0,NA,1,1,1
"z[161,3]",0,0,0,0,0,0,0,NA,1,1,1
"z[162,3]",0,0,0,0,0,0,0,NA,1,1,1
"z[163,3]",0,0,0,0,0,0,0,NA,1,1,1
"z[164,3]",0,0,0,0,0,0,0,NA,1,1,1
"z[165,3]",0,0,0,0,0,0,0,NA,1,1,1
"z[166,3]",0,0,0,0,0,0,0,NA,1,1,1
"z[167,3]",0,0,0,0,0,0,0,NA,1,1,1
"z[168,3]",0,0,0,0,0,0,0,NA,1,1,1
"z[169,3]",0,0,0,0,0,0,0,NA,1,1,1
"z[170,3]",0,0,0,0,0,0,0,NA,1,1,1
"z[171,3]",0,0,0,0,0,0,0,NA,1,1,1
"z[172,3]",0,0,0,0,0,0,0,NA,1,1,1
"z[173,3]",0,0,0,0,0,0,0,NA,1,1,1
"z[174,3]",0.148,0.355139448050594,0,0,0,0,1,1.00081531972527,3447,1,1
"z[175,3]",0.01,0.0995098009695405,0,0,0,0,0,NA,4500,1,1
"z[176,3]",0.0633333333333333,0.243588603732636,0,0,0,0,1,1.00673808184399,1189,1,1
"z[177,3]",1,0,1,1,1,1,1,NA,1,0,1
"z[178,3]",0,0,0,0,0,0,0,NA,1,1,1
"z[179,3]",0,0,0,0,0,0,0,NA,1,1,1
"z[180,3]",0,0,0,0,0,0,0,NA,1,1,1
"z[181,3]",0,0,0,0,0,0,0,NA,1,1,1
"z[182,3]",0,0,0,0,0,0,0,NA,1,1,1
"z[183,3]",0,0,0,0,0,0,0,NA,1,1,1
"z[184,3]",0,0,0,0,0,0,0,NA,1,1,1
"z[185,3]",0,0,0,0,0,0,0,NA,1,1,1
"z[1,4]",1,0,1,1,1,1,1,NA,1,0,1
"z[2,4]",1,0,1,1,1,1,1,NA,1,0,1
"z[3,4]",0.0228888888888889,0.149565901047889,0,0,0,0,0,1.00850747881407,2503,1,1
"z[4,4]",1,0,1,1,1,1,1,NA,1,0,1
"z[5,4]",0,0,0,0,0,0,0,NA,1,1,1
"z[6,4]",0,0,0,0,0,0,0,NA,1,1,1
"z[7,4]",0,0,0,0,0,0,0,NA,1,1,1
"z[8,4]",0,0,0,0,0,0,0,NA,1,1,1
"z[9,4]",0,0,0,0,0,0,0,NA,1,1,1
"z[10,4]",0,0,0,0,0,0,0,NA,1,1,1
"z[11,4]",0,0,0,0,0,0,0,NA,1,1,1
"z[12,4]",0,0,0,0,0,0,0,NA,1,1,1
"z[13,4]",0,0,0,0,0,0,0,NA,1,1,1
"z[14,4]",0,0,0,0,0,0,0,NA,1,1,1
"z[15,4]",0,0,0,0,0,0,0,NA,1,1,1
"z[16,4]",0,0,0,0,0,0,0,NA,1,1,1
"z[17,4]",0,0,0,0,0,0,0,NA,1,1,1
"z[18,4]",0,0,0,0,0,0,0,NA,1,1,1
"z[19,4]",0,0,0,0,0,0,0,NA,1,1,1
"z[20,4]",0,0,0,0,0,0,0,NA,1,1,1
"z[21,4]",0,0,0,0,0,0,0,NA,1,1,1
"z[22,4]",0,0,0,0,0,0,0,NA,1,1,1
"z[23,4]",0,0,0,0,0,0,0,NA,1,1,1
"z[24,4]",0,0,0,0,0,0,0,NA,1,1,1
"z[25,4]",0,0,0,0,0,0,0,NA,1,1,1
"z[26,4]",0,0,0,0,0,0,0,NA,1,1,1
"z[27,4]",0,0,0,0,0,0,0,NA,1,1,1
"z[28,4]",1,0,1,1,1,1,1,NA,1,0,1
"z[29,4]",1,0,1,1,1,1,1,NA,1,0,1
"z[30,4]",0,0,0,0,0,0,0,NA,1,1,1
"z[31,4]",0,0,0,0,0,0,0,NA,1,1,1
"z[32,4]",0,0,0,0,0,0,0,NA,1,1,1
"z[33,4]",0,0,0,0,0,0,0,NA,1,1,1
"z[34,4]",0,0,0,0,0,0,0,NA,1,1,1
"z[35,4]",0,0,0,0,0,0,0,NA,1,1,1
"z[36,4]",0,0,0,0,0,0,0,NA,1,1,1
"z[37,4]",0,0,0,0,0,0,0,NA,1,1,1
"z[38,4]",0,0,0,0,0,0,0,NA,1,1,1
"z[39,4]",0,0,0,0,0,0,0,NA,1,1,1
"z[40,4]",0,0,0,0,0,0,0,NA,1,1,1
"z[41,4]",0,0,0,0,0,0,0,NA,1,1,1
"z[42,4]",0,0,0,0,0,0,0,NA,1,1,1
"z[43,4]",0,0,0,0,0,0,0,NA,1,1,1
"z[44,4]",0,0,0,0,0,0,0,NA,1,1,1
"z[45,4]",0,0,0,0,0,0,0,NA,1,1,1
"z[46,4]",0,0,0,0,0,0,0,NA,1,1,1
"z[47,4]",0,0,0,0,0,0,0,NA,1,1,1
"z[48,4]",0,0,0,0,0,0,0,NA,1,1,1
"z[49,4]",0,0,0,0,0,0,0,NA,1,1,1
"z[50,4]",0,0,0,0,0,0,0,NA,1,1,1
"z[51,4]",0,0,0,0,0,0,0,NA,1,1,1
"z[52,4]",0,0,0,0,0,0,0,NA,1,1,1
"z[53,4]",0,0,0,0,0,0,0,NA,1,1,1
"z[54,4]",0,0,0,0,0,0,0,NA,1,1,1
"z[55,4]",0,0,0,0,0,0,0,NA,1,1,1
"z[56,4]",0,0,0,0,0,0,0,NA,1,1,1
"z[57,4]",0.0255555555555556,0.157822698772571,0,0,0,0,1,1.0007790565298,4500,1,1
"z[58,4]",0.0193333333333333,0.137709003796433,0,0,0,0,0,1.00233661430881,4500,1,1
"z[59,4]",0,0,0,0,0,0,0,NA,1,1,1
"z[60,4]",0,0,0,0,0,0,0,NA,1,1,1
"z[61,4]",0,0,0,0,0,0,0,NA,1,1,1
"z[62,4]",0,0,0,0,0,0,0,NA,1,1,1
"z[63,4]",0,0,0,0,0,0,0,NA,1,1,1
"z[64,4]",0,0,0,0,0,0,0,NA,1,1,1
"z[65,4]",0,0,0,0,0,0,0,NA,1,1,1
"z[66,4]",0,0,0,0,0,0,0,NA,1,1,1
"z[67,4]",0,0,0,0,0,0,0,NA,1,1,1
"z[68,4]",0,0,0,0,0,0,0,NA,1,1,1
"z[69,4]",0.205555555555556,0.404151910349933,0,0,0,0,1,1.00225293631002,1191,1,1
"z[70,4]",0.0431111111111111,0.203129792200249,0,0,0,0,1,1.00643616799261,1782,1,1
"z[71,4]",0.232222222222222,0.422296923573775,0,0,0,0,1,1.00074856666335,2593,1,1
"z[72,4]",0.117333333333333,0.321852826698461,0,0,0,0,1,1.00000527565555,4500,1,1
"z[73,4]",0,0,0,0,0,0,0,NA,1,1,1
"z[74,4]",0,0,0,0,0,0,0,NA,1,1,1
"z[75,4]",0,0,0,0,0,0,0,NA,1,1,1
"z[76,4]",0,0,0,0,0,0,0,NA,1,1,1
"z[77,4]",0,0,0,0,0,0,0,NA,1,1,1
"z[78,4]",0,0,0,0,0,0,0,NA,1,1,1
"z[79,4]",0,0,0,0,0,0,0,NA,1,1,1
"z[80,4]",0,0,0,0,0,0,0,NA,1,1,1
"z[81,4]",0.0231111111111111,0.150273104306291,0,0,0,0,0,1.02233340467734,951,1,1
"z[82,4]",0.0382222222222222,0.191753630840733,0,0,0,0,1,1.00105194608888,4500,1,1
"z[83,4]",0.0113333333333333,0.105864911172911,0,0,0,0,0,1.01183353447202,3603,1,1
"z[84,4]",1,0,1,1,1,1,1,NA,1,0,1
"z[85,4]",0.0317777777777778,0.175427447850631,0,0,0,0,1,1.00094274015766,4500,1,1
"z[86,4]",0,0,0,0,0,0,0,NA,1,1,1
"z[87,4]",0,0,0,0,0,0,0,NA,1,1,1
"z[88,4]",0,0,0,0,0,0,0,NA,1,1,1
"z[89,4]",0,0,0,0,0,0,0,NA,1,1,1
"z[90,4]",0,0,0,0,0,0,0,NA,1,1,1
"z[91,4]",0,0,0,0,0,0,0,NA,1,1,1
"z[92,4]",0,0,0,0,0,0,0,NA,1,1,1
"z[93,4]",0,0,0,0,0,0,0,NA,1,1,1
"z[94,4]",0,0,0,0,0,0,0,NA,1,1,1
"z[95,4]",1,0,1,1,1,1,1,NA,1,0,1
"z[96,4]",0.131111111111111,0.337559341533209,0,0,0,0,1,1.00343126919847,1169,1,1
"z[97,4]",0.0502222222222222,0.218427454690079,0,0,0,0,1,0.999970152600994,4500,1,1
"z[98,4]",0.179555555555556,0.383859482164201,0,0,0,0,1,1.00030387439698,4500,1,1
"z[99,4]",0,0,0,0,0,0,0,NA,1,1,1
"z[100,4]",0,0,0,0,0,0,0,NA,1,1,1
"z[101,4]",0,0,0,0,0,0,0,NA,1,1,1
"z[102,4]",0,0,0,0,0,0,0,NA,1,1,1
"z[103,4]",0,0,0,0,0,0,0,NA,1,1,1
"z[104,4]",0,0,0,0,0,0,0,NA,1,1,1
"z[105,4]",0,0,0,0,0,0,0,NA,1,1,1
"z[106,4]",0,0,0,0,0,0,0,NA,1,1,1
"z[107,4]",0,0,0,0,0,0,0,NA,1,1,1
"z[108,4]",0,0,0,0,0,0,0,NA,1,1,1
"z[109,4]",0,0,0,0,0,0,0,NA,1,1,1
"z[110,4]",0,0,0,0,0,0,0,NA,1,1,1
"z[111,4]",0,0,0,0,0,0,0,NA,1,1,1
"z[112,4]",0,0,0,0,0,0,0,NA,1,1,1
"z[113,4]",0,0,0,0,0,0,0,NA,1,1,1
"z[114,4]",0,0,0,0,0,0,0,NA,1,1,1
"z[115,4]",0,0,0,0,0,0,0,NA,1,1,1
"z[116,4]",0,0,0,0,0,0,0,NA,1,1,1
"z[117,4]",0,0,0,0,0,0,0,NA,1,1,1
"z[118,4]",0,0,0,0,0,0,0,NA,1,1,1
"z[119,4]",0,0,0,0,0,0,0,NA,1,1,1
"z[120,4]",0,0,0,0,0,0,0,NA,1,1,1
"z[121,4]",0,0,0,0,0,0,0,NA,1,1,1
"z[122,4]",0,0,0,0,0,0,0,NA,1,1,1
"z[123,4]",0,0,0,0,0,0,0,NA,1,1,1
"z[124,4]",0,0,0,0,0,0,0,NA,1,1,1
"z[125,4]",1,0,1,1,1,1,1,NA,1,0,1
"z[126,4]",1,0,1,1,1,1,1,NA,1,0,1
"z[127,4]",0,0,0,0,0,0,0,NA,1,1,1
"z[128,4]",0,0,0,0,0,0,0,NA,1,1,1
"z[129,4]",0,0,0,0,0,0,0,NA,1,1,1
"z[130,4]",0,0,0,0,0,0,0,NA,1,1,1
"z[131,4]",0.266444444444444,0.442148443237228,0,0,0,1,1,0.999884522484299,4500,1,1
"z[132,4]",0.283777777777778,0.450880390866246,0,0,0,1,1,0.999821247255419,4500,1,1
"z[133,4]",0.189333333333333,0.391816714616485,0,0,0,0,1,0.999820485023104,4500,1,1
"z[134,4]",0,0,0,0,0,0,0,NA,1,1,1
"z[135,4]",0,0,0,0,0,0,0,NA,1,1,1
"z[136,4]",0,0,0,0,0,0,0,NA,1,1,1
"z[137,4]",0,0,0,0,0,0,0,NA,1,1,1
"z[138,4]",0,0,0,0,0,0,0,NA,1,1,1
"z[139,4]",0,0,0,0,0,0,0,NA,1,1,1
"z[140,4]",0,0,0,0,0,0,0,NA,1,1,1
"z[141,4]",0,0,0,0,0,0,0,NA,1,1,1
"z[142,4]",0,0,0,0,0,0,0,NA,1,1,1
"z[143,4]",0,0,0,0,0,0,0,NA,1,1,1
"z[144,4]",0,0,0,0,0,0,0,NA,1,1,1
"z[145,4]",0,0,0,0,0,0,0,NA,1,1,1
"z[146,4]",0,0,0,0,0,0,0,NA,1,1,1
"z[147,4]",0,0,0,0,0,0,0,NA,1,1,1
"z[148,4]",0,0,0,0,0,0,0,NA,1,1,1
"z[149,4]",0,0,0,0,0,0,0,NA,1,1,1
"z[150,4]",0,0,0,0,0,0,0,NA,1,1,1
"z[151,4]",0,0,0,0,0,0,0,NA,1,1,1
"z[152,4]",0,0,0,0,0,0,0,NA,1,1,1
"z[153,4]",0,0,0,0,0,0,0,NA,1,1,1
"z[154,4]",0,0,0,0,0,0,0,NA,1,1,1
"z[155,4]",1,0,1,1,1,1,1,NA,1,0,1
"z[156,4]",1,0,1,1,1,1,1,NA,1,0,1
"z[157,4]",1,0,1,1,1,1,1,NA,1,0,1
"z[158,4]",0,0,0,0,0,0,0,NA,1,1,1
"z[159,4]",0,0,0,0,0,0,0,NA,1,1,1
"z[160,4]",0,0,0,0,0,0,0,NA,1,1,1
"z[161,4]",0,0,0,0,0,0,0,NA,1,1,1
"z[162,4]",0,0,0,0,0,0,0,NA,1,1,1
"z[163,4]",0,0,0,0,0,0,0,NA,1,1,1
"z[164,4]",0,0,0,0,0,0,0,NA,1,1,1
"z[165,4]",0,0,0,0,0,0,0,NA,1,1,1
"z[166,4]",0,0,0,0,0,0,0,NA,1,1,1
"z[167,4]",0,0,0,0,0,0,0,NA,1,1,1
"z[168,4]",0,0,0,0,0,0,0,NA,1,1,1
"z[169,4]",0,0,0,0,0,0,0,NA,1,1,1
"z[170,4]",0,0,0,0,0,0,0,NA,1,1,1
"z[171,4]",0,0,0,0,0,0,0,NA,1,1,1
"z[172,4]",0,0,0,0,0,0,0,NA,1,1,1
"z[173,4]",0,0,0,0,0,0,0,NA,1,1,1
"z[174,4]",0.0122222222222222,0.109888684384328,0,0,0,0,0,1.00686903519967,4500,1,1
"z[175,4]",0.110888888888889,0.314029389601949,0,0,0,0,1,1.00068720772438,4500,1,1
"z[176,4]",0.0653333333333333,0.247140571093493,0,0,0,0,1,1.00087456639147,4500,1,1
"z[177,4]",1,0,1,1,1,1,1,NA,1,0,1
"z[178,4]",0,0,0,0,0,0,0,NA,1,1,1
"z[179,4]",0,0,0,0,0,0,0,NA,1,1,1
"z[180,4]",0,0,0,0,0,0,0,NA,1,1,1
"z[181,4]",0,0,0,0,0,0,0,NA,1,1,1
"z[182,4]",0,0,0,0,0,0,0,NA,1,1,1
"z[183,4]",0,0,0,0,0,0,0,NA,1,1,1
"z[184,4]",0,0,0,0,0,0,0,NA,1,1,1
"z[185,4]",0,0,0,0,0,0,0,NA,1,1,1
"z[1,5]",1,0,1,1,1,1,1,NA,1,0,1
"z[2,5]",0.171333333333333,0.376841850052645,0,0,0,0,1,1.0008865597875,2896,1,1
"z[3,5]",0.0173333333333333,0.130524613834426,0,0,0,0,0,1.00297180826674,4500,1,1
"z[4,5]",0.0837777777777778,0.277085046671742,0,0,0,0,1,1.00132747618875,3916,1,1
"z[5,5]",0,0,0,0,0,0,0,NA,1,1,1
"z[6,5]",0,0,0,0,0,0,0,NA,1,1,1
"z[7,5]",0,0,0,0,0,0,0,NA,1,1,1
"z[8,5]",0,0,0,0,0,0,0,NA,1,1,1
"z[9,5]",0,0,0,0,0,0,0,NA,1,1,1
"z[10,5]",0,0,0,0,0,0,0,NA,1,1,1
"z[11,5]",0,0,0,0,0,0,0,NA,1,1,1
"z[12,5]",0,0,0,0,0,0,0,NA,1,1,1
"z[13,5]",0,0,0,0,0,0,0,NA,1,1,1
"z[14,5]",0,0,0,0,0,0,0,NA,1,1,1
"z[15,5]",0,0,0,0,0,0,0,NA,1,1,1
"z[16,5]",0,0,0,0,0,0,0,NA,1,1,1
"z[17,5]",0,0,0,0,0,0,0,NA,1,1,1
"z[18,5]",0,0,0,0,0,0,0,NA,1,1,1
"z[19,5]",0,0,0,0,0,0,0,NA,1,1,1
"z[20,5]",0,0,0,0,0,0,0,NA,1,1,1
"z[21,5]",0,0,0,0,0,0,0,NA,1,1,1
"z[22,5]",0,0,0,0,0,0,0,NA,1,1,1
"z[23,5]",0,0,0,0,0,0,0,NA,1,1,1
"z[24,5]",0,0,0,0,0,0,0,NA,1,1,1
"z[25,5]",0,0,0,0,0,0,0,NA,1,1,1
"z[26,5]",0,0,0,0,0,0,0,NA,1,1,1
"z[27,5]",0,0,0,0,0,0,0,NA,1,1,1
"z[28,5]",1,0,1,1,1,1,1,NA,1,0,1
"z[29,5]",0.592666666666667,0.491392458348523,0,0,1,1,1,0.999721245526755,4500,1,1
"z[30,5]",0,0,0,0,0,0,0,NA,1,1,1
"z[31,5]",0,0,0,0,0,0,0,NA,1,1,1
"z[32,5]",0,0,0,0,0,0,0,NA,1,1,1
"z[33,5]",0,0,0,0,0,0,0,NA,1,1,1
"z[34,5]",0,0,0,0,0,0,0,NA,1,1,1
"z[35,5]",0,0,0,0,0,0,0,NA,1,1,1
"z[36,5]",0,0,0,0,0,0,0,NA,1,1,1
"z[37,5]",0,0,0,0,0,0,0,NA,1,1,1
"z[38,5]",0,0,0,0,0,0,0,NA,1,1,1
"z[39,5]",0,0,0,0,0,0,0,NA,1,1,1
"z[40,5]",0,0,0,0,0,0,0,NA,1,1,1
"z[41,5]",0,0,0,0,0,0,0,NA,1,1,1
"z[42,5]",0,0,0,0,0,0,0,NA,1,1,1
"z[43,5]",0,0,0,0,0,0,0,NA,1,1,1
"z[44,5]",0,0,0,0,0,0,0,NA,1,1,1
"z[45,5]",0,0,0,0,0,0,0,NA,1,1,1
"z[46,5]",0,0,0,0,0,0,0,NA,1,1,1
"z[47,5]",0,0,0,0,0,0,0,NA,1,1,1
"z[48,5]",0,0,0,0,0,0,0,NA,1,1,1
"z[49,5]",0,0,0,0,0,0,0,NA,1,1,1
"z[50,5]",0,0,0,0,0,0,0,NA,1,1,1
"z[51,5]",0,0,0,0,0,0,0,NA,1,1,1
"z[52,5]",0,0,0,0,0,0,0,NA,1,1,1
"z[53,5]",0,0,0,0,0,0,0,NA,1,1,1
"z[54,5]",0,0,0,0,0,0,0,NA,1,1,1
"z[55,5]",0,0,0,0,0,0,0,NA,1,1,1
"z[56,5]",0,0,0,0,0,0,0,NA,1,1,1
"z[57,5]",0.0266666666666667,0.161125183440798,0,0,0,0,1,1.01462914275577,1261,1,1
"z[58,5]",0.0284444444444444,0.166257332410862,0,0,0,0,1,1.00756414372065,2267,1,1
"z[59,5]",0,0,0,0,0,0,0,NA,1,1,1
"z[60,5]",0,0,0,0,0,0,0,NA,1,1,1
"z[61,5]",0,0,0,0,0,0,0,NA,1,1,1
"z[62,5]",0,0,0,0,0,0,0,NA,1,1,1
"z[63,5]",0,0,0,0,0,0,0,NA,1,1,1
"z[64,5]",0,0,0,0,0,0,0,NA,1,1,1
"z[65,5]",0,0,0,0,0,0,0,NA,1,1,1
"z[66,5]",0,0,0,0,0,0,0,NA,1,1,1
"z[67,5]",0,0,0,0,0,0,0,NA,1,1,1
"z[68,5]",0,0,0,0,0,0,0,NA,1,1,1
"z[69,5]",0.138222222222222,0.345171429580393,0,0,0,0,1,1.00358997399313,1073,1,1
"z[70,5]",0.0393333333333333,0.194408387233923,0,0,0,0,1,1.00904921678687,1395,1,1
"z[71,5]",0.142444444444444,0.349544240495844,0,0,0,0,1,1.00083613961742,3490,1,1
"z[72,5]",0.314222222222222,0.464256948082182,0,0,0,1,1,0.999949180289216,4500,1,1
"z[73,5]",0,0,0,0,0,0,0,NA,1,1,1
"z[74,5]",0,0,0,0,0,0,0,NA,1,1,1
"z[75,5]",0,0,0,0,0,0,0,NA,1,1,1
"z[76,5]",0,0,0,0,0,0,0,NA,1,1,1
"z[77,5]",0,0,0,0,0,0,0,NA,1,1,1
"z[78,5]",0,0,0,0,0,0,0,NA,1,1,1
"z[79,5]",0,0,0,0,0,0,0,NA,1,1,1
"z[80,5]",0,0,0,0,0,0,0,NA,1,1,1
"z[81,5]",0.012,0.108897361089598,0,0,0,0,0,1.01055433314637,3812,1,1
"z[82,5]",0.0304444444444444,0.171825903655918,0,0,0,0,1,1.00105293474975,4500,1,1
"z[83,5]",0.00955555555555555,0.0972951722699289,0,0,0,0,0,1.02385364877783,2107,1,1
"z[84,5]",0.192,0.393916846973326,0,0,0,0,1,0.999909436838464,4500,1,1
"z[85,5]",0.012,0.108897361089598,0,0,0,0,0,1.00124283458495,4500,1,1
"z[86,5]",0,0,0,0,0,0,0,NA,1,1,1
"z[87,5]",0,0,0,0,0,0,0,NA,1,1,1
"z[88,5]",0,0,0,0,0,0,0,NA,1,1,1
"z[89,5]",0,0,0,0,0,0,0,NA,1,1,1
"z[90,5]",0,0,0,0,0,0,0,NA,1,1,1
"z[91,5]",0,0,0,0,0,0,0,NA,1,1,1
"z[92,5]",0,0,0,0,0,0,0,NA,1,1,1
"z[93,5]",0,0,0,0,0,0,0,NA,1,1,1
"z[94,5]",0,0,0,0,0,0,0,NA,1,1,1
"z[95,5]",0.076,0.265027562343912,0,0,0,0,1,1.00085352232732,4500,1,1
"z[96,5]",0.0457777777777778,0.209026032222424,0,0,0,0,1,0.999912275483466,4500,1,1
"z[97,5]",0.0975555555555556,0.296745745695873,0,0,0,0,1,1.00035751935125,4500,1,1
"z[98,5]",0.124,0.329618179158867,0,0,0,0,1,1.0003492180824,4500,1,1
"z[99,5]",0,0,0,0,0,0,0,NA,1,1,1
"z[100,5]",0,0,0,0,0,0,0,NA,1,1,1
"z[101,5]",0,0,0,0,0,0,0,NA,1,1,1
"z[102,5]",0,0,0,0,0,0,0,NA,1,1,1
"z[103,5]",0,0,0,0,0,0,0,NA,1,1,1
"z[104,5]",0,0,0,0,0,0,0,NA,1,1,1
"z[105,5]",0,0,0,0,0,0,0,NA,1,1,1
"z[106,5]",0,0,0,0,0,0,0,NA,1,1,1
"z[107,5]",0,0,0,0,0,0,0,NA,1,1,1
"z[108,5]",0,0,0,0,0,0,0,NA,1,1,1
"z[109,5]",0,0,0,0,0,0,0,NA,1,1,1
"z[110,5]",0,0,0,0,0,0,0,NA,1,1,1
"z[111,5]",0,0,0,0,0,0,0,NA,1,1,1
"z[112,5]",0,0,0,0,0,0,0,NA,1,1,1
"z[113,5]",0,0,0,0,0,0,0,NA,1,1,1
"z[114,5]",0,0,0,0,0,0,0,NA,1,1,1
"z[115,5]",0,0,0,0,0,0,0,NA,1,1,1
"z[116,5]",0,0,0,0,0,0,0,NA,1,1,1
"z[117,5]",0,0,0,0,0,0,0,NA,1,1,1
"z[118,5]",0,0,0,0,0,0,0,NA,1,1,1
"z[119,5]",0,0,0,0,0,0,0,NA,1,1,1
"z[120,5]",0,0,0,0,0,0,0,NA,1,1,1
"z[121,5]",0,0,0,0,0,0,0,NA,1,1,1
"z[122,5]",0,0,0,0,0,0,0,NA,1,1,1
"z[123,5]",0,0,0,0,0,0,0,NA,1,1,1
"z[124,5]",0,0,0,0,0,0,0,NA,1,1,1
"z[125,5]",1,0,1,1,1,1,1,NA,1,0,1
"z[126,5]",1,0,1,1,1,1,1,NA,1,0,1
"z[127,5]",0,0,0,0,0,0,0,NA,1,1,1
"z[128,5]",0,0,0,0,0,0,0,NA,1,1,1
"z[129,5]",0,0,0,0,0,0,0,NA,1,1,1
"z[130,5]",0,0,0,0,0,0,0,NA,1,1,1
"z[131,5]",0.170444444444444,0.376064573555185,0,0,0,0,1,1.00124337159144,2250,1,1
"z[132,5]",0.181777777777778,0.385704131126018,0,0,0,0,1,1.00062371430189,3507,1,1
"z[133,5]",0.150888888888889,0.357980320487749,0,0,0,0,1,0.99972225594272,4500,1,1
"z[134,5]",0,0,0,0,0,0,0,NA,1,1,1
"z[135,5]",0,0,0,0,0,0,0,NA,1,1,1
"z[136,5]",0,0,0,0,0,0,0,NA,1,1,1
"z[137,5]",0,0,0,0,0,0,0,NA,1,1,1
"z[138,5]",0,0,0,0,0,0,0,NA,1,1,1
"z[139,5]",0,0,0,0,0,0,0,NA,1,1,1
"z[140,5]",0,0,0,0,0,0,0,NA,1,1,1
"z[141,5]",0,0,0,0,0,0,0,NA,1,1,1
"z[142,5]",0,0,0,0,0,0,0,NA,1,1,1
"z[143,5]",0,0,0,0,0,0,0,NA,1,1,1
"z[144,5]",0,0,0,0,0,0,0,NA,1,1,1
"z[145,5]",0,0,0,0,0,0,0,NA,1,1,1
"z[146,5]",0,0,0,0,0,0,0,NA,1,1,1
"z[147,5]",0,0,0,0,0,0,0,NA,1,1,1
"z[148,5]",0,0,0,0,0,0,0,NA,1,1,1
"z[149,5]",0,0,0,0,0,0,0,NA,1,1,1
"z[150,5]",0,0,0,0,0,0,0,NA,1,1,1
"z[151,5]",0,0,0,0,0,0,0,NA,1,1,1
"z[152,5]",0,0,0,0,0,0,0,NA,1,1,1
"z[153,5]",0,0,0,0,0,0,0,NA,1,1,1
"z[154,5]",0,0,0,0,0,0,0,NA,1,1,1
"z[155,5]",1,0,1,1,1,1,1,NA,1,0,1
"z[156,5]",1,0,1,1,1,1,1,NA,1,0,1
"z[157,5]",1,0,1,1,1,1,1,NA,1,0,1
"z[158,5]",0,0,0,0,0,0,0,NA,1,1,1
"z[159,5]",0,0,0,0,0,0,0,NA,1,1,1
"z[160,5]",0,0,0,0,0,0,0,NA,1,1,1
"z[161,5]",0,0,0,0,0,0,0,NA,1,1,1
"z[162,5]",0,0,0,0,0,0,0,NA,1,1,1
"z[163,5]",0,0,0,0,0,0,0,NA,1,1,1
"z[164,5]",0,0,0,0,0,0,0,NA,1,1,1
"z[165,5]",0,0,0,0,0,0,0,NA,1,1,1
"z[166,5]",0,0,0,0,0,0,0,NA,1,1,1
"z[167,5]",0,0,0,0,0,0,0,NA,1,1,1
"z[168,5]",0,0,0,0,0,0,0,NA,1,1,1
"z[169,5]",0,0,0,0,0,0,0,NA,1,1,1
"z[170,5]",0,0,0,0,0,0,0,NA,1,1,1
"z[171,5]",0,0,0,0,0,0,0,NA,1,1,1
"z[172,5]",0,0,0,0,0,0,0,NA,1,1,1
"z[173,5]",0,0,0,0,0,0,0,NA,1,1,1
"z[174,5]",0.00777777777777778,0.0878578356425394,0,0,0,0,0,1.00745153911102,4500,1,1
"z[175,5]",1,0,1,1,1,1,1,NA,1,0,1
"z[176,5]",0.0417777777777778,0.200103206188376,0,0,0,0,1,1.00088077180125,4500,1,1
"z[177,5]",0.651333333333333,0.476601195666825,0,0,1,1,1,0.999741254892787,4500,1,1
"z[178,5]",0,0,0,0,0,0,0,NA,1,1,1
"z[179,5]",0,0,0,0,0,0,0,NA,1,1,1
"z[180,5]",0,0,0,0,0,0,0,NA,1,1,1
"z[181,5]",0,0,0,0,0,0,0,NA,1,1,1
"z[182,5]",0,0,0,0,0,0,0,NA,1,1,1
"z[183,5]",0,0,0,0,0,0,0,NA,1,1,1
"z[184,5]",0,0,0,0,0,0,0,NA,1,1,1
"z[185,5]",0,0,0,0,0,0,0,NA,1,1,1
"z[1,6]",1,0,1,1,1,1,1,NA,1,0,1
"z[2,6]",1,0,1,1,1,1,1,NA,1,0,1
"z[3,6]",0.0277777777777778,0.164353812079863,0,0,0,0,1,1.00061347155899,4500,1,1
"z[4,6]",0.0362222222222222,0.186863405673864,0,0,0,0,1,1.00029442469858,4500,1,1
"z[5,6]",0,0,0,0,0,0,0,NA,1,1,1
"z[6,6]",0,0,0,0,0,0,0,NA,1,1,1
"z[7,6]",0,0,0,0,0,0,0,NA,1,1,1
"z[8,6]",0,0,0,0,0,0,0,NA,1,1,1
"z[9,6]",0,0,0,0,0,0,0,NA,1,1,1
"z[10,6]",0,0,0,0,0,0,0,NA,1,1,1
"z[11,6]",0,0,0,0,0,0,0,NA,1,1,1
"z[12,6]",0,0,0,0,0,0,0,NA,1,1,1
"z[13,6]",0,0,0,0,0,0,0,NA,1,1,1
"z[14,6]",0,0,0,0,0,0,0,NA,1,1,1
"z[15,6]",0,0,0,0,0,0,0,NA,1,1,1
"z[16,6]",0,0,0,0,0,0,0,NA,1,1,1
"z[17,6]",0,0,0,0,0,0,0,NA,1,1,1
"z[18,6]",0,0,0,0,0,0,0,NA,1,1,1
"z[19,6]",0,0,0,0,0,0,0,NA,1,1,1
"z[20,6]",0,0,0,0,0,0,0,NA,1,1,1
"z[21,6]",0,0,0,0,0,0,0,NA,1,1,1
"z[22,6]",0,0,0,0,0,0,0,NA,1,1,1
"z[23,6]",0,0,0,0,0,0,0,NA,1,1,1
"z[24,6]",0,0,0,0,0,0,0,NA,1,1,1
"z[25,6]",0,0,0,0,0,0,0,NA,1,1,1
"z[26,6]",0,0,0,0,0,0,0,NA,1,1,1
"z[27,6]",0,0,0,0,0,0,0,NA,1,1,1
"z[28,6]",0.810222222222222,0.392168777194373,0,1,1,1,1,1.00038899855299,4500,1,1
"z[29,6]",1,0,1,1,1,1,1,NA,1,0,1
"z[30,6]",0,0,0,0,0,0,0,NA,1,1,1
"z[31,6]",0,0,0,0,0,0,0,NA,1,1,1
"z[32,6]",0,0,0,0,0,0,0,NA,1,1,1
"z[33,6]",0,0,0,0,0,0,0,NA,1,1,1
"z[34,6]",0,0,0,0,0,0,0,NA,1,1,1
"z[35,6]",0,0,0,0,0,0,0,NA,1,1,1
"z[36,6]",0,0,0,0,0,0,0,NA,1,1,1
"z[37,6]",0,0,0,0,0,0,0,NA,1,1,1
"z[38,6]",0,0,0,0,0,0,0,NA,1,1,1
"z[39,6]",0,0,0,0,0,0,0,NA,1,1,1
"z[40,6]",0,0,0,0,0,0,0,NA,1,1,1
"z[41,6]",0,0,0,0,0,0,0,NA,1,1,1
"z[42,6]",0,0,0,0,0,0,0,NA,1,1,1
"z[43,6]",0,0,0,0,0,0,0,NA,1,1,1
"z[44,6]",0,0,0,0,0,0,0,NA,1,1,1
"z[45,6]",0,0,0,0,0,0,0,NA,1,1,1
"z[46,6]",0,0,0,0,0,0,0,NA,1,1,1
"z[47,6]",0,0,0,0,0,0,0,NA,1,1,1
"z[48,6]",0,0,0,0,0,0,0,NA,1,1,1
"z[49,6]",0,0,0,0,0,0,0,NA,1,1,1
"z[50,6]",0,0,0,0,0,0,0,NA,1,1,1
"z[51,6]",0,0,0,0,0,0,0,NA,1,1,1
"z[52,6]",0,0,0,0,0,0,0,NA,1,1,1
"z[53,6]",0,0,0,0,0,0,0,NA,1,1,1
"z[54,6]",0,0,0,0,0,0,0,NA,1,1,1
"z[55,6]",0,0,0,0,0,0,0,NA,1,1,1
"z[56,6]",0,0,0,0,0,0,0,NA,1,1,1
"z[57,6]",0.138666666666667,0.3456367601238,0,0,0,0,1,1.00004534052467,4500,1,1
"z[58,6]",0.100222222222222,0.300329439689937,0,0,0,0,1,1.00496003098226,1041,1,1
"z[59,6]",0,0,0,0,0,0,0,NA,1,1,1
"z[60,6]",0,0,0,0,0,0,0,NA,1,1,1
"z[61,6]",0,0,0,0,0,0,0,NA,1,1,1
"z[62,6]",0,0,0,0,0,0,0,NA,1,1,1
"z[63,6]",0,0,0,0,0,0,0,NA,1,1,1
"z[64,6]",0,0,0,0,0,0,0,NA,1,1,1
"z[65,6]",0,0,0,0,0,0,0,NA,1,1,1
"z[66,6]",0,0,0,0,0,0,0,NA,1,1,1
"z[67,6]",0,0,0,0,0,0,0,NA,1,1,1
"z[68,6]",0,0,0,0,0,0,0,NA,1,1,1
"z[69,6]",0.227555555555556,0.419300720566829,0,0,0,0,1,1.00252424748187,1002,1,1
"z[70,6]",0.132444444444444,0.339010992795988,0,0,0,0,1,1.00043822745763,4500,1,1
"z[71,6]",0.253555555555556,0.43509447717713,0,0,0,1,1,1.00113176641326,1812,1,1
"z[72,6]",1,0,1,1,1,1,1,NA,1,0,1
"z[73,6]",0,0,0,0,0,0,0,NA,1,1,1
"z[74,6]",0,0,0,0,0,0,0,NA,1,1,1
"z[75,6]",0,0,0,0,0,0,0,NA,1,1,1
"z[76,6]",0,0,0,0,0,0,0,NA,1,1,1
"z[77,6]",0,0,0,0,0,0,0,NA,1,1,1
"z[78,6]",0,0,0,0,0,0,0,NA,1,1,1
"z[79,6]",0,0,0,0,0,0,0,NA,1,1,1
"z[80,6]",0,0,0,0,0,0,0,NA,1,1,1
"z[81,6]",0.048,0.213789983216616,0,0,0,0,1,1.00041114741696,4500,1,1
"z[82,6]",0.0811111111111111,0.273036014356096,0,0,0,0,1,1.00009784707039,4500,1,1
"z[83,6]",0.0262222222222222,0.159813306406557,0,0,0,0,1,1.00196955745622,4500,1,1
"z[84,6]",0.336888888888889,0.472699079486726,0,0,0,1,1,1.00071229802721,2148,1,1
"z[85,6]",0.128666666666667,0.334867846727887,0,0,0,0,1,1.00020239918774,4500,1,1
"z[86,6]",0,0,0,0,0,0,0,NA,1,1,1
"z[87,6]",0,0,0,0,0,0,0,NA,1,1,1
"z[88,6]",0,0,0,0,0,0,0,NA,1,1,1
"z[89,6]",0,0,0,0,0,0,0,NA,1,1,1
"z[90,6]",0,0,0,0,0,0,0,NA,1,1,1
"z[91,6]",0,0,0,0,0,0,0,NA,1,1,1
"z[92,6]",0,0,0,0,0,0,0,NA,1,1,1
"z[93,6]",0,0,0,0,0,0,0,NA,1,1,1
"z[94,6]",0,0,0,0,0,0,0,NA,1,1,1
"z[95,6]",1,0,1,1,1,1,1,NA,1,0,1
"z[96,6]",1,0,1,1,1,1,1,NA,1,0,1
"z[97,6]",1,0,1,1,1,1,1,NA,1,0,1
"z[98,6]",0.200666666666667,0.400543640348915,0,0,0,0,1,1.00125410825602,1959,1,1
"z[99,6]",0,0,0,0,0,0,0,NA,1,1,1
"z[100,6]",0,0,0,0,0,0,0,NA,1,1,1
"z[101,6]",0,0,0,0,0,0,0,NA,1,1,1
"z[102,6]",0,0,0,0,0,0,0,NA,1,1,1
"z[103,6]",0,0,0,0,0,0,0,NA,1,1,1
"z[104,6]",0,0,0,0,0,0,0,NA,1,1,1
"z[105,6]",0,0,0,0,0,0,0,NA,1,1,1
"z[106,6]",0,0,0,0,0,0,0,NA,1,1,1
"z[107,6]",0,0,0,0,0,0,0,NA,1,1,1
"z[108,6]",0,0,0,0,0,0,0,NA,1,1,1
"z[109,6]",0,0,0,0,0,0,0,NA,1,1,1
"z[110,6]",0,0,0,0,0,0,0,NA,1,1,1
"z[111,6]",0,0,0,0,0,0,0,NA,1,1,1
"z[112,6]",0,0,0,0,0,0,0,NA,1,1,1
"z[113,6]",0,0,0,0,0,0,0,NA,1,1,1
"z[114,6]",0,0,0,0,0,0,0,NA,1,1,1
"z[115,6]",0,0,0,0,0,0,0,NA,1,1,1
"z[116,6]",0,0,0,0,0,0,0,NA,1,1,1
"z[117,6]",0,0,0,0,0,0,0,NA,1,1,1
"z[118,6]",0,0,0,0,0,0,0,NA,1,1,1
"z[119,6]",0,0,0,0,0,0,0,NA,1,1,1
"z[120,6]",0,0,0,0,0,0,0,NA,1,1,1
"z[121,6]",0,0,0,0,0,0,0,NA,1,1,1
"z[122,6]",0,0,0,0,0,0,0,NA,1,1,1
"z[123,6]",0,0,0,0,0,0,0,NA,1,1,1
"z[124,6]",0,0,0,0,0,0,0,NA,1,1,1
"z[125,6]",0.751777777777778,0.432029429863302,0,1,1,1,1,1.00000323100403,4500,1,1
"z[126,6]",1,0,1,1,1,1,1,NA,1,0,1
"z[127,6]",0,0,0,0,0,0,0,NA,1,1,1
"z[128,6]",0,0,0,0,0,0,0,NA,1,1,1
"z[129,6]",0,0,0,0,0,0,0,NA,1,1,1
"z[130,6]",0,0,0,0,0,0,0,NA,1,1,1
"z[131,6]",0.334666666666667,0.471926245268845,0,0,0,1,1,0.999886018302238,4500,1,1
"z[132,6]",0.355555555555556,0.478734511868754,0,0,0,1,1,1.00329511426353,605,1,1
"z[133,6]",0.213333333333333,0.409706632041442,0,0,0,0,1,1.00014808663387,4500,1,1
"z[134,6]",0,0,0,0,0,0,0,NA,1,1,1
"z[135,6]",0,0,0,0,0,0,0,NA,1,1,1
"z[136,6]",0,0,0,0,0,0,0,NA,1,1,1
"z[137,6]",0,0,0,0,0,0,0,NA,1,1,1
"z[138,6]",0,0,0,0,0,0,0,NA,1,1,1
"z[139,6]",0,0,0,0,0,0,0,NA,1,1,1
"z[140,6]",0,0,0,0,0,0,0,NA,1,1,1
"z[141,6]",0,0,0,0,0,0,0,NA,1,1,1
"z[142,6]",0,0,0,0,0,0,0,NA,1,1,1
"z[143,6]",0,0,0,0,0,0,0,NA,1,1,1
"z[144,6]",0,0,0,0,0,0,0,NA,1,1,1
"z[145,6]",0,0,0,0,0,0,0,NA,1,1,1
"z[146,6]",0,0,0,0,0,0,0,NA,1,1,1
"z[147,6]",0,0,0,0,0,0,0,NA,1,1,1
"z[148,6]",0,0,0,0,0,0,0,NA,1,1,1
"z[149,6]",0,0,0,0,0,0,0,NA,1,1,1
"z[150,6]",0,0,0,0,0,0,0,NA,1,1,1
"z[151,6]",0,0,0,0,0,0,0,NA,1,1,1
"z[152,6]",0,0,0,0,0,0,0,NA,1,1,1
"z[153,6]",0,0,0,0,0,0,0,NA,1,1,1
"z[154,6]",0,0,0,0,0,0,0,NA,1,1,1
"z[155,6]",1,0,1,1,1,1,1,NA,1,0,1
"z[156,6]",1,0,1,1,1,1,1,NA,1,0,1
"z[157,6]",1,0,1,1,1,1,1,NA,1,0,1
"z[158,6]",0,0,0,0,0,0,0,NA,1,1,1
"z[159,6]",0,0,0,0,0,0,0,NA,1,1,1
"z[160,6]",0,0,0,0,0,0,0,NA,1,1,1
"z[161,6]",0,0,0,0,0,0,0,NA,1,1,1
"z[162,6]",0,0,0,0,0,0,0,NA,1,1,1
"z[163,6]",0,0,0,0,0,0,0,NA,1,1,1
"z[164,6]",0,0,0,0,0,0,0,NA,1,1,1
"z[165,6]",0,0,0,0,0,0,0,NA,1,1,1
"z[166,6]",0,0,0,0,0,0,0,NA,1,1,1
"z[167,6]",0,0,0,0,0,0,0,NA,1,1,1
"z[168,6]",0,0,0,0,0,0,0,NA,1,1,1
"z[169,6]",0,0,0,0,0,0,0,NA,1,1,1
"z[170,6]",0,0,0,0,0,0,0,NA,1,1,1
"z[171,6]",0,0,0,0,0,0,0,NA,1,1,1
"z[172,6]",0,0,0,0,0,0,0,NA,1,1,1
"z[173,6]",0,0,0,0,0,0,0,NA,1,1,1
"z[174,6]",0.109777777777778,0.31264730789996,0,0,0,0,1,0.999738998315935,4500,1,1
"z[175,6]",0.349333333333333,0.476812413633565,0,0,0,1,1,1.00035582740796,3191,1,1
"z[176,6]",0.316222222222222,0.465052458586249,0,0,0,1,1,0.999920792211242,4500,1,1
"z[177,6]",1,0,1,1,1,1,1,NA,1,0,1
"z[178,6]",0,0,0,0,0,0,0,NA,1,1,1
"z[179,6]",0,0,0,0,0,0,0,NA,1,1,1
"z[180,6]",0,0,0,0,0,0,0,NA,1,1,1
"z[181,6]",0,0,0,0,0,0,0,NA,1,1,1
"z[182,6]",0,0,0,0,0,0,0,NA,1,1,1
"z[183,6]",0,0,0,0,0,0,0,NA,1,1,1
"z[184,6]",0,0,0,0,0,0,0,NA,1,1,1
"z[185,6]",0,0,0,0,0,0,0,NA,1,1,1
"z[1,7]",0.576222222222222,0.494210936123245,0,0,1,1,1,1.00074971851696,1897,1,1
"z[2,7]",1,0,1,1,1,1,1,NA,1,0,1
"z[3,7]",0.02,0.140015558148628,0,0,0,0,0,1.00369037217046,4500,1,1
"z[4,7]",0.0828888888888889,0.27574484166109,0,0,0,0,1,1.00247883025727,2330,1,1
"z[5,7]",0,0,0,0,0,0,0,NA,1,1,1
"z[6,7]",0,0,0,0,0,0,0,NA,1,1,1
"z[7,7]",0,0,0,0,0,0,0,NA,1,1,1
"z[8,7]",0,0,0,0,0,0,0,NA,1,1,1
"z[9,7]",0,0,0,0,0,0,0,NA,1,1,1
"z[10,7]",0,0,0,0,0,0,0,NA,1,1,1
"z[11,7]",0,0,0,0,0,0,0,NA,1,1,1
"z[12,7]",0,0,0,0,0,0,0,NA,1,1,1
"z[13,7]",0,0,0,0,0,0,0,NA,1,1,1
"z[14,7]",0,0,0,0,0,0,0,NA,1,1,1
"z[15,7]",0,0,0,0,0,0,0,NA,1,1,1
"z[16,7]",0,0,0,0,0,0,0,NA,1,1,1
"z[17,7]",0,0,0,0,0,0,0,NA,1,1,1
"z[18,7]",0,0,0,0,0,0,0,NA,1,1,1
"z[19,7]",0,0,0,0,0,0,0,NA,1,1,1
"z[20,7]",0,0,0,0,0,0,0,NA,1,1,1
"z[21,7]",0,0,0,0,0,0,0,NA,1,1,1
"z[22,7]",0,0,0,0,0,0,0,NA,1,1,1
"z[23,7]",0,0,0,0,0,0,0,NA,1,1,1
"z[24,7]",0,0,0,0,0,0,0,NA,1,1,1
"z[25,7]",0,0,0,0,0,0,0,NA,1,1,1
"z[26,7]",0,0,0,0,0,0,0,NA,1,1,1
"z[27,7]",0,0,0,0,0,0,0,NA,1,1,1
"z[28,7]",0.768222222222222,0.422014711221794,0,1,1,1,1,1.00068040853874,2768,1,1
"z[29,7]",1,0,1,1,1,1,1,NA,1,0,1
"z[30,7]",0,0,0,0,0,0,0,NA,1,1,1
"z[31,7]",0,0,0,0,0,0,0,NA,1,1,1
"z[32,7]",0,0,0,0,0,0,0,NA,1,1,1
"z[33,7]",0,0,0,0,0,0,0,NA,1,1,1
"z[34,7]",0,0,0,0,0,0,0,NA,1,1,1
"z[35,7]",0,0,0,0,0,0,0,NA,1,1,1
"z[36,7]",0,0,0,0,0,0,0,NA,1,1,1
"z[37,7]",0,0,0,0,0,0,0,NA,1,1,1
"z[38,7]",0,0,0,0,0,0,0,NA,1,1,1
"z[39,7]",0,0,0,0,0,0,0,NA,1,1,1
"z[40,7]",0,0,0,0,0,0,0,NA,1,1,1
"z[41,7]",0,0,0,0,0,0,0,NA,1,1,1
"z[42,7]",0,0,0,0,0,0,0,NA,1,1,1
"z[43,7]",0,0,0,0,0,0,0,NA,1,1,1
"z[44,7]",0,0,0,0,0,0,0,NA,1,1,1
"z[45,7]",0,0,0,0,0,0,0,NA,1,1,1
"z[46,7]",0,0,0,0,0,0,0,NA,1,1,1
"z[47,7]",0,0,0,0,0,0,0,NA,1,1,1
"z[48,7]",0,0,0,0,0,0,0,NA,1,1,1
"z[49,7]",0,0,0,0,0,0,0,NA,1,1,1
"z[50,7]",0,0,0,0,0,0,0,NA,1,1,1
"z[51,7]",0,0,0,0,0,0,0,NA,1,1,1
"z[52,7]",0,0,0,0,0,0,0,NA,1,1,1
"z[53,7]",0,0,0,0,0,0,0,NA,1,1,1
"z[54,7]",0,0,0,0,0,0,0,NA,1,1,1
"z[55,7]",0,0,0,0,0,0,0,NA,1,1,1
"z[56,7]",0,0,0,0,0,0,0,NA,1,1,1
"z[57,7]",0.0942222222222222,0.292170095489473,0,0,0,0,1,1.0036006868148,1492,1,1
"z[58,7]",0.150444444444444,0.357546251999011,0,0,0,0,1,1.00314288244209,1122,1,1
"z[59,7]",0,0,0,0,0,0,0,NA,1,1,1
"z[60,7]",0,0,0,0,0,0,0,NA,1,1,1
"z[61,7]",0,0,0,0,0,0,0,NA,1,1,1
"z[62,7]",0,0,0,0,0,0,0,NA,1,1,1
"z[63,7]",0,0,0,0,0,0,0,NA,1,1,1
"z[64,7]",0,0,0,0,0,0,0,NA,1,1,1
"z[65,7]",0,0,0,0,0,0,0,NA,1,1,1
"z[66,7]",0,0,0,0,0,0,0,NA,1,1,1
"z[67,7]",0,0,0,0,0,0,0,NA,1,1,1
"z[68,7]",0,0,0,0,0,0,0,NA,1,1,1
"z[69,7]",1,0,1,1,1,1,1,NA,1,0,1
"z[70,7]",0.0348888888888889,0.183518768996536,0,0,0,0,1,1.00209973388794,4500,1,1
"z[71,7]",1,0,1,1,1,1,1,NA,1,0,1
"z[72,7]",0.776888888888889,0.41637851783485,0,1,1,1,1,0.999827579406339,4500,1,1
"z[73,7]",0,0,0,0,0,0,0,NA,1,1,1
"z[74,7]",0,0,0,0,0,0,0,NA,1,1,1
"z[75,7]",0,0,0,0,0,0,0,NA,1,1,1
"z[76,7]",0,0,0,0,0,0,0,NA,1,1,1
"z[77,7]",0,0,0,0,0,0,0,NA,1,1,1
"z[78,7]",0,0,0,0,0,0,0,NA,1,1,1
"z[79,7]",0,0,0,0,0,0,0,NA,1,1,1
"z[80,7]",0,0,0,0,0,0,0,NA,1,1,1
"z[81,7]",0.0266666666666667,0.161125183440798,0,0,0,0,1,1.0053475883505,3370,1,1
"z[82,7]",0.0557777777777778,0.229517588820724,0,0,0,0,1,0.999728886798128,4500,1,1
"z[83,7]",0.102222222222222,0.30297398898834,0,0,0,0,1,1.00345697453106,1431,1,1
"z[84,7]",0.268,0.442966820830323,0,0,0,1,1,1.00096529898117,1960,1,1
"z[85,7]",0.0437777777777778,0.204623040065984,0,0,0,0,1,1.00389456577175,2817,1,1
"z[86,7]",0,0,0,0,0,0,0,NA,1,1,1
"z[87,7]",0,0,0,0,0,0,0,NA,1,1,1
"z[88,7]",0,0,0,0,0,0,0,NA,1,1,1
"z[89,7]",0,0,0,0,0,0,0,NA,1,1,1
"z[90,7]",0,0,0,0,0,0,0,NA,1,1,1
"z[91,7]",0,0,0,0,0,0,0,NA,1,1,1
"z[92,7]",0,0,0,0,0,0,0,NA,1,1,1
"z[93,7]",0,0,0,0,0,0,0,NA,1,1,1
"z[94,7]",0,0,0,0,0,0,0,NA,1,1,1
"z[95,7]",0.0582222222222222,0.234189202882591,0,0,0,0,1,1.00685419449139,1258,1,1
"z[96,7]",0.0655555555555556,0.247531090191705,0,0,0,0,1,0.999791597033032,4500,1,1
"z[97,7]",0.143111111111111,0.350225039406466,0,0,0,0,1,1.00073432353379,3810,1,1
"z[98,7]",0.118888888888889,0.323693689929004,0,0,0,0,1,1.00095336817671,3716,1,1
"z[99,7]",0,0,0,0,0,0,0,NA,1,1,1
"z[100,7]",0,0,0,0,0,0,0,NA,1,1,1
"z[101,7]",0,0,0,0,0,0,0,NA,1,1,1
"z[102,7]",0,0,0,0,0,0,0,NA,1,1,1
"z[103,7]",0,0,0,0,0,0,0,NA,1,1,1
"z[104,7]",0,0,0,0,0,0,0,NA,1,1,1
"z[105,7]",0,0,0,0,0,0,0,NA,1,1,1
"z[106,7]",0,0,0,0,0,0,0,NA,1,1,1
"z[107,7]",0,0,0,0,0,0,0,NA,1,1,1
"z[108,7]",0,0,0,0,0,0,0,NA,1,1,1
"z[109,7]",0,0,0,0,0,0,0,NA,1,1,1
"z[110,7]",0,0,0,0,0,0,0,NA,1,1,1
"z[111,7]",0,0,0,0,0,0,0,NA,1,1,1
"z[112,7]",0,0,0,0,0,0,0,NA,1,1,1
"z[113,7]",0,0,0,0,0,0,0,NA,1,1,1
"z[114,7]",0,0,0,0,0,0,0,NA,1,1,1
"z[115,7]",0,0,0,0,0,0,0,NA,1,1,1
"z[116,7]",0,0,0,0,0,0,0,NA,1,1,1
"z[117,7]",0,0,0,0,0,0,0,NA,1,1,1
"z[118,7]",0,0,0,0,0,0,0,NA,1,1,1
"z[119,7]",0,0,0,0,0,0,0,NA,1,1,1
"z[120,7]",0,0,0,0,0,0,0,NA,1,1,1
"z[121,7]",0,0,0,0,0,0,0,NA,1,1,1
"z[122,7]",0,0,0,0,0,0,0,NA,1,1,1
"z[123,7]",0,0,0,0,0,0,0,NA,1,1,1
"z[124,7]",0,0,0,0,0,0,0,NA,1,1,1
"z[125,7]",0.527777777777778,0.499283277769074,0,0,1,1,1,0.99973497774446,4500,1,1
"z[126,7]",1,0,1,1,1,1,1,NA,1,0,1
"z[127,7]",0,0,0,0,0,0,0,NA,1,1,1
"z[128,7]",0,0,0,0,0,0,0,NA,1,1,1
"z[129,7]",0,0,0,0,0,0,0,NA,1,1,1
"z[130,7]",0,0,0,0,0,0,0,NA,1,1,1
"z[131,7]",0.0926666666666667,0.289996972491497,0,0,0,0,1,1.00280212744932,1887,1,1
"z[132,7]",0.0682222222222222,0.252154872981642,0,0,0,0,1,0.999782679775874,4500,1,1
"z[133,7]",0.0404444444444444,0.197021109093834,0,0,0,0,1,0.999781293977215,4500,1,1
"z[134,7]",0,0,0,0,0,0,0,NA,1,1,1
"z[135,7]",0,0,0,0,0,0,0,NA,1,1,1
"z[136,7]",0,0,0,0,0,0,0,NA,1,1,1
"z[137,7]",0,0,0,0,0,0,0,NA,1,1,1
"z[138,7]",0,0,0,0,0,0,0,NA,1,1,1
"z[139,7]",0,0,0,0,0,0,0,NA,1,1,1
"z[140,7]",0,0,0,0,0,0,0,NA,1,1,1
"z[141,7]",0,0,0,0,0,0,0,NA,1,1,1
"z[142,7]",0,0,0,0,0,0,0,NA,1,1,1
"z[143,7]",0,0,0,0,0,0,0,NA,1,1,1
"z[144,7]",0,0,0,0,0,0,0,NA,1,1,1
"z[145,7]",0,0,0,0,0,0,0,NA,1,1,1
"z[146,7]",0,0,0,0,0,0,0,NA,1,1,1
"z[147,7]",0,0,0,0,0,0,0,NA,1,1,1
"z[148,7]",0,0,0,0,0,0,0,NA,1,1,1
"z[149,7]",0,0,0,0,0,0,0,NA,1,1,1
"z[150,7]",0,0,0,0,0,0,0,NA,1,1,1
"z[151,7]",0,0,0,0,0,0,0,NA,1,1,1
"z[152,7]",0,0,0,0,0,0,0,NA,1,1,1
"z[153,7]",0,0,0,0,0,0,0,NA,1,1,1
"z[154,7]",0,0,0,0,0,0,0,NA,1,1,1
"z[155,7]",0.874,0.331886241714584,0,1,1,1,1,0.999764304651348,4500,1,1
"z[156,7]",1,0,1,1,1,1,1,NA,1,0,1
"z[157,7]",1,0,1,1,1,1,1,NA,1,0,1
"z[158,7]",0,0,0,0,0,0,0,NA,1,1,1
"z[159,7]",0,0,0,0,0,0,0,NA,1,1,1
"z[160,7]",0,0,0,0,0,0,0,NA,1,1,1
"z[161,7]",0,0,0,0,0,0,0,NA,1,1,1
"z[162,7]",0,0,0,0,0,0,0,NA,1,1,1
"z[163,7]",0,0,0,0,0,0,0,NA,1,1,1
"z[164,7]",0,0,0,0,0,0,0,NA,1,1,1
"z[165,7]",0,0,0,0,0,0,0,NA,1,1,1
"z[166,7]",0,0,0,0,0,0,0,NA,1,1,1
"z[167,7]",0,0,0,0,0,0,0,NA,1,1,1
"z[168,7]",0,0,0,0,0,0,0,NA,1,1,1
"z[169,7]",0,0,0,0,0,0,0,NA,1,1,1
"z[170,7]",0,0,0,0,0,0,0,NA,1,1,1
"z[171,7]",0,0,0,0,0,0,0,NA,1,1,1
"z[172,7]",0,0,0,0,0,0,0,NA,1,1,1
"z[173,7]",0,0,0,0,0,0,0,NA,1,1,1
"z[174,7]",1,0,1,1,1,1,1,NA,1,0,1
"z[175,7]",0.330222222222222,0.470345263832854,0,0,0,1,1,1.00228717199476,867,1,1
"z[176,7]",0.105777777777778,0.307587164752331,0,0,0,0,1,0.999752080744877,4500,1,1
"z[177,7]",0.830888888888889,0.37489168457024,0,1,1,1,1,1.00053160557915,4119,1,1
"z[178,7]",0,0,0,0,0,0,0,NA,1,1,1
"z[179,7]",0,0,0,0,0,0,0,NA,1,1,1
"z[180,7]",0,0,0,0,0,0,0,NA,1,1,1
"z[181,7]",0,0,0,0,0,0,0,NA,1,1,1
"z[182,7]",0,0,0,0,0,0,0,NA,1,1,1
"z[183,7]",0,0,0,0,0,0,0,NA,1,1,1
"z[184,7]",0,0,0,0,0,0,0,NA,1,1,1
"z[185,7]",0,0,0,0,0,0,0,NA,1,1,1
"z[1,8]",1,0,1,1,1,1,1,NA,1,0,1
"z[2,8]",0.0982222222222222,0.297647954649891,0,0,0,0,1,1.00065891893705,4500,1,1
"z[3,8]",0.0235555555555556,0.151676642100424,0,0,0,0,0,1.00055226017685,4500,1,1
"z[4,8]",1,0,1,1,1,1,1,NA,1,0,1
"z[5,8]",0,0,0,0,0,0,0,NA,1,1,1
"z[6,8]",0,0,0,0,0,0,0,NA,1,1,1
"z[7,8]",0,0,0,0,0,0,0,NA,1,1,1
"z[8,8]",0,0,0,0,0,0,0,NA,1,1,1
"z[9,8]",0,0,0,0,0,0,0,NA,1,1,1
"z[10,8]",0,0,0,0,0,0,0,NA,1,1,1
"z[11,8]",0,0,0,0,0,0,0,NA,1,1,1
"z[12,8]",0,0,0,0,0,0,0,NA,1,1,1
"z[13,8]",0,0,0,0,0,0,0,NA,1,1,1
"z[14,8]",0,0,0,0,0,0,0,NA,1,1,1
"z[15,8]",0,0,0,0,0,0,0,NA,1,1,1
"z[16,8]",0,0,0,0,0,0,0,NA,1,1,1
"z[17,8]",0,0,0,0,0,0,0,NA,1,1,1
"z[18,8]",0,0,0,0,0,0,0,NA,1,1,1
"z[19,8]",0,0,0,0,0,0,0,NA,1,1,1
"z[20,8]",0,0,0,0,0,0,0,NA,1,1,1
"z[21,8]",0,0,0,0,0,0,0,NA,1,1,1
"z[22,8]",0,0,0,0,0,0,0,NA,1,1,1
"z[23,8]",0,0,0,0,0,0,0,NA,1,1,1
"z[24,8]",0,0,0,0,0,0,0,NA,1,1,1
"z[25,8]",0,0,0,0,0,0,0,NA,1,1,1
"z[26,8]",0,0,0,0,0,0,0,NA,1,1,1
"z[27,8]",0,0,0,0,0,0,0,NA,1,1,1
"z[28,8]",1,0,1,1,1,1,1,NA,1,0,1
"z[29,8]",0.861111111111111,0.345868976410075,0,1,1,1,1,1.0007113024713,3991,1,1
"z[30,8]",0,0,0,0,0,0,0,NA,1,1,1
"z[31,8]",0,0,0,0,0,0,0,NA,1,1,1
"z[32,8]",0,0,0,0,0,0,0,NA,1,1,1
"z[33,8]",0,0,0,0,0,0,0,NA,1,1,1
"z[34,8]",0,0,0,0,0,0,0,NA,1,1,1
"z[35,8]",0,0,0,0,0,0,0,NA,1,1,1
"z[36,8]",0,0,0,0,0,0,0,NA,1,1,1
"z[37,8]",0,0,0,0,0,0,0,NA,1,1,1
"z[38,8]",0,0,0,0,0,0,0,NA,1,1,1
"z[39,8]",0,0,0,0,0,0,0,NA,1,1,1
"z[40,8]",0,0,0,0,0,0,0,NA,1,1,1
"z[41,8]",0,0,0,0,0,0,0,NA,1,1,1
"z[42,8]",0,0,0,0,0,0,0,NA,1,1,1
"z[43,8]",0,0,0,0,0,0,0,NA,1,1,1
"z[44,8]",0,0,0,0,0,0,0,NA,1,1,1
"z[45,8]",0,0,0,0,0,0,0,NA,1,1,1
"z[46,8]",0,0,0,0,0,0,0,NA,1,1,1
"z[47,8]",0,0,0,0,0,0,0,NA,1,1,1
"z[48,8]",0,0,0,0,0,0,0,NA,1,1,1
"z[49,8]",0,0,0,0,0,0,0,NA,1,1,1
"z[50,8]",0,0,0,0,0,0,0,NA,1,1,1
"z[51,8]",0,0,0,0,0,0,0,NA,1,1,1
"z[52,8]",0,0,0,0,0,0,0,NA,1,1,1
"z[53,8]",0,0,0,0,0,0,0,NA,1,1,1
"z[54,8]",0,0,0,0,0,0,0,NA,1,1,1
"z[55,8]",0,0,0,0,0,0,0,NA,1,1,1
"z[56,8]",0,0,0,0,0,0,0,NA,1,1,1
"z[57,8]",0.129333333333333,0.335605797609632,0,0,0,0,1,1.00348070457107,1169,1,1
"z[58,8]",0.180444444444444,0.384599944597123,0,0,0,0,1,1.00001938032573,4500,1,1
"z[59,8]",0,0,0,0,0,0,0,NA,1,1,1
"z[60,8]",0,0,0,0,0,0,0,NA,1,1,1
"z[61,8]",0,0,0,0,0,0,0,NA,1,1,1
"z[62,8]",0,0,0,0,0,0,0,NA,1,1,1
"z[63,8]",0,0,0,0,0,0,0,NA,1,1,1
"z[64,8]",0,0,0,0,0,0,0,NA,1,1,1
"z[65,8]",0,0,0,0,0,0,0,NA,1,1,1
"z[66,8]",0,0,0,0,0,0,0,NA,1,1,1
"z[67,8]",0,0,0,0,0,0,0,NA,1,1,1
"z[68,8]",0,0,0,0,0,0,0,NA,1,1,1
"z[69,8]",0.287111111111111,0.452464158988094,0,0,0,1,1,1.00118636928655,1614,1,1
"z[70,8]",0.048,0.213789983216616,0,0,0,0,1,1.00055232119251,4500,1,1
"z[71,8]",1,0,1,1,1,1,1,NA,1,0,1
"z[72,8]",1,0,1,1,1,1,1,NA,1,0,1
"z[73,8]",0,0,0,0,0,0,0,NA,1,1,1
"z[74,8]",0,0,0,0,0,0,0,NA,1,1,1
"z[75,8]",0,0,0,0,0,0,0,NA,1,1,1
"z[76,8]",0,0,0,0,0,0,0,NA,1,1,1
"z[77,8]",0,0,0,0,0,0,0,NA,1,1,1
"z[78,8]",0,0,0,0,0,0,0,NA,1,1,1
"z[79,8]",0,0,0,0,0,0,0,NA,1,1,1
"z[80,8]",0,0,0,0,0,0,0,NA,1,1,1
"z[81,8]",0.117333333333333,0.321852826698461,0,0,0,0,1,0.999839194036313,4500,1,1
"z[82,8]",0.250888888888889,0.433572864534595,0,0,0,1,1,0.999696646442541,4500,1,1
"z[83,8]",0.122222222222222,0.327578687942835,0,0,0,0,1,1.00041344739356,4500,1,1
"z[84,8]",0.110222222222222,0.313201345555729,0,0,0,0,1,0.999746207650208,4500,1,1
"z[85,8]",0.0582222222222222,0.234189202882591,0,0,0,0,1,1.00009363687848,4500,1,1
"z[86,8]",0,0,0,0,0,0,0,NA,1,1,1
"z[87,8]",0,0,0,0,0,0,0,NA,1,1,1
"z[88,8]",0,0,0,0,0,0,0,NA,1,1,1
"z[89,8]",0,0,0,0,0,0,0,NA,1,1,1
"z[90,8]",0,0,0,0,0,0,0,NA,1,1,1
"z[91,8]",0,0,0,0,0,0,0,NA,1,1,1
"z[92,8]",0,0,0,0,0,0,0,NA,1,1,1
"z[93,8]",0,0,0,0,0,0,0,NA,1,1,1
"z[94,8]",0,0,0,0,0,0,0,NA,1,1,1
"z[95,8]",0.341555555555556,0.474284035024721,0,0,0,1,1,0.999954438333525,4500,1,1
"z[96,8]",0.0642222222222222,0.245175623613492,0,0,0,0,1,1.00028742763329,4500,1,1
"z[97,8]",0.0464444444444444,0.21046900448124,0,0,0,0,1,1.00133889722248,4500,1,1
"z[98,8]",0.140222222222222,0.347256026113763,0,0,0,0,1,1.00161248115679,2129,1,1
"z[99,8]",0,0,0,0,0,0,0,NA,1,1,1
"z[100,8]",0,0,0,0,0,0,0,NA,1,1,1
"z[101,8]",0,0,0,0,0,0,0,NA,1,1,1
"z[102,8]",0,0,0,0,0,0,0,NA,1,1,1
"z[103,8]",0,0,0,0,0,0,0,NA,1,1,1
"z[104,8]",0,0,0,0,0,0,0,NA,1,1,1
"z[105,8]",0,0,0,0,0,0,0,NA,1,1,1
"z[106,8]",0,0,0,0,0,0,0,NA,1,1,1
"z[107,8]",0,0,0,0,0,0,0,NA,1,1,1
"z[108,8]",0,0,0,0,0,0,0,NA,1,1,1
"z[109,8]",0,0,0,0,0,0,0,NA,1,1,1
"z[110,8]",0,0,0,0,0,0,0,NA,1,1,1
"z[111,8]",0,0,0,0,0,0,0,NA,1,1,1
"z[112,8]",0,0,0,0,0,0,0,NA,1,1,1
"z[113,8]",0,0,0,0,0,0,0,NA,1,1,1
"z[114,8]",0,0,0,0,0,0,0,NA,1,1,1
"z[115,8]",0,0,0,0,0,0,0,NA,1,1,1
"z[116,8]",0,0,0,0,0,0,0,NA,1,1,1
"z[117,8]",0,0,0,0,0,0,0,NA,1,1,1
"z[118,8]",0,0,0,0,0,0,0,NA,1,1,1
"z[119,8]",0,0,0,0,0,0,0,NA,1,1,1
"z[120,8]",0,0,0,0,0,0,0,NA,1,1,1
"z[121,8]",0,0,0,0,0,0,0,NA,1,1,1
"z[122,8]",0,0,0,0,0,0,0,NA,1,1,1
"z[123,8]",0,0,0,0,0,0,0,NA,1,1,1
"z[124,8]",0,0,0,0,0,0,0,NA,1,1,1
"z[125,8]",1,0,1,1,1,1,1,NA,1,0,1
"z[126,8]",1,0,1,1,1,1,1,NA,1,0,1
"z[127,8]",0,0,0,0,0,0,0,NA,1,1,1
"z[128,8]",0,0,0,0,0,0,0,NA,1,1,1
"z[129,8]",0,0,0,0,0,0,0,NA,1,1,1
"z[130,8]",0,0,0,0,0,0,0,NA,1,1,1
"z[131,8]",0.0306666666666667,0.17243210118093,0,0,0,0,1,1.01191657827959,1357,1,1
"z[132,8]",0.137555555555556,0.344471179734573,0,0,0,0,1,1.00019365655503,4500,1,1
"z[133,8]",0.164,0.370316721641932,0,0,0,0,1,0.999978200843069,4500,1,1
"z[134,8]",0,0,0,0,0,0,0,NA,1,1,1
"z[135,8]",0,0,0,0,0,0,0,NA,1,1,1
"z[136,8]",0,0,0,0,0,0,0,NA,1,1,1
"z[137,8]",0,0,0,0,0,0,0,NA,1,1,1
"z[138,8]",0,0,0,0,0,0,0,NA,1,1,1
"z[139,8]",0,0,0,0,0,0,0,NA,1,1,1
"z[140,8]",0,0,0,0,0,0,0,NA,1,1,1
"z[141,8]",0,0,0,0,0,0,0,NA,1,1,1
"z[142,8]",0,0,0,0,0,0,0,NA,1,1,1
"z[143,8]",0,0,0,0,0,0,0,NA,1,1,1
"z[144,8]",0,0,0,0,0,0,0,NA,1,1,1
"z[145,8]",0,0,0,0,0,0,0,NA,1,1,1
"z[146,8]",0,0,0,0,0,0,0,NA,1,1,1
"z[147,8]",0,0,0,0,0,0,0,NA,1,1,1
"z[148,8]",0,0,0,0,0,0,0,NA,1,1,1
"z[149,8]",0,0,0,0,0,0,0,NA,1,1,1
"z[150,8]",0,0,0,0,0,0,0,NA,1,1,1
"z[151,8]",0,0,0,0,0,0,0,NA,1,1,1
"z[152,8]",0,0,0,0,0,0,0,NA,1,1,1
"z[153,8]",0,0,0,0,0,0,0,NA,1,1,1
"z[154,8]",0,0,0,0,0,0,0,NA,1,1,1
"z[155,8]",1,0,1,1,1,1,1,NA,1,0,1
"z[156,8]",1,0,1,1,1,1,1,NA,1,0,1
"z[157,8]",1,0,1,1,1,1,1,NA,1,0,1
"z[158,8]",0,0,0,0,0,0,0,NA,1,1,1
"z[159,8]",0,0,0,0,0,0,0,NA,1,1,1
"z[160,8]",0,0,0,0,0,0,0,NA,1,1,1
"z[161,8]",0,0,0,0,0,0,0,NA,1,1,1
"z[162,8]",0,0,0,0,0,0,0,NA,1,1,1
"z[163,8]",0,0,0,0,0,0,0,NA,1,1,1
"z[164,8]",0,0,0,0,0,0,0,NA,1,1,1
"z[165,8]",0,0,0,0,0,0,0,NA,1,1,1
"z[166,8]",0,0,0,0,0,0,0,NA,1,1,1
"z[167,8]",0,0,0,0,0,0,0,NA,1,1,1
"z[168,8]",0,0,0,0,0,0,0,NA,1,1,1
"z[169,8]",0,0,0,0,0,0,0,NA,1,1,1
"z[170,8]",0,0,0,0,0,0,0,NA,1,1,1
"z[171,8]",0,0,0,0,0,0,0,NA,1,1,1
"z[172,8]",0,0,0,0,0,0,0,NA,1,1,1
"z[173,8]",0,0,0,0,0,0,0,NA,1,1,1
"z[174,8]",0.475333333333333,0.49944668205886,0,0,0,1,1,1.00113049920936,1375,1,1
"z[175,8]",1,0,1,1,1,1,1,NA,1,0,1
"z[176,8]",0.072,0.258516636409127,0,0,0,0,1,1.00245531784147,2670,1,1
"z[177,8]",1,0,1,1,1,1,1,NA,1,0,1
"z[178,8]",0,0,0,0,0,0,0,NA,1,1,1
"z[179,8]",0,0,0,0,0,0,0,NA,1,1,1
"z[180,8]",0,0,0,0,0,0,0,NA,1,1,1
"z[181,8]",0,0,0,0,0,0,0,NA,1,1,1
"z[182,8]",0,0,0,0,0,0,0,NA,1,1,1
"z[183,8]",0,0,0,0,0,0,0,NA,1,1,1
"z[184,8]",0,0,0,0,0,0,0,NA,1,1,1
"z[185,8]",0,0,0,0,0,0,0,NA,1,1,1
"z[1,9]",1,0,1,1,1,1,1,NA,1,0,1
"z[2,9]",0.0642222222222222,0.245175623613492,0,0,0,0,1,1.00002211776282,4500,1,1
"z[3,9]",0.0206666666666667,0.142281601882585,0,0,0,0,0,1.00450982120463,4500,1,1
"z[4,9]",0.0935555555555556,0.291241760159636,0,0,0,0,1,1.00072182240759,4500,1,1
"z[5,9]",0,0,0,0,0,0,0,NA,1,1,1
"z[6,9]",0,0,0,0,0,0,0,NA,1,1,1
"z[7,9]",0,0,0,0,0,0,0,NA,1,1,1
"z[8,9]",0,0,0,0,0,0,0,NA,1,1,1
"z[9,9]",0,0,0,0,0,0,0,NA,1,1,1
"z[10,9]",0,0,0,0,0,0,0,NA,1,1,1
"z[11,9]",0,0,0,0,0,0,0,NA,1,1,1
"z[12,9]",0,0,0,0,0,0,0,NA,1,1,1
"z[13,9]",0,0,0,0,0,0,0,NA,1,1,1
"z[14,9]",0,0,0,0,0,0,0,NA,1,1,1
"z[15,9]",0,0,0,0,0,0,0,NA,1,1,1
"z[16,9]",0,0,0,0,0,0,0,NA,1,1,1
"z[17,9]",0,0,0,0,0,0,0,NA,1,1,1
"z[18,9]",0,0,0,0,0,0,0,NA,1,1,1
"z[19,9]",0,0,0,0,0,0,0,NA,1,1,1
"z[20,9]",0,0,0,0,0,0,0,NA,1,1,1
"z[21,9]",0,0,0,0,0,0,0,NA,1,1,1
"z[22,9]",0,0,0,0,0,0,0,NA,1,1,1
"z[23,9]",0,0,0,0,0,0,0,NA,1,1,1
"z[24,9]",0,0,0,0,0,0,0,NA,1,1,1
"z[25,9]",0,0,0,0,0,0,0,NA,1,1,1
"z[26,9]",0,0,0,0,0,0,0,NA,1,1,1
"z[27,9]",0,0,0,0,0,0,0,NA,1,1,1
"z[28,9]",1,0,1,1,1,1,1,NA,1,0,1
"z[29,9]",1,0,1,1,1,1,1,NA,1,0,1
"z[30,9]",0,0,0,0,0,0,0,NA,1,1,1
"z[31,9]",0,0,0,0,0,0,0,NA,1,1,1
"z[32,9]",0,0,0,0,0,0,0,NA,1,1,1
"z[33,9]",0,0,0,0,0,0,0,NA,1,1,1
"z[34,9]",0,0,0,0,0,0,0,NA,1,1,1
"z[35,9]",0,0,0,0,0,0,0,NA,1,1,1
"z[36,9]",0,0,0,0,0,0,0,NA,1,1,1
"z[37,9]",0,0,0,0,0,0,0,NA,1,1,1
"z[38,9]",0,0,0,0,0,0,0,NA,1,1,1
"z[39,9]",0,0,0,0,0,0,0,NA,1,1,1
"z[40,9]",0,0,0,0,0,0,0,NA,1,1,1
"z[41,9]",0,0,0,0,0,0,0,NA,1,1,1
"z[42,9]",0,0,0,0,0,0,0,NA,1,1,1
"z[43,9]",0,0,0,0,0,0,0,NA,1,1,1
"z[44,9]",0,0,0,0,0,0,0,NA,1,1,1
"z[45,9]",0,0,0,0,0,0,0,NA,1,1,1
"z[46,9]",0,0,0,0,0,0,0,NA,1,1,1
"z[47,9]",0,0,0,0,0,0,0,NA,1,1,1
"z[48,9]",0,0,0,0,0,0,0,NA,1,1,1
"z[49,9]",0,0,0,0,0,0,0,NA,1,1,1
"z[50,9]",0,0,0,0,0,0,0,NA,1,1,1
"z[51,9]",0,0,0,0,0,0,0,NA,1,1,1
"z[52,9]",0,0,0,0,0,0,0,NA,1,1,1
"z[53,9]",0,0,0,0,0,0,0,NA,1,1,1
"z[54,9]",0,0,0,0,0,0,0,NA,1,1,1
"z[55,9]",0,0,0,0,0,0,0,NA,1,1,1
"z[56,9]",0,0,0,0,0,0,0,NA,1,1,1
"z[57,9]",0.287333333333333,0.452568673341182,0,0,0,1,1,1.00022590677327,4375,1,1
"z[58,9]",0.123333333333333,0.328855978694735,0,0,0,0,1,1.0016169669569,2363,1,1
"z[59,9]",0,0,0,0,0,0,0,NA,1,1,1
"z[60,9]",0,0,0,0,0,0,0,NA,1,1,1
"z[61,9]",0,0,0,0,0,0,0,NA,1,1,1
"z[62,9]",0,0,0,0,0,0,0,NA,1,1,1
"z[63,9]",0,0,0,0,0,0,0,NA,1,1,1
"z[64,9]",0,0,0,0,0,0,0,NA,1,1,1
"z[65,9]",0,0,0,0,0,0,0,NA,1,1,1
"z[66,9]",0,0,0,0,0,0,0,NA,1,1,1
"z[67,9]",0,0,0,0,0,0,0,NA,1,1,1
"z[68,9]",0,0,0,0,0,0,0,NA,1,1,1
"z[69,9]",0.139777777777778,0.346794862339979,0,0,0,0,1,1.00141300524195,2386,1,1
"z[70,9]",0.0611111111111111,0.239560631963708,0,0,0,0,1,1.00280549314095,2761,1,1
"z[71,9]",1,0,1,1,1,1,1,NA,1,0,1
"z[72,9]",0.434,0.495679936742269,0,0,0,1,1,0.999802880947304,4500,1,1
"z[73,9]",0,0,0,0,0,0,0,NA,1,1,1
"z[74,9]",0,0,0,0,0,0,0,NA,1,1,1
"z[75,9]",0,0,0,0,0,0,0,NA,1,1,1
"z[76,9]",0,0,0,0,0,0,0,NA,1,1,1
"z[77,9]",0,0,0,0,0,0,0,NA,1,1,1
"z[78,9]",0,0,0,0,0,0,0,NA,1,1,1
"z[79,9]",0,0,0,0,0,0,0,NA,1,1,1
"z[80,9]",0,0,0,0,0,0,0,NA,1,1,1
"z[81,9]",0.064,0.244780135956494,0,0,0,0,1,0.999687245953427,4500,1,1
"z[82,9]",0.066,0.248309689121249,0,0,0,0,1,1.00027003564487,4500,1,1
"z[83,9]",0.0555555555555556,0.229086879157383,0,0,0,0,1,1.0041055231935,2143,1,1
"z[84,9]",0.308666666666667,0.461994574038951,0,0,0,1,1,0.999730008918632,4500,1,1
"z[85,9]",0.229111111111111,0.420307586552663,0,0,0,0,1,0.999752885957789,4500,1,1
"z[86,9]",0,0,0,0,0,0,0,NA,1,1,1
"z[87,9]",0,0,0,0,0,0,0,NA,1,1,1
"z[88,9]",0,0,0,0,0,0,0,NA,1,1,1
"z[89,9]",0,0,0,0,0,0,0,NA,1,1,1
"z[90,9]",0,0,0,0,0,0,0,NA,1,1,1
"z[91,9]",0,0,0,0,0,0,0,NA,1,1,1
"z[92,9]",0,0,0,0,0,0,0,NA,1,1,1
"z[93,9]",0,0,0,0,0,0,0,NA,1,1,1
"z[94,9]",0,0,0,0,0,0,0,NA,1,1,1
"z[95,9]",0.237555555555556,0.425632672691991,0,0,0,0,1,0.999762186139552,4500,1,1
"z[96,9]",1,0,1,1,1,1,1,NA,1,0,1
"z[97,9]",0.0628888888888889,0.242789983053629,0,0,0,0,1,1.00299004533594,2546,1,1
"z[98,9]",0.115777777777778,0.319993810293055,0,0,0,0,1,1.00165933815251,2457,1,1
"z[99,9]",0,0,0,0,0,0,0,NA,1,1,1
"z[100,9]",0,0,0,0,0,0,0,NA,1,1,1
"z[101,9]",0,0,0,0,0,0,0,NA,1,1,1
"z[102,9]",0,0,0,0,0,0,0,NA,1,1,1
"z[103,9]",0,0,0,0,0,0,0,NA,1,1,1
"z[104,9]",0,0,0,0,0,0,0,NA,1,1,1
"z[105,9]",0,0,0,0,0,0,0,NA,1,1,1
"z[106,9]",0,0,0,0,0,0,0,NA,1,1,1
"z[107,9]",0,0,0,0,0,0,0,NA,1,1,1
"z[108,9]",0,0,0,0,0,0,0,NA,1,1,1
"z[109,9]",0,0,0,0,0,0,0,NA,1,1,1
"z[110,9]",0,0,0,0,0,0,0,NA,1,1,1
"z[111,9]",0,0,0,0,0,0,0,NA,1,1,1
"z[112,9]",0,0,0,0,0,0,0,NA,1,1,1
"z[113,9]",0,0,0,0,0,0,0,NA,1,1,1
"z[114,9]",0,0,0,0,0,0,0,NA,1,1,1
"z[115,9]",0,0,0,0,0,0,0,NA,1,1,1
"z[116,9]",0,0,0,0,0,0,0,NA,1,1,1
"z[117,9]",0,0,0,0,0,0,0,NA,1,1,1
"z[118,9]",0,0,0,0,0,0,0,NA,1,1,1
"z[119,9]",0,0,0,0,0,0,0,NA,1,1,1
"z[120,9]",0,0,0,0,0,0,0,NA,1,1,1
"z[121,9]",0,0,0,0,0,0,0,NA,1,1,1
"z[122,9]",0,0,0,0,0,0,0,NA,1,1,1
"z[123,9]",0,0,0,0,0,0,0,NA,1,1,1
"z[124,9]",0,0,0,0,0,0,0,NA,1,1,1
"z[125,9]",1,0,1,1,1,1,1,NA,1,0,1
"z[126,9]",0.766888888888889,0.422859381539275,0,1,1,1,1,0.999716074279752,4500,1,1
"z[127,9]",0,0,0,0,0,0,0,NA,1,1,1
"z[128,9]",0,0,0,0,0,0,0,NA,1,1,1
"z[129,9]",0,0,0,0,0,0,0,NA,1,1,1
"z[130,9]",0,0,0,0,0,0,0,NA,1,1,1
"z[131,9]",1,0,1,1,1,1,1,NA,1,0,1
"z[132,9]",0.0844444444444444,0.278084096742923,0,0,0,0,1,1.001939951567,2832,1,1
"z[133,9]",0.0546666666666667,0.227353708622013,0,0,0,0,1,1.00217798476944,3834,1,1
"z[134,9]",0,0,0,0,0,0,0,NA,1,1,1
"z[135,9]",0,0,0,0,0,0,0,NA,1,1,1
"z[136,9]",0,0,0,0,0,0,0,NA,1,1,1
"z[137,9]",0,0,0,0,0,0,0,NA,1,1,1
"z[138,9]",0,0,0,0,0,0,0,NA,1,1,1
"z[139,9]",0,0,0,0,0,0,0,NA,1,1,1
"z[140,9]",0,0,0,0,0,0,0,NA,1,1,1
"z[141,9]",0,0,0,0,0,0,0,NA,1,1,1
"z[142,9]",0,0,0,0,0,0,0,NA,1,1,1
"z[143,9]",0,0,0,0,0,0,0,NA,1,1,1
"z[144,9]",0,0,0,0,0,0,0,NA,1,1,1
"z[145,9]",0,0,0,0,0,0,0,NA,1,1,1
"z[146,9]",0,0,0,0,0,0,0,NA,1,1,1
"z[147,9]",0,0,0,0,0,0,0,NA,1,1,1
"z[148,9]",0,0,0,0,0,0,0,NA,1,1,1
"z[149,9]",0,0,0,0,0,0,0,NA,1,1,1
"z[150,9]",0,0,0,0,0,0,0,NA,1,1,1
"z[151,9]",0,0,0,0,0,0,0,NA,1,1,1
"z[152,9]",0,0,0,0,0,0,0,NA,1,1,1
"z[153,9]",0,0,0,0,0,0,0,NA,1,1,1
"z[154,9]",0,0,0,0,0,0,0,NA,1,1,1
"z[155,9]",1,0,1,1,1,1,1,NA,1,0,1
"z[156,9]",1,0,1,1,1,1,1,NA,1,0,1
"z[157,9]",1,0,1,1,1,1,1,NA,1,0,1
"z[158,9]",0,0,0,0,0,0,0,NA,1,1,1
"z[159,9]",0,0,0,0,0,0,0,NA,1,1,1
"z[160,9]",0,0,0,0,0,0,0,NA,1,1,1
"z[161,9]",0,0,0,0,0,0,0,NA,1,1,1
"z[162,9]",0,0,0,0,0,0,0,NA,1,1,1
"z[163,9]",0,0,0,0,0,0,0,NA,1,1,1
"z[164,9]",0,0,0,0,0,0,0,NA,1,1,1
"z[165,9]",0,0,0,0,0,0,0,NA,1,1,1
"z[166,9]",0,0,0,0,0,0,0,NA,1,1,1
"z[167,9]",0,0,0,0,0,0,0,NA,1,1,1
"z[168,9]",0,0,0,0,0,0,0,NA,1,1,1
"z[169,9]",0,0,0,0,0,0,0,NA,1,1,1
"z[170,9]",0,0,0,0,0,0,0,NA,1,1,1
"z[171,9]",0,0,0,0,0,0,0,NA,1,1,1
"z[172,9]",0,0,0,0,0,0,0,NA,1,1,1
"z[173,9]",0,0,0,0,0,0,0,NA,1,1,1
"z[174,9]",0.0811111111111111,0.273036014356096,0,0,0,0,1,1.00053631995264,4500,1,1
"z[175,9]",0.381555555555556,0.485822357674611,0,0,0,1,1,0.999927813919379,4500,1,1
"z[176,9]",0.104444444444444,0.305870222190877,0,0,0,0,1,1.00042126301223,4500,1,1
"z[177,9]",0.645111111111111,0.478532812783537,0,0,1,1,1,1.00000670171326,4500,1,1
"z[178,9]",0,0,0,0,0,0,0,NA,1,1,1
"z[179,9]",0,0,0,0,0,0,0,NA,1,1,1
"z[180,9]",0,0,0,0,0,0,0,NA,1,1,1
"z[181,9]",0,0,0,0,0,0,0,NA,1,1,1
"z[182,9]",0,0,0,0,0,0,0,NA,1,1,1
"z[183,9]",0,0,0,0,0,0,0,NA,1,1,1
"z[184,9]",0,0,0,0,0,0,0,NA,1,1,1
"z[185,9]",0,0,0,0,0,0,0,NA,1,1,1
"deviance",512.956501023294,23.3472474593197,470.667808124963,496.474802282404,512.126958491954,528.12152251787,560.679479988935,1.00077520764977,1887,0,1
