"parameter","mean","sd","2.5%","25%","50%","75%","97.5%","Rhat","n.eff","overlap0","f"
"a.psi[1]",-0.569716380409724,1.61689969795485,-3.70747503520374,-1.71164922903658,-0.562751312037276,0.53580721651916,2.57684504722114,1.0005581695867,2422,1,0.640888888888889
"a.psi[2]",-0.00857536175779732,1.65028637307614,-3.24030334710532,-1.12378712394005,0.00333803587493198,1.07705154714224,3.26942490152055,0.999898392837092,4500,1,0.499333333333333
"a.psi[3]",-0.767979943413123,1.35307331139267,-3.40128986604424,-1.6141942060863,-0.779595872996323,0.0480401748836389,2.14242190077012,1.01013985050135,250,1,0.738
"a.psi[4]",0.0270191143156465,1.64096182882844,-3.18918747567854,-1.10044125192491,0.0290939838073402,1.13904844083529,3.20249929228684,1.00031526834424,4500,1,0.507111111111111
"b.psi.elev",-0.122961016646378,1.29605184123628,-2.63718204878167,-0.964086273014399,-0.145454334229303,0.667269376276458,2.62060301152997,1.01002600536842,264,1,0.550222222222222
"b.psi.water",-1.01872992158484,1.32455725069488,-3.52746632491468,-1.86169005257428,-1.05397838728108,-0.241743879338611,1.85422315640938,1.01040145901219,406,1,0.802888888888889
"a.gam[1]",-0.223498097994065,1.21988068531765,-2.43914473479605,-1.04508236086052,-0.331564631080648,0.545837571504588,2.46894980981218,1.00363212820416,675,1,0.614444444444444
"a.gam[2]",0.023108464659221,1.64852108163111,-3.30239112974261,-1.08468192099154,0.0319987438615724,1.16024007924787,3.20037449610517,1.00115136480046,1890,1,0.505333333333333
"a.gam[3]",-2.81910167277683,1.14261109279821,-4.96125754914791,-3.58799900799206,-2.87489254219579,-2.11688363741793,-0.372721172366158,1.00214586392158,899,0,0.986888888888889
"a.gam[4]",-0.0150060140430564,1.65600044209383,-3.21878982005468,-1.15876788805755,-0.0306155099187539,1.07384414206704,3.27491964914547,1.00023151703733,4500,1,0.509333333333333
"b.gam.elev",-0.81065520891035,0.709826079058792,-2.30531940917404,-1.23554594292716,-0.789339928201074,-0.353633514578364,0.533847707342451,1.00278076366984,3088,1,0.885111111111111
"b.gam.water",0.0988070533475302,0.5462081838479,-1.07210245997914,-0.226457389398104,0.118943097834739,0.428383345637341,1.15496228721823,1.00298079982422,1911,1,0.601555555555556
"b.gam.road",0.911104265784511,0.61866146575761,-0.26846972168955,0.512065412313429,0.889933036351547,1.29012729250184,2.21466895256872,1.00426883341906,1602,1,0.944
"b.gam.harv",-0.788613890231052,0.607239690479061,-1.95559352733261,-1.15111904819918,-0.792619598777706,-0.441608559082232,0.451434757753583,1.02292024852429,323,1,0.921111111111111
"a.phi[1]",-0.788037125752254,1.47748034573564,-3.54148373418848,-1.77034769511789,-0.835668854131785,0.150848151429524,2.2914315774304,1.01600262893541,208,1,0.718888888888889
"a.phi[2]",0.031298033517222,1.64825969316774,-3.20560351553454,-1.05809527026985,0.0437835157859057,1.10172417949002,3.25704874384191,1.00007511950264,4500,1,0.509333333333333
"a.phi[3]",2.21134393189954,1.12303646336343,0.0209515115250469,1.49190722305805,2.20910546216822,2.93001558678492,4.51223475060544,1.0042883583527,473,0,0.976444444444444
"a.phi[4]",0.0204747193148245,1.65118313814047,-3.23870468009937,-1.10014604723357,0.026845043168668,1.13877279279904,3.24461838349358,1.00007666641385,4500,1,0.509333333333333
"b.phi.elev",-0.627106408693988,1.23780844850177,-2.98813714575632,-1.43118570815919,-0.675277213038471,0.152937243639421,2.00044693413116,1.01151086815332,252,1,0.712222222222222
"b.phi.water",-0.631425130005398,0.827444796339662,-2.19066096565714,-1.17296666758875,-0.653197561797264,-0.111191290538612,1.06222887185044,1.00879305163955,595,1,0.790444444444444
"b.phi.road",0.469288283887843,1.30245331281879,-2.062160212731,-0.386931677538475,0.459807544952316,1.29911146765002,3.10855848180306,1.00044690964148,4500,1,0.646666666666667
"b.phi.harv",1.11681258875839,1.3362742847612,-1.53978171310333,0.261976507509206,1.06373205784678,1.95332019392304,3.83703707142778,1.01195957278956,228,1,0.812444444444444
"a.p",-2.71035787564017,0.712947569115156,-4.10335887868367,-3.15741980720357,-2.72572631393813,-2.28290974233875,-1.26446023261331,1.00481617121346,2781,0,0.997777777777778
"b.p.ak",-0.0126155433407671,1.61925123394652,-3.13600182629203,-1.09660797541727,-0.0418378029967241,1.0747130414757,3.15943680561836,0.999787346799618,4500,1,0.513333333333333
"b.p.clutter",-0.110724314869574,0.168841841561534,-0.428190190993072,-0.22721533626216,-0.113493726807387,0.00234935305459598,0.222161190152026,1.00250348250077,858,1,0.747111111111111
"b.p.temp",0.594991797358849,0.160055010399068,0.289807178869727,0.48711319506359,0.595573114276047,0.701374923887813,0.908654262572244,1.00104751506358,3323,0,1
"b.p.julian",-0.240146610638232,0.182807517659629,-0.594963566930465,-0.36517562080165,-0.242515708611115,-0.117070993923194,0.122336489138609,1.0002362533239,4500,1,0.904222222222222
"sigma.gam",3.56526926983184,2.77761121549899,0.298522121956635,1.62433116708653,2.82078131629682,4.6859904406066,11.3428076215905,1.00990618650718,392,0,1
"sigma.phi",2.19778572980482,2.13812559137697,0.0584953497818271,0.745091739675162,1.5984691606301,2.91081563457768,8.53328940577018,1.01946262887838,258,0,1
"sigma.p",1.89682491832373,0.741828902762062,0.928815039962046,1.3920429956294,1.75480454158013,2.21592591837234,3.76025301105562,1.00700906819607,854,0,1
"eps.gam[1]",-1.19260574338935,4.2191528600388,-11.4517606886574,-2.51495428104384,-0.506131045166593,0.758422876241229,5.55030897587724,1.02789313005393,144,1,0.612222222222222
"eps.gam[2]",-1.48378378112727,4.06310349896905,-11.7760664507741,-3.06238339351961,-0.817397787738991,0.480494401185384,4.87319496644688,1.04053096133964,60,1,0.656888888888889
"eps.gam[3]",-1.50027206388592,3.98438262917672,-11.704434330056,-3.23602751893168,-0.778211046773833,0.507487218793559,4.55402585530442,1.02682861140481,114,1,0.652666666666667
"eps.gam[4]",-3.93470166390861,4.11819280869047,-13.9899434219655,-5.58999401875172,-3.09866742930156,-1.18487554579115,0.965984565677057,1.0212567842742,719,1,0.912888888888889
"eps.gam[5]",0.212245801698888,1.32085352816022,-2.67772867229255,-0.468897128447561,0.319107864325198,1.04652335535329,2.54567472326577,1.00423333199272,3692,1,0.608222222222222
"eps.gam[6]",-3.05207168205683,3.67358021481031,-12.5222921978033,-4.46590056489718,-2.10621027910261,-0.560135811887805,1.03602362239886,1.00161737654091,1125,1,0.858222222222222
"eps.gam[7]",-3.06926477926529,3.10290343994896,-11.1121402787315,-4.47146766997634,-2.37365897368062,-0.851537699884503,0.687221023287115,1.01067932029276,337,1,0.903555555555556
"eps.gam[8]",-0.250547198104226,2.48229284921991,-6.65061950868206,-0.746371975943171,0.212776003703573,1.05259994679713,2.41982194268574,1.0917442125055,93,1,0.428
"eps.phi[1]",0.182309548041475,2.73058005596939,-5.35444557653793,-0.773312222122468,0.00627931365448407,1.02267034365524,6.4464389873598,1.01322557588921,1033,1,0.505777777777778
"eps.phi[2]",0.26403645903532,2.69242622862115,-4.61299181674854,-0.625573184327333,0.0447986973112936,1.02736055099774,6.31668195182009,1.0258248145847,267,1,0.536444444444444
"eps.phi[3]",-0.258228189397628,2.86457842091292,-5.18925460374257,-1.47591070083016,-0.188231767384919,0.45687801936512,6.30028362705218,1.00578078314629,615,1,0.596888888888889
"eps.phi[4]",-0.501123233307027,1.96567904048145,-4.31979675050623,-1.53964457094218,-0.334528447035156,0.262550656325561,4.03540667216474,1.0075671481545,4500,1,0.639777777777778
"eps.phi[5]",1.02960906273783,2.48945310744831,-2.24708144854958,-0.240456716084957,0.300656976738814,1.68503723222572,7.85225938605389,1.00554509984025,725,1,0.639555555555556
"eps.phi[6]",0.771282698902575,2.6156193265706,-2.73099071734232,-0.417549560380497,0.160117942236114,1.27131639615,8.04056152810291,1.04549457838067,103,1,0.584
"eps.phi[7]",1.47470012785017,2.91792344832825,-1.62608995547459,-0.0407004233182659,0.584707579098547,2.09375657368234,8.87808729147853,1.04528129354168,143,1,0.718666666666667
"eps.phi[8]",1.9363783677461,3.00389405847746,-1.06641962879706,0.0488555028591055,0.943678762999594,2.81132546377432,10.1635889771326,1.02446340183626,175,1,0.781555555555556
"eps.p[1]",-2.22721047848918,1.57534781040277,-5.7899232661142,-2.99604602515662,-2.00503995256846,-1.17073068469775,0.194416810593595,1.00422965478183,1379,1,0.962888888888889
"eps.p[2]",-1.28763683226722,1.17556855460441,-3.84717395091967,-1.96262590379641,-1.19189721095015,-0.515195846972679,0.828926679515853,1.00289779663023,1047,1,0.888222222222222
"eps.p[3]",-1.52632474850537,1.14762266987027,-4.08475059404453,-2.20406992332398,-1.43339635279681,-0.7295572806058,0.485138295461485,1.00106270378754,2762,1,0.929333333333333
"eps.p[4]",-1.41483038130345,1.13319260306305,-3.88538258683126,-2.09008505012397,-1.30682140125859,-0.647409516604952,0.55499823583883,1.00110408319332,1475,1,0.909333333333333
"eps.p[5]",0.559517022086773,0.850225634973951,-1.14805680161841,0.0493025541325718,0.571154159633618,1.10057869919381,2.19022184560038,1.00671444057167,1609,1,0.768
"eps.p[6]",1.33927910805035,0.772897290548334,-0.243093811242327,0.871673108472238,1.35543799703859,1.82551376549438,2.85292754101036,1.00475374776587,1024,1,0.957111111111111
"eps.p[7]",-1.04285704301668,0.975816988837349,-3.08496430801538,-1.62949117143327,-1.00612318048873,-0.409347587138756,0.7612364570798,1.00437595045915,481,1,0.873555555555556
"eps.p[8]",-0.354084555556085,0.937383857682181,-2.26023146570203,-0.909934580488778,-0.329579774776943,0.240554023952112,1.42153502091034,1.0130216652236,166,1,0.653333333333333
"eps.p[9]",2.07807854002937,0.739083859822772,0.580667079567686,1.6380295726472,2.09154760436574,2.55189702916001,3.54093869637132,1.00304095206327,1763,0,0.991333333333333
"psi.fs[1]",0.142966966966967,0.0705824320413017,0.0324324324324324,0.0864864864864865,0.135135135135135,0.189189189189189,0.297297297297297,1.01755304761301,151,0,1
"psi.fs[2]",0.13221981981982,0.0731597752415502,0.027027027027027,0.0756756756756757,0.118918918918919,0.172972972972973,0.313513513513514,1.01872965118622,142,0,1
"psi.fs[3]",0.124944144144144,0.0742550282308651,0.0324324324324324,0.0702702702702703,0.108108108108108,0.162162162162162,0.318918918918919,1.05234109904423,76,0,1
"psi.fs[4]",0.116183783783784,0.073418208790119,0.0324324324324324,0.0594594594594595,0.0972972972972973,0.151351351351351,0.308108108108108,1.00505958567028,434,0,1
"psi.fs[5]",0.0637105105105105,0.0296631400308441,0.027027027027027,0.0432432432432432,0.0540540540540541,0.0756756756756757,0.145945945945946,1.0313676919407,119,0,1
"psi.fs[6]",0.156355555555556,0.0308690059572159,0.108108108108108,0.135135135135135,0.151351351351351,0.172972972972973,0.227027027027027,1.01159216943201,434,0,1
"psi.fs[7]",0.0981813813813814,0.0395388668127923,0.027027027027027,0.0702702702702703,0.0918918918918919,0.124324324324324,0.178378378378378,1.0292641620996,73,0,1
"psi.fs[8]",0.0987375375375375,0.0401664218938364,0.0324324324324324,0.0702702702702703,0.0918918918918919,0.12972972972973,0.178378378378378,1.05628903281043,41,0,1
"psi.fs[9]",0.166374774774775,0.0193823523212882,0.135135135135135,0.151351351351351,0.162162162162162,0.178378378378378,0.210810810810811,1.00594483254273,588,0,1
"psi.surv[1]",0.177380692167577,0.0943412760763469,0.0327868852459016,0.0983606557377049,0.163934426229508,0.245901639344262,0.377049180327869,1.01556897632856,161,0,1
"psi.surv[2]",0.117121593291405,0.0593841969959143,0.0283018867924528,0.0754716981132075,0.10377358490566,0.150943396226415,0.264150943396226,1.01722019052567,162,0,1
"psi.surv[3]",0.126597760551249,0.075125532975123,0.0310077519379845,0.0697674418604651,0.108527131782946,0.162790697674419,0.333333333333333,1.05582093346653,74,0,1
"psi.surv[4]",0.134616382806164,0.081264335671773,0.0437956204379562,0.072992700729927,0.109489051094891,0.175182481751825,0.35036496350365,1.00514603719563,428,0,1
"psi.surv[5]",0.08104,0.0330115621604723,0.04,0.056,0.072,0.096,0.168,1.02766567745082,130,0,1
"psi.surv[6]",0.159627143922446,0.0312608274294967,0.114093959731544,0.134228187919463,0.154362416107383,0.174496644295302,0.23489932885906,1.01311182920112,288,0,1
"psi.surv[7]",0.135467059980334,0.0530945138443197,0.0442477876106195,0.0973451327433628,0.123893805309735,0.176991150442478,0.247787610619469,1.02915747704928,73,0,1
"psi.surv[8]",0.112894097222222,0.0431372071534661,0.0390625,0.078125,0.1015625,0.1484375,0.1953125,1.05475614169363,42,0,1
"psi.surv[9]",0.196175710594315,0.0195848529417399,0.170542635658915,0.186046511627907,0.193798449612403,0.209302325581395,0.24031007751938,1.00637594173464,1219,0,1
"n.occ[1]",26.4488888888889,13.0577499276408,6,16,25,35,55,1.01755304761301,151,0,1
"n.occ[2]",24.4606666666667,13.5345584196868,5,14,22,32,58,1.01872965118622,142,0,1
"n.occ[3]",23.1146666666667,13.73718022271,6,13,20,30,59,1.05234109904423,76,0,1
"n.occ[4]",21.494,13.582368626172,6,11,18,28,57,1.00505958567028,434,0,1
"n.occ[5]",11.7864444444444,5.48768090570616,5,8,10,14,27,1.0313676919407,119,0,1
"n.occ[6]",28.9257777777778,5.71076610208493,20,25,28,32,42,1.01159216943201,434,0,1
"n.occ[7]",18.1635555555556,7.31469036036658,5,13,17,23,33,1.0292641620996,73,0,1
"n.occ[8]",18.2664444444444,7.43078805035973,6,13,17,24,33,1.05628903281043,41,0,1
"n.occ[9]",30.7793333333333,3.58573517943832,25,28,30,33,39,1.00594483254273,588,0,1
"psi.reg[1,1]",0.384245014245014,0.249871330986315,0.0256410256410256,0.179487179487179,0.358974358974359,0.564102564102564,0.923076923076923,1.00525259499439,405,0,1
"psi.reg[2,1]",0,0,0,0,0,0,0,NA,1,1,1
"psi.reg[3,1]",0.347373737373737,0.205489868246501,0.0303030303030303,0.181818181818182,0.333333333333333,0.454545454545455,0.818181818181818,1.02259637669081,131,0,1
"psi.reg[4,1]",0,0,0,0,0,0,0,NA,1,1,1
"psi.reg[1,2]",0.332837606837607,0.234546170448171,0.0256410256410256,0.153846153846154,0.282051282051282,0.487179487179487,0.871794871794872,1.01257719169549,196,0,1
"psi.reg[2,2]",0,0,0,0,0,0,0,NA,1,1,1
"psi.reg[3,2]",0.347878787878788,0.188323478391732,0.0606060606060606,0.212121212121212,0.303030303030303,0.424242424242424,0.834090909090898,1.01956350063149,165,0,1
"psi.reg[4,2]",0,0,0,0,0,0,0,NA,1,1,1
"psi.reg[1,3]",0.299823361823362,0.241039448161275,0,0.102564102564103,0.230769230769231,0.435897435897436,0.897435897435897,1.04613371577549,71,1,1
"psi.reg[2,3]",0,0,0,0,0,0,0,NA,1,1,1
"psi.reg[3,3]",0.346107744107744,0.17433442544627,0.0909090909090909,0.242424242424242,0.303030303030303,0.424242424242424,0.848484848484849,1.03797791156284,142,0,1
"psi.reg[4,3]",0,0,0,0,0,0,0,NA,1,1,1
"psi.reg[1,4]",0.277794871794872,0.248648633559031,0,0.0769230769230769,0.205128205128205,0.41025641025641,0.897435897435897,1.00390026710553,522,1,1
"psi.reg[2,4]",0,0,0,0,0,0,0,NA,1,1,1
"psi.reg[3,4]",0.323030303030303,0.146208120425344,0.151515151515152,0.212121212121212,0.272727272727273,0.393939393939394,0.727272727272727,1.00495213239136,449,0,1
"psi.reg[4,4]",0,0,0,0,0,0,0,NA,1,1,1
"psi.reg[1,5]",0.0949230769230769,0.10579830005737,0,0.0256410256410256,0.0512820512820513,0.128205128205128,0.398076923076914,1.02945146624258,151,1,1
"psi.reg[2,5]",0,0,0,0,0,0,0,NA,1,1,1
"psi.reg[3,5]",0.244983164983165,0.0665391075445288,0.151515151515152,0.212121212121212,0.242424242424242,0.272727272727273,0.393939393939394,1.01397536352772,157,0,1
"psi.reg[4,5]",0,0,0,0,0,0,0,NA,1,1,1
"psi.reg[1,6]",0.483253561253561,0.116887513583127,0.307692307692308,0.41025641025641,0.461538461538462,0.538461538461538,0.769230769230769,1.0103209770052,442,0,1
"psi.reg[2,6]",0,0,0,0,0,0,0,NA,1,1,1
"psi.reg[3,6]",0.305420875420875,0.0671058360326747,0.212121212121212,0.272727272727273,0.303030303030303,0.333333333333333,0.454545454545455,1.00498933261737,667,0,1
"psi.reg[4,6]",0,0,0,0,0,0,0,NA,1,1,1
"psi.reg[1,7]",0.234490028490028,0.155158156360696,0.0256410256410256,0.102564102564103,0.205128205128205,0.358974358974359,0.564102564102564,1.02556680995899,86,0,1
"psi.reg[2,7]",0,0,0,0,0,0,0,NA,1,1,1
"psi.reg[3,7]",0.273286195286195,0.0684615633942205,0.121212121212121,0.242424242424242,0.272727272727273,0.303030303030303,0.393939393939394,1.02589379950631,123,0,1
"psi.reg[4,7]",0,0,0,0,0,0,0,NA,1,1,1
"psi.reg[1,8]",0.239612535612536,0.157628029480058,0.0256410256410256,0.102564102564103,0.205128205128205,0.358974358974359,0.564102564102564,1.05171170607003,47,0,1
"psi.reg[2,8]",0,0,0,0,0,0,0,NA,1,1,1
"psi.reg[3,8]",0.270350168350168,0.0682971546041189,0.0909090909090909,0.242424242424242,0.272727272727273,0.303030303030303,0.393939393939394,1.03402638139214,75,0,1
"psi.reg[4,8]",0,0,0,0,0,0,0,NA,1,1,1
"psi.reg[1,9]",0.504148148148148,0.0734201712866795,0.384615384615385,0.461538461538462,0.487179487179487,0.538461538461538,0.666666666666667,1.00677958512271,393,0,1
"psi.reg[2,9]",0,0,0,0,0,0,0,NA,1,1,1
"psi.reg[3,9]",0.336895622895623,0.051142764742806,0.242424242424242,0.303030303030303,0.333333333333333,0.363636363636364,0.454545454545455,1.00110662541643,4500,0,1
"psi.reg[4,9]",0,0,0,0,0,0,0,NA,1,1,1
"n.occ.reg[1,1]",14.9855555555556,9.74498190846627,1,7,14,22,36,1.00525259499439,405,0,1
"n.occ.reg[2,1]",0,0,0,0,0,0,0,NA,1,1,1
"n.occ.reg[3,1]",11.4633333333333,6.78116565213454,1,6,11,15,27,1.02259637669081,131,0,1
"n.occ.reg[4,1]",0,0,0,0,0,0,0,NA,1,1,1
"n.occ.reg[1,2]",12.9806666666667,9.14730064747866,1,6,11,19,34,1.01257719169549,196,0,1
"n.occ.reg[2,2]",0,0,0,0,0,0,0,NA,1,1,1
"n.occ.reg[3,2]",11.48,6.21467478692717,2,7,10,14,27.5249999999996,1.01956350063149,165,0,1
"n.occ.reg[4,2]",0,0,0,0,0,0,0,NA,1,1,1
"n.occ.reg[1,3]",11.6931111111111,9.40053847828973,0,4,9,17,35,1.04613371577549,71,1,1
"n.occ.reg[2,3]",0,0,0,0,0,0,0,NA,1,1,1
"n.occ.reg[3,3]",11.4215555555556,5.75303603972692,3,8,10,14,28,1.03797791156284,142,0,1
"n.occ.reg[4,3]",0,0,0,0,0,0,0,NA,1,1,1
"n.occ.reg[1,4]",10.834,9.69729670880222,0,3,8,16,35,1.00390026710553,522,1,1
"n.occ.reg[2,4]",0,0,0,0,0,0,0,NA,1,1,1
"n.occ.reg[3,4]",10.66,4.82486797403634,5,7,9,13,24,1.00495213239136,449,0,1
"n.occ.reg[4,4]",0,0,0,0,0,0,0,NA,1,1,1
"n.occ.reg[1,5]",3.702,4.12613370223745,0,1,2,5,15.5249999999996,1.02945146624258,151,1,1
"n.occ.reg[2,5]",0,0,0,0,0,0,0,NA,1,1,1
"n.occ.reg[3,5]",8.08444444444445,2.19579054896945,5,7,8,9,13,1.01397536352772,157,0,1
"n.occ.reg[4,5]",0,0,0,0,0,0,0,NA,1,1,1
"n.occ.reg[1,6]",18.8468888888889,4.55861302974196,12,16,18,21,30,1.0103209770052,442,0,1
"n.occ.reg[2,6]",0,0,0,0,0,0,0,NA,1,1,1
"n.occ.reg[3,6]",10.0788888888889,2.21449258907827,7,9,10,11,15,1.00498933261737,667,0,1
"n.occ.reg[4,6]",0,0,0,0,0,0,0,NA,1,1,1
"n.occ.reg[1,7]",9.14511111111111,6.05116809806715,1,4,8,14,22,1.02556680995899,86,0,1
"n.occ.reg[2,7]",0,0,0,0,0,0,0,NA,1,1,1
"n.occ.reg[3,7]",9.01844444444444,2.25923159200928,4,8,9,10,13,1.02589379950631,123,0,1
"n.occ.reg[4,7]",0,0,0,0,0,0,0,NA,1,1,1
"n.occ.reg[1,8]",9.34488888888889,6.14749314972228,1,4,8,14,22,1.05171170607003,47,0,1
"n.occ.reg[2,8]",0,0,0,0,0,0,0,NA,1,1,1
"n.occ.reg[3,8]",8.92155555555556,2.25380610193592,3,8,9,10,13,1.03402638139214,75,0,1
"n.occ.reg[4,8]",0,0,0,0,0,0,0,NA,1,1,1
"n.occ.reg[1,9]",19.6617777777778,2.8633866801805,15,18,19,21,26,1.00677958512271,393,0,1
"n.occ.reg[2,9]",0,0,0,0,0,0,0,NA,1,1,1
"n.occ.reg[3,9]",11.1175555555556,1.6877112365126,8,10,11,12,15,1.00110662541643,4500,0,1
"n.occ.reg[4,9]",0,0,0,0,0,0,0,NA,1,1,1
"psi.reg.init[1]",0.40368700220431,0.275771986340437,0.0239516481675316,0.152949928079946,0.362911102210857,0.630836501477157,0.92935572619791,1.00072036401124,2140,0,1
"psi.reg.init[2]",0.498480814521805,0.283686589829496,0.0376768951216186,0.245309586034765,0.500834508137966,0.745935600176409,0.963364859677001,0.999807595388931,4500,0,1
"psi.reg.init[3]",0.356981442861416,0.235341543474282,0.0322553325080205,0.166007117246719,0.314406991218804,0.512007733871422,0.89495848592487,1.0114424546064,232,0,1
"psi.reg.init[4]",0.50469432066528,0.285474621144667,0.0395746779275734,0.249657260519078,0.507272980578379,0.757504886947335,0.960928097222675,1.00010553853611,4500,0,1
"gamma.reg[1,1]",0.35897009507066,0.339570134965977,1.42119121011956e-05,0.0483324595647026,0.247237988878355,0.637481553906205,0.997762907662426,1.00378854718583,677,0,1
"gamma.reg[2,1]",0.416114595912234,0.366207634022257,5.12877309075844e-06,0.0451352155696182,0.332837566546923,0.780934330859183,0.998069719973688,1.00304589057066,602,0,1
"gamma.reg[3,1]",0.131303481307142,0.238180058799573,9.114072456089e-07,0.00388496510604574,0.0273337665918959,0.118381812939152,0.958908238310229,1.0200166930892,268,0,1
"gamma.reg[4,1]",0.413070199727469,0.366019290029392,8.40494378318341e-06,0.0448183817465163,0.328615162168649,0.787962675560355,0.998273756466529,1.0035274382637,538,0,1
"gamma.reg[1,2]",0.320342583283876,0.3326750994215,1.11075840408725e-05,0.0308438437714271,0.185166596665732,0.559377013491255,0.996871270126104,1.01643080143827,153,0,1
"gamma.reg[2,2]",0.377312849586219,0.359322838485327,5.50217037361315e-06,0.0298692899018952,0.263721343133552,0.718520376547149,0.99723371175667,1.01018630307119,214,0,1
"gamma.reg[3,2]",0.111859459358686,0.216473078633047,7.63559852708566e-07,0.00243779321488524,0.0194699109272054,0.0961877766748958,0.957408534449794,1.0503278071054,112,0,1
"gamma.reg[4,2]",0.377007742586533,0.361219607964255,5.52243338113565e-06,0.028892245615743,0.256451399800459,0.735957929538058,0.997270100356882,1.01231743477956,173,0,1
"gamma.reg[1,3]",0.323765405519388,0.334205863151746,1.4485153660893e-05,0.0299512624462004,0.192778590233889,0.570528684322159,0.996340988350985,1.01732207996378,148,0,1
"gamma.reg[2,3]",0.382189848282697,0.362783636623719,6.42788004999287e-06,0.0295986772614582,0.262180985727583,0.741173041772373,0.996741633807999,1.01026585507799,202,0,1
"gamma.reg[3,3]",0.116386948371732,0.220304918396213,8.25496336905176e-07,0.00223885362890486,0.0199739450218404,0.103657084780916,0.895902444368585,1.04226085913491,111,0,1
"gamma.reg[4,3]",0.37987263798828,0.363802837106276,7.57193152698522e-06,0.0266343369972628,0.256617515440266,0.738171752489172,0.99625694663437,1.01384522497958,154,0,1
"gamma.reg[1,4]",0.108094102674886,0.178973662720561,1.6947745670931e-06,0.00399649206287878,0.0302586887224382,0.130788981464294,0.699327303319501,1.00576322785596,1011,0,1
"gamma.reg[2,4]",0.182185318161224,0.265215657215837,5.77213121194169e-07,0.00278722982367387,0.0400820227519727,0.265723206430615,0.908609964767302,1.00227082639112,1095,0,1
"gamma.reg[3,4]",0.0230163379970466,0.0758479402419851,8.7294176795877e-08,0.000253044879410017,0.00229392909859933,0.0134033619146313,0.182967537297013,1.06306800547907,343,0,1
"gamma.reg[4,4]",0.179654883337497,0.269249785744461,5.9386851568732e-07,0.00267927022908475,0.0359307637746426,0.242624095072007,0.922023224609681,1.00360326647626,761,0,1
"gamma.reg[1,5]",0.501817142120224,0.209590909154377,0.105651654767843,0.346574519544873,0.504782307406384,0.65729070013792,0.885601987613171,1.01076264370675,265,0,1
"gamma.reg[2,5]",0.538670600236457,0.31752168144332,0.0176890442738366,0.248409178381704,0.561837536626184,0.839928188275491,0.985820911184296,1.00102057980915,1583,0,1
"gamma.reg[3,5]",0.102523635736158,0.0935237841949727,0.00584299235861285,0.0363043218534183,0.0743898725151851,0.140286571863362,0.34511878768812,1.00390083010631,649,0,1
"gamma.reg[4,5]",0.534937950529805,0.316065844548001,0.0164843093686068,0.244372093496203,0.558793729111285,0.833036481449583,0.98473425465806,1.00023950345541,3540,0,1
"gamma.reg[1,6]",0.161690916834316,0.207157937120981,5.99027683723595e-06,0.0105842859364123,0.0722562133265407,0.233783654269543,0.763152256338981,1.00227105851218,2037,0,1
"gamma.reg[2,6]",0.237542261645444,0.291301416721937,2.45068746968499e-06,0.00885523272862508,0.0881477978245635,0.408536180661395,0.927783149674084,1.00100892821274,1636,0,1
"gamma.reg[3,6]",0.0229494773989013,0.0454177150205362,3.13776529994856e-07,0.000817586928645263,0.00652679066511737,0.0256187978226167,0.144113037474765,1.01459254676358,1224,0,1
"gamma.reg[4,6]",0.235351782795331,0.293239979165772,2.04439592098637e-06,0.00816983653003121,0.0826926456472275,0.402687905625081,0.930437616407142,1.00093308596346,2014,0,1
"gamma.reg[1,7]",0.126507959756379,0.160312515807681,2.01359277564339e-05,0.0127673106053224,0.06213306216501,0.18249647744135,0.600676105620984,1.00062174047485,2367,0,1
"gamma.reg[2,7]",0.210933669232833,0.270190169069136,1.10224644305383e-05,0.00801397200055298,0.0750661634765739,0.336157330902534,0.908212384000527,1.00211576091458,1264,0,1
"gamma.reg[3,7]",0.0183454905678311,0.0352326230761879,1.4210006793656e-06,0.000751101078526128,0.00514216101077031,0.0197633019041708,0.114883576635118,1.01987646671243,497,0,1
"gamma.reg[4,7]",0.207935869347632,0.272090099958614,9.16725957638479e-06,0.00769640060420444,0.0697452882686101,0.321277530290476,0.908734868147893,1.00140048928037,1359,0,1
"gamma.reg[1,8]",0.470320460969596,0.248667488427937,0.0019555866702485,0.283961595751628,0.499924723766084,0.663402109655974,0.878859968880941,1.03828137327484,66,0,1
"gamma.reg[2,8]",0.509353833801104,0.331962158310044,0.000801171667544558,0.192253288497458,0.522557693903938,0.82644649904565,0.984047700349766,1.00917242556158,250,0,1
"gamma.reg[3,8]",0.0945067733430228,0.0941697920916628,0.000169340566416287,0.0271344633505126,0.0669569872620257,0.131259844468328,0.351946795952152,1.01911098166499,128,0,1
"gamma.reg[4,8]",0.503911789712633,0.33009032449003,0.000694994375481577,0.190620985576144,0.520130092320284,0.817277366188164,0.983654713171227,1.00807869809352,269,0,1
"phi.reg[1,1]",0.404919112290742,0.338564162545334,0.00144075237773172,0.0943225963053237,0.307367242663703,0.707530074829011,0.997544819673458,1.00575558961348,523,0,1
"phi.reg[2,1]",0.518267236134775,0.350178518225778,0.00204998791821357,0.170385422311744,0.527064714658784,0.865724712380183,0.998866149437055,1.00065921532892,3517,0,1
"phi.reg[3,1]",0.800724888792982,0.25264132651721,0.0338389869058994,0.740394270288026,0.901771105180696,0.973679348788891,0.999849742191241,1.02061691470258,270,0,1
"phi.reg[4,1]",0.518802359024639,0.344572779166413,0.00251887385090247,0.181240564910698,0.533941165765747,0.85922460851421,0.999113049058193,1.00057468814316,4500,0,1
"phi.reg[1,2]",0.41453799050677,0.334294593753023,0.00223730388657511,0.105527809158205,0.330855605411982,0.716160636601987,0.998057332835267,1.00684335606973,345,0,1
"phi.reg[2,2]",0.533354660335799,0.340792149855917,0.00383795435197213,0.208072986518159,0.559577301951236,0.864805636736247,0.999124149846381,1.0037276827912,538,0,1
"phi.reg[3,2]",0.818599984298274,0.231129811701964,0.0517959121801597,0.764221566498797,0.908741978253306,0.97345762511144,0.999880713778829,1.03049041314326,152,0,1
"phi.reg[4,2]",0.530337120579916,0.341298205542846,0.00243013122441918,0.197220302124732,0.558665193522809,0.858410550898369,0.999104665918617,1.0038775177943,493,0,1
"phi.reg[1,3]",0.340370257969058,0.326630657569812,0.00161346367771666,0.0572936489636961,0.216513566698596,0.587619041919405,0.99756531624305,1.00389065282873,925,0,1
"phi.reg[2,3]",0.45368292416837,0.347044583065291,0.00219611735603209,0.108831709346936,0.417560334966827,0.787215244157024,0.999202933982499,1.00155861305562,1461,0,1
"phi.reg[3,3]",0.745111713919119,0.272563637646366,0.0529074496656426,0.612564743226454,0.854892675547356,0.953561000004219,0.999887586275925,1.016895411239,281,0,1
"phi.reg[4,3]",0.454259051853139,0.348109599940808,0.00202721197854641,0.108202512365016,0.420942941584492,0.790267013651658,0.999219264206726,1.00110482955967,1724,0,1
"phi.reg[1,4]",0.304724310422292,0.296961182653526,0.0034607475547853,0.0601322632525003,0.195911580308164,0.483864337446329,0.983661930817621,1.01210356203842,297,0,1
"phi.reg[2,4]",0.429552005089685,0.332387263740281,0.00452416470632439,0.114405404121639,0.368987567406459,0.74076245592495,0.991744895280329,0.999894781479154,4500,0,1
"phi.reg[3,4]",0.745468090528705,0.242868728941574,0.148356778418728,0.611743607886842,0.832420828348055,0.938300189890655,0.997971340670279,1.00184906653473,4500,0,1
"phi.reg[4,4]",0.4302620525172,0.332242129178377,0.00444482326079096,0.113115919627238,0.374967148901506,0.73837868870141,0.991418429800411,0.999854159810386,4500,0,1
"phi.reg[1,5]",0.488981538488043,0.342081955694362,0.0158455738166187,0.162195874442325,0.445712903193634,0.835561775575047,0.999181842139562,1.00990800220503,207,0,1
"phi.reg[2,5]",0.602284954258261,0.329141426365825,0.0235838038828072,0.298694225347261,0.664399119512069,0.920206099607706,0.999776399090617,1.00034145603627,3151,0,1
"phi.reg[3,5]",0.87700139135664,0.158704483880743,0.419684244757753,0.833499862856241,0.938155439587796,0.986052605442422,0.999947313504655,1.00996537182933,385,0,1
"phi.reg[4,5]",0.602976972933597,0.327618412737275,0.0224000595202671,0.302728642858469,0.670926900658177,0.920449819528298,0.99975103692917,1.00069692845888,2046,0,1
"phi.reg[1,6]",0.445217354597047,0.335805590943746,0.0120052181815515,0.131928600306801,0.371915022005556,0.758015011113353,0.999483638113356,1.02621157912712,85,0,1
"phi.reg[2,6]",0.568222716640889,0.334960007380404,0.0176649887156271,0.251867017907448,0.60355534413043,0.895101451619554,0.999797871717867,1.00564808902806,349,0,1
"phi.reg[3,6]",0.858633135557397,0.185513666795889,0.262270392556607,0.817358890786623,0.926239801158315,0.978296649572484,0.999966576259734,1.03703005775501,118,0,1
"phi.reg[4,6]",0.567464665589199,0.334924499114866,0.0166738319302601,0.252676467662376,0.602286489536552,0.895466793723211,0.999740844381303,1.00748994509461,265,0,1
"phi.reg[1,7]",0.528725470526338,0.338889876581641,0.0239370171659464,0.208635023859154,0.509786696745199,0.875052753436342,0.999827972681492,1.0275263123008,79,0,1
"phi.reg[2,7]",0.641826992932918,0.323140567261368,0.0384600798481056,0.359203333165579,0.73603111687317,0.944425404484208,0.999914729633005,1.00490199393666,390,0,1
"phi.reg[3,7]",0.902287270791296,0.132351428204171,0.508566248281153,0.867782044748251,0.952447127684396,0.989791772835533,0.999985783660489,1.01379560548494,241,0,1
"phi.reg[4,7]",0.64106811545235,0.320015001118915,0.0358881374546598,0.362996789804961,0.726579928386533,0.945473565993124,0.999920998398601,1.00716549724125,278,0,1
"phi.reg[1,8]",0.580161147273877,0.337178188537369,0.0366928882075633,0.262164223586408,0.599334872982312,0.932394090714831,0.999932481682409,1.01967672904583,106,0,1
"phi.reg[2,8]",0.686123034237531,0.311095485555847,0.0520148249047979,0.438194758198055,0.805166934612171,0.968185187751688,0.999976884539324,1.00376280271361,508,0,1
"phi.reg[3,8]",0.920829741392746,0.114765899225929,0.577380126497104,0.895794862526572,0.965736885161538,0.995070942858269,0.999996741616072,1.01451581012302,331,0,1
"phi.reg[4,8]",0.687840900205671,0.307792930635982,0.0548797347318831,0.448361046486083,0.795344541102617,0.966878625008984,0.999968881648649,1.00451170949096,442,0,1
"ext.reg[1,1]",0.595080887709258,0.338564162545334,0.0024551803265422,0.292469925170989,0.692632757336297,0.905677403694676,0.998559247622268,1.00575558961348,523,0,1
"ext.reg[2,1]",0.481732763865225,0.350178518225778,0.00113385056294507,0.134275287619817,0.472935285341216,0.829614577688256,0.997950012081786,1.00065921532892,3517,0,1
"ext.reg[3,1]",0.199275111207018,0.25264132651721,0.000150257808758475,0.0263206512111088,0.0982288948193042,0.259605729711974,0.9661610130941,1.02061691470258,270,0,1
"ext.reg[4,1]",0.481197640975361,0.344572779166413,0.000886950941806741,0.14077539148579,0.466058834234253,0.818759435089302,0.997481126149097,1.00057468814316,4500,0,1
"ext.reg[1,2]",0.58546200949323,0.334294593753023,0.00194266716473331,0.283839363398013,0.669144394588018,0.894472190841795,0.997762696113425,1.00684335606973,345,0,1
"ext.reg[2,2]",0.466645339664201,0.340792149855917,0.00087585015361894,0.135194363263753,0.440422698048764,0.791927013481841,0.996162045648028,1.0037276827912,538,0,1
"ext.reg[3,2]",0.181400015701726,0.231129811701964,0.000119286221171192,0.0265423748885598,0.0912580217466943,0.235778433501203,0.94820408781984,1.03049041314326,152,0,1
"ext.reg[4,2]",0.469662879420084,0.341298205542846,0.000895334081383298,0.141589449101631,0.441334806477191,0.802779697875268,0.997569868775581,1.0038775177943,493,0,1
"ext.reg[1,3]",0.659629742030942,0.326630657569812,0.00243468375695039,0.412380958080595,0.783486433301404,0.942706351036304,0.998386536322283,1.00389065282873,925,0,1
"ext.reg[2,3]",0.54631707583163,0.347044583065291,0.000797066017501189,0.212784755842976,0.582439665033173,0.891168290653064,0.997803882643968,1.00155861305562,1461,0,1
"ext.reg[3,3]",0.254888286080881,0.272563637646366,0.000112413724075028,0.0464389999957807,0.145107324452644,0.387435256773546,0.947092550334357,1.016895411239,281,0,1
"ext.reg[4,3]",0.545740948146861,0.348109599940808,0.000780735793274404,0.209732986348342,0.579057058415508,0.891797487634984,0.997972788021454,1.00110482955967,1724,0,1
"ext.reg[1,4]",0.695275689577707,0.296961182653526,0.0163380691823789,0.516135662553671,0.804088419691836,0.9398677367475,0.996539252445215,1.01210356203842,297,0,1
"ext.reg[2,4]",0.570447994910315,0.332387263740281,0.00825510471967131,0.25923754407505,0.631012432593541,0.885594595878361,0.995475835293675,0.999894781479154,4500,0,1
"ext.reg[3,4]",0.254531909471295,0.242868728941574,0.00202865932972055,0.0616998101093454,0.167579171651945,0.388256392113158,0.851643221581272,1.00184906653473,4500,0,1
"ext.reg[4,4]",0.5697379474828,0.332242129178377,0.0085815701995886,0.26162131129859,0.625032851098494,0.886884080372762,0.995555176739209,0.999854159810386,4500,0,1
"ext.reg[1,5]",0.511018461511957,0.342081955694362,0.000818157860438132,0.164438224424953,0.554287096806366,0.837804125557675,0.984154426183381,1.00990800220503,207,0,1
"ext.reg[2,5]",0.397715045741739,0.329141426365825,0.000223600909383015,0.0797939003922942,0.335600880487931,0.701305774652739,0.976416196117193,1.00034145603627,3151,0,1
"ext.reg[3,5]",0.12299860864336,0.158704483880743,5.26864953452083e-05,0.0139473945575783,0.0618445604122038,0.166500137143759,0.580315755242246,1.00996537182933,385,0,1
"ext.reg[4,5]",0.397023027066403,0.327618412737275,0.000248963070830419,0.0795501804717016,0.329073099341823,0.697271357141531,0.977599940479733,1.00069692845888,2046,0,1
"ext.reg[1,6]",0.554782645402953,0.335805590943746,0.000516361886643515,0.241984988886647,0.628084977994444,0.868071399693199,0.987994781818448,1.02621157912712,85,0,1
"ext.reg[2,6]",0.431777283359111,0.334960007380404,0.000202128282132819,0.104898548380446,0.39644465586957,0.748132982092552,0.982335011284373,1.00564808902806,349,0,1
"ext.reg[3,6]",0.141366864442603,0.185513666795889,3.3423740266364e-05,0.0217033504275159,0.0737601988416853,0.182641109213377,0.737729607443393,1.03703005775501,118,0,1
"ext.reg[4,6]",0.432535334410801,0.334924499114866,0.000259155618697235,0.104533206276789,0.397713510463448,0.747323532337624,0.98332616806974,1.00748994509461,265,0,1
"ext.reg[1,7]",0.471274529473662,0.338889876581641,0.000172027318508067,0.124947246563658,0.490213303254801,0.791364976140846,0.976062982834054,1.0275263123008,79,0,1
"ext.reg[2,7]",0.358173007067082,0.323140567261368,8.52703669950661e-05,0.0555745955157924,0.26396888312683,0.640796666834421,0.961539920151894,1.00490199393666,390,0,1
"ext.reg[3,7]",0.0977127292087042,0.132351428204171,1.42163395109723e-05,0.0102082271644672,0.0475528723156041,0.132217955251749,0.491433751718846,1.01379560548494,241,0,1
"ext.reg[4,7]",0.35893188454765,0.320015001118915,7.90016013994255e-05,0.0545264340068755,0.273420071613467,0.637003210195039,0.96411186254534,1.00716549724125,278,0,1
"ext.reg[1,8]",0.419838852726123,0.337178188537369,6.75183175908117e-05,0.0676059092851689,0.400665127017688,0.737835776413593,0.963307111792437,1.01967672904583,106,0,1
"ext.reg[2,8]",0.313876965762469,0.311095485555847,2.31154606764789e-05,0.031814812248312,0.194833065387829,0.561805241801945,0.947985175095202,1.00376280271361,508,0,1
"ext.reg[3,8]",0.0791702586072542,0.114765899225929,3.25838392804534e-06,0.00492905714173114,0.0342631148384619,0.104205137473428,0.422619873502895,1.01451581012302,331,0,1
"ext.reg[4,8]",0.312159099794329,0.307792930635982,3.11183513512975e-05,0.0331213749910163,0.204655458897383,0.551638953513917,0.945120265268116,1.00451170949096,442,0,1
"mean.gamma.reg[1]",0.296438583278666,0.128600331439969,0.0890704343343974,0.201518299762456,0.283079866560118,0.373184176576122,0.582523014386568,1.00195257580307,2093,0,1
"mean.gamma.reg[2]",0.356787872107276,0.227525781501909,0.0243374174616911,0.17118853663884,0.320225161585745,0.507734007636705,0.86604670023336,1.00171323588708,1114,0,1
"mean.gamma.reg[3]",0.077611450510065,0.0692815710941061,0.00833261033590987,0.0327055281419983,0.0575786606886222,0.0977193109398902,0.286361396946947,1.04507149067717,135,0,1
"mean.gamma.reg[4]",0.353967857003147,0.229824834023258,0.0225319411289796,0.174398752360091,0.316838562398512,0.497031495445053,0.88316874721838,1.00216276916436,840,0,1
"mean.phi.reg[1]",0.438454647759271,0.241479605151655,0.0446844502002894,0.237617061653221,0.428566015378332,0.631349482761658,0.887187782656716,1.02143165870759,107,0,1
"mean.phi.reg[2]",0.554164315474779,0.250877139266525,0.0701643291164032,0.360208733613625,0.582575556448963,0.758310254359633,0.951556404632875,1.00078810753589,2442,0,1
"mean.phi.reg[3]",0.833582027079645,0.112530229111423,0.545135695103443,0.780923775172141,0.858406828483416,0.915198404634747,0.977456828964018,1.01911122834739,215,0,1
"mean.phi.reg[4]",0.554126404769464,0.249363343289146,0.0720087844821209,0.360712983665613,0.58287257195816,0.755809250033528,0.950877699792443,1.00207352347607,1251,0,1
"mean.ext.reg[1]",0.561545352240729,0.241479605151655,0.112812217343284,0.368650517238342,0.571433984621668,0.762382938346779,0.955315549799711,1.02143165870759,107,0,1
"mean.ext.reg[2]",0.445835684525221,0.250877139266525,0.048443595367125,0.241689745640367,0.417424443551037,0.639791266386375,0.929835670883597,1.00078810753589,2442,0,1
"mean.ext.reg[3]",0.166417972920355,0.112530229111423,0.0225431710359824,0.0848015953652528,0.141593171516584,0.219076224827859,0.454864304896556,1.01911122834739,215,0,1
"mean.ext.reg[4]",0.445873595230536,0.249363343289146,0.0491223002075573,0.244190749966472,0.41712742804184,0.639287016334387,0.927991215517879,1.00207352347607,1251,0,1
"equilib.reg[1]",0.362656899498193,0.136840895190909,0.151039367631961,0.263281311488952,0.342759263995122,0.441046478402741,0.684360701158288,1.03456424709473,81,0,1
"equilib.reg[2]",0.44620920035435,0.222164319337924,0.0501916161495421,0.28145039930682,0.438710159752438,0.607469908465822,0.889004065693042,1.00217918489994,1224,0,1
"equilib.reg[3]",0.324843227788104,0.171931359146507,0.0597363696728806,0.192530954668619,0.302993648272772,0.434364064929336,0.714088996951959,1.00928717768109,261,0,1
"equilib.reg[4]",0.442088955812381,0.222522453237598,0.0494471888016639,0.271698716654934,0.432214204124625,0.602865510319407,0.883097667114767,1.00253782344279,804,0,1
"mean.p",0.0760359284516217,0.0615089406511736,0.016248740628384,0.0407999108222264,0.0614722650824008,0.0925482979516263,0.220207260333777,1.03059458901089,1635,0,1
"p.year[1]",0.0160486388655799,0.0279661993407643,0.000224951750580795,0.00320632461207492,0.00836626030893799,0.0192187815912738,0.0739286595314332,1.01727209517086,2103,0,1
"p.year[2]",0.0295888985836634,0.0385064096908094,0.00210958766546787,0.00931778722226736,0.0186505395772339,0.0355674099036361,0.122575618037896,1.02454914705045,901,0,1
"p.year[3]",0.0227337876795849,0.0256593893257632,0.0015117859960515,0.00735138973266141,0.0152111676589981,0.0290172073872795,0.0865297847535057,1.00179708620018,3169,0,1
"p.year[4]",0.0238909610234233,0.0222190493779403,0.00188505121377103,0.00854568734115142,0.0173217412339246,0.0323423105644158,0.0837655468031488,1.0054225742379,628,0,1
"p.year[5]",0.119778165036371,0.0695957008957456,0.0312246727774063,0.0694393186493881,0.104917910955908,0.152836652603889,0.295231010623705,1.00661085509348,442,0,1
"p.year[6]",0.208438955102964,0.0584359662013144,0.111699602891123,0.166920541631918,0.202380038845596,0.243841159291289,0.3395104850205,1.00297056279429,698,0,1
"p.year[7]",0.0323168364441519,0.0372672195638241,0.00436726990846545,0.0133024861407308,0.0228935543247913,0.0390064302521857,0.111103145815695,1.05483717887078,230,0,1
"p.year[8]",0.0571675444649291,0.0531642809741476,0.0103160104604821,0.0280509215995091,0.0446027724165298,0.0689502931570906,0.176705880928002,1.06418358175734,93,0,1
"p.year[9]",0.34994971433332,0.0659258135081742,0.226569495196305,0.302932397402195,0.347765402717252,0.394622009021936,0.481681879642346,1.00049578507954,2424,0,1
"z[1,1]",0.410444444444444,0.491969092231259,0,0,0,1,1,1.00295110272193,633,1,1
"z[2,1]",0.849111111111111,0.357980320487749,0,1,1,1,1,1.00715518778757,521,1,1
"z[3,1]",0.750666666666667,0.432675194529199,0,1,1,1,1,1.00174206250602,1295,1,1
"z[4,1]",0.508888888888889,0.499976537445606,0,0,1,1,1,1.00187612200561,911,1,1
"z[5,1]",0.468222222222222,0.499044603505108,0,0,0,1,1,1.0002481327611,3457,1,1
"z[6,1]",0.266222222222222,0.442030961496967,0,0,0,1,1,1.0078056281494,317,1,1
"z[7,1]",0,0,0,0,0,0,0,NA,1,1,1
"z[8,1]",0,0,0,0,0,0,0,NA,1,1,1
"z[9,1]",0,0,0,0,0,0,0,NA,1,1,1
"z[10,1]",0,0,0,0,0,0,0,NA,1,1,1
"z[11,1]",0,0,0,0,0,0,0,NA,1,1,1
"z[12,1]",0,0,0,0,0,0,0,NA,1,1,1
"z[13,1]",0,0,0,0,0,0,0,NA,1,1,1
"z[14,1]",0,0,0,0,0,0,0,NA,1,1,1
"z[15,1]",0.370888888888889,0.483096453821742,0,0,0,1,1,1.00098367560682,1631,1,1
"z[16,1]",0.583111111111111,0.49309895130924,0,0,1,1,1,1.00022373432795,3694,1,1
"z[17,1]",0,0,0,0,0,0,0,NA,1,1,1
"z[18,1]",0,0,0,0,0,0,0,NA,1,1,1
"z[19,1]",0,0,0,0,0,0,0,NA,1,1,1
"z[20,1]",0,0,0,0,0,0,0,NA,1,1,1
"z[21,1]",0.318444444444444,0.465924695139235,0,0,0,1,1,1.00500040195756,436,1,1
"z[22,1]",0.3,0.458308495491129,0,0,0,1,1,1.00603761467256,380,1,1
"z[23,1]",0.488666666666667,0.499927089594053,0,0,0,1,1,1.00084525278133,1703,1,1
"z[24,1]",0.266888888888889,0.442382978159525,0,0,0,1,1,1.00587872197803,413,1,1
"z[25,1]",0,0,0,0,0,0,0,NA,1,1,1
"z[26,1]",0,0,0,0,0,0,0,NA,1,1,1
"z[27,1]",0,0,0,0,0,0,0,NA,1,1,1
"z[28,1]",0.251333333333333,0.433827975818527,0,0,0,1,1,1.01381402368091,190,1,1
"z[29,1]",0.192444444444444,0.394264027506243,0,0,0,0,1,1.02166206559312,147,1,1
"z[30,1]",0,0,0,0,0,0,0,NA,1,1,1
"z[31,1]",0,0,0,0,0,0,0,NA,1,1,1
"z[32,1]",0,0,0,0,0,0,0,NA,1,1,1
"z[33,1]",0,0,0,0,0,0,0,NA,1,1,1
"z[34,1]",0,0,0,0,0,0,0,NA,1,1,1
"z[35,1]",0,0,0,0,0,0,0,NA,1,1,1
"z[36,1]",0,0,0,0,0,0,0,NA,1,1,1
"z[37,1]",0.343555555555556,0.474947643050087,0,0,0,1,1,1.00831389587987,262,1,1
"z[38,1]",0.261777777777778,0.439651142234043,0,0,0,1,1,1.00936258966126,269,1,1
"z[39,1]",0.458444444444444,0.498325515976808,0,0,0,1,1,1.00215305039666,816,1,1
"z[40,1]",0.578666666666667,0.493827650039958,0,0,1,1,1,1.00019944019511,3855,1,1
"z[41,1]",0,0,0,0,0,0,0,NA,1,1,1
"z[42,1]",0,0,0,0,0,0,0,NA,1,1,1
"z[43,1]",0,0,0,0,0,0,0,NA,1,1,1
"z[44,1]",0,0,0,0,0,0,0,NA,1,1,1
"z[45,1]",0,0,0,0,0,0,0,NA,1,1,1
"z[46,1]",0,0,0,0,0,0,0,NA,1,1,1
"z[47,1]",0,0,0,0,0,0,0,NA,1,1,1
"z[48,1]",0,0,0,0,0,0,0,NA,1,1,1
"z[49,1]",0,0,0,0,0,0,0,NA,1,1,1
"z[50,1]",0,0,0,0,0,0,0,NA,1,1,1
"z[51,1]",0,0,0,0,0,0,0,NA,1,1,1
"z[52,1]",0,0,0,0,0,0,0,NA,1,1,1
"z[53,1]",0,0,0,0,0,0,0,NA,1,1,1
"z[54,1]",0,0,0,0,0,0,0,NA,1,1,1
"z[55,1]",0,0,0,0,0,0,0,NA,1,1,1
"z[56,1]",0,0,0,0,0,0,0,NA,1,1,1
"z[57,1]",0.259777777777778,0.438561313033389,0,0,0,1,1,1.00623161500228,397,1,1
"z[58,1]",0.188222222222222,0.390932959969401,0,0,0,0,1,1.01585431320006,202,1,1
"z[59,1]",0.356,0.478868414994924,0,0,0,1,1,1.00440621941281,463,1,1
"z[60,1]",0.272666666666667,0.445380327769016,0,0,0,1,1,1.00295652733854,767,1,1
"z[61,1]",0,0,0,0,0,0,0,NA,1,1,1
"z[62,1]",0,0,0,0,0,0,0,NA,1,1,1
"z[63,1]",0,0,0,0,0,0,0,NA,1,1,1
"z[64,1]",0,0,0,0,0,0,0,NA,1,1,1
"z[65,1]",0,0,0,0,0,0,0,NA,1,1,1
"z[66,1]",0,0,0,0,0,0,0,NA,1,1,1
"z[67,1]",0,0,0,0,0,0,0,NA,1,1,1
"z[68,1]",0,0,0,0,0,0,0,NA,1,1,1
"z[69,1]",0.328444444444444,0.469699603488733,0,0,0,1,1,1.00512568414738,418,1,1
"z[70,1]",0.254888888888889,0.435847171788359,0,0,0,1,1,1.02350898206375,113,1,1
"z[71,1]",0.162,0.368491756631665,0,0,0,0,1,1.00557650120043,621,1,1
"z[72,1]",0.302444444444444,0.459367712745011,0,0,0,1,1,1.00807270025121,286,1,1
"z[73,1]",0,0,0,0,0,0,0,NA,1,1,1
"z[74,1]",0,0,0,0,0,0,0,NA,1,1,1
"z[75,1]",0,0,0,0,0,0,0,NA,1,1,1
"z[76,1]",0,0,0,0,0,0,0,NA,1,1,1
"z[77,1]",0,0,0,0,0,0,0,NA,1,1,1
"z[78,1]",0.394888888888889,0.488881137385478,0,0,0,1,1,0.99969946469869,4500,1,1
"z[79,1]",0.527777777777778,0.499283277769074,0,0,1,1,1,1.00122767858624,1291,1,1
"z[80,1]",0,0,0,0,0,0,0,NA,1,1,1
"z[81,1]",0.244888888888889,0.430069091055928,0,0,0,0,1,1.0163485374098,166,1,1
"z[82,1]",0.360666666666667,0.480247306077237,0,0,0,1,1,1.00416840043404,485,1,1
"z[83,1]",0.290222222222222,0.453915267875744,0,0,0,1,1,1.01367745886545,177,1,1
"z[84,1]",0.216,0.411560008218152,0,0,0,0,1,1.01766615945931,167,1,1
"z[85,1]",0.170888888888889,0.376453674828579,0,0,0,0,1,1.00755295379936,447,1,1
"z[86,1]",0.278,0.448063180220892,0,0,0,1,1,1.01017218884304,241,1,1
"z[87,1]",0.475333333333333,0.49944668205886,0,0,0,1,1,0.999871472942464,4500,1,1
"z[88,1]",0.391777777777778,0.488201715753971,0,0,0,1,1,1.00629554857454,321,1,1
"z[89,1]",0.282888888888889,0.450452945452442,0,0,0,1,1,1.01000242895116,242,1,1
"z[90,1]",0,0,0,0,0,0,0,NA,1,1,1
"z[91,1]",0,0,0,0,0,0,0,NA,1,1,1
"z[92,1]",0,0,0,0,0,0,0,NA,1,1,1
"z[93,1]",0,0,0,0,0,0,0,NA,1,1,1
"z[94,1]",0,0,0,0,0,0,0,NA,1,1,1
"z[95,1]",0.237111111111111,0.425358247463406,0,0,0,0,1,1.01459774770157,186,1,1
"z[96,1]",0.379333333333333,0.485275063325965,0,0,0,1,1,1.00228387201458,817,1,1
"z[97,1]",0.278,0.448063180220892,0,0,0,1,1,1.00378695205603,606,1,1
"z[98,1]",0.338888888888889,0.473384630425236,0,0,0,1,1,1.00100851790414,1671,1,1
"z[99,1]",0.535111111111111,0.498821113994054,0,0,1,1,1,1.00034262351501,2977,1,1
"z[100,1]",0.291777777777778,0.454631100078816,0,0,0,1,1,1.00341845843706,646,1,1
"z[101,1]",0.666222222222222,0.471613824455088,0,0,1,1,1,1.00286227014875,709,1,1
"z[102,1]",0,0,0,0,0,0,0,NA,1,1,1
"z[103,1]",0,0,0,0,0,0,0,NA,1,1,1
"z[104,1]",0.294666666666667,0.455943438114559,0,0,0,1,1,1.00331949323273,663,1,1
"z[105,1]",0,0,0,0,0,0,0,NA,1,1,1
"z[106,1]",0,0,0,0,0,0,0,NA,1,1,1
"z[107,1]",0,0,0,0,0,0,0,NA,1,1,1
"z[108,1]",0,0,0,0,0,0,0,NA,1,1,1
"z[109,1]",0,0,0,0,0,0,0,NA,1,1,1
"z[110,1]",0,0,0,0,0,0,0,NA,1,1,1
"z[111,1]",0,0,0,0,0,0,0,NA,1,1,1
"z[112,1]",0,0,0,0,0,0,0,NA,1,1,1
"z[113,1]",0,0,0,0,0,0,0,NA,1,1,1
"z[114,1]",0,0,0,0,0,0,0,NA,1,1,1
"z[115,1]",0,0,0,0,0,0,0,NA,1,1,1
"z[116,1]",0,0,0,0,0,0,0,NA,1,1,1
"z[117,1]",0,0,0,0,0,0,0,NA,1,1,1
"z[118,1]",0,0,0,0,0,0,0,NA,1,1,1
"z[119,1]",0,0,0,0,0,0,0,NA,1,1,1
"z[120,1]",0,0,0,0,0,0,0,NA,1,1,1
"z[121,1]",0,0,0,0,0,0,0,NA,1,1,1
"z[122,1]",0,0,0,0,0,0,0,NA,1,1,1
"z[123,1]",0,0,0,0,0,0,0,NA,1,1,1
"z[124,1]",0,0,0,0,0,0,0,NA,1,1,1
"z[125,1]",0.256444444444444,0.436718529791692,0,0,0,1,1,1.00399745693134,609,1,1
"z[126,1]",0.290888888888889,0.454222843702708,0,0,0,1,1,1.02167685304914,115,1,1
"z[127,1]",0,0,0,0,0,0,0,NA,1,1,1
"z[128,1]",0,0,0,0,0,0,0,NA,1,1,1
"z[129,1]",0,0,0,0,0,0,0,NA,1,1,1
"z[130,1]",0,0,0,0,0,0,0,NA,1,1,1
"z[131,1]",0.384444444444444,0.486517742196654,0,0,0,1,1,1.0193801418776,112,1,1
"z[132,1]",0.260444444444444,0.438925902898667,0,0,0,1,1,1.00508053384308,480,1,1
"z[133,1]",0.331777777777778,0.470903983688025,0,0,0,1,1,1.00335104439947,618,1,1
"z[134,1]",0,0,0,0,0,0,0,NA,1,1,1
"z[135,1]",0,0,0,0,0,0,0,NA,1,1,1
"z[136,1]",0,0,0,0,0,0,0,NA,1,1,1
"z[137,1]",0,0,0,0,0,0,0,NA,1,1,1
"z[138,1]",0,0,0,0,0,0,0,NA,1,1,1
"z[139,1]",0,0,0,0,0,0,0,NA,1,1,1
"z[140,1]",0,0,0,0,0,0,0,NA,1,1,1
"z[141,1]",0,0,0,0,0,0,0,NA,1,1,1
"z[142,1]",0,0,0,0,0,0,0,NA,1,1,1
"z[143,1]",0,0,0,0,0,0,0,NA,1,1,1
"z[144,1]",0,0,0,0,0,0,0,NA,1,1,1
"z[145,1]",0.432444444444444,0.495470282080354,0,0,0,1,1,0.999844113979478,4500,1,1
"z[146,1]",0.278,0.448063180220892,0,0,0,1,1,1.00669763936293,357,1,1
"z[147,1]",0.34,0.473761414375011,0,0,0,1,1,1.00266682581262,745,1,1
"z[148,1]",0.686,0.46416794180033,0,0,1,1,1,1.00384399283767,559,1,1
"z[149,1]",0,0,0,0,0,0,0,NA,1,1,1
"z[150,1]",0,0,0,0,0,0,0,NA,1,1,1
"z[151,1]",0,0,0,0,0,0,0,NA,1,1,1
"z[152,1]",0,0,0,0,0,0,0,NA,1,1,1
"z[153,1]",0.276888888888889,0.447510821813304,0,0,0,1,1,1.00817896340501,296,1,1
"z[154,1]",0.490666666666667,0.499968436434281,0,0,0,1,1,1.00033030856572,3019,1,1
"z[155,1]",0.184444444444444,0.387889322484193,0,0,0,0,1,1.00807398057061,394,1,1
"z[156,1]",0.210222222222222,0.407511647691963,0,0,0,0,1,1.00417673594033,666,1,1
"z[157,1]",0.219777777777778,0.414142029152664,0,0,0,0,1,1.01555524808599,184,1,1
"z[158,1]",0,0,0,0,0,0,0,NA,1,1,1
"z[159,1]",0,0,0,0,0,0,0,NA,1,1,1
"z[160,1]",0,0,0,0,0,0,0,NA,1,1,1
"z[161,1]",0.344666666666667,0.475312276709952,0,0,0,1,1,1.00604039336804,353,1,1
"z[162,1]",0.347555555555556,0.476246883268876,0,0,0,1,1,1.00303885476346,659,1,1
"z[163,1]",0.245777777777778,0.430595244346508,0,0,0,0,1,1.00766271707007,339,1,1
"z[164,1]",0.274222222222222,0.44617107989607,0,0,0,1,1,1.00104871170311,1816,1,1
"z[165,1]",0.223111111111111,0.41637851783485,0,0,0,0,1,1.00678767871515,405,1,1
"z[166,1]",0.515111111111111,0.499827141590173,0,0,1,1,1,1.00039949469734,2736,1,1
"z[167,1]",0,0,0,0,0,0,0,NA,1,1,1
"z[168,1]",0,0,0,0,0,0,0,NA,1,1,1
"z[169,1]",0,0,0,0,0,0,0,NA,1,1,1
"z[170,1]",0,0,0,0,0,0,0,NA,1,1,1
"z[171,1]",0.271777777777778,0.444925396089892,0,0,0,1,1,1.00263211692377,856,1,1
"z[172,1]",0.492444444444444,0.49999846879319,0,0,0,1,1,0.999989668983837,4500,1,1
"z[173,1]",0.294888888888889,0.456043472609393,0,0,0,1,1,1.00053327385545,2773,1,1
"z[174,1]",0.674888888888889,0.468468404505686,0,0,1,1,1,1.00045741783684,2881,1,1
"z[175,1]",0.557333333333333,0.496757210477482,0,0,1,1,1,1.001096984581,1423,1,1
"z[176,1]",0.721333333333333,0.448392946776403,0,0,1,1,1,1.00264102419752,838,1,1
"z[177,1]",0.396666666666667,0.489260070677426,0,0,0,1,1,1.0026087560565,715,1,1
"z[178,1]",0,0,0,0,0,0,0,NA,1,1,1
"z[179,1]",0,0,0,0,0,0,0,NA,1,1,1
"z[180,1]",0,0,0,0,0,0,0,NA,1,1,1
"z[181,1]",0,0,0,0,0,0,0,NA,1,1,1
"z[182,1]",0,0,0,0,0,0,0,NA,1,1,1
"z[183,1]",0,0,0,0,0,0,0,NA,1,1,1
"z[184,1]",0,0,0,0,0,0,0,NA,1,1,1
"z[185,1]",0,0,0,0,0,0,0,NA,1,1,1
"z[1,2]",0.422666666666667,0.494038251734098,0,0,0,1,1,1.00027290046651,3383,1,1
"z[2,2]",1,0,1,1,1,1,1,NA,1,0,1
"z[3,2]",0.852222222222222,0.354919003366098,0,1,1,1,1,1.00385137934962,944,1,1
"z[4,2]",0.560222222222222,0.496415194911033,0,0,1,1,1,1.004830948287,398,1,1
"z[5,2]",0.373555555555556,0.483801422745545,0,0,0,1,1,1.00261374381978,730,1,1
"z[6,2]",0.306666666666667,0.461161015380892,0,0,0,1,1,1.00125924861981,1476,1,1
"z[7,2]",0,0,0,0,0,0,0,NA,1,1,1
"z[8,2]",0,0,0,0,0,0,0,NA,1,1,1
"z[9,2]",0,0,0,0,0,0,0,NA,1,1,1
"z[10,2]",0,0,0,0,0,0,0,NA,1,1,1
"z[11,2]",0,0,0,0,0,0,0,NA,1,1,1
"z[12,2]",0,0,0,0,0,0,0,NA,1,1,1
"z[13,2]",0,0,0,0,0,0,0,NA,1,1,1
"z[14,2]",0,0,0,0,0,0,0,NA,1,1,1
"z[15,2]",0.290222222222222,0.453915267875744,0,0,0,1,1,1.00386349608922,581,1,1
"z[16,2]",0.515555555555556,0.499813504030347,0,0,1,1,1,1.00356405695448,519,1,1
"z[17,2]",0,0,0,0,0,0,0,NA,1,1,1
"z[18,2]",0,0,0,0,0,0,0,NA,1,1,1
"z[19,2]",0,0,0,0,0,0,0,NA,1,1,1
"z[20,2]",0,0,0,0,0,0,0,NA,1,1,1
"z[21,2]",0.144,0.351128748592969,0,0,0,0,1,1.00616291203058,625,1,1
"z[22,2]",0.240666666666667,0.427535778058793,0,0,0,0,1,1.00568291071016,456,1,1
"z[23,2]",0.280444444444444,0.449266303438176,0,0,0,1,1,1.00445689755143,520,1,1
"z[24,2]",0.271333333333333,0.444697089289433,0,0,0,1,1,1.00196656964004,1105,1,1
"z[25,2]",0,0,0,0,0,0,0,NA,1,1,1
"z[26,2]",0,0,0,0,0,0,0,NA,1,1,1
"z[27,2]",0,0,0,0,0,0,0,NA,1,1,1
"z[28,2]",0.169777777777778,0.375479179003057,0,0,0,0,1,1.01808932636733,194,1,1
"z[29,2]",0.188444444444444,0.391110123236015,0,0,0,0,1,1.01783179721955,180,1,1
"z[30,2]",0,0,0,0,0,0,0,NA,1,1,1
"z[31,2]",0,0,0,0,0,0,0,NA,1,1,1
"z[32,2]",0,0,0,0,0,0,0,NA,1,1,1
"z[33,2]",0,0,0,0,0,0,0,NA,1,1,1
"z[34,2]",0,0,0,0,0,0,0,NA,1,1,1
"z[35,2]",0,0,0,0,0,0,0,NA,1,1,1
"z[36,2]",0,0,0,0,0,0,0,NA,1,1,1
"z[37,2]",0.384888888888889,0.486623113690261,0,0,0,1,1,1.00152999782843,1136,1,1
"z[38,2]",0.201555555555556,0.401206535283835,0,0,0,0,1,1.00075167718351,2857,1,1
"z[39,2]",0.372666666666667,0.483568181607945,0,0,0,1,1,1.0101270072494,209,1,1
"z[40,2]",0.39,0.487804139401693,0,0,0,1,1,1.01333913673865,158,1,1
"z[41,2]",0,0,0,0,0,0,0,NA,1,1,1
"z[42,2]",0,0,0,0,0,0,0,NA,1,1,1
"z[43,2]",0,0,0,0,0,0,0,NA,1,1,1
"z[44,2]",0,0,0,0,0,0,0,NA,1,1,1
"z[45,2]",0,0,0,0,0,0,0,NA,1,1,1
"z[46,2]",0,0,0,0,0,0,0,NA,1,1,1
"z[47,2]",0,0,0,0,0,0,0,NA,1,1,1
"z[48,2]",0,0,0,0,0,0,0,NA,1,1,1
"z[49,2]",0,0,0,0,0,0,0,NA,1,1,1
"z[50,2]",0,0,0,0,0,0,0,NA,1,1,1
"z[51,2]",0,0,0,0,0,0,0,NA,1,1,1
"z[52,2]",0,0,0,0,0,0,0,NA,1,1,1
"z[53,2]",0,0,0,0,0,0,0,NA,1,1,1
"z[54,2]",0,0,0,0,0,0,0,NA,1,1,1
"z[55,2]",0,0,0,0,0,0,0,NA,1,1,1
"z[56,2]",0,0,0,0,0,0,0,NA,1,1,1
"z[57,2]",0.21,0.407353501103256,0,0,0,0,1,1.00844112481258,343,1,1
"z[58,2]",0.157111111111111,0.363945936488476,0,0,0,0,1,1.01223649911882,302,1,1
"z[59,2]",0.308444444444444,0.461902458436175,0,0,0,1,1,1.00351672866708,613,1,1
"z[60,2]",0.368,0.482314933464995,0,0,0,1,1,1.00221470615403,846,1,1
"z[61,2]",0,0,0,0,0,0,0,NA,1,1,1
"z[62,2]",0,0,0,0,0,0,0,NA,1,1,1
"z[63,2]",0,0,0,0,0,0,0,NA,1,1,1
"z[64,2]",0,0,0,0,0,0,0,NA,1,1,1
"z[65,2]",0,0,0,0,0,0,0,NA,1,1,1
"z[66,2]",0,0,0,0,0,0,0,NA,1,1,1
"z[67,2]",0,0,0,0,0,0,0,NA,1,1,1
"z[68,2]",0,0,0,0,0,0,0,NA,1,1,1
"z[69,2]",0.214888888888889,0.41079088857108,0,0,0,0,1,1.01144851344855,253,1,1
"z[70,2]",0.172888888888889,0.378193211805201,0,0,0,0,1,1.02531197531188,137,1,1
"z[71,2]",0.165333333333333,0.371522402164484,0,0,0,0,1,1.0036588967264,908,1,1
"z[72,2]",0.348,0.47638895090101,0,0,0,1,1,1.01419485681635,157,1,1
"z[73,2]",0,0,0,0,0,0,0,NA,1,1,1
"z[74,2]",0,0,0,0,0,0,0,NA,1,1,1
"z[75,2]",0,0,0,0,0,0,0,NA,1,1,1
"z[76,2]",0,0,0,0,0,0,0,NA,1,1,1
"z[77,2]",0,0,0,0,0,0,0,NA,1,1,1
"z[78,2]",0.447777777777778,0.497320622174249,0,0,0,1,1,1.00052352334308,2364,1,1
"z[79,2]",0.411777777777778,0.492209993228999,0,0,0,1,1,1.00468215066813,416,1,1
"z[80,2]",0,0,0,0,0,0,0,NA,1,1,1
"z[81,2]",0.242444444444444,0.428609331850102,0,0,0,0,1,1.01502036445698,181,1,1
"z[82,2]",0.327333333333333,0.469292194021633,0,0,0,1,1,1.01071929943056,209,1,1
"z[83,2]",0.235555555555556,0.424392695578353,0,0,0,0,1,1.01235595697783,222,1,1
"z[84,2]",0.281777777777778,0.449915597472985,0,0,0,1,1,1.01143302986927,213,1,1
"z[85,2]",0.287777777777778,0.452777302401117,0,0,0,1,1,1.00034678050969,3582,1,1
"z[86,2]",0.162888888888889,0.36930530304322,0,0,0,0,1,1.00681047813772,513,1,1
"z[87,2]",0.291555555555556,0.454529233367423,0,0,0,1,1,1.00625133345173,370,1,1
"z[88,2]",0.343777777777778,0.475020800138348,0,0,0,1,1,1.00322574573918,630,1,1
"z[89,2]",0.279555555555556,0.448830717933826,0,0,0,1,1,1.00353113794767,650,1,1
"z[90,2]",0,0,0,0,0,0,0,NA,1,1,1
"z[91,2]",0,0,0,0,0,0,0,NA,1,1,1
"z[92,2]",0,0,0,0,0,0,0,NA,1,1,1
"z[93,2]",0,0,0,0,0,0,0,NA,1,1,1
"z[94,2]",0,0,0,0,0,0,0,NA,1,1,1
"z[95,2]",0.218222222222222,0.413084983718457,0,0,0,0,1,1.00474568223931,576,1,1
"z[96,2]",0.348222222222222,0.476459813329635,0,0,0,1,1,1.00722278747243,295,1,1
"z[97,2]",0.228666666666667,0.420020744838499,0,0,0,0,1,1.00570325749681,476,1,1
"z[98,2]",0.262222222222222,0.439891724684666,0,0,0,1,1,1.00122971495608,1655,1,1
"z[99,2]",0.307777777777778,0.461625359343403,0,0,0,1,1,1.01101652692363,210,1,1
"z[100,2]",0.220666666666667,0.414742225461546,0,0,0,0,1,1.00356673148202,745,1,1
"z[101,2]",0.475555555555556,0.49945761003876,0,0,0,1,1,1.00612735460037,315,1,1
"z[102,2]",0,0,0,0,0,0,0,NA,1,1,1
"z[103,2]",0,0,0,0,0,0,0,NA,1,1,1
"z[104,2]",0.214888888888889,0.41079088857108,0,0,0,0,1,1.01569141876075,189,1,1
"z[105,2]",0,0,0,0,0,0,0,NA,1,1,1
"z[106,2]",0,0,0,0,0,0,0,NA,1,1,1
"z[107,2]",0,0,0,0,0,0,0,NA,1,1,1
"z[108,2]",0,0,0,0,0,0,0,NA,1,1,1
"z[109,2]",0,0,0,0,0,0,0,NA,1,1,1
"z[110,2]",0,0,0,0,0,0,0,NA,1,1,1
"z[111,2]",0,0,0,0,0,0,0,NA,1,1,1
"z[112,2]",0,0,0,0,0,0,0,NA,1,1,1
"z[113,2]",0,0,0,0,0,0,0,NA,1,1,1
"z[114,2]",0,0,0,0,0,0,0,NA,1,1,1
"z[115,2]",0,0,0,0,0,0,0,NA,1,1,1
"z[116,2]",0,0,0,0,0,0,0,NA,1,1,1
"z[117,2]",0,0,0,0,0,0,0,NA,1,1,1
"z[118,2]",0,0,0,0,0,0,0,NA,1,1,1
"z[119,2]",0,0,0,0,0,0,0,NA,1,1,1
"z[120,2]",0,0,0,0,0,0,0,NA,1,1,1
"z[121,2]",0,0,0,0,0,0,0,NA,1,1,1
"z[122,2]",0,0,0,0,0,0,0,NA,1,1,1
"z[123,2]",0,0,0,0,0,0,0,NA,1,1,1
"z[124,2]",0,0,0,0,0,0,0,NA,1,1,1
"z[125,2]",0.245111111111111,0.430200861930551,0,0,0,0,1,1.00402370042119,622,1,1
"z[126,2]",0.267333333333333,0.442616942427579,0,0,0,1,1,1.02228715851,118,1,1
"z[127,2]",0,0,0,0,0,0,0,NA,1,1,1
"z[128,2]",0,0,0,0,0,0,0,NA,1,1,1
"z[129,2]",0,0,0,0,0,0,0,NA,1,1,1
"z[130,2]",0,0,0,0,0,0,0,NA,1,1,1
"z[131,2]",0.324,0.468052008668272,0,0,0,1,1,1.0139562722362,165,1,1
"z[132,2]",0.275777777777778,0.446955018011607,0,0,0,1,1,1.00173705238219,1216,1,1
"z[133,2]",0.243111111111111,0.42900932220977,0,0,0,0,1,1.00406221045769,624,1,1
"z[134,2]",0,0,0,0,0,0,0,NA,1,1,1
"z[135,2]",0,0,0,0,0,0,0,NA,1,1,1
"z[136,2]",0,0,0,0,0,0,0,NA,1,1,1
"z[137,2]",0,0,0,0,0,0,0,NA,1,1,1
"z[138,2]",0,0,0,0,0,0,0,NA,1,1,1
"z[139,2]",0,0,0,0,0,0,0,NA,1,1,1
"z[140,2]",0,0,0,0,0,0,0,NA,1,1,1
"z[141,2]",0,0,0,0,0,0,0,NA,1,1,1
"z[142,2]",0,0,0,0,0,0,0,NA,1,1,1
"z[143,2]",0,0,0,0,0,0,0,NA,1,1,1
"z[144,2]",0,0,0,0,0,0,0,NA,1,1,1
"z[145,2]",0.377555555555556,0.48482944783698,0,0,0,1,1,1.0056725136895,359,1,1
"z[146,2]",0.390222222222222,0.487854208528772,0,0,0,1,1,1.00278855165528,680,1,1
"z[147,2]",0.259111111111111,0.438195405335641,0,0,0,1,1,1.00256080264162,899,1,1
"z[148,2]",0.614888888888889,0.486675638643712,0,0,1,1,1,1.00355618472031,548,1,1
"z[149,2]",0,0,0,0,0,0,0,NA,1,1,1
"z[150,2]",0,0,0,0,0,0,0,NA,1,1,1
"z[151,2]",0,0,0,0,0,0,0,NA,1,1,1
"z[152,2]",0,0,0,0,0,0,0,NA,1,1,1
"z[153,2]",0.276222222222222,0.447177753800003,0,0,0,1,1,1.00846289055067,288,1,1
"z[154,2]",0.382,0.485930522805471,0,0,0,1,1,1.00505411098624,397,1,1
"z[155,2]",0.211555555555556,0.408456701904577,0,0,0,0,1,1.00914442410848,319,1,1
"z[156,2]",0.124,0.329618179158867,0,0,0,0,1,1.00284391878921,1447,1,1
"z[157,2]",0.165333333333333,0.371522402164484,0,0,0,0,1,1.01252159929783,281,1,1
"z[158,2]",0,0,0,0,0,0,0,NA,1,1,1
"z[159,2]",0,0,0,0,0,0,0,NA,1,1,1
"z[160,2]",0,0,0,0,0,0,0,NA,1,1,1
"z[161,2]",0.120888888888889,0.326034334535402,0,0,0,0,1,1.01151827657614,394,1,1
"z[162,2]",0.320444444444444,0.466699265365087,0,0,0,1,1,1.00338047445266,621,1,1
"z[163,2]",0.219111111111111,0.413690056794411,0,0,0,0,1,1.00102265811558,2150,1,1
"z[164,2]",0.401333333333333,0.49022269730602,0,0,0,1,1,1.00034141639427,3090,1,1
"z[165,2]",0.349555555555556,0.476882591680911,0,0,0,1,1,1.00160360403622,1143,1,1
"z[166,2]",0.460444444444444,0.498488292894798,0,0,0,1,1,1.00301053658677,607,1,1
"z[167,2]",0,0,0,0,0,0,0,NA,1,1,1
"z[168,2]",0,0,0,0,0,0,0,NA,1,1,1
"z[169,2]",0,0,0,0,0,0,0,NA,1,1,1
"z[170,2]",0,0,0,0,0,0,0,NA,1,1,1
"z[171,2]",0.348888888888889,0.476671715676982,0,0,0,1,1,1.00188041036706,996,1,1
"z[172,2]",0.320888888888889,0.46687005379598,0,0,0,1,1,1.00282684479066,729,1,1
"z[173,2]",0.534888888888889,0.498836709534676,0,0,1,1,1,1.00031424307959,3109,1,1
"z[174,2]",0.76,0.427130591672784,0,1,1,1,1,1.00265827388298,917,1,1
"z[175,2]",0.663555555555556,0.47254544997478,0,0,1,1,1,1.00497349707789,427,1,1
"z[176,2]",0.781777777777778,0.413084983718457,0,1,1,1,1,1.00887868258646,320,1,1
"z[177,2]",0.524666666666667,0.49944668205886,0,0,1,1,1,1.00021149152417,3685,1,1
"z[178,2]",0,0,0,0,0,0,0,NA,1,1,1
"z[179,2]",0,0,0,0,0,0,0,NA,1,1,1
"z[180,2]",0,0,0,0,0,0,0,NA,1,1,1
"z[181,2]",0,0,0,0,0,0,0,NA,1,1,1
"z[182,2]",0,0,0,0,0,0,0,NA,1,1,1
"z[183,2]",0,0,0,0,0,0,0,NA,1,1,1
"z[184,2]",0,0,0,0,0,0,0,NA,1,1,1
"z[185,2]",0,0,0,0,0,0,0,NA,1,1,1
"z[1,3]",0.445777777777778,0.497106492646933,0,0,0,1,1,0.999891628865288,4500,1,1
"z[2,3]",0.946222222222222,0.225603720820688,0,1,1,1,1,1.05919003775019,156,1,1
"z[3,3]",1,0,1,1,1,1,1,NA,1,0,1
"z[4,3]",0.591555555555556,0.491600737364081,0,0,1,1,1,1.00533214365835,369,1,1
"z[5,3]",0.330222222222222,0.470345263832854,0,0,0,1,1,1.00537131794498,400,1,1
"z[6,3]",0.303333333333333,0.459749054543926,0,0,0,1,1,1.00820527076747,283,1,1
"z[7,3]",0,0,0,0,0,0,0,NA,1,1,1
"z[8,3]",0,0,0,0,0,0,0,NA,1,1,1
"z[9,3]",0,0,0,0,0,0,0,NA,1,1,1
"z[10,3]",0,0,0,0,0,0,0,NA,1,1,1
"z[11,3]",0,0,0,0,0,0,0,NA,1,1,1
"z[12,3]",0,0,0,0,0,0,0,NA,1,1,1
"z[13,3]",0,0,0,0,0,0,0,NA,1,1,1
"z[14,3]",0,0,0,0,0,0,0,NA,1,1,1
"z[15,3]",0.268444444444444,0.443199362410781,0,0,0,1,1,1.00917539195189,274,1,1
"z[16,3]",0.472666666666667,0.499307811606502,0,0,0,1,1,1.00638405947423,304,1,1
"z[17,3]",0,0,0,0,0,0,0,NA,1,1,1
"z[18,3]",0,0,0,0,0,0,0,NA,1,1,1
"z[19,3]",0,0,0,0,0,0,0,NA,1,1,1
"z[20,3]",0,0,0,0,0,0,0,NA,1,1,1
"z[21,3]",0.123777777777778,0.329364458287695,0,0,0,0,1,1.01903603221665,239,1,1
"z[22,3]",0.196,0.397012627570361,0,0,0,0,1,1.01544103898147,206,1,1
"z[23,3]",0.243555555555556,0.429275200077866,0,0,0,0,1,1.0081981681918,323,1,1
"z[24,3]",0.25,0.433060822434891,0,0,0,0.25,1,1.01489089691445,180,1,1
"z[25,3]",0,0,0,0,0,0,0,NA,1,1,1
"z[26,3]",0,0,0,0,0,0,0,NA,1,1,1
"z[27,3]",0,0,0,0,0,0,0,NA,1,1,1
"z[28,3]",0.130666666666667,0.337072896216618,0,0,0,0,1,1.02446724398951,176,1,1
"z[29,3]",0.182444444444444,0.386253314328518,0,0,0,0,1,1.0148329968669,221,1,1
"z[30,3]",0,0,0,0,0,0,0,NA,1,1,1
"z[31,3]",0,0,0,0,0,0,0,NA,1,1,1
"z[32,3]",0,0,0,0,0,0,0,NA,1,1,1
"z[33,3]",0,0,0,0,0,0,0,NA,1,1,1
"z[34,3]",0,0,0,0,0,0,0,NA,1,1,1
"z[35,3]",0,0,0,0,0,0,0,NA,1,1,1
"z[36,3]",0,0,0,0,0,0,0,NA,1,1,1
"z[37,3]",0.310222222222222,0.46263588027627,0,0,0,1,1,1.01928601527039,125,1,1
"z[38,3]",0.181555555555556,0.385520639964811,0,0,0,0,1,1.01138629142373,291,1,1
"z[39,3]",0.353777777777778,0.478194392749094,0,0,0,1,1,1.01199615692634,183,1,1
"z[40,3]",0.364222222222222,0.481264859774747,0,0,0,1,1,1.01020039075482,210,1,1
"z[41,3]",0,0,0,0,0,0,0,NA,1,1,1
"z[42,3]",0,0,0,0,0,0,0,NA,1,1,1
"z[43,3]",0,0,0,0,0,0,0,NA,1,1,1
"z[44,3]",0,0,0,0,0,0,0,NA,1,1,1
"z[45,3]",0,0,0,0,0,0,0,NA,1,1,1
"z[46,3]",0,0,0,0,0,0,0,NA,1,1,1
"z[47,3]",0,0,0,0,0,0,0,NA,1,1,1
"z[48,3]",0,0,0,0,0,0,0,NA,1,1,1
"z[49,3]",0,0,0,0,0,0,0,NA,1,1,1
"z[50,3]",0,0,0,0,0,0,0,NA,1,1,1
"z[51,3]",0,0,0,0,0,0,0,NA,1,1,1
"z[52,3]",0,0,0,0,0,0,0,NA,1,1,1
"z[53,3]",0,0,0,0,0,0,0,NA,1,1,1
"z[54,3]",0,0,0,0,0,0,0,NA,1,1,1
"z[55,3]",0,0,0,0,0,0,0,NA,1,1,1
"z[56,3]",0,0,0,0,0,0,0,NA,1,1,1
"z[57,3]",0.171333333333333,0.376841850052645,0,0,0,0,1,1.0163215353816,211,1,1
"z[58,3]",0.142444444444444,0.349544240495844,0,0,0,0,1,1.01662151422199,242,1,1
"z[59,3]",0.292222222222222,0.454834439266988,0,0,0,1,1,1.01561992542273,156,1,1
"z[60,3]",0.346444444444444,0.475889712276878,0,0,0,1,1,1.01354989764943,165,1,1
"z[61,3]",0,0,0,0,0,0,0,NA,1,1,1
"z[62,3]",0,0,0,0,0,0,0,NA,1,1,1
"z[63,3]",0,0,0,0,0,0,0,NA,1,1,1
"z[64,3]",0,0,0,0,0,0,0,NA,1,1,1
"z[65,3]",0,0,0,0,0,0,0,NA,1,1,1
"z[66,3]",0,0,0,0,0,0,0,NA,1,1,1
"z[67,3]",0,0,0,0,0,0,0,NA,1,1,1
"z[68,3]",0,0,0,0,0,0,0,NA,1,1,1
"z[69,3]",0.149777777777778,0.356893121404989,0,0,0,0,1,1.00946550351425,399,1,1
"z[70,3]",0.14,0.347025591999432,0,0,0,0,1,1.02663617976797,153,1,1
"z[71,3]",0.158222222222222,0.364989800567479,0,0,0,0,1,1.0064054191803,555,1,1
"z[72,3]",0.37,0.48285796204854,0,0,0,1,1,1.0121144668988,177,1,1
"z[73,3]",0,0,0,0,0,0,0,NA,1,1,1
"z[74,3]",0,0,0,0,0,0,0,NA,1,1,1
"z[75,3]",0,0,0,0,0,0,0,NA,1,1,1
"z[76,3]",0,0,0,0,0,0,0,NA,1,1,1
"z[77,3]",0,0,0,0,0,0,0,NA,1,1,1
"z[78,3]",0.390888888888889,0.488003777793115,0,0,0,1,1,1.00183511719538,975,1,1
"z[79,3]",0.362,0.480632224224849,0,0,0,1,1,1.005544140157,375,1,1
"z[80,3]",0,0,0,0,0,0,0,NA,1,1,1
"z[81,3]",0.234,0.423419225890279,0,0,0,0,1,1.01277133171562,216,1,1
"z[82,3]",0.279555555555556,0.448830717933826,0,0,0,1,1,1.00885320347864,274,1,1
"z[83,3]",0.204888888888889,0.403665260137017,0,0,0,0,1,1.01574333326682,192,1,1
"z[84,3]",0.306888888888889,0.461254135741093,0,0,0,1,1,1.01309958976015,181,1,1
"z[85,3]",0.314444444444444,0.464345830930596,0,0,0,1,1,1.00345541865605,616,1,1
"z[86,3]",0.152444444444444,0.35949110480899,0,0,0,0,1,1.01948809511196,198,1,1
"z[87,3]",0.247333333333333,0.431510061922995,0,0,0,0,1,1.01092844013,243,1,1
"z[88,3]",0.292,0.454732835349272,0,0,0,1,1,1.03024418739939,84,1,1
"z[89,3]",0.250666666666667,0.433445081652364,0,0,0,1,1,1.01831804934268,148,1,1
"z[90,3]",0,0,0,0,0,0,0,NA,1,1,1
"z[91,3]",0,0,0,0,0,0,0,NA,1,1,1
"z[92,3]",0,0,0,0,0,0,0,NA,1,1,1
"z[93,3]",0,0,0,0,0,0,0,NA,1,1,1
"z[94,3]",0,0,0,0,0,0,0,NA,1,1,1
"z[95,3]",0.179111111111111,0.383487941993863,0,0,0,0,1,1.00813345973946,405,1,1
"z[96,3]",0.286444444444444,0.452149815527453,0,0,0,1,1,1.00589638749931,396,1,1
"z[97,3]",0.193555555555556,0.395128456639485,0,0,0,0,1,1.00329687815718,889,1,1
"z[98,3]",0.202222222222222,0.401701697512958,0,0,0,0,1,1.00481130369745,609,1,1
"z[99,3]",0.237777777777778,0.42576964496162,0,0,0,0,1,1.01682865286722,164,1,1
"z[100,3]",0.2,0.400044451853224,0,0,0,0,1,1.01311368060176,237,1,1
"z[101,3]",0.389555555555556,0.487703681892657,0,0,0,1,1,1.00464169577916,429,1,1
"z[102,3]",0,0,0,0,0,0,0,NA,1,1,1
"z[103,3]",0,0,0,0,0,0,0,NA,1,1,1
"z[104,3]",0.198222222222222,0.398704776126197,0,0,0,0,1,1.01251731965785,248,1,1
"z[105,3]",0,0,0,0,0,0,0,NA,1,1,1
"z[106,3]",0,0,0,0,0,0,0,NA,1,1,1
"z[107,3]",0,0,0,0,0,0,0,NA,1,1,1
"z[108,3]",0,0,0,0,0,0,0,NA,1,1,1
"z[109,3]",0,0,0,0,0,0,0,NA,1,1,1
"z[110,3]",0,0,0,0,0,0,0,NA,1,1,1
"z[111,3]",0,0,0,0,0,0,0,NA,1,1,1
"z[112,3]",0,0,0,0,0,0,0,NA,1,1,1
"z[113,3]",0,0,0,0,0,0,0,NA,1,1,1
"z[114,3]",0,0,0,0,0,0,0,NA,1,1,1
"z[115,3]",0,0,0,0,0,0,0,NA,1,1,1
"z[116,3]",0,0,0,0,0,0,0,NA,1,1,1
"z[117,3]",0,0,0,0,0,0,0,NA,1,1,1
"z[118,3]",0,0,0,0,0,0,0,NA,1,1,1
"z[119,3]",0,0,0,0,0,0,0,NA,1,1,1
"z[120,3]",0,0,0,0,0,0,0,NA,1,1,1
"z[121,3]",0,0,0,0,0,0,0,NA,1,1,1
"z[122,3]",0,0,0,0,0,0,0,NA,1,1,1
"z[123,3]",0,0,0,0,0,0,0,NA,1,1,1
"z[124,3]",0,0,0,0,0,0,0,NA,1,1,1
"z[125,3]",0.224444444444444,0.417262299316107,0,0,0,0,1,1.00367342740915,717,1,1
"z[126,3]",0.246888888888889,0.431249456176893,0,0,0,0,1,1.02076273492957,132,1,1
"z[127,3]",0,0,0,0,0,0,0,NA,1,1,1
"z[128,3]",0,0,0,0,0,0,0,NA,1,1,1
"z[129,3]",0,0,0,0,0,0,0,NA,1,1,1
"z[130,3]",0,0,0,0,0,0,0,NA,1,1,1
"z[131,3]",0.299111111111111,0.457919482174323,0,0,0,1,1,1.01501526894108,161,1,1
"z[132,3]",0.254666666666667,0.435722096383381,0,0,0,1,1,1.00221907713729,1037,1,1
"z[133,3]",0.191111111111111,0.393220058960265,0,0,0,0,1,1.00482740034579,631,1,1
"z[134,3]",0,0,0,0,0,0,0,NA,1,1,1
"z[135,3]",0,0,0,0,0,0,0,NA,1,1,1
"z[136,3]",0,0,0,0,0,0,0,NA,1,1,1
"z[137,3]",0,0,0,0,0,0,0,NA,1,1,1
"z[138,3]",0,0,0,0,0,0,0,NA,1,1,1
"z[139,3]",0,0,0,0,0,0,0,NA,1,1,1
"z[140,3]",0,0,0,0,0,0,0,NA,1,1,1
"z[141,3]",0,0,0,0,0,0,0,NA,1,1,1
"z[142,3]",0,0,0,0,0,0,0,NA,1,1,1
"z[143,3]",0,0,0,0,0,0,0,NA,1,1,1
"z[144,3]",0,0,0,0,0,0,0,NA,1,1,1
"z[145,3]",0.366666666666667,0.481947962575636,0,0,0,1,1,1.00746681579232,282,1,1
"z[146,3]",0.348222222222222,0.476459813329635,0,0,0,1,1,1.00694296604902,308,1,1
"z[147,3]",0.235111111111111,0.424115371696836,0,0,0,0,1,1.01369350484706,204,1,1
"z[148,3]",0.561555555555556,0.496251588690519,0,0,1,1,1,1.00283317854545,646,1,1
"z[149,3]",0,0,0,0,0,0,0,NA,1,1,1
"z[150,3]",0,0,0,0,0,0,0,NA,1,1,1
"z[151,3]",0,0,0,0,0,0,0,NA,1,1,1
"z[152,3]",0,0,0,0,0,0,0,NA,1,1,1
"z[153,3]",0.257555555555556,0.437336477200438,0,0,0,1,1,1.02214907598948,121,1,1
"z[154,3]",0.330888888888889,0.470585426201071,0,0,0,1,1,1.01442156369219,159,1,1
"z[155,3]",0.217111111111111,0.412324698400923,0,0,0,0,1,1.01991752054605,149,1,1
"z[156,3]",0.0986666666666667,0.298247082996824,0,0,0,0,1,1.01125261052037,481,1,1
"z[157,3]",0.137555555555556,0.344471179734573,0,0,0,0,1,1.01680929056039,244,1,1
"z[158,3]",0,0,0,0,0,0,0,NA,1,1,1
"z[159,3]",0,0,0,0,0,0,0,NA,1,1,1
"z[160,3]",0,0,0,0,0,0,0,NA,1,1,1
"z[161,3]",0.109111111111111,0.311813217568572,0,0,0,0,1,1.02532422141825,199,1,1
"z[162,3]",0.318,0.465751226921597,0,0,0,1,1,1.00945765052524,242,1,1
"z[163,3]",0.206666666666667,0.404959255014411,0,0,0,0,1,1.00938027206773,319,1,1
"z[164,3]",0.365111111111111,0.481514809038625,0,0,0,1,1,1.00927939656214,231,1,1
"z[165,3]",0.235777777777778,0.424531115060534,0,0,0,0,1,1.01608885678861,173,1,1
"z[166,3]",0.419555555555556,0.493541103530166,0,0,0,1,1,1.00718827000093,279,1,1
"z[167,3]",0,0,0,0,0,0,0,NA,1,1,1
"z[168,3]",0,0,0,0,0,0,0,NA,1,1,1
"z[169,3]",0,0,0,0,0,0,0,NA,1,1,1
"z[170,3]",0,0,0,0,0,0,0,NA,1,1,1
"z[171,3]",0.351777777777778,0.477578116620203,0,0,0,1,1,1.01448108595682,154,1,1
"z[172,3]",0.347111111111111,0.476104358262486,0,0,0,1,1,1.0039783470922,518,1,1
"z[173,3]",0.482666666666667,0.499754996652622,0,0,0,1,1,1.00615537503432,314,1,1
"z[174,3]",0.833111111111111,0.372918076298587,0,1,1,1,1,1.01140131665346,306,1,1
"z[175,3]",0.779555555555556,0.414592436549855,0,1,1,1,1,1.01071459937413,264,1,1
"z[176,3]",0.839555555555556,0.367058530929405,0,1,1,1,1,1.02035054496891,180,1,1
"z[177,3]",0.670222222222222,0.470184562178699,0,0,1,1,1,1.0007365401808,2119,1,1
"z[178,3]",0,0,0,0,0,0,0,NA,1,1,1
"z[179,3]",0,0,0,0,0,0,0,NA,1,1,1
"z[180,3]",0,0,0,0,0,0,0,NA,1,1,1
"z[181,3]",0,0,0,0,0,0,0,NA,1,1,1
"z[182,3]",0,0,0,0,0,0,0,NA,1,1,1
"z[183,3]",0,0,0,0,0,0,0,NA,1,1,1
"z[184,3]",0,0,0,0,0,0,0,NA,1,1,1
"z[185,3]",0,0,0,0,0,0,0,NA,1,1,1
"z[1,4]",0.493111111111111,0.50000810049994,0,0,0,1,1,0.999887562479058,4500,1,1
"z[2,4]",0.978222222222222,0.145973426820025,1,1,1,1,1,1.0538161781394,402,0,1
"z[3,4]",0.536222222222222,0.498741643428666,0,0,1,1,1,1.00049751248391,2426,1,1
"z[4,4]",0.635333333333333,0.48139005584196,0,0,1,1,1,1.00231833412297,819,1,1
"z[5,4]",0.299333333333333,0.458016928242846,0,0,0,1,1,1.00053446129528,2745,1,1
"z[6,4]",0.291777777777778,0.454631100078816,0,0,0,1,1,1.00288977375651,752,1,1
"z[7,4]",0,0,0,0,0,0,0,NA,1,1,1
"z[8,4]",0,0,0,0,0,0,0,NA,1,1,1
"z[9,4]",0,0,0,0,0,0,0,NA,1,1,1
"z[10,4]",0,0,0,0,0,0,0,NA,1,1,1
"z[11,4]",0,0,0,0,0,0,0,NA,1,1,1
"z[12,4]",0,0,0,0,0,0,0,NA,1,1,1
"z[13,4]",0,0,0,0,0,0,0,NA,1,1,1
"z[14,4]",0,0,0,0,0,0,0,NA,1,1,1
"z[15,4]",0.230444444444444,0.421164124865351,0,0,0,0,1,1.00000874069376,4500,1,1
"z[16,4]",0.404888888888889,0.490925079569897,0,0,0,1,1,1.00231134438686,791,1,1
"z[17,4]",0,0,0,0,0,0,0,NA,1,1,1
"z[18,4]",0,0,0,0,0,0,0,NA,1,1,1
"z[19,4]",0,0,0,0,0,0,0,NA,1,1,1
"z[20,4]",0,0,0,0,0,0,0,NA,1,1,1
"z[21,4]",0.0933333333333333,0.290931317221604,0,0,0,0,1,1.00097577241854,4499,1,1
"z[22,4]",0.193777777777778,0.395300740773805,0,0,0,0,1,1.00158000667176,1669,1,1
"z[23,4]",0.187333333333333,0.390222236792799,0,0,0,0,1,1.00743121041508,427,1,1
"z[24,4]",0.238444444444444,0.426179602245209,0,0,0,0,1,0.999828911014753,4500,1,1
"z[25,4]",0,0,0,0,0,0,0,NA,1,1,1
"z[26,4]",0,0,0,0,0,0,0,NA,1,1,1
"z[27,4]",0,0,0,0,0,0,0,NA,1,1,1
"z[28,4]",0.0695555555555556,0.254424773023488,0,0,0,0,1,1.00265156167634,2581,1,1
"z[29,4]",0.128222222222222,0.334374236084705,0,0,0,0,1,1.00490739291572,848,1,1
"z[30,4]",0,0,0,0,0,0,0,NA,1,1,1
"z[31,4]",0,0,0,0,0,0,0,NA,1,1,1
"z[32,4]",0,0,0,0,0,0,0,NA,1,1,1
"z[33,4]",0,0,0,0,0,0,0,NA,1,1,1
"z[34,4]",0,0,0,0,0,0,0,NA,1,1,1
"z[35,4]",0,0,0,0,0,0,0,NA,1,1,1
"z[36,4]",0,0,0,0,0,0,0,NA,1,1,1
"z[37,4]",0.373333333333333,0.483743276165097,0,0,0,1,1,1.00581664662575,352,1,1
"z[38,4]",0.164222222222222,0.370518274124004,0,0,0,0,1,1.00441260399365,770,1,1
"z[39,4]",0.323111111111111,0.467716724186892,0,0,0,1,1,1.00616173658705,356,1,1
"z[40,4]",0.300222222222222,0.458405427860552,0,0,0,1,1,1.00443429654298,501,1,1
"z[41,4]",0,0,0,0,0,0,0,NA,1,1,1
"z[42,4]",0,0,0,0,0,0,0,NA,1,1,1
"z[43,4]",0,0,0,0,0,0,0,NA,1,1,1
"z[44,4]",0,0,0,0,0,0,0,NA,1,1,1
"z[45,4]",0,0,0,0,0,0,0,NA,1,1,1
"z[46,4]",0,0,0,0,0,0,0,NA,1,1,1
"z[47,4]",0,0,0,0,0,0,0,NA,1,1,1
"z[48,4]",0,0,0,0,0,0,0,NA,1,1,1
"z[49,4]",0,0,0,0,0,0,0,NA,1,1,1
"z[50,4]",0,0,0,0,0,0,0,NA,1,1,1
"z[51,4]",0,0,0,0,0,0,0,NA,1,1,1
"z[52,4]",0,0,0,0,0,0,0,NA,1,1,1
"z[53,4]",0,0,0,0,0,0,0,NA,1,1,1
"z[54,4]",0,0,0,0,0,0,0,NA,1,1,1
"z[55,4]",0,0,0,0,0,0,0,NA,1,1,1
"z[56,4]",0,0,0,0,0,0,0,NA,1,1,1
"z[57,4]",0.121333333333333,0.326550535565759,0,0,0,0,1,1.00620198194222,714,1,1
"z[58,4]",0.0986666666666667,0.298247082996824,0,0,0,0,1,1.0035752148209,1441,1,1
"z[59,4]",0.280222222222222,0.449157611618771,0,0,0,1,1,1.00418467193374,550,1,1
"z[60,4]",0.347777777777778,0.476317974231116,0,0,0,1,1,1.00291792633742,682,1,1
"z[61,4]",0,0,0,0,0,0,0,NA,1,1,1
"z[62,4]",0,0,0,0,0,0,0,NA,1,1,1
"z[63,4]",0,0,0,0,0,0,0,NA,1,1,1
"z[64,4]",0,0,0,0,0,0,0,NA,1,1,1
"z[65,4]",0,0,0,0,0,0,0,NA,1,1,1
"z[66,4]",0,0,0,0,0,0,0,NA,1,1,1
"z[67,4]",0,0,0,0,0,0,0,NA,1,1,1
"z[68,4]",0,0,0,0,0,0,0,NA,1,1,1
"z[69,4]",0.0828888888888889,0.27574484166109,0,0,0,0,1,1.00071902808577,4500,1,1
"z[70,4]",0.0866666666666667,0.281377237154674,0,0,0,0,1,1.0037909321951,1523,1,1
"z[71,4]",0.125333333333333,0.331133289462245,0,0,0,0,1,1.00038838540084,4500,1,1
"z[72,4]",0.400666666666667,0.490088016191109,0,0,0,1,1,1.01779482117852,120,1,1
"z[73,4]",0,0,0,0,0,0,0,NA,1,1,1
"z[74,4]",0,0,0,0,0,0,0,NA,1,1,1
"z[75,4]",0,0,0,0,0,0,0,NA,1,1,1
"z[76,4]",0,0,0,0,0,0,0,NA,1,1,1
"z[77,4]",0,0,0,0,0,0,0,NA,1,1,1
"z[78,4]",0.412,0.492249780733913,0,0,0,1,1,0.999914185327308,4500,1,1
"z[79,4]",0.309333333333333,0.462270169612176,0,0,0,1,1,1.00343372493186,628,1,1
"z[80,4]",0,0,0,0,0,0,0,NA,1,1,1
"z[81,4]",0.174,0.379151613165137,0,0,0,0,1,1.00616767795481,536,1,1
"z[82,4]",0.190222222222222,0.392520020648455,0,0,0,0,1,1.0022010606343,1278,1,1
"z[83,4]",0.131111111111111,0.337559341533209,0,0,0,0,1,1.00101093435718,3255,1,1
"z[84,4]",0.310222222222222,0.46263588027627,0,0,0,1,1,1.00465869405734,471,1,1
"z[85,4]",0.327555555555556,0.469373914671421,0,0,0,1,1,1.00154232164236,1214,1,1
"z[86,4]",0.121555555555556,0.326808103614916,0,0,0,0,1,1.00890596721314,504,1,1
"z[87,4]",0.191111111111111,0.393220058960265,0,0,0,0,1,1.0004745945538,3994,1,1
"z[88,4]",0.315777777777778,0.464876539876773,0,0,0,1,1,1.0020708888306,965,1,1
"z[89,4]",0.259111111111111,0.438195405335641,0,0,0,1,1,1.00617014999554,401,1,1
"z[90,4]",0,0,0,0,0,0,0,NA,1,1,1
"z[91,4]",0,0,0,0,0,0,0,NA,1,1,1
"z[92,4]",0,0,0,0,0,0,0,NA,1,1,1
"z[93,4]",0,0,0,0,0,0,0,NA,1,1,1
"z[94,4]",0,0,0,0,0,0,0,NA,1,1,1
"z[95,4]",0.17,0.375674543355024,0,0,0,0,1,1.0045278584652,729,1,1
"z[96,4]",0.200222222222222,0.400211040620324,0,0,0,0,1,1.00166813327677,1558,1,1
"z[97,4]",0.130222222222222,0.336585160875883,0,0,0,0,1,1.00312458474447,1270,1,1
"z[98,4]",0.186,0.389149910460912,0,0,0,0,1,1.00102669368927,2428,1,1
"z[99,4]",0.191555555555556,0.393568858173293,0,0,0,0,1,1.00204544781508,1354,1,1
"z[100,4]",0.173333333333333,0.378577254918682,0,0,0,0,1,1.00029903412222,4500,1,1
"z[101,4]",0.327333333333333,0.469292194021633,0,0,0,1,1,1.00198756246383,979,1,1
"z[102,4]",0,0,0,0,0,0,0,NA,1,1,1
"z[103,4]",0,0,0,0,0,0,0,NA,1,1,1
"z[104,4]",0.173777777777778,0.378960387479294,0,0,0,0,1,1.00150915317732,1885,1,1
"z[105,4]",0,0,0,0,0,0,0,NA,1,1,1
"z[106,4]",0,0,0,0,0,0,0,NA,1,1,1
"z[107,4]",0,0,0,0,0,0,0,NA,1,1,1
"z[108,4]",0,0,0,0,0,0,0,NA,1,1,1
"z[109,4]",0,0,0,0,0,0,0,NA,1,1,1
"z[110,4]",0,0,0,0,0,0,0,NA,1,1,1
"z[111,4]",0,0,0,0,0,0,0,NA,1,1,1
"z[112,4]",0,0,0,0,0,0,0,NA,1,1,1
"z[113,4]",0,0,0,0,0,0,0,NA,1,1,1
"z[114,4]",0,0,0,0,0,0,0,NA,1,1,1
"z[115,4]",0,0,0,0,0,0,0,NA,1,1,1
"z[116,4]",0,0,0,0,0,0,0,NA,1,1,1
"z[117,4]",0,0,0,0,0,0,0,NA,1,1,1
"z[118,4]",0,0,0,0,0,0,0,NA,1,1,1
"z[119,4]",0,0,0,0,0,0,0,NA,1,1,1
"z[120,4]",0,0,0,0,0,0,0,NA,1,1,1
"z[121,4]",0,0,0,0,0,0,0,NA,1,1,1
"z[122,4]",0,0,0,0,0,0,0,NA,1,1,1
"z[123,4]",0,0,0,0,0,0,0,NA,1,1,1
"z[124,4]",0,0,0,0,0,0,0,NA,1,1,1
"z[125,4]",0.165333333333333,0.371522402164484,0,0,0,0,1,1.00307522705838,1068,1,1
"z[126,4]",0.189333333333333,0.391816714616485,0,0,0,0,1,1.02754748674837,121,1,1
"z[127,4]",0,0,0,0,0,0,0,NA,1,1,1
"z[128,4]",0,0,0,0,0,0,0,NA,1,1,1
"z[129,4]",0,0,0,0,0,0,0,NA,1,1,1
"z[130,4]",0,0,0,0,0,0,0,NA,1,1,1
"z[131,4]",0.290444444444444,0.454017925095822,0,0,0,1,1,1.01157880333631,208,1,1
"z[132,4]",0.215111111111111,0.410945068049354,0,0,0,0,1,0.999989203214851,4500,1,1
"z[133,4]",0.126444444444444,0.332386519284506,0,0,0,0,1,1.00123816434599,2887,1,1
"z[134,4]",0,0,0,0,0,0,0,NA,1,1,1
"z[135,4]",0,0,0,0,0,0,0,NA,1,1,1
"z[136,4]",0,0,0,0,0,0,0,NA,1,1,1
"z[137,4]",0,0,0,0,0,0,0,NA,1,1,1
"z[138,4]",0,0,0,0,0,0,0,NA,1,1,1
"z[139,4]",0,0,0,0,0,0,0,NA,1,1,1
"z[140,4]",0,0,0,0,0,0,0,NA,1,1,1
"z[141,4]",0,0,0,0,0,0,0,NA,1,1,1
"z[142,4]",0,0,0,0,0,0,0,NA,1,1,1
"z[143,4]",0,0,0,0,0,0,0,NA,1,1,1
"z[144,4]",0,0,0,0,0,0,0,NA,1,1,1
"z[145,4]",0.313555555555556,0.463989558652072,0,0,0,1,1,1.0003097462474,3621,1,1
"z[146,4]",0.333777777777778,0.471613824455088,0,0,0,1,1,1.00205636921823,942,1,1
"z[147,4]",0.201777777777778,0.401371780296798,0,0,0,0,1,1.00086923295418,2575,1,1
"z[148,4]",0.471777777777778,0.49925834698966,0,0,0,1,1,1.0018984742823,905,1,1
"z[149,4]",0,0,0,0,0,0,0,NA,1,1,1
"z[150,4]",0,0,0,0,0,0,0,NA,1,1,1
"z[151,4]",0,0,0,0,0,0,0,NA,1,1,1
"z[152,4]",0,0,0,0,0,0,0,NA,1,1,1
"z[153,4]",0.216888888888889,0.412172113536087,0,0,0,0,1,1.00300591817062,885,1,1
"z[154,4]",0.276888888888889,0.447510821813304,0,0,0,1,1,1.0012481549472,1579,1,1
"z[155,4]",0.158888888888889,0.365613067283923,0,0,0,0,1,1.00605501660583,583,1,1
"z[156,4]",0.0595555555555556,0.236687854568751,0,0,0,0,1,1.00729605122252,1163,1,1
"z[157,4]",0.0815555555555556,0.273716817169827,0,0,0,0,1,1.00646644446444,973,1,1
"z[158,4]",0,0,0,0,0,0,0,NA,1,1,1
"z[159,4]",0,0,0,0,0,0,0,NA,1,1,1
"z[160,4]",0,0,0,0,0,0,0,NA,1,1,1
"z[161,4]",0.0773333333333333,0.267149300225178,0,0,0,0,1,1.00102033406277,4500,1,1
"z[162,4]",0.290666666666667,0.454120450341688,0,0,0,1,1,1.00076157234919,2217,1,1
"z[163,4]",0.198444444444444,0.398872915075436,0,0,0,0,1,1.00157190173208,1647,1,1
"z[164,4]",0.347111111111111,0.476104358262486,0,0,0,1,1,1.00013594365153,4500,1,1
"z[165,4]",0.293777777777778,0.455541996182829,0,0,0,1,1,1.00130106416719,1475,1,1
"z[166,4]",0.377111111111111,0.484716960933941,0,0,0,1,1,1.00199912374971,915,1,1
"z[167,4]",0,0,0,0,0,0,0,NA,1,1,1
"z[168,4]",0,0,0,0,0,0,0,NA,1,1,1
"z[169,4]",0,0,0,0,0,0,0,NA,1,1,1
"z[170,4]",0,0,0,0,0,0,0,NA,1,1,1
"z[171,4]",0.347777777777778,0.476317974231116,0,0,0,1,1,1.00092720821933,1752,1,1
"z[172,4]",0.350888888888889,0.47730127009326,0,0,0,1,1,1.0023529628511,820,1,1
"z[173,4]",0.533111111111111,0.498957892550504,0,0,1,1,1,1.00155928616575,1066,1,1
"z[174,4]",0.954444444444444,0.208542349028494,0,1,1,1,1,1.0141116870908,781,1,1
"z[175,4]",1,0,1,1,1,1,1,NA,1,0,1
"z[176,4]",0.948888888888889,0.220248825947067,0,1,1,1,1,1.03280284534983,301,1,1
"z[177,4]",0.894222222222222,0.307587164752331,0,1,1,1,1,0.999917900547704,4500,1,1
"z[178,4]",0,0,0,0,0,0,0,NA,1,1,1
"z[179,4]",0,0,0,0,0,0,0,NA,1,1,1
"z[180,4]",0,0,0,0,0,0,0,NA,1,1,1
"z[181,4]",0,0,0,0,0,0,0,NA,1,1,1
"z[182,4]",0,0,0,0,0,0,0,NA,1,1,1
"z[183,4]",0,0,0,0,0,0,0,NA,1,1,1
"z[184,4]",0,0,0,0,0,0,0,NA,1,1,1
"z[185,4]",0,0,0,0,0,0,0,NA,1,1,1
"z[1,5]",0.484444444444444,0.499813504030347,0,0,0,1,1,1.00073801060264,1873,1,1
"z[2,5]",1,0,1,1,1,1,1,NA,1,0,1
"z[3,5]",0.138444444444444,0.345404244715402,0,0,0,0,1,0.999835019169756,4500,1,1
"z[4,5]",0.632,0.482314933464995,0,0,1,1,1,1.00299588117836,652,1,1
"z[5,5]",0.110444444444444,0.313477760833612,0,0,0,0,1,1.00204208373951,2138,1,1
"z[6,5]",0.133555555555556,0.340211978135586,0,0,0,0,1,1.01278874319368,327,1,1
"z[7,5]",0,0,0,0,0,0,0,NA,1,1,1
"z[8,5]",0,0,0,0,0,0,0,NA,1,1,1
"z[9,5]",0,0,0,0,0,0,0,NA,1,1,1
"z[10,5]",0,0,0,0,0,0,0,NA,1,1,1
"z[11,5]",0,0,0,0,0,0,0,NA,1,1,1
"z[12,5]",0,0,0,0,0,0,0,NA,1,1,1
"z[13,5]",0,0,0,0,0,0,0,NA,1,1,1
"z[14,5]",0,0,0,0,0,0,0,NA,1,1,1
"z[15,5]",0.0448888888888889,0.207083090060559,0,0,0,0,1,1.0037336810695,2857,1,1
"z[16,5]",0.173777777777778,0.378960387479294,0,0,0,0,1,1.00423247602771,760,1,1
"z[17,5]",0,0,0,0,0,0,0,NA,1,1,1
"z[18,5]",0,0,0,0,0,0,0,NA,1,1,1
"z[19,5]",0,0,0,0,0,0,0,NA,1,1,1
"z[20,5]",0,0,0,0,0,0,0,NA,1,1,1
"z[21,5]",0.0293333333333333,0.168757866791187,0,0,0,0,1,1.0022132462956,4500,1,1
"z[22,5]",0.038,0.191217481839897,0,0,0,0,1,1.00016502872967,4500,1,1
"z[23,5]",0.0535555555555556,0.225163550304364,0,0,0,0,1,1.00088546033618,4500,1,1
"z[24,5]",0.0635555555555556,0.243986630137708,0,0,0,0,1,1.00434124125884,1784,1,1
"z[25,5]",0,0,0,0,0,0,0,NA,1,1,1
"z[26,5]",0,0,0,0,0,0,0,NA,1,1,1
"z[27,5]",0,0,0,0,0,0,0,NA,1,1,1
"z[28,5]",0.0115555555555556,0.106885749673393,0,0,0,0,0,1.02716255761924,1533,1,1
"z[29,5]",0.0262222222222222,0.159813306406557,0,0,0,0,1,1.00622954123122,2956,1,1
"z[30,5]",0,0,0,0,0,0,0,NA,1,1,1
"z[31,5]",0,0,0,0,0,0,0,NA,1,1,1
"z[32,5]",0,0,0,0,0,0,0,NA,1,1,1
"z[33,5]",0,0,0,0,0,0,0,NA,1,1,1
"z[34,5]",0,0,0,0,0,0,0,NA,1,1,1
"z[35,5]",0,0,0,0,0,0,0,NA,1,1,1
"z[36,5]",0,0,0,0,0,0,0,NA,1,1,1
"z[37,5]",0.0615555555555556,0.240373270107645,0,0,0,0,1,1.08631774194546,92,1,1
"z[38,5]",0.0242222222222222,0.153755519169198,0,0,0,0,0,1.0189398114745,1069,1,1
"z[39,5]",0.0675555555555555,0.251009569058353,0,0,0,0,1,1.0450020564282,167,1,1
"z[40,5]",0.0584444444444444,0.234608019202615,0,0,0,0,1,1.04363950448776,197,1,1
"z[41,5]",0,0,0,0,0,0,0,NA,1,1,1
"z[42,5]",0,0,0,0,0,0,0,NA,1,1,1
"z[43,5]",0,0,0,0,0,0,0,NA,1,1,1
"z[44,5]",0,0,0,0,0,0,0,NA,1,1,1
"z[45,5]",0,0,0,0,0,0,0,NA,1,1,1
"z[46,5]",0,0,0,0,0,0,0,NA,1,1,1
"z[47,5]",0,0,0,0,0,0,0,NA,1,1,1
"z[48,5]",0,0,0,0,0,0,0,NA,1,1,1
"z[49,5]",0,0,0,0,0,0,0,NA,1,1,1
"z[50,5]",0,0,0,0,0,0,0,NA,1,1,1
"z[51,5]",0,0,0,0,0,0,0,NA,1,1,1
"z[52,5]",0,0,0,0,0,0,0,NA,1,1,1
"z[53,5]",0,0,0,0,0,0,0,NA,1,1,1
"z[54,5]",0,0,0,0,0,0,0,NA,1,1,1
"z[55,5]",0,0,0,0,0,0,0,NA,1,1,1
"z[56,5]",0,0,0,0,0,0,0,NA,1,1,1
"z[57,5]",0.0557777777777778,0.229517588820724,0,0,0,0,1,1.01492510154225,611,1,1
"z[58,5]",0.0264444444444444,0.160470739436839,0,0,0,0,1,1.00459331999584,3921,1,1
"z[59,5]",0.147333333333333,0.354477284696265,0,0,0,0,1,1.01774128807126,219,1,1
"z[60,5]",0.148888888888889,0.356018474426563,0,0,0,0,1,1.01386569146067,276,1,1
"z[61,5]",0,0,0,0,0,0,0,NA,1,1,1
"z[62,5]",0,0,0,0,0,0,0,NA,1,1,1
"z[63,5]",0,0,0,0,0,0,0,NA,1,1,1
"z[64,5]",0,0,0,0,0,0,0,NA,1,1,1
"z[65,5]",0,0,0,0,0,0,0,NA,1,1,1
"z[66,5]",0,0,0,0,0,0,0,NA,1,1,1
"z[67,5]",0,0,0,0,0,0,0,NA,1,1,1
"z[68,5]",0,0,0,0,0,0,0,NA,1,1,1
"z[69,5]",0.0157777777777778,0.124628612791859,0,0,0,0,0,1.00887617280963,3457,1,1
"z[70,5]",0.0257777777777778,0.158489324311835,0,0,0,0,1,1.00391119967278,4500,1,1
"z[71,5]",0.0384444444444444,0.192288028053314,0,0,0,0,1,1.00486723303489,2591,1,1
"z[72,5]",0.352444444444444,0.477784560747159,0,0,0,1,1,1.02426218000004,94,1,1
"z[73,5]",0,0,0,0,0,0,0,NA,1,1,1
"z[74,5]",0,0,0,0,0,0,0,NA,1,1,1
"z[75,5]",0,0,0,0,0,0,0,NA,1,1,1
"z[76,5]",0,0,0,0,0,0,0,NA,1,1,1
"z[77,5]",0,0,0,0,0,0,0,NA,1,1,1
"z[78,5]",0.156444444444444,0.363316547020318,0,0,0,0,1,1.00128870081103,2331,1,1
"z[79,5]",0.0986666666666667,0.298247082996824,0,0,0,0,1,1.0081774705917,654,1,1
"z[80,5]",0,0,0,0,0,0,0,NA,1,1,1
"z[81,5]",0.08,0.271323348038703,0,0,0,0,1,1.00408093942761,1534,1,1
"z[82,5]",0.0817777777777778,0.274056314018784,0,0,0,0,1,1.00529891992352,1173,1,1
"z[83,5]",0.0457777777777778,0.209026032222424,0,0,0,0,1,1.00648431851887,1664,1,1
"z[84,5]",0.192,0.393916846973326,0,0,0,0,1,1.00410263840726,727,1,1
"z[85,5]",0.192222222222222,0.394090538139547,0,0,0,0,1,1.00676716893959,453,1,1
"z[86,5]",0.0137777777777778,0.116580319235386,0,0,0,0,0,1.03058448029026,1143,1,1
"z[87,5]",0.0333333333333333,0.179525441950783,0,0,0,0,1,1.00673763287813,2176,1,1
"z[88,5]",0.107777777777778,0.310134007193376,0,0,0,0,1,1.03183834680213,159,1,1
"z[89,5]",0.0804444444444444,0.272010253356189,0,0,0,0,1,1.01253757273158,518,1,1
"z[90,5]",0,0,0,0,0,0,0,NA,1,1,1
"z[91,5]",0,0,0,0,0,0,0,NA,1,1,1
"z[92,5]",0,0,0,0,0,0,0,NA,1,1,1
"z[93,5]",0,0,0,0,0,0,0,NA,1,1,1
"z[94,5]",0,0,0,0,0,0,0,NA,1,1,1
"z[95,5]",0.0268888888888889,0.161776674693452,0,0,0,0,1,1.00056625010983,4500,1,1
"z[96,5]",0.0617777777777778,0.240778252960813,0,0,0,0,1,1.00048825672112,4500,1,1
"z[97,5]",0.0253333333333333,0.15715293120877,0,0,0,0,1,1.00196519426127,4500,1,1
"z[98,5]",0.0386666666666667,0.192820688042738,0,0,0,0,1,1.00499269419409,2510,1,1
"z[99,5]",0.0553333333333333,0.228655142165391,0,0,0,0,1,1.00429240551944,2064,1,1
"z[100,5]",0.0337777777777778,0.180676765936377,0,0,0,0,1,1.00259857240134,4500,1,1
"z[101,5]",0.134,0.340690171985335,0,0,0,0,1,1.00021644528819,4500,1,1
"z[102,5]",0,0,0,0,0,0,0,NA,1,1,1
"z[103,5]",0,0,0,0,0,0,0,NA,1,1,1
"z[104,5]",0.0415555555555556,0.199593447150984,0,0,0,0,1,1.00311950598158,3618,1,1
"z[105,5]",0,0,0,0,0,0,0,NA,1,1,1
"z[106,5]",0,0,0,0,0,0,0,NA,1,1,1
"z[107,5]",0,0,0,0,0,0,0,NA,1,1,1
"z[108,5]",0,0,0,0,0,0,0,NA,1,1,1
"z[109,5]",0,0,0,0,0,0,0,NA,1,1,1
"z[110,5]",0,0,0,0,0,0,0,NA,1,1,1
"z[111,5]",0,0,0,0,0,0,0,NA,1,1,1
"z[112,5]",0,0,0,0,0,0,0,NA,1,1,1
"z[113,5]",0,0,0,0,0,0,0,NA,1,1,1
"z[114,5]",0,0,0,0,0,0,0,NA,1,1,1
"z[115,5]",0,0,0,0,0,0,0,NA,1,1,1
"z[116,5]",0,0,0,0,0,0,0,NA,1,1,1
"z[117,5]",0,0,0,0,0,0,0,NA,1,1,1
"z[118,5]",0,0,0,0,0,0,0,NA,1,1,1
"z[119,5]",0,0,0,0,0,0,0,NA,1,1,1
"z[120,5]",0,0,0,0,0,0,0,NA,1,1,1
"z[121,5]",0,0,0,0,0,0,0,NA,1,1,1
"z[122,5]",0,0,0,0,0,0,0,NA,1,1,1
"z[123,5]",0,0,0,0,0,0,0,NA,1,1,1
"z[124,5]",0,0,0,0,0,0,0,NA,1,1,1
"z[125,5]",0.0868888888888889,0.281703469504598,0,0,0,0,1,1.00354356377553,1627,1,1
"z[126,5]",0.102,0.302681943946003,0,0,0,0,1,1.05391901402683,100,1,1
"z[127,5]",0,0,0,0,0,0,0,NA,1,1,1
"z[128,5]",0,0,0,0,0,0,0,NA,1,1,1
"z[129,5]",0,0,0,0,0,0,0,NA,1,1,1
"z[130,5]",0,0,0,0,0,0,0,NA,1,1,1
"z[131,5]",0.184444444444444,0.387889322484193,0,0,0,0,1,1.01355300534983,240,1,1
"z[132,5]",0.0633333333333333,0.243588603732636,0,0,0,0,1,1.01118656035574,725,1,1
"z[133,5]",0.0462222222222222,0.209989350685102,0,0,0,0,1,1.01209091459794,905,1,1
"z[134,5]",0,0,0,0,0,0,0,NA,1,1,1
"z[135,5]",0,0,0,0,0,0,0,NA,1,1,1
"z[136,5]",0,0,0,0,0,0,0,NA,1,1,1
"z[137,5]",0,0,0,0,0,0,0,NA,1,1,1
"z[138,5]",0,0,0,0,0,0,0,NA,1,1,1
"z[139,5]",0,0,0,0,0,0,0,NA,1,1,1
"z[140,5]",0,0,0,0,0,0,0,NA,1,1,1
"z[141,5]",0,0,0,0,0,0,0,NA,1,1,1
"z[142,5]",0,0,0,0,0,0,0,NA,1,1,1
"z[143,5]",0,0,0,0,0,0,0,NA,1,1,1
"z[144,5]",0,0,0,0,0,0,0,NA,1,1,1
"z[145,5]",0.0673333333333333,0.250626243865736,0,0,0,0,1,1.00248796583119,2808,1,1
"z[146,5]",0.0877777777777778,0.283002892963307,0,0,0,0,1,1.02975409175328,203,1,1
"z[147,5]",0.0213333333333333,0.14450904074975,0,0,0,0,0,1.00774762345888,2937,1,1
"z[148,5]",0.28,0.449048783494364,0,0,0,1,1,1.00052412794307,2902,1,1
"z[149,5]",0,0,0,0,0,0,0,NA,1,1,1
"z[150,5]",0,0,0,0,0,0,0,NA,1,1,1
"z[151,5]",0,0,0,0,0,0,0,NA,1,1,1
"z[152,5]",0,0,0,0,0,0,0,NA,1,1,1
"z[153,5]",0.0417777777777778,0.200103206188376,0,0,0,0,1,1.00816789617146,1451,1,1
"z[154,5]",0.0746666666666667,0.262881936707821,0,0,0,0,1,1.00107371040397,4500,1,1
"z[155,5]",0.0286666666666667,0.166886422507456,0,0,0,0,1,1.02519115804698,680,1,1
"z[156,5]",0.00866666666666667,0.0927009450571682,0,0,0,0,0,1.05854367564939,907,1,1
"z[157,5]",0.0124444444444444,0.11087069888737,0,0,0,0,0,1.01188097732109,3276,1,1
"z[158,5]",0,0,0,0,0,0,0,NA,1,1,1
"z[159,5]",0,0,0,0,0,0,0,NA,1,1,1
"z[160,5]",0,0,0,0,0,0,0,NA,1,1,1
"z[161,5]",0.026,0.159152847308496,0,0,0,0,1,1.02999953647152,627,1,1
"z[162,5]",0.084,0.277418641167487,0,0,0,0,1,1.00526878007048,1160,1,1
"z[163,5]",0.0453333333333333,0.20805730398765,0,0,0,0,1,1.00041787499394,4500,1,1
"z[164,5]",0.117777777777778,0.322380626329261,0,0,0,0,1,1.00173289163506,2321,1,1
"z[165,5]",0.0662222222222222,0.248697776589203,0,0,0,0,1,1.0099899719123,773,1,1
"z[166,5]",0.158,0.364781537535406,0,0,0,0,1,1.00122467073675,2408,1,1
"z[167,5]",0,0,0,0,0,0,0,NA,1,1,1
"z[168,5]",0,0,0,0,0,0,0,NA,1,1,1
"z[169,5]",0,0,0,0,0,0,0,NA,1,1,1
"z[170,5]",0,0,0,0,0,0,0,NA,1,1,1
"z[171,5]",0.183111111111111,0.386800568517406,0,0,0,0,1,1.01041481949931,310,1,1
"z[172,5]",0.243333333333333,0.429142339283927,0,0,0,0,1,1.0069806500865,372,1,1
"z[173,5]",0.295111111111111,0.456143376880734,0,0,0,1,1,1.00369889006791,597,1,1
"z[174,5]",1,0,1,1,1,1,1,NA,1,0,1
"z[175,5]",1,0,1,1,1,1,1,NA,1,0,1
"z[176,5]",1,0,1,1,1,1,1,NA,1,0,1
"z[177,5]",1,0,1,1,1,1,1,NA,1,0,1
"z[178,5]",0,0,0,0,0,0,0,NA,1,1,1
"z[179,5]",0,0,0,0,0,0,0,NA,1,1,1
"z[180,5]",0,0,0,0,0,0,0,NA,1,1,1
"z[181,5]",0,0,0,0,0,0,0,NA,1,1,1
"z[182,5]",0,0,0,0,0,0,0,NA,1,1,1
"z[183,5]",0,0,0,0,0,0,0,NA,1,1,1
"z[184,5]",0,0,0,0,0,0,0,NA,1,1,1
"z[185,5]",0,0,0,0,0,0,0,NA,1,1,1
"z[1,6]",1,0,1,1,1,1,1,NA,1,0,1
"z[2,6]",1,0,1,1,1,1,1,NA,1,0,1
"z[3,6]",0.0628888888888889,0.242789983053629,0,0,0,0,1,1.00044039163867,4500,1,1
"z[4,6]",1,0,1,1,1,1,1,NA,1,0,1
"z[5,6]",0.444,0.496909318548356,0,0,0,1,1,1.00074881350221,1875,1,1
"z[6,6]",0.520888888888889,0.499618980061514,0,0,1,1,1,1.00556926033202,345,1,1
"z[7,6]",0,0,0,0,0,0,0,NA,1,1,1
"z[8,6]",0,0,0,0,0,0,0,NA,1,1,1
"z[9,6]",0,0,0,0,0,0,0,NA,1,1,1
"z[10,6]",0,0,0,0,0,0,0,NA,1,1,1
"z[11,6]",0,0,0,0,0,0,0,NA,1,1,1
"z[12,6]",0,0,0,0,0,0,0,NA,1,1,1
"z[13,6]",0,0,0,0,0,0,0,NA,1,1,1
"z[14,6]",0,0,0,0,0,0,0,NA,1,1,1
"z[15,6]",0.220222222222222,0.414442474320032,0,0,0,0,1,1.00219774133099,1148,1,1
"z[16,6]",0.626666666666667,0.483743276165097,0,0,1,1,1,1.00016300344468,4304,1,1
"z[17,6]",0,0,0,0,0,0,0,NA,1,1,1
"z[18,6]",0,0,0,0,0,0,0,NA,1,1,1
"z[19,6]",0,0,0,0,0,0,0,NA,1,1,1
"z[20,6]",0,0,0,0,0,0,0,NA,1,1,1
"z[21,6]",0.0982222222222222,0.297647954649891,0,0,0,0,1,0.999877214308397,4500,1,1
"z[22,6]",0.204444444444444,0.403339888149625,0,0,0,0,1,1.0023211386342,1156,1,1
"z[23,6]",0.18,0.384230148856787,0,0,0,0,1,1.00011805977875,4500,1,1
"z[24,6]",0.304444444444444,0.460222872627697,0,0,0,1,1,1.00029639979869,3759,1,1
"z[25,6]",0,0,0,0,0,0,0,NA,1,1,1
"z[26,6]",0,0,0,0,0,0,0,NA,1,1,1
"z[27,6]",0,0,0,0,0,0,0,NA,1,1,1
"z[28,6]",0.016,0.125489041132367,0,0,0,0,0,1.00234541762403,4500,1,1
"z[29,6]",0.0293333333333333,0.168757866791187,0,0,0,0,1,1.00968513864107,1732,1,1
"z[30,6]",0,0,0,0,0,0,0,NA,1,1,1
"z[31,6]",0,0,0,0,0,0,0,NA,1,1,1
"z[32,6]",0,0,0,0,0,0,0,NA,1,1,1
"z[33,6]",0,0,0,0,0,0,0,NA,1,1,1
"z[34,6]",0,0,0,0,0,0,0,NA,1,1,1
"z[35,6]",0,0,0,0,0,0,0,NA,1,1,1
"z[36,6]",0,0,0,0,0,0,0,NA,1,1,1
"z[37,6]",1,0,1,1,1,1,1,NA,1,0,1
"z[38,6]",0.225111111111111,0.417701892453193,0,0,0,0,1,1.00236918541766,1061,1,1
"z[39,6]",1,0,1,1,1,1,1,NA,1,0,1
"z[40,6]",1,0,1,1,1,1,1,NA,1,0,1
"z[41,6]",0,0,0,0,0,0,0,NA,1,1,1
"z[42,6]",0,0,0,0,0,0,0,NA,1,1,1
"z[43,6]",0,0,0,0,0,0,0,NA,1,1,1
"z[44,6]",0,0,0,0,0,0,0,NA,1,1,1
"z[45,6]",0,0,0,0,0,0,0,NA,1,1,1
"z[46,6]",0,0,0,0,0,0,0,NA,1,1,1
"z[47,6]",0,0,0,0,0,0,0,NA,1,1,1
"z[48,6]",0,0,0,0,0,0,0,NA,1,1,1
"z[49,6]",0,0,0,0,0,0,0,NA,1,1,1
"z[50,6]",0,0,0,0,0,0,0,NA,1,1,1
"z[51,6]",0,0,0,0,0,0,0,NA,1,1,1
"z[52,6]",0,0,0,0,0,0,0,NA,1,1,1
"z[53,6]",0,0,0,0,0,0,0,NA,1,1,1
"z[54,6]",0,0,0,0,0,0,0,NA,1,1,1
"z[55,6]",0,0,0,0,0,0,0,NA,1,1,1
"z[56,6]",0,0,0,0,0,0,0,NA,1,1,1
"z[57,6]",0.0842222222222222,0.277751657165108,0,0,0,0,1,1.00056782039144,4500,1,1
"z[58,6]",0.0384444444444444,0.192288028053314,0,0,0,0,1,1.01537491420732,843,1,1
"z[59,6]",1,0,1,1,1,1,1,NA,1,0,1
"z[60,6]",1,0,1,1,1,1,1,NA,1,0,1
"z[61,6]",0,0,0,0,0,0,0,NA,1,1,1
"z[62,6]",0,0,0,0,0,0,0,NA,1,1,1
"z[63,6]",0,0,0,0,0,0,0,NA,1,1,1
"z[64,6]",0,0,0,0,0,0,0,NA,1,1,1
"z[65,6]",0,0,0,0,0,0,0,NA,1,1,1
"z[66,6]",0,0,0,0,0,0,0,NA,1,1,1
"z[67,6]",0,0,0,0,0,0,0,NA,1,1,1
"z[68,6]",0,0,0,0,0,0,0,NA,1,1,1
"z[69,6]",0.00733333333333333,0.0853297931213479,0,0,0,0,0,1.02784543021912,2341,1,1
"z[70,6]",0.0344444444444444,0.182388094475073,0,0,0,0,1,1.00049129814005,4500,1,1
"z[71,6]",0.0273333333333333,0.163070940344369,0,0,0,0,1,1.00927139699412,1931,1,1
"z[72,6]",0.440888888888889,0.496548756722562,0,0,0,1,1,1.00972096975217,207,1,1
"z[73,6]",0,0,0,0,0,0,0,NA,1,1,1
"z[74,6]",0,0,0,0,0,0,0,NA,1,1,1
"z[75,6]",0,0,0,0,0,0,0,NA,1,1,1
"z[76,6]",0,0,0,0,0,0,0,NA,1,1,1
"z[77,6]",0,0,0,0,0,0,0,NA,1,1,1
"z[78,6]",0.647111111111111,0.477921623868044,0,0,1,1,1,1.00171440481779,1076,1,1
"z[79,6]",0.424666666666667,0.494347241700356,0,0,0,1,1,1.00232471034768,774,1,1
"z[80,6]",0,0,0,0,0,0,0,NA,1,1,1
"z[81,6]",0.113555555555556,0.317305949160352,0,0,0,0,1,1.00019520447428,4500,1,1
"z[82,6]",0.0711111111111111,0.257038913373673,0,0,0,0,1,1.00063734876854,4500,1,1
"z[83,6]",0.0597777777777778,0.237101007385967,0,0,0,0,1,1.01008304342353,843,1,1
"z[84,6]",0.389555555555556,0.487703681892657,0,0,0,1,1,0.999714187897901,4500,1,1
"z[85,6]",0.46,0.498452818498796,0,0,0,1,1,1.00003186532501,4500,1,1
"z[86,6]",0.0953333333333333,0.293707437222326,0,0,0,0,1,1.00029442979479,4500,1,1
"z[87,6]",0.121555555555556,0.326808103614916,0,0,0,0,1,1.00294037955405,1424,1,1
"z[88,6]",0.648444444444444,0.4775090751966,0,0,1,1,1,1.0025124699905,777,1,1
"z[89,6]",0.411111111111111,0.492090009160827,0,0,0,1,1,1.00481289197329,406,1,1
"z[90,6]",0,0,0,0,0,0,0,NA,1,1,1
"z[91,6]",0,0,0,0,0,0,0,NA,1,1,1
"z[92,6]",0,0,0,0,0,0,0,NA,1,1,1
"z[93,6]",0,0,0,0,0,0,0,NA,1,1,1
"z[94,6]",0,0,0,0,0,0,0,NA,1,1,1
"z[95,6]",0.168444444444444,0.374302080368986,0,0,0,0,1,1.00030918514515,4500,1,1
"z[96,6]",0.0788888888888889,0.26959522169686,0,0,0,0,1,1.00323159280679,1930,1,1
"z[97,6]",0.0297777777777778,0.169992598048771,0,0,0,0,1,1.00120024251514,4500,1,1
"z[98,6]",0.153111111111111,0.360134586374701,0,0,0,0,1,1.00510033884673,706,1,1
"z[99,6]",0.166222222222222,0.372321366855748,0,0,0,0,1,1.00218062080113,1435,1,1
"z[100,6]",0.178222222222222,0.382742231038999,0,0,0,0,1,1.00120285893648,2216,1,1
"z[101,6]",0.296666666666667,0.456839067684736,0,0,0,1,1,1.00092354046729,1907,1,1
"z[102,6]",0,0,0,0,0,0,0,NA,1,1,1
"z[103,6]",0,0,0,0,0,0,0,NA,1,1,1
"z[104,6]",0.156888888888889,0.36373639680125,0,0,0,0,1,1.00244540208189,1357,1,1
"z[105,6]",0,0,0,0,0,0,0,NA,1,1,1
"z[106,6]",0,0,0,0,0,0,0,NA,1,1,1
"z[107,6]",0,0,0,0,0,0,0,NA,1,1,1
"z[108,6]",0,0,0,0,0,0,0,NA,1,1,1
"z[109,6]",0,0,0,0,0,0,0,NA,1,1,1
"z[110,6]",0,0,0,0,0,0,0,NA,1,1,1
"z[111,6]",0,0,0,0,0,0,0,NA,1,1,1
"z[112,6]",0,0,0,0,0,0,0,NA,1,1,1
"z[113,6]",0,0,0,0,0,0,0,NA,1,1,1
"z[114,6]",0,0,0,0,0,0,0,NA,1,1,1
"z[115,6]",0,0,0,0,0,0,0,NA,1,1,1
"z[116,6]",0,0,0,0,0,0,0,NA,1,1,1
"z[117,6]",0,0,0,0,0,0,0,NA,1,1,1
"z[118,6]",0,0,0,0,0,0,0,NA,1,1,1
"z[119,6]",0,0,0,0,0,0,0,NA,1,1,1
"z[120,6]",0,0,0,0,0,0,0,NA,1,1,1
"z[121,6]",0,0,0,0,0,0,0,NA,1,1,1
"z[122,6]",0,0,0,0,0,0,0,NA,1,1,1
"z[123,6]",0,0,0,0,0,0,0,NA,1,1,1
"z[124,6]",0,0,0,0,0,0,0,NA,1,1,1
"z[125,6]",0.111777777777778,0.315127869408896,0,0,0,0,1,1.00355872799722,1296,1,1
"z[126,6]",0.109111111111111,0.311813217568572,0,0,0,0,1,1.05831592948393,88,1,1
"z[127,6]",0,0,0,0,0,0,0,NA,1,1,1
"z[128,6]",0,0,0,0,0,0,0,NA,1,1,1
"z[129,6]",0,0,0,0,0,0,0,NA,1,1,1
"z[130,6]",0,0,0,0,0,0,0,NA,1,1,1
"z[131,6]",0.442222222222222,0.496705701896018,0,0,0,1,1,1.01215747925671,167,1,1
"z[132,6]",0.250222222222222,0.433189060737051,0,0,0,1,1,1.00430386762253,576,1,1
"z[133,6]",0.0613333333333333,0.239967397948637,0,0,0,0,1,1.0066020195544,1243,1,1
"z[134,6]",0,0,0,0,0,0,0,NA,1,1,1
"z[135,6]",0,0,0,0,0,0,0,NA,1,1,1
"z[136,6]",0,0,0,0,0,0,0,NA,1,1,1
"z[137,6]",0,0,0,0,0,0,0,NA,1,1,1
"z[138,6]",0,0,0,0,0,0,0,NA,1,1,1
"z[139,6]",0,0,0,0,0,0,0,NA,1,1,1
"z[140,6]",0,0,0,0,0,0,0,NA,1,1,1
"z[141,6]",0,0,0,0,0,0,0,NA,1,1,1
"z[142,6]",0,0,0,0,0,0,0,NA,1,1,1
"z[143,6]",0,0,0,0,0,0,0,NA,1,1,1
"z[144,6]",0,0,0,0,0,0,0,NA,1,1,1
"z[145,6]",0.362888888888889,0.480886610884745,0,0,0,1,1,1.0041026221385,491,1,1
"z[146,6]",1,0,1,1,1,1,1,NA,1,0,1
"z[147,6]",0.1,0.300033338889918,0,0,0,0,1,1.01157196366316,465,1,1
"z[148,6]",0.653777777777778,0.475817934481609,0,0,1,1,1,1.00033629069619,3306,1,1
"z[149,6]",0,0,0,0,0,0,0,NA,1,1,1
"z[150,6]",0,0,0,0,0,0,0,NA,1,1,1
"z[151,6]",0,0,0,0,0,0,0,NA,1,1,1
"z[152,6]",0,0,0,0,0,0,0,NA,1,1,1
"z[153,6]",0.220444444444444,0.414592436549855,0,0,0,0,1,1.00095400744514,2256,1,1
"z[154,6]",0.306888888888889,0.461254135741093,0,0,0,1,1,1.00862433722969,265,1,1
"z[155,6]",0.056,0.22994727692822,0,0,0,0,1,1.00069784688396,4500,1,1
"z[156,6]",0.02,0.140015558148628,0,0,0,0,0,1.02451714367511,996,1,1
"z[157,6]",0.0215555555555556,0.14524324938423,0,0,0,0,0,1.00105033225126,4500,1,1
"z[158,6]",0,0,0,0,0,0,0,NA,1,1,1
"z[159,6]",0,0,0,0,0,0,0,NA,1,1,1
"z[160,6]",0,0,0,0,0,0,0,NA,1,1,1
"z[161,6]",0.0833333333333333,0.276416113804279,0,0,0,0,1,1.00383822502024,1559,1,1
"z[162,6]",0.378,0.48494150122798,0,0,0,1,1,0.999718843430704,4500,1,1
"z[163,6]",0.258888888888889,0.438073142680987,0,0,0,1,1,1.00132183138516,1576,1,1
"z[164,6]",0.548222222222222,0.497724490377312,0,0,1,1,1,1.0081670978908,243,1,1
"z[165,6]",0.456,0.498115586572163,0,0,0,1,1,1.00781663000804,253,1,1
"z[166,6]",0.508222222222222,0.499987947793793,0,0,1,1,1,1.0016783038176,1000,1,1
"z[167,6]",0,0,0,0,0,0,0,NA,1,1,1
"z[168,6]",0,0,0,0,0,0,0,NA,1,1,1
"z[169,6]",0,0,0,0,0,0,0,NA,1,1,1
"z[170,6]",0,0,0,0,0,0,0,NA,1,1,1
"z[171,6]",1,0,1,1,1,1,1,NA,1,0,1
"z[172,6]",1,0,1,1,1,1,1,NA,1,0,1
"z[173,6]",1,0,1,1,1,1,1,NA,1,0,1
"z[174,6]",0.950666666666667,0.216587118720284,0,1,1,1,1,1.00131333416772,4500,1,1
"z[175,6]",0.904888888888889,0.293400949995396,0,1,1,1,1,1.00423698217772,1271,1,1
"z[176,6]",0.886,0.317846582996096,0,1,1,1,1,1.00863150499075,552,1,1
"z[177,6]",1,0,1,1,1,1,1,NA,1,0,1
"z[178,6]",0,0,0,0,0,0,0,NA,1,1,1
"z[179,6]",0,0,0,0,0,0,0,NA,1,1,1
"z[180,6]",0,0,0,0,0,0,0,NA,1,1,1
"z[181,6]",0,0,0,0,0,0,0,NA,1,1,1
"z[182,6]",0,0,0,0,0,0,0,NA,1,1,1
"z[183,6]",0,0,0,0,0,0,0,NA,1,1,1
"z[184,6]",0,0,0,0,0,0,0,NA,1,1,1
"z[185,6]",0,0,0,0,0,0,0,NA,1,1,1
"z[1,7]",1,0,1,1,1,1,1,NA,1,0,1
"z[2,7]",0.964,0.186310798705171,0,1,1,1,1,1.05836365344179,230,1,1
"z[3,7]",0.03,0.170606178387604,0,0,0,0,1,1.00149986858789,4500,1,1
"z[4,7]",0.949777777777778,0.218427454690079,0,1,1,1,1,1.03845778024062,259,1,1
"z[5,7]",0.19,0.392344501174273,0,0,0,0,1,1.00248361031571,1155,1,1
"z[6,7]",0.320666666666667,0.466784720300032,0,0,0,1,1,1.02631676888333,90,1,1
"z[7,7]",0,0,0,0,0,0,0,NA,1,1,1
"z[8,7]",0,0,0,0,0,0,0,NA,1,1,1
"z[9,7]",0,0,0,0,0,0,0,NA,1,1,1
"z[10,7]",0,0,0,0,0,0,0,NA,1,1,1
"z[11,7]",0,0,0,0,0,0,0,NA,1,1,1
"z[12,7]",0,0,0,0,0,0,0,NA,1,1,1
"z[13,7]",0,0,0,0,0,0,0,NA,1,1,1
"z[14,7]",0,0,0,0,0,0,0,NA,1,1,1
"z[15,7]",0.134,0.340690171985335,0,0,0,0,1,1.00012890828945,4500,1,1
"z[16,7]",0.456666666666667,0.498174038614519,0,0,0,1,1,1.00081166045657,1766,1,1
"z[17,7]",0,0,0,0,0,0,0,NA,1,1,1
"z[18,7]",0,0,0,0,0,0,0,NA,1,1,1
"z[19,7]",0,0,0,0,0,0,0,NA,1,1,1
"z[20,7]",0,0,0,0,0,0,0,NA,1,1,1
"z[21,7]",0.0533333333333333,0.224722297816234,0,0,0,0,1,1.00404422590044,2258,1,1
"z[22,7]",0.109111111111111,0.311813217568572,0,0,0,0,1,1.00065750848276,4500,1,1
"z[23,7]",0.108222222222222,0.310695388301107,0,0,0,0,1,1.00157595025438,2712,1,1
"z[24,7]",0.166222222222222,0.372321366855748,0,0,0,0,1,0.999945521479086,4500,1,1
"z[25,7]",0,0,0,0,0,0,0,NA,1,1,1
"z[26,7]",0,0,0,0,0,0,0,NA,1,1,1
"z[27,7]",0,0,0,0,0,0,0,NA,1,1,1
"z[28,7]",0.0108888888888889,0.103791690054186,0,0,0,0,0,1.02212019635627,2002,1,1
"z[29,7]",0.024,0.153066020038189,0,0,0,0,0,1.0120430431116,1701,1,1
"z[30,7]",0,0,0,0,0,0,0,NA,1,1,1
"z[31,7]",0,0,0,0,0,0,0,NA,1,1,1
"z[32,7]",0,0,0,0,0,0,0,NA,1,1,1
"z[33,7]",0,0,0,0,0,0,0,NA,1,1,1
"z[34,7]",0,0,0,0,0,0,0,NA,1,1,1
"z[35,7]",0,0,0,0,0,0,0,NA,1,1,1
"z[36,7]",0,0,0,0,0,0,0,NA,1,1,1
"z[37,7]",0.233777777777778,0.423279509260919,0,0,0,0,1,1.04619567058776,63,1,1
"z[38,7]",0.170666666666667,0.376259240127448,0,0,0,0,1,1.02459405114121,142,1,1
"z[39,7]",0.354888888888889,0.478532812783537,0,0,0,1,1,1.02061535837496,109,1,1
"z[40,7]",0.399111111111111,0.489770086465077,0,0,0,1,1,1.01901492353268,113,1,1
"z[41,7]",0,0,0,0,0,0,0,NA,1,1,1
"z[42,7]",0,0,0,0,0,0,0,NA,1,1,1
"z[43,7]",0,0,0,0,0,0,0,NA,1,1,1
"z[44,7]",0,0,0,0,0,0,0,NA,1,1,1
"z[45,7]",0,0,0,0,0,0,0,NA,1,1,1
"z[46,7]",0,0,0,0,0,0,0,NA,1,1,1
"z[47,7]",0,0,0,0,0,0,0,NA,1,1,1
"z[48,7]",0,0,0,0,0,0,0,NA,1,1,1
"z[49,7]",0,0,0,0,0,0,0,NA,1,1,1
"z[50,7]",0,0,0,0,0,0,0,NA,1,1,1
"z[51,7]",0,0,0,0,0,0,0,NA,1,1,1
"z[52,7]",0,0,0,0,0,0,0,NA,1,1,1
"z[53,7]",0,0,0,0,0,0,0,NA,1,1,1
"z[54,7]",0,0,0,0,0,0,0,NA,1,1,1
"z[55,7]",0,0,0,0,0,0,0,NA,1,1,1
"z[56,7]",0,0,0,0,0,0,0,NA,1,1,1
"z[57,7]",0.0688888888888889,0.253293243280298,0,0,0,0,1,1.00085723015937,4500,1,1
"z[58,7]",0.026,0.159152847308496,0,0,0,0,1,1.02999953647152,627,1,1
"z[59,7]",0.418666666666667,0.493395365241133,0,0,0,1,1,1.01545201632658,135,1,1
"z[60,7]",0.382666666666667,0.486091963269127,0,0,0,1,1,1.01658660701297,130,1,1
"z[61,7]",0,0,0,0,0,0,0,NA,1,1,1
"z[62,7]",0,0,0,0,0,0,0,NA,1,1,1
"z[63,7]",0,0,0,0,0,0,0,NA,1,1,1
"z[64,7]",0,0,0,0,0,0,0,NA,1,1,1
"z[65,7]",0,0,0,0,0,0,0,NA,1,1,1
"z[66,7]",0,0,0,0,0,0,0,NA,1,1,1
"z[67,7]",0,0,0,0,0,0,0,NA,1,1,1
"z[68,7]",0,0,0,0,0,0,0,NA,1,1,1
"z[69,7]",0.00755555555555556,0.0866033246050876,0,0,0,0,0,1.12422536707426,444,1,1
"z[70,7]",0.0164444444444444,0.127191272176836,0,0,0,0,0,1.00145460629491,4500,1,1
"z[71,7]",0.0231111111111111,0.150273104306291,0,0,0,0,0,1.00749098053213,2806,1,1
"z[72,7]",0.504,0.500039562782419,0,0,1,1,1,1.0088224709257,224,1,1
"z[73,7]",0,0,0,0,0,0,0,NA,1,1,1
"z[74,7]",0,0,0,0,0,0,0,NA,1,1,1
"z[75,7]",0,0,0,0,0,0,0,NA,1,1,1
"z[76,7]",0,0,0,0,0,0,0,NA,1,1,1
"z[77,7]",0,0,0,0,0,0,0,NA,1,1,1
"z[78,7]",0.229555555555556,0.420593762891488,0,0,0,0,1,1.00486870175214,548,1,1
"z[79,7]",0.330444444444444,0.470425436576649,0,0,0,1,1,1.01439775640402,158,1,1
"z[80,7]",0,0,0,0,0,0,0,NA,1,1,1
"z[81,7]",0.102,0.302681943946003,0,0,0,0,1,1.00242942032077,1976,1,1
"z[82,7]",0.0557777777777778,0.229517588820724,0,0,0,0,1,1.0007952570965,4500,1,1
"z[83,7]",0.0495555555555556,0.217049006950826,0,0,0,0,1,1.01439846337863,707,1,1
"z[84,7]",0.360666666666667,0.480247306077237,0,0,0,1,1,1.00019555888628,4108,1,1
"z[85,7]",0.383777777777778,0.4863588804664,0,0,0,1,1,1.00200319713455,912,1,1
"z[86,7]",0.0444444444444444,0.206103312651472,0,0,0,0,1,1.01143146055595,992,1,1
"z[87,7]",0.0648888888888889,0.246357074296865,0,0,0,0,1,1.00049621516624,4500,1,1
"z[88,7]",0.225333333333333,0.417848084308576,0,0,0,0,1,1.04730538388346,63,1,1
"z[89,7]",0.249333333333333,0.432675194529199,0,0,0,0,1,1.01816733286922,146,1,1
"z[90,7]",0,0,0,0,0,0,0,NA,1,1,1
"z[91,7]",0,0,0,0,0,0,0,NA,1,1,1
"z[92,7]",0,0,0,0,0,0,0,NA,1,1,1
"z[93,7]",0,0,0,0,0,0,0,NA,1,1,1
"z[94,7]",0,0,0,0,0,0,0,NA,1,1,1
"z[95,7]",0.0786666666666667,0.269247715076274,0,0,0,0,1,1.00263581314254,2320,1,1
"z[96,7]",0.0533333333333333,0.224722297816234,0,0,0,0,1,1.0004801330403,4500,1,1
"z[97,7]",0.0162222222222222,0.126343218950737,0,0,0,0,0,1.01291251634463,2326,1,1
"z[98,7]",0.0608888888888889,0.239152967592038,0,0,0,0,1,1.00287401474868,2713,1,1
"z[99,7]",0.082,0.274395210814911,0,0,0,0,1,1.00587275941853,1071,1,1
"z[100,7]",0.0744444444444444,0.26252196898347,0,0,0,0,1,1.00017115542774,4500,1,1
"z[101,7]",0.187111111111111,0.390044037056583,0,0,0,0,1,1.00075838535912,3018,1,1
"z[102,7]",0,0,0,0,0,0,0,NA,1,1,1
"z[103,7]",0,0,0,0,0,0,0,NA,1,1,1
"z[104,7]",0.0806666666666667,0.272352784307054,0,0,0,0,1,1.00024501385628,4500,1,1
"z[105,7]",0,0,0,0,0,0,0,NA,1,1,1
"z[106,7]",0,0,0,0,0,0,0,NA,1,1,1
"z[107,7]",0,0,0,0,0,0,0,NA,1,1,1
"z[108,7]",0,0,0,0,0,0,0,NA,1,1,1
"z[109,7]",0,0,0,0,0,0,0,NA,1,1,1
"z[110,7]",0,0,0,0,0,0,0,NA,1,1,1
"z[111,7]",0,0,0,0,0,0,0,NA,1,1,1
"z[112,7]",0,0,0,0,0,0,0,NA,1,1,1
"z[113,7]",0,0,0,0,0,0,0,NA,1,1,1
"z[114,7]",0,0,0,0,0,0,0,NA,1,1,1
"z[115,7]",0,0,0,0,0,0,0,NA,1,1,1
"z[116,7]",0,0,0,0,0,0,0,NA,1,1,1
"z[117,7]",0,0,0,0,0,0,0,NA,1,1,1
"z[118,7]",0,0,0,0,0,0,0,NA,1,1,1
"z[119,7]",0,0,0,0,0,0,0,NA,1,1,1
"z[120,7]",0,0,0,0,0,0,0,NA,1,1,1
"z[121,7]",0,0,0,0,0,0,0,NA,1,1,1
"z[122,7]",0,0,0,0,0,0,0,NA,1,1,1
"z[123,7]",0,0,0,0,0,0,0,NA,1,1,1
"z[124,7]",0,0,0,0,0,0,0,NA,1,1,1
"z[125,7]",0.0911111111111111,0.287799032014152,0,0,0,0,1,1.00150244919875,3283,1,1
"z[126,7]",0.119111111111111,0.323955206581375,0,0,0,0,1,1.04602417207232,104,1,1
"z[127,7]",0,0,0,0,0,0,0,NA,1,1,1
"z[128,7]",0,0,0,0,0,0,0,NA,1,1,1
"z[129,7]",0,0,0,0,0,0,0,NA,1,1,1
"z[130,7]",0,0,0,0,0,0,0,NA,1,1,1
"z[131,7]",0.298222222222222,0.457528410781342,0,0,0,1,1,1.0261776631686,94,1,1
"z[132,7]",0.0862222222222222,0.280723107246949,0,0,0,0,1,1.00348633087997,1661,1,1
"z[133,7]",0.0322222222222222,0.176609404971474,0,0,0,0,1,1.00136218431803,4500,1,1
"z[134,7]",0,0,0,0,0,0,0,NA,1,1,1
"z[135,7]",0,0,0,0,0,0,0,NA,1,1,1
"z[136,7]",0,0,0,0,0,0,0,NA,1,1,1
"z[137,7]",0,0,0,0,0,0,0,NA,1,1,1
"z[138,7]",0,0,0,0,0,0,0,NA,1,1,1
"z[139,7]",0,0,0,0,0,0,0,NA,1,1,1
"z[140,7]",0,0,0,0,0,0,0,NA,1,1,1
"z[141,7]",0,0,0,0,0,0,0,NA,1,1,1
"z[142,7]",0,0,0,0,0,0,0,NA,1,1,1
"z[143,7]",0,0,0,0,0,0,0,NA,1,1,1
"z[144,7]",0,0,0,0,0,0,0,NA,1,1,1
"z[145,7]",0.206666666666667,0.404959255014411,0,0,0,0,1,1.00233580388567,1140,1,1
"z[146,7]",0.335555555555556,0.472236785873133,0,0,0,1,1,1.01540479822816,147,1,1
"z[147,7]",0.0837777777777778,0.277085046671742,0,0,0,0,1,1.00080077787648,4500,1,1
"z[148,7]",0.742,0.437582621671684,0,0,1,1,1,0.999705023101996,4500,1,1
"z[149,7]",0,0,0,0,0,0,0,NA,1,1,1
"z[150,7]",0,0,0,0,0,0,0,NA,1,1,1
"z[151,7]",0,0,0,0,0,0,0,NA,1,1,1
"z[152,7]",0,0,0,0,0,0,0,NA,1,1,1
"z[153,7]",0.109777777777778,0.31264730789996,0,0,0,0,1,1.00077154869614,4500,1,1
"z[154,7]",0.188,0.390755589973834,0,0,0,0,1,1.00230457055194,1241,1,1
"z[155,7]",0.0488888888888889,0.215659687442576,0,0,0,0,1,1.0024801420712,3813,1,1
"z[156,7]",0.0135555555555556,0.115649360747383,0,0,0,0,0,1.04054494678285,866,1,1
"z[157,7]",0.016,0.125489041132367,0,0,0,0,0,1.0076549486843,3937,1,1
"z[158,7]",0,0,0,0,0,0,0,NA,1,1,1
"z[159,7]",0,0,0,0,0,0,0,NA,1,1,1
"z[160,7]",0,0,0,0,0,0,0,NA,1,1,1
"z[161,7]",0.0413333333333333,0.199082134750893,0,0,0,0,1,1.01234933028923,981,1,1
"z[162,7]",0.194222222222222,0.395644709448007,0,0,0,0,1,1.00347172471077,838,1,1
"z[163,7]",0.0837777777777778,0.277085046671742,0,0,0,0,1,1.00019835055128,4500,1,1
"z[164,7]",0.23,0.420879275212238,0,0,0,0,1,0.999732761672268,4500,1,1
"z[165,7]",0.0895555555555556,0.285575701032972,0,0,0,0,1,1.00253002489304,2131,1,1
"z[166,7]",0.318444444444444,0.465924695139235,0,0,0,1,1,1.00117120281293,1539,1,1
"z[167,7]",0,0,0,0,0,0,0,NA,1,1,1
"z[168,7]",0,0,0,0,0,0,0,NA,1,1,1
"z[169,7]",0,0,0,0,0,0,0,NA,1,1,1
"z[170,7]",0,0,0,0,0,0,0,NA,1,1,1
"z[171,7]",0.396888888888889,0.489306962447443,0,0,0,1,1,1.00665070143625,304,1,1
"z[172,7]",0.488222222222222,0.499916814102062,0,0,0,1,1,1.01267701025381,159,1,1
"z[173,7]",0.570666666666667,0.495036039244765,0,0,1,1,1,1.00841984878579,238,1,1
"z[174,7]",0.938444444444444,0.240373270107645,0,1,1,1,1,1.01038939579014,796,1,1
"z[175,7]",0.883333333333333,0.321058346535981,0,1,1,1,1,1.01881088039257,250,1,1
"z[176,7]",0.785555555555556,0.410481994889812,0,1,1,1,1,1.0219345476309,135,1,1
"z[177,7]",0.920222222222222,0.270978968999202,0,1,1,1,1,1.02136836818232,309,1,1
"z[178,7]",0,0,0,0,0,0,0,NA,1,1,1
"z[179,7]",0,0,0,0,0,0,0,NA,1,1,1
"z[180,7]",0,0,0,0,0,0,0,NA,1,1,1
"z[181,7]",0,0,0,0,0,0,0,NA,1,1,1
"z[182,7]",0,0,0,0,0,0,0,NA,1,1,1
"z[183,7]",0,0,0,0,0,0,0,NA,1,1,1
"z[184,7]",0,0,0,0,0,0,0,NA,1,1,1
"z[185,7]",0,0,0,0,0,0,0,NA,1,1,1
"z[1,8]",1,0,1,1,1,1,1,NA,1,0,1
"z[2,8]",0.959333333333333,0.19753875656879,0,1,1,1,1,1.04848336572538,249,1,1
"z[3,8]",0.0157777777777778,0.124628612791859,0,0,0,0,0,0.999768940154219,4500,1,1
"z[4,8]",0.945555555555556,0.226917803425049,0,1,1,1,1,1.03709480827122,249,1,1
"z[5,8]",0.165111111111111,0.371322059827841,0,0,0,0,1,1.00011173622816,4500,1,1
"z[6,8]",0.334444444444444,0.471848316480549,0,0,0,1,1,1.03460866663058,68,1,1
"z[7,8]",0,0,0,0,0,0,0,NA,1,1,1
"z[8,8]",0,0,0,0,0,0,0,NA,1,1,1
"z[9,8]",0,0,0,0,0,0,0,NA,1,1,1
"z[10,8]",0,0,0,0,0,0,0,NA,1,1,1
"z[11,8]",0,0,0,0,0,0,0,NA,1,1,1
"z[12,8]",0,0,0,0,0,0,0,NA,1,1,1
"z[13,8]",0,0,0,0,0,0,0,NA,1,1,1
"z[14,8]",0,0,0,0,0,0,0,NA,1,1,1
"z[15,8]",0.109111111111111,0.311813217568572,0,0,0,0,1,1.00237420076449,1896,1,1
"z[16,8]",0.436,0.495942191671005,0,0,0,1,1,1.00368006617144,512,1,1
"z[17,8]",0,0,0,0,0,0,0,NA,1,1,1
"z[18,8]",0,0,0,0,0,0,0,NA,1,1,1
"z[19,8]",0,0,0,0,0,0,0,NA,1,1,1
"z[20,8]",0,0,0,0,0,0,0,NA,1,1,1
"z[21,8]",0.0484444444444444,0.214727330422946,0,0,0,0,1,1.00207990302018,4489,1,1
"z[22,8]",0.0948888888888889,0.293093973751269,0,0,0,0,1,1.00725932641913,761,1,1
"z[23,8]",0.104444444444444,0.305870222190877,0,0,0,0,1,1.01065350385216,481,1,1
"z[24,8]",0.148444444444444,0.355579510689408,0,0,0,0,1,1.01005293184116,380,1,1
"z[25,8]",0,0,0,0,0,0,0,NA,1,1,1
"z[26,8]",0,0,0,0,0,0,0,NA,1,1,1
"z[27,8]",0,0,0,0,0,0,0,NA,1,1,1
"z[28,8]",0.00666666666666667,0.0813860808385347,0,0,0,0,0,1.02093295988644,3439,1,1
"z[29,8]",0.0213333333333333,0.14450904074975,0,0,0,0,0,1.00690614962575,3278,1,1
"z[30,8]",0,0,0,0,0,0,0,NA,1,1,1
"z[31,8]",0,0,0,0,0,0,0,NA,1,1,1
"z[32,8]",0,0,0,0,0,0,0,NA,1,1,1
"z[33,8]",0,0,0,0,0,0,0,NA,1,1,1
"z[34,8]",0,0,0,0,0,0,0,NA,1,1,1
"z[35,8]",0,0,0,0,0,0,0,NA,1,1,1
"z[36,8]",0,0,0,0,0,0,0,NA,1,1,1
"z[37,8]",0.246444444444444,0.430988234428048,0,0,0,0,1,1.05389959407358,53,1,1
"z[38,8]",0.207333333333333,0.405441428226822,0,0,0,0,1,1.039083311838,79,1,1
"z[39,8]",0.338444444444444,0.473233102223453,0,0,0,1,1,1.04160761077603,57,1,1
"z[40,8]",0.362222222222222,0.480695987642528,0,0,0,1,1,1.03160345316396,72,1,1
"z[41,8]",0,0,0,0,0,0,0,NA,1,1,1
"z[42,8]",0,0,0,0,0,0,0,NA,1,1,1
"z[43,8]",0,0,0,0,0,0,0,NA,1,1,1
"z[44,8]",0,0,0,0,0,0,0,NA,1,1,1
"z[45,8]",0,0,0,0,0,0,0,NA,1,1,1
"z[46,8]",0,0,0,0,0,0,0,NA,1,1,1
"z[47,8]",0,0,0,0,0,0,0,NA,1,1,1
"z[48,8]",0,0,0,0,0,0,0,NA,1,1,1
"z[49,8]",0,0,0,0,0,0,0,NA,1,1,1
"z[50,8]",0,0,0,0,0,0,0,NA,1,1,1
"z[51,8]",0,0,0,0,0,0,0,NA,1,1,1
"z[52,8]",0,0,0,0,0,0,0,NA,1,1,1
"z[53,8]",0,0,0,0,0,0,0,NA,1,1,1
"z[54,8]",0,0,0,0,0,0,0,NA,1,1,1
"z[55,8]",0,0,0,0,0,0,0,NA,1,1,1
"z[56,8]",0,0,0,0,0,0,0,NA,1,1,1
"z[57,8]",0.0662222222222222,0.248697776589203,0,0,0,0,1,1.0000791628214,4500,1,1
"z[58,8]",0.0177777777777778,0.132157518294075,0,0,0,0,0,1.05418051670117,489,1,1
"z[59,8]",0.363333333333333,0.481013137644236,0,0,0,1,1,1.03807319907433,61,1,1
"z[60,8]",0.346222222222222,0.475817934481609,0,0,0,1,1,1.02866430654408,80,1,1
"z[61,8]",0,0,0,0,0,0,0,NA,1,1,1
"z[62,8]",0,0,0,0,0,0,0,NA,1,1,1
"z[63,8]",0,0,0,0,0,0,0,NA,1,1,1
"z[64,8]",0,0,0,0,0,0,0,NA,1,1,1
"z[65,8]",0,0,0,0,0,0,0,NA,1,1,1
"z[66,8]",0,0,0,0,0,0,0,NA,1,1,1
"z[67,8]",0,0,0,0,0,0,0,NA,1,1,1
"z[68,8]",0,0,0,0,0,0,0,NA,1,1,1
"z[69,8]",0.00777777777777778,0.0878578356425394,0,0,0,0,0,1.10604593170673,520,1,1
"z[70,8]",0.0113333333333333,0.105864911172911,0,0,0,0,0,1.00201801782323,4500,1,1
"z[71,8]",0.0188888888888889,0.136147779728393,0,0,0,0,0,1.0042329653335,4500,1,1
"z[72,8]",0.576666666666667,0.49414216948469,0,0,1,1,1,1.0104417476363,196,1,1
"z[73,8]",0,0,0,0,0,0,0,NA,1,1,1
"z[74,8]",0,0,0,0,0,0,0,NA,1,1,1
"z[75,8]",0,0,0,0,0,0,0,NA,1,1,1
"z[76,8]",0,0,0,0,0,0,0,NA,1,1,1
"z[77,8]",0,0,0,0,0,0,0,NA,1,1,1
"z[78,8]",0.464666666666667,0.498805418941866,0,0,0,1,1,1.00319498988714,575,1,1
"z[79,8]",0.350888888888889,0.47730127009326,0,0,0,1,1,1.02354388676293,96,1,1
"z[80,8]",0,0,0,0,0,0,0,NA,1,1,1
"z[81,8]",0.102888888888889,0.303847464555696,0,0,0,0,1,1.00466967186524,1086,1,1
"z[82,8]",0.0502222222222222,0.218427454690079,0,0,0,0,1,1.00175491662204,4500,1,1
"z[83,8]",0.0488888888888889,0.215659687442576,0,0,0,0,1,1.01116524397508,921,1,1
"z[84,8]",0.352444444444444,0.477784560747159,0,0,0,1,1,1.00134372250224,1309,1,1
"z[85,8]",0.389777777777778,0.487753963867268,0,0,0,1,1,1.00330479694109,583,1,1
"z[86,8]",0.0462222222222222,0.209989350685102,0,0,0,0,1,1.02579059862088,425,1,1
"z[87,8]",0.0664444444444444,0.249085061097509,0,0,0,0,1,1.00061560117169,4500,1,1
"z[88,8]",0.214222222222222,0.41032728028428,0,0,0,0,1,1.07961252857981,40,1,1
"z[89,8]",0.293777777777778,0.455541996182829,0,0,0,1,1,1.0315780347023,79,1,1
"z[90,8]",0,0,0,0,0,0,0,NA,1,1,1
"z[91,8]",0,0,0,0,0,0,0,NA,1,1,1
"z[92,8]",0,0,0,0,0,0,0,NA,1,1,1
"z[93,8]",0,0,0,0,0,0,0,NA,1,1,1
"z[94,8]",0,0,0,0,0,0,0,NA,1,1,1
"z[95,8]",0.0837777777777778,0.277085046671742,0,0,0,0,1,1.00778593048344,803,1,1
"z[96,8]",0.0444444444444444,0.206103312651472,0,0,0,0,1,1.00335941782274,3174,1,1
"z[97,8]",0.00977777777777778,0.0984089676386699,0,0,0,0,0,1.04712067534334,1017,1,1
"z[98,8]",0.0477777777777778,0.213319417750194,0,0,0,0,1,1.0012514700095,4500,1,1
"z[99,8]",0.072,0.258516636409127,0,0,0,0,1,1.00416081898252,1665,1,1
"z[100,8]",0.0613333333333333,0.239967397948637,0,0,0,0,1,1.00401508679706,1984,1,1
"z[101,8]",0.185555555555556,0.388790794756483,0,0,0,0,1,1.00026660860625,4500,1,1
"z[102,8]",0,0,0,0,0,0,0,NA,1,1,1
"z[103,8]",0,0,0,0,0,0,0,NA,1,1,1
"z[104,8]",0.0542222222222222,0.226480841156445,0,0,0,0,1,0.99970414260294,4500,1,1
"z[105,8]",0,0,0,0,0,0,0,NA,1,1,1
"z[106,8]",0,0,0,0,0,0,0,NA,1,1,1
"z[107,8]",0,0,0,0,0,0,0,NA,1,1,1
"z[108,8]",0,0,0,0,0,0,0,NA,1,1,1
"z[109,8]",0,0,0,0,0,0,0,NA,1,1,1
"z[110,8]",0,0,0,0,0,0,0,NA,1,1,1
"z[111,8]",0,0,0,0,0,0,0,NA,1,1,1
"z[112,8]",0,0,0,0,0,0,0,NA,1,1,1
"z[113,8]",0,0,0,0,0,0,0,NA,1,1,1
"z[114,8]",0,0,0,0,0,0,0,NA,1,1,1
"z[115,8]",0,0,0,0,0,0,0,NA,1,1,1
"z[116,8]",0,0,0,0,0,0,0,NA,1,1,1
"z[117,8]",0,0,0,0,0,0,0,NA,1,1,1
"z[118,8]",0,0,0,0,0,0,0,NA,1,1,1
"z[119,8]",0,0,0,0,0,0,0,NA,1,1,1
"z[120,8]",0,0,0,0,0,0,0,NA,1,1,1
"z[121,8]",0,0,0,0,0,0,0,NA,1,1,1
"z[122,8]",0,0,0,0,0,0,0,NA,1,1,1
"z[123,8]",0,0,0,0,0,0,0,NA,1,1,1
"z[124,8]",0,0,0,0,0,0,0,NA,1,1,1
"z[125,8]",0.0788888888888889,0.26959522169686,0,0,0,0,1,1.00024528625051,4500,1,1
"z[126,8]",0.129111111111111,0.335360141694826,0,0,0,0,1,1.03496855844083,127,1,1
"z[127,8]",0,0,0,0,0,0,0,NA,1,1,1
"z[128,8]",0,0,0,0,0,0,0,NA,1,1,1
"z[129,8]",0,0,0,0,0,0,0,NA,1,1,1
"z[130,8]",0,0,0,0,0,0,0,NA,1,1,1
"z[131,8]",0.313777777777778,0.464078812014018,0,0,0,1,1,1.02901728794378,83,1,1
"z[132,8]",0.0768888888888889,0.266444673101302,0,0,0,0,1,1.01097831357814,621,1,1
"z[133,8]",0.0188888888888889,0.136147779728393,0,0,0,0,0,1.0016727537209,4500,1,1
"z[134,8]",0,0,0,0,0,0,0,NA,1,1,1
"z[135,8]",0,0,0,0,0,0,0,NA,1,1,1
"z[136,8]",0,0,0,0,0,0,0,NA,1,1,1
"z[137,8]",0,0,0,0,0,0,0,NA,1,1,1
"z[138,8]",0,0,0,0,0,0,0,NA,1,1,1
"z[139,8]",0,0,0,0,0,0,0,NA,1,1,1
"z[140,8]",0,0,0,0,0,0,0,NA,1,1,1
"z[141,8]",0,0,0,0,0,0,0,NA,1,1,1
"z[142,8]",0,0,0,0,0,0,0,NA,1,1,1
"z[143,8]",0,0,0,0,0,0,0,NA,1,1,1
"z[144,8]",0,0,0,0,0,0,0,NA,1,1,1
"z[145,8]",0.184888888888889,0.388250544230724,0,0,0,0,1,1.00417048803114,735,1,1
"z[146,8]",0.304666666666667,0.460317255808063,0,0,0,1,1,1.02584019110903,94,1,1
"z[147,8]",0.0655555555555556,0.247531090191705,0,0,0,0,1,0.999712661558372,4500,1,1
"z[148,8]",1,0,1,1,1,1,1,NA,1,0,1
"z[149,8]",0,0,0,0,0,0,0,NA,1,1,1
"z[150,8]",0,0,0,0,0,0,0,NA,1,1,1
"z[151,8]",0,0,0,0,0,0,0,NA,1,1,1
"z[152,8]",0,0,0,0,0,0,0,NA,1,1,1
"z[153,8]",0.088,0.283326381812225,0,0,0,0,1,1.00319918789747,1754,1,1
"z[154,8]",0.153111111111111,0.360134586374701,0,0,0,0,1,1.00111880764196,2659,1,1
"z[155,8]",0.0408888888888889,0.198054801702807,0,0,0,0,1,1.00552205753731,2165,1,1
"z[156,8]",0.0122222222222222,0.109888684384328,0,0,0,0,0,1.04467463805663,865,1,1
"z[157,8]",0.0137777777777778,0.116580319235386,0,0,0,0,0,1.00928475830001,3770,1,1
"z[158,8]",0,0,0,0,0,0,0,NA,1,1,1
"z[159,8]",0,0,0,0,0,0,0,NA,1,1,1
"z[160,8]",0,0,0,0,0,0,0,NA,1,1,1
"z[161,8]",0.0391111111111111,0.193880853578703,0,0,0,0,1,1.01869565172187,682,1,1
"z[162,8]",0.190666666666667,0.392870447175731,0,0,0,0,1,1.00913012562999,347,1,1
"z[163,8]",0.0782222222222222,0.268550801033379,0,0,0,0,1,1.00353466274047,1788,1,1
"z[164,8]",0.280222222222222,0.449157611618771,0,0,0,1,1,0.999954777700326,4500,1,1
"z[165,8]",0.254888888888889,0.435847171788359,0,0,0,1,1,1.0000720734849,4500,1,1
"z[166,8]",0.305777777777778,0.460787273813823,0,0,0,1,1,1.00333013894272,649,1,1
"z[167,8]",0,0,0,0,0,0,0,NA,1,1,1
"z[168,8]",0,0,0,0,0,0,0,NA,1,1,1
"z[169,8]",0,0,0,0,0,0,0,NA,1,1,1
"z[170,8]",0,0,0,0,0,0,0,NA,1,1,1
"z[171,8]",0.327555555555556,0.469373914671421,0,0,0,1,1,1.00975324526434,229,1,1
"z[172,8]",0.434888888888889,0.49579750786278,0,0,0,1,1,1.01679073222444,124,1,1
"z[173,8]",0.523111111111111,0.499521096378026,0,0,1,1,1,1.02000043624584,104,1,1
"z[174,8]",0.946222222222222,0.225603720820688,0,1,1,1,1,1.02598540655957,362,1,1
"z[175,8]",0.885777777777778,0.318116322460963,0,1,1,1,1,1.02449870284685,196,1,1
"z[176,8]",0.731111111111111,0.443431336484672,0,0,1,1,1,1.02264598456688,113,1,1
"z[177,8]",0.896666666666667,0.304427578014234,0,1,1,1,1,1.02787358937439,189,1,1
"z[178,8]",0,0,0,0,0,0,0,NA,1,1,1
"z[179,8]",0,0,0,0,0,0,0,NA,1,1,1
"z[180,8]",0,0,0,0,0,0,0,NA,1,1,1
"z[181,8]",0,0,0,0,0,0,0,NA,1,1,1
"z[182,8]",0,0,0,0,0,0,0,NA,1,1,1
"z[183,8]",0,0,0,0,0,0,0,NA,1,1,1
"z[184,8]",0,0,0,0,0,0,0,NA,1,1,1
"z[185,8]",0,0,0,0,0,0,0,NA,1,1,1
"z[1,9]",1,0,1,1,1,1,1,NA,1,0,1
"z[2,9]",1,0,1,1,1,1,1,NA,1,0,1
"z[3,9]",0.0117777777777778,0.107896472423584,0,0,0,0,0,1.00256837458254,4500,1,1
"z[4,9]",1,0,1,1,1,1,1,NA,1,0,1
"z[5,9]",0.109333333333333,0.312091653631951,0,0,0,0,1,1.00065567512042,4500,1,1
"z[6,9]",1,0,1,1,1,1,1,NA,1,0,1
"z[7,9]",0,0,0,0,0,0,0,NA,1,1,1
"z[8,9]",0,0,0,0,0,0,0,NA,1,1,1
"z[9,9]",0,0,0,0,0,0,0,NA,1,1,1
"z[10,9]",0,0,0,0,0,0,0,NA,1,1,1
"z[11,9]",0,0,0,0,0,0,0,NA,1,1,1
"z[12,9]",0,0,0,0,0,0,0,NA,1,1,1
"z[13,9]",0,0,0,0,0,0,0,NA,1,1,1
"z[14,9]",0,0,0,0,0,0,0,NA,1,1,1
"z[15,9]",0.192444444444444,0.394264027506243,0,0,0,0,1,1.00164582008992,1624,1,1
"z[16,9]",0.672666666666667,0.469292194021633,0,0,1,1,1,0.999741460936978,4500,1,1
"z[17,9]",0,0,0,0,0,0,0,NA,1,1,1
"z[18,9]",0,0,0,0,0,0,0,NA,1,1,1
"z[19,9]",0,0,0,0,0,0,0,NA,1,1,1
"z[20,9]",0,0,0,0,0,0,0,NA,1,1,1
"z[21,9]",0.0926666666666667,0.289996972491497,0,0,0,0,1,1.00171158733575,2897,1,1
"z[22,9]",0.286444444444444,0.452149815527453,0,0,0,1,1,1.0014673581107,1367,1,1
"z[23,9]",0.259555555555556,0.438439490389329,0,0,0,1,1,1.00027420475322,4292,1,1
"z[24,9]",0.443777777777778,0.49688421895399,0,0,0,1,1,1.00049121657155,2461,1,1
"z[25,9]",0,0,0,0,0,0,0,NA,1,1,1
"z[26,9]",0,0,0,0,0,0,0,NA,1,1,1
"z[27,9]",0,0,0,0,0,0,0,NA,1,1,1
"z[28,9]",0.00333333333333333,0.0576451269226114,0,0,0,0,0,1.09257835663769,1403,1,1
"z[29,9]",0.0277777777777778,0.164353812079863,0,0,0,0,1,1.00911731287743,1933,1,1
"z[30,9]",0,0,0,0,0,0,0,NA,1,1,1
"z[31,9]",0,0,0,0,0,0,0,NA,1,1,1
"z[32,9]",0,0,0,0,0,0,0,NA,1,1,1
"z[33,9]",0,0,0,0,0,0,0,NA,1,1,1
"z[34,9]",0,0,0,0,0,0,0,NA,1,1,1
"z[35,9]",0,0,0,0,0,0,0,NA,1,1,1
"z[36,9]",0,0,0,0,0,0,0,NA,1,1,1
"z[37,9]",1,0,1,1,1,1,1,NA,1,0,1
"z[38,9]",1,0,1,1,1,1,1,NA,1,0,1
"z[39,9]",1,0,1,1,1,1,1,NA,1,0,1
"z[40,9]",1,0,1,1,1,1,1,NA,1,0,1
"z[41,9]",0,0,0,0,0,0,0,NA,1,1,1
"z[42,9]",0,0,0,0,0,0,0,NA,1,1,1
"z[43,9]",0,0,0,0,0,0,0,NA,1,1,1
"z[44,9]",0,0,0,0,0,0,0,NA,1,1,1
"z[45,9]",0,0,0,0,0,0,0,NA,1,1,1
"z[46,9]",0,0,0,0,0,0,0,NA,1,1,1
"z[47,9]",0,0,0,0,0,0,0,NA,1,1,1
"z[48,9]",0,0,0,0,0,0,0,NA,1,1,1
"z[49,9]",0,0,0,0,0,0,0,NA,1,1,1
"z[50,9]",0,0,0,0,0,0,0,NA,1,1,1
"z[51,9]",0,0,0,0,0,0,0,NA,1,1,1
"z[52,9]",0,0,0,0,0,0,0,NA,1,1,1
"z[53,9]",0,0,0,0,0,0,0,NA,1,1,1
"z[54,9]",0,0,0,0,0,0,0,NA,1,1,1
"z[55,9]",0,0,0,0,0,0,0,NA,1,1,1
"z[56,9]",0,0,0,0,0,0,0,NA,1,1,1
"z[57,9]",0.104888888888889,0.306444249967912,0,0,0,0,1,1.0005077084941,4500,1,1
"z[58,9]",0.0193333333333333,0.137709003796433,0,0,0,0,0,1.01204849552687,2099,1,1
"z[59,9]",1,0,1,1,1,1,1,NA,1,0,1
"z[60,9]",1,0,1,1,1,1,1,NA,1,0,1
"z[61,9]",0,0,0,0,0,0,0,NA,1,1,1
"z[62,9]",0,0,0,0,0,0,0,NA,1,1,1
"z[63,9]",0,0,0,0,0,0,0,NA,1,1,1
"z[64,9]",0,0,0,0,0,0,0,NA,1,1,1
"z[65,9]",0,0,0,0,0,0,0,NA,1,1,1
"z[66,9]",0,0,0,0,0,0,0,NA,1,1,1
"z[67,9]",0,0,0,0,0,0,0,NA,1,1,1
"z[68,9]",0,0,0,0,0,0,0,NA,1,1,1
"z[69,9]",0.00177777777777778,0.0421308880870312,0,0,0,0,0,1.0296375030843,4500,1,1
"z[70,9]",0.00933333333333333,0.0961679644942985,0,0,0,0,0,1.01740924142081,2973,1,1
"z[71,9]",0.0144444444444444,0.119327141438796,0,0,0,0,0,1.01759030209281,1910,1,1
"z[72,9]",1,0,1,1,1,1,1,NA,1,0,1
"z[73,9]",0,0,0,0,0,0,0,NA,1,1,1
"z[74,9]",0,0,0,0,0,0,0,NA,1,1,1
"z[75,9]",0,0,0,0,0,0,0,NA,1,1,1
"z[76,9]",0,0,0,0,0,0,0,NA,1,1,1
"z[77,9]",0,0,0,0,0,0,0,NA,1,1,1
"z[78,9]",0.410222222222222,0.491928579166795,0,0,0,1,1,1.00025654566936,3511,1,1
"z[79,9]",1,0,1,1,1,1,1,NA,1,0,1
"z[80,9]",0,0,0,0,0,0,0,NA,1,1,1
"z[81,9]",0.142222222222222,0.349316729871186,0,0,0,0,1,1.00023604770916,4500,1,1
"z[82,9]",0.0577777777777778,0.233348680154498,0,0,0,0,1,1.00129516879241,4500,1,1
"z[83,9]",0.0628888888888889,0.242789983053629,0,0,0,0,1,1.00249452055253,2985,1,1
"z[84,9]",0.492888888888889,0.500004988738047,0,0,0,1,1,0.999719165611462,4500,1,1
"z[85,9]",0.563333333333333,0.496027786758685,0,0,1,1,1,0.999888284955068,4500,1,1
"z[86,9]",0.106,0.307871829415116,0,0,0,0,1,1.00122623109878,3385,1,1
"z[87,9]",0.0437777777777778,0.204623040065984,0,0,0,0,1,1.00388816078245,2817,1,1
"z[88,9]",1,0,1,1,1,1,1,NA,1,0,1
"z[89,9]",1,0,1,1,1,1,1,NA,1,0,1
"z[90,9]",0,0,0,0,0,0,0,NA,1,1,1
"z[91,9]",0,0,0,0,0,0,0,NA,1,1,1
"z[92,9]",0,0,0,0,0,0,0,NA,1,1,1
"z[93,9]",0,0,0,0,0,0,0,NA,1,1,1
"z[94,9]",0,0,0,0,0,0,0,NA,1,1,1
"z[95,9]",0.28,0.449048783494364,0,0,0,1,1,1.00023097562203,4405,1,1
"z[96,9]",0.0726666666666667,0.259617411331994,0,0,0,0,1,1.00144536271051,4174,1,1
"z[97,9]",0.0153333333333333,0.122888478420367,0,0,0,0,0,1.01338141979893,2371,1,1
"z[98,9]",0.076,0.265027562343912,0,0,0,0,1,1.01169029580774,585,1,1
"z[99,9]",0.131111111111111,0.337559341533209,0,0,0,0,1,1.01226431212498,348,1,1
"z[100,9]",0.105333333333333,0.307016560960735,0,0,0,0,1,1.00216465744428,2114,1,1
"z[101,9]",0.203333333333333,0.402523160105083,0,0,0,0,1,0.999745575843639,4500,1,1
"z[102,9]",0,0,0,0,0,0,0,NA,1,1,1
"z[103,9]",0,0,0,0,0,0,0,NA,1,1,1
"z[104,9]",0.0497777777777778,0.217509687264132,0,0,0,0,1,1.01116547589533,912,1,1
"z[105,9]",0,0,0,0,0,0,0,NA,1,1,1
"z[106,9]",0,0,0,0,0,0,0,NA,1,1,1
"z[107,9]",0,0,0,0,0,0,0,NA,1,1,1
"z[108,9]",0,0,0,0,0,0,0,NA,1,1,1
"z[109,9]",0,0,0,0,0,0,0,NA,1,1,1
"z[110,9]",0,0,0,0,0,0,0,NA,1,1,1
"z[111,9]",0,0,0,0,0,0,0,NA,1,1,1
"z[112,9]",0,0,0,0,0,0,0,NA,1,1,1
"z[113,9]",0,0,0,0,0,0,0,NA,1,1,1
"z[114,9]",0,0,0,0,0,0,0,NA,1,1,1
"z[115,9]",0,0,0,0,0,0,0,NA,1,1,1
"z[116,9]",0,0,0,0,0,0,0,NA,1,1,1
"z[117,9]",0,0,0,0,0,0,0,NA,1,1,1
"z[118,9]",0,0,0,0,0,0,0,NA,1,1,1
"z[119,9]",0,0,0,0,0,0,0,NA,1,1,1
"z[120,9]",0,0,0,0,0,0,0,NA,1,1,1
"z[121,9]",0,0,0,0,0,0,0,NA,1,1,1
"z[122,9]",0,0,0,0,0,0,0,NA,1,1,1
"z[123,9]",0,0,0,0,0,0,0,NA,1,1,1
"z[124,9]",0,0,0,0,0,0,0,NA,1,1,1
"z[125,9]",0.0888888888888889,0.284614925079102,0,0,0,0,1,1.00177303851355,2935,1,1
"z[126,9]",0.207777777777778,0.405761950063745,0,0,0,0,1,1.01245930692062,242,1,1
"z[127,9]",0,0,0,0,0,0,0,NA,1,1,1
"z[128,9]",0,0,0,0,0,0,0,NA,1,1,1
"z[129,9]",0,0,0,0,0,0,0,NA,1,1,1
"z[130,9]",0,0,0,0,0,0,0,NA,1,1,1
"z[131,9]",1,0,1,1,1,1,1,NA,1,0,1
"z[132,9]",0.0677777777777778,0.251392113273443,0,0,0,0,1,1.00601849291262,1236,1,1
"z[133,9]",0.0157777777777778,0.124628612791859,0,0,0,0,0,1.00585631064908,4500,1,1
"z[134,9]",0,0,0,0,0,0,0,NA,1,1,1
"z[135,9]",0,0,0,0,0,0,0,NA,1,1,1
"z[136,9]",0,0,0,0,0,0,0,NA,1,1,1
"z[137,9]",0,0,0,0,0,0,0,NA,1,1,1
"z[138,9]",0,0,0,0,0,0,0,NA,1,1,1
"z[139,9]",0,0,0,0,0,0,0,NA,1,1,1
"z[140,9]",0,0,0,0,0,0,0,NA,1,1,1
"z[141,9]",0,0,0,0,0,0,0,NA,1,1,1
"z[142,9]",0,0,0,0,0,0,0,NA,1,1,1
"z[143,9]",0,0,0,0,0,0,0,NA,1,1,1
"z[144,9]",0,0,0,0,0,0,0,NA,1,1,1
"z[145,9]",0.647111111111111,0.477921623868044,0,0,1,1,1,1.00345894884832,582,1,1
"z[146,9]",0.705333333333333,0.455943438114559,0,0,1,1,1,0.999678608129661,4500,1,1
"z[147,9]",0.0573333333333333,0.232504269129342,0,0,0,0,1,1.00781475335736,1127,1,1
"z[148,9]",1,0,1,1,1,1,1,NA,1,0,1
"z[149,9]",0,0,0,0,0,0,0,NA,1,1,1
"z[150,9]",0,0,0,0,0,0,0,NA,1,1,1
"z[151,9]",0,0,0,0,0,0,0,NA,1,1,1
"z[152,9]",0,0,0,0,0,0,0,NA,1,1,1
"z[153,9]",0.110444444444444,0.313477760833612,0,0,0,0,1,1.00117233612431,3379,1,1
"z[154,9]",0.156444444444444,0.363316547020318,0,0,0,0,1,1.00327010405868,1054,1,1
"z[155,9]",0.046,0.209508363001558,0,0,0,0,1,1.00108904116115,4500,1,1
"z[156,9]",0.00866666666666667,0.0927009450571682,0,0,0,0,0,1.06865698862047,764,1,1
"z[157,9]",0.0166666666666667,0.128033322512951,0,0,0,0,0,1.01291195078336,2259,1,1
"z[158,9]",0,0,0,0,0,0,0,NA,1,1,1
"z[159,9]",0,0,0,0,0,0,0,NA,1,1,1
"z[160,9]",0,0,0,0,0,0,0,NA,1,1,1
"z[161,9]",0.074,0.261799982697114,0,0,0,0,1,1.00440524766514,1538,1,1
"z[162,9]",0.342444444444444,0.474580127272358,0,0,0,1,1,1.00123390821549,1418,1,1
"z[163,9]",0.114888888888889,0.318923242760949,0,0,0,0,1,1.00118493685017,3234,1,1
"z[164,9]",0.223111111111111,0.41637851783485,0,0,0,0,1,1.00197251594673,1249,1,1
"z[165,9]",0.168444444444444,0.374302080368986,0,0,0,0,1,1.00573920581787,590,1,1
"z[166,9]",0.642222222222222,0.47939953221348,0,0,1,1,1,1.00338447644419,592,1,1
"z[167,9]",0,0,0,0,0,0,0,NA,1,1,1
"z[168,9]",0,0,0,0,0,0,0,NA,1,1,1
"z[169,9]",0,0,0,0,0,0,0,NA,1,1,1
"z[170,9]",0,0,0,0,0,0,0,NA,1,1,1
"z[171,9]",0.313555555555556,0.463989558652072,0,0,0,1,1,1.00473870637755,462,1,1
"z[172,9]",1,0,1,1,1,1,1,NA,1,0,1
"z[173,9]",1,0,1,1,1,1,1,NA,1,0,1
"z[174,9]",1,0,1,1,1,1,1,NA,1,0,1
"z[175,9]",1,0,1,1,1,1,1,NA,1,0,1
"z[176,9]",0.710222222222222,0.453709557154509,0,0,1,1,1,1.01871265221556,131,1,1
"z[177,9]",1,0,1,1,1,1,1,NA,1,0,1
"z[178,9]",0,0,0,0,0,0,0,NA,1,1,1
"z[179,9]",0,0,0,0,0,0,0,NA,1,1,1
"z[180,9]",0,0,0,0,0,0,0,NA,1,1,1
"z[181,9]",0,0,0,0,0,0,0,NA,1,1,1
"z[182,9]",0,0,0,0,0,0,0,NA,1,1,1
"z[183,9]",0,0,0,0,0,0,0,NA,1,1,1
"z[184,9]",0,0,0,0,0,0,0,NA,1,1,1
"z[185,9]",0,0,0,0,0,0,0,NA,1,1,1
"deviance",330.759310671819,14.9217955158051,303.62165538714,320.478025550264,330.226056835552,340.280365817546,361.849320211784,1.01032665678516,231,0,1
