"parameter","mean","sd","2.5%","25%","50%","75%","97.5%","Rhat","n.eff","overlap0","f"
"a.psi[1]",0.636963314018341,0.626813603312245,-0.541101447235648,0.228422142820022,0.616002436414428,1.02986512536348,1.91127743900969,1.00030429443676,4500,1,0.858888888888889
"a.psi[2]",-0.644289338340084,0.668718429104215,-1.96991202344393,-1.07333048948107,-0.640537902007184,-0.208365472758847,0.643330368277404,1.00037423545326,4066,1,0.831777777777778
"a.psi[3]",1.97590944013258,0.843345219466342,0.540468934470494,1.38021219622811,1.89427007426963,2.46529380974365,3.90791840285379,1.00017529978461,4500,0,0.998666666666667
"a.psi[4]",2.09861253504411,1.01887918403029,0.305302249422924,1.38701400236511,2.01334120651295,2.72968161551359,4.36274213155877,1.00031213405643,4500,0,0.989555555555556
"b.psi.elev",-0.617517333508456,0.442905531113311,-1.54791878431705,-0.882359047003163,-0.598807817973125,-0.325537470754765,0.197113588980917,1.00066241410572,4500,1,0.927333333333333
"b.psi.water",0.017786190012593,0.438976297361704,-0.847171745196492,-0.272446096839399,0.0203727939495435,0.309065263236758,0.881395086378142,1.00038201299593,4500,1,0.518888888888889
"a.gam[1]",0.189985108588373,0.410578251491769,-0.584805028146603,-0.0866939701362356,0.177774877714852,0.45762714054339,1.01756811829267,0.9998079889784,4500,1,0.670444444444444
"a.gam[2]",-1.39655546993197,0.261548061484954,-1.91226627048835,-1.57266804795253,-1.39217493395701,-1.21865178371449,-0.881718582893215,1.00186424213144,1020,0,1
"a.gam[3]",-0.34800555538267,0.45117569648277,-1.23339628406241,-0.651728903481224,-0.341631568220709,-0.0410860456918021,0.526988313253438,1.00001711614777,4500,1,0.778666666666667
"a.gam[4]",-0.0308131671305025,0.457927742911105,-0.904553668177361,-0.341203013910915,-0.0383727569274294,0.269284661623919,0.909168993404907,1.00050334816155,4011,1,0.534222222222222
"b.gam.elev",-0.299263789467766,0.174869722293479,-0.645829348832166,-0.413284610350953,-0.295646428749341,-0.1793818007363,0.0386681722674879,1.00099696273427,1695,1,0.958666666666667
"b.gam.water",0.055667635303012,0.179167526321228,-0.281265555941615,-0.0648930614408541,0.0509473756721315,0.168317759868969,0.42204054684694,1.00080919163714,2478,1,0.614222222222222
"b.gam.road",-0.464608838901586,0.176091693725571,-0.822216584235644,-0.582281974284099,-0.462395647877474,-0.345090472096619,-0.130426194818244,0.999809262155394,4500,0,0.997555555555556
"b.gam.harv",0.182672787773553,0.138754271108891,-0.0940103156247523,0.0905771461238535,0.183137241337635,0.275201590249577,0.453742416709997,0.999927180031581,4500,1,0.907555555555556
"a.phi[1]",1.71312832405137,0.413897724933792,0.881279543717425,1.46000128937172,1.71835394203114,1.98929330211857,2.51817613211887,1.00485869307068,642,0,0.999111111111111
"a.phi[2]",-0.857968120474415,0.51850096391689,-1.9246924111395,-1.17960440593699,-0.841360301834763,-0.509790787161207,0.111043791412251,1.0023579440752,923,1,0.957555555555556
"a.phi[3]",2.53959829573451,0.417292661901556,1.74159038264908,2.26341898182805,2.52928612600935,2.8156723708067,3.37483889865607,1.00157073857858,1489,0,1
"a.phi[4]",1.61273814615913,0.433151575119895,0.778997911253413,1.34057876373826,1.60857561676536,1.88002244152247,2.48776047790961,1.00229605482388,1024,0,0.998888888888889
"b.phi.elev",-0.206824825520142,0.225818379794201,-0.616045464256463,-0.358678331940064,-0.22070101227068,-0.0668395275030597,0.269718576958074,1.00024895123503,4500,1,0.827777777777778
"b.phi.water",-0.306057823169921,0.184441445449936,-0.67111667212762,-0.431209312092444,-0.304663404337676,-0.182754682777938,0.0546758514202611,1.00163254493777,1485,1,0.954666666666667
"b.phi.road",0.219056920735061,0.18205879144643,-0.143465756259074,0.0990271660556166,0.217848954106145,0.340773512814678,0.570563856915716,1.00039131792762,3983,1,0.890666666666667
"b.phi.harv",0.14753125064743,0.15282733116514,-0.14517029474516,0.0479633138524094,0.147216900651745,0.24782554477541,0.448233431656564,1.00003581708306,4500,1,0.835777777777778
"a.p",0.115706976203146,0.133672912982349,-0.163854644331374,0.0363090661817809,0.120967564468474,0.200106531576944,0.373419628098156,1.00158753253513,1140,1,0.825555555555556
"b.p.ak",0.000396203301049472,1.64740594803845,-3.12476894849596,-1.10299082923268,-0.0284891573963502,1.12922873770309,3.25065409985764,1.00002009329603,4500,1,0.494666666666667
"b.p.clutter",-0.00218226006412758,0.0422189819283315,-0.0859091920933237,-0.0307978445257821,-0.00225169799446315,0.0267653582265571,0.0794783143954295,1.00023464360051,4500,1,0.521555555555556
"b.p.temp",0.553989035168373,0.0514217512731618,0.451498101597619,0.519320483010287,0.55422235506588,0.589334126349626,0.654248207523021,0.99971958807385,4500,0,1
"b.p.julian",0.215710567457223,0.0494939341095319,0.118970881804592,0.181360098073763,0.215584950179386,0.24906232687932,0.313013678794159,0.99973224229256,4500,0,1
"sigma.gam",0.283887316310131,0.224286514692011,0.0110132324935535,0.117063476714884,0.238339982589938,0.394536605785881,0.832629286653834,1.00122298103732,1971,0,1
"sigma.phi",0.616293345717308,0.367658573408993,0.0674044141674162,0.360760518409282,0.558352489028283,0.797463626185663,1.51754481651783,1.00576367562101,593,0,1
"sigma.p",0.351816304714136,0.131051252834389,0.177825684725553,0.264204085989585,0.329494660700319,0.412088322217509,0.678532461973443,1.00204512632177,2472,0,1
"eps.gam[1]",-0.0142457536582889,0.278070327122566,-0.628612765392397,-0.13687811507762,-0.00299060304049666,0.109733810450463,0.559039554923945,1.00033417556278,4500,1,0.517111111111111
"eps.gam[2]",-0.054911248931739,0.265769413412066,-0.694702552861349,-0.170056887649325,-0.0183896824871676,0.0719282942417434,0.453469169326185,1.00004966338286,4500,1,0.571555555555556
"eps.gam[3]",-0.0971094255204748,0.276955762228435,-0.777300095147673,-0.218736472458356,-0.0400314765322104,0.0401700560719326,0.376515018117257,1.00189142619729,1721,1,0.620222222222222
"eps.gam[4]",-0.0503675893547001,0.256148569322269,-0.652499281254253,-0.160778273337429,-0.0176686477354261,0.0715558210027295,0.456455019034269,1.00095468158466,2463,1,0.568
"eps.gam[5]",-0.102505958460098,0.255130561586988,-0.737137466445348,-0.215250864927057,-0.0526707457422652,0.0320310266245562,0.347976940678554,1.00032230756919,4500,1,0.653111111111111
"eps.gam[6]",-0.0990888054061862,0.282666520609906,-0.773876191026124,-0.214417831805848,-0.0366195813539471,0.045669576581087,0.392165614138735,1.00093344219794,1657,1,0.617111111111111
"eps.gam[7]",0.0620269755575441,0.248035864991909,-0.424412869881009,-0.0583841504387773,0.0268705623658667,0.178229965901306,0.627481015737853,1.0019350178461,4161,1,0.592666666666667
"eps.gam[8]",0.237497723916026,0.292334177712708,-0.164180341099064,0.0137745959110054,0.166840231034455,0.401283330632462,0.931041029883749,1.00173258539401,1575,1,0.798444444444444
"eps.phi[1]",0.0914900046706088,0.424017509575573,-0.671468477318962,-0.173854752408329,0.0489267559317971,0.319784053505129,1.04362842085389,1.0042131250208,1274,1,0.568222222222222
"eps.phi[2]",0.0442505741628561,0.409025376626587,-0.72256471570081,-0.197891140898123,0.0159048982360257,0.256732638996253,0.967113832981909,1.00200670983039,1329,1,0.521555555555556
"eps.phi[3]",-0.308659499023892,0.411637982251489,-1.17357164946646,-0.566960372907169,-0.280786174927938,-0.0313037714729966,0.473744142532569,1.00048539334388,3727,1,0.785111111111111
"eps.phi[4]",-0.0112867466165614,0.413728823902392,-0.79757090846522,-0.256619298323748,-0.0218847371752674,0.204327256480901,0.895794098360875,1.00211141200479,2384,1,0.533333333333333
"eps.phi[5]",-0.179220507546987,0.404702841527474,-0.998416668276527,-0.432221684619398,-0.162343112121338,0.054199979884168,0.653883911049386,1.00087937771655,4500,1,0.69
"eps.phi[6]",0.57928594260729,0.563045100149991,-0.220448788507975,0.162022114776571,0.479992042628065,0.885316365115035,1.92252156544448,1.00298773955027,1116,1,0.885333333333333
"eps.phi[7]",-0.0669285301870936,0.403728487804882,-0.873143065098252,-0.310688786502164,-0.0647857157178062,0.144981476618328,0.798328340897786,1.00123810167132,1728,1,0.589333333333333
"eps.phi[8]",0.777084536386255,0.610888820880861,-0.0605473274281345,0.318866774575345,0.686237861701776,1.11950195154587,2.20596899035643,1.00261123229996,1490,1,0.946444444444444
"eps.p[1]",-0.212684890888416,0.195621707577448,-0.61016152741351,-0.33715291070864,-0.206294722350157,-0.0876441924063216,0.159376818785132,1.00027726753954,4500,1,0.87
"eps.p[2]",-0.085227604940325,0.177620714030523,-0.440211443154927,-0.197363868563389,-0.088292139281588,0.029804054137705,0.270010245766725,1.00074018128042,1905,1,0.691111111111111
"eps.p[3]",-0.01238232655097,0.171566607139554,-0.352903464088322,-0.12336282412751,-0.00859941524908137,0.0993611888544234,0.323375796381674,1.00281617711337,645,1,0.522
"eps.p[4]",-0.348034209418545,0.176484727854253,-0.702224820302408,-0.45935687152465,-0.340254547836138,-0.231235410335989,-0.0105695143413797,1.00133802144915,1486,0,0.98
"eps.p[5]",0.0579651957142398,0.177459609130868,-0.283292591816906,-0.0587123943525849,0.0535304902118296,0.173254060302955,0.422202311208231,1.0011289833941,1423,1,0.624
"eps.p[6]",-0.207021509095154,0.175893558342396,-0.563411271417985,-0.321650535844744,-0.202362748110642,-0.0908787074461052,0.138213222455889,1.00036189470255,3469,1,0.886444444444444
"eps.p[7]",0.233427362866086,0.170859801429608,-0.102200863261619,0.121040156491092,0.226449489839812,0.344656951832179,0.587078088772409,1.0019080774795,1099,1,0.925555555555556
"eps.p[8]",0.0746881792162954,0.176100323431632,-0.277691528324949,-0.0444245578250674,0.0765835763093082,0.187078286361846,0.432730934914554,1.00269871638338,872,1,0.662666666666667
"eps.p[9]",0.538061303943311,0.172152830394538,0.230573863166619,0.421363969155539,0.530708007338851,0.645601072450863,0.895664589979545,1.00007784797798,4500,0,0.998888888888889
"psi.fs[1]",0.638588588588589,0.0505076576057017,0.540540540540541,0.605405405405405,0.637837837837838,0.67027027027027,0.737972972972971,0.999840679548213,4500,0,1
"psi.fs[2]",0.608647447447447,0.0312687804456608,0.551351351351351,0.589189189189189,0.605405405405405,0.627027027027027,0.67027027027027,1.00100447755529,4500,0,1
"psi.fs[3]",0.594960960960961,0.0261547826889882,0.545945945945946,0.578378378378378,0.594594594594595,0.610810810810811,0.648648648648649,0.999995556263533,4500,0,1
"psi.fs[4]",0.548193393393393,0.0320346174702799,0.486486486486487,0.524324324324324,0.545945945945946,0.567567567567568,0.610810810810811,1.00040725332169,4500,0,1
"psi.fs[5]",0.575702102102102,0.0273171731636635,0.524324324324324,0.556756756756757,0.572972972972973,0.594594594594595,0.632432432432432,1.00002354857186,4500,0,1
"psi.fs[6]",0.543147147147147,0.0290570330845255,0.486486486486487,0.524324324324324,0.540540540540541,0.562162162162162,0.6,1.00015611273377,4479,0,1
"psi.fs[7]",0.607772972972973,0.0267857406778753,0.556756756756757,0.589189189189189,0.605405405405405,0.627027027027027,0.659459459459459,1.00083551206003,2164,0,1
"psi.fs[8]",0.598031231231231,0.0271747690221404,0.545945945945946,0.578378378378378,0.6,0.616216216216216,0.654054054054054,0.999674086721962,4500,0,1
"psi.fs[9]",0.700824024024024,0.0211276455594301,0.659459459459459,0.686486486486486,0.702702702702703,0.713513513513514,0.740540540540541,1.0009414998159,1819,0,1
"psi.surv[1]",0.65048087431694,0.0311292092080229,0.590163934426229,0.622950819672131,0.655737704918033,0.672131147540984,0.721311475409836,1.00009074817306,4500,0,1
"psi.surv[2]",0.656343815513627,0.024805041217904,0.613207547169811,0.641509433962264,0.650943396226415,0.669811320754717,0.707547169811321,0.999761603235398,4500,0,1
"psi.surv[3]",0.634420327304048,0.019468334404673,0.604651162790698,0.62015503875969,0.635658914728682,0.643410852713178,0.674418604651163,1.00042857658805,3974,0,1
"psi.surv[4]",0.600068126520681,0.0296048688150521,0.547445255474453,0.576642335766423,0.598540145985402,0.62043795620438,0.656934306569343,1.00098174284538,1854,0,1
"psi.surv[5]",0.658670222222222,0.0211645539529438,0.624,0.64,0.656,0.672,0.704,1.00050395455372,4500,0,1
"psi.surv[6]",0.560557792692021,0.0283582881547386,0.51006711409396,0.543624161073825,0.557046979865772,0.577181208053691,0.61744966442953,1.0003011221397,4500,0,1
"psi.surv[7]",0.694340216322517,0.0165924809118604,0.663716814159292,0.68141592920354,0.690265486725664,0.707964601769911,0.725663716814159,1.000185854628,4500,0,1
"psi.surv[8]",0.577727430555556,0.0227312015076025,0.5390625,0.5625,0.578125,0.59375,0.625,0.999759649171352,4500,0,1
"psi.surv[9]",0.699590008613264,0.0116097794009877,0.682170542635659,0.689922480620155,0.697674418604651,0.705426356589147,0.728682170542636,1.00030393963766,3938,0,1
"n.occ[1]",118.138888888889,9.34391665705481,100,112,118,124,136.525,0.999840679548213,4500,0,1
"n.occ[2]",112.599777777778,5.78472438244725,102,109,112,116,124,1.00100447755529,4500,0,1
"n.occ[3]",110.067777777778,4.83863479746281,101,107,110,113,120,0.999995556263533,4500,0,1
"n.occ[4]",101.415777777778,5.92640423200178,90,97,101,105,113,1.00040725332169,4500,0,1
"n.occ[5]",106.504888888889,5.05367703527774,97,103,106,110,117,1.00002354857186,4500,0,1
"n.occ[6]",100.482222222222,5.37555112063722,90,97,100,104,111,1.00015611273377,4479,0,1
"n.occ[7]",112.438,4.95536202540693,103,109,112,116,122,1.00083551206003,2164,0,1
"n.occ[8]",110.635777777778,5.02733226909598,101,107,111,114,121,0.999674086721962,4500,0,1
"n.occ[9]",129.652444444444,3.90861442849457,122,127,130,132,137,1.00094149981591,1819,0,1
"psi.reg[1,1]",0.547612535612536,0.0917692794856893,0.358974358974359,0.487179487179487,0.538461538461538,0.615384615384615,0.717948717948718,0.999908538530143,4500,0,1
"psi.reg[2,1]",0.355592592592593,0.120541376512699,0.15,0.266666666666667,0.35,0.433333333333333,0.6,1.00015245409114,4210,0,1
"psi.reg[3,1]",0.830599326599327,0.0864099952369739,0.636363636363636,0.787878787878788,0.848484848484849,0.909090909090909,0.96969696969697,0.999767158651976,4500,0,1
"psi.reg[4,1]",0.906352201257862,0.0689259368850244,0.735849056603774,0.867924528301887,0.924528301886792,0.962264150943396,1,1.00165904391257,1766,0,1
"psi.reg[1,2]",0.673458689458689,0.0739882484556259,0.538461538461538,0.615384615384615,0.666666666666667,0.717948717948718,0.808333333333324,0.999944063619848,4500,0,1
"psi.reg[2,2]",0.238037037037037,0.0521212721881194,0.15,0.2,0.233333333333333,0.266666666666667,0.35,1.00071872194849,2165,0,1
"psi.reg[3,2]",0.816983164983165,0.0494054380209891,0.727272727272727,0.787878787878788,0.818181818181818,0.848484848484849,0.909090909090909,0.999793236770324,4500,0,1
"psi.reg[4,2]",0.850796645702306,0.0425575835868732,0.773584905660377,0.830188679245283,0.849056603773585,0.886792452830189,0.924528301886792,1.00011990711071,4500,0,1
"psi.reg[1,3]",0.580564102564103,0.0600481293170589,0.461538461538462,0.538461538461538,0.58974358974359,0.615384615384615,0.692307692307692,1.00040202050936,3512,0,1
"psi.reg[2,3]",0.249511111111111,0.0480807257925064,0.166666666666667,0.216666666666667,0.25,0.283333333333333,0.35,1.00017074641325,4500,0,1
"psi.reg[3,3]",0.824545454545455,0.0366988385180076,0.757575757575758,0.787878787878788,0.818181818181818,0.848484848484849,0.878787878787879,0.999848464601357,4500,0,1
"psi.reg[4,3]",0.853681341719078,0.0333247431047006,0.792452830188679,0.830188679245283,0.849056603773585,0.867924528301887,0.924528301886792,0.9999975836858,4500,0,1
"psi.reg[1,4]",0.693903133903134,0.0507472034528294,0.58974358974359,0.666666666666667,0.692307692307692,0.717948717948718,0.794871794871795,0.999860433891077,4500,0,1
"psi.reg[2,4]",0.178955555555556,0.048339041799975,0.1,0.15,0.183333333333333,0.216666666666667,0.283333333333333,1.00030744614635,3280,0,1
"psi.reg[3,4]",0.818424242424242,0.0415680649976326,0.727272727272727,0.787878787878788,0.818181818181818,0.848484848484849,0.909090909090909,1.00072524001986,3086,0,1
"psi.reg[4,4]",0.690721174004193,0.0619380776507902,0.566037735849057,0.641509433962264,0.69811320754717,0.735849056603774,0.811320754716981,1.00127580116234,1431,0,1
"psi.reg[1,5]",0.74642735042735,0.0375933106284039,0.666666666666667,0.717948717948718,0.743589743589744,0.769230769230769,0.82051282051282,0.999932647242165,4500,0,1
"psi.reg[2,5]",0.234803703703704,0.0526037701916418,0.133333333333333,0.2,0.233333333333333,0.266666666666667,0.333333333333333,0.999802705426418,4500,0,1
"psi.reg[3,5]",0.722956228956229,0.0447279108777065,0.636363636363636,0.696969696969697,0.727272727272727,0.757575757575758,0.818181818181818,1.0007734856687,4500,0,1
"psi.reg[4,5]",0.744310272536688,0.0451787519162407,0.660377358490566,0.716981132075472,0.735849056603774,0.773584905660377,0.830188679245283,0.999948924356203,4500,0,1
"psi.reg[1,6]",0.710051282051282,0.0568565984533459,0.58974358974359,0.666666666666667,0.717948717948718,0.743589743589744,0.82051282051282,1.00038583784677,2801,0,1
"psi.reg[2,6]",0.180525925925926,0.0355076569454448,0.116666666666667,0.15,0.183333333333333,0.2,0.25,1.00086377067015,2442,0,1
"psi.reg[3,6]",0.761306397306397,0.0429638758474221,0.666666666666667,0.727272727272727,0.757575757575758,0.787878787878788,0.848484848484849,1.00024059138494,3828,0,1
"psi.reg[4,6]",0.695010482180293,0.0537244019145809,0.60377358490566,0.660377358490566,0.69811320754717,0.735849056603774,0.811320754716981,1.00053027742422,2981,0,1
"psi.reg[1,7]",0.821663817663818,0.0330816644972033,0.743589743589744,0.794871794871795,0.82051282051282,0.846153846153846,0.871794871794872,1.00052453709254,2547,0,1
"psi.reg[2,7]",0.214588888888889,0.0527380404108292,0.116666666666667,0.183333333333333,0.216666666666667,0.25,0.316666666666667,1.00112428414158,1515,0,1
"psi.reg[3,7]",0.78443771043771,0.0354496288037401,0.727272727272727,0.757575757575758,0.787878787878788,0.818181818181818,0.848484848484849,0.999911218834844,4500,0,1
"psi.reg[4,7]",0.785496855345912,0.0470039752593125,0.69811320754717,0.754716981132076,0.792452830188679,0.811320754716981,0.867924528301887,1.00031373901523,4500,0,1
"psi.reg[1,8]",0.682643874643875,0.0599659798807362,0.564102564102564,0.641025641025641,0.692307692307692,0.717948717948718,0.794871794871795,1.0000281783751,4500,0,1
"psi.reg[2,8]",0.256192592592593,0.0331725014452406,0.2,0.233333333333333,0.25,0.283333333333333,0.333333333333333,1.00048892171904,4191,0,1
"psi.reg[3,8]",0.820572390572391,0.0440966928412742,0.727272727272727,0.787878787878788,0.818181818181818,0.848484848484849,0.909090909090909,0.999881743346069,4500,0,1
"psi.reg[4,8]",0.7841928721174,0.0492596940007951,0.679245283018868,0.754716981132076,0.792452830188679,0.811320754716981,0.867924528301887,1.00068971125562,2031,0,1
"psi.reg[1,9]",0.771737891737892,0.0370413282916934,0.692307692307692,0.743589743589744,0.769230769230769,0.794871794871795,0.846153846153846,1.00167769314696,1133,0,1
"psi.reg[2,9]",0.420381481481481,0.0343813920502531,0.366666666666667,0.4,0.416666666666667,0.45,0.483333333333333,1.00035028468313,4500,0,1
"psi.reg[3,9]",0.886612794612795,0.0287438810378494,0.848484848484849,0.878787878787879,0.878787878787879,0.909090909090909,0.939393939393939,1.00005523200301,4500,0,1
"psi.reg[4,9]",0.850444444444444,0.040354847470181,0.773584905660377,0.830188679245283,0.849056603773585,0.886792452830189,0.924528301886792,1.00026991008547,4500,0,1
"n.occ.reg[1,1]",21.3568888888889,3.57900189994188,14,19,21,24,28,0.999908538530143,4500,0,1
"n.occ.reg[2,1]",21.3355555555556,7.23248259076196,9,16,21,26,36,1.00015245409114,4210,0,1
"n.occ.reg[3,1]",27.4097777777778,2.85152984282014,21,26,28,30,32,0.999767158651976,4500,0,1
"n.occ.reg[4,1]",48.0366666666667,3.65307465490629,39,46,49,51,53,1.00165904391257,1766,0,1
"n.occ.reg[1,2]",26.2648888888889,2.88554168976941,21,24,26,28,31.5249999999996,0.999944063619848,4500,0,1
"n.occ.reg[2,2]",14.2822222222222,3.12727633128716,9,12,14,16,21,1.00071872194849,2165,0,1
"n.occ.reg[3,2]",26.9604444444444,1.63037945469264,24,26,27,28,30,0.999793236770324,4500,0,1
"n.occ.reg[4,2]",45.0922222222222,2.25555193010428,41,44,45,47,49,1.00011990711072,4500,0,1
"n.occ.reg[1,3]",22.642,2.3418770433653,18,21,23,24,27,1.00040202050936,3512,0,1
"n.occ.reg[2,3]",14.9706666666667,2.88484354755038,10,13,15,17,21,1.00017074641325,4500,0,1
"n.occ.reg[3,3]",27.21,1.21106167109425,25,26,27,28,29,0.999848464601357,4500,0,1
"n.occ.reg[4,3]",45.2451111111111,1.76621138454913,42,44,45,46,49,0.9999975836858,4500,0,1
"n.occ.reg[1,4]",27.0622222222222,1.97914093466035,23,26,27,28,31,0.999860433891078,4500,0,1
"n.occ.reg[2,4]",10.7373333333333,2.9003425079985,6,9,11,13,17,1.00030744614635,3280,0,1
"n.occ.reg[3,4]",27.008,1.37174614492187,24,26,27,28,30,1.00072524001986,3086,0,1
"n.occ.reg[4,4]",36.6082222222222,3.28271811549188,30,34,37,39,43,1.00127580116234,1431,0,1
"n.occ.reg[1,5]",29.1106666666667,1.46613911450775,26,28,29,30,32,0.999932647242164,4500,0,1
"n.occ.reg[2,5]",14.0882222222222,3.15622621149851,8,12,14,16,20,0.999802705426418,4500,0,1
"n.occ.reg[3,5]",23.8575555555556,1.47602105896431,21,23,24,25,27,1.0007734856687,4500,0,1
"n.occ.reg[4,5]",39.4484444444444,2.39447385156076,35,38,39,41,44,0.999948924356203,4500,0,1
"n.occ.reg[1,6]",27.692,2.21740733968049,23,26,28,29,32,1.00038583784677,2801,0,1
"n.occ.reg[2,6]",10.8315555555556,2.13045941672669,7,9,11,12,15,1.00086377067015,2442,0,1
"n.occ.reg[3,6]",25.1231111111111,1.41780790296493,22,24,25,26,28,1.00024059138494,3828,0,1
"n.occ.reg[4,6]",36.8355555555556,2.84739330147278,32,35,37,39,43,1.00053027742422,2981,0,1
"n.occ.reg[1,7]",32.0448888888889,1.29018491539093,29,31,32,33,34,1.00052453709254,2547,0,1
"n.occ.reg[2,7]",12.8753333333333,3.16428242464975,7,11,13,15,19,1.00112428414158,1515,0,1
"n.occ.reg[3,7]",25.8864444444444,1.16983775052342,24,25,26,27,28,0.999911218834844,4500,0,1
"n.occ.reg[4,7]",41.6313333333333,2.49121068874356,37,40,42,43,46,1.00031373901523,4500,0,1
"n.occ.reg[1,8]",26.6231111111111,2.33867321534871,22,25,27,28,31,1.0000281783751,4500,0,1
"n.occ.reg[2,8]",15.3715555555556,1.99035008671444,12,14,15,17,20,1.00048892171904,4191,0,1
"n.occ.reg[3,8]",27.0788888888889,1.45519086376205,24,26,27,28,30,0.999881743346069,4500,0,1
"n.occ.reg[4,8]",41.5622222222222,2.61076378204214,36,40,42,43,46,1.00068971125562,2031,0,1
"n.occ.reg[1,9]",30.0977777777778,1.44461180337604,27,29,30,31,33,1.00167769314696,1133,0,1
"n.occ.reg[2,9]",25.2228888888889,2.06288352301519,22,24,25,27,29,1.00035028468313,4500,0,1
"n.occ.reg[3,9]",29.2582222222222,0.948548074249029,28,29,29,30,31,1.00005523200301,4500,0,1
"n.occ.reg[4,9]",45.0735555555556,2.13880691591959,41,44,45,47,49,1.00026991008547,4500,0,1
"psi.reg.init[1]",0.641851479818254,0.131368534267122,0.367931427107269,0.556858526341286,0.64930882004969,0.73688974666747,0.871162246308332,1.00019595178966,4500,0,1
"psi.reg.init[2]",0.357574040768481,0.140423592485389,0.122398337040794,0.254770233306961,0.345124962314278,0.448096284467168,0.655505791765215,1.00045070356533,3873,0,1
"psi.reg.init[3]",0.852707913308917,0.0913986888342125,0.631921421639632,0.799025077600381,0.869241631036511,0.92167268817809,0.980312889395988,0.999855360820911,4500,0,1
"psi.reg.init[4]",0.855915542734902,0.108935122094708,0.57573814321865,0.800115117093462,0.882190709588458,0.938755528210303,0.98741632896111,1.00189359398351,3368,0,1
"gamma.reg[1,1]",0.54157974644956,0.110093080795009,0.322441338055913,0.467745074983496,0.541708734085037,0.616700316843541,0.755091862740657,0.999893464911699,4500,0,1
"gamma.reg[2,1]",0.201590158691022,0.0538791780832015,0.10375979504543,0.165241354262138,0.197815318654948,0.232934355197432,0.317029888497322,1.00131829947793,1963,0,1
"gamma.reg[3,1]",0.41571253768417,0.118001903584836,0.196508971704485,0.331008864515824,0.412047274117371,0.494383256826524,0.659065484384711,1.00004450069413,4500,0,1
"gamma.reg[4,1]",0.48914837268218,0.120344289979659,0.2583403437315,0.407450894294184,0.485650720474725,0.571699634736319,0.728665209488077,1.00025407516635,4500,0,1
"gamma.reg[1,2]",0.532041041903061,0.107955004995563,0.320575954353558,0.460102911169172,0.530741360018552,0.604712273297151,0.742764119876127,0.999756873026873,4500,0,1
"gamma.reg[2,2]",0.194723978629121,0.0491209080079004,0.101445292627563,0.162299714733904,0.192029686590755,0.225936261856264,0.29962358811885,1.00214693826003,1046,0,1
"gamma.reg[3,2]",0.40609487207077,0.111921065733276,0.199225104998067,0.323643407465719,0.404946477453199,0.483713118199426,0.627679071585612,0.999794558841469,4500,0,1
"gamma.reg[4,2]",0.479788154981745,0.115594271589918,0.252585549769415,0.401238054634198,0.480142509022452,0.558171772013727,0.710443434379835,1.00043478843286,3544,0,1
"gamma.reg[1,3]",0.522131829543218,0.107088120474682,0.305364860429067,0.447524184536348,0.523400197841993,0.596389717779992,0.730441764688673,0.999954010952116,4500,0,1
"gamma.reg[2,3]",0.188838619944509,0.0503123027574014,0.0949413840475083,0.154484788752805,0.187614115635457,0.220910306319985,0.294781255982303,1.00181464571045,1297,0,1
"gamma.reg[3,3]",0.396647222503054,0.111839547817592,0.187240795400092,0.317208700937266,0.39453280691534,0.473015591935544,0.614640865315215,0.999882331236249,4500,0,1
"gamma.reg[4,3]",0.469700755555178,0.116647016930949,0.245940384364536,0.389399163670963,0.466214993968698,0.548125308983987,0.707927844586513,1.00061204091542,3185,0,1
"gamma.reg[1,4]",0.533244111434533,0.104667274261653,0.328689158144733,0.462442134105836,0.533201452120015,0.60672307879363,0.731985895530256,0.999768016240964,4500,0,1
"gamma.reg[2,4]",0.195420909072003,0.0495084918642582,0.105489518377078,0.160454270384519,0.193892935368314,0.226738843904186,0.300010288748255,1.00233976720879,821,0,1
"gamma.reg[3,4]",0.406684036236534,0.109483326209358,0.203260319525365,0.328431745512922,0.402613778885365,0.480949340153335,0.62907602402656,0.999774894940552,4500,0,1
"gamma.reg[4,4]",0.480756632308053,0.115206308646801,0.257019541844269,0.399989785104582,0.479018340422432,0.560620033163327,0.706129158836667,1.00094370498653,2197,0,1
"gamma.reg[1,5]",0.520770188476004,0.106244414481743,0.31361998586791,0.44752913880006,0.520197045213078,0.594522439720965,0.725534782143103,0.999742778661793,4500,0,1
"gamma.reg[2,5]",0.187250262910906,0.0469126359282622,0.101065051455522,0.155137379312085,0.184922958048951,0.216818017188942,0.285985313106235,1.00190366947576,1032,0,1
"gamma.reg[3,5]",0.395019524029928,0.109620649633577,0.19595232153913,0.316622041114033,0.390624498826327,0.46928456172237,0.613310143009616,0.999771329268298,4500,0,1
"gamma.reg[4,5]",0.46816532274545,0.112691594769532,0.25795662474029,0.389524973854222,0.464017585121513,0.543786926372833,0.697886787724376,1.0004680219433,2911,0,1
"gamma.reg[1,6]",0.521814688318176,0.109509047586809,0.299497729849445,0.450319835849144,0.523871973958652,0.595419857466012,0.724647091976383,1.0004498388077,4500,0,1
"gamma.reg[2,6]",0.188925383070696,0.0516313470152336,0.0898206296924639,0.154895340998915,0.187823309402416,0.2214460831234,0.293639702946052,1.00137190598757,1543,0,1
"gamma.reg[3,6]",0.396166716828897,0.112068144214435,0.184960495195839,0.316407696927172,0.392857437795919,0.472273225322851,0.621609941275942,1.00000968519634,4500,0,1
"gamma.reg[4,6]",0.469686572491857,0.118767789964383,0.237251198268198,0.389309059561295,0.469490995474291,0.550147900548509,0.705337652607598,1.00016399008263,4500,0,1
"gamma.reg[1,7]",0.559590844241953,0.106148844388779,0.349709624143869,0.486989042534763,0.559142445519327,0.633317980823461,0.763310082157579,0.999927554437466,4500,0,1
"gamma.reg[2,7]",0.212780644020494,0.050695790988574,0.126443559998278,0.177569644313786,0.208448190748455,0.242608937936526,0.325283414105753,1.00026230173341,3968,0,1
"gamma.reg[3,7]",0.432623397229938,0.111758799555096,0.22799200317507,0.353105664851205,0.430064940563186,0.509690637429268,0.656928947986615,1.00016110587035,4500,0,1
"gamma.reg[4,7]",0.507065386600794,0.114669448227799,0.289778195114822,0.426709855057106,0.503573536569746,0.583822305868171,0.736004512570538,0.999931923316054,4500,0,1
"gamma.reg[1,8]",0.599667588414128,0.107513604808796,0.393129610756697,0.524339356728441,0.599094980962142,0.676797871388123,0.804212327777871,1.00053140791839,2420,0,1
"gamma.reg[2,8]",0.243441009570284,0.0591188564155803,0.151889933097076,0.201121900261997,0.234641622973689,0.277497352021461,0.380603527882948,1.00057600120586,2321,0,1
"gamma.reg[3,8]",0.473741266530346,0.11959814957179,0.253229088494771,0.389656808937953,0.471442780680235,0.55525883982555,0.722249961072594,1.00070232377573,2411,0,1
"gamma.reg[4,8]",0.547930806274649,0.120197292184997,0.321575782757081,0.461920273911126,0.546050351174619,0.633679355993158,0.78254205197348,1.00015390206488,4500,0,1
"phi.reg[1,1]",0.848691231164874,0.0609022015273846,0.706538900649286,0.813507244006331,0.85638498910749,0.892870939883639,0.942781271767093,1.00051054779485,3680,0,1
"phi.reg[2,1]",0.327597541811088,0.113084327901453,0.141033744003175,0.243788395722126,0.315903773986606,0.403147131197791,0.575617875669337,1.00043727787572,4500,0,1
"phi.reg[3,1]",0.926375022073944,0.0327218086332369,0.84888578726626,0.908224905707773,0.931243099157673,0.950251694336777,0.974828706737137,1.0014093592718,4500,0,1
"phi.reg[4,1]",0.836240206491661,0.0622582595461212,0.693918291853747,0.79784614351898,0.843578661509405,0.88118332335475,0.936868770126552,0.999985998130696,4500,0,1
"phi.reg[1,2]",0.843843767479505,0.0586995422802738,0.705962423488039,0.809837101121962,0.850485871605694,0.88547659479812,0.938539272558409,1.00120248249182,1381,0,1
"phi.reg[2,2]",0.318758354007934,0.11438413230391,0.123768249669185,0.235398005007435,0.309422094278322,0.390558369233685,0.568334798780193,1.00027476234446,4386,0,1
"phi.reg[3,2]",0.92407347005331,0.0311774197090386,0.85149216448655,0.906730053664331,0.928697728481346,0.946759703854708,0.971901236583832,1.00053322860595,4500,0,1
"phi.reg[4,2]",0.830776477996866,0.0607656375693747,0.695226686525045,0.793577376284613,0.836173928785587,0.874513374982326,0.931273815769665,0.999796969094917,4500,0,1
"phi.reg[1,3]",0.792710923532982,0.0756478562514153,0.621168511286401,0.746403655271793,0.80308709099097,0.848297317314624,0.911262405708393,1.00089380856124,2103,0,1
"phi.reg[2,3]",0.252483825177178,0.104128728913289,0.0867134819360233,0.173346387678716,0.23954810535938,0.320107095007445,0.475082179580701,1.00125213176754,2063,0,1
"phi.reg[3,3]",0.895402925334974,0.0433941846160291,0.790723976306454,0.871952604096928,0.902663556695685,0.926187822617525,0.960770294288547,1.00002670525165,4500,0,1
"phi.reg[4,3]",0.774761185691997,0.0853272329748078,0.581876378889604,0.722960963267253,0.786521086011502,0.836926426918809,0.91113793605791,1.00071603630896,2275,0,1
"phi.reg[1,4]",0.837448737152927,0.0584369719500178,0.702569288809286,0.803305534650523,0.845239464006013,0.879530623777596,0.92797323566099,1.00274478435477,1111,0,1
"phi.reg[2,4]",0.307565761392959,0.112687001247423,0.118619202126046,0.225993190075659,0.296593715654947,0.380794675224167,0.553082409127514,1.00020396138662,3769,0,1
"phi.reg[3,4]",0.919715240590289,0.0341749345022729,0.836949326113825,0.90173057031208,0.924014419646675,0.944187057622651,0.971287869934507,1.00025367014521,4500,0,1
"phi.reg[4,4]",0.822240792634374,0.0667850770862132,0.667896229914434,0.783800502907707,0.830470441137643,0.870733049706627,0.931468986490442,1.00008711946203,4500,0,1
"phi.reg[1,5]",0.81299862191578,0.0681373472832436,0.656750389731761,0.771939908110108,0.821693370375828,0.86283122980727,0.922126579332049,1.00135338583433,1436,0,1
"phi.reg[2,5]",0.276002400868379,0.110108818169464,0.100681517087407,0.193124982707943,0.263933152264745,0.348806878730497,0.511585746773614,1.00111255853319,1741,0,1
"phi.reg[3,5]",0.906698289875379,0.0391485002958161,0.813510570794705,0.886092474738271,0.912948067201858,0.934928251418389,0.965043187517841,1.00034129587941,4500,0,1
"phi.reg[4,5]",0.795513965017205,0.0787346746311481,0.623718865168485,0.7457459537198,0.803607040600097,0.853242248146519,0.923928124604716,1.00097379855738,1853,0,1
"phi.reg[1,6]",0.897421889279507,0.0484476316255627,0.78757419881098,0.866856377162139,0.903454322901687,0.933938263717718,0.973347099499026,1.0000499814592,4500,0,1
"phi.reg[2,6]",0.434921511336419,0.142667992026162,0.196029851883491,0.329292002198119,0.419615909189871,0.527910035528124,0.744170294127378,0.999772374869797,4500,0,1
"phi.reg[3,6]",0.950923692645946,0.0260170414806096,0.889075445888405,0.93488317011698,0.955773098905528,0.970323688420455,0.988790191527351,1.0000100680676,4500,0,1
"phi.reg[4,6]",0.887781798087692,0.0528330108520144,0.770571068826892,0.85491055760457,0.894427767125186,0.926330411772506,0.970713983328249,1.0002145608926,4500,0,1
"phi.reg[1,7]",0.829112758900598,0.0628001436721301,0.687903253788292,0.790560736350669,0.837193706312767,0.874207905545858,0.930814851947268,1.00044936657101,2713,0,1
"phi.reg[2,7]",0.297073910024315,0.112158019365046,0.110450322572426,0.213457044922645,0.287700354370542,0.369592908274156,0.542701125124842,1.00036929479908,4500,0,1
"phi.reg[3,7]",0.915637092392251,0.0355676672832242,0.832346228304453,0.895754880974691,0.921003408734541,0.941477203239086,0.96834264561457,1.00075212563928,4500,0,1
"phi.reg[4,7]",0.81460474922902,0.067556639322836,0.662217219079093,0.77302064408747,0.822810656420586,0.863816656706418,0.922376613488467,0.999918639962751,4500,0,1
"phi.reg[1,8]",0.91207673532807,0.0458546290840734,0.806212205659117,0.883927665049638,0.919423878416917,0.947032774871115,0.980164613409724,1.00055763756358,2615,0,1
"phi.reg[2,8]",0.48041915219166,0.133520910458068,0.242637725035662,0.382930339042034,0.474807894851417,0.570278269048397,0.756722235277389,0.999780437221932,4500,0,1
"phi.reg[3,8]",0.958472406643577,0.0237873801646528,0.902869605771858,0.944710122561961,0.963121419779428,0.976345308965719,0.991484446232791,1.00026944585892,4500,0,1
"phi.reg[4,8]",0.904214133972906,0.0492951932889465,0.789527392090719,0.874455451810664,0.911665581163962,0.9422657525599,0.976461298959789,0.999785123480779,4500,0,1
"ext.reg[1,1]",0.151308768835126,0.0609022015273846,0.0572187282329071,0.107129060116361,0.14361501089251,0.186492755993669,0.293461099350714,1.00051054779485,3680,0,1
"ext.reg[2,1]",0.672402458188912,0.113084327901453,0.424382124330662,0.596852868802209,0.684096226013394,0.756211604277874,0.858966255996825,1.00043727787572,4500,0,1
"ext.reg[3,1]",0.0736249779260564,0.0327218086332369,0.0251712932628631,0.0497483056632229,0.0687569008423268,0.0917750942922272,0.15111421273374,1.0014093592718,4500,0,1
"ext.reg[4,1]",0.163759793508339,0.0622582595461212,0.0631312298734484,0.11881667664525,0.156421338490595,0.20215385648102,0.306081708146253,0.999985998130696,4500,0,1
"ext.reg[1,2]",0.156156232520495,0.0586995422802738,0.061460727441591,0.11452340520188,0.149514128394306,0.190162898878038,0.294037576511961,1.00120248249182,1381,0,1
"ext.reg[2,2]",0.681241645992066,0.11438413230391,0.431665201219807,0.609441630766315,0.690577905721678,0.764601994992565,0.876231750330815,1.00027476234446,4386,0,1
"ext.reg[3,2]",0.0759265299466901,0.0311774197090386,0.0280987634161677,0.0532402961452923,0.0713022715186537,0.0932699463356687,0.14850783551345,1.00053322860595,4500,0,1
"ext.reg[4,2]",0.169223522003134,0.0607656375693747,0.0687261842303354,0.125486625017674,0.163826071214413,0.206422623715387,0.304773313474955,0.999796969094917,4500,0,1
"ext.reg[1,3]",0.207289076467018,0.0756478562514153,0.0887375942916073,0.151702682685376,0.19691290900903,0.253596344728207,0.378831488713599,1.00089380856124,2103,0,1
"ext.reg[2,3]",0.747516174822822,0.104128728913289,0.524917820419299,0.679892904992555,0.76045189464062,0.826653612321284,0.913286518063977,1.00125213176754,2063,0,1
"ext.reg[3,3]",0.104597074665026,0.0433941846160291,0.039229705711453,0.0738121773824754,0.097336443304315,0.128047395903072,0.209276023693546,1.00002670525165,4500,0,1
"ext.reg[4,3]",0.225238814308003,0.0853272329748078,0.0888620639420899,0.163073573081191,0.213478913988498,0.277039036732747,0.418123621110396,1.00071603630896,2275,0,1
"ext.reg[1,4]",0.162551262847073,0.0584369719500178,0.0720267643390105,0.120469376222404,0.154760535993987,0.196694465349477,0.297430711190714,1.00274478435477,1111,0,1
"ext.reg[2,4]",0.692434238607041,0.112687001247423,0.446917590872486,0.619205324775833,0.703406284345053,0.774006809924341,0.881380797873954,1.00020396138662,3769,0,1
"ext.reg[3,4]",0.080284759409711,0.0341749345022729,0.0287121300654933,0.0558129423773495,0.0759855803533247,0.0982694296879202,0.163050673886175,1.00025367014521,4500,0,1
"ext.reg[4,4]",0.177759207365626,0.0667850770862132,0.0685310135095576,0.129266950293373,0.169529558862357,0.216199497092293,0.332103770085566,1.00008711946203,4500,0,1
"ext.reg[1,5]",0.18700137808422,0.0681373472832436,0.0778734206679509,0.13716877019273,0.178306629624172,0.228060091889892,0.343249610268239,1.00135338583433,1436,0,1
"ext.reg[2,5]",0.723997599131621,0.110108818169464,0.488414253226385,0.651193121269503,0.736066847735255,0.806875017292057,0.899318482912593,1.00111255853319,1741,0,1
"ext.reg[3,5]",0.0933017101246212,0.0391485002958161,0.0349568124821594,0.0650717485816113,0.0870519327981418,0.113907525261729,0.186489429205295,1.00034129587941,4500,0,1
"ext.reg[4,5]",0.204486034982795,0.0787346746311481,0.0760718753952838,0.146757751853481,0.196392959399903,0.2542540462802,0.376281134831515,1.00097379855738,1853,0,1
"ext.reg[1,6]",0.102578110720493,0.0484476316255627,0.0266529005009738,0.0660617362822815,0.0965456770983131,0.133143622837861,0.21242580118902,1.0000499814592,4500,0,1
"ext.reg[2,6]",0.565078488663581,0.142667992026162,0.255829705872622,0.472089964471876,0.580384090810129,0.670707997801881,0.803970148116508,0.999772374869797,4500,0,1
"ext.reg[3,6]",0.049076307354054,0.0260170414806096,0.011209808472649,0.0296763115795455,0.0442269010944722,0.0651168298830205,0.110924554111595,1.0000100680676,4500,0,1
"ext.reg[4,6]",0.112218201912308,0.0528330108520144,0.0292860166717513,0.0736695882274941,0.105572232874814,0.14508944239543,0.229428931173108,1.0002145608926,4500,0,1
"ext.reg[1,7]",0.170887241099402,0.0628001436721301,0.0691851480527317,0.125792094454141,0.162806293687233,0.209439263649331,0.312096746211707,1.00044936657101,2713,0,1
"ext.reg[2,7]",0.702926089975685,0.112158019365046,0.457298874875158,0.630407091725844,0.712299645629458,0.786542955077355,0.889549677427574,1.00036929479908,4500,0,1
"ext.reg[3,7]",0.0843629076077494,0.0355676672832242,0.03165735438543,0.0585227967609141,0.0789965912654587,0.104245119025309,0.167653771695546,1.00075212563928,4500,0,1
"ext.reg[4,7]",0.18539525077098,0.067556639322836,0.0776233865115327,0.136183343293582,0.177189343579414,0.22697935591253,0.337782780920907,0.999918639962751,4500,0,1
"ext.reg[1,8]",0.0879232646719303,0.0458546290840734,0.0198353865902756,0.0529672251288854,0.080576121583083,0.116072334950362,0.193787794340883,1.00055763756358,2615,0,1
"ext.reg[2,8]",0.51958084780834,0.133520910458068,0.243277764722611,0.429721730951603,0.525192105148583,0.617069660957966,0.757362274964338,0.999780437221932,4500,0,1
"ext.reg[3,8]",0.0415275933564225,0.0237873801646528,0.00851555376720947,0.0236546910342808,0.0368785802205721,0.0552898774380389,0.0971303942281416,1.00026944585893,4500,0,1
"ext.reg[4,8]",0.0957858660270936,0.0492951932889465,0.0235387010402113,0.0577342474401001,0.0883344188360381,0.125544548189336,0.210472607909281,0.999785123480779,4500,0,1
"mean.gamma.reg[1]",0.541355004847579,0.0921214383146073,0.360336568553995,0.476897615688466,0.540413025609957,0.604489208753886,0.723277621139766,0.99983698812797,4500,0,1
"mean.gamma.reg[2]",0.201621370738629,0.035877999923962,0.138951645877007,0.176281452729524,0.199839519338071,0.225246786773908,0.276968912392746,1.0022980197212,915,0,1
"mean.gamma.reg[3]",0.415336196639205,0.0995153750783467,0.23273757871039,0.344053812202837,0.414082467941448,0.483477320045203,0.61338348065347,0.999775326894755,4500,0,1
"mean.gamma.reg[4]",0.489030250454988,0.102988701419879,0.291790829326423,0.418014821840366,0.486771303657116,0.558364812171638,0.69639973875434,1.00030153038587,4399,0,1
"mean.phi.reg[1]",0.84678808309428,0.0407637440167319,0.759640501995939,0.821605501261191,0.850305221012208,0.875701545110746,0.917607518920969,1.00176783274335,1123,0,1
"mean.phi.reg[2]",0.336852807101241,0.089192474970568,0.179390770100629,0.271922370213223,0.330921714597481,0.394071668363768,0.52506112176751,1.00031300484955,3999,0,1
"mean.phi.reg[3]",0.924662267451209,0.0229709131664522,0.874126694982589,0.91057108763961,0.926659625150022,0.941019091615434,0.963488207198914,0.999840216800204,4500,0,1
"mean.phi.reg[4]",0.833266663640215,0.0456913008227485,0.736053701595048,0.803492542381868,0.835533934666783,0.865267285778825,0.915537309374838,1.00035515451229,2971,0,1
"mean.ext.reg[1]",0.15321191690572,0.0407637440167319,0.0823924810790311,0.124298454889254,0.149694778987792,0.178394498738809,0.240359498004061,1.00176783274335,1123,0,1
"mean.ext.reg[2]",0.663147192898759,0.089192474970568,0.47493887823249,0.605928331636232,0.669078285402519,0.728077629786776,0.820609229899371,1.00031300484955,3999,0,1
"mean.ext.reg[3]",0.0753377325487913,0.0229709131664522,0.0365117928010864,0.0589809083845663,0.0733403748499784,0.0894289123603901,0.125873305017411,0.999840216800204,4500,0,1
"mean.ext.reg[4]",0.166733336359785,0.0456913008227485,0.0844626906251623,0.134732714221175,0.164466065333217,0.196507457618132,0.263946298404952,1.00035515451229,2971,0,1
"equilib.reg[1]",0.779697027357574,0.0446032971537642,0.68498400587329,0.750587298071133,0.782358758388407,0.81096380041702,0.862392379700376,1.00213181867454,1146,0,1
"equilib.reg[2]",0.233590091447479,0.0325604605656448,0.173021273502482,0.211385074335399,0.232659988142215,0.254513639593069,0.300203606709654,1.00129990169169,1641,0,1
"equilib.reg[3]",0.843094773338587,0.0468360589109524,0.735958725801266,0.815895850170794,0.848387878588758,0.876356253283794,0.91860977204722,1.00004095664573,4500,0,1
"equilib.reg[4]",0.745513573223573,0.0500666533119345,0.64312353031944,0.713152607237317,0.746661016972939,0.779691103432861,0.839671437954091,0.999976697928739,4500,0,1
"mean.p",0.528773213573646,0.0331313822197803,0.45912774657835,0.509076269426372,0.5302050671445,0.54986036547168,0.592285020711996,1.00158708297206,1151,0,1
"p.year[1]",0.475950755353075,0.0417176792753777,0.393946106823059,0.447318887966263,0.476307302246857,0.504448832300192,0.55688871743461,1.00001703360933,4500,0,1
"p.year[2]",0.507585704793809,0.034154579009358,0.439749855722027,0.484468997036018,0.507908261249989,0.530289637430931,0.573362607940747,0.999901188903155,4500,0,1
"p.year[3]",0.525711233651922,0.0307859040215948,0.465105233367983,0.50469164962039,0.526033794920285,0.54676441919537,0.585103483381628,1.00245777261966,958,0,1
"p.year[4]",0.442440098859476,0.0333451745919653,0.37750304223167,0.419350763995535,0.442663591075428,0.465244430325857,0.508873063850987,1.00104834698983,1987,0,1
"p.year[5]",0.543112297846304,0.0332669241662013,0.479270251547734,0.520420030838382,0.542812219635682,0.565657583242341,0.608204412964518,1.00036026475054,3263,0,1
"p.year[6]",0.477298971805704,0.0342504851316512,0.408843563356782,0.454206016495147,0.477864717512731,0.500510379357266,0.543242938610035,1.00082338411036,1783,0,1
"p.year[7]",0.586064163046925,0.0309838543807717,0.525568610513202,0.565311609652398,0.58602211925533,0.607043402971848,0.647329246363754,1.00003960419886,4500,0,1
"p.year[8]",0.547235403325215,0.0337413022849302,0.479963988510795,0.524117627067654,0.547735796323194,0.569697774560358,0.613923843877103,1.00044534247803,3956,0,1
"p.year[9]",0.657336213862505,0.0273410246156514,0.601599070572991,0.638552242581742,0.657955869882531,0.676287489864163,0.709520232362205,1.0002091914901,4500,0,1
"z[1,1]",0.749777777777778,0.433189060737051,0,0,1,1,1,0.999755689848718,4500,1,1
"z[2,1]",1,0,1,1,1,1,1,NA,1,0,1
"z[3,1]",0.901333333333333,0.298247082996824,0,1,1,1,1,0.999900652411037,4500,1,1
"z[4,1]",1,0,1,1,1,1,1,NA,1,0,1
"z[5,1]",0.556666666666667,0.496833717710475,0,0,1,1,1,1.00010579654363,4500,1,1
"z[6,1]",0.556666666666667,0.496833717710475,0,0,1,1,1,1.00023768050751,3553,1,1
"z[7,1]",0.948,0.222051699163907,0,1,1,1,1,1.00061085822921,4500,1,1
"z[8,1]",0.84,0.366646796392903,0,1,1,1,1,0.999867709564999,4500,1,1
"z[9,1]",0.948666666666667,0.220701260655139,0,1,1,1,1,1.00414201186395,2284,1,1
"z[10,1]",0.939333333333333,0.238744400231546,0,1,1,1,1,1.00178706858622,4137,1,1
"z[11,1]",0.378,0.48494150122798,0,0,0,1,1,0.999768489119545,4500,1,1
"z[12,1]",0.388666666666667,0.487501488932589,0,0,0,1,1,0.999977490014677,4500,1,1
"z[13,1]",0.405777777777778,0.491096495054176,0,0,0,1,1,1.00102921756903,1527,1,1
"z[14,1]",0.486,0.499859504599784,0,0,0,1,1,1.0008243545019,1734,1,1
"z[15,1]",1,0,1,1,1,1,1,NA,1,0,1
"z[16,1]",0.108,0.310414904214329,0,0,0,0,1,0.999882245565556,4500,1,1
"z[17,1]",0.921777777777778,0.268550801033379,0,1,1,1,1,1.00131793356223,4185,1,1
"z[18,1]",1,0,1,1,1,1,1,NA,1,0,1
"z[19,1]",1,0,1,1,1,1,1,NA,1,0,1
"z[20,1]",0.813111111111111,0.389865629174764,0,1,1,1,1,0.999799038066845,4500,1,1
"z[21,1]",0.0404444444444444,0.197021109093834,0,0,0,0,1,1.01069264621867,1158,1,1
"z[22,1]",1,0,1,1,1,1,1,NA,1,0,1
"z[23,1]",0.542,0.498288245714113,0,0,1,1,1,0.999681030745882,4500,1,1
"z[24,1]",1,0,1,1,1,1,1,NA,1,0,1
"z[25,1]",0.930222222222222,0.254800445248467,0,1,1,1,1,1.00065423273905,4500,1,1
"z[26,1]",0.937777777777778,0.241585568629304,0,1,1,1,1,1.00124002722155,4500,1,1
"z[27,1]",0.941777777777778,0.234189202882591,0,1,1,1,1,1.00565729076357,1516,1,1
"z[28,1]",0.842444444444444,0.364364247671686,0,1,1,1,1,1.00099253571197,2833,1,1
"z[29,1]",0.846888888888889,0.360134586374701,0,1,1,1,1,1.00235706407569,1440,1,1
"z[30,1]",0.949555555555556,0.218884556868758,0,1,1,1,1,1.00301491060307,3100,1,1
"z[31,1]",0.947333333333333,0.223391984327829,0,1,1,1,1,1.00076749332425,4500,1,1
"z[32,1]",0.950888888888889,0.216124014828025,0,1,1,1,1,1.0001534386421,4500,1,1
"z[33,1]",0.908,0.289058069739814,0,1,1,1,1,1.00500343270769,1113,1,1
"z[34,1]",0.926888888888889,0.260347727038461,0,1,1,1,1,1.00289828643679,2284,1,1
"z[35,1]",0.927777777777778,0.258884272233404,0,1,1,1,1,0.999738050813427,4500,1,1
"z[36,1]",0.902888888888889,0.296141912106173,0,1,1,1,1,1.00168980813569,2815,1,1
"z[37,1]",0.656222222222222,0.475020800138348,0,0,1,1,1,1.00102338498607,1638,1,1
"z[38,1]",0.512444444444444,0.499900659415981,0,0,1,1,1,0.999835532531705,4500,1,1
"z[39,1]",0.335777777777778,0.472314127676576,0,0,0,1,1,0.999732578979615,4500,1,1
"z[40,1]",0.608,0.488250934794651,0,0,1,1,1,0.999675735289033,4500,1,1
"z[41,1]",0.259111111111111,0.438195405335641,0,0,0,1,1,1.00025317342325,4434,1,1
"z[42,1]",0.250666666666667,0.433445081652364,0,0,0,1,1,1.00264408946691,898,1,1
"z[43,1]",0.795777777777778,0.403176919921029,0,1,1,1,1,0.999734885822506,4500,1,1
"z[44,1]",0.937777777777778,0.241585568629304,0,1,1,1,1,1.0013262699098,4500,1,1
"z[45,1]",0.906,0.291861147705373,0,1,1,1,1,0.999697228308129,4500,1,1
"z[46,1]",0.944222222222222,0.229517588820724,0,1,1,1,1,1.00590155769805,1518,1,1
"z[47,1]",0.494,0.500019559519626,0,0,0,1,1,1.0011661874109,1339,1,1
"z[48,1]",0.407111111111111,0.491350490371822,0,0,0,1,1,1.00066567608807,2078,1,1
"z[49,1]",0.260222222222222,0.438804519166392,0,0,0,1,1,1.00003569928649,4500,1,1
"z[50,1]",0.427555555555556,0.494778944426467,0,0,0,1,1,1.00017278740539,4037,1,1
"z[51,1]",0.318444444444444,0.465924695139235,0,0,0,1,1,1.00171365666313,1126,1,1
"z[52,1]",0.275333333333333,0.446731728902657,0,0,0,1,1,0.999757697525138,4500,1,1
"z[53,1]",0.305777777777778,0.460787273813823,0,0,0,1,1,1.00307458217866,698,1,1
"z[54,1]",0.0326666666666667,0.177782392941008,0,0,0,0,1,1.00320499589663,4445,1,1
"z[55,1]",1,0,1,1,1,1,1,NA,1,0,1
"z[56,1]",0.0477777777777778,0.213319417750194,0,0,0,0,1,1.00474110889311,2159,1,1
"z[57,1]",1,0,1,1,1,1,1,NA,1,0,1
"z[58,1]",1,0,1,1,1,1,1,NA,1,0,1
"z[59,1]",1,0,1,1,1,1,1,NA,1,0,1
"z[60,1]",1,0,1,1,1,1,1,NA,1,0,1
"z[61,1]",0.522888888888889,0.499531330570002,0,0,1,1,1,0.999690804201382,4500,1,1
"z[62,1]",0.535555555555556,0.498789624368718,0,0,1,1,1,0.999901676760557,4500,1,1
"z[63,1]",0.532666666666667,0.498987193828014,0,0,1,1,1,1.00006262105614,4500,1,1
"z[64,1]",0.517555555555556,0.499747237980913,0,0,1,1,1,0.999757287651894,4500,1,1
"z[65,1]",0.332444444444444,0.471141659653459,0,0,0,1,1,1.00085404406835,1906,1,1
"z[66,1]",0.313111111111111,0.463810680915818,0,0,0,1,1,0.999849592454809,4500,1,1
"z[67,1]",0.313777777777778,0.464078812014018,0,0,0,1,1,1.00150474435307,1270,1,1
"z[68,1]",0.32,0.466527990911181,0,0,0,1,1,1.00026315950841,3856,1,1
"z[69,1]",1,0,1,1,1,1,1,NA,1,0,1
"z[70,1]",1,0,1,1,1,1,1,NA,1,0,1
"z[71,1]",0.940444444444444,0.236687854568751,0,1,1,1,1,1.00038228685124,4500,1,1
"z[72,1]",0.94,0.237513233566337,0,1,1,1,1,0.999759718550121,4500,1,1
"z[73,1]",0.884666666666667,0.319459284219888,0,1,1,1,1,1.00121909731462,3146,1,1
"z[74,1]",0.914,0.28039520580441,0,1,1,1,1,1.00261612127291,2149,1,1
"z[75,1]",0.918,0.274395210814911,0,1,1,1,1,1.00163245394794,3366,1,1
"z[76,1]",0.828444444444444,0.377035591290268,0,1,1,1,1,0.999726529632519,4500,1,1
"z[77,1]",0.659333333333333,0.473986090469602,0,0,1,1,1,1.00134456377019,1327,1,1
"z[78,1]",0.527333333333333,0.499307811606502,0,0,1,1,1,1.00025007702206,3442,1,1
"z[79,1]",0.599777777777778,0.489997704195958,0,0,1,1,1,0.999791666705355,4500,1,1
"z[80,1]",0.904444444444444,0.294013436961353,0,1,1,1,1,1.00026522260902,4500,1,1
"z[81,1]",0.390666666666667,0.487954027691849,0,0,0,1,1,0.999748982153261,4500,1,1
"z[82,1]",0.916888888888889,0.276080771207218,0,1,1,1,1,1.00048678837022,4500,1,1
"z[83,1]",0.872222222222222,0.333879303929952,0,1,1,1,1,0.999740122997647,4500,1,1
"z[84,1]",0.947777777777778,0.222499579945098,0,1,1,1,1,1.00642770852642,1484,1,1
"z[85,1]",0.939777777777778,0.237924537926314,0,1,1,1,1,1.00173130730039,4277,1,1
"z[86,1]",0.00355555555555556,0.0595289935189017,0,0,0,0,0,1.0016276586034,4500,1,1
"z[87,1]",0.0346666666666667,0.182954440186126,0,0,0,0,1,0.999732727336024,4500,1,1
"z[88,1]",0.121555555555556,0.326808103614916,0,0,0,0,1,1.00029745752018,4500,1,1
"z[89,1]",0.0462222222222222,0.209989350685102,0,0,0,0,1,1.01137422825362,960,1,1
"z[90,1]",0.916444444444444,0.276750871585914,0,1,1,1,1,1.00030241826526,4500,1,1
"z[91,1]",0.532888888888889,0.498972592899741,0,0,1,1,1,0.999827242943883,4500,1,1
"z[92,1]",0.526888888888889,0.499331948560451,0,0,1,1,1,0.999917399608064,4500,1,1
"z[93,1]",0.532666666666667,0.498987193828014,0,0,1,1,1,1.00216082538751,810,1,1
"z[94,1]",0.534,0.498898096767256,0,0,1,1,1,0.999950155375553,4500,1,1
"z[95,1]",0.887777777777778,0.315674737072972,0,1,1,1,1,0.99993754497495,4500,1,1
"z[96,1]",0.803555555555556,0.397352628229014,0,1,1,1,1,1.00034097290287,4500,1,1
"z[97,1]",0.911333333333333,0.28429359739909,0,1,1,1,1,1.00293699945317,1888,1,1
"z[98,1]",0.898666666666667,0.301803131244352,0,1,1,1,1,0.999943237522253,4500,1,1
"z[99,1]",0.516666666666667,0.499777678957439,0,0,1,1,1,0.99968917258373,4500,1,1
"z[100,1]",0.504,0.500039562782419,0,0,1,1,1,1.00024444683947,3466,1,1
"z[101,1]",0.584666666666667,0.492834181158129,0,0,1,1,1,0.999692980976315,4500,1,1
"z[102,1]",0.00644444444444444,0.0800271001985887,0,0,0,0,0,1.02464629523926,3016,1,1
"z[103,1]",1,0,1,1,1,1,1,NA,1,0,1
"z[104,1]",0.03,0.170606178387604,0,0,0,0,1,1.00027858959244,4500,1,1
"z[105,1]",0.841333333333333,0.36540556500869,0,1,1,1,1,1.00446657560986,777,1,1
"z[106,1]",0.497555555555556,0.500049588808145,0,0,0,1,1,1.00027212023098,3308,1,1
"z[107,1]",0.472666666666667,0.499307811606502,0,0,0,1,1,0.999925353168241,4500,1,1
"z[108,1]",0.373777777777778,0.483859460255663,0,0,0,1,1,1.00010485975057,4500,1,1
"z[109,1]",0.484,0.499799470790481,0,0,0,1,1,0.999991004722325,4500,1,1
"z[110,1]",1,0,1,1,1,1,1,NA,1,0,1
"z[111,1]",0.0582222222222222,0.234189202882591,0,0,0,0,1,1.00251746153237,3183,1,1
"z[112,1]",1,0,1,1,1,1,1,NA,1,0,1
"z[113,1]",0.0248888888888889,0.155803807734777,0,0,0,0,0,1.00718841487257,2716,1,1
"z[114,1]",0.540444444444444,0.498416945173493,0,0,1,1,1,1.00017919756621,3933,1,1
"z[115,1]",0.663111111111111,0.472699079486726,0,0,1,1,1,1.00045298179253,2850,1,1
"z[116,1]",0.806888888888889,0.394783287468091,0,1,1,1,1,1.00067930069379,3166,1,1
"z[117,1]",0.845333333333333,0.361626810077205,0,1,1,1,1,0.999878872665999,4500,1,1
"z[118,1]",1,0,1,1,1,1,1,NA,1,0,1
"z[119,1]",1,0,1,1,1,1,1,NA,1,0,1
"z[120,1]",1,0,1,1,1,1,1,NA,1,0,1
"z[121,1]",1,0,1,1,1,1,1,NA,1,0,1
"z[122,1]",0.171777777777778,0.377229102086146,0,0,0,0,1,0.999931213662209,4500,1,1
"z[123,1]",0.279111111111111,0.448612105960907,0,0,0,1,1,0.999696492754738,4500,1,1
"z[124,1]",0.295777777777778,0.456442309208322,0,0,0,1,1,0.999750836092915,4500,1,1
"z[125,1]",0.744666666666667,0.436096875191881,0,0,1,1,1,0.999939018410052,4500,1,1
"z[126,1]",0.781111111111111,0.413539050686171,0,1,1,1,1,0.999690247911106,4500,1,1
"z[127,1]",0.306666666666667,0.461161015380892,0,0,0,1,1,1.00079771676599,2078,1,1
"z[128,1]",0.302666666666667,0.459463239121503,0,0,0,1,1,0.999925784788545,4500,1,1
"z[129,1]",0.332666666666667,0.471220648693901,0,0,0,1,1,0.999725191296993,4500,1,1
"z[130,1]",0.311555555555556,0.463180705671176,0,0,0,1,1,0.999689674770523,4500,1,1
"z[131,1]",0.639777777777778,0.480118108426531,0,0,1,1,1,0.999700549994528,4500,1,1
"z[132,1]",0.788666666666667,0.408299647209664,0,1,1,1,1,0.999861151446136,4500,1,1
"z[133,1]",0.716666666666667,0.450666938039623,0,0,1,1,1,1.0007375753461,2297,1,1
"z[134,1]",0.0351111111111111,0.18408109945566,0,0,0,0,1,1.0048284303042,2848,1,1
"z[135,1]",0.0342222222222222,0.181819713016199,0,0,0,0,1,0.99996014462843,4500,1,1
"z[136,1]",0.0371111111111111,0.189055069145718,0,0,0,0,1,1.00367428515329,3480,1,1
"z[137,1]",0.0455555555555556,0.208542349028494,0,0,0,0,1,1.0009301376044,4500,1,1
"z[138,1]",1,0,1,1,1,1,1,NA,1,0,1
"z[139,1]",1,0,1,1,1,1,1,NA,1,0,1
"z[140,1]",0.863111111111111,0.343768210354624,0,1,1,1,1,1.00075198428741,3904,1,1
"z[141,1]",0.933333333333333,0.249471546385758,0,1,1,1,1,1.0010603023193,4500,1,1
"z[142,1]",0.283555555555556,0.450773731875036,0,0,0,1,1,1.00015271571816,4500,1,1
"z[143,1]",0.241777777777778,0.428207929712462,0,0,0,0,1,0.999879190979707,4500,1,1
"z[144,1]",0.243111111111111,0.42900932220977,0,0,0,0,1,1.000774987995,2454,1,1
"z[145,1]",0.622666666666667,0.4847732585933,0,0,1,1,1,1.00047601595269,2631,1,1
"z[146,1]",0.581777777777778,0.493321879203579,0,0,1,1,1,0.99985729388492,4500,1,1
"z[147,1]",0.575777777777778,0.494279293471871,0,0,1,1,1,0.999768790166494,4500,1,1
"z[148,1]",0.501333333333333,0.500053786838027,0,0,1,1,1,0.999774454978181,4500,1,1
"z[149,1]",0.939333333333333,0.238744400231546,0,1,1,1,1,1.00283181376266,2768,1,1
"z[150,1]",0.685333333333333,0.464434590416437,0,0,1,1,1,0.999954681501534,4500,1,1
"z[151,1]",0.936222222222222,0.244383806165854,0,1,1,1,1,1.00091671604073,4500,1,1
"z[152,1]",0.946444444444444,0.225163550304364,0,1,1,1,1,1.0006276666303,4500,1,1
"z[153,1]",0.591333333333333,0.491642081178752,0,0,1,1,1,1.00046043262827,2611,1,1
"z[154,1]",0.527333333333333,0.499307811606502,0,0,1,1,1,1.00016899347041,3997,1,1
"z[155,1]",0.103333333333333,0.304427578014234,0,0,0,0,1,1.00031216179452,4500,1,1
"z[156,1]",0.445333333333333,0.497057802688137,0,0,0,1,1,0.999784387554716,4500,1,1
"z[157,1]",0.470444444444444,0.499181172400026,0,0,0,1,1,0.999791110365165,4500,1,1
"z[158,1]",1,0,1,1,1,1,1,NA,1,0,1
"z[159,1]",1,0,1,1,1,1,1,NA,1,0,1
"z[160,1]",0.933333333333333,0.249471546385758,0,1,1,1,1,1.00189637688392,3591,1,1
"z[161,1]",0.0124444444444444,0.11087069888737,0,0,0,0,0,1.0189419523508,2058,1,1
"z[162,1]",1,0,1,1,1,1,1,NA,1,0,1
"z[163,1]",0.0973333333333333,0.296444065956704,0,0,0,0,1,0.999704981269981,4500,1,1
"z[164,1]",1,0,1,1,1,1,1,NA,1,0,1
"z[165,1]",1,0,1,1,1,1,1,NA,1,0,1
"z[166,1]",1,0,1,1,1,1,1,NA,1,0,1
"z[167,1]",1,0,1,1,1,1,1,NA,1,0,1
"z[168,1]",1,0,1,1,1,1,1,NA,1,0,1
"z[169,1]",1,0,1,1,1,1,1,NA,1,0,1
"z[170,1]",0.759333333333333,0.427535778058793,0,1,1,1,1,1.00084668529595,2320,1,1
"z[171,1]",0.608444444444444,0.488152390565698,0,0,1,1,1,1.00101515726307,1559,1,1
"z[172,1]",0.659555555555556,0.473911314498849,0,0,1,1,1,0.999868548652048,4500,1,1
"z[173,1]",0.694222222222222,0.460787273813823,0,0,1,1,1,0.999912259212003,4500,1,1
"z[174,1]",0.930222222222222,0.254800445248467,0,1,1,1,1,1.00216759961333,3079,1,1
"z[175,1]",1,0,1,1,1,1,1,NA,1,0,1
"z[176,1]",1,0,1,1,1,1,1,NA,1,0,1
"z[177,1]",1,0,1,1,1,1,1,NA,1,0,1
"z[178,1]",0.31,0.462544639898296,0,0,0,1,1,1.00099770423495,1755,1,1
"z[179,1]",0.302222222222222,0.459272058951727,0,0,0,1,1,1.00054955838154,2685,1,1
"z[180,1]",0.306,0.460880898377707,0,0,0,1,1,1.00075148171435,2170,1,1
"z[181,1]",0.31,0.462544639898296,0,0,0,1,1,0.999972862353871,4500,1,1
"z[182,1]",0.294888888888889,0.456043472609393,0,0,0,1,1,0.999805915292196,4500,1,1
"z[183,1]",0.312666666666667,0.463631308019104,0,0,0,1,1,0.999711526719232,4500,1,1
"z[184,1]",0.186222222222222,0.389329153792569,0,0,0,0,1,1.00264699886467,1111,1,1
"z[185,1]",0.223777777777778,0.416821176064373,0,0,0,0,1,1.00006080696647,4500,1,1
"z[1,2]",0.710222222222222,0.453709557154509,0,0,1,1,1,1.00025415655546,4131,1,1
"z[2,2]",1,0,1,1,1,1,1,NA,1,0,1
"z[3,2]",1,0,1,1,1,1,1,NA,1,0,1
"z[4,2]",1,0,1,1,1,1,1,NA,1,0,1
"z[5,2]",0.701333333333333,0.4577242040664,0,0,1,1,1,1.00017446689229,4500,1,1
"z[6,2]",0.671111111111111,0.46986173249682,0,0,1,1,1,1.00130242070786,1393,1,1
"z[7,2]",1,0,1,1,1,1,1,NA,1,0,1
"z[8,2]",0.346222222222222,0.475817934481609,0,0,0,1,1,1.00008665062142,4500,1,1
"z[9,2]",1,0,1,1,1,1,1,NA,1,0,1
"z[10,2]",1,0,1,1,1,1,1,NA,1,0,1
"z[11,2]",0.0562222222222222,0.230375949195969,0,0,0,0,1,1.00541678533049,1627,1,1
"z[12,2]",0.0982222222222222,0.297647954649891,0,0,0,0,1,1.00065268267381,4500,1,1
"z[13,2]",0.127333333333333,0.333383044377978,0,0,0,0,1,1.00076322805542,4100,1,1
"z[14,2]",0.0884444444444445,0.28397173218309,0,0,0,0,1,1.00014864467692,4500,1,1
"z[15,2]",1,0,1,1,1,1,1,NA,1,0,1
"z[16,2]",0.314666666666667,0.464434590416437,0,0,0,1,1,0.999871874904108,4500,1,1
"z[17,2]",0.856888888888889,0.350225039406466,0,1,1,1,1,1.00043623619009,4500,1,1
"z[18,2]",1,0,1,1,1,1,1,NA,1,0,1
"z[19,2]",0.377333333333333,0.4847732585933,0,0,0,1,1,0.99978878055889,4500,1,1
"z[20,2]",1,0,1,1,1,1,1,NA,1,0,1
"z[21,2]",0.680444444444444,0.46635622989877,0,0,1,1,1,1.00029676340739,3658,1,1
"z[22,2]",0.820888888888889,0.383487941993863,0,1,1,1,1,1.00106931174929,2420,1,1
"z[23,2]",0.773111111111111,0.418866696841786,0,1,1,1,1,0.999908064763803,4500,1,1
"z[24,2]",0.635777777777778,0.481264859774747,0,0,1,1,1,1.00085221935359,1824,1,1
"z[25,2]",1,0,1,1,1,1,1,NA,1,0,1
"z[26,2]",1,0,1,1,1,1,1,NA,1,0,1
"z[27,2]",1,0,1,1,1,1,1,NA,1,0,1
"z[28,2]",0.869555555555556,0.336829190149167,0,1,1,1,1,1.00055675873153,4500,1,1
"z[29,2]",0.883111111111111,0.321323545239986,0,1,1,1,1,0.999752331507668,4500,1,1
"z[30,2]",1,0,1,1,1,1,1,NA,1,0,1
"z[31,2]",1,0,1,1,1,1,1,NA,1,0,1
"z[32,2]",1,0,1,1,1,1,1,NA,1,0,1
"z[33,2]",0.88,0.324997649041713,0,1,1,1,1,1.00310302968837,1382,1,1
"z[34,2]",0.888888888888889,0.314304605201633,0,1,1,1,1,0.999775489250686,4500,1,1
"z[35,2]",0.901333333333333,0.298247082996824,0,1,1,1,1,1.00107613966581,3976,1,1
"z[36,2]",0.87,0.336340807693268,0,1,1,1,1,1.00020579142425,4500,1,1
"z[37,2]",1,0,1,1,1,1,1,NA,1,0,1
"z[38,2]",0.630666666666667,0.482677941395735,0,0,1,1,1,1.00096736382415,1658,1,1
"z[39,2]",0.237111111111111,0.425358247463406,0,0,0,0,1,0.999767003688012,4500,1,1
"z[40,2]",0.807333333333333,0.394437315339694,0,1,1,1,1,0.99988996438892,4500,1,1
"z[41,2]",0.0275555555555556,0.163713783655141,0,0,0,0,1,1.0039005157351,4377,1,1
"z[42,2]",0.0364444444444444,0.187414119688263,0,0,0,0,1,1.00028623853016,4500,1,1
"z[43,2]",1,0,1,1,1,1,1,NA,1,0,1
"z[44,2]",1,0,1,1,1,1,1,NA,1,0,1
"z[45,2]",1,0,1,1,1,1,1,NA,1,0,1
"z[46,2]",1,0,1,1,1,1,1,NA,1,0,1
"z[47,2]",0.0546666666666667,0.227353708622013,0,0,0,0,1,1.00872335583992,1055,1,1
"z[48,2]",0.0295555555555556,0.169376503362579,0,0,0,0,1,1.00487808516073,3320,1,1
"z[49,2]",0.147555555555556,0.354698282420007,0,0,0,0,1,0.999996282241635,4500,1,1
"z[50,2]",0.435777777777778,0.495913457489218,0,0,0,1,1,0.999916963675987,4500,1,1
"z[51,2]",0.266,0.441913336752103,0,0,0,1,1,1.00103478065626,1876,1,1
"z[52,2]",0.209111111111111,0.406719085380904,0,0,0,0,1,1.00104815998213,2188,1,1
"z[53,2]",0.226222222222222,0.418431160517439,0,0,0,0,1,1.00069093644723,2799,1,1
"z[54,2]",1,0,1,1,1,1,1,NA,1,0,1
"z[55,2]",0.034,0.181249276657738,0,0,0,0,1,1.00260610985454,4500,1,1
"z[56,2]",1,0,1,1,1,1,1,NA,1,0,1
"z[57,2]",0.936666666666667,0.243588603732636,0,1,1,1,1,1.00157914836444,4401,1,1
"z[58,2]",0.948888888888889,0.220248825947067,0,1,1,1,1,1.00193457672372,4500,1,1
"z[59,2]",0.740666666666667,0.438317521197537,0,0,1,1,1,0.999889519267177,4500,1,1
"z[60,2]",1,0,1,1,1,1,1,NA,1,0,1
"z[61,2]",0.348,0.47638895090101,0,0,0,1,1,0.999927268082302,4500,1,1
"z[62,2]",0.228888888888889,0.420164248952595,0,0,0,0,1,0.999907646086083,4500,1,1
"z[63,2]",0.393555555555556,0.488592498632741,0,0,0,1,1,1.00506695065777,394,1,1
"z[64,2]",0.281777777777778,0.449915597472985,0,0,0,1,1,0.999829949371578,4500,1,1
"z[65,2]",0.280444444444444,0.449266303438176,0,0,0,1,1,0.99987844852248,4500,1,1
"z[66,2]",0.199777777777778,0.399877670163395,0,0,0,0,1,1.00006522431152,4500,1,1
"z[67,2]",0.255555555555556,0.43622150344653,0,0,0,1,1,1.00012903952969,4500,1,1
"z[68,2]",0.259111111111111,0.438195405335641,0,0,0,1,1,0.999675319783075,4500,1,1
"z[69,2]",1,0,1,1,1,1,1,NA,1,0,1
"z[70,2]",0.0142222222222222,0.118419030794728,0,0,0,0,0,1.0005447576819,4500,1,1
"z[71,2]",1,0,1,1,1,1,1,NA,1,0,1
"z[72,2]",1,0,1,1,1,1,1,NA,1,0,1
"z[73,2]",0.608444444444444,0.488152390565698,0,0,1,1,1,1.00009007467951,4500,1,1
"z[74,2]",1,0,1,1,1,1,1,NA,1,0,1
"z[75,2]",0.420444444444444,0.493685197983452,0,0,0,1,1,1.0014042532285,1187,1,1
"z[76,2]",0.643333333333333,0.479068426232276,0,0,1,1,1,1.00059646698617,2344,1,1
"z[77,2]",0.533333333333333,0.498943092771516,0,0,1,1,1,1.00119307879922,1321,1,1
"z[78,2]",0.496,0.500039562782419,0,0,0,1,1,0.999709273165473,4500,1,1
"z[79,2]",0.753111111111111,0.431249456176893,0,1,1,1,1,0.999911744520499,4500,1,1
"z[80,2]",0.812,0.390755589973834,0,1,1,1,1,1.00002203976595,4500,1,1
"z[81,2]",0.246444444444444,0.430988234428048,0,0,0,0,1,1.00025629913354,4500,1,1
"z[82,2]",1,0,1,1,1,1,1,NA,1,0,1
"z[83,2]",1,0,1,1,1,1,1,NA,1,0,1
"z[84,2]",1,0,1,1,1,1,1,NA,1,0,1
"z[85,2]",1,0,1,1,1,1,1,NA,1,0,1
"z[86,2]",0.042,0.200611423704479,0,0,0,0,1,1.0018988515826,4500,1,1
"z[87,2]",1,0,1,1,1,1,1,NA,1,0,1
"z[88,2]",0.573555555555556,0.49461494676986,0,0,1,1,1,0.999981818493149,4500,1,1
"z[89,2]",0.238,0.425906457207655,0,0,0,0,1,1.00018322663229,4500,1,1
"z[90,2]",0.851333333333333,0.355799129666249,0,1,1,1,1,0.999948203476736,4500,1,1
"z[91,2]",0.361777777777778,0.480568349565013,0,0,0,1,1,0.999762973087219,4500,1,1
"z[92,2]",0.307777777777778,0.461625359343403,0,0,0,1,1,1.0022269117833,920,1,1
"z[93,2]",0.334222222222222,0.471770270121085,0,0,0,1,1,0.999879751175274,4500,1,1
"z[94,2]",0.3,0.458308495491129,0,0,0,1,1,1.000121187576,4500,1,1
"z[95,2]",1,0,1,1,1,1,1,NA,1,0,1
"z[96,2]",0.841777777777778,0.364989800567479,0,1,1,1,1,1.00101225830821,2799,1,1
"z[97,2]",1,0,1,1,1,1,1,NA,1,0,1
"z[98,2]",1,0,1,1,1,1,1,NA,1,0,1
"z[99,2]",0.77,0.420879275212238,0,1,1,1,1,0.999801246835618,4500,1,1
"z[100,2]",0.717333333333333,0.450345746508267,0,0,1,1,1,1.00021352446576,4500,1,1
"z[101,2]",0.821333333333333,0.383115525804514,0,1,1,1,1,1.00186714603711,1556,1,1
"z[102,2]",0.00466666666666667,0.0681609955608629,0,0,0,0,0,1.02289275773604,4480,1,1
"z[103,2]",0.0164444444444444,0.127191272176836,0,0,0,0,0,1.01145523729218,2580,1,1
"z[104,2]",0.066,0.248309689121249,0,0,0,0,1,1.0038656336145,1918,1,1
"z[105,2]",0.500666666666667,0.500055120322497,0,0,1,1,1,1.00014460482789,4188,1,1
"z[106,2]",0.0613333333333333,0.239967397948637,0,0,0,0,1,1.00243281070915,3135,1,1
"z[107,2]",0.0708888888888889,0.25666767217915,0,0,0,0,1,0.999911040195703,4500,1,1
"z[108,2]",0.0655555555555556,0.247531090191705,0,0,0,0,1,1.00221738073256,3198,1,1
"z[109,2]",0.0697777777777778,0.254800445248467,0,0,0,0,1,1.00424848679398,1678,1,1
"z[110,2]",1,0,1,1,1,1,1,NA,1,0,1
"z[111,2]",1,0,1,1,1,1,1,NA,1,0,1
"z[112,2]",1,0,1,1,1,1,1,NA,1,0,1
"z[113,2]",0.227777777777778,0.419445059820707,0,0,0,0,1,1.00009070159216,4500,1,1
"z[114,2]",0.148888888888889,0.356018474426563,0,0,0,0,1,1.00161721914413,2017,1,1
"z[115,2]",1,0,1,1,1,1,1,NA,1,0,1
"z[116,2]",1,0,1,1,1,1,1,NA,1,0,1
"z[117,2]",1,0,1,1,1,1,1,NA,1,0,1
"z[118,2]",1,0,1,1,1,1,1,NA,1,0,1
"z[119,2]",1,0,1,1,1,1,1,NA,1,0,1
"z[120,2]",0.673777777777778,0.468881796977854,0,0,1,1,1,1.00091432746548,1827,1,1
"z[121,2]",1,0,1,1,1,1,1,NA,1,0,1
"z[122,2]",0.0108888888888889,0.103791690054186,0,0,0,0,0,1.00368748883066,4500,1,1
"z[123,2]",0.032,0.176019558815419,0,0,0,0,1,1.00481077618117,3122,1,1
"z[124,2]",0.0462222222222222,0.209989350685102,0,0,0,0,1,0.999755519617476,4500,1,1
"z[125,2]",0.606888888888889,0.488495438904733,0,0,1,1,1,1.00024818916472,3609,1,1
"z[126,2]",0.694888888888889,0.460505642356816,0,0,1,1,1,0.999747902013799,4500,1,1
"z[127,2]",0.258666666666667,0.437950733110633,0,0,0,1,1,0.999849843912105,4500,1,1
"z[128,2]",0.276222222222222,0.447177753800003,0,0,0,1,1,0.999715418639957,4500,1,1
"z[129,2]",0.262444444444444,0.440011798198807,0,0,0,1,1,1.00027990622112,4211,1,1
"z[130,2]",0.222444444444444,0.415934319726735,0,0,0,0,1,1.0013113747972,1756,1,1
"z[131,2]",0.584666666666667,0.492834181158129,0,0,1,1,1,0.999745761115817,4500,1,1
"z[132,2]",0.779333333333333,0.414742225461546,0,1,1,1,1,1.00035204679434,4253,1,1
"z[133,2]",0.747555555555556,0.434463109111385,0,0,1,1,1,0.999758723122531,4500,1,1
"z[134,2]",0.0188888888888889,0.136147779728393,0,0,0,0,0,1.00274164978865,4500,1,1
"z[135,2]",0.257111111111111,0.437089742091455,0,0,0,1,1,1.00191881671689,1167,1,1
"z[136,2]",0.024,0.153066020038189,0,0,0,0,0,1.00141810901189,4500,1,1
"z[137,2]",0.0222222222222222,0.147421927362282,0,0,0,0,0,1.0060859239244,3549,1,1
"z[138,2]",1,0,1,1,1,1,1,NA,1,0,1
"z[139,2]",1,0,1,1,1,1,1,NA,1,0,1
"z[140,2]",0.176666666666667,0.381428743275769,0,0,0,0,1,0.999733156437412,4500,1,1
"z[141,2]",1,0,1,1,1,1,1,NA,1,0,1
"z[142,2]",0.236444444444444,0.424945405567671,0,0,0,0,1,1.00166756658304,1384,1,1
"z[143,2]",0.139777777777778,0.346794862339979,0,0,0,0,1,1.00018974112546,4500,1,1
"z[144,2]",0.155111111111111,0.362050802214222,0,0,0,0,1,1.00008697719712,4500,1,1
"z[145,2]",0.732,0.442966820830323,0,0,1,1,1,0.999672382268261,4500,1,1
"z[146,2]",0.702,0.457430320740725,0,0,1,1,1,1.00068995502705,2343,1,1
"z[147,2]",0.729777777777778,0.444123862548642,0,0,1,1,1,1.00007091398939,4500,1,1
"z[148,2]",0.591555555555556,0.491600737364081,0,0,1,1,1,1.00019701585971,3909,1,1
"z[149,2]",1,0,1,1,1,1,1,NA,1,0,1
"z[150,2]",0.186444444444444,0.389508187829929,0,0,0,0,1,1.00095548669374,2552,1,1
"z[151,2]",1,0,1,1,1,1,1,NA,1,0,1
"z[152,2]",1,0,1,1,1,1,1,NA,1,0,1
"z[153,2]",0.710444444444444,0.453606503473637,0,0,1,1,1,1.00020063299499,4500,1,1
"z[154,2]",0.608444444444444,0.488152390565698,0,0,1,1,1,1.00000766716743,4500,1,1
"z[155,2]",0.0362222222222222,0.186863405673864,0,0,0,0,1,0.999990717638189,4500,1,1
"z[156,2]",1,0,1,1,1,1,1,NA,1,0,1
"z[157,2]",1,0,1,1,1,1,1,NA,1,0,1
"z[158,2]",1,0,1,1,1,1,1,NA,1,0,1
"z[159,2]",0.754888888888889,0.430200861930551,0,1,1,1,1,1.00010263066088,4500,1,1
"z[160,2]",1,0,1,1,1,1,1,NA,1,0,1
"z[161,2]",0.0993333333333333,0.299142287254753,0,0,0,0,1,1.00028561399342,4500,1,1
"z[162,2]",1,0,1,1,1,1,1,NA,1,0,1
"z[163,2]",1,0,1,1,1,1,1,NA,1,0,1
"z[164,2]",0.892888888888889,0.309288827266365,0,1,1,1,1,0.999944243250206,4500,1,1
"z[165,2]",0.571333333333333,0.494940392817928,0,0,1,1,1,0.99973080454265,4500,1,1
"z[166,2]",0.932888888888889,0.25024213410665,0,1,1,1,1,1.00394020477272,1868,1,1
"z[167,2]",1,0,1,1,1,1,1,NA,1,0,1
"z[168,2]",0.913333333333333,0.281377237154674,0,1,1,1,1,0.99982031217752,4500,1,1
"z[169,2]",0.911333333333333,0.28429359739909,0,1,1,1,1,1.00123892231603,3925,1,1
"z[170,2]",0.836666666666667,0.369710603319289,0,1,1,1,1,1.00063286835273,3797,1,1
"z[171,2]",0.694,0.460880898377707,0,0,1,1,1,1.0009281865778,1865,1,1
"z[172,2]",0.772222222222222,0.419445059820707,0,1,1,1,1,1.00090874319443,2296,1,1
"z[173,2]",0.737555555555556,0.440011798198807,0,0,1,1,1,0.999750274339285,4500,1,1
"z[174,2]",1,0,1,1,1,1,1,NA,1,0,1
"z[175,2]",1,0,1,1,1,1,1,NA,1,0,1
"z[176,2]",1,0,1,1,1,1,1,NA,1,0,1
"z[177,2]",0.06,0.237513233566337,0,0,0,0,1,1.00191621757483,3926,1,1
"z[178,2]",0.101111111111111,0.3015092968165,0,0,0,0,1,0.999813065381114,4500,1,1
"z[179,2]",0.208444444444444,0.40624134675035,0,0,0,0,1,1.00110804325555,2105,1,1
"z[180,2]",0.2,0.400044451853224,0,0,0,0,1,0.999756319100123,4500,1,1
"z[181,2]",0.23,0.420879275212238,0,0,0,0,1,1.00171102992962,1378,1,1
"z[182,2]",0.315111111111111,0.464611739583112,0,0,0,1,1,1.00044917810691,2960,1,1
"z[183,2]",0.221555555555556,0.415339651674082,0,0,0,0,1,1.00026671315594,4500,1,1
"z[184,2]",0.0217777777777778,0.145973426820025,0,0,0,0,0,1.00361173142836,4500,1,1
"z[185,2]",0.117333333333333,0.321852826698461,0,0,0,0,1,1.00105047532066,3479,1,1
"z[1,3]",1,0,1,1,1,1,1,NA,1,0,1
"z[2,3]",1,0,1,1,1,1,1,NA,1,0,1
"z[3,3]",1,0,1,1,1,1,1,NA,1,0,1
"z[4,3]",1,0,1,1,1,1,1,NA,1,0,1
"z[5,3]",0.737777777777778,0.439891724684666,0,0,1,1,1,0.999740510131115,4500,1,1
"z[6,3]",0.7,0.458308495491129,0,0,1,1,1,0.999688435022911,4500,1,1
"z[7,3]",1,0,1,1,1,1,1,NA,1,0,1
"z[8,3]",1,0,1,1,1,1,1,NA,1,0,1
"z[9,3]",1,0,1,1,1,1,1,NA,1,0,1
"z[10,3]",1,0,1,1,1,1,1,NA,1,0,1
"z[11,3]",0.232666666666667,0.422578479909467,0,0,0,0,1,0.999812856058887,4500,1,1
"z[12,3]",0.0368888888888889,0.188509935158217,0,0,0,0,1,1.01047420111197,1288,1,1
"z[13,3]",0.038,0.191217481839897,0,0,0,0,1,0.999722019534172,4500,1,1
"z[14,3]",0.0871111111111111,0.28202914935459,0,0,0,0,1,1.00098197331664,4500,1,1
"z[15,3]",0.316444444444444,0.465140233704518,0,0,0,1,1,1.00035404481362,3363,1,1
"z[16,3]",0.236222222222222,0.424807469897772,0,0,0,0,1,1.00044998808477,3538,1,1
"z[17,3]",1,0,1,1,1,1,1,NA,1,0,1
"z[18,3]",1,0,1,1,1,1,1,NA,1,0,1
"z[19,3]",0.417111111111111,0.493136363362625,0,0,0,1,1,1.0001544467762,4216,1,1
"z[20,3]",0.365333333333333,0.481577019668107,0,0,0,1,1,0.999870374889002,4500,1,1
"z[21,3]",0.0355555555555556,0.185199838067563,0,0,0,0,1,1.00851735784227,1627,1,1
"z[22,3]",1,0,1,1,1,1,1,NA,1,0,1
"z[23,3]",1,0,1,1,1,1,1,NA,1,0,1
"z[24,3]",0.183333333333333,0.386982559325991,0,0,0,0,1,1.00048082412214,4093,1,1
"z[25,3]",0.283777777777778,0.450880390866246,0,0,0,1,1,1.00012225913188,4500,1,1
"z[26,3]",1,0,1,1,1,1,1,NA,1,0,1
"z[27,3]",1,0,1,1,1,1,1,NA,1,0,1
"z[28,3]",0.889111111111111,0.314029389601949,0,1,1,1,1,1.00028581867294,4500,1,1
"z[29,3]",0.924444444444444,0.26431503658815,0,1,1,1,1,0.999823533150267,4500,1,1
"z[30,3]",1,0,1,1,1,1,1,NA,1,0,1
"z[31,3]",1,0,1,1,1,1,1,NA,1,0,1
"z[32,3]",1,0,1,1,1,1,1,NA,1,0,1
"z[33,3]",1,0,1,1,1,1,1,NA,1,0,1
"z[34,3]",1,0,1,1,1,1,1,NA,1,0,1
"z[35,3]",1,0,1,1,1,1,1,NA,1,0,1
"z[36,3]",1,0,1,1,1,1,1,NA,1,0,1
"z[37,3]",0.117777777777778,0.322380626329261,0,0,0,0,1,1.00188194037366,2163,1,1
"z[38,3]",0.230888888888889,0.421448313194483,0,0,0,0,1,1.00057052217691,3120,1,1
"z[39,3]",1,0,1,1,1,1,1,NA,1,0,1
"z[40,3]",1,0,1,1,1,1,1,NA,1,0,1
"z[41,3]",0.0364444444444444,0.187414119688263,0,0,0,0,1,1.00243623982645,4500,1,1
"z[42,3]",1,0,1,1,1,1,1,NA,1,0,1
"z[43,3]",1,0,1,1,1,1,1,NA,1,0,1
"z[44,3]",1,0,1,1,1,1,1,NA,1,0,1
"z[45,3]",0.828,0.377422382794731,0,1,1,1,1,0.999699469727091,4500,1,1
"z[46,3]",1,0,1,1,1,1,1,NA,1,0,1
"z[47,3]",0.164888888888889,0.371121476247506,0,0,0,0,1,1.00022356359502,4500,1,1
"z[48,3]",1,0,1,1,1,1,1,NA,1,0,1
"z[49,3]",0.0255555555555556,0.157822698772571,0,0,0,0,1,1.00397936467228,4500,1,1
"z[50,3]",1,0,1,1,1,1,1,NA,1,0,1
"z[51,3]",1,0,1,1,1,1,1,NA,1,0,1
"z[52,3]",0.181777777777778,0.385704131126018,0,0,0,0,1,1.00116301359506,2250,1,1
"z[53,3]",0.206666666666667,0.404959255014411,0,0,0,0,1,0.999875732846203,4500,1,1
"z[54,3]",0.0108888888888889,0.103791690054186,0,0,0,0,0,1.01852162070809,2398,1,1
"z[55,3]",0.0135555555555556,0.115649360747383,0,0,0,0,0,1.01201672058189,2977,1,1
"z[56,3]",1,0,1,1,1,1,1,NA,1,0,1
"z[57,3]",1,0,1,1,1,1,1,NA,1,0,1
"z[58,3]",1,0,1,1,1,1,1,NA,1,0,1
"z[59,3]",0.472888888888889,0.499319929690292,0,0,0,1,1,0.999773114479274,4500,1,1
"z[60,3]",0.299777777777778,0.458211434819433,0,0,0,1,1,1.00005418023525,4500,1,1
"z[61,3]",0.275555555555556,0.446843442673997,0,0,0,1,1,1.00021862237389,4500,1,1
"z[62,3]",0.236666666666667,0.425083180281004,0,0,0,0,1,1.00046205593169,3475,1,1
"z[63,3]",0.361555555555556,0.480504363618657,0,0,0,1,1,1.00043222453784,2837,1,1
"z[64,3]",0.252888888888889,0.434716107244037,0,0,0,1,1,1.00003498905695,4500,1,1
"z[65,3]",0.284666666666667,0.451305680299351,0,0,0,1,1,1.00001629610747,4500,1,1
"z[66,3]",0.175333333333333,0.380294220511246,0,0,0,0,1,0.999723282218998,4500,1,1
"z[67,3]",0.250444444444444,0.433317147097976,0,0,0,1,1,1.00035041009285,3896,1,1
"z[68,3]",0.252888888888889,0.434716107244037,0,0,0,1,1,1.00004503204373,4500,1,1
"z[69,3]",1,0,1,1,1,1,1,NA,1,0,1
"z[70,3]",0.00155555555555556,0.0394142235807543,0,0,0,0,0,1.06447893654775,4494,1,1
"z[71,3]",1,0,1,1,1,1,1,NA,1,0,1
"z[72,3]",1,0,1,1,1,1,1,NA,1,0,1
"z[73,3]",1,0,1,1,1,1,1,NA,1,0,1
"z[74,3]",1,0,1,1,1,1,1,NA,1,0,1
"z[75,3]",1,0,1,1,1,1,1,NA,1,0,1
"z[76,3]",0.757333333333333,0.428742818638798,0,1,1,1,1,0.999949119474578,4500,1,1
"z[77,3]",0.250222222222222,0.433189060737051,0,0,0,1,1,1.00169049527526,1325,1,1
"z[78,3]",0.398,0.489539840452324,0,0,0,1,1,0.999760806069261,4500,1,1
"z[79,3]",0.850888888888889,0.356237545476876,0,1,1,1,1,1.00062706774224,4092,1,1
"z[80,3]",0.747555555555556,0.434463109111385,0,0,1,1,1,1.0014309126982,1501,1,1
"z[81,3]",0.0426666666666667,0.202126943226378,0,0,0,0,1,1.00552720316903,2074,1,1
"z[82,3]",1,0,1,1,1,1,1,NA,1,0,1
"z[83,3]",0.286444444444444,0.452149815527453,0,0,0,1,1,1.00046316090726,3071,1,1
"z[84,3]",1,0,1,1,1,1,1,NA,1,0,1
"z[85,3]",1,0,1,1,1,1,1,NA,1,0,1
"z[86,3]",0.004,0.0631259497363628,0,0,0,0,0,1.00430023712846,4500,1,1
"z[87,3]",0.102888888888889,0.303847464555696,0,0,0,0,1,0.999747700576213,4500,1,1
"z[88,3]",1,0,1,1,1,1,1,NA,1,0,1
"z[89,3]",0.056,0.22994727692822,0,0,0,0,1,1.00038237344302,4500,1,1
"z[90,3]",0.815777777777778,0.387708394308229,0,1,1,1,1,1.00214977773891,1346,1,1
"z[91,3]",0.340666666666667,0.473986090469602,0,0,0,1,1,0.999750267583503,4500,1,1
"z[92,3]",0.248888888888889,0.432417347068647,0,0,0,0,1,1.00009049943638,4500,1,1
"z[93,3]",0.308888888888889,0.462086564386042,0,0,0,1,1,1.00062938233764,2434,1,1
"z[94,3]",0.35,0.47702260616518,0,0,0,1,1,1.00075157489334,2030,1,1
"z[95,3]",1,0,1,1,1,1,1,NA,1,0,1
"z[96,3]",1,0,1,1,1,1,1,NA,1,0,1
"z[97,3]",1,0,1,1,1,1,1,NA,1,0,1
"z[98,3]",1,0,1,1,1,1,1,NA,1,0,1
"z[99,3]",1,0,1,1,1,1,1,NA,1,0,1
"z[100,3]",1,0,1,1,1,1,1,NA,1,0,1
"z[101,3]",1,0,1,1,1,1,1,NA,1,0,1
"z[102,3]",0.0113333333333333,0.105864911172911,0,0,0,0,0,1.00898007211152,4500,1,1
"z[103,3]",0.0104444444444444,0.10167426066326,0,0,0,0,0,1.01348451811686,3432,1,1
"z[104,3]",0.0355555555555556,0.185199838067563,0,0,0,0,1,0.999687604342868,4500,1,1
"z[105,3]",0.637777777777778,0.480695987642528,0,0,1,1,1,1.00017513916461,4258,1,1
"z[106,3]",0.0197777777777778,0.139251306560123,0,0,0,0,0,1.01253632763319,1974,1,1
"z[107,3]",0.0251111111111111,0.15647998127484,0,0,0,0,0.524999999999636,1.00143511680965,4500,1,1
"z[108,3]",0.0164444444444444,0.127191272176836,0,0,0,0,0,1.00201960199269,4500,1,1
"z[109,3]",0.0253333333333333,0.15715293120877,0,0,0,0,1,1.00015213814074,4500,1,1
"z[110,3]",0.379111111111111,0.485219740058412,0,0,0,1,1,1.00095903129829,1645,1,1
"z[111,3]",0.0373333333333333,0.189598375253176,0,0,0,0,1,1.00041081508757,4500,1,1
"z[112,3]",0.276666666666667,0.447399937094247,0,0,0,1,1,1.00053686344549,2881,1,1
"z[113,3]",0.0206666666666667,0.142281601882585,0,0,0,0,0,0.999847334885967,4500,1,1
"z[114,3]",0.108,0.310414904214329,0,0,0,0,1,1.00181964320261,2401,1,1
"z[115,3]",0.14,0.347025591999432,0,0,0,0,1,0.999687043867914,4500,1,1
"z[116,3]",0.365333333333333,0.481577019668107,0,0,0,1,1,0.999758942367517,4500,1,1
"z[117,3]",1,0,1,1,1,1,1,NA,1,0,1
"z[118,3]",1,0,1,1,1,1,1,NA,1,0,1
"z[119,3]",1,0,1,1,1,1,1,NA,1,0,1
"z[120,3]",1,0,1,1,1,1,1,NA,1,0,1
"z[121,3]",1,0,1,1,1,1,1,NA,1,0,1
"z[122,3]",0.00733333333333333,0.0853297931213479,0,0,0,0,0,1.02784543021912,2341,1,1
"z[123,3]",0.0435555555555556,0.20412674648623,0,0,0,0,1,1.00757115434548,1510,1,1
"z[124,3]",1,0,1,1,1,1,1,NA,1,0,1
"z[125,3]",0.841555555555556,0.365197809580639,0,1,1,1,1,1.00355373417441,966,1,1
"z[126,3]",1,0,1,1,1,1,1,NA,1,0,1
"z[127,3]",0.261333333333333,0.439409978425398,0,0,0,1,1,0.999722285620265,4500,1,1
"z[128,3]",0.271111111111111,0.44458272527145,0,0,0,1,1,0.999775256600942,4500,1,1
"z[129,3]",0.236888888888889,0.425220794194227,0,0,0,0,1,0.999771687164548,4500,1,1
"z[130,3]",0.212444444444444,0.409083110301357,0,0,0,0,1,1.00033864468821,4441,1,1
"z[131,3]",0.515555555555556,0.499813504030347,0,0,1,1,1,0.999667006786756,4500,1,1
"z[132,3]",0.775333333333333,0.417409000135464,0,1,1,1,1,1.0023629017164,1069,1,1
"z[133,3]",0.764,0.424669373114469,0,1,1,1,1,0.999901428676697,4500,1,1
"z[134,3]",0.014,0.11750348180963,0,0,0,0,0,1.02698783245419,1277,1,1
"z[135,3]",1,0,1,1,1,1,1,NA,1,0,1
"z[136,3]",0.0122222222222222,0.109888684384328,0,0,0,0,0,1.0167168861915,2375,1,1
"z[137,3]",0.0871111111111111,0.28202914935459,0,0,0,0,1,0.999928286629818,4500,1,1
"z[138,3]",1,0,1,1,1,1,1,NA,1,0,1
"z[139,3]",1,0,1,1,1,1,1,NA,1,0,1
"z[140,3]",1,0,1,1,1,1,1,NA,1,0,1
"z[141,3]",1,0,1,1,1,1,1,NA,1,0,1
"z[142,3]",0.230888888888889,0.421448313194483,0,0,0,0,1,0.999679139010084,4500,1,1
"z[143,3]",0.129333333333333,0.335605797609632,0,0,0,0,1,1.00032167273515,4500,1,1
"z[144,3]",0.136222222222222,0.343062504722754,0,0,0,0,1,1.0002149003429,4500,1,1
"z[145,3]",0.818444444444444,0.385520639964811,0,1,1,1,1,0.999835515209025,4500,1,1
"z[146,3]",0.807111111111111,0.3946104019054,0,1,1,1,1,0.99972874372406,4500,1,1
"z[147,3]",0.771777777777778,0.419733236384864,0,1,1,1,1,1.00205362163076,1187,1,1
"z[148,3]",0.594666666666667,0.491010995984176,0,0,1,1,1,0.999773669764294,4500,1,1
"z[149,3]",1,0,1,1,1,1,1,NA,1,0,1
"z[150,3]",0.0495555555555556,0.217049006950826,0,0,0,0,1,0.999878010459385,4500,1,1
"z[151,3]",1,0,1,1,1,1,1,NA,1,0,1
"z[152,3]",1,0,1,1,1,1,1,NA,1,0,1
"z[153,3]",0.778888888888889,0.415041284080923,0,1,1,1,1,1.00019591568701,4500,1,1
"z[154,3]",0.559555555555556,0.4964956347635,0,0,1,1,1,0.999892744789782,4500,1,1
"z[155,3]",0.102666666666667,0.303556748016748,0,0,0,0,1,1.00004150989453,4500,1,1
"z[156,3]",1,0,1,1,1,1,1,NA,1,0,1
"z[157,3]",1,0,1,1,1,1,1,NA,1,0,1
"z[158,3]",1,0,1,1,1,1,1,NA,1,0,1
"z[159,3]",1,0,1,1,1,1,1,NA,1,0,1
"z[160,3]",1,0,1,1,1,1,1,NA,1,0,1
"z[161,3]",0.0753333333333333,0.26395777175116,0,0,0,0,1,1.00045883798814,4500,1,1
"z[162,3]",1,0,1,1,1,1,1,NA,1,0,1
"z[163,3]",0.109555555555556,0.312369683381089,0,0,0,0,1,1.00095529116995,3984,1,1
"z[164,3]",1,0,1,1,1,1,1,NA,1,0,1
"z[165,3]",0.0833333333333333,0.276416113804279,0,0,0,0,1,1.00016085084371,4500,1,1
"z[166,3]",1,0,1,1,1,1,1,NA,1,0,1
"z[167,3]",0.723777777777778,0.447177753800003,0,0,1,1,1,0.999735808904877,4500,1,1
"z[168,3]",0.907333333333333,0.289996972491497,0,1,1,1,1,1.00143011982493,3359,1,1
"z[169,3]",0.848222222222222,0.358845230543525,0,1,1,1,1,1.00042625511188,4500,1,1
"z[170,3]",1,0,1,1,1,1,1,NA,1,0,1
"z[171,3]",0.713333333333333,0.452254730173891,0,0,1,1,1,0.999795869253675,4500,1,1
"z[172,3]",0.788444444444444,0.408456701904577,0,1,1,1,1,1.00023776842034,4500,1,1
"z[173,3]",0.763555555555556,0.424945405567671,0,1,1,1,1,0.99985389339304,4500,1,1
"z[174,3]",0.978666666666667,0.14450904074975,1,1,1,1,1,1.00287736257535,4500,0,1
"z[175,3]",1,0,1,1,1,1,1,NA,1,0,1
"z[176,3]",1,0,1,1,1,1,1,NA,1,0,1
"z[177,3]",0.088,0.283326381812225,0,0,0,0,1,1.00002272840985,4500,1,1
"z[178,3]",0.0797777777777778,0.270978968999202,0,0,0,0,1,1.00024788698541,4500,1,1
"z[179,3]",0.173333333333333,0.378577254918682,0,0,0,0,1,1.00037361947232,4500,1,1
"z[180,3]",0.174666666666667,0.379723931960079,0,0,0,0,1,0.999841216443132,4500,1,1
"z[181,3]",0.190666666666667,0.392870447175731,0,0,0,0,1,1.0000684946185,4500,1,1
"z[182,3]",0.301111111111111,0.458791875940345,0,0,0,1,1,1.00028418324948,3847,1,1
"z[183,3]",0.192666666666667,0.394437315339694,0,0,0,0,1,1.00060697606294,3421,1,1
"z[184,3]",0.00644444444444444,0.0800271001985887,0,0,0,0,0,1.02797813734868,2647,1,1
"z[185,3]",0.0144444444444444,0.119327141438796,0,0,0,0,0,1.00414431419653,4500,1,1
"z[1,4]",1,0,1,1,1,1,1,NA,1,0,1
"z[2,4]",1,0,1,1,1,1,1,NA,1,0,1
"z[3,4]",1,0,1,1,1,1,1,NA,1,0,1
"z[4,4]",1,0,1,1,1,1,1,NA,1,0,1
"z[5,4]",0.726222222222222,0.445945847603538,0,0,1,1,1,0.999704697619132,4500,1,1
"z[6,4]",0.681111111111111,0.466097674905879,0,0,1,1,1,0.999957367533743,4500,1,1
"z[7,4]",0.724888888888889,0.44661987659371,0,0,1,1,1,1.00095947957832,1945,1,1
"z[8,4]",1,0,1,1,1,1,1,NA,1,0,1
"z[9,4]",1,0,1,1,1,1,1,NA,1,0,1
"z[10,4]",1,0,1,1,1,1,1,NA,1,0,1
"z[11,4]",0.195111111111111,0.396330255697618,0,0,0,0,1,0.999908173686891,4500,1,1
"z[12,4]",0.159333333333333,0.36602731409757,0,0,0,0,1,1.00029103843508,4500,1,1
"z[13,4]",0.179555555555556,0.383859482164201,0,0,0,0,1,0.999834903780757,4500,1,1
"z[14,4]",0.175111111111111,0.380104349345409,0,0,0,0,1,1.00037938383717,4500,1,1
"z[15,4]",1,0,1,1,1,1,1,NA,1,0,1
"z[16,4]",1,0,1,1,1,1,1,NA,1,0,1
"z[17,4]",0.424444444444444,0.494313318715563,0,0,0,1,1,0.999977544607475,4500,1,1
"z[18,4]",1,0,1,1,1,1,1,NA,1,0,1
"z[19,4]",0.182222222222222,0.386070468001789,0,0,0,0,1,1.00082306560112,2905,1,1
"z[20,4]",1,0,1,1,1,1,1,NA,1,0,1
"z[21,4]",1,0,1,1,1,1,1,NA,1,0,1
"z[22,4]",1,0,1,1,1,1,1,NA,1,0,1
"z[23,4]",1,0,1,1,1,1,1,NA,1,0,1
"z[24,4]",1,0,1,1,1,1,1,NA,1,0,1
"z[25,4]",1,0,1,1,1,1,1,NA,1,0,1
"z[26,4]",1,0,1,1,1,1,1,NA,1,0,1
"z[27,4]",1,0,1,1,1,1,1,NA,1,0,1
"z[28,4]",1,0,1,1,1,1,1,NA,1,0,1
"z[29,4]",1,0,1,1,1,1,1,NA,1,0,1
"z[30,4]",0.217555555555556,0.412629339745095,0,0,0,0,1,1.0013470047525,1746,1,1
"z[31,4]",1,0,1,1,1,1,1,NA,1,0,1
"z[32,4]",1,0,1,1,1,1,1,NA,1,0,1
"z[33,4]",0.672444444444444,0.469373914671421,0,0,1,1,1,0.999908280156712,4500,1,1
"z[34,4]",0.730888888888889,0.443547110984994,0,0,1,1,1,1.00055237965338,2873,1,1
"z[35,4]",0.762666666666667,0.425495540244226,0,1,1,1,1,0.999917454907369,4500,1,1
"z[36,4]",0.758444444444444,0.428073814585456,0,1,1,1,1,1.00140777193643,1574,1,1
"z[37,4]",0.0524444444444444,0.222946339423924,0,0,0,0,1,1.00099538902833,4500,1,1
"z[38,4]",0.638666666666667,0.480440266341317,0,0,1,1,1,0.999768115083266,4500,1,1
"z[39,4]",1,0,1,1,1,1,1,NA,1,0,1
"z[40,4]",1,0,1,1,1,1,1,NA,1,0,1
"z[41,4]",0.0944444444444444,0.292478548049893,0,0,0,0,1,0.999710493394742,4500,1,1
"z[42,4]",0.132888888888889,0.339492333243092,0,0,0,0,1,0.999785479129061,4500,1,1
"z[43,4]",0.215555555555556,0.411252893283533,0,0,0,0,1,1.00055137976666,3335,1,1
"z[44,4]",0.849777777777778,0.357328812676052,0,1,1,1,1,1.00105879625641,2814,1,1
"z[45,4]",0.162444444444444,0.368899021895473,0,0,0,0,1,0.999947567692674,4500,1,1
"z[46,4]",0.152888888888889,0.35992035758183,0,0,0,0,1,1.00030359247136,4500,1,1
"z[47,4]",0.0144444444444444,0.119327141438796,0,0,0,0,0,0.999788370003582,4500,1,1
"z[48,4]",0.0126666666666667,0.111843649799372,0,0,0,0,0,1.01947739600236,1964,1,1
"z[49,4]",0.0731111111111111,0.260347727038461,0,0,0,0,1,1.00123730261249,4500,1,1
"z[50,4]",0.109333333333333,0.312091653631951,0,0,0,0,1,0.999736888323416,4500,1,1
"z[51,4]",1,0,1,1,1,1,1,NA,1,0,1
"z[52,4]",0.169555555555556,0.375283581331809,0,0,0,0,1,1.00011691590243,4500,1,1
"z[53,4]",0.181555555555556,0.385520639964811,0,0,0,0,1,0.999687854276947,4500,1,1
"z[54,4]",0.0468888888888889,0.211424346699986,0,0,0,0,1,1.00485451891779,2151,1,1
"z[55,4]",0.0286666666666667,0.166886422507456,0,0,0,0,1,1.00684559638442,2474,1,1
"z[56,4]",0.0362222222222222,0.186863405673864,0,0,0,0,1,1.00216716684181,4500,1,1
"z[57,4]",0.350444444444444,0.477162165502882,0,0,0,1,1,1.00011935588741,4500,1,1
"z[58,4]",1,0,1,1,1,1,1,NA,1,0,1
"z[59,4]",0.252444444444444,0.434463109111385,0,0,0,1,1,1.00097642857169,2022,1,1
"z[60,4]",1,0,1,1,1,1,1,NA,1,0,1
"z[61,4]",0.224222222222222,0.417115428484319,0,0,0,0,1,0.99967721386617,4500,1,1
"z[62,4]",0.196666666666667,0.39752233312673,0,0,0,0,1,1.00018500739091,4500,1,1
"z[63,4]",0.295111111111111,0.456143376880734,0,0,0,1,1,1.00013348800706,4500,1,1
"z[64,4]",0.225555555555556,0.417994106865551,0,0,0,0,1,1.00002877790646,4500,1,1
"z[65,4]",0.233333333333333,0.422999587247188,0,0,0,0,1,0.999926146717243,4500,1,1
"z[66,4]",0.134,0.340690171985335,0,0,0,0,1,1.00056154589521,4500,1,1
"z[67,4]",0.228222222222222,0.419733236384864,0,0,0,0,1,1.00017456181538,4500,1,1
"z[68,4]",0.212,0.408770267763041,0,0,0,0,1,1.00027135557476,4500,1,1
"z[69,4]",0.493555555555556,0.500014027611875,0,0,0,1,1,0.999918401165099,4500,1,1
"z[70,4]",0.0675555555555555,0.251009569058353,0,0,0,0,1,1.00008288756876,4500,1,1
"z[71,4]",0.309333333333333,0.462270169612176,0,0,0,1,1,0.999768898610096,4500,1,1
"z[72,4]",0.791333333333333,0.406400776899811,0,1,1,1,1,1.00174910085206,1450,1,1
"z[73,4]",0.313111111111111,0.463810680915818,0,0,0,1,1,1.00019344968578,4409,1,1
"z[74,4]",0.477555555555556,0.499551501696818,0,0,0,1,1,1.00065192754614,2039,1,1
"z[75,4]",1,0,1,1,1,1,1,NA,1,0,1
"z[76,4]",0.674222222222222,0.468716799882941,0,0,1,1,1,1.00004452176256,4500,1,1
"z[77,4]",0.164222222222222,0.370518274124004,0,0,0,0,1,1.00170450016716,1782,1,1
"z[78,4]",0.0557777777777778,0.229517588820724,0,0,0,0,1,1.00012880500848,4500,1,1
"z[79,4]",1,0,1,1,1,1,1,NA,1,0,1
"z[80,4]",0.671333333333333,0.469780727557959,0,0,1,1,1,1.00034300486445,3355,1,1
"z[81,4]",0.0133333333333333,0.11471041653724,0,0,0,0,0,1.00518291459499,4500,1,1
"z[82,4]",1,0,1,1,1,1,1,NA,1,0,1
"z[83,4]",0.0386666666666667,0.192820688042738,0,0,0,0,1,1.001004327331,4500,1,1
"z[84,4]",1,0,1,1,1,1,1,NA,1,0,1
"z[85,4]",1,0,1,1,1,1,1,NA,1,0,1
"z[86,4]",0.0217777777777778,0.145973426820025,0,0,0,0,0,1.00329653902353,4500,1,1
"z[87,4]",0.22,0.414292338583869,0,0,0,0,1,0.999764625734172,4500,1,1
"z[88,4]",0.088,0.283326381812225,0,0,0,0,1,1.00278638474386,2000,1,1
"z[89,4]",0.234666666666667,0.423837400201175,0,0,0,0,1,0.999714839283688,4500,1,1
"z[90,4]",0.726222222222222,0.445945847603538,0,0,1,1,1,0.999978623414253,4500,1,1
"z[91,4]",0.284222222222222,0.451093304698539,0,0,0,1,1,0.999756709408236,4500,1,1
"z[92,4]",0.207555555555556,0.405601781695743,0,0,0,0,1,1.0009377444409,2392,1,1
"z[93,4]",0.259777777777778,0.438561313033389,0,0,0,1,1,1.00067921452537,2564,1,1
"z[94,4]",0.291777777777778,0.454631100078816,0,0,0,1,1,0.999913744827014,4500,1,1
"z[95,4]",1,0,1,1,1,1,1,NA,1,0,1
"z[96,4]",1,0,1,1,1,1,1,NA,1,0,1
"z[97,4]",1,0,1,1,1,1,1,NA,1,0,1
"z[98,4]",1,0,1,1,1,1,1,NA,1,0,1
"z[99,4]",1,0,1,1,1,1,1,NA,1,0,1
"z[100,4]",0.764444444444444,0.424392695578353,0,1,1,1,1,0.999722219786885,4500,1,1
"z[101,4]",0.722222222222222,0.447952983557986,0,0,1,1,1,1.00026263012268,4176,1,1
"z[102,4]",0.00177777777777778,0.0421308880870312,0,0,0,0,0,1.05041941929871,4500,1,1
"z[103,4]",0.0144444444444444,0.119327141438796,0,0,0,0,0,1.00774382681094,4304,1,1
"z[104,4]",0.395555555555556,0.489024029314706,0,0,0,1,1,0.99970980726299,4500,1,1
"z[105,4]",0.662222222222222,0.473004935714673,0,0,1,1,1,0.999974730895872,4500,1,1
"z[106,4]",0.0275555555555556,0.163713783655141,0,0,0,0,1,1.00987633364391,1804,1,1
"z[107,4]",0.0286666666666667,0.166886422507456,0,0,0,0,1,0.999952905992878,4500,1,1
"z[108,4]",0.0168888888888889,0.128869487630174,0,0,0,0,0,1.00029295041796,4500,1,1
"z[109,4]",0.028,0.164991058376806,0,0,0,0,1,1.00324931617375,4500,1,1
"z[110,4]",1,0,1,1,1,1,1,NA,1,0,1
"z[111,4]",0.012,0.108897361089598,0,0,0,0,0,1.00333322773948,4500,1,1
"z[112,4]",0.0197777777777778,0.139251306560123,0,0,0,0,0,1.01135315202999,2170,1,1
"z[113,4]",0.0231111111111111,0.150273104306291,0,0,0,0,0,1.00347020136857,4500,1,1
"z[114,4]",0.163111111111111,0.369508075588303,0,0,0,0,1,0.999874839273193,4500,1,1
"z[115,4]",1,0,1,1,1,1,1,NA,1,0,1
"z[116,4]",0.251333333333333,0.433827975818527,0,0,0,1,1,0.999748232356933,4500,1,1
"z[117,4]",0.722888888888889,0.447621568717054,0,0,1,1,1,0.999706000545764,4500,1,1
"z[118,4]",1,0,1,1,1,1,1,NA,1,0,1
"z[119,4]",1,0,1,1,1,1,1,NA,1,0,1
"z[120,4]",1,0,1,1,1,1,1,NA,1,0,1
"z[121,4]",1,0,1,1,1,1,1,NA,1,0,1
"z[122,4]",0.00955555555555555,0.0972951722699289,0,0,0,0,0,1.00159070712122,4500,1,1
"z[123,4]",0.297555555555556,0.457233753448424,0,0,0,1,1,0.999804470845296,4500,1,1
"z[124,4]",0.0315555555555556,0.174833049066281,0,0,0,0,1,1.00644479866888,2390,1,1
"z[125,4]",1,0,1,1,1,1,1,NA,1,0,1
"z[126,4]",1,0,1,1,1,1,1,NA,1,0,1
"z[127,4]",0.210888888888889,0.407984993242305,0,0,0,0,1,0.999755820868388,4500,1,1
"z[128,4]",0.242222222222222,0.428475688197424,0,0,0,0,1,0.999854428004462,4500,1,1
"z[129,4]",0.221333333333333,0.415190554162588,0,0,0,0,1,1.00008883752128,4500,1,1
"z[130,4]",0.181111111111111,0.385153010658265,0,0,0,0,1,1.00203605457769,1418,1,1
"z[131,4]",0.408,0.491517737825423,0,0,0,1,1,0.999690723979655,4500,1,1
"z[132,4]",0.758,0.428341887533938,0,1,1,1,1,1.00056952092172,3028,1,1
"z[133,4]",0.777777777777778,0.41578591064293,0,1,1,1,1,0.99974181372969,4500,1,1
"z[134,4]",0.014,0.11750348180963,0,0,0,0,0,1.00468049418657,4500,1,1
"z[135,4]",0.0344444444444444,0.182388094475073,0,0,0,0,1,1.00075907578011,4500,1,1
"z[136,4]",0.0533333333333333,0.224722297816234,0,0,0,0,1,1.00117647942883,4500,1,1
"z[137,4]",1,0,1,1,1,1,1,NA,1,0,1
"z[138,4]",0.411111111111111,0.492090009160827,0,0,0,1,1,1.00010996681929,4500,1,1
"z[139,4]",1,0,1,1,1,1,1,NA,1,0,1
"z[140,4]",0.193555555555556,0.395128456639485,0,0,0,0,1,1.00064221613524,3290,1,1
"z[141,4]",0.202,0.401536834294687,0,0,0,0,1,1.00059039857893,3359,1,1
"z[142,4]",0.213333333333333,0.409706632041442,0,0,0,0,1,1.00221966497168,1172,1,1
"z[143,4]",0.120444444444444,0.325516707964524,0,0,0,0,1,1.00146213703548,2627,1,1
"z[144,4]",0.139333333333333,0.346332514022216,0,0,0,0,1,0.999914082576988,4500,1,1
"z[145,4]",1,0,1,1,1,1,1,NA,1,0,1
"z[146,4]",1,0,1,1,1,1,1,NA,1,0,1
"z[147,4]",1,0,1,1,1,1,1,NA,1,0,1
"z[148,4]",0.484888888888889,0.499827141590173,0,0,0,1,1,1.00181466481729,937,1,1
"z[149,4]",0.626444444444444,0.483801422745545,0,0,1,1,1,0.999872788285433,4500,1,1
"z[150,4]",0.0708888888888889,0.25666767217915,0,0,0,0,1,1.00256921246252,2611,1,1
"z[151,4]",0.75,0.433060822434891,0,0.75,1,1,1,0.999900541964058,4500,1,1
"z[152,4]",1,0,1,1,1,1,1,NA,1,0,1
"z[153,4]",1,0,1,1,1,1,1,NA,1,0,1
"z[154,4]",0.197555555555556,0.398199189045792,0,0,0,0,1,0.999976716440588,4500,1,1
"z[155,4]",1,0,1,1,1,1,1,NA,1,0,1
"z[156,4]",1,0,1,1,1,1,1,NA,1,0,1
"z[157,4]",1,0,1,1,1,1,1,NA,1,0,1
"z[158,4]",1,0,1,1,1,1,1,NA,1,0,1
"z[159,4]",1,0,1,1,1,1,1,NA,1,0,1
"z[160,4]",1,0,1,1,1,1,1,NA,1,0,1
"z[161,4]",0.0804444444444444,0.272010253356189,0,0,0,0,1,1.00175735553282,3236,1,1
"z[162,4]",1,0,1,1,1,1,1,NA,1,0,1
"z[163,4]",0.204222222222222,0.403176919921029,0,0,0,0,1,0.999751592281638,4500,1,1
"z[164,4]",1,0,1,1,1,1,1,NA,1,0,1
"z[165,4]",1,0,1,1,1,1,1,NA,1,0,1
"z[166,4]",1,0,1,1,1,1,1,NA,1,0,1
"z[167,4]",0.454444444444444,0.497975700190078,0,0,0,1,1,1.0000650456124,4500,1,1
"z[168,4]",1,0,1,1,1,1,1,NA,1,0,1
"z[169,4]",0.660666666666667,0.473535692906143,0,0,1,1,1,0.999915713435922,4500,1,1
"z[170,4]",0.558666666666667,0.496601475145506,0,0,1,1,1,1.00020817861337,3749,1,1
"z[171,4]",0.710222222222222,0.453709557154509,0,0,1,1,1,0.999730147942261,4500,1,1
"z[172,4]",0.766222222222222,0.423279509260919,0,1,1,1,1,0.999964844893068,4500,1,1
"z[173,4]",0.765333333333333,0.423837400201175,0,1,1,1,1,1.0004144136372,3731,1,1
"z[174,4]",1,0,1,1,1,1,1,NA,1,0,1
"z[175,4]",1,0,1,1,1,1,1,NA,1,0,1
"z[176,4]",1,0,1,1,1,1,1,NA,1,0,1
"z[177,4]",1,0,1,1,1,1,1,NA,1,0,1
"z[178,4]",0.224222222222222,0.417115428484319,0,0,0,0,1,1.00117410746492,1912,1,1
"z[179,4]",0.396222222222222,0.489165970726295,0,0,0,1,1,1.00022955150039,3719,1,1
"z[180,4]",0.134888888888889,0.341642816812701,0,0,0,0,1,1.00056947771847,4500,1,1
"z[181,4]",0.164222222222222,0.370518274124004,0,0,0,0,1,0.999950989181866,4500,1,1
"z[182,4]",0.249333333333333,0.432675194529199,0,0,0,0,1,1.00030826845631,4157,1,1
"z[183,4]",0.172444444444444,0.377808255362111,0,0,0,0,1,0.999740534441637,4500,1,1
"z[184,4]",0.0144444444444444,0.119327141438796,0,0,0,0,0,1.02282704852694,1472,1,1
"z[185,4]",0.0388888888888889,0.193351625166517,0,0,0,0,1,1.0008477236435,4500,1,1
"z[1,5]",0.666222222222222,0.471613824455088,0,0,1,1,1,1.00011120255495,4500,1,1
"z[2,5]",1,0,1,1,1,1,1,NA,1,0,1
"z[3,5]",1,0,1,1,1,1,1,NA,1,0,1
"z[4,5]",1,0,1,1,1,1,1,NA,1,0,1
"z[5,5]",0.783777777777778,0.411713299819999,0,1,1,1,1,1.00122777565805,1894,1,1
"z[6,5]",0.733555555555556,0.442148443237228,0,0,1,1,1,1.00050896215591,3046,1,1
"z[7,5]",0.609333333333333,0.487954027691849,0,0,1,1,1,1.00003642201623,4500,1,1
"z[8,5]",1,0,1,1,1,1,1,NA,1,0,1
"z[9,5]",1,0,1,1,1,1,1,NA,1,0,1
"z[10,5]",1,0,1,1,1,1,1,NA,1,0,1
"z[11,5]",1,0,1,1,1,1,1,NA,1,0,1
"z[12,5]",1,0,1,1,1,1,1,NA,1,0,1
"z[13,5]",0.142222222222222,0.349316729871186,0,0,0,0,1,0.999967094747652,4500,1,1
"z[14,5]",0.170666666666667,0.376259240127448,0,0,0,0,1,0.999681396288434,4500,1,1
"z[15,5]",1,0,1,1,1,1,1,NA,1,0,1
"z[16,5]",1,0,1,1,1,1,1,NA,1,0,1
"z[17,5]",1,0,1,1,1,1,1,NA,1,0,1
"z[18,5]",0.752222222222222,0.431770052781765,0,1,1,1,1,1.00030011799319,4232,1,1
"z[19,5]",0.343111111111111,0.474800982966752,0,0,0,1,1,0.999815701361614,4500,1,1
"z[20,5]",0.216888888888889,0.412172113536087,0,0,0,0,1,1.00013962716892,4500,1,1
"z[21,5]",1,0,1,1,1,1,1,NA,1,0,1
"z[22,5]",1,0,1,1,1,1,1,NA,1,0,1
"z[23,5]",1,0,1,1,1,1,1,NA,1,0,1
"z[24,5]",1,0,1,1,1,1,1,NA,1,0,1
"z[25,5]",1,0,1,1,1,1,1,NA,1,0,1
"z[26,5]",1,0,1,1,1,1,1,NA,1,0,1
"z[27,5]",1,0,1,1,1,1,1,NA,1,0,1
"z[28,5]",1,0,1,1,1,1,1,NA,1,0,1
"z[29,5]",0.0637777777777778,0.244383806165854,0,0,0,0,1,1.00589024121575,1334,1,1
"z[30,5]",0.344666666666667,0.475312276709952,0,0,0,1,1,1.00005616696717,4500,1,1
"z[31,5]",1,0,1,1,1,1,1,NA,1,0,1
"z[32,5]",1,0,1,1,1,1,1,NA,1,0,1
"z[33,5]",1,0,1,1,1,1,1,NA,1,0,1
"z[34,5]",1,0,1,1,1,1,1,NA,1,0,1
"z[35,5]",1,0,1,1,1,1,1,NA,1,0,1
"z[36,5]",1,0,1,1,1,1,1,NA,1,0,1
"z[37,5]",1,0,1,1,1,1,1,NA,1,0,1
"z[38,5]",1,0,1,1,1,1,1,NA,1,0,1
"z[39,5]",1,0,1,1,1,1,1,NA,1,0,1
"z[40,5]",1,0,1,1,1,1,1,NA,1,0,1
"z[41,5]",0.0666666666666667,0.249471546385758,0,0,0,0,1,1.00425986783097,1744,1,1
"z[42,5]",0.106444444444444,0.308439890155801,0,0,0,0,1,1.00111474923684,3621,1,1
"z[43,5]",0.0811111111111111,0.273036014356096,0,0,0,0,1,1.00213903105109,2701,1,1
"z[44,5]",1,0,1,1,1,1,1,NA,1,0,1
"z[45,5]",1,0,1,1,1,1,1,NA,1,0,1
"z[46,5]",0.0837777777777778,0.277085046671742,0,0,0,0,1,1.00067740239188,4500,1,1
"z[47,5]",0.483777777777778,0.499792305780154,0,0,0,1,1,1.0000198918954,4500,1,1
"z[48,5]",0.327555555555556,0.469373914671421,0,0,0,1,1,0.999832118690798,4500,1,1
"z[49,5]",0.135111111111111,0.341880202058169,0,0,0,0,1,1.00036682842226,4500,1,1
"z[50,5]",0.130666666666667,0.337072896216618,0,0,0,0,1,1.00234554102215,1636,1,1
"z[51,5]",0.251555555555556,0.433955304487405,0,0,0,1,1,1.00009714466621,4500,1,1
"z[52,5]",0.174444444444444,0.379533385063961,0,0,0,0,1,1.00022477683143,4500,1,1
"z[53,5]",0.198444444444444,0.398872915075436,0,0,0,0,1,0.999702702753269,4500,1,1
"z[54,5]",1,0,1,1,1,1,1,NA,1,0,1
"z[55,5]",0.00111111111111111,0.033318511930496,0,0,0,0,0,1.18898008348926,1730,1,1
"z[56,5]",1,0,1,1,1,1,1,NA,1,0,1
"z[57,5]",0.156,0.362895667058781,0,0,0,0,1,1.00199385044442,1626,1,1
"z[58,5]",0.309777777777778,0.462453274710975,0,0,0,1,1,1.00003232781635,4500,1,1
"z[59,5]",0.379111111111111,0.485219740058412,0,0,0,1,1,0.999854095641252,4500,1,1
"z[60,5]",0.876666666666667,0.328855978694735,0,1,1,1,1,1.0002439718506,4500,1,1
"z[61,5]",0.186444444444444,0.389508187829929,0,0,0,0,1,0.999770744936562,4500,1,1
"z[62,5]",0.224666666666667,0.417409000135464,0,0,0,0,1,1.00002570934716,4500,1,1
"z[63,5]",0.282888888888889,0.450452945452442,0,0,0,1,1,0.999856053506247,4500,1,1
"z[64,5]",0.218666666666667,0.413387869931969,0,0,0,0,1,1.00081836317831,2547,1,1
"z[65,5]",0.202666666666667,0.402030852549182,0,0,0,0,1,1.00022259679811,4500,1,1
"z[66,5]",0.116222222222222,0.320526828561842,0,0,0,0,1,0.999767139554711,4500,1,1
"z[67,5]",0.249555555555556,0.432803889466465,0,0,0,0,1,1.0000405313154,4500,1,1
"z[68,5]",0.222222222222222,0.41578591064293,0,0,0,0,1,0.99979621469515,4500,1,1
"z[69,5]",0.495777777777778,0.500037735357056,0,0,0,1,1,1.00024246473952,3478,1,1
"z[70,5]",0.0904444444444444,0.286849319191581,0,0,0,0,1,1.00038237412732,4500,1,1
"z[71,5]",0.207111111111111,0.405280889437269,0,0,0,0,1,1.00010768228853,4500,1,1
"z[72,5]",0.839555555555556,0.367058530929405,0,1,1,1,1,1.00024639419343,4500,1,1
"z[73,5]",0.510222222222222,0.499951048454553,0,0,1,1,1,0.999911430282259,4500,1,1
"z[74,5]",0.777111111111111,0.41623062313954,0,1,1,1,1,0.999855193428373,4500,1,1
"z[75,5]",0.766222222222222,0.423279509260919,0,1,1,1,1,0.999879862507835,4500,1,1
"z[76,5]",0.447555555555556,0.497297231855004,0,0,0,1,1,0.99990462020611,4500,1,1
"z[77,5]",0.118666666666667,0.323431809105324,0,0,0,0,1,1.00081027054236,4178,1,1
"z[78,5]",0.0348888888888889,0.183518768996536,0,0,0,0,1,1.00834058786827,1693,1,1
"z[79,5]",1,0,1,1,1,1,1,NA,1,0,1
"z[80,5]",0.636222222222222,0.481139220491273,0,0,1,1,1,1.00017398682219,4266,1,1
"z[81,5]",0.0128888888888889,0.11280777163711,0,0,0,0,0,1.00255285847116,4500,1,1
"z[82,5]",1,0,1,1,1,1,1,NA,1,0,1
"z[83,5]",0.01,0.0995098009695405,0,0,0,0,0,1.00042133123201,4500,1,1
"z[84,5]",1,0,1,1,1,1,1,NA,1,0,1
"z[85,5]",1,0,1,1,1,1,1,NA,1,0,1
"z[86,5]",0.000222222222222222,0.0149071198499986,0,0,0,0,0,1.29093398298233,4500,1,1
"z[87,5]",1,0,1,1,1,1,1,NA,1,0,1
"z[88,5]",0.0368888888888889,0.188509935158217,0,0,0,0,1,1.00400081478505,3227,1,1
"z[89,5]",0.046,0.209508363001558,0,0,0,0,1,1.0021208843806,4500,1,1
"z[90,5]",0.680444444444444,0.46635622989877,0,0,1,1,1,0.999980118594593,4500,1,1
"z[91,5]",0.291777777777778,0.454631100078816,0,0,0,1,1,0.999668923538579,4500,1,1
"z[92,5]",0.184666666666667,0.388070039026517,0,0,0,0,1,0.999963435015404,4500,1,1
"z[93,5]",0.273555555555556,0.445833022603045,0,0,0,1,1,0.99973664782816,4500,1,1
"z[94,5]",0.418,0.493284981881299,0,0,0,1,1,0.999705397069655,4500,1,1
"z[95,5]",1,0,1,1,1,1,1,NA,1,0,1
"z[96,5]",1,0,1,1,1,1,1,NA,1,0,1
"z[97,5]",1,0,1,1,1,1,1,NA,1,0,1
"z[98,5]",1,0,1,1,1,1,1,NA,1,0,1
"z[99,5]",0.878888888888889,0.326292612819852,0,1,1,1,1,1.00169116026824,2316,1,1
"z[100,5]",1,0,1,1,1,1,1,NA,1,0,1
"z[101,5]",1,0,1,1,1,1,1,NA,1,0,1
"z[102,5]",0.102444444444444,0.303265589918635,0,0,0,0,1,1.00012551602709,4500,1,1
"z[103,5]",0.238666666666667,0.426315935343921,0,0,0,0,1,1.00098871893285,2087,1,1
"z[104,5]",1,0,1,1,1,1,1,NA,1,0,1
"z[105,5]",0.672444444444444,0.469373914671421,0,0,1,1,1,1.00005804471936,4500,1,1
"z[106,5]",0.193555555555556,0.395128456639485,0,0,0,0,1,1.00047523029969,3972,1,1
"z[107,5]",0.0122222222222222,0.109888684384328,0,0,0,0,0,1.00985219876805,4009,1,1
"z[108,5]",0.012,0.108897361089598,0,0,0,0,0,1.01564332954747,2583,1,1
"z[109,5]",1,0,1,1,1,1,1,NA,1,0,1
"z[110,5]",0.0893333333333333,0.285255975094233,0,0,0,0,1,1.00057234610502,4500,1,1
"z[111,5]",0.026,0.159152847308496,0,0,0,0,1,1.00185651905915,4500,1,1
"z[112,5]",0.038,0.191217481839897,0,0,0,0,1,1.00204413893201,4500,1,1
"z[113,5]",0.0351111111111111,0.18408109945566,0,0,0,0,1,1.001808736245,4500,1,1
"z[114,5]",1,0,1,1,1,1,1,NA,1,0,1
"z[115,5]",1,0,1,1,1,1,1,NA,1,0,1
"z[116,5]",1,0,1,1,1,1,1,NA,1,0,1
"z[117,5]",1,0,1,1,1,1,1,NA,1,0,1
"z[118,5]",0.265333333333333,0.441559603346368,0,0,0,1,1,0.999917756071208,4500,1,1
"z[119,5]",0.348,0.47638895090101,0,0,0,1,1,0.999705465267983,4500,1,1
"z[120,5]",1,0,1,1,1,1,1,NA,1,0,1
"z[121,5]",1,0,1,1,1,1,1,NA,1,0,1
"z[122,5]",0.00711111111111111,0.0840363764582043,0,0,0,0,0,1.02308896264009,2919,1,1
"z[123,5]",0.0344444444444444,0.182388094475073,0,0,0,0,1,1.00348094229894,3917,1,1
"z[124,5]",0.0448888888888889,0.207083090060559,0,0,0,0,1,1.00144735076124,4500,1,1
"z[125,5]",1,0,1,1,1,1,1,NA,1,0,1
"z[126,5]",1,0,1,1,1,1,1,NA,1,0,1
"z[127,5]",0.219555555555556,0.413991545837227,0,0,0,0,1,0.999750753316977,4500,1,1
"z[128,5]",0.269555555555556,0.443778235466866,0,0,0,1,1,0.999921017091906,4500,1,1
"z[129,5]",0.208444444444444,0.40624134675035,0,0,0,0,1,0.999944593590823,4500,1,1
"z[130,5]",0.175777777777778,0.380673289472773,0,0,0,0,1,1.00147630259215,1902,1,1
"z[131,5]",0.321555555555556,0.467125326314897,0,0,0,1,1,0.999779250225595,4500,1,1
"z[132,5]",0.805111111111111,0.396159167375477,0,1,1,1,1,1.00081639480135,2771,1,1
"z[133,5]",0.820666666666667,0.383673821422209,0,1,1,1,1,1.00082230714835,2949,1,1
"z[134,5]",0.0308888888888889,0.173035889574341,0,0,0,0,1,1.00306323392973,4500,1,1
"z[135,5]",0.0515555555555556,0.221152546426871,0,0,0,0,1,1.00091231002266,4500,1,1
"z[136,5]",0.148666666666667,0.355799129666249,0,0,0,0,1,1.00238102935138,1451,1,1
"z[137,5]",0.098,0.297347688610086,0,0,0,0,1,1.00007422702654,4500,1,1
"z[138,5]",1,0,1,1,1,1,1,NA,1,0,1
"z[139,5]",1,0,1,1,1,1,1,NA,1,0,1
"z[140,5]",1,0,1,1,1,1,1,NA,1,0,1
"z[141,5]",0.0144444444444444,0.119327141438796,0,0,0,0,0,1.00558842976441,4500,1,1
"z[142,5]",0.236888888888889,0.425220794194227,0,0,0,0,1,1.00151054663794,1503,1,1
"z[143,5]",0.133555555555556,0.340211978135586,0,0,0,0,1,0.99973482312149,4500,1,1
"z[144,5]",0.145111111111111,0.352251969758594,0,0,0,0,1,0.999769346845315,4500,1,1
"z[145,5]",1,0,1,1,1,1,1,NA,1,0,1
"z[146,5]",0.00155555555555556,0.0394142235807543,0,0,0,0,0,1.13197091684193,1967,1,1
"z[147,5]",1,0,1,1,1,1,1,NA,1,0,1
"z[148,5]",1,0,1,1,1,1,1,NA,1,0,1
"z[149,5]",0.203333333333333,0.402523160105083,0,0,0,0,1,0.999686358334399,4500,1,1
"z[150,5]",0.054,0.226042815685939,0,0,0,0,1,1.00045969054951,4500,1,1
"z[151,5]",0.446666666666667,0.497202666143567,0,0,0,1,1,0.999966290231744,4500,1,1
"z[152,5]",0.363555555555556,0.481076234534968,0,0,0,1,1,0.99970028016049,4500,1,1
"z[153,5]",1,0,1,1,1,1,1,NA,1,0,1
"z[154,5]",0.052,0.222051699163907,0,0,0,0,1,0.99994077935284,4500,1,1
"z[155,5]",0.0586666666666667,0.235025879030759,0,0,0,0,1,1.00085496759405,4500,1,1
"z[156,5]",1,0,1,1,1,1,1,NA,1,0,1
"z[157,5]",1,0,1,1,1,1,1,NA,1,0,1
"z[158,5]",1,0,1,1,1,1,1,NA,1,0,1
"z[159,5]",1,0,1,1,1,1,1,NA,1,0,1
"z[160,5]",1,0,1,1,1,1,1,NA,1,0,1
"z[161,5]",0.0677777777777778,0.251392113273443,0,0,0,0,1,1.00152530882374,4252,1,1
"z[162,5]",1,0,1,1,1,1,1,NA,1,0,1
"z[163,5]",0.536888888888889,0.498692766455964,0,0,1,1,1,0.9996789879732,4500,1,1
"z[164,5]",1,0,1,1,1,1,1,NA,1,0,1
"z[165,5]",0.230888888888889,0.421448313194483,0,0,0,0,1,1.00027233545204,4500,1,1
"z[166,5]",1,0,1,1,1,1,1,NA,1,0,1
"z[167,5]",1,0,1,1,1,1,1,NA,1,0,1
"z[168,5]",0.916222222222222,0.277085046671742,0,1,1,1,1,1.00371628558795,1599,1,1
"z[169,5]",1,0,1,1,1,1,1,NA,1,0,1
"z[170,5]",0.796888888888889,0.402359247276006,0,1,1,1,1,1.00019297337382,4500,1,1
"z[171,5]",0.798,0.401536834294687,0,1,1,1,1,1.00076884797725,2813,1,1
"z[172,5]",0.81,0.392344501174273,0,1,1,1,1,1.00060654909203,3452,1,1
"z[173,5]",0.843555555555556,0.363316547020318,0,1,1,1,1,1.00015225322642,4500,1,1
"z[174,5]",1,0,1,1,1,1,1,NA,1,0,1
"z[175,5]",1,0,1,1,1,1,1,NA,1,0,1
"z[176,5]",1,0,1,1,1,1,1,NA,1,0,1
"z[177,5]",1,0,1,1,1,1,1,NA,1,0,1
"z[178,5]",0.246666666666667,0.431118922372735,0,0,0,0,1,0.999836206727623,4500,1,1
"z[179,5]",0.382444444444444,0.486038257364521,0,0,0,1,1,0.99981039668249,4500,1,1
"z[180,5]",0.120888888888889,0.326034334535402,0,0,0,0,1,1.00131503074694,2844,1,1
"z[181,5]",0.135555555555556,0.342354045917987,0,0,0,0,1,1.00072486286479,4030,1,1
"z[182,5]",0.357333333333333,0.479267426453253,0,0,0,1,1,1.00032698383163,3306,1,1
"z[183,5]",0.17,0.375674543355024,0,0,0,0,1,1.00024598187422,4500,1,1
"z[184,5]",0.000222222222222222,0.0149071198499986,0,0,0,0,0,1.29093398298233,4500,1,1
"z[185,5]",0.0633333333333333,0.243588603732636,0,0,0,0,1,0.999729708848098,4500,1,1
"z[1,6]",1,0,1,1,1,1,1,NA,1,0,1
"z[2,6]",1,0,1,1,1,1,1,NA,1,0,1
"z[3,6]",1,0,1,1,1,1,1,NA,1,0,1
"z[4,6]",1,0,1,1,1,1,1,NA,1,0,1
"z[5,6]",0.849111111111111,0.357980320487749,0,1,1,1,1,1.00015598720152,4500,1,1
"z[6,6]",0.792888888888889,0.405280889437269,0,1,1,1,1,0.999782848436924,4500,1,1
"z[7,6]",0.109333333333333,0.312091653631951,0,0,0,0,1,1.00023621717924,4500,1,1
"z[8,6]",1,0,1,1,1,1,1,NA,1,0,1
"z[9,6]",0.288888888888889,0.453296548067582,0,0,0,1,1,1.00026351803345,4075,1,1
"z[10,6]",0.461333333333333,0.498558045238571,0,0,0,1,1,0.999689393108175,4500,1,1
"z[11,6]",0.131555555555556,0.338044502394683,0,0,0,0,1,0.999952319201544,4500,1,1
"z[12,6]",0.526444444444444,0.499355688688475,0,0,1,1,1,1.00032802365777,3037,1,1
"z[13,6]",1,0,1,1,1,1,1,NA,1,0,1
"z[14,6]",0.191555555555556,0.393568858173293,0,0,0,0,1,0.999914333695624,4500,1,1
"z[15,6]",0.432222222222222,0.49543992538561,0,0,0,1,1,0.999850257399616,4500,1,1
"z[16,6]",0.882666666666667,0.321852826698461,0,1,1,1,1,0.999811652649001,4500,1,1
"z[17,6]",1,0,1,1,1,1,1,NA,1,0,1
"z[18,6]",0.721111111111111,0.448502594820192,0,0,1,1,1,1.00031154089827,3854,1,1
"z[19,6]",0.706888888888889,0.455239543167748,0,0,1,1,1,0.999936340824945,4500,1,1
"z[20,6]",0.254222222222222,0.435471497524474,0,0,0,1,1,0.999836080653491,4500,1,1
"z[21,6]",0.625555555555556,0.484032918756003,0,0,1,1,1,1.0006631194791,2145,1,1
"z[22,6]",1,0,1,1,1,1,1,NA,1,0,1
"z[23,6]",1,0,1,1,1,1,1,NA,1,0,1
"z[24,6]",1,0,1,1,1,1,1,NA,1,0,1
"z[25,6]",0.537111111111111,0.498676274967964,0,0,1,1,1,1.00074376385751,1871,1,1
"z[26,6]",1,0,1,1,1,1,1,NA,1,0,1
"z[27,6]",0.295333333333333,0.456243151014127,0,0,0,1,1,1.00165732674657,1213,1,1
"z[28,6]",0.414666666666667,0.492719160976806,0,0,0,1,1,1.00009843383611,4500,1,1
"z[29,6]",0.028,0.164991058376806,0,0,0,0,1,1.00442844373592,3828,1,1
"z[30,6]",0.156222222222222,0.363106236035812,0,0,0,0,1,1.00000843784056,4500,1,1
"z[31,6]",1,0,1,1,1,1,1,NA,1,0,1
"z[32,6]",1,0,1,1,1,1,1,NA,1,0,1
"z[33,6]",1,0,1,1,1,1,1,NA,1,0,1
"z[34,6]",0.308,0.461717851163597,0,0,0,1,1,1.00029852302341,3718,1,1
"z[35,6]",0.668222222222222,0.470903983688025,0,0,1,1,1,0.999896039255767,4500,1,1
"z[36,6]",1,0,1,1,1,1,1,NA,1,0,1
"z[37,6]",0.241555555555556,0.428073814585456,0,0,0,0,1,1.000057308234,4500,1,1
"z[38,6]",0.334444444444444,0.471848316480549,0,0,0,1,1,0.999967834763331,4500,1,1
"z[39,6]",1,0,1,1,1,1,1,NA,1,0,1
"z[40,6]",1,0,1,1,1,1,1,NA,1,0,1
"z[41,6]",0.058,0.233769424929795,0,0,0,0,1,1.00351375543956,2365,1,1
"z[42,6]",1,0,1,1,1,1,1,NA,1,0,1
"z[43,6]",1,0,1,1,1,1,1,NA,1,0,1
"z[44,6]",0.343555555555556,0.474947643050087,0,0,0,1,1,0.999726766958827,4500,1,1
"z[45,6]",1,0,1,1,1,1,1,NA,1,0,1
"z[46,6]",1,0,1,1,1,1,1,NA,1,0,1
"z[47,6]",0.326666666666667,0.469046314805178,0,0,0,1,1,0.999753885593564,4500,1,1
"z[48,6]",0.28,0.449048783494364,0,0,0,1,1,1.00024367316,4307,1,1
"z[49,6]",0.130222222222222,0.336585160875883,0,0,0,0,1,0.99981278583818,4500,1,1
"z[50,6]",0.0864444444444444,0.281050450380857,0,0,0,0,1,1.00111663079795,4358,1,1
"z[51,6]",0.330666666666667,0.470505490679205,0,0,0,1,1,0.999707447278916,4500,1,1
"z[52,6]",0.146666666666667,0.353812625669477,0,0,0,0,1,1.00022042097977,4500,1,1
"z[53,6]",0.181777777777778,0.385704131126018,0,0,0,0,1,1.00063567938536,3471,1,1
"z[54,6]",0.0137777777777778,0.116580319235386,0,0,0,0,0,1.00219723916411,4500,1,1
"z[55,6]",0.00866666666666667,0.0927009450571682,0,0,0,0,0,1.01246236211681,4462,1,1
"z[56,6]",1,0,1,1,1,1,1,NA,1,0,1
"z[57,6]",0.359333333333333,0.479858373564228,0,0,0,1,1,0.999830219470074,4500,1,1
"z[58,6]",0.378222222222222,0.48499736545041,0,0,0,1,1,0.999696508472223,4500,1,1
"z[59,6]",0.12,0.324997649041713,0,0,0,0,1,0.999991551232678,4500,1,1
"z[60,6]",1,0,1,1,1,1,1,NA,1,0,1
"z[61,6]",0.00888888888888889,0.093871373318521,0,0,0,0,0,1.0047212648969,4500,1,1
"z[62,6]",0.0122222222222222,0.109888684384328,0,0,0,0,0,1.00985219876805,4009,1,1
"z[63,6]",0.0113333333333333,0.105864911172911,0,0,0,0,0,1.02197703769873,1940,1,1
"z[64,6]",0.0113333333333333,0.105864911172911,0,0,0,0,0,1.00025592414066,4500,1,1
"z[65,6]",0.0153333333333333,0.122888478420367,0,0,0,0,0,1.00193216839089,4500,1,1
"z[66,6]",0.00666666666666667,0.0813860808385347,0,0,0,0,0,1.02095798095014,3439,1,1
"z[67,6]",0.0126666666666667,0.111843649799372,0,0,0,0,0,1.00296364746086,4500,1,1
"z[68,6]",0.0166666666666667,0.128033322512951,0,0,0,0,0,1.00295726498437,4500,1,1
"z[69,6]",1,0,1,1,1,1,1,NA,1,0,1
"z[70,6]",0.104888888888889,0.306444249967912,0,0,0,0,1,1.00022283750548,4500,1,1
"z[71,6]",0.257555555555556,0.437336477200438,0,0,0,1,1,1.00069088891121,2550,1,1
"z[72,6]",1,0,1,1,1,1,1,NA,1,0,1
"z[73,6]",0.1,0.300033338889918,0,0,0,0,1,1.00000520792138,4500,1,1
"z[74,6]",0.419777777777778,0.49357728119657,0,0,0,1,1,0.999721965016839,4500,1,1
"z[75,6]",0.666222222222222,0.471613824455088,0,0,1,1,1,0.99988426538165,4500,1,1
"z[76,6]",0.454444444444444,0.497975700190078,0,0,0,1,1,0.999855078301213,4500,1,1
"z[77,6]",0.107333333333333,0.309570969851063,0,0,0,0,1,1.00008557014058,4500,1,1
"z[78,6]",1,0,1,1,1,1,1,NA,1,0,1
"z[79,6]",1,0,1,1,1,1,1,NA,1,0,1
"z[80,6]",0.515555555555556,0.499813504030347,0,0,1,1,1,0.999811875661363,4500,1,1
"z[81,6]",0.0142222222222222,0.118419030794728,0,0,0,0,0,1.00316431804977,4500,1,1
"z[82,6]",1,0,1,1,1,1,1,NA,1,0,1
"z[83,6]",0.0333333333333333,0.179525441950783,0,0,0,0,1,1.00187029652724,4500,1,1
"z[84,6]",0.955777777777778,0.205611312804703,0,1,1,1,1,1.00141827742786,4500,1,1
"z[85,6]",0.963111111111111,0.188509935158217,0,1,1,1,1,1.00015486755289,4500,1,1
"z[86,6]",0.00133333333333333,0.0364945409967103,0,0,0,0,0,1.03900028931154,4500,1,1
"z[87,6]",0.278888888888889,0.448502594820192,0,0,0,1,1,1.00035716521783,3599,1,1
"z[88,6]",0.180888888888889,0.384968871895082,0,0,0,0,1,0.999910642257413,4500,1,1
"z[89,6]",0.105333333333333,0.307016560960735,0,0,0,0,1,1.00107845055886,3765,1,1
"z[90,6]",0.560444444444444,0.496388179717821,0,0,1,1,1,0.999708514914506,4500,1,1
"z[91,6]",0.0126666666666667,0.111843649799372,0,0,0,0,0,1.00155539881737,4500,1,1
"z[92,6]",0.0131111111111111,0.113763288874888,0,0,0,0,0,1.02705576508736,1359,1,1
"z[93,6]",0.0126666666666667,0.111843649799372,0,0,0,0,0,1.00390244697568,4500,1,1
"z[94,6]",0.0257777777777778,0.158489324311835,0,0,0,0,1,1.00228245340184,4500,1,1
"z[95,6]",1,0,1,1,1,1,1,NA,1,0,1
"z[96,6]",1,0,1,1,1,1,1,NA,1,0,1
"z[97,6]",1,0,1,1,1,1,1,NA,1,0,1
"z[98,6]",1,0,1,1,1,1,1,NA,1,0,1
"z[99,6]",1,0,1,1,1,1,1,NA,1,0,1
"z[100,6]",0.413111111111111,0.492447165503345,0,0,0,1,1,0.99998743811598,4500,1,1
"z[101,6]",0.737111111111111,0.440251510398533,0,0,1,1,1,1.00014450551179,4500,1,1
"z[102,6]",0.100222222222222,0.300329439689937,0,0,0,0,1,1.00016062096768,4500,1,1
"z[103,6]",0.218222222222222,0.413084983718457,0,0,0,0,1,0.999896505783243,4500,1,1
"z[104,6]",0.712888888888889,0.452464158988094,0,0,1,1,1,1.00077081153348,2221,1,1
"z[105,6]",0.629333333333333,0.483036995302483,0,0,1,1,1,1.00032282302938,3275,1,1
"z[106,6]",0.172666666666667,0.378000847924102,0,0,0,0,1,1.00007366359986,4500,1,1
"z[107,6]",0.00666666666666667,0.0813860808385347,0,0,0,0,0,1.00635557033169,4500,1,1
"z[108,6]",0.00266666666666667,0.0515766100016907,0,0,0,0,0,1.02969958135743,4500,1,1
"z[109,6]",0.0131111111111111,0.113763288874888,0,0,0,0,0,1.00682185554966,4500,1,1
"z[110,6]",0.0651111111111111,0.246749233761641,0,0,0,0,1,1.00086954110784,4500,1,1
"z[111,6]",0.042,0.200611423704479,0,0,0,0,1,1.00380031661108,2986,1,1
"z[112,6]",0.0684444444444444,0.252535095508448,0,0,0,0,1,0.999836653940012,4500,1,1
"z[113,6]",0.046,0.209508363001558,0,0,0,0,1,1.00016648146021,4500,1,1
"z[114,6]",0.250666666666667,0.433445081652364,0,0,0,1,1,1.00115839003201,1789,1,1
"z[115,6]",0.353555555555556,0.478126370077776,0,0,0,1,1,1.00030471605727,3434,1,1
"z[116,6]",1,0,1,1,1,1,1,NA,1,0,1
"z[117,6]",0.507111111111111,0.500004988738047,0,0,1,1,1,1.00008938718235,4500,1,1
"z[118,6]",1,0,1,1,1,1,1,NA,1,0,1
"z[119,6]",1,0,1,1,1,1,1,NA,1,0,1
"z[120,6]",1,0,1,1,1,1,1,NA,1,0,1
"z[121,6]",1,0,1,1,1,1,1,NA,1,0,1
"z[122,6]",0.0135555555555556,0.115649360747383,0,0,0,0,0,1.00063182925795,4500,1,1
"z[123,6]",0.0646666666666667,0.245964088766797,0,0,0,0,1,1.00548531309701,1414,1,1
"z[124,6]",0.0431111111111111,0.203129792200249,0,0,0,0,1,1.00215035337293,4500,1,1
"z[125,6]",0.967777777777778,0.176609404971474,0,1,1,1,1,1.00513901797798,2911,1,1
"z[126,6]",0.738444444444444,0.439530633059229,0,0,1,1,1,0.999825927725879,4500,1,1
"z[127,6]",0.0442222222222222,0.205611312804703,0,0,0,0,1,1.00236869778103,4368,1,1
"z[128,6]",0.0846666666666667,0.278415961965736,0,0,0,0,1,1.00081020836162,4500,1,1
"z[129,6]",0.0444444444444444,0.206103312651472,0,0,0,0,1,1.00181363304156,4500,1,1
"z[130,6]",0.0366666666666667,0.18796295738691,0,0,0,0,1,1.00079167630062,4500,1,1
"z[131,6]",0.166888888888889,0.372918076298587,0,0,0,0,1,1.00054803214277,4076,1,1
"z[132,6]",0.884444444444444,0.319726736204165,0,1,1,1,1,0.999824809077856,4500,1,1
"z[133,6]",0.885777777777778,0.318116322460963,0,1,1,1,1,0.999820783104457,4500,1,1
"z[134,6]",1,0,1,1,1,1,1,NA,1,0,1
"z[135,6]",1,0,1,1,1,1,1,NA,1,0,1
"z[136,6]",0.0351111111111111,0.18408109945566,0,0,0,0,1,1.0025198942595,4500,1,1
"z[137,6]",1,0,1,1,1,1,1,NA,1,0,1
"z[138,6]",1,0,1,1,1,1,1,NA,1,0,1
"z[139,6]",1,0,1,1,1,1,1,NA,1,0,1
"z[140,6]",1,0,1,1,1,1,1,NA,1,0,1
"z[141,6]",1,0,1,1,1,1,1,NA,1,0,1
"z[142,6]",0.219555555555556,0.413991545837227,0,0,0,0,1,1.00044773967616,3728,1,1
"z[143,6]",0.124,0.329618179158867,0,0,0,0,1,1.00138429192665,2687,1,1
"z[144,6]",0.149777777777778,0.356893121404989,0,0,0,0,1,1.00032587352169,4500,1,1
"z[145,6]",1,0,1,1,1,1,1,NA,1,0,1
"z[146,6]",1,0,1,1,1,1,1,NA,1,0,1
"z[147,6]",1,0,1,1,1,1,1,NA,1,0,1
"z[148,6]",1,0,1,1,1,1,1,NA,1,0,1
"z[149,6]",0.0775555555555556,0.267500640790067,0,0,0,0,1,1.00085466913624,4500,1,1
"z[150,6]",0.0737777777777778,0.261437958471522,0,0,0,0,1,1.00094163951577,4500,1,1
"z[151,6]",1,0,1,1,1,1,1,NA,1,0,1
"z[152,6]",0.269555555555556,0.443778235466866,0,0,0,1,1,1.00004879997848,4500,1,1
"z[153,6]",1,0,1,1,1,1,1,NA,1,0,1
"z[154,6]",0.128,0.334126935562941,0,0,0,0,1,1.00014800578461,4500,1,1
"z[155,6]",1,0,1,1,1,1,1,NA,1,0,1
"z[156,6]",1,0,1,1,1,1,1,NA,1,0,1
"z[157,6]",1,0,1,1,1,1,1,NA,1,0,1
"z[158,6]",1,0,1,1,1,1,1,NA,1,0,1
"z[159,6]",1,0,1,1,1,1,1,NA,1,0,1
"z[160,6]",1,0,1,1,1,1,1,NA,1,0,1
"z[161,6]",0.478888888888889,0.499609637446916,0,0,0,1,1,1.00028134300401,3263,1,1
"z[162,6]",1,0,1,1,1,1,1,NA,1,0,1
"z[163,6]",0.426444444444444,0.49461494676986,0,0,0,1,1,1.00072039099697,1943,1,1
"z[164,6]",0.753111111111111,0.431249456176893,0,1,1,1,1,1.00018169938945,4500,1,1
"z[165,6]",0.197555555555556,0.398199189045792,0,0,0,0,1,1.00081575277244,2742,1,1
"z[166,6]",1,0,1,1,1,1,1,NA,1,0,1
"z[167,6]",1,0,1,1,1,1,1,NA,1,0,1
"z[168,6]",1,0,1,1,1,1,1,NA,1,0,1
"z[169,6]",1,0,1,1,1,1,1,NA,1,0,1
"z[170,6]",1,0,1,1,1,1,1,NA,1,0,1
"z[171,6]",1,0,1,1,1,1,1,NA,1,0,1
"z[172,6]",1,0,1,1,1,1,1,NA,1,0,1
"z[173,6]",1,0,1,1,1,1,1,NA,1,0,1
"z[174,6]",1,0,1,1,1,1,1,NA,1,0,1
"z[175,6]",1,0,1,1,1,1,1,NA,1,0,1
"z[176,6]",0.970666666666667,0.168757866791187,0,1,1,1,1,1.00085295134181,4500,1,1
"z[177,6]",1,0,1,1,1,1,1,NA,1,0,1
"z[178,6]",0.244888888888889,0.430069091055928,0,0,0,0,1,0.999845014904647,4500,1,1
"z[179,6]",0.379111111111111,0.485219740058412,0,0,0,1,1,1.00083284667995,1829,1,1
"z[180,6]",0.00755555555555556,0.0866033246050876,0,0,0,0,0,1.01174037116447,4500,1,1
"z[181,6]",0.00222222222222222,0.0470932775447189,0,0,0,0,0,1.08341304913067,2364,1,1
"z[182,6]",0.00622222222222222,0.0786440117920529,0,0,0,0,0,1.00031165278971,4500,1,1
"z[183,6]",0.00333333333333333,0.0576451269226114,0,0,0,0,0,NA,4500,1,1
"z[184,6]",0.0102222222222222,0.100598097789677,0,0,0,0,0,1.00062949830714,4500,1,1
"z[185,6]",0.0113333333333333,0.105864911172911,0,0,0,0,0,1.015263474112,2802,1,1
"z[1,7]",1,0,1,1,1,1,1,NA,1,0,1
"z[2,7]",1,0,1,1,1,1,1,NA,1,0,1
"z[3,7]",1,0,1,1,1,1,1,NA,1,0,1
"z[4,7]",1,0,1,1,1,1,1,NA,1,0,1
"z[5,7]",1,0,1,1,1,1,1,NA,1,0,1
"z[6,7]",1,0,1,1,1,1,1,NA,1,0,1
"z[7,7]",0.653333333333333,0.475961375470961,0,0,1,1,1,1.00152562733523,1194,1,1
"z[8,7]",0.788444444444444,0.408456701904577,0,1,1,1,1,1.00143957851544,1696,1,1
"z[9,7]",0.738,0.439771506069421,0,0,1,1,1,1.00059404934182,2784,1,1
"z[10,7]",0.800444444444444,0.399710695309344,0,1,1,1,1,0.999876798468552,4500,1,1
"z[11,7]",0.0493333333333333,0.216587118720284,0,0,0,0,1,1.00211635072072,4338,1,1
"z[12,7]",1,0,1,1,1,1,1,NA,1,0,1
"z[13,7]",0.0668888888888889,0.24985723616271,0,0,0,0,1,1.00024222662667,4500,1,1
"z[14,7]",0.0351111111111111,0.18408109945566,0,0,0,0,1,1.01215061237276,1166,1,1
"z[15,7]",1,0,1,1,1,1,1,NA,1,0,1
"z[16,7]",0.886888888888889,0.316763768877172,0,1,1,1,1,1.00291085463543,1535,1,1
"z[17,7]",0.884666666666667,0.319459284219888,0,1,1,1,1,1.00249076561254,1727,1,1
"z[18,7]",0.787111111111111,0.409395231177718,0,1,1,1,1,0.999825867868129,4500,1,1
"z[19,7]",1,0,1,1,1,1,1,NA,1,0,1
"z[20,7]",0.639333333333333,0.480247306077237,0,0,1,1,1,0.999768315470386,4500,1,1
"z[21,7]",0.748888888888889,0.433700495878734,0,0,1,1,1,1.00027295191207,4388,1,1
"z[22,7]",0.839555555555556,0.367058530929405,0,1,1,1,1,0.999774019701429,4500,1,1
"z[23,7]",1,0,1,1,1,1,1,NA,1,0,1
"z[24,7]",1,0,1,1,1,1,1,NA,1,0,1
"z[25,7]",0.724,0.447066455019138,0,0,1,1,1,0.999939156199555,4500,1,1
"z[26,7]",0.902,0.297347688610086,0,1,1,1,1,0.999695050829445,4500,1,1
"z[27,7]",0.695333333333333,0.460317255808063,0,0,1,1,1,0.999820228839178,4500,1,1
"z[28,7]",0.261555555555556,0.439530633059229,0,0,0,1,1,0.999778457842668,4500,1,1
"z[29,7]",0.0902222222222222,0.286531703964327,0,0,0,0,1,0.999769148156355,4500,1,1
"z[30,7]",1,0,1,1,1,1,1,NA,1,0,1
"z[31,7]",1,0,1,1,1,1,1,NA,1,0,1
"z[32,7]",1,0,1,1,1,1,1,NA,1,0,1
"z[33,7]",1,0,1,1,1,1,1,NA,1,0,1
"z[34,7]",0.292666666666667,0.455037253396046,0,0,0,1,1,1.00115033429551,1628,1,1
"z[35,7]",1,0,1,1,1,1,1,NA,1,0,1
"z[36,7]",1,0,1,1,1,1,1,NA,1,0,1
"z[37,7]",0.411555555555556,0.492170102148651,0,0,0,1,1,1.00037436878666,2918,1,1
"z[38,7]",1,0,1,1,1,1,1,NA,1,0,1
"z[39,7]",1,0,1,1,1,1,1,NA,1,0,1
"z[40,7]",1,0,1,1,1,1,1,NA,1,0,1
"z[41,7]",0.258666666666667,0.437950733110633,0,0,0,1,1,0.999890124519933,4500,1,1
"z[42,7]",0.446,0.497130686801717,0,0,0,1,1,1.00098774119622,1535,1,1
"z[43,7]",1,0,1,1,1,1,1,NA,1,0,1
"z[44,7]",1,0,1,1,1,1,1,NA,1,0,1
"z[45,7]",1,0,1,1,1,1,1,NA,1,0,1
"z[46,7]",1,0,1,1,1,1,1,NA,1,0,1
"z[47,7]",0.461777777777778,0.498592323353723,0,0,0,1,1,0.999917624054183,4500,1,1
"z[48,7]",0.356444444444444,0.479001868217388,0,0,0,1,1,1.0001517540139,4498,1,1
"z[49,7]",0.159555555555556,0.366234059493059,0,0,0,0,1,0.999972496444344,4500,1,1
"z[50,7]",0.0195555555555556,0.13848248064772,0,0,0,0,0,1.01743714603783,1434,1,1
"z[51,7]",1,0,1,1,1,1,1,NA,1,0,1
"z[52,7]",0.144222222222222,0.351353961248913,0,0,0,0,1,0.999823671405759,4500,1,1
"z[53,7]",0.188888888888889,0.391463830704758,0,0,0,0,1,0.999825488686025,4500,1,1
"z[54,7]",0.460666666666667,0.498505880520963,0,0,0,1,1,0.999778220561191,4500,1,1
"z[55,7]",0.217777777777778,0.41278139661439,0,0,0,0,1,1.00060381581529,3140,1,1
"z[56,7]",0.0151111111111111,0.1220084974435,0,0,0,0,0,1.00044568096925,4500,1,1
"z[57,7]",0.257111111111111,0.437089742091455,0,0,0,1,1,1.00021963472594,4500,1,1
"z[58,7]",0.639111111111111,0.480311737615324,0,0,1,1,1,0.99983553281135,4500,1,1
"z[59,7]",0.204888888888889,0.403665260137017,0,0,0,0,1,0.99973455594571,4500,1,1
"z[60,7]",1,0,1,1,1,1,1,NA,1,0,1
"z[61,7]",0.000888888888888889,0.0298042977535084,0,0,0,0,0,1.10540023626025,4497,1,1
"z[62,7]",0.00222222222222222,0.0470932775447189,0,0,0,0,0,1.00465090130556,4500,1,1
"z[63,7]",0.002,0.0446815807032984,0,0,0,0,0,1.01775579934475,4500,1,1
"z[64,7]",0.000888888888888889,0.0298042977535084,0,0,0,0,0,1.16587551740291,2570,1,1
"z[65,7]",0.156888888888889,0.36373639680125,0,0,0,0,1,0.999854107216939,4500,1,1
"z[66,7]",0.0937777777777778,0.291551703123276,0,0,0,0,1,0.999926405189563,4500,1,1
"z[67,7]",0.237555555555556,0.425632672691991,0,0,0,0,1,0.999861749686263,4500,1,1
"z[68,7]",0.211111111111111,0.408142411058839,0,0,0,0,1,0.999747586700538,4500,1,1
"z[69,7]",1,0,1,1,1,1,1,NA,1,0,1
"z[70,7]",0.0206666666666667,0.142281601882585,0,0,0,0,0,1.0009305518436,4500,1,1
"z[71,7]",1,0,1,1,1,1,1,NA,1,0,1
"z[72,7]",1,0,1,1,1,1,1,NA,1,0,1
"z[73,7]",0.0528888888888889,0.223836521313966,0,0,0,0,1,1.00436421657511,2110,1,1
"z[74,7]",1,0,1,1,1,1,1,NA,1,0,1
"z[75,7]",0.143333333333333,0.350451396592507,0,0,0,0,1,1.0006313998591,4230,1,1
"z[76,7]",0.606,0.488689134788264,0,0,1,1,1,1.00027987573437,3423,1,1
"z[77,7]",0.0955555555555556,0.294013436961353,0,0,0,0,1,0.999997406150628,4500,1,1
"z[78,7]",0.925333333333333,0.262881936707821,0,1,1,1,1,1.00042729144723,4500,1,1
"z[79,7]",1,0,1,1,1,1,1,NA,1,0,1
"z[80,7]",0.449555555555556,0.497504130964745,0,0,0,1,1,1.00013451985067,4325,1,1
"z[81,7]",0.0324444444444444,0.177197008935809,0,0,0,0,1,1.00787293434007,1921,1,1
"z[82,7]",1,0,1,1,1,1,1,NA,1,0,1
"z[83,7]",0.142444444444444,0.349544240495844,0,0,0,0,1,1.00001510480516,4500,1,1
"z[84,7]",0.960222222222222,0.195458425118277,0,1,1,1,1,0.999987889156504,4500,1,1
"z[85,7]",1,0,1,1,1,1,1,NA,1,0,1
"z[86,7]",0.000444444444444444,0.0210795079890303,0,0,0,0,0,1.2913045102833,2250,1,1
"z[87,7]",1,0,1,1,1,1,1,NA,1,0,1
"z[88,7]",0.02,0.140015558148628,0,0,0,0,0,0.999859318202695,4500,1,1
"z[89,7]",0.00333333333333333,0.0576451269226114,0,0,0,0,0,1.05516362148506,2493,1,1
"z[90,7]",0.475555555555556,0.49945761003876,0,0,0,1,1,0.999877789012798,4500,1,1
"z[91,7]",0.00488888888888889,0.069757214702053,0,0,0,0,0,1.00381169842431,4500,1,1
"z[92,7]",0.00333333333333333,0.0576451269226114,0,0,0,0,0,1.04363815036703,3205,1,1
"z[93,7]",0.00577777777777778,0.0758002102747823,0,0,0,0,0,1.03449288248657,2375,1,1
"z[94,7]",0.018,0.132965893646013,0,0,0,0,0,1.0017935153501,4500,1,1
"z[95,7]",1,0,1,1,1,1,1,NA,1,0,1
"z[96,7]",1,0,1,1,1,1,1,NA,1,0,1
"z[97,7]",1,0,1,1,1,1,1,NA,1,0,1
"z[98,7]",1,0,1,1,1,1,1,NA,1,0,1
"z[99,7]",1,0,1,1,1,1,1,NA,1,0,1
"z[100,7]",1,0,1,1,1,1,1,NA,1,0,1
"z[101,7]",1,0,1,1,1,1,1,NA,1,0,1
"z[102,7]",0.117333333333333,0.321852826698461,0,0,0,0,1,0.999797881750424,4500,1,1
"z[103,7]",0.252222222222222,0.43433638419814,0,0,0,1,1,1.00041476486724,3554,1,1
"z[104,7]",1,0,1,1,1,1,1,NA,1,0,1
"z[105,7]",0.609777777777778,0.487854208528772,0,0,1,1,1,1.00025524600194,3576,1,1
"z[106,7]",0.0151111111111111,0.1220084974435,0,0,0,0,0,1.001444239544,4500,1,1
"z[107,7]",0.00288888888888889,0.0536766566849176,0,0,0,0,0,1.05188194987867,3071,1,1
"z[108,7]",0.00466666666666667,0.0681609955608629,0,0,0,0,0,1.01312583228194,4500,1,1
"z[109,7]",1,0,1,1,1,1,1,NA,1,0,1
"z[110,7]",0.325111111111111,0.468468404505686,0,0,0,1,1,1.00014813496674,4500,1,1
"z[111,7]",0.183555555555556,0.387164337009769,0,0,0,0,1,1.0005886838168,3609,1,1
"z[112,7]",0.228222222222222,0.419733236384864,0,0,0,0,1,0.99979619992138,4500,1,1
"z[113,7]",0.220444444444444,0.414592436549855,0,0,0,0,1,1.00000406557176,4500,1,1
"z[114,7]",1,0,1,1,1,1,1,NA,1,0,1
"z[115,7]",1,0,1,1,1,1,1,NA,1,0,1
"z[116,7]",1,0,1,1,1,1,1,NA,1,0,1
"z[117,7]",1,0,1,1,1,1,1,NA,1,0,1
"z[118,7]",1,0,1,1,1,1,1,NA,1,0,1
"z[119,7]",1,0,1,1,1,1,1,NA,1,0,1
"z[120,7]",0.91,0.286213563699108,0,1,1,1,1,1.00090436200295,4500,1,1
"z[121,7]",1,0,1,1,1,1,1,NA,1,0,1
"z[122,7]",0.0668888888888889,0.24985723616271,0,0,0,0,1,1.00062326601137,4500,1,1
"z[123,7]",0.318222222222222,0.465838022120859,0,0,0,1,1,0.999887698026127,4500,1,1
"z[124,7]",0.191555555555556,0.393568858173293,0,0,0,0,1,0.99989023321324,4500,1,1
"z[125,7]",1,0,1,1,1,1,1,NA,1,0,1
"z[126,7]",1,0,1,1,1,1,1,NA,1,0,1
"z[127,7]",0.209777777777778,0.407195171791313,0,0,0,0,1,1.00094213341422,2370,1,1
"z[128,7]",0.288,0.452881417292069,0,0,0,1,1,0.999837605485826,4500,1,1
"z[129,7]",0.208222222222222,0.406081732372833,0,0,0,0,1,0.99966751928354,4500,1,1
"z[130,7]",0.152,0.359060788616921,0,0,0,0,1,1.00127560764332,2411,1,1
"z[131,7]",0.036,0.186310798705171,0,0,0,0,1,1.00651145658523,2093,1,1
"z[132,7]",1,0,1,1,1,1,1,NA,1,0,1
"z[133,7]",1,0,1,1,1,1,1,NA,1,0,1
"z[134,7]",0.416444444444444,0.493023818130153,0,0,0,1,1,0.99989533154563,4500,1,1
"z[135,7]",0.334444444444444,0.471848316480549,0,0,0,1,1,0.999883833349446,4500,1,1
"z[136,7]",0.151333333333333,0.358413312036458,0,0,0,0,1,1.00059878450246,4169,1,1
"z[137,7]",0.496444444444444,0.500042921276482,0,0,0,1,1,1.00001326429067,4500,1,1
"z[138,7]",1,0,1,1,1,1,1,NA,1,0,1
"z[139,7]",0.941555555555556,0.234608019202615,0,1,1,1,1,1.00770562804507,1125,1,1
"z[140,7]",1,0,1,1,1,1,1,NA,1,0,1
"z[141,7]",1,0,1,1,1,1,1,NA,1,0,1
"z[142,7]",0.286,0.451939585291061,0,0,0,1,1,1.00024741720879,4216,1,1
"z[143,7]",0.134,0.340690171985335,0,0,0,0,1,1.00008513877389,4500,1,1
"z[144,7]",0.160444444444444,0.367058530929405,0,0,0,0,1,0.999912604558155,4500,1,1
"z[145,7]",1,0,1,1,1,1,1,NA,1,0,1
"z[146,7]",1,0,1,1,1,1,1,NA,1,0,1
"z[147,7]",1,0,1,1,1,1,1,NA,1,0,1
"z[148,7]",1,0,1,1,1,1,1,NA,1,0,1
"z[149,7]",0.0951111111111111,0.293400949995396,0,0,0,0,1,1.00167969695486,2886,1,1
"z[150,7]",0.0706666666666667,0.256295700525826,0,0,0,0,1,1.00028437615936,4500,1,1
"z[151,7]",0.908444444444444,0.288429580365407,0,1,1,1,1,1.00002376908721,4500,1,1
"z[152,7]",0.535111111111111,0.498821113994054,0,0,1,1,1,1.00007647932533,4500,1,1
"z[153,7]",1,0,1,1,1,1,1,NA,1,0,1
"z[154,7]",0.54,0.498452818498796,0,0,1,1,1,0.999667811198045,4500,1,1
"z[155,7]",0.983777777777778,0.126343218950737,1,1,1,1,1,1.00266079565661,4500,0,1
"z[156,7]",0.462888888888889,0.498676274967964,0,0,0,1,1,0.999735313509171,4500,1,1
"z[157,7]",1,0,1,1,1,1,1,NA,1,0,1
"z[158,7]",0.624666666666667,0.484262672142031,0,0,1,1,1,0.999824339419686,4500,1,1
"z[159,7]",0.545111111111111,0.498016167641992,0,0,1,1,1,1.00042225301004,2673,1,1
"z[160,7]",0.789777777777778,0.407511647691963,0,1,1,1,1,1.00035853407845,4356,1,1
"z[161,7]",0.587777777777778,0.492289464688504,0,0,1,1,1,1.00049157782063,2508,1,1
"z[162,7]",1,0,1,1,1,1,1,NA,1,0,1
"z[163,7]",1,0,1,1,1,1,1,NA,1,0,1
"z[164,7]",1,0,1,1,1,1,1,NA,1,0,1
"z[165,7]",0.0386666666666667,0.192820688042738,0,0,0,0,1,1.00228463140597,4500,1,1
"z[166,7]",1,0,1,1,1,1,1,NA,1,0,1
"z[167,7]",1,0,1,1,1,1,1,NA,1,0,1
"z[168,7]",0.932888888888889,0.25024213410665,0,1,1,1,1,1.00016351852635,4500,1,1
"z[169,7]",0.94,0.237513233566337,0,1,1,1,1,0.999759718550121,4500,1,1
"z[170,7]",1,0,1,1,1,1,1,NA,1,0,1
"z[171,7]",1,0,1,1,1,1,1,NA,1,0,1
"z[172,7]",0.888666666666667,0.314579423009121,0,1,1,1,1,0.999825381167308,4500,1,1
"z[173,7]",0.948888888888889,0.220248825947067,0,1,1,1,1,1.00074500233448,4500,1,1
"z[174,7]",1,0,1,1,1,1,1,NA,1,0,1
"z[175,7]",1,0,1,1,1,1,1,NA,1,0,1
"z[176,7]",1,0,1,1,1,1,1,NA,1,0,1
"z[177,7]",1,0,1,1,1,1,1,NA,1,0,1
"z[178,7]",0.288444444444444,0.453089248254689,0,0,0,1,1,0.99984471594275,4500,1,1
"z[179,7]",0.414888888888889,0.492757604259719,0,0,0,1,1,0.999893199365119,4500,1,1
"z[180,7]",0.0813333333333333,0.273376718032487,0,0,0,0,1,0.999706386546236,4500,1,1
"z[181,7]",0.0922222222222222,0.289371546504837,0,0,0,0,1,1.00110749006567,4146,1,1
"z[182,7]",0.414444444444444,0.492680614439225,0,0,0,1,1,0.999734954541759,4500,1,1
"z[183,7]",0.127555555555556,0.333631340448453,0,0,0,0,1,1.00185296324762,2052,1,1
"z[184,7]",0.0402222222222222,0.196501846614733,0,0,0,0,1,1.00087533788798,4500,1,1
"z[185,7]",0.0355555555555556,0.185199838067563,0,0,0,0,1,1.00006532920958,4500,1,1
"z[1,8]",1,0,1,1,1,1,1,NA,1,0,1
"z[2,8]",1,0,1,1,1,1,1,NA,1,0,1
"z[3,8]",0.669111111111111,0.470585426201071,0,0,1,1,1,0.999796986128273,4500,1,1
"z[4,8]",1,0,1,1,1,1,1,NA,1,0,1
"z[5,8]",0.904666666666667,0.293707437222326,0,1,1,1,1,0.999825880871422,4500,1,1
"z[6,8]",0.465555555555556,0.498867602118495,0,0,0,1,1,0.999702892855594,4500,1,1
"z[7,8]",1,0,1,1,1,1,1,NA,1,0,1
"z[8,8]",0.140666666666667,0.347716010056626,0,0,0,0,1,1.00003671637349,4500,1,1
"z[9,8]",1,0,1,1,1,1,1,NA,1,0,1
"z[10,8]",1,0,1,1,1,1,1,NA,1,0,1
"z[11,8]",0.372444444444444,0.483509598351886,0,0,0,1,1,1.00021574546618,3903,1,1
"z[12,8]",1,0,1,1,1,1,1,NA,1,0,1
"z[13,8]",0.120444444444444,0.325516707964524,0,0,0,0,1,1.00118313070793,3119,1,1
"z[14,8]",0.14,0.347025591999432,0,0,0,0,1,1.00154718592715,2215,1,1
"z[15,8]",0.0824444444444444,0.275071213116166,0,0,0,0,1,1.00011025474765,4500,1,1
"z[16,8]",0.851777777777778,0.355359616987625,0,1,1,1,1,1.00052226839765,4500,1,1
"z[17,8]",0.798222222222222,0.401371780296798,0,1,1,1,1,1.00035690649954,4500,1,1
"z[18,8]",1,0,1,1,1,1,1,NA,1,0,1
"z[19,8]",1,0,1,1,1,1,1,NA,1,0,1
"z[20,8]",0.732,0.442966820830323,0,0,1,1,1,1.00025753968711,4314,1,1
"z[21,8]",0.670666666666667,0.470023385229729,0,0,1,1,1,0.999890058831608,4500,1,1
"z[22,8]",0.706888888888889,0.455239543167748,0,0,1,1,1,0.999832984328012,4500,1,1
"z[23,8]",0.816,0.387527254202204,0,1,1,1,1,1.00376724757743,811,1,1
"z[24,8]",1,0,1,1,1,1,1,NA,1,0,1
"z[25,8]",0.728666666666667,0.444697089289433,0,0,1,1,1,1.00042486339392,3346,1,1
"z[26,8]",0.832444444444444,0.373512642298332,0,1,1,1,1,0.999819966202338,4500,1,1
"z[27,8]",0.763555555555556,0.424945405567671,0,1,1,1,1,1.00008478119654,4500,1,1
"z[28,8]",0.345111111111111,0.475457324667998,0,0,0,1,1,0.999748281887302,4500,1,1
"z[29,8]",0.598,0.490356434858746,0,0,1,1,1,1.00009774361973,4500,1,1
"z[30,8]",0.914,0.28039520580441,0,1,1,1,1,1.00042019069202,4500,1,1
"z[31,8]",0.856888888888889,0.350225039406466,0,1,1,1,1,0.999668252281006,4500,1,1
"z[32,8]",0.898222222222222,0.302389453504865,0,1,1,1,1,0.999749331379839,4500,1,1
"z[33,8]",1,0,1,1,1,1,1,NA,1,0,1
"z[34,8]",1,0,1,1,1,1,1,NA,1,0,1
"z[35,8]",1,0,1,1,1,1,1,NA,1,0,1
"z[36,8]",1,0,1,1,1,1,1,NA,1,0,1
"z[37,8]",0.123555555555556,0.329110391733384,0,0,0,0,1,1.00052825197214,4500,1,1
"z[38,8]",0.236444444444444,0.424945405567671,0,0,0,0,1,0.999996731403425,4500,1,1
"z[39,8]",0.909555555555556,0.286849319191581,0,1,1,1,1,1.00212918942617,2465,1,1
"z[40,8]",0.456,0.498115586572163,0,0,0,1,1,1.00076030874165,1847,1,1
"z[41,8]",0.0711111111111111,0.257038913373673,0,0,0,0,1,1.00055549751573,4500,1,1
"z[42,8]",0.252,0.434209508544566,0,0,0,1,1,1.00017230499085,4500,1,1
"z[43,8]",0.798666666666667,0.401041099019679,0,1,1,1,1,0.999984432722387,4500,1,1
"z[44,8]",0.825777777777778,0.379342612245988,0,1,1,1,1,0.999703597358432,4500,1,1
"z[45,8]",0.745777777777778,0.435471497524474,0,0,1,1,1,1.00007347449476,4500,1,1
"z[46,8]",0.868222222222222,0.338286602882318,0,1,1,1,1,1.00174324816177,2109,1,1
"z[47,8]",0.372444444444444,0.483509598351886,0,0,0,1,1,0.999943581538491,4500,1,1
"z[48,8]",0.002,0.0446815807032984,0,0,0,0,0,0.999666611092585,4500,1,1
"z[49,8]",0.169777777777778,0.375479179003057,0,0,0,0,1,1.00139907638054,2050,1,1
"z[50,8]",0.036,0.186310798705171,0,0,0,0,1,0.999851098816058,4500,1,1
"z[51,8]",0.193555555555556,0.395128456639485,0,0,0,0,1,0.999758816882012,4500,1,1
"z[52,8]",0.00977777777777778,0.0984089676386699,0,0,0,0,0,1.00463304545948,4500,1,1
"z[53,8]",0.0253333333333333,0.15715293120877,0,0,0,0,1,1.00003096676621,4500,1,1
"z[54,8]",0.0395555555555556,0.194934239891299,0,0,0,0,1,0.999888795228898,4500,1,1
"z[55,8]",0.252222222222222,0.43433638419814,0,0,0,1,1,0.999879951818351,4500,1,1
"z[56,8]",0.0253333333333333,0.15715293120877,0,0,0,0,1,1.00220736638242,4500,1,1
"z[57,8]",1,0,1,1,1,1,1,NA,1,0,1
"z[58,8]",0.803333333333333,0.39752233312673,0,1,1,1,1,0.99993700820807,4500,1,1
"z[59,8]",0.326222222222222,0.468881796977854,0,0,0,1,1,1.00034369617264,3363,1,1
"z[60,8]",1,0,1,1,1,1,1,NA,1,0,1
"z[61,8]",0.018,0.132965893646013,0,0,0,0,0,1.00461350632766,4500,1,1
"z[62,8]",0.00866666666666667,0.0927009450571682,0,0,0,0,0,1.00365645516092,4500,1,1
"z[63,8]",0.00488888888888889,0.069757214702053,0,0,0,0,0,1.02476925160095,3942,1,1
"z[64,8]",0.00644444444444444,0.0800271001985887,0,0,0,0,0,1.02124566603532,3505,1,1
"z[65,8]",0.0166666666666667,0.128033322512951,0,0,0,0,0,1.01374562632024,2128,1,1
"z[66,8]",0.00155555555555556,0.0394142235807543,0,0,0,0,0,1.06447893654775,4494,1,1
"z[67,8]",0.008,0.08909412970305,0,0,0,0,0,1.02353153623471,2552,1,1
"z[68,8]",0.202444444444444,0.401866370186409,0,0,0,0,1,1.00036526548086,4425,1,1
"z[69,8]",1,0,1,1,1,1,1,NA,1,0,1
"z[70,8]",0.164222222222222,0.370518274124004,0,0,0,0,1,0.999801688109405,4500,1,1
"z[71,8]",1,0,1,1,1,1,1,NA,1,0,1
"z[72,8]",1,0,1,1,1,1,1,NA,1,0,1
"z[73,8]",0.138444444444444,0.345404244715402,0,0,0,0,1,0.99989707201298,4500,1,1
"z[74,8]",0.384222222222222,0.48646489558684,0,0,0,1,1,0.999706742616665,4500,1,1
"z[75,8]",1,0,1,1,1,1,1,NA,1,0,1
"z[76,8]",0.362444444444444,0.480759639862312,0,0,0,1,1,1.00049591668575,2617,1,1
"z[77,8]",0.105555555555556,0.307302075661651,0,0,0,0,1,1.00119543544184,3458,1,1
"z[78,8]",1,0,1,1,1,1,1,NA,1,0,1
"z[79,8]",0.0664444444444444,0.249085061097509,0,0,0,0,1,0.999692277440164,4500,1,1
"z[80,8]",0.0326666666666667,0.177782392941008,0,0,0,0,1,0.999889117891036,4500,1,1
"z[81,8]",0.134888888888889,0.341642816812701,0,0,0,0,1,1.00176003155994,2040,1,1
"z[82,8]",0.973111111111111,0.161776674693452,0,1,1,1,1,1.00410569079329,4274,1,1
"z[83,8]",0.17,0.375674543355024,0,0,0,0,1,1.00115595180431,2388,1,1
"z[84,8]",1,0,1,1,1,1,1,NA,1,0,1
"z[85,8]",1,0,1,1,1,1,1,NA,1,0,1
"z[86,8]",0.00777777777777778,0.0878578356425394,0,0,0,0,0,1.0122733361313,4500,1,1
"z[87,8]",0.338,0.473081107853284,0,0,0,1,1,0.999721312914349,4500,1,1
"z[88,8]",1,0,1,1,1,1,1,NA,1,0,1
"z[89,8]",0.191111111111111,0.393220058960265,0,0,0,0,1,0.999819529012968,4500,1,1
"z[90,8]",0.0337777777777778,0.180676765936377,0,0,0,0,1,1.00003700982166,4500,1,1
"z[91,8]",0.0313333333333333,0.174236339048014,0,0,0,0,1,1.00135213748283,4500,1,1
"z[92,8]",0.106666666666667,0.308723288567936,0,0,0,0,1,1.0001315960814,4500,1,1
"z[93,8]",1,0,1,1,1,1,1,NA,1,0,1
"z[94,8]",0.0548888888888889,0.227788562815897,0,0,0,0,1,1.002146516617,3877,1,1
"z[95,8]",0.808888888888889,0.393220058960265,0,1,1,1,1,1.00007667980696,4500,1,1
"z[96,8]",1,0,1,1,1,1,1,NA,1,0,1
"z[97,8]",1,0,1,1,1,1,1,NA,1,0,1
"z[98,8]",1,0,1,1,1,1,1,NA,1,0,1
"z[99,8]",1,0,1,1,1,1,1,NA,1,0,1
"z[100,8]",0.214,0.410172386899561,0,0,0,0,1,1.00046459094967,3736,1,1
"z[101,8]",1,0,1,1,1,1,1,NA,1,0,1
"z[102,8]",0.119777777777778,0.324737580302701,0,0,0,0,1,1.00076514110196,4305,1,1
"z[103,8]",0.237777777777778,0.42576964496162,0,0,0,0,1,1.00000975357743,4500,1,1
"z[104,8]",1,0,1,1,1,1,1,NA,1,0,1
"z[105,8]",0.362222222222222,0.480695987642528,0,0,0,1,1,0.999956125103833,4500,1,1
"z[106,8]",0.000222222222222222,0.0149071198499986,0,0,0,0,0,1.29093398298233,4500,1,1
"z[107,8]",1,0,1,1,1,1,1,NA,1,0,1
"z[108,8]",1,0,1,1,1,1,1,NA,1,0,1
"z[109,8]",0.00111111111111111,0.033318511930496,0,0,0,0,0,1.01912206739455,4500,1,1
"z[110,8]",1,0,1,1,1,1,1,NA,1,0,1
"z[111,8]",0.111333333333333,0.314579423009121,0,0,0,0,1,0.999757446991176,4500,1,1
"z[112,8]",0.0377777777777778,0.190679566273877,0,0,0,0,1,0.999685288113145,4500,1,1
"z[113,8]",0.0706666666666667,0.256295700525826,0,0,0,0,1,0.999821113257854,4500,1,1
"z[114,8]",1,0,1,1,1,1,1,NA,1,0,1
"z[115,8]",1,0,1,1,1,1,1,NA,1,0,1
"z[116,8]",1,0,1,1,1,1,1,NA,1,0,1
"z[117,8]",0.864888888888889,0.341880202058169,0,1,1,1,1,1.00126842489028,2663,1,1
"z[118,8]",0.832222222222222,0.373710356413528,0,1,1,1,1,1.00089518444765,2907,1,1
"z[119,8]",1,0,1,1,1,1,1,NA,1,0,1
"z[120,8]",0.819777777777778,0.384415155438755,0,1,1,1,1,1.00100154864834,2530,1,1
"z[121,8]",1,0,1,1,1,1,1,NA,1,0,1
"z[122,8]",0.0166666666666667,0.128033322512951,0,0,0,0,0,1.0004931080788,4500,1,1
"z[123,8]",0.0355555555555556,0.185199838067563,0,0,0,0,1,1.01242577720686,1123,1,1
"z[124,8]",1,0,1,1,1,1,1,NA,1,0,1
"z[125,8]",1,0,1,1,1,1,1,NA,1,0,1
"z[126,8]",1,0,1,1,1,1,1,NA,1,0,1
"z[127,8]",0.0375555555555556,0.190139869149559,0,0,0,0,1,1.00059099340679,4500,1,1
"z[128,8]",0.0675555555555555,0.251009569058353,0,0,0,0,1,1.00360588957751,2003,1,1
"z[129,8]",0.128444444444444,0.334621206229362,0,0,0,0,1,0.999999392533223,4500,1,1
"z[130,8]",0.0342222222222222,0.181819713016199,0,0,0,0,1,1.00137966052412,4500,1,1
"z[131,8]",0.218444444444444,0.413236514340125,0,0,0,0,1,0.999814910790359,4500,1,1
"z[132,8]",0.262444444444444,0.440011798198807,0,0,0,1,1,1.00046906343954,3224,1,1
"z[133,8]",0.951777777777778,0.214259284678296,0,1,1,1,1,0.999818858704306,4500,1,1
"z[134,8]",1,0,1,1,1,1,1,NA,1,0,1
"z[135,8]",1,0,1,1,1,1,1,NA,1,0,1
"z[136,8]",0.167777777777778,0.373710356413528,0,0,0,0,1,0.999781807514079,4500,1,1
"z[137,8]",1,0,1,1,1,1,1,NA,1,0,1
"z[138,8]",0.838,0.368491756631665,0,1,1,1,1,1.00125654336332,2309,1,1
"z[139,8]",0.913333333333333,0.281377237154674,0,1,1,1,1,1.0016987229133,3107,1,1
"z[140,8]",0.726666666666667,0.445720058225465,0,0,1,1,1,1.00009453797855,4500,1,1
"z[141,8]",0.898222222222222,0.302389453504865,0,1,1,1,1,0.999881979627424,4500,1,1
"z[142,8]",0.00822222222222222,0.0903129549063228,0,0,0,0,0,1.02677617869642,2174,1,1
"z[143,8]",0.00511111111111111,0.071317023933587,0,0,0,0,0,1.00061974168897,4500,1,1
"z[144,8]",0.00822222222222222,0.0903129549063228,0,0,0,0,0,1.00990346837757,4500,1,1
"z[145,8]",1,0,1,1,1,1,1,NA,1,0,1
"z[146,8]",1,0,1,1,1,1,1,NA,1,0,1
"z[147,8]",1,0,1,1,1,1,1,NA,1,0,1
"z[148,8]",1,0,1,1,1,1,1,NA,1,0,1
"z[149,8]",1,0,1,1,1,1,1,NA,1,0,1
"z[150,8]",0.416,0.492948272697508,0,0,0,1,1,0.999675394376871,4500,1,1
"z[151,8]",0.835111111111111,0.371121476247506,0,1,1,1,1,1.00024918513451,4500,1,1
"z[152,8]",0.450444444444444,0.497593477623403,0,0,0,1,1,0.999891858646011,4500,1,1
"z[153,8]",1,0,1,1,1,1,1,NA,1,0,1
"z[154,8]",0.777777777777778,0.41578591064293,0,1,1,1,1,1.00017388584149,4500,1,1
"z[155,8]",1,0,1,1,1,1,1,NA,1,0,1
"z[156,8]",1,0,1,1,1,1,1,NA,1,0,1
"z[157,8]",1,0,1,1,1,1,1,NA,1,0,1
"z[158,8]",1,0,1,1,1,1,1,NA,1,0,1
"z[159,8]",1,0,1,1,1,1,1,NA,1,0,1
"z[160,8]",0.904888888888889,0.293400949995396,0,1,1,1,1,1.00106492789431,4141,1,1
"z[161,8]",0.576666666666667,0.49414216948469,0,0,1,1,1,1.00012339575599,4491,1,1
"z[162,8]",0.853777777777778,0.353368126214765,0,1,1,1,1,0.999710942407718,4500,1,1
"z[163,8]",0.138444444444444,0.345404244715402,0,0,0,0,1,1.00029384971891,4500,1,1
"z[164,8]",0.541111111111111,0.498362387004393,0,0,1,1,1,0.999835253527081,4500,1,1
"z[165,8]",1,0,1,1,1,1,1,NA,1,0,1
"z[166,8]",0.501333333333333,0.500053786838027,0,0,1,1,1,1.00032635159102,3036,1,1
"z[167,8]",1,0,1,1,1,1,1,NA,1,0,1
"z[168,8]",0.863111111111111,0.343768210354624,0,1,1,1,1,1.00169248059904,2087,1,1
"z[169,8]",0.877111111111111,0.328346109941716,0,1,1,1,1,1.00129902957824,2839,1,1
"z[170,8]",1,0,1,1,1,1,1,NA,1,0,1
"z[171,8]",0.866888888888889,0.339732529641953,0,1,1,1,1,1.00024575316898,4500,1,1
"z[172,8]",1,0,1,1,1,1,1,NA,1,0,1
"z[173,8]",1,0,1,1,1,1,1,NA,1,0,1
"z[174,8]",0.979555555555556,0.141530634321543,1,1,1,1,1,1.01174084387523,2039,0,1
"z[175,8]",1,0,1,1,1,1,1,NA,1,0,1
"z[176,8]",1,0,1,1,1,1,1,NA,1,0,1
"z[177,8]",1,0,1,1,1,1,1,NA,1,0,1
"z[178,8]",0.284666666666667,0.451305680299351,0,0,0,1,1,1.00080283730593,2159,1,1
"z[179,8]",0.392444444444444,0.488349054561546,0,0,0,1,1,0.999857187783066,4500,1,1
"z[180,8]",0.0148888888888889,0.121121715563244,0,0,0,0,0,1.01131049537101,2885,1,1
"z[181,8]",0.00844444444444444,0.0915150092219534,0,0,0,0,0,1.00629110908797,4500,1,1
"z[182,8]",0.0284444444444444,0.166257332410862,0,0,0,0,1,1.00661745706787,2580,1,1
"z[183,8]",0.0131111111111111,0.113763288874888,0,0,0,0,0,1.00069692601374,4500,1,1
"z[184,8]",1,0,1,1,1,1,1,NA,1,0,1
"z[185,8]",1,0,1,1,1,1,1,NA,1,0,1
"z[1,9]",1,0,1,1,1,1,1,NA,1,0,1
"z[2,9]",1,0,1,1,1,1,1,NA,1,0,1
"z[3,9]",1,0,1,1,1,1,1,NA,1,0,1
"z[4,9]",0.125555555555556,0.331384612689324,0,0,0,0,1,1.00138857628798,2635,1,1
"z[5,9]",1,0,1,1,1,1,1,NA,1,0,1
"z[6,9]",0,0,0,0,0,0,0,NA,1,1,1
"z[7,9]",1,0,1,1,1,1,1,NA,1,0,1
"z[8,9]",1,0,1,1,1,1,1,NA,1,0,1
"z[9,9]",1,0,1,1,1,1,1,NA,1,0,1
"z[10,9]",1,0,1,1,1,1,1,NA,1,0,1
"z[11,9]",1,0,1,1,1,1,1,NA,1,0,1
"z[12,9]",1,0,1,1,1,1,1,NA,1,0,1
"z[13,9]",1,0,1,1,1,1,1,NA,1,0,1
"z[14,9]",0.0264444444444444,0.160470739436839,0,0,0,0,1,1.00237266292197,4500,1,1
"z[15,9]",0.163777777777778,0.370114925946038,0,0,0,0,1,0.999940636869004,4500,1,1
"z[16,9]",0.891333333333333,0.31125512213583,0,1,1,1,1,1.00179655580102,2414,1,1
"z[17,9]",0.871777777777778,0.334374236084705,0,1,1,1,1,1.00019672252092,4500,1,1
"z[18,9]",0.861555555555556,0.345404244715402,0,1,1,1,1,1.00236841189223,1548,1,1
"z[19,9]",0.937555555555556,0.241987910285634,0,1,1,1,1,1.00217956221524,3398,1,1
"z[20,9]",0.832666666666667,0.373314691159151,0,1,1,1,1,1.00031755944196,4500,1,1
"z[21,9]",0.782222222222222,0.41278139661439,0,1,1,1,1,1.00172670807266,1422,1,1
"z[22,9]",0.794666666666667,0.403989881012978,0,1,1,1,1,0.999852833727532,4500,1,1
"z[23,9]",0.848444444444444,0.35862940517766,0,1,1,1,1,0.999766562759756,4500,1,1
"z[24,9]",0.867333333333333,0.339251821185049,0,1,1,1,1,0.999772789000844,4500,1,1
"z[25,9]",0.804666666666667,0.396501145622131,0,1,1,1,1,1.00035198187515,4500,1,1
"z[26,9]",0.888666666666667,0.314579423009121,0,1,1,1,1,0.999719539457377,4500,1,1
"z[27,9]",0.85,0.357111102643182,0,1,1,1,1,1.00084389001381,3324,1,1
"z[28,9]",1,0,1,1,1,1,1,NA,1,0,1
"z[29,9]",1,0,1,1,1,1,1,NA,1,0,1
"z[30,9]",0.922888888888889,0.266797311851382,0,1,1,1,1,1.00072314965023,4500,1,1
"z[31,9]",0.891777777777778,0.310695388301107,0,1,1,1,1,0.999907481754288,4500,1,1
"z[32,9]",0.912,0.283326381812225,0,1,1,1,1,1.00112867319787,4267,1,1
"z[33,9]",1,0,1,1,1,1,1,NA,1,0,1
"z[34,9]",1,0,1,1,1,1,1,NA,1,0,1
"z[35,9]",1,0,1,1,1,1,1,NA,1,0,1
"z[36,9]",1,0,1,1,1,1,1,NA,1,0,1
"z[37,9]",1,0,1,1,1,1,1,NA,1,0,1
"z[38,9]",1,0,1,1,1,1,1,NA,1,0,1
"z[39,9]",1,0,1,1,1,1,1,NA,1,0,1
"z[40,9]",1,0,1,1,1,1,1,NA,1,0,1
"z[41,9]",0.303111111111111,0.459653909941761,0,0,0,1,1,1.00014162277952,4500,1,1
"z[42,9]",0.287555555555556,0.452673054448139,0,0,0,1,1,1.0003369219418,3637,1,1
"z[43,9]",0.846222222222222,0.360775688043558,0,1,1,1,1,1.00016752081103,4500,1,1
"z[44,9]",0.853777777777778,0.353368126214765,0,1,1,1,1,1.00002965068416,4500,1,1
"z[45,9]",0.856444444444444,0.350677466816207,0,1,1,1,1,0.999834955166368,4500,1,1
"z[46,9]",0.898222222222222,0.302389453504865,0,1,1,1,1,1.0033273661623,1498,1,1
"z[47,9]",0.512888888888889,0.499889395289257,0,0,1,1,1,1.00001016926777,4500,1,1
"z[48,9]",1,0,1,1,1,1,1,NA,1,0,1
"z[49,9]",0.216444444444444,0.411866414442152,0,0,0,0,1,1.0000429018541,4500,1,1
"z[50,9]",0.0153333333333333,0.122888478420367,0,0,0,0,0,1.00096365867745,4500,1,1
"z[51,9]",0.0384444444444444,0.192288028053314,0,0,0,0,1,1.0021668591072,4500,1,1
"z[52,9]",0.006,0.0772355205065475,0,0,0,0,0,1.01393057475345,4500,1,1
"z[53,9]",0.0104444444444444,0.10167426066326,0,0,0,0,0,1.00947382646113,4500,1,1
"z[54,9]",1,0,1,1,1,1,1,NA,1,0,1
"z[55,9]",0.329777777777778,0.470184562178699,0,0,0,1,1,1.00014717071599,4500,1,1
"z[56,9]",1,0,1,1,1,1,1,NA,1,0,1
"z[57,9]",0.94,0.237513233566337,0,1,1,1,1,1.00057274761948,4500,1,1
"z[58,9]",1,0,1,1,1,1,1,NA,1,0,1
"z[59,9]",1,0,1,1,1,1,1,NA,1,0,1
"z[60,9]",1,0,1,1,1,1,1,NA,1,0,1
"z[61,9]",0.00577777777777778,0.0758002102747823,0,0,0,0,0,1.00041370665397,4500,1,1
"z[62,9]",0.004,0.0631259497363628,0,0,0,0,0,1.03085558648885,3843,1,1
"z[63,9]",0.00622222222222222,0.0786440117920529,0,0,0,0,0,1.02276129649656,3385,1,1
"z[64,9]",0.00244444444444444,0.0493863456663645,0,0,0,0,0,1.02752607886309,4500,1,1
"z[65,9]",1,0,1,1,1,1,1,NA,1,0,1
"z[66,9]",0.000222222222222222,0.0149071198499986,0,0,0,0,0,1.29093398298233,4500,1,1
"z[67,9]",0.00288888888888889,0.0536766566849176,0,0,0,0,0,1.00262879405446,4500,1,1
"z[68,9]",0.00488888888888889,0.069757214702053,0,0,0,0,0,1.0189302213851,4500,1,1
"z[69,9]",1,0,1,1,1,1,1,NA,1,0,1
"z[70,9]",1,0,1,1,1,1,1,NA,1,0,1
"z[71,9]",1,0,1,1,1,1,1,NA,1,0,1
"z[72,9]",1,0,1,1,1,1,1,NA,1,0,1
"z[73,9]",0.086,0.28039520580441,0,0,0,0,1,0.999678595829661,4500,1,1
"z[74,9]",1,0,1,1,1,1,1,NA,1,0,1
"z[75,9]",1,0,1,1,1,1,1,NA,1,0,1
"z[76,9]",0.329777777777778,0.470184562178699,0,0,0,1,1,0.999764157879021,4500,1,1
"z[77,9]",0.119111111111111,0.323955206581375,0,0,0,0,1,1.00009941555058,4500,1,1
"z[78,9]",1,0,1,1,1,1,1,NA,1,0,1
"z[79,9]",0.0744444444444444,0.26252196898347,0,0,0,0,1,1.00092073848221,4500,1,1
"z[80,9]",0.0186666666666667,0.1353598679191,0,0,0,0,0,1.01034182761302,2524,1,1
"z[81,9]",0.203111111111111,0.402359247276006,0,0,0,0,1,1.00032767248798,4500,1,1
"z[82,9]",1,0,1,1,1,1,1,NA,1,0,1
"z[83,9]",0.188222222222222,0.390932959969401,0,0,0,0,1,1.00109123783583,2291,1,1
"z[84,9]",0.962666666666667,0.189598375253176,0,1,1,1,1,1.00041166215239,4500,1,1
"z[85,9]",0.954,0.209508363001558,0,1,1,1,1,1.00001254023234,4500,1,1
"z[86,9]",0.0346666666666667,0.182954440186126,0,0,0,0,1,1.00105203560631,4500,1,1
"z[87,9]",1,0,1,1,1,1,1,NA,1,0,1
"z[88,9]",0.154444444444444,0.361414422480432,0,0,0,0,1,0.999685431742212,4500,1,1
"z[89,9]",0.048,0.213789983216616,0,0,0,0,1,1.00118809636491,4500,1,1
"z[90,9]",0.0262222222222222,0.159813306406557,0,0,0,0,1,1.00015825183923,4500,1,1
"z[91,9]",0.00266666666666667,0.0515766100016907,0,0,0,0,0,1.06589737559147,2566,1,1
"z[92,9]",0.00666666666666667,0.0813860808385347,0,0,0,0,0,1.01453781111743,4500,1,1
"z[93,9]",0.0186666666666667,0.1353598679191,0,0,0,0,0,1.01544599339367,1695,1,1
"z[94,9]",0.00911111111111111,0.0950268670194558,0,0,0,0,0,1.00358304809201,4500,1,1
"z[95,9]",0.792666666666667,0.405441428226822,0,1,1,1,1,1.00016368879687,4500,1,1
"z[96,9]",1,0,1,1,1,1,1,NA,1,0,1
"z[97,9]",1,0,1,1,1,1,1,NA,1,0,1
"z[98,9]",1,0,1,1,1,1,1,NA,1,0,1
"z[99,9]",1,0,1,1,1,1,1,NA,1,0,1
"z[100,9]",1,0,1,1,1,1,1,NA,1,0,1
"z[101,9]",1,0,1,1,1,1,1,NA,1,0,1
"z[102,9]",0.166,0.372121985606325,0,0,0,0,1,1.00120528506499,2343,1,1
"z[103,9]",0.300666666666667,0.458598908017897,0,0,0,1,1,1.00012403400491,4500,1,1
"z[104,9]",0.130888888888889,0.337316279778769,0,0,0,0,1,0.999948798556012,4500,1,1
"z[105,9]",1,0,1,1,1,1,1,NA,1,0,1
"z[106,9]",0.000222222222222222,0.0149071198499986,0,0,0,0,0,1.29093398298233,4500,1,1
"z[107,9]",1,0,1,1,1,1,1,NA,1,0,1
"z[108,9]",0.082,0.274395210814911,0,0,0,0,1,0.999784212709644,4500,1,1
"z[109,9]",1,0,1,1,1,1,1,NA,1,0,1
"z[110,9]",1,0,1,1,1,1,1,NA,1,0,1
"z[111,9]",1,0,1,1,1,1,1,NA,1,0,1
"z[112,9]",0.280444444444444,0.449266303438176,0,0,0,1,1,0.9997254379849,4500,1,1
"z[113,9]",1,0,1,1,1,1,1,NA,1,0,1
"z[114,9]",1,0,1,1,1,1,1,NA,1,0,1
"z[115,9]",1,0,1,1,1,1,1,NA,1,0,1
"z[116,9]",0.846888888888889,0.360134586374701,0,1,1,1,1,1.00022364602364,4500,1,1
"z[117,9]",0.849555555555556,0.357546251999011,0,1,1,1,1,0.999921929814716,4500,1,1
"z[118,9]",0.867333333333333,0.339251821185049,0,1,1,1,1,1.00084697819906,3682,1,1
"z[119,9]",1,0,1,1,1,1,1,NA,1,0,1
"z[120,9]",0.868444444444444,0.338044502394683,0,1,1,1,1,1.00041735215059,4500,1,1
"z[121,9]",1,0,1,1,1,1,1,NA,1,0,1
"z[122,9]",0.117555555555556,0.322116911286587,0,0,0,0,1,1.00080638097426,4236,1,1
"z[123,9]",0.359777777777778,0.479988464376133,0,0,0,1,1,1.00044594479235,2786,1,1
"z[124,9]",0.376888888888889,0.484660554821125,0,0,0,1,1,0.999685852265879,4500,1,1
"z[125,9]",1,0,1,1,1,1,1,NA,1,0,1
"z[126,9]",0.968,0.176019558815419,0,1,1,1,1,1.00059241801701,4500,1,1
"z[127,9]",0.0331111111111111,0.178946588136641,0,0,0,0,1,1.0043561410938,3309,1,1
"z[128,9]",0.0571111111111111,0.232080592249878,0,0,0,0,1,1.0007957965384,4500,1,1
"z[129,9]",1,0,1,1,1,1,1,NA,1,0,1
"z[130,9]",0.0233333333333333,0.15097666777369,0,0,0,0,0,1.0090916516187,2297,1,1
"z[131,9]",1,0,1,1,1,1,1,NA,1,0,1
"z[132,9]",0.124,0.329618179158867,0,0,0,0,1,1.00164335630209,2321,1,1
"z[133,9]",1,0,1,1,1,1,1,NA,1,0,1
"z[134,9]",1,0,1,1,1,1,1,NA,1,0,1
"z[135,9]",0.398666666666667,0.489678303660469,0,0,0,1,1,1.00043795445562,2712,1,1
"z[136,9]",0.211333333333333,0.408299647209664,0,0,0,0,1,1.00072245818763,2835,1,1
"z[137,9]",1,0,1,1,1,1,1,NA,1,0,1
"z[138,9]",0.865333333333333,0.341405121831401,0,1,1,1,1,1.00016302766228,4500,1,1
"z[139,9]",1,0,1,1,1,1,1,NA,1,0,1
"z[140,9]",1,0,1,1,1,1,1,NA,1,0,1
"z[141,9]",1,0,1,1,1,1,1,NA,1,0,1
"z[142,9]",1,0,1,1,1,1,1,NA,1,0,1
"z[143,9]",0.00111111111111111,0.033318511930496,0,0,0,0,0,1.01912206739455,4500,1,1
"z[144,9]",1,0,1,1,1,1,1,NA,1,0,1
"z[145,9]",0.912666666666667,0.282354278616482,0,1,1,1,1,1.00335130741836,1704,1,1
"z[146,9]",0.896666666666667,0.304427578014234,0,1,1,1,1,1.00164446268455,2732,1,1
"z[147,9]",1,0,1,1,1,1,1,NA,1,0,1
"z[148,9]",1,0,1,1,1,1,1,NA,1,0,1
"z[149,9]",0.937777777777778,0.241585568629304,0,1,1,1,1,1.0013262699098,4500,1,1
"z[150,9]",0.618666666666667,0.485768113554913,0,0,1,1,1,0.999923306506032,4500,1,1
"z[151,9]",0.876666666666667,0.328855978694735,0,1,1,1,1,1.00195169398944,2023,1,1
"z[152,9]",1,0,1,1,1,1,1,NA,1,0,1
"z[153,9]",1,0,1,1,1,1,1,NA,1,0,1
"z[154,9]",1,0,1,1,1,1,1,NA,1,0,1
"z[155,9]",1,0,1,1,1,1,1,NA,1,0,1
"z[156,9]",1,0,1,1,1,1,1,NA,1,0,1
"z[157,9]",1,0,1,1,1,1,1,NA,1,0,1
"z[158,9]",1,0,1,1,1,1,1,NA,1,0,1
"z[159,9]",1,0,1,1,1,1,1,NA,1,0,1
"z[160,9]",1,0,1,1,1,1,1,NA,1,0,1
"z[161,9]",0.696888888888889,0.459653909941761,0,0,1,1,1,0.999828332646895,4500,1,1
"z[162,9]",1,0,1,1,1,1,1,NA,1,0,1
"z[163,9]",0.0595555555555556,0.236687854568751,0,0,0,0,1,1.0036750203522,2221,1,1
"z[164,9]",1,0,1,1,1,1,1,NA,1,0,1
"z[165,9]",1,0,1,1,1,1,1,NA,1,0,1
"z[166,9]",0.741777777777778,0.437705472729636,0,0,1,1,1,1.00007280516291,4500,1,1
"z[167,9]",0.831555555555556,0.374302080368986,0,1,1,1,1,1.00023091597585,4500,1,1
"z[168,9]",0.904666666666667,0.293707437222326,0,1,1,1,1,1.00069032011561,4500,1,1
"z[169,9]",0.903777777777778,0.294928526412557,0,1,1,1,1,1.00021811655207,4500,1,1
"z[170,9]",0.894888888888889,0.306730619461065,0,1,1,1,1,1.00552669137346,905,1,1
"z[171,9]",1,0,1,1,1,1,1,NA,1,0,1
"z[172,9]",1,0,1,1,1,1,1,NA,1,0,1
"z[173,9]",1,0,1,1,1,1,1,NA,1,0,1
"z[174,9]",1,0,1,1,1,1,1,NA,1,0,1
"z[175,9]",1,0,1,1,1,1,1,NA,1,0,1
"z[176,9]",1,0,1,1,1,1,1,NA,1,0,1
"z[177,9]",1,0,1,1,1,1,1,NA,1,0,1
"z[178,9]",0.350222222222222,0.477092442702358,0,0,0,1,1,1.00067276102108,2188,1,1
"z[179,9]",0.498444444444444,0.500053144788681,0,0,0,1,1,1.00003223555326,4500,1,1
"z[180,9]",0.152444444444444,0.35949110480899,0,0,0,0,1,1.00037706554416,4500,1,1
"z[181,9]",0.00177777777777778,0.0421308880870312,0,0,0,0,0,1.007413097858,4500,1,1
"z[182,9]",1,0,1,1,1,1,1,NA,1,0,1
"z[183,9]",0.00177777777777778,0.0421308880870312,0,0,0,0,0,1.0296375030843,4500,1,1
"z[184,9]",1,0,1,1,1,1,1,NA,1,0,1
"z[185,9]",1,0,1,1,1,1,1,NA,1,0,1
"deviance",3300.34637873843,41.9830449727581,3220.19674135218,3272.48603851004,3299.69151130776,3327.68405417946,3387.2803043222,1.00046212789773,4500,0,1
