"mean","sd","2.5%","25%","50%","75%","97.5%","Rhat","n.eff","overlap0","f","parameter"
-0.738792405155638,1.62088824139201,-3.90815032658534,-1.80452824807388,-0.763724323674081,0.262974461310065,2.64312261423974,1.01980224595065,149,1,0.691777777777778,"beta.psi[1]"
-0.0962668294392704,1.54964708755452,-3.09311105640241,-1.14031737465983,-0.108966363020399,0.901204933496532,2.94330184649621,1.02040982425211,106,1,0.527666666666667,"beta.psi[2]"
0.148365569564917,1.6252324164695,-3.03458609661052,-0.949034659210713,0.179316046531543,1.26784555489516,3.25302158347922,1.00366125709244,649,1,0.543555555555556,"beta.psi[3]"
-0.140657036185107,1.69949664967118,-3.24484503566037,-1.2498458368949,-0.303885067064013,0.880879925777063,3.49807139456714,1.01087854774407,290,1,0.573222222222222,"beta.gamma[1]"
0.691574720391614,1.45831156754822,-2.24940451900743,-0.275727887568192,0.722651030288623,1.67552363266447,3.51329963844969,1.07423273254649,35,1,0.691,"beta.gamma[2]"
-1.21086882249776,1.40844837032315,-4.01269581443192,-2.16896131038334,-1.18783481550148,-0.23511805919489,1.43561668292254,1.02103986929516,104,1,0.799444444444444,"beta.phi[1]"
0.511571522410005,1.45090442268519,-2.62242732746934,-0.310232949848701,0.611345742056489,1.43126135422306,3.19334595236228,1.03545136882534,62,1,0.676222222222222,"beta.phi[2]"
-5.06009658525148,0.36719965822159,-5.81218060571569,-5.29597510423618,-5.05185283032548,-4.81278035436082,-4.36482549844354,1.00081762060386,3869,0,1,"beta.p[1]"
-0.668552367571202,0.312318200012694,-1.30277026823634,-0.875765665425948,-0.658618549896655,-0.453401536675101,-0.0840033834501795,1.00022470581681,9000,0,0.987333333333333,"beta.p[2]"
0.287821053350603,0.258126250799943,-0.230162597152335,0.11677778062587,0.289910039979056,0.462122801567603,0.783233765947697,1.0005537359446,3062,1,0.868444444444444,"beta.p[3]"
0.252405115127749,0.259168172686551,-0.265688445817927,0.076973314903611,0.256761354782474,0.428022163728125,0.756831778659421,1.00054464541077,4531,1,0.835666666666667,"beta.p[4]"
0.263792256677622,1.74583913903837,-3.25504442828781,-0.923530389559718,0.368010083379953,1.44999067637576,3.58627216102544,1.00160874696889,1894,1,0.575444444444444,"alpha.gamma[1]"
-0.236250554801235,1.61100832059362,-3.37705216752668,-1.3108267700748,-0.229880579022474,0.82516824587296,2.95694202388223,1.01442357494627,143,1,0.565777777777778,"alpha.gamma[2]"
-0.436496784622239,1.606338549898,-3.46238727469659,-1.50631001781919,-0.480857227505311,0.611219933731991,2.8252275941768,1.00390124754948,518,1,0.616666666666667,"alpha.gamma[3]"
-0.812368926824495,1.5629651861499,-3.71321493560505,-1.87059762924517,-0.885607243601685,0.153784382701769,2.56932298668542,1.00237998156314,1843,1,0.718666666666667,"alpha.gamma[4]"
0.125442400423197,1.48872149398814,-2.85001530493988,-0.821610833311968,0.113203074247409,1.06977860331504,3.13819383157245,1.00577426632412,354,1,0.531333333333333,"alpha.gamma[5]"
-0.201926990347964,1.61302062133243,-3.30249849895731,-1.30466373764263,-0.216202523790386,0.886315566729734,2.97234600687327,1.00601195852072,363,1,0.550666666666667,"alpha.gamma[6]"
-0.862453349459875,1.58552511044902,-3.81837473373699,-1.91262397192658,-0.922475350105873,0.15049187532004,2.47723918787851,1.00234799679224,1012,1,0.722,"alpha.gamma[7]"
-0.837925863972967,1.61049499411557,-3.82459111765907,-1.93084171384952,-0.901602633012784,0.171797884279044,2.5484702680308,1.00158324861906,1956,1,0.718333333333333,"alpha.gamma[8]"
0.576911775894029,1.66173078835114,-2.89997587360003,-0.523037268393109,0.661282558859203,1.71611065347006,3.6943116905508,1.0034614899933,638,1,0.649777777777778,"alpha.phi[1]"
0.277293366888826,1.49842416396615,-2.73076266195578,-0.67717187690703,0.245542080467195,1.26751293844843,3.23752776182494,1.0058000594394,370,1,0.567222222222222,"alpha.phi[2]"
0.841425871366616,1.34776092030875,-1.65747308437409,-0.0991593495816568,0.779503307936266,1.74119795521627,3.57480674631395,1.00384994366991,639,1,0.721,"alpha.phi[3]"
0.638318578033169,1.32083600107894,-1.79892638168482,-0.258106003674068,0.567273969332031,1.4790957686948,3.38488518389764,1.0033220753752,749,1,0.676666666666667,"alpha.phi[4]"
0.249938993313244,1.56267753662823,-2.89538648677329,-0.770548583132249,0.263596536831662,1.27941262495464,3.30043501154949,1.01053429124602,217,1,0.568444444444444,"alpha.phi[5]"
-0.254427346530072,1.65700887779328,-3.34322585544946,-1.41885650631896,-0.301941663334456,0.86712691438859,3.12514142461878,1.00361483159326,623,1,0.572777777777778,"alpha.phi[6]"
-0.742510093633792,1.73190996664345,-3.97661071520196,-1.94835205284115,-0.812720386506628,0.397101466091784,2.78632921719914,1.00646475568598,325,1,0.676666666666667,"alpha.phi[7]"
-0.491154225333208,1.65196932909253,-3.67515861420628,-1.6361582021478,-0.53421738781423,0.616319537506304,2.80693770649116,1.00281805218253,815,1,0.622333333333333,"alpha.phi[8]"
0.547182589127231,0.294518579762022,0.0371460468250964,0.284239104867722,0.59097805705505,0.809996998668415,0.973045278669117,1.0011025450538,1784,0,1,"gamma.avg[1]"
0.459171528698617,0.279203942461791,0.0330203959646765,0.212348528459963,0.442781609488738,0.695332312003452,0.950590552701889,1.01443130539698,142,0,1,"gamma.avg[2]"
0.422282541051928,0.276948049677938,0.0304017159980126,0.181486303828209,0.382049727511236,0.648219035207756,0.944023944255848,1.00355786516464,560,0,1,"gamma.avg[3]"
0.355784619267981,0.262355717630538,0.0238178259175313,0.133472587616086,0.292017169338202,0.538370504671297,0.928860960733234,1.00273607260532,1695,0,1,"gamma.avg[4]"
0.522409262899602,0.265111485545656,0.0546805746512872,0.305421834481532,0.528270583815554,0.744554810019903,0.958440995179031,1.00621598342573,323,0,1,"gamma.avg[5]"
0.464487047139977,0.281851356862304,0.0354855774212776,0.213381164049094,0.446158932876137,0.708129247811097,0.951309059418636,1.00727814648689,308,0,1,"gamma.avg[6]"
0.349995217132769,0.26240174927824,0.0214914427191244,0.128686351904763,0.28445380129952,0.53755212278462,0.92253071631586,1.00300718112363,947,0,1,"gamma.avg[7]"
0.354237516112103,0.266769687690437,0.0213611021499549,0.126657446760307,0.288721267330778,0.542844142563735,0.927470673351227,1.00134821116621,1907,0,1,"gamma.avg[8]"
0.601104051389271,0.281220387733338,0.0521547616927036,0.372142298447793,0.659548438392298,0.847627185319573,0.975738682966296,1.00374228772231,591,0,1,"phi.avg[1]"
0.548283332429011,0.265277883509079,0.0611823471504241,0.336892802800364,0.56107895245704,0.780316690483932,0.962222345007178,1.00546002575961,394,0,1,"phi.avg[2]"
0.648873541578994,0.234148246486887,0.160101502317484,0.475230455045112,0.685573045620976,0.850839163989591,0.972742877710586,1.00338139955619,651,0,1,"phi.avg[3]"
0.61398379135369,0.23641668021832,0.141981809336301,0.435829351507899,0.638133918446482,0.814435963039387,0.967228805952848,1.00282342470932,743,0,1,"phi.avg[4]"
0.544390425062806,0.273321770455523,0.0523821075492537,0.316360449055587,0.565520193651847,0.782349775603257,0.964443714098516,1.01196935303026,186,0,1,"phi.avg[5]"
0.453720192167525,0.28568986299249,0.0341176963466582,0.194840914279366,0.425082937199916,0.704147513447473,0.957917972489051,1.00385025182865,517,0,1,"phi.avg[6]"
0.375285940931986,0.283786951147869,0.0184040193648626,0.124733162226112,0.307311106149644,0.597991057377373,0.941932576270215,1.00694922179525,301,0,1,"phi.avg[7]"
0.415831605854353,0.280755705444533,0.0247188795098468,0.162988499378995,0.369533788523758,0.649381022517233,0.943049570814749,1.0018406895133,1047,0,1,"phi.avg[8]"
0.398895948610729,0.281220387733338,0.0242613170337036,0.152372814680427,0.340451561607702,0.627857701552207,0.947845238307296,1.00374228772231,591,0,1,"ext.avg[1]"
0.45171666757099,0.265277883509079,0.0377776549928217,0.219683309516068,0.43892104754296,0.663107197199636,0.938817652849576,1.00546002575961,394,0,1,"ext.avg[2]"
0.351126458421006,0.234148246486887,0.0272571222894138,0.149160836010409,0.314426954379024,0.524769544954888,0.839898497682516,1.00338139955619,651,0,1,"ext.avg[3]"
0.38601620864631,0.23641668021832,0.032771194047152,0.185564036960613,0.361866081553518,0.564170648492101,0.858018190663699,1.00282342470932,743,0,1,"ext.avg[4]"
0.455609574937194,0.273321770455523,0.0355562859014841,0.217650224396743,0.434479806348153,0.683639550944413,0.947617892450746,1.01196935303026,186,0,1,"ext.avg[5]"
0.546279807832475,0.28568986299249,0.0420820275109488,0.295852486552527,0.574917062800084,0.805159085720634,0.965882303653342,1.00385025182865,517,0,1,"ext.avg[6]"
0.624714059068014,0.283786951147869,0.058067423729785,0.402008942622627,0.692688893850356,0.875266837773888,0.981595980635137,1.00694922179525,301,0,1,"ext.avg[7]"
0.584168394145647,0.280755705444533,0.056950429185251,0.350618977482767,0.630466211476242,0.837011500621004,0.975281120490153,1.0018406895133,1047,0,1,"ext.avg[8]"
2.64616271457232,1.41862726543241,0.179635237778798,1.44493921224283,2.72298739556338,3.87986410287171,4.8860590908178,1.02131675100023,99,0,1,"sigma.region"
-0.444303430855964,2.91223221924156,-6.76810072521778,-1.90113943038363,-0.19594067128734,0.898717716303562,5.78409566016285,1.00650008571362,716,1,0.559,"u.region[1]"
-0.550897601788837,2.94995641425302,-6.83834393099861,-2.1508700949922,-0.297321004874689,0.904306590780762,5.70288577191838,1.03778044844421,84,1,0.582,"u.region[2]"
-0.993565186808588,2.77394001283282,-7.34217230412771,-2.46460604050578,-0.554011595347473,0.47250929603076,4.45786769030147,1.00614776101467,399,1,0.634777777777778,"u.region[3]"
0.0503183051240558,3.16934310806149,-6.56721310935673,-1.55016616881828,-0.00359887909584589,1.60087862265972,6.87219694575272,1.01616765794296,312,1,0.498888888888889,"u.region[4]"
0.377348680171885,0.215097979219124,0.0276243093922652,0.220994475138122,0.359116022099448,0.513812154696133,0.861878453038674,1.05772164320708,65,0,1,"psi.fs[1]"
0.576289134438306,0.18576784226983,0.220994475138122,0.43646408839779,0.580110497237569,0.718232044198895,0.900552486187845,1.0010951842474,1828,0,1,"psi.fs[2]"
0.50434131368938,0.179048786796315,0.18232044198895,0.370165745856354,0.502762430939227,0.635359116022099,0.850828729281768,1.00689465522735,317,0,1,"psi.fs[3]"
0.534292203806016,0.17942830936766,0.209944751381215,0.397790055248619,0.530386740331492,0.668508287292818,0.87292817679558,1.0014150111765,1427,0,1,"psi.fs[4]"
0.479143032535298,0.174411851773596,0.171270718232044,0.348066298342541,0.464088397790055,0.602209944751381,0.845303867403315,1.00028406439273,9000,0,1,"psi.fs[5]"
0.538259054634745,0.167531963429391,0.215469613259669,0.419889502762431,0.541436464088398,0.657458563535912,0.856353591160221,1.00170722241902,9000,0,1,"psi.fs[6]"
0.456704726826274,0.195740834816763,0.132596685082873,0.303867403314917,0.441988950276243,0.596685082872928,0.839779005524862,1.00818243570294,258,0,1,"psi.fs[7]"
0.357758747697974,0.196221901256307,0.0718232044198895,0.204419889502762,0.325966850828729,0.486187845303867,0.795580110497238,1.00231642862594,936,0,1,"psi.fs[8]"
0.360448741559239,0.192156738077873,0.0773480662983425,0.209944751381215,0.325966850828729,0.49171270718232,0.790055248618785,1.00305248373436,725,0,1,"psi.fs[9]"
68.3001111111111,38.9327342386615,5,40,65,93,156,1.05772164320708,65,0,1,"n.occ[1]"
104.308333333333,33.6239794508392,40,79,105,130,163,1.0010951842474,1828,0,1,"n.occ[2]"
91.2857777777778,32.407830410133,33,67,91,115,154,1.00689465522735,317,0,1,"n.occ[3]"
96.7068888888889,32.4765239955464,38,72,96,121,158,1.0014150111765,1427,0,1,"n.occ[4]"
86.7248888888889,31.5685451710209,31,63,84,109,153,1.00028406439273,9000,0,1,"n.occ[5]"
97.4248888888889,30.3232853807198,39,76,98,119,155,1.00170722241902,9000,0,1,"n.occ[6]"
82.6635555555556,35.4290911018341,24,55,80,108,152,1.00818243570294,258,0,1,"n.occ[7]"
64.7543333333333,35.5161641273915,13,37,59,88,144,1.00231642862594,936,0,1,"n.occ[8]"
65.2412222222222,34.780369592095,14,38,59,89,143,1.00305248373436,725,0,1,"n.occ[9]"
0.434443790178776,0.112387710928326,0.216712453626597,0.356557609122115,0.433882502737016,0.513259560618782,0.648428876068012,1.00661426520693,351,0,1,"mean.gamma"
0.525184110095955,0.0941711991197633,0.337366126622618,0.462838569450794,0.526706823217743,0.590812118277937,0.704775722043445,1.00202260109291,3048,0,1,"mean.phi"
0.474815889904045,0.0941711991197633,0.295224277956554,0.409187881722063,0.473293176782257,0.537161430549206,0.662633873377382,1.00202260109291,3048,0,1,"mean.ext"
0.00672908576525723,0.00248957878124286,0.00298198217558631,0.00498673290450179,0.00635680164523872,0.00805974984813669,0.0125571860182259,1.00228414598536,2340,0,1,"mean.p"
3.12996188439472,21.4132319986408,0.172719435736677,0.523236562451871,0.936439536762726,1.79430618401207,12.6099999999999,1.08047305385617,1460,0,1,"lambda"
-0.0135749539594843,0.0254638955826205,-0.064548802946593,-0.0306629834254144,-0.0130755064456722,0.00405156537753222,0.0355432780847145,1.02398558506866,134,1,0.695444444444444,"trend.slope"
0.304444444444444,0.460197301138713,0,0,0,1,1,1.00388017620211,586,1,1,"z[1,1]"
0.299111111111111,0.457894038669251,0,0,0,1,1,1.00627471204774,373,1,1,"z[2,1]"
0.306222222222222,0.46094878352958,0,0,0,1,1,1.0050040990761,458,1,1,"z[3,1]"
0.280888888888889,0.4494583037954,0,0,0,1,1,1.00749126273131,329,1,1,"z[4,1]"
0.347555555555556,0.476220421433419,0,0,0,1,1,1.00168562077407,1192,1,1,"z[5,1]"
0.355777777777778,0.478774915913947,0,0,0,1,1,1.0011348310643,1678,1,1,"z[6,1]"
0.448555555555556,0.497374060349634,0,0,0,1,1,1.01425102070632,146,1,1,"z[7,1]"
0.427444444444444,0.494735168786679,0,0,0,1,1,1.0063306187165,320,1,1,"z[8,1]"
0.447,0.497210688459879,0,0,0,1,1,1.01391592068457,149,1,1,"z[9,1]"
0.478666666666667,0.499572436369251,0,0,0,1,1,1.01002357876001,202,1,1,"z[10,1]"
0.366,0.481736219866978,0,0,0,1,1,1.02043148049422,110,1,1,"z[11,1]"
0.385777777777778,0.486805520735902,0,0,0,1,1,1.02035900469556,108,1,1,"z[12,1]"
0.375777777777778,0.484349982560953,0,0,0,1,1,1.02344679574187,96,1,1,"z[13,1]"
0.376555555555556,0.484548817604683,0,0,0,1,1,1.02058630236946,108,1,1,"z[14,1]"
0.351111111111111,0.47734412770676,0,0,0,1,1,1.00148910308945,1330,1,1,"z[15,1]"
0.472666666666667,0.499280068430394,0,0,0,1,1,1.00845744281945,238,1,1,"z[16,1]"
0.444333333333333,0.496919167209175,0,0,0,1,1,1.01809719719117,116,1,1,"z[17,1]"
0.446555555555556,0.497163106856966,0,0,0,1,1,1.00596361605342,336,1,1,"z[18,1]"
0.448333333333333,0.49735102270147,0,0,0,1,1,1.01348283762774,154,1,1,"z[19,1]"
0.370222222222222,0.482890916965869,0,0,0,1,1,1.0032109843077,641,1,1,"z[20,1]"
0.357777777777778,0.47937289520653,0,0,0,1,1,1.00191744078119,1047,1,1,"z[21,1]"
0.359444444444444,0.479864273859871,0,0,0,1,1,1.00432267526788,489,1,1,"z[22,1]"
0.357555555555556,0.479306902067812,0,0,0,1,1,1.00215537555366,943,1,1,"z[23,1]"
0.466555555555556,0.498907933095201,0,0,0,1,1,1.00974907148065,208,1,1,"z[24,1]"
0.462222222222222,0.498598497570644,0,0,0,1,1,1.01360042255983,151,1,1,"z[25,1]"
0.462111111111111,0.498590065522806,0,0,0,1,1,1.00958692698872,212,1,1,"z[26,1]"
0.302222222222222,0.459246540293062,0,0,0,1,1,1.01050255540263,228,1,1,"z[27,1]"
0.298333333333333,0.457551982938319,0,0,0,1,1,1.00870183999849,275,1,1,"z[28,1]"
0.473333333333333,0.499316123044613,0,0,0,1,1,1.00820906053632,245,1,1,"z[29,1]"
0.458888888888889,0.498334696359171,0,0,0,1,1,1.00878740094516,230,1,1,"z[30,1]"
0.465222222222222,0.498816752559738,0,0,0,1,1,1.00964303135665,210,1,1,"z[31,1]"
0.428888888888889,0.494944874519454,0,0,0,1,1,1.01203831750168,173,1,1,"z[32,1]"
0.448333333333333,0.49735102270147,0,0,0,1,1,1.00870026838694,233,1,1,"z[33,1]"
0.444888888888889,0.496981095001239,0,0,0,1,1,1.00963664819745,212,1,1,"z[34,1]"
0.427,0.494669777414824,0,0,0,1,1,1.01056660259769,196,1,1,"z[35,1]"
0.355555555555556,0.478707911812511,0,0,0,1,1,1.00141911715226,1379,1,1,"z[36,1]"
0.362222222222222,0.480669278600271,0,0,0,1,1,1.00212839868859,947,1,1,"z[37,1]"
0.362444444444444,0.48073292728333,0,0,0,1,1,1.00347364060409,600,1,1,"z[38,1]"
0.355222222222222,0.478607194587966,0,0,0,1,1,1.00276508860106,749,1,1,"z[39,1]"
0.355777777777778,0.478774915913947,0,0,0,1,1,1.01392874197337,160,1,1,"z[40,1]"
0.358888888888889,0.479701180378802,0,0,0,1,1,1.00795205692938,273,1,1,"z[41,1]"
0.406777777777778,0.491260045640912,0,0,0,1,1,1.00042681245892,3499,1,1,"z[42,1]"
0.443666666666667,0.496844023588867,0,0,0,1,1,1.00721145770187,280,1,1,"z[43,1]"
0.442444444444444,0.496703906544935,0,0,0,1,1,1.0161458701893,130,1,1,"z[44,1]"
0.459888888888889,0.49841619239678,0,0,0,1,1,1.01057606155342,193,1,1,"z[45,1]"
0.354666666666667,0.478438769292136,0,0,0,1,1,1.03235232634758,72,1,1,"z[46,1]"
0.357333333333333,0.479240796786531,0,0,0,1,1,1.0259107057055,89,1,1,"z[47,1]"
0.357555555555556,0.479306902067812,0,0,0,1,1,1.01117717196705,197,1,1,"z[48,1]"
0.360111111111111,0.480059064143148,0,0,0,1,1,1.01013229785855,217,1,1,"z[49,1]"
0.357666666666667,0.479339912652095,0,0,0,1,1,1.01445426380896,154,1,1,"z[50,1]"
0.364777777777778,0.481394536304583,0,0,0,1,1,1.00846740385021,255,1,1,"z[51,1]"
0.363444444444444,0.481017971541278,0,0,0,1,1,1.01398803885244,158,1,1,"z[52,1]"
0.346888888888889,0.47600647416843,0,0,0,1,1,1.02693248047194,87,1,1,"z[53,1]"
0.351666666666667,0.477517076199383,0,0,0,1,1,1.01172936502475,190,1,1,"z[54,1]"
0.358333333333333,0.479537387733247,0,0,0,1,1,1.01751636683055,129,1,1,"z[55,1]"
0.301888888888889,0.459102828507954,0,0,0,1,1,1.01270185245754,190,1,1,"z[56,1]"
0.301333333333333,0.45886267068706,0,0,0,1,1,1.00448465316785,515,1,1,"z[57,1]"
0.359777777777778,0.479961794646184,0,0,0,1,1,1.00229846619109,884,1,1,"z[58,1]"
0.332555555555556,0.4711549885648,0,0,0,1,1,1.00240839333563,877,1,1,"z[59,1]"
0.388222222222222,0.487372671426019,0,0,0,1,1,1.02753109996578,81,1,1,"z[60,1]"
0.389777777777778,0.487726862660754,0,0,0,1,1,1.0296172905423,76,1,1,"z[61,1]"
0.390666666666667,0.487926915369134,0,0,0,1,1,1.02654944077515,84,1,1,"z[62,1]"
0.388888888888889,0.487525107002347,0,0,0,1,1,1.02638254508911,85,1,1,"z[63,1]"
0.353555555555556,0.47809980381188,0,0,0,1,1,1.01141154463087,195,1,1,"z[64,1]"
0.350888888888889,0.477274749672621,0,0,0,1,1,1.01485102411447,151,1,1,"z[65,1]"
0.355222222222222,0.478607194587966,0,0,0,1,1,1.01660027831837,136,1,1,"z[66,1]"
0.349555555555556,0.476856094523414,0,0,0,1,1,1.014810991428,153,1,1,"z[67,1]"
0.286555555555556,0.452177163707815,0,0,0,1,1,1.00443927030178,536,1,1,"z[68,1]"
0.312777777777778,0.463650434328949,0,0,0,1,1,1.00669235382995,342,1,1,"z[69,1]"
0.325,0.468400872873476,0,0,0,1,1,1.00688619710578,330,1,1,"z[70,1]"
0.320888888888889,0.466844112967856,0,0,0,1,1,1.00344534523185,642,1,1,"z[71,1]"
0.432555555555556,0.495457891555829,0,0,0,1,1,1.01196457680312,174,1,1,"z[72,1]"
0.453,0.497813755728808,0,0,0,1,1,1.00586657446268,340,1,1,"z[73,1]"
0.441222222222222,0.496560741291239,0,0,0,1,1,1.01461611666765,143,1,1,"z[74,1]"
0.460888888888889,0.498495668856785,0,0,0,1,1,1.0130544020277,158,1,1,"z[75,1]"
0.463,0.498656824616415,0,0,0,1,1,1.01407031909832,146,1,1,"z[76,1]"
0.358666666666667,0.479635747260362,0,0,0,1,1,1.00140977889117,1381,1,1,"z[77,1]"
0.354222222222222,0.47830352169754,0,0,0,1,1,1.00097825671108,1912,1,1,"z[78,1]"
0.461111111111111,0.498513056126363,0,0,0,1,1,1.01153812742727,177,1,1,"z[79,1]"
0.326,0.468773310343839,0,0,0,1,1,1.00262952897501,815,1,1,"z[80,1]"
0.304111111111111,0.460055496646133,0,0,0,1,1,1.00476213600002,484,1,1,"z[81,1]"
0.326555555555556,0.468979170786561,0,0,0,1,1,1.00529578868127,419,1,1,"z[82,1]"
0.306333333333333,0.460995482845452,0,0,0,1,1,1.01461881939683,164,1,1,"z[83,1]"
0.315111111111111,0.464585924234316,0,0,0,1,1,1.00610437720415,376,1,1,"z[84,1]"
0.394555555555556,0.488782174870099,0,0,0,1,1,1.01155685960994,184,1,1,"z[85,1]"
0.356111111111111,0.478875211111843,0,0,0,1,1,1.0015186161187,1299,1,1,"z[86,1]"
0.371,0.483099297928566,0,0,0,1,1,1.00606846014334,349,1,1,"z[87,1]"
0.366444444444444,0.481859639652525,0,0,0,1,1,1.00458204187608,459,1,1,"z[88,1]"
0.466444444444444,0.498900471470642,0,0,0,1,1,1.01283476719248,160,1,1,"z[89,1]"
0.392666666666667,0.488370818362922,0,0,0,1,1,1.02759546440609,81,1,1,"z[90,1]"
0.389666666666667,0.487701736376704,0,0,0,1,1,1.02796869270107,80,1,1,"z[91,1]"
0.385777777777778,0.486805520735902,0,0,0,1,1,1.03009754815993,75,1,1,"z[92,1]"
0.382333333333333,0.485984359693221,0,0,0,1,1,1.02612344117261,86,1,1,"z[93,1]"
0.310333333333333,0.462655745589037,0,0,0,1,1,1.00539692613538,422,1,1,"z[94,1]"
0.301888888888889,0.459102828507954,0,0,0,1,1,1.00669255152797,348,1,1,"z[95,1]"
0.302111111111111,0.459198668250321,0,0,0,1,1,1.01020863067387,235,1,1,"z[96,1]"
0.313222222222222,0.46382967342208,0,0,0,1,1,1.00418332072884,536,1,1,"z[97,1]"
0.365666666666667,0.48164336510317,0,0,0,1,1,1.00343066564994,604,1,1,"z[98,1]"
0.358777777777778,0.479668477805725,0,0,0,1,1,1.00246068240368,833,1,1,"z[99,1]"
0.366777777777778,0.481951914752648,0,0,0,1,1,1.00231785120923,871,1,1,"z[100,1]"
0.382222222222222,0.485957441002356,0,0,0,1,1,1.00691595948298,303,1,1,"z[101,1]"
0.354444444444444,0.478371201895792,0,0,0,1,1,1.01044775419344,211,1,1,"z[102,1]"
0.363555555555556,0.481049504364949,0,0,0,1,1,1.00240533915222,843,1,1,"z[103,1]"
0.376777777777778,0.48460538332557,0,0,0,1,1,1.02912301957239,78,1,1,"z[104,1]"
0.383777777777778,0.486331856775285,0,0,0,1,1,1.02263147686732,98,1,1,"z[105,1]"
0.382555555555556,0.486038116391984,0,0,0,1,1,1.02332166537982,96,1,1,"z[106,1]"
0.370777777777778,0.483039897489284,0,0,0,1,1,1.02516767825166,90,1,1,"z[107,1]"
0.356777777777778,0.479075042654773,0,0,0,1,1,1.01587852099363,141,1,1,"z[108,1]"
0.360111111111111,0.480059064143148,0,0,0,1,1,1.01189896856441,186,1,1,"z[109,1]"
0.343111111111111,0.474774601470247,0,0,0,1,1,1.01773824698037,129,1,1,"z[110,1]"
0.347111111111111,0.476077904346185,0,0,0,1,1,1.0165218989827,137,1,1,"z[111,1]"
0.420111111111111,0.493603927335129,0,0,0,1,1,1.00068332703649,2419,1,1,"z[112,1]"
0.426666666666667,0.494620466104567,0,0,0,1,1,1.00025772677562,4819,1,1,"z[113,1]"
0.416111111111111,0.492939806843939,0,0,0,1,1,1.00024262257907,5030,1,1,"z[114,1]"
0.428666666666667,0.494912892309902,0,0,0,1,1,1.00034848091681,3965,1,1,"z[115,1]"
0.458,0.498260559188423,0,0,0,1,1,1.01361827196622,152,1,1,"z[116,1]"
0.435444444444444,0.495842614156306,0,0,0,1,1,1.01537405527847,136,1,1,"z[117,1]"
0.436555555555556,0.495986024036774,0,0,0,1,1,1.01392764243351,150,1,1,"z[118,1]"
0.451444444444444,0.497664421975193,0,0,0,1,1,1.01708761896165,123,1,1,"z[119,1]"
0.368111111111111,0.482318534679427,0,0,0,1,1,1.0089517351206,240,1,1,"z[120,1]"
0.363,0.480891562816769,0,0,0,1,1,1.01201561965537,183,1,1,"z[121,1]"
0.354333333333333,0.478337375899896,0,0,0,1,1,1.01239700061438,179,1,1,"z[122,1]"
0.323333333333333,0.467774733677258,0,0,0,1,1,1.01056112872195,219,1,1,"z[123,1]"
0.310222222222222,0.462610174712684,0,0,0,1,1,1.01372493586988,174,1,1,"z[124,1]"
0.357111111111111,0.479174579316274,0,0,0,1,1,1.01338608213424,166,1,1,"z[125,1]"
0.351777777777778,0.477551580817065,0,0,0,1,1,1.01680030708302,135,1,1,"z[126,1]"
0.357666666666667,0.479339912652095,0,0,0,1,1,1.01629891876381,137,1,1,"z[127,1]"
0.356,0.478841807498585,0,0,0,1,1,1.01611273885648,140,1,1,"z[128,1]"
0.323444444444444,0.467816687113299,0,0,0,1,1,1.00561351214707,398,1,1,"z[129,1]"
0.325666666666667,0.468649434521095,0,0,0,1,1,1.00647228065027,346,1,1,"z[130,1]"
0.312333333333333,0.463470699671925,0,0,0,1,1,1.00550036013139,414,1,1,"z[131,1]"
0.311222222222222,0.463019191146175,0,0,0,1,1,1.00654592185101,350,1,1,"z[132,1]"
0.357555555555556,0.479306902067812,0,0,0,1,1,1.01590092336893,140,1,1,"z[133,1]"
0.352222222222222,0.47768931588988,0,0,0,1,1,1.01070029622773,207,1,1,"z[134,1]"
0.360222222222222,0.480091431493135,0,0,0,1,1,1.01085742855915,201,1,1,"z[135,1]"
0.353777777777778,0.478167822703636,0,0,0,1,1,1.01525233822891,148,1,1,"z[136,1]"
0.446222222222222,0.497127156879702,0,0,0,1,1,1.01745374571861,120,1,1,"z[137,1]"
0.454777777777778,0.497978417432789,0,0,0,1,1,1.01063829063764,192,1,1,"z[138,1]"
0.44,0.496414525190481,0,0,0,1,1,1.01679118996749,125,1,1,"z[139,1]"
0.459777777777778,0.498407237031624,0,0,0,1,1,1.00721804182792,278,1,1,"z[140,1]"
0.349555555555556,0.476856094523414,0,0,0,1,1,1.00230511116134,892,1,1,"z[141,1]"
0.346777777777778,0.475970716148493,0,0,0,1,1,1.00141136305723,1400,1,1,"z[142,1]"
0.351888888888889,0.47758605708882,0,0,0,1,1,1.00205956955184,987,1,1,"z[143,1]"
0.355444444444444,0.478674367553231,0,0,0,1,1,1.00213896485964,949,1,1,"z[144,1]"
0.434666666666667,0.49574072063508,0,0,0,1,1,1.01274052237881,163,1,1,"z[145,1]"
0.424333333333333,0.494268854156227,0,0,0,1,1,1.00299166286528,654,1,1,"z[146,1]"
0.455666666666667,0.498058348000626,0,0,0,1,1,1.00982666772331,207,1,1,"z[147,1]"
0.466111111111111,0.498877937429515,0,0,0,1,1,1.01109857185169,184,1,1,"z[148,1]"
0.355777777777778,0.478774915913947,0,0,0,1,1,1.00235456477145,868,1,1,"z[149,1]"
0.354444444444444,0.478371201895792,0,0,0,1,1,1.00094032716392,1975,1,1,"z[150,1]"
0.304111111111111,0.460055496646133,0,0,0,1,1,1.01403349724465,172,1,1,"z[151,1]"
0.303444444444444,0.459771031374859,0,0,0,1,1,1.01668338846261,146,1,1,"z[152,1]"
0.299555555555556,0.458088791437141,0,0,0,1,1,1.00919692789303,260,1,1,"z[153,1]"
0.464777777777778,0.498785563209239,0,0,0,1,1,1.01868396058139,112,1,1,"z[154,1]"
0.465222222222222,0.498816752559738,0,0,0,1,1,1.01335046113746,154,1,1,"z[155,1]"
0.479,0.499586560927229,0,0,0,1,1,0.999976355436387,9000,1,1,"z[156,1]"
0.393333333333333,0.488516876626335,0,0,0,1,1,1.00664848673832,314,1,1,"z[157,1]"
0.360222222222222,0.480091431493135,0,0,0,1,1,1.00129146467158,1495,1,1,"z[158,1]"
0.356777777777778,0.479075042654773,0,0,0,1,1,1.00254451460343,809,1,1,"z[159,1]"
0.351444444444444,0.477447981901652,0,0,0,1,1,1.00182038184675,1109,1,1,"z[160,1]"
0.352888888888889,0.477895068978518,0,0,0,1,1,1.0019689737587,1028,1,1,"z[161,1]"
0.362777777777778,0.480828191920022,0,0,0,1,1,1.00089324378975,2047,1,1,"z[162,1]"
0.434222222222222,0.495681938359174,0,0,0,1,1,1.00944576721286,217,1,1,"z[163,1]"
0.458888888888889,0.498334696359171,0,0,0,1,1,1.01462940066675,141,1,1,"z[164,1]"
0.439777777777778,0.496387612458176,0,0,0,1,1,1.01859865959486,114,1,1,"z[165,1]"
0.454222222222222,0.497927648414306,0,0,0,1,1,1.01234726300472,167,1,1,"z[166,1]"
0.354555555555556,0.478404999691214,0,0,0,1,1,1.00117785387687,1630,1,1,"z[167,1]"
0.359222222222222,0.479799120321483,0,0,0,1,1,1.00277703510711,744,1,1,"z[168,1]"
0.377,0.484661840542189,0,0,0,1,1,1.00292129174798,696,1,1,"z[169,1]"
0.303888888888889,0.459960801811547,0,0,0,1,1,1.00941694984004,253,1,1,"z[170,1]"
0.302,0.459150764325278,0,0,0,1,1,1.00681131711172,346,1,1,"z[171,1]"
0.316444444444444,0.46511438899086,0,0,0,1,1,1.00901634248483,258,1,1,"z[172,1]"
0.299,0.457845270113941,0,0,0,1,1,1.01169492921939,207,1,1,"z[173,1]"
0.396666666666667,0.489232885786688,0,0,0,1,1,1.02561921029648,87,1,1,"z[174,1]"
0.392777777777778,0.488395227642297,0,0,0,1,1,1.02552894173565,87,1,1,"z[175,1]"
0.355333333333333,0.478640795147024,0,0,0,1,1,1.01516900110249,148,1,1,"z[176,1]"
0.352777777777778,0.477860847544691,0,0,0,1,1,1.01247672697448,178,1,1,"z[177,1]"
0.353222222222222,0.477997563595181,0,0,0,1,1,1.01436560887415,156,1,1,"z[178,1]"
0.345333333333333,0.475503254264459,0,0,0,1,1,1.01860111474437,123,1,1,"z[179,1]"
0.356222222222222,0.478908586613573,0,0,0,1,1,1.00792211179874,274,1,1,"z[180,1]"
0.372111111111111,0.483394658096302,0,0,0,1,1,1.01876114848632,118,1,1,"z[181,1]"
0.546444444444444,0.497865900360614,0,0,1,1,1,1.0003694295859,3766,1,1,"z[1,2]"
0.550444444444444,0.497476488007037,0,0,1,1,1,1.00070163592948,2333,1,1,"z[2,2]"
0.501444444444444,0.500025693552779,0,0,1,1,1,0.999833418192748,9000,1,1,"z[3,2]"
0.529666666666667,0.499146844077411,0,0,1,1,1,1.00024265394812,4907,1,1,"z[4,2]"
0.543,0.498175245668897,0,0,1,1,1,1.00094210937866,1822,1,1,"z[5,2]"
0.549444444444444,0.497576884620561,0,0,1,1,1,1.00215826128204,873,1,1,"z[6,2]"
0.634666666666667,0.481550261672827,0,0,1,1,1,1.00257860330704,790,1,1,"z[7,2]"
0.644888888888889,0.478573565870127,0,0,1,1,1,1.00174962218706,1143,1,1,"z[8,2]"
0.589333333333333,0.491982163909945,0,0,1,1,1,1.00418953698345,479,1,1,"z[9,2]"
1,0,1,1,1,1,1,NA,1,0,1,"z[10,2]"
0.593333333333333,0.491238945671695,0,0,1,1,1,1.00513187504217,396,1,1,"z[11,2]"
0.537222222222222,0.498640284249593,0,0,1,1,1,0.999983279307246,9000,1,1,"z[12,2]"
0.570444444444444,0.495040210154903,0,0,1,1,1,1.00092903365821,1867,1,1,"z[13,2]"
0.575,0.494370464120874,0,0,1,1,1,1.00311303077782,628,1,1,"z[14,2]"
0.562,0.496168674652045,0,0,1,1,1,1.00148518368269,1234,1,1,"z[15,2]"
0.718666666666667,0.449674722853009,0,0,1,1,1,1.00714851358497,340,1,1,"z[16,2]"
0.643555555555556,0.478975253305951,0,0,1,1,1,1.00215112544238,943,1,1,"z[17,2]"
0.476333333333333,0.499467323767978,0,0,0,1,1,1.00074969304651,2193,1,1,"z[18,2]"
0.644444444444444,0.478707911812511,0,0,1,1,1,1.00417741160966,506,1,1,"z[19,2]"
0.563333333333333,0.496000225831493,0,0,1,1,1,1.0019602526584,960,1,1,"z[20,2]"
0.571666666666667,0.494864727992409,0,0,1,1,1,1.00130402616298,1392,1,1,"z[21,2]"
0.560222222222222,0.496387612458176,0,0,1,1,1,1.00191452669024,981,1,1,"z[22,2]"
0.538111111111111,0.498573126704996,0,0,1,1,1,1.00136991888346,1314,1,1,"z[23,2]"
0.602222222222222,0.48946627767084,0,0,1,1,1,1.00036350783467,3944,1,1,"z[24,2]"
0.712444444444444,0.452647902451762,0,0,1,1,1,1.00464827096009,510,1,1,"z[25,2]"
0.701,0.457845270113941,0,0,1,1,1,1.00452605013861,513,1,1,"z[26,2]"
0.588333333333333,0.492162712946758,0,0,1,1,1,1.00229805025527,843,1,1,"z[27,2]"
0.521222222222222,0.499577169314618,0,0,1,1,1,1.00134810619052,1328,1,1,"z[28,2]"
1,0,1,1,1,1,1,NA,1,0,1,"z[29,2]"
0.676,0.468026002166867,0,0,1,1,1,1.00448547308266,494,1,1,"z[30,2]"
0.630777777777778,0.482621024385333,0,0,1,1,1,1.00043655004245,3563,1,1,"z[31,2]"
0.646777777777778,0.477997563595181,0,0,1,1,1,1.0034040356651,616,1,1,"z[32,2]"
0.6,0.489925167377589,0,0,1,1,1,1.00110604636843,1641,1,1,"z[33,2]"
0.586,0.492575840856455,0,0,1,1,1,1.00183503756926,1036,1,1,"z[34,2]"
0.621222222222222,0.485109596652175,0,0,1,1,1,1.00185746119471,1053,1,1,"z[35,2]"
0.539333333333333,0.498478181902772,0,0,1,1,1,1.00160233675838,1144,1,1,"z[36,2]"
0.545666666666667,0.497937852224851,0,0,1,1,1,1.00143219394109,1266,1,1,"z[37,2]"
0.480555555555556,0.499649529601016,0,0,0,1,1,1.00072886597382,2241,1,1,"z[38,2]"
0.525,0.499402354231915,0,0,1,1,1,1.00075701969742,2175,1,1,"z[39,2]"
0.544333333333333,0.498058348000626,0,0,1,1,1,1.0021474172108,876,1,1,"z[40,2]"
0.563111111111111,0.496028553525657,0,0,1,1,1,1.00160202727719,1153,1,1,"z[41,2]"
0.669444444444444,0.47043933785261,0,0,1,1,1,1.0006197684081,2872,1,1,"z[42,2]"
0.638888888888889,0.480349366422527,0,0,1,1,1,1.00142831105144,1361,1,1,"z[43,2]"
0.723666666666667,0.447208501639018,0,0,1,1,1,1.00273601828424,862,1,1,"z[44,2]"
0.729,0.444500791269567,0,0,1,1,1,1.00205291388254,1143,1,1,"z[45,2]"
0.670444444444444,0.470077912627986,0,0,1,1,1,1.01118972913641,203,1,1,"z[46,2]"
0.667,0.471312721812615,0,0,1,1,1,1.01962907688208,118,1,1,"z[47,2]"
0.477444444444444,0.499518739632177,0,0,0,1,1,1.00078618285139,2108,1,1,"z[48,2]"
0.402888888888889,0.490506029530717,0,0,0,1,1,1.00665411258314,310,1,1,"z[49,2]"
0.547444444444444,0.497771589606858,0,0,1,1,1,1.00118675379271,1496,1,1,"z[50,2]"
0.544222222222222,0.498068226865241,0,0,1,1,1,1.00123831202121,1439,1,1,"z[51,2]"
0.548111111111111,0.497707589491117,0,0,1,1,1,1.00234887989369,807,1,1,"z[52,2]"
0.557222222222222,0.496742422476438,0,0,1,1,1,1.00369018244852,530,1,1,"z[53,2]"
0.536333333333333,0.498705848229312,0,0,1,1,1,1.00257954009574,737,1,1,"z[54,2]"
0.576111111111111,0.494200602895985,0,0,1,1,1,1.00407940017841,487,1,1,"z[55,2]"
0.559555555555556,0.496468047841142,0,0,1,1,1,1.00030166998967,4338,1,1,"z[56,2]"
0.550111111111111,0.497510179155189,0,0,1,1,1,1.00020722679826,5406,1,1,"z[57,2]"
0.533666666666667,0.498892984985588,0,0,1,1,1,1.00061312743278,2581,1,1,"z[58,2]"
0.502,0.500023779854565,0,0,1,1,1,1.00021849687937,5197,1,1,"z[59,2]"
0.455777777777778,0.498068226865241,0,0,0,1,1,1.00133894903978,1345,1,1,"z[60,2]"
0.571777777777778,0.494848622275823,0,0,1,1,1,1.00023562410932,5077,1,1,"z[61,2]"
0.586,0.492575840856455,0,0,1,1,1,1.0003641812588,3884,1,1,"z[62,2]"
0.549333333333333,0.497587914480406,0,0,1,1,1,1.0001851351037,5744,1,1,"z[63,2]"
0.558111111111111,0.496639209464003,0,0,1,1,1,1.00200963818636,938,1,1,"z[64,2]"
0.509444444444444,0.49993856964805,0,0,1,1,1,1.00002352122854,9000,1,1,"z[65,2]"
0.554,0.497103064593789,0,0,1,1,1,1.00165992408015,1112,1,1,"z[66,2]"
0.560333333333333,0.496374118233107,0,0,1,1,1,1.00281768511327,685,1,1,"z[67,2]"
0.582333333333333,0.493202037511539,0,0,1,1,1,1.00480618418158,418,1,1,"z[68,2]"
0.555777777777778,0.496906706181151,0,0,1,1,1,1.00057058505409,2753,1,1,"z[69,2]"
0.561111111111111,0.496278951765241,0,0,1,1,1,1.00114945005029,1546,1,1,"z[70,2]"
0.554666666666667,0.497030184529888,0,0,1,1,1,0.999908270867016,9000,1,1,"z[71,2]"
0.643444444444444,0.479008544508334,0,0,1,1,1,1.00477531175897,446,1,1,"z[72,2]"
0.678333333333333,0.467141808289642,0,0,1,1,1,1.00126991577469,1596,1,1,"z[73,2]"
0.662111111111111,0.473016752550065,0,0,1,1,1,1.00296370942461,718,1,1,"z[74,2]"
0.703111111111111,0.456912544265189,0,0,1,1,1,1.00116532833007,1800,1,1,"z[75,2]"
0.375777777777778,0.484349982560953,0,0,0,1,1,1.00993012276164,216,1,1,"z[76,2]"
0.517444444444444,0.499723361878086,0,0,1,1,1,1.00030007608936,4294,1,1,"z[77,2]"
0.534666666666667,0.498824487711921,0,0,1,1,1,1.00066483067372,2422,1,1,"z[78,2]"
0.674444444444444,0.468608082606505,0,0,1,1,1,1.00054418092966,3201,1,1,"z[79,2]"
0.412888888888889,0.49238053570619,0,0,0,1,1,1.00713394963032,288,1,1,"z[80,2]"
0.569222222222222,0.495212613271411,0,0,1,1,1,1.00083546530094,2038,1,1,"z[81,2]"
0.527444444444444,0.49927397251986,0,0,1,1,1,1.00276160349106,691,1,1,"z[82,2]"
0.560333333333333,0.496374118233107,0,0,1,1,1,1.00230080642078,828,1,1,"z[83,2]"
0.570222222222222,0.495071785101016,0,0,1,1,1,1.00003769356224,9000,1,1,"z[84,2]"
0.550888888888889,0.497431215423909,0,0,1,1,1,1.00205107379798,916,1,1,"z[85,2]"
0.572,0.494816334411601,0,0,1,1,1,0.999955950734328,9000,1,1,"z[86,2]"
0.530333333333333,0.499106769647037,0,0,1,1,1,0.999964951119342,9000,1,1,"z[87,2]"
0.538777777777778,0.498521712382751,0,0,1,1,1,1.00160730116138,1139,1,1,"z[88,2]"
0.669666666666667,0.470359228888375,0,0,1,1,1,1.00015818748427,6954,1,1,"z[89,2]"
0.576777777777778,0.494097458656152,0,0,1,1,1,1.00058298622532,2735,1,1,"z[90,2]"
0.492111111111111,0.499965538193303,0,0,0,1,1,1.00095850454152,1783,1,1,"z[91,2]"
0.57,0.495103258280124,0,0,1,1,1,1.00030535591021,4323,1,1,"z[92,2]"
0.574222222222222,0.494487846585398,0,0,1,1,1,1.00149511967436,1234,1,1,"z[93,2]"
0.542,0.498260559188423,0,0,1,1,1,1.00029447221967,4373,1,1,"z[94,2]"
0.395111111111111,0.488901707204605,0,0,0,1,1,1.01030424555692,206,1,1,"z[95,2]"
0.548555555555556,0.497664421975193,0,0,1,1,1,1.00020795578702,5392,1,1,"z[96,2]"
0.540333333333333,0.498398256732094,0,0,1,1,1,1.0001977854598,5530,1,1,"z[97,2]"
0.536666666666667,0.498681448442571,0,0,1,1,1,1.00017695911599,5854,1,1,"z[98,2]"
0.576666666666667,0.494114713328565,0,0,1,1,1,1.00209843806114,908,1,1,"z[99,2]"
0.522666666666667,0.499513709515564,0,0,1,1,1,1.00047335333936,3136,1,1,"z[100,2]"
0.507444444444444,0.499972354188729,0,0,1,1,1,1.00176238763733,1042,1,1,"z[101,2]"
0.553111111111111,0.497198830735884,0,0,1,1,1,1.00219155177009,863,1,1,"z[102,2]"
0.611,0.487550419661816,0,0,1,1,1,1.0021997107823,892,1,1,"z[103,2]"
0.557333333333333,0.496729609021121,0,0,1,1,1,1.00103319999818,1693,1,1,"z[104,2]"
0.566111111111111,0.49563758550702,0,0,1,1,1,0.9999715260604,9000,1,1,"z[105,2]"
0.543888888888889,0.498097713553067,0,0,1,1,1,1.00025980810145,4730,1,1,"z[106,2]"
0.558222222222222,0.496626194450847,0,0,1,1,1,1.0014372231448,1269,1,1,"z[107,2]"
0.534444444444444,0.498839883401867,0,0,1,1,1,1.00230661814805,817,1,1,"z[108,2]"
0.574333333333333,0.49447115427859,0,0,1,1,1,1.00208293120267,913,1,1,"z[109,2]"
0.535666666666667,0.498753975815776,0,0,1,1,1,1.00174506214119,1056,1,1,"z[110,2]"
0.559222222222222,0.496507924931166,0,0,1,1,1,1.00394237751761,499,1,1,"z[111,2]"
0.597111111111111,0.490506029530717,0,0,1,1,1,1.00165650261467,1143,1,1,"z[112,2]"
0.676888888888889,0.467690736314991,0,0,1,1,1,1.00003489248226,9000,1,1,"z[113,2]"
0.597333333333333,0.490461976434274,0,0,1,1,1,1.00035284114729,4002,1,1,"z[114,2]"
0.327111111111111,0.469184283006192,0,0,0,1,1,1.00014897178521,7193,1,1,"z[115,2]"
0.727111111111111,0.445468957826253,0,0,1,1,1,1.00849066756077,297,1,1,"z[116,2]"
0.722888888888889,0.447596697397757,0,0,1,1,1,1.00001135356994,9000,1,1,"z[117,2]"
0.740222222222222,0.438536945131549,0,0,1,1,1,1.00028158658172,5793,1,1,"z[118,2]"
0.783444444444444,0.411920016551522,0,1,1,1,1,1.00016655187808,8856,1,1,"z[119,2]"
0.544,0.498087909639981,0,0,1,1,1,1.00266949299307,716,1,1,"z[120,2]"
0.605888888888889,0.488686073167063,0,0,1,1,1,1.00590683307812,349,1,1,"z[121,2]"
0.541555555555556,0.498297827380261,0,0,1,1,1,1.00352282431272,551,1,1,"z[122,2]"
0.581333333333333,0.493367950579896,0,0,1,1,1,0.999979894562654,9000,1,1,"z[123,2]"
0.583555555555556,0.492996424113289,0,0,1,1,1,1.0016757506068,1122,1,1,"z[124,2]"
0.561333333333333,0.496251534068165,0,0,1,1,1,1.00191502203314,980,1,1,"z[125,2]"
0.554555555555556,0.497042394051912,0,0,1,1,1,1.00028787923835,4458,1,1,"z[126,2]"
0.549555555555556,0.497565829701302,0,0,1,1,1,1.00194590474274,960,1,1,"z[127,2]"
0.539111111111111,0.498495668856785,0,0,1,1,1,1.00103807114189,1675,1,1,"z[128,2]"
0.526555555555556,0.499322045347177,0,0,1,1,1,0.999919535062044,9000,1,1,"z[129,2]"
0.524444444444444,0.499429858539362,0,0,1,1,1,1.00014504878603,6437,1,1,"z[130,2]"
0.513,0.49985874213089,0,0,1,1,1,1.00064492434732,2471,1,1,"z[131,2]"
0.538888888888889,0.498513056126363,0,0,1,1,1,1.00023250479408,5044,1,1,"z[132,2]"
0.494,0.499991776796475,0,0,0,1,1,1.00035667541628,3827,1,1,"z[133,2]"
0.554,0.497103064593789,0,0,1,1,1,1.00108651433597,1619,1,1,"z[134,2]"
0.527333333333333,0.499280068430394,0,0,1,1,1,1.00070466586807,2307,1,1,"z[135,2]"
0.544888888888889,0.498008578845507,0,0,1,1,1,1.00214436058446,878,1,1,"z[136,2]"
0.588555555555556,0.492122772288608,0,0,1,1,1,1.00090781143957,1928,1,1,"z[137,2]"
0.629777777777778,0.482890916965869,0,0,1,1,1,1.00166309940092,1175,1,1,"z[138,2]"
0.643222222222222,0.479075042654773,0,0,1,1,1,1.00440537019417,480,1,1,"z[139,2]"
0.679,0.466886731828843,0,0,1,1,1,1.0029983433443,726,1,1,"z[140,2]"
0.510333333333333,0.499920984977873,0,0,1,1,1,1.00119138937182,1478,1,1,"z[141,2]"
0.449444444444444,0.497465207477409,0,0,0,1,1,1.00082743668991,2036,1,1,"z[142,2]"
0.561777777777778,0.496196395528412,0,0,1,1,1,1.00388192569672,506,1,1,"z[143,2]"
0.421666666666667,0.493853204796266,0,0,0,1,1,1.00069628166161,2383,1,1,"z[144,2]"
0.640777777777778,0.479799120321483,0,0,1,1,1,1.00022624795665,5538,1,1,"z[145,2]"
0.589777777777778,0.491901246004992,0,0,1,1,1,1.00189684805702,1008,1,1,"z[146,2]"
0.678,0.467268937581873,0,0,1,1,1,1.00384125255487,575,1,1,"z[147,2]"
0.640777777777778,0.479799120321483,0,0,1,1,1,1.00126680916274,1523,1,1,"z[148,2]"
0.571888888888889,0.494832491083051,0,0,1,1,1,1.0030703049195,635,1,1,"z[149,2]"
0.541555555555556,0.498297827380261,0,0,1,1,1,1.00126130328949,1415,1,1,"z[150,2]"
0.466333333333333,0.498892984985588,0,0,0,1,1,1.00278078448459,688,1,1,"z[151,2]"
0.564444444444444,0.495857069062711,0,0,1,1,1,1.0012908312801,1400,1,1,"z[152,2]"
0.558222222222222,0.496626194450847,0,0,1,1,1,1.00075163465708,2214,1,1,"z[153,2]"
0.787333333333333,0.409216522171334,0,1,1,1,1,1.00444184739623,655,1,1,"z[154,2]"
0.796666666666667,0.402500794600962,0,1,1,1,1,1.00167329368187,1681,1,1,"z[155,2]"
1,0,1,1,1,1,1,NA,1,0,1,"z[156,2]"
0.577222222222222,0.49402818401407,0,0,1,1,1,1.00228446252349,840,1,1,"z[157,2]"
0.559222222222222,0.496507924931166,0,0,1,1,1,1.00073364610639,2258,1,1,"z[158,2]"
0.536888888888889,0.498665057453778,0,0,1,1,1,1.00011986909145,7021,1,1,"z[159,2]"
0.508333333333333,0.499958326966548,0,0,1,1,1,1.00075417757209,2178,1,1,"z[160,2]"
0.545888888888889,0.497917419597269,0,0,1,1,1,1.00056917905937,2747,1,1,"z[161,2]"
0.540444444444444,0.498389251496841,0,0,1,1,1,1.00079608458709,2096,1,1,"z[162,2]"
0.639555555555556,0.480156082503479,0,0,1,1,1,1.00253362157137,809,1,1,"z[163,2]"
0.683222222222222,0.465245814265397,0,0,1,1,1,1.00270190464791,810,1,1,"z[164,2]"
0.639888888888889,0.480059064143148,0,0,1,1,1,1.00325553851684,638,1,1,"z[165,2]"
0.702888888888889,0.457011274866295,0,0,1,1,1,1.00309620907138,735,1,1,"z[166,2]"
0.548666666666667,0.497653567484811,0,0,1,1,1,1.0010600266974,1651,1,1,"z[167,2]"
0.570333333333333,0.49505601035005,0,0,1,1,1,1.00066840534551,2451,1,1,"z[168,2]"
0.389333333333333,0.487626197831997,0,0,0,1,1,1.0031505851292,641,1,1,"z[169,2]"
0.501888888888889,0.500024211980608,0,0,1,1,1,1.00101390834638,1699,1,1,"z[170,2]"
0.560444444444444,0.496360598766017,0,0,1,1,1,1.0012338319563,1455,1,1,"z[171,2]"
0.571666666666667,0.494864727992409,0,0,1,1,1,1.00078844265634,2143,1,1,"z[172,2]"
0.540222222222222,0.498407237031624,0,0,1,1,1,1.00023779371457,4982,1,1,"z[173,2]"
0.573222222222222,0.494636928716048,0,0,1,1,1,1.00018060158328,5886,1,1,"z[174,2]"
0.585111111111111,0.492730225034569,0,0,1,1,1,1.00098393972025,1793,1,1,"z[175,2]"
0.495,0.500002778078736,0,0,0,1,1,0.999950981699196,9000,1,1,"z[176,2]"
0.519555555555556,0.499645192727448,0,0,1,1,1,1.00034208323571,3942,1,1,"z[177,2]"
0.548,0.497718318766843,0,0,1,1,1,1.00289714028255,663,1,1,"z[178,2]"
0.529222222222222,0.49917306387701,0,0,1,1,1,1.00065825287124,2437,1,1,"z[179,2]"
0.332333333333333,0.471075944873464,0,0,0,1,1,1.00911201131085,246,1,1,"z[180,2]"
0.307222222222222,0.461367943780607,0,0,0,1,1,1.03998090018675,63,1,1,"z[181,2]"
0.495333333333333,0.500006000630733,0,0,0,1,1,1.00119311381056,1476,1,1,"z[1,3]"
0.490666666666667,0.499940656551697,0,0,0,1,1,0.999981305643573,9000,1,1,"z[2,3]"
0.441111111111111,0.496547575026598,0,0,0,1,1,0.999984013838272,9000,1,1,"z[3,3]"
0.466888888888889,0.498930168817045,0,0,0,1,1,1.00128911163702,1386,1,1,"z[4,3]"
0.487888888888889,0.499881071408706,0,0,0,1,1,1.00228793246578,820,1,1,"z[5,3]"
0.490222222222222,0.499932160700147,0,0,0,1,1,1.00086568959944,1943,1,1,"z[6,3]"
0.526666666666667,0.499316123044613,0,0,1,1,1,1.00086101043519,1957,1,1,"z[7,3]"
0.553555555555556,0.497151148655666,0,0,1,1,1,1.00057832369733,2720,1,1,"z[8,3]"
0.442111111111111,0.496665163887425,0,0,0,1,1,1.00049522813808,3067,1,1,"z[9,3]"
0.568666666666667,0.495289961329701,0,0,1,1,1,1.00494886665782,403,1,1,"z[10,3]"
0.562888888888889,0.496056780040564,0,0,1,1,1,1.00392640506364,503,1,1,"z[11,3]"
0.431888888888889,0.495366674184194,0,0,0,1,1,1.00053590209436,2906,1,1,"z[12,3]"
0.490888888888889,0.49994475624237,0,0,0,1,1,1.00213017609057,877,1,1,"z[13,3]"
0.507888888888889,0.499965538193303,0,0,1,1,1,1.00191487284139,966,1,1,"z[14,3]"
0.491444444444444,0.499954573136114,0,0,0,1,1,1.00231673742904,811,1,1,"z[15,3]"
1,0,1,1,1,1,1,NA,1,0,1,"z[16,3]"
0.549333333333333,0.497587914480406,0,0,1,1,1,1.00067750820095,2396,1,1,"z[17,3]"
0.354555555555556,0.478404999691214,0,0,0,1,1,1.00031390069398,4557,1,1,"z[18,3]"
0.529888888888889,0.499133585239329,0,0,1,1,1,1.00099444014724,1733,1,1,"z[19,3]"
0.522444444444444,0.499523744980492,0,0,1,1,1,1.00047362089922,3135,1,1,"z[20,3]"
0.526,0.49935128491382,0,0,1,1,1,1.00072616072797,2252,1,1,"z[21,3]"
0.507666666666667,0.4999689955939,0,0,1,1,1,1.00051286281345,2949,1,1,"z[22,3]"
0.499,0.500026780036247,0,0,0,1,1,0.999858205832543,9000,1,1,"z[23,3]"
0.455222222222222,0.498018582659125,0,0,0,1,1,1.00012252205446,6973,1,1,"z[24,3]"
0.701111111111111,0.457796469392759,0,0,1,1,1,1.00443573115874,521,1,1,"z[25,3]"
0.687666666666667,0.463470699671925,0,0,1,1,1,1.00255325328005,857,1,1,"z[26,3]"
0.551222222222222,0.497396997637458,0,0,1,1,1,1.00034233550878,3974,1,1,"z[27,3]"
0.444333333333333,0.496919167209175,0,0,0,1,1,1.00085738587068,1983,1,1,"z[28,3]"
0.437888888888889,0.496154776304839,0,0,0,1,1,1.00087780085454,1951,1,1,"z[29,3]"
0.572222222222222,0.49478394462268,0,0,1,1,1,1.0033861091503,580,1,1,"z[30,3]"
0.497111111111111,0.500019433880452,0,0,0,1,1,0.999928245438566,9000,1,1,"z[31,3]"
0.541222222222222,0.498325516535793,0,0,1,1,1,1.0027280184542,700,1,1,"z[32,3]"
0.458555555555556,0.498307082047723,0,0,0,1,1,1.00029056207751,4407,1,1,"z[33,3]"
0.424222222222222,0.494251829696688,0,0,0,1,1,1.00025712071352,4831,1,1,"z[34,3]"
0.507222222222222,0.499975613979781,0,0,1,1,1,1.00011573055277,7087,1,1,"z[35,3]"
0.485444444444444,0.499815859216099,0,0,0,1,1,1.00093747751803,1818,1,1,"z[36,3]"
0.501555555555556,0.500025360199423,0,0,1,1,1,1.00030793713856,4219,1,1,"z[37,3]"
0.414555555555556,0.492672524597415,0,0,0,1,1,1.00051470197572,3029,1,1,"z[38,3]"
0.441444444444444,0.49658699818181,0,0,0,1,1,1.00075947523372,2194,1,1,"z[39,3]"
0.513555555555556,0.499843983017544,0,0,1,1,1,1.00150670795039,1201,1,1,"z[40,3]"
0.522333333333333,0.499528725561255,0,0,1,1,1,1.00182906775786,1010,1,1,"z[41,3]"
0.602444444444444,0.489419810021424,0,0,1,1,1,1.00091684922762,1934,1,1,"z[42,3]"
0.492333333333333,0.4999689955939,0,0,0,1,1,1.00102998418426,1677,1,1,"z[43,3]"
0.641444444444444,0.479602988736984,0,0,1,1,1,0.999932194695125,9000,1,1,"z[44,3]"
0.626,0.483890500700849,0,0,1,1,1,1.00003639209564,9000,1,1,"z[45,3]"
0.617555555555556,0.486011251488275,0,0,1,1,1,1.01481050569921,146,1,1,"z[46,3]"
0.615333333333333,0.486543446104473,0,0,1,1,1,1.01980511386673,110,1,1,"z[47,3]"
0.386666666666667,0.487013253516792,0,0,0,1,1,1.00699160488342,299,1,1,"z[48,3]"
0.318777777777778,0.466028580214792,0,0,0,1,1,1.00295286525887,740,1,1,"z[49,3]"
0.501333333333333,0.500026002213095,0,0,1,1,1,1.00152877725786,1185,1,1,"z[50,3]"
0.501222222222222,0.500026286180418,0,0,1,1,1,1.00278657813885,683,1,1,"z[51,3]"
0.503555555555556,0.500015137255275,0,0,1,1,1,1.00298282504847,641,1,1,"z[52,3]"
0.528333333333333,0.499224312187738,0,0,1,1,1,1.00163249507553,1120,1,1,"z[53,3]"
0.498777777777778,0.500026286180418,0,0,0,1,1,1.00040176995791,3523,1,1,"z[54,3]"
0.541,0.498343851237283,0,0,1,1,1,1.00239172520279,792,1,1,"z[55,3]"
0.517444444444444,0.499723361878086,0,0,1,1,1,0.999952239423247,9000,1,1,"z[56,3]"
0.491444444444444,0.499954573136114,0,0,0,1,1,1.00042170859857,3405,1,1,"z[57,3]"
0.488333333333333,0.499891642887028,0,0,0,1,1,1.00145374961535,1240,1,1,"z[58,3]"
0.435222222222222,0.495813628371436,0,0,0,1,1,1.00054800017341,2849,1,1,"z[59,3]"
0.371111111111111,0.483128957074846,0,0,0,1,1,1.00643710088623,330,1,1,"z[60,3]"
0.508444444444444,0.49995646240298,0,0,1,1,1,1.0006426218687,2477,1,1,"z[61,3]"
0.538222222222222,0.498564619932484,0,0,1,1,1,1.00255641560374,744,1,1,"z[62,3]"
0.483,0.49973868046196,0,0,0,1,1,1.00147910656467,1222,1,1,"z[63,3]"
0.524111111111111,0.499446063739005,0,0,1,1,1,1.00068290539581,2364,1,1,"z[64,3]"
0.449666666666667,0.497487743462076,0,0,0,1,1,1.00021667853458,5275,1,1,"z[65,3]"
0.530111111111111,0.499120227098529,0,0,1,1,1,1.00286878198984,666,1,1,"z[66,3]"
0.522666666666667,0.499513709515564,0,0,1,1,1,1.00213253478095,877,1,1,"z[67,3]"
0.543444444444444,0.498136679411228,0,0,1,1,1,1.00201057224574,930,1,1,"z[68,3]"
0.499777777777778,0.500027730707345,0,0,0,1,1,1.00076710703621,2147,1,1,"z[69,3]"
0.458111111111111,0.498269913667477,0,0,0,1,1,1.00199888333377,936,1,1,"z[70,3]"
0.437777777777778,0.496140852682118,0,0,0,1,1,1.00054440976447,2860,1,1,"z[71,3]"
0.541333333333333,0.498316311765771,0,0,1,1,1,1.00043244344323,3365,1,1,"z[72,3]"
0.569222222222222,0.495212613271411,0,0,1,1,1,1.00043292872136,3406,1,1,"z[73,3]"
0.578444444444444,0.493835565951576,0,0,1,1,1,1.00132019226292,1382,1,1,"z[74,3]"
0.597222222222222,0.490484016063676,0,0,1,1,1,1.00057911885849,2795,1,1,"z[75,3]"
0.327222222222222,0.469225215749757,0,0,0,1,1,1.01068722327291,212,1,1,"z[76,3]"
0.424333333333333,0.494268854156227,0,0,0,1,1,1.00197479712821,960,1,1,"z[77,3]"
0.466444444444444,0.498900471470642,0,0,0,1,1,1.00079672539232,2090,1,1,"z[78,3]"
0.532111111111111,0.498995533873547,0,0,1,1,1,1.00004381582714,9000,1,1,"z[79,3]"
0.298333333333333,0.457551982938319,0,0,0,1,1,1.01190816621265,203,1,1,"z[80,3]"
0.499888888888889,0.500027767746442,0,0,0,1,1,1.00067340893016,2386,1,1,"z[81,3]"
0.465444444444444,0.498832197992246,0,0,0,1,1,1.0029050606071,659,1,1,"z[82,3]"
0.514333333333333,0.499822282006714,0,0,1,1,1,1.00105112301686,1649,1,1,"z[83,3]"
0.483888888888889,0.499768130355691,0,0,0,1,1,1.00104107862359,1663,1,1,"z[84,3]"
0.500666666666667,0.500027335623472,0,0,1,1,1,1.00148994356254,1213,1,1,"z[85,3]"
0.527777777777778,0.499255535956147,0,0,1,1,1,1.00174350130485,1056,1,1,"z[86,3]"
0.491888888888889,0.499961981984888,0,0,0,1,1,1.00039882148176,3543,1,1,"z[87,3]"
0.484555555555556,0.499789179048495,0,0,0,1,1,1.00144834562893,1245,1,1,"z[88,3]"
0.528333333333333,0.499224312187738,0,0,1,1,1,1.00049136049567,3055,1,1,"z[89,3]"
0.527333333333333,0.499280068430394,0,0,1,1,1,1.00152558998028,1190,1,1,"z[90,3]"
0.409333333333333,0.491738165018622,0,0,0,1,1,1.00152556369554,1226,1,1,"z[91,3]"
0.508222222222222,0.499960166827093,0,0,1,1,1,1.00150865677293,1200,1,1,"z[92,3]"
0.520333333333333,0.499614141590007,0,0,1,1,1,1.00194886962561,952,1,1,"z[93,3]"
0.486,0.499831730769809,0,0,0,1,1,1.00012937123967,6766,1,1,"z[94,3]"
0.273555555555556,0.445808250661223,0,0,0,1,1,1.00995082489364,252,1,1,"z[95,3]"
0.489777777777778,0.499923269538101,0,0,0,1,1,1.000354129222,3847,1,1,"z[96,3]"
0.493666666666667,0.499987665143995,0,0,0,1,1,1.00155059983004,1170,1,1,"z[97,3]"
0.492777777777778,0.499975613979781,0,0,0,1,1,1.00088500934393,1907,1,1,"z[98,3]"
0.546111111111111,0.497896886937548,0,0,1,1,1,1.00083077255047,2029,1,1,"z[99,3]"
0.456333333333333,0.498117246438047,0,0,0,1,1,1.00027789505298,4536,1,1,"z[100,3]"
0.470111111111111,0.499133585239329,0,0,0,1,1,1.00167630733582,1094,1,1,"z[101,3]"
0.495888888888889,0.500010877633526,0,0,0,1,1,1.00274757369832,692,1,1,"z[102,3]"
0.580555555555556,0.493495554419294,0,0,1,1,1,0.999837794693343,9000,1,1,"z[103,3]"
0.497666666666667,0.500022335316224,0,0,0,1,1,1.0013158114781,1354,1,1,"z[104,3]"
0.499555555555556,0.500027582550929,0,0,0,1,1,1.00351031386163,549,1,1,"z[105,3]"
0.466111111111111,0.498877937429515,0,0,0,1,1,1.001661179786,1104,1,1,"z[106,3]"
0.509222222222222,0.499942718749701,0,0,1,1,1,1.00198574472507,935,1,1,"z[107,3]"
0.494333333333333,0.49999566616635,0,0,0,1,1,1.0013131153766,1357,1,1,"z[108,3]"
0.528666666666667,0.499205280188395,0,0,1,1,1,1.00024285163224,4905,1,1,"z[109,3]"
0.501333333333333,0.500026002213095,0,0,1,1,1,1.00185138139707,996,1,1,"z[110,3]"
0.521888888888889,0.499548400223537,0,0,1,1,1,1.0018430671432,1002,1,1,"z[111,3]"
0.509777777777778,0.499932160700147,0,0,1,1,1,1.00319979719047,600,1,1,"z[112,3]"
0.630888888888889,0.482590899078984,0,0,1,1,1,0.999844703216465,9000,1,1,"z[113,3]"
0.515444444444444,0.499789179048495,0,0,1,1,1,1.00103404129481,1673,1,1,"z[114,3]"
0.319333333333333,0.466244259268716,0,0,0,1,1,1.00856186920382,270,1,1,"z[115,3]"
1,0,1,1,1,1,1,NA,1,0,1,"z[116,3]"
0.584888888888889,0.49276856295668,0,0,1,1,1,1.00054684146313,2888,1,1,"z[117,3]"
0.616222222222222,0.486331856775285,0,0,1,1,1,1.00048791379582,3230,1,1,"z[118,3]"
0.667,0.471312721812615,0,0,1,1,1,1.00090154064936,2107,1,1,"z[119,3]"
0.493444444444444,0.49998480054931,0,0,0,1,1,1.00440059011793,443,1,1,"z[120,3]"
0.579444444444444,0.493675662520106,0,0,1,1,1,1.00682077267009,298,1,1,"z[121,3]"
0.511111111111111,0.499904301197211,0,0,1,1,1,1.00344912040796,559,1,1,"z[122,3]"
0.539,0.498504374951475,0,0,1,1,1,1.00115018399685,1532,1,1,"z[123,3]"
0.540111111111111,0.49841619239678,0,0,1,1,1,1.0016762379709,1097,1,1,"z[124,3]"
0.546,0.497907165772198,0,0,1,1,1,1.00248668732575,765,1,1,"z[125,3]"
0.507444444444444,0.499972354188729,0,0,1,1,1,1.00153038579046,1184,1,1,"z[126,3]"
0.512666666666667,0.499867300981925,0,0,1,1,1,1.00489896811661,400,1,1,"z[127,3]"
0.506555555555556,0.49998480054931,0,0,1,1,1,1.00169299607708,1081,1,1,"z[128,3]"
0.472555555555556,0.49927397251986,0,0,0,1,1,1.00067687917544,2384,1,1,"z[129,3]"
0.475888888888889,0.499446063739005,0,0,0,1,1,1.00107915359033,1614,1,1,"z[130,3]"
0.440888888888889,0.496521166848573,0,0,0,1,1,1.00205185602902,920,1,1,"z[131,3]"
0.481222222222222,0.499675031138828,0,0,0,1,1,1.00014736314306,6382,1,1,"z[132,3]"
0.467,0.498937531010741,0,0,0,1,1,1.00053598416758,2864,1,1,"z[133,3]"
0.510888888888889,0.499909191541455,0,0,1,1,1,1.00158496323462,1148,1,1,"z[134,3]"
0.471666666666667,0.499224312187738,0,0,0,1,1,1.00102510497806,1688,1,1,"z[135,3]"
0.498777777777778,0.500026286180418,0,0,0,1,1,1.00161700129461,1127,1,1,"z[136,3]"
0.444888888888889,0.496981095001239,0,0,0,1,1,1.00073067151636,2262,1,1,"z[137,3]"
0.502888888888889,0.500019433880452,0,0,1,1,1,1.00013284644396,6682,1,1,"z[138,3]"
0.563888888888889,0.495928963822894,0,0,1,1,1,1.00043172016694,3402,1,1,"z[139,3]"
0.574,0.494521154605628,0,0,1,1,1,1.00107351104562,1652,1,1,"z[140,3]"
0.441111111111111,0.496547575026598,0,0,0,1,1,1.00108908026803,1619,1,1,"z[141,3]"
0.380888888888889,0.485632317206296,0,0,0,1,1,1.00159360658658,1212,1,1,"z[142,3]"
0.506111111111111,0.49999043094398,0,0,1,1,1,1.00081021261018,2053,1,1,"z[143,3]"
0.34,0.47373509064034,0,0,0,1,1,1.00358653181592,601,1,1,"z[144,3]"
0.497888888888889,0.500023323035199,0,0,0,1,1,1.00003526509472,9000,1,1,"z[145,3]"
0.441777777777778,0.496626194450847,0,0,0,1,1,1.00052847785015,2921,1,1,"z[146,3]"
0.560444444444444,0.496360598766017,0,0,1,1,1,1.00208258246091,908,1,1,"z[147,3]"
0.486888888888889,0.499855839745534,0,0,0,1,1,1.00073969089939,2213,1,1,"z[148,3]"
0.514888888888889,0.499806039597819,0,0,1,1,1,1.00049702082492,3021,1,1,"z[149,3]"
0.491777777777778,0.499960166827093,0,0,0,1,1,0.999971589504813,9000,1,1,"z[150,3]"
0.353111111111111,0.477963426997696,0,0,0,1,1,1.00123806736503,1566,1,1,"z[151,3]"
0.504888888888889,0.500003876958954,0,0,1,1,1,1.00044462301448,3277,1,1,"z[152,3]"
0.516666666666667,0.499749909673964,0,0,1,1,1,0.999985680429916,9000,1,1,"z[153,3]"
0.669333333333333,0.470479347854311,0,0,1,1,1,1.00479879019675,459,1,1,"z[154,3]"
0.669555555555556,0.470399298199822,0,0,1,1,1,1.00014551675055,7248,1,1,"z[155,3]"
0.688333333333333,0.463200167241734,0,0,1,1,1,1.03482866559643,71,1,1,"z[156,3]"
0.552555555555556,0.497257868225524,0,0,1,1,1,1.00007412461224,8405,1,1,"z[157,3]"
0.504777777777778,0.5000049511429,0,0,1,1,1,1.00049044645036,3049,1,1,"z[158,3]"
0.503666666666667,0.500014334720619,0,0,1,1,1,1.00046621428908,3165,1,1,"z[159,3]"
0.426555555555556,0.494603977981628,0,0,0,1,1,1.00156313216645,1185,1,1,"z[160,3]"
0.503222222222222,0.500017396692083,0,0,1,1,1,1.00079549374102,2084,1,1,"z[161,3]"
0.460222222222222,0.498442908899414,0,0,0,1,1,1.00124016911832,1435,1,1,"z[162,3]"
0.534,0.498870376356246,0,0,1,1,1,1.00236013535342,800,1,1,"z[163,3]"
0.563111111111111,0.496028553525657,0,0,1,1,1,0.999859734535052,9000,1,1,"z[164,3]"
0.534,0.498870376356246,0,0,1,1,1,1.00137587342082,1307,1,1,"z[165,3]"
0.574888888888889,0.494387309674067,0,0,1,1,1,1.00073235552366,2279,1,1,"z[166,3]"
0.498666666666667,0.500026002213095,0,0,0,1,1,1.00105368476368,1644,1,1,"z[167,3]"
0.522666666666667,0.499513709515564,0,0,1,1,1,1.00024638538652,4858,1,1,"z[168,3]"
0.326333333333333,0.46889691645135,0,0,0,1,1,1.00697871344458,325,1,1,"z[169,3]"
0.430444444444444,0.495165899414885,0,0,0,1,1,1.00281091403366,689,1,1,"z[170,3]"
0.497222222222222,0.500020063555177,0,0,0,1,1,1.00067051253436,2394,1,1,"z[171,3]"
0.506666666666667,0.499983331203427,0,0,1,1,1,1.00066735987518,2404,1,1,"z[172,3]"
0.477777777777778,0.499533681375205,0,0,0,1,1,1.00067950812075,2373,1,1,"z[173,3]"
0.503666666666667,0.500014334720619,0,0,1,1,1,1.00161200923583,1130,1,1,"z[174,3]"
0.530888888888889,0.499072691481163,0,0,1,1,1,1.00104982154921,1656,1,1,"z[175,3]"
0.44,0.496414525190481,0,0,0,1,1,1.00172079230168,1079,1,1,"z[176,3]"
0.472888888888889,0.499292185840864,0,0,0,1,1,1.00128189485078,1390,1,1,"z[177,3]"
0.503555555555556,0.500015137255275,0,0,1,1,1,1.00260063269176,728,1,1,"z[178,3]"
0.484666666666667,0.499792600612564,0,0,0,1,1,1.00173963940473,1055,1,1,"z[179,3]"
0.251555555555556,0.433931192510474,0,0,0,1,1,1.01870992253007,145,1,1,"z[180,3]"
0.266444444444444,0.442123876022694,0,0,0,1,1,1.03250677474701,83,1,1,"z[181,3]"
0.524555555555556,0.499424407244176,0,0,1,1,1,1.00215903307912,868,1,1,"z[1,4]"
0.516111111111111,0.499768130355691,0,0,1,1,1,1.00119563411032,1475,1,1,"z[2,4]"
0.472444444444444,0.499267851804583,0,0,0,1,1,1.00147945602575,1224,1,1,"z[3,4]"
0.489444444444444,0.4999163417314,0,0,0,1,1,1.00091543962486,1854,1,1,"z[4,4]"
0.519777777777778,0.499636444731173,0,0,1,1,1,0.99986224787736,9000,1,1,"z[5,4]"
0.520555555555556,0.499605047059427,0,0,1,1,1,1.00050073672774,3008,1,1,"z[6,4]"
0.537,0.498656824616415,0,0,1,1,1,1.00035289623131,3877,1,1,"z[7,4]"
0.586888888888889,0.492419803527189,0,0,1,1,1,0.99994561214993,9000,1,1,"z[8,4]"
0.452333333333333,0.497750356372133,0,0,0,1,1,1.00039017685368,3630,1,1,"z[9,4]"
0.548555555555556,0.497664421975193,0,0,1,1,1,1.00024482013523,4913,1,1,"z[10,4]"
0.594333333333333,0.491047873657755,0,0,1,1,1,1.00218784889523,884,1,1,"z[11,4]"
0.467555555555556,0.498973969176765,0,0,0,1,1,0.999906918147971,9000,1,1,"z[12,4]"
0.526444444444444,0.499327942852161,0,0,1,1,1,1.00084787102537,1982,1,1,"z[13,4]"
0.541444444444444,0.498307082047723,0,0,1,1,1,1.00011411530873,7176,1,1,"z[14,4]"
0.517666666666667,0.499715554161128,0,0,1,1,1,0.999844307979956,9000,1,1,"z[15,4]"
1,0,1,1,1,1,1,NA,1,0,1,"z[16,4]"
0.552333333333333,0.497281307455152,0,0,1,1,1,0.999976045965377,9000,1,1,"z[17,4]"
0.383333333333333,0.486225418134113,0,0,0,1,1,1.00019214952393,5894,1,1,"z[18,4]"
0.546777777777778,0.497834688641473,0,0,1,1,1,0.999838545337582,9000,1,1,"z[19,4]"
0.555222222222222,0.496968759749625,0,0,1,1,1,1.0006434266122,2503,1,1,"z[20,4]"
0.564333333333333,0.49587149864805,0,0,1,1,1,1.00077622630152,2161,1,1,"z[21,4]"
0.547111111111111,0.497803251737776,0,0,1,1,1,1.00047096856941,3171,1,1,"z[22,4]"
0.524444444444444,0.499429858539362,0,0,1,1,1,0.999931679377632,9000,1,1,"z[23,4]"
0.471666666666667,0.499224312187738,0,0,0,1,1,1.00044939258868,3261,1,1,"z[24,4]"
1,0,1,1,1,1,1,NA,1,0,1,"z[25,4]"
1,0,1,1,1,1,1,NA,1,0,1,"z[26,4]"
0.571222222222222,0.494928896146574,0,0,1,1,1,1.00042286145017,3470,1,1,"z[27,4]"
0.456555555555556,0.498136679411228,0,0,0,1,1,1.00021389423914,5299,1,1,"z[28,4]"
0.460444444444444,0.498460595253832,0,0,0,1,1,0.999894017443846,9000,1,1,"z[29,4]"
0.568555555555556,0.495305354707424,0,0,1,1,1,1.00141185613366,1297,1,1,"z[30,4]"
0.505222222222222,0.500000506228831,0,0,1,1,1,1.00024094983223,4912,1,1,"z[31,4]"
0.561888888888889,0.496182547725863,0,0,1,1,1,1.00103494586836,1694,1,1,"z[32,4]"
0.462444444444444,0.498615286950504,0,0,0,1,1,1.00069689182019,2334,1,1,"z[33,4]"
0.445222222222222,0.497017949865668,0,0,0,1,1,0.999906881253217,9000,1,1,"z[34,4]"
0.532111111111111,0.498995533873547,0,0,1,1,1,0.999969982920523,9000,1,1,"z[35,4]"
0.522555555555556,0.499518739632177,0,0,1,1,1,0.999851267281575,9000,1,1,"z[36,4]"
0.540444444444444,0.498389251496841,0,0,1,1,1,1.00105395410477,1655,1,1,"z[37,4]"
0.427777777777778,0.49478394462268,0,0,0,1,1,1.00011202416003,7334,1,1,"z[38,4]"
0.472444444444444,0.499267851804583,0,0,0,1,1,1.00008389112859,8009,1,1,"z[39,4]"
0.545111111111111,0.497988496233851,0,0,1,1,1,1.00046466121099,3198,1,1,"z[40,4]"
0.566,0.495652395142762,0,0,1,1,1,1.00113993245538,1562,1,1,"z[41,4]"
0.640111111111111,0.479994245725326,0,0,1,1,1,0.999935269953573,9000,1,1,"z[42,4]"
0.516666666666667,0.499749909673964,0,0,1,1,1,1.00007213915468,8387,1,1,"z[43,4]"
0.668,0.470957157835038,0,0,1,1,1,1.00133506975694,1505,1,1,"z[44,4]"
0.638,0.480605518725496,0,0,1,1,1,1.00068960965851,2529,1,1,"z[45,4]"
0.676555555555556,0.467816687113299,0,0,1,1,1,1.01443625169708,160,1,1,"z[46,4]"
0.670333333333333,0.470118189762762,0,0,1,1,1,1.02274100033804,104,1,1,"z[47,4]"
0.423666666666667,0.494166323817261,0,0,0,1,1,1.00032738944594,4153,1,1,"z[48,4]"
0.350222222222222,0.477065933884851,0,0,0,1,1,1.00096952135585,1940,1,1,"z[49,4]"
0.551666666666667,0.49735102270147,0,0,1,1,1,1.00031514325088,4198,1,1,"z[50,4]"
0.529444444444444,0.499160003620687,0,0,1,1,1,1.00099868366035,1727,1,1,"z[51,4]"
0.529,0.499186024854174,0,0,1,1,1,1.00073078676445,2240,1,1,"z[52,4]"
0.568222222222222,0.495351382415398,0,0,1,1,1,1.00143395236167,1279,1,1,"z[53,4]"
0.531888888888889,0.499009786104833,0,0,1,1,1,1.00034066137182,3964,1,1,"z[54,4]"
0.565777777777778,0.495681938359174,0,0,1,1,1,1.00186738757837,1005,1,1,"z[55,4]"
0.554888888888889,0.497005690057394,0,0,1,1,1,0.999972212750255,9000,1,1,"z[56,4]"
0.530444444444444,0.499100003677274,0,0,1,1,1,1.00001375167124,9000,1,1,"z[57,4]"
0.510111111111111,0.499925529390109,0,0,1,1,1,1.00010071628002,7487,1,1,"z[58,4]"
0.472888888888889,0.499292185840864,0,0,0,1,1,1.00007704470654,8235,1,1,"z[59,4]"
0.397555555555556,0.489419810021424,0,0,0,1,1,1.00009423638062,8001,1,1,"z[60,4]"
0.540555555555556,0.498380221324512,0,0,1,1,1,1.00000635495931,9000,1,1,"z[61,4]"
0.557666666666667,0.496691017520158,0,0,1,1,1,1.00055796764679,2801,1,1,"z[62,4]"
0.506777777777778,0.499981837158227,0,0,1,1,1,0.999858906609833,9000,1,1,"z[63,4]"
0.561666666666667,0.496210218061806,0,0,1,1,1,1.00072409324605,2287,1,1,"z[64,4]"
0.481555555555556,0.499687447840898,0,0,0,1,1,0.999957336258476,9000,1,1,"z[65,4]"
0.564555555555556,0.495842614156306,0,0,1,1,1,1.0023692763432,807,1,1,"z[66,4]"
0.552555555555556,0.497257868225524,0,0,1,1,1,1.0009819391324,1766,1,1,"z[67,4]"
0.596444444444444,0.490637561120291,0,0,1,1,1,1.00089576285942,1961,1,1,"z[68,4]"
0.540444444444444,0.498389251496841,0,0,1,1,1,1.00073664781552,2235,1,1,"z[69,4]"
0.515,0.499802716941157,0,0,1,1,1,1.00242510532096,778,1,1,"z[70,4]"
0.481666666666667,0.499691537254335,0,0,0,1,1,1.00199501896102,932,1,1,"z[71,4]"
0.560888888888889,0.496306268436132,0,0,1,1,1,0.999883799284628,9000,1,1,"z[72,4]"
0.579666666666667,0.493639846255211,0,0,1,1,1,1.00005274177772,9000,1,1,"z[73,4]"
0.585333333333333,0.49269178388769,0,0,1,1,1,0.999902180087054,9000,1,1,"z[74,4]"
0.610666666666667,0.487626197831997,0,0,1,1,1,0.999892597786214,9000,1,1,"z[75,4]"
0.308444444444444,0.461876793623907,0,0,0,1,1,1.01435822763063,165,1,1,"z[76,4]"
0.447777777777778,0.49729298941289,0,0,0,1,1,1.00016259147122,6147,1,1,"z[77,4]"
0.482,0.499703657041391,0,0,0,1,1,0.999868071950899,9000,1,1,"z[78,4]"
0.537555555555556,0.498615286950504,0,0,1,1,1,0.999992279249636,9000,1,1,"z[79,4]"
0.359,0.479733854985312,0,0,0,1,1,1.00591458049452,361,1,1,"z[80,4]"
0.521777777777778,0.499553256977573,0,0,1,1,1,1.00025310313948,4778,1,1,"z[81,4]"
0.500333333333333,0.50002766897551,0,0,1,1,1,1.00201530422158,922,1,1,"z[82,4]"
0.546666666666667,0.497845117566262,0,0,1,1,1,1.00019012776875,5657,1,1,"z[83,4]"
0.516777777777778,0.499746191337976,0,0,1,1,1,1.00110123266602,1585,1,1,"z[84,4]"
0.529111111111111,0.499179556775002,0,0,1,1,1,1.00013063521149,6753,1,1,"z[85,4]"
0.554888888888889,0.497005690057394,0,0,1,1,1,1.00013595397771,6694,1,1,"z[86,4]"
0.531444444444444,0.499037992445924,0,0,1,1,1,1.00030702166592,4245,1,1,"z[87,4]"
0.503666666666667,0.500014334720619,0,0,1,1,1,0.999972321258329,9000,1,1,"z[88,4]"
0.547,0.497813755728808,0,0,1,1,1,1.00019562724681,5572,1,1,"z[89,4]"
0.557444444444444,0.496716770377937,0,0,1,1,1,1.00025524072999,4809,1,1,"z[90,4]"
0.433888888888889,0.49563758550702,0,0,0,1,1,0.999858590994971,9000,1,1,"z[91,4]"
0.531,0.499065801347775,0,0,1,1,1,1.00086820731586,1946,1,1,"z[92,4]"
0.545111111111111,0.497988496233851,0,0,1,1,1,1.00018250889305,5781,1,1,"z[93,4]"
0.512222222222222,0.499878366753921,0,0,1,1,1,1.00088610365081,1906,1,1,"z[94,4]"
0.353111111111111,0.477963426997696,0,0,0,1,1,1.00657379565787,330,1,1,"z[95,4]"
0.530444444444444,0.499100003677274,0,0,1,1,1,1.00171571809119,1072,1,1,"z[96,4]"
0.512444444444444,0.499872883299309,0,0,1,1,1,0.999983253677403,9000,1,1,"z[97,4]"
0.531666666666667,0.499023938959473,0,0,1,1,1,0.999873044806313,9000,1,1,"z[98,4]"
0.58,0.493585929372392,0,0,1,1,1,0.999834255463932,9000,1,1,"z[99,4]"
0.490666666666667,0.499940656551697,0,0,0,1,1,0.999951037588677,9000,1,1,"z[100,4]"
0.498555555555556,0.500025693552779,0,0,0,1,1,1.0005758936108,2698,1,1,"z[101,4]"
0.531,0.499065801347775,0,0,1,1,1,1.00062432450931,2544,1,1,"z[102,4]"
0.628777777777778,0.48315858884561,0,0,1,1,1,1.00105980453828,1751,1,1,"z[103,4]"
0.516666666666667,0.499749909673964,0,0,1,1,1,1.00017289797162,5900,1,1,"z[104,4]"
0.525111111111111,0.499396779016866,0,0,1,1,1,1.00020404563705,5412,1,1,"z[105,4]"
0.484777777777778,0.499795997449028,0,0,0,1,1,0.99985300726783,9000,1,1,"z[106,4]"
0.525,0.499402354231915,0,0,1,1,1,1.00024930869333,4824,1,1,"z[107,4]"
0.520555555555556,0.499605047059427,0,0,1,1,1,1.00032167397601,4107,1,1,"z[108,4]"
0.553,0.497210688459879,0,0,1,1,1,1.00016723690332,6063,1,1,"z[109,4]"
0.525888888888889,0.499357058444012,0,0,1,1,1,1.0003034385947,4272,1,1,"z[110,4]"
0.560666666666667,0.496333484097519,0,0,1,1,1,1.00052219192838,2953,1,1,"z[111,4]"
0.518111111111111,0.499699641853979,0,0,1,1,1,1.00001763131308,9000,1,1,"z[112,4]"
0.659222222222222,0.473997096662838,0,0,1,1,1,1.0004392043441,3676,1,1,"z[113,4]"
0.543,0.498175245668897,0,0,1,1,1,0.999930760504766,9000,1,1,"z[114,4]"
0.298333333333333,0.457551982938319,0,0,0,1,1,1.00076471418545,2574,1,1,"z[115,4]"
0.702777777777778,0.457060591648172,0,0,1,1,1,1.00499048927733,469,1,1,"z[116,4]"
0.647,0.477929262127496,0,0,1,1,1,1.00161871621711,1229,1,1,"z[117,4]"
0.672555555555556,0.469306991599148,0,0,1,1,1,1.00154024138872,1337,1,1,"z[118,4]"
0.737111111111111,0.440227048583795,0,0,1,1,1,1.00199233378463,1203,1,1,"z[119,4]"
0.523,0.49949847054844,0,0,1,1,1,1.00234562576047,803,1,1,"z[120,4]"
0.620666666666667,0.485248099855277,0,0,1,1,1,1.00174589789248,1113,1,1,"z[121,4]"
0.543555555555556,0.49812697541288,0,0,1,1,1,1.00009526775595,7698,1,1,"z[122,4]"
0.557333333333333,0.496729609021121,0,0,1,1,1,1.00018233012257,5809,1,1,"z[123,4]"
0.561333333333333,0.496251534068165,0,0,1,1,1,1.00056812183682,2770,1,1,"z[124,4]"
0.572888888888889,0.494686163507201,0,0,1,1,1,1.00101312180124,1737,1,1,"z[125,4]"
0.538555555555556,0.498538950145214,0,0,1,1,1,1.00118473369568,1494,1,1,"z[126,4]"
0.551333333333333,0.497385541537719,0,0,1,1,1,1.00093724478332,1837,1,1,"z[127,4]"
0.532222222222222,0.498988370489003,0,0,1,1,1,1.00053714043156,2859,1,1,"z[128,4]"
0.503222222222222,0.500017396692083,0,0,1,1,1,1.00054862091452,2801,1,1,"z[129,4]"
0.517,0.49973868046196,0,0,1,1,1,1.00009387591288,7689,1,1,"z[130,4]"
0.462111111111111,0.498590065522806,0,0,0,1,1,1.00019329322211,5592,1,1,"z[131,4]"
0.522555555555556,0.499518739632177,0,0,1,1,1,1.00098303021993,1749,1,1,"z[132,4]"
0.500111111111111,0.500027767746442,0,0,1,1,1,1.00001005298342,9000,1,1,"z[133,4]"
0.540777777777778,0.498362086163205,0,0,1,1,1,1.00032620999078,4089,1,1,"z[134,4]"
0.518888888888889,0.499670842748835,0,0,1,1,1,1.00085342337259,1968,1,1,"z[135,4]"
0.532555555555556,0.498966731246919,0,0,1,1,1,1.00035585966256,3850,1,1,"z[136,4]"
0.464444444444444,0.498761909984789,0,0,0,1,1,0.999860952330588,9000,1,1,"z[137,4]"
0.507555555555556,0.499970687241909,0,0,1,1,1,1.00050302425996,2992,1,1,"z[138,4]"
0.561111111111111,0.496278951765241,0,0,1,1,1,1.00003553984162,9000,1,1,"z[139,4]"
0.588444444444444,0.492142755567041,0,0,1,1,1,1.00047898419548,3199,1,1,"z[140,4]"
0.453555555555556,0.497865900360614,0,0,0,1,1,1.00003728140728,9000,1,1,"z[141,4]"
0.386777777777778,0.487039099803918,0,0,0,1,1,1.00043337142245,3519,1,1,"z[142,4]"
0.536666666666667,0.498681448442571,0,0,1,1,1,1.00033086936458,4048,1,1,"z[143,4]"
0.358444444444444,0.479570202229859,0,0,0,1,1,1.00048149025946,3357,1,1,"z[144,4]"
0.525,0.499402354231915,0,0,1,1,1,1.00044505907075,3282,1,1,"z[145,4]"
0.46,0.498425122828903,0,0,0,1,1,1.00000470699742,9000,1,1,"z[146,4]"
0.580666666666667,0.493477402381041,0,0,1,1,1,1.00069102860069,2398,1,1,"z[147,4]"
0.497111111111111,0.500019433880452,0,0,0,1,1,0.99990245971091,9000,1,1,"z[148,4]"
0.523888888888889,0.499456743308537,0,0,1,1,1,1.00039254778737,3590,1,1,"z[149,4]"
0.512,0.499883751349014,0,0,1,1,1,1.00009179866523,7746,1,1,"z[150,4]"
0.393333333333333,0.488516876626335,0,0,0,1,1,1.00012692618544,7136,1,1,"z[151,4]"
0.534777777777778,0.498816752559738,0,0,1,1,1,1.00222012252021,848,1,1,"z[152,4]"
0.546555555555556,0.497855521472119,0,0,1,1,1,1.00171616734487,1077,1,1,"z[153,4]"
0.748888888888889,0.433676398059803,0,0,1,1,1,1.0004926449372,4030,1,1,"z[154,4]"
0.760666666666667,0.426700268614247,0,1,1,1,1,1.00135983741565,1807,1,1,"z[155,4]"
0.892777777777778,0.309412757729183,0,1,1,1,1,1.00753285189723,673,1,1,"z[156,4]"
0.600666666666667,0.489788604385945,0,0,1,1,1,1.00079713619383,2166,1,1,"z[157,4]"
0.534,0.498870376356246,0,0,1,1,1,0.999963701680579,9000,1,1,"z[158,4]"
0.536333333333333,0.498705848229312,0,0,1,1,1,1.0001065673492,7363,1,1,"z[159,4]"
0.453111111111111,0.49782423469618,0,0,0,1,1,0.99985814756076,9000,1,1,"z[160,4]"
0.533888888888889,0.498877937429515,0,0,1,1,1,1.00044950302064,3265,1,1,"z[161,4]"
0.491444444444444,0.499954573136114,0,0,0,1,1,0.999860097783553,9000,1,1,"z[162,4]"
0.554555555555556,0.497042394051912,0,0,1,1,1,1.00235218619607,808,1,1,"z[163,4]"
0.573444444444444,0.494603977981628,0,0,1,1,1,0.999988141427216,9000,1,1,"z[164,4]"
0.536777777777778,0.49867326539542,0,0,1,1,1,0.999923868200736,9000,1,1,"z[165,4]"
0.581222222222222,0.493386256795711,0,0,1,1,1,1.00008218865567,8254,1,1,"z[166,4]"
0.529555555555556,0.499153436260407,0,0,1,1,1,1.00047957577095,3112,1,1,"z[167,4]"
0.548666666666667,0.497653567484811,0,0,1,1,1,0.999853549161243,9000,1,1,"z[168,4]"
0.334666666666667,0.471900023502175,0,0,0,1,1,1.00235238415397,899,1,1,"z[169,4]"
0.443777777777778,0.496856610440622,0,0,0,1,1,1.00013045935987,6820,1,1,"z[170,4]"
0.522333333333333,0.499528725561255,0,0,1,1,1,1.00090669014103,1872,1,1,"z[171,4]"
0.528666666666667,0.499205280188395,0,0,1,1,1,1.00090706369493,1875,1,1,"z[172,4]"
0.506444444444444,0.499986245196095,0,0,1,1,1,1.00130022422538,1369,1,1,"z[173,4]"
0.529,0.499186024854174,0,0,1,1,1,1.00054386926582,2829,1,1,"z[174,4]"
0.556777777777778,0.496793424457976,0,0,1,1,1,1.00036460755525,3816,1,1,"z[175,4]"
0.461111111111111,0.498513056126363,0,0,0,1,1,1.0002337820833,5029,1,1,"z[176,4]"
0.496,0.500011778947822,0,0,0,1,1,0.999847541678734,9000,1,1,"z[177,4]"
0.537111111111111,0.498648566882099,0,0,1,1,1,1.0007918114589,2104,1,1,"z[178,4]"
0.520333333333333,0.499614141590007,0,0,1,1,1,1.00000815071533,9000,1,1,"z[179,4]"
0.311222222222222,0.463019191146175,0,0,0,1,1,1.00739374952895,311,1,1,"z[180,4]"
0.283222222222222,0.45058845296512,0,0,0,1,1,1.03481718042291,74,1,1,"z[181,4]"
0.469777777777778,0.499113510787121,0,0,0,1,1,1.00046509562431,3182,1,1,"z[1,5]"
0.464,0.498730024009522,0,0,0,1,1,1.00085226588622,1978,1,1,"z[2,5]"
0.421333333333333,0.493800211359563,0,0,0,1,1,1.00009800510595,7755,1,1,"z[3,5]"
0.438222222222222,0.496196395528412,0,0,0,1,1,0.999940999651111,9000,1,1,"z[4,5]"
0.462666666666667,0.498631976717655,0,0,0,1,1,1.00002838960411,9000,1,1,"z[5,5]"
0.472555555555556,0.49927397251986,0,0,0,1,1,1.00005561128957,9000,1,1,"z[6,5]"
0.473333333333333,0.499316123044613,0,0,0,1,1,1.00030071129894,4296,1,1,"z[7,5]"
0.551555555555556,0.497362554071465,0,0,1,1,1,1.00247124586544,772,1,1,"z[8,5]"
0.396333333333333,0.489162354303407,0,0,0,1,1,0.999994708251693,9000,1,1,"z[9,5]"
0.480666666666667,0.499653841725733,0,0,0,1,1,1.00037496142472,3702,1,1,"z[10,5]"
0.533666666666667,0.498892984985588,0,0,1,1,1,0.999982567825033,9000,1,1,"z[11,5]"
0.405666666666667,0.491047873657755,0,0,0,1,1,1.00104531731283,1714,1,1,"z[12,5]"
0.465666666666667,0.498847543941934,0,0,0,1,1,0.999966148257762,9000,1,1,"z[13,5]"
0.481888888888889,0.499699641853979,0,0,0,1,1,0.999886892665821,9000,1,1,"z[14,5]"
0.467444444444444,0.498966731246919,0,0,0,1,1,1.00087123495587,1940,1,1,"z[15,5]"
0.671888888888889,0.469551602606903,0,0,1,1,1,1.00207526795353,1013,1,1,"z[16,5]"
0.498888888888889,0.500026545454789,0,0,0,1,1,1.00008715349298,7883,1,1,"z[17,5]"
0.331444444444444,0.470758588270116,0,0,0,1,1,0.999891490623753,9000,1,1,"z[18,5]"
0.488333333333333,0.499891642887028,0,0,0,1,1,1.00005793984403,8913,1,1,"z[19,5]"
0.513,0.49985874213089,0,0,1,1,1,0.999924408520678,9000,1,1,"z[20,5]"
0.517777777777778,0.499711613194374,0,0,1,1,1,0.999940661649083,9000,1,1,"z[21,5]"
0.493111111111111,0.49998031841349,0,0,0,1,1,0.999930945048196,9000,1,1,"z[22,5]"
0.469555555555556,0.499100003677274,0,0,0,1,1,1.00006098882115,8823,1,1,"z[23,5]"
0.414,0.492575840856455,0,0,0,1,1,1.00050152945836,3092,1,1,"z[24,5]"
1,0,1,1,1,1,1,NA,1,0,1,"z[25,5]"
1,0,1,1,1,1,1,NA,1,0,1,"z[26,5]"
0.528444444444444,0.499217993001361,0,0,1,1,1,1.00007988844969,8143,1,1,"z[27,5]"
0.414111111111111,0.492595229253387,0,0,0,1,1,1.00036701862241,3863,1,1,"z[28,5]"
0.403444444444444,0.490615704553617,0,0,0,1,1,1.00195458938811,983,1,1,"z[29,5]"
0.509,0.499946769030004,0,0,1,1,1,1.00140759603552,1276,1,1,"z[30,5]"
0.441444444444444,0.49658699818181,0,0,0,1,1,1.00085650736483,1989,1,1,"z[31,5]"
0.491444444444444,0.499954573136114,0,0,0,1,1,1.00084480602565,1983,1,1,"z[32,5]"
0.409555555555556,0.491779090976668,0,0,0,1,1,1.00037305831666,3832,1,1,"z[33,5]"
0.391,0.488001496520998,0,0,0,1,1,1.00095193265381,1879,1,1,"z[34,5]"
0.461333333333333,0.498530343721937,0,0,0,1,1,1.00014154886016,6534,1,1,"z[35,5]"
0.464666666666667,0.498777703680339,0,0,0,1,1,0.999878503052699,9000,1,1,"z[36,5]"
0.481666666666667,0.499691537254335,0,0,0,1,1,1.00066026660763,2427,1,1,"z[37,5]"
0.375222222222222,0.484207142555109,0,0,0,1,1,0.999987499939786,9000,1,1,"z[38,5]"
0.406333333333333,0.491175489499028,0,0,0,1,1,1.00009780018677,7839,1,1,"z[39,5]"
0.494777777777778,0.500000506228831,0,0,0,1,1,0.999896244972025,9000,1,1,"z[40,5]"
0.500222222222222,0.500027730707345,0,0,1,1,1,0.999983370760485,9000,1,1,"z[41,5]"
0.582666666666667,0.493146270079926,0,0,1,1,1,0.999863690658247,9000,1,1,"z[42,5]"
0.449888888888889,0.497510179155189,0,0,0,1,1,0.999898114535736,9000,1,1,"z[43,5]"
0.616333333333333,0.486305287383294,0,0,1,1,1,1.00022501017771,5398,1,1,"z[44,5]"
0.580555555555556,0.493495554419294,0,0,1,1,1,1.00089651783704,1934,1,1,"z[45,5]"
0.631222222222222,0.482500358336234,0,0,1,1,1,1.01867012928506,118,1,1,"z[46,5]"
0.624555555555556,0.484264360102882,0,0,1,1,1,1.01909926144913,115,1,1,"z[47,5]"
0.384666666666667,0.486543446104473,0,0,0,1,1,1.00116357287505,1592,1,1,"z[48,5]"
0.313222222222222,0.46382967342208,0,0,0,1,1,0.999839855419371,9000,1,1,"z[49,5]"
0.490111111111111,0.499929974970802,0,0,0,1,1,0.999977259156122,9000,1,1,"z[50,5]"
0.470222222222222,0.499140227070714,0,0,0,1,1,1.0002760293004,4538,1,1,"z[51,5]"
0.473,0.499298207342605,0,0,0,1,1,1.00003484774722,9000,1,1,"z[52,5]"
0.524222222222222,0.49944068678597,0,0,1,1,1,1.00049220833552,3048,1,1,"z[53,5]"
0.479777777777778,0.499618651723793,0,0,0,1,1,1.00013674763942,6606,1,1,"z[54,5]"
0.516111111111111,0.499768130355691,0,0,1,1,1,0.999869342047195,9000,1,1,"z[55,5]"
0.495666666666667,0.500009000919095,0,0,0,1,1,1.00021321283615,5270,1,1,"z[56,5]"
0.478555555555556,0.499567678663572,0,0,0,1,1,0.999896465170563,9000,1,1,"z[57,5]"
0.461222222222222,0.498521712382751,0,0,0,1,1,0.999853211430573,9000,1,1,"z[58,5]"
0.427222222222222,0.494702524098282,0,0,0,1,1,1.00041876475371,3492,1,1,"z[59,5]"
0.342888888888889,0.474701102452382,0,0,0,1,1,1.00057299202005,3005,1,1,"z[60,5]"
0.475666666666667,0.499435285053024,0,0,0,1,1,0.999905952377965,9000,1,1,"z[61,5]"
0.501555555555556,0.500025360199423,0,0,1,1,1,0.999959659352018,9000,1,1,"z[62,5]"
0.443888888888889,0.49686917212382,0,0,0,1,1,1.00002975738367,9000,1,1,"z[63,5]"
0.505555555555556,0.499996913227745,0,0,1,1,1,1.0001468649659,6384,1,1,"z[64,5]"
0.422222222222222,0.493941014616284,0,0,0,1,1,1.00000645060664,9000,1,1,"z[65,5]"
0.505,0.500002778078736,0,0,1,1,1,1.00034622091901,3905,1,1,"z[66,5]"
0.506777777777778,0.499981837158227,0,0,1,1,1,0.99983638179173,9000,1,1,"z[67,5]"
0.566,0.495652395142762,0,0,1,1,1,1.00030081745691,4362,1,1,"z[68,5]"
0.491222222222222,0.499950720491361,0,0,0,1,1,0.999925329574714,9000,1,1,"z[69,5]"
0.478777777777778,0.499577169314618,0,0,0,1,1,1.00061686741069,2563,1,1,"z[70,5]"
0.429111111111111,0.494976754883698,0,0,0,1,1,1.00116133098624,1542,1,1,"z[71,5]"
0.502222222222222,0.500022841522443,0,0,1,1,1,1.00007470549265,8290,1,1,"z[72,5]"
0.521111111111111,0.499581877500377,0,0,1,1,1,1.00052938812647,2884,1,1,"z[73,5]"
0.517555555555556,0.499719470388838,0,0,1,1,1,1.00046980703061,3151,1,1,"z[74,5]"
0.551333333333333,0.497385541537719,0,0,1,1,1,1.00205238214301,916,1,1,"z[75,5]"
0.316888888888889,0.465289561368307,0,0,0,1,1,1.00981272380382,235,1,1,"z[76,5]"
0.401333333333333,0.490195458928596,0,0,0,1,1,1.00071137046578,2372,1,1,"z[77,5]"
0.426666666666667,0.494620466104567,0,0,0,1,1,1.00058676303627,2716,1,1,"z[78,5]"
0.478333333333333,0.499558088968446,0,0,0,1,1,1.00023005650026,5055,1,1,"z[79,5]"
0.305444444444444,0.460621005205974,0,0,0,1,1,1.00676360591845,342,1,1,"z[80,5]"
0.475111111111111,0.499407904661346,0,0,0,1,1,1.00073247027523,2235,1,1,"z[81,5]"
0.456555555555556,0.498136679411228,0,0,0,1,1,1.0009190933058,1861,1,1,"z[82,5]"
0.493444444444444,0.49998480054931,0,0,0,1,1,0.999882616964202,9000,1,1,"z[83,5]"
0.457777777777778,0.4982417753597,0,0,0,1,1,0.999885712074407,9000,1,1,"z[84,5]"
0.470666666666667,0.499166546159229,0,0,0,1,1,1.00031912775265,4135,1,1,"z[85,5]"
0.505777777777778,0.499994394407466,0,0,1,1,1,1.00008899044241,7828,1,1,"z[86,5]"
0.483222222222222,0.499746191337976,0,0,0,1,1,0.999990544167037,9000,1,1,"z[87,5]"
0.443222222222222,0.496793424457976,0,0,0,1,1,0.999979757093156,9000,1,1,"z[88,5]"
0.469888888888889,0.499120227098529,0,0,0,1,1,0.99987579970005,9000,1,1,"z[89,5]"
0.501111111111111,0.500026545454789,0,0,1,1,1,0.999978629812742,9000,1,1,"z[90,5]"
0.375888888888889,0.484378469035911,0,0,0,1,1,1.00002338598956,9000,1,1,"z[91,5]"
0.473555555555556,0.499327942852161,0,0,0,1,1,0.999860829085694,9000,1,1,"z[92,5]"
0.485555555555556,0.499819082973243,0,0,0,1,1,1.00036217560418,3789,1,1,"z[93,5]"
0.465666666666667,0.498847543941934,0,0,0,1,1,1.00005798357741,8947,1,1,"z[94,5]"
0.270333333333333,0.444156663444791,0,0,0,1,1,1.01174818830144,216,1,1,"z[95,5]"
0.477777777777778,0.499533681375205,0,0,0,1,1,0.999898857599133,9000,1,1,"z[96,5]"
0.469777777777778,0.499113510787121,0,0,0,1,1,1.00002807062706,9000,1,1,"z[97,5]"
0.487555555555556,0.499872883299309,0,0,0,1,1,1.00014212673491,6485,1,1,"z[98,5]"
0.531666666666667,0.499023938959473,0,0,1,1,1,0.999914864373677,9000,1,1,"z[99,5]"
0.431444444444444,0.495305354707424,0,0,0,1,1,1.0002004760567,5556,1,1,"z[100,5]"
0.466888888888889,0.498930168817045,0,0,0,1,1,0.99984089086273,9000,1,1,"z[101,5]"
0.510888888888889,0.499909191541455,0,0,1,1,1,1.0003015158159,4278,1,1,"z[102,5]"
0.586222222222222,0.492536986568149,0,0,1,1,1,1.00037584100564,3806,1,1,"z[103,5]"
0.475222222222222,0.499413430305986,0,0,0,1,1,0.999925134228364,9000,1,1,"z[104,5]"
0.468666666666667,0.499044981928704,0,0,0,1,1,1.00011683239692,7086,1,1,"z[105,5]"
0.433444444444444,0.495578093394066,0,0,0,1,1,1.00063987606534,2528,1,1,"z[106,5]"
0.480555555555556,0.499649529601016,0,0,0,1,1,0.999953506156375,9000,1,1,"z[107,5]"
0.452444444444444,0.497760985505305,0,0,0,1,1,1.00034144493207,3977,1,1,"z[108,5]"
0.497,0.500018779511759,0,0,0,1,1,1.00041387369064,3450,1,1,"z[109,5]"
0.480666666666667,0.499653841725733,0,0,0,1,1,0.999872842435093,9000,1,1,"z[110,5]"
0.508222222222222,0.499960166827093,0,0,1,1,1,1.00004395854601,9000,1,1,"z[111,5]"
0.451,0.497620853720096,0,0,0,1,1,1.00058213865498,2701,1,1,"z[112,5]"
0.613222222222222,0.487039099803918,0,0,1,1,1,1.00027658643013,4765,1,1,"z[113,5]"
0.47,0.499126918582266,0,0,0,1,1,0.99994196503124,9000,1,1,"z[114,5]"
0.318444444444444,0.465898806838332,0,0,0,1,1,1.00493716336673,458,1,1,"z[115,5]"
0.613111111111111,0.487064919369593,0,0,1,1,1,1.00145738487378,1302,1,1,"z[116,5]"
0.589888888888889,0.491880951694562,0,0,1,1,1,1.00167668269979,1128,1,1,"z[117,5]"
0.615555555555556,0.486490709678661,0,0,1,1,1,1.00055618029231,2931,1,1,"z[118,5]"
0.679555555555556,0.466673334026527,0,0,1,1,1,1.00023399322318,5735,1,1,"z[119,5]"
0.468555555555556,0.499037992445924,0,0,0,1,1,1.00129942138805,1374,1,1,"z[120,5]"
0.571888888888889,0.494832491083051,0,0,1,1,1,1.0003037029353,4346,1,1,"z[121,5]"
0.502333333333333,0.500022335316224,0,0,1,1,1,0.999943554793085,9000,1,1,"z[122,5]"
0.503222222222222,0.500017396692083,0,0,1,1,1,1.0000308283745,9000,1,1,"z[123,5]"
0.509222222222222,0.499942718749701,0,0,1,1,1,1.00034422470285,3921,1,1,"z[124,5]"
0.521666666666667,0.499558088968446,0,0,1,1,1,0.999954986354322,9000,1,1,"z[125,5]"
0.493444444444444,0.49998480054931,0,0,0,1,1,1.00011810613943,7029,1,1,"z[126,5]"
0.485555555555556,0.499819082973243,0,0,0,1,1,0.999917118473431,9000,1,1,"z[127,5]"
0.471666666666667,0.499224312187738,0,0,0,1,1,1.00033509529121,4004,1,1,"z[128,5]"
0.448888888888889,0.497408428650583,0,0,0,1,1,1.00025175257536,4837,1,1,"z[129,5]"
0.460444444444444,0.498460595253832,0,0,0,1,1,1.00025857223736,4737,1,1,"z[130,5]"
0.416444444444444,0.492996424113289,0,0,0,1,1,1.00035152066138,3972,1,1,"z[131,5]"
0.47,0.499126918582266,0,0,0,1,1,1.00046374773973,3190,1,1,"z[132,5]"
0.452222222222222,0.497739702205738,0,0,0,1,1,0.99989559496491,9000,1,1,"z[133,5]"
0.490666666666667,0.499940656551697,0,0,0,1,1,0.999923456354426,9000,1,1,"z[134,5]"
0.470333333333333,0.499146844077411,0,0,0,1,1,0.99997149325997,9000,1,1,"z[135,5]"
0.480444444444444,0.499645192727448,0,0,0,1,1,1.00015344112353,6263,1,1,"z[136,5]"
0.404111111111111,0.490746451956269,0,0,0,1,1,1.00007920226634,8452,1,1,"z[137,5]"
0.466666666666667,0.498915369860381,0,0,0,1,1,1.00382928104647,508,1,1,"z[138,5]"
0.499111111111111,0.500026989924826,0,0,0,1,1,0.999938315952472,9000,1,1,"z[139,5]"
0.530888888888889,0.499072691481163,0,0,1,1,1,1.00115512614094,1524,1,1,"z[140,5]"
0.400888888888889,0.490105781389855,0,0,0,1,1,1.00003399993557,9000,1,1,"z[141,5]"
0.350888888888889,0.477274749672621,0,0,0,1,1,1.00061904112068,2795,1,1,"z[142,5]"
0.480888888888889,0.499662391731168,0,0,0,1,1,0.99994546559628,9000,1,1,"z[143,5]"
0.318333333333333,0.46585548800456,0,0,0,1,1,1.00120438929993,1683,1,1,"z[144,5]"
0.474777777777778,0.499391179015368,0,0,0,1,1,1.00009681555147,7614,1,1,"z[145,5]"
0.393222222222222,0.488492599804703,0,0,0,1,1,1.00022061523513,5418,1,1,"z[146,5]"
0.500888888888889,0.500026989924826,0,0,1,1,1,1.00023728375386,4956,1,1,"z[147,5]"
0.436,0.495914635499756,0,0,0,1,1,0.999848019104286,9000,1,1,"z[148,5]"
0.468777777777778,0.49905194657258,0,0,0,1,1,1.0002146371289,5269,1,1,"z[149,5]"
0.453666666666667,0.497876254233311,0,0,0,1,1,1.00030029219669,4324,1,1,"z[150,5]"
0.327888888888889,0.469470184965452,0,0,0,1,1,1.00102881221133,1898,1,1,"z[151,5]"
0.478111111111111,0.499548400223537,0,0,0,1,1,0.999943186592262,9000,1,1,"z[152,5]"
0.490111111111111,0.499929974970802,0,0,0,1,1,0.999952343667981,9000,1,1,"z[153,5]"
0.672111111111111,0.469470184965452,0,0,1,1,1,1.00364062801522,599,1,1,"z[154,5]"
0.688,0.463335573118485,0,0,1,1,1,1.00096495966717,2062,1,1,"z[155,5]"
0.682,0.465725348259156,0,0,1,1,1,1.02633799911336,91,1,1,"z[156,5]"
0.557777777777778,0.496678103301643,0,0,1,1,1,1.00009273968958,7815,1,1,"z[157,5]"
0.486222222222222,0.49983790633544,0,0,0,1,1,1.00023666190771,4967,1,1,"z[158,5]"
0.489,0.499906758724667,0,0,0,1,1,0.999887591488679,9000,1,1,"z[159,5]"
0.403222222222222,0.490571912992872,0,0,0,1,1,0.999845256344456,9000,1,1,"z[160,5]"
0.487333333333333,0.499867300981925,0,0,0,1,1,0.999866543288897,9000,1,1,"z[161,5]"
0.428666666666667,0.494912892309902,0,0,0,1,1,1.00037625303216,3767,1,1,"z[162,5]"
0.499666666666667,0.50002766897551,0,0,0,1,1,1.00164701277582,1108,1,1,"z[163,5]"
0.500555555555556,0.500027471433588,0,0,1,1,1,0.999879637662236,9000,1,1,"z[164,5]"
0.477333333333333,0.499513709515564,0,0,0,1,1,1.00001754299121,9000,1,1,"z[165,5]"
0.524111111111111,0.499446063739005,0,0,1,1,1,0.999970965896888,9000,1,1,"z[166,5]"
0.467444444444444,0.498966731246919,0,0,0,1,1,0.99983461412003,9000,1,1,"z[167,5]"
0.490222222222222,0.499932160700147,0,0,0,1,1,1.0000674653714,8549,1,1,"z[168,5]"
0.309222222222222,0.462198632520149,0,0,0,1,1,1.00604666813169,383,1,1,"z[169,5]"
0.389111111111111,0.487575705683818,0,0,0,1,1,1.00037268465023,3909,1,1,"z[170,5]"
0.466777777777778,0.498922781767293,0,0,0,1,1,0.999950004024782,9000,1,1,"z[171,5]"
0.474333333333333,0.499368531128162,0,0,0,1,1,1.00004276237955,9000,1,1,"z[172,5]"
0.454666666666667,0.497968313632881,0,0,0,1,1,0.999987300636833,9000,1,1,"z[173,5]"
0.475777777777778,0.49944068678597,0,0,0,1,1,0.999854850940602,9000,1,1,"z[174,5]"
0.493222222222222,0.499981837158227,0,0,0,1,1,0.999968593351456,9000,1,1,"z[175,5]"
0.412222222222222,0.49226211147472,0,0,0,1,1,0.999904400280532,9000,1,1,"z[176,5]"
0.440444444444444,0.496468047841142,0,0,0,1,1,0.999902003665037,9000,1,1,"z[177,5]"
0.496444444444444,0.500015137255275,0,0,0,1,1,1.00019695727157,5505,1,1,"z[178,5]"
0.467666666666667,0.498981182257101,0,0,0,1,1,0.999926839092508,9000,1,1,"z[179,5]"
0.242666666666667,0.428718996284639,0,0,0,0,1,1.01884222027671,147,1,1,"z[180,5]"
0.275222222222222,0.446651001301478,0,0,0,1,1,1.0365808708797,72,1,1,"z[181,5]"
0.534,0.498870376356246,0,0,1,1,1,1.00009264310482,7750,1,1,"z[1,6]"
0.529444444444444,0.499160003620687,0,0,1,1,1,0.999946806087398,9000,1,1,"z[2,6]"
0.502111111111111,0.500023323035199,0,0,1,1,1,1.00112211040346,1557,1,1,"z[3,6]"
0.517666666666667,0.499715554161128,0,0,1,1,1,1.00002705420848,9000,1,1,"z[4,6]"
0.520333333333333,0.499614141590007,0,0,1,1,1,0.999925189852035,9000,1,1,"z[5,6]"
0.539,0.498504374951475,0,0,1,1,1,1.00022873620405,5095,1,1,"z[6,6]"
0.539333333333333,0.498478181902772,0,0,1,1,1,0.999992940870151,9000,1,1,"z[7,6]"
1,0,1,1,1,1,1,NA,1,0,1,"z[8,6]"
0.471111111111111,0.49919246811549,0,0,0,1,1,1.00085557958139,1968,1,1,"z[9,6]"
0.536111111111111,0.498721990303716,0,0,1,1,1,0.9998795310465,9000,1,1,"z[10,6]"
0.584222222222222,0.492882957614963,0,0,1,1,1,1.00141261148082,1307,1,1,"z[11,6]"
0.477222222222222,0.499508654629906,0,0,0,1,1,0.999850077407435,9000,1,1,"z[12,6]"
0.524888888888889,0.499407904661346,0,0,1,1,1,0.999873315787646,9000,1,1,"z[13,6]"
0.540888888888889,0.498352981171504,0,0,1,1,1,0.99999317507356,9000,1,1,"z[14,6]"
0.534777777777778,0.498816752559738,0,0,1,1,1,1.00099185097621,1741,1,1,"z[15,6]"
0.574111111111111,0.494504513360217,0,0,1,1,1,1.00008568190089,8108,1,1,"z[16,6]"
0.554444444444444,0.497054578433592,0,0,1,1,1,1.00074735906693,2218,1,1,"z[17,6]"
0.403444444444444,0.490615704553617,0,0,0,1,1,1.00037122532809,3864,1,1,"z[18,6]"
0.539333333333333,0.498478181902772,0,0,1,1,1,0.999965610458964,9000,1,1,"z[19,6]"
0.571444444444444,0.494896863006968,0,0,1,1,1,1.00034735836871,3979,1,1,"z[20,6]"
0.569333333333333,0.495197067409147,0,0,1,1,1,0.999957509032001,9000,1,1,"z[21,6]"
0.547111111111111,0.497803251737776,0,0,1,1,1,1.00003290743389,9000,1,1,"z[22,6]"
0.535111111111111,0.498793397860459,0,0,1,1,1,1.00063693900904,2505,1,1,"z[23,6]"
0.485333333333333,0.499812610734802,0,0,0,1,1,1.00019714943095,5506,1,1,"z[24,6]"
0.609333333333333,0.487926915369134,0,0,1,1,1,1.004444182724,462,1,1,"z[25,6]"
0.599,0.490128240100004,0,0,1,1,1,1.00205840816938,941,1,1,"z[26,6]"
0.583222222222222,0.493052809502921,0,0,1,1,1,1.00081330538671,2102,1,1,"z[27,6]"
0.480222222222222,0.499636444731173,0,0,0,1,1,1.0000659062899,8616,1,1,"z[28,6]"
0.467333333333333,0.49895946846648,0,0,0,1,1,1.00009725045619,7613,1,1,"z[29,6]"
0.562222222222222,0.496140852682118,0,0,1,1,1,0.999846871297864,9000,1,1,"z[30,6]"
0.509666666666667,0.49993432172259,0,0,1,1,1,1.00035780078543,3820,1,1,"z[31,6]"
0.545444444444444,0.497958184832607,0,0,1,1,1,1.00005063169784,9000,1,1,"z[32,6]"
0.493111111111111,0.49998031841349,0,0,0,1,1,1.00047803534603,3108,1,1,"z[33,6]"
0.474,0.49935128491382,0,0,0,1,1,1.00114185721048,1538,1,1,"z[34,6]"
0.520444444444444,0.49960960670211,0,0,1,1,1,0.999897035170261,9000,1,1,"z[35,6]"
0.537222222222222,0.498640284249593,0,0,1,1,1,1.00030260121565,4292,1,1,"z[36,6]"
0.553111111111111,0.497198830735884,0,0,1,1,1,0.999855238722121,9000,1,1,"z[37,6]"
0.458555555555556,0.498307082047723,0,0,0,1,1,1.00109614449106,1599,1,1,"z[38,6]"
0.499666666666667,0.50002766897551,0,0,0,1,1,1.00055289910548,2785,1,1,"z[39,6]"
0.551555555555556,0.497362554071465,0,0,1,1,1,1.00040101431021,3564,1,1,"z[40,6]"
0.556222222222222,0.496856610440622,0,0,1,1,1,0.999877490250927,9000,1,1,"z[41,6]"
0.612555555555556,0.487193616524752,0,0,1,1,1,1.00011048954204,7608,1,1,"z[42,6]"
0.502333333333333,0.500022335316224,0,0,1,1,1,0.999956893574636,9000,1,1,"z[43,6]"
0.641111111111111,0.479701180378802,0,0,1,1,1,1.00016275209731,6608,1,1,"z[44,6]"
0.609222222222222,0.48795180232352,0,0,1,1,1,0.99988080607503,9000,1,1,"z[45,6]"
0.683222222222222,0.465245814265397,0,0,1,1,1,1.01249622916553,186,1,1,"z[46,6]"
0.676888888888889,0.467690736314991,0,0,1,1,1,1.02057634249189,115,1,1,"z[47,6]"
0.444555555555556,0.496944013789958,0,0,0,1,1,1.00084770717122,2003,1,1,"z[48,6]"
0.371,0.483099297928566,0,0,0,1,1,1.00284718691356,715,1,1,"z[49,6]"
0.552666666666667,0.497246110950085,0,0,1,1,1,1.0003579934898,3862,1,1,"z[50,6]"
0.538666666666667,0.498530343721937,0,0,1,1,1,0.999998020647318,9000,1,1,"z[51,6]"
0.542444444444444,0.498222891694072,0,0,1,1,1,1.00012024569884,7023,1,1,"z[52,6]"
0.582777777777778,0.493127629458078,0,0,1,1,1,1.00112179260758,1600,1,1,"z[53,6]"
0.546888888888889,0.49782423469618,0,0,1,1,1,1.00004578510599,9000,1,1,"z[54,6]"
0.578,0.493905967558017,0,0,1,1,1,1.00007834560557,8369,1,1,"z[55,6]"
0.566888888888889,0.49553320799688,0,0,1,1,1,1.0001019463393,7583,1,1,"z[56,6]"
0.548444444444444,0.497675251419381,0,0,1,1,1,1.00076263510555,2179,1,1,"z[57,6]"
0.525666666666667,0.499368531128162,0,0,1,1,1,0.999890800006415,9000,1,1,"z[58,6]"
0.500333333333333,0.50002766897551,0,0,1,1,1,1.00018406175964,5707,1,1,"z[59,6]"
0.418555555555556,0.493349618657832,0,0,0,1,1,1.0002453859799,4989,1,1,"z[60,6]"
0.533666666666667,0.498892984985588,0,0,1,1,1,0.999958034734822,9000,1,1,"z[61,6]"
0.546555555555556,0.497855521472119,0,0,1,1,1,1.00004636149992,9000,1,1,"z[62,6]"
0.498555555555556,0.500025693552779,0,0,0,1,1,1.00010020634192,7498,1,1,"z[63,6]"
0.560555555555556,0.496347054054843,0,0,1,1,1,1.00072848796982,2271,1,1,"z[64,6]"
0.491777777777778,0.499960166827093,0,0,0,1,1,1.00034859975802,3887,1,1,"z[65,6]"
0.553222222222222,0.497186947895269,0,0,1,1,1,1.00034821726323,3935,1,1,"z[66,6]"
0.558888888888889,0.496547575026598,0,0,1,1,1,0.999902283734808,9000,1,1,"z[67,6]"
0.617666666666667,0.485984359693221,0,0,1,1,1,1.00073715295995,2344,1,1,"z[68,6]"
0.544111111111111,0.498078080744532,0,0,1,1,1,0.999864713611931,9000,1,1,"z[69,6]"
0.506333333333333,0.499987665143995,0,0,1,1,1,1.00414187353459,470,1,1,"z[70,6]"
0.495333333333333,0.500006000630733,0,0,0,1,1,1.00032812395519,4047,1,1,"z[71,6]"
0.551555555555556,0.497362554071465,0,0,1,1,1,1.00005027186411,9000,1,1,"z[72,6]"
0.558555555555556,0.49658699818181,0,0,1,1,1,1.00018621599479,5748,1,1,"z[73,6]"
0.559777777777778,0.496441336979352,0,0,1,1,1,1.00041068331278,3517,1,1,"z[74,6]"
0.578555555555556,0.493817901473592,0,0,1,1,1,1.00014799926767,6517,1,1,"z[75,6]"
0.326222222222222,0.468855744370695,0,0,0,1,1,1.01530837892032,152,1,1,"z[76,6]"
0.472666666666667,0.499280068430394,0,0,0,1,1,1.00106537870164,1633,1,1,"z[77,6]"
0.502222222222222,0.500022841522443,0,0,1,1,1,1.00114799783724,1527,1,1,"z[78,6]"
0.542222222222222,0.4982417753597,0,0,1,1,1,0.999896537886681,9000,1,1,"z[79,6]"
0.370222222222222,0.482890916965869,0,0,0,1,1,1.00490458508561,427,1,1,"z[80,6]"
0.54,0.498425122828903,0,0,1,1,1,0.999869631562669,9000,1,1,"z[81,6]"
0.507444444444444,0.499972354188729,0,0,1,1,1,1.00052356740384,2903,1,1,"z[82,6]"
0.558222222222222,0.496626194450847,0,0,1,1,1,1.00000881426737,9000,1,1,"z[83,6]"
0.542444444444444,0.498222891694072,0,0,1,1,1,0.999904352496377,9000,1,1,"z[84,6]"
0.538666666666667,0.498530343721937,0,0,1,1,1,1.00030367557422,4283,1,1,"z[85,6]"
0.556555555555556,0.496818774372036,0,0,1,1,1,1.00020202752089,5498,1,1,"z[86,6]"
0.540888888888889,0.498352981171504,0,0,1,1,1,0.999851436276153,9000,1,1,"z[87,6]"
0.516,0.49977170029618,0,0,1,1,1,0.999927150918741,9000,1,1,"z[88,6]"
0.541777777777778,0.498279243191534,0,0,1,1,1,1.00057211842357,2732,1,1,"z[89,6]"
0.542222222222222,0.4982417753597,0,0,1,1,1,0.999896246339998,9000,1,1,"z[90,6]"
0.452888888888889,0.497803251737776,0,0,0,1,1,1.00145700035777,1249,1,1,"z[91,6]"
0.536555555555556,0.498689606596456,0,0,1,1,1,0.999850489098043,9000,1,1,"z[92,6]"
0.537333333333333,0.498631976717655,0,0,1,1,1,0.999959480856308,9000,1,1,"z[93,6]"
0.524888888888889,0.499407904661346,0,0,1,1,1,1.00015792206272,6182,1,1,"z[94,6]"
0.350666666666667,0.477205258057359,0,0,0,1,1,1.01228638911101,181,1,1,"z[95,6]"
0.541666666666667,0.498288547761996,0,0,1,1,1,0.999841730532898,9000,1,1,"z[96,6]"
0.517444444444444,0.499723361878086,0,0,1,1,1,0.999924309637171,9000,1,1,"z[97,6]"
0.540777777777778,0.498362086163205,0,0,1,1,1,1.0004111102757,3489,1,1,"z[98,6]"
0.580333333333333,0.493531781439688,0,0,1,1,1,0.999837377287857,9000,1,1,"z[99,6]"
0.500111111111111,0.500027767746442,0,0,1,1,1,1.00015063253266,6307,1,1,"z[100,6]"
0.522111111111111,0.499538612423081,0,0,1,1,1,1.00017177293083,5924,1,1,"z[101,6]"
0.555888888888889,0.496894219992182,0,0,1,1,1,1.00005584108773,9000,1,1,"z[102,6]"
0.625,0.484149816235126,0,0,1,1,1,1.00021208918793,5636,1,1,"z[103,6]"
0.539777777777778,0.498442908899414,0,0,1,1,1,1.00004239474211,9000,1,1,"z[104,6]"
0.525555555555556,0.499374230283828,0,0,1,1,1,1.00000741302351,9000,1,1,"z[105,6]"
0.495555555555556,0.500008025518681,0,0,0,1,1,1.00057570409118,2699,1,1,"z[106,6]"
0.534111111111111,0.498862790417984,0,0,1,1,1,0.999850463097924,9000,1,1,"z[107,6]"
0.530777777777778,0.499079556779784,0,0,1,1,1,1.00021454658262,5270,1,1,"z[108,6]"
0.562111111111111,0.496154776304839,0,0,1,1,1,1.00035234431964,3916,1,1,"z[109,6]"
0.546222222222222,0.49788658309177,0,0,1,1,1,1.00062831107572,2541,1,1,"z[110,6]"
0.556666666666667,0.496806112003122,0,0,1,1,1,1.00038501306245,3678,1,1,"z[111,6]"
0.511333333333333,0.499899312008834,0,0,1,1,1,1.00001519191197,9000,1,1,"z[112,6]"
0.648888888888889,0.47734412770676,0,0,1,1,1,1.00026589340112,5083,1,1,"z[113,6]"
0.538444444444444,0.498547531653875,0,0,1,1,1,1.00036287384375,3804,1,1,"z[114,6]"
0.302,0.459150764325278,0,0,0,1,1,1.0007486440288,2599,1,1,"z[115,6]"
0.600333333333333,0.489857004065067,0,0,1,1,1,1.00006150608118,9000,1,1,"z[116,6]"
0.612,0.487321646278801,0,0,1,1,1,1.00188577582892,1030,1,1,"z[117,6]"
0.641444444444444,0.479602988736984,0,0,1,1,1,1.00114169614644,1664,1,1,"z[118,6]"
0.707888888888889,0.454758384453537,0,0,1,1,1,1.00006468575032,9000,1,1,"z[119,6]"
0.527111111111111,0.499292185840864,0,0,1,1,1,1.00128776479444,1384,1,1,"z[120,6]"
0.609666666666667,0.487852095034577,0,0,1,1,1,1.00121932167705,1521,1,1,"z[121,6]"
0.560555555555556,0.496347054054843,0,0,1,1,1,1.00010852754476,7380,1,1,"z[122,6]"
0.567,0.495518195459397,0,0,1,1,1,1.00065146210974,2494,1,1,"z[123,6]"
0.566555555555556,0.495578093394065,0,0,1,1,1,1.00017770888344,5919,1,1,"z[124,6]"
0.566888888888889,0.49553320799688,0,0,1,1,1,1.00025193727637,4867,1,1,"z[125,6]"
0.536111111111111,0.498721990303716,0,0,1,1,1,1.00001583295177,9000,1,1,"z[126,6]"
0.543222222222222,0.498156012484301,0,0,1,1,1,1.0000551852645,9000,1,1,"z[127,6]"
0.535444444444444,0.498769819272582,0,0,1,1,1,1.00018980743115,5643,1,1,"z[128,6]"
0.513777777777778,0.49983790633544,0,0,1,1,1,1.00007506716933,8284,1,1,"z[129,6]"
0.520888888888889,0.499591219595869,0,0,1,1,1,0.999880990618162,9000,1,1,"z[130,6]"
0.488222222222222,0.499889037087783,0,0,0,1,1,1.00012542016684,6855,1,1,"z[131,6]"
0.528555555555556,0.499211649001895,0,0,1,1,1,1.00012942319593,6781,1,1,"z[132,6]"
0.513,0.49985874213089,0,0,1,1,1,0.999913721399284,9000,1,1,"z[133,6]"
0.553444444444444,0.497163106856966,0,0,1,1,1,0.999933495332585,9000,1,1,"z[134,6]"
0.530666666666667,0.499086397244663,0,0,1,1,1,1.00003493246255,9000,1,1,"z[135,6]"
0.539666666666667,0.49845176454047,0,0,1,1,1,0.999898421779091,9000,1,1,"z[136,6]"
0.488666666666667,0.499899312008834,0,0,0,1,1,0.99986208624556,9000,1,1,"z[137,6]"
1,0,1,1,1,1,1,NA,1,0,1,"z[138,6]"
0.546,0.497907165772198,0,0,1,1,1,0.999926465506805,9000,1,1,"z[139,6]"
0.565444444444444,0.495726063080075,0,0,1,1,1,0.999846913821208,9000,1,1,"z[140,6]"
0.472,0.499243120877744,0,0,0,1,1,1.00084779462357,1982,1,1,"z[141,6]"
0.408888888888889,0.491656001524183,0,0,0,1,1,1.0003934490483,3698,1,1,"z[142,6]"
0.542111111111111,0.498251179752967,0,0,1,1,1,1.00043166168949,3370,1,1,"z[143,6]"
0.389555555555556,0.487676583479974,0,0,0,1,1,1.00267539260409,744,1,1,"z[144,6]"
0.530555555555556,0.49909321287682,0,0,1,1,1,0.999981787350116,9000,1,1,"z[145,6]"
0.485555555555556,0.499819082973243,0,0,0,1,1,1.00030748085474,4226,1,1,"z[146,6]"
0.559444444444444,0.496481365429475,0,0,1,1,1,1.0004079356784,3536,1,1,"z[147,6]"
0.509888888888889,0.499929974970802,0,0,1,1,1,0.999874038606916,9000,1,1,"z[148,6]"
0.540777777777778,0.498362086163205,0,0,1,1,1,0.999937008429545,9000,1,1,"z[149,6]"
0.524222222222222,0.49944068678597,0,0,1,1,1,1.00025399533564,4769,1,1,"z[150,6]"
0.420222222222222,0.493621899628467,0,0,0,1,1,1.00182779314238,1035,1,1,"z[151,6]"
0.552,0.49731627802306,0,0,1,1,1,1.00000867446185,9000,1,1,"z[152,6]"
0.557444444444444,0.496716770377937,0,0,1,1,1,0.99984376396124,9000,1,1,"z[153,6]"
0.737222222222222,0.440167178177199,0,0,1,1,1,1.00087853996817,2473,1,1,"z[154,6]"
0.732222222222222,0.442825730731797,0,0,1,1,1,1.00168206737218,1379,1,1,"z[155,6]"
1,0,1,1,1,1,1,NA,1,0,1,"z[156,6]"
0.614222222222222,0.486805520735902,0,0,1,1,1,1.00009760213249,7995,1,1,"z[157,6]"
0.537666666666667,0.49860690471279,0,0,1,1,1,1.00011427954785,7164,1,1,"z[158,6]"
0.543,0.498175245668897,0,0,1,1,1,1.00066557461587,2426,1,1,"z[159,6]"
0.481555555555556,0.499687447840898,0,0,0,1,1,1.00011045440633,7231,1,1,"z[160,6]"
0.547777777777778,0.497739702205738,0,0,1,1,1,1.0004940981651,3060,1,1,"z[161,6]"
0.502888888888889,0.500019433880452,0,0,1,1,1,1.00005928757797,8855,1,1,"z[162,6]"
0.55,0.497521359396655,0,0,1,1,1,1.00023285151181,5060,1,1,"z[163,6]"
0.554333333333333,0.497066737676777,0,0,1,1,1,0.99995074156578,9000,1,1,"z[164,6]"
0.539,0.498504374951475,0,0,1,1,1,1.00030955831399,4228,1,1,"z[165,6]"
0.563444444444444,0.495986024036774,0,0,1,1,1,0.999897694281103,9000,1,1,"z[166,6]"
0.522444444444444,0.499523744980492,0,0,1,1,1,0.999896489860196,9000,1,1,"z[167,6]"
0.559777777777778,0.496441336979352,0,0,1,1,1,0.99993712924464,9000,1,1,"z[168,6]"
0.359222222222222,0.479799120321483,0,0,0,1,1,1.00386623685772,546,1,1,"z[169,6]"
0.478,0.499543518705615,0,0,0,1,1,1.00021227529439,5293,1,1,"z[170,6]"
0.546444444444444,0.497865900360614,0,0,1,1,1,1.00093438547139,1838,1,1,"z[171,6]"
0.552444444444444,0.497269600393287,0,0,1,1,1,1.00028235063751,4511,1,1,"z[172,6]"
0.525777777777778,0.49936280718184,0,0,1,1,1,0.999965712649114,9000,1,1,"z[173,6]"
0.535444444444444,0.498769819272582,0,0,1,1,1,0.999917536259585,9000,1,1,"z[174,6]"
0.552111111111111,0.497304646268271,0,0,1,1,1,0.999913362121365,9000,1,1,"z[175,6]"
0.469777777777778,0.499113510787121,0,0,0,1,1,1.00012032987984,6997,1,1,"z[176,6]"
0.504,0.500011778947822,0,0,1,1,1,1.00048525350905,3073,1,1,"z[177,6]"
0.539555555555556,0.498460595253832,0,0,1,1,1,1.00000329779092,9000,1,1,"z[178,6]"
0.527777777777778,0.499255535956147,0,0,1,1,1,1.00004840551131,9000,1,1,"z[179,6]"
0.313333333333333,0.463874405830858,0,0,0,1,1,1.00726263964241,315,1,1,"z[180,6]"
0.276888888888889,0.447485956647467,0,0,0,1,1,1.03961722543085,67,1,1,"z[181,6]"
0.457,0.498175245668897,0,0,0,1,1,1.00085738005939,1973,1,1,"z[1,7]"
0.446444444444444,0.497151148655666,0,0,0,1,1,1.00119550115696,1492,1,1,"z[2,7]"
0.423666666666667,0.494166323817261,0,0,0,1,1,1.00188400881893,1004,1,1,"z[3,7]"
0.432888888888889,0.495503157548862,0,0,0,1,1,1.00179106402421,1047,1,1,"z[4,7]"
0.417333333333333,0.493146270079926,0,0,0,1,1,1.00153138563772,1216,1,1,"z[5,7]"
0.431444444444444,0.495305354707424,0,0,0,1,1,1.0016901457517,1104,1,1,"z[6,7]"
0.462222222222222,0.498598497570644,0,0,0,1,1,1.00025350434936,4790,1,1,"z[7,7]"
0.512111111111111,0.499881071408706,0,0,1,1,1,1.00155286140837,1169,1,1,"z[8,7]"
0.407777777777778,0.491448774029179,0,0,0,1,1,1.00088816673492,1970,1,1,"z[9,7]"
0.456111111111111,0.498097713553067,0,0,0,1,1,1.00331887861312,584,1,1,"z[10,7]"
0.494555555555556,0.499998135591837,0,0,0,1,1,1.00360593472306,536,1,1,"z[11,7]"
0.396888888888889,0.489279774951245,0,0,0,1,1,1.00100592336926,1789,1,1,"z[12,7]"
0.436222222222222,0.495943266835978,0,0,0,1,1,1.00137712731499,1323,1,1,"z[13,7]"
0.456333333333333,0.498117246438047,0,0,0,1,1,1.00203725237582,921,1,1,"z[14,7]"
0.457444444444444,0.498213412418875,0,0,0,1,1,1.00239456130904,793,1,1,"z[15,7]"
0.485888888888889,0.499828605904527,0,0,0,1,1,1.0014605361953,1236,1,1,"z[16,7]"
0.460888888888889,0.498495668856785,0,0,0,1,1,1.00083023380809,2024,1,1,"z[17,7]"
0.330222222222222,0.470319129910687,0,0,0,1,1,1.00064741237699,2778,1,1,"z[18,7]"
0.462555555555556,0.498623644285042,0,0,0,1,1,1.0020819246532,900,1,1,"z[19,7]"
0.493111111111111,0.49998031841349,0,0,0,1,1,1.00136519113762,1311,1,1,"z[20,7]"
0.499,0.500026780036247,0,0,0,1,1,1.00153055609012,1184,1,1,"z[21,7]"
0.470444444444444,0.499153436260407,0,0,0,1,1,1.0016592532361,1105,1,1,"z[22,7]"
0.464,0.498730024009522,0,0,0,1,1,1.00247606859581,766,1,1,"z[23,7]"
0.404,0.490724726043787,0,0,0,1,1,1.00166867238676,1138,1,1,"z[24,7]"
0.507,0.499978774968989,0,0,1,1,1,1.00109432964324,1592,1,1,"z[25,7]"
0.500888888888889,0.500026989924826,0,0,1,1,1,1.00388554102884,499,1,1,"z[26,7]"
0.497666666666667,0.500022335316224,0,0,0,1,1,1.00351184094103,549,1,1,"z[27,7]"
0.413666666666667,0.49251752067066,0,0,0,1,1,1.00245727867443,791,1,1,"z[28,7]"
0.398555555555556,0.489628085374128,0,0,0,1,1,1.00069376415485,2428,1,1,"z[29,7]"
0.474555555555556,0.499379904649689,0,0,0,1,1,1.00115279944431,1525,1,1,"z[30,7]"
1,0,1,1,1,1,1,NA,1,0,1,"z[31,7]"
0.464444444444444,0.498761909984789,0,0,0,1,1,1.00159283712192,1148,1,1,"z[32,7]"
0.392555555555556,0.488346382580097,0,0,0,1,1,1.00099005977917,1816,1,1,"z[33,7]"
0.397888888888889,0.489489472004829,0,0,0,1,1,1.00157322366064,1207,1,1,"z[34,7]"
0.459333333333333,0.498371166213754,0,0,0,1,1,1.00149424496762,1218,1,1,"z[35,7]"
0.459,0.498343851237283,0,0,0,1,1,1.00124615959274,1431,1,1,"z[36,7]"
0.473888888888889,0.499345486590404,0,0,0,1,1,1.00075339701165,2185,1,1,"z[37,7]"
0.387666666666667,0.487244908484982,0,0,0,1,1,1.00115448628771,1602,1,1,"z[38,7]"
0.413222222222222,0.492439398653603,0,0,0,1,1,1.00269517533924,727,1,1,"z[39,7]"
0.477,0.49949847054844,0,0,0,1,1,1.00209528429965,892,1,1,"z[40,7]"
0.491666666666667,0.499958326966548,0,0,0,1,1,1.00290466818307,657,1,1,"z[41,7]"
0.542333333333333,0.498232346007207,0,0,1,1,1,1.0033297764601,581,1,1,"z[42,7]"
0.436444444444444,0.495971796940734,0,0,0,1,1,1.00208025097221,911,1,1,"z[43,7]"
0.541555555555556,0.498297827380261,0,0,1,1,1,1.00138648250107,1301,1,1,"z[44,7]"
0.520444444444444,0.49960960670211,0,0,1,1,1,1.00243158537118,776,1,1,"z[45,7]"
0.622222222222222,0.484858586875805,0,0,1,1,1,1.01199321685582,179,1,1,"z[46,7]"
0.623111111111111,0.484633625494541,0,0,1,1,1,1.01425568681096,153,1,1,"z[47,7]"
0.374444444444444,0.484006024302933,0,0,0,1,1,0.999962357674997,9000,1,1,"z[48,7]"
0.308111111111111,0.461738392891756,0,0,0,1,1,0.99994429782587,9000,1,1,"z[49,7]"
0.465555555555556,0.498839883401867,0,0,0,1,1,1.00178786394816,1034,1,1,"z[50,7]"
0.455555555555556,0.498048444149199,0,0,0,1,1,1.00219318139103,860,1,1,"z[51,7]"
0.445222222222222,0.497017949865668,0,0,0,1,1,1.00285832730678,675,1,1,"z[52,7]"
0.515222222222222,0.499795997449028,0,0,1,1,1,1.00488736576412,401,1,1,"z[53,7]"
0.467,0.498937531010741,0,0,0,1,1,1.00238351677574,794,1,1,"z[54,7]"
0.491555555555556,0.49995646240298,0,0,0,1,1,1.00267099599427,711,1,1,"z[55,7]"
0.474111111111111,0.499357058444012,0,0,0,1,1,1.00117479353511,1501,1,1,"z[56,7]"
0.465222222222222,0.498816752559738,0,0,0,1,1,1.00102360647742,1695,1,1,"z[57,7]"
0.442888888888889,0.49675521074584,0,0,0,1,1,1.00272035175104,708,1,1,"z[58,7]"
0.411,0.492042580124554,0,0,0,1,1,1.00181174806477,1050,1,1,"z[59,7]"
0.338444444444444,0.473206807843535,0,0,0,1,1,1.00142372857903,1407,1,1,"z[60,7]"
0.454888888888889,0.497988496233851,0,0,0,1,1,1.00175784880069,1053,1,1,"z[61,7]"
0.468888888888889,0.499058886378592,0,0,0,1,1,1.00044430937607,3290,1,1,"z[62,7]"
0.422888888888889,0.494045541072834,0,0,0,1,1,1.00130459823719,1399,1,1,"z[63,7]"
0.479777777777778,0.499618651723793,0,0,0,1,1,1.00243540551368,776,1,1,"z[64,7]"
0.419888888888889,0.493567905737449,0,0,0,1,1,1.00089844078958,1935,1,1,"z[65,7]"
0.471111111111111,0.49919246811549,0,0,0,1,1,1.00266477645833,714,1,1,"z[66,7]"
0.484888888888889,0.499799369558393,0,0,0,1,1,1.00162820242439,1121,1,1,"z[67,7]"
0.521,0.499586560927229,0,0,1,1,1,1.00378703291755,512,1,1,"z[68,7]"
0.471777777777778,0.499230606561969,0,0,0,1,1,1.0013013974814,1373,1,1,"z[69,7]"
0.429777777777778,0.495071785101016,0,0,0,1,1,1.00085819372515,1994,1,1,"z[70,7]"
0.417111111111111,0.493108963092379,0,0,0,1,1,1.00012044353149,7165,1,1,"z[71,7]"
0.461111111111111,0.498513056126363,0,0,0,1,1,1.00102531940696,1694,1,1,"z[72,7]"
0.482111111111111,0.499707647487992,0,0,0,1,1,1.00071510384646,2277,1,1,"z[73,7]"
0.477666666666667,0.499528725561255,0,0,0,1,1,1.00169436313898,1082,1,1,"z[74,7]"
0.496555555555556,0.500015915095329,0,0,0,1,1,1.00162469537233,1122,1,1,"z[75,7]"
0.312777777777778,0.463650434328949,0,0,0,1,1,1.01356404253349,173,1,1,"z[76,7]"
0.405,0.490919319211753,0,0,0,1,1,1.00161141066958,1172,1,1,"z[77,7]"
0.428888888888889,0.494944874519454,0,0,0,1,1,1.00180691260565,1041,1,1,"z[78,7]"
0.448777777777778,0.497396997637458,0,0,0,1,1,1.00100470044979,1732,1,1,"z[79,7]"
0.294333333333333,0.455767816657012,0,0,0,1,1,1.00480674267184,486,1,1,"z[80,7]"
0.456555555555556,0.498136679411228,0,0,0,1,1,1.00321516023075,602,1,1,"z[81,7]"
0.450111111111111,0.497532514570315,0,0,0,1,1,1.00144984426585,1254,1,1,"z[82,7]"
0.494777777777778,0.500000506228831,0,0,0,1,1,1.00188596428614,980,1,1,"z[83,7]"
0.446,0.497103064593789,0,0,0,1,1,1.00081891042967,2057,1,1,"z[84,7]"
0.458222222222222,0.498279243191534,0,0,0,1,1,1.00109258557242,1606,1,1,"z[85,7]"
0.486,0.499831730769809,0,0,0,1,1,1.00082408759619,2026,1,1,"z[86,7]"
0.466111111111111,0.498877937429515,0,0,0,1,1,1.00194771507458,956,1,1,"z[87,7]"
0.440333333333333,0.496454705025112,0,0,0,1,1,1.00048030915998,3141,1,1,"z[88,7]"
0.455111111111111,0.498008578845507,0,0,0,1,1,1.00050966549143,2987,1,1,"z[89,7]"
0.459333333333333,0.498371166213754,0,0,0,1,1,1.00128002526707,1398,1,1,"z[90,7]"
0.374111111111111,0.483919422458868,0,0,0,1,1,1.0013164720409,1445,1,1,"z[91,7]"
0.463,0.498656824616415,0,0,0,1,1,1.00149375937791,1217,1,1,"z[92,7]"
0.467111111111111,0.498944868349482,0,0,0,1,1,1.00257651099413,738,1,1,"z[93,7]"
0.451777777777778,0.497696835175714,0,0,0,1,1,1.00235447557989,807,1,1,"z[94,7]"
0.277111111111111,0.447596697397757,0,0,0,1,1,1.00824506136986,300,1,1,"z[95,7]"
0.459,0.498343851237283,0,0,0,1,1,1.00167128745598,1102,1,1,"z[96,7]"
0.451333333333333,0.497653567484811,0,0,0,1,1,1.00107142206611,1637,1,1,"z[97,7]"
0.462,0.498581608568013,0,0,0,1,1,1.00232981036141,811,1,1,"z[98,7]"
0.490444444444444,0.499936458038452,0,0,0,1,1,1.00129265408243,1377,1,1,"z[99,7]"
0.422666666666667,0.494010801351983,0,0,0,1,1,1.00042814786608,3449,1,1,"z[100,7]"
0.446222222222222,0.497127156879702,0,0,0,1,1,1.00049636150975,3055,1,1,"z[101,7]"
0.480333333333333,0.499640831104383,0,0,0,1,1,1.00103619792273,1671,1,1,"z[102,7]"
0.535777777777778,0.498746016764355,0,0,1,1,1,1.0023089834901,817,1,1,"z[103,7]"
0.444111111111111,0.496894219992182,0,0,0,1,1,1.00220429486232,861,1,1,"z[104,7]"
0.442777777777778,0.496742422476438,0,0,0,1,1,1.00160575744179,1149,1,1,"z[105,7]"
0.423222222222222,0.494097458656151,0,0,0,1,1,1.00183248485153,1031,1,1,"z[106,7]"
0.450666666666667,0.497587914480406,0,0,0,1,1,1.00263184180403,728,1,1,"z[107,7]"
0.445333333333333,0.497030184529888,0,0,0,1,1,1.00122631467007,1460,1,1,"z[108,7]"
0.466222222222222,0.49888547363892,0,0,0,1,1,1.00150954901239,1205,1,1,"z[109,7]"
0.465444444444444,0.498832197992246,0,0,0,1,1,1.00128714224151,1388,1,1,"z[110,7]"
0.489666666666667,0.499920984977873,0,0,0,1,1,1.0011470205649,1529,1,1,"z[111,7]"
0.432777777777778,0.495488094262966,0,0,0,1,1,1.00135464929541,1346,1,1,"z[112,7]"
0.562444444444444,0.496112929601623,0,0,1,1,1,1.00348991347165,560,1,1,"z[113,7]"
0.448777777777778,0.497396997637458,0,0,0,1,1,1.00139499048384,1300,1,1,"z[114,7]"
0.309444444444444,0.462290304960985,0,0,0,1,1,1.00778924011962,300,1,1,"z[115,7]"
0.522,0.499543518705615,0,0,1,1,1,1.00407363358203,478,1,1,"z[116,7]"
0.536555555555556,0.498689606596456,0,0,1,1,1,1.00350626643643,553,1,1,"z[117,7]"
0.571555555555556,0.494880808235296,0,0,1,1,1,1.0024057624595,799,1,1,"z[118,7]"
0.633444444444444,0.481890425604608,0,0,1,1,1,1.00034702614222,4191,1,1,"z[119,7]"
0.444777777777778,0.496968759749625,0,0,0,1,1,1.00119512706875,1491,1,1,"z[120,7]"
0.522666666666667,0.499513709515564,0,0,1,1,1,1.00280806475744,679,1,1,"z[121,7]"
0.489555555555556,0.499918675709087,0,0,0,1,1,1.00071593270052,2272,1,1,"z[122,7]"
0.471888888888889,0.499236876124993,0,0,0,1,1,1.00214939666888,872,1,1,"z[123,7]"
0.478444444444444,0.499562896196874,0,0,0,1,1,1.00153127810708,1186,1,1,"z[124,7]"
0.485666666666667,0.499822282006714,0,0,0,1,1,1.00355682177694,543,1,1,"z[125,7]"
0.464,0.498730024009522,0,0,0,1,1,1.00156748949105,1165,1,1,"z[126,7]"
0.473555555555556,0.499327942852161,0,0,0,1,1,1.00208360775731,897,1,1,"z[127,7]"
0.445,0.496993405103206,0,0,0,1,1,1.00022571982086,5166,1,1,"z[128,7]"
0.440666666666667,0.496494657792141,0,0,0,1,1,1.00239563203762,798,1,1,"z[129,7]"
0.444777777777778,0.496968759749625,0,0,0,1,1,1.00068846455621,2374,1,1,"z[130,7]"
0.401111111111111,0.490150672590778,0,0,0,1,1,1.00007251242127,8703,1,1,"z[131,7]"
0.450777777777778,0.497598919282502,0,0,0,1,1,1.00025198971881,4830,1,1,"z[132,7]"
0.444444444444444,0.496931603078148,0,0,0,1,1,1.00178543978303,1043,1,1,"z[133,7]"
0.469333333333333,0.499086397244663,0,0,0,1,1,1.00235809468511,801,1,1,"z[134,7]"
0.449777777777778,0.497498973844227,0,0,0,1,1,1.00100554146574,1730,1,1,"z[135,7]"
0.463,0.498656824616415,0,0,0,1,1,1.00046557947288,3187,1,1,"z[136,7]"
0.401222222222222,0.490173078865777,0,0,0,1,1,1.00066216966512,2515,1,1,"z[137,7]"
0.441444444444444,0.49658699818181,0,0,0,1,1,1.00056254136158,2784,1,1,"z[138,7]"
0.470111111111111,0.499133585239329,0,0,0,1,1,1.00045250088946,3247,1,1,"z[139,7]"
0.484888888888889,0.499799369558393,0,0,0,1,1,1.00187045545687,988,1,1,"z[140,7]"
0.406666666666667,0.491238945671695,0,0,0,1,1,1.00100948021777,1769,1,1,"z[141,7]"
0.354444444444444,0.478371201895792,0,0,0,1,1,1.00076274889117,2357,1,1,"z[142,7]"
0.454777777777778,0.497978417432789,0,0,0,1,1,1.00132844329198,1355,1,1,"z[143,7]"
0.320555555555556,0.46671607430312,0,0,0,1,1,1.00105955178023,1873,1,1,"z[144,7]"
0.441,0.496534383546379,0,0,0,1,1,1.00042048823814,3460,1,1,"z[145,7]"
0.398888888888889,0.489697036961165,0,0,0,1,1,1.00093767378908,1896,1,1,"z[146,7]"
0.470777777777778,0.49917306387701,0,0,0,1,1,1.00190843613332,973,1,1,"z[147,7]"
0.437888888888889,0.496154776304839,0,0,0,1,1,1.00216952498966,876,1,1,"z[148,7]"
0.459888888888889,0.49841619239678,0,0,0,1,1,1.00163775625981,1122,1,1,"z[149,7]"
0.454444444444444,0.49794803103044,0,0,0,1,1,1.00314479596132,615,1,1,"z[150,7]"
0.349888888888889,0.476961142235122,0,0,0,1,1,1.00004822345977,9000,1,1,"z[151,7]"
0.470333333333333,0.499146844077411,0,0,0,1,1,1.0027172325414,702,1,1,"z[152,7]"
0.477777777777778,0.499533681375205,0,0,0,1,1,1.00112071458015,1562,1,1,"z[153,7]"
0.644777777777778,0.478607194587966,0,0,1,1,1,1.00430629795747,491,1,1,"z[154,7]"
0.650777777777778,0.476750790580464,0,0,1,1,1,1.00665510819078,327,1,1,"z[155,7]"
0.636666666666667,0.480986410980087,0,0,1,1,1,1.04053704674039,58,1,1,"z[156,7]"
0.535111111111111,0.498793397860459,0,0,1,1,1,1.00214460373696,874,1,1,"z[157,7]"
0.463666666666667,0.498705848229312,0,0,0,1,1,1.00117300916143,1507,1,1,"z[158,7]"
0.458222222222222,0.498279243191534,0,0,0,1,1,1.00254852404959,748,1,1,"z[159,7]"
0.397111111111111,0.489326558691743,0,0,0,1,1,1.00075967386957,2263,1,1,"z[160,7]"
0.458666666666667,0.498316311765771,0,0,0,1,1,1.00069702384697,2338,1,1,"z[161,7]"
0.426666666666667,0.494620466104567,0,0,0,1,1,1.00091501760084,1897,1,1,"z[162,7]"
0.459333333333333,0.498371166213754,0,0,0,1,1,0.99996936848958,9000,1,1,"z[163,7]"
0.475777777777778,0.49944068678597,0,0,0,1,1,1.00144758755187,1248,1,1,"z[164,7]"
0.460333333333333,0.49845176454047,0,0,0,1,1,1.00097307975033,1772,1,1,"z[165,7]"
0.462222222222222,0.498598497570644,0,0,0,1,1,1.00274641423745,697,1,1,"z[166,7]"
0.446,0.497103064593789,0,0,0,1,1,1.00397626134354,495,1,1,"z[167,7]"
0.476666666666667,0.49948300863948,0,0,0,1,1,1.00063866358573,2495,1,1,"z[168,7]"
0.311444444444444,0.463109741356644,0,0,0,1,1,1.00707110048505,328,1,1,"z[169,7]"
0.402666666666667,0.490461976434274,0,0,0,1,1,1.00062656146052,2624,1,1,"z[170,7]"
0.471444444444444,0.499211649001895,0,0,0,1,1,1.00172231881391,1068,1,1,"z[171,7]"
0.466666666666667,0.498915369860381,0,0,0,1,1,1.00195483153481,953,1,1,"z[172,7]"
0.440777777777778,0.496507924931166,0,0,0,1,1,1.00155878511733,1182,1,1,"z[173,7]"
0.452444444444444,0.497760985505305,0,0,0,1,1,1.00032193186383,4137,1,1,"z[174,7]"
0.473666666666667,0.499333815560444,0,0,0,1,1,1.00039752444026,3561,1,1,"z[175,7]"
0.402,0.490329189050426,0,0,0,1,1,0.999965323340026,9000,1,1,"z[176,7]"
0.433444444444444,0.495578093394066,0,0,0,1,1,1.0015170118109,1216,1,1,"z[177,7]"
0.472777777777778,0.499286139537094,0,0,0,1,1,1.00062332397014,2545,1,1,"z[178,7]"
0.456222222222222,0.498107492485265,0,0,0,1,1,1.00029770473183,4347,1,1,"z[179,7]"
0.230111111111111,0.42092716030781,0,0,0,0,1,1.02242446421149,128,1,1,"z[180,7]"
0.268333333333333,0.443116657874461,0,0,0,1,1,1.03400888013594,79,1,1,"z[181,7]"
0.350666666666667,0.477205258057359,0,0,0,1,1,1.00072351187133,2467,1,1,"z[1,8]"
0.345888888888889,0.475683620790586,0,0,0,1,1,1.00001443497541,9000,1,1,"z[2,8]"
0.319777777777778,0.466416254204778,0,0,0,1,1,1.00046119566141,3659,1,1,"z[3,8]"
0.329777777777778,0.470158437185643,0,0,0,1,1,1.00026264234101,5281,1,1,"z[4,8]"
0.328222222222222,0.46959226669438,0,0,0,1,1,1.00028694211179,5007,1,1,"z[5,8]"
0.334888888888889,0.471977830454088,0,0,0,1,1,0.999998421443083,9000,1,1,"z[6,8]"
0.337222222222222,0.472787723541865,0,0,0,1,1,1.00061905753322,2851,1,1,"z[7,8]"
0.370444444444444,0.482950591387744,0,0,0,1,1,1.00006521044739,9000,1,1,"z[8,8]"
0.303111111111111,0.459628370066206,0,0,0,1,1,1.00013463576402,7853,1,1,"z[9,8]"
0.331444444444444,0.470758588270116,0,0,0,1,1,1.00023668658876,5591,1,1,"z[10,8]"
0.404333333333333,0.490789825423463,0,0,0,1,1,1.00134803270765,1378,1,1,"z[11,8]"
0.306444444444444,0.461042150650374,0,0,0,1,1,0.999973674090403,9000,1,1,"z[12,8]"
0.336888888888889,0.472672814778858,0,0,0,1,1,1.00138132788681,1454,1,1,"z[13,8]"
0.354777777777778,0.478472510704528,0,0,0,1,1,1.00026604641755,5057,1,1,"z[14,8]"
0.351111111111111,0.47734412770676,0,0,0,1,1,0.99992757685329,9000,1,1,"z[15,8]"
0.364777777777778,0.481394536304583,0,0,0,1,1,1.00035302423884,4154,1,1,"z[16,8]"
0.345333333333333,0.475503254264459,0,0,0,1,1,1.00024640401823,5351,1,1,"z[17,8]"
0.287444444444444,0.452595731447238,0,0,0,1,1,1.0013049085671,1662,1,1,"z[18,8]"
0.353222222222222,0.477997563595181,0,0,0,1,1,1.00118758978516,1624,1,1,"z[19,8]"
0.392333333333333,0.488297431488182,0,0,0,1,1,1.00010407783162,7747,1,1,"z[20,8]"
0.386111111111111,0.48688362111031,0,0,0,1,1,1.00086534870678,2046,1,1,"z[21,8]"
0.367222222222222,0.482074562171899,0,0,0,1,1,1.00073538034695,2386,1,1,"z[22,8]"
0.354,0.478235728649488,0,0,0,1,1,1.00162459300743,1228,1,1,"z[23,8]"
0.321888888888889,0.467226591420839,0,0,0,1,1,1.00051960150021,3347,1,1,"z[24,8]"
0.375888888888889,0.484378469035911,0,0,0,1,1,1.00129818136278,1457,1,1,"z[25,8]"
0.374111111111111,0.483919422458868,0,0,0,1,1,1.00027811709369,4800,1,1,"z[26,8]"
0.398444444444444,0.489605048917112,0,0,0,1,1,1.00070343821949,2401,1,1,"z[27,8]"
0.325111111111111,0.468442374867966,0,0,0,1,1,1.00111992899678,1772,1,1,"z[28,8]"
0.313777777777778,0.464053026276422,0,0,0,1,1,0.999995179653397,9000,1,1,"z[29,8]"
0.361555555555556,0.480477665223658,0,0,0,1,1,1.00039259214814,3881,1,1,"z[30,8]"
0.355,0.478539908987571,0,0,0,1,1,1.00293788891031,706,1,1,"z[31,8]"
0.349333333333333,0.47678592037539,0,0,0,1,1,1.00074299998229,2418,1,1,"z[32,8]"
0.305666666666667,0.460714813950355,0,0,0,1,1,1.00004328334597,9000,1,1,"z[33,8]"
0.301444444444444,0.458910766115868,0,0,0,1,1,1.00001060316572,9000,1,1,"z[34,8]"
0.338777777777778,0.473320491356672,0,0,0,1,1,1.00024721332168,5390,1,1,"z[35,8]"
0.356,0.478841807498585,0,0,0,1,1,0.999847055524025,9000,1,1,"z[36,8]"
0.357222222222222,0.479207702077929,0,0,0,1,1,1.00000622087017,9000,1,1,"z[37,8]"
0.294111111111111,0.455667461804309,0,0,0,1,1,1.00006958440677,9000,1,1,"z[38,8]"
0.316111111111111,0.464982687585563,0,0,0,1,1,1.00014417608896,7443,1,1,"z[39,8]"
0.356111111111111,0.478875211111843,0,0,0,1,1,1.00082027831069,2210,1,1,"z[40,8]"
0.375333333333333,0.484235764923111,0,0,0,1,1,1.00070280059871,2459,1,1,"z[41,8]"
0.430333333333333,0.495150277278086,0,0,0,1,1,0.999959324794888,9000,1,1,"z[42,8]"
0.331777777777778,0.470877818721554,0,0,0,1,1,1.00010166945564,8404,1,1,"z[43,8]"
0.445888888888889,0.497090980755036,0,0,0,1,1,1.0010544351892,1664,1,1,"z[44,8]"
0.412111111111111,0.492242283541414,0,0,0,1,1,1.00059238450171,2724,1,1,"z[45,8]"
0.654444444444444,0.475575486970614,0,0,1,1,1,1.01080968704178,206,1,1,"z[46,8]"
0.652555555555556,0.476184835054083,0,0,1,1,1,1.0223044091464,103,1,1,"z[47,8]"
0.326222222222222,0.468855744370695,0,0,0,1,1,1.00139309243351,1465,1,1,"z[48,8]"
0.290111111111111,0.453838671584312,0,0,0,1,1,1.00107530189457,1961,1,1,"z[49,8]"
0.362555555555556,0.48076470994177,0,0,0,1,1,1.00019576626472,5970,1,1,"z[50,8]"
0.348444444444444,0.476504083970404,0,0,0,1,1,1.00010515315074,8106,1,1,"z[51,8]"
0.354444444444444,0.478371201895792,0,0,0,1,1,1.00108825780094,1746,1,1,"z[52,8]"
0.381666666666667,0.485822443954242,0,0,0,1,1,0.999906166667734,9000,1,1,"z[53,8]"
0.367111111111111,0.482043941663526,0,0,0,1,1,0.999910922396988,9000,1,1,"z[54,8]"
0.381111111111111,0.485686773838079,0,0,0,1,1,1.00044552197253,3469,1,1,"z[55,8]"
0.365444444444444,0.481581323788118,0,0,0,1,1,1.00002616173583,9000,1,1,"z[56,8]"
0.360444444444444,0.480156082503479,0,0,0,1,1,1.00018666153375,6149,1,1,"z[57,8]"
0.331333333333333,0.470718785614692,0,0,0,1,1,1.0001128409727,8074,1,1,"z[58,8]"
0.318888888888889,0.466071776993654,0,0,0,1,1,1.00153039669241,1363,1,1,"z[59,8]"
0.307111111111111,0.461321496285017,0,0,0,1,1,1.00005822783494,9000,1,1,"z[60,8]"
0.348444444444444,0.476504083970404,0,0,0,1,1,1.00001189736939,9000,1,1,"z[61,8]"
0.366,0.481736219866978,0,0,0,1,1,1.00027379259379,4892,1,1,"z[62,8]"
0.321555555555556,0.467099371302997,0,0,0,1,1,0.999921443880748,9000,1,1,"z[63,8]"
0.359444444444444,0.479864273859871,0,0,0,1,1,1.00110050996756,1716,1,1,"z[64,8]"
0.314555555555556,0.464364423048634,0,0,0,1,1,1.00012841706263,7854,1,1,"z[65,8]"
0.355555555555556,0.478707911812511,0,0,0,1,1,1.00199506921506,1012,1,1,"z[66,8]"
0.361333333333333,0.480413571507773,0,0,0,1,1,1.00067326088895,2583,1,1,"z[67,8]"
0.429333333333333,0.495008533422311,0,0,0,1,1,1.00124328131974,1453,1,1,"z[68,8]"
0.350111111111111,0.477031031775847,0,0,0,1,1,1.00046692511686,3467,1,1,"z[69,8]"
0.365555555555556,0.481612358263118,0,0,0,1,1,1.00720918564005,299,1,1,"z[70,8]"
0.342333333333333,0.474516849746572,0,0,0,1,1,1.00349621499174,613,1,1,"z[71,8]"
0.354,0.478235728649488,0,0,0,1,1,0.999902688599718,9000,1,1,"z[72,8]"
0.369222222222222,0.482621024385333,0,0,0,1,1,0.99994342767209,9000,1,1,"z[73,8]"
0.367333333333333,0.482105155124734,0,0,0,1,1,1.00027972493923,4828,1,1,"z[74,8]"
0.393444444444444,0.488541126968283,0,0,0,1,1,1.00018465771339,5965,1,1,"z[75,8]"
0.261333333333333,0.439385563368931,0,0,0,1,1,1.0078405598173,326,1,1,"z[76,8]"
0.301,0.458718192646067,0,0,0,1,1,0.999894825045233,9000,1,1,"z[77,8]"
0.319777777777778,0.466416254204778,0,0,0,1,1,1.00134546925717,1520,1,1,"z[78,8]"
0.332111111111111,0.470996783057962,0,0,0,1,1,1.00049228381795,3430,1,1,"z[79,8]"
0.316666666666667,0.46520203650729,0,0,0,1,1,1.01064310435375,217,1,1,"z[80,8]"
0.352,0.477620505020788,0,0,0,1,1,1.00000561723595,9000,1,1,"z[81,8]"
0.355333333333333,0.478640795147024,0,0,0,1,1,1.00294856016302,708,1,1,"z[82,8]"
0.366222222222222,0.481797984965791,0,0,0,1,1,1.00066874292069,2586,1,1,"z[83,8]"
0.345555555555556,0.475575486970614,0,0,0,1,1,1.00086452119361,2153,1,1,"z[84,8]"
0.343666666666667,0.474957844322804,0,0,0,1,1,1.00123568870798,1585,1,1,"z[85,8]"
0.368555555555556,0.482439860436414,0,0,0,1,1,1.00119454020845,1585,1,1,"z[86,8]"
0.353333333333333,0.478031671926007,0,0,0,1,1,1.00045964129255,3498,1,1,"z[87,8]"
0.335444444444444,0.472171834124349,0,0,0,1,1,1.00134145604622,1492,1,1,"z[88,8]"
0.342,0.474405951457748,0,0,0,1,1,1.00021251008025,5866,1,1,"z[89,8]"
0.349888888888889,0.476961142235122,0,0,0,1,1,1.00050471684784,3274,1,1,"z[90,8]"
0.286555555555556,0.452177163707815,0,0,0,1,1,0.99993665180035,9000,1,1,"z[91,8]"
0.343555555555556,0.474921253404669,0,0,0,1,1,1.00070552763261,2542,1,1,"z[92,8]"
0.347,0.476042203565512,0,0,0,1,1,1.0007519435458,2402,1,1,"z[93,8]"
0.351,0.477309452884233,0,0,0,1,1,1.00058696937132,2912,1,1,"z[94,8]"
0.287333333333333,0.452543527144561,0,0,0,1,1,1.00911482912413,268,1,1,"z[95,8]"
0.345111111111111,0.475430906703001,0,0,0,1,1,1.00021782655592,5751,1,1,"z[96,8]"
0.342,0.474405951457748,0,0,0,1,1,1.00100090750889,1904,1,1,"z[97,8]"
0.351111111111111,0.47734412770676,0,0,0,1,1,1.00008743547284,8637,1,1,"z[98,8]"
0.383555555555556,0.486278691148706,0,0,0,1,1,1.00035013418932,4092,1,1,"z[99,8]"
0.311555555555556,0.463154969835308,0,0,0,1,1,1.00027924950202,5226,1,1,"z[100,8]"
0.348666666666667,0.476574714144611,0,0,0,1,1,1.00153724161858,1299,1,1,"z[101,8]"
0.372777777777778,0.483570562016893,0,0,0,1,1,1.00043186063096,3575,1,1,"z[102,8]"
0.440111111111111,0.496427943701822,0,0,0,1,1,1.00218091695291,871,1,1,"z[103,8]"
0.311444444444444,0.463109741356644,0,0,0,1,1,1.00026813208238,5361,1,1,"z[104,8]"
0.314888888888889,0.464497416179696,0,0,0,1,1,1.00023411060575,5778,1,1,"z[105,8]"
0.305111111111111,0.460480055156221,0,0,0,1,1,1.00078371877167,2485,1,1,"z[106,8]"
0.317888888888889,0.465681907234209,0,0,0,1,1,1.0011155911267,1803,1,1,"z[107,8]"
0.335,0.472016689883305,0,0,0,1,1,0.999861684674869,9000,1,1,"z[108,8]"
0.360666666666667,0.480220621965196,0,0,0,1,1,1.00015796606999,6688,1,1,"z[109,8]"
0.355333333333333,0.478640795147024,0,0,0,1,1,1.00017726903441,6345,1,1,"z[110,8]"
0.376555555555556,0.484548817604683,0,0,0,1,1,1.00118695435539,1581,1,1,"z[111,8]"
0.324666666666667,0.468276186618651,0,0,0,1,1,1.00047099899612,3574,1,1,"z[112,8]"
0.466,0.498870376356246,0,0,0,1,1,1.00104276360809,1667,1,1,"z[113,8]"
0.347,0.476042203565512,0,0,0,1,1,1.00079355315747,2302,1,1,"z[114,8]"
0.269333333333333,0.443638092588141,0,0,0,1,1,1.00065909962758,3074,1,1,"z[115,8]"
0.428777777777778,0.494928896146574,0,0,0,1,1,1.00053209718801,2927,1,1,"z[116,8]"
0.474222222222222,0.49936280718184,0,0,0,1,1,1.00379551659757,512,1,1,"z[117,8]"
0.512,0.499883751349014,0,0,1,1,1,1.00220991400064,847,1,1,"z[118,8]"
0.583555555555556,0.492996424113289,0,0,1,1,1,1.00116362096937,1554,1,1,"z[119,8]"
0.369777777777778,0.482771239089126,0,0,0,1,1,1.00391726895195,532,1,1,"z[120,8]"
0.420888888888889,0.493729194487826,0,0,0,1,1,1.00065065742768,2515,1,1,"z[121,8]"
0.368,0.482288134468811,0,0,0,1,1,1.0000582471883,9000,1,1,"z[122,8]"
0.380666666666667,0.485577752757129,0,0,0,1,1,1.00027737512667,4776,1,1,"z[123,8]"
0.383444444444444,0.486252068067116,0,0,0,1,1,1.00049282410357,3208,1,1,"z[124,8]"
0.384777777777778,0.486569774110403,0,0,0,1,1,1.00196878090237,992,1,1,"z[125,8]"
0.352666666666667,0.477826597819937,0,0,0,1,1,0.999985014571651,9000,1,1,"z[126,8]"
0.354444444444444,0.478371201895792,0,0,0,1,1,1.00011267872069,7818,1,1,"z[127,8]"
0.339,0.473396134789229,0,0,0,1,1,0.999982078453241,9000,1,1,"z[128,8]"
0.326222222222222,0.468855744370695,0,0,0,1,1,0.999964651136157,9000,1,1,"z[129,8]"
0.332,0.470957157835038,0,0,0,1,1,1.00069345084645,2623,1,1,"z[130,8]"
0.309111111111111,0.462152749406114,0,0,0,1,1,1.00032534215946,4757,1,1,"z[131,8]"
0.335888888888889,0.472326509150907,0,0,0,1,1,1.00006899414967,9000,1,1,"z[132,8]"
0.321555555555556,0.467099371302997,0,0,0,1,1,1.00055337396415,3181,1,1,"z[133,8]"
0.350555555555556,0.477170469641304,0,0,0,1,1,1.0001691981985,6538,1,1,"z[134,8]"
0.340777777777778,0.473997096662838,0,0,0,1,1,1.00009249175813,8600,1,1,"z[135,8]"
0.344,0.475067444226673,0,0,0,1,1,1.00057177279577,2999,1,1,"z[136,8]"
0.322777777777778,0.467564513924161,0,0,0,1,1,1.00002589598514,9000,1,1,"z[137,8]"
0.341888888888889,0.474368927543427,0,0,0,1,1,0.999853196539681,9000,1,1,"z[138,8]"
0.359777777777778,0.479961794646184,0,0,0,1,1,1.00106279497012,1767,1,1,"z[139,8]"
0.368777777777778,0.482500358336234,0,0,0,1,1,1.00130352088193,1468,1,1,"z[140,8]"
0.299666666666667,0.458137399317019,0,0,0,1,1,0.999868642576068,9000,1,1,"z[141,8]"
0.272,0.445014611246295,0,0,0,1,1,1.00020314507749,6820,1,1,"z[142,8]"
0.355111111111111,0.478573565870127,0,0,0,1,1,1.00035004152426,4235,1,1,"z[143,8]"
0.282555555555556,0.450267076628789,0,0,0,1,1,1.00111057167816,1938,1,1,"z[144,8]"
0.335333333333333,0.47213309207099,0,0,0,1,1,1.00098468913144,1957,1,1,"z[145,8]"
0.309,0.462106835017254,0,0,0,1,1,0.999979963495903,9000,1,1,"z[146,8]"
0.355444444444444,0.478674367553231,0,0,0,1,1,1.00054301408385,3075,1,1,"z[147,8]"
0.319444444444444,0.466287303669671,0,0,0,1,1,1.00061187499399,2959,1,1,"z[148,8]"
0.351,0.477309452884233,0,0,0,1,1,0.999910713474155,9000,1,1,"z[149,8]"
0.336666666666667,0.472596062784954,0,0,0,1,1,0.999999812423796,9000,1,1,"z[150,8]"
0.288777777777778,0.453219589106834,0,0,0,1,1,1.00088905156318,2315,1,1,"z[151,8]"
0.357,0.479141428495747,0,0,0,1,1,1.00053473615549,3106,1,1,"z[152,8]"
0.359222222222222,0.479799120321483,0,0,0,1,1,1.00083662385588,2169,1,1,"z[153,8]"
0.636333333333333,0.481081009456557,0,0,1,1,1,1.00122020501109,1564,1,1,"z[154,8]"
0.633777777777778,0.481797984965791,0,0,1,1,1,1.00119254457275,1593,1,1,"z[155,8]"
0.768,0.422132443118604,0,1,1,1,1,1.00429747412589,633,1,1,"z[156,8]"
0.423666666666667,0.494166323817261,0,0,0,1,1,0.99988208409984,9000,1,1,"z[157,8]"
0.361777777777778,0.480541647614745,0,0,0,1,1,0.999857394766513,9000,1,1,"z[158,8]"
0.352111111111111,0.4776549246191,0,0,0,1,1,1.00018055189872,6323,1,1,"z[159,8]"
0.304222222222222,0.46010279650179,0,0,0,1,1,1.00050926154103,3492,1,1,"z[160,8]"
0.361888888888889,0.480573597077388,0,0,0,1,1,1.00007862516793,8828,1,1,"z[161,8]"
0.317888888888889,0.465681907234209,0,0,0,1,1,1.00029699763989,4974,1,1,"z[162,8]"
0.352666666666667,0.477826597819937,0,0,0,1,1,1.00073514283494,2429,1,1,"z[163,8]"
0.361444444444444,0.480445632284098,0,0,0,1,1,1.0005865402936,2880,1,1,"z[164,8]"
0.351888888888889,0.47758605708882,0,0,0,1,1,0.999942079509697,9000,1,1,"z[165,8]"
0.362111111111111,0.480637412564612,0,0,0,1,1,1.00059568281298,2848,1,1,"z[166,8]"
0.342777777777778,0.474664309657352,0,0,0,1,1,1.00022424537171,5684,1,1,"z[167,8]"
0.359,0.479733854985312,0,0,0,1,1,1.00038938858058,3906,1,1,"z[168,8]"
0.286666666666667,0.452229601420979,0,0,0,1,1,1.006305561927,384,1,1,"z[169,8]"
0.329888888888889,0.470198654904258,0,0,0,1,1,1.00217712001252,970,1,1,"z[170,8]"
0.345222222222222,0.475467094843918,0,0,0,1,1,1.00103809718177,1837,1,1,"z[171,8]"
0.359444444444444,0.479864273859871,0,0,0,1,1,1.00077801037601,2306,1,1,"z[172,8]"
0.334222222222222,0.471744057020906,0,0,0,1,1,1.00151973790379,1338,1,1,"z[173,8]"
0.335333333333333,0.47213309207099,0,0,0,1,1,1.00022706814287,5694,1,1,"z[174,8]"
0.364111111111111,0.481206752611211,0,0,0,1,1,1.00003243919043,9000,1,1,"z[175,8]"
0.304,0.460008165085982,0,0,0,1,1,0.999967348543472,9000,1,1,"z[176,8]"
0.325333333333333,0.468525288769183,0,0,0,1,1,1.00024935324486,5473,1,1,"z[177,8]"
0.366666666666667,0.481921183969555,0,0,0,1,1,0.999970257189471,9000,1,1,"z[178,8]"
0.340555555555556,0.473922382844278,0,0,0,1,1,1.00063340315153,2782,1,1,"z[179,8]"
0.294777777777778,0.455968135155643,0,0,0,1,1,1.00600564077713,392,1,1,"z[180,8]"
0.263111111111111,0.440346680858545,0,0,0,1,1,1.04114523377052,66,1,1,"z[181,8]"
0.349222222222222,0.476750790580464,0,0,0,1,1,1.00078474608971,2322,1,1,"z[1,9]"
0.344888888888889,0.475358444233798,0,0,0,1,1,1.00043123914687,3700,1,1,"z[2,9]"
0.316777777777778,0.465245814265397,0,0,0,1,1,1.00005862547069,9000,1,1,"z[3,9]"
0.332333333333333,0.471075944873464,0,0,0,1,1,1.00000968991229,9000,1,1,"z[4,9]"
0.325,0.468400872873476,0,0,0,1,1,1.00035129704813,4408,1,1,"z[5,9]"
0.335444444444444,0.472171834124349,0,0,0,1,1,1.00020329891557,6066,1,1,"z[6,9]"
0.349777777777778,0.476926154790897,0,0,0,1,1,0.999978409537021,9000,1,1,"z[7,9]"
0.365555555555556,0.481612358263118,0,0,0,1,1,1.00008157829917,8694,1,1,"z[8,9]"
0.316,0.464938725714197,0,0,0,1,1,1.00022591785306,5890,1,1,"z[9,9]"
0.343777777777778,0.474994406428082,0,0,0,1,1,1.00037471099437,4099,1,1,"z[10,9]"
0.403,0.490528016838919,0,0,0,1,1,1.0012365751472,1484,1,1,"z[11,9]"
0.313555555555556,0.463963777873685,0,0,0,1,1,1.0009418268414,2099,1,1,"z[12,9]"
0.354444444444444,0.478371201895792,0,0,0,1,1,1.00093822903485,1978,1,1,"z[13,9]"
0.357555555555556,0.479306902067812,0,0,0,1,1,1.00040740627414,3798,1,1,"z[14,9]"
0.356777777777778,0.479075042654773,0,0,0,1,1,1.00047670481182,3396,1,1,"z[15,9]"
0.369111111111111,0.482590899078984,0,0,0,1,1,1.00014254794098,6946,1,1,"z[16,9]"
0.358111111111111,0.479471674748569,0,0,0,1,1,1.00073040495615,2433,1,1,"z[17,9]"
0.285444444444444,0.451650948164521,0,0,0,1,1,1.00033407254571,4908,1,1,"z[18,9]"
0.353666666666667,0.478133827379007,0,0,0,1,1,1.00037259645946,4064,1,1,"z[19,9]"
0.382666666666667,0.486064954408805,0,0,0,1,1,1.00054426159218,2986,1,1,"z[20,9]"
0.384222222222222,0.486437866005178,0,0,0,1,1,1.00083703281664,2113,1,1,"z[21,9]"
0.368888888888889,0.482530566059587,0,0,0,1,1,1.00051148200139,3172,1,1,"z[22,9]"
0.351222222222222,0.477378774146387,0,0,0,1,1,1.00054586001594,3089,1,1,"z[23,9]"
0.327111111111111,0.469184283006192,0,0,0,1,1,1.00028858788646,4994,1,1,"z[24,9]"
0.381111111111111,0.485686773838079,0,0,0,1,1,0.99983409603542,9000,1,1,"z[25,9]"
0.376777777777778,0.48460538332557,0,0,0,1,1,1.00133174861423,1428,1,1,"z[26,9]"
0.409888888888889,0.491840285250211,0,0,0,1,1,1.00055852800427,2852,1,1,"z[27,9]"
0.330222222222222,0.470319129910687,0,0,0,1,1,1.00037552206818,4176,1,1,"z[28,9]"
0.315,0.464541685604408,0,0,0,1,1,1.00022112357067,5970,1,1,"z[29,9]"
0.366555555555556,0.481890425604608,0,0,0,1,1,1.00089238018134,2042,1,1,"z[30,9]"
0.332111111111111,0.470996783057962,0,0,0,1,1,0.999918122938311,9000,1,1,"z[31,9]"
0.343888888888889,0.475030939727156,0,0,0,1,1,1.00055083476649,3090,1,1,"z[32,9]"
0.300888888888889,0.458669969347323,0,0,0,1,1,1.00158929713561,1361,1,1,"z[33,9]"
0.315,0.464541685604408,0,0,0,1,1,1.00025054293335,5565,1,1,"z[34,9]"
0.339888888888889,0.473697545117503,0,0,0,1,1,1.00079097730758,2336,1,1,"z[35,9]"
0.363,0.480891562816769,0,0,0,1,1,1.00019651067416,5964,1,1,"z[36,9]"
0.361111111111111,0.480349366422527,0,0,0,1,1,1.00044818528709,3530,1,1,"z[37,9]"
0.302222222222222,0.459246540293062,0,0,0,1,1,1.00039949151371,4199,1,1,"z[38,9]"
0.329666666666667,0.470118189762762,0,0,0,1,1,1.00066572066722,2728,1,1,"z[39,9]"
0.373666666666667,0.483803571928412,0,0,0,1,1,1.0007309035561,2386,1,1,"z[40,9]"
0.374888888888889,0.484121112273484,0,0,0,1,1,0.999895446761119,9000,1,1,"z[41,9]"
0.450444444444444,0.497565829701302,0,0,0,1,1,1.00080928071056,2075,1,1,"z[42,9]"
0.342888888888889,0.474701102452382,0,0,0,1,1,1.00114126629925,1704,1,1,"z[43,9]"
0.459111111111111,0.498352981171504,0,0,0,1,1,1.00098268920944,1756,1,1,"z[44,9]"
0.419333333333333,0.493477402381041,0,0,0,1,1,1.00173662947562,1083,1,1,"z[45,9]"
0.629111111111111,0.483069611401728,0,0,1,1,1,1.01779170625398,124,1,1,"z[46,9]"
0.622777777777778,0.484718189292453,0,0,1,1,1,1.01964432921022,112,1,1,"z[47,9]"
0.319222222222222,0.466201184409085,0,0,0,1,1,1.00279853288149,783,1,1,"z[48,9]"
0.266888888888889,0.442358397913463,0,0,0,1,1,1.00021344447893,6719,1,1,"z[49,9]"
0.365666666666667,0.48164336510317,0,0,0,1,1,1.00142311058066,1363,1,1,"z[50,9]"
0.355555555555556,0.478707911812511,0,0,0,1,1,1.00144274419467,1359,1,1,"z[51,9]"
0.345666666666667,0.475611560269309,0,0,0,1,1,1.00033649871671,4404,1,1,"z[52,9]"
0.397,0.489303179997609,0,0,0,1,1,1.00011688888348,7371,1,1,"z[53,9]"
0.365222222222222,0.481519171911897,0,0,0,1,1,1.00021445804021,5669,1,1,"z[54,9]"
0.383333333333333,0.486225418134113,0,0,0,1,1,1.00097180688899,1862,1,1,"z[55,9]"
0.370222222222222,0.482890916965869,0,0,0,1,1,1.00033243283987,4297,1,1,"z[56,9]"
0.361777777777778,0.480541647614745,0,0,0,1,1,1.00008074642912,8753,1,1,"z[57,9]"
0.343777777777778,0.474994406428082,0,0,0,1,1,1.00041779819279,3795,1,1,"z[58,9]"
0.323,0.467648692372511,0,0,0,1,1,1.00015101788339,7210,1,1,"z[59,9]"
0.288888888888889,0.453271361427859,0,0,0,1,1,1.00195850057627,1149,1,1,"z[60,9]"
0.350111111111111,0.477031031775847,0,0,0,1,1,0.99990209027808,9000,1,1,"z[61,9]"
0.367666666666667,0.482196768702449,0,0,0,1,1,1.00055788924393,2977,1,1,"z[62,9]"
0.323888888888889,0.467984199412733,0,0,0,1,1,1.00068544845205,2687,1,1,"z[63,9]"
0.362444444444444,0.48073292728333,0,0,0,1,1,1.00034965577433,4199,1,1,"z[64,9]"
0.310111111111111,0.462564572654188,0,0,0,1,1,1.00041429961843,4034,1,1,"z[65,9]"
0.352444444444444,0.477758013473309,0,0,0,1,1,1.00121414147034,1590,1,1,"z[66,9]"
0.358222222222222,0.479504545241401,0,0,0,1,1,1.00095987217494,1938,1,1,"z[67,9]"
0.431111111111111,0.495259098347453,0,0,0,1,1,1.00043270326501,3407,1,1,"z[68,9]"
0.364111111111111,0.481206752611211,0,0,0,1,1,1.00066702459608,2596,1,1,"z[69,9]"
0.372333333333333,0.483453402005004,0,0,0,1,1,1.00256360598354,789,1,1,"z[70,9]"
0.346888888888889,0.47600647416843,0,0,0,1,1,1.00387842727485,550,1,1,"z[71,9]"
0.354555555555556,0.478404999691214,0,0,0,1,1,1.00024579264168,5308,1,1,"z[72,9]"
0.378666666666667,0.485081814905389,0,0,0,1,1,1.00018018768107,6133,1,1,"z[73,9]"
0.370777777777778,0.483039897489284,0,0,0,1,1,1.00132007187656,1449,1,1,"z[74,9]"
0.390555555555556,0.487902001838896,0,0,0,1,1,1.00014271600298,6799,1,1,"z[75,9]"
0.279444444444444,0.448751180728181,0,0,0,1,1,1.00883090260129,280,1,1,"z[76,9]"
0.316555555555556,0.465158228085333,0,0,0,1,1,1.00019565048909,6390,1,1,"z[77,9]"
0.323333333333333,0.467774733677258,0,0,0,1,1,1.00032395293085,4663,1,1,"z[78,9]"
0.355666666666667,0.47874142793078,0,0,0,1,1,1.00019610744174,6014,1,1,"z[79,9]"
0.262333333333333,0.439927334411234,0,0,0,1,1,1.01031981100318,248,1,1,"z[80,9]"
0.363666666666667,0.481081009456557,0,0,0,1,1,1.00067869491316,2565,1,1,"z[81,9]"
0.369777777777778,0.482771239089126,0,0,0,1,1,1.00073594667245,2383,1,1,"z[82,9]"
0.380555555555556,0.485550430089671,0,0,0,1,1,1.00140591912483,1352,1,1,"z[83,9]"
0.352444444444444,0.477758013473309,0,0,0,1,1,1.00067990580747,2588,1,1,"z[84,9]"
0.353222222222222,0.477997563595181,0,0,0,1,1,0.999922903696837,9000,1,1,"z[85,9]"
0.372555555555556,0.483512036631951,0,0,0,1,1,1.00029384613446,4654,1,1,"z[86,9]"
0.363666666666667,0.481081009456557,0,0,0,1,1,1.00068200303855,2552,1,1,"z[87,9]"
0.341222222222222,0.474146176493687,0,0,0,1,1,0.999923550520764,9000,1,1,"z[88,9]"
0.344111111111111,0.475103919933269,0,0,0,1,1,1.0002084017898,5904,1,1,"z[89,9]"
0.357666666666667,0.479339912652095,0,0,0,1,1,1.00037446309416,4032,1,1,"z[90,9]"
0.311111111111111,0.462973869396131,0,0,0,1,1,0.999892338657331,9000,1,1,"z[91,9]"
0.351222222222222,0.477378774146387,0,0,0,1,1,1.00017100715045,6509,1,1,"z[92,9]"
0.356555555555556,0.479008544508334,0,0,0,1,1,1.00007165858495,9000,1,1,"z[93,9]"
0.350777777777778,0.477240018065729,0,0,0,1,1,1.00112831429796,1702,1,1,"z[94,9]"
0.244333333333333,0.429715106536721,0,0,0,0,1,1.0070093815822,381,1,1,"z[95,9]"
0.361555555555556,0.480477665223658,0,0,0,1,1,1.00018309833678,6194,1,1,"z[96,9]"
0.344333333333333,0.475176784994221,0,0,0,1,1,0.999909968344479,9000,1,1,"z[97,9]"
0.347888888888889,0.476327009091266,0,0,0,1,1,1.00031878058154,4551,1,1,"z[98,9]"
0.392777777777778,0.488395227642297,0,0,0,1,1,1.00009247181548,8088,1,1,"z[99,9]"
0.318888888888889,0.466071776993654,0,0,0,1,1,1.00077340375091,2458,1,1,"z[100,9]"
0.361444444444444,0.480445632284098,0,0,0,1,1,1.00234035791841,868,1,1,"z[101,9]"
0.379888888888889,0.485385927597549,0,0,0,1,1,1.00042939497861,3570,1,1,"z[102,9]"
0.446333333333333,0.497139165330517,0,0,0,1,1,1.00096815027515,1788,1,1,"z[103,9]"
0.334555555555556,0.471861075964954,0,0,0,1,1,1.00044100235963,3706,1,1,"z[104,9]"
0.333666666666667,0.471548437234967,0,0,0,1,1,0.999898844142393,9000,1,1,"z[105,9]"
0.325666666666667,0.468649434521095,0,0,0,1,1,1.00071047364356,2597,1,1,"z[106,9]"
0.332666666666667,0.471194466132487,0,0,0,1,1,1.00097483568624,1981,1,1,"z[107,9]"
0.344777777777778,0.475322169892373,0,0,0,1,1,1.00033441685175,4417,1,1,"z[108,9]"
0.368111111111111,0.482318534679427,0,0,0,1,1,1.00065936044177,2608,1,1,"z[109,9]"
0.357222222222222,0.479207702077929,0,0,0,1,1,1.00210179803492,968,1,1,"z[110,9]"
0.385888888888889,0.486831580948244,0,0,0,1,1,1.00041906719731,3603,1,1,"z[111,9]"
0.336333333333333,0.472480715423797,0,0,0,1,1,1.00087908449594,2151,1,1,"z[112,9]"
0.478333333333333,0.499558088968446,0,0,0,1,1,1.00296643335405,645,1,1,"z[113,9]"
0.354444444444444,0.478371201895792,0,0,0,1,1,1.00002357100846,9000,1,1,"z[114,9]"
0.290666666666667,0.454095217923258,0,0,0,1,1,1.00654487452032,367,1,1,"z[115,9]"
0.432666666666667,0.495473005599394,0,0,0,1,1,1.00195415049789,964,1,1,"z[116,9]"
0.488888888888889,0.499904301197211,0,0,0,1,1,1.00662157520651,300,1,1,"z[117,9]"
0.516888888888889,0.499742448267493,0,0,1,1,1,1.00434972653843,449,1,1,"z[118,9]"
0.584333333333333,0.492863956311524,0,0,1,1,1,1.00270970007459,722,1,1,"z[119,9]"
0.393,0.48844396670659,0,0,0,1,1,1.00281869974014,707,1,1,"z[120,9]"
0.427555555555556,0.494751452889042,0,0,0,1,1,1.0014258473879,1286,1,1,"z[121,9]"
0.385,0.486622349730062,0,0,0,1,1,1.00002385096025,9000,1,1,"z[122,9]"
0.372111111111111,0.483394658096302,0,0,0,1,1,1.00070119422672,2469,1,1,"z[123,9]"
0.389888888888889,0.487751962336237,0,0,0,1,1,1.00092764193349,1923,1,1,"z[124,9]"
0.372777777777778,0.483570562016893,0,0,0,1,1,1.00005076688371,9000,1,1,"z[125,9]"
0.356777777777778,0.479075042654773,0,0,0,1,1,1.00088549104143,2079,1,1,"z[126,9]"
0.363777777777778,0.481112486821548,0,0,0,1,1,1.00117803104338,1615,1,1,"z[127,9]"
0.350555555555556,0.477170469641304,0,0,0,1,1,1.00029774574139,4739,1,1,"z[128,9]"
0.333,0.471312721812615,0,0,0,1,1,1.00081111947999,2307,1,1,"z[129,9]"
0.339111111111111,0.473433912853588,0,0,0,1,1,1.00125751416484,1575,1,1,"z[130,9]"
0.311555555555556,0.463154969835308,0,0,0,1,1,0.999994491776511,9000,1,1,"z[131,9]"
0.341777777777778,0.474331874708804,0,0,0,1,1,0.999883212910068,9000,1,1,"z[132,9]"
0.331777777777778,0.470877818721554,0,0,0,1,1,1.00046193694098,3595,1,1,"z[133,9]"
0.355,0.478539908987571,0,0,0,1,1,1.00073624143293,2427,1,1,"z[134,9]"
0.340444444444444,0.473884982435237,0,0,0,1,1,1.00012918220651,7538,1,1,"z[135,9]"
0.355888888888889,0.478808375767917,0,0,0,1,1,1.00048406181566,3360,1,1,"z[136,9]"
0.327222222222222,0.469225215749757,0,0,0,1,1,1.00014595827273,7273,1,1,"z[137,9]"
0.323888888888889,0.467984199412733,0,0,0,1,1,1.00048552921479,3511,1,1,"z[138,9]"
0.355777777777778,0.478774915913947,0,0,0,1,1,1.00049151874898,3324,1,1,"z[139,9]"
0.370777777777778,0.483039897489284,0,0,0,1,1,1.00076612670523,2305,1,1,"z[140,9]"
0.318222222222222,0.465812138635792,0,0,0,1,1,1.00038789546272,4160,1,1,"z[141,9]"
0.299444444444444,0.458040151442663,0,0,0,1,1,0.999994184922223,9000,1,1,"z[142,9]"
0.356888888888889,0.479108249610523,0,0,0,1,1,1.00060788666879,2821,1,1,"z[143,9]"
0.278555555555556,0.448313160253941,0,0,0,1,1,1.00040862857576,4320,1,1,"z[144,9]"
0.353111111111111,0.477963426997696,0,0,0,1,1,1.00013144818814,7340,1,1,"z[145,9]"
0.312444444444444,0.463515679826795,0,0,0,1,1,1.00036690321966,4361,1,1,"z[146,9]"
0.352666666666667,0.477826597819937,0,0,0,1,1,0.999860329075824,9000,1,1,"z[147,9]"
0.326888888888889,0.469102327842216,0,0,0,1,1,1.00054419250122,3200,1,1,"z[148,9]"
0.35,0.47699610122802,0,0,0,1,1,1.00002033985144,9000,1,1,"z[149,9]"
0.330333333333333,0.470359228888375,0,0,0,1,1,1.00034868798483,4396,1,1,"z[150,9]"
0.285444444444444,0.451650948164521,0,0,0,1,1,1.0000185410795,9000,1,1,"z[151,9]"
0.365333333333333,0.481550261672827,0,0,0,1,1,1.0006797709543,2555,1,1,"z[152,9]"
0.368111111111111,0.482318534679427,0,0,0,1,1,1.00034906070334,4170,1,1,"z[153,9]"
0.616222222222222,0.486331856775285,0,0,1,1,1,1.00541489942202,383,1,1,"z[154,9]"
0.615222222222222,0.486569774110403,0,0,1,1,1,1.0060182315193,348,1,1,"z[155,9]"
0.612222222222222,0.487270514431585,0,0,1,1,1,1.01251798178674,170,1,1,"z[156,9]"
0.441444444444444,0.49658699818181,0,0,0,1,1,1.00059400805627,2670,1,1,"z[157,9]"
0.361888888888889,0.480573597077388,0,0,0,1,1,1.00018193457927,6221,1,1,"z[158,9]"
0.357111111111111,0.479174579316274,0,0,0,1,1,1.00011630151427,7708,1,1,"z[159,9]"
0.314555555555556,0.464364423048634,0,0,0,1,1,1.00007597247332,9000,1,1,"z[160,9]"
0.359111111111111,0.47976650163097,0,0,0,1,1,1.00029999338365,4665,1,1,"z[161,9]"
0.338,0.47305482191867,0,0,0,1,1,0.999984723445251,9000,1,1,"z[162,9]"
0.354333333333333,0.478337375899896,0,0,0,1,1,1.00091601191482,2027,1,1,"z[163,9]"
0.363888888888889,0.481143936465365,0,0,0,1,1,1.00034642155476,4212,1,1,"z[164,9]"
0.349111111111111,0.476715632296535,0,0,0,1,1,1.00082512741011,2224,1,1,"z[165,9]"
0.379111111111111,0.485192779661666,0,0,0,1,1,1.00094113948746,1922,1,1,"z[166,9]"
0.349111111111111,0.476715632296535,0,0,0,1,1,1.00128860046975,1514,1,1,"z[167,9]"
0.360111111111111,0.480059064143148,0,0,0,1,1,1.00004274379981,9000,1,1,"z[168,9]"
0.279,0.448532444181823,0,0,0,1,1,1.00729647039386,338,1,1,"z[169,9]"
0.326222222222222,0.468855744370695,0,0,0,1,1,1.00011391538877,8105,1,1,"z[170,9]"
0.357,0.479141428495747,0,0,0,1,1,1.00006214187103,9000,1,1,"z[171,9]"
0.344888888888889,0.475358444233798,0,0,0,1,1,1.0000881606798,8687,1,1,"z[172,9]"
0.356666666666667,0.479041807622658,0,0,0,1,1,1.00034066955936,4294,1,1,"z[173,9]"
0.343888888888889,0.475030939727156,0,0,0,1,1,1.00118998849751,1642,1,1,"z[174,9]"
0.364444444444444,0.481300769056859,0,0,0,1,1,1.00075884039285,2341,1,1,"z[175,9]"
0.314,0.464142151110392,0,0,0,1,1,1.00018859598116,6543,1,1,"z[176,9]"
0.324666666666667,0.468276186618651,0,0,0,1,1,1.00074290154626,2511,1,1,"z[177,9]"
0.366333333333333,0.481828826108017,0,0,0,1,1,1.00018637577676,6104,1,1,"z[178,9]"
0.342111111111111,0.474442946458538,0,0,0,1,1,1.00076656838257,2380,1,1,"z[179,9]"
0.225333333333333,0.417824867301512,0,0,0,0,1,1.02084683843052,139,1,1,"z[180,9]"
0.257444444444444,0.437250552412815,0,0,0,1,1,1.03536362999118,78,1,1,"z[181,9]"
158.551597966644,6.1767061387707,145.547348258889,154.675700096388,158.897225264717,162.690656360071,169.636099915406,1.00843918126782,415,0,1,"deviance"
