"parameter","mean","sd","2.5%","25%","50%","75%","97.5%","Rhat","n.eff","overlap0","f"
"a.psi[1]",1.76514259034089,0.756447492018595,0.387015704335051,1.26113590694198,1.72171740590172,2.23382260577592,3.34029145862057,1.00084820722166,1765,0,0.996888888888889
"a.psi[2]",0.931040521749414,0.788712714046318,-0.450085907497353,0.382564754147672,0.866893507911431,1.41277534474035,2.61547631712457,1.00036203233284,3271,1,0.895333333333333
"a.psi[3]",2.3937106279061,0.873136640430893,0.941545455190108,1.76548301440147,2.29329443356391,2.91529541184273,4.36838773216801,1.00159529302868,1548,0,0.999777777777778
"a.psi[4]",0.378905718950186,0.794314756802326,-1.06817253080992,-0.141990882127041,0.337038763283725,0.861425074856419,2.0849161033122,1.00069859038393,4500,1,0.680444444444444
"b.psi.elev",-0.787482261832481,0.517850518939963,-1.84135668743108,-1.11653313265178,-0.770506255729358,-0.442266306460824,0.202106641245272,0.999868070070878,4500,1,0.942
"b.psi.water",-0.224805404482699,0.412067441168728,-1.05936233566179,-0.492055439772715,-0.220051341362872,0.0533153006287866,0.54756990441302,0.999922920488109,4500,1,0.707333333333333
"a.gam[1]",-0.57004843183402,0.515117173976088,-1.61150853370759,-0.900969550730645,-0.563983905896951,-0.227447814075617,0.415006388119284,1.00253981318738,864,1,0.875555555555556
"a.gam[2]",-1.53543040525959,0.359480314206867,-2.28908218724437,-1.75757016709912,-1.51927283224203,-1.29414324261655,-0.87575978189744,1.00243204660084,1525,0,0.999555555555556
"a.gam[3]",-0.196565562148106,0.559971489252959,-1.30507726698843,-0.563579937138974,-0.193469431242295,0.178234028598091,0.915440238028487,1.00076386103755,3140,1,0.642888888888889
"a.gam[4]",-0.328891144303082,0.385055107848547,-1.07794905791981,-0.578120232712367,-0.337024050186477,-0.0842199258427036,0.462374856830214,1.00007801056452,4500,1,0.813777777777778
"b.gam.elev",0.0926029775424069,0.165810263594921,-0.22831171345007,-0.0177261726649467,0.092945324835616,0.20126212059648,0.417890938482887,1.0009233409796,1812,1,0.716222222222222
"b.gam.water",-0.162546076569719,0.161740528998252,-0.498018788676216,-0.268547528608225,-0.157387554048526,-0.0562745632569638,0.142022924520876,1.00190089045,972,1,0.844888888888889
"b.gam.road",-0.245934340997673,0.158544087909135,-0.554695085320479,-0.353501032514141,-0.24922960493239,-0.141843689385907,0.068784830684799,1.0002494631057,3752,1,0.938
"b.gam.harv",0.0789603872658206,0.145685641704405,-0.201654821014891,-0.0188043291105315,0.0814265616699142,0.172992072680562,0.367149680476225,1.0002560846543,4500,1,0.706
"a.phi[1]",3.00087102103141,0.677092084076853,1.55921342445478,2.60624478747052,3.01194838438258,3.40943443487418,4.35978094596455,1.01271218609015,662,0,0.998888888888889
"a.phi[2]",0.912935859735441,0.520380984574506,-0.399924547736731,0.692003022646563,0.969982719743098,1.22859627691546,1.74460216934483,1.04682545809419,165,1,0.950222222222222
"a.phi[3]",2.51915818560475,0.641276592181279,1.12295032036847,2.16317992352992,2.54106018031057,2.91292740986948,3.72365334363707,1.01613897278585,264,0,0.997111111111111
"a.phi[4]",1.21748331239304,0.577698062652434,-0.208860297229306,0.941032706969809,1.2801476763626,1.57966087930573,2.17276360647489,1.03583968118656,149,1,0.964
"b.phi.elev",-0.064008992586172,0.241669935190636,-0.516192512656513,-0.228953007127087,-0.0660169190033868,0.0944515409091996,0.426378633567126,1.00020624123205,4500,1,0.612888888888889
"b.phi.water",0.126043050751087,0.165185350605411,-0.20959738341379,0.0169753849437465,0.12536002792966,0.239956257651272,0.444077763115354,1.00144724997575,1350,1,0.780888888888889
"b.phi.road",-0.35243105353711,0.215041672747001,-0.808143164840635,-0.486829280416474,-0.345158914754048,-0.202856097062875,0.0326209991271065,1.00090291707753,1660,1,0.958
"b.phi.harv",0.325993896773422,0.187223402982346,-0.0574901166055616,0.204171536121139,0.332704021616471,0.454226103833211,0.674939037065359,1.0014300278039,1203,1,0.953777777777778
"a.p",0.326473694801662,0.120027286790539,0.0882401644755497,0.256389352401562,0.329236365384992,0.397748754957197,0.560317187280874,1.01055800976535,273,0,0.990444444444444
"b.p.ak",-0.0348537336495333,1.6488107875489,-3.29081894391883,-1.16558803310264,-0.0272845744115038,1.07479517536812,3.21675343803054,1.00043891980513,4500,1,0.506444444444444
"b.p.clutter",0.0224289283833341,0.0388225228942338,-0.053077839251613,-0.00388317884545269,0.0224535114762702,0.0482329506693624,0.0977213000932539,0.999863809143544,4500,1,0.718
"b.p.temp",0.41061311419496,0.0446963425564595,0.32329481570963,0.38064316691823,0.410362792291096,0.440534534627756,0.497896668701298,0.999830389778575,4500,0,1
"b.p.julian",-0.00744069150945304,0.0439640272655141,-0.0936651435236436,-0.0370804678807738,-0.00682263213555111,0.0221846589683825,0.0791839733329256,1.00070484649805,2314,1,0.563111111111111
"sigma.gam",0.677080094773122,0.381859181560323,0.113994936880923,0.423782047277148,0.6072991407506,0.854219780116681,1.62546648951575,1.00352114429483,627,0,1
"sigma.phi",0.911466054481755,0.589544367099217,0.19761649176735,0.550507376163741,0.782182808815575,1.10325714230099,2.46868845242424,1.06317602831495,153,0,1
"sigma.p",0.310626059601188,0.121524971651007,0.145712998134766,0.230005060881905,0.287954472932082,0.364688491664049,0.616501597802818,1.01761383601369,538,0,1
"eps.gam[1]",-0.469691125203588,0.657304431634802,-2.05019114210221,-0.781459152486057,-0.351749655771641,-0.0342846815406729,0.512721569159213,1.00299087458062,845,1,0.779333333333333
"eps.gam[2]",-0.561259699796331,0.535128137896421,-1.82004800958476,-0.855290738257586,-0.488384569626856,-0.181793589761916,0.260962971483837,1.00198850065434,4500,1,0.884666666666667
"eps.gam[3]",-0.342372047134267,0.437279316465531,-1.3021202826256,-0.589218827622917,-0.28783572275389,-0.0531132142105813,0.396883007310546,1.00126032565156,3311,1,0.798222222222222
"eps.gam[4]",0.36634196188085,0.401957412151274,-0.333863774174555,0.0842089195681304,0.33203861892386,0.6156962700488,1.21388624657297,1.00248487423354,969,1,0.832
"eps.gam[5]",-0.299624957383513,0.450226923241833,-1.32981079167806,-0.550240387249672,-0.255147679056472,-0.00112837855770095,0.495603508002609,1.00340111307007,2088,1,0.751111111111111
"eps.gam[6]",-0.0354727799571524,0.428662337314727,-0.910806287456822,-0.290503198973127,-0.0240465992405294,0.212469539998141,0.834360811400078,1.00113812631357,3026,1,0.530222222222222
"eps.gam[7]",0.10813880523097,0.451391801743814,-0.780936862901519,-0.155682904436593,0.093261400364732,0.376101727034754,1.01304403968542,1.00147959788374,3126,1,0.598222222222222
"eps.gam[8]",0.686489443538834,0.475225906533927,-0.0923875984569401,0.344634171435124,0.649516073904646,1.00003037175136,1.67188799972173,1.001642649924,1227,1,0.944888888888889
"eps.phi[1]",-0.0503443335496251,0.589523935143158,-0.999377843733461,-0.412299354366495,-0.109035525104683,0.206392833080588,1.37816607699041,1.03984415065161,186,1,0.601333333333333
"eps.phi[2]",-0.28375484918097,0.544238719323245,-1.18714659880315,-0.632766177370572,-0.320550653182442,-0.0118195982907728,1.04491399649969,1.02981712969818,204,1,0.758888888888889
"eps.phi[3]",-0.398359399432413,0.546631223766266,-1.3856301006933,-0.741507977723832,-0.422125102651537,-0.103305752898144,0.847739142340802,1.02806478333885,194,1,0.814666666666667
"eps.phi[4]",0.540527646162426,0.675230483082128,-0.45066449563009,0.0818314002774185,0.426405210048577,0.861640909865303,2.22060022516891,1.02589320984543,259,1,0.811777777777778
"eps.phi[5]",0.262466208621974,0.609688764745559,-0.675616165612227,-0.116746915247007,0.162410149783808,0.526229506708439,1.77244137122828,1.0314243207865,165,1,0.645111111111111
"eps.phi[6]",0.89469630191289,0.739207754385354,-0.118823726239779,0.38510960451124,0.769865364707525,1.26125850996336,2.7726810915256,1.02868734138934,172,1,0.941555555555556
"eps.phi[7]",1.04266617489747,0.839466378602252,-0.0796317848326944,0.460371786579342,0.891890889236372,1.41724671955431,3.15481681265707,1.02800991945168,213,1,0.957111111111111
"eps.phi[8]",0.717129000720191,0.656194385847105,-0.184911230964509,0.272160460906511,0.599785054292015,1.0200870072078,2.39427545118615,1.03474928364914,182,1,0.911777777777778
"eps.p[1]",-0.0806649757923975,0.176226479013973,-0.434414541179794,-0.192438385445513,-0.0778629066325625,0.0296022753798151,0.266280951813172,1.00433221349518,894,1,0.686
"eps.p[2]",-0.0495008085318419,0.167901001205645,-0.386181778458095,-0.156380280530433,-0.0489747531872501,0.0540970318609746,0.285021297895278,1.0053437124467,637,1,0.621333333333333
"eps.p[3]",-0.454907132459803,0.176019334952942,-0.816480058517151,-0.565084138950436,-0.451421695812051,-0.338125924340281,-0.123023755468783,1.003430510082,1159,0,0.995111111111111
"eps.p[4]",-0.174044431909457,0.162451537008384,-0.511858424403523,-0.276838912245991,-0.167834933352079,-0.0677004751609255,0.136269822212968,1.00358038366876,1028,1,0.870666666666667
"eps.p[5]",-0.024081539537017,0.155434495251352,-0.330382441037026,-0.121279655858017,-0.023551128473831,0.0744947166567305,0.282261065291368,1.00594753420153,442,1,0.566222222222222
"eps.p[6]",0.0890227979699831,0.154793494389217,-0.200169201921235,-0.0120772841612644,0.0864822841547534,0.183834757109465,0.397461320303414,1.00938428077644,244,1,0.722666666666667
"eps.p[7]",0.227888249735374,0.160397524824918,-0.0759341155868897,0.125466956196569,0.223302371434522,0.326597470346248,0.56091715773329,1.00726683997882,310,1,0.931777777777778
"eps.p[8]",0.187284717075993,0.15643476220678,-0.107136351257944,0.0840427443074839,0.182765167782096,0.286256097468794,0.506123930201551,1.00459813612336,531,1,0.895333333333333
"eps.p[9]",0.297436903855162,0.153776197588476,0.0171616026723104,0.195433051814233,0.289511141019899,0.389217544241881,0.616060358872813,1.00728199272884,311,0,0.981333333333333
"psi.fs[1]",0.733597597597598,0.0523654419163085,0.621621621621622,0.697297297297297,0.735135135135135,0.767567567567568,0.827027027027027,1.0001876052749,4500,0,1
"psi.fs[2]",0.648387987987988,0.0335107011632649,0.583783783783784,0.627027027027027,0.648648648648649,0.67027027027027,0.713513513513514,1.00012022071933,4500,0,1
"psi.fs[3]",0.582855255255255,0.0322170767238399,0.524324324324324,0.562162162162162,0.583783783783784,0.605405405405405,0.643243243243243,1.00100641803877,3015,0,1
"psi.fs[4]",0.554178978978979,0.0311502097077211,0.497297297297297,0.52972972972973,0.551351351351351,0.572972972972973,0.616216216216216,1.0004952466165,3193,0,1
"psi.fs[5]",0.673694894894895,0.0261501147579258,0.621621621621622,0.654054054054054,0.67027027027027,0.691891891891892,0.72972972972973,1.0002199882171,4500,0,1
"psi.fs[6]",0.650621021021021,0.0220406068864859,0.610810810810811,0.637837837837838,0.648648648648649,0.664864864864865,0.697297297297297,1.00011613726437,4500,0,1
"psi.fs[7]",0.698970570570571,0.0232344791312788,0.654054054054054,0.681081081081081,0.697297297297297,0.713513513513514,0.745945945945946,1.00167579589597,2125,0,1
"psi.fs[8]",0.743173573573574,0.0197820517627501,0.702702702702703,0.72972972972973,0.745945945945946,0.756756756756757,0.781216216216214,1.00052910554515,2339,0,1
"psi.fs[9]",0.793610810810811,0.0213136458709889,0.751351351351351,0.778378378378378,0.794594594594595,0.810810810810811,0.837837837837838,0.999870747175006,4500,0,1
"psi.surv[1]",0.748954462659381,0.030242185827142,0.704918032786885,0.721311475409836,0.737704918032787,0.770491803278688,0.819672131147541,1.00292931228169,644,0,1
"psi.surv[2]",0.629004192872117,0.0242536920189256,0.584905660377358,0.613207547169811,0.622641509433962,0.641509433962264,0.679245283018868,1.00035375509658,3640,0,1
"psi.surv[3]",0.598084409991387,0.0272290983879797,0.550387596899225,0.581395348837209,0.596899224806202,0.612403100775194,0.65891472868217,1.00163833213742,1581,0,1
"psi.surv[4]",0.603289537712895,0.026242152950832,0.554744525547445,0.583941605839416,0.598540145985402,0.62043795620438,0.656934306569343,1.00063404083954,4500,0,1
"psi.surv[5]",0.752300444444444,0.017027949248004,0.72,0.744,0.752,0.76,0.784,1.00138088269805,1431,0,1
"psi.surv[6]",0.656748695003729,0.0176495823989795,0.624161073825503,0.644295302013423,0.657718120805369,0.671140939597315,0.691275167785235,1.00022561348798,4231,0,1
"psi.surv[7]",0.744446411012783,0.0128754556713795,0.725663716814159,0.734513274336283,0.743362831858407,0.752212389380531,0.769911504424779,1.00224370722685,861,0,1
"psi.surv[8]",0.731376736111111,0.0136231803969436,0.7109375,0.71875,0.734375,0.7421875,0.7578125,1.00018835129869,4500,0,1
"psi.surv[9]",0.798256675279931,0.0127628298162014,0.775193798449612,0.790697674418605,0.798449612403101,0.806201550387597,0.829457364341085,1.00047535580033,2618,0,1
"n.occ[1]",135.715555555556,9.68760675451707,115,129,136,142,153,1.0001876052749,4500,0,1
"n.occ[2]",119.951777777778,6.19947971520401,108,116,120,124,132,1.00012022071933,4500,0,1
"n.occ[3]",107.828222222222,5.96015919391037,97,104,108,112,119,1.00100641803877,3015,0,1
"n.occ[4]",102.523111111111,5.76278879592841,92,98,102,106,114,1.0004952466165,3193,0,1
"n.occ[5]",124.633555555556,4.83777123021627,115,121,124,128,135,1.0002199882171,4500,0,1
"n.occ[6]",120.364888888889,4.07751227399989,113,118,120,123,129,1.00011613726437,4500,0,1
"n.occ[7]",129.309555555556,4.29837863928657,121,126,129,132,138,1.00167579589597,2125,0,1
"n.occ[8]",137.487111111111,3.65967957610876,130,135,138,140,144.525,1.00052910554515,2339,0,1
"n.occ[9]",146.818,3.94302448613296,139,144,147,150,155,0.999870747175006,4500,0,1
"psi.reg[1,1]",0.741834757834758,0.0717854664750296,0.58974358974359,0.692307692307692,0.743589743589744,0.794871794871795,0.846153846153846,1.00114541361057,1366,0,1
"psi.reg[2,1]",0.675385185185185,0.120673270686424,0.416666666666667,0.6,0.683333333333333,0.766666666666667,0.883333333333333,0.999995764577123,4500,0,1
"psi.reg[3,1]",0.865602693602694,0.0825462960098503,0.696969696969697,0.818181818181818,0.878787878787879,0.939393939393939,1,1.00103691626264,1564,0,1
"psi.reg[4,1]",0.711245283018868,0.0879513625731872,0.547169811320755,0.660377358490566,0.716981132075472,0.773584905660377,0.886792452830189,0.999786829904303,4500,0,1
"psi.reg[1,2]",0.77782905982906,0.0566684925963815,0.641025641025641,0.743589743589744,0.794871794871795,0.82051282051282,0.871794871794872,1.00026372351311,4500,0,1
"psi.reg[2,2]",0.547155555555556,0.0637227531322261,0.416666666666667,0.5,0.55,0.6,0.666666666666667,1.00093582094109,1916,0,1
"psi.reg[3,2]",0.791292929292929,0.0517715876201844,0.696969696969697,0.757575757575758,0.787878787878788,0.818181818181818,0.878787878787879,0.999945599216331,4500,0,1
"psi.reg[4,2]",0.578763102725367,0.0471792976836208,0.490566037735849,0.547169811320755,0.584905660377358,0.60377358490566,0.679245283018868,1.00018670121221,4500,0,1
"psi.reg[1,3]",0.770347578347578,0.0485016055898662,0.666666666666667,0.743589743589744,0.769230769230769,0.794871794871795,0.846153846153846,1.00066079865853,2037,0,1
"psi.reg[2,3]",0.465940740740741,0.0522395286909426,0.366666666666667,0.433333333333333,0.466666666666667,0.5,0.566666666666667,1.00069098400419,4500,0,1
"psi.reg[3,3]",0.792181818181818,0.0420575500885247,0.696969696969697,0.757575757575758,0.787878787878788,0.818181818181818,0.848484848484849,1.00106288556098,1921,0,1
"psi.reg[4,3]",0.446909853249476,0.056462367653392,0.348584905660377,0.415094339622642,0.433962264150943,0.490566037735849,0.566037735849057,1.00073614971014,2722,0,1
"psi.reg[1,4]",0.741566951566952,0.0502355222184722,0.641025641025641,0.717948717948718,0.743589743589744,0.769230769230769,0.82051282051282,1.00044684790511,3158,0,1
"psi.reg[2,4]",0.353737037037037,0.0502781523565872,0.266666666666667,0.316666666666667,0.35,0.383333333333333,0.45,1.00075336091994,4500,0,1
"psi.reg[3,4]",0.714747474747475,0.0595069635701505,0.606060606060606,0.666666666666667,0.727272727272727,0.757575757575758,0.818181818181818,1.00126102172372,2276,0,1
"psi.reg[4,4]",0.543228511530398,0.0405143302338677,0.471698113207547,0.509433962264151,0.547169811320755,0.566037735849057,0.622641509433962,1.00022819698424,4500,0,1
"psi.reg[1,5]",0.779367521367521,0.0426297268174365,0.692307692307692,0.743589743589744,0.769230769230769,0.82051282051282,0.846153846153846,1.00158434644873,1136,0,1
"psi.reg[2,5]",0.393359259259259,0.0539312891690947,0.3,0.35,0.383333333333333,0.433333333333333,0.508749999999994,0.999899180331554,4500,0,1
"psi.reg[3,5]",0.856882154882155,0.0310233925170717,0.787878787878788,0.848484848484849,0.848484848484849,0.878787878787879,0.909090909090909,1.0001829971617,4500,0,1
"psi.reg[4,5]",0.799236897274633,0.0335066017108473,0.735849056603774,0.773584905660377,0.792452830188679,0.830188679245283,0.867924528301887,1.00005723274114,4500,0,1
"psi.reg[1,6]",0.862945868945869,0.0337423387830845,0.794871794871795,0.846153846153846,0.871794871794872,0.897435897435897,0.923076923076923,1.00037087523327,4500,0,1
"psi.reg[2,6]",0.32447037037037,0.0376677840548929,0.25,0.3,0.316666666666667,0.35,0.4,1.00157446911383,1359,0,1
"psi.reg[3,6]",0.820969696969697,0.0422117149258513,0.727272727272727,0.787878787878788,0.818181818181818,0.848484848484849,0.878787878787879,1.00010623295247,4500,0,1
"psi.reg[4,6]",0.757542976939203,0.0331657584244321,0.69811320754717,0.735849056603774,0.754716981132076,0.773584905660377,0.830188679245283,0.999695663691794,4500,0,1
"psi.reg[1,7]",0.900905982905983,0.0306407812748131,0.846153846153846,0.871794871794872,0.897435897435897,0.923076923076923,0.948717948717949,1.00112693890477,1845,0,1
"psi.reg[2,7]",0.400140740740741,0.0504662506367357,0.3,0.366666666666667,0.4,0.433333333333333,0.5,1.00046015107666,4500,0,1
"psi.reg[3,7]",0.902848484848485,0.0215535006955782,0.848484848484849,0.878787878787879,0.909090909090909,0.909090909090909,0.939393939393939,1.00106834074655,2105,0,1
"psi.reg[4,7]",0.761731656184486,0.0342687250642607,0.69811320754717,0.735849056603774,0.754716981132076,0.792452830188679,0.830188679245283,1.00023741685788,3647,0,1
"psi.reg[1,8]",0.922438746438746,0.0233696005699177,0.871794871794872,0.897435897435897,0.923076923076923,0.948717948717949,0.974358974358974,0.999910095677071,4500,0,1
"psi.reg[2,8]",0.512751851851852,0.0318429525407481,0.45,0.483333333333333,0.516666666666667,0.533333333333333,0.583333333333333,1.00056644860775,3056,0,1
"psi.reg[3,8]",0.910942760942761,0.0371181399706449,0.848484848484849,0.878787878787879,0.909090909090909,0.939393939393939,0.96969696969697,1.00071852797909,2058,0,1
"psi.reg[4,8]",0.767656184486373,0.0408431136603255,0.679245283018868,0.735849056603774,0.773584905660377,0.792452830188679,0.830188679245283,1.00040070195912,4500,0,1
"psi.reg[1,9]",0.9677150997151,0.0190136895712277,0.923076923076923,0.948717948717949,0.974358974358974,0.974358974358974,1,0.999830159841207,4500,0,1
"psi.reg[2,9]",0.6149,0.0366407915194401,0.55,0.583333333333333,0.616666666666667,0.633333333333333,0.683333333333333,1.00048548876562,2593,0,1
"psi.reg[3,9]",0.935616161616162,0.028882426478833,0.878787878787879,0.909090909090909,0.939393939393939,0.96969696969697,1,0.999900185497933,4500,0,1
"psi.reg[4,9]",0.779392033542977,0.0456575908006649,0.679245283018868,0.754716981132076,0.773584905660377,0.811320754716981,0.867924528301887,0.999896919163727,4500,0,1
"n.occ.reg[1,1]",28.9315555555556,2.79963319252615,23,27,29,31,33,1.00114541361057,1366,0,1
"n.occ.reg[2,1]",40.5231111111111,7.24039624118542,25,36,41,46,53,0.999995764577123,4500,0,1
"n.occ.reg[3,1]",28.5648888888889,2.72402776832506,23,27,29,31,33,1.00103691626264,1564,0,1
"n.occ.reg[4,1]",37.696,4.66142221637892,29,35,38,41,47,0.999786829904304,4500,0,1
"n.occ.reg[1,2]",30.3353333333333,2.21007121125888,25,29,31,32,34,1.00026372351311,4500,0,1
"n.occ.reg[2,2]",32.8293333333333,3.82336518793357,25,30,33,36,40,1.00093582094109,1916,0,1
"n.occ.reg[3,2]",26.1126666666667,1.70846239146608,23,25,26,27,29,0.999945599216331,4500,0,1
"n.occ.reg[4,2]",30.6744444444444,2.5005027772319,26,29,31,32,36,1.00018670121221,4500,0,1
"n.occ.reg[1,3]",30.0435555555556,1.89156261800478,26,29,30,31,33,1.00066079865853,2037,0,1
"n.occ.reg[2,3]",27.9564444444444,3.13437172145655,22,26,28,30,34,1.00069098400419,4500,0,1
"n.occ.reg[3,3]",26.142,1.38789915292132,23,25,26,27,28,1.00106288556098,1921,0,1
"n.occ.reg[4,3]",23.6862222222222,2.99250548562977,18.475,22,23,26,30,1.00073614971014,2722,0,1
"n.occ.reg[1,4]",28.9211111111111,1.95918536652042,25,28,29,30,32,1.00044684790511,3158,0,1
"n.occ.reg[2,4]",21.2242222222222,3.01668914139523,16,19,21,23,27,1.00075336091994,4500,0,1
"n.occ.reg[3,4]",23.5866666666667,1.96372979781497,20,22,24,25,27,1.00126102172372,2276,0,1
"n.occ.reg[4,4]",28.7911111111111,2.14725950239499,25,27,29,30,33,1.00022819698424,4500,0,1
"n.occ.reg[1,5]",30.3953333333333,1.66255934588002,27,29,30,32,33,1.00158434644873,1136,0,1
"n.occ.reg[2,5]",23.6015555555556,3.23587735014568,18,21,23,26,30.5249999999996,0.999899180331554,4500,0,1
"n.occ.reg[3,5]",28.2771111111111,1.02377195306337,26,28,28,29,30,1.0001829971617,4500,0,1
"n.occ.reg[4,5]",42.3595555555556,1.7758498906749,39,41,42,44,46,1.00005723274114,4500,0,1
"n.occ.reg[1,6]",33.6548888888889,1.3159512125403,31,33,34,35,36,1.00037087523327,4500,0,1
"n.occ.reg[2,6]",19.4682222222222,2.26006704329358,15,18,19,21,24,1.00157446911383,1359,0,1
"n.occ.reg[3,6]",27.092,1.39298659255309,24,26,27,28,29,1.00010623295247,4500,0,1
"n.occ.reg[4,6]",40.1497777777778,1.7577851964949,37,39,40,41,44,0.999695663691794,4500,0,1
"n.occ.reg[1,7]",35.1353333333333,1.19499046971771,33,34,35,36,37,1.00112693890477,1845,0,1
"n.occ.reg[2,7]",24.0084444444444,3.02797503820414,18,22,24,26,30,1.00046015107666,4500,0,1
"n.occ.reg[3,7]",29.794,0.711265522954081,28,29,30,30,31,1.00106834074655,2105,0,1
"n.occ.reg[4,7]",40.3717777777778,1.81624242840581,37,39,40,42,44,1.00023741685788,3647,0,1
"n.occ.reg[1,8]",35.9751111111111,0.911414422226792,34,35,36,37,38,0.999910095677071,4500,0,1
"n.occ.reg[2,8]",30.7651111111111,1.91057715244489,27,29,31,32,35,1.00056644860775,3056,0,1
"n.occ.reg[3,8]",30.0611111111111,1.22489861903128,28,29,30,31,32,1.00071852797909,2058,0,1
"n.occ.reg[4,8]",40.6857777777778,2.16468502399725,36,39,41,42,44,1.00040070195912,4500,0,1
"n.occ.reg[1,9]",37.7408888888889,0.74153389327788,36,37,38,38,39,0.999830159841207,4500,0,1
"n.occ.reg[2,9]",36.894,2.19844749116641,33,35,37,38,41,1.00048548876562,2593,0,1
"n.occ.reg[3,9]",30.8753333333333,0.953120073801487,29,30,31,32,33,0.999900185497933,4500,0,1
"n.occ.reg[4,9]",41.3077777777778,2.41985231243524,36,40,41,43,46,0.999896919163727,4500,0,1
"psi.reg.init[1]",0.830888391932321,0.0968424369945226,0.595564084914485,0.779221584339773,0.848349916535071,0.903245919413856,0.965785428749863,1.0014931149684,1727,0,1
"psi.reg.init[2]",0.693531829040721,0.144766774798277,0.389340462698291,0.594491534572568,0.704098890215344,0.804203313456132,0.93185099140194,1.0002499069578,3545,0,1
"psi.reg.init[3]",0.894225528679791,0.0709164425225993,0.719411708628105,0.853895039871273,0.908320160671048,0.948597380296048,0.987486765515945,1.00054420747108,2564,0,1
"psi.reg.init[4]",0.580975535808332,0.166532953683732,0.255750814081177,0.464561799861667,0.583471023235084,0.702958306826452,0.889428186261586,1.00042008468087,4500,0,1
"gamma.reg[1,1]",0.284746538628636,0.129694374587106,0.0607390243314258,0.190523739146256,0.27705978162023,0.372032905932895,0.552776603957298,1.00599222468347,370,0,1
"gamma.reg[2,1]",0.1366250036869,0.0688507676883989,0.0240148870321116,0.0863184390706578,0.130137534697086,0.180159893826031,0.282484059913478,1.00301498683942,623,0,1
"gamma.reg[3,1]",0.36044163484849,0.158640019237934,0.0781223874206739,0.242855121713037,0.352474355011836,0.469982743574041,0.67763159600312,1.00257580769986,732,0,1
"gamma.reg[4,1]",0.326202113051604,0.12139116528232,0.0931590954112144,0.243088075408124,0.32874590102845,0.407032235324369,0.570876163703486,1.00218654643984,808,0,1
"gamma.reg[1,2]",0.26283910739943,0.116378042403487,0.0725101119973044,0.176551238310813,0.250766898513105,0.337419174442397,0.517635472623938,1.00151483743935,1093,0,1
"gamma.reg[2,2]",0.121730989597661,0.0561103133047862,0.031538433455558,0.0796113887901732,0.114734189940936,0.158041643294595,0.244004896698322,1.0004102000531,4226,0,1
"gamma.reg[3,2]",0.336558199347508,0.137918457448226,0.0887276869228507,0.233427009849635,0.330217059241742,0.428860531033432,0.616867721735674,1.00046576104864,3018,0,1
"gamma.reg[4,2]",0.302427803856339,0.100103635108684,0.112274471221971,0.231541175733576,0.303643259361764,0.369869561459549,0.497369278209622,1.00091892958333,3335,0,1
"gamma.reg[1,3]",0.300466859423175,0.114126196165428,0.10197234781615,0.216056706034638,0.292558763341616,0.377858186620781,0.545696739613974,1.00320824320307,584,0,1
"gamma.reg[2,3]",0.141624920644444,0.0536218997520607,0.0521828685397546,0.101891531602882,0.136248041384156,0.176336900206705,0.25713421206788,1.001877883232,1025,0,1
"gamma.reg[3,3]",0.37895401609482,0.132934379296827,0.140940047277494,0.281536957578259,0.37321435600394,0.470120578049271,0.653976685048083,1.00121772302767,1364,0,1
"gamma.reg[4,3]",0.344576621116515,0.0899398217270554,0.170958856586932,0.284073573967947,0.343700741366271,0.405134979758382,0.52139320259945,1.0009553940743,1778,0,1
"gamma.reg[1,4]",0.452551353101658,0.124281599196218,0.220684633175707,0.364862582223278,0.448928493807902,0.538425588827207,0.69765859297402,0.999963794861492,4500,0,1
"gamma.reg[2,4]",0.243831425177194,0.0704363559336637,0.12922324668897,0.193465188390884,0.234991957324069,0.286847542322792,0.403384887251547,1.00053847435545,4014,0,1
"gamma.reg[3,4]",0.539373567641992,0.132125286935579,0.275849636260073,0.444933639588169,0.540171701427852,0.636754250480691,0.783004830094475,0.999883625201814,4500,0,1
"gamma.reg[4,4]",0.508764412216035,0.102925960259815,0.316108394472289,0.43336394630538,0.506059799459009,0.580858283690422,0.71523239330695,1.00148595496738,1271,0,1
"gamma.reg[1,5]",0.309219705410484,0.116316497481248,0.105360929153808,0.225324007555331,0.302496941375745,0.386913302278984,0.553163453332133,1.00344382583101,540,0,1
"gamma.reg[2,5]",0.146750967786327,0.0546601596370465,0.0532626926308169,0.10797611357382,0.142548091163358,0.181314738305717,0.263400915987575,1.00279715708967,851,0,1
"gamma.reg[3,5]",0.388155732566744,0.133356939202746,0.146812170155523,0.291123665460494,0.382643962847496,0.477440885075097,0.660950620138753,1.00178841939989,1086,0,1
"gamma.reg[4,5]",0.355336831471185,0.102977220213761,0.165657564402786,0.285514521532973,0.353230387239279,0.423299379729261,0.565129165975585,1.00146037232006,1488,0,1
"gamma.reg[1,6]",0.36390290951169,0.127731799408451,0.13785685250175,0.269675524702064,0.35994303683792,0.449186739484759,0.631752836529778,1.00070161684824,2182,0,1
"gamma.reg[2,6]",0.180429636826264,0.0606658198845737,0.0755918973293468,0.136880258579841,0.176301623251387,0.218030979310904,0.313818160539395,1.000250470949,4500,0,1
"gamma.reg[3,6]",0.447283118076905,0.139999328360661,0.184644305120926,0.344659666497243,0.446745298646608,0.544036307197735,0.723799782315997,1.00012382726518,4500,0,1
"gamma.reg[4,6]",0.414410743561121,0.110054551391414,0.214785445788336,0.335745003184549,0.409827006582109,0.488699570135986,0.640332001725134,1.00089371154108,2457,0,1
"gamma.reg[1,7]",0.394919035307066,0.131807308811365,0.15613236534139,0.299004158422151,0.387563989644566,0.482397106116267,0.668516777335103,1.00129775499774,1624,0,1
"gamma.reg[2,7]",0.201837829704878,0.065889518468973,0.087548533608039,0.155596748200956,0.196184691853357,0.242273708048741,0.34492209198193,0.999873038075071,4500,0,1
"gamma.reg[3,7]",0.47943582340908,0.149895320913423,0.207201182771427,0.370092676400085,0.474582219130824,0.583743077966766,0.783374054398677,1.00013322755191,4500,0,1
"gamma.reg[4,7]",0.447822968901541,0.118514245582413,0.234179442213447,0.366725321988625,0.441021545203896,0.523347715617853,0.69455477175032,1.00073989067911,2597,0,1
"gamma.reg[1,8]",0.526480288051125,0.141202380822508,0.259304437064135,0.424881652155096,0.527020851418625,0.62751494026814,0.792460832607146,1.00026573481954,3860,0,1
"gamma.reg[2,8]",0.307279873689214,0.0910203337311069,0.157552174558312,0.239481223723341,0.299827395017521,0.365894861436655,0.508243489086583,1.00032272650868,4500,0,1
"gamma.reg[3,8]",0.608573194279086,0.144772164251251,0.315910855383688,0.507607222886211,0.6142697364743,0.715201345791291,0.872830383446873,1.00041506009148,3379,0,1
"gamma.reg[4,8]",0.582064653849961,0.12516957317061,0.340986697066558,0.490534953299039,0.583498046244036,0.673191764651086,0.815672212521451,1.00109013417468,1423,0,1
"phi.reg[1,1]",0.941710877873098,0.0337656020570324,0.855930745435381,0.925306296309323,0.948347894595448,0.965716013409295,0.986933329392323,1.00246404354806,1091,0,1
"phi.reg[2,1]",0.693987843014439,0.0942112276470403,0.499940345891542,0.63136851803058,0.69653910775525,0.76069931116193,0.865430362312951,1.00027142161745,3361,0,1
"phi.reg[3,1]",0.910133693811118,0.0485612922558639,0.79393355457813,0.884346396771947,0.918189615280561,0.946432313287597,0.979692393420838,1.00167044718651,1366,0,1
"phi.reg[4,1]",0.749004128733878,0.0982475322725603,0.530890993722749,0.684582159853193,0.759930670043103,0.822817481060288,0.908304429570481,1.00114146847392,2299,0,1
"phi.reg[1,2]",0.928150507292819,0.0403920133047925,0.830104108146827,0.908243238280429,0.93583480954778,0.956698237440323,0.983892558865686,1.00076115990241,2513,0,1
"phi.reg[2,2]",0.646466563587566,0.0937519888947911,0.450616974497331,0.584394686862118,0.653240294418967,0.713675163330919,0.811616916309146,1.00036331482809,2988,0,1
"phi.reg[3,2]",0.891401315450201,0.0546278524563208,0.762122575290297,0.860832944460961,0.900425166154079,0.931045123923019,0.971322398701388,1.00129720077735,1518,0,1
"phi.reg[4,2]",0.706487004441264,0.103462391782726,0.486066756771887,0.637060453405667,0.71568047214665,0.782618217663864,0.876050429689751,1.00102855711508,1702,0,1
"phi.reg[1,3]",0.91926659667339,0.0470612200989543,0.801069413242176,0.896279507202023,0.928362842213683,0.953273716371966,0.981984690930679,1.00130333510799,1485,0,1
"phi.reg[2,3]",0.62066300715562,0.0975943296375212,0.427732489545007,0.553756435888737,0.625251818451882,0.690781350835376,0.799643093809355,1.00077909055557,1987,0,1
"phi.reg[3,3]",0.879296013164483,0.0610402267996021,0.73560443270584,0.844142742481203,0.887423614085649,0.925583032437689,0.969065807864247,1.0017467328751,1151,0,1
"phi.reg[4,3]",0.683310898054884,0.109016767557307,0.448682911578926,0.612922008654636,0.690834383947781,0.763225552041323,0.87070874010187,1.00082615348802,1733,0,1
"phi.reg[1,4]",0.964822712396851,0.0236631105194362,0.905725661942867,0.953655358338019,0.969904667155392,0.981671393148086,0.994648039972169,1.0001797682317,4500,0,1
"phi.reg[2,4]",0.798219367700574,0.077846049042351,0.629841971222499,0.749029601876503,0.804042229429758,0.855144061047589,0.930155858384171,0.999919949486346,4500,0,1
"phi.reg[3,4]",0.948161661810274,0.0284100664126055,0.878600669196451,0.933351143502952,0.953660094112332,0.968794910517413,0.987519292009459,1.00024563976412,4500,0,1
"phi.reg[4,4]",0.8413581371438,0.0660588348493776,0.688831640211363,0.802009915642119,0.849207477693138,0.888802005379745,0.947271564248737,1.0003852484582,4500,0,1
"phi.reg[1,5]",0.95580208216906,0.0271060053924674,0.883746544601733,0.943009652591906,0.960971638327902,0.975346424138026,0.991051504001919,1.00242098045336,1111,0,1
"phi.reg[2,5]",0.753426971923135,0.0846486968269367,0.574924923764592,0.697384458843401,0.760698539121007,0.813142598615989,0.903349930589027,1.00052107974829,3469,0,1
"phi.reg[3,5]",0.933436158363982,0.0350190978649149,0.849841218308589,0.915560203801361,0.939729593322671,0.958923500477544,0.982596482359024,1.00118985469884,1729,0,1
"phi.reg[4,5]",0.804842052019265,0.0690075579339667,0.653369305082377,0.762640529211506,0.811266096362897,0.854319688630683,0.921174324832446,0.999808121355505,4500,0,1
"phi.reg[1,6]",0.974427787418203,0.0178006531008368,0.93061066641888,0.966040168664235,0.978295990938308,0.987408919527959,0.996434777578217,1.00332932020258,844,0,1
"phi.reg[2,6]",0.845172482026618,0.0698681363283572,0.689434678114929,0.801592932541927,0.854024495133968,0.898416199053779,0.954815734259141,1.00158244376198,1164,0,1
"phi.reg[3,6]",0.962119654082478,0.0221694499212184,0.909754416758182,0.949893759362959,0.966789856645743,0.978498253443262,0.991982610956764,1.00065707090683,2338,0,1
"phi.reg[4,6]",0.881077226225451,0.0531299109163256,0.760813329728434,0.848985840260953,0.887691514348406,0.919883376703403,0.965631093843526,1.00062512097339,3703,0,1
"phi.reg[1,7]",0.977343788639472,0.0163745852779573,0.935888685834798,0.969527587192667,0.981243960237539,0.989348207571011,0.997174723075904,1.00201562061218,1129,0,1
"phi.reg[2,7]",0.859108854385944,0.0697869578258365,0.703151067330207,0.815050426520859,0.866586570230057,0.911062476530204,0.969753114147384,1.00098794565168,2134,0,1
"phi.reg[3,7]",0.965463058640748,0.0221888431683546,0.909755990691705,0.953648627091931,0.970222495150963,0.981937388875852,0.994807192043368,0.99997285366354,4500,0,1
"phi.reg[4,7]",0.891492800714489,0.0550061973824087,0.769769972663909,0.858502461709555,0.898424809114095,0.932248178761262,0.978372611202201,1.00010535451545,4500,0,1
"phi.reg[1,8]",0.971437196619075,0.0174551612341075,0.927297958348937,0.962443275072043,0.974858276853035,0.98410755533203,0.994452442482467,1.00401271721079,777,0,1
"phi.reg[2,8]",0.826178684668261,0.063439091479804,0.689754240730592,0.786290233831087,0.829661279828585,0.871339698187183,0.934909747282465,1.00041615126731,2940,0,1
"phi.reg[3,8]",0.956257263159105,0.0238106841888802,0.899113104377764,0.94363234354098,0.960732434557665,0.973608426262786,0.989189262337298,1.00077235701383,3429,0,1
"phi.reg[4,8]",0.863930787781993,0.0551061330732992,0.738597440815056,0.831422681505204,0.868929662857488,0.904889275914959,0.953562699081127,0.999934941225946,4500,0,1
"ext.reg[1,1]",0.0582891221269017,0.0337656020570324,0.0130666706076771,0.0342839865907048,0.0516521054045515,0.074693703690677,0.144069254564619,1.00246404354806,1091,0,1
"ext.reg[2,1]",0.306012156985561,0.0942112276470403,0.134569637687048,0.23930068883807,0.30346089224475,0.36863148196942,0.500059654108457,1.00027142161745,3361,0,1
"ext.reg[3,1]",0.0898663061888816,0.0485612922558639,0.0203076065791619,0.0535676867124025,0.0818103847194386,0.115653603228053,0.20606644542187,1.00167044718651,1366,0,1
"ext.reg[4,1]",0.250995871266122,0.0982475322725603,0.0916955704295194,0.177182518939712,0.240069329956897,0.315417840146807,0.469109006277251,1.00114146847392,2299,0,1
"ext.reg[1,2]",0.0718494927071815,0.0403920133047925,0.0161074411343141,0.0433017625596765,0.0641651904522201,0.091756761719571,0.169895891853173,1.00076115990241,2513,0,1
"ext.reg[2,2]",0.353533436412434,0.0937519888947911,0.188383083690854,0.286324836669081,0.346759705581033,0.415605313137882,0.549383025502669,1.00036331482809,2988,0,1
"ext.reg[3,2]",0.108598684549799,0.0546278524563208,0.0286776012986122,0.0689548760769808,0.0995748338459215,0.139167055539039,0.237877424709703,1.00129720077735,1518,0,1
"ext.reg[4,2]",0.293512995558736,0.103462391782726,0.123949570310249,0.217381782336136,0.28431952785335,0.362939546594333,0.513933243228113,1.00102855711508,1702,0,1
"ext.reg[1,3]",0.0807334033266096,0.0470612200989543,0.0180153090693214,0.0467262836280336,0.0716371577863169,0.103720492797977,0.198930586757824,1.00130333510799,1485,0,1
"ext.reg[2,3]",0.37933699284438,0.0975943296375212,0.200356906190645,0.309218649164624,0.374748181548118,0.446243564111263,0.572267510454993,1.00077909055557,1987,0,1
"ext.reg[3,3]",0.120703986835517,0.0610402267996021,0.0309341921357527,0.0744169675623112,0.112576385914351,0.155857257518798,0.26439556729416,1.0017467328751,1151,0,1
"ext.reg[4,3]",0.316689101945116,0.109016767557307,0.12929125989813,0.236774447958677,0.309165616052219,0.387077991345364,0.551317088421074,1.00082615348802,1733,0,1
"ext.reg[1,4]",0.0351772876031488,0.0236631105194362,0.00535196002783088,0.018328606851914,0.0300953328446083,0.0463446416619806,0.0942743380571333,1.0001797682317,4500,0,1
"ext.reg[2,4]",0.201780632299426,0.077846049042351,0.0698441416158294,0.144855938952411,0.195957770570242,0.250970398123497,0.370158028777501,0.999919949486346,4500,0,1
"ext.reg[3,4]",0.0518383381897261,0.0284100664126055,0.0124807079905409,0.0312050894825874,0.0463399058876683,0.0666488564970477,0.121399330803549,1.00024563976412,4500,0,1
"ext.reg[4,4]",0.1586418628562,0.0660588348493776,0.0527284357512626,0.111197994620255,0.150792522306862,0.197990084357881,0.311168359788637,1.0003852484582,4500,0,1
"ext.reg[1,5]",0.0441979178309401,0.0271060053924674,0.00894849599808106,0.0246535758619738,0.039028361672098,0.0569903474080934,0.116253455398267,1.00242098045336,1111,0,1
"ext.reg[2,5]",0.246573028076865,0.0846486968269367,0.0966500694109727,0.186857401384011,0.239301460878993,0.302615541156599,0.425075076235408,1.00052107974829,3469,0,1
"ext.reg[3,5]",0.0665638416360179,0.0350190978649149,0.0174035176409757,0.0410764995224562,0.0602704066773292,0.084439796198639,0.150158781691411,1.00118985469884,1729,0,1
"ext.reg[4,5]",0.195157947980735,0.0690075579339667,0.0788256751675542,0.145680311369317,0.188733903637103,0.237359470788494,0.346630694917623,0.999808121355505,4500,0,1
"ext.reg[1,6]",0.0255722125817972,0.0178006531008368,0.00356522242178295,0.0125910804720413,0.0217040090616917,0.0339598313357647,0.0693893335811201,1.00332932020258,844,0,1
"ext.reg[2,6]",0.154827517973382,0.0698681363283572,0.045184265740859,0.101583800946221,0.145975504866032,0.198407067458073,0.310565321885071,1.00158244376198,1164,0,1
"ext.reg[3,6]",0.0378803459175222,0.0221694499212184,0.00801738904323612,0.0215017465567381,0.0332101433542566,0.0501062406370415,0.0902455832418183,1.00065707090683,2338,0,1
"ext.reg[4,6]",0.118922773774548,0.0531299109163256,0.0343689061564735,0.0801166232965966,0.112308485651594,0.151014159739047,0.239186670271566,1.00062512097339,3703,0,1
"ext.reg[1,7]",0.0226562113605283,0.0163745852779573,0.00282527692409567,0.0106517924289893,0.0187560397624613,0.0304724128073328,0.064111314165202,1.00201562061219,1129,0,1
"ext.reg[2,7]",0.140891145614056,0.0697869578258365,0.0302468858526159,0.0889375234697958,0.133413429769943,0.184949573479141,0.296848932669793,1.00098794565168,2134,0,1
"ext.reg[3,7]",0.034536941359252,0.0221888431683546,0.00519280795663225,0.0180626111241484,0.0297775048490375,0.0463513729080694,0.0902440093082952,0.99997285366354,4500,0,1
"ext.reg[4,7]",0.108507199285511,0.0550061973824087,0.0216273887977989,0.0677518212387383,0.101575190885905,0.141497538290445,0.230230027336091,1.00010535451545,4500,0,1
"ext.reg[1,8]",0.0285628033809253,0.0174551612341075,0.00554755751753252,0.0158924446679704,0.0251417231469648,0.037556724927957,0.0727020416510631,1.00401271721079,777,0,1
"ext.reg[2,8]",0.173821315331739,0.063439091479804,0.0650902527175346,0.128660301812817,0.170338720171415,0.213709766168913,0.310245759269408,1.00041615126731,2940,0,1
"ext.reg[3,8]",0.0437427368408952,0.0238106841888802,0.0108107376627016,0.0263915737372144,0.0392675654423351,0.0563676564590203,0.100886895622235,1.00077235701383,3429,0,1
"ext.reg[4,8]",0.136069212218007,0.0551061330732992,0.0464373009188724,0.095110724085041,0.131070337142512,0.168577318494796,0.261402559184943,0.999934941225946,4500,0,1
"mean.gamma.reg[1]",0.361890724604158,0.0952263429121299,0.186524838878475,0.293853177794712,0.357839223630248,0.425239493130516,0.558834701176877,1.0026913555344,741,0,1
"mean.gamma.reg[2]",0.18501383088911,0.0366602083942687,0.119547799767918,0.158464648492466,0.182786556064262,0.209853462259352,0.261363883006433,1.00045981288239,2642,0,1
"mean.gamma.reg[3]",0.442346910783078,0.112157061284899,0.234480140741418,0.36275025839077,0.440234671460249,0.519866047497947,0.668219575212129,1.00055412700796,2331,0,1
"mean.gamma.reg[4]",0.410200768503038,0.0657850360255871,0.284169669865355,0.364648457154206,0.40900258981479,0.453712557724457,0.544101375049484,1.00063480485258,2206,0,1
"mean.phi.reg[1]",0.954120193635246,0.0217636194128065,0.903440765748096,0.94215685427415,0.957255855935386,0.969820978123625,0.987317547810348,1.0014182405054,1208,0,1
"mean.phi.reg[2]",0.755402971807769,0.0455762084743824,0.66643332610939,0.725008409597492,0.756438226236497,0.786622068623817,0.842189244212667,1.00030186960733,4271,0,1
"mean.phi.reg[3]",0.930783602310299,0.0270821511383011,0.87216557612771,0.913299104877083,0.933183537237628,0.951021249564117,0.976502891185546,1.00111964490977,1453,0,1
"mean.phi.reg[4]",0.802687879389378,0.0486246257157515,0.7043066880694,0.770275439515779,0.804521944260598,0.836659331439983,0.893323770319719,1.00052973796955,3755,0,1
"mean.ext.reg[1]",0.0458798063647541,0.0217636194128065,0.0126824521896517,0.0301790218763752,0.0427441440646142,0.0578431457258501,0.0965592342519037,1.0014182405054,1208,0,1
"mean.ext.reg[2]",0.244597028192231,0.0455762084743824,0.157810755787332,0.213377931376183,0.243561773763503,0.274991590402507,0.33356667389061,1.00030186960733,4271,0,1
"mean.ext.reg[3]",0.0692163976897013,0.0270821511383011,0.0234971088144542,0.0489787504358833,0.0668164627623718,0.0867008951229173,0.12783442387229,1.00111964490976,1453,0,1
"mean.ext.reg[4]",0.197312120610622,0.0486246257157515,0.106676229680282,0.163340668560017,0.195478055739402,0.229724560484221,0.2956933119306,1.00052973796955,3755,0,1
"equilib.reg[1]",0.887854619772957,0.0427849806899203,0.794232414289623,0.861216272722881,0.891535178676871,0.918310311349756,0.960856903342014,1.0016109507683,1298,0,1
"equilib.reg[2]",0.431082098586233,0.0573520431158448,0.324048363064728,0.391248791439223,0.429248865767174,0.469928660658367,0.550217274595637,1.00030290091139,3335,0,1
"equilib.reg[3]",0.864223326042275,0.0438156238927365,0.767178147583025,0.838229545533516,0.867124078402462,0.895330449379105,0.941225908841778,1.00000669646113,4500,0,1
"equilib.reg[4]",0.676654466106792,0.0560263173492905,0.567101107058031,0.639754474705382,0.675499667751065,0.713537926748133,0.79080706356285,1.00109770970584,1899,0,1
"mean.p",0.580624828251099,0.0290861367481403,0.522045737710231,0.563748508412862,0.581573561174942,0.598146654267439,0.636525892877245,1.00993603127903,278,0,1
"p.year[1]",0.560810791570859,0.0368327357782948,0.487823864037485,0.536182916365935,0.561910098500579,0.585637238761562,0.631477236216627,1.00005057964595,4500,0,1
"p.year[2]",0.568491861562706,0.0333454415054918,0.502644465804956,0.546167800484246,0.568582501026996,0.591718513849004,0.632543670643292,1.00066087219558,2590,0,1
"p.year[3]",0.468106078501435,0.0366981147002246,0.39758826998947,0.442587976029622,0.468523682963527,0.492371346731126,0.54136977443506,1.00179630906788,1407,0,1
"p.year[4]",0.537874358062041,0.03229911437313,0.474519710689529,0.516071072214554,0.538443343244761,0.559811536940798,0.600948726905617,1.00059141833313,2749,0,1
"p.year[5]",0.574785853421178,0.0280443818540618,0.51971448509343,0.555440296334509,0.575190771595929,0.594330384568004,0.628496045849907,0.999846942795701,4500,0,1
"p.year[6]",0.602092136363165,0.0270227602718873,0.548693039656163,0.583565842523042,0.602429035027411,0.620730038992877,0.655078156508214,1.00094866440237,1823,0,1
"p.year[7]",0.634695492209325,0.0277550598432433,0.580709789054373,0.616097264327585,0.634551069773634,0.653370114494763,0.689130518515481,1.00046384891567,3986,0,1
"p.year[8]",0.625308415497452,0.026576439253449,0.5739470600878,0.607062293628475,0.62577356310953,0.643793368771788,0.675283314039823,1.0001231811775,4500,0,1
"p.year[9]",0.650703149967358,0.0245950721806747,0.602750998615342,0.634141080913593,0.650620155571906,0.667253894747302,0.698542483483842,1.00040777856758,3560,0,1
"z[1,1]",0.919555555555556,0.272010253356189,0,1,1,1,1,1.0011577323928,4500,1,1
"z[2,1]",1,0,1,1,1,1,1,NA,1,0,1
"z[3,1]",0.517333333333333,0.499754996652622,0,0,1,1,1,1.0002695606104,3325,1,1
"z[4,1]",1,0,1,1,1,1,1,NA,1,0,1
"z[5,1]",0.790666666666667,0.406877964144234,0,1,1,1,1,1.00189270940727,1365,1,1
"z[6,1]",0.744888888888889,0.435972098015125,0,0,1,1,1,1.00027106603385,4359,1,1
"z[7,1]",0.887333333333333,0.316220034192095,0,1,1,1,1,1.00167928949572,2491,1,1
"z[8,1]",0.357333333333333,0.479267426453253,0,0,0,1,1,1.00025827764132,3683,1,1
"z[9,1]",0.700888888888889,0.457919482174323,0,0,1,1,1,0.999927065327341,4500,1,1
"z[10,1]",0.866888888888889,0.339732529641953,0,1,1,1,1,1.00510802063347,798,1,1
"z[11,1]",0.922,0.26820138867189,0,1,1,1,1,1.00305805451509,2049,1,1
"z[12,1]",0.933555555555556,0.249085061097509,0,1,1,1,1,1.00698382360318,1096,1,1
"z[13,1]",0.673777777777778,0.468881796977854,0,0,1,1,1,0.999841736376566,4500,1,1
"z[14,1]",0.704888888888889,0.456143376880734,0,0,1,1,1,1.00079686442389,2134,1,1
"z[15,1]",0.0233333333333333,0.15097666777369,0,0,0,0,0,1.02026613522627,1040,1,1
"z[16,1]",1,0,1,1,1,1,1,NA,1,0,1
"z[17,1]",0.815111111111111,0.388250544230724,0,1,1,1,1,1.00024565984891,4500,1,1
"z[18,1]",0.389777777777778,0.487753963867268,0,0,0,1,1,1.00293149530001,648,1,1
"z[19,1]",1,0,1,1,1,1,1,NA,1,0,1
"z[20,1]",0.141777777777778,0.348860838750797,0,0,0,0,1,1.00150078824899,2243,1,1
"z[21,1]",0.0897777777777778,0.285894896643156,0,0,0,0,1,1.00180036763531,2869,1,1
"z[22,1]",1,0,1,1,1,1,1,NA,1,0,1
"z[23,1]",0.820444444444444,0.383859482164201,0,1,1,1,1,0.999818050400444,4500,1,1
"z[24,1]",1,0,1,1,1,1,1,NA,1,0,1
"z[25,1]",0.875555555555556,0.330124587038853,0,1,1,1,1,1.00017974528464,4500,1,1
"z[26,1]",0.876444444444444,0.329110391733384,0,1,1,1,1,1.00258245367355,1589,1,1
"z[27,1]",0.876,0.329618179158867,0,1,1,1,1,1.00006245068719,4500,1,1
"z[28,1]",0.893333333333333,0.308723288567936,0,1,1,1,1,0.99996015868982,4500,1,1
"z[29,1]",0.867333333333333,0.339251821185049,0,1,1,1,1,1.00024314017627,4500,1,1
"z[30,1]",0.907777777777778,0.289371546504837,0,1,1,1,1,1.00161798479146,3050,1,1
"z[31,1]",0.897555555555556,0.303265589918635,0,1,1,1,1,1.00037894155768,4500,1,1
"z[32,1]",0.908888888888889,0.287799032014152,0,1,1,1,1,1.00002603714824,4500,1,1
"z[33,1]",0.751777777777778,0.432029429863302,0,1,1,1,1,0.999731125609566,4500,1,1
"z[34,1]",0.654888888888889,0.475457324667998,0,0,1,1,1,1.00069810711841,2152,1,1
"z[35,1]",0.789555555555556,0.407669611770085,0,1,1,1,1,1.00179187053727,1417,1,1
"z[36,1]",0.723777777777778,0.447177753800003,0,0,1,1,1,0.999994792849343,4500,1,1
"z[37,1]",0.882666666666667,0.321852826698461,0,1,1,1,1,1.00616927615143,738,1,1
"z[38,1]",0.534444444444444,0.498867602118495,0,0,1,1,1,0.999722043328634,4500,1,1
"z[39,1]",0.9,0.300033338889918,0,1,1,1,1,1.00356796713624,1424,1,1
"z[40,1]",0.851333333333333,0.355799129666249,0,1,1,1,1,1.00046096983686,4500,1,1
"z[41,1]",0.835777777777778,0.370518274124004,0,1,1,1,1,0.999872075588532,4500,1,1
"z[42,1]",0.364,0.481202095556712,0,0,0,1,1,0.999684576422274,4500,1,1
"z[43,1]",0.551555555555556,0.497390190698278,0,0,1,1,1,1.00070863914949,1946,1,1
"z[44,1]",0.851333333333333,0.355799129666249,0,1,1,1,1,1.00045882507843,4500,1,1
"z[45,1]",0.375333333333333,0.484262672142031,0,0,0,1,1,1.00012914961068,4500,1,1
"z[46,1]",0.903777777777778,0.294928526412557,0,1,1,1,1,1.00179725393853,2702,1,1
"z[47,1]",0.885333333333333,0.318654651372799,0,1,1,1,1,1.00201161157215,2097,1,1
"z[48,1]",0.907777777777778,0.289371546504837,0,1,1,1,1,1.00582747312612,968,1,1
"z[49,1]",0.774222222222222,0.418139960301486,0,1,1,1,1,1.00209167591673,1179,1,1
"z[50,1]",0.796888888888889,0.402359247276006,0,1,1,1,1,0.999870860304384,4500,1,1
"z[51,1]",0.784888888888889,0.410945068049354,0,1,1,1,1,1.00072130818261,2813,1,1
"z[52,1]",0.637333333333333,0.480823180928364,0,0,1,1,1,0.999805250306732,4500,1,1
"z[53,1]",0.668,0.470983327210095,0,0,1,1,1,0.999686179712378,4500,1,1
"z[54,1]",0.379555555555556,0.485330278513819,0,0,0,1,1,1.00181484137306,991,1,1
"z[55,1]",0.0357777777777778,0.185756281888117,0,0,0,0,1,1.0005582470803,4500,1,1
"z[56,1]",1,0,1,1,1,1,1,NA,1,0,1
"z[57,1]",1,0,1,1,1,1,1,NA,1,0,1
"z[58,1]",1,0,1,1,1,1,1,NA,1,0,1
"z[59,1]",1,0,1,1,1,1,1,NA,1,0,1
"z[60,1]",1,0,1,1,1,1,1,NA,1,0,1
"z[61,1]",0.831111111111111,0.374695384746298,0,1,1,1,1,0.999690417735298,4500,1,1
"z[62,1]",0.762666666666667,0.425495540244226,0,1,1,1,1,1.00010218865277,4500,1,1
"z[63,1]",0.837111111111111,0.36930530304322,0,1,1,1,1,1.00103800632712,2666,1,1
"z[64,1]",0.784,0.411560008218152,0,1,1,1,1,1.00048466202374,3618,1,1
"z[65,1]",0.701555555555556,0.4576263718623,0,0,1,1,1,1.00016448794293,4500,1,1
"z[66,1]",0.668222222222222,0.470903983688025,0,0,1,1,1,0.999757477212056,4500,1,1
"z[67,1]",0.632444444444444,0.482193050608748,0,0,1,1,1,1.00017350377177,4249,1,1
"z[68,1]",0.633777777777778,0.481824756726152,0,0,1,1,1,1.00119659015087,1415,1,1
"z[69,1]",1,0,1,1,1,1,1,NA,1,0,1
"z[70,1]",1,0,1,1,1,1,1,NA,1,0,1
"z[71,1]",0.975555555555556,0.154441620272072,1,1,1,1,1,1.00513891123747,3803,0,1
"z[72,1]",0.972444444444444,0.163713783655141,0,1,1,1,1,1.00062757774851,4500,1,1
"z[73,1]",0.571333333333333,0.494940392817928,0,0,1,1,1,0.999879088548245,4500,1,1
"z[74,1]",0.862,0.344938314111875,0,1,1,1,1,1.00045829012329,4500,1,1
"z[75,1]",0.457555555555556,0.498250576126716,0,0,0,1,1,1.00022306564091,3625,1,1
"z[76,1]",0.699555555555556,0.458502232009075,0,0,1,1,1,1.00010961789035,4500,1,1
"z[77,1]",0.186666666666667,0.38968701286146,0,0,0,0,1,1.00063546872322,3406,1,1
"z[78,1]",0.670444444444444,0.470104033146587,0,0,1,1,1,0.99979618025039,4500,1,1
"z[79,1]",0.843111111111111,0.36373639680125,0,1,1,1,1,1.00125420727206,2374,1,1
"z[80,1]",0.730888888888889,0.443547110984994,0,0,1,1,1,0.999778333862079,4500,1,1
"z[81,1]",0.520888888888889,0.499618980061514,0,0,1,1,1,1.00163551701414,1022,1,1
"z[82,1]",0.796444444444444,0.402686883553545,0,1,1,1,1,0.999782968417455,4500,1,1
"z[83,1]",0.401777777777778,0.490311960466974,0,0,0,1,1,1.00126504307125,1308,1,1
"z[84,1]",0.572444444444444,0.494778944426467,0,0,1,1,1,1.00075937221964,1876,1,1
"z[85,1]",0.948666666666667,0.220701260655139,0,1,1,1,1,1.00128932800049,4500,1,1
"z[86,1]",0.00266666666666667,0.0515766100016907,0,0,0,0,0,1.0391172209852,4489,1,1
"z[87,1]",0.202666666666667,0.402030852549182,0,0,0,0,1,1.00088092655819,2555,1,1
"z[88,1]",1,0,1,1,1,1,1,NA,1,0,1
"z[89,1]",1,0,1,1,1,1,1,NA,1,0,1
"z[90,1]",0.782888888888889,0.412324698400923,0,1,1,1,1,1.00012073214624,4500,1,1
"z[91,1]",0.826444444444444,0.378768934845247,0,1,1,1,1,1.00133734309241,2086,1,1
"z[92,1]",0.825555555555556,0.379533385063961,0,1,1,1,1,0.999825011458005,4500,1,1
"z[93,1]",0.799555555555556,0.400377436705509,0,1,1,1,1,1.00211025509502,1273,1,1
"z[94,1]",0.731777777777778,0.443083162614667,0,0,1,1,1,0.99975573386154,4500,1,1
"z[95,1]",0.502444444444444,0.500049588808145,0,0,1,1,1,1.00039810945891,2739,1,1
"z[96,1]",0.898888888888889,0.3015092968165,0,1,1,1,1,1.00200953951623,2349,1,1
"z[97,1]",0.944222222222222,0.229517588820724,0,1,1,1,1,1.0007952570965,4500,1,1
"z[98,1]",0.762222222222222,0.42576964496162,0,1,1,1,1,1.00035752933498,3995,1,1
"z[99,1]",0.786444444444444,0.409862062981569,0,1,1,1,1,0.99986719388489,4500,1,1
"z[100,1]",0.779777777777778,0.414442474320032,0,1,1,1,1,0.999707616392979,4500,1,1
"z[101,1]",0.604666666666667,0.488976504325738,0,0,1,1,1,0.999687345944854,4500,1,1
"z[102,1]",0.00822222222222222,0.0903129549063228,0,0,0,0,0,1.03185522703782,1816,1,1
"z[103,1]",1,0,1,1,1,1,1,NA,1,0,1
"z[104,1]",0.00733333333333333,0.0853297931213479,0,0,0,0,0,1.00521149955273,4500,1,1
"z[105,1]",0.562888888888889,0.496084344110268,0,0,1,1,1,1.00190567967016,913,1,1
"z[106,1]",0.658222222222222,0.474358231604594,0,0,1,1,1,1.00122807527026,1430,1,1
"z[107,1]",0.665777777777778,0.471770270121085,0,0,1,1,1,1.00010175744321,4500,1,1
"z[108,1]",0.748,0.434209508544566,0,0,1,1,1,0.999793633351683,4500,1,1
"z[109,1]",0.612444444444444,0.487246348852538,0,0,1,1,1,0.999787972199829,4500,1,1
"z[110,1]",1,0,1,1,1,1,1,NA,1,0,1
"z[111,1]",1,0,1,1,1,1,1,NA,1,0,1
"z[112,1]",1,0,1,1,1,1,1,NA,1,0,1
"z[113,1]",0.03,0.170606178387604,0,0,0,0,1,1.00071371130105,4500,1,1
"z[114,1]",0.232888888888889,0.422719012480962,0,0,0,0,1,1.00029782431062,4429,1,1
"z[115,1]",0.167333333333333,0.373314691159151,0,0,0,0,1,0.999769507497462,4500,1,1
"z[116,1]",0.272666666666667,0.445380327769016,0,0,0,1,1,0.999758875685155,4500,1,1
"z[117,1]",0.298222222222222,0.457528410781342,0,0,0,1,1,0.999838028084642,4500,1,1
"z[118,1]",1,0,1,1,1,1,1,NA,1,0,1
"z[119,1]",1,0,1,1,1,1,1,NA,1,0,1
"z[120,1]",1,0,1,1,1,1,1,NA,1,0,1
"z[121,1]",1,0,1,1,1,1,1,NA,1,0,1
"z[122,1]",0.831555555555556,0.374302080368986,0,1,1,1,1,1.0000458471036,4500,1,1
"z[123,1]",0.838,0.368491756631665,0,1,1,1,1,1.00336326586054,1001,1,1
"z[124,1]",0.846666666666667,0.360348550735725,0,1,1,1,1,1.00099144075358,2912,1,1
"z[125,1]",0.971777777777778,0.165625554658784,0,1,1,1,1,1.00322605519385,4500,1,1
"z[126,1]",0.968222222222222,0.175427447850631,0,1,1,1,1,1.00164421714323,4500,1,1
"z[127,1]",0.685111111111111,0.464523226610421,0,0,1,1,1,0.999732345543001,4500,1,1
"z[128,1]",0.624888888888889,0.484205397030585,0,0,1,1,1,1.00006742892157,4500,1,1
"z[129,1]",0.707111111111111,0.455138463782826,0,0,1,1,1,0.999960900799166,4500,1,1
"z[130,1]",0.658888888888889,0.474135294503335,0,0,1,1,1,1.00086514928812,1864,1,1
"z[131,1]",0.688222222222222,0.463271074442069,0,0,1,1,1,1.0003834779373,3261,1,1
"z[132,1]",0.768666666666667,0.421731841536556,0,1,1,1,1,0.999750925491935,4500,1,1
"z[133,1]",0.712888888888889,0.452464158988094,0,0,1,1,1,0.999702550121512,4500,1,1
"z[134,1]",1,0,1,1,1,1,1,NA,1,0,1
"z[135,1]",1,0,1,1,1,1,1,NA,1,0,1
"z[136,1]",0.0531111111111111,0.224279956970223,0,0,0,0,1,1.00358774988401,2528,1,1
"z[137,1]",0.406222222222222,0.491181576997835,0,0,0,1,1,1.00146867522876,1156,1,1
"z[138,1]",1,0,1,1,1,1,1,NA,1,0,1
"z[139,1]",1,0,1,1,1,1,1,NA,1,0,1
"z[140,1]",0.338888888888889,0.473384630425236,0,0,0,1,1,0.999711343385771,4500,1,1
"z[141,1]",0.895777777777778,0.30558256148604,0,1,1,1,1,1.00063539659722,4500,1,1
"z[142,1]",0.594888888888889,0.49096808995874,0,0,1,1,1,1.00023995089334,3621,1,1
"z[143,1]",0.492,0.499991553607254,0,0,0,1,1,0.999904994788733,4500,1,1
"z[144,1]",0.459333333333333,0.498398858885473,0,0,0,1,1,0.999799927353476,4500,1,1
"z[145,1]",0.853777777777778,0.353368126214765,0,1,1,1,1,1.00012826186303,4500,1,1
"z[146,1]",0.808666666666667,0.393394560003013,0,1,1,1,1,1.00001014074397,4500,1,1
"z[147,1]",0.821111111111111,0.383301843561013,0,1,1,1,1,1.00005836736108,4500,1,1
"z[148,1]",0.756444444444444,0.429275200077866,0,1,1,1,1,0.999754535309095,4500,1,1
"z[149,1]",0.869555555555556,0.336829190149167,0,1,1,1,1,1.00249387794799,1556,1,1
"z[150,1]",0.486444444444444,0.499871757528332,0,0,0,1,1,0.999947179755046,4500,1,1
"z[151,1]",0.599555555555556,0.490042912671345,0,0,1,1,1,0.999744107713112,4500,1,1
"z[152,1]",0.587333333333333,0.492368522046806,0,0,1,1,1,0.999887417309289,4500,1,1
"z[153,1]",0.806444444444444,0.395128456639485,0,1,1,1,1,1.00041696246464,4278,1,1
"z[154,1]",0.838444444444444,0.368083503985174,0,1,1,1,1,1.00015156445207,4500,1,1
"z[155,1]",1,0,1,1,1,1,1,NA,1,0,1
"z[156,1]",1,0,1,1,1,1,1,NA,1,0,1
"z[157,1]",1,0,1,1,1,1,1,NA,1,0,1
"z[158,1]",0.096,0.294623980049003,0,0,0,0,1,0.999784671656856,4500,1,1
"z[159,1]",1,0,1,1,1,1,1,NA,1,0,1
"z[160,1]",0.894222222222222,0.307587164752331,0,1,1,1,1,1.00021630845144,4500,1,1
"z[161,1]",0.00355555555555556,0.0595289935189017,0,0,0,0,0,1.01316180066133,4500,1,1
"z[162,1]",1,0,1,1,1,1,1,NA,1,0,1
"z[163,1]",1,0,1,1,1,1,1,NA,1,0,1
"z[164,1]",1,0,1,1,1,1,1,NA,1,0,1
"z[165,1]",1,0,1,1,1,1,1,NA,1,0,1
"z[166,1]",1,0,1,1,1,1,1,NA,1,0,1
"z[167,1]",1,0,1,1,1,1,1,NA,1,0,1
"z[168,1]",1,0,1,1,1,1,1,NA,1,0,1
"z[169,1]",1,0,1,1,1,1,1,NA,1,0,1
"z[170,1]",1,0,1,1,1,1,1,NA,1,0,1
"z[171,1]",0.802888888888889,0.397861153319085,0,1,1,1,1,1.00116004555534,2111,1,1
"z[172,1]",0.852444444444444,0.354698282420007,0,1,1,1,1,1.00086590841172,3313,1,1
"z[173,1]",0.853111111111111,0.354034456841916,0,1,1,1,1,1.00050403033536,4500,1,1
"z[174,1]",0.961555555555556,0.192288028053314,0,1,1,1,1,1.01537491420732,843,1,1
"z[175,1]",1,0,1,1,1,1,1,NA,1,0,1
"z[176,1]",1,0,1,1,1,1,1,NA,1,0,1
"z[177,1]",1,0,1,1,1,1,1,NA,1,0,1
"z[178,1]",0.390888888888889,0.488003777793115,0,0,0,1,1,0.999693173942472,4500,1,1
"z[179,1]",0.238888888888889,0.426452109033423,0,0,0,0,1,1.00169952022039,1361,1,1
"z[180,1]",0.662666666666667,0.472852241248564,0,0,1,1,1,1.00061130317974,2370,1,1
"z[181,1]",0.689555555555556,0.462726995918727,0,0,1,1,1,1.00005516379549,4500,1,1
"z[182,1]",0.508888888888889,0.499976537445606,0,0,1,1,1,0.999876960410048,4500,1,1
"z[183,1]",0.646888888888889,0.477989985685628,0,0,1,1,1,0.999956572438928,4500,1,1
"z[184,1]",0.568444444444444,0.495348245849047,0,0,1,1,1,0.999760575043946,4500,1,1
"z[185,1]",0.558444444444444,0.496627683071132,0,0,1,1,1,1.00002308382891,4500,1,1
"z[1,2]",1,0,1,1,1,1,1,NA,1,0,1
"z[2,2]",1,0,1,1,1,1,1,NA,1,0,1
"z[3,2]",0.133333333333333,0.339972411050686,0,0,0,0,1,1.0008370136441,3698,1,1
"z[4,2]",1,0,1,1,1,1,1,NA,1,0,1
"z[5,2]",0.802888888888889,0.397861153319085,0,1,1,1,1,1.00119651011637,2070,1,1
"z[6,2]",0.780666666666667,0.41384088844787,0,1,1,1,1,1.00167929627343,1458,1,1
"z[7,2]",1,0,1,1,1,1,1,NA,1,0,1
"z[8,2]",0.0688888888888889,0.253293243280298,0,0,0,0,1,1.00219331012623,3086,1,1
"z[9,2]",0.267333333333333,0.442616942427579,0,0,0,1,1,0.999967492913893,4500,1,1
"z[10,2]",1,0,1,1,1,1,1,NA,1,0,1
"z[11,2]",1,0,1,1,1,1,1,NA,1,0,1
"z[12,2]",1,0,1,1,1,1,1,NA,1,0,1
"z[13,2]",0.122,0.327322178971133,0,0,0,0,1,1.00270316449287,1543,1,1
"z[14,2]",0.412444444444444,0.492329045117813,0,0,0,1,1,1.0007551234126,1898,1,1
"z[15,2]",0.0188888888888889,0.136147779728393,0,0,0,0,0,1.0361259929894,706,1,1
"z[16,2]",0.973555555555556,0.160470739436839,0,1,1,1,1,1.00126602221586,4500,1,1
"z[17,2]",0.844888888888889,0.362050802214222,0,1,1,1,1,0.999827483821119,4500,1,1
"z[18,2]",1,0,1,1,1,1,1,NA,1,0,1
"z[19,2]",0.132888888888889,0.339492333243092,0,0,0,0,1,0.999858262110771,4500,1,1
"z[20,2]",0.0248888888888889,0.155803807734777,0,0,0,0,0,1.00096444510498,4500,1,1
"z[21,2]",0.675777777777778,0.468135528488827,0,0,1,1,1,0.999877089087316,4500,1,1
"z[22,2]",0.984888888888889,0.1220084974435,1,1,1,1,1,1.00177734287798,4500,0,1
"z[23,2]",0.913111111111111,0.281703469504598,0,1,1,1,1,1.00044526878896,4500,1,1
"z[24,2]",0.892666666666667,0.309570969851063,0,1,1,1,1,1.00018272803999,4500,1,1
"z[25,2]",1,0,1,1,1,1,1,NA,1,0,1
"z[26,2]",1,0,1,1,1,1,1,NA,1,0,1
"z[27,2]",1,0,1,1,1,1,1,NA,1,0,1
"z[28,2]",0.922222222222222,0.267851336095241,0,1,1,1,1,1.00060555478415,4500,1,1
"z[29,2]",0.868666666666667,0.337802082174598,0,1,1,1,1,0.999911359142354,4500,1,1
"z[30,2]",1,0,1,1,1,1,1,NA,1,0,1
"z[31,2]",1,0,1,1,1,1,1,NA,1,0,1
"z[32,2]",1,0,1,1,1,1,1,NA,1,0,1
"z[33,2]",0.800222222222222,0.399877670163395,0,1,1,1,1,0.999795150473707,4500,1,1
"z[34,2]",0.396222222222222,0.489165970726295,0,0,0,1,1,1.00007604968381,4500,1,1
"z[35,2]",0.771111111111111,0.420164248952595,0,1,1,1,1,1.00165236114985,1424,1,1
"z[36,2]",0.774222222222222,0.418139960301486,0,1,1,1,1,0.999890544047683,4500,1,1
"z[37,2]",1,0,1,1,1,1,1,NA,1,0,1
"z[38,2]",0.557111111111111,0.496782813624796,0,0,1,1,1,0.999931206572317,4500,1,1
"z[39,2]",1,0,1,1,1,1,1,NA,1,0,1
"z[40,2]",0.908444444444444,0.288429580365407,0,1,1,1,1,0.999723725855433,4500,1,1
"z[41,2]",1,0,1,1,1,1,1,NA,1,0,1
"z[42,2]",0.0193333333333333,0.137709003796433,0,0,0,0,0,1.00397033050755,4500,1,1
"z[43,2]",1,0,1,1,1,1,1,NA,1,0,1
"z[44,2]",1,0,1,1,1,1,1,NA,1,0,1
"z[45,2]",0.0966666666666667,0.295536176252013,0,0,0,0,1,1.00149725728559,3120,1,1
"z[46,2]",1,0,1,1,1,1,1,NA,1,0,1
"z[47,2]",1,0,1,1,1,1,1,NA,1,0,1
"z[48,2]",1,0,1,1,1,1,1,NA,1,0,1
"z[49,2]",0.796888888888889,0.402359247276006,0,1,1,1,1,0.999952932373853,4500,1,1
"z[50,2]",0.762666666666667,0.425495540244226,0,1,1,1,1,1.00011686595256,4500,1,1
"z[51,2]",0.848,0.359060788616921,0,1,1,1,1,1.00044813917315,4500,1,1
"z[52,2]",0.449333333333333,0.497481543574164,0,0,0,1,1,1.00019838148328,3805,1,1
"z[53,2]",0.474888888888889,0.499424528678156,0,0,0,1,1,1.00014505604641,4195,1,1
"z[54,2]",1,0,1,1,1,1,1,NA,1,0,1
"z[55,2]",0.00644444444444444,0.0800271001985887,0,0,0,0,0,1.00385467038575,4500,1,1
"z[56,2]",1,0,1,1,1,1,1,NA,1,0,1
"z[57,2]",0.973111111111111,0.161776674693452,0,1,1,1,1,1.00013483161517,4500,1,1
"z[58,2]",0.973777777777778,0.159813306406557,0,1,1,1,1,1.0008392251122,4500,1,1
"z[59,2]",0.756,0.429540453404983,0,1,1,1,1,0.999838402811638,4500,1,1
"z[60,2]",1,0,1,1,1,1,1,NA,1,0,1
"z[61,2]",0.522222222222222,0.499561438643661,0,0,1,1,1,0.999691989570028,4500,1,1
"z[62,2]",0.408666666666667,0.491642081178752,0,0,0,1,1,0.999823931898271,4500,1,1
"z[63,2]",0.573333333333333,0.494647950363533,0,0,1,1,1,1.00013636396396,4358,1,1
"z[64,2]",0.492444444444444,0.49999846879319,0,0,0,1,1,0.999672932894615,4500,1,1
"z[65,2]",0.502666666666667,0.500048452864589,0,0,1,1,1,1.00005914168396,4500,1,1
"z[66,2]",0.378,0.48494150122798,0,0,0,1,1,1.00023872866377,3718,1,1
"z[67,2]",0.499555555555556,0.500055367263675,0,0,0,1,1,1.00104330101206,1458,1,1
"z[68,2]",0.498222222222222,0.500052403961488,0,0,0,1,1,1.00147655478827,1110,1,1
"z[69,2]",1,0,1,1,1,1,1,NA,1,0,1
"z[70,2]",1,0,1,1,1,1,1,NA,1,0,1
"z[71,2]",1,0,1,1,1,1,1,NA,1,0,1
"z[72,2]",1,0,1,1,1,1,1,NA,1,0,1
"z[73,2]",0.123555555555556,0.329110391733384,0,0,0,0,1,1.00029984911416,4500,1,1
"z[74,2]",1,0,1,1,1,1,1,NA,1,0,1
"z[75,2]",0.111555555555556,0.314853844066041,0,0,0,0,1,1.00184495235114,2313,1,1
"z[76,2]",0.157555555555556,0.364364247671686,0,0,0,0,1,0.999794126044746,4500,1,1
"z[77,2]",0.187111111111111,0.390044037056583,0,0,0,0,1,1.00123551786191,2099,1,1
"z[78,2]",0.510222222222222,0.499951048454553,0,0,1,1,1,1.00022735896575,3572,1,1
"z[79,2]",0.876,0.329618179158867,0,1,1,1,1,0.999785752968731,4500,1,1
"z[80,2]",0.526222222222222,0.499367409960488,0,0,1,1,1,1.00061769388599,2114,1,1
"z[81,2]",0.367555555555556,0.482193050608748,0,0,0,1,1,1.00091949433793,1725,1,1
"z[82,2]",0.551111111111111,0.49743606782648,0,0,1,1,1,0.999794073251141,4500,1,1
"z[83,2]",0.109111111111111,0.311813217568572,0,0,0,0,1,1.00351173376501,1334,1,1
"z[84,2]",0.0457777777777778,0.209026032222424,0,0,0,0,1,1.00330799989915,3127,1,1
"z[85,2]",1,0,1,1,1,1,1,NA,1,0,1
"z[86,2]",0.00711111111111111,0.0840363764582043,0,0,0,0,0,1.03399486878648,1960,1,1
"z[87,2]",1,0,1,1,1,1,1,NA,1,0,1
"z[88,2]",0.946888888888889,0.224279956970223,0,1,1,1,1,1.00160827898681,4500,1,1
"z[89,2]",0.979333333333333,0.142281601882585,1,1,1,1,1,0.999847334885967,4500,0,1
"z[90,2]",0.581111111111111,0.493431954002367,0,0,1,1,1,1.00012473783696,4486,1,1
"z[91,2]",0.562,0.496196244939325,0,0,1,1,1,0.999671499475785,4500,1,1
"z[92,2]",0.478888888888889,0.499609637446916,0,0,0,1,1,0.999883519406239,4500,1,1
"z[93,2]",0.562888888888889,0.496084344110268,0,0,1,1,1,1.00014304869303,4267,1,1
"z[94,2]",0.546666666666667,0.497872781007373,0,0,1,1,1,0.999877653034209,4500,1,1
"z[95,2]",0.150888888888889,0.357980320487749,0,0,0,0,1,1.00010494625375,4500,1,1
"z[96,2]",1,0,1,1,1,1,1,NA,1,0,1
"z[97,2]",1,0,1,1,1,1,1,NA,1,0,1
"z[98,2]",0.565111111111111,0.49579750786278,0,0,1,1,1,1.00004250235368,4500,1,1
"z[99,2]",0.894888888888889,0.306730619461065,0,1,1,1,1,1.00050626971663,4500,1,1
"z[100,2]",0.896888888888889,0.304137740801698,0,1,1,1,1,1.00046641568357,4500,1,1
"z[101,2]",0.441777777777778,0.496653790160836,0,0,0,1,1,0.999893562061494,4500,1,1
"z[102,2]",0.00666666666666667,0.0813860808385347,0,0,0,0,0,1.0046976492112,4500,1,1
"z[103,2]",1,0,1,1,1,1,1,NA,1,0,1
"z[104,2]",0.00644444444444444,0.0800271001985887,0,0,0,0,0,1.01091755903792,4500,1,1
"z[105,2]",0.124222222222222,0.329871555144548,0,0,0,0,1,0.999818985219359,4500,1,1
"z[106,2]",0.0828888888888889,0.27574484166109,0,0,0,0,1,1.00036159103614,4500,1,1
"z[107,2]",0.108888888888889,0.311534374101511,0,0,0,0,1,1.0006459129375,4500,1,1
"z[108,2]",0.107111111111111,0.309288827266365,0,0,0,0,1,1.00178148862982,2462,1,1
"z[109,2]",0.0937777777777778,0.291551703123276,0,0,0,0,1,1.00302518721253,1743,1,1
"z[110,2]",1,0,1,1,1,1,1,NA,1,0,1
"z[111,2]",1,0,1,1,1,1,1,NA,1,0,1
"z[112,2]",1,0,1,1,1,1,1,NA,1,0,1
"z[113,2]",0.0664444444444444,0.249085061097509,0,0,0,0,1,1.00100120101102,4500,1,1
"z[114,2]",0.0684444444444444,0.252535095508448,0,0,0,0,1,0.999672681927155,4500,1,1
"z[115,2]",0.0406666666666667,0.19753875656879,0,0,0,0,1,1.00320601570855,3608,1,1
"z[116,2]",0.158222222222222,0.364989800567479,0,0,0,0,1,0.999834792193611,4500,1,1
"z[117,2]",0.05,0.217969167319041,0,0,0,0,1,1.0037235604929,2587,1,1
"z[118,2]",0.257555555555556,0.437336477200438,0,0,0,1,1,1.00072296758271,2482,1,1
"z[119,2]",1,0,1,1,1,1,1,NA,1,0,1
"z[120,2]",0.131111111111111,0.337559341533209,0,0,0,0,1,1.00416100679943,981,1,1
"z[121,2]",1,0,1,1,1,1,1,NA,1,0,1
"z[122,2]",1,0,1,1,1,1,1,NA,1,0,1
"z[123,2]",1,0,1,1,1,1,1,NA,1,0,1
"z[124,2]",1,0,1,1,1,1,1,NA,1,0,1
"z[125,2]",1,0,1,1,1,1,1,NA,1,0,1
"z[126,2]",1,0,1,1,1,1,1,NA,1,0,1
"z[127,2]",0.578888888888889,0.493792190922515,0,0,1,1,1,0.999912595571949,4500,1,1
"z[128,2]",0.544444444444444,0.498076118888428,0,0,1,1,1,0.999788632686496,4500,1,1
"z[129,2]",0.57,0.495130769366095,0,0,1,1,1,0.999810837631886,4500,1,1
"z[130,2]",0.475777777777778,0.499468438887055,0,0,0,1,1,0.999921876846528,4500,1,1
"z[131,2]",0.637777777777778,0.480695987642528,0,0,1,1,1,1.00015257233807,4452,1,1
"z[132,2]",0.693555555555556,0.46106776908457,0,0,1,1,1,1.00073563057176,2200,1,1
"z[133,2]",0.734222222222222,0.441795568888414,0,0,1,1,1,1.00004118079672,4500,1,1
"z[134,2]",1,0,1,1,1,1,1,NA,1,0,1
"z[135,2]",0.937555555555556,0.241987910285634,0,1,1,1,1,1.0009018909927,4500,1,1
"z[136,2]",0.0782222222222222,0.268550801033379,0,0,0,0,1,1.00002720616877,4500,1,1
"z[137,2]",1,0,1,1,1,1,1,NA,1,0,1
"z[138,2]",1,0,1,1,1,1,1,NA,1,0,1
"z[139,2]",1,0,1,1,1,1,1,NA,1,0,1
"z[140,2]",0.0242222222222222,0.153755519169198,0,0,0,0,0,1.00182772733655,4500,1,1
"z[141,2]",1,0,1,1,1,1,1,NA,1,0,1
"z[142,2]",0.479333333333333,0.499628223640529,0,0,0,1,1,1.00003188167532,4500,1,1
"z[143,2]",0.330888888888889,0.470585426201071,0,0,0,1,1,1.00007789399539,4500,1,1
"z[144,2]",0.319333333333333,0.466270166765153,0,0,0,1,1,0.999790534866424,4500,1,1
"z[145,2]",0.872666666666667,0.333383044377978,0,1,1,1,1,1.00017077756953,4500,1,1
"z[146,2]",0.843555555555556,0.363316547020318,0,1,1,1,1,1.00018154800031,4500,1,1
"z[147,2]",0.883333333333333,0.321058346535981,0,1,1,1,1,1.00009249763703,4500,1,1
"z[148,2]",0.666888888888889,0.471378272709209,0,0,1,1,1,1.00076235922414,2054,1,1
"z[149,2]",1,0,1,1,1,1,1,NA,1,0,1
"z[150,2]",0.0566666666666667,0.231230268797726,0,0,0,0,1,1.00155370664763,4500,1,1
"z[151,2]",0.273555555555556,0.445833022603045,0,0,0,1,1,0.999978305142668,4500,1,1
"z[152,2]",0.102666666666667,0.303556748016748,0,0,0,0,1,0.999675335841217,4500,1,1
"z[153,2]",0.881555555555556,0.323169563225013,0,1,1,1,1,1.00215583969077,1925,1,1
"z[154,2]",0.879333333333333,0.325775699866786,0,1,1,1,1,0.999771842331869,4500,1,1
"z[155,2]",1,0,1,1,1,1,1,NA,1,0,1
"z[156,2]",1,0,1,1,1,1,1,NA,1,0,1
"z[157,2]",1,0,1,1,1,1,1,NA,1,0,1
"z[158,2]",0.0293333333333333,0.168757866791187,0,0,0,0,1,1.00003180218385,4500,1,1
"z[159,2]",1,0,1,1,1,1,1,NA,1,0,1
"z[160,2]",1,0,1,1,1,1,1,NA,1,0,1
"z[161,2]",0.006,0.0772355205065475,0,0,0,0,0,1.0257281726112,3098,1,1
"z[162,2]",1,0,1,1,1,1,1,NA,1,0,1
"z[163,2]",1,0,1,1,1,1,1,NA,1,0,1
"z[164,2]",0.980444444444444,0.13848248064772,1,1,1,1,1,1.00294097515675,4500,0,1
"z[165,2]",0.968666666666667,0.174236339048014,0,1,1,1,1,1.00422552128907,3595,1,1
"z[166,2]",0.977333333333333,0.148855006121055,1,1,1,1,1,0.999817471370673,4500,0,1
"z[167,2]",0.219333333333333,0.41384088844787,0,0,0,0,1,1.0003562065723,4235,1,1
"z[168,2]",0.825555555555556,0.379533385063961,0,1,1,1,1,0.999775011487899,4500,1,1
"z[169,2]",0.8,0.400044451853224,0,1,1,1,1,0.999831565408647,4500,1,1
"z[170,2]",0.648444444444444,0.4775090751966,0,0,1,1,1,0.999783984072523,4500,1,1
"z[171,2]",0.836444444444444,0.369912886638286,0,1,1,1,1,1.00295284714919,1108,1,1
"z[172,2]",0.872888888888889,0.333134414974858,0,1,1,1,1,0.999704699586231,4500,1,1
"z[173,2]",0.842666666666667,0.364155219964792,0,1,1,1,1,1.00013771787255,4500,1,1
"z[174,2]",1,0,1,1,1,1,1,NA,1,0,1
"z[175,2]",1,0,1,1,1,1,1,NA,1,0,1
"z[176,2]",1,0,1,1,1,1,1,NA,1,0,1
"z[177,2]",0.386444444444444,0.486988539438194,0,0,0,1,1,1.00004175086898,4500,1,1
"z[178,2]",0.0442222222222222,0.205611312804703,0,0,0,0,1,1.00067521104112,4500,1,1
"z[179,2]",0.0468888888888889,0.211424346699986,0,0,0,0,1,1.00345394620192,2949,1,1
"z[180,2]",0.406666666666667,0.491266242031879,0,0,0,1,1,0.999678058304437,4500,1,1
"z[181,2]",0.404444444444444,0.490838745592183,0,0,0,1,1,1.00084554335982,1764,1,1
"z[182,2]",0.461555555555556,0.49857523412558,0,0,0,1,1,0.999837361053813,4500,1,1
"z[183,2]",0.456222222222222,0.498135170505595,0,0,0,1,1,0.999698299027733,4500,1,1
"z[184,2]",0.046,0.209508363001558,0,0,0,0,1,0.999935550158203,4500,1,1
"z[185,2]",0.265555555555556,0.441677657791417,0,0,0,1,1,1.00127388450466,1594,1,1
"z[1,3]",1,0,1,1,1,1,1,NA,1,0,1
"z[2,3]",1,0,1,1,1,1,1,NA,1,0,1
"z[3,3]",0.0395555555555556,0.194934239891299,0,0,0,0,1,1.00121813819456,4500,1,1
"z[4,3]",0.535333333333333,0.498805418941866,0,0,1,1,1,1.00256248966473,699,1,1
"z[5,3]",0.801111111111111,0.399208609336637,0,1,1,1,1,1.0007846525529,2814,1,1
"z[6,3]",0.795777777777778,0.403176919921029,0,1,1,1,1,1.00252277128536,1085,1,1
"z[7,3]",0.129555555555556,0.335851126771128,0,0,0,0,1,1.00190585062236,1982,1,1
"z[8,3]",0.0953333333333333,0.293707437222326,0,0,0,0,1,1.00089887588277,4500,1,1
"z[9,3]",1,0,1,1,1,1,1,NA,1,0,1
"z[10,3]",0.274222222222222,0.44617107989607,0,0,0,1,1,1.00077394419154,2269,1,1
"z[11,3]",0.912666666666667,0.282354278616482,0,1,1,1,1,0.999887843026865,4500,1,1
"z[12,3]",1,0,1,1,1,1,1,NA,1,0,1
"z[13,3]",0.0357777777777778,0.185756281888117,0,0,0,0,1,1.0015493836279,4500,1,1
"z[14,3]",1,0,1,1,1,1,1,NA,1,0,1
"z[15,3]",0.00777777777777778,0.0878578356425394,0,0,0,0,0,1.02406153410075,2563,1,1
"z[16,3]",1,0,1,1,1,1,1,NA,1,0,1
"z[17,3]",1,0,1,1,1,1,1,NA,1,0,1
"z[18,3]",0.250888888888889,0.433572864534595,0,0,0,1,1,0.999679889669315,4500,1,1
"z[19,3]",0.220666666666667,0.414742225461546,0,0,0,0,1,0.999706673221138,4500,1,1
"z[20,3]",0.0244444444444444,0.154441620272072,0,0,0,0,0,1.00360144190794,4500,1,1
"z[21,3]",1,0,1,1,1,1,1,NA,1,0,1
"z[22,3]",1,0,1,1,1,1,1,NA,1,0,1
"z[23,3]",1,0,1,1,1,1,1,NA,1,0,1
"z[24,3]",0.776666666666667,0.416526241432852,0,1,1,1,1,1.00022953643399,4500,1,1
"z[25,3]",0.108,0.310414904214329,0,0,0,0,1,1.00384801161512,1244,1,1
"z[26,3]",0.440888888888889,0.496548756722562,0,0,0,1,1,0.999707242393238,4500,1,1
"z[27,3]",1,0,1,1,1,1,1,NA,1,0,1
"z[28,3]",0.941777777777778,0.234189202882591,0,1,1,1,1,1.00001922628609,4500,1,1
"z[29,3]",0.881333333333333,0.323431809105324,0,1,1,1,1,1.00065908722181,4500,1,1
"z[30,3]",1,0,1,1,1,1,1,NA,1,0,1
"z[31,3]",1,0,1,1,1,1,1,NA,1,0,1
"z[32,3]",0.405111111111111,0.49096808995874,0,0,0,1,1,0.999923527349399,4500,1,1
"z[33,3]",1,0,1,1,1,1,1,NA,1,0,1
"z[34,3]",0.0684444444444444,0.252535095508448,0,0,0,0,1,1.00116698445626,4500,1,1
"z[35,3]",1,0,1,1,1,1,1,NA,1,0,1
"z[36,3]",1,0,1,1,1,1,1,NA,1,0,1
"z[37,3]",1,0,1,1,1,1,1,NA,1,0,1
"z[38,3]",0.510444444444444,0.499946454370276,0,0,1,1,1,1.00062858558226,2085,1,1
"z[39,3]",1,0,1,1,1,1,1,NA,1,0,1
"z[40,3]",1,0,1,1,1,1,1,NA,1,0,1
"z[41,3]",0.138444444444444,0.345404244715402,0,0,0,0,1,0.999689171646595,4500,1,1
"z[42,3]",0.0144444444444444,0.119327141438796,0,0,0,0,0,1.00306234519379,4500,1,1
"z[43,3]",0.366666666666667,0.481947962575636,0,0,0,1,1,1.00067677182241,2139,1,1
"z[44,3]",0.141333333333333,0.348403784006977,0,0,0,0,1,1.00058705557787,4477,1,1
"z[45,3]",0.236666666666667,0.425083180281004,0,0,0,0,1,0.999968562492746,4500,1,1
"z[46,3]",1,0,1,1,1,1,1,NA,1,0,1
"z[47,3]",1,0,1,1,1,1,1,NA,1,0,1
"z[48,3]",0.215555555555556,0.411252893283533,0,0,0,0,1,0.999879980069561,4500,1,1
"z[49,3]",1,0,1,1,1,1,1,NA,1,0,1
"z[50,3]",1,0,1,1,1,1,1,NA,1,0,1
"z[51,3]",1,0,1,1,1,1,1,NA,1,0,1
"z[52,3]",0.345777777777778,0.475674034879918,0,0,0,1,1,0.999698939585796,4500,1,1
"z[53,3]",0.349333333333333,0.476812413633565,0,0,0,1,1,0.999741122846166,4500,1,1
"z[54,3]",1,0,1,1,1,1,1,NA,1,0,1
"z[55,3]",0.00911111111111111,0.0950268670194558,0,0,0,0,0,1.00537252488775,4500,1,1
"z[56,3]",1,0,1,1,1,1,1,NA,1,0,1
"z[57,3]",1,0,1,1,1,1,1,NA,1,0,1
"z[58,3]",1,0,1,1,1,1,1,NA,1,0,1
"z[59,3]",0.408222222222222,0.491559289588405,0,0,0,1,1,1.00061006279167,2201,1,1
"z[60,3]",0.773333333333333,0.418721686366343,0,1,1,1,1,0.999697952083149,4500,1,1
"z[61,3]",0.317777777777778,0.465664309473131,0,0,0,1,1,1.00133693074246,1389,1,1
"z[62,3]",0.244888888888889,0.430069091055928,0,0,0,0,1,0.999721461516551,4500,1,1
"z[63,3]",0.390888888888889,0.488003777793115,0,0,0,1,1,1.00016341486472,4227,1,1
"z[64,3]",0.303777777777778,0.459938962527041,0,0,0,1,1,0.999701945427711,4500,1,1
"z[65,3]",0.367333333333333,0.482131943953423,0,0,0,1,1,0.999770772819519,4500,1,1
"z[66,3]",0.250666666666667,0.433445081652364,0,0,0,1,1,1.00017999655521,4500,1,1
"z[67,3]",0.372444444444444,0.483509598351886,0,0,0,1,1,1.00035463947807,3117,1,1
"z[68,3]",0.366222222222222,0.481824756726152,0,0,0,1,1,1.0004380750631,2792,1,1
"z[69,3]",1,0,1,1,1,1,1,NA,1,0,1
"z[70,3]",1,0,1,1,1,1,1,NA,1,0,1
"z[71,3]",1,0,1,1,1,1,1,NA,1,0,1
"z[72,3]",1,0,1,1,1,1,1,NA,1,0,1
"z[73,3]",0.0455555555555556,0.208542349028494,0,0,0,0,1,1.00591220490591,1832,1,1
"z[74,3]",1,0,1,1,1,1,1,NA,1,0,1
"z[75,3]",0.133555555555556,0.340211978135586,0,0,0,0,1,1.00033882145594,4500,1,1
"z[76,3]",0.408444444444444,0.491600737364081,0,0,0,1,1,0.999928626325114,4500,1,1
"z[77,3]",0.0448888888888889,0.207083090060559,0,0,0,0,1,1.00088716779333,4500,1,1
"z[78,3]",0.318,0.465751226921597,0,0,0,1,1,1.00008920087847,4500,1,1
"z[79,3]",0.902,0.297347688610086,0,1,1,1,1,1.00129679268281,3470,1,1
"z[80,3]",0.406,0.491139088153224,0,0,0,1,1,1.00160679769218,1073,1,1
"z[81,3]",0.0757777777777778,0.264671632552429,0,0,0,0,1,1.00729326790513,935,1,1
"z[82,3]",1,0,1,1,1,1,1,NA,1,0,1
"z[83,3]",0.0713333333333333,0.257409427269842,0,0,0,0,1,1.00123677280001,4500,1,1
"z[84,3]",0.0257777777777778,0.158489324311835,0,0,0,0,1,1.0054187624792,3437,1,1
"z[85,3]",0.664888888888889,0.472081750364742,0,0,1,1,1,1.00072422361629,2121,1,1
"z[86,3]",0.006,0.0772355205065475,0,0,0,0,0,1.00585876352754,4500,1,1
"z[87,3]",1,0,1,1,1,1,1,NA,1,0,1
"z[88,3]",1,0,1,1,1,1,1,NA,1,0,1
"z[89,3]",1,0,1,1,1,1,1,NA,1,0,1
"z[90,3]",0.460888888888889,0.498523368446663,0,0,0,1,1,1.00064841578785,2056,1,1
"z[91,3]",0.376,0.48443384507651,0,0,0,1,1,1.00005982986981,4500,1,1
"z[92,3]",0.286222222222222,0.452044767264234,0,0,0,1,1,1.00094208992002,1926,1,1
"z[93,3]",0.364444444444444,0.481327513188742,0,0,0,1,1,0.999868524162116,4500,1,1
"z[94,3]",0.384666666666667,0.486570481552837,0,0,0,1,1,1.00034233074862,3128,1,1
"z[95,3]",0.0113333333333333,0.105864911172911,0,0,0,0,0,1.00493552721682,4500,1,1
"z[96,3]",1,0,1,1,1,1,1,NA,1,0,1
"z[97,3]",1,0,1,1,1,1,1,NA,1,0,1
"z[98,3]",1,0,1,1,1,1,1,NA,1,0,1
"z[99,3]",1,0,1,1,1,1,1,NA,1,0,1
"z[100,3]",1,0,1,1,1,1,1,NA,1,0,1
"z[101,3]",0.0897777777777778,0.285894896643156,0,0,0,0,1,1.00055855506269,4500,1,1
"z[102,3]",0.0173333333333333,0.130524613834426,0,0,0,0,0,1.00673710871338,4107,1,1
"z[103,3]",0.571777777777778,0.494876119212598,0,0,1,1,1,1.00001549047613,4500,1,1
"z[104,3]",0.006,0.0772355205065475,0,0,0,0,0,1.00174217521195,4500,1,1
"z[105,3]",0.241333333333333,0.427939542005023,0,0,0,0,1,1.00083640589901,2337,1,1
"z[106,3]",0.0188888888888889,0.136147779728393,0,0,0,0,0,1.0042329653335,4500,1,1
"z[107,3]",0.02,0.140015558148628,0,0,0,0,0,1.0095697926854,2545,1,1
"z[108,3]",0.0255555555555556,0.157822698772571,0,0,0,0,1,1.01144342505038,1676,1,1
"z[109,3]",0.0204444444444444,0.141530634321543,0,0,0,0,0,1.00649172799284,3622,1,1
"z[110,3]",1,0,1,1,1,1,1,NA,1,0,1
"z[111,3]",0.114666666666667,0.318654651372799,0,0,0,0,1,0.99993274233541,4500,1,1
"z[112,3]",0.929111111111111,0.25666767217915,0,1,1,1,1,1.00127668926849,4500,1,1
"z[113,3]",0.01,0.0995098009695405,0,0,0,0,0,NA,4500,1,1
"z[114,3]",0.168666666666667,0.374498850135827,0,0,0,0,1,1.00000991299266,4500,1,1
"z[115,3]",0.133111111111111,0.339732529641953,0,0,0,0,1,1.00087221986942,3585,1,1
"z[116,3]",1,0,1,1,1,1,1,NA,1,0,1
"z[117,3]",0.0728888888888889,0.259982920619994,0,0,0,0,1,1.0009046637257,4500,1,1
"z[118,3]",0.263777777777778,0.440729198791792,0,0,0,1,1,1.00211654678813,1053,1,1
"z[119,3]",1,0,1,1,1,1,1,NA,1,0,1
"z[120,3]",0.0462222222222222,0.209989350685102,0,0,0,0,1,1.00158179479801,4500,1,1
"z[121,3]",0.514666666666667,0.499840383502347,0,0,1,1,1,0.999677292837846,4500,1,1
"z[122,3]",1,0,1,1,1,1,1,NA,1,0,1
"z[123,3]",1,0,1,1,1,1,1,NA,1,0,1
"z[124,3]",1,0,1,1,1,1,1,NA,1,0,1
"z[125,3]",0.950222222222222,0.217509687264132,0,1,1,1,1,0.999677642115412,4500,1,1
"z[126,3]",1,0,1,1,1,1,1,NA,1,0,1
"z[127,3]",0.525555555555556,0.499401978692167,0,0,1,1,1,0.999715848504467,4500,1,1
"z[128,3]",0.436222222222222,0.495970824598166,0,0,0,1,1,1.00013538280797,4343,1,1
"z[129,3]",0.482,0.499731423754776,0,0,0,1,1,0.999813949336581,4500,1,1
"z[130,3]",0.340666666666667,0.473986090469602,0,0,0,1,1,1.00006411418429,4500,1,1
"z[131,3]",0.625333333333333,0.484090520376307,0,0,1,1,1,0.99976508989617,4500,1,1
"z[132,3]",0.638666666666667,0.480440266341317,0,0,1,1,1,0.999793087643761,4500,1,1
"z[133,3]",0.745111111111111,0.435847171788359,0,0,1,1,1,0.999737146028474,4500,1,1
"z[134,3]",1,0,1,1,1,1,1,NA,1,0,1
"z[135,3]",1,0,1,1,1,1,1,NA,1,0,1
"z[136,3]",1,0,1,1,1,1,1,NA,1,0,1
"z[137,3]",1,0,1,1,1,1,1,NA,1,0,1
"z[138,3]",0.120888888888889,0.326034334535402,0,0,0,0,1,1.00056120810769,4500,1,1
"z[139,3]",0.113111111111111,0.316763768877172,0,0,0,0,1,1.00065549602342,4500,1,1
"z[140,3]",0.026,0.159152847308496,0,0,0,0,1,1.00392175010533,4500,1,1
"z[141,3]",1,0,1,1,1,1,1,NA,1,0,1
"z[142,3]",0.428222222222222,0.494876119212598,0,0,0,1,1,0.999704082314057,4500,1,1
"z[143,3]",0.268666666666667,0.443315420330316,0,0,0,1,1,1.0013777428442,1493,1,1
"z[144,3]",0.240222222222222,0.427265812099829,0,0,0,0,1,0.99967624179148,4500,1,1
"z[145,3]",0.901111111111111,0.298545948120994,0,1,1,1,1,0.99985624203575,4500,1,1
"z[146,3]",0.887555555555556,0.315947581441862,0,1,1,1,1,1.00074587954663,4500,1,1
"z[147,3]",0.924444444444444,0.26431503658815,0,1,1,1,1,1.00023342213777,4500,1,1
"z[148,3]",0.528888888888889,0.499220206423967,0,0,1,1,1,1.00044582817777,2579,1,1
"z[149,3]",0.141333333333333,0.348403784006977,0,0,0,0,1,1.00141856198095,2348,1,1
"z[150,3]",0.0315555555555556,0.174833049066281,0,0,0,0,1,0.99977228848401,4500,1,1
"z[151,3]",1,0,1,1,1,1,1,NA,1,0,1
"z[152,3]",0.0677777777777778,0.251392113273443,0,0,0,0,1,1.00022886175588,4500,1,1
"z[153,3]",0.928444444444444,0.257779217003763,0,1,1,1,1,1.00483070130867,1446,1,1
"z[154,3]",0.916444444444444,0.276750871585914,0,1,1,1,1,0.999847463825188,4500,1,1
"z[155,3]",1,0,1,1,1,1,1,NA,1,0,1
"z[156,3]",1,0,1,1,1,1,1,NA,1,0,1
"z[157,3]",1,0,1,1,1,1,1,NA,1,0,1
"z[158,3]",0.0557777777777778,0.229517588820724,0,0,0,0,1,1.00169768807852,4500,1,1
"z[159,3]",1,0,1,1,1,1,1,NA,1,0,1
"z[160,3]",0.28,0.449048783494364,0,0,0,1,1,1.00051996422951,2902,1,1
"z[161,3]",0.0133333333333333,0.11471041653724,0,0,0,0,0,1.00137399590882,4500,1,1
"z[162,3]",1,0,1,1,1,1,1,NA,1,0,1
"z[163,3]",1,0,1,1,1,1,1,NA,1,0,1
"z[164,3]",1,0,1,1,1,1,1,NA,1,0,1
"z[165,3]",1,0,1,1,1,1,1,NA,1,0,1
"z[166,3]",1,0,1,1,1,1,1,NA,1,0,1
"z[167,3]",0.494222222222222,0.500022177276067,0,0,0,1,1,0.999857899246156,4500,1,1
"z[168,3]",0.776,0.416968387460446,0,1,1,1,1,1.00133873825388,1729,1,1
"z[169,3]",0.742666666666667,0.437213183538105,0,0,1,1,1,1.00143412462046,1489,1,1
"z[170,3]",0.134666666666667,0.341405121831401,0,0,0,0,1,1.00061873306558,4496,1,1
"z[171,3]",0.832222222222222,0.373710356413528,0,1,1,1,1,1.00139791887735,2062,1,1
"z[172,3]",0.883333333333333,0.321058346535981,0,1,1,1,1,0.999966537967942,4500,1,1
"z[173,3]",0.832666666666667,0.373314691159151,0,1,1,1,1,0.999853314516655,4500,1,1
"z[174,3]",0.935555555555556,0.245570273205584,0,1,1,1,1,1.00056979655297,4500,1,1
"z[175,3]",1,0,1,1,1,1,1,NA,1,0,1
"z[176,3]",1,0,1,1,1,1,1,NA,1,0,1
"z[177,3]",1,0,1,1,1,1,1,NA,1,0,1
"z[178,3]",0.0362222222222222,0.186863405673864,0,0,0,0,1,1.00120243921693,4500,1,1
"z[179,3]",0.0653333333333333,0.247140571093493,0,0,0,0,1,1.00091440113924,4500,1,1
"z[180,3]",0.246666666666667,0.431118922372735,0,0,0,0,1,1.00141517713118,1536,1,1
"z[181,3]",0.292222222222222,0.454834439266988,0,0,0,1,1,0.999904156827772,4500,1,1
"z[182,3]",0.384666666666667,0.486570481552837,0,0,0,1,1,0.999814606788323,4500,1,1
"z[183,3]",0.311111111111111,0.462999595168907,0,0,0,1,1,0.999757372632933,4500,1,1
"z[184,3]",0.0722222222222222,0.258884272233404,0,0,0,0,1,1.00523975482745,1330,1,1
"z[185,3]",0.0522222222222222,0.222499579945098,0,0,0,0,1,1.00366963339401,2507,1,1
"z[1,4]",1,0,1,1,1,1,1,NA,1,0,1
"z[2,4]",1,0,1,1,1,1,1,NA,1,0,1
"z[3,4]",0.0668888888888889,0.24985723616271,0,0,0,0,1,1.00014777055278,4500,1,1
"z[4,4]",1,0,1,1,1,1,1,NA,1,0,1
"z[5,4]",0.802888888888889,0.397861153319085,0,1,1,1,1,1.00030817081411,4500,1,1
"z[6,4]",0.809777777777778,0.392520020648456,0,1,1,1,1,1.00076993901825,2952,1,1
"z[7,4]",0.438444444444444,0.496251588690519,0,0,0,1,1,0.99970367363796,4500,1,1
"z[8,4]",1,0,1,1,1,1,1,NA,1,0,1
"z[9,4]",1,0,1,1,1,1,1,NA,1,0,1
"z[10,4]",1,0,1,1,1,1,1,NA,1,0,1
"z[11,4]",1,0,1,1,1,1,1,NA,1,0,1
"z[12,4]",1,0,1,1,1,1,1,NA,1,0,1
"z[13,4]",0.138888888888889,0.345868976410075,0,0,0,0,1,1.00002511095362,4500,1,1
"z[14,4]",0.0882222222222222,0.283649327601227,0,0,0,0,1,1.00049410366491,4500,1,1
"z[15,4]",0.00666666666666667,0.0813860808385347,0,0,0,0,0,1.01128187735177,4500,1,1
"z[16,4]",0.524666666666667,0.49944668205886,0,0,1,1,1,1.00003954276896,4500,1,1
"z[17,4]",0.366,0.481762988195278,0,0,0,1,1,0.99982764379623,4500,1,1
"z[18,4]",0.0915555555555556,0.288429580365407,0,0,0,0,1,1.00001235127335,4500,1,1
"z[19,4]",0.0848888888888889,0.278747254884959,0,0,0,0,1,0.999842339655666,4500,1,1
"z[20,4]",0.0831111111111111,0.276080771207218,0,0,0,0,1,1.00137902531255,3830,1,1
"z[21,4]",0.764666666666667,0.424254114509919,0,1,1,1,1,0.999833622858102,4500,1,1
"z[22,4]",1,0,1,1,1,1,1,NA,1,0,1
"z[23,4]",1,0,1,1,1,1,1,NA,1,0,1
"z[24,4]",1,0,1,1,1,1,1,NA,1,0,1
"z[25,4]",0.0313333333333333,0.174236339048014,0,0,0,0,1,1.00038940668319,4500,1,1
"z[26,4]",1,0,1,1,1,1,1,NA,1,0,1
"z[27,4]",1,0,1,1,1,1,1,NA,1,0,1
"z[28,4]",1,0,1,1,1,1,1,NA,1,0,1
"z[29,4]",1,0,1,1,1,1,1,NA,1,0,1
"z[30,4]",1,0,1,1,1,1,1,NA,1,0,1
"z[31,4]",1,0,1,1,1,1,1,NA,1,0,1
"z[32,4]",1,0,1,1,1,1,1,NA,1,0,1
"z[33,4]",1,0,1,1,1,1,1,NA,1,0,1
"z[34,4]",0.127111111111111,0.333134414974858,0,0,0,0,1,0.999740782623577,4500,1,1
"z[35,4]",0.151333333333333,0.358413312036458,0,0,0,0,1,1.00053094480214,4493,1,1
"z[36,4]",0.557111111111111,0.496782813624796,0,0,1,1,1,0.999898316433189,4500,1,1
"z[37,4]",1,0,1,1,1,1,1,NA,1,0,1
"z[38,4]",0.747555555555556,0.434463109111385,0,0,1,1,1,0.999837757664375,4500,1,1
"z[39,4]",1,0,1,1,1,1,1,NA,1,0,1
"z[40,4]",1,0,1,1,1,1,1,NA,1,0,1
"z[41,4]",0.022,0.146699633251375,0,0,0,0,0,1.00743664562315,2965,1,1
"z[42,4]",0.0217777777777778,0.145973426820025,0,0,0,0,0,1.00053532103976,4500,1,1
"z[43,4]",1,0,1,1,1,1,1,NA,1,0,1
"z[44,4]",0.139333333333333,0.346332514022216,0,0,0,0,1,1.00111990960166,2861,1,1
"z[45,4]",0.0966666666666667,0.295536176252013,0,0,0,0,1,0.999909356161368,4500,1,1
"z[46,4]",1,0,1,1,1,1,1,NA,1,0,1
"z[47,4]",1,0,1,1,1,1,1,NA,1,0,1
"z[48,4]",0.0537777777777778,0.225603720820688,0,0,0,0,1,1.00122009355938,4500,1,1
"z[49,4]",0.320444444444444,0.466699265365087,0,0,0,1,1,1.00112825108169,1574,1,1
"z[50,4]",0.074,0.261799982697114,0,0,0,0,1,0.999855680452355,4500,1,1
"z[51,4]",1,0,1,1,1,1,1,NA,1,0,1
"z[52,4]",0.326444444444444,0.468964115768405,0,0,0,1,1,0.999706935288097,4500,1,1
"z[53,4]",0.262,0.439771506069421,0,0,0,1,1,1.00040689770219,3500,1,1
"z[54,4]",1,0,1,1,1,1,1,NA,1,0,1
"z[55,4]",0.004,0.0631259497363628,0,0,0,0,0,1.01337564992756,4500,1,1
"z[56,4]",1,0,1,1,1,1,1,NA,1,0,1
"z[57,4]",0.641333333333333,0.479662398873044,0,0,1,1,1,1.00096702046705,1680,1,1
"z[58,4]",0.491555555555556,0.499984243163838,0,0,0,1,1,0.999733402823322,4500,1,1
"z[59,4]",0.186,0.389149910460912,0,0,0,0,1,1.00011517402921,4500,1,1
"z[60,4]",1,0,1,1,1,1,1,NA,1,0,1
"z[61,4]",0.189777777777778,0.392168777194373,0,0,0,0,1,1.00165491420787,1642,1,1
"z[62,4]",0.148,0.355139448050594,0,0,0,0,1,1.00110955960305,2756,1,1
"z[63,4]",0.238222222222222,0.426043109584256,0,0,0,0,1,0.999815631899683,4500,1,1
"z[64,4]",0.182666666666667,0.386435946321023,0,0,0,0,1,1.00099531117524,2527,1,1
"z[65,4]",0.276444444444444,0.447288914457388,0,0,0,1,1,0.999817201677209,4500,1,1
"z[66,4]",0.191111111111111,0.393220058960265,0,0,0,0,1,1.00102822335681,2371,1,1
"z[67,4]",0.245555555555556,0.430463938433717,0,0,0,0,1,0.999930740232569,4500,1,1
"z[68,4]",0.250666666666667,0.433445081652364,0,0,0,1,1,0.999912009870127,4500,1,1
"z[69,4]",0.63,0.48285796204854,0,0,1,1,1,1.00041429878943,2877,1,1
"z[70,4]",0.402444444444444,0.490445069407419,0,0,0,1,1,1.00061668952031,2191,1,1
"z[71,4]",0.0791111111111111,0.269942097980992,0,0,0,0,1,1.00769455656777,854,1,1
"z[72,4]",0.657777777777778,0.474506277674274,0,0,1,1,1,0.999772340547685,4500,1,1
"z[73,4]",0.0348888888888889,0.183518768996536,0,0,0,0,1,1.0063129273384,2222,1,1
"z[74,4]",1,0,1,1,1,1,1,NA,1,0,1
"z[75,4]",1,0,1,1,1,1,1,NA,1,0,1
"z[76,4]",0.373555555555556,0.483801422745545,0,0,0,1,1,0.999940114850915,4500,1,1
"z[77,4]",0.0168888888888889,0.128869487630174,0,0,0,0,0,1.01192160423941,2420,1,1
"z[78,4]",0.0133333333333333,0.11471041653724,0,0,0,0,0,1.00644797634804,4500,1,1
"z[79,4]",1,0,1,1,1,1,1,NA,1,0,1
"z[80,4]",0.321777777777778,0.467210174719196,0,0,0,1,1,1.00020525217031,4254,1,1
"z[81,4]",0.0248888888888889,0.155803807734777,0,0,0,0,0,1.00520916958569,3696,1,1
"z[82,4]",1,0,1,1,1,1,1,NA,1,0,1
"z[83,4]",0.0275555555555556,0.163713783655141,0,0,0,0,1,1.00226949852541,4500,1,1
"z[84,4]",0.131555555555556,0.338044502394683,0,0,0,0,1,0.999946375697153,4500,1,1
"z[85,4]",1,0,1,1,1,1,1,NA,1,0,1
"z[86,4]",0.00333333333333333,0.0576451269226114,0,0,0,0,0,1.01922466287575,4500,1,1
"z[87,4]",1,0,1,1,1,1,1,NA,1,0,1
"z[88,4]",1,0,1,1,1,1,1,NA,1,0,1
"z[89,4]",0.777111111111111,0.41623062313954,0,1,1,1,1,1.000858538173,2430,1,1
"z[90,4]",0.380888888888889,0.485659302026543,0,0,0,1,1,0.999888086271507,4500,1,1
"z[91,4]",0.230444444444444,0.421164124865351,0,0,0,0,1,0.999676816446847,4500,1,1
"z[92,4]",0.172222222222222,0.377615433769331,0,0,0,0,1,1.00095472626175,2732,1,1
"z[93,4]",0.211111111111111,0.408142411058839,0,0,0,0,1,1.00020274175128,4500,1,1
"z[94,4]",0.245555555555556,0.430463938433717,0,0,0,0,1,0.999816103654661,4500,1,1
"z[95,4]",0.0686666666666667,0.252914551125769,0,0,0,0,1,1.00033526408675,4500,1,1
"z[96,4]",0.332666666666667,0.471220648693901,0,0,0,1,1,0.999830570694534,4500,1,1
"z[97,4]",1,0,1,1,1,1,1,NA,1,0,1
"z[98,4]",1,0,1,1,1,1,1,NA,1,0,1
"z[99,4]",1,0,1,1,1,1,1,NA,1,0,1
"z[100,4]",0.895333333333333,0.306157451280283,0,1,1,1,1,1.00083625872629,4500,1,1
"z[101,4]",0.0817777777777778,0.274056314018784,0,0,0,0,1,1.00208530849748,2751,1,1
"z[102,4]",0.00533333333333333,0.0728427622699364,0,0,0,0,0,1.01759611175516,4500,1,1
"z[103,4]",1,0,1,1,1,1,1,NA,1,0,1
"z[104,4]",0.00933333333333333,0.0961679644942985,0,0,0,0,0,1.00053169360396,4500,1,1
"z[105,4]",0.271333333333333,0.444697089289433,0,0,0,1,1,1.00227532328157,974,1,1
"z[106,4]",0.00955555555555555,0.0972951722699289,0,0,0,0,0,1.00159070712122,4500,1,1
"z[107,4]",0.008,0.08909412970305,0,0,0,0,0,1.02129380549549,2820,1,1
"z[108,4]",0.008,0.08909412970305,0,0,0,0,0,1.03433833958622,1729,1,1
"z[109,4]",0.00466666666666667,0.0681609955608629,0,0,0,0,0,1.00308166426605,4500,1,1
"z[110,4]",1,0,1,1,1,1,1,NA,1,0,1
"z[111,4]",0.0693333333333333,0.25404835085059,0,0,0,0,1,1.00203192163655,3276,1,1
"z[112,4]",1,0,1,1,1,1,1,NA,1,0,1
"z[113,4]",0.002,0.0446815807032984,0,0,0,0,0,0.999666611092585,4500,1,1
"z[114,4]",1,0,1,1,1,1,1,NA,1,0,1
"z[115,4]",1,0,1,1,1,1,1,NA,1,0,1
"z[116,4]",1,0,1,1,1,1,1,NA,1,0,1
"z[117,4]",0.056,0.22994727692822,0,0,0,0,1,1.00222617366356,3680,1,1
"z[118,4]",1,0,1,1,1,1,1,NA,1,0,1
"z[119,4]",0.218222222222222,0.413084983718457,0,0,0,0,1,0.999978076861344,4500,1,1
"z[120,4]",0.0368888888888889,0.188509935158217,0,0,0,0,1,1.00109331243545,4500,1,1
"z[121,4]",1,0,1,1,1,1,1,NA,1,0,1
"z[122,4]",0.0364444444444444,0.187414119688263,0,0,0,0,1,0.999746690724104,4500,1,1
"z[123,4]",0.875777777777778,0.329871555144548,0,1,1,1,1,1.00049450044523,4500,1,1
"z[124,4]",0.0437777777777778,0.204623040065984,0,0,0,0,1,0.999849753001911,4500,1,1
"z[125,4]",1,0,1,1,1,1,1,NA,1,0,1
"z[126,4]",1,0,1,1,1,1,1,NA,1,0,1
"z[127,4]",0.539111111111111,0.498523368446663,0,0,1,1,1,0.999679006190761,4500,1,1
"z[128,4]",0.338,0.473081107853284,0,0,0,1,1,0.999774622169129,4500,1,1
"z[129,4]",0.515555555555556,0.499813504030347,0,0,1,1,1,0.999671755260216,4500,1,1
"z[130,4]",0.233333333333333,0.422999587247188,0,0,0,0,1,0.999812541471019,4500,1,1
"z[131,4]",0.623777777777778,0.484490685382771,0,0,1,1,1,1.00013172108908,4500,1,1
"z[132,4]",0.65,0.47702260616518,0,0,1,1,1,0.999878632717388,4500,1,1
"z[133,4]",0.758444444444444,0.428073814585456,0,1,1,1,1,0.999941329496853,4500,1,1
"z[134,4]",0.228666666666667,0.420020744838499,0,0,0,0,1,1.0015615162574,1502,1,1
"z[135,4]",1,0,1,1,1,1,1,NA,1,0,1
"z[136,4]",0.155111111111111,0.362050802214222,0,0,0,0,1,1.00057337490851,4207,1,1
"z[137,4]",1,0,1,1,1,1,1,NA,1,0,1
"z[138,4]",0.0731111111111111,0.260347727038461,0,0,0,0,1,0.999929695487376,4500,1,1
"z[139,4]",0.0722222222222222,0.258884272233404,0,0,0,0,1,1.00166363646608,3729,1,1
"z[140,4]",0.0528888888888889,0.223836521313966,0,0,0,0,1,0.999705947687877,4500,1,1
"z[141,4]",0.0711111111111111,0.257038913373673,0,0,0,0,1,1.00038449623852,4500,1,1
"z[142,4]",0.412888888888889,0.492407895500377,0,0,0,1,1,0.999725018197047,4500,1,1
"z[143,4]",0.251555555555556,0.433955304487405,0,0,0,1,1,1.00040232343337,3608,1,1
"z[144,4]",0.206,0.404475407947857,0,0,0,0,1,1.0002974294281,4500,1,1
"z[145,4]",1,0,1,1,1,1,1,NA,1,0,1
"z[146,4]",1,0,1,1,1,1,1,NA,1,0,1
"z[147,4]",1,0,1,1,1,1,1,NA,1,0,1
"z[148,4]",0.265111111111111,0.44144140543826,0,0,0,1,1,1.00070893387926,2471,1,1
"z[149,4]",0.503777777777778,0.500041291421886,0,0,1,1,1,0.999683595568674,4500,1,1
"z[150,4]",0.034,0.181249276657738,0,0,0,0,1,1.0030115717609,4500,1,1
"z[151,4]",0.832444444444444,0.373512642298332,0,1,1,1,1,1.00126716961368,2241,1,1
"z[152,4]",1,0,1,1,1,1,1,NA,1,0,1
"z[153,4]",1,0,1,1,1,1,1,NA,1,0,1
"z[154,4]",1,0,1,1,1,1,1,NA,1,0,1
"z[155,4]",1,0,1,1,1,1,1,NA,1,0,1
"z[156,4]",1,0,1,1,1,1,1,NA,1,0,1
"z[157,4]",1,0,1,1,1,1,1,NA,1,0,1
"z[158,4]",0.0611111111111111,0.239560631963708,0,0,0,0,1,1.00383584215894,2079,1,1
"z[159,4]",1,0,1,1,1,1,1,NA,1,0,1
"z[160,4]",0.0591111111111111,0.23585874953463,0,0,0,0,1,1.00086923313354,4500,1,1
"z[161,4]",0.00622222222222222,0.0786440117920529,0,0,0,0,0,1.00031165278971,4500,1,1
"z[162,4]",1,0,1,1,1,1,1,NA,1,0,1
"z[163,4]",0.656666666666667,0.474874370677346,0,0,1,1,1,1.00019759986974,4182,1,1
"z[164,4]",1,0,1,1,1,1,1,NA,1,0,1
"z[165,4]",1,0,1,1,1,1,1,NA,1,0,1
"z[166,4]",0.767111111111111,0.422719012480962,0,1,1,1,1,1.00005092862287,4500,1,1
"z[167,4]",1,0,1,1,1,1,1,NA,1,0,1
"z[168,4]",1,0,1,1,1,1,1,NA,1,0,1
"z[169,4]",1,0,1,1,1,1,1,NA,1,0,1
"z[170,4]",0.154,0.360988861926802,0,0,0,0,1,1.00020709179725,4500,1,1
"z[171,4]",0.853333333333333,0.353812625669477,0,1,1,1,1,1.00100108131501,2986,1,1
"z[172,4]",0.898888888888889,0.3015092968165,0,1,1,1,1,1.00151908304807,2974,1,1
"z[173,4]",0.851333333333333,0.355799129666249,0,1,1,1,1,1.00064242618987,4050,1,1
"z[174,4]",1,0,1,1,1,1,1,NA,1,0,1
"z[175,4]",1,0,1,1,1,1,1,NA,1,0,1
"z[176,4]",1,0,1,1,1,1,1,NA,1,0,1
"z[177,4]",1,0,1,1,1,1,1,NA,1,0,1
"z[178,4]",0.147333333333333,0.354477284696265,0,0,0,0,1,1.00082391407714,3434,1,1
"z[179,4]",0.238888888888889,0.426452109033423,0,0,0,0,1,0.999795168445166,4500,1,1
"z[180,4]",0.173111111111111,0.378385347354177,0,0,0,0,1,1.00150261815574,1909,1,1
"z[181,4]",0.223111111111111,0.41637851783485,0,0,0,0,1,0.999748704873906,4500,1,1
"z[182,4]",0.264666666666667,0.441204578771529,0,0,0,1,1,1.0000505542217,4500,1,1
"z[183,4]",0.214,0.410172386899561,0,0,0,0,1,0.999684938201861,4500,1,1
"z[184,4]",1,0,1,1,1,1,1,NA,1,0,1
"z[185,4]",0.126666666666667,0.332636153179885,0,0,0,0,1,1.00003515242953,4500,1,1
"z[1,5]",1,0,1,1,1,1,1,NA,1,0,1
"z[2,5]",1,0,1,1,1,1,1,NA,1,0,1
"z[3,5]",1,0,1,1,1,1,1,NA,1,0,1
"z[4,5]",1,0,1,1,1,1,1,NA,1,0,1
"z[5,5]",0.896444444444444,0.304716977446087,0,1,1,1,1,1.0016728704486,2686,1,1
"z[6,5]",0.902,0.297347688610086,0,1,1,1,1,1.00280947252266,1804,1,1
"z[7,5]",0.794,0.404475407947857,0,1,1,1,1,1.00007432731216,4500,1,1
"z[8,5]",1,0,1,1,1,1,1,NA,1,0,1
"z[9,5]",1,0,1,1,1,1,1,NA,1,0,1
"z[10,5]",1,0,1,1,1,1,1,NA,1,0,1
"z[11,5]",1,0,1,1,1,1,1,NA,1,0,1
"z[12,5]",1,0,1,1,1,1,1,NA,1,0,1
"z[13,5]",0.278666666666667,0.448392946776403,0,0,0,1,1,0.999723443533802,4500,1,1
"z[14,5]",0.0486666666666667,0.215194128644091,0,0,0,0,1,1.00197286086959,4500,1,1
"z[15,5]",0.0764444444444444,0.265737434110773,0,0,0,0,1,1.00307470810129,2079,1,1
"z[16,5]",1,0,1,1,1,1,1,NA,1,0,1
"z[17,5]",1,0,1,1,1,1,1,NA,1,0,1
"z[18,5]",0.534,0.498898096767256,0,0,1,1,1,0.999670198483729,4500,1,1
"z[19,5]",1,0,1,1,1,1,1,NA,1,0,1
"z[20,5]",1,0,1,1,1,1,1,NA,1,0,1
"z[21,5]",1,0,1,1,1,1,1,NA,1,0,1
"z[22,5]",1,0,1,1,1,1,1,NA,1,0,1
"z[23,5]",1,0,1,1,1,1,1,NA,1,0,1
"z[24,5]",1,0,1,1,1,1,1,NA,1,0,1
"z[25,5]",1,0,1,1,1,1,1,NA,1,0,1
"z[26,5]",1,0,1,1,1,1,1,NA,1,0,1
"z[27,5]",1,0,1,1,1,1,1,NA,1,0,1
"z[28,5]",1,0,1,1,1,1,1,NA,1,0,1
"z[29,5]",0.0793333333333333,0.270288346355507,0,0,0,0,1,1.0003454704122,4500,1,1
"z[30,5]",0.901777777777778,0.297647954649891,0,1,1,1,1,0.999783032140607,4500,1,1
"z[31,5]",1,0,1,1,1,1,1,NA,1,0,1
"z[32,5]",1,0,1,1,1,1,1,NA,1,0,1
"z[33,5]",1,0,1,1,1,1,1,NA,1,0,1
"z[34,5]",1,0,1,1,1,1,1,NA,1,0,1
"z[35,5]",0.165777777777778,0.371922364665625,0,0,0,0,1,1.00077341087154,3261,1,1
"z[36,5]",1,0,1,1,1,1,1,NA,1,0,1
"z[37,5]",1,0,1,1,1,1,1,NA,1,0,1
"z[38,5]",1,0,1,1,1,1,1,NA,1,0,1
"z[39,5]",1,0,1,1,1,1,1,NA,1,0,1
"z[40,5]",1,0,1,1,1,1,1,NA,1,0,1
"z[41,5]",0.0264444444444444,0.160470739436839,0,0,0,0,1,0.999927152313494,4500,1,1
"z[42,5]",0.0262222222222222,0.159813306406557,0,0,0,0,1,1.01054294087121,1772,1,1
"z[43,5]",1,0,1,1,1,1,1,NA,1,0,1
"z[44,5]",0.00888888888888889,0.093871373318521,0,0,0,0,0,1.0075225008699,4500,1,1
"z[45,5]",1,0,1,1,1,1,1,NA,1,0,1
"z[46,5]",1,0,1,1,1,1,1,NA,1,0,1
"z[47,5]",0.936888888888889,0.243189722775225,0,1,1,1,1,1.00043591093041,4500,1,1
"z[48,5]",0.428,0.494843829554256,0,0,0,1,1,1.00070403470019,1975,1,1
"z[49,5]",0.396888888888889,0.489306962447443,0,0,0,1,1,1.00016563391073,4194,1,1
"z[50,5]",0.16,0.366646796392903,0,0,0,0,1,1.00041719588386,4500,1,1
"z[51,5]",0.93,0.255175370837775,0,1,1,1,1,1.0044145913228,1611,1,1
"z[52,5]",0.499555555555556,0.500055367263675,0,0,0,1,1,1.00102899855091,1473,1,1
"z[53,5]",0.327111111111111,0.469210353869047,0,0,0,1,1,0.99998479261059,4500,1,1
"z[54,5]",1,0,1,1,1,1,1,NA,1,0,1
"z[55,5]",0.000666666666666667,0.0258141493083176,0,0,0,0,0,1.13377982835195,4498,1,1
"z[56,5]",0.0133333333333333,0.11471041653724,0,0,0,0,0,1.00476023323478,4500,1,1
"z[57,5]",1,0,1,1,1,1,1,NA,1,0,1
"z[58,5]",1,0,1,1,1,1,1,NA,1,0,1
"z[59,5]",0.344,0.475093841995383,0,0,0,1,1,0.999912462067319,4500,1,1
"z[60,5]",0.989555555555556,0.10167426066326,1,1,1,1,1,1.00334243703936,4500,0,1
"z[61,5]",0.170888888888889,0.376453674828579,0,0,0,0,1,1.00056894345058,3915,1,1
"z[62,5]",0.144666666666667,0.35180353283733,0,0,0,0,1,1.00295049779828,1237,1,1
"z[63,5]",0.224,0.416968387460446,0,0,0,0,1,1.00049106831928,3483,1,1
"z[64,5]",0.152,0.359060788616921,0,0,0,0,1,1.00047197009034,4500,1,1
"z[65,5]",0.282888888888889,0.450452945452442,0,0,0,1,1,1.00108844283042,1736,1,1
"z[66,5]",0.199555555555556,0.399710695309344,0,0,0,0,1,1.00032404921341,4500,1,1
"z[67,5]",0.198222222222222,0.398704776126197,0,0,0,0,1,0.999825760231062,4500,1,1
"z[68,5]",0.222222222222222,0.41578591064293,0,0,0,0,1,1.0003840039281,4033,1,1
"z[69,5]",1,0,1,1,1,1,1,NA,1,0,1
"z[70,5]",0.481555555555556,0.499715213653596,0,0,0,1,1,0.999978537477519,4500,1,1
"z[71,5]",0.034,0.181249276657738,0,0,0,0,1,1.00049021508686,4500,1,1
"z[72,5]",1,0,1,1,1,1,1,NA,1,0,1
"z[73,5]",0.322666666666667,0.467548357918906,0,0,0,1,1,0.999975126594068,4500,1,1
"z[74,5]",0.790888888888889,0.406719085380904,0,1,1,1,1,0.999672927370433,4500,1,1
"z[75,5]",0.837777777777778,0.368695512481717,0,1,1,1,1,1.00057463186522,4054,1,1
"z[76,5]",0.110666666666667,0.313753775163274,0,0,0,0,1,1.00036075797913,4500,1,1
"z[77,5]",0.0226666666666667,0.148855006121055,0,0,0,0,0,1.00282413118728,4500,1,1
"z[78,5]",0.00377777777777778,0.0613542394088465,0,0,0,0,0,1.02160266575274,4500,1,1
"z[79,5]",1,0,1,1,1,1,1,NA,1,0,1
"z[80,5]",0.391333333333333,0.488102959197653,0,0,0,1,1,1.00136037483149,1246,1,1
"z[81,5]",0.0266666666666667,0.161125183440798,0,0,0,0,1,1.00502408402932,3577,1,1
"z[82,5]",1,0,1,1,1,1,1,NA,1,0,1
"z[83,5]",0.162,0.368491756631665,0,0,0,0,1,0.999751024837789,4500,1,1
"z[84,5]",1,0,1,1,1,1,1,NA,1,0,1
"z[85,5]",1,0,1,1,1,1,1,NA,1,0,1
"z[86,5]",0.000444444444444444,0.0210795079890303,0,0,0,0,0,1.2913045102833,2250,1,1
"z[87,5]",1,0,1,1,1,1,1,NA,1,0,1
"z[88,5]",0.521555555555556,0.499590655088691,0,0,1,1,1,0.999830008061377,4500,1,1
"z[89,5]",0.666666666666667,0.47145690780245,0,0,1,1,1,1.00049858052593,2713,1,1
"z[90,5]",0.464666666666667,0.498805418941866,0,0,0,1,1,1.00111125861028,1396,1,1
"z[91,5]",0.193555555555556,0.395128456639485,0,0,0,0,1,1.00015320226748,4500,1,1
"z[92,5]",0.154222222222222,0.361201773251085,0,0,0,0,1,0.999859784632427,4500,1,1
"z[93,5]",0.177777777777778,0.382368055124134,0,0,0,0,1,0.999737071217776,4500,1,1
"z[94,5]",0.209111111111111,0.406719085380904,0,0,0,0,1,0.999699997515175,4500,1,1
"z[95,5]",1,0,1,1,1,1,1,NA,1,0,1
"z[96,5]",1,0,1,1,1,1,1,NA,1,0,1
"z[97,5]",1,0,1,1,1,1,1,NA,1,0,1
"z[98,5]",1,0,1,1,1,1,1,NA,1,0,1
"z[99,5]",0.979333333333333,0.142281601882585,1,1,1,1,1,1.0009305518436,4500,0,1
"z[100,5]",0.862444444444444,0.344471179734573,0,1,1,1,1,1.00036291271772,4500,1,1
"z[101,5]",0.379333333333333,0.485275063325965,0,0,0,1,1,1.00020058328437,3984,1,1
"z[102,5]",0.243555555555556,0.429275200077866,0,0,0,0,1,1.00008587950164,4500,1,1
"z[103,5]",0.858,0.349088929478717,0,1,1,1,1,0.999771416153739,4500,1,1
"z[104,5]",0.0157777777777778,0.124628612791859,0,0,0,0,0,1.00099535909105,4500,1,1
"z[105,5]",0.372,0.483392103996149,0,0,0,1,1,1.00068606994107,2101,1,1
"z[106,5]",0.133333333333333,0.339972411050686,0,0,0,0,1,1.00205183751943,1807,1,1
"z[107,5]",0.0108888888888889,0.103791690054186,0,0,0,0,0,1.00993807854512,4452,1,1
"z[108,5]",0.0151111111111111,0.1220084974435,0,0,0,0,0,1.01192794701723,2692,1,1
"z[109,5]",0.00266666666666667,0.0515766100016907,0,0,0,0,0,1.02967422250434,4500,1,1
"z[110,5]",1,0,1,1,1,1,1,NA,1,0,1
"z[111,5]",1,0,1,1,1,1,1,NA,1,0,1
"z[112,5]",1,0,1,1,1,1,1,NA,1,0,1
"z[113,5]",0.00688888888888889,0.0827221418662089,0,0,0,0,0,1.0033393216296,4500,1,1
"z[114,5]",1,0,1,1,1,1,1,NA,1,0,1
"z[115,5]",1,0,1,1,1,1,1,NA,1,0,1
"z[116,5]",1,0,1,1,1,1,1,NA,1,0,1
"z[117,5]",1,0,1,1,1,1,1,NA,1,0,1
"z[118,5]",1,0,1,1,1,1,1,NA,1,0,1
"z[119,5]",1,0,1,1,1,1,1,NA,1,0,1
"z[120,5]",1,0,1,1,1,1,1,NA,1,0,1
"z[121,5]",1,0,1,1,1,1,1,NA,1,0,1
"z[122,5]",0.00977777777777778,0.0984089676386699,0,0,0,0,0,1.00463304545948,4500,1,1
"z[123,5]",1,0,1,1,1,1,1,NA,1,0,1
"z[124,5]",0.0197777777777778,0.139251306560123,0,0,0,0,0,1.00208820507103,4500,1,1
"z[125,5]",1,0,1,1,1,1,1,NA,1,0,1
"z[126,5]",1,0,1,1,1,1,1,NA,1,0,1
"z[127,5]",0.808888888888889,0.393220058960265,0,1,1,1,1,1.00096426012892,2501,1,1
"z[128,5]",0.360888888888889,0.480311737615325,0,0,0,1,1,0.999746467552458,4500,1,1
"z[129,5]",0.794444444444444,0.404151910349933,0,1,1,1,1,0.999784183171668,4500,1,1
"z[130,5]",0.240222222222222,0.427265812099829,0,0,0,0,1,0.999778558860338,4500,1,1
"z[131,5]",0.806666666666667,0.394955972291722,0,1,1,1,1,1.00029909591853,4500,1,1
"z[132,5]",0.808,0.393916846973326,0,1,1,1,1,1.00003896103844,4500,1,1
"z[133,5]",0.878888888888889,0.326292612819852,0,1,1,1,1,1.00094670214394,3661,1,1
"z[134,5]",1,0,1,1,1,1,1,NA,1,0,1
"z[135,5]",1,0,1,1,1,1,1,NA,1,0,1
"z[136,5]",0.164666666666667,0.370920651032105,0,0,0,0,1,1.00023023298982,4500,1,1
"z[137,5]",1,0,1,1,1,1,1,NA,1,0,1
"z[138,5]",1,0,1,1,1,1,1,NA,1,0,1
"z[139,5]",1,0,1,1,1,1,1,NA,1,0,1
"z[140,5]",1,0,1,1,1,1,1,NA,1,0,1
"z[141,5]",0.0213333333333333,0.14450904074975,0,0,0,0,0,1.00439865060136,4500,1,1
"z[142,5]",0.586666666666667,0.492486332080458,0,0,1,1,1,0.999942391785541,4500,1,1
"z[143,5]",0.424666666666667,0.494347241700356,0,0,0,1,1,1.0003480280026,3005,1,1
"z[144,5]",0.281333333333333,0.449699709640618,0,0,0,1,1,0.999962232181351,4500,1,1
"z[145,5]",1,0,1,1,1,1,1,NA,1,0,1
"z[146,5]",0.189111111111111,0.391640375465991,0,0,0,0,1,1.00080747302742,2858,1,1
"z[147,5]",1,0,1,1,1,1,1,NA,1,0,1
"z[148,5]",1,0,1,1,1,1,1,NA,1,0,1
"z[149,5]",1,0,1,1,1,1,1,NA,1,0,1
"z[150,5]",0.0366666666666667,0.18796295738691,0,0,0,0,1,1.00624839825481,2130,1,1
"z[151,5]",1,0,1,1,1,1,1,NA,1,0,1
"z[152,5]",0.557777777777778,0.496705701896018,0,0,1,1,1,0.999813076797151,4500,1,1
"z[153,5]",1,0,1,1,1,1,1,NA,1,0,1
"z[154,5]",0.758666666666667,0.427939542005023,0,1,1,1,1,1.00348225359656,716,1,1
"z[155,5]",1,0,1,1,1,1,1,NA,1,0,1
"z[156,5]",1,0,1,1,1,1,1,NA,1,0,1
"z[157,5]",1,0,1,1,1,1,1,NA,1,0,1
"z[158,5]",1,0,1,1,1,1,1,NA,1,0,1
"z[159,5]",1,0,1,1,1,1,1,NA,1,0,1
"z[160,5]",0.330666666666667,0.470505490679205,0,0,0,1,1,0.999758898354856,4500,1,1
"z[161,5]",0.0595555555555556,0.236687854568751,0,0,0,0,1,1.0005232345833,4500,1,1
"z[162,5]",1,0,1,1,1,1,1,NA,1,0,1
"z[163,5]",0.892222222222222,0.310134007193376,0,1,1,1,1,1.0008289921179,4467,1,1
"z[164,5]",1,0,1,1,1,1,1,NA,1,0,1
"z[165,5]",1,0,1,1,1,1,1,NA,1,0,1
"z[166,5]",1,0,1,1,1,1,1,NA,1,0,1
"z[167,5]",1,0,1,1,1,1,1,NA,1,0,1
"z[168,5]",0.94,0.237513233566337,0,1,1,1,1,1.00265395137069,2952,1,1
"z[169,5]",1,0,1,1,1,1,1,NA,1,0,1
"z[170,5]",0.756,0.429540453404983,0,1,1,1,1,1.00012583327875,4500,1,1
"z[171,5]",0.951777777777778,0.214259284678296,0,1,1,1,1,1.00247626801319,3857,1,1
"z[172,5]",0.966888888888889,0.178946588136641,0,1,1,1,1,1.00378122891503,3770,1,1
"z[173,5]",0.939333333333333,0.238744400231546,0,1,1,1,1,1.00471237325407,1726,1,1
"z[174,5]",1,0,1,1,1,1,1,NA,1,0,1
"z[175,5]",1,0,1,1,1,1,1,NA,1,0,1
"z[176,5]",1,0,1,1,1,1,1,NA,1,0,1
"z[177,5]",1,0,1,1,1,1,1,NA,1,0,1
"z[178,5]",0.302888888888889,0.459558638160658,0,0,0,1,1,1.00034578729645,3483,1,1
"z[179,5]",0.468888888888889,0.499086617264418,0,0,0,1,1,0.999769708286239,4500,1,1
"z[180,5]",0.189555555555556,0.391992848433725,0,0,0,0,1,1.00068438931165,3198,1,1
"z[181,5]",0.258444444444444,0.437828176501353,0,0,0,1,1,1.00125604246491,1650,1,1
"z[182,5]",0.219555555555556,0.413991545837227,0,0,0,0,1,0.999831482323434,4500,1,1
"z[183,5]",0.207555555555556,0.405601781695743,0,0,0,0,1,1.00082268940268,2630,1,1
"z[184,5]",0.00666666666666667,0.0813860808385347,0,0,0,0,0,1.02567322077858,2795,1,1
"z[185,5]",0.584666666666667,0.492834181158129,0,0,1,1,1,0.999939445744032,4500,1,1
"z[1,6]",1,0,1,1,1,1,1,NA,1,0,1
"z[2,6]",1,0,1,1,1,1,1,NA,1,0,1
"z[3,6]",1,0,1,1,1,1,1,NA,1,0,1
"z[4,6]",0.465777777777778,0.498882899180174,0,0,0,1,1,1.00101369239546,1498,1,1
"z[5,6]",0.932222222222222,0.251392113273443,0,1,1,1,1,1.00256645717704,2729,1,1
"z[6,6]",0.942444444444444,0.232926963317475,0,1,1,1,1,1.0062499414929,1397,1,1
"z[7,6]",1,0,1,1,1,1,1,NA,1,0,1
"z[8,6]",1,0,1,1,1,1,1,NA,1,0,1
"z[9,6]",1,0,1,1,1,1,1,NA,1,0,1
"z[10,6]",0.429777777777778,0.495099294438136,0,0,0,1,1,0.999776750950766,4500,1,1
"z[11,6]",1,0,1,1,1,1,1,NA,1,0,1
"z[12,6]",1,0,1,1,1,1,1,NA,1,0,1
"z[13,6]",1,0,1,1,1,1,1,NA,1,0,1
"z[14,6]",0.0153333333333333,0.122888478420367,0,0,0,0,0,1.00386770735714,4500,1,1
"z[15,6]",1,0,1,1,1,1,1,NA,1,0,1
"z[16,6]",0.938,0.241182350987992,0,1,1,1,1,0.999819772933163,4500,1,1
"z[17,6]",1,0,1,1,1,1,1,NA,1,0,1
"z[18,6]",0.643777777777778,0.478935197820584,0,0,1,1,1,0.999844462890737,4500,1,1
"z[19,6]",0.408222222222222,0.491559289588405,0,0,0,1,1,1.00012969946123,4477,1,1
"z[20,6]",0.298888888888889,0.457821907476261,0,0,0,1,1,0.999879565156131,4500,1,1
"z[21,6]",0.978888888888889,0.143770739157005,1,1,1,1,1,1.00248930559357,4500,0,1
"z[22,6]",1,0,1,1,1,1,1,NA,1,0,1
"z[23,6]",1,0,1,1,1,1,1,NA,1,0,1
"z[24,6]",1,0,1,1,1,1,1,NA,1,0,1
"z[25,6]",1,0,1,1,1,1,1,NA,1,0,1
"z[26,6]",1,0,1,1,1,1,1,NA,1,0,1
"z[27,6]",1,0,1,1,1,1,1,NA,1,0,1
"z[28,6]",0.896444444444444,0.304716977446087,0,1,1,1,1,0.999686663802068,4500,1,1
"z[29,6]",0.012,0.108897361089598,0,0,0,0,0,1.00124283458495,4500,1,1
"z[30,6]",1,0,1,1,1,1,1,NA,1,0,1
"z[31,6]",1,0,1,1,1,1,1,NA,1,0,1
"z[32,6]",1,0,1,1,1,1,1,NA,1,0,1
"z[33,6]",1,0,1,1,1,1,1,NA,1,0,1
"z[34,6]",0.289333333333333,0.453503317459126,0,0,0,1,1,0.999918903222947,4500,1,1
"z[35,6]",1,0,1,1,1,1,1,NA,1,0,1
"z[36,6]",1,0,1,1,1,1,1,NA,1,0,1
"z[37,6]",1,0,1,1,1,1,1,NA,1,0,1
"z[38,6]",0.835111111111111,0.371121476247506,0,1,1,1,1,1.00243016305873,1311,1,1
"z[39,6]",1,0,1,1,1,1,1,NA,1,0,1
"z[40,6]",1,0,1,1,1,1,1,NA,1,0,1
"z[41,6]",0.0482222222222222,0.214259284678296,0,0,0,0,1,0.999713466150733,4500,1,1
"z[42,6]",0.0197777777777778,0.139251306560123,0,0,0,0,0,1.00791396291107,3092,1,1
"z[43,6]",0.06,0.237513233566337,0,0,0,0,1,1.00178519364879,4185,1,1
"z[44,6]",0.00244444444444444,0.0493863456663645,0,0,0,0,0,1.00379178827338,4500,1,1
"z[45,6]",1,0,1,1,1,1,1,NA,1,0,1
"z[46,6]",1,0,1,1,1,1,1,NA,1,0,1
"z[47,6]",0.878666666666667,0.326550535565759,0,1,1,1,1,0.999978877803567,4500,1,1
"z[48,6]",0.591777777777778,0.491559289588405,0,0,1,1,1,1.0004825644726,2544,1,1
"z[49,6]",0.365555555555556,0.481639119708878,0,0,0,1,1,0.999969923153589,4500,1,1
"z[50,6]",0.088,0.283326381812225,0,0,0,0,1,1.00183967796757,2867,1,1
"z[51,6]",0.913555555555556,0.281050450380857,0,1,1,1,1,0.999955186064896,4500,1,1
"z[52,6]",0.540666666666667,0.498398858885473,0,0,1,1,1,1.00103064911894,1482,1,1
"z[53,6]",0.231777777777778,0.422014711221794,0,0,0,0,1,1.00073613822482,2635,1,1
"z[54,6]",0.349555555555556,0.476882591680911,0,0,0,1,1,1.00053045525893,2549,1,1
"z[55,6]",0.00377777777777778,0.0613542394088465,0,0,0,0,0,1.0014045739505,4500,1,1
"z[56,6]",0.0231111111111111,0.150273104306291,0,0,0,0,0,1.00044018901874,4500,1,1
"z[57,6]",0.976,0.153066020038189,1,1,1,1,1,1.00221977234576,4500,0,1
"z[58,6]",1,0,1,1,1,1,1,NA,1,0,1
"z[59,6]",0.328666666666667,0.469780727557959,0,0,0,1,1,0.9997396731692,4500,1,1
"z[60,6]",1,0,1,1,1,1,1,NA,1,0,1
"z[61,6]",0.00444444444444444,0.0665257457028688,0,0,0,0,0,1.00467419516687,4500,1,1
"z[62,6]",0.00266666666666667,0.0515766100016907,0,0,0,0,0,1.11341842976364,1382,1,1
"z[63,6]",0.00466666666666667,0.0681609955608629,0,0,0,0,0,1.02922877186302,3485,1,1
"z[64,6]",0.00266666666666667,0.0515766100016907,0,0,0,0,0,1.0099762458543,4500,1,1
"z[65,6]",0.012,0.108897361089598,0,0,0,0,0,1.00593816083002,4500,1,1
"z[66,6]",0.00622222222222222,0.0786440117920529,0,0,0,0,0,1.04722437593526,1586,1,1
"z[67,6]",0.00577777777777778,0.0758002102747823,0,0,0,0,0,1.00041370665397,4500,1,1
"z[68,6]",0.0195555555555556,0.13848248064772,0,0,0,0,0,1.00053814591274,4500,1,1
"z[69,6]",1,0,1,1,1,1,1,NA,1,0,1
"z[70,6]",0.770222222222222,0.42073660196956,0,1,1,1,1,1.00043585899803,3673,1,1
"z[71,6]",0.0413333333333333,0.199082134750893,0,0,0,0,1,1.00112704444885,4500,1,1
"z[72,6]",1,0,1,1,1,1,1,NA,1,0,1
"z[73,6]",0.0124444444444444,0.11087069888737,0,0,0,0,0,1.01138820764648,3410,1,1
"z[74,6]",0.345111111111111,0.475457324667998,0,0,0,1,1,1.00051106733623,2625,1,1
"z[75,6]",0.547333333333333,0.497809828621661,0,0,1,1,1,0.999952758205247,4500,1,1
"z[76,6]",0.0737777777777778,0.261437958471522,0,0,0,0,1,1.00006835638269,4500,1,1
"z[77,6]",0.00844444444444444,0.0915150092219534,0,0,0,0,0,1.00939158746387,4500,1,1
"z[78,6]",0.00666666666666667,0.0813860808385347,0,0,0,0,0,1.01129475450218,4500,1,1
"z[79,6]",0.646444444444444,0.478126370077776,0,0,1,1,1,0.999997781522339,4500,1,1
"z[80,6]",0.280222222222222,0.449157611618771,0,0,0,1,1,0.999712716729506,4500,1,1
"z[81,6]",0.0288888888888889,0.167512855228826,0,0,0,0,1,1.00493294236736,3363,1,1
"z[82,6]",0.115777777777778,0.319993810293055,0,0,0,0,1,0.999958952953128,4500,1,1
"z[83,6]",1,0,1,1,1,1,1,NA,1,0,1
"z[84,6]",0.942888888888889,0.232080592249878,0,1,1,1,1,1.00023709359516,4500,1,1
"z[85,6]",0.965777777777778,0.181819713016199,0,1,1,1,1,1.00185058437835,4500,1,1
"z[86,6]",0.00777777777777778,0.0878578356425394,0,0,0,0,0,1.02406153410075,2563,1,1
"z[87,6]",1,0,1,1,1,1,1,NA,1,0,1
"z[88,6]",0.768,0.422155899481977,0,1,1,1,1,0.999710955375116,4500,1,1
"z[89,6]",1,0,1,1,1,1,1,NA,1,0,1
"z[90,6]",0.339111111111111,0.473460219852906,0,0,0,1,1,0.999729024652316,4500,1,1
"z[91,6]",0.00288888888888889,0.0536766566849176,0,0,0,0,0,1.00262879405446,4500,1,1
"z[92,6]",0.00555555555555556,0.0743365276300976,0,0,0,0,0,1.01469994118345,4500,1,1
"z[93,6]",0.00355555555555556,0.0595289935189017,0,0,0,0,0,1.05061772453475,2563,1,1
"z[94,6]",0.00355555555555556,0.0595289935189017,0,0,0,0,0,1.00744020021063,4500,1,1
"z[95,6]",1,0,1,1,1,1,1,NA,1,0,1
"z[96,6]",0.344222222222222,0.475166768674333,0,0,0,1,1,0.999966318992229,4500,1,1
"z[97,6]",1,0,1,1,1,1,1,NA,1,0,1
"z[98,6]",1,0,1,1,1,1,1,NA,1,0,1
"z[99,6]",1,0,1,1,1,1,1,NA,1,0,1
"z[100,6]",1,0,1,1,1,1,1,NA,1,0,1
"z[101,6]",1,0,1,1,1,1,1,NA,1,0,1
"z[102,6]",0.288888888888889,0.453296548067582,0,0,0,1,1,0.999705783744862,4500,1,1
"z[103,6]",0.738666666666667,0.439409978425398,0,0,1,1,1,1.00027689262719,4245,1,1
"z[104,6]",0.032,0.176019558815419,0,0,0,0,1,1.00066806517075,4500,1,1
"z[105,6]",0.283555555555556,0.450773731875036,0,0,0,1,1,1.0016523705605,1242,1,1
"z[106,6]",0.0735555555555556,0.261075243046752,0,0,0,0,1,1.00129979405244,4496,1,1
"z[107,6]",0.00222222222222222,0.0470932775447189,0,0,0,0,0,1.01916489327094,4500,1,1
"z[108,6]",0.00244444444444444,0.0493863456663645,0,0,0,0,0,1.07037255410904,2600,1,1
"z[109,6]",0.000888888888888889,0.0298042977535084,0,0,0,0,0,1.16587551740291,2570,1,1
"z[110,6]",1,0,1,1,1,1,1,NA,1,0,1
"z[111,6]",0.244888888888889,0.430069091055928,0,0,0,0,1,1.00050020618303,3249,1,1
"z[112,6]",1,0,1,1,1,1,1,NA,1,0,1
"z[113,6]",0.024,0.153066020038189,0,0,0,0,0,1.00141606343239,4500,1,1
"z[114,6]",1,0,1,1,1,1,1,NA,1,0,1
"z[115,6]",1,0,1,1,1,1,1,NA,1,0,1
"z[116,6]",1,0,1,1,1,1,1,NA,1,0,1
"z[117,6]",0.0893333333333333,0.285255975094233,0,0,0,0,1,1.00092104536317,4500,1,1
"z[118,6]",1,0,1,1,1,1,1,NA,1,0,1
"z[119,6]",1,0,1,1,1,1,1,NA,1,0,1
"z[120,6]",1,0,1,1,1,1,1,NA,1,0,1
"z[121,6]",1,0,1,1,1,1,1,NA,1,0,1
"z[122,6]",0.00644444444444444,0.0800271001985887,0,0,0,0,0,1.01782862766394,4184,1,1
"z[123,6]",0.497777777777778,0.500050625971747,0,0,0,1,1,0.999868519356256,4500,1,1
"z[124,6]",0.00777777777777778,0.0878578356425394,0,0,0,0,0,1.0122733361313,4500,1,1
"z[125,6]",0.965555555555556,0.182388094475073,0,1,1,1,1,1.00075907578011,4500,1,1
"z[126,6]",1,0,1,1,1,1,1,NA,1,0,1
"z[127,6]",1,0,1,1,1,1,1,NA,1,0,1
"z[128,6]",0.226444444444444,0.418576507649934,0,0,0,0,1,1.000438204697,3692,1,1
"z[129,6]",1,0,1,1,1,1,1,NA,1,0,1
"z[130,6]",0.0742222222222222,0.262161318587002,0,0,0,0,1,0.999985483848858,4500,1,1
"z[131,6]",0.835333333333333,0.370920651032105,0,1,1,1,1,0.999807508060529,4500,1,1
"z[132,6]",0.859555555555556,0.347486165270941,0,1,1,1,1,0.999800333621017,4500,1,1
"z[133,6]",0.911555555555556,0.28397173218309,0,1,1,1,1,1.00076554092477,4500,1,1
"z[134,6]",1,0,1,1,1,1,1,NA,1,0,1
"z[135,6]",1,0,1,1,1,1,1,NA,1,0,1
"z[136,6]",0.024,0.153066020038189,0,0,0,0,0,1.0133386487679,1536,1,1
"z[137,6]",1,0,1,1,1,1,1,NA,1,0,1
"z[138,6]",1,0,1,1,1,1,1,NA,1,0,1
"z[139,6]",1,0,1,1,1,1,1,NA,1,0,1
"z[140,6]",1,0,1,1,1,1,1,NA,1,0,1
"z[141,6]",1,0,1,1,1,1,1,NA,1,0,1
"z[142,6]",0.613333333333333,0.487040315070644,0,0,1,1,1,0.999814037940075,4500,1,1
"z[143,6]",0.475333333333333,0.49944668205886,0,0,0,1,1,0.999741636682978,4500,1,1
"z[144,6]",0.198222222222222,0.398704776126197,0,0,0,0,1,1.00024559189103,4500,1,1
"z[145,6]",1,0,1,1,1,1,1,NA,1,0,1
"z[146,6]",1,0,1,1,1,1,1,NA,1,0,1
"z[147,6]",1,0,1,1,1,1,1,NA,1,0,1
"z[148,6]",1,0,1,1,1,1,1,NA,1,0,1
"z[149,6]",1,0,1,1,1,1,1,NA,1,0,1
"z[150,6]",0.038,0.191217481839897,0,0,0,0,1,1.00335893741697,3684,1,1
"z[151,6]",1,0,1,1,1,1,1,NA,1,0,1
"z[152,6]",1,0,1,1,1,1,1,NA,1,0,1
"z[153,6]",1,0,1,1,1,1,1,NA,1,0,1
"z[154,6]",1,0,1,1,1,1,1,NA,1,0,1
"z[155,6]",1,0,1,1,1,1,1,NA,1,0,1
"z[156,6]",1,0,1,1,1,1,1,NA,1,0,1
"z[157,6]",1,0,1,1,1,1,1,NA,1,0,1
"z[158,6]",1,0,1,1,1,1,1,NA,1,0,1
"z[159,6]",1,0,1,1,1,1,1,NA,1,0,1
"z[160,6]",1,0,1,1,1,1,1,NA,1,0,1
"z[161,6]",0.467777777777778,0.499016097456518,0,0,0,1,1,0.999687319009253,4500,1,1
"z[162,6]",1,0,1,1,1,1,1,NA,1,0,1
"z[163,6]",1,0,1,1,1,1,1,NA,1,0,1
"z[164,6]",1,0,1,1,1,1,1,NA,1,0,1
"z[165,6]",0.770888888888889,0.420307586552663,0,1,1,1,1,1.00026976936926,4500,1,1
"z[166,6]",1,0,1,1,1,1,1,NA,1,0,1
"z[167,6]",1,0,1,1,1,1,1,NA,1,0,1
"z[168,6]",1,0,1,1,1,1,1,NA,1,0,1
"z[169,6]",1,0,1,1,1,1,1,NA,1,0,1
"z[170,6]",1,0,1,1,1,1,1,NA,1,0,1
"z[171,6]",1,0,1,1,1,1,1,NA,1,0,1
"z[172,6]",1,0,1,1,1,1,1,NA,1,0,1
"z[173,6]",1,0,1,1,1,1,1,NA,1,0,1
"z[174,6]",1,0,1,1,1,1,1,NA,1,0,1
"z[175,6]",1,0,1,1,1,1,1,NA,1,0,1
"z[176,6]",0.960666666666667,0.194408387233923,0,1,1,1,1,1.00157861875787,4500,1,1
"z[177,6]",1,0,1,1,1,1,1,NA,1,0,1
"z[178,6]",0.305777777777778,0.460787273813823,0,0,0,1,1,1.00015516407294,4500,1,1
"z[179,6]",0.488444444444444,0.499922001275859,0,0,0,1,1,1.00008962475622,4500,1,1
"z[180,6]",0.00733333333333333,0.0853297931213479,0,0,0,0,0,1.02526960602048,2587,1,1
"z[181,6]",0.00155555555555556,0.0394142235807543,0,0,0,0,0,1.06447893654775,4494,1,1
"z[182,6]",0.00288888888888889,0.0536766566849176,0,0,0,0,0,1.0362487128527,4488,1,1
"z[183,6]",0.0142222222222222,0.118419030794728,0,0,0,0,0,1.03637392297404,926,1,1
"z[184,6]",0.00555555555555556,0.0743365276300976,0,0,0,0,0,1.01929448512941,4476,1,1
"z[185,6]",1,0,1,1,1,1,1,NA,1,0,1
"z[1,7]",1,0,1,1,1,1,1,NA,1,0,1
"z[2,7]",1,0,1,1,1,1,1,NA,1,0,1
"z[3,7]",1,0,1,1,1,1,1,NA,1,0,1
"z[4,7]",1,0,1,1,1,1,1,NA,1,0,1
"z[5,7]",1,0,1,1,1,1,1,NA,1,0,1
"z[6,7]",1,0,1,1,1,1,1,NA,1,0,1
"z[7,7]",0.937555555555556,0.241987910285634,0,1,1,1,1,1.00590160025951,1367,1,1
"z[8,7]",0.955333333333333,0.206593901727913,0,1,1,1,1,1.00092480130179,4500,1,1
"z[9,7]",0.920666666666667,0.270288346355507,0,1,1,1,1,1.00045775786666,4500,1,1
"z[10,7]",0.738444444444444,0.439530633059229,0,0,1,1,1,1.00047871441744,3194,1,1
"z[11,7]",1,0,1,1,1,1,1,NA,1,0,1
"z[12,7]",1,0,1,1,1,1,1,NA,1,0,1
"z[13,7]",1,0,1,1,1,1,1,NA,1,0,1
"z[14,7]",0.00244444444444444,0.0493863456663645,0,0,0,0,0,1.00379178827338,4500,1,1
"z[15,7]",0.248888888888889,0.432417347068647,0,0,0,0,1,0.99996795094136,4500,1,1
"z[16,7]",0.922888888888889,0.266797311851382,0,1,1,1,1,1.00021185207859,4500,1,1
"z[17,7]",0.914,0.28039520580441,0,1,1,1,1,1.00000179108578,4500,1,1
"z[18,7]",0.818666666666667,0.385336933245042,0,1,1,1,1,0.99997957084618,4500,1,1
"z[19,7]",0.00822222222222222,0.0903129549063228,0,0,0,0,0,1.03185522703782,1816,1,1
"z[20,7]",0.532888888888889,0.498972592899741,0,0,1,1,1,0.99970286897309,4500,1,1
"z[21,7]",0.976888888888889,0.150273104306291,1,1,1,1,1,1.00973022426466,2168,0,1
"z[22,7]",0.978,0.146699633251375,1,1,1,1,1,1.00014637771612,4500,0,1
"z[23,7]",1,0,1,1,1,1,1,NA,1,0,1
"z[24,7]",1,0,1,1,1,1,1,NA,1,0,1
"z[25,7]",0.897111111111111,0.303847464555696,0,1,1,1,1,0.999669508577501,4500,1,1
"z[26,7]",0.920222222222222,0.270978968999202,0,1,1,1,1,0.999836012266329,4500,1,1
"z[27,7]",0.915111111111111,0.278747254884959,0,1,1,1,1,0.9996952473575,4500,1,1
"z[28,7]",1,0,1,1,1,1,1,NA,1,0,1
"z[29,7]",0.0626666666666667,0.24238938031912,0,0,0,0,1,1.00204494091852,3573,1,1
"z[30,7]",1,0,1,1,1,1,1,NA,1,0,1
"z[31,7]",1,0,1,1,1,1,1,NA,1,0,1
"z[32,7]",1,0,1,1,1,1,1,NA,1,0,1
"z[33,7]",1,0,1,1,1,1,1,NA,1,0,1
"z[34,7]",1,0,1,1,1,1,1,NA,1,0,1
"z[35,7]",1,0,1,1,1,1,1,NA,1,0,1
"z[36,7]",1,0,1,1,1,1,1,NA,1,0,1
"z[37,7]",0.979111111111111,0.143028281223349,1,1,1,1,1,1.00829650766419,2799,0,1
"z[38,7]",1,0,1,1,1,1,1,NA,1,0,1
"z[39,7]",1,0,1,1,1,1,1,NA,1,0,1
"z[40,7]",1,0,1,1,1,1,1,NA,1,0,1
"z[41,7]",0.542888888888889,0.49821250712404,0,0,1,1,1,0.999804112785295,4500,1,1
"z[42,7]",0.233111111111111,0.422859381539275,0,0,0,0,1,1.000297876191,4432,1,1
"z[43,7]",0.186,0.389149910460912,0,0,0,0,1,1.00037584476008,4500,1,1
"z[44,7]",0.0282222222222222,0.165625554658784,0,0,0,0,1,0.999896301540086,4500,1,1
"z[45,7]",1,0,1,1,1,1,1,NA,1,0,1
"z[46,7]",1,0,1,1,1,1,1,NA,1,0,1
"z[47,7]",0.870888888888889,0.335360141694826,0,1,1,1,1,1.00137272555483,2597,1,1
"z[48,7]",0.788444444444444,0.408456701904577,0,1,1,1,1,0.999784543235172,4500,1,1
"z[49,7]",0.403777777777778,0.490708461211765,0,0,0,1,1,1.00031934546174,3185,1,1
"z[50,7]",0.00488888888888889,0.069757214702053,0,0,0,0,0,1.0068913899778,4500,1,1
"z[51,7]",1,0,1,1,1,1,1,NA,1,0,1
"z[52,7]",0.717333333333333,0.450345746508267,0,0,1,1,1,1.00100707072926,1848,1,1
"z[53,7]",0.165333333333333,0.371522402164484,0,0,0,0,1,1.0003785853105,4500,1,1
"z[54,7]",0.678444444444444,0.467125326314897,0,0,1,1,1,1.00024855300225,3935,1,1
"z[55,7]",0.223333333333333,0.416526241432852,0,0,0,0,1,1.00014270430635,4500,1,1
"z[56,7]",1,0,1,1,1,1,1,NA,1,0,1
"z[57,7]",1,0,1,1,1,1,1,NA,1,0,1
"z[58,7]",0.971777777777778,0.165625554658784,0,1,1,1,1,0.999896301540086,4500,1,1
"z[59,7]",1,0,1,1,1,1,1,NA,1,0,1
"z[60,7]",1,0,1,1,1,1,1,NA,1,0,1
"z[61,7]",0.00111111111111111,0.033318511930496,0,0,0,0,0,1.07137218653062,4500,1,1
"z[62,7]",0.00111111111111111,0.033318511930496,0,0,0,0,0,1.11603919183554,3212,1,1
"z[63,7]",0.00111111111111111,0.033318511930496,0,0,0,0,0,1.11603919183554,3212,1,1
"z[64,7]",0.000888888888888889,0.0298042977535084,0,0,0,0,0,1.10540023626025,4497,1,1
"z[65,7]",0.106444444444444,0.308439890155801,0,0,0,0,1,1.00045638652323,4500,1,1
"z[66,7]",0.0837777777777778,0.277085046671742,0,0,0,0,1,1.00019835055128,4500,1,1
"z[67,7]",0.0464444444444444,0.21046900448124,0,0,0,0,1,0.999716960398324,4500,1,1
"z[68,7]",0.110222222222222,0.313201345555729,0,0,0,0,1,1.00019960250761,4500,1,1
"z[69,7]",1,0,1,1,1,1,1,NA,1,0,1
"z[70,7]",1,0,1,1,1,1,1,NA,1,0,1
"z[71,7]",1,0,1,1,1,1,1,NA,1,0,1
"z[72,7]",1,0,1,1,1,1,1,NA,1,0,1
"z[73,7]",0.00777777777777778,0.0878578356425394,0,0,0,0,0,1.01108601973314,4500,1,1
"z[74,7]",1,0,1,1,1,1,1,NA,1,0,1
"z[75,7]",0.202444444444444,0.401866370186409,0,0,0,0,1,1.00012287047834,4500,1,1
"z[76,7]",0.314,0.46416794180033,0,0,0,1,1,1.00032543219856,3530,1,1
"z[77,7]",0.00977777777777778,0.0984089676386699,0,0,0,0,0,1.04020057767482,1204,1,1
"z[78,7]",0.0844444444444444,0.278084096742923,0,0,0,0,1,0.999819354936296,4500,1,1
"z[79,7]",1,0,1,1,1,1,1,NA,1,0,1
"z[80,7]",0.192888888888889,0.3946104019054,0,0,0,0,1,1.00031688119722,4500,1,1
"z[81,7]",0.0626666666666667,0.24238938031912,0,0,0,0,1,1.00140218597272,4500,1,1
"z[82,7]",0.0493333333333333,0.216587118720284,0,0,0,0,1,1.00431523339207,2278,1,1
"z[83,7]",0.922666666666667,0.267149300225178,0,1,1,1,1,0.999724786374001,4500,1,1
"z[84,7]",0.959111111111111,0.198054801702807,0,1,1,1,1,1.0004520016257,4500,1,1
"z[85,7]",1,0,1,1,1,1,1,NA,1,0,1
"z[86,7]",1,0,1,1,1,1,1,NA,1,0,1
"z[87,7]",1,0,1,1,1,1,1,NA,1,0,1
"z[88,7]",1,0,1,1,1,1,1,NA,1,0,1
"z[89,7]",1,0,1,1,1,1,1,NA,1,0,1
"z[90,7]",0.253555555555556,0.43509447717713,0,0,0,1,1,1.00008433989445,4500,1,1
"z[91,7]",0.000444444444444444,0.0210795079890303,0,0,0,0,0,1.10528646876281,4500,1,1
"z[92,7]",0.000222222222222222,0.0149071198499986,0,0,0,0,0,1.29093398298233,4500,1,1
"z[93,7]",0.0144444444444444,0.119327141438796,0,0,0,0,0,1.00124712892058,4500,1,1
"z[94,7]",0.000444444444444444,0.0210795079890303,0,0,0,0,0,1.2913045102833,2250,1,1
"z[95,7]",1,0,1,1,1,1,1,NA,1,0,1
"z[96,7]",1,0,1,1,1,1,1,NA,1,0,1
"z[97,7]",1,0,1,1,1,1,1,NA,1,0,1
"z[98,7]",1,0,1,1,1,1,1,NA,1,0,1
"z[99,7]",1,0,1,1,1,1,1,NA,1,0,1
"z[100,7]",1,0,1,1,1,1,1,NA,1,0,1
"z[101,7]",0.445555555555556,0.497082197947321,0,0,0,1,1,1.00412598442587,459,1,1
"z[102,7]",0.356,0.478868414994924,0,0,0,1,1,1.00022566028845,3899,1,1
"z[103,7]",0.718888888888889,0.44959156205435,0,0,1,1,1,1.00026314353938,4143,1,1
"z[104,7]",0.111555555555556,0.314853844066041,0,0,0,0,1,1.00022636598945,4500,1,1
"z[105,7]",0.211111111111111,0.408142411058839,0,0,0,0,1,1.00052000770449,3510,1,1
"z[106,7]",0.00555555555555556,0.0743365276300976,0,0,0,0,0,1.01001752520454,4500,1,1
"z[107,7]",0.00888888888888889,0.093871373318521,0,0,0,0,0,1.00188619250104,4500,1,1
"z[108,7]",0.00933333333333333,0.0961679644942985,0,0,0,0,0,1.01738772976051,2973,1,1
"z[109,7]",0.000888888888888889,0.0298042977535084,0,0,0,0,0,1.29204734004362,1125,1,1
"z[110,7]",0.934666666666667,0.247140571093493,0,1,1,1,1,1.00479942627674,1592,1,1
"z[111,7]",0.606888888888889,0.488495438904733,0,0,1,1,1,1.00041813052744,2795,1,1
"z[112,7]",0.968444444444444,0.174833049066281,0,1,1,1,1,1.0009591069782,4500,1,1
"z[113,7]",0.500444444444444,0.500055367263675,0,0,1,1,1,0.999671745249553,4500,1,1
"z[114,7]",1,0,1,1,1,1,1,NA,1,0,1
"z[115,7]",1,0,1,1,1,1,1,NA,1,0,1
"z[116,7]",1,0,1,1,1,1,1,NA,1,0,1
"z[117,7]",1,0,1,1,1,1,1,NA,1,0,1
"z[118,7]",1,0,1,1,1,1,1,NA,1,0,1
"z[119,7]",1,0,1,1,1,1,1,NA,1,0,1
"z[120,7]",0.897555555555556,0.303265589918635,0,1,1,1,1,1.0002998102237,4500,1,1
"z[121,7]",1,0,1,1,1,1,1,NA,1,0,1
"z[122,7]",0.0693333333333333,0.25404835085059,0,0,0,0,1,1.00187017363849,3514,1,1
"z[123,7]",0.754888888888889,0.430200861930551,0,1,1,1,1,0.999905274942847,4500,1,1
"z[124,7]",0.0515555555555556,0.221152546426871,0,0,0,0,1,1.0014681244515,4500,1,1
"z[125,7]",1,0,1,1,1,1,1,NA,1,0,1
"z[126,7]",1,0,1,1,1,1,1,NA,1,0,1
"z[127,7]",0.950444444444444,0.217049006950826,0,1,1,1,1,0.999878010459385,4500,1,1
"z[128,7]",0.622888888888889,0.484716960933941,0,0,1,1,1,1.00010229450982,4500,1,1
"z[129,7]",0.940444444444444,0.236687854568751,0,1,1,1,1,0.999768854973976,4500,1,1
"z[130,7]",0.503555555555556,0.500042921276482,0,0,1,1,1,0.999709667201315,4500,1,1
"z[131,7]",1,0,1,1,1,1,1,NA,1,0,1
"z[132,7]",1,0,1,1,1,1,1,NA,1,0,1
"z[133,7]",1,0,1,1,1,1,1,NA,1,0,1
"z[134,7]",0.944,0.22994727692822,0,1,1,1,1,1.00009038852319,4500,1,1
"z[135,7]",0.966444444444444,0.180102161070095,0,1,1,1,1,1.00945834997632,1561,1,1
"z[136,7]",0.183777777777778,0.387345901868794,0,0,0,0,1,0.999697334983653,4500,1,1
"z[137,7]",0.509333333333333,0.499968436434281,0,0,1,1,1,0.999712853986966,4500,1,1
"z[138,7]",1,0,1,1,1,1,1,NA,1,0,1
"z[139,7]",0.889777777777778,0.313201345555729,0,1,1,1,1,0.999792307951752,4500,1,1
"z[140,7]",1,0,1,1,1,1,1,NA,1,0,1
"z[141,7]",1,0,1,1,1,1,1,NA,1,0,1
"z[142,7]",0.764,0.424669373114469,0,1,1,1,1,1.00035793587277,4004,1,1
"z[143,7]",0.664222222222222,0.472314127676576,0,0,1,1,1,1.00092614860513,1788,1,1
"z[144,7]",0.165555555555556,0.371722503647495,0,0,0,0,1,1.0022486373414,1409,1,1
"z[145,7]",1,0,1,1,1,1,1,NA,1,0,1
"z[146,7]",1,0,1,1,1,1,1,NA,1,0,1
"z[147,7]",1,0,1,1,1,1,1,NA,1,0,1
"z[148,7]",0.725111111111111,0.446507885643041,0,0,1,1,1,1.00049359336594,3029,1,1
"z[149,7]",1,0,1,1,1,1,1,NA,1,0,1
"z[150,7]",0.0297777777777778,0.169992598048771,0,0,0,0,1,1.00234808245821,4500,1,1
"z[151,7]",0.884444444444444,0.319726736204165,0,1,1,1,1,1.00037746129923,4500,1,1
"z[152,7]",0.949555555555556,0.218884556868758,0,1,1,1,1,1.00321356204239,2931,1,1
"z[153,7]",1,0,1,1,1,1,1,NA,1,0,1
"z[154,7]",0.975111111111111,0.155803807734777,1,1,1,1,1,1.00083774969509,4500,0,1
"z[155,7]",0.982666666666667,0.130524613834426,1,1,1,1,1,1.0044893570422,4500,0,1
"z[156,7]",0.783111111111111,0.412172113536087,0,1,1,1,1,1.00278380875773,945,1,1
"z[157,7]",1,0,1,1,1,1,1,NA,1,0,1
"z[158,7]",1,0,1,1,1,1,1,NA,1,0,1
"z[159,7]",1,0,1,1,1,1,1,NA,1,0,1
"z[160,7]",1,0,1,1,1,1,1,NA,1,0,1
"z[161,7]",0.709777777777778,0.453915267875744,0,0,1,1,1,1.00006116699121,4500,1,1
"z[162,7]",1,0,1,1,1,1,1,NA,1,0,1
"z[163,7]",1,0,1,1,1,1,1,NA,1,0,1
"z[164,7]",1,0,1,1,1,1,1,NA,1,0,1
"z[165,7]",1,0,1,1,1,1,1,NA,1,0,1
"z[166,7]",1,0,1,1,1,1,1,NA,1,0,1
"z[167,7]",0.0173333333333333,0.130524613834426,0,0,0,0,0,1.00499123098143,4500,1,1
"z[168,7]",0.889333333333333,0.313753775163274,0,1,1,1,1,1.00013212770695,4500,1,1
"z[169,7]",0.85,0.357111102643182,0,1,1,1,1,1.0030225032767,1166,1,1
"z[170,7]",1,0,1,1,1,1,1,NA,1,0,1
"z[171,7]",1,0,1,1,1,1,1,NA,1,0,1
"z[172,7]",0.99,0.0995098009695405,1,1,1,1,1,1.00640152264117,4500,0,1
"z[173,7]",0.988,0.108897361089598,1,1,1,1,1,1.03335217053688,1195,0,1
"z[174,7]",1,0,1,1,1,1,1,NA,1,0,1
"z[175,7]",1,0,1,1,1,1,1,NA,1,0,1
"z[176,7]",1,0,1,1,1,1,1,NA,1,0,1
"z[177,7]",1,0,1,1,1,1,1,NA,1,0,1
"z[178,7]",0.353333333333333,0.478058234406061,0,0,0,1,1,1.00057091705995,2422,1,1
"z[179,7]",0.561555555555556,0.496251588690519,0,0,1,1,1,0.999926221893344,4500,1,1
"z[180,7]",0.0748888888888889,0.263241224560606,0,0,0,0,1,1.00019665468423,4500,1,1
"z[181,7]",0.13,0.336340807693268,0,0,0,0,1,1.00092066569653,3519,1,1
"z[182,7]",0.102222222222222,0.30297398898834,0,0,0,0,1,1.00028582938202,4500,1,1
"z[183,7]",0.496222222222222,0.500041291421886,0,0,0,1,1,1.00016524398454,4015,1,1
"z[184,7]",0.00533333333333333,0.0728427622699364,0,0,0,0,0,1.02988704906348,2985,1,1
"z[185,7]",0.0868888888888889,0.281703469504598,0,0,0,0,1,0.999811709278125,4500,1,1
"z[1,8]",1,0,1,1,1,1,1,NA,1,0,1
"z[2,8]",1,0,1,1,1,1,1,NA,1,0,1
"z[3,8]",1,0,1,1,1,1,1,NA,1,0,1
"z[4,8]",1,0,1,1,1,1,1,NA,1,0,1
"z[5,8]",0.985111111111111,0.121121715563244,1,1,1,1,1,1.0014988337112,4500,0,1
"z[6,8]",0.988888888888889,0.104833661410201,1,1,1,1,1,1.00953577060497,4500,0,1
"z[7,8]",1,0,1,1,1,1,1,NA,1,0,1
"z[8,8]",1,0,1,1,1,1,1,NA,1,0,1
"z[9,8]",1,0,1,1,1,1,1,NA,1,0,1
"z[10,8]",1,0,1,1,1,1,1,NA,1,0,1
"z[11,8]",0.948444444444444,0.221152546426871,0,1,1,1,1,1.00045024794864,4500,1,1
"z[12,8]",1,0,1,1,1,1,1,NA,1,0,1
"z[13,8]",1,0,1,1,1,1,1,NA,1,0,1
"z[14,8]",0.00711111111111111,0.0840363764582043,0,0,0,0,0,1.06227910461558,1030,1,1
"z[15,8]",0.215333333333333,0.411099069553526,0,0,0,0,1,1.00011320038055,4500,1,1
"z[16,8]",0.927777777777778,0.258884272233404,0,1,1,1,1,1.00138835555444,4336,1,1
"z[17,8]",0.879111111111111,0.326034334535402,0,1,1,1,1,1.00051563318789,4500,1,1
"z[18,8]",1,0,1,1,1,1,1,NA,1,0,1
"z[19,8]",0.014,0.11750348180963,0,0,0,0,0,1.00005500994023,4500,1,1
"z[20,8]",0.671555555555556,0.469699603488733,0,0,1,1,1,0.999779814143829,4500,1,1
"z[21,8]",0.976888888888889,0.150273104306291,1,1,1,1,1,1.00174500827406,4500,0,1
"z[22,8]",0.969333333333333,0.17243210118093,0,1,1,1,1,1.00200371403024,4500,1,1
"z[23,8]",0.977333333333333,0.148855006121055,1,1,1,1,1,1.00011920509057,4500,0,1
"z[24,8]",1,0,1,1,1,1,1,NA,1,0,1
"z[25,8]",0.853777777777778,0.353368126214765,0,1,1,1,1,0.999734668475056,4500,1,1
"z[26,8]",0.892888888888889,0.309288827266365,0,1,1,1,1,1.00096657035768,4027,1,1
"z[27,8]",0.884888888888889,0.319191453390303,0,1,1,1,1,0.999911374538462,4500,1,1
"z[28,8]",1,0,1,1,1,1,1,NA,1,0,1
"z[29,8]",0.581333333333333,0.493395365241133,0,0,1,1,1,1.00028773039839,3313,1,1
"z[30,8]",0.868444444444444,0.338044502394683,0,1,1,1,1,1.00007749652542,4500,1,1
"z[31,8]",0.910888888888889,0.284935717041694,0,1,1,1,1,1.00047897911722,4500,1,1
"z[32,8]",0.872888888888889,0.333134414974858,0,1,1,1,1,0.999849242925074,4500,1,1
"z[33,8]",1,0,1,1,1,1,1,NA,1,0,1
"z[34,8]",1,0,1,1,1,1,1,NA,1,0,1
"z[35,8]",1,0,1,1,1,1,1,NA,1,0,1
"z[36,8]",1,0,1,1,1,1,1,NA,1,0,1
"z[37,8]",1,0,1,1,1,1,1,NA,1,0,1
"z[38,8]",1,0,1,1,1,1,1,NA,1,0,1
"z[39,8]",0.974222222222222,0.158489324311835,0,1,1,1,1,1.00552733099212,3369,1,1
"z[40,8]",1,0,1,1,1,1,1,NA,1,0,1
"z[41,8]",1,0,1,1,1,1,1,NA,1,0,1
"z[42,8]",0.388444444444444,0.487450674261498,0,0,0,1,1,1.00015148214447,4343,1,1
"z[43,8]",0.646444444444444,0.478126370077776,0,0,1,1,1,0.999712435970191,4500,1,1
"z[44,8]",0.387111111111111,0.487143545643263,0,0,0,1,1,1.00046924383326,2634,1,1
"z[45,8]",0.958222222222222,0.200103206188376,0,1,1,1,1,1.00502170905571,2324,1,1
"z[46,8]",0.89,0.312924528267118,0,1,1,1,1,1.00359067847666,1294,1,1
"z[47,8]",0.870666666666667,0.335605797609632,0,1,1,1,1,1.00159206152108,2297,1,1
"z[48,8]",1,0,1,1,1,1,1,NA,1,0,1
"z[49,8]",0.441333333333333,0.496601475145506,0,0,0,1,1,0.999700715857171,4500,1,1
"z[50,8]",0.0171111111111111,0.129699881353212,0,0,0,0,0,1.00079973399872,4500,1,1
"z[51,8]",0.951777777777778,0.214259284678296,0,1,1,1,1,1.00038097303886,4500,1,1
"z[52,8]",1,0,1,1,1,1,1,NA,1,0,1
"z[53,8]",0.0213333333333333,0.14450904074975,0,0,0,0,0,1.00922181443272,2473,1,1
"z[54,8]",1,0,1,1,1,1,1,NA,1,0,1
"z[55,8]",0.385111111111111,0.486675638643712,0,0,0,1,1,0.999912608189828,4500,1,1
"z[56,8]",0.452,0.497745975162206,0,0,0,1,1,0.999928763940982,4500,1,1
"z[57,8]",1,0,1,1,1,1,1,NA,1,0,1
"z[58,8]",0.972,0.164991058376806,0,1,1,1,1,1.00036616586901,4500,1,1
"z[59,8]",1,0,1,1,1,1,1,NA,1,0,1
"z[60,8]",1,0,1,1,1,1,1,NA,1,0,1
"z[61,8]",0.0111111111111111,0.104833661410201,0,0,0,0,0,1.02183574870505,1988,1,1
"z[62,8]",0.0144444444444444,0.119327141438796,0,0,0,0,0,1.00051801240823,4500,1,1
"z[63,8]",0.00155555555555556,0.0394142235807543,0,0,0,0,0,1.03825136434619,4500,1,1
"z[64,8]",0.0115555555555556,0.106885749673393,0,0,0,0,0,1.00548798669251,4500,1,1
"z[65,8]",0.0251111111111111,0.15647998127484,0,0,0,0,0.524999999999636,0.999954753835436,4500,1,1
"z[66,8]",0.0137777777777778,0.116580319235386,0,0,0,0,0,1.00654686474932,4500,1,1
"z[67,8]",0.00622222222222222,0.0786440117920529,0,0,0,0,0,1.00795484428757,4500,1,1
"z[68,8]",0.139555555555556,0.346563836545115,0,0,0,0,1,1.0007560362541,3818,1,1
"z[69,8]",1,0,1,1,1,1,1,NA,1,0,1
"z[70,8]",1,0,1,1,1,1,1,NA,1,0,1
"z[71,8]",1,0,1,1,1,1,1,NA,1,0,1
"z[72,8]",1,0,1,1,1,1,1,NA,1,0,1
"z[73,8]",0.113111111111111,0.316763768877172,0,0,0,0,1,1.0015573750858,2632,1,1
"z[74,8]",0.513111111111111,0.499883614915158,0,0,1,1,1,1.00035737371965,2902,1,1
"z[75,8]",1,0,1,1,1,1,1,NA,1,0,1
"z[76,8]",0.160666666666667,0.367264023365226,0,0,0,0,1,1.00072350504028,3516,1,1
"z[77,8]",0.0237777777777778,0.152373076750087,0,0,0,0,0,1.00053583759787,4500,1,1
"z[78,8]",0.0515555555555556,0.221152546426871,0,0,0,0,1,0.999986743006608,4500,1,1
"z[79,8]",1,0,1,1,1,1,1,NA,1,0,1
"z[80,8]",0.018,0.132965893646013,0,0,0,0,0,1.00693723086861,3850,1,1
"z[81,8]",0.305111111111111,0.460505642356816,0,0,0,1,1,1.00075715291489,2168,1,1
"z[82,8]",0.246222222222222,0.430857392202569,0,0,0,0,1,1.00085305010101,2277,1,1
"z[83,8]",0.867555555555556,0.339010992795988,0,1,1,1,1,1.0000275257286,4500,1,1
"z[84,8]",1,0,1,1,1,1,1,NA,1,0,1
"z[85,8]",1,0,1,1,1,1,1,NA,1,0,1
"z[86,8]",0.141777777777778,0.348860838750797,0,0,0,0,1,0.999958581193116,4500,1,1
"z[87,8]",1,0,1,1,1,1,1,NA,1,0,1
"z[88,8]",1,0,1,1,1,1,1,NA,1,0,1
"z[89,8]",0.985555555555556,0.119327141438796,1,1,1,1,1,1.00051801240823,4500,0,1
"z[90,8]",0.0248888888888889,0.155803807734777,0,0,0,0,0,1.00345658701129,4500,1,1
"z[91,8]",0.00466666666666667,0.0681609955608629,0,0,0,0,0,1.04159769870214,2413,1,1
"z[92,8]",0.0655555555555556,0.247531090191705,0,0,0,0,1,0.999830923442133,4500,1,1
"z[93,8]",1,0,1,1,1,1,1,NA,1,0,1
"z[94,8]",0.00222222222222222,0.0470932775447189,0,0,0,0,0,1.00465090130556,4500,1,1
"z[95,8]",0.923111111111111,0.266444673101302,0,1,1,1,1,1.00005383667673,4500,1,1
"z[96,8]",1,0,1,1,1,1,1,NA,1,0,1
"z[97,8]",1,0,1,1,1,1,1,NA,1,0,1
"z[98,8]",1,0,1,1,1,1,1,NA,1,0,1
"z[99,8]",1,0,1,1,1,1,1,NA,1,0,1
"z[100,8]",1,0,1,1,1,1,1,NA,1,0,1
"z[101,8]",1,0,1,1,1,1,1,NA,1,0,1
"z[102,8]",0.422222222222222,0.493968461120604,0,0,0,1,1,0.999746668006075,4500,1,1
"z[103,8]",0.730222222222222,0.443893585669453,0,0,1,1,1,1.00028468055342,4101,1,1
"z[104,8]",1,0,1,1,1,1,1,NA,1,0,1
"z[105,8]",0.0202222222222222,0.140775309913555,0,0,0,0,0,1.00441309271091,4500,1,1
"z[106,8]",0.000222222222222222,0.0149071198499986,0,0,0,0,0,1.29093398298233,4500,1,1
"z[107,8]",1,0,1,1,1,1,1,NA,1,0,1
"z[108,8]",1,0,1,1,1,1,1,NA,1,0,1
"z[109,8]",0.00777777777777778,0.0878578356425394,0,0,0,0,0,1.0122733361313,4500,1,1
"z[110,8]",1,0,1,1,1,1,1,NA,1,0,1
"z[111,8]",1,0,1,1,1,1,1,NA,1,0,1
"z[112,8]",1,0,1,1,1,1,1,NA,1,0,1
"z[113,8]",1,0,1,1,1,1,1,NA,1,0,1
"z[114,8]",1,0,1,1,1,1,1,NA,1,0,1
"z[115,8]",1,0,1,1,1,1,1,NA,1,0,1
"z[116,8]",1,0,1,1,1,1,1,NA,1,0,1
"z[117,8]",0.793111111111111,0.405120165106772,0,1,1,1,1,1.00003591142489,4500,1,1
"z[118,8]",0.920666666666667,0.270288346355507,0,1,1,1,1,1.00005477662167,4500,1,1
"z[119,8]",1,0,1,1,1,1,1,NA,1,0,1
"z[120,8]",0.853111111111111,0.354034456841916,0,1,1,1,1,1.0002351604255,4500,1,1
"z[121,8]",1,0,1,1,1,1,1,NA,1,0,1
"z[122,8]",0.0277777777777778,0.164353812079863,0,0,0,0,1,1.0003089816212,4500,1,1
"z[123,8]",1,0,1,1,1,1,1,NA,1,0,1
"z[124,8]",0.0262222222222222,0.159813306406557,0,0,0,0,1,0.99993157063817,4500,1,1
"z[125,8]",1,0,1,1,1,1,1,NA,1,0,1
"z[126,8]",1,0,1,1,1,1,1,NA,1,0,1
"z[127,8]",1,0,1,1,1,1,1,NA,1,0,1
"z[128,8]",1,0,1,1,1,1,1,NA,1,0,1
"z[129,8]",1,0,1,1,1,1,1,NA,1,0,1
"z[130,8]",1,0,1,1,1,1,1,NA,1,0,1
"z[131,8]",0.541333333333333,0.498344001389429,0,0,1,1,1,1.00046233744453,2537,1,1
"z[132,8]",0.683555555555556,0.465140233704518,0,0,1,1,1,1.00066683212957,2310,1,1
"z[133,8]",0.965555555555556,0.182388094475073,0,1,1,1,1,1.00049129814005,4500,1,1
"z[134,8]",1,0,1,1,1,1,1,NA,1,0,1
"z[135,8]",1,0,1,1,1,1,1,NA,1,0,1
"z[136,8]",0.296888888888889,0.456937933232189,0,0,0,1,1,1.00070430772348,2310,1,1
"z[137,8]",0.0335555555555556,0.180102161070095,0,0,0,0,1,1.00151803669915,4500,1,1
"z[138,8]",0.888222222222222,0.315127869408896,0,1,1,1,1,1.00023926101466,4500,1,1
"z[139,8]",0.874888888888889,0.330881626062155,0,1,1,1,1,0.999928189726219,4500,1,1
"z[140,8]",0.951111111111111,0.215659687442576,0,1,1,1,1,1.00602399648889,1685,1,1
"z[141,8]",0.936666666666667,0.243588603732636,0,1,1,1,1,1.00031888629758,4500,1,1
"z[142,8]",1,0,1,1,1,1,1,NA,1,0,1
"z[143,8]",1,0,1,1,1,1,1,NA,1,0,1
"z[144,8]",0.0606666666666667,0.238744400231546,0,0,0,0,1,1.00048685943231,4500,1,1
"z[145,8]",1,0,1,1,1,1,1,NA,1,0,1
"z[146,8]",1,0,1,1,1,1,1,NA,1,0,1
"z[147,8]",1,0,1,1,1,1,1,NA,1,0,1
"z[148,8]",1,0,1,1,1,1,1,NA,1,0,1
"z[149,8]",1,0,1,1,1,1,1,NA,1,0,1
"z[150,8]",0.397555555555556,0.489447005298862,0,0,0,1,1,0.999839981509788,4500,1,1
"z[151,8]",0.852222222222222,0.354919003366098,0,1,1,1,1,1.00037676242129,4500,1,1
"z[152,8]",1,0,1,1,1,1,1,NA,1,0,1
"z[153,8]",1,0,1,1,1,1,1,NA,1,0,1
"z[154,8]",0.975333333333333,0.155124368434336,1,1,1,1,1,1.00587571486383,3315,0,1
"z[155,8]",1,0,1,1,1,1,1,NA,1,0,1
"z[156,8]",1,0,1,1,1,1,1,NA,1,0,1
"z[157,8]",1,0,1,1,1,1,1,NA,1,0,1
"z[158,8]",1,0,1,1,1,1,1,NA,1,0,1
"z[159,8]",1,0,1,1,1,1,1,NA,1,0,1
"z[160,8]",0.912888888888889,0.28202914935459,0,1,1,1,1,0.99986941406131,4500,1,1
"z[161,8]",0.827111111111111,0.378193211805201,0,1,1,1,1,1.00072841142329,3303,1,1
"z[162,8]",0.99,0.0995098009695405,1,1,1,1,1,1.00192495709917,4500,0,1
"z[163,8]",1,0,1,1,1,1,1,NA,1,0,1
"z[164,8]",1,0,1,1,1,1,1,NA,1,0,1
"z[165,8]",1,0,1,1,1,1,1,NA,1,0,1
"z[166,8]",1,0,1,1,1,1,1,NA,1,0,1
"z[167,8]",0.0137777777777778,0.116580319235386,0,0,0,0,0,1.01006773485684,3484,1,1
"z[168,8]",0.858,0.349088929478717,0,1,1,1,1,0.999701544771205,4500,1,1
"z[169,8]",0.829555555555556,0.376064573555185,0,1,1,1,1,1.00001570435754,4500,1,1
"z[170,8]",1,0,1,1,1,1,1,NA,1,0,1
"z[171,8]",0.988888888888889,0.104833661410201,1,1,1,1,1,1.0125300099724,3478,0,1
"z[172,8]",1,0,1,1,1,1,1,NA,1,0,1
"z[173,8]",1,0,1,1,1,1,1,NA,1,0,1
"z[174,8]",0.975333333333333,0.155124368434336,1,1,1,1,1,1.00234560688113,4500,0,1
"z[175,8]",1,0,1,1,1,1,1,NA,1,0,1
"z[176,8]",1,0,1,1,1,1,1,NA,1,0,1
"z[177,8]",1,0,1,1,1,1,1,NA,1,0,1
"z[178,8]",0.407555555555556,0.49143432223197,0,0,0,1,1,1.00015262593862,4264,1,1
"z[179,8]",0.636222222222222,0.481139220491273,0,0,1,1,1,0.999910711376907,4500,1,1
"z[180,8]",0.0268888888888889,0.161776674693452,0,0,0,0,1,1.0070837330111,2548,1,1
"z[181,8]",0.0706666666666667,0.256295700525826,0,0,0,0,1,1.00102346964065,4500,1,1
"z[182,8]",0.109555555555556,0.312369683381089,0,0,0,0,1,1.00077165899703,4500,1,1
"z[183,8]",1,0,1,1,1,1,1,NA,1,0,1
"z[184,8]",0.0364444444444444,0.187414119688263,0,0,0,0,1,1.00148646544564,4500,1,1
"z[185,8]",0.0931111111111111,0.290620372706953,0,0,0,0,1,1.00081141338702,4500,1,1
"z[1,9]",1,0,1,1,1,1,1,NA,1,0,1
"z[2,9]",1,0,1,1,1,1,1,NA,1,0,1
"z[3,9]",1,0,1,1,1,1,1,NA,1,0,1
"z[4,9]",1,0,1,1,1,1,1,NA,1,0,1
"z[5,9]",1,0,1,1,1,1,1,NA,1,0,1
"z[6,9]",1,0,1,1,1,1,1,NA,1,0,1
"z[7,9]",1,0,1,1,1,1,1,NA,1,0,1
"z[8,9]",1,0,1,1,1,1,1,NA,1,0,1
"z[9,9]",1,0,1,1,1,1,1,NA,1,0,1
"z[10,9]",1,0,1,1,1,1,1,NA,1,0,1
"z[11,9]",1,0,1,1,1,1,1,NA,1,0,1
"z[12,9]",1,0,1,1,1,1,1,NA,1,0,1
"z[13,9]",1,0,1,1,1,1,1,NA,1,0,1
"z[14,9]",0.0148888888888889,0.121121715563244,0,0,0,0,0,1.00320866860171,4500,1,1
"z[15,9]",1,0,1,1,1,1,1,NA,1,0,1
"z[16,9]",0.930444444444444,0.254424773023488,0,1,1,1,1,0.999955201555391,4500,1,1
"z[17,9]",0.862444444444444,0.344471179734573,0,1,1,1,1,1.00070139817529,4080,1,1
"z[18,9]",0.883333333333333,0.321058346535981,0,1,1,1,1,1.00159090579271,2512,1,1
"z[19,9]",0.507333333333333,0.500001778169765,0,0,1,1,1,1.00026839119348,3329,1,1
"z[20,9]",0.768222222222222,0.422014711221794,0,1,1,1,1,0.999980629185834,4500,1,1
"z[21,9]",0.978222222222222,0.145973426820025,1,1,1,1,1,1.00812524052856,2749,0,1
"z[22,9]",0.967111111111111,0.17836557884435,0,1,1,1,1,1.00071350004136,4500,1,1
"z[23,9]",0.964444444444444,0.185199838067563,0,1,1,1,1,1.00201286298827,4500,1,1
"z[24,9]",0.971333333333333,0.166886422507456,0,1,1,1,1,1.00309006961208,4500,1,1
"z[25,9]",0.820222222222222,0.384044924537002,0,1,1,1,1,1.00005670108248,4500,1,1
"z[26,9]",0.881555555555556,0.323169563225013,0,1,1,1,1,1.00000175223019,4500,1,1
"z[27,9]",0.867111111111111,0.339492333243092,0,1,1,1,1,1.00086297700688,3630,1,1
"z[28,9]",1,0,1,1,1,1,1,NA,1,0,1
"z[29,9]",1,0,1,1,1,1,1,NA,1,0,1
"z[30,9]",0.803333333333333,0.39752233312673,0,1,1,1,1,1.00065180582139,3223,1,1
"z[31,9]",0.865777777777778,0.340928800069097,0,1,1,1,1,1.00246674167716,1538,1,1
"z[32,9]",0.812222222222222,0.390578012967673,0,1,1,1,1,0.999890229600295,4500,1,1
"z[33,9]",1,0,1,1,1,1,1,NA,1,0,1
"z[34,9]",1,0,1,1,1,1,1,NA,1,0,1
"z[35,9]",1,0,1,1,1,1,1,NA,1,0,1
"z[36,9]",1,0,1,1,1,1,1,NA,1,0,1
"z[37,9]",1,0,1,1,1,1,1,NA,1,0,1
"z[38,9]",1,0,1,1,1,1,1,NA,1,0,1
"z[39,9]",1,0,1,1,1,1,1,NA,1,0,1
"z[40,9]",1,0,1,1,1,1,1,NA,1,0,1
"z[41,9]",0.880222222222222,0.324737580302701,0,1,1,1,1,1.00137874863106,2767,1,1
"z[42,9]",0.531555555555556,0.499058707458262,0,0,1,1,1,1.0000603231712,4500,1,1
"z[43,9]",0.806666666666667,0.394955972291722,0,1,1,1,1,0.999815802780227,4500,1,1
"z[44,9]",0.644666666666667,0.478667391473839,0,0,1,1,1,1.00040780303942,2946,1,1
"z[45,9]",0.929555555555556,0.255922995228642,0,1,1,1,1,1.0011354274272,4500,1,1
"z[46,9]",0.841111111111111,0.365613067283923,0,1,1,1,1,1.00097454978785,2853,1,1
"z[47,9]",0.880666666666667,0.32421635994367,0,1,1,1,1,1.0031080717003,1376,1,1
"z[48,9]",1,0,1,1,1,1,1,NA,1,0,1
"z[49,9]",0.492222222222222,0.49999506060636,0,0,0,1,1,0.999669376967724,4500,1,1
"z[50,9]",0.0148888888888889,0.121121715563244,0,0,0,0,0,1.00115456719699,4500,1,1
"z[51,9]",1,0,1,1,1,1,1,NA,1,0,1
"z[52,9]",0.0548888888888889,0.227788562815897,0,0,0,0,1,1.00312555319136,2773,1,1
"z[53,9]",0.01,0.0995098009695405,0,0,0,0,0,1.02660034902237,1807,1,1
"z[54,9]",1,0,1,1,1,1,1,NA,1,0,1
"z[55,9]",0.550888888888889,0.497458855865984,0,0,1,1,1,1.00013421824561,4324,1,1
"z[56,9]",1,0,1,1,1,1,1,NA,1,0,1
"z[57,9]",0.971555555555556,0.166257332410862,0,1,1,1,1,1.00279232410399,4500,1,1
"z[58,9]",1,0,1,1,1,1,1,NA,1,0,1
"z[59,9]",1,0,1,1,1,1,1,NA,1,0,1
"z[60,9]",1,0,1,1,1,1,1,NA,1,0,1
"z[61,9]",0.00666666666666667,0.0813860808385347,0,0,0,0,0,1.0394720121467,1789,1,1
"z[62,9]",1,0,1,1,1,1,1,NA,1,0,1
"z[63,9]",0.00777777777777778,0.0878578356425394,0,0,0,0,0,1.02055775828599,3006,1,1
"z[64,9]",1,0,1,1,1,1,1,NA,1,0,1
"z[65,9]",1,0,1,1,1,1,1,NA,1,0,1
"z[66,9]",1,0,1,1,1,1,1,NA,1,0,1
"z[67,9]",0.00711111111111111,0.0840363764582043,0,0,0,0,0,1.0060467218903,4500,1,1
"z[68,9]",0.0186666666666667,0.1353598679191,0,0,0,0,0,1.00230308698369,4500,1,1
"z[69,9]",1,0,1,1,1,1,1,NA,1,0,1
"z[70,9]",1,0,1,1,1,1,1,NA,1,0,1
"z[71,9]",1,0,1,1,1,1,1,NA,1,0,1
"z[72,9]",1,0,1,1,1,1,1,NA,1,0,1
"z[73,9]",1,0,1,1,1,1,1,NA,1,0,1
"z[74,9]",1,0,1,1,1,1,1,NA,1,0,1
"z[75,9]",1,0,1,1,1,1,1,NA,1,0,1
"z[76,9]",0.09,0.286213563699108,0,0,0,0,1,1.00183309345776,2822,1,1
"z[77,9]",0.0364444444444444,0.187414119688263,0,0,0,0,1,1.00280278615982,4500,1,1
"z[78,9]",1,0,1,1,1,1,1,NA,1,0,1
"z[79,9]",1,0,1,1,1,1,1,NA,1,0,1
"z[80,9]",0.0184444444444444,0.13456697579197,0,0,0,0,0,1.00333998931448,4500,1,1
"z[81,9]",0.393555555555556,0.488592498632741,0,0,0,1,1,1.0004179274152,2796,1,1
"z[82,9]",0.109777777777778,0.31264730789996,0,0,0,0,1,1.00444113201797,1075,1,1
"z[83,9]",0.689555555555556,0.462726995918727,0,0,1,1,1,1.00037776264046,3283,1,1
"z[84,9]",0.938444444444444,0.240373270107645,0,1,1,1,1,1.0045238792363,1771,1,1
"z[85,9]",0.933111111111111,0.24985723616271,0,1,1,1,1,1.00442612026178,1671,1,1
"z[86,9]",0.149777777777778,0.356893121404989,0,0,0,0,1,0.999777629544453,4500,1,1
"z[87,9]",1,0,1,1,1,1,1,NA,1,0,1
"z[88,9]",1,0,1,1,1,1,1,NA,1,0,1
"z[89,9]",1,0,1,1,1,1,1,NA,1,0,1
"z[90,9]",0.0177777777777778,0.132157518294075,0,0,0,0,0,1.00095883673513,4500,1,1
"z[91,9]",0.00511111111111111,0.071317023933587,0,0,0,0,0,1.01186096147377,4500,1,1
"z[92,9]",0.00711111111111111,0.0840363764582043,0,0,0,0,0,1.00311461330671,4500,1,1
"z[93,9]",0.101111111111111,0.3015092968165,0,0,0,0,1,1.00015413865399,4500,1,1
"z[94,9]",0.00911111111111111,0.0950268670194558,0,0,0,0,0,1.00892419825012,4500,1,1
"z[95,9]",0.874,0.331886241714584,0,1,1,1,1,1.00133787284094,2724,1,1
"z[96,9]",1,0,1,1,1,1,1,NA,1,0,1
"z[97,9]",1,0,1,1,1,1,1,NA,1,0,1
"z[98,9]",1,0,1,1,1,1,1,NA,1,0,1
"z[99,9]",1,0,1,1,1,1,1,NA,1,0,1
"z[100,9]",1,0,1,1,1,1,1,NA,1,0,1
"z[101,9]",1,0,1,1,1,1,1,NA,1,0,1
"z[102,9]",0.521777777777778,0.499581015333774,0,0,1,1,1,1.00019803685649,3775,1,1
"z[103,9]",0.742444444444444,0.437336477200438,0,0,1,1,1,1.00019570197681,4500,1,1
"z[104,9]",1,0,1,1,1,1,1,NA,1,0,1
"z[105,9]",0.0282222222222222,0.165625554658784,0,0,0,0,1,1.00517525499171,3287,1,1
"z[106,9]",0.00222222222222222,0.0470932775447189,0,0,0,0,0,1.03308734033364,4500,1,1
"z[107,9]",1,0,1,1,1,1,1,NA,1,0,1
"z[108,9]",1,0,1,1,1,1,1,NA,1,0,1
"z[109,9]",1,0,1,1,1,1,1,NA,1,0,1
"z[110,9]",1,0,1,1,1,1,1,NA,1,0,1
"z[111,9]",0.0826666666666667,0.275408323018099,0,0,0,0,1,1.00315953841552,1890,1,1
"z[112,9]",0.860444444444444,0.346563836545115,0,1,1,1,1,0.999755676352623,4500,1,1
"z[113,9]",1,0,1,1,1,1,1,NA,1,0,1
"z[114,9]",1,0,1,1,1,1,1,NA,1,0,1
"z[115,9]",1,0,1,1,1,1,1,NA,1,0,1
"z[116,9]",0.828888888888889,0.37664787801767,0,1,1,1,1,1.00096015837177,2734,1,1
"z[117,9]",0.741555555555556,0.437828176501353,0,0,1,1,1,1.00114908193014,1767,1,1
"z[118,9]",0.874888888888889,0.330881626062155,0,1,1,1,1,1.00065926977725,4500,1,1
"z[119,9]",1,0,1,1,1,1,1,NA,1,0,1
"z[120,9]",0.825777777777778,0.379342612245988,0,1,1,1,1,0.999914413135056,4500,1,1
"z[121,9]",1,0,1,1,1,1,1,NA,1,0,1
"z[122,9]",0.279111111111111,0.448612105960907,0,0,0,1,1,0.999769652139563,4500,1,1
"z[123,9]",0.897111111111111,0.303847464555696,0,1,1,1,1,1.00100370059546,4038,1,1
"z[124,9]",0.300666666666667,0.458598908017897,0,0,0,1,1,1.00002997281245,4500,1,1
"z[125,9]",1,0,1,1,1,1,1,NA,1,0,1
"z[126,9]",0.965333333333333,0.182954440186126,0,1,1,1,1,1.00151195112852,4500,1,1
"z[127,9]",0.223555555555556,0.416673794115523,0,0,0,0,1,0.999915825378064,4500,1,1
"z[128,9]",0.366444444444444,0.481886414838812,0,0,0,1,1,0.999779721881008,4500,1,1
"z[129,9]",1,0,1,1,1,1,1,NA,1,0,1
"z[130,9]",0.182,0.38588740703616,0,0,0,0,1,1.00041341485359,4500,1,1
"z[131,9]",1,0,1,1,1,1,1,NA,1,0,1
"z[132,9]",1,0,1,1,1,1,1,NA,1,0,1
"z[133,9]",1,0,1,1,1,1,1,NA,1,0,1
"z[134,9]",1,0,1,1,1,1,1,NA,1,0,1
"z[135,9]",0.864666666666667,0.342117278212555,0,1,1,1,1,0.999834324540483,4500,1,1
"z[136,9]",0.433111111111111,0.495560742973591,0,0,0,1,1,1.00027013396995,3381,1,1
"z[137,9]",0.0291111111111111,0.168136660277006,0,0,0,0,1,1.00043887648291,4500,1,1
"z[138,9]",0.828,0.377422382794731,0,1,1,1,1,1.0008618098766,2941,1,1
"z[139,9]",1,0,1,1,1,1,1,NA,1,0,1
"z[140,9]",1,0,1,1,1,1,1,NA,1,0,1
"z[141,9]",1,0,1,1,1,1,1,NA,1,0,1
"z[142,9]",1,0,1,1,1,1,1,NA,1,0,1
"z[143,9]",1,0,1,1,1,1,1,NA,1,0,1
"z[144,9]",1,0,1,1,1,1,1,NA,1,0,1
"z[145,9]",0.946888888888889,0.224279956970223,0,1,1,1,1,1.00160827898681,4500,1,1
"z[146,9]",0.955555555555556,0.206103312651472,0,1,1,1,1,1.00213369589028,4500,1,1
"z[147,9]",1,0,1,1,1,1,1,NA,1,0,1
"z[148,9]",1,0,1,1,1,1,1,NA,1,0,1
"z[149,9]",0.862444444444444,0.344471179734573,0,1,1,1,1,1.00281565091863,1342,1,1
"z[150,9]",0.607777777777778,0.488300047719838,0,0,1,1,1,0.999917239807961,4500,1,1
"z[151,9]",0.843333333333333,0.363526600460068,0,1,1,1,1,1.00019216821944,4500,1,1
"z[152,9]",0.104888888888889,0.306444249967912,0,0,0,0,1,0.999980393085559,4500,1,1
"z[153,9]",1,0,1,1,1,1,1,NA,1,0,1
"z[154,9]",1,0,1,1,1,1,1,NA,1,0,1
"z[155,9]",1,0,1,1,1,1,1,NA,1,0,1
"z[156,9]",1,0,1,1,1,1,1,NA,1,0,1
"z[157,9]",1,0,1,1,1,1,1,NA,1,0,1
"z[158,9]",0.193333333333333,0.394955972291722,0,0,0,0,1,0.999858634215549,4500,1,1
"z[159,9]",1,0,1,1,1,1,1,NA,1,0,1
"z[160,9]",1,0,1,1,1,1,1,NA,1,0,1
"z[161,9]",0.914666666666667,0.279408131952049,0,1,1,1,1,1.00062762601789,4500,1,1
"z[162,9]",1,0,1,1,1,1,1,NA,1,0,1
"z[163,9]",1,0,1,1,1,1,1,NA,1,0,1
"z[164,9]",1,0,1,1,1,1,1,NA,1,0,1
"z[165,9]",1,0,1,1,1,1,1,NA,1,0,1
"z[166,9]",0.962444444444444,0.190139869149559,0,1,1,1,1,1.00109948569366,4500,1,1
"z[167,9]",0.542666666666667,0.498231591557988,0,0,1,1,1,0.999978128289028,4500,1,1
"z[168,9]",0.828,0.377422382794731,0,1,1,1,1,1.00002120051842,4500,1,1
"z[169,9]",0.817555555555556,0.386253314328518,0,1,1,1,1,0.999707655237783,4500,1,1
"z[170,9]",0.924222222222222,0.264671632552429,0,1,1,1,1,1.00057569790437,4500,1,1
"z[171,9]",1,0,1,1,1,1,1,NA,1,0,1
"z[172,9]",1,0,1,1,1,1,1,NA,1,0,1
"z[173,9]",1,0,1,1,1,1,1,NA,1,0,1
"z[174,9]",1,0,1,1,1,1,1,NA,1,0,1
"z[175,9]",1,0,1,1,1,1,1,NA,1,0,1
"z[176,9]",1,0,1,1,1,1,1,NA,1,0,1
"z[177,9]",1,0,1,1,1,1,1,NA,1,0,1
"z[178,9]",0.490888888888889,0.49997253635276,0,0,0,1,1,0.999681233760627,4500,1,1
"z[179,9]",0.713777777777778,0.452044767264234,0,0,1,1,1,1.00011377704794,4500,1,1
"z[180,9]",0.311111111111111,0.462999595168907,0,0,0,1,1,0.99970582332607,4500,1,1
"z[181,9]",1,0,1,1,1,1,1,NA,1,0,1
"z[182,9]",1,0,1,1,1,1,1,NA,1,0,1
"z[183,9]",1,0,1,1,1,1,1,NA,1,0,1
"z[184,9]",1,0,1,1,1,1,1,NA,1,0,1
"z[185,9]",1,0,1,1,1,1,1,NA,1,0,1
"deviance",3678.89927005214,45.3235592618654,3594.64050949879,3647.42512582071,3677.70164425974,3708.69335357253,3769.82289981468,1.00107690978039,1675,0,1
