"species","site","GRTS_Cell_ID","Quadrant","region","lat","long","year","surveyed","n_visits","detected","p_occupied","psi_expected","psi_expected_lo95","psi_expected_hi95"
"MYYU","110378_NE",110378,"NE","Okanagan Region",49.04717,-119.5574,2017,FALSE,0,NA,NA,0.4959,0.2112,0.8042
"MYYU","110378_NE",110378,"NE","Okanagan Region",49.04717,-119.5574,2018,TRUE,2,0,0.1147,0.3626,0.2425,0.5015
"MYYU","110378_NE",110378,"NE","Okanagan Region",49.04717,-119.5574,2019,TRUE,4,1,1,0.321,0.2147,0.4323
"MYYU","110378_NE",110378,"NE","Okanagan Region",49.04717,-119.5574,2020,TRUE,4,0,0.0191,0.2823,0.1762,0.3917
"MYYU","110378_NE",110378,"NE","Okanagan Region",49.04717,-119.5574,2021,TRUE,4,1,1,0.3357,0.229,0.4457
"MYYU","110378_NE",110378,"NE","Okanagan Region",49.04717,-119.5574,2022,TRUE,4,1,1,0.3634,0.2545,0.4862
"MYYU","110378_NE",110378,"NE","Okanagan Region",49.04717,-119.5574,2023,TRUE,4,1,1,0.3795,0.2628,0.5177
"MYYU","110378_NE",110378,"NE","Okanagan Region",49.04717,-119.5574,2024,TRUE,4,1,1,0.3698,0.2603,0.4936
"MYYU","110378_NE",110378,"NE","Okanagan Region",49.04717,-119.5574,2025,TRUE,4,1,1,0.3753,0.2668,0.5049
"MYYU","110378_NW",110378,"NW","Okanagan Region",49.03536,-119.57546,2017,TRUE,4,0,0.0589,0.5784,0.2447,0.8886
"MYYU","110378_NW",110378,"NW","Okanagan Region",49.03536,-119.57546,2018,TRUE,4,1,1,0.4536,0.3053,0.6255
"MYYU","110378_NW",110378,"NW","Okanagan Region",49.03536,-119.57546,2019,TRUE,4,1,1,0.4014,0.2714,0.5443
"MYYU","110378_NW",110378,"NW","Okanagan Region",49.03536,-119.57546,2020,TRUE,4,1,1,0.3477,0.2183,0.4907
"MYYU","110378_NW",110378,"NW","Okanagan Region",49.03536,-119.57546,2021,TRUE,4,1,1,0.4067,0.2747,0.5407
"MYYU","110378_NW",110378,"NW","Okanagan Region",49.03536,-119.57546,2022,TRUE,4,1,1,0.4404,0.3045,0.5859
"MYYU","110378_NW",110378,"NW","Okanagan Region",49.03536,-119.57546,2023,TRUE,4,1,1,0.4618,0.3198,0.6211
"MYYU","110378_NW",110378,"NW","Okanagan Region",49.03536,-119.57546,2024,TRUE,4,0,0.0391,0.4531,0.3158,0.6083
"MYYU","110378_NW",110378,"NW","Okanagan Region",49.03536,-119.57546,2025,TRUE,4,1,1,0.4584,0.3242,0.6188
"MYYU","110378_SE",110378,"SE","Okanagan Region",49.01485,-119.53228,2017,FALSE,0,NA,NA,0.4767,0.1737,0.8213
"MYYU","110378_SE",110378,"SE","Okanagan Region",49.01485,-119.53228,2018,TRUE,2,0,0.1547,0.3517,0.2332,0.5015
"MYYU","110378_SE",110378,"SE","Okanagan Region",49.01485,-119.53228,2019,TRUE,4,1,1,0.3087,0.2011,0.4258
"MYYU","110378_SE",110378,"SE","Okanagan Region",49.01485,-119.53228,2020,TRUE,4,0,0.014,0.2702,0.1652,0.3846
"MYYU","110378_SE",110378,"SE","Okanagan Region",49.01485,-119.53228,2021,TRUE,4,0,0.0073,0.3204,0.21,0.4356
"MYYU","110378_SE",110378,"SE","Okanagan Region",49.01485,-119.53228,2022,TRUE,4,0,0.0076,0.348,0.2339,0.4752
"MYYU","110378_SE",110378,"SE","Okanagan Region",49.01485,-119.53228,2023,TRUE,4,0,0.008,0.3644,0.2433,0.5057
"MYYU","110378_SE",110378,"SE","Okanagan Region",49.01485,-119.53228,2024,TRUE,4,0,0.01,0.3557,0.2415,0.4888
"MYYU","110378_SE",110378,"SE","Okanagan Region",49.01485,-119.53228,2025,TRUE,4,0,0.0107,0.361,0.2497,0.4989
"MYYU","110378_SW",110378,"SW","Okanagan Region",49.00412,-119.59552,2017,TRUE,4,0,0.1504,0.6292,0.3427,0.8874
"MYYU","110378_SW",110378,"SW","Okanagan Region",49.00412,-119.59552,2018,TRUE,4,1,1,0.5571,0.4072,0.713
"MYYU","110378_SW",110378,"SW","Okanagan Region",49.00412,-119.59552,2019,TRUE,4,0,0.074,0.5076,0.3712,0.6483
"MYYU","110378_SW",110378,"SW","Okanagan Region",49.00412,-119.59552,2020,TRUE,4,0,0.0384,0.4415,0.2953,0.5928
"MYYU","110378_SW",110378,"SW","Okanagan Region",49.00412,-119.59552,2021,TRUE,4,1,1,0.4989,0.3658,0.627
"MYYU","110378_SW",110378,"SW","Okanagan Region",49.00412,-119.59552,2022,TRUE,4,0,0.0267,0.537,0.4021,0.67
"MYYU","110378_SW",110378,"SW","Okanagan Region",49.00412,-119.59552,2023,TRUE,4,0,0.024,0.5631,0.4203,0.7096
"MYYU","110378_SW",110378,"SW","Okanagan Region",49.00412,-119.59552,2024,TRUE,4,1,1,0.5587,0.4209,0.7013
"MYYU","110378_SW",110378,"SW","Okanagan Region",49.00412,-119.59552,2025,TRUE,4,0,0.0547,0.5638,0.4272,0.7104
"MYYU","111466_NE",111466,"NE","Kootenay Region",49.00129,-115.06184,2017,FALSE,0,NA,NA,0.5461,0.2751,0.8134
"MYYU","111466_NE",111466,"NE","Kootenay Region",49.00129,-115.06184,2018,FALSE,0,NA,NA,0.5128,0.3548,0.6785
"MYYU","111466_NE",111466,"NE","Kootenay Region",49.00129,-115.06184,2019,FALSE,0,NA,NA,0.4748,0.3299,0.6198
"MYYU","111466_NE",111466,"NE","Kootenay Region",49.00129,-115.06184,2020,FALSE,0,NA,NA,0.4164,0.2613,0.5705
"MYYU","111466_NE",111466,"NE","Kootenay Region",49.00129,-115.06184,2021,FALSE,0,NA,NA,0.4609,0.3308,0.5939
"MYYU","111466_NE",111466,"NE","Kootenay Region",49.00129,-115.06184,2022,FALSE,0,NA,NA,0.4965,0.3699,0.6279
"MYYU","111466_NE",111466,"NE","Kootenay Region",49.00129,-115.06184,2023,TRUE,4,1,1,0.524,0.3877,0.6556
"MYYU","111466_NE",111466,"NE","Kootenay Region",49.00129,-115.06184,2024,FALSE,0,NA,NA,0.5249,0.3863,0.6679
"MYYU","111466_NE",111466,"NE","Kootenay Region",49.00129,-115.06184,2025,TRUE,4,1,1,0.5316,0.3928,0.6755
"MYYU","111466_NW",111466,"NW","Kootenay Region",49.01861,-115.09568,2017,FALSE,0,NA,NA,0.4305,0.1903,0.6909
"MYYU","111466_NW",111466,"NW","Kootenay Region",49.01861,-115.09568,2018,FALSE,0,NA,NA,0.4203,0.2677,0.5969
"MYYU","111466_NW",111466,"NW","Kootenay Region",49.01861,-115.09568,2019,FALSE,0,NA,NA,0.3932,0.2523,0.5494
"MYYU","111466_NW",111466,"NW","Kootenay Region",49.01861,-115.09568,2020,FALSE,0,NA,NA,0.3449,0.2042,0.5052
"MYYU","111466_NW",111466,"NW","Kootenay Region",49.01861,-115.09568,2021,FALSE,0,NA,NA,0.3845,0.2497,0.5377
"MYYU","111466_NW",111466,"NW","Kootenay Region",49.01861,-115.09568,2022,FALSE,0,NA,NA,0.4173,0.2736,0.5707
"MYYU","111466_NW",111466,"NW","Kootenay Region",49.01861,-115.09568,2023,TRUE,4,1,1,0.443,0.2856,0.6061
"MYYU","111466_NW",111466,"NW","Kootenay Region",49.01861,-115.09568,2024,FALSE,0,NA,NA,0.4453,0.2889,0.6152
"MYYU","111466_NW",111466,"NW","Kootenay Region",49.01861,-115.09568,2025,TRUE,4,0,0.0067,0.4522,0.2905,0.6207
"MYYU","114602_NE",114602,"NE","South Coastal Region",49.70588,-125.06708,2017,FALSE,0,NA,NA,0.5857,0.3666,0.7959
"MYYU","114602_NE",114602,"NE","South Coastal Region",49.70588,-125.06708,2018,TRUE,3,0,0.0164,0.7148,0.5877,0.8293
"MYYU","114602_NE",114602,"NE","South Coastal Region",49.70588,-125.06708,2019,TRUE,4,0,0.012,0.7631,0.651,0.8552
"MYYU","114602_NE",114602,"NE","South Coastal Region",49.70588,-125.06708,2020,FALSE,0,NA,NA,0.7577,0.6078,0.8683
"MYYU","114602_NE",114602,"NE","South Coastal Region",49.70588,-125.06708,2021,FALSE,0,NA,NA,0.8045,0.6872,0.8961
"MYYU","114602_NE",114602,"NE","South Coastal Region",49.70588,-125.06708,2022,TRUE,4,1,1,0.8365,0.7301,0.9167
"MYYU","114602_NE",114602,"NE","South Coastal Region",49.70588,-125.06708,2023,FALSE,0,NA,NA,0.8577,0.7543,0.9343
"MYYU","114602_NE",114602,"NE","South Coastal Region",49.70588,-125.06708,2024,TRUE,4,1,1,0.8623,0.7605,0.9383
"MYYU","114602_NE",114602,"NE","South Coastal Region",49.70588,-125.06708,2025,TRUE,4,1,1,0.8673,0.7617,0.9433
"MYYU","114602_NW",114602,"NW","South Coastal Region",49.67623,-125.13792,2017,FALSE,0,NA,NA,0.3639,0.1534,0.641
"MYYU","114602_NW",114602,"NW","South Coastal Region",49.67623,-125.13792,2018,TRUE,3,0,0.0151,0.4909,0.3467,0.6437
"MYYU","114602_NW",114602,"NW","South Coastal Region",49.67623,-125.13792,2019,TRUE,4,0,0.006,0.5309,0.3859,0.6687
"MYYU","114602_NW",114602,"NW","South Coastal Region",49.67623,-125.13792,2020,TRUE,4,0,0.0182,0.5116,0.341,0.6777
"MYYU","114602_NW",114602,"NW","South Coastal Region",49.67623,-125.13792,2021,TRUE,4,1,1,0.5703,0.4143,0.7241
"MYYU","114602_NW",114602,"NW","South Coastal Region",49.67623,-125.13792,2022,TRUE,4,0,0.0229,0.6142,0.4536,0.7656
"MYYU","114602_NW",114602,"NW","South Coastal Region",49.67623,-125.13792,2023,FALSE,0,NA,NA,0.6453,0.4727,0.8035
"MYYU","114602_NW",114602,"NW","South Coastal Region",49.67623,-125.13792,2024,TRUE,4,0,0.0018,0.6512,0.4764,0.8117
"MYYU","114602_NW",114602,"NW","South Coastal Region",49.67623,-125.13792,2025,TRUE,4,0,0.004,0.6594,0.4763,0.8226
"MYYU","114602_SE",114602,"SE","South Coastal Region",49.65756,-125.0438,2017,FALSE,0,NA,NA,0.6752,0.4064,0.8867
"MYYU","114602_SE",114602,"SE","South Coastal Region",49.65756,-125.0438,2018,TRUE,3,0,0.3791,0.7967,0.6426,0.9134
"MYYU","114602_SE",114602,"SE","South Coastal Region",49.65756,-125.0438,2019,TRUE,4,1,1,0.8528,0.7419,0.9307
"MYYU","114602_SE",114602,"SE","South Coastal Region",49.65756,-125.0438,2020,TRUE,4,1,1,0.8723,0.7758,0.9399
"MYYU","114602_SE",114602,"SE","South Coastal Region",49.65756,-125.0438,2021,TRUE,4,1,1,0.9041,0.8243,0.9595
"MYYU","114602_SE",114602,"SE","South Coastal Region",49.65756,-125.0438,2022,TRUE,4,0,0.4516,0.9259,0.8571,0.971
"MYYU","114602_SE",114602,"SE","South Coastal Region",49.65756,-125.0438,2023,FALSE,0,NA,NA,0.9399,0.8779,0.9789
"MYYU","114602_SE",114602,"SE","South Coastal Region",49.65756,-125.0438,2024,TRUE,4,1,1,0.9455,0.886,0.9825
"MYYU","114602_SE",114602,"SE","South Coastal Region",49.65756,-125.0438,2025,TRUE,4,1,1,0.9499,0.8915,0.9847
"MYYU","114602_SW",114602,"SW","South Coastal Region",49.64146,-125.08654,2017,FALSE,0,NA,NA,0.6083,0.378,0.8187
"MYYU","114602_SW",114602,"SW","South Coastal Region",49.64146,-125.08654,2018,TRUE,4,1,1,0.7394,0.6049,0.8546
"MYYU","114602_SW",114602,"SW","South Coastal Region",49.64146,-125.08654,2019,TRUE,4,1,1,0.7972,0.6926,0.8811
"MYYU","114602_SW",114602,"SW","South Coastal Region",49.64146,-125.08654,2020,TRUE,4,1,1,0.809,0.702,0.8933
"MYYU","114602_SW",114602,"SW","South Coastal Region",49.64146,-125.08654,2021,TRUE,4,1,1,0.8492,0.7581,0.9208
"MYYU","114602_SW",114602,"SW","South Coastal Region",49.64146,-125.08654,2022,TRUE,2,1,1,0.8776,0.7966,0.94
"MYYU","114602_SW",114602,"SW","South Coastal Region",49.64146,-125.08654,2023,FALSE,0,NA,NA,0.8964,0.8196,0.9544
"MYYU","114602_SW",114602,"SW","South Coastal Region",49.64146,-125.08654,2024,TRUE,4,1,1,0.903,0.8274,0.9588
"MYYU","114602_SW",114602,"SW","South Coastal Region",49.64146,-125.08654,2025,TRUE,4,1,1,0.9085,0.8325,0.9633
"MYYU","115322_NE",115322,"NE","Northern Region",52.37764,-125.98565,2017,FALSE,0,NA,NA,0.1554,0.0339,0.352
"MYYU","115322_NE",115322,"NE","Northern Region",52.37764,-125.98565,2018,TRUE,3,1,1,0.1771,0.07,0.3509
"MYYU","115322_NE",115322,"NE","Northern Region",52.37764,-125.98565,2019,FALSE,0,NA,NA,0.1917,0.09,0.3486
"MYYU","115322_NE",115322,"NE","Northern Region",52.37764,-125.98565,2020,TRUE,3,1,1,0.1989,0.1007,0.3469
"MYYU","115322_NE",115322,"NE","Northern Region",52.37764,-125.98565,2021,TRUE,4,1,1,0.2159,0.112,0.3589
"MYYU","115322_NE",115322,"NE","Northern Region",52.37764,-125.98565,2022,TRUE,3,1,1,0.2346,0.126,0.3765
"MYYU","115322_NE",115322,"NE","Northern Region",52.37764,-125.98565,2023,TRUE,4,0,0.8473,0.2529,0.1378,0.3986
"MYYU","115322_NE",115322,"NE","Northern Region",52.37764,-125.98565,2024,FALSE,0,NA,NA,0.2687,0.1448,0.4188
"MYYU","115322_NE",115322,"NE","Northern Region",52.37764,-125.98565,2025,TRUE,4,1,1,0.2844,0.153,0.4401
"MYYU","115322_NW",115322,"NW","Northern Region",52.37481,-126.08159,2017,FALSE,0,NA,NA,0.4758,0.1142,0.8377
"MYYU","115322_NW",115322,"NW","Northern Region",52.37481,-126.08159,2018,TRUE,2,1,1,0.5126,0.1986,0.8311
"MYYU","115322_NW",115322,"NW","Northern Region",52.37481,-126.08159,2019,TRUE,3,1,1,0.5388,0.2491,0.8271
"MYYU","115322_NW",115322,"NW","Northern Region",52.37481,-126.08159,2020,TRUE,3,1,1,0.5563,0.282,0.8213
"MYYU","115322_NW",115322,"NW","Northern Region",52.37481,-126.08159,2021,TRUE,4,1,1,0.5816,0.3187,0.8265
"MYYU","115322_NW",115322,"NW","Northern Region",52.37481,-126.08159,2022,TRUE,3,1,1,0.6076,0.3505,0.8368
"MYYU","115322_NW",115322,"NW","Northern Region",52.37481,-126.08159,2023,TRUE,4,1,1,0.6319,0.3807,0.8495
"MYYU","115322_NW",115322,"NW","Northern Region",52.37481,-126.08159,2024,TRUE,4,1,1,0.653,0.4042,0.8592
"MYYU","115322_NW",115322,"NW","Northern Region",52.37481,-126.08159,2025,TRUE,4,1,1,0.6729,0.4317,0.8699
"MYYU","115322_SE",115322,"SE","Northern Region",52.35752,-126.01253,2017,FALSE,0,NA,NA,0.3075,0.0931,0.558
"MYYU","115322_SE",115322,"SE","Northern Region",52.35752,-126.01253,2018,TRUE,2,1,1,0.3398,0.1505,0.5687
"MYYU","115322_SE",115322,"SE","Northern Region",52.35752,-126.01253,2019,TRUE,3,1,1,0.3637,0.1859,0.572
"MYYU","115322_SE",115322,"SE","Northern Region",52.35752,-126.01253,2020,FALSE,0,NA,NA,0.3803,0.2105,0.573
"MYYU","115322_SE",115322,"SE","Northern Region",52.35752,-126.01253,2021,TRUE,2,0,0.9633,0.4045,0.2358,0.5866
"MYYU","115322_SE",115322,"SE","Northern Region",52.35752,-126.01253,2022,TRUE,4,1,1,0.4303,0.2623,0.6079
"MYYU","115322_SE",115322,"SE","Northern Region",52.35752,-126.01253,2023,TRUE,4,1,1,0.455,0.2863,0.627
"MYYU","115322_SE",115322,"SE","Northern Region",52.35752,-126.01253,2024,TRUE,3,1,1,0.4773,0.3072,0.6486
"MYYU","115322_SE",115322,"SE","Northern Region",52.35752,-126.01253,2025,TRUE,4,1,1,0.4989,0.3253,0.6694
"MYYU","115322_SW",115322,"SW","Northern Region",52.34498,-126.07967,2017,FALSE,0,NA,NA,0.2558,0.0756,0.4806
"MYYU","115322_SW",115322,"SW","Northern Region",52.34498,-126.07967,2018,TRUE,3,1,1,0.2622,0.132,0.4263
"MYYU","115322_SW",115322,"SW","Northern Region",52.34498,-126.07967,2019,TRUE,3,1,1,0.257,0.1365,0.4032
"MYYU","115322_SW",115322,"SW","Northern Region",52.34498,-126.07967,2020,TRUE,3,1,1,0.236,0.1118,0.3867
"MYYU","115322_SW",115322,"SW","Northern Region",52.34498,-126.07967,2021,TRUE,2,1,1,0.2513,0.1202,0.4182
"MYYU","115322_SW",115322,"SW","Northern Region",52.34498,-126.07967,2022,TRUE,2,0,0.3273,0.2695,0.1274,0.4573
"MYYU","115322_SW",115322,"SW","Northern Region",52.34498,-126.07967,2023,TRUE,4,0,0.2684,0.2869,0.1299,0.4909
"MYYU","115322_SW",115322,"SW","Northern Region",52.34498,-126.07967,2024,TRUE,3,1,1,0.2964,0.1311,0.5118
"MYYU","115322_SW",115322,"SW","Northern Region",52.34498,-126.07967,2025,TRUE,4,0,0.1638,0.3066,0.1342,0.5286
"MYYU","1194_NW",1194,"NW","Kootenay Region",50.11749,-117.523,2017,TRUE,4,0,0.182,0.6189,0.3613,0.8423
"MYYU","1194_NW",1194,"NW","Kootenay Region",50.11749,-117.523,2018,TRUE,2,1,1,0.5908,0.4281,0.746
"MYYU","1194_NW",1194,"NW","Kootenay Region",50.11749,-117.523,2019,TRUE,4,0,0.3076,0.5548,0.4023,0.6937
"MYYU","1194_NW",1194,"NW","Kootenay Region",50.11749,-117.523,2020,TRUE,4,1,1,0.4932,0.3208,0.6488
"MYYU","1194_NW",1194,"NW","Kootenay Region",50.11749,-117.523,2021,TRUE,4,1,1,0.5404,0.4016,0.6711
"MYYU","1194_NW",1194,"NW","Kootenay Region",50.11749,-117.523,2022,TRUE,4,1,1,0.5766,0.441,0.7038
"MYYU","1194_NW",1194,"NW","Kootenay Region",50.11749,-117.523,2023,TRUE,4,1,1,0.6041,0.4656,0.7371
"MYYU","1194_NW",1194,"NW","Kootenay Region",50.11749,-117.523,2024,TRUE,4,1,1,0.6049,0.4622,0.7447
"MYYU","1194_NW",1194,"NW","Kootenay Region",50.11749,-117.523,2025,TRUE,3,0,0.2036,0.6112,0.4678,0.7508
"MYYU","1194_SW",1194,"SW","Kootenay Region",50.0903,-117.4679,2017,TRUE,4,1,1,0.7646,0.4523,0.953
"MYYU","1194_SW",1194,"SW","Kootenay Region",50.0903,-117.4679,2018,FALSE,0,NA,NA,0.7911,0.6127,0.9162
"MYYU","1194_SW",1194,"SW","Kootenay Region",50.0903,-117.4679,2019,TRUE,4,0,0.0522,0.7927,0.6472,0.9034
"MYYU","1194_SW",1194,"SW","Kootenay Region",50.0903,-117.4679,2020,TRUE,4,0,0.036,0.763,0.5755,0.8931
"MYYU","1194_SW",1194,"SW","Kootenay Region",50.0903,-117.4679,2021,TRUE,4,1,1,0.7961,0.6444,0.9061
"MYYU","1194_SW",1194,"SW","Kootenay Region",50.0903,-117.4679,2022,FALSE,0,NA,NA,0.8213,0.6802,0.9197
"MYYU","1194_SW",1194,"SW","Kootenay Region",50.0903,-117.4679,2023,FALSE,0,NA,NA,0.8406,0.7028,0.9325
"MYYU","1194_SW",1194,"SW","Kootenay Region",50.0903,-117.4679,2024,FALSE,0,NA,NA,0.8445,0.7041,0.9394
"MYYU","1194_SW",1194,"SW","Kootenay Region",50.0903,-117.4679,2025,FALSE,0,NA,NA,0.8499,0.713,0.943
"MYYU","12522_NE",12522,"NE","South Coastal Region",49.72155,-124.51563,2017,FALSE,0,NA,NA,0.6008,0.3845,0.8047
"MYYU","12522_NE",12522,"NE","South Coastal Region",49.72155,-124.51563,2018,FALSE,0,NA,NA,0.7269,0.5988,0.8344
"MYYU","12522_NE",12522,"NE","South Coastal Region",49.72155,-124.51563,2019,TRUE,3,1,1,0.7731,0.6618,0.8628
"MYYU","12522_NE",12522,"NE","South Coastal Region",49.72155,-124.51563,2020,TRUE,3,0,0.5287,0.7669,0.6312,0.8726
"MYYU","12522_NE",12522,"NE","South Coastal Region",49.72155,-124.51563,2021,TRUE,4,1,1,0.8113,0.6982,0.9003
"MYYU","12522_NE",12522,"NE","South Coastal Region",49.72155,-124.51563,2022,TRUE,3,1,1,0.8418,0.7416,0.9201
"MYYU","12522_NE",12522,"NE","South Coastal Region",49.72155,-124.51563,2023,FALSE,0,NA,NA,0.8618,0.7597,0.938
"MYYU","12522_NE",12522,"NE","South Coastal Region",49.72155,-124.51563,2024,FALSE,0,NA,NA,0.866,0.769,0.9406
"MYYU","12522_NE",12522,"NE","South Coastal Region",49.72155,-124.51563,2025,FALSE,0,NA,NA,0.8708,0.7688,0.9457
"MYYU","12522_NW",12522,"NW","South Coastal Region",49.75757,-124.56308,2017,TRUE,4,1,1,0.5714,0.3013,0.8289
"MYYU","12522_NW",12522,"NW","South Coastal Region",49.75757,-124.56308,2018,TRUE,3,0,0.1242,0.689,0.538,0.8224
"MYYU","12522_NW",12522,"NW","South Coastal Region",49.75757,-124.56308,2019,TRUE,2,0,0.0902,0.7199,0.5628,0.8419
"MYYU","12522_NW",12522,"NW","South Coastal Region",49.75757,-124.56308,2020,TRUE,3,0,0.0573,0.6941,0.4838,0.8513
"MYYU","12522_NW",12522,"NW","South Coastal Region",49.75757,-124.56308,2021,FALSE,0,NA,NA,0.7498,0.5826,0.8787
"MYYU","12522_NW",12522,"NW","South Coastal Region",49.75757,-124.56308,2022,FALSE,0,NA,NA,0.7843,0.6301,0.901
"MYYU","12522_NW",12522,"NW","South Coastal Region",49.75757,-124.56308,2023,FALSE,0,NA,NA,0.8065,0.6552,0.9196
"MYYU","12522_NW",12522,"NW","South Coastal Region",49.75757,-124.56308,2024,TRUE,4,1,1,0.8073,0.6501,0.9211
"MYYU","12522_NW",12522,"NW","South Coastal Region",49.75757,-124.56308,2025,FALSE,0,NA,NA,0.8113,0.651,0.926
"MYYU","12522_SE",12522,"SE","South Coastal Region",49.70213,-124.47636,2017,TRUE,3,0,0.0118,0.5669,0.3265,0.7923
"MYYU","12522_SE",12522,"SE","South Coastal Region",49.70213,-124.47636,2018,TRUE,3,0,0.0089,0.7013,0.5507,0.8347
"MYYU","12522_SE",12522,"SE","South Coastal Region",49.70213,-124.47636,2019,FALSE,0,NA,NA,0.7632,0.6366,0.8679
"MYYU","12522_SE",12522,"SE","South Coastal Region",49.70213,-124.47636,2020,TRUE,3,0,0.0051,0.7774,0.6419,0.8828
"MYYU","12522_SE",12522,"SE","South Coastal Region",49.70213,-124.47636,2021,TRUE,2,0,0.0129,0.8225,0.7043,0.911
"MYYU","12522_SE",12522,"SE","South Coastal Region",49.70213,-124.47636,2022,FALSE,0,NA,NA,0.8552,0.7451,0.934
"MYYU","12522_SE",12522,"SE","South Coastal Region",49.70213,-124.47636,2023,TRUE,4,0,0.0033,0.8776,0.7735,0.9491
"MYYU","12522_SE",12522,"SE","South Coastal Region",49.70213,-124.47636,2024,TRUE,4,0,0.0069,0.8863,0.7847,0.9561
"MYYU","12522_SE",12522,"SE","South Coastal Region",49.70213,-124.47636,2025,FALSE,0,NA,NA,0.8934,0.7895,0.9611
"MYYU","12522_SW",12522,"SW","South Coastal Region",49.7022,-124.52268,2017,TRUE,3,0,0.2087,0.5529,0.3232,0.7803
"MYYU","12522_SW",12522,"SW","South Coastal Region",49.7022,-124.52268,2018,TRUE,3,1,1,0.692,0.5503,0.8185
"MYYU","12522_SW",12522,"SW","South Coastal Region",49.7022,-124.52268,2019,TRUE,3,1,1,0.7524,0.6348,0.8492
"MYYU","12522_SW",12522,"SW","South Coastal Region",49.7022,-124.52268,2020,TRUE,3,0,0.5482,0.7613,0.6302,0.8648
"MYYU","12522_SW",12522,"SW","South Coastal Region",49.7022,-124.52268,2021,TRUE,4,1,1,0.8079,0.6984,0.8961
"MYYU","12522_SW",12522,"SW","South Coastal Region",49.7022,-124.52268,2022,TRUE,3,1,1,0.8413,0.7417,0.9179
"MYYU","12522_SW",12522,"SW","South Coastal Region",49.7022,-124.52268,2023,FALSE,0,NA,NA,0.8638,0.7657,0.9361
"MYYU","12522_SW",12522,"SW","South Coastal Region",49.7022,-124.52268,2024,FALSE,0,NA,NA,0.8715,0.7759,0.9425
"MYYU","12522_SW",12522,"SW","South Coastal Region",49.7022,-124.52268,2025,FALSE,0,NA,NA,0.878,0.7802,0.9491
"MYYU","127850_NE",127850,"NE","Kootenay Region",49.31307,-115.01912,2017,TRUE,4,0,0.0098,0.2346,0.0625,0.497
"MYYU","127850_NE",127850,"NE","Kootenay Region",49.31307,-115.01912,2018,FALSE,0,NA,NA,0.1808,0.091,0.3047
"MYYU","127850_NE",127850,"NE","Kootenay Region",49.31307,-115.01912,2019,TRUE,4,1,1,0.1614,0.0744,0.2669
"MYYU","127850_NE",127850,"NE","Kootenay Region",49.31307,-115.01912,2020,TRUE,4,0,0.0069,0.1481,0.0651,0.2516
"MYYU","127850_NE",127850,"NE","Kootenay Region",49.31307,-115.01912,2021,TRUE,4,1,1,0.1719,0.0828,0.2841
"MYYU","127850_NE",127850,"NE","Kootenay Region",49.31307,-115.01912,2022,FALSE,0,NA,NA,0.1866,0.0928,0.3112
"MYYU","127850_NE",127850,"NE","Kootenay Region",49.31307,-115.01912,2023,FALSE,0,NA,NA,0.1927,0.0943,0.3236
"MYYU","127850_NE",127850,"NE","Kootenay Region",49.31307,-115.01912,2024,FALSE,0,NA,NA,0.1897,0.0953,0.3177
"MYYU","127850_NE",127850,"NE","Kootenay Region",49.31307,-115.01912,2025,FALSE,0,NA,NA,0.1936,0.0971,0.3215
"MYYU","127850_NW",127850,"NW","Kootenay Region",49.3096,-115.05201,2017,TRUE,4,1,1,0.3989,0.1742,0.6552
"MYYU","127850_NW",127850,"NW","Kootenay Region",49.3096,-115.05201,2018,FALSE,0,NA,NA,0.3172,0.2006,0.4556
"MYYU","127850_NW",127850,"NW","Kootenay Region",49.3096,-115.05201,2019,TRUE,4,0,0.0122,0.2771,0.1752,0.3915
"MYYU","127850_NW",127850,"NW","Kootenay Region",49.3096,-115.05201,2020,TRUE,4,1,1,0.2405,0.146,0.3479
"MYYU","127850_NW",127850,"NW","Kootenay Region",49.3096,-115.05201,2021,TRUE,4,0,0.0069,0.2819,0.1838,0.3913
"MYYU","127850_NW",127850,"NW","Kootenay Region",49.3096,-115.05201,2022,TRUE,4,1,1,0.3087,0.2045,0.4249
"MYYU","127850_NW",127850,"NW","Kootenay Region",49.3096,-115.05201,2023,FALSE,0,NA,NA,0.3256,0.2133,0.4588
"MYYU","127850_NW",127850,"NW","Kootenay Region",49.3096,-115.05201,2024,FALSE,0,NA,NA,0.3198,0.2132,0.4507
"MYYU","127850_NW",127850,"NW","Kootenay Region",49.3096,-115.05201,2025,FALSE,0,NA,NA,0.3247,0.2145,0.455
"MYYU","127850_SE",127850,"SE","Kootenay Region",49.28498,-114.95395,2017,FALSE,0,NA,NA,0.4386,0.1708,0.7485
"MYYU","127850_SE",127850,"SE","Kootenay Region",49.28498,-114.95395,2018,FALSE,0,NA,NA,0.3599,0.2289,0.5174
"MYYU","127850_SE",127850,"SE","Kootenay Region",49.28498,-114.95395,2019,TRUE,4,1,1,0.3143,0.2024,0.4418
"MYYU","127850_SE",127850,"SE","Kootenay Region",49.28498,-114.95395,2020,TRUE,4,1,1,0.2695,0.1657,0.3909
"MYYU","127850_SE",127850,"SE","Kootenay Region",49.28498,-114.95395,2021,TRUE,4,1,1,0.3121,0.2068,0.4309
"MYYU","127850_SE",127850,"SE","Kootenay Region",49.28498,-114.95395,2022,TRUE,4,1,1,0.3423,0.2323,0.4681
"MYYU","127850_SE",127850,"SE","Kootenay Region",49.28498,-114.95395,2023,TRUE,4,1,1,0.3628,0.2426,0.5022
"MYYU","127850_SE",127850,"SE","Kootenay Region",49.28498,-114.95395,2024,FALSE,0,NA,NA,0.3586,0.2378,0.5057
"MYYU","127850_SE",127850,"SE","Kootenay Region",49.28498,-114.95395,2025,FALSE,0,NA,NA,0.3636,0.2465,0.5104
"MYYU","127850_SW",127850,"SW","Kootenay Region",49.2671,-115.02532,2017,TRUE,4,1,1,0.3328,0.1253,0.5876
"MYYU","127850_SW",127850,"SW","Kootenay Region",49.2671,-115.02532,2018,FALSE,0,NA,NA,0.2804,0.1725,0.4154
"MYYU","127850_SW",127850,"SW","Kootenay Region",49.2671,-115.02532,2019,TRUE,3,0,0.0449,0.2464,0.1502,0.3571
"MYYU","127850_SW",127850,"SW","Kootenay Region",49.2671,-115.02532,2020,TRUE,4,1,1,0.2135,0.124,0.3168
"MYYU","127850_SW",127850,"SW","Kootenay Region",49.2671,-115.02532,2021,TRUE,4,1,1,0.2493,0.1534,0.362
"MYYU","127850_SW",127850,"SW","Kootenay Region",49.2671,-115.02532,2022,TRUE,4,0,0.0162,0.2741,0.1683,0.395
"MYYU","127850_SW",127850,"SW","Kootenay Region",49.2671,-115.02532,2023,TRUE,4,1,1,0.2901,0.1762,0.4223
"MYYU","127850_SW",127850,"SW","Kootenay Region",49.2671,-115.02532,2024,TRUE,4,1,1,0.2859,0.1768,0.416
"MYYU","127850_SW",127850,"SW","Kootenay Region",49.2671,-115.02532,2025,FALSE,0,NA,NA,0.2905,0.1801,0.4254
"MYYU","128058_NE",128058,"NE","South Coastal Region",48.84117,-123.42727,2017,FALSE,0,NA,NA,0.5209,0.2024,0.8325
"MYYU","128058_NE",128058,"NE","South Coastal Region",48.84117,-123.42727,2018,TRUE,4,1,1,0.667,0.429,0.8702
"MYYU","128058_NE",128058,"NE","South Coastal Region",48.84117,-123.42727,2019,TRUE,4,1,1,0.7462,0.5361,0.898
"MYYU","128058_NE",128058,"NE","South Coastal Region",48.84117,-123.42727,2020,TRUE,4,1,1,0.7766,0.5988,0.9021
"MYYU","128058_NE",128058,"NE","South Coastal Region",48.84117,-123.42727,2021,TRUE,4,1,1,0.8239,0.6657,0.9283
"MYYU","128058_NE",128058,"NE","South Coastal Region",48.84117,-123.42727,2022,TRUE,2,1,1,0.8593,0.7209,0.9484
"MYYU","128058_NE",128058,"NE","South Coastal Region",48.84117,-123.42727,2023,FALSE,0,NA,NA,0.8835,0.7569,0.9609
"MYYU","128058_NE",128058,"NE","South Coastal Region",48.84117,-123.42727,2024,FALSE,0,NA,NA,0.8962,0.7778,0.9676
"MYYU","128058_NE",128058,"NE","South Coastal Region",48.84117,-123.42727,2025,FALSE,0,NA,NA,0.9056,0.7911,0.9732
"MYYU","128058_NW",128058,"NW","South Coastal Region",48.82144,-123.48643,2017,FALSE,0,NA,NA,0.6345,0.3994,0.8378
"MYYU","128058_NW",128058,"NW","South Coastal Region",48.82144,-123.48643,2018,TRUE,4,1,1,0.7637,0.6196,0.8777
"MYYU","128058_NW",128058,"NW","South Coastal Region",48.82144,-123.48643,2019,TRUE,4,1,1,0.8241,0.7102,0.9092
"MYYU","128058_NW",128058,"NW","South Coastal Region",48.82144,-123.48643,2020,TRUE,4,1,1,0.8337,0.7273,0.9141
"MYYU","128058_NW",128058,"NW","South Coastal Region",48.82144,-123.48643,2021,TRUE,4,1,1,0.8665,0.7736,0.9356
"MYYU","128058_NW",128058,"NW","South Coastal Region",48.82144,-123.48643,2022,TRUE,4,1,1,0.8891,0.8064,0.9505
"MYYU","128058_NW",128058,"NW","South Coastal Region",48.82144,-123.48643,2023,FALSE,0,NA,NA,0.904,0.8227,0.962
"MYYU","128058_NW",128058,"NW","South Coastal Region",48.82144,-123.48643,2024,FALSE,0,NA,NA,0.908,0.825,0.9647
"MYYU","128058_NW",128058,"NW","South Coastal Region",48.82144,-123.48643,2025,FALSE,0,NA,NA,0.9122,0.8299,0.9675
"MYYU","128058_SW",128058,"SW","South Coastal Region",48.79828,-123.47632,2017,FALSE,0,NA,NA,0.5874,0.3678,0.7978
"MYYU","128058_SW",128058,"SW","South Coastal Region",48.79828,-123.47632,2018,TRUE,4,1,1,0.7242,0.5831,0.8488
"MYYU","128058_SW",128058,"SW","South Coastal Region",48.79828,-123.47632,2019,TRUE,4,1,1,0.7934,0.6749,0.8861
"MYYU","128058_SW",128058,"SW","South Coastal Region",48.79828,-123.47632,2020,TRUE,4,1,1,0.8127,0.7037,0.8975
"MYYU","128058_SW",128058,"SW","South Coastal Region",48.79828,-123.47632,2021,TRUE,4,1,1,0.8528,0.7586,0.9238
"MYYU","128058_SW",128058,"SW","South Coastal Region",48.79828,-123.47632,2022,TRUE,4,1,1,0.8814,0.7989,0.9418
"MYYU","128058_SW",128058,"SW","South Coastal Region",48.79828,-123.47632,2023,FALSE,0,NA,NA,0.9004,0.8192,0.9571
"MYYU","128058_SW",128058,"SW","South Coastal Region",48.79828,-123.47632,2024,FALSE,0,NA,NA,0.9082,0.8302,0.9622
"MYYU","128058_SW",128058,"SW","South Coastal Region",48.79828,-123.47632,2025,FALSE,0,NA,NA,0.9143,0.8377,0.9669
"MYYU","132650_SE",132650,"SE","Okanagan Region",51.81828,-122.42144,2017,FALSE,0,NA,NA,0.6382,0.3622,0.8816
"MYYU","132650_SE",132650,"SE","Okanagan Region",51.81828,-122.42144,2018,FALSE,0,NA,NA,0.5234,0.3483,0.7026
"MYYU","132650_SE",132650,"SE","Okanagan Region",51.81828,-122.42144,2019,FALSE,0,NA,NA,0.4744,0.3077,0.6497
"MYYU","132650_SE",132650,"SE","Okanagan Region",51.81828,-122.42144,2020,TRUE,4,0,0.0111,0.414,0.2548,0.5933
"MYYU","132650_SE",132650,"SE","Okanagan Region",51.81828,-122.42144,2021,TRUE,4,0,0.0082,0.4767,0.3163,0.646
"MYYU","132650_SE",132650,"SE","Okanagan Region",51.81828,-122.42144,2022,TRUE,2,0,0.0502,0.5122,0.3489,0.6894
"MYYU","132650_SE",132650,"SE","Okanagan Region",51.81828,-122.42144,2023,TRUE,3,0,0.026,0.5286,0.3562,0.7212
"MYYU","132650_SE",132650,"SE","Okanagan Region",51.81828,-122.42144,2024,TRUE,4,0,0.0162,0.5186,0.3481,0.7071
"MYYU","132650_SE",132650,"SE","Okanagan Region",51.81828,-122.42144,2025,TRUE,4,0,0.0138,0.5235,0.3569,0.7101
"MYYU","132650_SW",132650,"SW","Okanagan Region",51.80225,-122.46284,2017,FALSE,0,NA,NA,0.5058,0.2225,0.8132
"MYYU","132650_SW",132650,"SW","Okanagan Region",51.80225,-122.46284,2018,FALSE,0,NA,NA,0.458,0.31,0.6265
"MYYU","132650_SW",132650,"SW","Okanagan Region",51.80225,-122.46284,2019,FALSE,0,NA,NA,0.4164,0.2821,0.5597
"MYYU","132650_SW",132650,"SW","Okanagan Region",51.80225,-122.46284,2020,TRUE,4,0,0.0067,0.3595,0.2235,0.5099
"MYYU","132650_SW",132650,"SW","Okanagan Region",51.80225,-122.46284,2021,TRUE,3,0,0.0053,0.4091,0.2742,0.5505
"MYYU","132650_SW",132650,"SW","Okanagan Region",51.80225,-122.46284,2022,TRUE,4,0,0.004,0.4446,0.3044,0.5942
"MYYU","132650_SW",132650,"SW","Okanagan Region",51.80225,-122.46284,2023,TRUE,3,0,0.0176,0.4682,0.3186,0.6297
"MYYU","132650_SW",132650,"SW","Okanagan Region",51.80225,-122.46284,2024,FALSE,0,NA,NA,0.4633,0.3194,0.6236
"MYYU","132650_SW",132650,"SW","Okanagan Region",51.80225,-122.46284,2025,TRUE,4,0,0.018,0.468,0.3247,0.6274
"MYYU","137274_NE",137274,"NE","South Coastal Region",48.79,-123.6988,2017,FALSE,0,NA,NA,0.7286,0.4638,0.9174
"MYYU","137274_NE",137274,"NE","South Coastal Region",48.79,-123.6988,2018,TRUE,4,1,1,0.8389,0.6912,0.941
"MYYU","137274_NE",137274,"NE","South Coastal Region",48.79,-123.6988,2019,TRUE,3,1,1,0.8909,0.7883,0.9571
"MYYU","137274_NE",137274,"NE","South Coastal Region",48.79,-123.6988,2020,TRUE,4,1,1,0.9102,0.8284,0.9633
"MYYU","137274_NE",137274,"NE","South Coastal Region",48.79,-123.6988,2021,FALSE,0,NA,NA,0.9352,0.8703,0.9757
"MYYU","137274_NE",137274,"NE","South Coastal Region",48.79,-123.6988,2022,TRUE,4,1,1,0.9516,0.8974,0.9837
"MYYU","137274_NE",137274,"NE","South Coastal Region",48.79,-123.6988,2023,TRUE,4,1,1,0.9618,0.9148,0.9886
"MYYU","137274_NE",137274,"NE","South Coastal Region",48.79,-123.6988,2024,FALSE,0,NA,NA,0.966,0.9222,0.9905
"MYYU","137274_NE",137274,"NE","South Coastal Region",48.79,-123.6988,2025,FALSE,0,NA,NA,0.9691,0.9284,0.9918
"MYYU","137274_NW",137274,"NW","South Coastal Region",48.7891,-123.719,2017,FALSE,0,NA,NA,0.6769,0.4492,0.8598
"MYYU","137274_NW",137274,"NW","South Coastal Region",48.7891,-123.719,2018,TRUE,4,1,1,0.8,0.672,0.8992
"MYYU","137274_NW",137274,"NW","South Coastal Region",48.7891,-123.719,2019,TRUE,4,1,1,0.8562,0.7605,0.9245
"MYYU","137274_NW",137274,"NW","South Coastal Region",48.7891,-123.719,2020,TRUE,4,1,1,0.8681,0.7808,0.9323
"MYYU","137274_NW",137274,"NW","South Coastal Region",48.7891,-123.719,2021,TRUE,4,1,1,0.8993,0.8274,0.9517
"MYYU","137274_NW",137274,"NW","South Coastal Region",48.7891,-123.719,2022,TRUE,4,1,1,0.9196,0.8577,0.9643
"MYYU","137274_NW",137274,"NW","South Coastal Region",48.7891,-123.719,2023,TRUE,3,1,1,0.9326,0.8741,0.9733
"MYYU","137274_NW",137274,"NW","South Coastal Region",48.7891,-123.719,2024,FALSE,0,NA,NA,0.9367,0.8786,0.9757
"MYYU","137274_NW",137274,"NW","South Coastal Region",48.7891,-123.719,2025,FALSE,0,NA,NA,0.9403,0.8834,0.9786
"MYYU","137274_SE",137274,"SE","South Coastal Region",48.7539,-123.6447,2017,FALSE,0,NA,NA,0.7432,0.4683,0.9295
"MYYU","137274_SE",137274,"SE","South Coastal Region",48.7539,-123.6447,2018,TRUE,4,1,1,0.8508,0.702,0.9493
"MYYU","137274_SE",137274,"SE","South Coastal Region",48.7539,-123.6447,2019,TRUE,3,1,1,0.9002,0.7996,0.9624
"MYYU","137274_SE",137274,"SE","South Coastal Region",48.7539,-123.6447,2020,TRUE,4,1,1,0.9198,0.8407,0.968
"MYYU","137274_SE",137274,"SE","South Coastal Region",48.7539,-123.6447,2021,TRUE,2,1,1,0.9414,0.8794,0.9786
"MYYU","137274_SE",137274,"SE","South Coastal Region",48.7539,-123.6447,2022,TRUE,4,1,1,0.9556,0.9047,0.9852
"MYYU","137274_SE",137274,"SE","South Coastal Region",48.7539,-123.6447,2023,TRUE,4,1,1,0.9638,0.9193,0.9894
"MYYU","137274_SE",137274,"SE","South Coastal Region",48.7539,-123.6447,2024,FALSE,0,NA,NA,0.9666,0.9249,0.9906
"MYYU","137274_SE",137274,"SE","South Coastal Region",48.7539,-123.6447,2025,FALSE,0,NA,NA,0.9689,0.9285,0.9917
"MYYU","143274_NE",143274,"NE","South Coastal Region",50.3377,-122.8012,2017,FALSE,0,NA,NA,0.4531,0.229,0.6994
"MYYU","143274_NE",143274,"NE","South Coastal Region",50.3377,-122.8012,2018,FALSE,0,NA,NA,0.5879,0.4462,0.7301
"MYYU","143274_NE",143274,"NE","South Coastal Region",50.3377,-122.8012,2019,TRUE,4,1,1,0.6421,0.5185,0.7563
"MYYU","143274_NE",143274,"NE","South Coastal Region",50.3377,-122.8012,2020,TRUE,4,0,0.3498,0.638,0.4919,0.7671
"MYYU","143274_NE",143274,"NE","South Coastal Region",50.3377,-122.8012,2021,TRUE,4,1,1,0.6921,0.5625,0.8085
"MYYU","143274_NE",143274,"NE","South Coastal Region",50.3377,-122.8012,2022,TRUE,4,1,1,0.7334,0.6116,0.8418
"MYYU","143274_NE",143274,"NE","South Coastal Region",50.3377,-122.8012,2023,TRUE,4,1,1,0.7627,0.6381,0.8714
"MYYU","143274_NE",143274,"NE","South Coastal Region",50.3377,-122.8012,2024,TRUE,4,1,1,0.7716,0.6438,0.881
"MYYU","143274_NE",143274,"NE","South Coastal Region",50.3377,-122.8012,2025,TRUE,4,1,1,0.7803,0.6511,0.8898
"MYYU","143274_NW",143274,"NW","South Coastal Region",50.3446,-122.8479,2017,FALSE,0,NA,NA,0.499,0.2856,0.7269
"MYYU","143274_NW",143274,"NW","South Coastal Region",50.3446,-122.8479,2018,FALSE,0,NA,NA,0.6266,0.4882,0.7582
"MYYU","143274_NW",143274,"NW","South Coastal Region",50.3446,-122.8479,2019,TRUE,4,1,1,0.6692,0.5265,0.7936
"MYYU","143274_NW",143274,"NW","South Coastal Region",50.3446,-122.8479,2020,TRUE,3,1,1,0.6529,0.4563,0.8076
"MYYU","143274_NW",143274,"NW","South Coastal Region",50.3446,-122.8479,2021,TRUE,4,1,1,0.7091,0.5484,0.841
"MYYU","143274_NW",143274,"NW","South Coastal Region",50.3446,-122.8479,2022,TRUE,4,1,1,0.7482,0.6003,0.8699
"MYYU","143274_NW",143274,"NW","South Coastal Region",50.3446,-122.8479,2023,TRUE,4,1,1,0.7752,0.6308,0.8942
"MYYU","143274_NW",143274,"NW","South Coastal Region",50.3446,-122.8479,2024,TRUE,4,1,1,0.7798,0.6333,0.8996
"MYYU","143274_NW",143274,"NW","South Coastal Region",50.3446,-122.8479,2025,TRUE,4,1,1,0.7861,0.6377,0.9068
"MYYU","143274_SE",143274,"SE","South Coastal Region",50.3004,-122.758,2017,FALSE,0,NA,NA,0.5289,0.3105,0.7521
"MYYU","143274_SE",143274,"SE","South Coastal Region",50.3004,-122.758,2018,FALSE,0,NA,NA,0.6658,0.5263,0.795
"MYYU","143274_SE",143274,"SE","South Coastal Region",50.3004,-122.758,2019,TRUE,4,1,1,0.7253,0.6041,0.8317
"MYYU","143274_SE",143274,"SE","South Coastal Region",50.3004,-122.758,2020,TRUE,3,1,1,0.7319,0.5868,0.8463
"MYYU","143274_SE",143274,"SE","South Coastal Region",50.3004,-122.758,2021,TRUE,4,1,1,0.7813,0.6575,0.88
"MYYU","143274_SE",143274,"SE","South Coastal Region",50.3004,-122.758,2022,TRUE,4,1,1,0.8175,0.7044,0.9063
"MYYU","143274_SE",143274,"SE","South Coastal Region",50.3004,-122.758,2023,TRUE,4,1,1,0.8425,0.7325,0.9256
"MYYU","143274_SE",143274,"SE","South Coastal Region",50.3004,-122.758,2024,TRUE,4,1,1,0.8509,0.744,0.9338
"MYYU","143274_SE",143274,"SE","South Coastal Region",50.3004,-122.758,2025,TRUE,4,1,1,0.8584,0.7459,0.9404
"MYYU","143274_SW",143274,"SW","South Coastal Region",50.2961,-122.8048,2017,FALSE,0,NA,NA,0.3952,0.1812,0.6546
"MYYU","143274_SW",143274,"SW","South Coastal Region",50.2961,-122.8048,2018,FALSE,0,NA,NA,0.5247,0.3893,0.6711
"MYYU","143274_SW",143274,"SW","South Coastal Region",50.2961,-122.8048,2019,TRUE,4,0,0.052,0.5703,0.4398,0.6943
"MYYU","143274_SW",143274,"SW","South Coastal Region",50.2961,-122.8048,2020,TRUE,2,0,0.2069,0.5557,0.3916,0.7042
"MYYU","143274_SW",143274,"SW","South Coastal Region",50.2961,-122.8048,2021,TRUE,4,1,1,0.6134,0.4698,0.7494
"MYYU","143274_SW",143274,"SW","South Coastal Region",50.2961,-122.8048,2022,TRUE,4,0,0.0478,0.6573,0.5203,0.7856
"MYYU","143274_SW",143274,"SW","South Coastal Region",50.2961,-122.8048,2023,TRUE,4,0,0.0578,0.6888,0.5459,0.8211
"MYYU","143274_SW",143274,"SW","South Coastal Region",50.2961,-122.8048,2024,TRUE,4,1,1,0.6962,0.5522,0.8304
"MYYU","143274_SW",143274,"SW","South Coastal Region",50.2961,-122.8048,2025,TRUE,4,1,1,0.7048,0.5521,0.8408
"MYYU","145578_NE",145578,"NE","Kootenay Region",49.93178,-115.65558,2017,FALSE,0,NA,NA,0.419,0.1871,0.6732
"MYYU","145578_NE",145578,"NE","Kootenay Region",49.93178,-115.65558,2018,TRUE,4,0,0.0071,0.2434,0.1275,0.3921
"MYYU","145578_NE",145578,"NE","Kootenay Region",49.93178,-115.65558,2019,TRUE,4,0,0.0151,0.2509,0.1382,0.3684
"MYYU","145578_NE",145578,"NE","Kootenay Region",49.93178,-115.65558,2020,TRUE,4,0,0.0073,0.2318,0.1231,0.3419
"MYYU","145578_NE",145578,"NE","Kootenay Region",49.93178,-115.65558,2021,TRUE,4,0,0.0011,0.2654,0.1553,0.3857
"MYYU","145578_NE",145578,"NE","Kootenay Region",49.93178,-115.65558,2022,TRUE,3,1,1,0.2781,0.1683,0.4011
"MYYU","145578_NE",145578,"NE","Kootenay Region",49.93178,-115.65558,2023,FALSE,0,NA,NA,0.2815,0.1722,0.405
"MYYU","145578_NE",145578,"NE","Kootenay Region",49.93178,-115.65558,2024,TRUE,4,1,1,0.2775,0.1663,0.4038
"MYYU","145578_NE",145578,"NE","Kootenay Region",49.93178,-115.65558,2025,TRUE,4,0,0.0016,0.2837,0.1749,0.4153
"MYYU","145578_NW",145578,"NW","Kootenay Region",49.93544,-115.67497,2017,FALSE,0,NA,NA,0.354,0.1365,0.616
"MYYU","145578_NW",145578,"NW","Kootenay Region",49.93544,-115.67497,2018,FALSE,0,NA,NA,0.2635,0.1576,0.3959
"MYYU","145578_NW",145578,"NW","Kootenay Region",49.93544,-115.67497,2019,TRUE,3,0,0.018,0.2339,0.1348,0.3428
"MYYU","145578_NW",145578,"NW","Kootenay Region",49.93544,-115.67497,2020,FALSE,0,NA,NA,0.2084,0.1157,0.3149
"MYYU","145578_NW",145578,"NW","Kootenay Region",49.93544,-115.67497,2021,TRUE,4,0,0.0016,0.2452,0.1469,0.3593
"MYYU","145578_NW",145578,"NW","Kootenay Region",49.93544,-115.67497,2022,TRUE,3,0,0.006,0.2665,0.1632,0.39
"MYYU","145578_NW",145578,"NW","Kootenay Region",49.93544,-115.67497,2023,TRUE,4,0,0.002,0.2781,0.168,0.4152
"MYYU","145578_NW",145578,"NW","Kootenay Region",49.93544,-115.67497,2024,TRUE,3,0,0.0067,0.2719,0.1664,0.4076
"MYYU","145578_NW",145578,"NW","Kootenay Region",49.93544,-115.67497,2025,TRUE,4,0,0.0022,0.277,0.1708,0.4078
"MYYU","145578_SE",145578,"SE","Kootenay Region",49.89983,-115.64222,2017,FALSE,0,NA,NA,0.451,0.1904,0.7435
"MYYU","145578_SE",145578,"SE","Kootenay Region",49.89983,-115.64222,2018,TRUE,3,0,0.0162,0.3597,0.224,0.5189
"MYYU","145578_SE",145578,"SE","Kootenay Region",49.89983,-115.64222,2019,TRUE,4,0,0.0087,0.3155,0.1988,0.4472
"MYYU","145578_SE",145578,"SE","Kootenay Region",49.89983,-115.64222,2020,TRUE,4,0,0.0031,0.2737,0.1661,0.4065
"MYYU","145578_SE",145578,"SE","Kootenay Region",49.89983,-115.64222,2021,TRUE,4,0,2e-04,0.3178,0.2092,0.4399
"MYYU","145578_SE",145578,"SE","Kootenay Region",49.89983,-115.64222,2022,TRUE,4,0,0.0111,0.3466,0.2305,0.4777
"MYYU","145578_SE",145578,"SE","Kootenay Region",49.89983,-115.64222,2023,TRUE,4,1,1,0.3656,0.2415,0.5039
"MYYU","145578_SE",145578,"SE","Kootenay Region",49.89983,-115.64222,2024,FALSE,0,NA,NA,0.3595,0.236,0.5034
"MYYU","145578_SE",145578,"SE","Kootenay Region",49.89983,-115.64222,2025,TRUE,4,0,0.0102,0.3647,0.2424,0.5104
"MYYU","145578_SW",145578,"SW","Kootenay Region",49.89589,-115.695,2017,FALSE,0,NA,NA,0.5699,0.2426,0.8708
"MYYU","145578_SW",145578,"SW","Kootenay Region",49.89589,-115.695,2018,FALSE,0,NA,NA,0.4873,0.3132,0.6727
"MYYU","145578_SW",145578,"SW","Kootenay Region",49.89589,-115.695,2019,TRUE,4,0,0.0209,0.4383,0.2821,0.6071
"MYYU","145578_SW",145578,"SW","Kootenay Region",49.89589,-115.695,2020,TRUE,4,0,0.004,0.3817,0.227,0.5604
"MYYU","145578_SW",145578,"SW","Kootenay Region",49.89589,-115.695,2021,TRUE,4,0,0.0027,0.4322,0.2905,0.5915
"MYYU","145578_SW",145578,"SW","Kootenay Region",49.89589,-115.695,2022,TRUE,4,0,0.0193,0.4668,0.3163,0.6252
"MYYU","145578_SW",145578,"SW","Kootenay Region",49.89589,-115.695,2023,TRUE,4,1,1,0.4917,0.3348,0.6544
"MYYU","145578_SW",145578,"SW","Kootenay Region",49.89589,-115.695,2024,TRUE,4,0,0.1213,0.4874,0.3265,0.6598
"MYYU","145578_SW",145578,"SW","Kootenay Region",49.89589,-115.695,2025,TRUE,4,1,1,0.4931,0.3383,0.6677
"MYYU","16426_NE",16426,"NE","Northern Region",54.82137,-123.35579,2017,FALSE,0,NA,NA,0.0501,0.0077,0.1468
"MYYU","16426_NE",16426,"NE","Northern Region",54.82137,-123.35579,2018,TRUE,3,0,9e-04,0.0495,0.0204,0.1044
"MYYU","16426_NE",16426,"NE","Northern Region",54.82137,-123.35579,2019,TRUE,3,0,0.0018,0.0467,0.0191,0.0916
"MYYU","16426_NE",16426,"NE","Northern Region",54.82137,-123.35579,2020,TRUE,3,0,0.0011,0.0413,0.0149,0.0853
"MYYU","16426_NE",16426,"NE","Northern Region",54.82137,-123.35579,2021,TRUE,3,0,4e-04,0.0469,0.0176,0.0971
"MYYU","16426_NE",16426,"NE","Northern Region",54.82137,-123.35579,2022,TRUE,3,0,7e-04,0.0529,0.0196,0.1099
"MYYU","16426_NE",16426,"NE","Northern Region",54.82137,-123.35579,2023,FALSE,0,NA,NA,0.058,0.021,0.1226
"MYYU","16426_NE",16426,"NE","Northern Region",54.82137,-123.35579,2024,TRUE,3,0,0.0018,0.0601,0.0212,0.1303
"MYYU","16426_NE",16426,"NE","Northern Region",54.82137,-123.35579,2025,FALSE,0,NA,NA,0.0626,0.0214,0.1405
"MYYU","16426_SE",16426,"SE","Northern Region",54.81895,-123.33997,2017,FALSE,0,NA,NA,0.0671,0.0115,0.1851
"MYYU","16426_SE",16426,"SE","Northern Region",54.81895,-123.33997,2018,TRUE,3,0,0.0018,0.0691,0.0284,0.1472
"MYYU","16426_SE",16426,"SE","Northern Region",54.81895,-123.33997,2019,TRUE,3,0,0.0016,0.0676,0.0298,0.1293
"MYYU","16426_SE",16426,"SE","Northern Region",54.81895,-123.33997,2020,TRUE,2,0,0.0013,0.0617,0.0243,0.1206
"MYYU","16426_SE",16426,"SE","Northern Region",54.81895,-123.33997,2021,TRUE,3,0,4e-04,0.0683,0.0275,0.1313
"MYYU","16426_SE",16426,"SE","Northern Region",54.81895,-123.33997,2022,TRUE,3,0,0.0016,0.0761,0.0303,0.1452
"MYYU","16426_SE",16426,"SE","Northern Region",54.81895,-123.33997,2023,FALSE,0,NA,NA,0.0833,0.0325,0.1634
"MYYU","16426_SE",16426,"SE","Northern Region",54.81895,-123.33997,2024,FALSE,0,NA,NA,0.0875,0.0324,0.1749
"MYYU","16426_SE",16426,"SE","Northern Region",54.81895,-123.33997,2025,FALSE,0,NA,NA,0.0919,0.0333,0.1868
"MYYU","172090_NE",172090,"NE","South Coastal Region",49.37012,-122.94857,2017,FALSE,0,NA,NA,0.1692,0.0109,0.6023
"MYYU","172090_NE",172090,"NE","South Coastal Region",49.37012,-122.94857,2018,TRUE,3,1,1,0.2212,0.0963,0.3947
"MYYU","172090_NE",172090,"NE","South Coastal Region",49.37012,-122.94857,2019,TRUE,3,1,1,0.2135,0.0937,0.3748
"MYYU","172090_NE",172090,"NE","South Coastal Region",49.37012,-122.94857,2020,TRUE,3,0,0.0187,0.1908,0.0772,0.3478
"MYYU","172090_NE",172090,"NE","South Coastal Region",49.37012,-122.94857,2021,TRUE,4,0,0.0022,0.2244,0.092,0.4009
"MYYU","172090_NE",172090,"NE","South Coastal Region",49.37012,-122.94857,2022,TRUE,4,0,0.0018,0.2477,0.1047,0.4403
"MYYU","172090_NE",172090,"NE","South Coastal Region",49.37012,-122.94857,2023,TRUE,2,0,0.0307,0.2635,0.1102,0.4765
"MYYU","172090_NE",172090,"NE","South Coastal Region",49.37012,-122.94857,2024,FALSE,0,NA,NA,0.2614,0.1099,0.4721
"MYYU","172090_NE",172090,"NE","South Coastal Region",49.37012,-122.94857,2025,FALSE,0,NA,NA,0.2663,0.1123,0.4854
"MYYU","172090_NW",172090,"NW","South Coastal Region",49.34683,-123.00985,2017,FALSE,0,NA,NA,0.4659,0.2422,0.7199
"MYYU","172090_NW",172090,"NW","South Coastal Region",49.34683,-123.00985,2018,TRUE,3,1,1,0.6118,0.4486,0.7702
"MYYU","172090_NW",172090,"NW","South Coastal Region",49.34683,-123.00985,2019,TRUE,3,0,0.3293,0.687,0.5477,0.8095
"MYYU","172090_NW",172090,"NW","South Coastal Region",49.34683,-123.00985,2020,FALSE,0,NA,NA,0.715,0.5775,0.8322
"MYYU","172090_NW",172090,"NW","South Coastal Region",49.34683,-123.00985,2021,TRUE,4,0,0.1607,0.7675,0.6432,0.871
"MYYU","172090_NW",172090,"NW","South Coastal Region",49.34683,-123.00985,2022,TRUE,4,1,1,0.8066,0.6885,0.9001
"MYYU","172090_NW",172090,"NW","South Coastal Region",49.34683,-123.00985,2023,TRUE,3,1,1,0.8346,0.7193,0.9211
"MYYU","172090_NW",172090,"NW","South Coastal Region",49.34683,-123.00985,2024,FALSE,0,NA,NA,0.848,0.7344,0.9336
"MYYU","172090_NW",172090,"NW","South Coastal Region",49.34683,-123.00985,2025,FALSE,0,NA,NA,0.8587,0.7429,0.9422
"MYYU","172090_SE",172090,"SE","South Coastal Region",49.32364,-122.97036,2017,FALSE,0,NA,NA,0.5392,0.3211,0.7632
"MYYU","172090_SE",172090,"SE","South Coastal Region",49.32364,-122.97036,2018,TRUE,3,1,1,0.6736,0.5174,0.8095
"MYYU","172090_SE",172090,"SE","South Coastal Region",49.32364,-122.97036,2019,FALSE,0,NA,NA,0.7256,0.566,0.8531
"MYYU","172090_SE",172090,"SE","South Coastal Region",49.32364,-122.97036,2020,TRUE,4,1,1,0.7255,0.5317,0.8701
"MYYU","172090_SE",172090,"SE","South Coastal Region",49.32364,-122.97036,2021,TRUE,4,1,1,0.7717,0.5869,0.9044
"MYYU","172090_SE",172090,"SE","South Coastal Region",49.32364,-122.97036,2022,TRUE,4,1,1,0.8039,0.624,0.9268
"MYYU","172090_SE",172090,"SE","South Coastal Region",49.32364,-122.97036,2023,TRUE,3,0,0.3507,0.8172,0.6362,0.9391
"MYYU","172090_SE",172090,"SE","South Coastal Region",49.32364,-122.97036,2024,FALSE,0,NA,NA,0.8174,0.6347,0.9395
"MYYU","172090_SE",172090,"SE","South Coastal Region",49.32364,-122.97036,2025,FALSE,0,NA,NA,0.8213,0.6362,0.9431
"MYYU","172090_SW",172090,"SW","South Coastal Region",49.31421,-123.01406,2017,FALSE,0,NA,NA,0.7144,0.4605,0.9029
"MYYU","172090_SW",172090,"SW","South Coastal Region",49.31421,-123.01406,2018,TRUE,3,1,1,0.8291,0.6879,0.9298
"MYYU","172090_SW",172090,"SW","South Coastal Region",49.31421,-123.01406,2019,TRUE,3,1,1,0.8821,0.7832,0.9483
"MYYU","172090_SW",172090,"SW","South Coastal Region",49.31421,-123.01406,2020,TRUE,4,1,1,0.9037,0.8243,0.9568
"MYYU","172090_SW",172090,"SW","South Coastal Region",49.31421,-123.01406,2021,TRUE,4,1,1,0.9299,0.8638,0.9716
"MYYU","172090_SW",172090,"SW","South Coastal Region",49.31421,-123.01406,2022,TRUE,4,1,1,0.9473,0.8925,0.9809
"MYYU","172090_SW",172090,"SW","South Coastal Region",49.31421,-123.01406,2023,TRUE,3,1,1,0.9503,0.899,0.9829
"MYYU","172090_SW",172090,"SW","South Coastal Region",49.31421,-123.01406,2024,FALSE,0,NA,NA,0.9492,0.8963,0.9825
"MYYU","172090_SW",172090,"SW","South Coastal Region",49.31421,-123.01406,2025,FALSE,0,NA,NA,0.9501,0.8967,0.9834
"MYYU","175354_SE",175354,"SE","Northern Region",59.42418,-125.94917,2017,FALSE,0,NA,NA,0.1331,0.023,0.3297
"MYYU","175354_SE",175354,"SE","Northern Region",59.42418,-125.94917,2018,TRUE,3,0,0.0013,0.1503,0.051,0.3263
"MYYU","175354_SE",175354,"SE","Northern Region",59.42418,-125.94917,2019,TRUE,4,0,0,0.1607,0.0635,0.3231
"MYYU","175354_SE",175354,"SE","Northern Region",59.42418,-125.94917,2020,TRUE,4,0,2e-04,0.164,0.0622,0.3222
"MYYU","175354_SE",175354,"SE","Northern Region",59.42418,-125.94917,2021,FALSE,0,NA,NA,0.1786,0.0685,0.3446
"MYYU","175354_SE",175354,"SE","Northern Region",59.42418,-125.94917,2022,FALSE,0,NA,NA,0.1949,0.0728,0.3672
"MYYU","175354_SE",175354,"SE","Northern Region",59.42418,-125.94917,2023,FALSE,0,NA,NA,0.2107,0.0772,0.3915
"MYYU","175354_SE",175354,"SE","Northern Region",59.42418,-125.94917,2024,FALSE,0,NA,NA,0.2237,0.0801,0.4191
"MYYU","175354_SE",175354,"SE","Northern Region",59.42418,-125.94917,2025,FALSE,0,NA,NA,0.2366,0.0817,0.4453
"MYYU","175354_SW",175354,"SW","Northern Region",59.40931,-126.09868,2017,FALSE,0,NA,NA,0.132,0.0231,0.3264
"MYYU","175354_SW",175354,"SW","Northern Region",59.40931,-126.09868,2018,TRUE,3,0,2e-04,0.1514,0.0519,0.3296
"MYYU","175354_SW",175354,"SW","Northern Region",59.40931,-126.09868,2019,TRUE,4,0,0,0.1649,0.0676,0.334
"MYYU","175354_SW",175354,"SW","Northern Region",59.40931,-126.09868,2020,TRUE,4,0,2e-04,0.1728,0.0747,0.3321
"MYYU","175354_SW",175354,"SW","Northern Region",59.40931,-126.09868,2021,FALSE,0,NA,NA,0.1883,0.0851,0.3486
"MYYU","175354_SW",175354,"SW","Northern Region",59.40931,-126.09868,2022,FALSE,0,NA,NA,0.2054,0.0951,0.3688
"MYYU","175354_SW",175354,"SW","Northern Region",59.40931,-126.09868,2023,FALSE,0,NA,NA,0.222,0.1019,0.3863
"MYYU","175354_SW",175354,"SW","Northern Region",59.40931,-126.09868,2024,TRUE,4,0,0,0.2367,0.1066,0.4057
"MYYU","175354_SW",175354,"SW","Northern Region",59.40931,-126.09868,2025,TRUE,4,0,0,0.2513,0.1126,0.4262
"MYYU","17706_NW",17706,"NW","Northern Region",51.97601,-120.10368,2017,FALSE,0,NA,NA,0.067,0.0123,0.1809
"MYYU","17706_NW",17706,"NW","Northern Region",51.97601,-120.10368,2018,FALSE,0,NA,NA,0.0754,0.0289,0.1611
"MYYU","17706_NW",17706,"NW","Northern Region",51.97601,-120.10368,2019,TRUE,4,0,0.0027,0.0792,0.0338,0.155
"MYYU","17706_NW",17706,"NW","Northern Region",51.97601,-120.10368,2020,TRUE,2,0,0.0044,0.078,0.032,0.1489
"MYYU","17706_NW",17706,"NW","Northern Region",51.97601,-120.10368,2021,FALSE,0,NA,NA,0.0861,0.035,0.1615
"MYYU","17706_NW",17706,"NW","Northern Region",51.97601,-120.10368,2022,FALSE,0,NA,NA,0.0953,0.0387,0.1769
"MYYU","17706_NW",17706,"NW","Northern Region",51.97601,-120.10368,2023,FALSE,0,NA,NA,0.1043,0.0408,0.1933
"MYYU","17706_NW",17706,"NW","Northern Region",51.97601,-120.10368,2024,FALSE,0,NA,NA,0.111,0.041,0.2092
"MYYU","17706_NW",17706,"NW","Northern Region",51.97601,-120.10368,2025,FALSE,0,NA,NA,0.1179,0.0425,0.2259
"MYYU","17706_SE",17706,"SE","Northern Region",51.9408,-120.01683,2017,FALSE,0,NA,NA,0.0809,0.0168,0.1975
"MYYU","17706_SE",17706,"SE","Northern Region",51.9408,-120.01683,2018,FALSE,0,NA,NA,0.0883,0.0379,0.1727
"MYYU","17706_SE",17706,"SE","Northern Region",51.9408,-120.01683,2019,TRUE,4,0,0.0016,0.0898,0.0418,0.1628
"MYYU","17706_SE",17706,"SE","Northern Region",51.9408,-120.01683,2020,TRUE,4,0,0.0011,0.0846,0.036,0.1587
"MYYU","17706_SE",17706,"SE","Northern Region",51.9408,-120.01683,2021,FALSE,0,NA,NA,0.0934,0.0401,0.1745
"MYYU","17706_SE",17706,"SE","Northern Region",51.9408,-120.01683,2022,FALSE,0,NA,NA,0.1035,0.0435,0.1921
"MYYU","17706_SE",17706,"SE","Northern Region",51.9408,-120.01683,2023,TRUE,4,0,0.0011,0.1131,0.0461,0.2132
"MYYU","17706_SE",17706,"SE","Northern Region",51.9408,-120.01683,2024,TRUE,2,0,0.0013,0.1194,0.0473,0.2287
"MYYU","17706_SE",17706,"SE","Northern Region",51.9408,-120.01683,2025,TRUE,4,0,0,0.1258,0.048,0.2433
"MYYU","17706_SW",17706,"SW","Northern Region",51.94316,-120.06784,2017,FALSE,0,NA,NA,0.064,0.01,0.1797
"MYYU","17706_SW",17706,"SW","Northern Region",51.94316,-120.06784,2018,FALSE,0,NA,NA,0.0678,0.0269,0.1468
"MYYU","17706_SW",17706,"SW","Northern Region",51.94316,-120.06784,2019,TRUE,4,0,0.0016,0.0674,0.029,0.1323
"MYYU","17706_SW",17706,"SW","Northern Region",51.94316,-120.06784,2020,TRUE,4,0,7e-04,0.0622,0.0235,0.121
"MYYU","17706_SW",17706,"SW","Northern Region",51.94316,-120.06784,2021,FALSE,0,NA,NA,0.0683,0.0265,0.1333
"MYYU","17706_SW",17706,"SW","Northern Region",51.94316,-120.06784,2022,FALSE,0,NA,NA,0.0757,0.0294,0.1484
"MYYU","17706_SW",17706,"SW","Northern Region",51.94316,-120.06784,2023,TRUE,4,0,0.0011,0.0826,0.0309,0.1633
"MYYU","17706_SW",17706,"SW","Northern Region",51.94316,-120.06784,2024,FALSE,0,NA,NA,0.0862,0.0313,0.1757
"MYYU","17706_SW",17706,"SW","Northern Region",51.94316,-120.06784,2025,TRUE,4,0,0.0013,0.0902,0.0324,0.1871
"MYYU","186330_NE",186330,"NE","Northern Region",55.95727,-122.58949,2017,FALSE,0,NA,NA,0.0881,0.0097,0.2912
"MYYU","186330_NE",186330,"NE","Northern Region",55.95727,-122.58949,2018,FALSE,0,NA,NA,0.0854,0.0289,0.2127
"MYYU","186330_NE",186330,"NE","Northern Region",55.95727,-122.58949,2019,FALSE,0,NA,NA,0.0812,0.0317,0.1744
"MYYU","186330_NE",186330,"NE","Northern Region",55.95727,-122.58949,2020,FALSE,0,NA,NA,0.0731,0.0259,0.156
"MYYU","186330_NE",186330,"NE","Northern Region",55.95727,-122.58949,2021,FALSE,0,NA,NA,0.0798,0.03,0.1661
"MYYU","186330_NE",186330,"NE","Northern Region",55.95727,-122.58949,2022,FALSE,0,NA,NA,0.0879,0.0326,0.1755
"MYYU","186330_NE",186330,"NE","Northern Region",55.95727,-122.58949,2023,FALSE,0,NA,NA,0.0957,0.0345,0.1915
"MYYU","186330_NE",186330,"NE","Northern Region",55.95727,-122.58949,2024,TRUE,4,0,4e-04,0.1001,0.0341,0.2052
"MYYU","186330_NE",186330,"NE","Northern Region",55.95727,-122.58949,2025,TRUE,4,0,2e-04,0.105,0.0348,0.2177
"MYYU","186330_NW",186330,"NW","Northern Region",55.94606,-122.65922,2017,FALSE,0,NA,NA,0.1075,0.0219,0.2736
"MYYU","186330_NW",186330,"NW","Northern Region",55.94606,-122.65922,2018,FALSE,0,NA,NA,0.109,0.048,0.2152
"MYYU","186330_NW",186330,"NW","Northern Region",55.94606,-122.65922,2019,FALSE,0,NA,NA,0.1056,0.0514,0.1902
"MYYU","186330_NW",186330,"NW","Northern Region",55.94606,-122.65922,2020,FALSE,0,NA,NA,0.0955,0.0421,0.1743
"MYYU","186330_NW",186330,"NW","Northern Region",55.94606,-122.65922,2021,FALSE,0,NA,NA,0.1041,0.0472,0.1875
"MYYU","186330_NW",186330,"NW","Northern Region",55.94606,-122.65922,2022,FALSE,0,NA,NA,0.1145,0.0516,0.2062
"MYYU","186330_NW",186330,"NW","Northern Region",55.94606,-122.65922,2023,FALSE,0,NA,NA,0.1245,0.0545,0.2262
"MYYU","186330_NW",186330,"NW","Northern Region",55.94606,-122.65922,2024,TRUE,3,0,0.1482,0.1301,0.0552,0.2393
"MYYU","186330_NW",186330,"NW","Northern Region",55.94606,-122.65922,2025,TRUE,4,1,1,0.1361,0.0562,0.2536
"MYYU","186490_NW",186490,"NW","Northern Region",54.754,-127.12678,2017,TRUE,4,0,0.0011,0.1278,0.0261,0.3065
"MYYU","186490_NW",186490,"NW","Northern Region",54.754,-127.12678,2018,TRUE,4,0,2e-04,0.1382,0.0565,0.2788
"MYYU","186490_NW",186490,"NW","Northern Region",54.754,-127.12678,2019,TRUE,4,0,2e-04,0.1412,0.0644,0.2654
"MYYU","186490_NW",186490,"NW","Northern Region",54.754,-127.12678,2020,TRUE,4,0,0,0.1351,0.0545,0.2506
"MYYU","186490_NW",186490,"NW","Northern Region",54.754,-127.12678,2021,TRUE,4,0,0,0.1469,0.0609,0.2682
"MYYU","186490_NW",186490,"NW","Northern Region",54.754,-127.12678,2022,TRUE,4,0,0,0.1607,0.0651,0.2946
"MYYU","186490_NW",186490,"NW","Northern Region",54.754,-127.12678,2023,FALSE,0,NA,NA,0.1739,0.0679,0.3209
"MYYU","186490_NW",186490,"NW","Northern Region",54.754,-127.12678,2024,TRUE,3,0,2e-04,0.1829,0.069,0.3401
"MYYU","186490_NW",186490,"NW","Northern Region",54.754,-127.12678,2025,TRUE,4,0,9e-04,0.1921,0.0703,0.3583
"MYYU","186490_SE",186490,"SE","Northern Region",54.72257,-126.99742,2017,TRUE,4,0,7e-04,0.0724,0.0139,0.1895
"MYYU","186490_SE",186490,"SE","Northern Region",54.72257,-126.99742,2018,TRUE,4,0,0,0.0751,0.0323,0.1516
"MYYU","186490_SE",186490,"SE","Northern Region",54.72257,-126.99742,2019,TRUE,4,0,2e-04,0.0737,0.0336,0.1367
"MYYU","186490_SE",186490,"SE","Northern Region",54.72257,-126.99742,2020,TRUE,4,0,0,0.0673,0.027,0.1285
"MYYU","186490_SE",186490,"SE","Northern Region",54.72257,-126.99742,2021,TRUE,4,0,0,0.0745,0.0306,0.1424
"MYYU","186490_SE",186490,"SE","Northern Region",54.72257,-126.99742,2022,TRUE,4,0,4e-04,0.0829,0.0334,0.1572
"MYYU","186490_SE",186490,"SE","Northern Region",54.72257,-126.99742,2023,FALSE,0,NA,NA,0.0907,0.0354,0.1757
"MYYU","186490_SE",186490,"SE","Northern Region",54.72257,-126.99742,2024,FALSE,0,NA,NA,0.0952,0.0359,0.1887
"MYYU","186490_SE",186490,"SE","Northern Region",54.72257,-126.99742,2025,FALSE,0,NA,NA,0.0999,0.037,0.2018
"MYYU","186490_SW",186490,"SW","Northern Region",54.72278,-127.05397,2017,TRUE,4,0,0.0029,0.141,0.0377,0.2973
"MYYU","186490_SW",186490,"SW","Northern Region",54.72278,-127.05397,2018,TRUE,4,0,0.0153,0.1504,0.0706,0.2662
"MYYU","186490_SW",186490,"SW","Northern Region",54.72278,-127.05397,2019,TRUE,4,1,1,0.1519,0.076,0.2577
"MYYU","186490_SW",186490,"SW","Northern Region",54.72278,-127.05397,2020,TRUE,4,0,0.0082,0.1438,0.0638,0.2495
"MYYU","186490_SW",186490,"SW","Northern Region",54.72278,-127.05397,2021,TRUE,4,0,2e-04,0.1557,0.0671,0.2717
"MYYU","186490_SW",186490,"SW","Northern Region",54.72278,-127.05397,2022,TRUE,4,0,0,0.1697,0.0728,0.2973
"MYYU","186490_SW",186490,"SW","Northern Region",54.72278,-127.05397,2023,TRUE,4,0,0,0.1832,0.0764,0.327
"MYYU","186490_SW",186490,"SW","Northern Region",54.72278,-127.05397,2024,TRUE,4,0,2e-04,0.1921,0.0761,0.3453
"MYYU","186490_SW",186490,"SW","Northern Region",54.72278,-127.05397,2025,TRUE,4,0,2e-04,0.2013,0.0796,0.3663
"MYYU","194666_NE",194666,"NE","Okanagan Region",50.23014,-119.32344,2017,TRUE,4,1,1,0.7219,0.4668,0.9199
"MYYU","194666_NE",194666,"NE","Okanagan Region",50.23014,-119.32344,2018,FALSE,0,NA,NA,0.6033,0.4294,0.7674
"MYYU","194666_NE",194666,"NE","Okanagan Region",50.23014,-119.32344,2019,TRUE,4,1,1,0.5531,0.391,0.7136
"MYYU","194666_NE",194666,"NE","Okanagan Region",50.23014,-119.32344,2020,TRUE,4,1,1,0.4874,0.3217,0.6665
"MYYU","194666_NE",194666,"NE","Okanagan Region",50.23014,-119.32344,2021,TRUE,4,1,1,0.5566,0.4024,0.7103
"MYYU","194666_NE",194666,"NE","Okanagan Region",50.23014,-119.32344,2022,FALSE,0,NA,NA,0.5927,0.4386,0.751
"MYYU","194666_NE",194666,"NE","Okanagan Region",50.23014,-119.32344,2023,TRUE,3,1,1,0.6154,0.451,0.7843
"MYYU","194666_NE",194666,"NE","Okanagan Region",50.23014,-119.32344,2024,TRUE,3,1,1,0.6066,0.4432,0.7723
"MYYU","194666_NE",194666,"NE","Okanagan Region",50.23014,-119.32344,2025,FALSE,0,NA,NA,0.6112,0.4488,0.777
"MYYU","194666_SW",194666,"SW","Okanagan Region",50.16915,-119.41081,2017,TRUE,4,1,1,0.4617,0.1733,0.7924
"MYYU","194666_SW",194666,"SW","Okanagan Region",50.16915,-119.41081,2018,FALSE,0,NA,NA,0.3787,0.2457,0.5418
"MYYU","194666_SW",194666,"SW","Okanagan Region",50.16915,-119.41081,2019,TRUE,4,1,1,0.3374,0.2127,0.472
"MYYU","194666_SW",194666,"SW","Okanagan Region",50.16915,-119.41081,2020,TRUE,4,0,0.0371,0.2923,0.173,0.4298
"MYYU","194666_SW",194666,"SW","Okanagan Region",50.16915,-119.41081,2021,TRUE,3,1,1,0.3426,0.2159,0.4812
"MYYU","194666_SW",194666,"SW","Okanagan Region",50.16915,-119.41081,2022,TRUE,2,1,1,0.3736,0.2423,0.5251
"MYYU","194666_SW",194666,"SW","Okanagan Region",50.16915,-119.41081,2023,FALSE,0,NA,NA,0.3744,0.2439,0.5325
"MYYU","194666_SW",194666,"SW","Okanagan Region",50.16915,-119.41081,2024,FALSE,0,NA,NA,0.3623,0.2383,0.5034
"MYYU","194666_SW",194666,"SW","Okanagan Region",50.16915,-119.41081,2025,TRUE,4,0,0.0091,0.3669,0.2441,0.5137
"MYYU","20330_NE",20330,"NE","Kootenay Region",49.42454,-117.72865,2017,TRUE,4,0,0.0156,0.4237,0.1909,0.6813
"MYYU","20330_NE",20330,"NE","Kootenay Region",49.42454,-117.72865,2018,FALSE,0,NA,NA,0.374,0.2435,0.5266
"MYYU","20330_NE",20330,"NE","Kootenay Region",49.42454,-117.72865,2019,TRUE,4,0,0.0142,0.3332,0.2186,0.4534
"MYYU","20330_NE",20330,"NE","Kootenay Region",49.42454,-117.72865,2020,TRUE,4,0,0.004,0.2859,0.1791,0.4087
"MYYU","20330_NE",20330,"NE","Kootenay Region",49.42454,-117.72865,2021,FALSE,0,NA,NA,0.3273,0.2236,0.4445
"MYYU","20330_NE",20330,"NE","Kootenay Region",49.42454,-117.72865,2022,TRUE,3,0,0.0402,0.3585,0.2464,0.4787
"MYYU","20330_NE",20330,"NE","Kootenay Region",49.42454,-117.72865,2023,TRUE,4,1,1,0.3809,0.2597,0.5115
"MYYU","20330_NE",20330,"NE","Kootenay Region",49.42454,-117.72865,2024,TRUE,4,1,1,0.3785,0.2573,0.5159
"MYYU","20330_NE",20330,"NE","Kootenay Region",49.42454,-117.72865,2025,TRUE,4,1,1,0.3838,0.2627,0.5207
"MYYU","20330_SE",20330,"SE","Kootenay Region",49.3813,-117.67793,2017,TRUE,4,1,1,0.6064,0.3301,0.8481
"MYYU","20330_SE",20330,"SE","Kootenay Region",49.3813,-117.67793,2018,TRUE,4,1,1,0.6121,0.4362,0.7766
"MYYU","20330_SE",20330,"SE","Kootenay Region",49.3813,-117.67793,2019,TRUE,4,0,0.3689,0.5931,0.4276,0.7412
"MYYU","20330_SE",20330,"SE","Kootenay Region",49.3813,-117.67793,2020,TRUE,4,1,1,0.5409,0.3522,0.7124
"MYYU","20330_SE",20330,"SE","Kootenay Region",49.3813,-117.67793,2021,FALSE,0,NA,NA,0.5794,0.4243,0.7274
"MYYU","20330_SE",20330,"SE","Kootenay Region",49.3813,-117.67793,2022,TRUE,3,1,1,0.6111,0.4613,0.748
"MYYU","20330_SE",20330,"SE","Kootenay Region",49.3813,-117.67793,2023,TRUE,4,1,1,0.6365,0.4852,0.7759
"MYYU","20330_SE",20330,"SE","Kootenay Region",49.3813,-117.67793,2024,TRUE,4,0,0.2398,0.6383,0.4829,0.7759
"MYYU","20330_SE",20330,"SE","Kootenay Region",49.3813,-117.67793,2025,TRUE,4,1,1,0.6444,0.4897,0.7841
"MYYU","206394_NE",206394,"NE","Northern Region",53.63655,-132.05056,2017,FALSE,0,NA,NA,0.4545,0.1409,0.756
"MYYU","206394_NE",206394,"NE","Northern Region",53.63655,-132.05056,2018,FALSE,0,NA,NA,0.4923,0.2165,0.7634
"MYYU","206394_NE",206394,"NE","Northern Region",53.63655,-132.05056,2019,FALSE,0,NA,NA,0.5208,0.2622,0.7689
"MYYU","206394_NE",206394,"NE","Northern Region",53.63655,-132.05056,2020,FALSE,0,NA,NA,0.5429,0.3019,0.7748
"MYYU","206394_NE",206394,"NE","Northern Region",53.63655,-132.05056,2021,FALSE,0,NA,NA,0.5695,0.3369,0.7858
"MYYU","206394_NE",206394,"NE","Northern Region",53.63655,-132.05056,2022,TRUE,4,0,0,0.5969,0.3702,0.7989
"MYYU","206394_NE",206394,"NE","Northern Region",53.63655,-132.05056,2023,TRUE,4,0,0,0.6224,0.4027,0.8156
"MYYU","206394_NE",206394,"NE","Northern Region",53.63655,-132.05056,2024,TRUE,2,0,0,0.6455,0.426,0.8275
"MYYU","206394_NE",206394,"NE","Northern Region",53.63655,-132.05056,2025,TRUE,4,0,7e-04,0.6672,0.4482,0.8436
"MYYU","206394_NW",206394,"NW","Northern Region",53.6372,-132.16251,2017,FALSE,0,NA,NA,0.3287,0.061,0.6898
"MYYU","206394_NW",206394,"NW","Northern Region",53.6372,-132.16251,2018,FALSE,0,NA,NA,0.3339,0.1433,0.5918
"MYYU","206394_NW",206394,"NW","Northern Region",53.6372,-132.16251,2019,FALSE,0,NA,NA,0.3242,0.1584,0.5501
"MYYU","206394_NW",206394,"NW","Northern Region",53.6372,-132.16251,2020,FALSE,0,NA,NA,0.295,0.1331,0.5101
"MYYU","206394_NW",206394,"NW","Northern Region",53.6372,-132.16251,2021,FALSE,0,NA,NA,0.3139,0.1488,0.5291
"MYYU","206394_NW",206394,"NW","Northern Region",53.6372,-132.16251,2022,TRUE,4,0,4e-04,0.3352,0.1592,0.557
"MYYU","206394_NW",206394,"NW","Northern Region",53.6372,-132.16251,2023,TRUE,4,0,2e-04,0.3547,0.1706,0.5885
"MYYU","206394_NW",206394,"NW","Northern Region",53.6372,-132.16251,2024,TRUE,4,0,2e-04,0.3639,0.174,0.608
"MYYU","206394_NW",206394,"NW","Northern Region",53.6372,-132.16251,2025,TRUE,4,0,0.0018,0.3738,0.1717,0.6236
"MYYU","206394_SE",206394,"SE","Northern Region",53.60877,-131.99988,2017,FALSE,0,NA,NA,0.5048,0.1598,0.815
"MYYU","206394_SE",206394,"SE","Northern Region",53.60877,-131.99988,2018,FALSE,0,NA,NA,0.5447,0.2449,0.8183
"MYYU","206394_SE",206394,"SE","Northern Region",53.60877,-131.99988,2019,FALSE,0,NA,NA,0.5735,0.3015,0.8172
"MYYU","206394_SE",206394,"SE","Northern Region",53.60877,-131.99988,2020,FALSE,0,NA,NA,0.5941,0.3385,0.8161
"MYYU","206394_SE",206394,"SE","Northern Region",53.60877,-131.99988,2021,FALSE,0,NA,NA,0.6207,0.3791,0.8291
"MYYU","206394_SE",206394,"SE","Northern Region",53.60877,-131.99988,2022,TRUE,4,0,2e-04,0.6478,0.4144,0.84
"MYYU","206394_SE",206394,"SE","Northern Region",53.60877,-131.99988,2023,TRUE,4,0,0,0.6727,0.4499,0.8529
"MYYU","206394_SE",206394,"SE","Northern Region",53.60877,-131.99988,2024,TRUE,4,0,0,0.6944,0.4764,0.8657
"MYYU","206394_SE",206394,"SE","Northern Region",53.60877,-131.99988,2025,TRUE,4,0,0.0018,0.7147,0.5008,0.878
"MYYU","206394_SW",206394,"SW","Northern Region",53.57324,-132.11579,2017,FALSE,0,NA,NA,0.326,0.0699,0.6557
"MYYU","206394_SW",206394,"SW","Northern Region",53.57324,-132.11579,2018,FALSE,0,NA,NA,0.3618,0.1484,0.6457
"MYYU","206394_SW",206394,"SW","Northern Region",53.57324,-132.11579,2019,FALSE,0,NA,NA,0.3849,0.19,0.6347
"MYYU","206394_SW",206394,"SW","Northern Region",53.57324,-132.11579,2020,FALSE,0,NA,NA,0.3951,0.2128,0.6219
"MYYU","206394_SW",206394,"SW","Northern Region",53.57324,-132.11579,2021,FALSE,0,NA,NA,0.4204,0.2417,0.6289
"MYYU","206394_SW",206394,"SW","Northern Region",53.57324,-132.11579,2022,TRUE,4,0,2e-04,0.4473,0.2709,0.6442
"MYYU","206394_SW",206394,"SW","Northern Region",53.57324,-132.11579,2023,TRUE,4,0,2e-04,0.4726,0.2937,0.6677
"MYYU","206394_SW",206394,"SW","Northern Region",53.57324,-132.11579,2024,TRUE,4,0,0,0.4937,0.3118,0.6859
"MYYU","206394_SW",206394,"SW","Northern Region",53.57324,-132.11579,2025,TRUE,4,0,0.0011,0.5138,0.3296,0.7067
"MYYU","20730_NE",20730,"NE","Northern Region",56.79525,-124.90059,2017,FALSE,0,NA,NA,0.1974,0.0246,0.5552
"MYYU","20730_NE",20730,"NE","Northern Region",56.79525,-124.90059,2018,FALSE,0,NA,NA,0.2057,0.0621,0.485
"MYYU","20730_NE",20730,"NE","Northern Region",56.79525,-124.90059,2019,FALSE,0,NA,NA,0.2078,0.0775,0.4463
"MYYU","20730_NE",20730,"NE","Northern Region",56.79525,-124.90059,2020,FALSE,0,NA,NA,0.2007,0.0791,0.4054
"MYYU","20730_NE",20730,"NE","Northern Region",56.79525,-124.90059,2021,FALSE,0,NA,NA,0.2128,0.0856,0.4082
"MYYU","20730_NE",20730,"NE","Northern Region",56.79525,-124.90059,2022,TRUE,3,0,0.0016,0.2273,0.094,0.4215
"MYYU","20730_NE",20730,"NE","Northern Region",56.79525,-124.90059,2023,FALSE,0,NA,NA,0.2421,0.0999,0.4367
"MYYU","20730_NE",20730,"NE","Northern Region",56.79525,-124.90059,2024,TRUE,4,0,0,0.2531,0.1023,0.4511
"MYYU","20730_NE",20730,"NE","Northern Region",56.79525,-124.90059,2025,TRUE,4,0,4e-04,0.2646,0.1043,0.4683
"MYYU","20730_NW",20730,"NW","Northern Region",56.79948,-124.97614,2017,FALSE,0,NA,NA,0.1172,0.0185,0.3364
"MYYU","20730_NW",20730,"NW","Northern Region",56.79948,-124.97614,2018,FALSE,0,NA,NA,0.1091,0.0439,0.2312
"MYYU","20730_NW",20730,"NW","Northern Region",56.79948,-124.97614,2019,FALSE,0,NA,NA,0.1002,0.0429,0.197
"MYYU","20730_NW",20730,"NW","Northern Region",56.79948,-124.97614,2020,FALSE,0,NA,NA,0.0873,0.0321,0.174
"MYYU","20730_NW",20730,"NW","Northern Region",56.79948,-124.97614,2021,FALSE,0,NA,NA,0.0957,0.0375,0.1894
"MYYU","20730_NW",20730,"NW","Northern Region",56.79948,-124.97614,2022,TRUE,3,0,0.0018,0.1057,0.041,0.207
"MYYU","20730_NW",20730,"NW","Northern Region",56.79948,-124.97614,2023,FALSE,0,NA,NA,0.1147,0.043,0.2257
"MYYU","20730_NW",20730,"NW","Northern Region",56.79948,-124.97614,2024,TRUE,4,0,2e-04,0.1188,0.0438,0.2377
"MYYU","20730_NW",20730,"NW","Northern Region",56.79948,-124.97614,2025,TRUE,4,0,7e-04,0.1235,0.0449,0.2506
"MYYU","20730_SE",20730,"SE","Northern Region",56.78457,-124.88544,2017,FALSE,0,NA,NA,0.0944,0.0216,0.224
"MYYU","20730_SE",20730,"SE","Northern Region",56.78457,-124.88544,2018,FALSE,0,NA,NA,0.0983,0.0449,0.1868
"MYYU","20730_SE",20730,"SE","Northern Region",56.78457,-124.88544,2019,FALSE,0,NA,NA,0.0966,0.0476,0.1694
"MYYU","20730_SE",20730,"SE","Northern Region",56.78457,-124.88544,2020,FALSE,0,NA,NA,0.0883,0.0393,0.16
"MYYU","20730_SE",20730,"SE","Northern Region",56.78457,-124.88544,2021,FALSE,0,NA,NA,0.0969,0.0432,0.1753
"MYYU","20730_SE",20730,"SE","Northern Region",56.78457,-124.88544,2022,TRUE,3,0,0.0013,0.1071,0.0469,0.1937
"MYYU","20730_SE",20730,"SE","Northern Region",56.78457,-124.88544,2023,FALSE,0,NA,NA,0.1167,0.0497,0.2128
"MYYU","20730_SE",20730,"SE","Northern Region",56.78457,-124.88544,2024,TRUE,3,0,7e-04,0.1223,0.0493,0.2296
"MYYU","20730_SE",20730,"SE","Northern Region",56.78457,-124.88544,2025,TRUE,4,0,2e-04,0.1282,0.0512,0.2432
"MYYU","20730_SW",20730,"SW","Northern Region",56.76456,-124.98588,2017,FALSE,0,NA,NA,0.0914,0.0204,0.2182
"MYYU","20730_SW",20730,"SW","Northern Region",56.76456,-124.98588,2018,FALSE,0,NA,NA,0.0971,0.0438,0.1869
"MYYU","20730_SW",20730,"SW","Northern Region",56.76456,-124.98588,2019,FALSE,0,NA,NA,0.0972,0.0475,0.1717
"MYYU","20730_SW",20730,"SW","Northern Region",56.76456,-124.98588,2020,FALSE,0,NA,NA,0.0905,0.0404,0.1621
"MYYU","20730_SW",20730,"SW","Northern Region",56.76456,-124.98588,2021,FALSE,0,NA,NA,0.0992,0.0448,0.1762
"MYYU","20730_SW",20730,"SW","Northern Region",56.76456,-124.98588,2022,TRUE,3,0,0.0011,0.1094,0.0489,0.1944
"MYYU","20730_SW",20730,"SW","Northern Region",56.76456,-124.98588,2023,FALSE,0,NA,NA,0.1193,0.0515,0.2148
"MYYU","20730_SW",20730,"SW","Northern Region",56.76456,-124.98588,2024,FALSE,0,NA,NA,0.1255,0.0518,0.23
"MYYU","20730_SW",20730,"SW","Northern Region",56.76456,-124.98588,2025,TRUE,4,0,2e-04,0.1319,0.0533,0.2466
"MYYU","212266_NE",212266,"NE","Okanagan Region",50.751409,-120.480005,2017,TRUE,4,1,1,0.6503,0.3452,0.9094
"MYYU","212266_NE",212266,"NE","Okanagan Region",50.751409,-120.480005,2018,TRUE,4,1,1,0.5292,0.347,0.7218
"MYYU","212266_NE",212266,"NE","Okanagan Region",50.751409,-120.480005,2019,TRUE,4,1,1,0.478,0.3106,0.6637
"MYYU","212266_NE",212266,"NE","Okanagan Region",50.751409,-120.480005,2020,TRUE,4,0,0.0289,0.4161,0.2493,0.6035
"MYYU","212266_NE",212266,"NE","Okanagan Region",50.751409,-120.480005,2021,TRUE,4,0,0.0322,0.4781,0.3057,0.6613
"MYYU","212266_NE",212266,"NE","Okanagan Region",50.751409,-120.480005,2022,TRUE,4,1,1,0.5133,0.3367,0.7023
"MYYU","212266_NE",212266,"NE","Okanagan Region",50.751409,-120.480005,2023,TRUE,4,0,0.0364,0.5361,0.3479,0.7393
"MYYU","212266_NE",212266,"NE","Okanagan Region",50.751409,-120.480005,2024,TRUE,3,0,0.0309,0.5286,0.3439,0.7331
"MYYU","212266_NE",212266,"NE","Okanagan Region",50.751409,-120.480005,2025,TRUE,4,0,0.0176,0.5343,0.3535,0.737
"MYYU","212266_NW",212266,"NW","Okanagan Region",50.777508,-120.5598176,2017,TRUE,4,1,1,0.3326,0.0851,0.7
"MYYU","212266_NW",212266,"NW","Okanagan Region",50.777508,-120.5598176,2018,TRUE,4,1,1,0.2279,0.1379,0.3393
"MYYU","212266_NW",212266,"NW","Okanagan Region",50.777508,-120.5598176,2019,TRUE,4,1,1,0.2079,0.1203,0.3028
"MYYU","212266_NW",212266,"NW","Okanagan Region",50.777508,-120.5598176,2020,TRUE,3,0,0.0124,0.1902,0.1052,0.2769
"MYYU","212266_NW",212266,"NW","Okanagan Region",50.777508,-120.5598176,2021,TRUE,3,0,0.0124,0.2232,0.1368,0.3226
"MYYU","212266_NW",212266,"NW","Okanagan Region",50.777508,-120.5598176,2022,FALSE,0,NA,NA,0.2401,0.1516,0.346
"MYYU","212266_NW",212266,"NW","Okanagan Region",50.777508,-120.5598176,2023,TRUE,4,1,1,0.2475,0.1542,0.3638
"MYYU","212266_NW",212266,"NW","Okanagan Region",50.777508,-120.5598176,2024,TRUE,3,0,0.0178,0.2419,0.1552,0.3473
"MYYU","212266_NW",212266,"NW","Okanagan Region",50.777508,-120.5598176,2025,TRUE,3,1,1,0.2472,0.1595,0.3582
"MYYU","212266_SE",212266,"SE","Okanagan Region",50.714878,-120.492405,2017,FALSE,0,NA,NA,0.805,0.5738,0.9532
"MYYU","212266_SE",212266,"SE","Okanagan Region",50.714878,-120.492405,2018,TRUE,4,1,1,0.8406,0.7117,0.9326
"MYYU","212266_SE",212266,"SE","Okanagan Region",50.714878,-120.492405,2019,TRUE,3,1,1,0.8475,0.7405,0.9269
"MYYU","212266_SE",212266,"SE","Okanagan Region",50.714878,-120.492405,2020,TRUE,4,0,0.096,0.825,0.6959,0.9199
"MYYU","212266_SE",212266,"SE","Okanagan Region",50.714878,-120.492405,2021,TRUE,4,0,0.0996,0.8533,0.7413,0.9336
"MYYU","212266_SE",212266,"SE","Okanagan Region",50.714878,-120.492405,2022,TRUE,4,1,1,0.8737,0.7713,0.9459
"MYYU","212266_SE",212266,"SE","Okanagan Region",50.714878,-120.492405,2023,TRUE,4,1,1,0.8879,0.7867,0.9563
"MYYU","212266_SE",212266,"SE","Okanagan Region",50.714878,-120.492405,2024,TRUE,3,0,0.7336,0.8901,0.7897,0.9587
"MYYU","212266_SE",212266,"SE","Okanagan Region",50.714878,-120.492405,2025,TRUE,4,1,1,0.8935,0.7937,0.9613
"MYYU","212266_SW",212266,"SW","Okanagan Region",50.732357,-120.521811,2017,FALSE,0,NA,NA,0.797,0.5637,0.9492
"MYYU","212266_SW",212266,"SW","Okanagan Region",50.732357,-120.521811,2018,TRUE,4,1,1,0.8282,0.6971,0.9238
"MYYU","212266_SW",212266,"SW","Okanagan Region",50.732357,-120.521811,2019,TRUE,4,1,1,0.8318,0.7213,0.9161
"MYYU","212266_SW",212266,"SW","Okanagan Region",50.732357,-120.521811,2020,TRUE,3,0,0.2798,0.8046,0.6688,0.9077
"MYYU","212266_SW",212266,"SW","Okanagan Region",50.732357,-120.521811,2021,TRUE,2,0,0.3651,0.8352,0.7171,0.9228
"MYYU","212266_SW",212266,"SW","Okanagan Region",50.732357,-120.521811,2022,TRUE,4,1,1,0.8572,0.7473,0.9361
"MYYU","212266_SW",212266,"SW","Okanagan Region",50.732357,-120.521811,2023,TRUE,3,1,1,0.8728,0.7641,0.9477
"MYYU","212266_SW",212266,"SW","Okanagan Region",50.732357,-120.521811,2024,TRUE,4,1,1,0.8753,0.7686,0.9501
"MYYU","212266_SW",212266,"SW","Okanagan Region",50.732357,-120.521811,2025,TRUE,4,1,1,0.8791,0.7752,0.9536
"MYYU","212906_NW",212906,"NW","South Coastal Region",49.36971,-124.79984,2017,FALSE,0,NA,NA,0.5422,0.2905,0.7784
"MYYU","212906_NW",212906,"NW","South Coastal Region",49.36971,-124.79984,2018,TRUE,3,1,1,0.5926,0.4162,0.7488
"MYYU","212906_NW",212906,"NW","South Coastal Region",49.36971,-124.79984,2019,TRUE,4,0,0.1304,0.5806,0.3917,0.7598
"MYYU","212906_NW",212906,"NW","South Coastal Region",49.36971,-124.79984,2020,TRUE,4,1,1,0.5285,0.3207,0.7484
"MYYU","212906_NW",212906,"NW","South Coastal Region",49.36971,-124.79984,2021,FALSE,0,NA,NA,0.6,0.4134,0.7829
"MYYU","212906_NW",212906,"NW","South Coastal Region",49.36971,-124.79984,2022,TRUE,4,1,1,0.6341,0.4469,0.8093
"MYYU","212906_NW",212906,"NW","South Coastal Region",49.36971,-124.79984,2023,TRUE,4,1,1,0.6567,0.4675,0.8325
"MYYU","212906_NW",212906,"NW","South Coastal Region",49.36971,-124.79984,2024,TRUE,3,1,1,0.6471,0.4527,0.8283
"MYYU","212906_NW",212906,"NW","South Coastal Region",49.36971,-124.79984,2025,TRUE,4,1,1,0.6521,0.455,0.8344
"MYYU","212906_SE",212906,"SE","South Coastal Region",49.35175,-124.74136,2017,FALSE,0,NA,NA,0.6331,0.3507,0.8677
"MYYU","212906_SE",212906,"SE","South Coastal Region",49.35175,-124.74136,2018,TRUE,3,1,1,0.7421,0.5781,0.8692
"MYYU","212906_SE",212906,"SE","South Coastal Region",49.35175,-124.74136,2019,TRUE,4,1,1,0.7716,0.6187,0.8884
"MYYU","212906_SE",212906,"SE","South Coastal Region",49.35175,-124.74136,2020,TRUE,4,1,1,0.751,0.5648,0.8892
"MYYU","212906_SE",212906,"SE","South Coastal Region",49.35175,-124.74136,2021,FALSE,0,NA,NA,0.7951,0.623,0.9151
"MYYU","212906_SE",212906,"SE","South Coastal Region",49.35175,-124.74136,2022,TRUE,4,1,1,0.8236,0.6662,0.9332
"MYYU","212906_SE",212906,"SE","South Coastal Region",49.35175,-124.74136,2023,TRUE,4,1,1,0.8422,0.6849,0.947
"MYYU","212906_SE",212906,"SE","South Coastal Region",49.35175,-124.74136,2024,TRUE,4,1,1,0.8436,0.6832,0.9487
"MYYU","212906_SE",212906,"SE","South Coastal Region",49.35175,-124.74136,2025,TRUE,4,1,1,0.8482,0.6921,0.9508
"MYYU","212906_SW",212906,"SW","South Coastal Region",49.33595,-124.7423,2017,FALSE,0,NA,NA,0.5856,0.3702,0.7927
"MYYU","212906_SW",212906,"SW","South Coastal Region",49.33595,-124.7423,2018,TRUE,3,0,0.2573,0.7029,0.5632,0.821
"MYYU","212906_SW",212906,"SW","South Coastal Region",49.33595,-124.7423,2019,TRUE,4,1,1,0.7367,0.5872,0.8537
"MYYU","212906_SW",212906,"SW","South Coastal Region",49.33595,-124.7423,2020,TRUE,4,1,1,0.7165,0.5316,0.8616
"MYYU","212906_SW",212906,"SW","South Coastal Region",49.33595,-124.7423,2021,FALSE,0,NA,NA,0.765,0.6015,0.8922
"MYYU","212906_SW",212906,"SW","South Coastal Region",49.33595,-124.7423,2022,FALSE,0,NA,NA,0.7973,0.6432,0.9127
"MYYU","212906_SW",212906,"SW","South Coastal Region",49.33595,-124.7423,2023,TRUE,4,1,1,0.8184,0.6588,0.9313
"MYYU","212906_SW",212906,"SW","South Coastal Region",49.33595,-124.7423,2024,TRUE,3,1,1,0.8208,0.6615,0.9333
"MYYU","212906_SW",212906,"SW","South Coastal Region",49.33595,-124.7423,2025,TRUE,4,1,1,0.8257,0.6667,0.9371
"MYYU","216746_NW",216746,"NW","South Coastal Region",49.10675,-125.78544,2017,FALSE,0,NA,NA,0.7823,0.3898,0.9783
"MYYU","216746_NW",216746,"NW","South Coastal Region",49.10675,-125.78544,2018,TRUE,4,0,0.24,0.8835,0.6923,0.9764
"MYYU","216746_NW",216746,"NW","South Coastal Region",49.10675,-125.78544,2019,FALSE,0,NA,NA,0.9217,0.7968,0.9797
"MYYU","216746_NW",216746,"NW","South Coastal Region",49.10675,-125.78544,2020,FALSE,0,NA,NA,0.9321,0.8334,0.9819
"MYYU","216746_NW",216746,"NW","South Coastal Region",49.10675,-125.78544,2021,TRUE,4,1,1,0.9506,0.874,0.9887
"MYYU","216746_NW",216746,"NW","South Coastal Region",49.10675,-125.78544,2022,TRUE,3,1,1,0.9619,0.8993,0.9922
"MYYU","216746_NW",216746,"NW","South Coastal Region",49.10675,-125.78544,2023,FALSE,0,NA,NA,0.9687,0.9106,0.9945
"MYYU","216746_NW",216746,"NW","South Coastal Region",49.10675,-125.78544,2024,TRUE,3,1,1,0.9707,0.9157,0.9949
"MYYU","216746_NW",216746,"NW","South Coastal Region",49.10675,-125.78544,2025,TRUE,4,1,1,0.9722,0.9205,0.9951
"MYYU","216746_SE",216746,"SE","South Coastal Region",49.07768,-125.74644,2017,TRUE,4,0,0.0109,0.5398,0.2517,0.8206
"MYYU","216746_SE",216746,"SE","South Coastal Region",49.07768,-125.74644,2018,FALSE,0,NA,NA,0.6864,0.4802,0.8595
"MYYU","216746_SE",216746,"SE","South Coastal Region",49.07768,-125.74644,2019,TRUE,4,0,0.0111,0.7601,0.585,0.889
"MYYU","216746_SE",216746,"SE","South Coastal Region",49.07768,-125.74644,2020,TRUE,3,0,0.0036,0.7908,0.6298,0.9067
"MYYU","216746_SE",216746,"SE","South Coastal Region",49.07768,-125.74644,2021,TRUE,4,0,0.0013,0.8367,0.6935,0.9334
"MYYU","216746_SE",216746,"SE","South Coastal Region",49.07768,-125.74644,2022,TRUE,3,0,7e-04,0.8705,0.7411,0.9542
"MYYU","216746_SE",216746,"SE","South Coastal Region",49.07768,-125.74644,2023,TRUE,3,0,0.0024,0.8937,0.7766,0.9659
"MYYU","216746_SE",216746,"SE","South Coastal Region",49.07768,-125.74644,2024,TRUE,3,0,0.006,0.9056,0.7971,0.9716
"MYYU","216746_SE",216746,"SE","South Coastal Region",49.07768,-125.74644,2025,TRUE,4,0,0.0236,0.9145,0.8108,0.9763
"MYYU","218282_SE",218282,"SE","Kootenay Region",50.13833,-117.55672,2017,FALSE,0,NA,NA,0.5515,0.2935,0.7945
"MYYU","218282_SE",218282,"SE","Kootenay Region",50.13833,-117.55672,2018,FALSE,0,NA,NA,0.3374,0.1654,0.5459
"MYYU","218282_SE",218282,"SE","Kootenay Region",50.13833,-117.55672,2019,FALSE,0,NA,NA,0.3271,0.1847,0.4974
"MYYU","218282_SE",218282,"SE","Kootenay Region",50.13833,-117.55672,2020,TRUE,4,0,0.0102,0.2942,0.165,0.4552
"MYYU","218282_SE",218282,"SE","Kootenay Region",50.13833,-117.55672,2021,TRUE,4,0,0.008,0.3443,0.2062,0.5138
"MYYU","218282_SE",218282,"SE","Kootenay Region",50.13833,-117.55672,2022,TRUE,4,0,0.0071,0.3625,0.219,0.5359
"MYYU","218282_SE",218282,"SE","Kootenay Region",50.13833,-117.55672,2023,FALSE,0,NA,NA,0.3729,0.2258,0.5532
"MYYU","218282_SE",218282,"SE","Kootenay Region",50.13833,-117.55672,2024,TRUE,4,0,0.0082,0.3626,0.2183,0.5418
"MYYU","218282_SE",218282,"SE","Kootenay Region",50.13833,-117.55672,2025,TRUE,4,0,0.0118,0.3704,0.2257,0.5526
"MYYU","218282_SW",218282,"SW","Kootenay Region",50.15094,-117.6221,2017,FALSE,0,NA,NA,0.5924,0.2898,0.8643
"MYYU","218282_SW",218282,"SW","Kootenay Region",50.15094,-117.6221,2018,FALSE,0,NA,NA,0.5713,0.3947,0.7442
"MYYU","218282_SW",218282,"SW","Kootenay Region",50.15094,-117.6221,2019,FALSE,0,NA,NA,0.5398,0.383,0.695
"MYYU","218282_SW",218282,"SW","Kootenay Region",50.15094,-117.6221,2020,TRUE,4,1,1,0.4823,0.3017,0.6549
"MYYU","218282_SW",218282,"SW","Kootenay Region",50.15094,-117.6221,2021,TRUE,4,1,1,0.5261,0.3731,0.6758
"MYYU","218282_SW",218282,"SW","Kootenay Region",50.15094,-117.6221,2022,TRUE,4,1,1,0.5616,0.4157,0.7031
"MYYU","218282_SW",218282,"SW","Kootenay Region",50.15094,-117.6221,2023,TRUE,4,1,1,0.5896,0.4383,0.7303
"MYYU","218282_SW",218282,"SW","Kootenay Region",50.15094,-117.6221,2024,TRUE,4,1,1,0.5922,0.4342,0.7441
"MYYU","218282_SW",218282,"SW","Kootenay Region",50.15094,-117.6221,2025,TRUE,4,1,1,0.5994,0.4427,0.7532
"MYYU","219626_SW",219626,"SW","South Coastal Region",48.92819,-125.25,2017,FALSE,0,NA,NA,0.5931,0.3273,0.8389
"MYYU","219626_SW",219626,"SW","South Coastal Region",48.92819,-125.25,2018,FALSE,0,NA,NA,0.7311,0.545,0.881
"MYYU","219626_SW",219626,"SW","South Coastal Region",48.92819,-125.25,2019,FALSE,0,NA,NA,0.8021,0.6472,0.9144
"MYYU","219626_SW",219626,"SW","South Coastal Region",48.92819,-125.25,2020,FALSE,0,NA,NA,0.8362,0.6938,0.933
"MYYU","219626_SW",219626,"SW","South Coastal Region",48.92819,-125.25,2021,FALSE,0,NA,NA,0.876,0.751,0.9559
"MYYU","219626_SW",219626,"SW","South Coastal Region",48.92819,-125.25,2022,FALSE,0,NA,NA,0.905,0.7957,0.9705
"MYYU","219626_SW",219626,"SW","South Coastal Region",48.92819,-125.25,2023,FALSE,0,NA,NA,0.9246,0.8257,0.9793
"MYYU","219626_SW",219626,"SW","South Coastal Region",48.92819,-125.25,2024,TRUE,4,1,1,0.9354,0.8461,0.9835
"MYYU","219626_SW",219626,"SW","South Coastal Region",48.92819,-125.25,2025,TRUE,4,1,1,0.9432,0.8609,0.9863
"MYYU","226090_NE",226090,"NE","Okanagan Region",50.10929,-120.45236,2017,FALSE,0,NA,NA,0.3112,0.0732,0.6823
"MYYU","226090_NE",226090,"NE","Okanagan Region",50.10929,-120.45236,2018,FALSE,0,NA,NA,0.2601,0.1441,0.4157
"MYYU","226090_NE",226090,"NE","Okanagan Region",50.10929,-120.45236,2019,TRUE,4,0,0.0364,0.2285,0.1227,0.3618
"MYYU","226090_NE",226090,"NE","Okanagan Region",50.10929,-120.45236,2020,TRUE,2,1,1,0.1982,0.0994,0.3253
"MYYU","226090_NE",226090,"NE","Okanagan Region",50.10929,-120.45236,2021,TRUE,3,0,0.0353,0.2328,0.1197,0.3745
"MYYU","226090_NE",226090,"NE","Okanagan Region",50.10929,-120.45236,2022,TRUE,2,0,0.0762,0.2559,0.1366,0.4118
"MYYU","226090_NE",226090,"NE","Okanagan Region",50.10929,-120.45236,2023,TRUE,3,1,1,0.2705,0.1456,0.4405
"MYYU","226090_NE",226090,"NE","Okanagan Region",50.10929,-120.45236,2024,FALSE,0,NA,NA,0.2663,0.1426,0.4297
"MYYU","226090_NE",226090,"NE","Okanagan Region",50.10929,-120.45236,2025,TRUE,2,0,0.0729,0.2708,0.1472,0.4309
"MYYU","226090_NW",226090,"NW","Okanagan Region",50.0999,-120.50647,2017,FALSE,0,NA,NA,0.6891,0.3795,0.9274
"MYYU","226090_NW",226090,"NW","Okanagan Region",50.0999,-120.50647,2018,TRUE,2,0,0.0989,0.6399,0.4758,0.798
"MYYU","226090_NW",226090,"NW","Okanagan Region",50.0999,-120.50647,2019,TRUE,4,0,0.0142,0.5987,0.4482,0.7464
"MYYU","226090_NW",226090,"NW","Okanagan Region",50.0999,-120.50647,2020,TRUE,4,0,0.0051,0.5321,0.3599,0.7004
"MYYU","226090_NW",226090,"NW","Okanagan Region",50.0999,-120.50647,2021,TRUE,4,0,0.0153,0.5859,0.4257,0.7323
"MYYU","226090_NW",226090,"NW","Okanagan Region",50.0999,-120.50647,2022,TRUE,3,1,1,0.6229,0.4684,0.7651
"MYYU","226090_NW",226090,"NW","Okanagan Region",50.0999,-120.50647,2023,TRUE,4,0,0.138,0.649,0.4868,0.7998
"MYYU","226090_NW",226090,"NW","Okanagan Region",50.0999,-120.50647,2024,FALSE,0,NA,NA,0.6468,0.4871,0.7978
"MYYU","226090_NW",226090,"NW","Okanagan Region",50.0999,-120.50647,2025,TRUE,3,1,1,0.6523,0.4973,0.8043
"MYYU","226090_SE",226090,"SE","Okanagan Region",50.07156,-120.42266,2017,FALSE,0,NA,NA,0.2711,0.047,0.6772
"MYYU","226090_SE",226090,"SE","Okanagan Region",50.07156,-120.42266,2018,TRUE,2,0,0.0407,0.2047,0.1136,0.3275
"MYYU","226090_SE",226090,"SE","Okanagan Region",50.07156,-120.42266,2019,TRUE,4,0,0.0142,0.1791,0.0937,0.2843
"MYYU","226090_SE",226090,"SE","Okanagan Region",50.07156,-120.42266,2020,TRUE,4,0,0.0053,0.1598,0.0782,0.2609
"MYYU","226090_SE",226090,"SE","Okanagan Region",50.07156,-120.42266,2021,TRUE,3,0,0.0087,0.1883,0.0973,0.3008
"MYYU","226090_SE",226090,"SE","Okanagan Region",50.07156,-120.42266,2022,TRUE,3,0,0.0102,0.206,0.1118,0.3326
"MYYU","226090_SE",226090,"SE","Okanagan Region",50.07156,-120.42266,2023,FALSE,0,NA,NA,0.2152,0.1147,0.3487
"MYYU","226090_SE",226090,"SE","Okanagan Region",50.07156,-120.42266,2024,FALSE,0,NA,NA,0.2109,0.1155,0.3376
"MYYU","226090_SE",226090,"SE","Okanagan Region",50.07156,-120.42266,2025,TRUE,2,0,0.0347,0.2151,0.1176,0.3462
"MYYU","230186_NE",230186,"NE","Okanagan Region",49.01457,-121.07198,2017,FALSE,0,NA,NA,0.6791,0.3744,0.9116
"MYYU","230186_NE",230186,"NE","Okanagan Region",49.01457,-121.07198,2018,TRUE,4,1,1,0.6867,0.5166,0.8368
"MYYU","230186_NE",230186,"NE","Okanagan Region",49.01457,-121.07198,2019,TRUE,4,1,1,0.67,0.504,0.8134
"MYYU","230186_NE",230186,"NE","Okanagan Region",49.01457,-121.07198,2020,TRUE,4,1,1,0.6175,0.4186,0.7931
"MYYU","230186_NE",230186,"NE","Okanagan Region",49.01457,-121.07198,2021,TRUE,4,1,1,0.6636,0.4903,0.818
"MYYU","230186_NE",230186,"NE","Okanagan Region",49.01457,-121.07198,2022,FALSE,0,NA,NA,0.697,0.5281,0.8408
"MYYU","230186_NE",230186,"NE","Okanagan Region",49.01457,-121.07198,2023,FALSE,0,NA,NA,0.7212,0.5524,0.8659
"MYYU","230186_NE",230186,"NE","Okanagan Region",49.01457,-121.07198,2024,TRUE,4,1,1,0.7232,0.5533,0.8648
"MYYU","230186_NE",230186,"NE","Okanagan Region",49.01457,-121.07198,2025,FALSE,0,NA,NA,0.7287,0.5622,0.8702
"MYYU","230186_SE",230186,"SE","Okanagan Region",48.97511,-121.08329,2017,FALSE,0,NA,NA,0.5929,0.1839,0.9195
"MYYU","230186_SE",230186,"SE","Okanagan Region",48.97511,-121.08329,2018,TRUE,4,1,1,0.6375,0.3787,0.8557
"MYYU","230186_SE",230186,"SE","Okanagan Region",48.97511,-121.08329,2019,TRUE,4,1,1,0.6412,0.4073,0.8377
"MYYU","230186_SE",230186,"SE","Okanagan Region",48.97511,-121.08329,2020,TRUE,4,1,1,0.6067,0.3605,0.825
"MYYU","230186_SE",230186,"SE","Okanagan Region",48.97511,-121.08329,2021,TRUE,4,1,1,0.6494,0.4063,0.8518
"MYYU","230186_SE",230186,"SE","Okanagan Region",48.97511,-121.08329,2022,FALSE,0,NA,NA,0.6816,0.4337,0.8759
"MYYU","230186_SE",230186,"SE","Okanagan Region",48.97511,-121.08329,2023,TRUE,4,1,1,0.7058,0.4548,0.8974
"MYYU","230186_SE",230186,"SE","Okanagan Region",48.97511,-121.08329,2024,TRUE,4,1,1,0.7116,0.4588,0.9015
"MYYU","230186_SE",230186,"SE","Okanagan Region",48.97511,-121.08329,2025,FALSE,0,NA,NA,0.7188,0.4663,0.9055
"MYYU","241002_NE",241002,"NE","Kootenay Region",51.03817,-118.1357,2017,TRUE,4,0,0.0011,0.0633,0.004,0.2545
"MYYU","241002_NE",241002,"NE","Kootenay Region",51.03817,-118.1357,2018,TRUE,3,0,0.0036,0.0725,0.0246,0.1574
"MYYU","241002_NE",241002,"NE","Kootenay Region",51.03817,-118.1357,2019,TRUE,4,0,9e-04,0.0629,0.0195,0.13
"MYYU","241002_NE",241002,"NE","Kootenay Region",51.03817,-118.1357,2020,TRUE,4,0,0.0018,0.0596,0.018,0.1288
"MYYU","241002_NE",241002,"NE","Kootenay Region",51.03817,-118.1357,2021,TRUE,4,0,2e-04,0.067,0.0218,0.1409
"MYYU","241002_NE",241002,"NE","Kootenay Region",51.03817,-118.1357,2022,TRUE,4,0,4e-04,0.0734,0.0249,0.1554
"MYYU","241002_NE",241002,"NE","Kootenay Region",51.03817,-118.1357,2023,TRUE,4,0,0.0011,0.0746,0.0256,0.1554
"MYYU","241002_NE",241002,"NE","Kootenay Region",51.03817,-118.1357,2024,TRUE,4,0,0.0013,0.0749,0.0258,0.1552
"MYYU","241002_NE",241002,"NE","Kootenay Region",51.03817,-118.1357,2025,TRUE,4,0,2e-04,0.0765,0.0265,0.1615
"MYYU","241002_NW",241002,"NW","Kootenay Region",51.01597,-118.20292,2017,TRUE,4,0,0.0209,0.7061,0.4155,0.9171
"MYYU","241002_NW",241002,"NW","Kootenay Region",51.01597,-118.20292,2018,TRUE,4,0,0.0033,0.675,0.5035,0.8275
"MYYU","241002_NW",241002,"NW","Kootenay Region",51.01597,-118.20292,2019,TRUE,4,0,0.0044,0.6411,0.4648,0.7898
"MYYU","241002_NW",241002,"NW","Kootenay Region",51.01597,-118.20292,2020,TRUE,4,0,0.0029,0.58,0.3731,0.7577
"MYYU","241002_NW",241002,"NW","Kootenay Region",51.01597,-118.20292,2021,TRUE,4,0,0.002,0.6272,0.445,0.7837
"MYYU","241002_NW",241002,"NW","Kootenay Region",51.01597,-118.20292,2022,TRUE,4,0,7e-04,0.6614,0.4874,0.8123
"MYYU","241002_NW",241002,"NW","Kootenay Region",51.01597,-118.20292,2023,TRUE,4,0,0.0091,0.6866,0.5073,0.8384
"MYYU","241002_NW",241002,"NW","Kootenay Region",51.01597,-118.20292,2024,TRUE,4,1,1,0.6865,0.5057,0.8426
"MYYU","241002_NW",241002,"NW","Kootenay Region",51.01597,-118.20292,2025,TRUE,4,1,1,0.6923,0.5089,0.848
"MYYU","243562_NE",243562,"NE","Kootenay Region",49.69966,-115.98498,2017,TRUE,4,0,0.0147,0.2777,0.0783,0.5637
"MYYU","243562_NE",243562,"NE","Kootenay Region",49.69966,-115.98498,2018,FALSE,0,NA,NA,0.1994,0.0973,0.3497
"MYYU","243562_NE",243562,"NE","Kootenay Region",49.69966,-115.98498,2019,TRUE,4,0,0.0089,0.1913,0.0948,0.2987
"MYYU","243562_NE",243562,"NE","Kootenay Region",49.69966,-115.98498,2020,TRUE,4,0,0.0084,0.1827,0.0871,0.2879
"MYYU","243562_NE",243562,"NE","Kootenay Region",49.69966,-115.98498,2021,TRUE,3,0,0.0098,0.2041,0.1099,0.3148
"MYYU","243562_NE",243562,"NE","Kootenay Region",49.69966,-115.98498,2022,FALSE,0,NA,NA,0.2163,0.1201,0.3334
"MYYU","243562_NE",243562,"NE","Kootenay Region",49.69966,-115.98498,2023,TRUE,3,0,0.0113,0.2167,0.1212,0.3294
"MYYU","243562_NE",243562,"NE","Kootenay Region",49.69966,-115.98498,2024,TRUE,2,0,0.0527,0.2168,0.118,0.3374
"MYYU","243562_NE",243562,"NE","Kootenay Region",49.69966,-115.98498,2025,TRUE,4,0,0.006,0.2208,0.1259,0.341
"MYYU","243562_SE",243562,"SE","Kootenay Region",49.65068,-115.94692,2017,TRUE,4,0,0.0156,0.2944,0.1002,0.5479
"MYYU","243562_SE",243562,"SE","Kootenay Region",49.65068,-115.94692,2018,FALSE,0,NA,NA,0.2602,0.1534,0.3993
"MYYU","243562_SE",243562,"SE","Kootenay Region",49.65068,-115.94692,2019,TRUE,4,0,0.0098,0.2305,0.1353,0.3431
"MYYU","243562_SE",243562,"SE","Kootenay Region",49.65068,-115.94692,2020,FALSE,0,NA,NA,0.1989,0.1112,0.306
"MYYU","243562_SE",243562,"SE","Kootenay Region",49.65068,-115.94692,2021,TRUE,3,0,0.0067,0.2312,0.1337,0.3486
"MYYU","243562_SE",243562,"SE","Kootenay Region",49.65068,-115.94692,2022,TRUE,2,0,0.0184,0.2551,0.1485,0.3819
"MYYU","243562_SE",243562,"SE","Kootenay Region",49.65068,-115.94692,2023,TRUE,4,0,0.0024,0.2714,0.1564,0.411
"MYYU","243562_SE",243562,"SE","Kootenay Region",49.65068,-115.94692,2024,FALSE,0,NA,NA,0.2688,0.1569,0.4085
"MYYU","243562_SE",243562,"SE","Kootenay Region",49.65068,-115.94692,2025,TRUE,4,0,0.0064,0.2733,0.1611,0.4149
"MYYU","252394_NW",252394,"NW","South Coastal Region",48.79865,-125.16568,2017,FALSE,0,NA,NA,0.6738,0.4521,0.8567
"MYYU","252394_NW",252394,"NW","South Coastal Region",48.79865,-125.16568,2018,FALSE,0,NA,NA,0.7952,0.6568,0.9048
"MYYU","252394_NW",252394,"NW","South Coastal Region",48.79865,-125.16568,2019,FALSE,0,NA,NA,0.8557,0.7455,0.9331
"MYYU","252394_NW",252394,"NW","South Coastal Region",48.79865,-125.16568,2020,FALSE,0,NA,NA,0.884,0.7901,0.9485
"MYYU","252394_NW",252394,"NW","South Coastal Region",48.79865,-125.16568,2021,FALSE,0,NA,NA,0.9153,0.8345,0.9671
"MYYU","252394_NW",252394,"NW","South Coastal Region",48.79865,-125.16568,2022,FALSE,0,NA,NA,0.9371,0.8702,0.9782
"MYYU","252394_NW",252394,"NW","South Coastal Region",48.79865,-125.16568,2023,FALSE,0,NA,NA,0.9512,0.8915,0.9852
"MYYU","252394_NW",252394,"NW","South Coastal Region",48.79865,-125.16568,2024,TRUE,4,1,1,0.9583,0.9049,0.988
"MYYU","252394_NW",252394,"NW","South Coastal Region",48.79865,-125.16568,2025,TRUE,4,1,1,0.9634,0.9139,0.9902
"MYYU","26170_NE",26170,"NE","Northern Region",53.62052,-132.20883,2017,FALSE,0,NA,NA,0.4356,0.1313,0.7389
"MYYU","26170_NE",26170,"NE","Northern Region",53.62052,-132.20883,2018,FALSE,0,NA,NA,0.4759,0.2216,0.7397
"MYYU","26170_NE",26170,"NE","Northern Region",53.62052,-132.20883,2019,FALSE,0,NA,NA,0.5039,0.2771,0.7376
"MYYU","26170_NE",26170,"NE","Northern Region",53.62052,-132.20883,2020,FALSE,0,NA,NA,0.5212,0.3124,0.7349
"MYYU","26170_NE",26170,"NE","Northern Region",53.62052,-132.20883,2021,FALSE,0,NA,NA,0.5485,0.3464,0.7458
"MYYU","26170_NE",26170,"NE","Northern Region",53.62052,-132.20883,2022,TRUE,4,1,1,0.5769,0.3795,0.7605
"MYYU","26170_NE",26170,"NE","Northern Region",53.62052,-132.20883,2023,TRUE,4,0,0.8562,0.6031,0.4098,0.7776
"MYYU","26170_NE",26170,"NE","Northern Region",53.62052,-132.20883,2024,TRUE,3,1,1,0.6255,0.4346,0.796
"MYYU","26170_NE",26170,"NE","Northern Region",53.62052,-132.20883,2025,TRUE,4,1,1,0.6466,0.4558,0.8112
"MYYU","26170_NW",26170,"NW","Northern Region",53.60452,-132.28837,2017,FALSE,0,NA,NA,0.407,0.1179,0.7123
"MYYU","26170_NW",26170,"NW","Northern Region",53.60452,-132.28837,2018,FALSE,0,NA,NA,0.4472,0.2035,0.7133
"MYYU","26170_NW",26170,"NW","Northern Region",53.60452,-132.28837,2019,FALSE,0,NA,NA,0.4754,0.2524,0.7136
"MYYU","26170_NW",26170,"NW","Northern Region",53.60452,-132.28837,2020,FALSE,0,NA,NA,0.4931,0.2874,0.7105
"MYYU","26170_NW",26170,"NW","Northern Region",53.60452,-132.28837,2021,FALSE,0,NA,NA,0.5208,0.3221,0.7232
"MYYU","26170_NW",26170,"NW","Northern Region",53.60452,-132.28837,2022,TRUE,3,0,0.0016,0.5495,0.3531,0.7401
"MYYU","26170_NW",26170,"NW","Northern Region",53.60452,-132.28837,2023,TRUE,4,0,0.0084,0.5762,0.3838,0.7592
"MYYU","26170_NW",26170,"NW","Northern Region",53.60452,-132.28837,2024,FALSE,0,NA,NA,0.5992,0.4064,0.7766
"MYYU","26170_NW",26170,"NW","Northern Region",53.60452,-132.28837,2025,TRUE,4,1,1,0.6209,0.4258,0.7978
"MYYU","26170_SE",26170,"SE","Northern Region",53.58901,-132.17695,2017,FALSE,0,NA,NA,0.3924,0.1109,0.7032
"MYYU","26170_SE",26170,"SE","Northern Region",53.58901,-132.17695,2018,FALSE,0,NA,NA,0.4317,0.1902,0.7058
"MYYU","26170_SE",26170,"SE","Northern Region",53.58901,-132.17695,2019,FALSE,0,NA,NA,0.4595,0.2396,0.7066
"MYYU","26170_SE",26170,"SE","Northern Region",53.58901,-132.17695,2020,FALSE,0,NA,NA,0.4776,0.2734,0.7061
"MYYU","26170_SE",26170,"SE","Northern Region",53.58901,-132.17695,2021,FALSE,0,NA,NA,0.505,0.3071,0.7133
"MYYU","26170_SE",26170,"SE","Northern Region",53.58901,-132.17695,2022,TRUE,4,1,1,0.5335,0.3406,0.7259
"MYYU","26170_SE",26170,"SE","Northern Region",53.58901,-132.17695,2023,TRUE,4,0,0.8691,0.5601,0.3703,0.744
"MYYU","26170_SE",26170,"SE","Northern Region",53.58901,-132.17695,2024,TRUE,4,1,1,0.5833,0.3932,0.7633
"MYYU","26170_SE",26170,"SE","Northern Region",53.58901,-132.17695,2025,TRUE,4,1,1,0.6053,0.4157,0.783
"MYYU","26170_SW",26170,"SW","Northern Region",53.56895,-132.23042,2017,FALSE,0,NA,NA,0.2994,0.057,0.6397
"MYYU","26170_SW",26170,"SW","Northern Region",53.56895,-132.23042,2018,FALSE,0,NA,NA,0.2971,0.1288,0.5328
"MYYU","26170_SW",26170,"SW","Northern Region",53.56895,-132.23042,2019,FALSE,0,NA,NA,0.2836,0.1357,0.4874
"MYYU","26170_SW",26170,"SW","Northern Region",53.56895,-132.23042,2020,FALSE,0,NA,NA,0.2537,0.1111,0.4546
"MYYU","26170_SW",26170,"SW","Northern Region",53.56895,-132.23042,2021,FALSE,0,NA,NA,0.2708,0.1233,0.4712
"MYYU","26170_SW",26170,"SW","Northern Region",53.56895,-132.23042,2022,TRUE,4,0,0.0022,0.2906,0.1314,0.5017
"MYYU","26170_SW",26170,"SW","Northern Region",53.56895,-132.23042,2023,TRUE,4,0,0.0102,0.3087,0.1338,0.5397
"MYYU","26170_SW",26170,"SW","Northern Region",53.56895,-132.23042,2024,TRUE,4,1,1,0.3168,0.1376,0.5569
"MYYU","26170_SW",26170,"SW","Northern Region",53.56895,-132.23042,2025,TRUE,4,1,1,0.3258,0.1356,0.5727
"MYYU","265749_NE",265749,"NE","Okanagan Region",49.15892,-119.03758,2017,FALSE,0,NA,NA,0.3193,0.0789,0.6841
"MYYU","265749_NE",265749,"NE","Okanagan Region",49.15892,-119.03758,2018,TRUE,2,0,0.0711,0.2315,0.0953,0.4167
"MYYU","265749_NE",265749,"NE","Okanagan Region",49.15892,-119.03758,2019,TRUE,4,0,0.0191,0.229,0.1091,0.3535
"MYYU","265749_NE",265749,"NE","Okanagan Region",49.15892,-119.03758,2020,TRUE,4,0,0.0218,0.2198,0.1032,0.3411
"MYYU","265749_NE",265749,"NE","Okanagan Region",49.15892,-119.03758,2021,TRUE,4,0,0.0091,0.2428,0.1306,0.3662
"MYYU","265749_NE",265749,"NE","Okanagan Region",49.15892,-119.03758,2022,TRUE,4,0,0.0124,0.2538,0.1418,0.3805
"MYYU","265749_NE",265749,"NE","Okanagan Region",49.15892,-119.03758,2023,TRUE,4,0,0.0062,0.2535,0.1408,0.3744
"MYYU","265749_NE",265749,"NE","Okanagan Region",49.15892,-119.03758,2024,FALSE,0,NA,NA,0.2542,0.141,0.3794
"MYYU","265749_NE",265749,"NE","Okanagan Region",49.15892,-119.03758,2025,FALSE,0,NA,NA,0.2583,0.1473,0.3874
"MYYU","265749_NW",265749,"NW","Okanagan Region",49.16674,-119.10324,2017,FALSE,0,NA,NA,0.4331,0.1142,0.8276
"MYYU","265749_NW",265749,"NW","Okanagan Region",49.16674,-119.10324,2018,TRUE,2,1,1,0.328,0.1955,0.506
"MYYU","265749_NW",265749,"NW","Okanagan Region",49.16674,-119.10324,2019,TRUE,4,0,0.028,0.2877,0.1661,0.4342
"MYYU","265749_NW",265749,"NW","Okanagan Region",49.16674,-119.10324,2020,TRUE,4,1,1,0.2508,0.1367,0.3921
"MYYU","265749_NW",265749,"NW","Okanagan Region",49.16674,-119.10324,2021,TRUE,4,1,1,0.2951,0.1704,0.4372
"MYYU","265749_NW",265749,"NW","Okanagan Region",49.16674,-119.10324,2022,TRUE,4,0,0.0216,0.3213,0.1903,0.477
"MYYU","265749_NW",265749,"NW","Okanagan Region",49.16674,-119.10324,2023,TRUE,4,1,1,0.3374,0.202,0.5043
"MYYU","265749_NW",265749,"NW","Okanagan Region",49.16674,-119.10324,2024,TRUE,4,1,1,0.3306,0.1994,0.4931
"MYYU","265749_NW",265749,"NW","Okanagan Region",49.16674,-119.10324,2025,TRUE,4,0,0.0111,0.3357,0.2037,0.5055
"MYYU","265749_SE",265749,"SE","Okanagan Region",49.11153,-118.97698,2017,FALSE,0,NA,NA,0.6534,0.3803,0.8874
"MYYU","265749_SE",265749,"SE","Okanagan Region",49.11153,-118.97698,2018,TRUE,2,0,0.1118,0.4968,0.3433,0.6587
"MYYU","265749_SE",265749,"SE","Okanagan Region",49.11153,-118.97698,2019,TRUE,4,0,0.0202,0.4468,0.3146,0.5873
"MYYU","265749_SE",265749,"SE","Okanagan Region",49.11153,-118.97698,2020,TRUE,4,0,0.0113,0.3918,0.2576,0.5358
"MYYU","265749_SE",265749,"SE","Okanagan Region",49.11153,-118.97698,2021,TRUE,4,0,0.0071,0.4608,0.332,0.5844
"MYYU","265749_SE",265749,"SE","Okanagan Region",49.11153,-118.97698,2022,TRUE,4,0,0.0071,0.4938,0.3659,0.6256
"MYYU","265749_SE",265749,"SE","Okanagan Region",49.11153,-118.97698,2023,TRUE,4,0,0.0151,0.514,0.3779,0.6681
"MYYU","265749_SE",265749,"SE","Okanagan Region",49.11153,-118.97698,2024,TRUE,4,1,1,0.502,0.3738,0.6421
"MYYU","265749_SE",265749,"SE","Okanagan Region",49.11153,-118.97698,2025,TRUE,4,0,0.0316,0.5074,0.3772,0.6526
"MYYU","265749_SW",265749,"SW","Okanagan Region",49.11337,-119.05299,2017,FALSE,0,NA,NA,0.418,0.133,0.7791
"MYYU","265749_SW",265749,"SW","Okanagan Region",49.11337,-119.05299,2018,TRUE,2,0,0.0667,0.239,0.0959,0.4227
"MYYU","265749_SW",265749,"SW","Okanagan Region",49.11337,-119.05299,2019,TRUE,4,0,0.0024,0.2643,0.134,0.4029
"MYYU","265749_SW",265749,"SW","Okanagan Region",49.11337,-119.05299,2020,TRUE,4,1,1,0.2438,0.1229,0.3617
"MYYU","265749_SW",265749,"SW","Okanagan Region",49.11337,-119.05299,2021,TRUE,3,0,0.0011,0.275,0.1557,0.4044
"MYYU","265749_SW",265749,"SW","Okanagan Region",49.11337,-119.05299,2022,TRUE,4,1,1,0.2838,0.1701,0.4073
"MYYU","265749_SW",265749,"SW","Okanagan Region",49.11337,-119.05299,2023,TRUE,4,0,0,0.2852,0.1669,0.4071
"MYYU","265749_SW",265749,"SW","Okanagan Region",49.11337,-119.05299,2024,TRUE,4,1,1,0.2839,0.169,0.4072
"MYYU","265749_SW",265749,"SW","Okanagan Region",49.11337,-119.05299,2025,TRUE,4,0,0.0011,0.2891,0.1721,0.4182
"MYYU","268521_NE",268521,"NE","Kootenay Region",49.49916,-115.03962,2017,FALSE,0,NA,NA,0.4297,0.1314,0.7844
"MYYU","268521_NE",268521,"NE","Kootenay Region",49.49916,-115.03962,2018,FALSE,0,NA,NA,0.3175,0.1934,0.4737
"MYYU","268521_NE",268521,"NE","Kootenay Region",49.49916,-115.03962,2019,TRUE,4,0,0.01,0.2752,0.1685,0.3985
"MYYU","268521_NE",268521,"NE","Kootenay Region",49.49916,-115.03962,2020,TRUE,4,0,0.0058,0.2396,0.1406,0.3543
"MYYU","268521_NE",268521,"NE","Kootenay Region",49.49916,-115.03962,2021,FALSE,0,NA,NA,0.2725,0.1723,0.3878
"MYYU","268521_NE",268521,"NE","Kootenay Region",49.49916,-115.03962,2022,TRUE,4,0,0.004,0.2941,0.1908,0.4174
"MYYU","268521_NE",268521,"NE","Kootenay Region",49.49916,-115.03962,2023,TRUE,3,0,0.0147,0.3065,0.1957,0.4381
"MYYU","268521_NE",268521,"NE","Kootenay Region",49.49916,-115.03962,2024,TRUE,4,0,0.004,0.299,0.192,0.433
"MYYU","268521_NE",268521,"NE","Kootenay Region",49.49916,-115.03962,2025,TRUE,3,0,0.0149,0.3043,0.2001,0.4404
"MYYU","268521_NW",268521,"NW","Kootenay Region",49.48855,-115.09812,2017,FALSE,0,NA,NA,0.3108,0.1108,0.5626
"MYYU","268521_NW",268521,"NW","Kootenay Region",49.48855,-115.09812,2018,FALSE,0,NA,NA,0.2461,0.1504,0.3623
"MYYU","268521_NW",268521,"NW","Kootenay Region",49.48855,-115.09812,2019,TRUE,4,0,0.0049,0.2152,0.1309,0.3111
"MYYU","268521_NW",268521,"NW","Kootenay Region",49.48855,-115.09812,2020,FALSE,0,NA,NA,0.1892,0.1093,0.2794
"MYYU","268521_NW",268521,"NW","Kootenay Region",49.48855,-115.09812,2021,TRUE,2,0,0.0124,0.2225,0.1356,0.322
"MYYU","268521_NW",268521,"NW","Kootenay Region",49.48855,-115.09812,2022,TRUE,4,0,9e-04,0.2442,0.1527,0.3508
"MYYU","268521_NW",268521,"NW","Kootenay Region",49.48855,-115.09812,2023,TRUE,4,0,0.0018,0.2568,0.1579,0.3763
"MYYU","268521_NW",268521,"NW","Kootenay Region",49.48855,-115.09812,2024,TRUE,4,0,9e-04,0.2519,0.1572,0.3675
"MYYU","268521_NW",268521,"NW","Kootenay Region",49.48855,-115.09812,2025,TRUE,4,0,0.0031,0.2564,0.1619,0.3744
"MYYU","268521_SE",268521,"SE","Kootenay Region",49.44083,-115.05634,2017,FALSE,0,NA,NA,0.5862,0.1542,0.9419
"MYYU","268521_SE",268521,"SE","Kootenay Region",49.44083,-115.05634,2018,FALSE,0,NA,NA,0.5225,0.299,0.7661
"MYYU","268521_SE",268521,"SE","Kootenay Region",49.44083,-115.05634,2019,TRUE,4,0,0.014,0.4819,0.2756,0.7046
"MYYU","268521_SE",268521,"SE","Kootenay Region",49.44083,-115.05634,2020,TRUE,4,0,0.0029,0.4269,0.2233,0.6648
"MYYU","268521_SE",268521,"SE","Kootenay Region",49.44083,-115.05634,2021,TRUE,2,0,0.0793,0.4743,0.2723,0.6928
"MYYU","268521_SE",268521,"SE","Kootenay Region",49.44083,-115.05634,2022,TRUE,4,1,1,0.5084,0.2972,0.724
"MYYU","268521_SE",268521,"SE","Kootenay Region",49.44083,-115.05634,2023,TRUE,4,0,0.02,0.5342,0.3186,0.7505
"MYYU","268521_SE",268521,"SE","Kootenay Region",49.44083,-115.05634,2024,TRUE,4,0,0.004,0.5327,0.3094,0.7641
"MYYU","268521_SE",268521,"SE","Kootenay Region",49.44083,-115.05634,2025,TRUE,4,0,0.0053,0.5396,0.3166,0.7709
"MYYU","269777_NW",269777,"NW","Northern Region",57.04083,-122.86281,2017,TRUE,4,0,4e-04,0.0094,2e-04,0.0505
"MYYU","269777_NW",269777,"NW","Northern Region",57.04083,-122.86281,2018,TRUE,4,0,2e-04,0.0093,0.0025,0.0248
"MYYU","269777_NW",269777,"NW","Northern Region",57.04083,-122.86281,2019,TRUE,3,0,2e-04,0.0083,0.002,0.0221
"MYYU","269777_NW",269777,"NW","Northern Region",57.04083,-122.86281,2020,TRUE,4,0,0,0.0076,0.0016,0.0209
"MYYU","269777_NW",269777,"NW","Northern Region",57.04083,-122.86281,2021,FALSE,0,NA,NA,0.0088,0.0021,0.0238
"MYYU","269777_NW",269777,"NW","Northern Region",57.04083,-122.86281,2022,FALSE,0,NA,NA,0.0099,0.0024,0.027
"MYYU","269777_NW",269777,"NW","Northern Region",57.04083,-122.86281,2023,FALSE,0,NA,NA,0.0104,0.0025,0.0285
"MYYU","269777_NW",269777,"NW","Northern Region",57.04083,-122.86281,2024,FALSE,0,NA,NA,0.0105,0.0024,0.0287
"MYYU","269777_NW",269777,"NW","Northern Region",57.04083,-122.86281,2025,FALSE,0,NA,NA,0.0107,0.0025,0.0285
"MYYU","269777_SW",269777,"SW","Northern Region",57.01497,-122.80521,2017,TRUE,4,0,9e-04,0.0405,0.0052,0.128
"MYYU","269777_SW",269777,"SW","Northern Region",57.01497,-122.80521,2018,TRUE,4,0,2e-04,0.0391,0.0157,0.0849
"MYYU","269777_SW",269777,"SW","Northern Region",57.01497,-122.80521,2019,TRUE,4,0,2e-04,0.0362,0.0136,0.0727
"MYYU","269777_SW",269777,"SW","Northern Region",57.01497,-122.80521,2020,TRUE,4,0,2e-04,0.0319,0.0109,0.0694
"MYYU","269777_SW",269777,"SW","Northern Region",57.01497,-122.80521,2021,FALSE,0,NA,NA,0.0366,0.0133,0.0776
"MYYU","269777_SW",269777,"SW","Northern Region",57.01497,-122.80521,2022,FALSE,0,NA,NA,0.0415,0.0148,0.0892
"MYYU","269777_SW",269777,"SW","Northern Region",57.01497,-122.80521,2023,FALSE,0,NA,NA,0.0453,0.016,0.0985
"MYYU","269777_SW",269777,"SW","Northern Region",57.01497,-122.80521,2024,FALSE,0,NA,NA,0.0466,0.0161,0.1055
"MYYU","269777_SW",269777,"SW","Northern Region",57.01497,-122.80521,2025,FALSE,0,NA,NA,0.0483,0.0162,0.1118
"MYYU","271731_SW",271731,"SW","Kootenay Region",51.24146,-117.64962,2017,TRUE,4,0,0.0078,0.3311,0.1247,0.5879
"MYYU","271731_SW",271731,"SW","Kootenay Region",51.24146,-117.64962,2018,TRUE,3,0,0.0062,0.3087,0.184,0.4669
"MYYU","271731_SW",271731,"SW","Kootenay Region",51.24146,-117.64962,2019,TRUE,4,0,0.004,0.2802,0.1651,0.418
"MYYU","271731_SW",271731,"SW","Kootenay Region",51.24146,-117.64962,2020,TRUE,4,0,0.0022,0.2416,0.1339,0.375
"MYYU","271731_SW",271731,"SW","Kootenay Region",51.24146,-117.64962,2021,TRUE,4,0,0.0016,0.2756,0.1632,0.4148
"MYYU","271731_SW",271731,"SW","Kootenay Region",51.24146,-117.64962,2022,TRUE,4,0,0.0024,0.3035,0.1795,0.4485
"MYYU","271731_SW",271731,"SW","Kootenay Region",51.24146,-117.64962,2023,TRUE,4,0,7e-04,0.3243,0.1894,0.4852
"MYYU","271731_SW",271731,"SW","Kootenay Region",51.24146,-117.64962,2024,TRUE,4,0,0.0018,0.3246,0.1904,0.4904
"MYYU","271731_SW",271731,"SW","Kootenay Region",51.24146,-117.64962,2025,TRUE,4,0,0.002,0.3303,0.1942,0.4967
"MYYU","273050_SE",273050,"SE","South Coastal Region",49.00511,-125.65145,2017,FALSE,0,NA,NA,0.5964,0.358,0.817
"MYYU","273050_SE",273050,"SE","South Coastal Region",49.00511,-125.65145,2018,TRUE,3,0,0.1544,0.7329,0.5739,0.8685
"MYYU","273050_SE",273050,"SE","South Coastal Region",49.00511,-125.65145,2019,FALSE,0,NA,NA,0.8028,0.6707,0.9037
"MYYU","273050_SE",273050,"SE","South Coastal Region",49.00511,-125.65145,2020,FALSE,0,NA,NA,0.835,0.715,0.9221
"MYYU","273050_SE",273050,"SE","South Coastal Region",49.00511,-125.65145,2021,FALSE,0,NA,NA,0.8749,0.7689,0.9479
"MYYU","273050_SE",273050,"SE","South Coastal Region",49.00511,-125.65145,2022,FALSE,0,NA,NA,0.9039,0.8098,0.9635
"MYYU","273050_SE",273050,"SE","South Coastal Region",49.00511,-125.65145,2023,FALSE,0,NA,NA,0.9233,0.8358,0.9742
"MYYU","273050_SE",273050,"SE","South Coastal Region",49.00511,-125.65145,2024,TRUE,4,1,1,0.9335,0.8539,0.9793
"MYYU","273050_SE",273050,"SE","South Coastal Region",49.00511,-125.65145,2025,TRUE,4,1,1,0.9409,0.8687,0.9828
"MYYU","283586_NE",283586,"NE","Northern Region",54.3558,-128.5366,2017,FALSE,0,NA,NA,0.2747,0.0505,0.6036
"MYYU","283586_NE",283586,"NE","Northern Region",54.3558,-128.5366,2018,TRUE,2,0,0.3316,0.2713,0.117,0.4952
"MYYU","283586_NE",283586,"NE","Northern Region",54.3558,-128.5366,2019,TRUE,3,1,1,0.257,0.1235,0.4497
"MYYU","283586_NE",283586,"NE","Northern Region",54.3558,-128.5366,2020,TRUE,4,1,1,0.2279,0.0953,0.4138
"MYYU","283586_NE",283586,"NE","Northern Region",54.3558,-128.5366,2021,FALSE,0,NA,NA,0.2447,0.1085,0.4368
"MYYU","283586_NE",283586,"NE","Northern Region",54.3558,-128.5366,2022,FALSE,0,NA,NA,0.2638,0.1171,0.4673
"MYYU","283586_NE",283586,"NE","Northern Region",54.3558,-128.5366,2023,TRUE,3,1,1,0.281,0.1252,0.4979
"MYYU","283586_NE",283586,"NE","Northern Region",54.3558,-128.5366,2024,TRUE,4,1,1,0.2882,0.1272,0.5165
"MYYU","283586_NE",283586,"NE","Northern Region",54.3558,-128.5366,2025,TRUE,4,1,1,0.2963,0.1272,0.5313
"MYYU","283586_NW",283586,"NW","Northern Region",54.3321,-128.6266,2017,FALSE,0,NA,NA,0.3095,0.0853,0.5816
"MYYU","283586_NW",283586,"NW","Northern Region",54.3321,-128.6266,2018,TRUE,2,1,1,0.3333,0.1621,0.546
"MYYU","283586_NW",283586,"NW","Northern Region",54.3321,-128.6266,2019,TRUE,3,1,1,0.3422,0.1944,0.5215
"MYYU","283586_NW",283586,"NW","Northern Region",54.3321,-128.6266,2020,TRUE,4,1,1,0.3323,0.1932,0.5002
"MYYU","283586_NW",283586,"NW","Northern Region",54.3321,-128.6266,2021,TRUE,3,0,0.5231,0.3272,0.1857,0.4974
"MYYU","283586_NW",283586,"NW","Northern Region",54.3321,-128.6266,2022,TRUE,4,1,1,0.3331,0.18,0.517
"MYYU","283586_NW",283586,"NW","Northern Region",54.3321,-128.6266,2023,TRUE,4,1,1,0.3428,0.1748,0.543
"MYYU","283586_NW",283586,"NW","Northern Region",54.3321,-128.6266,2024,TRUE,4,1,1,0.3441,0.1699,0.5593
"MYYU","283586_NW",283586,"NW","Northern Region",54.3321,-128.6266,2025,TRUE,4,1,1,0.3486,0.1667,0.5761
"MYYU","283586_SE",283586,"SE","Northern Region",54.31162,-128.54374,2017,FALSE,0,NA,NA,0.465,0.1106,0.8305
"MYYU","283586_SE",283586,"SE","Northern Region",54.31162,-128.54374,2018,TRUE,2,1,1,0.5014,0.1976,0.8191
"MYYU","283586_SE",283586,"SE","Northern Region",54.31162,-128.54374,2019,TRUE,3,1,1,0.5267,0.2453,0.8124
"MYYU","283586_SE",283586,"SE","Northern Region",54.31162,-128.54374,2020,TRUE,4,1,1,0.54,0.2786,0.7979
"MYYU","283586_SE",283586,"SE","Northern Region",54.31162,-128.54374,2021,TRUE,3,1,1,0.5648,0.3125,0.8085
"MYYU","283586_SE",283586,"SE","Northern Region",54.31162,-128.54374,2022,TRUE,4,1,1,0.5906,0.3449,0.8155
"MYYU","283586_SE",283586,"SE","Northern Region",54.31162,-128.54374,2023,TRUE,4,1,1,0.6147,0.3728,0.8278
"MYYU","283586_SE",283586,"SE","Northern Region",54.31162,-128.54374,2024,TRUE,4,1,1,0.6349,0.3931,0.8391
"MYYU","283586_SE",283586,"SE","Northern Region",54.31162,-128.54374,2025,TRUE,2,1,1,0.6542,0.4153,0.855
"MYYU","283586_SW",283586,"SW","Northern Region",54.2946,-128.581,2017,FALSE,0,NA,NA,0.2205,0.0375,0.5175
"MYYU","283586_SW",283586,"SW","Northern Region",54.2946,-128.581,2018,TRUE,2,0,0.0173,0.2011,0.0889,0.3744
"MYYU","283586_SW",283586,"SW","Northern Region",54.2946,-128.581,2019,TRUE,3,0,0.0029,0.1802,0.0822,0.3322
"MYYU","283586_SW",283586,"SW","Northern Region",54.2946,-128.581,2020,TRUE,4,0,7e-04,0.1533,0.0595,0.2995
"MYYU","283586_SW",283586,"SW","Northern Region",54.2946,-128.581,2021,TRUE,4,0,0.0058,0.1684,0.0664,0.325
"MYYU","283586_SW",283586,"SW","Northern Region",54.2946,-128.581,2022,TRUE,4,1,1,0.1846,0.0744,0.3536
"MYYU","283586_SW",283586,"SW","Northern Region",54.2946,-128.581,2023,TRUE,4,1,1,0.1981,0.0787,0.3826
"MYYU","283586_SW",283586,"SW","Northern Region",54.2946,-128.581,2024,TRUE,4,0,0.0029,0.2016,0.0797,0.3925
"MYYU","283586_SW",283586,"SW","Northern Region",54.2946,-128.581,2025,TRUE,4,0,4e-04,0.2069,0.0794,0.4015
"MYYU","294832_NE",294832,"NE","Northern Region",56.3348,-120.97877,2017,TRUE,4,0,7e-04,0.1279,0.0258,0.3265
"MYYU","294832_NE",294832,"NE","Northern Region",56.3348,-120.97877,2018,TRUE,4,0,2e-04,0.1422,0.0521,0.3067
"MYYU","294832_NE",294832,"NE","Northern Region",56.3348,-120.97877,2019,TRUE,2,0,9e-04,0.1509,0.0661,0.2934
"MYYU","294832_NE",294832,"NE","Northern Region",56.3348,-120.97877,2020,TRUE,2,0,4e-04,0.153,0.0693,0.2788
"MYYU","294832_NE",294832,"NE","Northern Region",56.3348,-120.97877,2021,TRUE,4,0,0,0.1639,0.0776,0.2856
"MYYU","294832_NE",294832,"NE","Northern Region",56.3348,-120.97877,2022,TRUE,4,0,0,0.1768,0.084,0.2987
"MYYU","294832_NE",294832,"NE","Northern Region",56.3348,-120.97877,2023,FALSE,0,NA,NA,0.1898,0.0899,0.3143
"MYYU","294832_NE",294832,"NE","Northern Region",56.3348,-120.97877,2024,TRUE,4,0,0,0.2001,0.0929,0.3291
"MYYU","294832_NE",294832,"NE","Northern Region",56.3348,-120.97877,2025,TRUE,4,0,4e-04,0.2105,0.0958,0.3484
"MYYU","294832_NW",294832,"NW","Northern Region",56.33264,-121.00747,2017,TRUE,4,0,2e-04,0.1086,0.0239,0.2649
"MYYU","294832_NW",294832,"NW","Northern Region",56.33264,-121.00747,2018,TRUE,4,0,0,0.1209,0.0481,0.2477
"MYYU","294832_NW",294832,"NW","Northern Region",56.33264,-121.00747,2019,TRUE,4,0,0,0.1276,0.0593,0.2358
"MYYU","294832_NW",294832,"NW","Northern Region",56.33264,-121.00747,2020,TRUE,4,0,0,0.1276,0.059,0.2272
"MYYU","294832_NW",294832,"NW","Northern Region",56.33264,-121.00747,2021,TRUE,4,0,0,0.1359,0.0633,0.2324
"MYYU","294832_NW",294832,"NW","Northern Region",56.33264,-121.00747,2022,TRUE,4,0,0,0.1464,0.0682,0.2466
"MYYU","294832_NW",294832,"NW","Northern Region",56.33264,-121.00747,2023,FALSE,0,NA,NA,0.1572,0.0725,0.2655
"MYYU","294832_NW",294832,"NW","Northern Region",56.33264,-121.00747,2024,TRUE,4,0,0,0.1648,0.0722,0.282
"MYYU","294832_NW",294832,"NW","Northern Region",56.33264,-121.00747,2025,TRUE,4,0,7e-04,0.1729,0.0747,0.2978
"MYYU","294832_SE",294832,"SE","Northern Region",56.30206,-120.94608,2017,TRUE,4,0,0,0.066,0.0108,0.1822
"MYYU","294832_SE",294832,"SE","Northern Region",56.30206,-120.94608,2018,TRUE,4,0,0,0.073,0.0278,0.1598
"MYYU","294832_SE",294832,"SE","Northern Region",56.30206,-120.94608,2019,FALSE,0,NA,NA,0.0754,0.0319,0.1516
"MYYU","294832_SE",294832,"SE","Northern Region",56.30206,-120.94608,2020,TRUE,4,0,2e-04,0.0725,0.0273,0.1423
"MYYU","294832_SE",294832,"SE","Northern Region",56.30206,-120.94608,2021,TRUE,4,0,0,0.0798,0.0305,0.1544
"MYYU","294832_SE",294832,"SE","Northern Region",56.30206,-120.94608,2022,TRUE,3,0,0.0022,0.0861,0.0334,0.1645
"MYYU","294832_SE",294832,"SE","Northern Region",56.30206,-120.94608,2023,FALSE,0,NA,NA,0.0925,0.0344,0.1806
"MYYU","294832_SE",294832,"SE","Northern Region",56.30206,-120.94608,2024,TRUE,4,0,0.0013,0.096,0.0342,0.1908
"MYYU","294832_SE",294832,"SE","Northern Region",56.30206,-120.94608,2025,FALSE,0,NA,NA,0.1,0.0352,0.2049
"MYYU","294832_SW",294832,"SW","Northern Region",56.30496,-121.00198,2017,TRUE,4,0,0.0013,0.0505,0.006,0.1605
"MYYU","294832_SW",294832,"SW","Northern Region",56.30496,-121.00198,2018,FALSE,0,NA,NA,0.0547,0.0187,0.1328
"MYYU","294832_SW",294832,"SW","Northern Region",56.30496,-121.00198,2019,TRUE,4,0,4e-04,0.0553,0.0205,0.1169
"MYYU","294832_SW",294832,"SW","Northern Region",56.30496,-121.00198,2020,TRUE,4,0,0,0.0521,0.0171,0.1111
"MYYU","294832_SW",294832,"SW","Northern Region",56.30496,-121.00198,2021,TRUE,4,0,0,0.0569,0.0194,0.12
"MYYU","294832_SW",294832,"SW","Northern Region",56.30496,-121.00198,2022,TRUE,4,0,0,0.0628,0.0212,0.1322
"MYYU","294832_SW",294832,"SW","Northern Region",56.30496,-121.00198,2023,FALSE,0,NA,NA,0.0683,0.0223,0.1437
"MYYU","294832_SW",294832,"SW","Northern Region",56.30496,-121.00198,2024,TRUE,4,0,0,0.0713,0.0222,0.156
"MYYU","294832_SW",294832,"SW","Northern Region",56.30496,-121.00198,2025,TRUE,4,0,4e-04,0.0745,0.0231,0.1654
"MYYU","317428_NE",317428,"NE","South Coastal Region",49.06292,-120.79944,2017,FALSE,0,NA,NA,0.0897,0.0049,0.3784
"MYYU","317428_NE",317428,"NE","South Coastal Region",49.06292,-120.79944,2018,TRUE,4,0,0.0036,0.1395,0.062,0.2523
"MYYU","317428_NE",317428,"NE","South Coastal Region",49.06292,-120.79944,2019,TRUE,4,0,0.0073,0.1304,0.0559,0.2314
"MYYU","317428_NE",317428,"NE","South Coastal Region",49.06292,-120.79944,2020,TRUE,4,0,0.0022,0.1187,0.0497,0.21
"MYYU","317428_NE",317428,"NE","South Coastal Region",49.06292,-120.79944,2021,TRUE,4,0,4e-04,0.1378,0.0613,0.2425
"MYYU","317428_NE",317428,"NE","South Coastal Region",49.06292,-120.79944,2022,TRUE,4,0,0.002,0.1504,0.0675,0.2645
"MYYU","317428_NE",317428,"NE","South Coastal Region",49.06292,-120.79944,2023,TRUE,4,0,0.0013,0.1557,0.0696,0.2797
"MYYU","317428_NE",317428,"NE","South Coastal Region",49.06292,-120.79944,2024,TRUE,4,0,0.0013,0.1536,0.0704,0.273
"MYYU","317428_NE",317428,"NE","South Coastal Region",49.06292,-120.79944,2025,TRUE,4,0,0.0018,0.157,0.0724,0.282
"MYYU","317428_NW",317428,"NW","South Coastal Region",49.06417,-120.90943,2017,FALSE,0,NA,NA,0.0649,0.002,0.3295
"MYYU","317428_NW",317428,"NW","South Coastal Region",49.06417,-120.90943,2018,TRUE,4,0,0.0036,0.1158,0.0349,0.2626
"MYYU","317428_NW",317428,"NW","South Coastal Region",49.06417,-120.90943,2019,TRUE,4,0,0.0036,0.1003,0.0278,0.2128
"MYYU","317428_NW",317428,"NW","South Coastal Region",49.06417,-120.90943,2020,TRUE,4,0,0.004,0.0946,0.0254,0.2064
"MYYU","317428_NW",317428,"NW","South Coastal Region",49.06417,-120.90943,2021,TRUE,4,0,0.002,0.1085,0.03,0.2335
"MYYU","317428_NW",317428,"NW","South Coastal Region",49.06417,-120.90943,2022,TRUE,4,1,1,0.1181,0.0342,0.2476
"MYYU","317428_NW",317428,"NW","South Coastal Region",49.06417,-120.90943,2023,TRUE,4,0,0.0024,0.1214,0.0346,0.2584
"MYYU","317428_NW",317428,"NW","South Coastal Region",49.06417,-120.90943,2024,TRUE,4,0,0.0036,0.1205,0.036,0.2563
"MYYU","317428_NW",317428,"NW","South Coastal Region",49.06417,-120.90943,2025,TRUE,4,0,0.0027,0.1231,0.0364,0.2582
"MYYU","317428_SE",317428,"SE","South Coastal Region",49.06053,-120.77309,2017,FALSE,0,NA,NA,0.0893,0.0053,0.3659
"MYYU","317428_SE",317428,"SE","South Coastal Region",49.06053,-120.77309,2018,TRUE,4,0,0.002,0.1491,0.068,0.2708
"MYYU","317428_SE",317428,"SE","South Coastal Region",49.06053,-120.77309,2019,TRUE,4,0,0.0067,0.1311,0.0576,0.2249
"MYYU","317428_SE",317428,"SE","South Coastal Region",49.06053,-120.77309,2020,TRUE,4,0,0.0013,0.1223,0.0513,0.2135
"MYYU","317428_SE",317428,"SE","South Coastal Region",49.06053,-120.77309,2021,TRUE,4,0,0.0011,0.1411,0.0643,0.2433
"MYYU","317428_SE",317428,"SE","South Coastal Region",49.06053,-120.77309,2022,TRUE,4,0,0.0013,0.1531,0.0705,0.263
"MYYU","317428_SE",317428,"SE","South Coastal Region",49.06053,-120.77309,2023,TRUE,4,0,0.0013,0.1573,0.0732,0.278
"MYYU","317428_SE",317428,"SE","South Coastal Region",49.06053,-120.77309,2024,TRUE,4,1,1,0.1555,0.0732,0.2705
"MYYU","317428_SE",317428,"SE","South Coastal Region",49.06053,-120.77309,2025,FALSE,0,NA,NA,0.159,0.0746,0.2817
"MYYU","317428_SW",317428,"SW","South Coastal Region",49.04617,-120.85085,2017,FALSE,0,NA,NA,0.1113,0.0036,0.5086
"MYYU","317428_SW",317428,"SW","South Coastal Region",49.04617,-120.85085,2018,TRUE,4,0,0.018,0.1508,0.0523,0.3252
"MYYU","317428_SW",317428,"SW","South Coastal Region",49.04617,-120.85085,2019,TRUE,4,1,1,0.1502,0.0563,0.2962
"MYYU","317428_SW",317428,"SW","South Coastal Region",49.04617,-120.85085,2020,TRUE,4,0,0.0756,0.1356,0.0471,0.2801
"MYYU","317428_SW",317428,"SW","South Coastal Region",49.04617,-120.85085,2021,TRUE,4,1,1,0.1591,0.0555,0.3211
"MYYU","317428_SW",317428,"SW","South Coastal Region",49.04617,-120.85085,2022,TRUE,4,1,1,0.1775,0.0623,0.3622
"MYYU","317428_SW",317428,"SW","South Coastal Region",49.04617,-120.85085,2023,TRUE,4,1,1,0.1906,0.0656,0.3896
"MYYU","317428_SW",317428,"SW","South Coastal Region",49.04617,-120.85085,2024,FALSE,0,NA,NA,0.191,0.0654,0.3973
"MYYU","317428_SW",317428,"SW","South Coastal Region",49.04617,-120.85085,2025,FALSE,0,NA,NA,0.1955,0.0669,0.4082
"MYYU","326072_NE",326072,"NE","South Coastal Region",49.09743,-122.51957,2017,TRUE,3,1,1,0.5545,0.3202,0.79
"MYYU","326072_NE",326072,"NE","South Coastal Region",49.09743,-122.51957,2018,TRUE,3,1,1,0.6949,0.5316,0.8409
"MYYU","326072_NE",326072,"NE","South Coastal Region",49.09743,-122.51957,2019,TRUE,3,1,1,0.7695,0.6303,0.8781
"MYYU","326072_NE",326072,"NE","South Coastal Region",49.09743,-122.51957,2020,TRUE,4,1,1,0.8018,0.679,0.8945
"MYYU","326072_NE",326072,"NE","South Coastal Region",49.09743,-122.51957,2021,TRUE,4,1,1,0.8458,0.7369,0.9248
"MYYU","326072_NE",326072,"NE","South Coastal Region",49.09743,-122.51957,2022,TRUE,4,1,1,0.8778,0.7806,0.9451
"MYYU","326072_NE",326072,"NE","South Coastal Region",49.09743,-122.51957,2023,TRUE,4,1,1,0.8996,0.8109,0.9598
"MYYU","326072_NE",326072,"NE","South Coastal Region",49.09743,-122.51957,2024,FALSE,0,NA,NA,0.9107,0.8268,0.9666
"MYYU","326072_NE",326072,"NE","South Coastal Region",49.09743,-122.51957,2025,FALSE,0,NA,NA,0.9189,0.8373,0.9719
"MYYU","326072_NW",326072,"NW","South Coastal Region",49.05235,-122.58989,2017,TRUE,4,1,1,0.5581,0.3277,0.7844
"MYYU","326072_NW",326072,"NW","South Coastal Region",49.05235,-122.58989,2018,TRUE,3,1,1,0.6954,0.5334,0.841
"MYYU","326072_NW",326072,"NW","South Coastal Region",49.05235,-122.58989,2019,TRUE,3,1,1,0.771,0.6301,0.8808
"MYYU","326072_NW",326072,"NW","South Coastal Region",49.05235,-122.58989,2020,TRUE,4,1,1,0.81,0.6863,0.9038
"MYYU","326072_NW",326072,"NW","South Coastal Region",49.05235,-122.58989,2021,TRUE,4,1,1,0.8538,0.7419,0.9342
"MYYU","326072_NW",326072,"NW","South Coastal Region",49.05235,-122.58989,2022,TRUE,4,1,1,0.8845,0.7877,0.9503
"MYYU","326072_NW",326072,"NW","South Coastal Region",49.05235,-122.58989,2023,TRUE,3,1,1,0.9044,0.8173,0.9618
"MYYU","326072_NW",326072,"NW","South Coastal Region",49.05235,-122.58989,2024,TRUE,4,1,1,0.9129,0.8338,0.9669
"MYYU","326072_NW",326072,"NW","South Coastal Region",49.05235,-122.58989,2025,TRUE,4,1,1,0.9196,0.8423,0.971
"MYYU","326072_SE",326072,"SE","South Coastal Region",49.0144,-122.52755,2017,TRUE,4,0,0.0011,0.5858,0.3592,0.802
"MYYU","326072_SE",326072,"SE","South Coastal Region",49.0144,-122.52755,2018,TRUE,3,0,0.0029,0.72,0.5652,0.8561
"MYYU","326072_SE",326072,"SE","South Coastal Region",49.0144,-122.52755,2019,TRUE,3,0,0.0027,0.7929,0.658,0.8942
"MYYU","326072_SE",326072,"SE","South Coastal Region",49.0144,-122.52755,2020,TRUE,4,0,7e-04,0.8304,0.715,0.9163
"MYYU","326072_SE",326072,"SE","South Coastal Region",49.0144,-122.52755,2021,TRUE,4,0,0.0222,0.8713,0.7693,0.9432
"MYYU","326072_SE",326072,"SE","South Coastal Region",49.0144,-122.52755,2022,TRUE,4,1,1,0.901,0.8114,0.9595
"MYYU","326072_SE",326072,"SE","South Coastal Region",49.0144,-122.52755,2023,FALSE,0,NA,NA,0.917,0.8391,0.9676
"MYYU","326072_SE",326072,"SE","South Coastal Region",49.0144,-122.52755,2024,FALSE,0,NA,NA,0.9244,0.854,0.9716
"MYYU","326072_SE",326072,"SE","South Coastal Region",49.0144,-122.52755,2025,FALSE,0,NA,NA,0.9303,0.8611,0.9753
"MYYU","326072_SW",326072,"SW","South Coastal Region",49.01082,-122.58104,2017,TRUE,4,1,1,0.7216,0.4119,0.9328
"MYYU","326072_SW",326072,"SW","South Coastal Region",49.01082,-122.58104,2018,TRUE,3,1,1,0.8333,0.6556,0.9495
"MYYU","326072_SW",326072,"SW","South Coastal Region",49.01082,-122.58104,2019,TRUE,3,1,1,0.8864,0.7581,0.963
"MYYU","326072_SW",326072,"SW","South Coastal Region",49.01082,-122.58104,2020,TRUE,4,1,1,0.91,0.8139,0.9676
"MYYU","326072_SW",326072,"SW","South Coastal Region",49.01082,-122.58104,2021,TRUE,4,1,1,0.9348,0.8545,0.9794
"MYYU","326072_SW",326072,"SW","South Coastal Region",49.01082,-122.58104,2022,TRUE,4,1,1,0.9506,0.885,0.9855
"MYYU","326072_SW",326072,"SW","South Coastal Region",49.01082,-122.58104,2023,TRUE,4,1,1,0.9503,0.8905,0.985
"MYYU","326072_SW",326072,"SW","South Coastal Region",49.01082,-122.58104,2024,TRUE,4,1,1,0.9475,0.8862,0.9839
"MYYU","326072_SW",326072,"SW","South Coastal Region",49.01082,-122.58104,2025,TRUE,4,1,1,0.9477,0.8854,0.9846
"MYYU","37274_NE",37274,"NE","Northern Region",53.08874,-119.20318,2017,FALSE,0,NA,NA,0.0535,0.007,0.1714
"MYYU","37274_NE",37274,"NE","Northern Region",53.08874,-119.20318,2018,TRUE,4,0,7e-04,0.0594,0.0193,0.1464
"MYYU","37274_NE",37274,"NE","Northern Region",53.08874,-119.20318,2019,TRUE,3,0,2e-04,0.062,0.0225,0.1356
"MYYU","37274_NE",37274,"NE","Northern Region",53.08874,-119.20318,2020,TRUE,4,0,0,0.0607,0.021,0.1285
"MYYU","37274_NE",37274,"NE","Northern Region",53.08874,-119.20318,2021,TRUE,4,0,0,0.0674,0.0233,0.1407
"MYYU","37274_NE",37274,"NE","Northern Region",53.08874,-119.20318,2022,TRUE,3,0,2e-04,0.0749,0.0248,0.1555
"MYYU","37274_NE",37274,"NE","Northern Region",53.08874,-119.20318,2023,FALSE,0,NA,NA,0.0824,0.0268,0.1711
"MYYU","37274_NE",37274,"NE","Northern Region",53.08874,-119.20318,2024,TRUE,3,0,0.0016,0.0879,0.0268,0.1855
"MYYU","37274_NE",37274,"NE","Northern Region",53.08874,-119.20318,2025,FALSE,0,NA,NA,0.0935,0.0282,0.2
"MYYU","37274_SE",37274,"SE","Northern Region",53.05051,-119.21418,2017,FALSE,0,NA,NA,0.0645,0.0114,0.1768
"MYYU","37274_SE",37274,"SE","Northern Region",53.05051,-119.21418,2018,TRUE,4,0,9e-04,0.0662,0.0266,0.1386
"MYYU","37274_SE",37274,"SE","Northern Region",53.05051,-119.21418,2019,TRUE,3,0,7e-04,0.0646,0.026,0.1277
"MYYU","37274_SE",37274,"SE","Northern Region",53.05051,-119.21418,2020,FALSE,0,NA,NA,0.0581,0.0207,0.1195
"MYYU","37274_SE",37274,"SE","Northern Region",53.05051,-119.21418,2021,TRUE,4,0,7e-04,0.0646,0.0232,0.1323
"MYYU","37274_SE",37274,"SE","Northern Region",53.05051,-119.21418,2022,TRUE,3,0,4e-04,0.072,0.0251,0.1485
"MYYU","37274_SE",37274,"SE","Northern Region",53.05051,-119.21418,2023,FALSE,0,NA,NA,0.0788,0.0268,0.1659
"MYYU","37274_SE",37274,"SE","Northern Region",53.05051,-119.21418,2024,TRUE,3,0,0.0018,0.0824,0.0265,0.1792
"MYYU","37274_SE",37274,"SE","Northern Region",53.05051,-119.21418,2025,FALSE,0,NA,NA,0.0864,0.0281,0.1906
"MYYU","37274_SW",37274,"SW","Northern Region",53.03564,-119.22895,2017,FALSE,0,NA,NA,0.0467,0.0052,0.154
"MYYU","37274_SW",37274,"SW","Northern Region",53.03564,-119.22895,2018,TRUE,3,0,0.0022,0.0494,0.0171,0.12
"MYYU","37274_SW",37274,"SW","Northern Region",53.03564,-119.22895,2019,TRUE,3,0,0.0024,0.049,0.0181,0.1043
"MYYU","37274_SW",37274,"SW","Northern Region",53.03564,-119.22895,2020,TRUE,4,0,4e-04,0.0442,0.0142,0.0933
"MYYU","37274_SW",37274,"SW","Northern Region",53.03564,-119.22895,2021,TRUE,3,0,7e-04,0.0496,0.0169,0.1056
"MYYU","37274_SW",37274,"SW","Northern Region",53.03564,-119.22895,2022,TRUE,3,0,4e-04,0.0556,0.0186,0.1178
"MYYU","37274_SW",37274,"SW","Northern Region",53.03564,-119.22895,2023,FALSE,0,NA,NA,0.061,0.0201,0.1297
"MYYU","37274_SW",37274,"SW","Northern Region",53.03564,-119.22895,2024,TRUE,3,0,0.0018,0.0639,0.02,0.1416
"MYYU","37274_SW",37274,"SW","Northern Region",53.03564,-119.22895,2025,FALSE,0,NA,NA,0.067,0.0205,0.1513
"MYYU","38442_NW",38442,"NW","Okanagan Region",51.51999,-122.28978,2017,FALSE,0,NA,NA,0.8177,0.5946,0.9575
"MYYU","38442_NW",38442,"NW","Okanagan Region",51.51999,-122.28978,2018,TRUE,3,1,1,0.833,0.7128,0.9237
"MYYU","38442_NW",38442,"NW","Okanagan Region",51.51999,-122.28978,2019,FALSE,0,NA,NA,0.8275,0.7181,0.9122
"MYYU","38442_NW",38442,"NW","Okanagan Region",51.51999,-122.28978,2020,TRUE,4,1,1,0.7915,0.65,0.8963
"MYYU","38442_NW",38442,"NW","Okanagan Region",51.51999,-122.28978,2021,TRUE,4,1,1,0.8252,0.7047,0.9136
"MYYU","38442_NW",38442,"NW","Okanagan Region",51.51999,-122.28978,2022,FALSE,0,NA,NA,0.8483,0.7392,0.9296
"MYYU","38442_NW",38442,"NW","Okanagan Region",51.51999,-122.28978,2023,TRUE,4,1,1,0.8642,0.7543,0.9426
"MYYU","38442_NW",38442,"NW","Okanagan Region",51.51999,-122.28978,2024,TRUE,4,1,1,0.8652,0.7591,0.944
"MYYU","38442_NW",38442,"NW","Okanagan Region",51.51999,-122.28978,2025,TRUE,4,1,1,0.8685,0.7604,0.9469
"MYYU","38442_SW",38442,"SW","Okanagan Region",51.50238,-122.28992,2017,FALSE,0,NA,NA,0.8195,0.5963,0.9587
"MYYU","38442_SW",38442,"SW","Okanagan Region",51.50238,-122.28992,2018,TRUE,3,1,1,0.8313,0.7081,0.9219
"MYYU","38442_SW",38442,"SW","Okanagan Region",51.50238,-122.28992,2019,TRUE,4,1,1,0.824,0.7113,0.91
"MYYU","38442_SW",38442,"SW","Okanagan Region",51.50238,-122.28992,2020,TRUE,4,1,1,0.7863,0.6397,0.8929
"MYYU","38442_SW",38442,"SW","Okanagan Region",51.50238,-122.28992,2021,TRUE,4,1,1,0.8206,0.699,0.9119
"MYYU","38442_SW",38442,"SW","Okanagan Region",51.50238,-122.28992,2022,TRUE,4,1,1,0.8427,0.7314,0.9268
"MYYU","38442_SW",38442,"SW","Okanagan Region",51.50238,-122.28992,2023,TRUE,4,0,0.4864,0.8582,0.745,0.9406
"MYYU","38442_SW",38442,"SW","Okanagan Region",51.50238,-122.28992,2024,TRUE,4,1,1,0.8584,0.7482,0.9404
"MYYU","38442_SW",38442,"SW","Okanagan Region",51.50238,-122.28992,2025,FALSE,0,NA,NA,0.8616,0.7496,0.9437
"MYYU","42026_NE",42026,"NE","Northern Region",55.85527,-121.65345,2017,FALSE,0,NA,NA,0.0939,0.019,0.239
"MYYU","42026_NE",42026,"NE","Northern Region",55.85527,-121.65345,2018,FALSE,0,NA,NA,0.0999,0.0421,0.2042
"MYYU","42026_NE",42026,"NE","Northern Region",55.85527,-121.65345,2019,FALSE,0,NA,NA,0.1007,0.0472,0.1854
"MYYU","42026_NE",42026,"NE","Northern Region",55.85527,-121.65345,2020,FALSE,0,NA,NA,0.0949,0.041,0.1746
"MYYU","42026_NE",42026,"NE","Northern Region",55.85527,-121.65345,2021,FALSE,0,NA,NA,0.1036,0.0453,0.1855
"MYYU","42026_NE",42026,"NE","Northern Region",55.85527,-121.65345,2022,TRUE,4,0,7e-04,0.114,0.0492,0.2034
"MYYU","42026_NE",42026,"NE","Northern Region",55.85527,-121.65345,2023,FALSE,0,NA,NA,0.124,0.0529,0.2223
"MYYU","42026_NE",42026,"NE","Northern Region",55.85527,-121.65345,2024,TRUE,4,0,2e-04,0.1307,0.0525,0.2379
"MYYU","42026_NE",42026,"NE","Northern Region",55.85527,-121.65345,2025,TRUE,4,0,0.0016,0.1377,0.0547,0.2536
"MYYU","42026_NW",42026,"NW","Northern Region",55.83616,-121.71691,2017,FALSE,0,NA,NA,0.0863,0.0186,0.2095
"MYYU","42026_NW",42026,"NW","Northern Region",55.83616,-121.71691,2018,FALSE,0,NA,NA,0.092,0.0401,0.1813
"MYYU","42026_NW",42026,"NW","Northern Region",55.83616,-121.71691,2019,FALSE,0,NA,NA,0.0924,0.0429,0.1671
"MYYU","42026_NW",42026,"NW","Northern Region",55.83616,-121.71691,2020,FALSE,0,NA,NA,0.0865,0.0364,0.1602
"MYYU","42026_NW",42026,"NW","Northern Region",55.83616,-121.71691,2021,FALSE,0,NA,NA,0.0951,0.04,0.1735
"MYYU","42026_NW",42026,"NW","Northern Region",55.83616,-121.71691,2022,TRUE,3,0,0.0024,0.105,0.0433,0.1918
"MYYU","42026_NW",42026,"NW","Northern Region",55.83616,-121.71691,2023,FALSE,0,NA,NA,0.1146,0.0458,0.2125
"MYYU","42026_NW",42026,"NW","Northern Region",55.83616,-121.71691,2024,TRUE,4,0,7e-04,0.1207,0.0456,0.2291
"MYYU","42026_NW",42026,"NW","Northern Region",55.83616,-121.71691,2025,TRUE,3,0,0.0011,0.127,0.0483,0.2439
"MYYU","42026_SE",42026,"SE","Northern Region",55.81797,-121.66405,2017,FALSE,0,NA,NA,0.1141,0.0241,0.2827
"MYYU","42026_SE",42026,"SE","Northern Region",55.81797,-121.66405,2018,FALSE,0,NA,NA,0.1205,0.0512,0.2392
"MYYU","42026_SE",42026,"SE","Northern Region",55.81797,-121.66405,2019,FALSE,0,NA,NA,0.1209,0.0584,0.2165
"MYYU","42026_SE",42026,"SE","Northern Region",55.81797,-121.66405,2020,FALSE,0,NA,NA,0.1136,0.0529,0.2029
"MYYU","42026_SE",42026,"SE","Northern Region",55.81797,-121.66405,2021,FALSE,0,NA,NA,0.1233,0.0575,0.2136
"MYYU","42026_SE",42026,"SE","Northern Region",55.81797,-121.66405,2022,TRUE,4,0,4e-04,0.1348,0.062,0.2329
"MYYU","42026_SE",42026,"SE","Northern Region",55.81797,-121.66405,2023,FALSE,0,NA,NA,0.1462,0.0666,0.2532
"MYYU","42026_SE",42026,"SE","Northern Region",55.81797,-121.66405,2024,TRUE,4,0,9e-04,0.1537,0.0665,0.2701
"MYYU","42026_SE",42026,"SE","Northern Region",55.81797,-121.66405,2025,TRUE,4,0,4e-04,0.1615,0.0681,0.2868
"MYYU","42026_SW",42026,"SW","Northern Region",55.81131,-121.70131,2017,FALSE,0,NA,NA,0.1069,0.024,0.2593
"MYYU","42026_SW",42026,"SW","Northern Region",55.81131,-121.70131,2018,FALSE,0,NA,NA,0.1167,0.0494,0.2335
"MYYU","42026_SW",42026,"SW","Northern Region",55.81131,-121.70131,2019,FALSE,0,NA,NA,0.1204,0.0583,0.2161
"MYYU","42026_SW",42026,"SW","Northern Region",55.81131,-121.70131,2020,FALSE,0,NA,NA,0.1166,0.0551,0.2046
"MYYU","42026_SW",42026,"SW","Northern Region",55.81131,-121.70131,2021,FALSE,0,NA,NA,0.1269,0.0605,0.2175
"MYYU","42026_SW",42026,"SW","Northern Region",55.81131,-121.70131,2022,TRUE,4,0,9e-04,0.1389,0.0658,0.2339
"MYYU","42026_SW",42026,"SW","Northern Region",55.81131,-121.70131,2023,FALSE,0,NA,NA,0.1507,0.0699,0.2535
"MYYU","42026_SW",42026,"SW","Northern Region",55.81131,-121.70131,2024,TRUE,4,0,0.0011,0.1594,0.0706,0.272
"MYYU","42026_SW",42026,"SW","Northern Region",55.81131,-121.70131,2025,TRUE,4,0,2e-04,0.1682,0.0735,0.2914
"MYYU","47210_NW",47210,"NW","Okanagan Region",49.84159,-119.9783,2017,FALSE,0,NA,NA,0.2539,0.042,0.6476
"MYYU","47210_NW",47210,"NW","Okanagan Region",49.84159,-119.9783,2018,FALSE,0,NA,NA,0.2135,0.0799,0.4049
"MYYU","47210_NW",47210,"NW","Okanagan Region",49.84159,-119.9783,2019,FALSE,0,NA,NA,0.1977,0.0871,0.3188
"MYYU","47210_NW",47210,"NW","Okanagan Region",49.84159,-119.9783,2020,FALSE,0,NA,NA,0.1936,0.0825,0.3176
"MYYU","47210_NW",47210,"NW","Okanagan Region",49.84159,-119.9783,2021,FALSE,0,NA,NA,0.2119,0.1039,0.3396
"MYYU","47210_NW",47210,"NW","Okanagan Region",49.84159,-119.9783,2022,FALSE,0,NA,NA,0.2236,0.1153,0.3521
"MYYU","47210_NW",47210,"NW","Okanagan Region",49.84159,-119.9783,2023,TRUE,4,0,0.0069,0.2227,0.1149,0.3478
"MYYU","47210_NW",47210,"NW","Okanagan Region",49.84159,-119.9783,2024,TRUE,4,0,0,0.2243,0.1163,0.356
"MYYU","47210_NW",47210,"NW","Okanagan Region",49.84159,-119.9783,2025,TRUE,4,1,1,0.2277,0.1191,0.3614
"MYYU","47210_SE",47210,"SE","Okanagan Region",49.79638,-119.86985,2017,FALSE,0,NA,NA,0.3942,0.1286,0.7364
"MYYU","47210_SE",47210,"SE","Okanagan Region",49.79638,-119.86985,2018,FALSE,0,NA,NA,0.2402,0.1213,0.3934
"MYYU","47210_SE",47210,"SE","Okanagan Region",49.79638,-119.86985,2019,FALSE,0,NA,NA,0.2441,0.1298,0.361
"MYYU","47210_SE",47210,"SE","Okanagan Region",49.79638,-119.86985,2020,FALSE,0,NA,NA,0.227,0.1192,0.3337
"MYYU","47210_SE",47210,"SE","Okanagan Region",49.79638,-119.86985,2021,FALSE,0,NA,NA,0.2596,0.1537,0.3773
"MYYU","47210_SE",47210,"SE","Okanagan Region",49.79638,-119.86985,2022,FALSE,0,NA,NA,0.2719,0.1644,0.3936
"MYYU","47210_SE",47210,"SE","Okanagan Region",49.79638,-119.86985,2023,TRUE,4,0,0.0073,0.2752,0.1691,0.3957
"MYYU","47210_SE",47210,"SE","Okanagan Region",49.79638,-119.86985,2024,TRUE,4,0,0.0227,0.2713,0.1678,0.3879
"MYYU","47210_SE",47210,"SE","Okanagan Region",49.79638,-119.86985,2025,TRUE,4,0,0.0102,0.2775,0.1712,0.4012
"MYYU","47210_SW",47210,"SW","Okanagan Region",49.79097,-119.95267,2017,FALSE,0,NA,NA,0.3012,0.0613,0.6966
"MYYU","47210_SW",47210,"SW","Okanagan Region",49.79097,-119.95267,2018,FALSE,0,NA,NA,0.201,0.1117,0.3163
"MYYU","47210_SW",47210,"SW","Okanagan Region",49.79097,-119.95267,2019,FALSE,0,NA,NA,0.1883,0.1018,0.2816
"MYYU","47210_SW",47210,"SW","Okanagan Region",49.79097,-119.95267,2020,FALSE,0,NA,NA,0.1759,0.0914,0.263
"MYYU","47210_SW",47210,"SW","Okanagan Region",49.79097,-119.95267,2021,FALSE,0,NA,NA,0.2025,0.1196,0.2977
"MYYU","47210_SW",47210,"SW","Okanagan Region",49.79097,-119.95267,2022,FALSE,0,NA,NA,0.2164,0.1338,0.3204
"MYYU","47210_SW",47210,"SW","Okanagan Region",49.79097,-119.95267,2023,TRUE,4,0,0.0027,0.2206,0.1355,0.3261
"MYYU","47210_SW",47210,"SW","Okanagan Region",49.79097,-119.95267,2024,FALSE,0,NA,NA,0.2171,0.1341,0.3192
"MYYU","47210_SW",47210,"SW","Okanagan Region",49.79097,-119.95267,2025,TRUE,4,1,1,0.2221,0.1379,0.3297
"MYYU","47322_NE",47322,"NE","Northern Region",55.69808,-120.43213,2017,TRUE,4,0,0.0013,0.0414,0.0054,0.13
"MYYU","47322_NE",47322,"NE","Northern Region",55.69808,-120.43213,2018,TRUE,4,0,4e-04,0.039,0.0163,0.0801
"MYYU","47322_NE",47322,"NE","Northern Region",55.69808,-120.43213,2019,TRUE,4,0,7e-04,0.0353,0.0142,0.069
"MYYU","47322_NE",47322,"NE","Northern Region",55.69808,-120.43213,2020,TRUE,4,0,4e-04,0.0308,0.011,0.0641
"MYYU","47322_NE",47322,"NE","Northern Region",55.69808,-120.43213,2021,TRUE,4,0,4e-04,0.0355,0.0136,0.0725
"MYYU","47322_NE",47322,"NE","Northern Region",55.69808,-120.43213,2022,TRUE,4,0,0.0044,0.0402,0.0155,0.0831
"MYYU","47322_NE",47322,"NE","Northern Region",55.69808,-120.43213,2023,FALSE,0,NA,NA,0.0437,0.0166,0.0916
"MYYU","47322_NE",47322,"NE","Northern Region",55.69808,-120.43213,2024,TRUE,4,1,1,0.0445,0.0163,0.0937
"MYYU","47322_NE",47322,"NE","Northern Region",55.69808,-120.43213,2025,TRUE,4,1,1,0.0459,0.0169,0.0978
"MYYU","47322_NW",47322,"NW","Northern Region",55.70016,-120.48989,2017,TRUE,4,0,0.0011,0.0705,0.0126,0.1902
"MYYU","47322_NW",47322,"NW","Northern Region",55.70016,-120.48989,2018,FALSE,0,NA,NA,0.0733,0.0313,0.1511
"MYYU","47322_NW",47322,"NW","Northern Region",55.70016,-120.48989,2019,TRUE,4,0,7e-04,0.0716,0.0325,0.1359
"MYYU","47322_NW",47322,"NW","Northern Region",55.70016,-120.48989,2020,TRUE,4,0,0,0.0649,0.0256,0.1239
"MYYU","47322_NW",47322,"NW","Northern Region",55.70016,-120.48989,2021,TRUE,4,0,2e-04,0.0723,0.0296,0.1372
"MYYU","47322_NW",47322,"NW","Northern Region",55.70016,-120.48989,2022,TRUE,4,0,4e-04,0.0806,0.0329,0.1552
"MYYU","47322_NW",47322,"NW","Northern Region",55.70016,-120.48989,2023,FALSE,0,NA,NA,0.0883,0.0348,0.1727
"MYYU","47322_NW",47322,"NW","Northern Region",55.70016,-120.48989,2024,TRUE,4,0,4e-04,0.0924,0.0354,0.1834
"MYYU","47322_NW",47322,"NW","Northern Region",55.70016,-120.48989,2025,FALSE,0,NA,NA,0.0968,0.0364,0.1954
"MYYU","47322_SE",47322,"SE","Northern Region",55.64597,-120.40102,2017,TRUE,4,0,2e-04,0.0416,0.0049,0.1338
"MYYU","47322_SE",47322,"SE","Northern Region",55.64597,-120.40102,2018,TRUE,4,0,4e-04,0.0391,0.0157,0.0821
"MYYU","47322_SE",47322,"SE","Northern Region",55.64597,-120.40102,2019,TRUE,4,0,0.0013,0.0354,0.0139,0.0707
"MYYU","47322_SE",47322,"SE","Northern Region",55.64597,-120.40102,2020,TRUE,2,0,0.002,0.0309,0.0108,0.0654
"MYYU","47322_SE",47322,"SE","Northern Region",55.64597,-120.40102,2021,FALSE,0,NA,NA,0.0356,0.0134,0.0738
"MYYU","47322_SE",47322,"SE","Northern Region",55.64597,-120.40102,2022,TRUE,4,0,7e-04,0.0404,0.0152,0.0826
"MYYU","47322_SE",47322,"SE","Northern Region",55.64597,-120.40102,2023,FALSE,0,NA,NA,0.0438,0.0162,0.0935
"MYYU","47322_SE",47322,"SE","Northern Region",55.64597,-120.40102,2024,FALSE,0,NA,NA,0.0446,0.016,0.096
"MYYU","47322_SE",47322,"SE","Northern Region",55.64597,-120.40102,2025,FALSE,0,NA,NA,0.0459,0.0164,0.1003
"MYYU","47322_SW",47322,"SW","Northern Region",55.65446,-120.49465,2017,TRUE,4,0,7e-04,0.0936,0.0206,0.2263
"MYYU","47322_SW",47322,"SW","Northern Region",55.65446,-120.49465,2018,TRUE,4,0,2e-04,0.0964,0.0441,0.1865
"MYYU","47322_SW",47322,"SW","Northern Region",55.65446,-120.49465,2019,TRUE,2,0,0.0036,0.094,0.0463,0.1657
"MYYU","47322_SW",47322,"SW","Northern Region",55.65446,-120.49465,2020,TRUE,4,0,0,0.0852,0.0376,0.1544
"MYYU","47322_SW",47322,"SW","Northern Region",55.65446,-120.49465,2021,TRUE,4,0,2e-04,0.0936,0.0425,0.1683
"MYYU","47322_SW",47322,"SW","Northern Region",55.65446,-120.49465,2022,TRUE,4,0,4e-04,0.1034,0.0467,0.1867
"MYYU","47322_SW",47322,"SW","Northern Region",55.65446,-120.49465,2023,FALSE,0,NA,NA,0.1127,0.049,0.2055
"MYYU","47322_SW",47322,"SW","Northern Region",55.65446,-120.49465,2024,TRUE,4,0,0,0.118,0.0496,0.2179
"MYYU","47322_SW",47322,"SW","Northern Region",55.65446,-120.49465,2025,TRUE,3,0,2e-04,0.1235,0.0505,0.2324
"MYYU","57322_NE",57322,"NE","South Coastal Region",49.09454,-122.09881,2017,TRUE,4,1,1,0.596,0.3344,0.8372
"MYYU","57322_NE",57322,"NE","South Coastal Region",49.09454,-122.09881,2018,TRUE,2,1,1,0.7345,0.561,0.8761
"MYYU","57322_NE",57322,"NE","South Coastal Region",49.09454,-122.09881,2019,TRUE,4,1,1,0.8049,0.6681,0.9055
"MYYU","57322_NE",57322,"NE","South Coastal Region",49.09454,-122.09881,2020,TRUE,4,0,0.6033,0.837,0.7164,0.9218
"MYYU","57322_NE",57322,"NE","South Coastal Region",49.09454,-122.09881,2021,TRUE,4,1,1,0.8756,0.7726,0.9452
"MYYU","57322_NE",57322,"NE","South Coastal Region",49.09454,-122.09881,2022,TRUE,3,1,1,0.9034,0.8149,0.9613
"MYYU","57322_NE",57322,"NE","South Coastal Region",49.09454,-122.09881,2023,TRUE,4,1,1,0.9219,0.8414,0.9713
"MYYU","57322_NE",57322,"NE","South Coastal Region",49.09454,-122.09881,2024,FALSE,0,NA,NA,0.9309,0.8583,0.977
"MYYU","57322_NE",57322,"NE","South Coastal Region",49.09454,-122.09881,2025,FALSE,0,NA,NA,0.9375,0.8671,0.9807
"MYYU","57322_NW",57322,"NW","South Coastal Region",49.07915,-122.16077,2017,TRUE,4,1,1,0.7214,0.4723,0.9048
"MYYU","57322_NW",57322,"NW","South Coastal Region",49.07915,-122.16077,2018,TRUE,4,1,1,0.8349,0.7037,0.9294
"MYYU","57322_NW",57322,"NW","South Coastal Region",49.07915,-122.16077,2019,TRUE,4,1,1,0.8848,0.794,0.9465
"MYYU","57322_NW",57322,"NW","South Coastal Region",49.07915,-122.16077,2020,TRUE,4,1,1,0.9011,0.8217,0.9546
"MYYU","57322_NW",57322,"NW","South Coastal Region",49.07915,-122.16077,2021,TRUE,4,1,1,0.9276,0.8635,0.9702
"MYYU","57322_NW",57322,"NW","South Coastal Region",49.07915,-122.16077,2022,TRUE,4,1,1,0.9448,0.8911,0.9794
"MYYU","57322_NW",57322,"NW","South Coastal Region",49.07915,-122.16077,2023,FALSE,0,NA,NA,0.9554,0.9072,0.9852
"MYYU","57322_NW",57322,"NW","South Coastal Region",49.07915,-122.16077,2024,FALSE,0,NA,NA,0.9592,0.9144,0.9871
"MYYU","57322_NW",57322,"NW","South Coastal Region",49.07915,-122.16077,2025,TRUE,4,1,1,0.9623,0.9189,0.9886
"MYYU","57322_SE",57322,"SE","South Coastal Region",49.0141,-122.09198,2017,FALSE,0,NA,NA,0.3945,0.131,0.7257
"MYYU","57322_SE",57322,"SE","South Coastal Region",49.0141,-122.09198,2018,TRUE,3,0,0.0191,0.5212,0.35,0.7002
"MYYU","57322_SE",57322,"SE","South Coastal Region",49.0141,-122.09198,2019,TRUE,3,0,0.0169,0.5584,0.3882,0.7216
"MYYU","57322_SE",57322,"SE","South Coastal Region",49.0141,-122.09198,2020,TRUE,4,0,0.0131,0.5373,0.3347,0.7252
"MYYU","57322_SE",57322,"SE","South Coastal Region",49.0141,-122.09198,2021,TRUE,4,1,1,0.5974,0.4091,0.7724
"MYYU","57322_SE",57322,"SE","South Coastal Region",49.0141,-122.09198,2022,TRUE,4,1,1,0.64,0.4496,0.8109
"MYYU","57322_SE",57322,"SE","South Coastal Region",49.0141,-122.09198,2023,TRUE,4,1,1,0.6693,0.4672,0.8418
"MYYU","57322_SE",57322,"SE","South Coastal Region",49.0141,-122.09198,2024,FALSE,0,NA,NA,0.6737,0.4698,0.8497
"MYYU","57322_SE",57322,"SE","South Coastal Region",49.0141,-122.09198,2025,TRUE,4,1,1,0.6809,0.4669,0.8601
"MYYU","57322_SW",57322,"SW","South Coastal Region",49.01663,-122.15131,2017,FALSE,0,NA,NA,0.7552,0.4525,0.9452
"MYYU","57322_SW",57322,"SW","South Coastal Region",49.01663,-122.15131,2018,TRUE,4,1,1,0.8604,0.7125,0.9521
"MYYU","57322_SW",57322,"SW","South Coastal Region",49.01663,-122.15131,2019,TRUE,4,1,1,0.8999,0.7963,0.9604
"MYYU","57322_SW",57322,"SW","South Coastal Region",49.01663,-122.15131,2020,TRUE,4,1,1,0.9066,0.8155,0.965
"MYYU","57322_SW",57322,"SW","South Coastal Region",49.01663,-122.15131,2021,TRUE,4,0,0.4791,0.9299,0.8535,0.9765
"MYYU","57322_SW",57322,"SW","South Coastal Region",49.01663,-122.15131,2022,TRUE,4,1,1,0.9444,0.8784,0.9832
"MYYU","57322_SW",57322,"SW","South Coastal Region",49.01663,-122.15131,2023,TRUE,3,1,1,0.9533,0.8921,0.9877
"MYYU","57322_SW",57322,"SW","South Coastal Region",49.01663,-122.15131,2024,FALSE,0,NA,NA,0.9554,0.894,0.9883
"MYYU","57322_SW",57322,"SW","South Coastal Region",49.01663,-122.15131,2025,TRUE,2,1,1,0.9577,0.8994,0.9892
"MYYU","58842_NW",58842,"NW","Northern Region",54.79952,-121.1886,2017,FALSE,0,NA,NA,0.0566,0.0093,0.159
"MYYU","58842_NW",58842,"NW","Northern Region",54.79952,-121.1886,2018,FALSE,0,NA,NA,0.0509,0.0173,0.118
"MYYU","58842_NW",58842,"NW","Northern Region",54.79952,-121.1886,2019,FALSE,0,NA,NA,0.0441,0.0125,0.1017
"MYYU","58842_NW",58842,"NW","Northern Region",54.79952,-121.1886,2020,FALSE,0,NA,NA,0.0406,0.0105,0.0951
"MYYU","58842_NW",58842,"NW","Northern Region",54.79952,-121.1886,2021,FALSE,0,NA,NA,0.0464,0.0135,0.1051
"MYYU","58842_NW",58842,"NW","Northern Region",54.79952,-121.1886,2022,FALSE,0,NA,NA,0.0515,0.0152,0.1164
"MYYU","58842_NW",58842,"NW","Northern Region",54.79952,-121.1886,2023,FALSE,0,NA,NA,0.0529,0.0156,0.1189
"MYYU","58842_NW",58842,"NW","Northern Region",54.79952,-121.1886,2024,TRUE,4,0,0,0.0529,0.0152,0.1203
"MYYU","58842_NW",58842,"NW","Northern Region",54.79952,-121.1886,2025,TRUE,4,0,2e-04,0.054,0.0162,0.1242
"MYYU","58842_SE",58842,"SE","Northern Region",54.73781,-121.16052,2017,FALSE,0,NA,NA,0.0353,0.0038,0.118
"MYYU","58842_SE",58842,"SE","Northern Region",54.73781,-121.16052,2018,FALSE,0,NA,NA,0.0342,0.0113,0.0784
"MYYU","58842_SE",58842,"SE","Northern Region",54.73781,-121.16052,2019,FALSE,0,NA,NA,0.0298,0.009,0.0681
"MYYU","58842_SE",58842,"SE","Northern Region",54.73781,-121.16052,2020,FALSE,0,NA,NA,0.0275,0.0072,0.0638
"MYYU","58842_SE",58842,"SE","Northern Region",54.73781,-121.16052,2021,FALSE,0,NA,NA,0.0313,0.0095,0.0706
"MYYU","58842_SE",58842,"SE","Northern Region",54.73781,-121.16052,2022,FALSE,0,NA,NA,0.0348,0.0106,0.0786
"MYYU","58842_SE",58842,"SE","Northern Region",54.73781,-121.16052,2023,FALSE,0,NA,NA,0.0358,0.0111,0.0812
"MYYU","58842_SE",58842,"SE","Northern Region",54.73781,-121.16052,2024,TRUE,4,0,2e-04,0.0359,0.0108,0.0809
"MYYU","58842_SE",58842,"SE","Northern Region",54.73781,-121.16052,2025,TRUE,4,0,4e-04,0.0366,0.0112,0.0817
"MYYU","58842_SW",58842,"SW","Northern Region",54.75716,-121.25541,2017,FALSE,0,NA,NA,0.0315,0.0028,0.1134
"MYYU","58842_SW",58842,"SW","Northern Region",54.75716,-121.25541,2018,FALSE,0,NA,NA,0.0322,0.01,0.0771
"MYYU","58842_SW",58842,"SW","Northern Region",54.75716,-121.25541,2019,FALSE,0,NA,NA,0.0281,0.0079,0.0657
"MYYU","58842_SW",58842,"SW","Northern Region",54.75716,-121.25541,2020,FALSE,0,NA,NA,0.0261,0.0066,0.0628
"MYYU","58842_SW",58842,"SW","Northern Region",54.75716,-121.25541,2021,FALSE,0,NA,NA,0.0296,0.0087,0.069
"MYYU","58842_SW",58842,"SW","Northern Region",54.75716,-121.25541,2022,FALSE,0,NA,NA,0.0328,0.0096,0.0767
"MYYU","58842_SW",58842,"SW","Northern Region",54.75716,-121.25541,2023,FALSE,0,NA,NA,0.0336,0.0099,0.0782
"MYYU","58842_SW",58842,"SW","Northern Region",54.75716,-121.25541,2024,TRUE,4,0,7e-04,0.0337,0.0097,0.0789
"MYYU","58842_SW",58842,"SW","Northern Region",54.75716,-121.25541,2025,TRUE,4,0,2e-04,0.0344,0.0102,0.0788
"MYYU","5994_NE",5994,"NE","Kootenay Region",49.26067,-115.24894,2017,FALSE,0,NA,NA,0.5835,0.3167,0.8266
"MYYU","5994_NE",5994,"NE","Kootenay Region",49.26067,-115.24894,2018,FALSE,0,NA,NA,0.5113,0.3476,0.6773
"MYYU","5994_NE",5994,"NE","Kootenay Region",49.26067,-115.24894,2019,FALSE,0,NA,NA,0.4627,0.3094,0.6189
"MYYU","5994_NE",5994,"NE","Kootenay Region",49.26067,-115.24894,2020,TRUE,4,1,1,0.4035,0.2457,0.5743
"MYYU","5994_NE",5994,"NE","Kootenay Region",49.26067,-115.24894,2021,TRUE,4,0,0.0287,0.4555,0.3205,0.5976
"MYYU","5994_NE",5994,"NE","Kootenay Region",49.26067,-115.24894,2022,TRUE,4,1,1,0.4908,0.3499,0.6351
"MYYU","5994_NE",5994,"NE","Kootenay Region",49.26067,-115.24894,2023,TRUE,4,1,1,0.5162,0.3723,0.6596
"MYYU","5994_NE",5994,"NE","Kootenay Region",49.26067,-115.24894,2024,TRUE,4,1,1,0.5118,0.3672,0.6635
"MYYU","5994_NE",5994,"NE","Kootenay Region",49.26067,-115.24894,2025,FALSE,0,NA,NA,0.5171,0.3717,0.6712
"MYYU","5994_SE",5994,"SE","Kootenay Region",49.21228,-115.26277,2017,FALSE,0,NA,NA,0.4265,0.1931,0.683
"MYYU","5994_SE",5994,"SE","Kootenay Region",49.21228,-115.26277,2018,FALSE,0,NA,NA,0.3958,0.2489,0.5648
"MYYU","5994_SE",5994,"SE","Kootenay Region",49.21228,-115.26277,2019,FALSE,0,NA,NA,0.3606,0.2261,0.5103
"MYYU","5994_SE",5994,"SE","Kootenay Region",49.21228,-115.26277,2020,TRUE,4,1,1,0.3127,0.1808,0.4689
"MYYU","5994_SE",5994,"SE","Kootenay Region",49.21228,-115.26277,2021,TRUE,4,0,0.006,0.354,0.2234,0.5041
"MYYU","5994_SE",5994,"SE","Kootenay Region",49.21228,-115.26277,2022,TRUE,4,0,0.0029,0.3855,0.2469,0.5372
"MYYU","5994_SE",5994,"SE","Kootenay Region",49.21228,-115.26277,2023,TRUE,4,1,1,0.4089,0.2629,0.5694
"MYYU","5994_SE",5994,"SE","Kootenay Region",49.21228,-115.26277,2024,TRUE,4,0,0.0167,0.4077,0.2628,0.5696
"MYYU","5994_SE",5994,"SE","Kootenay Region",49.21228,-115.26277,2025,FALSE,0,NA,NA,0.4134,0.2656,0.5772
"MYYU","60586_NW",60586,"NW","Kootenay Region",50.93041,-116.39001,2017,FALSE,0,NA,NA,0.5124,0.2668,0.7571
"MYYU","60586_NW",60586,"NW","Kootenay Region",50.93041,-116.39001,2018,FALSE,0,NA,NA,0.4513,0.3022,0.6126
"MYYU","60586_NW",60586,"NW","Kootenay Region",50.93041,-116.39001,2019,FALSE,0,NA,NA,0.4052,0.2691,0.5425
"MYYU","60586_NW",60586,"NW","Kootenay Region",50.93041,-116.39001,2020,TRUE,4,1,1,0.3495,0.2198,0.4918
"MYYU","60586_NW",60586,"NW","Kootenay Region",50.93041,-116.39001,2021,TRUE,4,0,0.0129,0.397,0.2763,0.5271
"MYYU","60586_NW",60586,"NW","Kootenay Region",50.93041,-116.39001,2022,TRUE,4,0,0.0024,0.4315,0.3033,0.5622
"MYYU","60586_NW",60586,"NW","Kootenay Region",50.93041,-116.39001,2023,TRUE,4,0,0.0231,0.4562,0.3208,0.6023
"MYYU","60586_NW",60586,"NW","Kootenay Region",50.93041,-116.39001,2024,TRUE,4,1,1,0.4398,0.3089,0.5848
"MYYU","60586_NW",60586,"NW","Kootenay Region",50.93041,-116.39001,2025,TRUE,4,1,1,0.4412,0.3123,0.5883
"MYYU","60586_SW",60586,"SW","Kootenay Region",50.90342,-116.39335,2017,FALSE,0,NA,NA,0.6877,0.2571,0.9649
"MYYU","60586_SW",60586,"SW","Kootenay Region",50.90342,-116.39335,2018,FALSE,0,NA,NA,0.7021,0.4401,0.8975
"MYYU","60586_SW",60586,"SW","Kootenay Region",50.90342,-116.39335,2019,FALSE,0,NA,NA,0.6965,0.4724,0.874
"MYYU","60586_SW",60586,"SW","Kootenay Region",50.90342,-116.39335,2020,TRUE,4,0,0.004,0.6596,0.3979,0.8618
"MYYU","60586_SW",60586,"SW","Kootenay Region",50.90342,-116.39335,2021,TRUE,4,0,4e-04,0.698,0.4624,0.8784
"MYYU","60586_SW",60586,"SW","Kootenay Region",50.90342,-116.39335,2022,TRUE,4,0,2e-04,0.7281,0.4928,0.8968
"MYYU","60586_SW",60586,"SW","Kootenay Region",50.90342,-116.39335,2023,TRUE,3,0,0.0042,0.7522,0.5194,0.9113
"MYYU","60586_SW",60586,"SW","Kootenay Region",50.90342,-116.39335,2024,TRUE,4,0,0.016,0.757,0.5166,0.9193
"MYYU","60586_SW",60586,"SW","Kootenay Region",50.90342,-116.39335,2025,TRUE,4,1,1,0.7646,0.5255,0.9256
"MYYU","6202_NE",6202,"NE","South Coastal Region",48.53741,-123.50119,2017,FALSE,0,NA,NA,0.5405,0.2931,0.7767
"MYYU","6202_NE",6202,"NE","South Coastal Region",48.53741,-123.50119,2018,TRUE,4,1,1,0.6779,0.5181,0.8259
"MYYU","6202_NE",6202,"NE","South Coastal Region",48.53741,-123.50119,2019,TRUE,4,1,1,0.7502,0.6202,0.8611
"MYYU","6202_NE",6202,"NE","South Coastal Region",48.53741,-123.50119,2020,FALSE,0,NA,NA,0.7815,0.662,0.8764
"MYYU","6202_NE",6202,"NE","South Coastal Region",48.53741,-123.50119,2021,TRUE,4,1,1,0.8271,0.7191,0.9082
"MYYU","6202_NE",6202,"NE","South Coastal Region",48.53741,-123.50119,2022,TRUE,4,1,1,0.8611,0.7634,0.9325
"MYYU","6202_NE",6202,"NE","South Coastal Region",48.53741,-123.50119,2023,TRUE,4,1,1,0.8848,0.7919,0.9501
"MYYU","6202_NE",6202,"NE","South Coastal Region",48.53741,-123.50119,2024,TRUE,3,0,0.5351,0.8949,0.8054,0.9565
"MYYU","6202_NE",6202,"NE","South Coastal Region",48.53741,-123.50119,2025,FALSE,0,NA,NA,0.903,0.817,0.9622
"MYYU","6202_NW",6202,"NW","South Coastal Region",48.50788,-123.60088,2017,FALSE,0,NA,NA,0.3617,0.1224,0.6697
"MYYU","6202_NW",6202,"NW","South Coastal Region",48.50788,-123.60088,2018,TRUE,4,0,0.02,0.4543,0.3035,0.6263
"MYYU","6202_NW",6202,"NW","South Coastal Region",48.50788,-123.60088,2019,TRUE,3,0,0.0284,0.4628,0.3036,0.631
"MYYU","6202_NW",6202,"NW","South Coastal Region",48.50788,-123.60088,2020,TRUE,4,0,0.0082,0.4258,0.2501,0.6205
"MYYU","6202_NW",6202,"NW","South Coastal Region",48.50788,-123.60088,2021,TRUE,4,0,0.0071,0.4861,0.3208,0.6669
"MYYU","6202_NW",6202,"NW","South Coastal Region",48.50788,-123.60088,2022,TRUE,2,0,0.1609,0.5252,0.3515,0.7061
"MYYU","6202_NW",6202,"NW","South Coastal Region",48.50788,-123.60088,2023,TRUE,3,1,1,0.5522,0.3712,0.7377
"MYYU","6202_NW",6202,"NW","South Coastal Region",48.50788,-123.60088,2024,FALSE,0,NA,NA,0.5492,0.3673,0.7405
"MYYU","6202_NW",6202,"NW","South Coastal Region",48.50788,-123.60088,2025,FALSE,0,NA,NA,0.5552,0.3661,0.7497
"MYYU","6202_SE",6202,"SE","South Coastal Region",48.48934,-123.5079,2017,FALSE,0,NA,NA,0.6123,0.3798,0.8235
"MYYU","6202_SE",6202,"SE","South Coastal Region",48.48934,-123.5079,2018,TRUE,4,1,1,0.7443,0.6006,0.8657
"MYYU","6202_SE",6202,"SE","South Coastal Region",48.48934,-123.5079,2019,TRUE,4,1,1,0.8079,0.6982,0.8948
"MYYU","6202_SE",6202,"SE","South Coastal Region",48.48934,-123.5079,2020,FALSE,0,NA,NA,0.8311,0.7322,0.9083
"MYYU","6202_SE",6202,"SE","South Coastal Region",48.48934,-123.5079,2021,TRUE,4,1,1,0.8691,0.7804,0.9349
"MYYU","6202_SE",6202,"SE","South Coastal Region",48.48934,-123.5079,2022,TRUE,4,1,1,0.8936,0.8154,0.9512
"MYYU","6202_SE",6202,"SE","South Coastal Region",48.48934,-123.5079,2023,FALSE,0,NA,NA,0.9046,0.8294,0.9598
"MYYU","6202_SE",6202,"SE","South Coastal Region",48.48934,-123.5079,2024,FALSE,0,NA,NA,0.9066,0.832,0.961
"MYYU","6202_SE",6202,"SE","South Coastal Region",48.48934,-123.5079,2025,FALSE,0,NA,NA,0.9098,0.8341,0.9638
"MYYU","6202_SW",6202,"SW","South Coastal Region",48.48637,-123.54913,2017,FALSE,0,NA,NA,0.6631,0.4424,0.8506
"MYYU","6202_SW",6202,"SW","South Coastal Region",48.48637,-123.54913,2018,TRUE,4,1,1,0.7891,0.6572,0.8952
"MYYU","6202_SW",6202,"SW","South Coastal Region",48.48637,-123.54913,2019,TRUE,4,1,1,0.8501,0.748,0.9229
"MYYU","6202_SW",6202,"SW","South Coastal Region",48.48637,-123.54913,2020,TRUE,4,1,1,0.8755,0.788,0.9379
"MYYU","6202_SW",6202,"SW","South Coastal Region",48.48637,-123.54913,2021,TRUE,4,1,1,0.908,0.8348,0.9582
"MYYU","6202_SW",6202,"SW","South Coastal Region",48.48637,-123.54913,2022,TRUE,4,1,1,0.9303,0.8693,0.9705
"MYYU","6202_SW",6202,"SW","South Coastal Region",48.48637,-123.54913,2023,FALSE,0,NA,NA,0.9442,0.8889,0.9791
"MYYU","6202_SW",6202,"SW","South Coastal Region",48.48637,-123.54913,2024,TRUE,3,1,1,0.9504,0.8987,0.9827
"MYYU","6202_SW",6202,"SW","South Coastal Region",48.48637,-123.54913,2025,TRUE,4,1,1,0.9506,0.898,0.9833
"MYYU","70250_NW",70250,"NW","Kootenay Region",51.24583,-116.91793,2017,FALSE,0,NA,NA,0.4704,0.2256,0.7274
"MYYU","70250_NW",70250,"NW","Kootenay Region",51.24583,-116.91793,2018,FALSE,0,NA,NA,0.4434,0.2889,0.6147
"MYYU","70250_NW",70250,"NW","Kootenay Region",51.24583,-116.91793,2019,FALSE,0,NA,NA,0.4087,0.2656,0.5587
"MYYU","70250_NW",70250,"NW","Kootenay Region",51.24583,-116.91793,2020,TRUE,4,0,0.0071,0.356,0.2155,0.5107
"MYYU","70250_NW",70250,"NW","Kootenay Region",51.24583,-116.91793,2021,TRUE,4,0,2e-04,0.3988,0.2675,0.5404
"MYYU","70250_NW",70250,"NW","Kootenay Region",51.24583,-116.91793,2022,TRUE,4,0,0.002,0.4327,0.2937,0.5778
"MYYU","70250_NW",70250,"NW","Kootenay Region",51.24583,-116.91793,2023,TRUE,4,0,0.0031,0.4584,0.3087,0.6154
"MYYU","70250_NW",70250,"NW","Kootenay Region",51.24583,-116.91793,2024,TRUE,4,0,0.0047,0.4482,0.3039,0.6059
"MYYU","70250_NW",70250,"NW","Kootenay Region",51.24583,-116.91793,2025,TRUE,4,0,0.0084,0.4503,0.3062,0.6064
"MYYU","70250_SW",70250,"SW","Kootenay Region",51.20982,-116.89974,2017,FALSE,0,NA,NA,0.5864,0.3044,0.8459
"MYYU","70250_SW",70250,"SW","Kootenay Region",51.20982,-116.89974,2018,FALSE,0,NA,NA,0.5611,0.3978,0.7272
"MYYU","70250_SW",70250,"SW","Kootenay Region",51.20982,-116.89974,2019,FALSE,0,NA,NA,0.5267,0.3771,0.6734
"MYYU","70250_SW",70250,"SW","Kootenay Region",51.20982,-116.89974,2020,TRUE,4,0,0.0071,0.4675,0.2989,0.6251
"MYYU","70250_SW",70250,"SW","Kootenay Region",51.20982,-116.89974,2021,TRUE,4,0,0.0022,0.5119,0.3725,0.6487
"MYYU","70250_SW",70250,"SW","Kootenay Region",51.20982,-116.89974,2022,TRUE,4,0,0.0038,0.5478,0.415,0.6784
"MYYU","70250_SW",70250,"SW","Kootenay Region",51.20982,-116.89974,2023,FALSE,0,NA,NA,0.5758,0.4374,0.7077
"MYYU","70250_SW",70250,"SW","Kootenay Region",51.20982,-116.89974,2024,FALSE,0,NA,NA,0.5778,0.4324,0.7222
"MYYU","70250_SW",70250,"SW","Kootenay Region",51.20982,-116.89974,2025,TRUE,4,0,0.016,0.5847,0.44,0.7289
"MYYU","73002_NE",73002,"NE","Okanagan Region",50.85067,-121.87219,2017,TRUE,4,0,0.0418,0.7575,0.5062,0.9344
"MYYU","73002_NE",73002,"NE","Okanagan Region",50.85067,-121.87219,2018,TRUE,4,0,0.0091,0.7666,0.6232,0.8831
"MYYU","73002_NE",73002,"NE","Okanagan Region",50.85067,-121.87219,2019,TRUE,4,0,0.0076,0.7538,0.6114,0.8652
"MYYU","73002_NE",73002,"NE","Okanagan Region",50.85067,-121.87219,2020,TRUE,4,0,0.0036,0.7064,0.5311,0.8475
"MYYU","73002_NE",73002,"NE","Okanagan Region",50.85067,-121.87219,2021,TRUE,4,0,0.0011,0.7483,0.604,0.8672
"MYYU","73002_NE",73002,"NE","Okanagan Region",50.85067,-121.87219,2022,TRUE,4,0,0.0136,0.7777,0.6411,0.8865
"MYYU","73002_NE",73002,"NE","Okanagan Region",50.85067,-121.87219,2023,FALSE,0,NA,NA,0.7986,0.6658,0.9035
"MYYU","73002_NE",73002,"NE","Okanagan Region",50.85067,-121.87219,2024,TRUE,4,1,1,0.7999,0.6662,0.9039
"MYYU","73002_NE",73002,"NE","Okanagan Region",50.85067,-121.87219,2025,TRUE,4,1,1,0.8043,0.6736,0.9103
"MYYU","73002_SE",73002,"SE","Okanagan Region",50.82484,-121.86896,2017,TRUE,4,0,0.1153,0.7376,0.4681,0.9293
"MYYU","73002_SE",73002,"SE","Okanagan Region",50.82484,-121.86896,2018,TRUE,4,0,0.0256,0.589,0.3652,0.7869
"MYYU","73002_SE",73002,"SE","Okanagan Region",50.82484,-121.86896,2019,TRUE,4,0,0.042,0.5474,0.3501,0.7501
"MYYU","73002_SE",73002,"SE","Okanagan Region",50.82484,-121.86896,2020,TRUE,4,0,0.0156,0.4853,0.2922,0.7069
"MYYU","73002_SE",73002,"SE","Okanagan Region",50.82484,-121.86896,2021,TRUE,4,0,0.0069,0.557,0.3659,0.7515
"MYYU","73002_SE",73002,"SE","Okanagan Region",50.82484,-121.86896,2022,TRUE,4,0,0.0122,0.5892,0.3975,0.7891
"MYYU","73002_SE",73002,"SE","Okanagan Region",50.82484,-121.86896,2023,TRUE,4,0,0.0169,0.6098,0.4095,0.8181
"MYYU","73002_SE",73002,"SE","Okanagan Region",50.82484,-121.86896,2024,TRUE,4,0,0.0253,0.5995,0.3969,0.8086
"MYYU","73002_SE",73002,"SE","Okanagan Region",50.82484,-121.86896,2025,TRUE,4,1,1,0.6048,0.402,0.8108
"MYYU","73002_SW",73002,"SW","Okanagan Region",50.80422,-121.87782,2017,TRUE,4,0,0.1007,0.6639,0.3774,0.8967
"MYYU","73002_SW",73002,"SW","Okanagan Region",50.80422,-121.87782,2018,TRUE,4,1,1,0.5503,0.3857,0.7168
"MYYU","73002_SW",73002,"SW","Okanagan Region",50.80422,-121.87782,2019,TRUE,4,0,0.0407,0.5005,0.3476,0.6586
"MYYU","73002_SW",73002,"SW","Okanagan Region",50.80422,-121.87782,2020,TRUE,4,0,0.0047,0.4382,0.2845,0.6097
"MYYU","73002_SW",73002,"SW","Okanagan Region",50.80422,-121.87782,2021,TRUE,4,0,0.0016,0.5047,0.3601,0.6534
"MYYU","73002_SW",73002,"SW","Okanagan Region",50.80422,-121.87782,2022,TRUE,4,0,0.0036,0.5409,0.3922,0.697
"MYYU","73002_SW",73002,"SW","Okanagan Region",50.80422,-121.87782,2023,TRUE,3,0,0.0162,0.5639,0.4099,0.7339
"MYYU","73002_SW",73002,"SW","Okanagan Region",50.80422,-121.87782,2024,TRUE,4,0,0.01,0.5554,0.3995,0.7164
"MYYU","73002_SW",73002,"SW","Okanagan Region",50.80422,-121.87782,2025,TRUE,4,1,1,0.5603,0.4029,0.7274
"MYYU","73786_NW",73786,"NW","South Coastal Region",49.12334,-123.06198,2017,TRUE,4,0,0.1984,0.6443,0.4157,0.8427
"MYYU","73786_NW",73786,"NW","South Coastal Region",49.12334,-123.06198,2018,TRUE,4,1,1,0.7716,0.6267,0.889
"MYYU","73786_NW",73786,"NW","South Coastal Region",49.12334,-123.06198,2019,TRUE,3,0,0.946,0.8371,0.7195,0.9208
"MYYU","73786_NW",73786,"NW","South Coastal Region",49.12334,-123.06198,2020,TRUE,4,1,1,0.8701,0.7685,0.9402
"MYYU","73786_NW",73786,"NW","South Coastal Region",49.12334,-123.06198,2021,TRUE,3,1,1,0.904,0.8177,0.9615
"MYYU","73786_NW",73786,"NW","South Coastal Region",49.12334,-123.06198,2022,TRUE,3,1,1,0.9282,0.8542,0.9744
"MYYU","73786_NW",73786,"NW","South Coastal Region",49.12334,-123.06198,2023,TRUE,3,1,1,0.9437,0.8792,0.9822
"MYYU","73786_NW",73786,"NW","South Coastal Region",49.12334,-123.06198,2024,TRUE,3,1,1,0.9519,0.8947,0.9858
"MYYU","73786_NW",73786,"NW","South Coastal Region",49.12334,-123.06198,2025,TRUE,4,1,1,0.9578,0.9043,0.9881
"MYYU","73786_SE",73786,"SE","South Coastal Region",49.12604,-123.00163,2017,TRUE,4,0,0.132,0.5633,0.2723,0.8353
"MYYU","73786_SE",73786,"SE","South Coastal Region",49.12604,-123.00163,2018,TRUE,2,1,1,0.7049,0.4999,0.8744
"MYYU","73786_SE",73786,"SE","South Coastal Region",49.12604,-123.00163,2019,TRUE,2,1,1,0.7799,0.6038,0.9046
"MYYU","73786_SE",73786,"SE","South Coastal Region",49.12604,-123.00163,2020,TRUE,4,1,1,0.8176,0.6631,0.9207
"MYYU","73786_SE",73786,"SE","South Coastal Region",49.12604,-123.00163,2021,TRUE,3,1,1,0.8601,0.7255,0.9444
"MYYU","73786_SE",73786,"SE","South Coastal Region",49.12604,-123.00163,2022,TRUE,4,1,1,0.8917,0.7726,0.9619
"MYYU","73786_SE",73786,"SE","South Coastal Region",49.12604,-123.00163,2023,TRUE,3,1,1,0.9128,0.8057,0.9733
"MYYU","73786_SE",73786,"SE","South Coastal Region",49.12604,-123.00163,2024,TRUE,3,1,1,0.9246,0.8288,0.9791
"MYYU","73786_SE",73786,"SE","South Coastal Region",49.12604,-123.00163,2025,TRUE,4,0,0.4462,0.9333,0.8443,0.9822
"MYYU","73786_SW",73786,"SW","South Coastal Region",49.10823,-123.07992,2017,FALSE,0,NA,NA,0.7939,0.4111,0.98
"MYYU","73786_SW",73786,"SW","South Coastal Region",49.10823,-123.07992,2018,TRUE,2,1,1,0.8889,0.6852,0.9838
"MYYU","73786_SW",73786,"SW","South Coastal Region",49.10823,-123.07992,2019,TRUE,3,1,1,0.93,0.7938,0.9874
"MYYU","73786_SW",73786,"SW","South Coastal Region",49.10823,-123.07992,2020,TRUE,4,1,1,0.9486,0.8509,0.9895
"MYYU","73786_SW",73786,"SW","South Coastal Region",49.10823,-123.07992,2021,TRUE,3,1,1,0.9647,0.89,0.9939
"MYYU","73786_SW",73786,"SW","South Coastal Region",49.10823,-123.07992,2022,TRUE,3,1,1,0.975,0.9172,0.9962
"MYYU","73786_SW",73786,"SW","South Coastal Region",49.10823,-123.07992,2023,TRUE,3,1,1,0.981,0.9344,0.9975
"MYYU","73786_SW",73786,"SW","South Coastal Region",49.10823,-123.07992,2024,FALSE,0,NA,NA,0.9839,0.9465,0.9979
"MYYU","73786_SW",73786,"SW","South Coastal Region",49.10823,-123.07992,2025,TRUE,4,1,1,0.9861,0.9544,0.9981
"MYYU","77162_NE",77162,"NE","Kootenay Region",50.95478,-118.09975,2017,TRUE,4,0,9e-04,0.06,0.0029,0.2617
"MYYU","77162_NE",77162,"NE","Kootenay Region",50.95478,-118.09975,2018,TRUE,4,0,0.0011,0.0711,0.0223,0.1607
"MYYU","77162_NE",77162,"NE","Kootenay Region",50.95478,-118.09975,2019,TRUE,4,0,0.0011,0.0612,0.0185,0.1287
"MYYU","77162_NE",77162,"NE","Kootenay Region",50.95478,-118.09975,2020,TRUE,4,0,0.0011,0.0586,0.0174,0.1278
"MYYU","77162_NE",77162,"NE","Kootenay Region",50.95478,-118.09975,2021,TRUE,4,0,0,0.0653,0.0207,0.1392
"MYYU","77162_NE",77162,"NE","Kootenay Region",50.95478,-118.09975,2022,FALSE,0,NA,NA,0.0715,0.0236,0.1519
"MYYU","77162_NE",77162,"NE","Kootenay Region",50.95478,-118.09975,2023,FALSE,0,NA,NA,0.0724,0.024,0.153
"MYYU","77162_NE",77162,"NE","Kootenay Region",50.95478,-118.09975,2024,FALSE,0,NA,NA,0.0729,0.0245,0.1553
"MYYU","77162_NE",77162,"NE","Kootenay Region",50.95478,-118.09975,2025,FALSE,0,NA,NA,0.0742,0.0248,0.1595
"MYYU","77162_SW",77162,"SW","Kootenay Region",50.886,-118.10586,2017,TRUE,4,1,1,0.7149,0.4399,0.9115
"MYYU","77162_SW",77162,"SW","Kootenay Region",50.886,-118.10586,2018,TRUE,4,1,1,0.6985,0.5319,0.8384
"MYYU","77162_SW",77162,"SW","Kootenay Region",50.886,-118.10586,2019,TRUE,4,0,0.0387,0.6705,0.5077,0.8014
"MYYU","77162_SW",77162,"SW","Kootenay Region",50.886,-118.10586,2020,TRUE,4,0,0.024,0.6121,0.4088,0.7732
"MYYU","77162_SW",77162,"SW","Kootenay Region",50.886,-118.10586,2021,TRUE,4,1,1,0.6597,0.5081,0.7909
"MYYU","77162_SW",77162,"SW","Kootenay Region",50.886,-118.10586,2022,TRUE,4,1,1,0.6936,0.5533,0.8123
"MYYU","77162_SW",77162,"SW","Kootenay Region",50.886,-118.10586,2023,TRUE,4,1,1,0.7185,0.5804,0.8379
"MYYU","77162_SW",77162,"SW","Kootenay Region",50.886,-118.10586,2024,FALSE,0,NA,NA,0.7189,0.574,0.8424
"MYYU","77162_SW",77162,"SW","Kootenay Region",50.886,-118.10586,2025,TRUE,2,1,1,0.724,0.5808,0.8461
"MYYU","79018_NE",79018,"NE","Kootenay Region",50.2021,-116.91007,2017,TRUE,4,1,1,0.328,0.1189,0.5901
"MYYU","79018_NE",79018,"NE","Kootenay Region",50.2021,-116.91007,2018,TRUE,4,0,0.006,0.2452,0.1482,0.3649
"MYYU","79018_NE",79018,"NE","Kootenay Region",50.2021,-116.91007,2019,TRUE,4,0,0.0049,0.2176,0.1275,0.3146
"MYYU","79018_NE",79018,"NE","Kootenay Region",50.2021,-116.91007,2020,TRUE,4,0,0.0044,0.1951,0.1098,0.2891
"MYYU","79018_NE",79018,"NE","Kootenay Region",50.2021,-116.91007,2021,FALSE,0,NA,NA,0.2292,0.1374,0.332
"MYYU","79018_NE",79018,"NE","Kootenay Region",50.2021,-116.91007,2022,TRUE,4,0,0.008,0.249,0.1538,0.3617
"MYYU","79018_NE",79018,"NE","Kootenay Region",50.2021,-116.91007,2023,TRUE,4,1,1,0.2592,0.157,0.3776
"MYYU","79018_NE",79018,"NE","Kootenay Region",50.2021,-116.91007,2024,TRUE,4,0,0.0104,0.2534,0.1568,0.3728
"MYYU","79018_NE",79018,"NE","Kootenay Region",50.2021,-116.91007,2025,TRUE,4,1,1,0.2584,0.1619,0.3808
"MYYU","79018_NW",79018,"NW","Kootenay Region",50.19383,-116.94752,2017,TRUE,4,1,1,0.6379,0.3571,0.8677
"MYYU","79018_NW",79018,"NW","Kootenay Region",50.19383,-116.94752,2018,FALSE,0,NA,NA,0.6592,0.4797,0.8188
"MYYU","79018_NW",79018,"NW","Kootenay Region",50.19383,-116.94752,2019,TRUE,4,1,1,0.651,0.4884,0.7927
"MYYU","79018_NW",79018,"NW","Kootenay Region",50.19383,-116.94752,2020,TRUE,4,1,1,0.6055,0.4137,0.769
"MYYU","79018_NW",79018,"NW","Kootenay Region",50.19383,-116.94752,2021,TRUE,4,1,1,0.6464,0.489,0.787
"MYYU","79018_NW",79018,"NW","Kootenay Region",50.19383,-116.94752,2022,TRUE,3,1,1,0.6655,0.5166,0.7963
"MYYU","79018_NW",79018,"NW","Kootenay Region",50.19383,-116.94752,2023,TRUE,4,1,1,0.6844,0.535,0.8172
"MYYU","79018_NW",79018,"NW","Kootenay Region",50.19383,-116.94752,2024,TRUE,4,1,1,0.683,0.5334,0.8153
"MYYU","79018_NW",79018,"NW","Kootenay Region",50.19383,-116.94752,2025,TRUE,4,1,1,0.6871,0.5349,0.8195
"MYYU","79018_SE",79018,"SE","Kootenay Region",50.18723,-116.90419,2017,TRUE,4,0,0.0164,0.3727,0.1412,0.6498
"MYYU","79018_SE",79018,"SE","Kootenay Region",50.18723,-116.90419,2018,FALSE,0,NA,NA,0.2341,0.1116,0.3992
"MYYU","79018_SE",79018,"SE","Kootenay Region",50.18723,-116.90419,2019,TRUE,4,0,0.0091,0.2388,0.1215,0.3657
"MYYU","79018_SE",79018,"SE","Kootenay Region",50.18723,-116.90419,2020,TRUE,4,0,0.004,0.2234,0.1102,0.3435
"MYYU","79018_SE",79018,"SE","Kootenay Region",50.18723,-116.90419,2021,TRUE,4,1,1,0.2526,0.1387,0.3793
"MYYU","79018_SE",79018,"SE","Kootenay Region",50.18723,-116.90419,2022,TRUE,4,0,0.0029,0.2643,0.1505,0.3931
"MYYU","79018_SE",79018,"SE","Kootenay Region",50.18723,-116.90419,2023,TRUE,4,1,1,0.2663,0.1519,0.3943
"MYYU","79018_SE",79018,"SE","Kootenay Region",50.18723,-116.90419,2024,TRUE,3,0,0.0038,0.2641,0.1503,0.3912
"MYYU","79018_SE",79018,"SE","Kootenay Region",50.18723,-116.90419,2025,TRUE,4,1,1,0.2695,0.1571,0.4008
"MYYU","79018_SW",79018,"SW","Kootenay Region",50.17771,-116.95968,2017,TRUE,4,1,1,0.7377,0.4524,0.9325
"MYYU","79018_SW",79018,"SW","Kootenay Region",50.17771,-116.95968,2018,FALSE,0,NA,NA,0.7521,0.5849,0.8839
"MYYU","79018_SW",79018,"SW","Kootenay Region",50.17771,-116.95968,2019,TRUE,4,1,1,0.7437,0.6004,0.8621
"MYYU","79018_SW",79018,"SW","Kootenay Region",50.17771,-116.95968,2020,TRUE,3,1,1,0.7022,0.5081,0.8459
"MYYU","79018_SW",79018,"SW","Kootenay Region",50.17771,-116.95968,2021,TRUE,3,1,1,0.7404,0.5873,0.8617
"MYYU","79018_SW",79018,"SW","Kootenay Region",50.17771,-116.95968,2022,TRUE,4,1,1,0.7695,0.632,0.8776
"MYYU","79018_SW",79018,"SW","Kootenay Region",50.17771,-116.95968,2023,TRUE,4,1,1,0.792,0.6591,0.8937
"MYYU","79018_SW",79018,"SW","Kootenay Region",50.17771,-116.95968,2024,TRUE,4,1,1,0.7955,0.659,0.9023
"MYYU","79018_SW",79018,"SW","Kootenay Region",50.17771,-116.95968,2025,FALSE,0,NA,NA,0.8012,0.6646,0.9061
"MYYU","86074_NE",86074,"NE","South Coastal Region",49.23087,-122.3056,2017,TRUE,4,0,0.0164,0.4817,0.2692,0.716
"MYYU","86074_NE",86074,"NE","South Coastal Region",49.23087,-122.3056,2018,TRUE,3,0,0.0293,0.4878,0.2913,0.6738
"MYYU","86074_NE",86074,"NE","South Coastal Region",49.23087,-122.3056,2019,FALSE,0,NA,NA,0.4661,0.2853,0.6786
"MYYU","86074_NE",86074,"NE","South Coastal Region",49.23087,-122.3056,2020,TRUE,3,0,0.0284,0.4234,0.2492,0.6533
"MYYU","86074_NE",86074,"NE","South Coastal Region",49.23087,-122.3056,2021,TRUE,4,0,0.0029,0.4951,0.316,0.6987
"MYYU","86074_NE",86074,"NE","South Coastal Region",49.23087,-122.3056,2022,TRUE,4,0,0.0058,0.518,0.3345,0.7305
"MYYU","86074_NE",86074,"NE","South Coastal Region",49.23087,-122.3056,2023,TRUE,4,1,1,0.5351,0.3472,0.7561
"MYYU","86074_NE",86074,"NE","South Coastal Region",49.23087,-122.3056,2024,TRUE,4,0,0.0129,0.5201,0.3288,0.7413
"MYYU","86074_NE",86074,"NE","South Coastal Region",49.23087,-122.3056,2025,FALSE,0,NA,NA,0.5281,0.3345,0.7511
"MYYU","86074_NW",86074,"NW","South Coastal Region",49.18442,-122.40331,2017,TRUE,4,1,1,0.71,0.468,0.8914
"MYYU","86074_NW",86074,"NW","South Coastal Region",49.18442,-122.40331,2018,FALSE,0,NA,NA,0.8262,0.6956,0.9213
"MYYU","86074_NW",86074,"NW","South Coastal Region",49.18442,-122.40331,2019,FALSE,0,NA,NA,0.8782,0.7872,0.941
"MYYU","86074_NW",86074,"NW","South Coastal Region",49.18442,-122.40331,2020,TRUE,4,1,1,0.8961,0.8162,0.9499
"MYYU","86074_NW",86074,"NW","South Coastal Region",49.18442,-122.40331,2021,FALSE,0,NA,NA,0.9235,0.8597,0.9663
"MYYU","86074_NW",86074,"NW","South Coastal Region",49.18442,-122.40331,2022,TRUE,4,1,1,0.9417,0.8888,0.9766
"MYYU","86074_NW",86074,"NW","South Coastal Region",49.18442,-122.40331,2023,FALSE,0,NA,NA,0.9529,0.9046,0.9837
"MYYU","86074_NW",86074,"NW","South Coastal Region",49.18442,-122.40331,2024,FALSE,0,NA,NA,0.9571,0.912,0.9858
"MYYU","86074_NW",86074,"NW","South Coastal Region",49.18442,-122.40331,2025,FALSE,0,NA,NA,0.9604,0.9172,0.9875
"MYYU","86074_SE",86074,"SE","South Coastal Region",49.16962,-122.3193,2017,TRUE,4,1,1,0.6958,0.3536,0.9334
"MYYU","86074_SE",86074,"SE","South Coastal Region",49.16962,-122.3193,2018,FALSE,0,NA,NA,0.8139,0.6298,0.9388
"MYYU","86074_SE",86074,"SE","South Coastal Region",49.16962,-122.3193,2019,FALSE,0,NA,NA,0.8646,0.7383,0.9468
"MYYU","86074_SE",86074,"SE","South Coastal Region",49.16962,-122.3193,2020,TRUE,4,1,1,0.8787,0.7712,0.9512
"MYYU","86074_SE",86074,"SE","South Coastal Region",49.16962,-122.3193,2021,TRUE,4,1,1,0.9076,0.8167,0.966
"MYYU","86074_SE",86074,"SE","South Coastal Region",49.16962,-122.3193,2022,TRUE,4,1,1,0.9201,0.8382,0.9721
"MYYU","86074_SE",86074,"SE","South Coastal Region",49.16962,-122.3193,2023,FALSE,0,NA,NA,0.9296,0.851,0.9782
"MYYU","86074_SE",86074,"SE","South Coastal Region",49.16962,-122.3193,2024,FALSE,0,NA,NA,0.9308,0.8478,0.9794
"MYYU","86074_SE",86074,"SE","South Coastal Region",49.16962,-122.3193,2025,FALSE,0,NA,NA,0.9333,0.8526,0.9812
"MYYU","86074_SW",86074,"SW","South Coastal Region",49.14174,-122.38204,2017,TRUE,2,0,0.1211,0.6463,0.4207,0.8419
"MYYU","86074_SW",86074,"SW","South Coastal Region",49.14174,-122.38204,2018,FALSE,0,NA,NA,0.7758,0.6412,0.8829
"MYYU","86074_SW",86074,"SW","South Coastal Region",49.14174,-122.38204,2019,TRUE,4,0,0.2307,0.8334,0.7289,0.9112
"MYYU","86074_SW",86074,"SW","South Coastal Region",49.14174,-122.38204,2020,TRUE,3,1,1,0.8504,0.7475,0.9262
"MYYU","86074_SW",86074,"SW","South Coastal Region",49.14174,-122.38204,2021,FALSE,0,NA,NA,0.8819,0.7924,0.9457
"MYYU","86074_SW",86074,"SW","South Coastal Region",49.14174,-122.38204,2022,TRUE,4,1,1,0.904,0.8254,0.9599
"MYYU","86074_SW",86074,"SW","South Coastal Region",49.14174,-122.38204,2023,TRUE,4,1,1,0.9183,0.8427,0.9701
"MYYU","86074_SW",86074,"SW","South Coastal Region",49.14174,-122.38204,2024,TRUE,4,1,1,0.9229,0.8483,0.972
"MYYU","86074_SW",86074,"SW","South Coastal Region",49.14174,-122.38204,2025,FALSE,0,NA,NA,0.9269,0.8508,0.9747
"MYYU","89962_NE",89962,"NE","Kootenay Region",49.07682,-117.5986,2017,FALSE,0,NA,NA,0.5368,0.2707,0.7923
"MYYU","89962_NE",89962,"NE","Kootenay Region",49.07682,-117.5986,2018,FALSE,0,NA,NA,0.5452,0.3708,0.7211
"MYYU","89962_NE",89962,"NE","Kootenay Region",49.07682,-117.5986,2019,FALSE,0,NA,NA,0.5275,0.364,0.6862
"MYYU","89962_NE",89962,"NE","Kootenay Region",49.07682,-117.5986,2020,FALSE,0,NA,NA,0.478,0.3,0.6514
"MYYU","89962_NE",89962,"NE","Kootenay Region",49.07682,-117.5986,2021,FALSE,0,NA,NA,0.5195,0.3657,0.675
"MYYU","89962_NE",89962,"NE","Kootenay Region",49.07682,-117.5986,2022,TRUE,4,1,1,0.5544,0.4,0.7053
"MYYU","89962_NE",89962,"NE","Kootenay Region",49.07682,-117.5986,2023,TRUE,4,1,1,0.5821,0.4248,0.7346
"MYYU","89962_NE",89962,"NE","Kootenay Region",49.07682,-117.5986,2024,FALSE,0,NA,NA,0.5871,0.4216,0.7423
"MYYU","89962_NE",89962,"NE","Kootenay Region",49.07682,-117.5986,2025,TRUE,4,1,1,0.595,0.4272,0.7504
"MYYU","89962_SE",89962,"SE","Kootenay Region",49.00974,-117.57236,2017,FALSE,0,NA,NA,0.7417,0.4689,0.9287
"MYYU","89962_SE",89962,"SE","Kootenay Region",49.00974,-117.57236,2018,FALSE,0,NA,NA,0.7167,0.5539,0.8551
"MYYU","89962_SE",89962,"SE","Kootenay Region",49.00974,-117.57236,2019,FALSE,0,NA,NA,0.6864,0.5181,0.8201
"MYYU","89962_SE",89962,"SE","Kootenay Region",49.00974,-117.57236,2020,FALSE,0,NA,NA,0.6273,0.4179,0.7932
"MYYU","89962_SE",89962,"SE","Kootenay Region",49.00974,-117.57236,2021,FALSE,0,NA,NA,0.6747,0.5013,0.8161
"MYYU","89962_SE",89962,"SE","Kootenay Region",49.00974,-117.57236,2022,TRUE,4,1,1,0.7075,0.5455,0.8404
"MYYU","89962_SE",89962,"SE","Kootenay Region",49.00974,-117.57236,2023,FALSE,0,NA,NA,0.7314,0.5708,0.8628
"MYYU","89962_SE",89962,"SE","Kootenay Region",49.00974,-117.57236,2024,TRUE,4,1,1,0.7311,0.5678,0.8651
"MYYU","89962_SE",89962,"SE","Kootenay Region",49.00974,-117.57236,2025,TRUE,4,1,1,0.7361,0.569,0.8705
"MYYU","89962_SW",89962,"SW","Kootenay Region",49.0077,-117.63034,2017,FALSE,0,NA,NA,0.6975,0.4001,0.9113
"MYYU","89962_SW",89962,"SW","Kootenay Region",49.0077,-117.63034,2018,FALSE,0,NA,NA,0.75,0.5519,0.8952
"MYYU","89962_SW",89962,"SW","Kootenay Region",49.0077,-117.63034,2019,FALSE,0,NA,NA,0.7674,0.6032,0.8913
"MYYU","89962_SW",89962,"SW","Kootenay Region",49.0077,-117.63034,2020,FALSE,0,NA,NA,0.7517,0.574,0.8854
"MYYU","89962_SW",89962,"SW","Kootenay Region",49.0077,-117.63034,2021,FALSE,0,NA,NA,0.7852,0.6296,0.9012
"MYYU","89962_SW",89962,"SW","Kootenay Region",49.0077,-117.63034,2022,TRUE,4,1,1,0.8119,0.6649,0.916
"MYYU","89962_SW",89962,"SW","Kootenay Region",49.0077,-117.63034,2023,FALSE,0,NA,NA,0.8325,0.6939,0.9293
"MYYU","89962_SW",89962,"SW","Kootenay Region",49.0077,-117.63034,2024,TRUE,4,1,1,0.84,0.7001,0.9344
"MYYU","89962_SW",89962,"SW","Kootenay Region",49.0077,-117.63034,2025,TRUE,4,1,1,0.8462,0.7047,0.9392
"MYYU","93290_NE",93290,"NE","Okanagan Region",49.44361,-119.56535,2017,FALSE,0,NA,NA,0.7156,0.4517,0.9238
"MYYU","93290_NE",93290,"NE","Okanagan Region",49.44361,-119.56535,2018,TRUE,4,1,1,0.716,0.5626,0.8518
"MYYU","93290_NE",93290,"NE","Okanagan Region",49.44361,-119.56535,2019,FALSE,0,NA,NA,0.6979,0.5559,0.8215
"MYYU","93290_NE",93290,"NE","Okanagan Region",49.44361,-119.56535,2020,TRUE,4,0,0.1711,0.6451,0.4741,0.7932
"MYYU","93290_NE",93290,"NE","Okanagan Region",49.44361,-119.56535,2021,TRUE,4,1,1,0.6877,0.5329,0.8199
"MYYU","93290_NE",93290,"NE","Okanagan Region",49.44361,-119.56535,2022,TRUE,4,1,1,0.7201,0.5744,0.8466
"MYYU","93290_NE",93290,"NE","Okanagan Region",49.44361,-119.56535,2023,TRUE,3,1,1,0.7439,0.596,0.8672
"MYYU","93290_NE",93290,"NE","Okanagan Region",49.44361,-119.56535,2024,FALSE,0,NA,NA,0.7461,0.602,0.8708
"MYYU","93290_NE",93290,"NE","Okanagan Region",49.44361,-119.56535,2025,TRUE,4,1,1,0.7518,0.6072,0.8756
"MYYU","93290_NW",93290,"NW","Okanagan Region",49.41531,-119.6018,2017,TRUE,4,1,1,0.7867,0.5512,0.9452
"MYYU","93290_NW",93290,"NW","Okanagan Region",49.41531,-119.6018,2018,TRUE,4,1,1,0.775,0.6439,0.8844
"MYYU","93290_NW",93290,"NW","Okanagan Region",49.41531,-119.6018,2019,TRUE,4,1,1,0.7531,0.6242,0.8598
"MYYU","93290_NW",93290,"NW","Okanagan Region",49.41531,-119.6018,2020,TRUE,4,0,0.2169,0.6992,0.5374,0.8352
"MYYU","93290_NW",93290,"NW","Okanagan Region",49.41531,-119.6018,2021,TRUE,4,1,1,0.745,0.6106,0.8576
"MYYU","93290_NW",93290,"NW","Okanagan Region",49.41531,-119.6018,2022,TRUE,4,1,1,0.7752,0.6477,0.8777
"MYYU","93290_NW",93290,"NW","Okanagan Region",49.41531,-119.6018,2023,TRUE,4,1,1,0.7958,0.6664,0.9005
"MYYU","93290_NW",93290,"NW","Okanagan Region",49.41531,-119.6018,2024,TRUE,4,1,1,0.7951,0.6692,0.9
"MYYU","93290_NW",93290,"NW","Okanagan Region",49.41531,-119.6018,2025,TRUE,4,1,1,0.799,0.6722,0.904
"MYYU","93290_SE",93290,"SE","Okanagan Region",49.38433,-119.56165,2017,TRUE,3,1,1,0.8586,0.6342,0.9765
"MYYU","93290_SE",93290,"SE","Okanagan Region",49.38433,-119.56165,2018,TRUE,4,1,1,0.8721,0.7569,0.9491
"MYYU","93290_SE",93290,"SE","Okanagan Region",49.38433,-119.56165,2019,TRUE,4,1,1,0.868,0.7618,0.9431
"MYYU","93290_SE",93290,"SE","Okanagan Region",49.38433,-119.56165,2020,TRUE,4,1,1,0.8377,0.6922,0.9325
"MYYU","93290_SE",93290,"SE","Okanagan Region",49.38433,-119.56165,2021,TRUE,4,1,1,0.867,0.7451,0.9477
"MYYU","93290_SE",93290,"SE","Okanagan Region",49.38433,-119.56165,2022,FALSE,0,NA,NA,0.8857,0.776,0.9578
"MYYU","93290_SE",93290,"SE","Okanagan Region",49.38433,-119.56165,2023,TRUE,4,1,1,0.8982,0.7912,0.966
"MYYU","93290_SE",93290,"SE","Okanagan Region",49.38433,-119.56165,2024,TRUE,4,1,1,0.8982,0.7904,0.9668
"MYYU","93290_SE",93290,"SE","Okanagan Region",49.38433,-119.56165,2025,TRUE,4,1,1,0.9008,0.796,0.9683
"MYYU","93290_SW",93290,"SW","Okanagan Region",49.37943,-119.59374,2017,TRUE,4,1,1,0.629,0.3047,0.8946
"MYYU","93290_SW",93290,"SW","Okanagan Region",49.37943,-119.59374,2018,TRUE,4,0,0.1804,0.6153,0.4452,0.7809
"MYYU","93290_SW",93290,"SW","Okanagan Region",49.37943,-119.59374,2019,TRUE,4,1,1,0.5874,0.4288,0.738
"MYYU","93290_SW",93290,"SW","Okanagan Region",49.37943,-119.59374,2020,TRUE,4,0,0.0136,0.528,0.3505,0.7074
"MYYU","93290_SW",93290,"SW","Okanagan Region",49.37943,-119.59374,2021,TRUE,4,0,0.0067,0.5785,0.4159,0.736
"MYYU","93290_SW",93290,"SW","Okanagan Region",49.37943,-119.59374,2022,TRUE,4,1,1,0.615,0.4507,0.7711
"MYYU","93290_SW",93290,"SW","Okanagan Region",49.37943,-119.59374,2023,TRUE,4,0,0.0307,0.6412,0.4701,0.7999
"MYYU","93290_SW",93290,"SW","Okanagan Region",49.37943,-119.59374,2024,TRUE,4,0,0.0027,0.6418,0.4718,0.8001
"MYYU","93290_SW",93290,"SW","Okanagan Region",49.37943,-119.59374,2025,TRUE,4,0,0.0098,0.6475,0.4762,0.8062
"MYYU","94522_NW",94522,"NW","Northern Region",53.10732,-131.86467,2017,TRUE,3,0,0.0051,0.4149,0.1246,0.7137
"MYYU","94522_NW",94522,"NW","Northern Region",53.10732,-131.86467,2018,TRUE,4,0,9e-04,0.4529,0.2196,0.7023
"MYYU","94522_NW",94522,"NW","Northern Region",53.10732,-131.86467,2019,TRUE,3,0,0.0096,0.4764,0.2712,0.6923
"MYYU","94522_NW",94522,"NW","Northern Region",53.10732,-131.86467,2020,FALSE,0,NA,NA,0.4847,0.2954,0.6803
"MYYU","94522_NW",94522,"NW","Northern Region",53.10732,-131.86467,2021,FALSE,0,NA,NA,0.5107,0.3284,0.696
"MYYU","94522_NW",94522,"NW","Northern Region",53.10732,-131.86467,2022,FALSE,0,NA,NA,0.5379,0.3557,0.7138
"MYYU","94522_NW",94522,"NW","Northern Region",53.10732,-131.86467,2023,FALSE,0,NA,NA,0.5634,0.3829,0.7364
"MYYU","94522_NW",94522,"NW","Northern Region",53.10732,-131.86467,2024,FALSE,0,NA,NA,0.5837,0.4013,0.7561
"MYYU","94522_NW",94522,"NW","Northern Region",53.10732,-131.86467,2025,FALSE,0,NA,NA,0.603,0.4186,0.7753
"MYYU","94522_SE",94522,"SE","Northern Region",53.08196,-131.77925,2017,TRUE,4,0,0.0031,0.3795,0.1141,0.6679
"MYYU","94522_SE",94522,"SE","Northern Region",53.08196,-131.77925,2018,TRUE,4,0,0.0018,0.4093,0.1987,0.6431
"MYYU","94522_SE",94522,"SE","Northern Region",53.08196,-131.77925,2019,TRUE,3,0,0.0093,0.4233,0.2369,0.6318
"MYYU","94522_SE",94522,"SE","Northern Region",53.08196,-131.77925,2020,FALSE,0,NA,NA,0.4189,0.2371,0.616
"MYYU","94522_SE",94522,"SE","Northern Region",53.08196,-131.77925,2021,FALSE,0,NA,NA,0.4409,0.2574,0.6385
"MYYU","94522_SE",94522,"SE","Northern Region",53.08196,-131.77925,2022,FALSE,0,NA,NA,0.4651,0.2729,0.6707
"MYYU","94522_SE",94522,"SE","Northern Region",53.08196,-131.77925,2023,FALSE,0,NA,NA,0.4878,0.2826,0.7012
"MYYU","94522_SE",94522,"SE","Northern Region",53.08196,-131.77925,2024,FALSE,0,NA,NA,0.5039,0.2876,0.7263
"MYYU","94522_SE",94522,"SE","Northern Region",53.08196,-131.77925,2025,FALSE,0,NA,NA,0.5198,0.2941,0.7496
"MYYU","9466_NE",9466,"NE","Northern Region",57.34435,-125.50932,2017,FALSE,0,NA,NA,0.104,0.0201,0.2713
"MYYU","9466_NE",9466,"NE","Northern Region",57.34435,-125.50932,2018,FALSE,0,NA,NA,0.1047,0.0458,0.2094
"MYYU","9466_NE",9466,"NE","Northern Region",57.34435,-125.50932,2019,FALSE,0,NA,NA,0.1009,0.0477,0.1863
"MYYU","9466_NE",9466,"NE","Northern Region",57.34435,-125.50932,2020,FALSE,0,NA,NA,0.091,0.0386,0.1691
"MYYU","9466_NE",9466,"NE","Northern Region",57.34435,-125.50932,2021,FALSE,0,NA,NA,0.0996,0.0429,0.1828
"MYYU","9466_NE",9466,"NE","Northern Region",57.34435,-125.50932,2022,TRUE,3,0,9e-04,0.1098,0.0471,0.2035
"MYYU","9466_NE",9466,"NE","Northern Region",57.34435,-125.50932,2023,FALSE,0,NA,NA,0.1195,0.0504,0.2222
"MYYU","9466_NE",9466,"NE","Northern Region",57.34435,-125.50932,2024,TRUE,3,0,0.0022,0.1248,0.0501,0.237
"MYYU","9466_NE",9466,"NE","Northern Region",57.34435,-125.50932,2025,FALSE,0,NA,NA,0.1305,0.0514,0.2502
"MYYU","9466_NW",9466,"NW","Northern Region",57.3459,-125.55037,2017,FALSE,0,NA,NA,0.16,0.0169,0.4983
"MYYU","9466_NW",9466,"NW","Northern Region",57.3459,-125.55037,2018,FALSE,0,NA,NA,0.152,0.0467,0.377
"MYYU","9466_NW",9466,"NW","Northern Region",57.3459,-125.55037,2019,FALSE,0,NA,NA,0.143,0.0525,0.3139
"MYYU","9466_NW",9466,"NW","Northern Region",57.3459,-125.55037,2020,FALSE,0,NA,NA,0.1282,0.0437,0.2781
"MYYU","9466_NW",9466,"NW","Northern Region",57.3459,-125.55037,2021,FALSE,0,NA,NA,0.1371,0.0482,0.2902
"MYYU","9466_NW",9466,"NW","Northern Region",57.3459,-125.55037,2022,TRUE,4,0,9e-04,0.1484,0.053,0.3022
"MYYU","9466_NW",9466,"NW","Northern Region",57.3459,-125.55037,2023,FALSE,0,NA,NA,0.1595,0.0552,0.3187
"MYYU","9466_NW",9466,"NW","Northern Region",57.3459,-125.55037,2024,TRUE,3,0,0.0011,0.1659,0.0554,0.3379
"MYYU","9466_NW",9466,"NW","Northern Region",57.3459,-125.55037,2025,TRUE,4,0,0,0.1729,0.0569,0.3562
"MYYU","9466_SE",9466,"SE","Northern Region",57.31575,-125.49037,2017,FALSE,0,NA,NA,0.055,0.0081,0.1593
"MYYU","9466_SE",9466,"SE","Northern Region",57.31575,-125.49037,2018,FALSE,0,NA,NA,0.0489,0.0198,0.1003
"MYYU","9466_SE",9466,"SE","Northern Region",57.31575,-125.49037,2019,FALSE,0,NA,NA,0.0432,0.0149,0.0892
"MYYU","9466_SE",9466,"SE","Northern Region",57.31575,-125.49037,2020,FALSE,0,NA,NA,0.0377,0.0117,0.0826
"MYYU","9466_SE",9466,"SE","Northern Region",57.31575,-125.49037,2021,FALSE,0,NA,NA,0.0437,0.0146,0.0931
"MYYU","9466_SE",9466,"SE","Northern Region",57.31575,-125.49037,2022,TRUE,4,0,4e-04,0.0494,0.0166,0.1083
"MYYU","9466_SE",9466,"SE","Northern Region",57.31575,-125.49037,2023,FALSE,0,NA,NA,0.053,0.0171,0.1169
"MYYU","9466_SE",9466,"SE","Northern Region",57.31575,-125.49037,2024,TRUE,3,0,9e-04,0.0535,0.0177,0.1183
"MYYU","9466_SE",9466,"SE","Northern Region",57.31575,-125.49037,2025,TRUE,4,0,2e-04,0.0548,0.0182,0.1209
"MYYU","9466_SW",9466,"SW","Northern Region",57.29483,-125.51474,2017,FALSE,0,NA,NA,0.0905,0.0179,0.2333
"MYYU","9466_SW",9466,"SW","Northern Region",57.29483,-125.51474,2018,FALSE,0,NA,NA,0.0933,0.041,0.187
"MYYU","9466_SW",9466,"SW","Northern Region",57.29483,-125.51474,2019,FALSE,0,NA,NA,0.0914,0.0443,0.1652
"MYYU","9466_SW",9466,"SW","Northern Region",57.29483,-125.51474,2020,FALSE,0,NA,NA,0.0834,0.036,0.1525
"MYYU","9466_SW",9466,"SW","Northern Region",57.29483,-125.51474,2021,FALSE,0,NA,NA,0.0915,0.0409,0.1638
"MYYU","9466_SW",9466,"SW","Northern Region",57.29483,-125.51474,2022,TRUE,4,0,0,0.101,0.0445,0.1831
"MYYU","9466_SW",9466,"SW","Northern Region",57.29483,-125.51474,2023,FALSE,0,NA,NA,0.1101,0.0479,0.2012
"MYYU","9466_SW",9466,"SW","Northern Region",57.29483,-125.51474,2024,TRUE,3,0,0.0013,0.1155,0.0478,0.214
"MYYU","9466_SW",9466,"SW","Northern Region",57.29483,-125.51474,2025,TRUE,4,0,7e-04,0.1211,0.0492,0.2287
"MYYU","986_NE",986,"NE","Northern Region",53.188,-121.30225,2017,FALSE,0,NA,NA,0.1254,0.0104,0.4402
"MYYU","986_NE",986,"NE","Northern Region",53.188,-121.30225,2018,TRUE,3,0,9e-04,0.1299,0.0304,0.3758
"MYYU","986_NE",986,"NE","Northern Region",53.188,-121.30225,2019,TRUE,3,0,0.0011,0.1312,0.0391,0.3383
"MYYU","986_NE",986,"NE","Northern Region",53.188,-121.30225,2020,TRUE,4,0,0,0.1269,0.0389,0.3046
"MYYU","986_NE",986,"NE","Northern Region",53.188,-121.30225,2021,TRUE,4,0,0,0.136,0.0435,0.3062
"MYYU","986_NE",986,"NE","Northern Region",53.188,-121.30225,2022,TRUE,4,0,0,0.1468,0.0473,0.3233
"MYYU","986_NE",986,"NE","Northern Region",53.188,-121.30225,2023,TRUE,4,0,0,0.1578,0.0516,0.335
"MYYU","986_NE",986,"NE","Northern Region",53.188,-121.30225,2024,TRUE,4,0,2e-04,0.1663,0.0516,0.3481
"MYYU","986_NE",986,"NE","Northern Region",53.188,-121.30225,2025,TRUE,4,0,0,0.1752,0.0535,0.36
"MYYU","986_SE",986,"SE","Northern Region",53.1392,-121.2577,2017,FALSE,0,NA,NA,0.0628,0.0092,0.1915
"MYYU","986_SE",986,"SE","Northern Region",53.1392,-121.2577,2018,FALSE,0,NA,NA,0.0687,0.0239,0.1593
"MYYU","986_SE",986,"SE","Northern Region",53.1392,-121.2577,2019,TRUE,3,0,0.0016,0.0708,0.0276,0.1462
"MYYU","986_SE",986,"SE","Northern Region",53.1392,-121.2577,2020,TRUE,2,0,9e-04,0.0685,0.0247,0.1426
"MYYU","986_SE",986,"SE","Northern Region",53.1392,-121.2577,2021,FALSE,0,NA,NA,0.0758,0.027,0.1567
"MYYU","986_SE",986,"SE","Northern Region",53.1392,-121.2577,2022,TRUE,4,0,2e-04,0.0841,0.0293,0.171
"MYYU","986_SE",986,"SE","Northern Region",53.1392,-121.2577,2023,TRUE,4,0,0,0.0921,0.0313,0.1891
"MYYU","986_SE",986,"SE","Northern Region",53.1392,-121.2577,2024,TRUE,4,0,4e-04,0.0977,0.0313,0.2025
"MYYU","986_SE",986,"SE","Northern Region",53.1392,-121.2577,2025,TRUE,4,0,7e-04,0.1035,0.0324,0.216
