"species","site","GRTS_Cell_ID","Quadrant","region","lat","long","year","surveyed","n_visits","detected","p_occupied","psi_expected","psi_expected_lo95","psi_expected_hi95"
"LABO","110378_NE",110378,"NE","Okanagan Region",49.04717,-119.5574,2017,FALSE,0,NA,NA,0.1853,0.041,0.438
"LABO","110378_NE",110378,"NE","Okanagan Region",49.04717,-119.5574,2018,TRUE,2,0,0.296,0.1559,0.0409,0.3409
"LABO","110378_NE",110378,"NE","Okanagan Region",49.04717,-119.5574,2019,TRUE,4,0,0.3862,0.1662,0.0367,0.3489
"LABO","110378_NE",110378,"NE","Okanagan Region",49.04717,-119.5574,2020,TRUE,4,1,1,0.2634,0.1222,0.443
"LABO","110378_NE",110378,"NE","Okanagan Region",49.04717,-119.5574,2021,TRUE,4,0,0.9416,0.2826,0.1373,0.4636
"LABO","110378_NE",110378,"NE","Okanagan Region",49.04717,-119.5574,2022,TRUE,4,1,1,0.4572,0.2699,0.6661
"LABO","110378_NE",110378,"NE","Okanagan Region",49.04717,-119.5574,2023,TRUE,4,1,1,0.5338,0.2996,0.7616
"LABO","110378_NE",110378,"NE","Okanagan Region",49.04717,-119.5574,2024,TRUE,4,0,0.9469,0.6541,0.4186,0.8498
"LABO","110378_NE",110378,"NE","Okanagan Region",49.04717,-119.5574,2025,TRUE,4,1,1,0.7076,0.5013,0.8746
"LABO","110378_NW",110378,"NW","Okanagan Region",49.03536,-119.57546,2017,TRUE,4,0,0.0356,0.2181,0.0329,0.5826
"LABO","110378_NW",110378,"NW","Okanagan Region",49.03536,-119.57546,2018,TRUE,4,0,0.0293,0.2043,0.0479,0.5013
"LABO","110378_NW",110378,"NW","Okanagan Region",49.03536,-119.57546,2019,TRUE,4,0,0.0562,0.2247,0.0596,0.5067
"LABO","110378_NW",110378,"NW","Okanagan Region",49.03536,-119.57546,2020,TRUE,4,0,0.2251,0.3337,0.1511,0.5736
"LABO","110378_NW",110378,"NW","Okanagan Region",49.03536,-119.57546,2021,TRUE,4,0,0.3042,0.3621,0.1803,0.5973
"LABO","110378_NW",110378,"NW","Okanagan Region",49.03536,-119.57546,2022,TRUE,4,1,1,0.5406,0.327,0.7725
"LABO","110378_NW",110378,"NW","Okanagan Region",49.03536,-119.57546,2023,TRUE,4,1,1,0.6285,0.3994,0.85
"LABO","110378_NW",110378,"NW","Okanagan Region",49.03536,-119.57546,2024,TRUE,4,0,0.9762,0.7375,0.5127,0.9185
"LABO","110378_NW",110378,"NW","Okanagan Region",49.03536,-119.57546,2025,TRUE,4,1,1,0.7912,0.5904,0.9383
"LABO","110378_SE",110378,"SE","Okanagan Region",49.01485,-119.53228,2017,FALSE,0,NA,NA,0.199,0.034,0.4997
"LABO","110378_SE",110378,"SE","Okanagan Region",49.01485,-119.53228,2018,TRUE,2,0,0.0751,0.1962,0.0515,0.4447
"LABO","110378_SE",110378,"SE","Okanagan Region",49.01485,-119.53228,2019,TRUE,4,0,0.0893,0.2197,0.0641,0.4613
"LABO","110378_SE",110378,"SE","Okanagan Region",49.01485,-119.53228,2020,TRUE,4,0,0.174,0.3368,0.1618,0.5592
"LABO","110378_SE",110378,"SE","Okanagan Region",49.01485,-119.53228,2021,TRUE,4,0,0.2096,0.3686,0.1891,0.5904
"LABO","110378_SE",110378,"SE","Okanagan Region",49.01485,-119.53228,2022,TRUE,4,0,0.5893,0.5541,0.345,0.7748
"LABO","110378_SE",110378,"SE","Okanagan Region",49.01485,-119.53228,2023,TRUE,4,1,1,0.6457,0.4166,0.8517
"LABO","110378_SE",110378,"SE","Okanagan Region",49.01485,-119.53228,2024,TRUE,4,0,0.9767,0.7551,0.5399,0.927
"LABO","110378_SE",110378,"SE","Okanagan Region",49.01485,-119.53228,2025,TRUE,4,1,1,0.8108,0.6194,0.9478
"LABO","110378_SW",110378,"SW","Okanagan Region",49.00412,-119.59552,2017,TRUE,4,0,0.0209,0.2028,0.0455,0.4803
"LABO","110378_SW",110378,"SW","Okanagan Region",49.00412,-119.59552,2018,TRUE,4,0,0.0078,0.1734,0.0483,0.3768
"LABO","110378_SW",110378,"SW","Okanagan Region",49.00412,-119.59552,2019,TRUE,4,0,0.014,0.1897,0.0484,0.3863
"LABO","110378_SW",110378,"SW","Okanagan Region",49.00412,-119.59552,2020,TRUE,4,0,0.0576,0.3062,0.1484,0.4997
"LABO","110378_SW",110378,"SW","Okanagan Region",49.00412,-119.59552,2021,TRUE,4,0,0.068,0.3313,0.1726,0.5234
"LABO","110378_SW",110378,"SW","Okanagan Region",49.00412,-119.59552,2022,TRUE,4,0,0.2233,0.5252,0.3297,0.7339
"LABO","110378_SW",110378,"SW","Okanagan Region",49.00412,-119.59552,2023,TRUE,4,0,0.3713,0.6076,0.3797,0.8211
"LABO","110378_SW",110378,"SW","Okanagan Region",49.00412,-119.59552,2024,TRUE,4,0,0.6329,0.7255,0.5019,0.9015
"LABO","110378_SW",110378,"SW","Okanagan Region",49.00412,-119.59552,2025,TRUE,4,1,1,0.7709,0.5809,0.9146
"LABO","111466_NE",111466,"NE","Kootenay Region",49.00129,-115.06184,2017,FALSE,0,NA,NA,0.1014,0.0086,0.3152
"LABO","111466_NE",111466,"NE","Kootenay Region",49.00129,-115.06184,2018,FALSE,0,NA,NA,0.1124,0.018,0.2869
"LABO","111466_NE",111466,"NE","Kootenay Region",49.00129,-115.06184,2019,FALSE,0,NA,NA,0.1528,0.0282,0.3492
"LABO","111466_NE",111466,"NE","Kootenay Region",49.00129,-115.06184,2020,FALSE,0,NA,NA,0.3256,0.1644,0.5422
"LABO","111466_NE",111466,"NE","Kootenay Region",49.00129,-115.06184,2021,FALSE,0,NA,NA,0.3551,0.1863,0.558
"LABO","111466_NE",111466,"NE","Kootenay Region",49.00129,-115.06184,2022,FALSE,0,NA,NA,0.5883,0.3742,0.8206
"LABO","111466_NE",111466,"NE","Kootenay Region",49.00129,-115.06184,2023,TRUE,4,0,0.3693,0.6579,0.3922,0.8863
"LABO","111466_NE",111466,"NE","Kootenay Region",49.00129,-115.06184,2024,FALSE,0,NA,NA,0.78,0.5598,0.9408
"LABO","111466_NE",111466,"NE","Kootenay Region",49.00129,-115.06184,2025,TRUE,4,1,1,0.8144,0.6357,0.9406
"LABO","111466_NW",111466,"NW","Kootenay Region",49.01861,-115.09568,2017,FALSE,0,NA,NA,0.0852,0.008,0.2679
"LABO","111466_NW",111466,"NW","Kootenay Region",49.01861,-115.09568,2018,FALSE,0,NA,NA,0.0948,0.0137,0.2474
"LABO","111466_NW",111466,"NW","Kootenay Region",49.01861,-115.09568,2019,FALSE,0,NA,NA,0.13,0.0177,0.3241
"LABO","111466_NW",111466,"NW","Kootenay Region",49.01861,-115.09568,2020,FALSE,0,NA,NA,0.2996,0.1395,0.5234
"LABO","111466_NW",111466,"NW","Kootenay Region",49.01861,-115.09568,2021,FALSE,0,NA,NA,0.3164,0.1402,0.5327
"LABO","111466_NW",111466,"NW","Kootenay Region",49.01861,-115.09568,2022,FALSE,0,NA,NA,0.5487,0.3171,0.7968
"LABO","111466_NW",111466,"NW","Kootenay Region",49.01861,-115.09568,2023,TRUE,4,0,0.3324,0.5971,0.2794,0.8612
"LABO","111466_NW",111466,"NW","Kootenay Region",49.01861,-115.09568,2024,FALSE,0,NA,NA,0.7285,0.4402,0.9228
"LABO","111466_NW",111466,"NW","Kootenay Region",49.01861,-115.09568,2025,TRUE,4,1,1,0.7514,0.499,0.9226
"LABO","114602_NE",114602,"NE","South Coastal Region",49.70588,-125.06708,2017,FALSE,0,NA,NA,0.072,0.0057,0.2528
"LABO","114602_NE",114602,"NE","South Coastal Region",49.70588,-125.06708,2018,TRUE,3,0,0.0047,0.0119,4e-04,0.0455
"LABO","114602_NE",114602,"NE","South Coastal Region",49.70588,-125.06708,2019,TRUE,4,0,0.0104,0.0174,3e-04,0.0733
"LABO","114602_NE",114602,"NE","South Coastal Region",49.70588,-125.06708,2020,FALSE,0,NA,NA,0.0624,0.0114,0.1673
"LABO","114602_NE",114602,"NE","South Coastal Region",49.70588,-125.06708,2021,FALSE,0,NA,NA,0.0302,0.0031,0.0951
"LABO","114602_NE",114602,"NE","South Coastal Region",49.70588,-125.06708,2022,TRUE,4,0,0.0547,0.1356,0.046,0.3038
"LABO","114602_NE",114602,"NE","South Coastal Region",49.70588,-125.06708,2023,FALSE,0,NA,NA,0.1127,0.0221,0.3032
"LABO","114602_NE",114602,"NE","South Coastal Region",49.70588,-125.06708,2024,TRUE,4,0,0.0707,0.1772,0.0502,0.3985
"LABO","114602_NE",114602,"NE","South Coastal Region",49.70588,-125.06708,2025,TRUE,4,0,0.0076,0.1232,0.0317,0.2565
"LABO","114602_NW",114602,"NW","South Coastal Region",49.67623,-125.13792,2017,FALSE,0,NA,NA,0.0653,0.0041,0.2491
"LABO","114602_NW",114602,"NW","South Coastal Region",49.67623,-125.13792,2018,TRUE,3,0,0.0038,0.0128,6e-04,0.0471
"LABO","114602_NW",114602,"NW","South Coastal Region",49.67623,-125.13792,2019,TRUE,4,0,0.0067,0.0163,4e-04,0.065
"LABO","114602_NW",114602,"NW","South Coastal Region",49.67623,-125.13792,2020,TRUE,4,0,0.024,0.055,0.0097,0.1493
"LABO","114602_NW",114602,"NW","South Coastal Region",49.67623,-125.13792,2021,TRUE,4,0,0.0107,0.032,0.0036,0.0996
"LABO","114602_NW",114602,"NW","South Coastal Region",49.67623,-125.13792,2022,TRUE,4,0,0.0478,0.1221,0.0391,0.2734
"LABO","114602_NW",114602,"NW","South Coastal Region",49.67623,-125.13792,2023,FALSE,0,NA,NA,0.1107,0.0218,0.2936
"LABO","114602_NW",114602,"NW","South Coastal Region",49.67623,-125.13792,2024,TRUE,4,0,0.0602,0.1745,0.0531,0.3742
"LABO","114602_NW",114602,"NW","South Coastal Region",49.67623,-125.13792,2025,TRUE,4,0,0.0058,0.1322,0.0383,0.2752
"LABO","114602_SE",114602,"SE","South Coastal Region",49.65756,-125.0438,2017,FALSE,0,NA,NA,0.0875,0.006,0.3428
"LABO","114602_SE",114602,"SE","South Coastal Region",49.65756,-125.0438,2018,TRUE,3,0,0.0067,0.0227,0.0012,0.0785
"LABO","114602_SE",114602,"SE","South Coastal Region",49.65756,-125.0438,2019,TRUE,4,0,0.01,0.031,0.001,0.118
"LABO","114602_SE",114602,"SE","South Coastal Region",49.65756,-125.0438,2020,TRUE,4,0,0.0487,0.1002,0.0227,0.2408
"LABO","114602_SE",114602,"SE","South Coastal Region",49.65756,-125.0438,2021,TRUE,4,0,0.0204,0.0634,0.011,0.1695
"LABO","114602_SE",114602,"SE","South Coastal Region",49.65756,-125.0438,2022,TRUE,4,0,0.0856,0.2124,0.0799,0.4452
"LABO","114602_SE",114602,"SE","South Coastal Region",49.65756,-125.0438,2023,FALSE,0,NA,NA,0.1902,0.0513,0.4392
"LABO","114602_SE",114602,"SE","South Coastal Region",49.65756,-125.0438,2024,TRUE,4,0,0.1124,0.285,0.0978,0.5617
"LABO","114602_SE",114602,"SE","South Coastal Region",49.65756,-125.0438,2025,TRUE,4,0,0.0098,0.2077,0.0669,0.4087
"LABO","114602_SW",114602,"SW","South Coastal Region",49.64146,-125.08654,2017,FALSE,0,NA,NA,0.0751,0.0067,0.2639
"LABO","114602_SW",114602,"SW","South Coastal Region",49.64146,-125.08654,2018,TRUE,4,0,0.0038,0.0153,8e-04,0.0539
"LABO","114602_SW",114602,"SW","South Coastal Region",49.64146,-125.08654,2019,TRUE,4,0,0.0064,0.0206,6e-04,0.0821
"LABO","114602_SW",114602,"SW","South Coastal Region",49.64146,-125.08654,2020,TRUE,4,0,0.0327,0.0693,0.0151,0.1756
"LABO","114602_SW",114602,"SW","South Coastal Region",49.64146,-125.08654,2021,TRUE,4,0,0.0089,0.0403,0.0063,0.1123
"LABO","114602_SW",114602,"SW","South Coastal Region",49.64146,-125.08654,2022,TRUE,2,0,0.1031,0.1521,0.0585,0.3137
"LABO","114602_SW",114602,"SW","South Coastal Region",49.64146,-125.08654,2023,FALSE,0,NA,NA,0.1365,0.0338,0.3432
"LABO","114602_SW",114602,"SW","South Coastal Region",49.64146,-125.08654,2024,TRUE,4,0,0.0798,0.2108,0.0687,0.4421
"LABO","114602_SW",114602,"SW","South Coastal Region",49.64146,-125.08654,2025,TRUE,4,0,0.0069,0.1523,0.0483,0.295
"LABO","115322_NE",115322,"NE","Northern Region",52.37764,-125.98565,2017,FALSE,0,NA,NA,0.6026,0.2508,0.9236
"LABO","115322_NE",115322,"NE","Northern Region",52.37764,-125.98565,2018,TRUE,3,0,0.126,0.3427,0.0973,0.6606
"LABO","115322_NE",115322,"NE","Northern Region",52.37764,-125.98565,2019,FALSE,0,NA,NA,0.2802,0.0517,0.5968
"LABO","115322_NE",115322,"NE","Northern Region",52.37764,-125.98565,2020,TRUE,3,0,0.1389,0.3545,0.1308,0.6503
"LABO","115322_NE",115322,"NE","Northern Region",52.37764,-125.98565,2021,TRUE,4,0,0.1147,0.3373,0.1139,0.625
"LABO","115322_NE",115322,"NE","Northern Region",52.37764,-125.98565,2022,TRUE,3,0,0.2524,0.5036,0.2525,0.7684
"LABO","115322_NE",115322,"NE","Northern Region",52.37764,-125.98565,2023,TRUE,4,0,0.2491,0.5191,0.2266,0.7983
"LABO","115322_NE",115322,"NE","Northern Region",52.37764,-125.98565,2024,FALSE,0,NA,NA,0.6385,0.3654,0.8793
"LABO","115322_NE",115322,"NE","Northern Region",52.37764,-125.98565,2025,TRUE,4,0,0.1447,0.6301,0.3414,0.8693
"LABO","115322_NW",115322,"NW","Northern Region",52.37481,-126.08159,2017,FALSE,0,NA,NA,0.6296,0.0773,0.9953
"LABO","115322_NW",115322,"NW","Northern Region",52.37481,-126.08159,2018,TRUE,2,0,0.1333,0.3286,0.0343,0.7725
"LABO","115322_NW",115322,"NW","Northern Region",52.37481,-126.08159,2019,TRUE,3,0,0.09,0.295,0.0339,0.7146
"LABO","115322_NW",115322,"NW","Northern Region",52.37481,-126.08159,2020,TRUE,3,0,0.1482,0.3963,0.1189,0.7533
"LABO","115322_NW",115322,"NW","Northern Region",52.37481,-126.08159,2021,TRUE,4,0,0.1004,0.376,0.092,0.7383
"LABO","115322_NW",115322,"NW","Northern Region",52.37481,-126.08159,2022,TRUE,3,0,0.2482,0.5564,0.2526,0.8459
"LABO","115322_NW",115322,"NW","Northern Region",52.37481,-126.08159,2023,TRUE,4,0,0.2178,0.5686,0.2188,0.8631
"LABO","115322_NW",115322,"NW","Northern Region",52.37481,-126.08159,2024,TRUE,4,0,0.2842,0.6899,0.3785,0.9228
"LABO","115322_NW",115322,"NW","Northern Region",52.37481,-126.08159,2025,TRUE,4,0,0.1276,0.6591,0.3012,0.9249
"LABO","115322_SE",115322,"SE","Northern Region",52.35752,-126.01253,2017,FALSE,0,NA,NA,0.6262,0.1838,0.9705
"LABO","115322_SE",115322,"SE","Northern Region",52.35752,-126.01253,2018,TRUE,2,0,0.1487,0.3036,0.0609,0.6508
"LABO","115322_SE",115322,"SE","Northern Region",52.35752,-126.01253,2019,TRUE,3,0,0.1029,0.2531,0.0357,0.5757
"LABO","115322_SE",115322,"SE","Northern Region",52.35752,-126.01253,2020,FALSE,0,NA,NA,0.3497,0.1221,0.6443
"LABO","115322_SE",115322,"SE","Northern Region",52.35752,-126.01253,2021,TRUE,2,0,0.1322,0.3268,0.0999,0.6066
"LABO","115322_SE",115322,"SE","Northern Region",52.35752,-126.01253,2022,TRUE,4,0,0.2371,0.5127,0.2518,0.7687
"LABO","115322_SE",115322,"SE","Northern Region",52.35752,-126.01253,2023,TRUE,4,0,0.2178,0.5212,0.2224,0.7911
"LABO","115322_SE",115322,"SE","Northern Region",52.35752,-126.01253,2024,TRUE,3,0,0.3047,0.6504,0.379,0.8692
"LABO","115322_SE",115322,"SE","Northern Region",52.35752,-126.01253,2025,TRUE,4,0,0.1307,0.6216,0.3208,0.8661
"LABO","115322_SW",115322,"SW","Northern Region",52.34498,-126.07967,2017,FALSE,0,NA,NA,0.6235,0.2115,0.9609
"LABO","115322_SW",115322,"SW","Northern Region",52.34498,-126.07967,2018,TRUE,3,0,0.06,0.1749,0.0082,0.5857
"LABO","115322_SW",115322,"SW","Northern Region",52.34498,-126.07967,2019,TRUE,3,0,0.0291,0.112,0.0057,0.4537
"LABO","115322_SW",115322,"SW","Northern Region",52.34498,-126.07967,2020,TRUE,3,0,0.0529,0.14,0.025,0.4287
"LABO","115322_SW",115322,"SW","Northern Region",52.34498,-126.07967,2021,TRUE,2,0,0.0313,0.1126,0.0127,0.3786
"LABO","115322_SW",115322,"SW","Northern Region",52.34498,-126.07967,2022,TRUE,2,0,0.11,0.2183,0.0558,0.5086
"LABO","115322_SW",115322,"SW","Northern Region",52.34498,-126.07967,2023,TRUE,4,0,0.0816,0.2153,0.0486,0.5066
"LABO","115322_SW",115322,"SW","Northern Region",52.34498,-126.07967,2024,TRUE,3,0,0.1209,0.3038,0.0921,0.6205
"LABO","115322_SW",115322,"SW","Northern Region",52.34498,-126.07967,2025,TRUE,4,0,0.0258,0.2667,0.0771,0.5497
"LABO","1194_NW",1194,"NW","Kootenay Region",50.11749,-117.523,2017,TRUE,4,0,0.02,0.0969,0.0097,0.3001
"LABO","1194_NW",1194,"NW","Kootenay Region",50.11749,-117.523,2018,TRUE,2,0,0.0107,0.0764,0.0092,0.2134
"LABO","1194_NW",1194,"NW","Kootenay Region",50.11749,-117.523,2019,TRUE,4,0,0.0162,0.0968,0.0111,0.255
"LABO","1194_NW",1194,"NW","Kootenay Region",50.11749,-117.523,2020,TRUE,4,0,0.0576,0.229,0.0961,0.4256
"LABO","1194_NW",1194,"NW","Kootenay Region",50.11749,-117.523,2021,TRUE,4,0,0.0331,0.2236,0.0832,0.4125
"LABO","1194_NW",1194,"NW","Kootenay Region",50.11749,-117.523,2022,TRUE,4,0,0.1402,0.4395,0.2387,0.6916
"LABO","1194_NW",1194,"NW","Kootenay Region",50.11749,-117.523,2023,TRUE,4,0,0.1409,0.4702,0.2007,0.7509
"LABO","1194_NW",1194,"NW","Kootenay Region",50.11749,-117.523,2024,TRUE,4,0,0.1693,0.6111,0.3484,0.8403
"LABO","1194_NW",1194,"NW","Kootenay Region",50.11749,-117.523,2025,TRUE,3,0,0.1156,0.6077,0.3801,0.8209
"LABO","1194_SW",1194,"SW","Kootenay Region",50.0903,-117.4679,2017,TRUE,4,0,0.0411,0.1399,0.0062,0.5469
"LABO","1194_SW",1194,"SW","Kootenay Region",50.0903,-117.4679,2018,FALSE,0,NA,NA,0.1169,0.0127,0.3475
"LABO","1194_SW",1194,"SW","Kootenay Region",50.0903,-117.4679,2019,TRUE,4,0,0.0389,0.1549,0.0184,0.4036
"LABO","1194_SW",1194,"SW","Kootenay Region",50.0903,-117.4679,2020,TRUE,4,0,0.1231,0.3395,0.1424,0.6164
"LABO","1194_SW",1194,"SW","Kootenay Region",50.0903,-117.4679,2021,TRUE,4,0,0.1091,0.3402,0.1222,0.6068
"LABO","1194_SW",1194,"SW","Kootenay Region",50.0903,-117.4679,2022,FALSE,0,NA,NA,0.5801,0.3343,0.8298
"LABO","1194_SW",1194,"SW","Kootenay Region",50.0903,-117.4679,2023,FALSE,0,NA,NA,0.6059,0.2644,0.8787
"LABO","1194_SW",1194,"SW","Kootenay Region",50.0903,-117.4679,2024,FALSE,0,NA,NA,0.7421,0.4822,0.9358
"LABO","1194_SW",1194,"SW","Kootenay Region",50.0903,-117.4679,2025,FALSE,0,NA,NA,0.7278,0.437,0.9296
"LABO","12522_NE",12522,"NE","South Coastal Region",49.72155,-124.51563,2017,FALSE,0,NA,NA,0.0729,0.0063,0.2484
"LABO","12522_NE",12522,"NE","South Coastal Region",49.72155,-124.51563,2018,FALSE,0,NA,NA,0.0106,4e-04,0.0397
"LABO","12522_NE",12522,"NE","South Coastal Region",49.72155,-124.51563,2019,TRUE,3,0,0.0082,0.0148,2e-04,0.0619
"LABO","12522_NE",12522,"NE","South Coastal Region",49.72155,-124.51563,2020,TRUE,3,0,0.0322,0.0514,0.0088,0.1424
"LABO","12522_NE",12522,"NE","South Coastal Region",49.72155,-124.51563,2021,TRUE,4,0,0.0113,0.026,0.0027,0.0824
"LABO","12522_NE",12522,"NE","South Coastal Region",49.72155,-124.51563,2022,TRUE,3,0,0.0747,0.1127,0.0375,0.2546
"LABO","12522_NE",12522,"NE","South Coastal Region",49.72155,-124.51563,2023,FALSE,0,NA,NA,0.0972,0.0194,0.2645
"LABO","12522_NE",12522,"NE","South Coastal Region",49.72155,-124.51563,2024,FALSE,0,NA,NA,0.1531,0.0426,0.3493
"LABO","12522_NE",12522,"NE","South Coastal Region",49.72155,-124.51563,2025,FALSE,0,NA,NA,0.1104,0.0278,0.2315
"LABO","12522_NW",12522,"NW","South Coastal Region",49.75757,-124.56308,2017,TRUE,4,0,0.0284,0.0776,0.0035,0.3162
"LABO","12522_NW",12522,"NW","South Coastal Region",49.75757,-124.56308,2018,TRUE,3,0,0.0031,0.0083,2e-04,0.0365
"LABO","12522_NW",12522,"NW","South Coastal Region",49.75757,-124.56308,2019,TRUE,2,0,0.0082,0.0129,1e-04,0.0586
"LABO","12522_NW",12522,"NW","South Coastal Region",49.75757,-124.56308,2020,TRUE,3,0,0.0333,0.0478,0.0057,0.1514
"LABO","12522_NW",12522,"NW","South Coastal Region",49.75757,-124.56308,2021,FALSE,0,NA,NA,0.0197,9e-04,0.0742
"LABO","12522_NW",12522,"NW","South Coastal Region",49.75757,-124.56308,2022,FALSE,0,NA,NA,0.1033,0.0249,0.2685
"LABO","12522_NW",12522,"NW","South Coastal Region",49.75757,-124.56308,2023,FALSE,0,NA,NA,0.0816,0.0098,0.2475
"LABO","12522_NW",12522,"NW","South Coastal Region",49.75757,-124.56308,2024,TRUE,4,0,0.0504,0.1288,0.0247,0.3307
"LABO","12522_NW",12522,"NW","South Coastal Region",49.75757,-124.56308,2025,FALSE,0,NA,NA,0.0922,0.0145,0.2223
"LABO","12522_SE",12522,"SE","South Coastal Region",49.70213,-124.47636,2017,TRUE,3,0,0.0391,0.0728,0.0068,0.2491
"LABO","12522_SE",12522,"SE","South Coastal Region",49.70213,-124.47636,2018,TRUE,3,0,0.0069,0.0236,0.0012,0.0833
"LABO","12522_SE",12522,"SE","South Coastal Region",49.70213,-124.47636,2019,FALSE,0,NA,NA,0.0323,0.0011,0.1237
"LABO","12522_SE",12522,"SE","South Coastal Region",49.70213,-124.47636,2020,TRUE,3,0,0.0649,0.1049,0.0241,0.257
"LABO","12522_SE",12522,"SE","South Coastal Region",49.70213,-124.47636,2021,TRUE,2,0,0.0416,0.0665,0.0111,0.1773
"LABO","12522_SE",12522,"SE","South Coastal Region",49.70213,-124.47636,2022,FALSE,0,NA,NA,0.2207,0.0823,0.4652
"LABO","12522_SE",12522,"SE","South Coastal Region",49.70213,-124.47636,2023,TRUE,4,0,0.1169,0.1968,0.0529,0.4486
"LABO","12522_SE",12522,"SE","South Coastal Region",49.70213,-124.47636,2024,TRUE,4,0,0.1269,0.2963,0.1049,0.5774
"LABO","12522_SE",12522,"SE","South Coastal Region",49.70213,-124.47636,2025,FALSE,0,NA,NA,0.2155,0.0718,0.4212
"LABO","12522_SW",12522,"SW","South Coastal Region",49.7022,-124.52268,2017,TRUE,3,0,0.0349,0.0712,0.0051,0.2564
"LABO","12522_SW",12522,"SW","South Coastal Region",49.7022,-124.52268,2018,TRUE,3,0,0.0022,0.0121,4e-04,0.045
"LABO","12522_SW",12522,"SW","South Coastal Region",49.7022,-124.52268,2019,TRUE,3,0,0.0138,0.0177,3e-04,0.0717
"LABO","12522_SW",12522,"SW","South Coastal Region",49.7022,-124.52268,2020,TRUE,3,0,0.0411,0.0634,0.0119,0.1659
"LABO","12522_SW",12522,"SW","South Coastal Region",49.7022,-124.52268,2021,TRUE,4,0,0.0138,0.0316,0.0034,0.099
"LABO","12522_SW",12522,"SW","South Coastal Region",49.7022,-124.52268,2022,TRUE,3,0,0.0904,0.1388,0.0474,0.3056
"LABO","12522_SW",12522,"SW","South Coastal Region",49.7022,-124.52268,2023,FALSE,0,NA,NA,0.1163,0.0224,0.3084
"LABO","12522_SW",12522,"SW","South Coastal Region",49.7022,-124.52268,2024,FALSE,0,NA,NA,0.1827,0.0525,0.408
"LABO","12522_SW",12522,"SW","South Coastal Region",49.7022,-124.52268,2025,FALSE,0,NA,NA,0.1288,0.0352,0.264
"LABO","127850_NE",127850,"NE","Kootenay Region",49.31307,-115.01912,2017,TRUE,4,0,0.0067,0.0843,0.0052,0.2657
"LABO","127850_NE",127850,"NE","Kootenay Region",49.31307,-115.01912,2018,FALSE,0,NA,NA,0.0862,0.0114,0.2404
"LABO","127850_NE",127850,"NE","Kootenay Region",49.31307,-115.01912,2019,TRUE,4,0,0.0044,0.1056,0.0162,0.2722
"LABO","127850_NE",127850,"NE","Kootenay Region",49.31307,-115.01912,2020,TRUE,4,0,0.0171,0.1947,0.0613,0.4163
"LABO","127850_NE",127850,"NE","Kootenay Region",49.31307,-115.01912,2021,TRUE,4,0,0.0196,0.2102,0.0576,0.4334
"LABO","127850_NE",127850,"NE","Kootenay Region",49.31307,-115.01912,2022,FALSE,0,NA,NA,0.3649,0.1308,0.6717
"LABO","127850_NE",127850,"NE","Kootenay Region",49.31307,-115.01912,2023,FALSE,0,NA,NA,0.4336,0.1586,0.7692
"LABO","127850_NE",127850,"NE","Kootenay Region",49.31307,-115.01912,2024,FALSE,0,NA,NA,0.5464,0.2317,0.8561
"LABO","127850_NE",127850,"NE","Kootenay Region",49.31307,-115.01912,2025,FALSE,0,NA,NA,0.6061,0.2903,0.8933
"LABO","127850_NW",127850,"NW","Kootenay Region",49.3096,-115.05201,2017,TRUE,4,0,0.0118,0.0849,0.0085,0.2503
"LABO","127850_NW",127850,"NW","Kootenay Region",49.3096,-115.05201,2018,FALSE,0,NA,NA,0.0849,0.0135,0.2203
"LABO","127850_NW",127850,"NW","Kootenay Region",49.3096,-115.05201,2019,TRUE,4,0,0.0171,0.1085,0.0176,0.2601
"LABO","127850_NW",127850,"NW","Kootenay Region",49.3096,-115.05201,2020,TRUE,4,0,0.0729,0.2311,0.1055,0.412
"LABO","127850_NW",127850,"NW","Kootenay Region",49.3096,-115.05201,2021,TRUE,4,0,0.1098,0.2473,0.1131,0.4212
"LABO","127850_NW",127850,"NW","Kootenay Region",49.3096,-115.05201,2022,TRUE,4,1,1,0.45,0.2542,0.6912
"LABO","127850_NW",127850,"NW","Kootenay Region",49.3096,-115.05201,2023,FALSE,0,NA,NA,0.5192,0.2528,0.7803
"LABO","127850_NW",127850,"NW","Kootenay Region",49.3096,-115.05201,2024,FALSE,0,NA,NA,0.6515,0.3812,0.8728
"LABO","127850_NW",127850,"NW","Kootenay Region",49.3096,-115.05201,2025,FALSE,0,NA,NA,0.6984,0.4743,0.8765
"LABO","127850_SE",127850,"SE","Kootenay Region",49.28498,-114.95395,2017,FALSE,0,NA,NA,0.1009,0.007,0.3268
"LABO","127850_SE",127850,"SE","Kootenay Region",49.28498,-114.95395,2018,FALSE,0,NA,NA,0.1141,0.0184,0.301
"LABO","127850_SE",127850,"SE","Kootenay Region",49.28498,-114.95395,2019,TRUE,4,0,0.0138,0.1489,0.0314,0.3417
"LABO","127850_SE",127850,"SE","Kootenay Region",49.28498,-114.95395,2020,TRUE,4,0,0.0411,0.2893,0.1387,0.49
"LABO","127850_SE",127850,"SE","Kootenay Region",49.28498,-114.95395,2021,TRUE,4,0,0.054,0.3232,0.1661,0.5215
"LABO","127850_SE",127850,"SE","Kootenay Region",49.28498,-114.95395,2022,TRUE,4,0,0.4324,0.5346,0.3292,0.7679
"LABO","127850_SE",127850,"SE","Kootenay Region",49.28498,-114.95395,2023,TRUE,4,1,1,0.628,0.3959,0.8588
"LABO","127850_SE",127850,"SE","Kootenay Region",49.28498,-114.95395,2024,FALSE,0,NA,NA,0.7467,0.5159,0.9342
"LABO","127850_SE",127850,"SE","Kootenay Region",49.28498,-114.95395,2025,FALSE,0,NA,NA,0.8029,0.6142,0.9442
"LABO","127850_SW",127850,"SW","Kootenay Region",49.2671,-115.02532,2017,TRUE,4,0,0.0098,0.0825,0.007,0.259
"LABO","127850_SW",127850,"SW","Kootenay Region",49.2671,-115.02532,2018,FALSE,0,NA,NA,0.0948,0.0152,0.2455
"LABO","127850_SW",127850,"SW","Kootenay Region",49.2671,-115.02532,2019,TRUE,3,0,0.0091,0.1284,0.0214,0.302
"LABO","127850_SW",127850,"SW","Kootenay Region",49.2671,-115.02532,2020,TRUE,4,0,0.0227,0.283,0.132,0.4861
"LABO","127850_SW",127850,"SW","Kootenay Region",49.2671,-115.02532,2021,TRUE,4,0,0.0151,0.3086,0.1444,0.5056
"LABO","127850_SW",127850,"SW","Kootenay Region",49.2671,-115.02532,2022,TRUE,4,0,0.1053,0.5331,0.3121,0.7784
"LABO","127850_SW",127850,"SW","Kootenay Region",49.2671,-115.02532,2023,TRUE,4,0,0.186,0.604,0.3109,0.8563
"LABO","127850_SW",127850,"SW","Kootenay Region",49.2671,-115.02532,2024,TRUE,4,0,0.3329,0.7317,0.4526,0.925
"LABO","127850_SW",127850,"SW","Kootenay Region",49.2671,-115.02532,2025,FALSE,0,NA,NA,0.7759,0.5416,0.9285
"LABO","128058_NE",128058,"NE","South Coastal Region",48.84117,-123.42727,2017,FALSE,0,NA,NA,0.0843,0.0019,0.4058
"LABO","128058_NE",128058,"NE","South Coastal Region",48.84117,-123.42727,2018,TRUE,4,0,0.0049,0.0182,4e-04,0.0821
"LABO","128058_NE",128058,"NE","South Coastal Region",48.84117,-123.42727,2019,TRUE,4,0,0.0142,0.0277,3e-04,0.1208
"LABO","128058_NE",128058,"NE","South Coastal Region",48.84117,-123.42727,2020,TRUE,4,0,0.0504,0.0901,0.0147,0.2685
"LABO","128058_NE",128058,"NE","South Coastal Region",48.84117,-123.42727,2021,TRUE,4,0,0.012,0.0409,0.0028,0.1452
"LABO","128058_NE",128058,"NE","South Coastal Region",48.84117,-123.42727,2022,TRUE,2,0,0.1478,0.1881,0.0491,0.4575
"LABO","128058_NE",128058,"NE","South Coastal Region",48.84117,-123.42727,2023,FALSE,0,NA,NA,0.1414,0.021,0.3752
"LABO","128058_NE",128058,"NE","South Coastal Region",48.84117,-123.42727,2024,FALSE,0,NA,NA,0.2235,0.0507,0.5074
"LABO","128058_NE",128058,"NE","South Coastal Region",48.84117,-123.42727,2025,FALSE,0,NA,NA,0.1559,0.0361,0.3404
"LABO","128058_NW",128058,"NW","South Coastal Region",48.82144,-123.48643,2017,FALSE,0,NA,NA,0.0776,0.0065,0.2764
"LABO","128058_NW",128058,"NW","South Coastal Region",48.82144,-123.48643,2018,TRUE,4,0,0.0027,0.0156,7e-04,0.0576
"LABO","128058_NW",128058,"NW","South Coastal Region",48.82144,-123.48643,2019,TRUE,4,0,0.0051,0.0199,5e-04,0.0802
"LABO","128058_NW",128058,"NW","South Coastal Region",48.82144,-123.48643,2020,TRUE,4,0,0.0244,0.0593,0.0112,0.1577
"LABO","128058_NW",128058,"NW","South Coastal Region",48.82144,-123.48643,2021,TRUE,4,0,0.0067,0.0328,0.0042,0.0974
"LABO","128058_NW",128058,"NW","South Coastal Region",48.82144,-123.48643,2022,TRUE,4,0,0.0633,0.1256,0.0433,0.2783
"LABO","128058_NW",128058,"NW","South Coastal Region",48.82144,-123.48643,2023,FALSE,0,NA,NA,0.1118,0.0241,0.2984
"LABO","128058_NW",128058,"NW","South Coastal Region",48.82144,-123.48643,2024,FALSE,0,NA,NA,0.1742,0.0508,0.3923
"LABO","128058_NW",128058,"NW","South Coastal Region",48.82144,-123.48643,2025,FALSE,0,NA,NA,0.1283,0.035,0.2675
"LABO","128058_SW",128058,"SW","South Coastal Region",48.79828,-123.47632,2017,FALSE,0,NA,NA,0.0721,0.0057,0.2538
"LABO","128058_SW",128058,"SW","South Coastal Region",48.79828,-123.47632,2018,TRUE,4,0,0.0031,0.015,6e-04,0.0552
"LABO","128058_SW",128058,"SW","South Coastal Region",48.79828,-123.47632,2019,TRUE,4,0,0.0076,0.0212,4e-04,0.0852
"LABO","128058_SW",128058,"SW","South Coastal Region",48.79828,-123.47632,2020,TRUE,4,0,0.0289,0.0676,0.0139,0.1744
"LABO","128058_SW",128058,"SW","South Coastal Region",48.79828,-123.47632,2021,TRUE,4,0,0.0071,0.0359,0.0042,0.1105
"LABO","128058_SW",128058,"SW","South Coastal Region",48.79828,-123.47632,2022,TRUE,4,0,0.0762,0.1467,0.0544,0.3157
"LABO","128058_SW",128058,"SW","South Coastal Region",48.79828,-123.47632,2023,FALSE,0,NA,NA,0.1255,0.0262,0.3267
"LABO","128058_SW",128058,"SW","South Coastal Region",48.79828,-123.47632,2024,FALSE,0,NA,NA,0.1957,0.0583,0.4231
"LABO","128058_SW",128058,"SW","South Coastal Region",48.79828,-123.47632,2025,FALSE,0,NA,NA,0.14,0.0414,0.2793
"LABO","132650_SE",132650,"SE","Okanagan Region",51.81828,-122.42144,2017,FALSE,0,NA,NA,0.1931,0.0478,0.4513
"LABO","132650_SE",132650,"SE","Okanagan Region",51.81828,-122.42144,2018,FALSE,0,NA,NA,0.1175,0.0163,0.293
"LABO","132650_SE",132650,"SE","Okanagan Region",51.81828,-122.42144,2019,FALSE,0,NA,NA,0.1151,0.0116,0.2802
"LABO","132650_SE",132650,"SE","Okanagan Region",51.81828,-122.42144,2020,TRUE,4,0,0.0309,0.183,0.063,0.3559
"LABO","132650_SE",132650,"SE","Okanagan Region",51.81828,-122.42144,2021,TRUE,4,0,0.0169,0.1807,0.051,0.3587
"LABO","132650_SE",132650,"SE","Okanagan Region",51.81828,-122.42144,2022,TRUE,2,0,0.0889,0.3206,0.1402,0.5691
"LABO","132650_SE",132650,"SE","Okanagan Region",51.81828,-122.42144,2023,TRUE,3,0,0.0696,0.3554,0.119,0.6422
"LABO","132650_SE",132650,"SE","Okanagan Region",51.81828,-122.42144,2024,TRUE,4,0,0.0849,0.4644,0.2075,0.7391
"LABO","132650_SE",132650,"SE","Okanagan Region",51.81828,-122.42144,2025,TRUE,4,0,0.0342,0.482,0.234,0.7406
"LABO","132650_SW",132650,"SW","Okanagan Region",51.80225,-122.46284,2017,FALSE,0,NA,NA,0.1836,0.0384,0.4474
"LABO","132650_SW",132650,"SW","Okanagan Region",51.80225,-122.46284,2018,FALSE,0,NA,NA,0.1706,0.048,0.3616
"LABO","132650_SW",132650,"SW","Okanagan Region",51.80225,-122.46284,2019,FALSE,0,NA,NA,0.1917,0.048,0.3995
"LABO","132650_SW",132650,"SW","Okanagan Region",51.80225,-122.46284,2020,TRUE,4,0,0.0876,0.3241,0.1583,0.5256
"LABO","132650_SW",132650,"SW","Okanagan Region",51.80225,-122.46284,2021,TRUE,3,0,0.0942,0.3543,0.1812,0.5581
"LABO","132650_SW",132650,"SW","Okanagan Region",51.80225,-122.46284,2022,TRUE,4,0,0.2989,0.5579,0.346,0.7834
"LABO","132650_SW",132650,"SW","Okanagan Region",51.80225,-122.46284,2023,TRUE,3,0,0.4882,0.6394,0.3693,0.8667
"LABO","132650_SW",132650,"SW","Okanagan Region",51.80225,-122.46284,2024,FALSE,0,NA,NA,0.7531,0.5024,0.9323
"LABO","132650_SW",132650,"SW","Okanagan Region",51.80225,-122.46284,2025,TRUE,4,1,1,0.7973,0.5807,0.9401
"LABO","137274_NE",137274,"NE","South Coastal Region",48.79,-123.6988,2017,FALSE,0,NA,NA,0.0941,0.0057,0.3762
"LABO","137274_NE",137274,"NE","South Coastal Region",48.79,-123.6988,2018,TRUE,4,0,0.004,0.0242,0.0012,0.0874
"LABO","137274_NE",137274,"NE","South Coastal Region",48.79,-123.6988,2019,TRUE,3,0,0.018,0.0344,0.001,0.1341
"LABO","137274_NE",137274,"NE","South Coastal Region",48.79,-123.6988,2020,TRUE,4,0,0.0593,0.1067,0.0237,0.2645
"LABO","137274_NE",137274,"NE","South Coastal Region",48.79,-123.6988,2021,FALSE,0,NA,NA,0.0637,0.01,0.1755
"LABO","137274_NE",137274,"NE","South Coastal Region",48.79,-123.6988,2022,TRUE,4,0,0.1691,0.2221,0.0816,0.476
"LABO","137274_NE",137274,"NE","South Coastal Region",48.79,-123.6988,2023,TRUE,4,1,1,0.1905,0.0504,0.4366
"LABO","137274_NE",137274,"NE","South Coastal Region",48.79,-123.6988,2024,FALSE,0,NA,NA,0.2863,0.0942,0.5696
"LABO","137274_NE",137274,"NE","South Coastal Region",48.79,-123.6988,2025,FALSE,0,NA,NA,0.205,0.0612,0.4073
"LABO","137274_NW",137274,"NW","South Coastal Region",48.7891,-123.719,2017,FALSE,0,NA,NA,0.0798,0.006,0.2962
"LABO","137274_NW",137274,"NW","South Coastal Region",48.7891,-123.719,2018,TRUE,4,0,0.0022,0.014,6e-04,0.0522
"LABO","137274_NW",137274,"NW","South Coastal Region",48.7891,-123.719,2019,TRUE,4,0,0.0116,0.02,4e-04,0.0828
"LABO","137274_NW",137274,"NW","South Coastal Region",48.7891,-123.719,2020,TRUE,4,0,0.0422,0.0658,0.0132,0.1719
"LABO","137274_NW",137274,"NW","South Coastal Region",48.7891,-123.719,2021,TRUE,4,0,0.0158,0.034,0.0041,0.1015
"LABO","137274_NW",137274,"NW","South Coastal Region",48.7891,-123.719,2022,TRUE,4,1,1,0.1423,0.0518,0.2995
"LABO","137274_NW",137274,"NW","South Coastal Region",48.7891,-123.719,2023,TRUE,3,0,0.1071,0.1211,0.0265,0.3145
"LABO","137274_NW",137274,"NW","South Coastal Region",48.7891,-123.719,2024,FALSE,0,NA,NA,0.1884,0.0543,0.4153
"LABO","137274_NW",137274,"NW","South Coastal Region",48.7891,-123.719,2025,FALSE,0,NA,NA,0.1331,0.0369,0.2681
"LABO","137274_SE",137274,"SE","South Coastal Region",48.7539,-123.6447,2017,FALSE,0,NA,NA,0.099,0.0053,0.4105
"LABO","137274_SE",137274,"SE","South Coastal Region",48.7539,-123.6447,2018,TRUE,4,0,0.006,0.0229,0.0011,0.0813
"LABO","137274_SE",137274,"SE","South Coastal Region",48.7539,-123.6447,2019,TRUE,3,0,0.0258,0.0319,9e-04,0.1258
"LABO","137274_SE",137274,"SE","South Coastal Region",48.7539,-123.6447,2020,TRUE,4,0,0.3271,0.1008,0.0222,0.2515
"LABO","137274_SE",137274,"SE","South Coastal Region",48.7539,-123.6447,2021,TRUE,2,1,1,0.0585,0.0091,0.1631
"LABO","137274_SE",137274,"SE","South Coastal Region",48.7539,-123.6447,2022,TRUE,4,0,0.1762,0.2046,0.0741,0.4403
"LABO","137274_SE",137274,"SE","South Coastal Region",48.7539,-123.6447,2023,TRUE,4,0,0.1264,0.1748,0.0451,0.4157
"LABO","137274_SE",137274,"SE","South Coastal Region",48.7539,-123.6447,2024,FALSE,0,NA,NA,0.2635,0.0818,0.5406
"LABO","137274_SE",137274,"SE","South Coastal Region",48.7539,-123.6447,2025,FALSE,0,NA,NA,0.1882,0.0544,0.3827
"LABO","143274_NE",143274,"NE","South Coastal Region",50.3377,-122.8012,2017,FALSE,0,NA,NA,0.066,0.0066,0.2162
"LABO","143274_NE",143274,"NE","South Coastal Region",50.3377,-122.8012,2018,FALSE,0,NA,NA,0.0175,0.0011,0.0588
"LABO","143274_NE",143274,"NE","South Coastal Region",50.3377,-122.8012,2019,TRUE,4,0,0.0153,0.0212,9e-04,0.0778
"LABO","143274_NE",143274,"NE","South Coastal Region",50.3377,-122.8012,2020,TRUE,4,0,0.0424,0.0668,0.0156,0.1634
"LABO","143274_NE",143274,"NE","South Coastal Region",50.3377,-122.8012,2021,TRUE,4,0,0.0198,0.045,0.0078,0.1202
"LABO","143274_NE",143274,"NE","South Coastal Region",50.3377,-122.8012,2022,TRUE,4,0,0.084,0.1484,0.0586,0.3033
"LABO","143274_NE",143274,"NE","South Coastal Region",50.3377,-122.8012,2023,TRUE,4,0,0.0811,0.1441,0.0365,0.3445
"LABO","143274_NE",143274,"NE","South Coastal Region",50.3377,-122.8012,2024,TRUE,4,0,0.0984,0.2217,0.0769,0.4473
"LABO","143274_NE",143274,"NE","South Coastal Region",50.3377,-122.8012,2025,TRUE,4,0,0.0216,0.1729,0.0578,0.333
"LABO","143274_NW",143274,"NW","South Coastal Region",50.3446,-122.8479,2017,FALSE,0,NA,NA,0.0672,0.0061,0.2248
"LABO","143274_NW",143274,"NW","South Coastal Region",50.3446,-122.8479,2018,FALSE,0,NA,NA,0.0159,6e-04,0.0592
"LABO","143274_NW",143274,"NW","South Coastal Region",50.3446,-122.8479,2019,TRUE,4,0,0.0147,0.0219,5e-04,0.0882
"LABO","143274_NW",143274,"NW","South Coastal Region",50.3446,-122.8479,2020,TRUE,3,0,0.0524,0.0756,0.0147,0.2011
"LABO","143274_NW",143274,"NW","South Coastal Region",50.3446,-122.8479,2021,TRUE,4,0,0.0169,0.0408,0.005,0.121
"LABO","143274_NW",143274,"NW","South Coastal Region",50.3446,-122.8479,2022,TRUE,4,0,0.0911,0.1622,0.0524,0.3628
"LABO","143274_NW",143274,"NW","South Coastal Region",50.3446,-122.8479,2023,TRUE,4,0,0.094,0.1387,0.0305,0.3548
"LABO","143274_NW",143274,"NW","South Coastal Region",50.3446,-122.8479,2024,TRUE,4,0,0.1173,0.2164,0.0672,0.463
"LABO","143274_NW",143274,"NW","South Coastal Region",50.3446,-122.8479,2025,TRUE,4,0,0.024,0.151,0.0432,0.3047
"LABO","143274_SE",143274,"SE","South Coastal Region",50.3004,-122.758,2017,FALSE,0,NA,NA,0.0688,0.0064,0.2247
"LABO","143274_SE",143274,"SE","South Coastal Region",50.3004,-122.758,2018,FALSE,0,NA,NA,0.0184,9e-04,0.065
"LABO","143274_SE",143274,"SE","South Coastal Region",50.3004,-122.758,2019,TRUE,4,0,0.0178,0.0252,7e-04,0.0979
"LABO","143274_SE",143274,"SE","South Coastal Region",50.3004,-122.758,2020,TRUE,3,0,0.0624,0.0854,0.0193,0.209
"LABO","143274_SE",143274,"SE","South Coastal Region",50.3004,-122.758,2021,TRUE,4,0,0.0289,0.0504,0.0076,0.1396
"LABO","143274_SE",143274,"SE","South Coastal Region",50.3004,-122.758,2022,TRUE,4,0,0.1493,0.1838,0.0684,0.3965
"LABO","143274_SE",143274,"SE","South Coastal Region",50.3004,-122.758,2023,TRUE,4,0,0.2604,0.1621,0.0412,0.3865
"LABO","143274_SE",143274,"SE","South Coastal Region",50.3004,-122.758,2024,TRUE,4,1,1,0.249,0.0834,0.503
"LABO","143274_SE",143274,"SE","South Coastal Region",50.3004,-122.758,2025,TRUE,4,0,0.0413,0.1769,0.0583,0.3396
"LABO","143274_SW",143274,"SW","South Coastal Region",50.2961,-122.8048,2017,FALSE,0,NA,NA,0.0635,0.006,0.2138
"LABO","143274_SW",143274,"SW","South Coastal Region",50.2961,-122.8048,2018,FALSE,0,NA,NA,0.018,0.001,0.0619
"LABO","143274_SW",143274,"SW","South Coastal Region",50.2961,-122.8048,2019,TRUE,4,0,0.012,0.0222,8e-04,0.0827
"LABO","143274_SW",143274,"SW","South Coastal Region",50.2961,-122.8048,2020,TRUE,2,0,0.052,0.0705,0.0161,0.1748
"LABO","143274_SW",143274,"SW","South Coastal Region",50.2961,-122.8048,2021,TRUE,4,0,0.0207,0.0472,0.0077,0.1262
"LABO","143274_SW",143274,"SW","South Coastal Region",50.2961,-122.8048,2022,TRUE,4,0,0.0904,0.1559,0.0592,0.3202
"LABO","143274_SW",143274,"SW","South Coastal Region",50.2961,-122.8048,2023,TRUE,4,0,0.0807,0.1501,0.0374,0.3525
"LABO","143274_SW",143274,"SW","South Coastal Region",50.2961,-122.8048,2024,TRUE,4,0,0.1056,0.231,0.0812,0.4612
"LABO","143274_SW",143274,"SW","South Coastal Region",50.2961,-122.8048,2025,TRUE,4,0,0.0244,0.179,0.0604,0.3464
"LABO","145578_NE",145578,"NE","Kootenay Region",49.93178,-115.65558,2017,FALSE,0,NA,NA,0.086,0.0087,0.2492
"LABO","145578_NE",145578,"NE","Kootenay Region",49.93178,-115.65558,2018,TRUE,4,0,0.0076,0.0623,0.0052,0.1919
"LABO","145578_NE",145578,"NE","Kootenay Region",49.93178,-115.65558,2019,TRUE,4,0,0.0236,0.0747,0.005,0.2215
"LABO","145578_NE",145578,"NE","Kootenay Region",49.93178,-115.65558,2020,TRUE,4,0,0.0951,0.1702,0.049,0.4041
"LABO","145578_NE",145578,"NE","Kootenay Region",49.93178,-115.65558,2021,TRUE,4,0,0.0833,0.1472,0.029,0.3361
"LABO","145578_NE",145578,"NE","Kootenay Region",49.93178,-115.65558,2022,TRUE,3,1,1,0.3228,0.1176,0.6138
"LABO","145578_NE",145578,"NE","Kootenay Region",49.93178,-115.65558,2023,FALSE,0,NA,NA,0.3335,0.0992,0.6558
"LABO","145578_NE",145578,"NE","Kootenay Region",49.93178,-115.65558,2024,TRUE,4,0,0.69,0.4638,0.1942,0.7643
"LABO","145578_NE",145578,"NE","Kootenay Region",49.93178,-115.65558,2025,TRUE,4,1,1,0.4497,0.1975,0.7433
"LABO","145578_NW",145578,"NW","Kootenay Region",49.93544,-115.67497,2017,FALSE,0,NA,NA,0.0832,0.007,0.2699
"LABO","145578_NW",145578,"NW","Kootenay Region",49.93544,-115.67497,2018,FALSE,0,NA,NA,0.0704,0.0088,0.2085
"LABO","145578_NW",145578,"NW","Kootenay Region",49.93544,-115.67497,2019,TRUE,3,0,0.026,0.0853,0.0096,0.2325
"LABO","145578_NW",145578,"NW","Kootenay Region",49.93544,-115.67497,2020,FALSE,0,NA,NA,0.1846,0.0703,0.3737
"LABO","145578_NW",145578,"NW","Kootenay Region",49.93544,-115.67497,2021,TRUE,4,0,0.0424,0.1864,0.0574,0.3661
"LABO","145578_NW",145578,"NW","Kootenay Region",49.93544,-115.67497,2022,TRUE,3,0,0.2151,0.3655,0.1699,0.6162
"LABO","145578_NW",145578,"NW","Kootenay Region",49.93544,-115.67497,2023,TRUE,4,0,0.3236,0.4138,0.148,0.7033
"LABO","145578_NW",145578,"NW","Kootenay Region",49.93544,-115.67497,2024,TRUE,3,0,0.5753,0.545,0.2613,0.807
"LABO","145578_NW",145578,"NW","Kootenay Region",49.93544,-115.67497,2025,TRUE,4,1,1,0.5794,0.3304,0.8129
"LABO","145578_SE",145578,"SE","Kootenay Region",49.89983,-115.64222,2017,FALSE,0,NA,NA,0.0975,0.0076,0.2976
"LABO","145578_SE",145578,"SE","Kootenay Region",49.89983,-115.64222,2018,TRUE,3,0,0.0687,0.1148,0.0192,0.2907
"LABO","145578_SE",145578,"SE","Kootenay Region",49.89983,-115.64222,2019,TRUE,4,0,0.1989,0.158,0.0295,0.3578
"LABO","145578_SE",145578,"SE","Kootenay Region",49.89983,-115.64222,2020,TRUE,4,1,1,0.3338,0.162,0.5669
"LABO","145578_SE",145578,"SE","Kootenay Region",49.89983,-115.64222,2021,TRUE,4,1,1,0.3664,0.1843,0.5979
"LABO","145578_SE",145578,"SE","Kootenay Region",49.89983,-115.64222,2022,TRUE,4,1,1,0.5979,0.3656,0.8475
"LABO","145578_SE",145578,"SE","Kootenay Region",49.89983,-115.64222,2023,TRUE,4,1,1,0.6711,0.3979,0.9094
"LABO","145578_SE",145578,"SE","Kootenay Region",49.89983,-115.64222,2024,FALSE,0,NA,NA,0.7902,0.5564,0.9551
"LABO","145578_SE",145578,"SE","Kootenay Region",49.89983,-115.64222,2025,TRUE,4,1,1,0.83,0.6307,0.9589
"LABO","145578_SW",145578,"SW","Kootenay Region",49.89589,-115.695,2017,FALSE,0,NA,NA,0.1226,0.0059,0.4538
"LABO","145578_SW",145578,"SW","Kootenay Region",49.89589,-115.695,2018,FALSE,0,NA,NA,0.1288,0.0173,0.3763
"LABO","145578_SW",145578,"SW","Kootenay Region",49.89589,-115.695,2019,TRUE,4,0,0.3078,0.1693,0.0297,0.4098
"LABO","145578_SW",145578,"SW","Kootenay Region",49.89589,-115.695,2020,TRUE,4,1,1,0.3373,0.1539,0.5878
"LABO","145578_SW",145578,"SW","Kootenay Region",49.89589,-115.695,2021,TRUE,4,1,1,0.3673,0.1731,0.6136
"LABO","145578_SW",145578,"SW","Kootenay Region",49.89589,-115.695,2022,TRUE,4,1,1,0.5942,0.3561,0.8404
"LABO","145578_SW",145578,"SW","Kootenay Region",49.89589,-115.695,2023,TRUE,4,0,0.9167,0.6677,0.3849,0.9031
"LABO","145578_SW",145578,"SW","Kootenay Region",49.89589,-115.695,2024,TRUE,4,1,1,0.7859,0.5446,0.9556
"LABO","145578_SW",145578,"SW","Kootenay Region",49.89589,-115.695,2025,TRUE,4,1,1,0.8237,0.6257,0.9575
"LABO","16426_NE",16426,"NE","Northern Region",54.82137,-123.35579,2017,FALSE,0,NA,NA,0.5803,0.2912,0.8633
"LABO","16426_NE",16426,"NE","Northern Region",54.82137,-123.35579,2018,TRUE,3,0,0.3011,0.5244,0.2583,0.7937
"LABO","16426_NE",16426,"NE","Northern Region",54.82137,-123.35579,2019,TRUE,3,0,0.3084,0.4994,0.2104,0.7752
"LABO","16426_NE",16426,"NE","Northern Region",54.82137,-123.35579,2020,TRUE,3,0,0.4258,0.5327,0.2712,0.7778
"LABO","16426_NE",16426,"NE","Northern Region",54.82137,-123.35579,2021,TRUE,3,0,0.4787,0.5358,0.2705,0.777
"LABO","16426_NE",16426,"NE","Northern Region",54.82137,-123.35579,2022,TRUE,3,1,1,0.6257,0.3903,0.8367
"LABO","16426_NE",16426,"NE","Northern Region",54.82137,-123.35579,2023,FALSE,0,NA,NA,0.662,0.3978,0.8736
"LABO","16426_NE",16426,"NE","Northern Region",54.82137,-123.35579,2024,TRUE,3,0,0.8949,0.7311,0.4684,0.9263
"LABO","16426_NE",16426,"NE","Northern Region",54.82137,-123.35579,2025,FALSE,0,NA,NA,0.7639,0.5417,0.9274
"LABO","16426_SE",16426,"SE","Northern Region",54.81895,-123.33997,2017,FALSE,0,NA,NA,0.5975,0.2641,0.9221
"LABO","16426_SE",16426,"SE","Northern Region",54.81895,-123.33997,2018,TRUE,3,0,0.878,0.5714,0.2722,0.866
"LABO","16426_SE",16426,"SE","Northern Region",54.81895,-123.33997,2019,TRUE,3,1,1,0.5683,0.2766,0.8553
"LABO","16426_SE",16426,"SE","Northern Region",54.81895,-123.33997,2020,TRUE,2,1,1,0.6192,0.3687,0.8659
"LABO","16426_SE",16426,"SE","Northern Region",54.81895,-123.33997,2021,TRUE,3,1,1,0.6312,0.3885,0.8674
"LABO","16426_SE",16426,"SE","Northern Region",54.81895,-123.33997,2022,TRUE,3,0,0.9762,0.7258,0.5191,0.9138
"LABO","16426_SE",16426,"SE","Northern Region",54.81895,-123.33997,2023,FALSE,0,NA,NA,0.7684,0.5725,0.9355
"LABO","16426_SE",16426,"SE","Northern Region",54.81895,-123.33997,2024,FALSE,0,NA,NA,0.829,0.6458,0.9658
"LABO","16426_SE",16426,"SE","Northern Region",54.81895,-123.33997,2025,FALSE,0,NA,NA,0.8592,0.7034,0.9677
"LABO","172090_NE",172090,"NE","South Coastal Region",49.37012,-122.94857,2017,FALSE,0,NA,NA,0.0885,0.002,0.4182
"LABO","172090_NE",172090,"NE","South Coastal Region",49.37012,-122.94857,2018,TRUE,3,0,0.0044,0.0774,0.0049,0.3331
"LABO","172090_NE",172090,"NE","South Coastal Region",49.37012,-122.94857,2019,TRUE,3,0,0.0076,0.0868,0.0077,0.3315
"LABO","172090_NE",172090,"NE","South Coastal Region",49.37012,-122.94857,2020,TRUE,3,0,0.0178,0.1381,0.0266,0.3727
"LABO","172090_NE",172090,"NE","South Coastal Region",49.37012,-122.94857,2021,TRUE,4,0,0.0153,0.1487,0.0301,0.3919
"LABO","172090_NE",172090,"NE","South Coastal Region",49.37012,-122.94857,2022,TRUE,4,0,0.0649,0.2508,0.0689,0.5315
"LABO","172090_NE",172090,"NE","South Coastal Region",49.37012,-122.94857,2023,TRUE,2,0,0.1329,0.3064,0.0894,0.6306
"LABO","172090_NE",172090,"NE","South Coastal Region",49.37012,-122.94857,2024,FALSE,0,NA,NA,0.396,0.1267,0.7438
"LABO","172090_NE",172090,"NE","South Coastal Region",49.37012,-122.94857,2025,FALSE,0,NA,NA,0.4439,0.1502,0.7937
"LABO","172090_NW",172090,"NW","South Coastal Region",49.34683,-123.00985,2017,FALSE,0,NA,NA,0.0679,0.0045,0.2486
"LABO","172090_NW",172090,"NW","South Coastal Region",49.34683,-123.00985,2018,TRUE,3,0,0.0064,0.018,8e-04,0.0643
"LABO","172090_NW",172090,"NW","South Coastal Region",49.34683,-123.00985,2019,TRUE,3,0,0.0136,0.0251,6e-04,0.0956
"LABO","172090_NW",172090,"NW","South Coastal Region",49.34683,-123.00985,2020,FALSE,0,NA,NA,0.086,0.0196,0.2115
"LABO","172090_NW",172090,"NW","South Coastal Region",49.34683,-123.00985,2021,TRUE,4,0,0.016,0.0511,0.007,0.1484
"LABO","172090_NW",172090,"NW","South Coastal Region",49.34683,-123.00985,2022,TRUE,4,0,0.0818,0.183,0.0644,0.3892
"LABO","172090_NW",172090,"NW","South Coastal Region",49.34683,-123.00985,2023,TRUE,3,0,0.1113,0.1597,0.0356,0.3874
"LABO","172090_NW",172090,"NW","South Coastal Region",49.34683,-123.00985,2024,FALSE,0,NA,NA,0.2467,0.0789,0.5053
"LABO","172090_NW",172090,"NW","South Coastal Region",49.34683,-123.00985,2025,FALSE,0,NA,NA,0.179,0.0594,0.3478
"LABO","172090_SE",172090,"SE","South Coastal Region",49.32364,-122.97036,2017,FALSE,0,NA,NA,0.0696,0.0056,0.2442
"LABO","172090_SE",172090,"SE","South Coastal Region",49.32364,-122.97036,2018,TRUE,3,0,0.0024,0.0104,3e-04,0.0458
"LABO","172090_SE",172090,"SE","South Coastal Region",49.32364,-122.97036,2019,FALSE,0,NA,NA,0.0129,2e-04,0.0582
"LABO","172090_SE",172090,"SE","South Coastal Region",49.32364,-122.97036,2020,TRUE,4,0,0.0253,0.0415,0.0045,0.1359
"LABO","172090_SE",172090,"SE","South Coastal Region",49.32364,-122.97036,2021,TRUE,4,0,0.0064,0.022,0.0013,0.0807
"LABO","172090_SE",172090,"SE","South Coastal Region",49.32364,-122.97036,2022,TRUE,4,0,0.0373,0.0896,0.0175,0.2519
"LABO","172090_SE",172090,"SE","South Coastal Region",49.32364,-122.97036,2023,TRUE,3,0,0.0549,0.0738,0.0101,0.2262
"LABO","172090_SE",172090,"SE","South Coastal Region",49.32364,-122.97036,2024,FALSE,0,NA,NA,0.1156,0.0224,0.305
"LABO","172090_SE",172090,"SE","South Coastal Region",49.32364,-122.97036,2025,FALSE,0,NA,NA,0.0906,0.015,0.2364
"LABO","172090_SW",172090,"SW","South Coastal Region",49.31421,-123.01406,2017,FALSE,0,NA,NA,0.0894,0.0059,0.3534
"LABO","172090_SW",172090,"SW","South Coastal Region",49.31421,-123.01406,2018,TRUE,3,0,0.0078,0.0182,8e-04,0.0659
"LABO","172090_SW",172090,"SW","South Coastal Region",49.31421,-123.01406,2019,TRUE,3,0,0.014,0.025,6e-04,0.0992
"LABO","172090_SW",172090,"SW","South Coastal Region",49.31421,-123.01406,2020,TRUE,4,0,0.0464,0.0821,0.0175,0.2102
"LABO","172090_SW",172090,"SW","South Coastal Region",49.31421,-123.01406,2021,TRUE,4,0,0.018,0.0488,0.0076,0.1353
"LABO","172090_SW",172090,"SW","South Coastal Region",49.31421,-123.01406,2022,TRUE,4,0,0.0911,0.1772,0.0648,0.3734
"LABO","172090_SW",172090,"SW","South Coastal Region",49.31421,-123.01406,2023,TRUE,3,0,0.102,0.1359,0.0324,0.3451
"LABO","172090_SW",172090,"SW","South Coastal Region",49.31421,-123.01406,2024,FALSE,0,NA,NA,0.2078,0.0607,0.4546
"LABO","172090_SW",172090,"SW","South Coastal Region",49.31421,-123.01406,2025,FALSE,0,NA,NA,0.1457,0.0407,0.2996
"LABO","175354_SE",175354,"SE","Northern Region",59.42418,-125.94917,2017,FALSE,0,NA,NA,0.5912,0.2342,0.9178
"LABO","175354_SE",175354,"SE","Northern Region",59.42418,-125.94917,2018,TRUE,3,0,0.0473,0.3159,0.0331,0.718
"LABO","175354_SE",175354,"SE","Northern Region",59.42418,-125.94917,2019,TRUE,4,0,0.0289,0.2521,0.0177,0.6594
"LABO","175354_SE",175354,"SE","Northern Region",59.42418,-125.94917,2020,TRUE,4,0,0.0556,0.2863,0.0552,0.6639
"LABO","175354_SE",175354,"SE","Northern Region",59.42418,-125.94917,2021,FALSE,0,NA,NA,0.2655,0.0339,0.6527
"LABO","175354_SE",175354,"SE","Northern Region",59.42418,-125.94917,2022,FALSE,0,NA,NA,0.3848,0.1085,0.7428
"LABO","175354_SE",175354,"SE","Northern Region",59.42418,-125.94917,2023,FALSE,0,NA,NA,0.3933,0.0947,0.769
"LABO","175354_SE",175354,"SE","Northern Region",59.42418,-125.94917,2024,FALSE,0,NA,NA,0.4867,0.148,0.8451
"LABO","175354_SE",175354,"SE","Northern Region",59.42418,-125.94917,2025,FALSE,0,NA,NA,0.4827,0.1505,0.8397
"LABO","175354_SW",175354,"SW","Northern Region",59.40931,-126.09868,2017,FALSE,0,NA,NA,0.5916,0.2373,0.9168
"LABO","175354_SW",175354,"SW","Northern Region",59.40931,-126.09868,2018,TRUE,3,1,1,0.3788,0.0883,0.723
"LABO","175354_SW",175354,"SW","Northern Region",59.40931,-126.09868,2019,TRUE,4,0,0.4989,0.3209,0.0531,0.6832
"LABO","175354_SW",175354,"SW","Northern Region",59.40931,-126.09868,2020,TRUE,4,0,0.3842,0.3832,0.1204,0.7119
"LABO","175354_SW",175354,"SW","Northern Region",59.40931,-126.09868,2021,FALSE,0,NA,NA,0.3697,0.0996,0.7015
"LABO","175354_SW",175354,"SW","Northern Region",59.40931,-126.09868,2022,FALSE,0,NA,NA,0.5153,0.2268,0.8104
"LABO","175354_SW",175354,"SW","Northern Region",59.40931,-126.09868,2023,FALSE,0,NA,NA,0.5325,0.2075,0.8419
"LABO","175354_SW",175354,"SW","Northern Region",59.40931,-126.09868,2024,TRUE,4,0,0.482,0.6367,0.3033,0.9073
"LABO","175354_SW",175354,"SW","Northern Region",59.40931,-126.09868,2025,TRUE,4,1,1,0.6346,0.298,0.9054
"LABO","17706_NW",17706,"NW","Northern Region",51.97601,-120.10368,2017,FALSE,0,NA,NA,0.5965,0.281,0.9056
"LABO","17706_NW",17706,"NW","Northern Region",51.97601,-120.10368,2018,FALSE,0,NA,NA,0.5775,0.2889,0.8577
"LABO","17706_NW",17706,"NW","Northern Region",51.97601,-120.10368,2019,TRUE,4,0,0.4847,0.584,0.2997,0.8573
"LABO","17706_NW",17706,"NW","Northern Region",51.97601,-120.10368,2020,TRUE,2,0,0.5807,0.6639,0.4179,0.8919
"LABO","17706_NW",17706,"NW","Northern Region",51.97601,-120.10368,2021,FALSE,0,NA,NA,0.6822,0.4451,0.9
"LABO","17706_NW",17706,"NW","Northern Region",51.97601,-120.10368,2022,FALSE,0,NA,NA,0.7897,0.5825,0.9543
"LABO","17706_NW",17706,"NW","Northern Region",51.97601,-120.10368,2023,FALSE,0,NA,NA,0.8293,0.6216,0.9698
"LABO","17706_NW",17706,"NW","Northern Region",51.97601,-120.10368,2024,FALSE,0,NA,NA,0.8852,0.7053,0.9864
"LABO","17706_NW",17706,"NW","Northern Region",51.97601,-120.10368,2025,FALSE,0,NA,NA,0.9067,0.7466,0.9881
"LABO","17706_SE",17706,"SE","Northern Region",51.9408,-120.01683,2017,FALSE,0,NA,NA,0.598,0.3028,0.8857
"LABO","17706_SE",17706,"SE","Northern Region",51.9408,-120.01683,2018,FALSE,0,NA,NA,0.4901,0.1942,0.7792
"LABO","17706_SE",17706,"SE","Northern Region",51.9408,-120.01683,2019,TRUE,4,0,0.2089,0.4616,0.1213,0.7668
"LABO","17706_SE",17706,"SE","Northern Region",51.9408,-120.01683,2020,TRUE,4,0,0.2616,0.5381,0.2477,0.8028
"LABO","17706_SE",17706,"SE","Northern Region",51.9408,-120.01683,2021,FALSE,0,NA,NA,0.5413,0.2478,0.8026
"LABO","17706_SE",17706,"SE","Northern Region",51.9408,-120.01683,2022,FALSE,0,NA,NA,0.6765,0.4203,0.8923
"LABO","17706_SE",17706,"SE","Northern Region",51.9408,-120.01683,2023,TRUE,4,0,0.3656,0.7076,0.3978,0.9191
"LABO","17706_SE",17706,"SE","Northern Region",51.9408,-120.01683,2024,TRUE,2,0,0.4253,0.7956,0.5601,0.9576
"LABO","17706_SE",17706,"SE","Northern Region",51.9408,-120.01683,2025,TRUE,4,0,0.3533,0.8125,0.5762,0.9616
"LABO","17706_SW",17706,"SW","Northern Region",51.94316,-120.06784,2017,FALSE,0,NA,NA,0.58,0.2826,0.8635
"LABO","17706_SW",17706,"SW","Northern Region",51.94316,-120.06784,2018,FALSE,0,NA,NA,0.4757,0.2216,0.7477
"LABO","17706_SW",17706,"SW","Northern Region",51.94316,-120.06784,2019,TRUE,4,0,0.1949,0.43,0.1528,0.7157
"LABO","17706_SW",17706,"SW","Northern Region",51.94316,-120.06784,2020,TRUE,4,0,0.2129,0.4667,0.2205,0.7276
"LABO","17706_SW",17706,"SW","Northern Region",51.94316,-120.06784,2021,FALSE,0,NA,NA,0.4602,0.2182,0.715
"LABO","17706_SW",17706,"SW","Northern Region",51.94316,-120.06784,2022,FALSE,0,NA,NA,0.5664,0.3283,0.7959
"LABO","17706_SW",17706,"SW","Northern Region",51.94316,-120.06784,2023,TRUE,4,0,0.2622,0.5965,0.3226,0.8339
"LABO","17706_SW",17706,"SW","Northern Region",51.94316,-120.06784,2024,FALSE,0,NA,NA,0.682,0.4142,0.8998
"LABO","17706_SW",17706,"SW","Northern Region",51.94316,-120.06784,2025,TRUE,4,0,0.2418,0.7086,0.4767,0.895
"LABO","186330_NE",186330,"NE","Northern Region",55.95727,-122.58949,2017,FALSE,0,NA,NA,0.6005,0.1452,0.9762
"LABO","186330_NE",186330,"NE","Northern Region",55.95727,-122.58949,2018,FALSE,0,NA,NA,0.5939,0.1717,0.9507
"LABO","186330_NE",186330,"NE","Northern Region",55.95727,-122.58949,2019,FALSE,0,NA,NA,0.6081,0.2116,0.946
"LABO","186330_NE",186330,"NE","Northern Region",55.95727,-122.58949,2020,FALSE,0,NA,NA,0.6756,0.3439,0.9504
"LABO","186330_NE",186330,"NE","Northern Region",55.95727,-122.58949,2021,FALSE,0,NA,NA,0.6944,0.3746,0.9538
"LABO","186330_NE",186330,"NE","Northern Region",55.95727,-122.58949,2022,FALSE,0,NA,NA,0.7914,0.5349,0.971
"LABO","186330_NE",186330,"NE","Northern Region",55.95727,-122.58949,2023,FALSE,0,NA,NA,0.8352,0.606,0.9797
"LABO","186330_NE",186330,"NE","Northern Region",55.95727,-122.58949,2024,TRUE,4,0,0.9191,0.8856,0.6875,0.9911
"LABO","186330_NE",186330,"NE","Northern Region",55.95727,-122.58949,2025,TRUE,4,1,1,0.9125,0.7473,0.9917
"LABO","186330_NW",186330,"NW","Northern Region",55.94606,-122.65922,2017,FALSE,0,NA,NA,0.6099,0.2246,0.9521
"LABO","186330_NW",186330,"NW","Northern Region",55.94606,-122.65922,2018,FALSE,0,NA,NA,0.5309,0.2067,0.8577
"LABO","186330_NW",186330,"NW","Northern Region",55.94606,-122.65922,2019,FALSE,0,NA,NA,0.5079,0.2018,0.8288
"LABO","186330_NW",186330,"NW","Northern Region",55.94606,-122.65922,2020,FALSE,0,NA,NA,0.5512,0.2839,0.8311
"LABO","186330_NW",186330,"NW","Northern Region",55.94606,-122.65922,2021,FALSE,0,NA,NA,0.5552,0.3015,0.8302
"LABO","186330_NW",186330,"NW","Northern Region",55.94606,-122.65922,2022,FALSE,0,NA,NA,0.6595,0.4421,0.8782
"LABO","186330_NW",186330,"NW","Northern Region",55.94606,-122.65922,2023,FALSE,0,NA,NA,0.7003,0.4854,0.8991
"LABO","186330_NW",186330,"NW","Northern Region",55.94606,-122.65922,2024,TRUE,3,0,0.2962,0.7759,0.5832,0.9426
"LABO","186330_NW",186330,"NW","Northern Region",55.94606,-122.65922,2025,TRUE,4,0,0.2449,0.8061,0.6385,0.9368
"LABO","186490_NW",186490,"NW","Northern Region",54.754,-127.12678,2017,TRUE,4,0,0.2078,0.5964,0.2583,0.9113
"LABO","186490_NW",186490,"NW","Northern Region",54.754,-127.12678,2018,TRUE,4,0,0.0229,0.2805,0.043,0.6429
"LABO","186490_NW",186490,"NW","Northern Region",54.754,-127.12678,2019,TRUE,4,0,0.02,0.2015,0.0217,0.5444
"LABO","186490_NW",186490,"NW","Northern Region",54.754,-127.12678,2020,TRUE,4,0,0.0778,0.2247,0.0583,0.536
"LABO","186490_NW",186490,"NW","Northern Region",54.754,-127.12678,2021,TRUE,4,0,0.1042,0.202,0.0407,0.5052
"LABO","186490_NW",186490,"NW","Northern Region",54.754,-127.12678,2022,TRUE,4,1,1,0.3162,0.1096,0.6132
"LABO","186490_NW",186490,"NW","Northern Region",54.754,-127.12678,2023,FALSE,0,NA,NA,0.3286,0.0957,0.6428
"LABO","186490_NW",186490,"NW","Northern Region",54.754,-127.12678,2024,TRUE,3,0,0.7289,0.4265,0.1606,0.7426
"LABO","186490_NW",186490,"NW","Northern Region",54.754,-127.12678,2025,TRUE,4,1,1,0.4233,0.1715,0.7166
"LABO","186490_SE",186490,"SE","Northern Region",54.72257,-126.99742,2017,TRUE,4,0,0.6293,0.5985,0.2827,0.904
"LABO","186490_SE",186490,"SE","Northern Region",54.72257,-126.99742,2018,TRUE,4,0,0.6491,0.5488,0.2684,0.8304
"LABO","186490_SE",186490,"SE","Northern Region",54.72257,-126.99742,2019,TRUE,4,1,1,0.5318,0.2549,0.8096
"LABO","186490_SE",186490,"SE","Northern Region",54.72257,-126.99742,2020,TRUE,4,0,0.7064,0.5718,0.3268,0.8146
"LABO","186490_SE",186490,"SE","Northern Region",54.72257,-126.99742,2021,TRUE,4,0,0.5847,0.578,0.3432,0.8138
"LABO","186490_SE",186490,"SE","Northern Region",54.72257,-126.99742,2022,TRUE,4,0,0.6038,0.6713,0.4611,0.8714
"LABO","186490_SE",186490,"SE","Northern Region",54.72257,-126.99742,2023,FALSE,0,NA,NA,0.7109,0.4951,0.8987
"LABO","186490_SE",186490,"SE","Northern Region",54.72257,-126.99742,2024,FALSE,0,NA,NA,0.7781,0.5704,0.9418
"LABO","186490_SE",186490,"SE","Northern Region",54.72257,-126.99742,2025,FALSE,0,NA,NA,0.809,0.6352,0.9418
"LABO","186490_SW",186490,"SW","Northern Region",54.72278,-127.05397,2017,TRUE,4,1,1,0.6142,0.2612,0.9337
"LABO","186490_SW",186490,"SW","Northern Region",54.72278,-127.05397,2018,TRUE,4,1,1,0.4077,0.1031,0.7706
"LABO","186490_SW",186490,"SW","Northern Region",54.72278,-127.05397,2019,TRUE,4,1,1,0.3402,0.0736,0.7016
"LABO","186490_SW",186490,"SW","Northern Region",54.72278,-127.05397,2020,TRUE,4,1,1,0.3538,0.1188,0.6948
"LABO","186490_SW",186490,"SW","Northern Region",54.72278,-127.05397,2021,TRUE,4,1,1,0.3376,0.1161,0.6729
"LABO","186490_SW",186490,"SW","Northern Region",54.72278,-127.05397,2022,TRUE,4,1,1,0.4358,0.2047,0.7286
"LABO","186490_SW",186490,"SW","Northern Region",54.72278,-127.05397,2023,TRUE,4,1,1,0.462,0.2017,0.76
"LABO","186490_SW",186490,"SW","Northern Region",54.72278,-127.05397,2024,TRUE,4,1,1,0.5507,0.2744,0.8296
"LABO","186490_SW",186490,"SW","Northern Region",54.72278,-127.05397,2025,TRUE,4,1,1,0.5663,0.3,0.8171
"LABO","194666_NE",194666,"NE","Okanagan Region",50.23014,-119.32344,2017,TRUE,4,0,0.06,0.2017,0.0479,0.4931
"LABO","194666_NE",194666,"NE","Okanagan Region",50.23014,-119.32344,2018,FALSE,0,NA,NA,0.0866,0.0093,0.2453
"LABO","194666_NE",194666,"NE","Okanagan Region",50.23014,-119.32344,2019,TRUE,4,0,0.0176,0.0798,0.0068,0.2296
"LABO","194666_NE",194666,"NE","Okanagan Region",50.23014,-119.32344,2020,TRUE,4,0,0.0547,0.1478,0.0477,0.3092
"LABO","194666_NE",194666,"NE","Okanagan Region",50.23014,-119.32344,2021,TRUE,4,0,0.0382,0.133,0.0315,0.2907
"LABO","194666_NE",194666,"NE","Okanagan Region",50.23014,-119.32344,2022,FALSE,0,NA,NA,0.2781,0.1153,0.5151
"LABO","194666_NE",194666,"NE","Okanagan Region",50.23014,-119.32344,2023,TRUE,3,0,0.1658,0.2959,0.0911,0.5766
"LABO","194666_NE",194666,"NE","Okanagan Region",50.23014,-119.32344,2024,TRUE,3,0,0.2642,0.411,0.1799,0.6748
"LABO","194666_NE",194666,"NE","Okanagan Region",50.23014,-119.32344,2025,FALSE,0,NA,NA,0.3979,0.1754,0.651
"LABO","194666_SW",194666,"SW","Okanagan Region",50.16915,-119.41081,2017,TRUE,4,0,0.0253,0.1826,0.0277,0.4892
"LABO","194666_SW",194666,"SW","Okanagan Region",50.16915,-119.41081,2018,FALSE,0,NA,NA,0.1427,0.0297,0.3585
"LABO","194666_SW",194666,"SW","Okanagan Region",50.16915,-119.41081,2019,TRUE,4,0,0.0271,0.15,0.0246,0.3568
"LABO","194666_SW",194666,"SW","Okanagan Region",50.16915,-119.41081,2020,TRUE,4,0,0.0911,0.2491,0.1063,0.4454
"LABO","194666_SW",194666,"SW","Okanagan Region",50.16915,-119.41081,2021,TRUE,3,0,0.1053,0.2635,0.1066,0.4594
"LABO","194666_SW",194666,"SW","Okanagan Region",50.16915,-119.41081,2022,TRUE,2,0,0.3733,0.441,0.2319,0.6783
"LABO","194666_SW",194666,"SW","Okanagan Region",50.16915,-119.41081,2023,FALSE,0,NA,NA,0.493,0.2137,0.7516
"LABO","194666_SW",194666,"SW","Okanagan Region",50.16915,-119.41081,2024,FALSE,0,NA,NA,0.6118,0.3298,0.8416
"LABO","194666_SW",194666,"SW","Okanagan Region",50.16915,-119.41081,2025,TRUE,4,1,1,0.6505,0.3965,0.8573
"LABO","20330_NE",20330,"NE","Kootenay Region",49.42454,-117.72865,2017,TRUE,4,0,0.0133,0.0872,0.0086,0.2513
"LABO","20330_NE",20330,"NE","Kootenay Region",49.42454,-117.72865,2018,FALSE,0,NA,NA,0.1014,0.0178,0.2474
"LABO","20330_NE",20330,"NE","Kootenay Region",49.42454,-117.72865,2019,TRUE,4,0,0.0478,0.1382,0.0263,0.3105
"LABO","20330_NE",20330,"NE","Kootenay Region",49.42454,-117.72865,2020,TRUE,4,0,0.1518,0.2989,0.1528,0.4979
"LABO","20330_NE",20330,"NE","Kootenay Region",49.42454,-117.72865,2021,FALSE,0,NA,NA,0.3292,0.1751,0.5169
"LABO","20330_NE",20330,"NE","Kootenay Region",49.42454,-117.72865,2022,TRUE,3,0,0.352,0.5576,0.3513,0.79
"LABO","20330_NE",20330,"NE","Kootenay Region",49.42454,-117.72865,2023,TRUE,4,0,0.4829,0.6339,0.3785,0.8666
"LABO","20330_NE",20330,"NE","Kootenay Region",49.42454,-117.72865,2024,TRUE,4,0,0.7056,0.7579,0.5212,0.9306
"LABO","20330_NE",20330,"NE","Kootenay Region",49.42454,-117.72865,2025,TRUE,4,1,1,0.8014,0.6098,0.9345
"LABO","20330_SE",20330,"SE","Kootenay Region",49.3813,-117.67793,2017,TRUE,4,0,0.0171,0.0942,0.0088,0.3192
"LABO","20330_SE",20330,"SE","Kootenay Region",49.3813,-117.67793,2018,TRUE,4,0,0.0087,0.0746,0.0072,0.2196
"LABO","20330_SE",20330,"SE","Kootenay Region",49.3813,-117.67793,2019,TRUE,4,0,0.0258,0.0998,0.0078,0.2802
"LABO","20330_SE",20330,"SE","Kootenay Region",49.3813,-117.67793,2020,TRUE,4,0,0.1284,0.2601,0.1031,0.5029
"LABO","20330_SE",20330,"SE","Kootenay Region",49.3813,-117.67793,2021,FALSE,0,NA,NA,0.2284,0.0681,0.4467
"LABO","20330_SE",20330,"SE","Kootenay Region",49.3813,-117.67793,2022,TRUE,3,0,0.2827,0.4648,0.2421,0.7278
"LABO","20330_SE",20330,"SE","Kootenay Region",49.3813,-117.67793,2023,TRUE,4,0,0.2827,0.4527,0.1619,0.7745
"LABO","20330_SE",20330,"SE","Kootenay Region",49.3813,-117.67793,2024,TRUE,4,0,0.4542,0.6055,0.3313,0.8515
"LABO","20330_SE",20330,"SE","Kootenay Region",49.3813,-117.67793,2025,TRUE,4,1,1,0.5585,0.3078,0.8178
"LABO","206394_NE",206394,"NE","Northern Region",53.63655,-132.05056,2017,FALSE,0,NA,NA,0.6301,0.1357,0.9851
"LABO","206394_NE",206394,"NE","Northern Region",53.63655,-132.05056,2018,FALSE,0,NA,NA,0.2016,0.0161,0.5746
"LABO","206394_NE",206394,"NE","Northern Region",53.63655,-132.05056,2019,FALSE,0,NA,NA,0.1855,0.0118,0.5221
"LABO","206394_NE",206394,"NE","Northern Region",53.63655,-132.05056,2020,FALSE,0,NA,NA,0.3199,0.0942,0.6468
"LABO","206394_NE",206394,"NE","Northern Region",53.63655,-132.05056,2021,FALSE,0,NA,NA,0.2679,0.0578,0.5706
"LABO","206394_NE",206394,"NE","Northern Region",53.63655,-132.05056,2022,TRUE,4,0,0.2089,0.4903,0.2239,0.7731
"LABO","206394_NE",206394,"NE","Northern Region",53.63655,-132.05056,2023,TRUE,4,0,0.1553,0.4537,0.1638,0.7755
"LABO","206394_NE",206394,"NE","Northern Region",53.63655,-132.05056,2024,TRUE,2,0,0.3053,0.6049,0.3049,0.8598
"LABO","206394_NE",206394,"NE","Northern Region",53.63655,-132.05056,2025,TRUE,4,0,0.0287,0.5239,0.2126,0.8572
"LABO","206394_NW",206394,"NW","Northern Region",53.6372,-132.16251,2017,FALSE,0,NA,NA,0.6007,0.1473,0.9719
"LABO","206394_NW",206394,"NW","Northern Region",53.6372,-132.16251,2018,FALSE,0,NA,NA,0.045,8e-04,0.2846
"LABO","206394_NW",206394,"NW","Northern Region",53.6372,-132.16251,2019,FALSE,0,NA,NA,0.0458,5e-04,0.2196
"LABO","206394_NW",206394,"NW","Northern Region",53.6372,-132.16251,2020,FALSE,0,NA,NA,0.1148,0.0139,0.3672
"LABO","206394_NW",206394,"NW","Northern Region",53.6372,-132.16251,2021,FALSE,0,NA,NA,0.0575,0.0033,0.2142
"LABO","206394_NW",206394,"NW","Northern Region",53.6372,-132.16251,2022,TRUE,4,0,0.1093,0.2148,0.0394,0.57
"LABO","206394_NW",206394,"NW","Northern Region",53.6372,-132.16251,2023,TRUE,4,0,0.0831,0.1564,0.0265,0.4011
"LABO","206394_NW",206394,"NW","Northern Region",53.6372,-132.16251,2024,TRUE,4,0,0.1158,0.2576,0.0572,0.5797
"LABO","206394_NW",206394,"NW","Northern Region",53.6372,-132.16251,2025,TRUE,4,0,0.0107,0.1729,0.0311,0.3917
"LABO","206394_SE",206394,"SE","Northern Region",53.60877,-131.99988,2017,FALSE,0,NA,NA,0.6324,0.1095,0.9912
"LABO","206394_SE",206394,"SE","Northern Region",53.60877,-131.99988,2018,FALSE,0,NA,NA,0.1812,0.0153,0.5517
"LABO","206394_SE",206394,"SE","Northern Region",53.60877,-131.99988,2019,FALSE,0,NA,NA,0.1459,0.0102,0.4561
"LABO","206394_SE",206394,"SE","Northern Region",53.60877,-131.99988,2020,FALSE,0,NA,NA,0.2429,0.0588,0.5527
"LABO","206394_SE",206394,"SE","Northern Region",53.60877,-131.99988,2021,FALSE,0,NA,NA,0.2035,0.0355,0.4952
"LABO","206394_SE",206394,"SE","Northern Region",53.60877,-131.99988,2022,TRUE,4,0,0.1398,0.396,0.1462,0.6966
"LABO","206394_SE",206394,"SE","Northern Region",53.60877,-131.99988,2023,TRUE,4,0,0.1122,0.3801,0.1256,0.6843
"LABO","206394_SE",206394,"SE","Northern Region",53.60877,-131.99988,2024,TRUE,4,0,0.1738,0.5157,0.2259,0.7947
"LABO","206394_SE",206394,"SE","Northern Region",53.60877,-131.99988,2025,TRUE,4,0,0.0176,0.447,0.1693,0.7819
"LABO","206394_SW",206394,"SW","Northern Region",53.57324,-132.11579,2017,FALSE,0,NA,NA,0.6081,0.1688,0.9691
"LABO","206394_SW",206394,"SW","Northern Region",53.57324,-132.11579,2018,FALSE,0,NA,NA,0.084,0.0046,0.3657
"LABO","206394_SW",206394,"SW","Northern Region",53.57324,-132.11579,2019,FALSE,0,NA,NA,0.077,0.0022,0.3013
"LABO","206394_SW",206394,"SW","Northern Region",53.57324,-132.11579,2020,FALSE,0,NA,NA,0.1769,0.0396,0.4521
"LABO","206394_SW",206394,"SW","Northern Region",53.57324,-132.11579,2021,FALSE,0,NA,NA,0.1135,0.0145,0.3238
"LABO","206394_SW",206394,"SW","Northern Region",53.57324,-132.11579,2022,TRUE,4,0,0.1529,0.3157,0.1076,0.6475
"LABO","206394_SW",206394,"SW","Northern Region",53.57324,-132.11579,2023,TRUE,4,0,0.1636,0.2566,0.0724,0.5415
"LABO","206394_SW",206394,"SW","Northern Region",53.57324,-132.11579,2024,TRUE,4,0,0.1749,0.3956,0.1588,0.6915
"LABO","206394_SW",206394,"SW","Northern Region",53.57324,-132.11579,2025,TRUE,4,1,1,0.2919,0.1029,0.573
"LABO","20730_NE",20730,"NE","Northern Region",56.79525,-124.90059,2017,FALSE,0,NA,NA,0.6131,0.0936,0.9916
"LABO","20730_NE",20730,"NE","Northern Region",56.79525,-124.90059,2018,FALSE,0,NA,NA,0.575,0.1129,0.957
"LABO","20730_NE",20730,"NE","Northern Region",56.79525,-124.90059,2019,FALSE,0,NA,NA,0.5797,0.1512,0.9433
"LABO","20730_NE",20730,"NE","Northern Region",56.79525,-124.90059,2020,FALSE,0,NA,NA,0.6402,0.2722,0.945
"LABO","20730_NE",20730,"NE","Northern Region",56.79525,-124.90059,2021,FALSE,0,NA,NA,0.6537,0.3039,0.945
"LABO","20730_NE",20730,"NE","Northern Region",56.79525,-124.90059,2022,TRUE,3,1,1,0.7529,0.4561,0.9627
"LABO","20730_NE",20730,"NE","Northern Region",56.79525,-124.90059,2023,FALSE,0,NA,NA,0.7955,0.5193,0.9706
"LABO","20730_NE",20730,"NE","Northern Region",56.79525,-124.90059,2024,TRUE,4,1,1,0.8525,0.6018,0.9838
"LABO","20730_NE",20730,"NE","Northern Region",56.79525,-124.90059,2025,TRUE,4,1,1,0.8784,0.659,0.9853
"LABO","20730_NW",20730,"NW","Northern Region",56.79948,-124.97614,2017,FALSE,0,NA,NA,0.609,0.165,0.976
"LABO","20730_NW",20730,"NW","Northern Region",56.79948,-124.97614,2018,FALSE,0,NA,NA,0.53,0.1523,0.9036
"LABO","20730_NW",20730,"NW","Northern Region",56.79948,-124.97614,2019,FALSE,0,NA,NA,0.5156,0.1459,0.8882
"LABO","20730_NW",20730,"NW","Northern Region",56.79948,-124.97614,2020,FALSE,0,NA,NA,0.5731,0.2607,0.8932
"LABO","20730_NW",20730,"NW","Northern Region",56.79948,-124.97614,2021,FALSE,0,NA,NA,0.5798,0.2667,0.8913
"LABO","20730_NW",20730,"NW","Northern Region",56.79948,-124.97614,2022,TRUE,3,0,0.6973,0.6918,0.4188,0.9285
"LABO","20730_NW",20730,"NW","Northern Region",56.79948,-124.97614,2023,FALSE,0,NA,NA,0.732,0.4505,0.9445
"LABO","20730_NW",20730,"NW","Northern Region",56.79948,-124.97614,2024,TRUE,4,1,1,0.8062,0.5693,0.9685
"LABO","20730_NW",20730,"NW","Northern Region",56.79948,-124.97614,2025,TRUE,4,1,1,0.8332,0.6106,0.9705
"LABO","20730_SE",20730,"SE","Northern Region",56.78457,-124.88544,2017,FALSE,0,NA,NA,0.6052,0.2849,0.9098
"LABO","20730_SE",20730,"SE","Northern Region",56.78457,-124.88544,2018,FALSE,0,NA,NA,0.4974,0.2227,0.7887
"LABO","20730_SE",20730,"SE","Northern Region",56.78457,-124.88544,2019,FALSE,0,NA,NA,0.4563,0.1857,0.7502
"LABO","20730_SE",20730,"SE","Northern Region",56.78457,-124.88544,2020,FALSE,0,NA,NA,0.485,0.2482,0.7486
"LABO","20730_SE",20730,"SE","Northern Region",56.78457,-124.88544,2021,FALSE,0,NA,NA,0.4815,0.2572,0.7364
"LABO","20730_SE",20730,"SE","Northern Region",56.78457,-124.88544,2022,TRUE,3,0,0.6047,0.5816,0.3725,0.8027
"LABO","20730_SE",20730,"SE","Northern Region",56.78457,-124.88544,2023,FALSE,0,NA,NA,0.6175,0.3875,0.83
"LABO","20730_SE",20730,"SE","Northern Region",56.78457,-124.88544,2024,TRUE,3,1,1,0.699,0.4815,0.8966
"LABO","20730_SE",20730,"SE","Northern Region",56.78457,-124.88544,2025,TRUE,4,1,1,0.7283,0.5444,0.8883
"LABO","20730_SW",20730,"SW","Northern Region",56.76456,-124.98588,2017,FALSE,0,NA,NA,0.6042,0.2868,0.9079
"LABO","20730_SW",20730,"SW","Northern Region",56.76456,-124.98588,2018,FALSE,0,NA,NA,0.5152,0.2481,0.7965
"LABO","20730_SW",20730,"SW","Northern Region",56.76456,-124.98588,2019,FALSE,0,NA,NA,0.4817,0.2156,0.7626
"LABO","20730_SW",20730,"SW","Northern Region",56.76456,-124.98588,2020,FALSE,0,NA,NA,0.5181,0.2827,0.767
"LABO","20730_SW",20730,"SW","Northern Region",56.76456,-124.98588,2021,FALSE,0,NA,NA,0.5186,0.296,0.7589
"LABO","20730_SW",20730,"SW","Northern Region",56.76456,-124.98588,2022,TRUE,3,0,0.5762,0.6218,0.4181,0.8303
"LABO","20730_SW",20730,"SW","Northern Region",56.76456,-124.98588,2023,FALSE,0,NA,NA,0.6598,0.4412,0.8588
"LABO","20730_SW",20730,"SW","Northern Region",56.76456,-124.98588,2024,FALSE,0,NA,NA,0.7387,0.5327,0.918
"LABO","20730_SW",20730,"SW","Northern Region",56.76456,-124.98588,2025,TRUE,4,1,1,0.7679,0.5938,0.9116
"LABO","212266_NE",212266,"NE","Okanagan Region",50.751409,-120.480005,2017,TRUE,4,1,1,0.2164,0.039,0.5545
"LABO","212266_NE",212266,"NE","Okanagan Region",50.751409,-120.480005,2018,TRUE,4,0,0.5564,0.1703,0.0301,0.4509
"LABO","212266_NE",212266,"NE","Okanagan Region",50.751409,-120.480005,2019,TRUE,4,0,0.5587,0.1759,0.0277,0.437
"LABO","212266_NE",212266,"NE","Okanagan Region",50.751409,-120.480005,2020,TRUE,4,0,0.8336,0.2496,0.0892,0.4883
"LABO","212266_NE",212266,"NE","Okanagan Region",50.751409,-120.480005,2021,TRUE,4,1,1,0.2597,0.0921,0.5026
"LABO","212266_NE",212266,"NE","Okanagan Region",50.751409,-120.480005,2022,TRUE,4,0,0.8873,0.3996,0.1839,0.6757
"LABO","212266_NE",212266,"NE","Okanagan Region",50.751409,-120.480005,2023,TRUE,4,0,0.8358,0.4587,0.1984,0.7498
"LABO","212266_NE",212266,"NE","Okanagan Region",50.751409,-120.480005,2024,TRUE,3,0,0.8864,0.5626,0.279,0.8396
"LABO","212266_NE",212266,"NE","Okanagan Region",50.751409,-120.480005,2025,TRUE,4,1,1,0.6022,0.3245,0.8592
"LABO","212266_NW",212266,"NW","Okanagan Region",50.777508,-120.5598176,2017,TRUE,4,0,0.0107,0.1824,0.0255,0.4804
"LABO","212266_NW",212266,"NW","Okanagan Region",50.777508,-120.5598176,2018,TRUE,4,0,0.0047,0.1726,0.0382,0.4108
"LABO","212266_NW",212266,"NW","Okanagan Region",50.777508,-120.5598176,2019,TRUE,4,0,0.0153,0.1873,0.0431,0.4184
"LABO","212266_NW",212266,"NW","Okanagan Region",50.777508,-120.5598176,2020,TRUE,3,0,0.0896,0.2805,0.1141,0.5084
"LABO","212266_NW",212266,"NW","Okanagan Region",50.777508,-120.5598176,2021,TRUE,3,0,0.1182,0.3032,0.1302,0.5236
"LABO","212266_NW",212266,"NW","Okanagan Region",50.777508,-120.5598176,2022,FALSE,0,NA,NA,0.4648,0.2421,0.707
"LABO","212266_NW",212266,"NW","Okanagan Region",50.777508,-120.5598176,2023,TRUE,4,0,0.4771,0.5455,0.2882,0.791
"LABO","212266_NW",212266,"NW","Okanagan Region",50.777508,-120.5598176,2024,TRUE,3,0,0.7164,0.657,0.3992,0.8771
"LABO","212266_NW",212266,"NW","Okanagan Region",50.777508,-120.5598176,2025,TRUE,3,1,1,0.7193,0.4696,0.911
"LABO","212266_SE",212266,"SE","Okanagan Region",50.714878,-120.492405,2017,FALSE,0,NA,NA,0.2164,0.0429,0.5604
"LABO","212266_SE",212266,"SE","Okanagan Region",50.714878,-120.492405,2018,TRUE,4,0,0.0151,0.1114,0.0191,0.2785
"LABO","212266_SE",212266,"SE","Okanagan Region",50.714878,-120.492405,2019,TRUE,3,0,0.0378,0.1205,0.0138,0.3038
"LABO","212266_SE",212266,"SE","Okanagan Region",50.714878,-120.492405,2020,TRUE,4,0,0.1804,0.2632,0.1049,0.4815
"LABO","212266_SE",212266,"SE","Okanagan Region",50.714878,-120.492405,2021,TRUE,4,0,0.2016,0.253,0.0916,0.4695
"LABO","212266_SE",212266,"SE","Okanagan Region",50.714878,-120.492405,2022,TRUE,4,1,1,0.4767,0.2465,0.7338
"LABO","212266_SE",212266,"SE","Okanagan Region",50.714878,-120.492405,2023,TRUE,4,1,1,0.4879,0.1999,0.7962
"LABO","212266_SE",212266,"SE","Okanagan Region",50.714878,-120.492405,2024,TRUE,3,0,0.8131,0.6295,0.3583,0.8678
"LABO","212266_SE",212266,"SE","Okanagan Region",50.714878,-120.492405,2025,TRUE,4,1,1,0.5914,0.327,0.8281
"LABO","212266_SW",212266,"SW","Okanagan Region",50.732357,-120.521811,2017,FALSE,0,NA,NA,0.2152,0.0452,0.5418
"LABO","212266_SW",212266,"SW","Okanagan Region",50.732357,-120.521811,2018,TRUE,4,0,0.0147,0.1185,0.0218,0.2872
"LABO","212266_SW",212266,"SW","Okanagan Region",50.732357,-120.521811,2019,TRUE,4,0,0.0384,0.1283,0.0165,0.3135
"LABO","212266_SW",212266,"SW","Okanagan Region",50.732357,-120.521811,2020,TRUE,3,0,0.2327,0.2709,0.1114,0.4839
"LABO","212266_SW",212266,"SW","Okanagan Region",50.732357,-120.521811,2021,TRUE,2,0,0.2893,0.2663,0.102,0.4773
"LABO","212266_SW",212266,"SW","Okanagan Region",50.732357,-120.521811,2022,TRUE,4,1,1,0.4891,0.263,0.7402
"LABO","212266_SW",212266,"SW","Okanagan Region",50.732357,-120.521811,2023,TRUE,3,0,0.6771,0.5093,0.2224,0.8074
"LABO","212266_SW",212266,"SW","Okanagan Region",50.732357,-120.521811,2024,TRUE,4,0,0.7384,0.6489,0.3797,0.8773
"LABO","212266_SW",212266,"SW","Okanagan Region",50.732357,-120.521811,2025,TRUE,4,1,1,0.6213,0.3612,0.8451
"LABO","212906_NW",212906,"NW","South Coastal Region",49.36971,-124.79984,2017,FALSE,0,NA,NA,0.0725,0.0069,0.2496
"LABO","212906_NW",212906,"NW","South Coastal Region",49.36971,-124.79984,2018,TRUE,3,0,0.0044,0.0113,4e-04,0.0473
"LABO","212906_NW",212906,"NW","South Coastal Region",49.36971,-124.79984,2019,TRUE,4,0,0.0044,0.0139,2e-04,0.0618
"LABO","212906_NW",212906,"NW","South Coastal Region",49.36971,-124.79984,2020,TRUE,4,0,0.0284,0.0449,0.0057,0.1428
"LABO","212906_NW",212906,"NW","South Coastal Region",49.36971,-124.79984,2021,FALSE,0,NA,NA,0.0227,0.0018,0.0776
"LABO","212906_NW",212906,"NW","South Coastal Region",49.36971,-124.79984,2022,TRUE,4,0,0.0564,0.0956,0.0227,0.2507
"LABO","212906_NW",212906,"NW","South Coastal Region",49.36971,-124.79984,2023,TRUE,4,0,0.0498,0.0829,0.0142,0.2433
"LABO","212906_NW",212906,"NW","South Coastal Region",49.36971,-124.79984,2024,TRUE,3,0,0.084,0.1308,0.0299,0.3386
"LABO","212906_NW",212906,"NW","South Coastal Region",49.36971,-124.79984,2025,TRUE,4,0,0.0113,0.0952,0.0175,0.2278
"LABO","212906_SE",212906,"SE","South Coastal Region",49.35175,-124.74136,2017,FALSE,0,NA,NA,0.0851,0.006,0.3306
"LABO","212906_SE",212906,"SE","South Coastal Region",49.35175,-124.74136,2018,TRUE,3,0,0.0047,0.014,5e-04,0.0641
"LABO","212906_SE",212906,"SE","South Coastal Region",49.35175,-124.74136,2019,TRUE,4,0,0.006,0.015,3e-04,0.0659
"LABO","212906_SE",212906,"SE","South Coastal Region",49.35175,-124.74136,2020,TRUE,4,0,0.0247,0.043,0.005,0.1386
"LABO","212906_SE",212906,"SE","South Coastal Region",49.35175,-124.74136,2021,FALSE,0,NA,NA,0.0246,0.002,0.0824
"LABO","212906_SE",212906,"SE","South Coastal Region",49.35175,-124.74136,2022,TRUE,4,0,0.0433,0.0915,0.0197,0.2486
"LABO","212906_SE",212906,"SE","South Coastal Region",49.35175,-124.74136,2023,TRUE,4,0,0.046,0.0836,0.0134,0.254
"LABO","212906_SE",212906,"SE","South Coastal Region",49.35175,-124.74136,2024,TRUE,4,0,0.0593,0.1301,0.027,0.3429
"LABO","212906_SE",212906,"SE","South Coastal Region",49.35175,-124.74136,2025,TRUE,4,0,0.0067,0.1026,0.0192,0.2587
"LABO","212906_SW",212906,"SW","South Coastal Region",49.33595,-124.7423,2017,FALSE,0,NA,NA,0.0718,0.0063,0.2442
"LABO","212906_SW",212906,"SW","South Coastal Region",49.33595,-124.7423,2018,TRUE,3,0,0.0029,0.009,3e-04,0.0377
"LABO","212906_SW",212906,"SW","South Coastal Region",49.33595,-124.7423,2019,TRUE,4,0,0.0047,0.0115,1e-04,0.0505
"LABO","212906_SW",212906,"SW","South Coastal Region",49.33595,-124.7423,2020,TRUE,4,0,0.0291,0.0385,0.0044,0.1232
"LABO","212906_SW",212906,"SW","South Coastal Region",49.33595,-124.7423,2021,FALSE,0,NA,NA,0.0191,0.0013,0.0665
"LABO","212906_SW",212906,"SW","South Coastal Region",49.33595,-124.7423,2022,FALSE,0,NA,NA,0.0836,0.0182,0.2211
"LABO","212906_SW",212906,"SW","South Coastal Region",49.33595,-124.7423,2023,TRUE,4,0,0.0498,0.072,0.0107,0.2202
"LABO","212906_SW",212906,"SW","South Coastal Region",49.33595,-124.7423,2024,TRUE,3,0,0.0622,0.1134,0.0233,0.2931
"LABO","212906_SW",212906,"SW","South Coastal Region",49.33595,-124.7423,2025,TRUE,4,0,0.0098,0.0867,0.0154,0.2156
"LABO","216746_NW",216746,"NW","South Coastal Region",49.10675,-125.78544,2017,FALSE,0,NA,NA,0.1453,0.0028,0.7312
"LABO","216746_NW",216746,"NW","South Coastal Region",49.10675,-125.78544,2018,TRUE,4,0,0.0156,0.0308,0.001,0.1596
"LABO","216746_NW",216746,"NW","South Coastal Region",49.10675,-125.78544,2019,FALSE,0,NA,NA,0.0338,9e-04,0.1406
"LABO","216746_NW",216746,"NW","South Coastal Region",49.10675,-125.78544,2020,FALSE,0,NA,NA,0.0879,0.0142,0.253
"LABO","216746_NW",216746,"NW","South Coastal Region",49.10675,-125.78544,2021,TRUE,4,0,0.0356,0.0608,0.007,0.1868
"LABO","216746_NW",216746,"NW","South Coastal Region",49.10675,-125.78544,2022,TRUE,3,0,0.124,0.1813,0.048,0.4287
"LABO","216746_NW",216746,"NW","South Coastal Region",49.10675,-125.78544,2023,FALSE,0,NA,NA,0.1731,0.0363,0.4364
"LABO","216746_NW",216746,"NW","South Coastal Region",49.10675,-125.78544,2024,TRUE,3,0,0.1653,0.2558,0.0632,0.5714
"LABO","216746_NW",216746,"NW","South Coastal Region",49.10675,-125.78544,2025,TRUE,4,0,0.0396,0.2005,0.0421,0.459
"LABO","216746_SE",216746,"SE","South Coastal Region",49.07768,-125.74644,2017,TRUE,4,0,0.0318,0.0792,0.0028,0.3428
"LABO","216746_SE",216746,"SE","South Coastal Region",49.07768,-125.74644,2018,FALSE,0,NA,NA,0.0205,5e-04,0.0903
"LABO","216746_SE",216746,"SE","South Coastal Region",49.07768,-125.74644,2019,TRUE,4,0,0.0213,0.0309,3e-04,0.1315
"LABO","216746_SE",216746,"SE","South Coastal Region",49.07768,-125.74644,2020,TRUE,3,0,0.0791,0.1105,0.0186,0.3123
"LABO","216746_SE",216746,"SE","South Coastal Region",49.07768,-125.74644,2021,TRUE,4,0,0.028,0.052,0.0042,0.1761
"LABO","216746_SE",216746,"SE","South Coastal Region",49.07768,-125.74644,2022,TRUE,3,0,0.1769,0.2235,0.0571,0.532
"LABO","216746_SE",216746,"SE","South Coastal Region",49.07768,-125.74644,2023,TRUE,3,0,0.1342,0.1653,0.0283,0.4136
"LABO","216746_SE",216746,"SE","South Coastal Region",49.07768,-125.74644,2024,TRUE,3,0,0.2153,0.262,0.0667,0.5579
"LABO","216746_SE",216746,"SE","South Coastal Region",49.07768,-125.74644,2025,TRUE,4,0,0.0296,0.1791,0.0442,0.3731
"LABO","218282_SE",218282,"SE","Kootenay Region",50.13833,-117.55672,2017,FALSE,0,NA,NA,0.0943,0.0095,0.2768
"LABO","218282_SE",218282,"SE","Kootenay Region",50.13833,-117.55672,2018,FALSE,0,NA,NA,0.0732,0.0056,0.2261
"LABO","218282_SE",218282,"SE","Kootenay Region",50.13833,-117.55672,2019,FALSE,0,NA,NA,0.0939,0.0054,0.2878
"LABO","218282_SE",218282,"SE","Kootenay Region",50.13833,-117.55672,2020,TRUE,4,0,0.0918,0.2282,0.0654,0.5256
"LABO","218282_SE",218282,"SE","Kootenay Region",50.13833,-117.55672,2021,TRUE,4,0,0.0433,0.1904,0.0379,0.4368
"LABO","218282_SE",218282,"SE","Kootenay Region",50.13833,-117.55672,2022,TRUE,4,0,0.1747,0.4101,0.1627,0.7189
"LABO","218282_SE",218282,"SE","Kootenay Region",50.13833,-117.55672,2023,FALSE,0,NA,NA,0.3989,0.124,0.7505
"LABO","218282_SE",218282,"SE","Kootenay Region",50.13833,-117.55672,2024,TRUE,4,0,0.2071,0.5465,0.248,0.8427
"LABO","218282_SE",218282,"SE","Kootenay Region",50.13833,-117.55672,2025,TRUE,4,0,0.0576,0.5003,0.1988,0.8226
"LABO","218282_SW",218282,"SW","Kootenay Region",50.15094,-117.6221,2017,FALSE,0,NA,NA,0.1145,0.0072,0.3957
"LABO","218282_SW",218282,"SW","Kootenay Region",50.15094,-117.6221,2018,FALSE,0,NA,NA,0.1255,0.0189,0.3446
"LABO","218282_SW",218282,"SW","Kootenay Region",50.15094,-117.6221,2019,FALSE,0,NA,NA,0.1695,0.0308,0.3905
"LABO","218282_SW",218282,"SW","Kootenay Region",50.15094,-117.6221,2020,TRUE,4,0,0.0869,0.3491,0.1726,0.5854
"LABO","218282_SW",218282,"SW","Kootenay Region",50.15094,-117.6221,2021,TRUE,4,0,0.0818,0.3816,0.1947,0.6079
"LABO","218282_SW",218282,"SW","Kootenay Region",50.15094,-117.6221,2022,TRUE,4,0,0.2689,0.6142,0.3952,0.8475
"LABO","218282_SW",218282,"SW","Kootenay Region",50.15094,-117.6221,2023,TRUE,4,0,0.4091,0.6846,0.4183,0.9063
"LABO","218282_SW",218282,"SW","Kootenay Region",50.15094,-117.6221,2024,TRUE,4,0,0.6433,0.8012,0.5788,0.953
"LABO","218282_SW",218282,"SW","Kootenay Region",50.15094,-117.6221,2025,TRUE,4,1,1,0.834,0.6518,0.9551
"LABO","219626_SW",219626,"SW","South Coastal Region",48.92819,-125.25,2017,FALSE,0,NA,NA,0.0779,0.0036,0.3123
"LABO","219626_SW",219626,"SW","South Coastal Region",48.92819,-125.25,2018,FALSE,0,NA,NA,0.026,6e-04,0.1129
"LABO","219626_SW",219626,"SW","South Coastal Region",48.92819,-125.25,2019,FALSE,0,NA,NA,0.0389,5e-04,0.1665
"LABO","219626_SW",219626,"SW","South Coastal Region",48.92819,-125.25,2020,FALSE,0,NA,NA,0.1347,0.0238,0.3792
"LABO","219626_SW",219626,"SW","South Coastal Region",48.92819,-125.25,2021,FALSE,0,NA,NA,0.066,0.006,0.2142
"LABO","219626_SW",219626,"SW","South Coastal Region",48.92819,-125.25,2022,FALSE,0,NA,NA,0.262,0.0702,0.5983
"LABO","219626_SW",219626,"SW","South Coastal Region",48.92819,-125.25,2023,FALSE,0,NA,NA,0.1906,0.0373,0.4443
"LABO","219626_SW",219626,"SW","South Coastal Region",48.92819,-125.25,2024,TRUE,4,0,0.1776,0.302,0.0831,0.6121
"LABO","219626_SW",219626,"SW","South Coastal Region",48.92819,-125.25,2025,TRUE,4,0,0.0111,0.206,0.0546,0.4132
"LABO","226090_NE",226090,"NE","Okanagan Region",50.10929,-120.45236,2017,FALSE,0,NA,NA,0.1819,0.023,0.491
"LABO","226090_NE",226090,"NE","Okanagan Region",50.10929,-120.45236,2018,FALSE,0,NA,NA,0.2032,0.048,0.4684
"LABO","226090_NE",226090,"NE","Okanagan Region",50.10929,-120.45236,2019,TRUE,4,0,0.0549,0.2431,0.066,0.5158
"LABO","226090_NE",226090,"NE","Okanagan Region",50.10929,-120.45236,2020,TRUE,2,0,0.1136,0.4018,0.1799,0.6721
"LABO","226090_NE",226090,"NE","Okanagan Region",50.10929,-120.45236,2021,TRUE,3,0,0.1302,0.4459,0.2149,0.7115
"LABO","226090_NE",226090,"NE","Okanagan Region",50.10929,-120.45236,2022,TRUE,2,0,0.2878,0.649,0.3737,0.8897
"LABO","226090_NE",226090,"NE","Okanagan Region",50.10929,-120.45236,2023,TRUE,3,0,0.394,0.7401,0.4561,0.9473
"LABO","226090_NE",226090,"NE","Okanagan Region",50.10929,-120.45236,2024,FALSE,0,NA,NA,0.8343,0.5806,0.9819
"LABO","226090_NE",226090,"NE","Okanagan Region",50.10929,-120.45236,2025,TRUE,2,0,0.572,0.8789,0.6505,0.9886
"LABO","226090_NW",226090,"NW","Okanagan Region",50.0999,-120.50647,2017,FALSE,0,NA,NA,0.2261,0.0362,0.6022
"LABO","226090_NW",226090,"NW","Okanagan Region",50.0999,-120.50647,2018,TRUE,2,0,0.0331,0.196,0.0468,0.4766
"LABO","226090_NW",226090,"NW","Okanagan Region",50.0999,-120.50647,2019,TRUE,4,0,0.0318,0.215,0.0542,0.4785
"LABO","226090_NW",226090,"NW","Okanagan Region",50.0999,-120.50647,2020,TRUE,4,0,0.0596,0.3336,0.155,0.5597
"LABO","226090_NW",226090,"NW","Okanagan Region",50.0999,-120.50647,2021,TRUE,4,0,0.0653,0.3608,0.1813,0.5864
"LABO","226090_NW",226090,"NW","Okanagan Region",50.0999,-120.50647,2022,TRUE,3,0,0.272,0.5523,0.3432,0.7768
"LABO","226090_NW",226090,"NW","Okanagan Region",50.0999,-120.50647,2023,TRUE,4,0,0.468,0.6361,0.3986,0.8541
"LABO","226090_NW",226090,"NW","Okanagan Region",50.0999,-120.50647,2024,FALSE,0,NA,NA,0.748,0.5197,0.9245
"LABO","226090_NW",226090,"NW","Okanagan Region",50.0999,-120.50647,2025,TRUE,3,1,1,0.7917,0.5887,0.9346
"LABO","226090_SE",226090,"SE","Okanagan Region",50.07156,-120.42266,2017,FALSE,0,NA,NA,0.1908,0.0181,0.5388
"LABO","226090_SE",226090,"SE","Okanagan Region",50.07156,-120.42266,2018,TRUE,2,1,1,0.2098,0.0412,0.5228
"LABO","226090_SE",226090,"SE","Okanagan Region",50.07156,-120.42266,2019,TRUE,4,0,0.9384,0.2449,0.0607,0.5398
"LABO","226090_SE",226090,"SE","Okanagan Region",50.07156,-120.42266,2020,TRUE,4,0,0.9342,0.3809,0.154,0.6617
"LABO","226090_SE",226090,"SE","Okanagan Region",50.07156,-120.42266,2021,TRUE,3,0,0.9349,0.4204,0.1853,0.6965
"LABO","226090_SE",226090,"SE","Okanagan Region",50.07156,-120.42266,2022,TRUE,3,1,1,0.609,0.3264,0.863
"LABO","226090_SE",226090,"SE","Okanagan Region",50.07156,-120.42266,2023,FALSE,0,NA,NA,0.7033,0.4167,0.9265
"LABO","226090_SE",226090,"SE","Okanagan Region",50.07156,-120.42266,2024,FALSE,0,NA,NA,0.8018,0.5377,0.9706
"LABO","226090_SE",226090,"SE","Okanagan Region",50.07156,-120.42266,2025,TRUE,2,0,0.9491,0.8536,0.6036,0.9839
"LABO","230186_NE",230186,"NE","Okanagan Region",49.01457,-121.07198,2017,FALSE,0,NA,NA,0.1983,0.0332,0.5227
"LABO","230186_NE",230186,"NE","Okanagan Region",49.01457,-121.07198,2018,TRUE,4,0,0.02,0.1195,0.0186,0.3055
"LABO","230186_NE",230186,"NE","Okanagan Region",49.01457,-121.07198,2019,TRUE,4,0,0.0282,0.1317,0.0137,0.3387
"LABO","230186_NE",230186,"NE","Okanagan Region",49.01457,-121.07198,2020,TRUE,4,0,0.104,0.281,0.1113,0.5194
"LABO","230186_NE",230186,"NE","Okanagan Region",49.01457,-121.07198,2021,TRUE,4,0,0.0862,0.2751,0.092,0.5149
"LABO","230186_NE",230186,"NE","Okanagan Region",49.01457,-121.07198,2022,FALSE,0,NA,NA,0.4991,0.2546,0.7709
"LABO","230186_NE",230186,"NE","Okanagan Region",49.01457,-121.07198,2023,FALSE,0,NA,NA,0.5137,0.1982,0.83
"LABO","230186_NE",230186,"NE","Okanagan Region",49.01457,-121.07198,2024,TRUE,4,1,1,0.6545,0.3645,0.8998
"LABO","230186_NE",230186,"NE","Okanagan Region",49.01457,-121.07198,2025,FALSE,0,NA,NA,0.6325,0.3476,0.8799
"LABO","230186_SE",230186,"SE","Okanagan Region",48.97511,-121.08329,2017,FALSE,0,NA,NA,0.2111,0.0095,0.7105
"LABO","230186_SE",230186,"SE","Okanagan Region",48.97511,-121.08329,2018,TRUE,4,0,0.0576,0.1248,0.0103,0.3972
"LABO","230186_SE",230186,"SE","Okanagan Region",48.97511,-121.08329,2019,TRUE,4,0,0.1467,0.1447,0.0084,0.4396
"LABO","230186_SE",230186,"SE","Okanagan Region",48.97511,-121.08329,2020,TRUE,4,1,1,0.3226,0.0963,0.6598
"LABO","230186_SE",230186,"SE","Okanagan Region",48.97511,-121.08329,2021,TRUE,4,1,1,0.292,0.0602,0.6375
"LABO","230186_SE",230186,"SE","Okanagan Region",48.97511,-121.08329,2022,FALSE,0,NA,NA,0.5249,0.2113,0.8435
"LABO","230186_SE",230186,"SE","Okanagan Region",48.97511,-121.08329,2023,TRUE,4,0,0.5882,0.4977,0.1427,0.8832
"LABO","230186_SE",230186,"SE","Okanagan Region",48.97511,-121.08329,2024,TRUE,4,1,1,0.6499,0.3068,0.9379
"LABO","230186_SE",230186,"SE","Okanagan Region",48.97511,-121.08329,2025,FALSE,0,NA,NA,0.5934,0.2611,0.9237
"LABO","241002_NE",241002,"NE","Kootenay Region",51.03817,-118.1357,2017,TRUE,4,0,0.0024,0.0963,0.0011,0.4162
"LABO","241002_NE",241002,"NE","Kootenay Region",51.03817,-118.1357,2018,TRUE,3,0,0.0018,0.1253,0.0118,0.4155
"LABO","241002_NE",241002,"NE","Kootenay Region",51.03817,-118.1357,2019,TRUE,4,0,0.0067,0.1716,0.0246,0.466
"LABO","241002_NE",241002,"NE","Kootenay Region",51.03817,-118.1357,2020,TRUE,4,0,0.0402,0.3343,0.1016,0.6607
"LABO","241002_NE",241002,"NE","Kootenay Region",51.03817,-118.1357,2021,TRUE,4,0,0.0509,0.3775,0.1223,0.6993
"LABO","241002_NE",241002,"NE","Kootenay Region",51.03817,-118.1357,2022,TRUE,4,0,0.3747,0.5853,0.234,0.8966
"LABO","241002_NE",241002,"NE","Kootenay Region",51.03817,-118.1357,2023,TRUE,4,1,1,0.6828,0.3103,0.9516
"LABO","241002_NE",241002,"NE","Kootenay Region",51.03817,-118.1357,2024,TRUE,4,0,0.9456,0.786,0.4323,0.9831
"LABO","241002_NE",241002,"NE","Kootenay Region",51.03817,-118.1357,2025,TRUE,4,0,0.9069,0.8397,0.503,0.9919
"LABO","241002_NW",241002,"NW","Kootenay Region",51.01597,-118.20292,2017,TRUE,4,0,0.0144,0.1168,0.0083,0.3971
"LABO","241002_NW",241002,"NW","Kootenay Region",51.01597,-118.20292,2018,TRUE,4,0,0.0031,0.08,0.0079,0.2588
"LABO","241002_NW",241002,"NW","Kootenay Region",51.01597,-118.20292,2019,TRUE,4,0,0.0107,0.0947,0.0086,0.2739
"LABO","241002_NW",241002,"NW","Kootenay Region",51.01597,-118.20292,2020,TRUE,4,0,0.0464,0.2051,0.0697,0.4149
"LABO","241002_NW",241002,"NW","Kootenay Region",51.01597,-118.20292,2021,TRUE,4,0,0.0231,0.1977,0.0574,0.4077
"LABO","241002_NW",241002,"NW","Kootenay Region",51.01597,-118.20292,2022,TRUE,4,0,0.0976,0.391,0.1778,0.6658
"LABO","241002_NW",241002,"NW","Kootenay Region",51.01597,-118.20292,2023,TRUE,4,0,0.0824,0.4242,0.1619,0.7374
"LABO","241002_NW",241002,"NW","Kootenay Region",51.01597,-118.20292,2024,TRUE,4,0,0.1344,0.5567,0.2822,0.8295
"LABO","241002_NW",241002,"NW","Kootenay Region",51.01597,-118.20292,2025,TRUE,4,0,0.0484,0.5507,0.2742,0.8172
"LABO","243562_NE",243562,"NE","Kootenay Region",49.69966,-115.98498,2017,TRUE,4,0,0.0287,0.0892,0.0056,0.2826
"LABO","243562_NE",243562,"NE","Kootenay Region",49.69966,-115.98498,2018,FALSE,0,NA,NA,0.0848,0.0097,0.2511
"LABO","243562_NE",243562,"NE","Kootenay Region",49.69966,-115.98498,2019,TRUE,4,0,0.0349,0.1037,0.0127,0.282
"LABO","243562_NE",243562,"NE","Kootenay Region",49.69966,-115.98498,2020,TRUE,4,0,0.0927,0.2053,0.0636,0.4554
"LABO","243562_NE",243562,"NE","Kootenay Region",49.69966,-115.98498,2021,TRUE,3,0,0.0953,0.2092,0.0612,0.4373
"LABO","243562_NE",243562,"NE","Kootenay Region",49.69966,-115.98498,2022,FALSE,0,NA,NA,0.3825,0.1502,0.6861
"LABO","243562_NE",243562,"NE","Kootenay Region",49.69966,-115.98498,2023,TRUE,3,0,0.4271,0.4344,0.1617,0.7736
"LABO","243562_NE",243562,"NE","Kootenay Region",49.69966,-115.98498,2024,TRUE,2,0,0.6873,0.5614,0.2529,0.8647
"LABO","243562_NE",243562,"NE","Kootenay Region",49.69966,-115.98498,2025,TRUE,4,1,1,0.6026,0.3045,0.8704
"LABO","243562_SE",243562,"SE","Kootenay Region",49.65068,-115.94692,2017,TRUE,4,0,0.0176,0.0821,0.0064,0.2556
"LABO","243562_SE",243562,"SE","Kootenay Region",49.65068,-115.94692,2018,FALSE,0,NA,NA,0.1068,0.0184,0.263
"LABO","243562_SE",243562,"SE","Kootenay Region",49.65068,-115.94692,2019,TRUE,4,0,0.0442,0.1506,0.0295,0.3407
"LABO","243562_SE",243562,"SE","Kootenay Region",49.65068,-115.94692,2020,FALSE,0,NA,NA,0.326,0.1578,0.5504
"LABO","243562_SE",243562,"SE","Kootenay Region",49.65068,-115.94692,2021,TRUE,3,0,0.17,0.3649,0.1824,0.5783
"LABO","243562_SE",243562,"SE","Kootenay Region",49.65068,-115.94692,2022,TRUE,2,0,0.4473,0.5954,0.3639,0.841
"LABO","243562_SE",243562,"SE","Kootenay Region",49.65068,-115.94692,2023,TRUE,4,0,0.5642,0.6776,0.3986,0.9104
"LABO","243562_SE",243562,"SE","Kootenay Region",49.65068,-115.94692,2024,FALSE,0,NA,NA,0.7922,0.5253,0.9569
"LABO","243562_SE",243562,"SE","Kootenay Region",49.65068,-115.94692,2025,TRUE,4,1,1,0.8381,0.6149,0.9629
"LABO","252394_NW",252394,"NW","South Coastal Region",48.79865,-125.16568,2017,FALSE,0,NA,NA,0.0789,0.0058,0.2894
"LABO","252394_NW",252394,"NW","South Coastal Region",48.79865,-125.16568,2018,FALSE,0,NA,NA,0.0256,9e-04,0.0976
"LABO","252394_NW",252394,"NW","South Coastal Region",48.79865,-125.16568,2019,FALSE,0,NA,NA,0.038,8e-04,0.152
"LABO","252394_NW",252394,"NW","South Coastal Region",48.79865,-125.16568,2020,FALSE,0,NA,NA,0.1279,0.0282,0.3297
"LABO","252394_NW",252394,"NW","South Coastal Region",48.79865,-125.16568,2021,FALSE,0,NA,NA,0.0718,0.0102,0.2076
"LABO","252394_NW",252394,"NW","South Coastal Region",48.79865,-125.16568,2022,FALSE,0,NA,NA,0.2568,0.0877,0.555
"LABO","252394_NW",252394,"NW","South Coastal Region",48.79865,-125.16568,2023,FALSE,0,NA,NA,0.2053,0.0525,0.463
"LABO","252394_NW",252394,"NW","South Coastal Region",48.79865,-125.16568,2024,TRUE,4,0,0.1724,0.3133,0.1052,0.6076
"LABO","252394_NW",252394,"NW","South Coastal Region",48.79865,-125.16568,2025,TRUE,4,0,0.0144,0.2195,0.069,0.4277
"LABO","26170_NE",26170,"NE","Northern Region",53.62052,-132.20883,2017,FALSE,0,NA,NA,0.6269,0.1481,0.9808
"LABO","26170_NE",26170,"NE","Northern Region",53.62052,-132.20883,2018,FALSE,0,NA,NA,0.1038,0.007,0.3878
"LABO","26170_NE",26170,"NE","Northern Region",53.62052,-132.20883,2019,FALSE,0,NA,NA,0.0828,0.0037,0.3108
"LABO","26170_NE",26170,"NE","Northern Region",53.62052,-132.20883,2020,FALSE,0,NA,NA,0.1726,0.0394,0.4326
"LABO","26170_NE",26170,"NE","Northern Region",53.62052,-132.20883,2021,FALSE,0,NA,NA,0.1238,0.0185,0.3392
"LABO","26170_NE",26170,"NE","Northern Region",53.62052,-132.20883,2022,TRUE,4,0,0.1498,0.3097,0.1077,0.6365
"LABO","26170_NE",26170,"NE","Northern Region",53.62052,-132.20883,2023,TRUE,4,0,0.1276,0.2735,0.0778,0.5509
"LABO","26170_NE",26170,"NE","Northern Region",53.62052,-132.20883,2024,TRUE,3,0,0.2069,0.4039,0.1596,0.6837
"LABO","26170_NE",26170,"NE","Northern Region",53.62052,-132.20883,2025,TRUE,4,0,0.0089,0.3153,0.114,0.6171
"LABO","26170_NW",26170,"NW","Northern Region",53.60452,-132.28837,2017,FALSE,0,NA,NA,0.6236,0.1573,0.9765
"LABO","26170_NW",26170,"NW","Northern Region",53.60452,-132.28837,2018,FALSE,0,NA,NA,0.1146,0.0057,0.4292
"LABO","26170_NW",26170,"NW","Northern Region",53.60452,-132.28837,2019,FALSE,0,NA,NA,0.1104,0.0037,0.3957
"LABO","26170_NW",26170,"NW","Northern Region",53.60452,-132.28837,2020,FALSE,0,NA,NA,0.23,0.0563,0.5392
"LABO","26170_NW",26170,"NW","Northern Region",53.60452,-132.28837,2021,FALSE,0,NA,NA,0.1609,0.0238,0.4243
"LABO","26170_NW",26170,"NW","Northern Region",53.60452,-132.28837,2022,TRUE,3,0,0.2269,0.3841,0.1481,0.7057
"LABO","26170_NW",26170,"NW","Northern Region",53.60452,-132.28837,2023,TRUE,4,0,0.1533,0.3216,0.1037,0.6316
"LABO","26170_NW",26170,"NW","Northern Region",53.60452,-132.28837,2024,FALSE,0,NA,NA,0.4747,0.2093,0.7466
"LABO","26170_NW",26170,"NW","Northern Region",53.60452,-132.28837,2025,TRUE,4,0,0.0216,0.3663,0.1326,0.706
"LABO","26170_SE",26170,"SE","Northern Region",53.58901,-132.17695,2017,FALSE,0,NA,NA,0.6207,0.1619,0.9739
"LABO","26170_SE",26170,"SE","Northern Region",53.58901,-132.17695,2018,FALSE,0,NA,NA,0.1009,0.0072,0.3737
"LABO","26170_SE",26170,"SE","Northern Region",53.58901,-132.17695,2019,FALSE,0,NA,NA,0.0851,0.0036,0.3153
"LABO","26170_SE",26170,"SE","Northern Region",53.58901,-132.17695,2020,FALSE,0,NA,NA,0.1848,0.0437,0.4544
"LABO","26170_SE",26170,"SE","Northern Region",53.58901,-132.17695,2021,FALSE,0,NA,NA,0.13,0.0204,0.3462
"LABO","26170_SE",26170,"SE","Northern Region",53.58901,-132.17695,2022,TRUE,4,0,0.2336,0.329,0.1208,0.6509
"LABO","26170_SE",26170,"SE","Northern Region",53.58901,-132.17695,2023,TRUE,4,0,0.3004,0.2839,0.084,0.5715
"LABO","26170_SE",26170,"SE","Northern Region",53.58901,-132.17695,2024,TRUE,4,1,1,0.4222,0.1762,0.7032
"LABO","26170_SE",26170,"SE","Northern Region",53.58901,-132.17695,2025,TRUE,4,0,0.0576,0.3275,0.1247,0.6247
"LABO","26170_SW",26170,"SW","Northern Region",53.56895,-132.23042,2017,FALSE,0,NA,NA,0.6014,0.1618,0.9669
"LABO","26170_SW",26170,"SW","Northern Region",53.56895,-132.23042,2018,FALSE,0,NA,NA,0.0406,8e-04,0.2392
"LABO","26170_SW",26170,"SW","Northern Region",53.56895,-132.23042,2019,FALSE,0,NA,NA,0.0302,4e-04,0.1445
"LABO","26170_SW",26170,"SW","Northern Region",53.56895,-132.23042,2020,FALSE,0,NA,NA,0.0723,0.0083,0.2357
"LABO","26170_SW",26170,"SW","Northern Region",53.56895,-132.23042,2021,FALSE,0,NA,NA,0.0381,0.0019,0.1451
"LABO","26170_SW",26170,"SW","Northern Region",53.56895,-132.23042,2022,TRUE,4,0,0.0647,0.1437,0.0241,0.4089
"LABO","26170_SW",26170,"SW","Northern Region",53.56895,-132.23042,2023,TRUE,4,0,0.0607,0.1142,0.0157,0.3388
"LABO","26170_SW",26170,"SW","Northern Region",53.56895,-132.23042,2024,TRUE,4,0,0.0849,0.1843,0.0357,0.4625
"LABO","26170_SW",26170,"SW","Northern Region",53.56895,-132.23042,2025,TRUE,4,0,0.0051,0.13,0.0212,0.3201
"LABO","265749_NE",265749,"NE","Okanagan Region",49.15892,-119.03758,2017,FALSE,0,NA,NA,0.1794,0.0222,0.504
"LABO","265749_NE",265749,"NE","Okanagan Region",49.15892,-119.03758,2018,TRUE,2,0,0.0251,0.1169,0.0107,0.3397
"LABO","265749_NE",265749,"NE","Okanagan Region",49.15892,-119.03758,2019,TRUE,4,0,0.0182,0.1182,0.0095,0.3392
"LABO","265749_NE",265749,"NE","Okanagan Region",49.15892,-119.03758,2020,TRUE,4,0,0.044,0.1875,0.0511,0.4196
"LABO","265749_NE",265749,"NE","Okanagan Region",49.15892,-119.03758,2021,TRUE,4,0,0.0251,0.1794,0.0354,0.3959
"LABO","265749_NE",265749,"NE","Okanagan Region",49.15892,-119.03758,2022,TRUE,4,0,0.1122,0.315,0.108,0.6145
"LABO","265749_NE",265749,"NE","Okanagan Region",49.15892,-119.03758,2023,TRUE,4,0,0.148,0.3416,0.0931,0.6628
"LABO","265749_NE",265749,"NE","Okanagan Region",49.15892,-119.03758,2024,FALSE,0,NA,NA,0.4509,0.1791,0.768
"LABO","265749_NE",265749,"NE","Okanagan Region",49.15892,-119.03758,2025,FALSE,0,NA,NA,0.4714,0.1897,0.7915
"LABO","265749_NW",265749,"NW","Okanagan Region",49.16674,-119.10324,2017,FALSE,0,NA,NA,0.2134,0.0236,0.5998
"LABO","265749_NW",265749,"NW","Okanagan Region",49.16674,-119.10324,2018,TRUE,2,0,0.0236,0.2317,0.051,0.5628
"LABO","265749_NW",265749,"NW","Okanagan Region",49.16674,-119.10324,2019,TRUE,4,0,0.0182,0.2725,0.0761,0.5927
"LABO","265749_NW",265749,"NW","Okanagan Region",49.16674,-119.10324,2020,TRUE,4,0,0.046,0.4243,0.1948,0.7097
"LABO","265749_NW",265749,"NW","Okanagan Region",49.16674,-119.10324,2021,TRUE,4,0,0.0471,0.4677,0.2308,0.7453
"LABO","265749_NW",265749,"NW","Okanagan Region",49.16674,-119.10324,2022,TRUE,4,0,0.1098,0.6631,0.4075,0.8953
"LABO","265749_NW",265749,"NW","Okanagan Region",49.16674,-119.10324,2023,TRUE,4,0,0.138,0.7539,0.4967,0.9502
"LABO","265749_NW",265749,"NW","Okanagan Region",49.16674,-119.10324,2024,TRUE,4,0,0.1909,0.8438,0.6088,0.9831
"LABO","265749_NW",265749,"NW","Okanagan Region",49.16674,-119.10324,2025,TRUE,4,0,0.2324,0.8881,0.6798,0.9889
"LABO","265749_SE",265749,"SE","Okanagan Region",49.11153,-118.97698,2017,FALSE,0,NA,NA,0.195,0.0489,0.4541
"LABO","265749_SE",265749,"SE","Okanagan Region",49.11153,-118.97698,2018,TRUE,2,0,0.0293,0.1112,0.0184,0.2703
"LABO","265749_SE",265749,"SE","Okanagan Region",49.11153,-118.97698,2019,TRUE,4,0,0.0162,0.1087,0.0144,0.2665
"LABO","265749_SE",265749,"SE","Okanagan Region",49.11153,-118.97698,2020,TRUE,4,0,0.0411,0.1885,0.0742,0.3504
"LABO","265749_SE",265749,"SE","Okanagan Region",49.11153,-118.97698,2021,TRUE,4,0,0.024,0.1854,0.0652,0.3473
"LABO","265749_SE",265749,"SE","Okanagan Region",49.11153,-118.97698,2022,TRUE,4,0,0.0898,0.3468,0.177,0.5693
"LABO","265749_SE",265749,"SE","Okanagan Region",49.11153,-118.97698,2023,TRUE,4,0,0.07,0.3881,0.1552,0.6485
"LABO","265749_SE",265749,"SE","Okanagan Region",49.11153,-118.97698,2024,TRUE,4,0,0.0867,0.5133,0.2758,0.745
"LABO","265749_SE",265749,"SE","Okanagan Region",49.11153,-118.97698,2025,TRUE,4,0,0.0502,0.5276,0.3093,0.7463
"LABO","265749_SW",265749,"SW","Okanagan Region",49.11337,-119.05299,2017,FALSE,0,NA,NA,0.192,0.032,0.4911
"LABO","265749_SW",265749,"SW","Okanagan Region",49.11337,-119.05299,2018,TRUE,2,0,0.0218,0.137,0.0152,0.3694
"LABO","265749_SW",265749,"SW","Okanagan Region",49.11337,-119.05299,2019,TRUE,4,0,0.0164,0.141,0.0129,0.3758
"LABO","265749_SW",265749,"SW","Okanagan Region",49.11337,-119.05299,2020,TRUE,4,0,0.0416,0.2147,0.0632,0.4541
"LABO","265749_SW",265749,"SW","Okanagan Region",49.11337,-119.05299,2021,TRUE,3,0,0.0227,0.2118,0.0517,0.4438
"LABO","265749_SW",265749,"SW","Okanagan Region",49.11337,-119.05299,2022,TRUE,4,0,0.0784,0.3519,0.1376,0.6477
"LABO","265749_SW",265749,"SW","Okanagan Region",49.11337,-119.05299,2023,TRUE,4,0,0.0624,0.3886,0.13,0.7104
"LABO","265749_SW",265749,"SW","Okanagan Region",49.11337,-119.05299,2024,TRUE,4,0,0.09,0.4998,0.219,0.8087
"LABO","265749_SW",265749,"SW","Okanagan Region",49.11337,-119.05299,2025,TRUE,4,0,0.062,0.5264,0.2299,0.8302
"LABO","268521_NE",268521,"NE","Kootenay Region",49.49916,-115.03962,2017,FALSE,0,NA,NA,0.1159,0.0051,0.4224
"LABO","268521_NE",268521,"NE","Kootenay Region",49.49916,-115.03962,2018,FALSE,0,NA,NA,0.1298,0.0172,0.3974
"LABO","268521_NE",268521,"NE","Kootenay Region",49.49916,-115.03962,2019,TRUE,4,1,1,0.1653,0.0317,0.4173
"LABO","268521_NE",268521,"NE","Kootenay Region",49.49916,-115.03962,2020,TRUE,4,0,0.8896,0.3013,0.1319,0.5355
"LABO","268521_NE",268521,"NE","Kootenay Region",49.49916,-115.03962,2021,FALSE,0,NA,NA,0.3315,0.1553,0.5592
"LABO","268521_NE",268521,"NE","Kootenay Region",49.49916,-115.03962,2022,TRUE,4,0,0.8204,0.5272,0.2997,0.7753
"LABO","268521_NE",268521,"NE","Kootenay Region",49.49916,-115.03962,2023,TRUE,3,0,0.822,0.618,0.3721,0.8585
"LABO","268521_NE",268521,"NE","Kootenay Region",49.49916,-115.03962,2024,TRUE,4,0,0.8753,0.7335,0.4873,0.9354
"LABO","268521_NE",268521,"NE","Kootenay Region",49.49916,-115.03962,2025,TRUE,3,1,1,0.7915,0.5739,0.9487
"LABO","268521_NW",268521,"NW","Kootenay Region",49.48855,-115.09812,2017,FALSE,0,NA,NA,0.0826,0.0067,0.2536
"LABO","268521_NW",268521,"NW","Kootenay Region",49.48855,-115.09812,2018,FALSE,0,NA,NA,0.0922,0.0153,0.2348
"LABO","268521_NW",268521,"NW","Kootenay Region",49.48855,-115.09812,2019,TRUE,4,0,0.0218,0.1213,0.0222,0.2798
"LABO","268521_NW",268521,"NW","Kootenay Region",49.48855,-115.09812,2020,FALSE,0,NA,NA,0.2548,0.1186,0.4432
"LABO","268521_NW",268521,"NW","Kootenay Region",49.48855,-115.09812,2021,TRUE,2,0,0.0944,0.2806,0.1314,0.4629
"LABO","268521_NW",268521,"NW","Kootenay Region",49.48855,-115.09812,2022,TRUE,4,0,0.2444,0.4902,0.2813,0.7313
"LABO","268521_NW",268521,"NW","Kootenay Region",49.48855,-115.09812,2023,TRUE,4,0,0.3711,0.572,0.3061,0.8212
"LABO","268521_NW",268521,"NW","Kootenay Region",49.48855,-115.09812,2024,TRUE,4,0,0.6058,0.6996,0.4251,0.9066
"LABO","268521_NW",268521,"NW","Kootenay Region",49.48855,-115.09812,2025,TRUE,4,1,1,0.7553,0.5262,0.9159
"LABO","268521_SE",268521,"SE","Kootenay Region",49.44083,-115.05634,2017,FALSE,0,NA,NA,0.1745,0.0027,0.7724
"LABO","268521_SE",268521,"SE","Kootenay Region",49.44083,-115.05634,2018,FALSE,0,NA,NA,0.1951,0.0165,0.6836
"LABO","268521_SE",268521,"SE","Kootenay Region",49.44083,-115.05634,2019,TRUE,4,0,0.1196,0.2495,0.0354,0.6895
"LABO","268521_SE",268521,"SE","Kootenay Region",49.44083,-115.05634,2020,TRUE,4,0,0.2698,0.4283,0.1603,0.7893
"LABO","268521_SE",268521,"SE","Kootenay Region",49.44083,-115.05634,2021,TRUE,2,0,0.348,0.4723,0.193,0.8161
"LABO","268521_SE",268521,"SE","Kootenay Region",49.44083,-115.05634,2022,TRUE,4,1,1,0.6801,0.3631,0.9366
"LABO","268521_SE",268521,"SE","Kootenay Region",49.44083,-115.05634,2023,TRUE,4,0,0.9444,0.7609,0.4476,0.9676
"LABO","268521_SE",268521,"SE","Kootenay Region",49.44083,-115.05634,2024,TRUE,4,0,0.9613,0.8496,0.5577,0.9884
"LABO","268521_SE",268521,"SE","Kootenay Region",49.44083,-115.05634,2025,TRUE,4,1,1,0.8889,0.6549,0.991
"LABO","269777_NW",269777,"NW","Northern Region",57.04083,-122.86281,2017,TRUE,4,0,0.0289,0.5153,0.0875,0.913
"LABO","269777_NW",269777,"NW","Northern Region",57.04083,-122.86281,2018,TRUE,4,0,0.0249,0.5265,0.1195,0.9048
"LABO","269777_NW",269777,"NW","Northern Region",57.04083,-122.86281,2019,TRUE,3,0,0.0364,0.5463,0.1554,0.9056
"LABO","269777_NW",269777,"NW","Northern Region",57.04083,-122.86281,2020,TRUE,4,0,0.1153,0.6228,0.2284,0.9271
"LABO","269777_NW",269777,"NW","Northern Region",57.04083,-122.86281,2021,FALSE,0,NA,NA,0.6457,0.2512,0.9373
"LABO","269777_NW",269777,"NW","Northern Region",57.04083,-122.86281,2022,FALSE,0,NA,NA,0.7458,0.3515,0.9727
"LABO","269777_NW",269777,"NW","Northern Region",57.04083,-122.86281,2023,FALSE,0,NA,NA,0.7949,0.4099,0.9859
"LABO","269777_NW",269777,"NW","Northern Region",57.04083,-122.86281,2024,FALSE,0,NA,NA,0.8476,0.4845,0.9956
"LABO","269777_NW",269777,"NW","Northern Region",57.04083,-122.86281,2025,FALSE,0,NA,NA,0.8774,0.5367,0.9974
"LABO","269777_SW",269777,"SW","Northern Region",57.01497,-122.80521,2017,TRUE,4,0,0.0413,0.5699,0.2778,0.8552
"LABO","269777_SW",269777,"SW","Northern Region",57.01497,-122.80521,2018,TRUE,4,0,0.0147,0.5222,0.2505,0.7941
"LABO","269777_SW",269777,"SW","Northern Region",57.01497,-122.80521,2019,TRUE,4,0,0.0169,0.5003,0.2059,0.7766
"LABO","269777_SW",269777,"SW","Northern Region",57.01497,-122.80521,2020,TRUE,4,0,0.0611,0.5349,0.2599,0.7887
"LABO","269777_SW",269777,"SW","Northern Region",57.01497,-122.80521,2021,FALSE,0,NA,NA,0.5392,0.2603,0.7871
"LABO","269777_SW",269777,"SW","Northern Region",57.01497,-122.80521,2022,FALSE,0,NA,NA,0.6276,0.3756,0.8436
"LABO","269777_SW",269777,"SW","Northern Region",57.01497,-122.80521,2023,FALSE,0,NA,NA,0.664,0.3761,0.8775
"LABO","269777_SW",269777,"SW","Northern Region",57.01497,-122.80521,2024,FALSE,0,NA,NA,0.7311,0.4516,0.9281
"LABO","269777_SW",269777,"SW","Northern Region",57.01497,-122.80521,2025,FALSE,0,NA,NA,0.7651,0.5254,0.9328
"LABO","271731_SW",271731,"SW","Kootenay Region",51.24146,-117.64962,2017,TRUE,4,0,0.0042,0.0831,0.007,0.2517
"LABO","271731_SW",271731,"SW","Kootenay Region",51.24146,-117.64962,2018,TRUE,3,0,0.0044,0.1044,0.0188,0.2568
"LABO","271731_SW",271731,"SW","Kootenay Region",51.24146,-117.64962,2019,TRUE,4,0,0.01,0.1446,0.0299,0.3287
"LABO","271731_SW",271731,"SW","Kootenay Region",51.24146,-117.64962,2020,TRUE,4,0,0.048,0.3058,0.1448,0.5236
"LABO","271731_SW",271731,"SW","Kootenay Region",51.24146,-117.64962,2021,TRUE,4,0,0.0464,0.3426,0.1701,0.5596
"LABO","271731_SW",271731,"SW","Kootenay Region",51.24146,-117.64962,2022,TRUE,4,0,0.1338,0.5658,0.3313,0.8159
"LABO","271731_SW",271731,"SW","Kootenay Region",51.24146,-117.64962,2023,TRUE,4,0,0.1464,0.6528,0.3828,0.8916
"LABO","271731_SW",271731,"SW","Kootenay Region",51.24146,-117.64962,2024,TRUE,4,0,0.1864,0.7688,0.4936,0.9511
"LABO","271731_SW",271731,"SW","Kootenay Region",51.24146,-117.64962,2025,TRUE,4,0,0.1569,0.8184,0.5843,0.9565
"LABO","273050_SE",273050,"SE","South Coastal Region",49.00511,-125.65145,2017,FALSE,0,NA,NA,0.0746,0.0047,0.2783
"LABO","273050_SE",273050,"SE","South Coastal Region",49.00511,-125.65145,2018,TRUE,3,0,0.0118,0.0227,7e-04,0.092
"LABO","273050_SE",273050,"SE","South Coastal Region",49.00511,-125.65145,2019,FALSE,0,NA,NA,0.0339,6e-04,0.1385
"LABO","273050_SE",273050,"SE","South Coastal Region",49.00511,-125.65145,2020,FALSE,0,NA,NA,0.118,0.0239,0.3114
"LABO","273050_SE",273050,"SE","South Coastal Region",49.00511,-125.65145,2021,FALSE,0,NA,NA,0.061,0.0071,0.1872
"LABO","273050_SE",273050,"SE","South Coastal Region",49.00511,-125.65145,2022,FALSE,0,NA,NA,0.239,0.0732,0.537
"LABO","273050_SE",273050,"SE","South Coastal Region",49.00511,-125.65145,2023,FALSE,0,NA,NA,0.1845,0.04,0.432
"LABO","273050_SE",273050,"SE","South Coastal Region",49.00511,-125.65145,2024,TRUE,4,1,1,0.2872,0.087,0.5796
"LABO","273050_SE",273050,"SE","South Coastal Region",49.00511,-125.65145,2025,TRUE,4,0,0.0189,0.1978,0.0578,0.3922
"LABO","283586_NE",283586,"NE","Northern Region",54.3558,-128.5366,2017,FALSE,0,NA,NA,0.5994,0.1701,0.9639
"LABO","283586_NE",283586,"NE","Northern Region",54.3558,-128.5366,2018,TRUE,2,0,0.0178,0.0585,0.0011,0.3431
"LABO","283586_NE",283586,"NE","Northern Region",54.3558,-128.5366,2019,TRUE,3,0,0.0224,0.0533,8e-04,0.258
"LABO","283586_NE",283586,"NE","Northern Region",54.3558,-128.5366,2020,TRUE,4,0,0.066,0.121,0.0171,0.3739
"LABO","283586_NE",283586,"NE","Northern Region",54.3558,-128.5366,2021,FALSE,0,NA,NA,0.0653,0.0043,0.2307
"LABO","283586_NE",283586,"NE","Northern Region",54.3558,-128.5366,2022,FALSE,0,NA,NA,0.2218,0.0464,0.5633
"LABO","283586_NE",283586,"NE","Northern Region",54.3558,-128.5366,2023,TRUE,3,0,0.0971,0.1674,0.0313,0.4171
"LABO","283586_NE",283586,"NE","Northern Region",54.3558,-128.5366,2024,TRUE,4,0,0.0231,0.2714,0.0698,0.5807
"LABO","283586_NE",283586,"NE","Northern Region",54.3558,-128.5366,2025,TRUE,4,0,0.0016,0.1865,0.0391,0.4112
"LABO","283586_NW",283586,"NW","Northern Region",54.3321,-128.6266,2017,FALSE,0,NA,NA,0.6194,0.1954,0.9634
"LABO","283586_NW",283586,"NW","Northern Region",54.3321,-128.6266,2018,TRUE,2,0,0.1098,0.0989,0.0045,0.3899
"LABO","283586_NW",283586,"NW","Northern Region",54.3321,-128.6266,2019,TRUE,3,0,0.1396,0.075,0.0026,0.2976
"LABO","283586_NW",283586,"NW","Northern Region",54.3321,-128.6266,2020,TRUE,4,1,1,0.1472,0.0337,0.3696
"LABO","283586_NW",283586,"NW","Northern Region",54.3321,-128.6266,2021,TRUE,3,0,0.3558,0.0878,0.0072,0.2781
"LABO","283586_NW",283586,"NW","Northern Region",54.3321,-128.6266,2022,TRUE,4,1,1,0.24,0.0639,0.5557
"LABO","283586_NW",283586,"NW","Northern Region",54.3321,-128.6266,2023,TRUE,4,0,0.3649,0.1938,0.0427,0.4536
"LABO","283586_NW",283586,"NW","Northern Region",54.3321,-128.6266,2024,TRUE,4,1,1,0.3003,0.0947,0.5986
"LABO","283586_NW",283586,"NW","Northern Region",54.3321,-128.6266,2025,TRUE,4,1,1,0.2166,0.053,0.4812
"LABO","283586_SE",283586,"SE","Northern Region",54.31162,-128.54374,2017,FALSE,0,NA,NA,0.6293,0.0774,0.995
"LABO","283586_SE",283586,"SE","Northern Region",54.31162,-128.54374,2018,TRUE,2,0,0.1233,0.3222,0.0333,0.7621
"LABO","283586_SE",283586,"SE","Northern Region",54.31162,-128.54374,2019,TRUE,3,0,0.0902,0.2833,0.0327,0.7019
"LABO","283586_SE",283586,"SE","Northern Region",54.31162,-128.54374,2020,TRUE,4,0,0.128,0.3654,0.1038,0.7233
"LABO","283586_SE",283586,"SE","Northern Region",54.31162,-128.54374,2021,TRUE,3,0,0.1198,0.3394,0.0742,0.7049
"LABO","283586_SE",283586,"SE","Northern Region",54.31162,-128.54374,2022,TRUE,4,0,0.3382,0.5146,0.221,0.8159
"LABO","283586_SE",283586,"SE","Northern Region",54.31162,-128.54374,2023,TRUE,4,1,1,0.5244,0.1972,0.829
"LABO","283586_SE",283586,"SE","Northern Region",54.31162,-128.54374,2024,TRUE,4,1,1,0.6471,0.3399,0.9004
"LABO","283586_SE",283586,"SE","Northern Region",54.31162,-128.54374,2025,TRUE,2,1,1,0.6136,0.2666,0.9041
"LABO","283586_SW",283586,"SW","Northern Region",54.2946,-128.581,2017,FALSE,0,NA,NA,0.5955,0.1851,0.9535
"LABO","283586_SW",283586,"SW","Northern Region",54.2946,-128.581,2018,TRUE,2,0,0.0209,0.0655,0.0013,0.3541
"LABO","283586_SW",283586,"SW","Northern Region",54.2946,-128.581,2019,TRUE,3,0,0.0218,0.0509,8e-04,0.2568
"LABO","283586_SW",283586,"SW","Northern Region",54.2946,-128.581,2020,TRUE,4,0,0.0504,0.1049,0.0146,0.3286
"LABO","283586_SW",283586,"SW","Northern Region",54.2946,-128.581,2021,TRUE,4,0,0.0127,0.0596,0.004,0.2162
"LABO","283586_SW",283586,"SW","Northern Region",54.2946,-128.581,2022,TRUE,4,0,0.0884,0.1928,0.0407,0.4972
"LABO","283586_SW",283586,"SW","Northern Region",54.2946,-128.581,2023,TRUE,4,0,0.1831,0.1526,0.0275,0.3879
"LABO","283586_SW",283586,"SW","Northern Region",54.2946,-128.581,2024,TRUE,4,1,1,0.2439,0.0612,0.5356
"LABO","283586_SW",283586,"SW","Northern Region",54.2946,-128.581,2025,TRUE,4,0,0.0038,0.1727,0.0382,0.3883
"LABO","294832_NE",294832,"NE","Northern Region",56.3348,-120.97877,2017,TRUE,4,1,1,0.613,0.1976,0.9664
"LABO","294832_NE",294832,"NE","Northern Region",56.3348,-120.97877,2018,TRUE,4,1,1,0.5844,0.2148,0.9145
"LABO","294832_NE",294832,"NE","Northern Region",56.3348,-120.97877,2019,TRUE,2,1,1,0.5899,0.2447,0.908
"LABO","294832_NE",294832,"NE","Northern Region",56.3348,-120.97877,2020,TRUE,2,0,0.9927,0.6617,0.3733,0.9178
"LABO","294832_NE",294832,"NE","Northern Region",56.3348,-120.97877,2021,TRUE,4,1,1,0.6738,0.3997,0.9155
"LABO","294832_NE",294832,"NE","Northern Region",56.3348,-120.97877,2022,TRUE,4,0,0.9616,0.7745,0.5502,0.9519
"LABO","294832_NE",294832,"NE","Northern Region",56.3348,-120.97877,2023,FALSE,0,NA,NA,0.8127,0.5968,0.9609
"LABO","294832_NE",294832,"NE","Northern Region",56.3348,-120.97877,2024,TRUE,4,0,0.9633,0.8706,0.6904,0.9798
"LABO","294832_NE",294832,"NE","Northern Region",56.3348,-120.97877,2025,TRUE,4,1,1,0.8926,0.7435,0.9804
"LABO","294832_NW",294832,"NW","Northern Region",56.33264,-121.00747,2017,TRUE,4,1,1,0.6103,0.2387,0.9446
"LABO","294832_NW",294832,"NW","Northern Region",56.33264,-121.00747,2018,TRUE,4,1,1,0.5707,0.2483,0.8781
"LABO","294832_NW",294832,"NW","Northern Region",56.33264,-121.00747,2019,TRUE,4,0,0.9613,0.5661,0.2576,0.8634
"LABO","294832_NW",294832,"NW","Northern Region",56.33264,-121.00747,2020,TRUE,4,1,1,0.6256,0.3678,0.8755
"LABO","294832_NW",294832,"NW","Northern Region",56.33264,-121.00747,2021,TRUE,4,1,1,0.6308,0.3836,0.8687
"LABO","294832_NW",294832,"NW","Northern Region",56.33264,-121.00747,2022,TRUE,4,0,0.9542,0.7266,0.5159,0.9141
"LABO","294832_NW",294832,"NW","Northern Region",56.33264,-121.00747,2023,FALSE,0,NA,NA,0.7629,0.5561,0.9279
"LABO","294832_NW",294832,"NW","Northern Region",56.33264,-121.00747,2024,TRUE,4,0,0.9533,0.8276,0.6474,0.9612
"LABO","294832_NW",294832,"NW","Northern Region",56.33264,-121.00747,2025,TRUE,4,1,1,0.8523,0.6992,0.9594
"LABO","294832_SE",294832,"SE","Northern Region",56.30206,-120.94608,2017,TRUE,4,1,1,0.5821,0.2869,0.8639
"LABO","294832_SE",294832,"SE","Northern Region",56.30206,-120.94608,2018,TRUE,4,1,1,0.5023,0.2406,0.7718
"LABO","294832_SE",294832,"SE","Northern Region",56.30206,-120.94608,2019,FALSE,0,NA,NA,0.4683,0.1857,0.7479
"LABO","294832_SE",294832,"SE","Northern Region",56.30206,-120.94608,2020,TRUE,4,0,0.9549,0.5141,0.2609,0.7622
"LABO","294832_SE",294832,"SE","Northern Region",56.30206,-120.94608,2021,TRUE,4,1,1,0.5144,0.2669,0.7612
"LABO","294832_SE",294832,"SE","Northern Region",56.30206,-120.94608,2022,TRUE,3,0,0.9322,0.6106,0.3699,0.8297
"LABO","294832_SE",294832,"SE","Northern Region",56.30206,-120.94608,2023,FALSE,0,NA,NA,0.636,0.3583,0.8587
"LABO","294832_SE",294832,"SE","Northern Region",56.30206,-120.94608,2024,TRUE,4,1,1,0.7157,0.4567,0.9143
"LABO","294832_SE",294832,"SE","Northern Region",56.30206,-120.94608,2025,FALSE,0,NA,NA,0.7393,0.5108,0.9131
"LABO","294832_SW",294832,"SW","Northern Region",56.30496,-121.00198,2017,TRUE,4,1,1,0.5639,0.2359,0.8625
"LABO","294832_SW",294832,"SW","Northern Region",56.30496,-121.00198,2018,FALSE,0,NA,NA,0.4895,0.2037,0.7794
"LABO","294832_SW",294832,"SW","Northern Region",56.30496,-121.00198,2019,TRUE,4,0,0.4473,0.4566,0.1525,0.7611
"LABO","294832_SW",294832,"SW","Northern Region",56.30496,-121.00198,2020,TRUE,4,0,0.4062,0.5057,0.2292,0.7772
"LABO","294832_SW",294832,"SW","Northern Region",56.30496,-121.00198,2021,TRUE,4,0,0.3913,0.5026,0.2219,0.7705
"LABO","294832_SW",294832,"SW","Northern Region",56.30496,-121.00198,2022,TRUE,4,0,0.5098,0.6076,0.3335,0.847
"LABO","294832_SW",294832,"SW","Northern Region",56.30496,-121.00198,2023,FALSE,0,NA,NA,0.637,0.32,0.8772
"LABO","294832_SW",294832,"SW","Northern Region",56.30496,-121.00198,2024,TRUE,4,0,0.7504,0.7169,0.4107,0.9311
"LABO","294832_SW",294832,"SW","Northern Region",56.30496,-121.00198,2025,TRUE,4,1,1,0.7428,0.474,0.9309
"LABO","317428_NE",317428,"NE","South Coastal Region",49.06292,-120.79944,2017,FALSE,0,NA,NA,0.0727,0.0017,0.3485
"LABO","317428_NE",317428,"NE","South Coastal Region",49.06292,-120.79944,2018,TRUE,4,0,0.0022,0.0644,0.0053,0.2461
"LABO","317428_NE",317428,"NE","South Coastal Region",49.06292,-120.79944,2019,TRUE,4,0,0.004,0.0751,0.0079,0.2539
"LABO","317428_NE",317428,"NE","South Coastal Region",49.06292,-120.79944,2020,TRUE,4,0,0.0067,0.1286,0.0287,0.3151
"LABO","317428_NE",317428,"NE","South Coastal Region",49.06292,-120.79944,2021,TRUE,4,0,0.0027,0.1379,0.0296,0.3261
"LABO","317428_NE",317428,"NE","South Coastal Region",49.06292,-120.79944,2022,TRUE,4,0,0.0173,0.2479,0.0735,0.5124
"LABO","317428_NE",317428,"NE","South Coastal Region",49.06292,-120.79944,2023,TRUE,4,0,0.0113,0.3026,0.0905,0.6052
"LABO","317428_NE",317428,"NE","South Coastal Region",49.06292,-120.79944,2024,TRUE,4,0,0.0151,0.3994,0.1371,0.7266
"LABO","317428_NE",317428,"NE","South Coastal Region",49.06292,-120.79944,2025,TRUE,4,0,0.0042,0.4503,0.1691,0.7717
"LABO","317428_NW",317428,"NW","South Coastal Region",49.06417,-120.90943,2017,FALSE,0,NA,NA,0.0788,0.001,0.4085
"LABO","317428_NW",317428,"NW","South Coastal Region",49.06417,-120.90943,2018,TRUE,4,0,0.0027,0.0614,0.0029,0.2719
"LABO","317428_NW",317428,"NW","South Coastal Region",49.06417,-120.90943,2019,TRUE,4,0,0.0027,0.0671,0.0042,0.2717
"LABO","317428_NW",317428,"NW","South Coastal Region",49.06417,-120.90943,2020,TRUE,4,0,0.0091,0.1031,0.0134,0.3145
"LABO","317428_NW",317428,"NW","South Coastal Region",49.06417,-120.90943,2021,TRUE,4,0,0.002,0.1067,0.0122,0.3214
"LABO","317428_NW",317428,"NW","South Coastal Region",49.06417,-120.90943,2022,TRUE,4,0,0.0164,0.181,0.0275,0.4731
"LABO","317428_NW",317428,"NW","South Coastal Region",49.06417,-120.90943,2023,TRUE,4,0,0.0104,0.2145,0.0341,0.5428
"LABO","317428_NW",317428,"NW","South Coastal Region",49.06417,-120.90943,2024,TRUE,4,0,0.0193,0.2799,0.0534,0.6548
"LABO","317428_NW",317428,"NW","South Coastal Region",49.06417,-120.90943,2025,TRUE,4,0,0.0078,0.3185,0.062,0.7042
"LABO","317428_SE",317428,"SE","South Coastal Region",49.06053,-120.77309,2017,FALSE,0,NA,NA,0.0708,0.0017,0.329
"LABO","317428_SE",317428,"SE","South Coastal Region",49.06053,-120.77309,2018,TRUE,4,0,0.004,0.0536,0.0041,0.2168
"LABO","317428_SE",317428,"SE","South Coastal Region",49.06053,-120.77309,2019,TRUE,4,0,0.0047,0.0596,0.0052,0.2163
"LABO","317428_SE",317428,"SE","South Coastal Region",49.06053,-120.77309,2020,TRUE,4,0,0.0071,0.1076,0.0231,0.2763
"LABO","317428_SE",317428,"SE","South Coastal Region",49.06053,-120.77309,2021,TRUE,4,0,0.0038,0.1132,0.0222,0.28
"LABO","317428_SE",317428,"SE","South Coastal Region",49.06053,-120.77309,2022,TRUE,4,0,0.0249,0.2131,0.06,0.4568
"LABO","317428_SE",317428,"SE","South Coastal Region",49.06053,-120.77309,2023,TRUE,4,0,0.0327,0.2584,0.0693,0.5443
"LABO","317428_SE",317428,"SE","South Coastal Region",49.06053,-120.77309,2024,TRUE,4,0,0.0693,0.3491,0.1137,0.6674
"LABO","317428_SE",317428,"SE","South Coastal Region",49.06053,-120.77309,2025,FALSE,0,NA,NA,0.3923,0.1363,0.7054
"LABO","317428_SW",317428,"SW","South Coastal Region",49.04617,-120.85085,2017,FALSE,0,NA,NA,0.0934,0.0012,0.4601
"LABO","317428_SW",317428,"SW","South Coastal Region",49.04617,-120.85085,2018,TRUE,4,0,0.1111,0.108,0.0073,0.4217
"LABO","317428_SW",317428,"SW","South Coastal Region",49.04617,-120.85085,2019,TRUE,4,0,0.2064,0.1393,0.0139,0.4501
"LABO","317428_SW",317428,"SW","South Coastal Region",49.04617,-120.85085,2020,TRUE,4,0,0.7124,0.2536,0.0566,0.5917
"LABO","317428_SW",317428,"SW","South Coastal Region",49.04617,-120.85085,2021,TRUE,4,1,1,0.2862,0.0699,0.6338
"LABO","317428_SW",317428,"SW","South Coastal Region",49.04617,-120.85085,2022,TRUE,4,0,0.976,0.4599,0.1385,0.8257
"LABO","317428_SW",317428,"SW","South Coastal Region",49.04617,-120.85085,2023,TRUE,4,1,1,0.5504,0.1895,0.9101
"LABO","317428_SW",317428,"SW","South Coastal Region",49.04617,-120.85085,2024,FALSE,0,NA,NA,0.6567,0.2623,0.9688
"LABO","317428_SW",317428,"SW","South Coastal Region",49.04617,-120.85085,2025,FALSE,0,NA,NA,0.7147,0.3062,0.9788
"LABO","326072_NE",326072,"NE","South Coastal Region",49.09743,-122.51957,2017,TRUE,3,0,0.0258,0.0724,0.0046,0.2709
"LABO","326072_NE",326072,"NE","South Coastal Region",49.09743,-122.51957,2018,TRUE,3,0,0.0047,0.0165,6e-04,0.0632
"LABO","326072_NE",326072,"NE","South Coastal Region",49.09743,-122.51957,2019,TRUE,3,0,0.0129,0.0239,4e-04,0.0953
"LABO","326072_NE",326072,"NE","South Coastal Region",49.09743,-122.51957,2020,TRUE,4,0,0.0373,0.0799,0.017,0.2051
"LABO","326072_NE",326072,"NE","South Coastal Region",49.09743,-122.51957,2021,TRUE,4,0,0.0136,0.043,0.005,0.1315
"LABO","326072_NE",326072,"NE","South Coastal Region",49.09743,-122.51957,2022,TRUE,4,0,0.0511,0.1707,0.0586,0.3698
"LABO","326072_NE",326072,"NE","South Coastal Region",49.09743,-122.51957,2023,TRUE,4,0,0.0909,0.1429,0.0284,0.3635
"LABO","326072_NE",326072,"NE","South Coastal Region",49.09743,-122.51957,2024,FALSE,0,NA,NA,0.222,0.0657,0.4756
"LABO","326072_NE",326072,"NE","South Coastal Region",49.09743,-122.51957,2025,FALSE,0,NA,NA,0.1588,0.0478,0.3201
"LABO","326072_NW",326072,"NW","South Coastal Region",49.05235,-122.58989,2017,TRUE,4,0,0.0182,0.0715,0.0051,0.2603
"LABO","326072_NW",326072,"NW","South Coastal Region",49.05235,-122.58989,2018,TRUE,3,0,0.0084,0.0208,9e-04,0.0783
"LABO","326072_NW",326072,"NW","South Coastal Region",49.05235,-122.58989,2019,TRUE,3,0,0.0196,0.03,6e-04,0.1152
"LABO","326072_NW",326072,"NW","South Coastal Region",49.05235,-122.58989,2020,TRUE,4,0,0.0651,0.0994,0.0223,0.245
"LABO","326072_NW",326072,"NW","South Coastal Region",49.05235,-122.58989,2021,TRUE,4,0,0.0402,0.0579,0.0077,0.1679
"LABO","326072_NW",326072,"NW","South Coastal Region",49.05235,-122.58989,2022,TRUE,4,1,1,0.1987,0.0699,0.4218
"LABO","326072_NW",326072,"NW","South Coastal Region",49.05235,-122.58989,2023,TRUE,3,0,0.1429,0.1621,0.0354,0.3979
"LABO","326072_NW",326072,"NW","South Coastal Region",49.05235,-122.58989,2024,TRUE,4,0,0.1367,0.2463,0.0788,0.5081
"LABO","326072_NW",326072,"NW","South Coastal Region",49.05235,-122.58989,2025,TRUE,4,1,1,0.1724,0.0551,0.3355
"LABO","326072_SE",326072,"SE","South Coastal Region",49.0144,-122.52755,2017,TRUE,4,0,0.0169,0.0727,0.0052,0.2643
"LABO","326072_SE",326072,"SE","South Coastal Region",49.0144,-122.52755,2018,TRUE,3,0,0.0062,0.02,8e-04,0.0752
"LABO","326072_SE",326072,"SE","South Coastal Region",49.0144,-122.52755,2019,TRUE,3,0,0.0153,0.029,6e-04,0.112
"LABO","326072_SE",326072,"SE","South Coastal Region",49.0144,-122.52755,2020,TRUE,4,0,0.0469,0.0967,0.0216,0.2413
"LABO","326072_SE",326072,"SE","South Coastal Region",49.0144,-122.52755,2021,TRUE,4,0,0.0207,0.0554,0.0074,0.1609
"LABO","326072_SE",326072,"SE","South Coastal Region",49.0144,-122.52755,2022,TRUE,4,0,0.058,0.2012,0.0709,0.4329
"LABO","326072_SE",326072,"SE","South Coastal Region",49.0144,-122.52755,2023,FALSE,0,NA,NA,0.1538,0.034,0.3803
"LABO","326072_SE",326072,"SE","South Coastal Region",49.0144,-122.52755,2024,FALSE,0,NA,NA,0.2384,0.075,0.4985
"LABO","326072_SE",326072,"SE","South Coastal Region",49.0144,-122.52755,2025,FALSE,0,NA,NA,0.1666,0.0523,0.3269
"LABO","326072_SW",326072,"SW","South Coastal Region",49.01082,-122.58104,2017,TRUE,4,0,0.036,0.1035,0.005,0.4474
"LABO","326072_SW",326072,"SW","South Coastal Region",49.01082,-122.58104,2018,TRUE,3,0,0.0089,0.0276,0.0014,0.1052
"LABO","326072_SW",326072,"SW","South Coastal Region",49.01082,-122.58104,2019,TRUE,3,0,0.016,0.0337,0.0013,0.1304
"LABO","326072_SW",326072,"SW","South Coastal Region",49.01082,-122.58104,2020,TRUE,4,0,0.042,0.0949,0.0205,0.2406
"LABO","326072_SW",326072,"SW","South Coastal Region",49.01082,-122.58104,2021,TRUE,4,0,0.0249,0.0667,0.011,0.1785
"LABO","326072_SW",326072,"SW","South Coastal Region",49.01082,-122.58104,2022,TRUE,4,0,0.0971,0.1947,0.0694,0.4187
"LABO","326072_SW",326072,"SW","South Coastal Region",49.01082,-122.58104,2023,TRUE,4,0,0.0947,0.1522,0.0364,0.3776
"LABO","326072_SW",326072,"SW","South Coastal Region",49.01082,-122.58104,2024,TRUE,4,0,0.1251,0.2264,0.0671,0.4826
"LABO","326072_SW",326072,"SW","South Coastal Region",49.01082,-122.58104,2025,TRUE,4,1,1,0.164,0.0441,0.3446
"LABO","37274_NE",37274,"NE","Northern Region",53.08874,-119.20318,2017,FALSE,0,NA,NA,0.5908,0.2301,0.9322
"LABO","37274_NE",37274,"NE","Northern Region",53.08874,-119.20318,2018,TRUE,4,0,0.0722,0.5989,0.2667,0.9129
"LABO","37274_NE",37274,"NE","Northern Region",53.08874,-119.20318,2019,TRUE,3,0,0.0882,0.6259,0.3041,0.9176
"LABO","37274_NE",37274,"NE","Northern Region",53.08874,-119.20318,2020,TRUE,4,0,0.154,0.7227,0.4528,0.9471
"LABO","37274_NE",37274,"NE","Northern Region",53.08874,-119.20318,2021,TRUE,4,0,0.1851,0.748,0.4832,0.9591
"LABO","37274_NE",37274,"NE","Northern Region",53.08874,-119.20318,2022,TRUE,3,0,0.3787,0.848,0.6255,0.9857
"LABO","37274_NE",37274,"NE","Northern Region",53.08874,-119.20318,2023,FALSE,0,NA,NA,0.8855,0.674,0.9927
"LABO","37274_NE",37274,"NE","Northern Region",53.08874,-119.20318,2024,TRUE,3,0,0.6329,0.9267,0.748,0.9975
"LABO","37274_NE",37274,"NE","Northern Region",53.08874,-119.20318,2025,FALSE,0,NA,NA,0.9441,0.7883,0.9978
"LABO","37274_SE",37274,"SE","Northern Region",53.05051,-119.21418,2017,FALSE,0,NA,NA,0.5956,0.277,0.9073
"LABO","37274_SE",37274,"SE","Northern Region",53.05051,-119.21418,2018,TRUE,4,0,0.5264,0.5586,0.2555,0.8623
"LABO","37274_SE",37274,"SE","Northern Region",53.05051,-119.21418,2019,TRUE,3,0,0.5856,0.5476,0.2455,0.8507
"LABO","37274_SE",37274,"SE","Northern Region",53.05051,-119.21418,2020,FALSE,0,NA,NA,0.5823,0.3045,0.8522
"LABO","37274_SE",37274,"SE","Northern Region",53.05051,-119.21418,2021,TRUE,4,1,1,0.5882,0.3179,0.8506
"LABO","37274_SE",37274,"SE","Northern Region",53.05051,-119.21418,2022,TRUE,3,0,0.934,0.6698,0.4285,0.8874
"LABO","37274_SE",37274,"SE","Northern Region",53.05051,-119.21418,2023,FALSE,0,NA,NA,0.707,0.4589,0.9097
"LABO","37274_SE",37274,"SE","Northern Region",53.05051,-119.21418,2024,TRUE,3,0,0.8798,0.7667,0.5173,0.9455
"LABO","37274_SE",37274,"SE","Northern Region",53.05051,-119.21418,2025,FALSE,0,NA,NA,0.7971,0.5797,0.9505
"LABO","37274_SW",37274,"SW","Northern Region",53.03564,-119.22895,2017,FALSE,0,NA,NA,0.5601,0.2259,0.8631
"LABO","37274_SW",37274,"SW","Northern Region",53.03564,-119.22895,2018,TRUE,3,1,1,0.4852,0.2016,0.7785
"LABO","37274_SW",37274,"SW","Northern Region",53.03564,-119.22895,2019,TRUE,3,0,0.9031,0.4515,0.1467,0.7615
"LABO","37274_SW",37274,"SW","Northern Region",53.03564,-119.22895,2020,TRUE,4,0,0.9464,0.4962,0.2215,0.7719
"LABO","37274_SW",37274,"SW","Northern Region",53.03564,-119.22895,2021,TRUE,3,1,1,0.4971,0.2139,0.7687
"LABO","37274_SW",37274,"SW","Northern Region",53.03564,-119.22895,2022,TRUE,3,0,0.8582,0.6084,0.3361,0.8486
"LABO","37274_SW",37274,"SW","Northern Region",53.03564,-119.22895,2023,FALSE,0,NA,NA,0.6413,0.3283,0.8833
"LABO","37274_SW",37274,"SW","Northern Region",53.03564,-119.22895,2024,TRUE,3,0,0.7798,0.7224,0.4192,0.9356
"LABO","37274_SW",37274,"SW","Northern Region",53.03564,-119.22895,2025,FALSE,0,NA,NA,0.7501,0.4827,0.9352
"LABO","38442_NW",38442,"NW","Okanagan Region",51.51999,-122.28978,2017,FALSE,0,NA,NA,0.2232,0.0458,0.5669
"LABO","38442_NW",38442,"NW","Okanagan Region",51.51999,-122.28978,2018,TRUE,3,0,0.0336,0.1101,0.0183,0.2847
"LABO","38442_NW",38442,"NW","Okanagan Region",51.51999,-122.28978,2019,FALSE,0,NA,NA,0.1128,0.0144,0.2862
"LABO","38442_NW",38442,"NW","Okanagan Region",51.51999,-122.28978,2020,TRUE,4,0,0.068,0.23,0.0906,0.415
"LABO","38442_NW",38442,"NW","Okanagan Region",51.51999,-122.28978,2021,TRUE,4,0,0.0504,0.2225,0.0797,0.4103
"LABO","38442_NW",38442,"NW","Okanagan Region",51.51999,-122.28978,2022,FALSE,0,NA,NA,0.4285,0.2204,0.671
"LABO","38442_NW",38442,"NW","Okanagan Region",51.51999,-122.28978,2023,TRUE,4,0,0.1904,0.4543,0.1869,0.7464
"LABO","38442_NW",38442,"NW","Okanagan Region",51.51999,-122.28978,2024,TRUE,4,0,0.2222,0.5921,0.3388,0.8303
"LABO","38442_NW",38442,"NW","Okanagan Region",51.51999,-122.28978,2025,TRUE,4,0,0.0702,0.5659,0.3229,0.7928
"LABO","38442_SW",38442,"SW","Okanagan Region",51.50238,-122.28992,2017,FALSE,0,NA,NA,0.2261,0.0462,0.5755
"LABO","38442_SW",38442,"SW","Okanagan Region",51.50238,-122.28992,2018,TRUE,3,0,0.0578,0.1157,0.0189,0.2997
"LABO","38442_SW",38442,"SW","Okanagan Region",51.50238,-122.28992,2019,TRUE,4,0,0.1142,0.1177,0.0153,0.2974
"LABO","38442_SW",38442,"SW","Okanagan Region",51.50238,-122.28992,2020,TRUE,4,0,0.6091,0.2303,0.0909,0.4172
"LABO","38442_SW",38442,"SW","Okanagan Region",51.50238,-122.28992,2021,TRUE,4,1,1,0.2255,0.0821,0.4145
"LABO","38442_SW",38442,"SW","Okanagan Region",51.50238,-122.28992,2022,TRUE,4,1,1,0.4247,0.2214,0.6632
"LABO","38442_SW",38442,"SW","Okanagan Region",51.50238,-122.28992,2023,TRUE,4,0,0.7718,0.4556,0.1905,0.7424
"LABO","38442_SW",38442,"SW","Okanagan Region",51.50238,-122.28992,2024,TRUE,4,1,1,0.591,0.3402,0.8263
"LABO","38442_SW",38442,"SW","Okanagan Region",51.50238,-122.28992,2025,FALSE,0,NA,NA,0.571,0.3271,0.7964
"LABO","42026_NE",42026,"NE","Northern Region",55.85527,-121.65345,2017,FALSE,0,NA,NA,0.6068,0.2463,0.9405
"LABO","42026_NE",42026,"NE","Northern Region",55.85527,-121.65345,2018,FALSE,0,NA,NA,0.5614,0.2459,0.8651
"LABO","42026_NE",42026,"NE","Northern Region",55.85527,-121.65345,2019,FALSE,0,NA,NA,0.5507,0.2505,0.8473
"LABO","42026_NE",42026,"NE","Northern Region",55.85527,-121.65345,2020,FALSE,0,NA,NA,0.5979,0.342,0.8508
"LABO","42026_NE",42026,"NE","Northern Region",55.85527,-121.65345,2021,FALSE,0,NA,NA,0.6068,0.362,0.85
"LABO","42026_NE",42026,"NE","Northern Region",55.85527,-121.65345,2022,TRUE,4,0,0.2513,0.7039,0.4976,0.9015
"LABO","42026_NE",42026,"NE","Northern Region",55.85527,-121.65345,2023,FALSE,0,NA,NA,0.7453,0.5411,0.9206
"LABO","42026_NE",42026,"NE","Northern Region",55.85527,-121.65345,2024,TRUE,4,0,0.2862,0.8104,0.621,0.9561
"LABO","42026_NE",42026,"NE","Northern Region",55.85527,-121.65345,2025,TRUE,4,0,0.274,0.8397,0.6797,0.9557
"LABO","42026_NW",42026,"NW","Northern Region",55.83616,-121.71691,2017,FALSE,0,NA,NA,0.603,0.2864,0.9085
"LABO","42026_NW",42026,"NW","Northern Region",55.83616,-121.71691,2018,FALSE,0,NA,NA,0.5318,0.2522,0.8171
"LABO","42026_NW",42026,"NW","Northern Region",55.83616,-121.71691,2019,FALSE,0,NA,NA,0.5054,0.2294,0.791
"LABO","42026_NW",42026,"NW","Northern Region",55.83616,-121.71691,2020,FALSE,0,NA,NA,0.5403,0.2931,0.7951
"LABO","42026_NW",42026,"NW","Northern Region",55.83616,-121.71691,2021,FALSE,0,NA,NA,0.5426,0.3077,0.7886
"LABO","42026_NW",42026,"NW","Northern Region",55.83616,-121.71691,2022,TRUE,3,0,0.7307,0.6374,0.4215,0.8512
"LABO","42026_NW",42026,"NW","Northern Region",55.83616,-121.71691,2023,FALSE,0,NA,NA,0.675,0.4503,0.8787
"LABO","42026_NW",42026,"NW","Northern Region",55.83616,-121.71691,2024,TRUE,4,1,1,0.7466,0.5207,0.9285
"LABO","42026_NW",42026,"NW","Northern Region",55.83616,-121.71691,2025,TRUE,3,0,0.8484,0.7758,0.5823,0.9257
"LABO","42026_SE",42026,"SE","Northern Region",55.81797,-121.66405,2017,FALSE,0,NA,NA,0.6113,0.2262,0.9525
"LABO","42026_SE",42026,"SE","Northern Region",55.81797,-121.66405,2018,FALSE,0,NA,NA,0.5427,0.2181,0.862
"LABO","42026_SE",42026,"SE","Northern Region",55.81797,-121.66405,2019,FALSE,0,NA,NA,0.5237,0.2156,0.832
"LABO","42026_SE",42026,"SE","Northern Region",55.81797,-121.66405,2020,FALSE,0,NA,NA,0.5685,0.3052,0.8343
"LABO","42026_SE",42026,"SE","Northern Region",55.81797,-121.66405,2021,FALSE,0,NA,NA,0.5741,0.3256,0.833
"LABO","42026_SE",42026,"SE","Northern Region",55.81797,-121.66405,2022,TRUE,4,1,1,0.6764,0.4677,0.886
"LABO","42026_SE",42026,"SE","Northern Region",55.81797,-121.66405,2023,FALSE,0,NA,NA,0.7176,0.5151,0.904
"LABO","42026_SE",42026,"SE","Northern Region",55.81797,-121.66405,2024,TRUE,4,1,1,0.7895,0.6022,0.9471
"LABO","42026_SE",42026,"SE","Northern Region",55.81797,-121.66405,2025,TRUE,4,1,1,0.8187,0.6563,0.9433
"LABO","42026_SW",42026,"SW","Northern Region",55.81131,-121.70131,2017,FALSE,0,NA,NA,0.6099,0.2426,0.9421
"LABO","42026_SW",42026,"SW","Northern Region",55.81131,-121.70131,2018,FALSE,0,NA,NA,0.5504,0.2432,0.8523
"LABO","42026_SW",42026,"SW","Northern Region",55.81131,-121.70131,2019,FALSE,0,NA,NA,0.5362,0.2385,0.8338
"LABO","42026_SW",42026,"SW","Northern Region",55.81131,-121.70131,2020,FALSE,0,NA,NA,0.5942,0.3414,0.8461
"LABO","42026_SW",42026,"SW","Northern Region",55.81131,-121.70131,2021,FALSE,0,NA,NA,0.6036,0.361,0.846
"LABO","42026_SW",42026,"SW","Northern Region",55.81131,-121.70131,2022,TRUE,4,1,1,0.7143,0.5093,0.9054
"LABO","42026_SW",42026,"SW","Northern Region",55.81131,-121.70131,2023,FALSE,0,NA,NA,0.7556,0.5425,0.9276
"LABO","42026_SW",42026,"SW","Northern Region",55.81131,-121.70131,2024,TRUE,4,1,1,0.826,0.6472,0.961
"LABO","42026_SW",42026,"SW","Northern Region",55.81131,-121.70131,2025,TRUE,4,0,0.8238,0.8522,0.6964,0.9607
"LABO","47210_NW",47210,"NW","Okanagan Region",49.84159,-119.9783,2017,FALSE,0,NA,NA,0.1878,0.0167,0.5441
"LABO","47210_NW",47210,"NW","Okanagan Region",49.84159,-119.9783,2018,FALSE,0,NA,NA,0.1556,0.0201,0.4378
"LABO","47210_NW",47210,"NW","Okanagan Region",49.84159,-119.9783,2019,FALSE,0,NA,NA,0.1639,0.0198,0.4431
"LABO","47210_NW",47210,"NW","Okanagan Region",49.84159,-119.9783,2020,FALSE,0,NA,NA,0.2419,0.0675,0.5227
"LABO","47210_NW",47210,"NW","Okanagan Region",49.84159,-119.9783,2021,FALSE,0,NA,NA,0.2493,0.0663,0.5287
"LABO","47210_NW",47210,"NW","Okanagan Region",49.84159,-119.9783,2022,FALSE,0,NA,NA,0.3882,0.1392,0.7165
"LABO","47210_NW",47210,"NW","Okanagan Region",49.84159,-119.9783,2023,TRUE,4,0,0.6836,0.4386,0.1534,0.7801
"LABO","47210_NW",47210,"NW","Okanagan Region",49.84159,-119.9783,2024,TRUE,4,1,1,0.5446,0.231,0.8686
"LABO","47210_NW",47210,"NW","Okanagan Region",49.84159,-119.9783,2025,TRUE,4,1,1,0.5896,0.2646,0.8942
"LABO","47210_SE",47210,"SE","Okanagan Region",49.79638,-119.86985,2017,FALSE,0,NA,NA,0.181,0.0309,0.4578
"LABO","47210_SE",47210,"SE","Okanagan Region",49.79638,-119.86985,2018,FALSE,0,NA,NA,0.1374,0.0227,0.3386
"LABO","47210_SE",47210,"SE","Okanagan Region",49.79638,-119.86985,2019,FALSE,0,NA,NA,0.1453,0.0191,0.3495
"LABO","47210_SE",47210,"SE","Okanagan Region",49.79638,-119.86985,2020,FALSE,0,NA,NA,0.2395,0.0887,0.4658
"LABO","47210_SE",47210,"SE","Okanagan Region",49.79638,-119.86985,2021,FALSE,0,NA,NA,0.2449,0.0808,0.4699
"LABO","47210_SE",47210,"SE","Okanagan Region",49.79638,-119.86985,2022,FALSE,0,NA,NA,0.4128,0.191,0.6946
"LABO","47210_SE",47210,"SE","Okanagan Region",49.79638,-119.86985,2023,TRUE,4,0,0.1722,0.4641,0.182,0.7675
"LABO","47210_SE",47210,"SE","Okanagan Region",49.79638,-119.86985,2024,TRUE,4,0,0.2178,0.5869,0.3053,0.8549
"LABO","47210_SE",47210,"SE","Okanagan Region",49.79638,-119.86985,2025,TRUE,4,0,0.1718,0.6232,0.3403,0.8783
"LABO","47210_SW",47210,"SW","Okanagan Region",49.79097,-119.95267,2017,FALSE,0,NA,NA,0.1893,0.0218,0.5237
"LABO","47210_SW",47210,"SW","Okanagan Region",49.79097,-119.95267,2018,FALSE,0,NA,NA,0.1864,0.0361,0.4588
"LABO","47210_SW",47210,"SW","Okanagan Region",49.79097,-119.95267,2019,FALSE,0,NA,NA,0.2041,0.0461,0.4712
"LABO","47210_SW",47210,"SW","Okanagan Region",49.79097,-119.95267,2020,FALSE,0,NA,NA,0.3,0.1153,0.5533
"LABO","47210_SW",47210,"SW","Okanagan Region",49.79097,-119.95267,2021,FALSE,0,NA,NA,0.3253,0.1335,0.5742
"LABO","47210_SW",47210,"SW","Okanagan Region",49.79097,-119.95267,2022,FALSE,0,NA,NA,0.4866,0.2464,0.7439
"LABO","47210_SW",47210,"SW","Okanagan Region",49.79097,-119.95267,2023,TRUE,4,0,0.2496,0.5704,0.3094,0.8225
"LABO","47210_SW",47210,"SW","Okanagan Region",49.79097,-119.95267,2024,FALSE,0,NA,NA,0.6791,0.4234,0.9018
"LABO","47210_SW",47210,"SW","Okanagan Region",49.79097,-119.95267,2025,TRUE,4,0,0.3209,0.7418,0.4892,0.9322
"LABO","47322_NE",47322,"NE","Northern Region",55.69808,-120.43213,2017,TRUE,4,0,0.9007,0.5705,0.2799,0.855
"LABO","47322_NE",47322,"NE","Northern Region",55.69808,-120.43213,2018,TRUE,4,1,1,0.5054,0.2324,0.7821
"LABO","47322_NE",47322,"NE","Northern Region",55.69808,-120.43213,2019,TRUE,4,0,0.7693,0.4775,0.1715,0.761
"LABO","47322_NE",47322,"NE","Northern Region",55.69808,-120.43213,2020,TRUE,4,0,0.6964,0.5222,0.2494,0.7777
"LABO","47322_NE",47322,"NE","Northern Region",55.69808,-120.43213,2021,TRUE,4,0,0.6698,0.5264,0.2559,0.7755
"LABO","47322_NE",47322,"NE","Northern Region",55.69808,-120.43213,2022,TRUE,4,0,0.7644,0.6321,0.393,0.8477
"LABO","47322_NE",47322,"NE","Northern Region",55.69808,-120.43213,2023,FALSE,0,NA,NA,0.6695,0.3973,0.8864
"LABO","47322_NE",47322,"NE","Northern Region",55.69808,-120.43213,2024,TRUE,4,1,1,0.7472,0.5023,0.9334
"LABO","47322_NE",47322,"NE","Northern Region",55.69808,-120.43213,2025,TRUE,4,1,1,0.7797,0.5664,0.9392
"LABO","47322_NW",47322,"NW","Northern Region",55.70016,-120.48989,2017,TRUE,4,1,1,0.5865,0.2976,0.8669
"LABO","47322_NW",47322,"NW","Northern Region",55.70016,-120.48989,2018,FALSE,0,NA,NA,0.4612,0.2097,0.7368
"LABO","47322_NW",47322,"NW","Northern Region",55.70016,-120.48989,2019,TRUE,4,1,1,0.4087,0.1388,0.6933
"LABO","47322_NW",47322,"NW","Northern Region",55.70016,-120.48989,2020,TRUE,4,0,0.9793,0.4393,0.2021,0.6981
"LABO","47322_NW",47322,"NW","Northern Region",55.70016,-120.48989,2021,TRUE,4,1,1,0.4331,0.2013,0.6872
"LABO","47322_NW",47322,"NW","Northern Region",55.70016,-120.48989,2022,TRUE,4,1,1,0.5422,0.314,0.7721
"LABO","47322_NW",47322,"NW","Northern Region",55.70016,-120.48989,2023,FALSE,0,NA,NA,0.5744,0.3152,0.8091
"LABO","47322_NW",47322,"NW","Northern Region",55.70016,-120.48989,2024,TRUE,4,1,1,0.6631,0.4085,0.8858
"LABO","47322_NW",47322,"NW","Northern Region",55.70016,-120.48989,2025,FALSE,0,NA,NA,0.6907,0.4728,0.8751
"LABO","47322_SE",47322,"SE","Northern Region",55.64597,-120.40102,2017,TRUE,4,1,1,0.5638,0.2574,0.8504
"LABO","47322_SE",47322,"SE","Northern Region",55.64597,-120.40102,2018,TRUE,4,1,1,0.4714,0.1897,0.7623
"LABO","47322_SE",47322,"SE","Northern Region",55.64597,-120.40102,2019,TRUE,4,0,0.8371,0.432,0.1204,0.7375
"LABO","47322_SE",47322,"SE","Northern Region",55.64597,-120.40102,2020,TRUE,2,0,0.8416,0.4737,0.1934,0.7516
"LABO","47322_SE",47322,"SE","Northern Region",55.64597,-120.40102,2021,FALSE,0,NA,NA,0.473,0.1922,0.7489
"LABO","47322_SE",47322,"SE","Northern Region",55.64597,-120.40102,2022,TRUE,4,1,1,0.5836,0.3285,0.8225
"LABO","47322_SE",47322,"SE","Northern Region",55.64597,-120.40102,2023,FALSE,0,NA,NA,0.6169,0.3139,0.8601
"LABO","47322_SE",47322,"SE","Northern Region",55.64597,-120.40102,2024,FALSE,0,NA,NA,0.7015,0.4284,0.9161
"LABO","47322_SE",47322,"SE","Northern Region",55.64597,-120.40102,2025,FALSE,0,NA,NA,0.7325,0.4867,0.9173
"LABO","47322_SW",47322,"SW","Northern Region",55.65446,-120.49465,2017,TRUE,4,0,0.3844,0.6062,0.2679,0.9233
"LABO","47322_SW",47322,"SW","Northern Region",55.65446,-120.49465,2018,TRUE,4,0,0.3498,0.5158,0.2334,0.8084
"LABO","47322_SW",47322,"SW","Northern Region",55.65446,-120.49465,2019,TRUE,2,0,0.4571,0.4838,0.2037,0.7818
"LABO","47322_SW",47322,"SW","Northern Region",55.65446,-120.49465,2020,TRUE,4,1,1,0.5209,0.2746,0.7868
"LABO","47322_SW",47322,"SW","Northern Region",55.65446,-120.49465,2021,TRUE,4,1,1,0.5217,0.2876,0.7789
"LABO","47322_SW",47322,"SW","Northern Region",55.65446,-120.49465,2022,TRUE,4,0,0.956,0.6253,0.4179,0.8427
"LABO","47322_SW",47322,"SW","Northern Region",55.65446,-120.49465,2023,FALSE,0,NA,NA,0.6641,0.4409,0.8687
"LABO","47322_SW",47322,"SW","Northern Region",55.65446,-120.49465,2024,TRUE,4,1,1,0.7435,0.5496,0.9199
"LABO","47322_SW",47322,"SW","Northern Region",55.65446,-120.49465,2025,TRUE,3,1,1,0.7737,0.6089,0.9138
"LABO","57322_NE",57322,"NE","South Coastal Region",49.09454,-122.09881,2017,TRUE,4,0,0.0178,0.0775,0.0037,0.3068
"LABO","57322_NE",57322,"NE","South Coastal Region",49.09454,-122.09881,2018,TRUE,2,0,0.0078,0.017,5e-04,0.0705
"LABO","57322_NE",57322,"NE","South Coastal Region",49.09454,-122.09881,2019,TRUE,4,0,0.0136,0.026,3e-04,0.1068
"LABO","57322_NE",57322,"NE","South Coastal Region",49.09454,-122.09881,2020,TRUE,4,0,0.0542,0.0934,0.018,0.2442
"LABO","57322_NE",57322,"NE","South Coastal Region",49.09454,-122.09881,2021,TRUE,4,0,0.018,0.0437,0.0042,0.1413
"LABO","57322_NE",57322,"NE","South Coastal Region",49.09454,-122.09881,2022,TRUE,3,0,0.1056,0.1922,0.0593,0.4372
"LABO","57322_NE",57322,"NE","South Coastal Region",49.09454,-122.09881,2023,TRUE,4,1,1,0.1488,0.0272,0.3779
"LABO","57322_NE",57322,"NE","South Coastal Region",49.09454,-122.09881,2024,FALSE,0,NA,NA,0.2329,0.0633,0.5045
"LABO","57322_NE",57322,"NE","South Coastal Region",49.09454,-122.09881,2025,FALSE,0,NA,NA,0.1611,0.043,0.3338
"LABO","57322_NW",57322,"NW","South Coastal Region",49.07915,-122.16077,2017,TRUE,4,0,0.0182,0.0895,0.0058,0.3596
"LABO","57322_NW",57322,"NW","South Coastal Region",49.07915,-122.16077,2018,TRUE,4,0,0.0038,0.0179,7e-04,0.0655
"LABO","57322_NW",57322,"NW","South Coastal Region",49.07915,-122.16077,2019,TRUE,4,0,0.012,0.0257,6e-04,0.1039
"LABO","57322_NW",57322,"NW","South Coastal Region",49.07915,-122.16077,2020,TRUE,4,0,0.0402,0.0872,0.0188,0.2189
"LABO","57322_NW",57322,"NW","South Coastal Region",49.07915,-122.16077,2021,TRUE,4,0,0.0107,0.0484,0.0069,0.1371
"LABO","57322_NW",57322,"NW","South Coastal Region",49.07915,-122.16077,2022,TRUE,4,0,0.0793,0.1863,0.0678,0.3983
"LABO","57322_NW",57322,"NW","South Coastal Region",49.07915,-122.16077,2023,FALSE,0,NA,NA,0.1584,0.039,0.3853
"LABO","57322_NW",57322,"NW","South Coastal Region",49.07915,-122.16077,2024,FALSE,0,NA,NA,0.2417,0.0755,0.5104
"LABO","57322_NW",57322,"NW","South Coastal Region",49.07915,-122.16077,2025,TRUE,4,0,0.0056,0.1699,0.0505,0.337
"LABO","57322_SE",57322,"SE","South Coastal Region",49.0141,-122.09198,2017,FALSE,0,NA,NA,0.0755,0.0022,0.3439
"LABO","57322_SE",57322,"SE","South Coastal Region",49.0141,-122.09198,2018,TRUE,3,0,0.0038,0.0093,2e-04,0.039
"LABO","57322_SE",57322,"SE","South Coastal Region",49.0141,-122.09198,2019,TRUE,3,0,0.0084,0.0133,1e-04,0.0585
"LABO","57322_SE",57322,"SE","South Coastal Region",49.0141,-122.09198,2020,TRUE,4,0,0.0256,0.0483,0.0062,0.1497
"LABO","57322_SE",57322,"SE","South Coastal Region",49.0141,-122.09198,2021,TRUE,4,0,0.0047,0.0227,0.0014,0.0825
"LABO","57322_SE",57322,"SE","South Coastal Region",49.0141,-122.09198,2022,TRUE,4,0,0.0453,0.1058,0.0266,0.2725
"LABO","57322_SE",57322,"SE","South Coastal Region",49.0141,-122.09198,2023,TRUE,4,0,0.0467,0.0871,0.0115,0.2573
"LABO","57322_SE",57322,"SE","South Coastal Region",49.0141,-122.09198,2024,FALSE,0,NA,NA,0.1385,0.0324,0.334
"LABO","57322_SE",57322,"SE","South Coastal Region",49.0141,-122.09198,2025,TRUE,4,0,0.004,0.1016,0.0206,0.2398
"LABO","57322_SW",57322,"SW","South Coastal Region",49.01663,-122.15131,2017,FALSE,0,NA,NA,0.1081,0.0049,0.4778
"LABO","57322_SW",57322,"SW","South Coastal Region",49.01663,-122.15131,2018,TRUE,4,0,0.0031,0.0163,6e-04,0.065
"LABO","57322_SW",57322,"SW","South Coastal Region",49.01663,-122.15131,2019,TRUE,4,0,0.0082,0.0199,4e-04,0.0856
"LABO","57322_SW",57322,"SW","South Coastal Region",49.01663,-122.15131,2020,TRUE,4,0,0.0273,0.062,0.0103,0.1803
"LABO","57322_SW",57322,"SW","South Coastal Region",49.01663,-122.15131,2021,TRUE,4,0,0.0091,0.0355,0.004,0.1086
"LABO","57322_SW",57322,"SW","South Coastal Region",49.01663,-122.15131,2022,TRUE,4,0,0.0496,0.1333,0.0384,0.3212
"LABO","57322_SW",57322,"SW","South Coastal Region",49.01663,-122.15131,2023,TRUE,3,0,0.07,0.1197,0.0243,0.3263
"LABO","57322_SW",57322,"SW","South Coastal Region",49.01663,-122.15131,2024,FALSE,0,NA,NA,0.1839,0.0469,0.4365
"LABO","57322_SW",57322,"SW","South Coastal Region",49.01663,-122.15131,2025,TRUE,2,0,0.0213,0.1366,0.0322,0.3092
"LABO","58842_NW",58842,"NW","Northern Region",54.79952,-121.1886,2017,FALSE,0,NA,NA,0.5839,0.2992,0.8634
"LABO","58842_NW",58842,"NW","Northern Region",54.79952,-121.1886,2018,FALSE,0,NA,NA,0.2992,0.0115,0.7336
"LABO","58842_NW",58842,"NW","Northern Region",54.79952,-121.1886,2019,FALSE,0,NA,NA,0.242,0.0068,0.698
"LABO","58842_NW",58842,"NW","Northern Region",54.79952,-121.1886,2020,FALSE,0,NA,NA,0.2522,0.0301,0.687
"LABO","58842_NW",58842,"NW","Northern Region",54.79952,-121.1886,2021,FALSE,0,NA,NA,0.2285,0.0148,0.6802
"LABO","58842_NW",58842,"NW","Northern Region",54.79952,-121.1886,2022,FALSE,0,NA,NA,0.3009,0.0643,0.6911
"LABO","58842_NW",58842,"NW","Northern Region",54.79952,-121.1886,2023,FALSE,0,NA,NA,0.3001,0.0513,0.6977
"LABO","58842_NW",58842,"NW","Northern Region",54.79952,-121.1886,2024,TRUE,4,1,1,0.3681,0.1035,0.7207
"LABO","58842_NW",58842,"NW","Northern Region",54.79952,-121.1886,2025,TRUE,4,0,0.1022,0.3618,0.102,0.7209
"LABO","58842_SE",58842,"SE","Northern Region",54.73781,-121.16052,2017,FALSE,0,NA,NA,0.5631,0.2598,0.8521
"LABO","58842_SE",58842,"SE","Northern Region",54.73781,-121.16052,2018,FALSE,0,NA,NA,0.3862,0.0448,0.7478
"LABO","58842_SE",58842,"SE","Northern Region",54.73781,-121.16052,2019,FALSE,0,NA,NA,0.3404,0.0245,0.7278
"LABO","58842_SE",58842,"SE","Northern Region",54.73781,-121.16052,2020,FALSE,0,NA,NA,0.3717,0.0785,0.7276
"LABO","58842_SE",58842,"SE","Northern Region",54.73781,-121.16052,2021,FALSE,0,NA,NA,0.3564,0.058,0.727
"LABO","58842_SE",58842,"SE","Northern Region",54.73781,-121.16052,2022,FALSE,0,NA,NA,0.4578,0.1575,0.7696
"LABO","58842_SE",58842,"SE","Northern Region",54.73781,-121.16052,2023,FALSE,0,NA,NA,0.4724,0.133,0.7979
"LABO","58842_SE",58842,"SE","Northern Region",54.73781,-121.16052,2024,TRUE,4,0,0.0596,0.5594,0.2367,0.8418
"LABO","58842_SE",58842,"SE","Northern Region",54.73781,-121.16052,2025,TRUE,4,0,0.0056,0.5749,0.2558,0.8503
"LABO","58842_SW",58842,"SW","Northern Region",54.75716,-121.25541,2017,FALSE,0,NA,NA,0.5522,0.2284,0.8525
"LABO","58842_SW",58842,"SW","Northern Region",54.75716,-121.25541,2018,FALSE,0,NA,NA,0.36,0.0336,0.745
"LABO","58842_SW",58842,"SW","Northern Region",54.75716,-121.25541,2019,FALSE,0,NA,NA,0.3123,0.0177,0.7188
"LABO","58842_SW",58842,"SW","Northern Region",54.75716,-121.25541,2020,FALSE,0,NA,NA,0.339,0.0625,0.7211
"LABO","58842_SW",58842,"SW","Northern Region",54.75716,-121.25541,2021,FALSE,0,NA,NA,0.3216,0.0398,0.7168
"LABO","58842_SW",58842,"SW","Northern Region",54.75716,-121.25541,2022,FALSE,0,NA,NA,0.4171,0.1263,0.749
"LABO","58842_SW",58842,"SW","Northern Region",54.75716,-121.25541,2023,FALSE,0,NA,NA,0.4273,0.1021,0.7751
"LABO","58842_SW",58842,"SW","Northern Region",54.75716,-121.25541,2024,TRUE,4,0,0.5967,0.5111,0.1923,0.8158
"LABO","58842_SW",58842,"SW","Northern Region",54.75716,-121.25541,2025,TRUE,4,1,1,0.5239,0.2168,0.8272
"LABO","5994_NE",5994,"NE","Kootenay Region",49.26067,-115.24894,2017,FALSE,0,NA,NA,0.0993,0.0092,0.3003
"LABO","5994_NE",5994,"NE","Kootenay Region",49.26067,-115.24894,2018,FALSE,0,NA,NA,0.0939,0.012,0.2515
"LABO","5994_NE",5994,"NE","Kootenay Region",49.26067,-115.24894,2019,FALSE,0,NA,NA,0.1255,0.0162,0.3116
"LABO","5994_NE",5994,"NE","Kootenay Region",49.26067,-115.24894,2020,TRUE,4,0,0.0507,0.2881,0.1293,0.5193
"LABO","5994_NE",5994,"NE","Kootenay Region",49.26067,-115.24894,2021,TRUE,4,0,0.0289,0.2909,0.1169,0.5083
"LABO","5994_NE",5994,"NE","Kootenay Region",49.26067,-115.24894,2022,TRUE,4,0,0.2433,0.5247,0.3078,0.7752
"LABO","5994_NE",5994,"NE","Kootenay Region",49.26067,-115.24894,2023,TRUE,4,1,1,0.5615,0.2499,0.8329
"LABO","5994_NE",5994,"NE","Kootenay Region",49.26067,-115.24894,2024,TRUE,4,1,1,0.7018,0.4539,0.9049
"LABO","5994_NE",5994,"NE","Kootenay Region",49.26067,-115.24894,2025,FALSE,0,NA,NA,0.7086,0.4748,0.8944
"LABO","5994_SE",5994,"SE","Kootenay Region",49.21228,-115.26277,2017,FALSE,0,NA,NA,0.0848,0.0081,0.2638
"LABO","5994_SE",5994,"SE","Kootenay Region",49.21228,-115.26277,2018,FALSE,0,NA,NA,0.0989,0.0139,0.2578
"LABO","5994_SE",5994,"SE","Kootenay Region",49.21228,-115.26277,2019,FALSE,0,NA,NA,0.1384,0.0187,0.3445
"LABO","5994_SE",5994,"SE","Kootenay Region",49.21228,-115.26277,2020,TRUE,4,1,1,0.3219,0.1435,0.569
"LABO","5994_SE",5994,"SE","Kootenay Region",49.21228,-115.26277,2021,TRUE,4,0,0.666,0.3362,0.1483,0.5735
"LABO","5994_SE",5994,"SE","Kootenay Region",49.21228,-115.26277,2022,TRUE,4,1,1,0.5737,0.3318,0.8227
"LABO","5994_SE",5994,"SE","Kootenay Region",49.21228,-115.26277,2023,TRUE,4,0,0.7796,0.6137,0.2768,0.8814
"LABO","5994_SE",5994,"SE","Kootenay Region",49.21228,-115.26277,2024,TRUE,4,1,1,0.7464,0.4694,0.9371
"LABO","5994_SE",5994,"SE","Kootenay Region",49.21228,-115.26277,2025,FALSE,0,NA,NA,0.7629,0.5066,0.9329
"LABO","60586_NW",60586,"NW","Kootenay Region",50.93041,-116.39001,2017,FALSE,0,NA,NA,0.0896,0.0095,0.2631
"LABO","60586_NW",60586,"NW","Kootenay Region",50.93041,-116.39001,2018,FALSE,0,NA,NA,0.0805,0.0113,0.2143
"LABO","60586_NW",60586,"NW","Kootenay Region",50.93041,-116.39001,2019,FALSE,0,NA,NA,0.1017,0.0141,0.2554
"LABO","60586_NW",60586,"NW","Kootenay Region",50.93041,-116.39001,2020,TRUE,4,1,1,0.2265,0.101,0.4112
"LABO","60586_NW",60586,"NW","Kootenay Region",50.93041,-116.39001,2021,TRUE,4,1,1,0.2334,0.0983,0.4139
"LABO","60586_NW",60586,"NW","Kootenay Region",50.93041,-116.39001,2022,TRUE,4,1,1,0.4402,0.2441,0.6828
"LABO","60586_NW",60586,"NW","Kootenay Region",50.93041,-116.39001,2023,TRUE,4,0,0.8376,0.493,0.2252,0.767
"LABO","60586_NW",60586,"NW","Kootenay Region",50.93041,-116.39001,2024,TRUE,4,1,1,0.6223,0.3515,0.8513
"LABO","60586_NW",60586,"NW","Kootenay Region",50.93041,-116.39001,2025,TRUE,4,1,1,0.6414,0.4264,0.8364
"LABO","60586_SW",60586,"SW","Kootenay Region",50.90342,-116.39335,2017,FALSE,0,NA,NA,0.1796,0.0031,0.7844
"LABO","60586_SW",60586,"SW","Kootenay Region",50.90342,-116.39335,2018,FALSE,0,NA,NA,0.2021,0.0172,0.6571
"LABO","60586_SW",60586,"SW","Kootenay Region",50.90342,-116.39335,2019,FALSE,0,NA,NA,0.2684,0.0397,0.6891
"LABO","60586_SW",60586,"SW","Kootenay Region",50.90342,-116.39335,2020,TRUE,4,1,1,0.4797,0.1889,0.8353
"LABO","60586_SW",60586,"SW","Kootenay Region",50.90342,-116.39335,2021,TRUE,4,0,0.8627,0.5213,0.2278,0.8577
"LABO","60586_SW",60586,"SW","Kootenay Region",50.90342,-116.39335,2022,TRUE,4,0,0.8731,0.7319,0.4189,0.9558
"LABO","60586_SW",60586,"SW","Kootenay Region",50.90342,-116.39335,2023,TRUE,3,0,0.9062,0.7913,0.4599,0.9764
"LABO","60586_SW",60586,"SW","Kootenay Region",50.90342,-116.39335,2024,TRUE,4,1,1,0.8773,0.613,0.9915
"LABO","60586_SW",60586,"SW","Kootenay Region",50.90342,-116.39335,2025,TRUE,4,1,1,0.9001,0.6732,0.9926
"LABO","6202_NE",6202,"NE","South Coastal Region",48.53741,-123.50119,2017,FALSE,0,NA,NA,0.072,0.0069,0.2456
"LABO","6202_NE",6202,"NE","South Coastal Region",48.53741,-123.50119,2018,TRUE,4,0,0.0071,0.0264,0.0018,0.0872
"LABO","6202_NE",6202,"NE","South Coastal Region",48.53741,-123.50119,2019,TRUE,4,0,0.0169,0.0343,0.0016,0.1185
"LABO","6202_NE",6202,"NE","South Coastal Region",48.53741,-123.50119,2020,FALSE,0,NA,NA,0.1049,0.0279,0.2404
"LABO","6202_NE",6202,"NE","South Coastal Region",48.53741,-123.50119,2021,TRUE,4,0,0.0551,0.0779,0.0158,0.1897
"LABO","6202_NE",6202,"NE","South Coastal Region",48.53741,-123.50119,2022,TRUE,4,0,0.2969,0.2236,0.0904,0.4481
"LABO","6202_NE",6202,"NE","South Coastal Region",48.53741,-123.50119,2023,TRUE,4,1,1,0.2169,0.0623,0.4756
"LABO","6202_NE",6202,"NE","South Coastal Region",48.53741,-123.50119,2024,TRUE,3,1,1,0.3146,0.116,0.588
"LABO","6202_NE",6202,"NE","South Coastal Region",48.53741,-123.50119,2025,FALSE,0,NA,NA,0.2453,0.0872,0.4635
"LABO","6202_NW",6202,"NW","South Coastal Region",48.50788,-123.60088,2017,FALSE,0,NA,NA,0.0676,0.0063,0.237
"LABO","6202_NW",6202,"NW","South Coastal Region",48.50788,-123.60088,2018,TRUE,4,0,0.0056,0.0277,0.0018,0.1035
"LABO","6202_NW",6202,"NW","South Coastal Region",48.50788,-123.60088,2019,TRUE,3,0,0.0138,0.032,0.0016,0.1135
"LABO","6202_NW",6202,"NW","South Coastal Region",48.50788,-123.60088,2020,TRUE,4,0,0.0373,0.0855,0.0189,0.2172
"LABO","6202_NW",6202,"NW","South Coastal Region",48.50788,-123.60088,2021,TRUE,4,0,0.0229,0.066,0.0118,0.1731
"LABO","6202_NW",6202,"NW","South Coastal Region",48.50788,-123.60088,2022,TRUE,2,0,0.1156,0.1823,0.0603,0.397
"LABO","6202_NW",6202,"NW","South Coastal Region",48.50788,-123.60088,2023,TRUE,3,0,0.1242,0.1879,0.0477,0.4308
"LABO","6202_NW",6202,"NW","South Coastal Region",48.50788,-123.60088,2024,FALSE,0,NA,NA,0.2796,0.0937,0.556
"LABO","6202_NW",6202,"NW","South Coastal Region",48.50788,-123.60088,2025,FALSE,0,NA,NA,0.2389,0.0711,0.4937
"LABO","6202_SE",6202,"SE","South Coastal Region",48.48934,-123.5079,2017,FALSE,0,NA,NA,0.0759,0.0066,0.2678
"LABO","6202_SE",6202,"SE","South Coastal Region",48.48934,-123.5079,2018,TRUE,4,0,0.006,0.0175,9e-04,0.0628
"LABO","6202_SE",6202,"SE","South Coastal Region",48.48934,-123.5079,2019,TRUE,4,0,0.0111,0.0228,7e-04,0.0888
"LABO","6202_SE",6202,"SE","South Coastal Region",48.48934,-123.5079,2020,FALSE,0,NA,NA,0.0744,0.0166,0.1872
"LABO","6202_SE",6202,"SE","South Coastal Region",48.48934,-123.5079,2021,TRUE,4,0,0.0249,0.0466,0.0076,0.1262
"LABO","6202_SE",6202,"SE","South Coastal Region",48.48934,-123.5079,2022,TRUE,4,0,0.09,0.1574,0.0604,0.3252
"LABO","6202_SE",6202,"SE","South Coastal Region",48.48934,-123.5079,2023,FALSE,0,NA,NA,0.1347,0.0327,0.3374
"LABO","6202_SE",6202,"SE","South Coastal Region",48.48934,-123.5079,2024,FALSE,0,NA,NA,0.2069,0.0668,0.4339
"LABO","6202_SE",6202,"SE","South Coastal Region",48.48934,-123.5079,2025,FALSE,0,NA,NA,0.1496,0.0474,0.2922
"LABO","6202_SW",6202,"SW","South Coastal Region",48.48637,-123.54913,2017,FALSE,0,NA,NA,0.0775,0.0056,0.284
"LABO","6202_SW",6202,"SW","South Coastal Region",48.48637,-123.54913,2018,TRUE,4,0,0.0056,0.0169,6e-04,0.0638
"LABO","6202_SW",6202,"SW","South Coastal Region",48.48637,-123.54913,2019,TRUE,4,0,0.0122,0.0254,4e-04,0.1007
"LABO","6202_SW",6202,"SW","South Coastal Region",48.48637,-123.54913,2020,TRUE,4,0,0.0609,0.0895,0.0194,0.2209
"LABO","6202_SW",6202,"SW","South Coastal Region",48.48637,-123.54913,2021,TRUE,4,0,0.022,0.0463,0.0059,0.1382
"LABO","6202_SW",6202,"SW","South Coastal Region",48.48637,-123.54913,2022,TRUE,4,0,0.1289,0.1904,0.0681,0.415
"LABO","6202_SW",6202,"SW","South Coastal Region",48.48637,-123.54913,2023,FALSE,0,NA,NA,0.1538,0.0349,0.3814
"LABO","6202_SW",6202,"SW","South Coastal Region",48.48637,-123.54913,2024,TRUE,3,0,0.1851,0.2375,0.0747,0.5035
"LABO","6202_SW",6202,"SW","South Coastal Region",48.48637,-123.54913,2025,TRUE,4,0,0.0187,0.1541,0.0429,0.308
"LABO","70250_NW",70250,"NW","Kootenay Region",51.24583,-116.91793,2017,FALSE,0,NA,NA,0.0865,0.0089,0.2705
"LABO","70250_NW",70250,"NW","Kootenay Region",51.24583,-116.91793,2018,FALSE,0,NA,NA,0.0829,0.0111,0.2252
"LABO","70250_NW",70250,"NW","Kootenay Region",51.24583,-116.91793,2019,FALSE,0,NA,NA,0.1087,0.0141,0.2804
"LABO","70250_NW",70250,"NW","Kootenay Region",51.24583,-116.91793,2020,TRUE,4,1,1,0.2528,0.1126,0.4514
"LABO","70250_NW",70250,"NW","Kootenay Region",51.24583,-116.91793,2021,TRUE,4,0,0.6338,0.2596,0.1061,0.4554
"LABO","70250_NW",70250,"NW","Kootenay Region",51.24583,-116.91793,2022,TRUE,4,0,0.6273,0.481,0.2671,0.7272
"LABO","70250_NW",70250,"NW","Kootenay Region",51.24583,-116.91793,2023,TRUE,4,0,0.6678,0.5251,0.2249,0.8018
"LABO","70250_NW",70250,"NW","Kootenay Region",51.24583,-116.91793,2024,TRUE,4,1,1,0.657,0.3702,0.8786
"LABO","70250_NW",70250,"NW","Kootenay Region",51.24583,-116.91793,2025,TRUE,4,1,1,0.6704,0.4291,0.8698
"LABO","70250_SW",70250,"SW","Kootenay Region",51.20982,-116.89974,2017,FALSE,0,NA,NA,0.1066,0.0084,0.3478
"LABO","70250_SW",70250,"SW","Kootenay Region",51.20982,-116.89974,2018,FALSE,0,NA,NA,0.1116,0.0166,0.293
"LABO","70250_SW",70250,"SW","Kootenay Region",51.20982,-116.89974,2019,FALSE,0,NA,NA,0.149,0.0264,0.3485
"LABO","70250_SW",70250,"SW","Kootenay Region",51.20982,-116.89974,2020,TRUE,4,0,0.1131,0.315,0.1557,0.5284
"LABO","70250_SW",70250,"SW","Kootenay Region",51.20982,-116.89974,2021,TRUE,4,0,0.1104,0.3409,0.1715,0.5447
"LABO","70250_SW",70250,"SW","Kootenay Region",51.20982,-116.89974,2022,TRUE,4,0,0.3398,0.5717,0.3603,0.8059
"LABO","70250_SW",70250,"SW","Kootenay Region",51.20982,-116.89974,2023,FALSE,0,NA,NA,0.6395,0.3749,0.8739
"LABO","70250_SW",70250,"SW","Kootenay Region",51.20982,-116.89974,2024,FALSE,0,NA,NA,0.7642,0.5388,0.9338
"LABO","70250_SW",70250,"SW","Kootenay Region",51.20982,-116.89974,2025,TRUE,4,1,1,0.7964,0.6076,0.9303
"LABO","73002_NE",73002,"NE","Okanagan Region",50.85067,-121.87219,2017,TRUE,4,0,0.0476,0.2068,0.044,0.523
"LABO","73002_NE",73002,"NE","Okanagan Region",50.85067,-121.87219,2018,TRUE,4,0,0.0076,0.1091,0.018,0.2729
"LABO","73002_NE",73002,"NE","Okanagan Region",50.85067,-121.87219,2019,TRUE,4,0,0.0196,0.1173,0.0133,0.2989
"LABO","73002_NE",73002,"NE","Okanagan Region",50.85067,-121.87219,2020,TRUE,4,0,0.0553,0.2543,0.1034,0.4645
"LABO","73002_NE",73002,"NE","Okanagan Region",50.85067,-121.87219,2021,TRUE,4,0,0.0233,0.2445,0.0864,0.4555
"LABO","73002_NE",73002,"NE","Okanagan Region",50.85067,-121.87219,2022,TRUE,4,0,0.1931,0.4653,0.2447,0.7196
"LABO","73002_NE",73002,"NE","Okanagan Region",50.85067,-121.87219,2023,FALSE,0,NA,NA,0.4799,0.1909,0.7924
"LABO","73002_NE",73002,"NE","Okanagan Region",50.85067,-121.87219,2024,TRUE,4,0,0.4589,0.6224,0.3579,0.8638
"LABO","73002_NE",73002,"NE","Okanagan Region",50.85067,-121.87219,2025,TRUE,4,1,1,0.5919,0.3311,0.8307
"LABO","73002_SE",73002,"SE","Okanagan Region",50.82484,-121.86896,2017,TRUE,4,0,0.0471,0.204,0.0412,0.5215
"LABO","73002_SE",73002,"SE","Okanagan Region",50.82484,-121.86896,2018,TRUE,4,0,0.0051,0.0649,0.0034,0.2299
"LABO","73002_SE",73002,"SE","Okanagan Region",50.82484,-121.86896,2019,TRUE,4,0,0.0098,0.0575,0.0022,0.2021
"LABO","73002_SE",73002,"SE","Okanagan Region",50.82484,-121.86896,2020,TRUE,4,0,0.0324,0.11,0.0214,0.2863
"LABO","73002_SE",73002,"SE","Okanagan Region",50.82484,-121.86896,2021,TRUE,4,0,0.0091,0.0867,0.0101,0.2441
"LABO","73002_SE",73002,"SE","Okanagan Region",50.82484,-121.86896,2022,TRUE,4,0,0.0669,0.2053,0.0554,0.4632
"LABO","73002_SE",73002,"SE","Okanagan Region",50.82484,-121.86896,2023,TRUE,4,0,0.0651,0.2014,0.0414,0.4769
"LABO","73002_SE",73002,"SE","Okanagan Region",50.82484,-121.86896,2024,TRUE,4,0,0.0736,0.2936,0.0887,0.5839
"LABO","73002_SE",73002,"SE","Okanagan Region",50.82484,-121.86896,2025,TRUE,4,0,0.0342,0.2691,0.0751,0.556
"LABO","73002_SW",73002,"SW","Okanagan Region",50.80422,-121.87782,2017,TRUE,4,0,0.0456,0.1948,0.0404,0.4818
"LABO","73002_SW",73002,"SW","Okanagan Region",50.80422,-121.87782,2018,TRUE,4,0,0.0064,0.0901,0.011,0.2506
"LABO","73002_SW",73002,"SW","Okanagan Region",50.80422,-121.87782,2019,TRUE,4,0,0.0107,0.0844,0.0082,0.2303
"LABO","73002_SW",73002,"SW","Okanagan Region",50.80422,-121.87782,2020,TRUE,4,0,0.04,0.1577,0.0558,0.3211
"LABO","73002_SW",73002,"SW","Okanagan Region",50.80422,-121.87782,2021,TRUE,4,0,0.0207,0.146,0.0384,0.308
"LABO","73002_SW",73002,"SW","Okanagan Region",50.80422,-121.87782,2022,TRUE,4,0,0.1973,0.2989,0.1306,0.5351
"LABO","73002_SW",73002,"SW","Okanagan Region",50.80422,-121.87782,2023,TRUE,3,0,0.444,0.3225,0.1031,0.6053
"LABO","73002_SW",73002,"SW","Okanagan Region",50.80422,-121.87782,2024,TRUE,4,1,1,0.4427,0.2053,0.6948
"LABO","73002_SW",73002,"SW","Okanagan Region",50.80422,-121.87782,2025,TRUE,4,0,0.2509,0.4378,0.2165,0.6826
"LABO","73786_NW",73786,"NW","South Coastal Region",49.12334,-123.06198,2017,TRUE,4,0,0.0293,0.0765,0.0052,0.2823
"LABO","73786_NW",73786,"NW","South Coastal Region",49.12334,-123.06198,2018,TRUE,4,0,0.006,0.0162,6e-04,0.0628
"LABO","73786_NW",73786,"NW","South Coastal Region",49.12334,-123.06198,2019,TRUE,3,0,0.0164,0.0238,4e-04,0.0957
"LABO","73786_NW",73786,"NW","South Coastal Region",49.12334,-123.06198,2020,TRUE,4,0,0.0469,0.0819,0.0168,0.2153
"LABO","73786_NW",73786,"NW","South Coastal Region",49.12334,-123.06198,2021,TRUE,3,0,0.0224,0.0443,0.0049,0.133
"LABO","73786_NW",73786,"NW","South Coastal Region",49.12334,-123.06198,2022,TRUE,3,0,0.0773,0.1769,0.0587,0.391
"LABO","73786_NW",73786,"NW","South Coastal Region",49.12334,-123.06198,2023,TRUE,3,0,0.1062,0.1457,0.0287,0.3765
"LABO","73786_NW",73786,"NW","South Coastal Region",49.12334,-123.06198,2024,TRUE,3,0,0.1436,0.2249,0.0615,0.4866
"LABO","73786_NW",73786,"NW","South Coastal Region",49.12334,-123.06198,2025,TRUE,4,0,0.0102,0.1632,0.0467,0.3333
"LABO","73786_SE",73786,"SE","South Coastal Region",49.12604,-123.00163,2017,TRUE,4,0,0.0396,0.0802,0.0029,0.3418
"LABO","73786_SE",73786,"SE","South Coastal Region",49.12604,-123.00163,2018,TRUE,2,0,0.0087,0.0148,4e-04,0.0628
"LABO","73786_SE",73786,"SE","South Coastal Region",49.12604,-123.00163,2019,TRUE,2,0,0.018,0.0224,3e-04,0.0949
"LABO","73786_SE",73786,"SE","South Coastal Region",49.12604,-123.00163,2020,TRUE,4,0,0.0516,0.0797,0.0135,0.2228
"LABO","73786_SE",73786,"SE","South Coastal Region",49.12604,-123.00163,2021,TRUE,3,0,0.0253,0.039,0.003,0.132
"LABO","73786_SE",73786,"SE","South Coastal Region",49.12604,-123.00163,2022,TRUE,4,0,0.1022,0.1708,0.0472,0.4056
"LABO","73786_SE",73786,"SE","South Coastal Region",49.12604,-123.00163,2023,TRUE,3,0,0.1024,0.134,0.0215,0.3607
"LABO","73786_SE",73786,"SE","South Coastal Region",49.12604,-123.00163,2024,TRUE,3,0,0.1338,0.2094,0.0513,0.4831
"LABO","73786_SE",73786,"SE","South Coastal Region",49.12604,-123.00163,2025,TRUE,4,0,0.012,0.1511,0.0362,0.3311
"LABO","73786_SW",73786,"SW","South Coastal Region",49.10823,-123.07992,2017,FALSE,0,NA,NA,0.1467,0.0028,0.7397
"LABO","73786_SW",73786,"SW","South Coastal Region",49.10823,-123.07992,2018,TRUE,2,0,0.0236,0.0426,0.0019,0.1951
"LABO","73786_SW",73786,"SW","South Coastal Region",49.10823,-123.07992,2019,TRUE,3,0,0.0291,0.051,0.0017,0.2068
"LABO","73786_SW",73786,"SW","South Coastal Region",49.10823,-123.07992,2020,TRUE,4,0,0.06,0.1307,0.0237,0.3596
"LABO","73786_SW",73786,"SW","South Coastal Region",49.10823,-123.07992,2021,TRUE,3,0,0.0478,0.0995,0.0141,0.2812
"LABO","73786_SW",73786,"SW","South Coastal Region",49.10823,-123.07992,2022,TRUE,3,0,0.1093,0.2603,0.0771,0.5724
"LABO","73786_SW",73786,"SW","South Coastal Region",49.10823,-123.07992,2023,TRUE,3,0,0.1489,0.2478,0.0583,0.5515
"LABO","73786_SW",73786,"SW","South Coastal Region",49.10823,-123.07992,2024,FALSE,0,NA,NA,0.3535,0.0997,0.6945
"LABO","73786_SW",73786,"SW","South Coastal Region",49.10823,-123.07992,2025,TRUE,4,0,0.026,0.29,0.0723,0.6326
"LABO","77162_NE",77162,"NE","Kootenay Region",50.95478,-118.09975,2017,TRUE,4,0,0.0051,0.1041,9e-04,0.4524
"LABO","77162_NE",77162,"NE","Kootenay Region",50.95478,-118.09975,2018,TRUE,4,0,0.0044,0.1202,0.0084,0.4441
"LABO","77162_NE",77162,"NE","Kootenay Region",50.95478,-118.09975,2019,TRUE,4,0,0.0116,0.1522,0.0162,0.4659
"LABO","77162_NE",77162,"NE","Kootenay Region",50.95478,-118.09975,2020,TRUE,4,0,0.066,0.2682,0.0584,0.6178
"LABO","77162_NE",77162,"NE","Kootenay Region",50.95478,-118.09975,2021,TRUE,4,0,0.0849,0.2974,0.0686,0.6506
"LABO","77162_NE",77162,"NE","Kootenay Region",50.95478,-118.09975,2022,FALSE,0,NA,NA,0.4681,0.1337,0.8487
"LABO","77162_NE",77162,"NE","Kootenay Region",50.95478,-118.09975,2023,FALSE,0,NA,NA,0.5546,0.1817,0.9178
"LABO","77162_NE",77162,"NE","Kootenay Region",50.95478,-118.09975,2024,FALSE,0,NA,NA,0.6608,0.2556,0.9627
"LABO","77162_NE",77162,"NE","Kootenay Region",50.95478,-118.09975,2025,FALSE,0,NA,NA,0.7227,0.3075,0.9814
"LABO","77162_SW",77162,"SW","Kootenay Region",50.886,-118.10586,2017,TRUE,4,0,0.0267,0.1046,0.0093,0.351
"LABO","77162_SW",77162,"SW","Kootenay Region",50.886,-118.10586,2018,TRUE,4,0,0.0122,0.056,0.0043,0.1763
"LABO","77162_SW",77162,"SW","Kootenay Region",50.886,-118.10586,2019,TRUE,4,0,0.0224,0.0711,0.0041,0.22
"LABO","77162_SW",77162,"SW","Kootenay Region",50.886,-118.10586,2020,TRUE,4,0,0.0989,0.1948,0.066,0.4087
"LABO","77162_SW",77162,"SW","Kootenay Region",50.886,-118.10586,2021,TRUE,4,0,0.048,0.1568,0.0373,0.3446
"LABO","77162_SW",77162,"SW","Kootenay Region",50.886,-118.10586,2022,TRUE,4,0,0.2269,0.3727,0.1745,0.6458
"LABO","77162_SW",77162,"SW","Kootenay Region",50.886,-118.10586,2023,TRUE,4,0,0.2089,0.3541,0.1181,0.6654
"LABO","77162_SW",77162,"SW","Kootenay Region",50.886,-118.10586,2024,FALSE,0,NA,NA,0.4981,0.2428,0.768
"LABO","77162_SW",77162,"SW","Kootenay Region",50.886,-118.10586,2025,TRUE,2,0,0.1778,0.4289,0.2085,0.6999
"LABO","79018_NE",79018,"NE","Kootenay Region",50.2021,-116.91007,2017,TRUE,4,0,0.0138,0.0828,0.0066,0.2714
"LABO","79018_NE",79018,"NE","Kootenay Region",50.2021,-116.91007,2018,TRUE,4,0,0.0091,0.0762,0.0102,0.2193
"LABO","79018_NE",79018,"NE","Kootenay Region",50.2021,-116.91007,2019,TRUE,4,0,0.0211,0.0953,0.0125,0.2484
"LABO","79018_NE",79018,"NE","Kootenay Region",50.2021,-116.91007,2020,TRUE,4,0,0.1087,0.2101,0.0861,0.3994
"LABO","79018_NE",79018,"NE","Kootenay Region",50.2021,-116.91007,2021,FALSE,0,NA,NA,0.2164,0.0767,0.4004
"LABO","79018_NE",79018,"NE","Kootenay Region",50.2021,-116.91007,2022,TRUE,4,0,0.2836,0.4125,0.2098,0.6611
"LABO","79018_NE",79018,"NE","Kootenay Region",50.2021,-116.91007,2023,TRUE,4,0,0.3891,0.4663,0.1818,0.7482
"LABO","79018_NE",79018,"NE","Kootenay Region",50.2021,-116.91007,2024,TRUE,4,0,0.63,0.602,0.3117,0.8431
"LABO","79018_NE",79018,"NE","Kootenay Region",50.2021,-116.91007,2025,TRUE,4,1,1,0.6404,0.391,0.8471
"LABO","79018_NW",79018,"NW","Kootenay Region",50.19383,-116.94752,2017,TRUE,4,0,0.0244,0.0965,0.009,0.3254
"LABO","79018_NW",79018,"NW","Kootenay Region",50.19383,-116.94752,2018,FALSE,0,NA,NA,0.0779,0.0071,0.2287
"LABO","79018_NW",79018,"NW","Kootenay Region",50.19383,-116.94752,2019,TRUE,4,0,0.0398,0.1058,0.008,0.2964
"LABO","79018_NW",79018,"NW","Kootenay Region",50.19383,-116.94752,2020,TRUE,4,0,0.1409,0.2759,0.108,0.5318
"LABO","79018_NW",79018,"NW","Kootenay Region",50.19383,-116.94752,2021,TRUE,4,0,0.0971,0.2435,0.0735,0.4721
"LABO","79018_NW",79018,"NW","Kootenay Region",50.19383,-116.94752,2022,TRUE,3,0,0.2953,0.4738,0.246,0.7355
"LABO","79018_NW",79018,"NW","Kootenay Region",50.19383,-116.94752,2023,TRUE,4,0,0.2229,0.448,0.156,0.7782
"LABO","79018_NW",79018,"NW","Kootenay Region",50.19383,-116.94752,2024,TRUE,4,0,0.3293,0.6034,0.329,0.8568
"LABO","79018_NW",79018,"NW","Kootenay Region",50.19383,-116.94752,2025,TRUE,4,0,0.0827,0.5409,0.2825,0.8146
"LABO","79018_SE",79018,"SE","Kootenay Region",50.18723,-116.90419,2017,TRUE,4,0,0.0233,0.0849,0.0066,0.2852
"LABO","79018_SE",79018,"SE","Kootenay Region",50.18723,-116.90419,2018,FALSE,0,NA,NA,0.0451,0.0023,0.1699
"LABO","79018_SE",79018,"SE","Kootenay Region",50.18723,-116.90419,2019,TRUE,4,0,0.014,0.0512,0.0021,0.1842
"LABO","79018_SE",79018,"SE","Kootenay Region",50.18723,-116.90419,2020,TRUE,4,0,0.0598,0.1249,0.0264,0.3435
"LABO","79018_SE",79018,"SE","Kootenay Region",50.18723,-116.90419,2021,TRUE,4,0,0.026,0.0932,0.0118,0.2569
"LABO","79018_SE",79018,"SE","Kootenay Region",50.18723,-116.90419,2022,TRUE,4,0,0.1242,0.2414,0.0641,0.535
"LABO","79018_SE",79018,"SE","Kootenay Region",50.18723,-116.90419,2023,TRUE,4,0,0.1031,0.2314,0.0499,0.5337
"LABO","79018_SE",79018,"SE","Kootenay Region",50.18723,-116.90419,2024,TRUE,3,0,0.1682,0.3421,0.1082,0.6543
"LABO","79018_SE",79018,"SE","Kootenay Region",50.18723,-116.90419,2025,TRUE,4,0,0.0442,0.309,0.1021,0.6035
"LABO","79018_SW",79018,"SW","Kootenay Region",50.17771,-116.95968,2017,TRUE,4,0,0.0313,0.1202,0.0082,0.416
"LABO","79018_SW",79018,"SW","Kootenay Region",50.17771,-116.95968,2018,FALSE,0,NA,NA,0.095,0.0103,0.2741
"LABO","79018_SW",79018,"SW","Kootenay Region",50.17771,-116.95968,2019,TRUE,4,0,0.0431,0.1264,0.0133,0.3364
"LABO","79018_SW",79018,"SW","Kootenay Region",50.17771,-116.95968,2020,TRUE,3,0,0.1513,0.2987,0.1252,0.5474
"LABO","79018_SW",79018,"SW","Kootenay Region",50.17771,-116.95968,2021,TRUE,3,0,0.134,0.2872,0.0988,0.5272
"LABO","79018_SW",79018,"SW","Kootenay Region",50.17771,-116.95968,2022,TRUE,4,0,0.3264,0.5283,0.3002,0.7778
"LABO","79018_SW",79018,"SW","Kootenay Region",50.17771,-116.95968,2023,TRUE,4,0,0.3344,0.5414,0.2253,0.8267
"LABO","79018_SW",79018,"SW","Kootenay Region",50.17771,-116.95968,2024,TRUE,4,0,0.472,0.6868,0.4341,0.8984
"LABO","79018_SW",79018,"SW","Kootenay Region",50.17771,-116.95968,2025,FALSE,0,NA,NA,0.659,0.3917,0.8796
"LABO","86074_NE",86074,"NE","South Coastal Region",49.23087,-122.3056,2017,TRUE,4,0,0.0153,0.0666,0.0059,0.2263
"LABO","86074_NE",86074,"NE","South Coastal Region",49.23087,-122.3056,2018,TRUE,3,0,0.0022,0.0093,2e-04,0.0456
"LABO","86074_NE",86074,"NE","South Coastal Region",49.23087,-122.3056,2019,FALSE,0,NA,NA,0.0123,1e-04,0.0613
"LABO","86074_NE",86074,"NE","South Coastal Region",49.23087,-122.3056,2020,TRUE,3,0,0.0378,0.0419,0.0036,0.1569
"LABO","86074_NE",86074,"NE","South Coastal Region",49.23087,-122.3056,2021,TRUE,4,0,0.004,0.0183,8e-04,0.0755
"LABO","86074_NE",86074,"NE","South Coastal Region",49.23087,-122.3056,2022,TRUE,4,0,0.0369,0.0878,0.0136,0.2684
"LABO","86074_NE",86074,"NE","South Coastal Region",49.23087,-122.3056,2023,TRUE,4,0,0.0422,0.071,0.0081,0.2352
"LABO","86074_NE",86074,"NE","South Coastal Region",49.23087,-122.3056,2024,TRUE,4,0,0.0547,0.1126,0.0178,0.3262
"LABO","86074_NE",86074,"NE","South Coastal Region",49.23087,-122.3056,2025,FALSE,0,NA,NA,0.0812,0.0099,0.2215
"LABO","86074_NW",86074,"NW","South Coastal Region",49.18442,-122.40331,2017,TRUE,4,0,0.022,0.0862,0.0061,0.3351
"LABO","86074_NW",86074,"NW","South Coastal Region",49.18442,-122.40331,2018,FALSE,0,NA,NA,0.0162,6e-04,0.0595
"LABO","86074_NW",86074,"NW","South Coastal Region",49.18442,-122.40331,2019,FALSE,0,NA,NA,0.0231,5e-04,0.0949
"LABO","86074_NW",86074,"NW","South Coastal Region",49.18442,-122.40331,2020,TRUE,4,0,0.08,0.0789,0.0169,0.2006
"LABO","86074_NW",86074,"NW","South Coastal Region",49.18442,-122.40331,2021,FALSE,0,NA,NA,0.0434,0.0061,0.1249
"LABO","86074_NW",86074,"NW","South Coastal Region",49.18442,-122.40331,2022,TRUE,4,1,1,0.1706,0.0618,0.358
"LABO","86074_NW",86074,"NW","South Coastal Region",49.18442,-122.40331,2023,FALSE,0,NA,NA,0.1465,0.0346,0.3682
"LABO","86074_NW",86074,"NW","South Coastal Region",49.18442,-122.40331,2024,FALSE,0,NA,NA,0.2245,0.0679,0.4788
"LABO","86074_NW",86074,"NW","South Coastal Region",49.18442,-122.40331,2025,FALSE,0,NA,NA,0.1591,0.0468,0.3146
"LABO","86074_SE",86074,"SE","South Coastal Region",49.16962,-122.3193,2017,TRUE,4,0,0.0349,0.1078,0.0045,0.4941
"LABO","86074_SE",86074,"SE","South Coastal Region",49.16962,-122.3193,2018,FALSE,0,NA,NA,0.0261,0.0013,0.101
"LABO","86074_SE",86074,"SE","South Coastal Region",49.16962,-122.3193,2019,FALSE,0,NA,NA,0.0305,0.0012,0.116
"LABO","86074_SE",86074,"SE","South Coastal Region",49.16962,-122.3193,2020,TRUE,4,0,0.066,0.087,0.0182,0.2202
"LABO","86074_SE",86074,"SE","South Coastal Region",49.16962,-122.3193,2021,TRUE,4,0,0.0507,0.0612,0.01,0.1628
"LABO","86074_SE",86074,"SE","South Coastal Region",49.16962,-122.3193,2022,TRUE,4,1,1,0.174,0.0595,0.3716
"LABO","86074_SE",86074,"SE","South Coastal Region",49.16962,-122.3193,2023,FALSE,0,NA,NA,0.1645,0.0406,0.3967
"LABO","86074_SE",86074,"SE","South Coastal Region",49.16962,-122.3193,2024,FALSE,0,NA,NA,0.2459,0.0758,0.5126
"LABO","86074_SE",86074,"SE","South Coastal Region",49.16962,-122.3193,2025,FALSE,0,NA,NA,0.1871,0.0494,0.3948
"LABO","86074_SW",86074,"SW","South Coastal Region",49.14174,-122.38204,2017,TRUE,2,0,0.0373,0.0764,0.0053,0.2804
"LABO","86074_SW",86074,"SW","South Coastal Region",49.14174,-122.38204,2018,FALSE,0,NA,NA,0.0107,3e-04,0.0434
"LABO","86074_SW",86074,"SW","South Coastal Region",49.14174,-122.38204,2019,TRUE,4,0,0.0071,0.0158,2e-04,0.0675
"LABO","86074_SW",86074,"SW","South Coastal Region",49.14174,-122.38204,2020,TRUE,3,0,0.042,0.0555,0.0091,0.1568
"LABO","86074_SW",86074,"SW","South Coastal Region",49.14174,-122.38204,2021,FALSE,0,NA,NA,0.0258,0.0021,0.0851
"LABO","86074_SW",86074,"SW","South Coastal Region",49.14174,-122.38204,2022,TRUE,4,0,0.0576,0.1171,0.0364,0.2727
"LABO","86074_SW",86074,"SW","South Coastal Region",49.14174,-122.38204,2023,TRUE,4,0,0.1291,0.0978,0.0165,0.272
"LABO","86074_SW",86074,"SW","South Coastal Region",49.14174,-122.38204,2024,TRUE,4,1,1,0.1534,0.0382,0.3566
"LABO","86074_SW",86074,"SW","South Coastal Region",49.14174,-122.38204,2025,FALSE,0,NA,NA,0.111,0.0251,0.2424
"LABO","89962_NE",89962,"NE","Kootenay Region",49.07682,-117.5986,2017,FALSE,0,NA,NA,0.09,0.0085,0.2922
"LABO","89962_NE",89962,"NE","Kootenay Region",49.07682,-117.5986,2018,FALSE,0,NA,NA,0.0846,0.0097,0.236
"LABO","89962_NE",89962,"NE","Kootenay Region",49.07682,-117.5986,2019,FALSE,0,NA,NA,0.1141,0.0116,0.3048
"LABO","89962_NE",89962,"NE","Kootenay Region",49.07682,-117.5986,2020,FALSE,0,NA,NA,0.28,0.1198,0.5157
"LABO","89962_NE",89962,"NE","Kootenay Region",49.07682,-117.5986,2021,FALSE,0,NA,NA,0.274,0.1018,0.4974
"LABO","89962_NE",89962,"NE","Kootenay Region",49.07682,-117.5986,2022,TRUE,4,1,1,0.5095,0.2794,0.7622
"LABO","89962_NE",89962,"NE","Kootenay Region",49.07682,-117.5986,2023,TRUE,4,0,0.6589,0.5264,0.2115,0.8179
"LABO","89962_NE",89962,"NE","Kootenay Region",49.07682,-117.5986,2024,FALSE,0,NA,NA,0.6704,0.3803,0.8915
"LABO","89962_NE",89962,"NE","Kootenay Region",49.07682,-117.5986,2025,TRUE,4,1,1,0.661,0.3961,0.8788
"LABO","89962_SE",89962,"SE","Kootenay Region",49.00974,-117.57236,2017,FALSE,0,NA,NA,0.1143,0.0089,0.387
"LABO","89962_SE",89962,"SE","Kootenay Region",49.00974,-117.57236,2018,FALSE,0,NA,NA,0.0621,0.005,0.2097
"LABO","89962_SE",89962,"SE","Kootenay Region",49.00974,-117.57236,2019,FALSE,0,NA,NA,0.0741,0.0051,0.2283
"LABO","89962_SE",89962,"SE","Kootenay Region",49.00974,-117.57236,2020,FALSE,0,NA,NA,0.1825,0.0583,0.3873
"LABO","89962_SE",89962,"SE","Kootenay Region",49.00974,-117.57236,2021,FALSE,0,NA,NA,0.1577,0.037,0.3499
"LABO","89962_SE",89962,"SE","Kootenay Region",49.00974,-117.57236,2022,TRUE,4,1,1,0.3536,0.1525,0.6261
"LABO","89962_SE",89962,"SE","Kootenay Region",49.00974,-117.57236,2023,FALSE,0,NA,NA,0.3571,0.1231,0.6727
"LABO","89962_SE",89962,"SE","Kootenay Region",49.00974,-117.57236,2024,TRUE,4,0,0.2522,0.4918,0.2285,0.7751
"LABO","89962_SE",89962,"SE","Kootenay Region",49.00974,-117.57236,2025,TRUE,4,0,0.0431,0.4484,0.2014,0.7306
"LABO","89962_SW",89962,"SW","Kootenay Region",49.0077,-117.63034,2017,FALSE,0,NA,NA,0.1028,0.008,0.3682
"LABO","89962_SW",89962,"SW","Kootenay Region",49.0077,-117.63034,2018,FALSE,0,NA,NA,0.0924,0.0068,0.2924
"LABO","89962_SW",89962,"SW","Kootenay Region",49.0077,-117.63034,2019,FALSE,0,NA,NA,0.1296,0.0081,0.3737
"LABO","89962_SW",89962,"SW","Kootenay Region",49.0077,-117.63034,2020,FALSE,0,NA,NA,0.3349,0.1213,0.6459
"LABO","89962_SW",89962,"SW","Kootenay Region",49.0077,-117.63034,2021,FALSE,0,NA,NA,0.2789,0.0721,0.5653
"LABO","89962_SW",89962,"SW","Kootenay Region",49.0077,-117.63034,2022,TRUE,4,0,0.2964,0.5421,0.2821,0.8098
"LABO","89962_SW",89962,"SW","Kootenay Region",49.0077,-117.63034,2023,FALSE,0,NA,NA,0.4896,0.1645,0.8464
"LABO","89962_SW",89962,"SW","Kootenay Region",49.0077,-117.63034,2024,TRUE,4,0,0.4238,0.6573,0.363,0.9084
"LABO","89962_SW",89962,"SW","Kootenay Region",49.0077,-117.63034,2025,TRUE,4,1,1,0.5677,0.2582,0.8813
"LABO","93290_NE",93290,"NE","Okanagan Region",49.44361,-119.56535,2017,FALSE,0,NA,NA,0.2139,0.0477,0.5281
"LABO","93290_NE",93290,"NE","Okanagan Region",49.44361,-119.56535,2018,TRUE,4,0,0.1162,0.1785,0.0494,0.3898
"LABO","93290_NE",93290,"NE","Okanagan Region",49.44361,-119.56535,2019,FALSE,0,NA,NA,0.1998,0.0488,0.4155
"LABO","93290_NE",93290,"NE","Okanagan Region",49.44361,-119.56535,2020,TRUE,4,0,0.6884,0.3397,0.1651,0.5517
"LABO","93290_NE",93290,"NE","Okanagan Region",49.44361,-119.56535,2021,TRUE,4,1,1,0.3674,0.1893,0.5809
"LABO","93290_NE",93290,"NE","Okanagan Region",49.44361,-119.56535,2022,TRUE,4,0,0.9484,0.578,0.3599,0.8014
"LABO","93290_NE",93290,"NE","Okanagan Region",49.44361,-119.56535,2023,TRUE,3,1,1,0.6532,0.3985,0.8743
"LABO","93290_NE",93290,"NE","Okanagan Region",49.44361,-119.56535,2024,FALSE,0,NA,NA,0.7675,0.5335,0.9365
"LABO","93290_NE",93290,"NE","Okanagan Region",49.44361,-119.56535,2025,TRUE,4,1,1,0.7979,0.5878,0.935
"LABO","93290_NW",93290,"NW","Okanagan Region",49.41531,-119.6018,2017,TRUE,4,1,1,0.2129,0.0456,0.533
"LABO","93290_NW",93290,"NW","Okanagan Region",49.41531,-119.6018,2018,TRUE,4,0,0.094,0.0921,0.0136,0.2445
"LABO","93290_NW",93290,"NW","Okanagan Region",49.41531,-119.6018,2019,TRUE,4,0,0.0371,0.0905,0.0101,0.2416
"LABO","93290_NW",93290,"NW","Okanagan Region",49.41531,-119.6018,2020,TRUE,4,0,0.0538,0.1912,0.0718,0.3638
"LABO","93290_NW",93290,"NW","Okanagan Region",49.41531,-119.6018,2021,TRUE,4,0,0.0227,0.1768,0.057,0.3463
"LABO","93290_NW",93290,"NW","Okanagan Region",49.41531,-119.6018,2022,TRUE,4,0,0.1589,0.3672,0.1779,0.6097
"LABO","93290_NW",93290,"NW","Okanagan Region",49.41531,-119.6018,2023,TRUE,4,0,0.2022,0.3852,0.1421,0.6828
"LABO","93290_NW",93290,"NW","Okanagan Region",49.41531,-119.6018,2024,TRUE,4,0,0.3593,0.5209,0.2724,0.7757
"LABO","93290_NW",93290,"NW","Okanagan Region",49.41531,-119.6018,2025,TRUE,4,1,1,0.4895,0.263,0.7304
"LABO","93290_SE",93290,"SE","Okanagan Region",49.38433,-119.56165,2017,TRUE,3,0,0.0793,0.2533,0.0357,0.7104
"LABO","93290_SE",93290,"SE","Okanagan Region",49.38433,-119.56165,2018,TRUE,4,0,0.0073,0.1325,0.0193,0.3852
"LABO","93290_SE",93290,"SE","Okanagan Region",49.38433,-119.56165,2019,TRUE,4,0,0.0184,0.1356,0.018,0.3694
"LABO","93290_SE",93290,"SE","Okanagan Region",49.38433,-119.56165,2020,TRUE,4,0,0.0551,0.2504,0.0899,0.476
"LABO","93290_SE",93290,"SE","Okanagan Region",49.38433,-119.56165,2021,TRUE,4,0,0.036,0.247,0.0833,0.4728
"LABO","93290_SE",93290,"SE","Okanagan Region",49.38433,-119.56165,2022,FALSE,0,NA,NA,0.4483,0.2285,0.7082
"LABO","93290_SE",93290,"SE","Okanagan Region",49.38433,-119.56165,2023,TRUE,4,0,0.5553,0.4841,0.2036,0.7728
"LABO","93290_SE",93290,"SE","Okanagan Region",49.38433,-119.56165,2024,TRUE,4,1,1,0.6174,0.3471,0.855
"LABO","93290_SE",93290,"SE","Okanagan Region",49.38433,-119.56165,2025,TRUE,4,1,1,0.5986,0.3195,0.8408
"LABO","93290_SW",93290,"SW","Okanagan Region",49.37943,-119.59374,2017,TRUE,4,0,0.0333,0.1951,0.0285,0.537
"LABO","93290_SW",93290,"SW","Okanagan Region",49.37943,-119.59374,2018,TRUE,4,0,0.0058,0.1125,0.0177,0.2934
"LABO","93290_SW",93290,"SW","Okanagan Region",49.37943,-119.59374,2019,TRUE,4,0,0.012,0.1163,0.014,0.3039
"LABO","93290_SW",93290,"SW","Okanagan Region",49.37943,-119.59374,2020,TRUE,4,0,0.046,0.2359,0.0937,0.439
"LABO","93290_SW",93290,"SW","Okanagan Region",49.37943,-119.59374,2021,TRUE,4,0,0.026,0.2337,0.0809,0.4451
"LABO","93290_SW",93290,"SW","Okanagan Region",49.37943,-119.59374,2022,TRUE,4,0,0.2624,0.4379,0.2167,0.6975
"LABO","93290_SW",93290,"SW","Okanagan Region",49.37943,-119.59374,2023,TRUE,4,0,0.4753,0.4685,0.1749,0.7796
"LABO","93290_SW",93290,"SW","Okanagan Region",49.37943,-119.59374,2024,TRUE,4,1,1,0.6049,0.3175,0.8581
"LABO","93290_SW",93290,"SW","Okanagan Region",49.37943,-119.59374,2025,TRUE,4,0,0.2669,0.6009,0.3439,0.8451
"LABO","94522_NW",94522,"NW","Northern Region",53.10732,-131.86467,2017,TRUE,3,0,0.5022,0.6265,0.1548,0.9788
"LABO","94522_NW",94522,"NW","Northern Region",53.10732,-131.86467,2018,TRUE,4,0,0.0338,0.0961,0.0041,0.389
"LABO","94522_NW",94522,"NW","Northern Region",53.10732,-131.86467,2019,TRUE,3,0,0.046,0.0824,0.0025,0.3211
"LABO","94522_NW",94522,"NW","Northern Region",53.10732,-131.86467,2020,FALSE,0,NA,NA,0.1728,0.0381,0.4333
"LABO","94522_NW",94522,"NW","Northern Region",53.10732,-131.86467,2021,FALSE,0,NA,NA,0.1172,0.0157,0.3429
"LABO","94522_NW",94522,"NW","Northern Region",53.10732,-131.86467,2022,FALSE,0,NA,NA,0.3057,0.1067,0.6329
"LABO","94522_NW",94522,"NW","Northern Region",53.10732,-131.86467,2023,FALSE,0,NA,NA,0.2598,0.074,0.5304
"LABO","94522_NW",94522,"NW","Northern Region",53.10732,-131.86467,2024,FALSE,0,NA,NA,0.3907,0.1573,0.6762
"LABO","94522_NW",94522,"NW","Northern Region",53.10732,-131.86467,2025,FALSE,0,NA,NA,0.2942,0.0984,0.6029
"LABO","94522_SE",94522,"SE","Northern Region",53.08196,-131.77925,2017,TRUE,4,0,0.4633,0.6252,0.167,0.9756
"LABO","94522_SE",94522,"SE","Northern Region",53.08196,-131.77925,2018,TRUE,4,0,0.0316,0.092,0.0032,0.4163
"LABO","94522_SE",94522,"SE","Northern Region",53.08196,-131.77925,2019,TRUE,3,0,0.03,0.0586,0.0017,0.274
"LABO","94522_SE",94522,"SE","Northern Region",53.08196,-131.77925,2020,FALSE,0,NA,NA,0.1042,0.0155,0.3091
"LABO","94522_SE",94522,"SE","Northern Region",53.08196,-131.77925,2021,FALSE,0,NA,NA,0.0716,0.0059,0.2442
"LABO","94522_SE",94522,"SE","Northern Region",53.08196,-131.77925,2022,FALSE,0,NA,NA,0.1917,0.0409,0.4779
"LABO","94522_SE",94522,"SE","Northern Region",53.08196,-131.77925,2023,FALSE,0,NA,NA,0.1718,0.0312,0.4419
"LABO","94522_SE",94522,"SE","Northern Region",53.08196,-131.77925,2024,FALSE,0,NA,NA,0.2603,0.0647,0.5714
"LABO","94522_SE",94522,"SE","Northern Region",53.08196,-131.77925,2025,FALSE,0,NA,NA,0.2019,0.045,0.4566
"LABO","9466_NE",9466,"NE","Northern Region",57.34435,-125.50932,2017,FALSE,0,NA,NA,0.6091,0.2204,0.9538
"LABO","9466_NE",9466,"NE","Northern Region",57.34435,-125.50932,2018,FALSE,0,NA,NA,0.5256,0.1967,0.8609
"LABO","9466_NE",9466,"NE","Northern Region",57.34435,-125.50932,2019,FALSE,0,NA,NA,0.5058,0.1712,0.8403
"LABO","9466_NE",9466,"NE","Northern Region",57.34435,-125.50932,2020,FALSE,0,NA,NA,0.5649,0.2804,0.8557
"LABO","9466_NE",9466,"NE","Northern Region",57.34435,-125.50932,2021,FALSE,0,NA,NA,0.5712,0.2864,0.8564
"LABO","9466_NE",9466,"NE","Northern Region",57.34435,-125.50932,2022,TRUE,3,0,0.4198,0.6883,0.4448,0.908
"LABO","9466_NE",9466,"NE","Northern Region",57.34435,-125.50932,2023,FALSE,0,NA,NA,0.7281,0.4774,0.9251
"LABO","9466_NE",9466,"NE","Northern Region",57.34435,-125.50932,2024,TRUE,3,0,0.5438,0.8057,0.6004,0.9598
"LABO","9466_NE",9466,"NE","Northern Region",57.34435,-125.50932,2025,FALSE,0,NA,NA,0.832,0.6487,0.9621
"LABO","9466_NW",9466,"NW","Northern Region",57.3459,-125.55037,2017,FALSE,0,NA,NA,0.6081,0.092,0.9912
"LABO","9466_NW",9466,"NW","Northern Region",57.3459,-125.55037,2018,FALSE,0,NA,NA,0.5675,0.1128,0.9574
"LABO","9466_NW",9466,"NW","Northern Region",57.3459,-125.55037,2019,FALSE,0,NA,NA,0.5719,0.1444,0.9475
"LABO","9466_NW",9466,"NW","Northern Region",57.3459,-125.55037,2020,FALSE,0,NA,NA,0.6365,0.2622,0.9515
"LABO","9466_NW",9466,"NW","Northern Region",57.3459,-125.55037,2021,FALSE,0,NA,NA,0.6503,0.2891,0.9504
"LABO","9466_NW",9466,"NW","Northern Region",57.3459,-125.55037,2022,TRUE,4,1,1,0.7535,0.4452,0.9678
"LABO","9466_NW",9466,"NW","Northern Region",57.3459,-125.55037,2023,FALSE,0,NA,NA,0.796,0.5072,0.977
"LABO","9466_NW",9466,"NW","Northern Region",57.3459,-125.55037,2024,TRUE,3,0,0.98,0.8551,0.5991,0.9877
"LABO","9466_NW",9466,"NW","Northern Region",57.3459,-125.55037,2025,TRUE,4,1,1,0.8816,0.6584,0.9881
"LABO","9466_SE",9466,"SE","Northern Region",57.31575,-125.49037,2017,FALSE,0,NA,NA,0.5759,0.2799,0.8568
"LABO","9466_SE",9466,"SE","Northern Region",57.31575,-125.49037,2018,FALSE,0,NA,NA,0.3793,0.0595,0.7301
"LABO","9466_SE",9466,"SE","Northern Region",57.31575,-125.49037,2019,FALSE,0,NA,NA,0.316,0.0278,0.6947
"LABO","9466_SE",9466,"SE","Northern Region",57.31575,-125.49037,2020,FALSE,0,NA,NA,0.3225,0.0669,0.6824
"LABO","9466_SE",9466,"SE","Northern Region",57.31575,-125.49037,2021,FALSE,0,NA,NA,0.305,0.0473,0.673
"LABO","9466_SE",9466,"SE","Northern Region",57.31575,-125.49037,2022,TRUE,4,0,0.3171,0.3813,0.1267,0.697
"LABO","9466_SE",9466,"SE","Northern Region",57.31575,-125.49037,2023,FALSE,0,NA,NA,0.3952,0.1025,0.7179
"LABO","9466_SE",9466,"SE","Northern Region",57.31575,-125.49037,2024,TRUE,3,0,0.602,0.4692,0.165,0.7694
"LABO","9466_SE",9466,"SE","Northern Region",57.31575,-125.49037,2025,TRUE,4,1,1,0.4873,0.2064,0.7723
"LABO","9466_SW",9466,"SW","Northern Region",57.29483,-125.51474,2017,FALSE,0,NA,NA,0.6059,0.2483,0.9393
"LABO","9466_SW",9466,"SW","Northern Region",57.29483,-125.51474,2018,FALSE,0,NA,NA,0.5463,0.2417,0.8506
"LABO","9466_SW",9466,"SW","Northern Region",57.29483,-125.51474,2019,FALSE,0,NA,NA,0.5298,0.2337,0.8298
"LABO","9466_SW",9466,"SW","Northern Region",57.29483,-125.51474,2020,FALSE,0,NA,NA,0.5793,0.3209,0.8369
"LABO","9466_SW",9466,"SW","Northern Region",57.29483,-125.51474,2021,FALSE,0,NA,NA,0.5869,0.3429,0.8378
"LABO","9466_SW",9466,"SW","Northern Region",57.29483,-125.51474,2022,TRUE,4,0,0.5071,0.6916,0.4853,0.8918
"LABO","9466_SW",9466,"SW","Northern Region",57.29483,-125.51474,2023,FALSE,0,NA,NA,0.7332,0.5229,0.9155
"LABO","9466_SW",9466,"SW","Northern Region",57.29483,-125.51474,2024,TRUE,3,0,0.7638,0.8045,0.6226,0.9534
"LABO","9466_SW",9466,"SW","Northern Region",57.29483,-125.51474,2025,TRUE,4,1,1,0.8343,0.6823,0.9511
"LABO","986_NE",986,"NE","Northern Region",53.188,-121.30225,2017,FALSE,0,NA,NA,0.6019,0.0865,0.9909
"LABO","986_NE",986,"NE","Northern Region",53.188,-121.30225,2018,TRUE,3,0,0.2742,0.6098,0.1291,0.9779
"LABO","986_NE",986,"NE","Northern Region",53.188,-121.30225,2019,TRUE,3,0,0.2873,0.6435,0.1847,0.9775
"LABO","986_NE",986,"NE","Northern Region",53.188,-121.30225,2020,TRUE,4,0,0.3818,0.7437,0.3624,0.9836
"LABO","986_NE",986,"NE","Northern Region",53.188,-121.30225,2021,TRUE,4,0,0.4182,0.7692,0.403,0.9866
"LABO","986_NE",986,"NE","Northern Region",53.188,-121.30225,2022,TRUE,4,1,1,0.8658,0.5701,0.9942
"LABO","986_NE",986,"NE","Northern Region",53.188,-121.30225,2023,TRUE,4,1,1,0.9009,0.6444,0.9966
"LABO","986_NE",986,"NE","Northern Region",53.188,-121.30225,2024,TRUE,4,0,0.9942,0.9372,0.735,0.9989
"LABO","986_NE",986,"NE","Northern Region",53.188,-121.30225,2025,TRUE,4,1,1,0.9535,0.7859,0.9991
"LABO","986_SE",986,"SE","Northern Region",53.1392,-121.2577,2017,FALSE,0,NA,NA,0.5957,0.2333,0.9381
"LABO","986_SE",986,"SE","Northern Region",53.1392,-121.2577,2018,FALSE,0,NA,NA,0.5904,0.2573,0.9058
"LABO","986_SE",986,"SE","Northern Region",53.1392,-121.2577,2019,TRUE,3,0,0.5242,0.6105,0.284,0.9088
"LABO","986_SE",986,"SE","Northern Region",53.1392,-121.2577,2020,TRUE,2,0,0.6904,0.7065,0.4279,0.9383
"LABO","986_SE",986,"SE","Northern Region",53.1392,-121.2577,2021,FALSE,0,NA,NA,0.7298,0.4568,0.9489
"LABO","986_SE",986,"SE","Northern Region",53.1392,-121.2577,2022,TRUE,4,1,1,0.8345,0.607,0.9812
"LABO","986_SE",986,"SE","Northern Region",53.1392,-121.2577,2023,TRUE,4,0,0.9722,0.8705,0.6466,0.9894
"LABO","986_SE",986,"SE","Northern Region",53.1392,-121.2577,2024,TRUE,4,1,1,0.917,0.7359,0.996
"LABO","986_SE",986,"SE","Northern Region",53.1392,-121.2577,2025,TRUE,4,1,1,0.9346,0.7719,0.997
