"species","site","GRTS_Cell_ID","Quadrant","region","lat","long","year","surveyed","n_visits","detected","p_occupied","psi_expected","psi_expected_lo95","psi_expected_hi95"
"MYCA","110378_NE",110378,"NE","Okanagan Region",49.04717,-119.5574,2017,FALSE,0,NA,NA,0.5934,0.3019,0.8452
"MYCA","110378_NE",110378,"NE","Okanagan Region",49.04717,-119.5574,2018,TRUE,2,0,0.2347,0.6695,0.4854,0.8305
"MYCA","110378_NE",110378,"NE","Okanagan Region",49.04717,-119.5574,2019,TRUE,4,1,1,0.7549,0.6173,0.8684
"MYCA","110378_NE",110378,"NE","Okanagan Region",49.04717,-119.5574,2020,TRUE,4,1,1,0.6898,0.5169,0.8379
"MYCA","110378_NE",110378,"NE","Okanagan Region",49.04717,-119.5574,2021,TRUE,4,1,1,0.7786,0.6455,0.8816
"MYCA","110378_NE",110378,"NE","Okanagan Region",49.04717,-119.5574,2022,TRUE,4,1,1,0.7989,0.6715,0.8982
"MYCA","110378_NE",110378,"NE","Okanagan Region",49.04717,-119.5574,2023,TRUE,4,1,1,0.7941,0.665,0.8916
"MYCA","110378_NE",110378,"NE","Okanagan Region",49.04717,-119.5574,2024,TRUE,4,1,1,0.7997,0.6699,0.8995
"MYCA","110378_NE",110378,"NE","Okanagan Region",49.04717,-119.5574,2025,TRUE,4,1,1,0.7887,0.6554,0.8935
"MYCA","110378_NW",110378,"NW","Okanagan Region",49.03536,-119.57546,2017,TRUE,4,1,1,0.7746,0.4742,0.9548
"MYCA","110378_NW",110378,"NW","Okanagan Region",49.03536,-119.57546,2018,TRUE,4,1,1,0.7842,0.5885,0.9151
"MYCA","110378_NW",110378,"NW","Okanagan Region",49.03536,-119.57546,2019,TRUE,4,1,1,0.8124,0.68,0.9082
"MYCA","110378_NW",110378,"NW","Okanagan Region",49.03536,-119.57546,2020,TRUE,4,1,1,0.7448,0.5778,0.8797
"MYCA","110378_NW",110378,"NW","Okanagan Region",49.03536,-119.57546,2021,TRUE,4,1,1,0.8083,0.6818,0.906
"MYCA","110378_NW",110378,"NW","Okanagan Region",49.03536,-119.57546,2022,TRUE,4,1,1,0.8237,0.6958,0.9175
"MYCA","110378_NW",110378,"NW","Okanagan Region",49.03536,-119.57546,2023,TRUE,4,1,1,0.8194,0.6885,0.9151
"MYCA","110378_NW",110378,"NW","Okanagan Region",49.03536,-119.57546,2024,TRUE,4,1,1,0.8234,0.6926,0.9201
"MYCA","110378_NW",110378,"NW","Okanagan Region",49.03536,-119.57546,2025,TRUE,4,1,1,0.8143,0.6788,0.9167
"MYCA","110378_SE",110378,"SE","Okanagan Region",49.01485,-119.53228,2017,FALSE,0,NA,NA,0.6738,0.3533,0.904
"MYCA","110378_SE",110378,"SE","Okanagan Region",49.01485,-119.53228,2018,TRUE,2,0,0.4682,0.7023,0.4918,0.8646
"MYCA","110378_SE",110378,"SE","Okanagan Region",49.01485,-119.53228,2019,TRUE,4,1,1,0.7546,0.6053,0.8708
"MYCA","110378_SE",110378,"SE","Okanagan Region",49.01485,-119.53228,2020,TRUE,4,0,0.5513,0.6894,0.5208,0.8375
"MYCA","110378_SE",110378,"SE","Okanagan Region",49.01485,-119.53228,2021,TRUE,4,1,1,0.7598,0.6202,0.873
"MYCA","110378_SE",110378,"SE","Okanagan Region",49.01485,-119.53228,2022,TRUE,4,0,0.0158,0.7803,0.6394,0.8909
"MYCA","110378_SE",110378,"SE","Okanagan Region",49.01485,-119.53228,2023,TRUE,4,0,4e-04,0.7759,0.6366,0.8862
"MYCA","110378_SE",110378,"SE","Okanagan Region",49.01485,-119.53228,2024,TRUE,4,0,0.0056,0.7805,0.6391,0.8925
"MYCA","110378_SE",110378,"SE","Okanagan Region",49.01485,-119.53228,2025,TRUE,4,1,1,0.7709,0.6256,0.8875
"MYCA","110378_SW",110378,"SW","Okanagan Region",49.00412,-119.59552,2017,TRUE,4,1,1,0.742,0.4772,0.925
"MYCA","110378_SW",110378,"SW","Okanagan Region",49.00412,-119.59552,2018,TRUE,4,1,1,0.7771,0.6077,0.9023
"MYCA","110378_SW",110378,"SW","Okanagan Region",49.00412,-119.59552,2019,TRUE,4,1,1,0.8253,0.7108,0.9101
"MYCA","110378_SW",110378,"SW","Okanagan Region",49.00412,-119.59552,2020,TRUE,4,1,1,0.7702,0.6226,0.8887
"MYCA","110378_SW",110378,"SW","Okanagan Region",49.00412,-119.59552,2021,TRUE,4,1,1,0.8354,0.7286,0.9154
"MYCA","110378_SW",110378,"SW","Okanagan Region",49.00412,-119.59552,2022,TRUE,4,1,1,0.8521,0.7495,0.927
"MYCA","110378_SW",110378,"SW","Okanagan Region",49.00412,-119.59552,2023,TRUE,4,1,1,0.8495,0.7462,0.9265
"MYCA","110378_SW",110378,"SW","Okanagan Region",49.00412,-119.59552,2024,TRUE,4,1,1,0.8542,0.75,0.931
"MYCA","110378_SW",110378,"SW","Okanagan Region",49.00412,-119.59552,2025,TRUE,4,1,1,0.8464,0.7379,0.9267
"MYCA","111466_NE",111466,"NE","Kootenay Region",49.00129,-115.06184,2017,FALSE,0,NA,NA,0.8608,0.6717,0.9694
"MYCA","111466_NE",111466,"NE","Kootenay Region",49.00129,-115.06184,2018,FALSE,0,NA,NA,0.8222,0.6864,0.9247
"MYCA","111466_NE",111466,"NE","Kootenay Region",49.00129,-115.06184,2019,FALSE,0,NA,NA,0.8149,0.6983,0.9021
"MYCA","111466_NE",111466,"NE","Kootenay Region",49.00129,-115.06184,2020,FALSE,0,NA,NA,0.7201,0.5468,0.8529
"MYCA","111466_NE",111466,"NE","Kootenay Region",49.00129,-115.06184,2021,FALSE,0,NA,NA,0.8087,0.6995,0.895
"MYCA","111466_NE",111466,"NE","Kootenay Region",49.00129,-115.06184,2022,FALSE,0,NA,NA,0.8202,0.7114,0.9038
"MYCA","111466_NE",111466,"NE","Kootenay Region",49.00129,-115.06184,2023,TRUE,4,1,1,0.8123,0.6998,0.8984
"MYCA","111466_NE",111466,"NE","Kootenay Region",49.00129,-115.06184,2024,FALSE,0,NA,NA,0.8178,0.7039,0.905
"MYCA","111466_NE",111466,"NE","Kootenay Region",49.00129,-115.06184,2025,TRUE,4,1,1,0.8044,0.6879,0.8969
"MYCA","111466_NW",111466,"NW","Kootenay Region",49.01861,-115.09568,2017,FALSE,0,NA,NA,0.6797,0.4179,0.885
"MYCA","111466_NW",111466,"NW","Kootenay Region",49.01861,-115.09568,2018,FALSE,0,NA,NA,0.6984,0.5153,0.8533
"MYCA","111466_NW",111466,"NW","Kootenay Region",49.01861,-115.09568,2019,FALSE,0,NA,NA,0.7339,0.5836,0.8577
"MYCA","111466_NW",111466,"NW","Kootenay Region",49.01861,-115.09568,2020,FALSE,0,NA,NA,0.6277,0.4313,0.8062
"MYCA","111466_NW",111466,"NW","Kootenay Region",49.01861,-115.09568,2021,FALSE,0,NA,NA,0.7476,0.6066,0.8614
"MYCA","111466_NW",111466,"NW","Kootenay Region",49.01861,-115.09568,2022,FALSE,0,NA,NA,0.7563,0.6201,0.8695
"MYCA","111466_NW",111466,"NW","Kootenay Region",49.01861,-115.09568,2023,TRUE,4,0,0.0407,0.7431,0.5945,0.8612
"MYCA","111466_NW",111466,"NW","Kootenay Region",49.01861,-115.09568,2024,FALSE,0,NA,NA,0.7495,0.604,0.866
"MYCA","111466_NW",111466,"NW","Kootenay Region",49.01861,-115.09568,2025,TRUE,4,1,1,0.7312,0.584,0.8514
"MYCA","114602_NE",114602,"NE","South Coastal Region",49.70588,-125.06708,2017,FALSE,0,NA,NA,0.7021,0.4701,0.8899
"MYCA","114602_NE",114602,"NE","South Coastal Region",49.70588,-125.06708,2018,TRUE,3,1,1,0.8494,0.7286,0.9356
"MYCA","114602_NE",114602,"NE","South Coastal Region",49.70588,-125.06708,2019,TRUE,4,1,1,0.9233,0.8557,0.9692
"MYCA","114602_NE",114602,"NE","South Coastal Region",49.70588,-125.06708,2020,FALSE,0,NA,NA,0.8982,0.7786,0.9699
"MYCA","114602_NE",114602,"NE","South Coastal Region",49.70588,-125.06708,2021,FALSE,0,NA,NA,0.9485,0.8944,0.9831
"MYCA","114602_NE",114602,"NE","South Coastal Region",49.70588,-125.06708,2022,TRUE,4,1,1,0.9526,0.9034,0.9849
"MYCA","114602_NE",114602,"NE","South Coastal Region",49.70588,-125.06708,2023,FALSE,0,NA,NA,0.9525,0.9004,0.9855
"MYCA","114602_NE",114602,"NE","South Coastal Region",49.70588,-125.06708,2024,TRUE,4,1,1,0.956,0.9045,0.9867
"MYCA","114602_NE",114602,"NE","South Coastal Region",49.70588,-125.06708,2025,TRUE,4,1,1,0.951,0.8966,0.9854
"MYCA","114602_NW",114602,"NW","South Coastal Region",49.67623,-125.13792,2017,FALSE,0,NA,NA,0.483,0.2195,0.7559
"MYCA","114602_NW",114602,"NW","South Coastal Region",49.67623,-125.13792,2018,TRUE,3,1,1,0.7164,0.5321,0.8593
"MYCA","114602_NW",114602,"NW","South Coastal Region",49.67623,-125.13792,2019,TRUE,4,1,1,0.8454,0.7289,0.9315
"MYCA","114602_NW",114602,"NW","South Coastal Region",49.67623,-125.13792,2020,TRUE,4,1,1,0.7993,0.6122,0.9306
"MYCA","114602_NW",114602,"NW","South Coastal Region",49.67623,-125.13792,2021,TRUE,4,1,1,0.8888,0.7909,0.9585
"MYCA","114602_NW",114602,"NW","South Coastal Region",49.67623,-125.13792,2022,TRUE,4,1,1,0.896,0.8047,0.9624
"MYCA","114602_NW",114602,"NW","South Coastal Region",49.67623,-125.13792,2023,FALSE,0,NA,NA,0.8943,0.795,0.9637
"MYCA","114602_NW",114602,"NW","South Coastal Region",49.67623,-125.13792,2024,TRUE,4,1,1,0.9003,0.7997,0.9661
"MYCA","114602_NW",114602,"NW","South Coastal Region",49.67623,-125.13792,2025,TRUE,4,1,1,0.8906,0.7858,0.9639
"MYCA","114602_SE",114602,"SE","South Coastal Region",49.65756,-125.0438,2017,FALSE,0,NA,NA,0.8539,0.6412,0.9742
"MYCA","114602_SE",114602,"SE","South Coastal Region",49.65756,-125.0438,2018,TRUE,3,0,0.5131,0.9035,0.7924,0.9711
"MYCA","114602_SE",114602,"SE","South Coastal Region",49.65756,-125.0438,2019,TRUE,4,1,1,0.9402,0.8792,0.9782
"MYCA","114602_SE",114602,"SE","South Coastal Region",49.65756,-125.0438,2020,TRUE,4,1,1,0.9212,0.8345,0.9758
"MYCA","114602_SE",114602,"SE","South Coastal Region",49.65756,-125.0438,2021,TRUE,4,1,1,0.9545,0.9061,0.9854
"MYCA","114602_SE",114602,"SE","South Coastal Region",49.65756,-125.0438,2022,TRUE,4,1,1,0.9602,0.9163,0.9872
"MYCA","114602_SE",114602,"SE","South Coastal Region",49.65756,-125.0438,2023,FALSE,0,NA,NA,0.9602,0.9149,0.9875
"MYCA","114602_SE",114602,"SE","South Coastal Region",49.65756,-125.0438,2024,TRUE,4,1,1,0.9626,0.918,0.9891
"MYCA","114602_SE",114602,"SE","South Coastal Region",49.65756,-125.0438,2025,TRUE,4,1,1,0.9595,0.9104,0.9883
"MYCA","114602_SW",114602,"SW","South Coastal Region",49.64146,-125.08654,2017,FALSE,0,NA,NA,0.7838,0.5646,0.9369
"MYCA","114602_SW",114602,"SW","South Coastal Region",49.64146,-125.08654,2018,TRUE,4,1,1,0.8683,0.7573,0.9481
"MYCA","114602_SW",114602,"SW","South Coastal Region",49.64146,-125.08654,2019,TRUE,4,1,1,0.9209,0.8556,0.9671
"MYCA","114602_SW",114602,"SW","South Coastal Region",49.64146,-125.08654,2020,TRUE,4,1,1,0.8905,0.7754,0.9659
"MYCA","114602_SW",114602,"SW","South Coastal Region",49.64146,-125.08654,2021,TRUE,4,1,1,0.9404,0.883,0.9789
"MYCA","114602_SW",114602,"SW","South Coastal Region",49.64146,-125.08654,2022,TRUE,2,1,1,0.946,0.8949,0.9809
"MYCA","114602_SW",114602,"SW","South Coastal Region",49.64146,-125.08654,2023,FALSE,0,NA,NA,0.9455,0.8933,0.9817
"MYCA","114602_SW",114602,"SW","South Coastal Region",49.64146,-125.08654,2024,TRUE,4,1,1,0.949,0.8954,0.9832
"MYCA","114602_SW",114602,"SW","South Coastal Region",49.64146,-125.08654,2025,TRUE,4,1,1,0.9438,0.8864,0.9815
"MYCA","115322_NE",115322,"NE","Northern Region",52.37764,-125.98565,2017,FALSE,0,NA,NA,0.2631,0.065,0.5346
"MYCA","115322_NE",115322,"NE","Northern Region",52.37764,-125.98565,2018,TRUE,3,1,1,0.272,0.1318,0.4616
"MYCA","115322_NE",115322,"NE","Northern Region",52.37764,-125.98565,2019,FALSE,0,NA,NA,0.3305,0.1954,0.4936
"MYCA","115322_NE",115322,"NE","Northern Region",52.37764,-125.98565,2020,TRUE,3,1,1,0.2581,0.1357,0.4204
"MYCA","115322_NE",115322,"NE","Northern Region",52.37764,-125.98565,2021,TRUE,4,1,1,0.324,0.1822,0.4855
"MYCA","115322_NE",115322,"NE","Northern Region",52.37764,-125.98565,2022,TRUE,3,0,0.4262,0.3414,0.2015,0.5113
"MYCA","115322_NE",115322,"NE","Northern Region",52.37764,-125.98565,2023,TRUE,4,1,1,0.32,0.179,0.4909
"MYCA","115322_NE",115322,"NE","Northern Region",52.37764,-125.98565,2024,FALSE,0,NA,NA,0.3159,0.1697,0.4892
"MYCA","115322_NE",115322,"NE","Northern Region",52.37764,-125.98565,2025,TRUE,4,1,1,0.3004,0.1541,0.4773
"MYCA","115322_NW",115322,"NW","Northern Region",52.37481,-126.08159,2017,FALSE,0,NA,NA,0.8039,0.4457,0.9836
"MYCA","115322_NW",115322,"NW","Northern Region",52.37481,-126.08159,2018,TRUE,2,1,1,0.7513,0.472,0.9229
"MYCA","115322_NW",115322,"NW","Northern Region",52.37481,-126.08159,2019,TRUE,3,1,1,0.7215,0.5122,0.8757
"MYCA","115322_NW",115322,"NW","Northern Region",52.37481,-126.08159,2020,TRUE,3,1,1,0.6241,0.3995,0.8142
"MYCA","115322_NW",115322,"NW","Northern Region",52.37481,-126.08159,2021,TRUE,4,1,1,0.653,0.4492,0.8252
"MYCA","115322_NW",115322,"NW","Northern Region",52.37481,-126.08159,2022,TRUE,3,1,1,0.6558,0.4469,0.83
"MYCA","115322_NW",115322,"NW","Northern Region",52.37481,-126.08159,2023,TRUE,4,1,1,0.6422,0.4263,0.8225
"MYCA","115322_NW",115322,"NW","Northern Region",52.37481,-126.08159,2024,TRUE,4,1,1,0.6381,0.4168,0.826
"MYCA","115322_NW",115322,"NW","Northern Region",52.37481,-126.08159,2025,TRUE,4,1,1,0.6234,0.3918,0.8191
"MYCA","115322_SE",115322,"SE","Northern Region",52.35752,-126.01253,2017,FALSE,0,NA,NA,0.5481,0.2419,0.8247
"MYCA","115322_SE",115322,"SE","Northern Region",52.35752,-126.01253,2018,TRUE,2,1,1,0.5126,0.298,0.7337
"MYCA","115322_SE",115322,"SE","Northern Region",52.35752,-126.01253,2019,TRUE,3,1,1,0.5191,0.3491,0.6892
"MYCA","115322_SE",115322,"SE","Northern Region",52.35752,-126.01253,2020,FALSE,0,NA,NA,0.4249,0.2574,0.6072
"MYCA","115322_SE",115322,"SE","Northern Region",52.35752,-126.01253,2021,TRUE,2,0,0.3487,0.4773,0.3206,0.6372
"MYCA","115322_SE",115322,"SE","Northern Region",52.35752,-126.01253,2022,TRUE,4,1,1,0.4922,0.3319,0.658
"MYCA","115322_SE",115322,"SE","Northern Region",52.35752,-126.01253,2023,TRUE,4,1,1,0.4776,0.3145,0.6491
"MYCA","115322_SE",115322,"SE","Northern Region",52.35752,-126.01253,2024,TRUE,3,1,1,0.4752,0.3041,0.6523
"MYCA","115322_SE",115322,"SE","Northern Region",52.35752,-126.01253,2025,TRUE,4,1,1,0.4601,0.2834,0.6414
"MYCA","115322_SW",115322,"SW","Northern Region",52.34498,-126.07967,2017,FALSE,0,NA,NA,0.4906,0.2097,0.7714
"MYCA","115322_SW",115322,"SW","Northern Region",52.34498,-126.07967,2018,TRUE,3,1,1,0.4747,0.2856,0.6746
"MYCA","115322_SW",115322,"SW","Northern Region",52.34498,-126.07967,2019,TRUE,3,1,1,0.5175,0.33,0.7106
"MYCA","115322_SW",115322,"SW","Northern Region",52.34498,-126.07967,2020,TRUE,3,1,1,0.4037,0.2218,0.6183
"MYCA","115322_SW",115322,"SW","Northern Region",52.34498,-126.07967,2021,TRUE,2,1,1,0.5106,0.3101,0.7053
"MYCA","115322_SW",115322,"SW","Northern Region",52.34498,-126.07967,2022,TRUE,2,0,0.5093,0.5215,0.3218,0.717
"MYCA","115322_SW",115322,"SW","Northern Region",52.34498,-126.07967,2023,TRUE,4,1,1,0.4941,0.2968,0.6931
"MYCA","115322_SW",115322,"SW","Northern Region",52.34498,-126.07967,2024,TRUE,3,1,1,0.494,0.2898,0.6988
"MYCA","115322_SW",115322,"SW","Northern Region",52.34498,-126.07967,2025,TRUE,4,1,1,0.4733,0.2712,0.6808
"MYCA","1194_NW",1194,"NW","Kootenay Region",50.11749,-117.523,2017,TRUE,4,1,1,0.8441,0.6573,0.9601
"MYCA","1194_NW",1194,"NW","Kootenay Region",50.11749,-117.523,2018,TRUE,2,1,1,0.8197,0.6839,0.9248
"MYCA","1194_NW",1194,"NW","Kootenay Region",50.11749,-117.523,2019,TRUE,4,1,1,0.8185,0.6967,0.9073
"MYCA","1194_NW",1194,"NW","Kootenay Region",50.11749,-117.523,2020,TRUE,4,1,1,0.7213,0.5394,0.8638
"MYCA","1194_NW",1194,"NW","Kootenay Region",50.11749,-117.523,2021,TRUE,4,1,1,0.8323,0.7337,0.9122
"MYCA","1194_NW",1194,"NW","Kootenay Region",50.11749,-117.523,2022,TRUE,4,1,1,0.8352,0.7374,0.912
"MYCA","1194_NW",1194,"NW","Kootenay Region",50.11749,-117.523,2023,TRUE,4,1,1,0.8282,0.7233,0.9104
"MYCA","1194_NW",1194,"NW","Kootenay Region",50.11749,-117.523,2024,TRUE,4,1,1,0.836,0.7335,0.9168
"MYCA","1194_NW",1194,"NW","Kootenay Region",50.11749,-117.523,2025,TRUE,3,0,0.2513,0.8204,0.7154,0.9045
"MYCA","1194_SW",1194,"SW","Kootenay Region",50.0903,-117.4679,2017,TRUE,4,1,1,0.9413,0.8009,0.9946
"MYCA","1194_SW",1194,"SW","Kootenay Region",50.0903,-117.4679,2018,FALSE,0,NA,NA,0.9127,0.8156,0.9734
"MYCA","1194_SW",1194,"SW","Kootenay Region",50.0903,-117.4679,2019,TRUE,4,1,1,0.9022,0.816,0.9598
"MYCA","1194_SW",1194,"SW","Kootenay Region",50.0903,-117.4679,2020,TRUE,4,1,1,0.8403,0.6871,0.9368
"MYCA","1194_SW",1194,"SW","Kootenay Region",50.0903,-117.4679,2021,TRUE,4,1,1,0.8984,0.8108,0.958
"MYCA","1194_SW",1194,"SW","Kootenay Region",50.0903,-117.4679,2022,FALSE,0,NA,NA,0.9046,0.8184,0.9607
"MYCA","1194_SW",1194,"SW","Kootenay Region",50.0903,-117.4679,2023,FALSE,0,NA,NA,0.9015,0.8106,0.9612
"MYCA","1194_SW",1194,"SW","Kootenay Region",50.0903,-117.4679,2024,FALSE,0,NA,NA,0.9057,0.8152,0.964
"MYCA","1194_SW",1194,"SW","Kootenay Region",50.0903,-117.4679,2025,FALSE,0,NA,NA,0.8975,0.8003,0.9604
"MYCA","12522_NE",12522,"NE","South Coastal Region",49.72155,-124.51563,2017,FALSE,0,NA,NA,0.7451,0.5194,0.9117
"MYCA","12522_NE",12522,"NE","South Coastal Region",49.72155,-124.51563,2018,FALSE,0,NA,NA,0.8626,0.7535,0.9423
"MYCA","12522_NE",12522,"NE","South Coastal Region",49.72155,-124.51563,2019,TRUE,3,1,1,0.9187,0.8473,0.9669
"MYCA","12522_NE",12522,"NE","South Coastal Region",49.72155,-124.51563,2020,TRUE,3,0,0.6633,0.8803,0.7449,0.966
"MYCA","12522_NE",12522,"NE","South Coastal Region",49.72155,-124.51563,2021,TRUE,4,1,1,0.9398,0.8809,0.9802
"MYCA","12522_NE",12522,"NE","South Coastal Region",49.72155,-124.51563,2022,TRUE,3,1,1,0.9425,0.8852,0.9815
"MYCA","12522_NE",12522,"NE","South Coastal Region",49.72155,-124.51563,2023,FALSE,0,NA,NA,0.942,0.8814,0.9816
"MYCA","12522_NE",12522,"NE","South Coastal Region",49.72155,-124.51563,2024,FALSE,0,NA,NA,0.9461,0.8875,0.9831
"MYCA","12522_NE",12522,"NE","South Coastal Region",49.72155,-124.51563,2025,FALSE,0,NA,NA,0.9396,0.8777,0.9809
"MYCA","12522_NW",12522,"NW","South Coastal Region",49.75757,-124.56308,2017,TRUE,4,1,1,0.5821,0.2921,0.8433
"MYCA","12522_NW",12522,"NW","South Coastal Region",49.75757,-124.56308,2018,TRUE,3,1,1,0.8355,0.6815,0.9365
"MYCA","12522_NW",12522,"NW","South Coastal Region",49.75757,-124.56308,2019,TRUE,2,0,0.7164,0.9218,0.837,0.9729
"MYCA","12522_NW",12522,"NW","South Coastal Region",49.75757,-124.56308,2020,TRUE,3,0,0.5318,0.8893,0.7321,0.9751
"MYCA","12522_NW",12522,"NW","South Coastal Region",49.75757,-124.56308,2021,FALSE,0,NA,NA,0.9494,0.8885,0.9864
"MYCA","12522_NW",12522,"NW","South Coastal Region",49.75757,-124.56308,2022,FALSE,0,NA,NA,0.9493,0.8867,0.9866
"MYCA","12522_NW",12522,"NW","South Coastal Region",49.75757,-124.56308,2023,FALSE,0,NA,NA,0.9499,0.8846,0.9874
"MYCA","12522_NW",12522,"NW","South Coastal Region",49.75757,-124.56308,2024,TRUE,4,1,1,0.9541,0.8927,0.9883
"MYCA","12522_NW",12522,"NW","South Coastal Region",49.75757,-124.56308,2025,FALSE,0,NA,NA,0.9476,0.881,0.9867
"MYCA","12522_SE",12522,"SE","South Coastal Region",49.70213,-124.47636,2017,TRUE,3,1,1,0.7676,0.5376,0.9292
"MYCA","12522_SE",12522,"SE","South Coastal Region",49.70213,-124.47636,2018,TRUE,3,1,1,0.8529,0.7168,0.9454
"MYCA","12522_SE",12522,"SE","South Coastal Region",49.70213,-124.47636,2019,FALSE,0,NA,NA,0.9167,0.8354,0.9698
"MYCA","12522_SE",12522,"SE","South Coastal Region",49.70213,-124.47636,2020,TRUE,3,0,0.3373,0.9027,0.8018,0.9682
"MYCA","12522_SE",12522,"SE","South Coastal Region",49.70213,-124.47636,2021,TRUE,2,0,0.4098,0.9426,0.8808,0.9814
"MYCA","12522_SE",12522,"SE","South Coastal Region",49.70213,-124.47636,2022,FALSE,0,NA,NA,0.9514,0.8981,0.9848
"MYCA","12522_SE",12522,"SE","South Coastal Region",49.70213,-124.47636,2023,TRUE,4,1,1,0.9521,0.8974,0.9852
"MYCA","12522_SE",12522,"SE","South Coastal Region",49.70213,-124.47636,2024,TRUE,4,1,1,0.9552,0.9009,0.9868
"MYCA","12522_SE",12522,"SE","South Coastal Region",49.70213,-124.47636,2025,FALSE,0,NA,NA,0.9521,0.8937,0.9865
"MYCA","12522_SW",12522,"SW","South Coastal Region",49.7022,-124.52268,2017,TRUE,3,0,0.0247,0.6457,0.3955,0.8577
"MYCA","12522_SW",12522,"SW","South Coastal Region",49.7022,-124.52268,2018,TRUE,3,0,0.0993,0.8172,0.6783,0.9186
"MYCA","12522_SW",12522,"SW","South Coastal Region",49.7022,-124.52268,2019,TRUE,3,1,1,0.9044,0.8237,0.9605
"MYCA","12522_SW",12522,"SW","South Coastal Region",49.7022,-124.52268,2020,TRUE,3,0,0.5982,0.8731,0.734,0.9619
"MYCA","12522_SW",12522,"SW","South Coastal Region",49.7022,-124.52268,2021,TRUE,4,1,1,0.9344,0.8691,0.9782
"MYCA","12522_SW",12522,"SW","South Coastal Region",49.7022,-124.52268,2022,TRUE,3,1,1,0.9392,0.8789,0.9805
"MYCA","12522_SW",12522,"SW","South Coastal Region",49.7022,-124.52268,2023,FALSE,0,NA,NA,0.939,0.8742,0.9806
"MYCA","12522_SW",12522,"SW","South Coastal Region",49.7022,-124.52268,2024,FALSE,0,NA,NA,0.9432,0.8818,0.9822
"MYCA","12522_SW",12522,"SW","South Coastal Region",49.7022,-124.52268,2025,FALSE,0,NA,NA,0.9369,0.8697,0.9814
"MYCA","127850_NE",127850,"NE","Kootenay Region",49.31307,-115.01912,2017,TRUE,4,0,0.0527,0.6249,0.3526,0.8561
"MYCA","127850_NE",127850,"NE","Kootenay Region",49.31307,-115.01912,2018,FALSE,0,NA,NA,0.5275,0.326,0.7453
"MYCA","127850_NE",127850,"NE","Kootenay Region",49.31307,-115.01912,2019,TRUE,4,1,1,0.559,0.3693,0.7396
"MYCA","127850_NE",127850,"NE","Kootenay Region",49.31307,-115.01912,2020,TRUE,4,0,0.0924,0.4274,0.2461,0.6383
"MYCA","127850_NE",127850,"NE","Kootenay Region",49.31307,-115.01912,2021,TRUE,4,0,0.0811,0.5894,0.3985,0.7744
"MYCA","127850_NE",127850,"NE","Kootenay Region",49.31307,-115.01912,2022,FALSE,0,NA,NA,0.5607,0.3788,0.7431
"MYCA","127850_NE",127850,"NE","Kootenay Region",49.31307,-115.01912,2023,FALSE,0,NA,NA,0.5275,0.3224,0.7199
"MYCA","127850_NE",127850,"NE","Kootenay Region",49.31307,-115.01912,2024,FALSE,0,NA,NA,0.5379,0.335,0.7345
"MYCA","127850_NE",127850,"NE","Kootenay Region",49.31307,-115.01912,2025,FALSE,0,NA,NA,0.5128,0.3221,0.7072
"MYCA","127850_NW",127850,"NW","Kootenay Region",49.3096,-115.05201,2017,TRUE,4,1,1,0.7239,0.4884,0.9009
"MYCA","127850_NW",127850,"NW","Kootenay Region",49.3096,-115.05201,2018,FALSE,0,NA,NA,0.7028,0.5333,0.8512
"MYCA","127850_NW",127850,"NW","Kootenay Region",49.3096,-115.05201,2019,TRUE,4,0,0.1724,0.7176,0.5701,0.8382
"MYCA","127850_NW",127850,"NW","Kootenay Region",49.3096,-115.05201,2020,TRUE,4,1,1,0.5982,0.4125,0.7728
"MYCA","127850_NW",127850,"NW","Kootenay Region",49.3096,-115.05201,2021,TRUE,4,1,1,0.735,0.6087,0.8444
"MYCA","127850_NW",127850,"NW","Kootenay Region",49.3096,-115.05201,2022,TRUE,4,1,1,0.7371,0.6084,0.8458
"MYCA","127850_NW",127850,"NW","Kootenay Region",49.3096,-115.05201,2023,FALSE,0,NA,NA,0.7209,0.5856,0.8329
"MYCA","127850_NW",127850,"NW","Kootenay Region",49.3096,-115.05201,2024,FALSE,0,NA,NA,0.7288,0.5992,0.844
"MYCA","127850_NW",127850,"NW","Kootenay Region",49.3096,-115.05201,2025,FALSE,0,NA,NA,0.7078,0.5743,0.8227
"MYCA","127850_SE",127850,"SE","Kootenay Region",49.28498,-114.95395,2017,FALSE,0,NA,NA,0.8352,0.6126,0.9643
"MYCA","127850_SE",127850,"SE","Kootenay Region",49.28498,-114.95395,2018,FALSE,0,NA,NA,0.7534,0.588,0.8878
"MYCA","127850_SE",127850,"SE","Kootenay Region",49.28498,-114.95395,2019,TRUE,4,0,0.2202,0.7324,0.5851,0.8499
"MYCA","127850_SE",127850,"SE","Kootenay Region",49.28498,-114.95395,2020,TRUE,4,1,1,0.6112,0.4197,0.7781
"MYCA","127850_SE",127850,"SE","Kootenay Region",49.28498,-114.95395,2021,TRUE,4,1,1,0.7269,0.5899,0.844
"MYCA","127850_SE",127850,"SE","Kootenay Region",49.28498,-114.95395,2022,TRUE,4,1,1,0.7364,0.5964,0.8503
"MYCA","127850_SE",127850,"SE","Kootenay Region",49.28498,-114.95395,2023,TRUE,4,1,1,0.721,0.5728,0.8408
"MYCA","127850_SE",127850,"SE","Kootenay Region",49.28498,-114.95395,2024,FALSE,0,NA,NA,0.7269,0.5804,0.8487
"MYCA","127850_SE",127850,"SE","Kootenay Region",49.28498,-114.95395,2025,FALSE,0,NA,NA,0.7081,0.5571,0.8339
"MYCA","127850_SW",127850,"SW","Kootenay Region",49.2671,-115.02532,2017,TRUE,4,1,1,0.6356,0.3729,0.8576
"MYCA","127850_SW",127850,"SW","Kootenay Region",49.2671,-115.02532,2018,FALSE,0,NA,NA,0.6553,0.4757,0.8202
"MYCA","127850_SW",127850,"SW","Kootenay Region",49.2671,-115.02532,2019,TRUE,3,0,0.4024,0.6973,0.5432,0.8285
"MYCA","127850_SW",127850,"SW","Kootenay Region",49.2671,-115.02532,2020,TRUE,4,1,1,0.585,0.3967,0.7658
"MYCA","127850_SW",127850,"SW","Kootenay Region",49.2671,-115.02532,2021,TRUE,4,1,1,0.7099,0.5706,0.8312
"MYCA","127850_SW",127850,"SW","Kootenay Region",49.2671,-115.02532,2022,TRUE,4,1,1,0.7197,0.5799,0.8374
"MYCA","127850_SW",127850,"SW","Kootenay Region",49.2671,-115.02532,2023,TRUE,4,1,1,0.703,0.5583,0.8253
"MYCA","127850_SW",127850,"SW","Kootenay Region",49.2671,-115.02532,2024,TRUE,4,1,1,0.7089,0.5609,0.8309
"MYCA","127850_SW",127850,"SW","Kootenay Region",49.2671,-115.02532,2025,FALSE,0,NA,NA,0.6891,0.5434,0.8154
"MYCA","128058_NE",128058,"NE","South Coastal Region",48.84117,-123.42727,2017,FALSE,0,NA,NA,0.4634,0.139,0.8073
"MYCA","128058_NE",128058,"NE","South Coastal Region",48.84117,-123.42727,2018,TRUE,4,1,1,0.7248,0.4736,0.9024
"MYCA","128058_NE",128058,"NE","South Coastal Region",48.84117,-123.42727,2019,TRUE,4,1,1,0.8561,0.6943,0.9536
"MYCA","128058_NE",128058,"NE","South Coastal Region",48.84117,-123.42727,2020,TRUE,4,1,1,0.8467,0.6649,0.9596
"MYCA","128058_NE",128058,"NE","South Coastal Region",48.84117,-123.42727,2021,TRUE,4,1,1,0.9198,0.8149,0.9793
"MYCA","128058_NE",128058,"NE","South Coastal Region",48.84117,-123.42727,2022,TRUE,2,1,1,0.928,0.8361,0.9823
"MYCA","128058_NE",128058,"NE","South Coastal Region",48.84117,-123.42727,2023,FALSE,0,NA,NA,0.9296,0.8334,0.9836
"MYCA","128058_NE",128058,"NE","South Coastal Region",48.84117,-123.42727,2024,FALSE,0,NA,NA,0.935,0.8396,0.9857
"MYCA","128058_NE",128058,"NE","South Coastal Region",48.84117,-123.42727,2025,FALSE,0,NA,NA,0.9287,0.8273,0.9846
"MYCA","128058_NW",128058,"NW","South Coastal Region",48.82144,-123.48643,2017,FALSE,0,NA,NA,0.8019,0.588,0.9456
"MYCA","128058_NW",128058,"NW","South Coastal Region",48.82144,-123.48643,2018,TRUE,4,1,1,0.8675,0.7574,0.9479
"MYCA","128058_NW",128058,"NW","South Coastal Region",48.82144,-123.48643,2019,TRUE,4,1,1,0.9072,0.8211,0.9637
"MYCA","128058_NW",128058,"NW","South Coastal Region",48.82144,-123.48643,2020,TRUE,4,1,1,0.8714,0.734,0.9629
"MYCA","128058_NW",128058,"NW","South Coastal Region",48.82144,-123.48643,2021,TRUE,4,1,1,0.9342,0.8686,0.9777
"MYCA","128058_NW",128058,"NW","South Coastal Region",48.82144,-123.48643,2022,TRUE,4,1,1,0.9395,0.8795,0.9799
"MYCA","128058_NW",128058,"NW","South Coastal Region",48.82144,-123.48643,2023,FALSE,0,NA,NA,0.9394,0.8767,0.9807
"MYCA","128058_NW",128058,"NW","South Coastal Region",48.82144,-123.48643,2024,FALSE,0,NA,NA,0.9436,0.8832,0.9821
"MYCA","128058_NW",128058,"NW","South Coastal Region",48.82144,-123.48643,2025,FALSE,0,NA,NA,0.9373,0.8728,0.9803
"MYCA","128058_SW",128058,"SW","South Coastal Region",48.79828,-123.47632,2017,FALSE,0,NA,NA,0.7014,0.4697,0.8896
"MYCA","128058_SW",128058,"SW","South Coastal Region",48.79828,-123.47632,2018,TRUE,4,1,1,0.8241,0.6917,0.9217
"MYCA","128058_SW",128058,"SW","South Coastal Region",48.79828,-123.47632,2019,TRUE,4,1,1,0.8945,0.804,0.957
"MYCA","128058_SW",128058,"SW","South Coastal Region",48.79828,-123.47632,2020,TRUE,4,1,1,0.8663,0.7263,0.9586
"MYCA","128058_SW",128058,"SW","South Coastal Region",48.79828,-123.47632,2021,TRUE,4,1,1,0.9298,0.8611,0.976
"MYCA","128058_SW",128058,"SW","South Coastal Region",48.79828,-123.47632,2022,TRUE,4,1,1,0.9362,0.8761,0.9786
"MYCA","128058_SW",128058,"SW","South Coastal Region",48.79828,-123.47632,2023,FALSE,0,NA,NA,0.936,0.8695,0.9791
"MYCA","128058_SW",128058,"SW","South Coastal Region",48.79828,-123.47632,2024,FALSE,0,NA,NA,0.9404,0.8769,0.9811
"MYCA","128058_SW",128058,"SW","South Coastal Region",48.79828,-123.47632,2025,FALSE,0,NA,NA,0.9341,0.866,0.9795
"MYCA","132650_SE",132650,"SE","Okanagan Region",51.81828,-122.42144,2017,FALSE,0,NA,NA,0.6702,0.4018,0.8838
"MYCA","132650_SE",132650,"SE","Okanagan Region",51.81828,-122.42144,2018,FALSE,0,NA,NA,0.7343,0.5605,0.8717
"MYCA","132650_SE",132650,"SE","Okanagan Region",51.81828,-122.42144,2019,FALSE,0,NA,NA,0.7848,0.6314,0.8998
"MYCA","132650_SE",132650,"SE","Okanagan Region",51.81828,-122.42144,2020,TRUE,4,0,0.2996,0.693,0.4727,0.8764
"MYCA","132650_SE",132650,"SE","Okanagan Region",51.81828,-122.42144,2021,TRUE,4,1,1,0.8057,0.6609,0.9167
"MYCA","132650_SE",132650,"SE","Okanagan Region",51.81828,-122.42144,2022,TRUE,2,0,0.6487,0.8115,0.6645,0.9206
"MYCA","132650_SE",132650,"SE","Okanagan Region",51.81828,-122.42144,2023,TRUE,3,1,1,0.8069,0.6503,0.9193
"MYCA","132650_SE",132650,"SE","Okanagan Region",51.81828,-122.42144,2024,TRUE,4,0,0.026,0.8149,0.6571,0.9249
"MYCA","132650_SE",132650,"SE","Okanagan Region",51.81828,-122.42144,2025,TRUE,4,0,0.0104,0.8002,0.6352,0.9166
"MYCA","132650_SW",132650,"SW","Okanagan Region",51.80225,-122.46284,2017,FALSE,0,NA,NA,0.5611,0.2667,0.8254
"MYCA","132650_SW",132650,"SW","Okanagan Region",51.80225,-122.46284,2018,FALSE,0,NA,NA,0.637,0.4436,0.8137
"MYCA","132650_SW",132650,"SW","Okanagan Region",51.80225,-122.46284,2019,FALSE,0,NA,NA,0.7315,0.5864,0.8542
"MYCA","132650_SW",132650,"SW","Okanagan Region",51.80225,-122.46284,2020,TRUE,4,0,0.0316,0.6793,0.5036,0.8298
"MYCA","132650_SW",132650,"SW","Okanagan Region",51.80225,-122.46284,2021,TRUE,3,0,0.0109,0.7623,0.6178,0.8737
"MYCA","132650_SW",132650,"SW","Okanagan Region",51.80225,-122.46284,2022,TRUE,4,0,0.0018,0.7869,0.6475,0.8939
"MYCA","132650_SW",132650,"SW","Okanagan Region",51.80225,-122.46284,2023,TRUE,3,0,0.0053,0.7846,0.6466,0.8923
"MYCA","132650_SW",132650,"SW","Okanagan Region",51.80225,-122.46284,2024,FALSE,0,NA,NA,0.7913,0.6479,0.8995
"MYCA","132650_SW",132650,"SW","Okanagan Region",51.80225,-122.46284,2025,TRUE,4,0,0.0129,0.7827,0.6346,0.8967
"MYCA","137274_NE",137274,"NE","South Coastal Region",48.79,-123.6988,2017,FALSE,0,NA,NA,0.8761,0.6787,0.9806
"MYCA","137274_NE",137274,"NE","South Coastal Region",48.79,-123.6988,2018,TRUE,4,1,1,0.9166,0.814,0.9767
"MYCA","137274_NE",137274,"NE","South Coastal Region",48.79,-123.6988,2019,TRUE,3,1,1,0.9465,0.8899,0.9817
"MYCA","137274_NE",137274,"NE","South Coastal Region",48.79,-123.6988,2020,TRUE,4,1,1,0.9316,0.8522,0.9807
"MYCA","137274_NE",137274,"NE","South Coastal Region",48.79,-123.6988,2021,FALSE,0,NA,NA,0.9614,0.9169,0.9887
"MYCA","137274_NE",137274,"NE","South Coastal Region",48.79,-123.6988,2022,TRUE,4,1,1,0.9663,0.9271,0.9898
"MYCA","137274_NE",137274,"NE","South Coastal Region",48.79,-123.6988,2023,TRUE,4,1,1,0.9664,0.9263,0.9901
"MYCA","137274_NE",137274,"NE","South Coastal Region",48.79,-123.6988,2024,FALSE,0,NA,NA,0.9686,0.9288,0.9915
"MYCA","137274_NE",137274,"NE","South Coastal Region",48.79,-123.6988,2025,FALSE,0,NA,NA,0.9659,0.9224,0.9908
"MYCA","137274_NW",137274,"NW","South Coastal Region",48.7891,-123.719,2017,FALSE,0,NA,NA,0.8054,0.6025,0.9441
"MYCA","137274_NW",137274,"NW","South Coastal Region",48.7891,-123.719,2018,TRUE,4,1,1,0.8844,0.7835,0.9559
"MYCA","137274_NW",137274,"NW","South Coastal Region",48.7891,-123.719,2019,TRUE,4,1,1,0.9283,0.8628,0.9719
"MYCA","137274_NW",137274,"NW","South Coastal Region",48.7891,-123.719,2020,TRUE,4,1,1,0.9019,0.7888,0.9719
"MYCA","137274_NW",137274,"NW","South Coastal Region",48.7891,-123.719,2021,TRUE,4,1,1,0.9498,0.8988,0.9839
"MYCA","137274_NW",137274,"NW","South Coastal Region",48.7891,-123.719,2022,TRUE,4,1,1,0.9541,0.9083,0.9853
"MYCA","137274_NW",137274,"NW","South Coastal Region",48.7891,-123.719,2023,TRUE,3,1,1,0.954,0.9058,0.986
"MYCA","137274_NW",137274,"NW","South Coastal Region",48.7891,-123.719,2024,FALSE,0,NA,NA,0.9573,0.9092,0.9869
"MYCA","137274_NW",137274,"NW","South Coastal Region",48.7891,-123.719,2025,FALSE,0,NA,NA,0.9524,0.901,0.9858
"MYCA","137274_SE",137274,"SE","South Coastal Region",48.7539,-123.6447,2017,FALSE,0,NA,NA,0.8887,0.6959,0.9854
"MYCA","137274_SE",137274,"SE","South Coastal Region",48.7539,-123.6447,2018,TRUE,4,1,1,0.9236,0.8267,0.9789
"MYCA","137274_SE",137274,"SE","South Coastal Region",48.7539,-123.6447,2019,TRUE,3,1,1,0.949,0.8947,0.9827
"MYCA","137274_SE",137274,"SE","South Coastal Region",48.7539,-123.6447,2020,TRUE,4,1,1,0.9297,0.8448,0.9802
"MYCA","137274_SE",137274,"SE","South Coastal Region",48.7539,-123.6447,2021,TRUE,2,1,1,0.9619,0.9181,0.9886
"MYCA","137274_SE",137274,"SE","South Coastal Region",48.7539,-123.6447,2022,TRUE,4,1,1,0.9668,0.9287,0.9899
"MYCA","137274_SE",137274,"SE","South Coastal Region",48.7539,-123.6447,2023,TRUE,4,1,1,0.9674,0.9284,0.9906
"MYCA","137274_SE",137274,"SE","South Coastal Region",48.7539,-123.6447,2024,FALSE,0,NA,NA,0.9698,0.9307,0.9918
"MYCA","137274_SE",137274,"SE","South Coastal Region",48.7539,-123.6447,2025,FALSE,0,NA,NA,0.967,0.9245,0.9911
"MYCA","143274_NE",143274,"NE","South Coastal Region",50.3377,-122.8012,2017,FALSE,0,NA,NA,0.679,0.4294,0.879
"MYCA","143274_NE",143274,"NE","South Coastal Region",50.3377,-122.8012,2018,FALSE,0,NA,NA,0.7966,0.6561,0.9052
"MYCA","143274_NE",143274,"NE","South Coastal Region",50.3377,-122.8012,2019,TRUE,4,1,1,0.8787,0.7938,0.9445
"MYCA","143274_NE",143274,"NE","South Coastal Region",50.3377,-122.8012,2020,TRUE,4,1,1,0.841,0.6974,0.942
"MYCA","143274_NE",143274,"NE","South Coastal Region",50.3377,-122.8012,2021,TRUE,4,1,1,0.9082,0.8291,0.9637
"MYCA","143274_NE",143274,"NE","South Coastal Region",50.3377,-122.8012,2022,TRUE,4,1,1,0.9177,0.8479,0.968
"MYCA","143274_NE",143274,"NE","South Coastal Region",50.3377,-122.8012,2023,TRUE,4,1,1,0.9166,0.8447,0.9688
"MYCA","143274_NE",143274,"NE","South Coastal Region",50.3377,-122.8012,2024,TRUE,4,1,1,0.9211,0.8465,0.9718
"MYCA","143274_NE",143274,"NE","South Coastal Region",50.3377,-122.8012,2025,TRUE,4,1,1,0.9142,0.8353,0.9683
"MYCA","143274_NW",143274,"NW","South Coastal Region",50.3446,-122.8479,2017,FALSE,0,NA,NA,0.6637,0.4231,0.8646
"MYCA","143274_NW",143274,"NW","South Coastal Region",50.3446,-122.8479,2018,FALSE,0,NA,NA,0.8149,0.6717,0.9202
"MYCA","143274_NW",143274,"NW","South Coastal Region",50.3446,-122.8479,2019,TRUE,4,1,1,0.9071,0.8224,0.9643
"MYCA","143274_NW",143274,"NW","South Coastal Region",50.3446,-122.8479,2020,TRUE,3,0,0.73,0.891,0.7728,0.9653
"MYCA","143274_NW",143274,"NW","South Coastal Region",50.3446,-122.8479,2021,TRUE,4,1,1,0.9407,0.877,0.9803
"MYCA","143274_NW",143274,"NW","South Coastal Region",50.3446,-122.8479,2022,TRUE,4,0,0.3116,0.9485,0.8936,0.9835
"MYCA","143274_NW",143274,"NW","South Coastal Region",50.3446,-122.8479,2023,TRUE,4,1,1,0.9489,0.8906,0.9838
"MYCA","143274_NW",143274,"NW","South Coastal Region",50.3446,-122.8479,2024,TRUE,4,1,1,0.9525,0.8961,0.9858
"MYCA","143274_NW",143274,"NW","South Coastal Region",50.3446,-122.8479,2025,TRUE,4,1,1,0.9483,0.8885,0.985
"MYCA","143274_SE",143274,"SE","South Coastal Region",50.3004,-122.758,2017,FALSE,0,NA,NA,0.7072,0.4701,0.891
"MYCA","143274_SE",143274,"SE","South Coastal Region",50.3004,-122.758,2018,FALSE,0,NA,NA,0.8262,0.687,0.9262
"MYCA","143274_SE",143274,"SE","South Coastal Region",50.3004,-122.758,2019,TRUE,4,1,1,0.9064,0.8258,0.9629
"MYCA","143274_SE",143274,"SE","South Coastal Region",50.3004,-122.758,2020,TRUE,3,1,1,0.8884,0.7756,0.9619
"MYCA","143274_SE",143274,"SE","South Coastal Region",50.3004,-122.758,2021,TRUE,4,1,1,0.9369,0.8739,0.978
"MYCA","143274_SE",143274,"SE","South Coastal Region",50.3004,-122.758,2022,TRUE,4,1,1,0.9456,0.8916,0.9817
"MYCA","143274_SE",143274,"SE","South Coastal Region",50.3004,-122.758,2023,TRUE,4,1,1,0.9459,0.8892,0.9816
"MYCA","143274_SE",143274,"SE","South Coastal Region",50.3004,-122.758,2024,TRUE,4,1,1,0.9495,0.8933,0.9837
"MYCA","143274_SE",143274,"SE","South Coastal Region",50.3004,-122.758,2025,TRUE,4,1,1,0.9453,0.8854,0.9833
"MYCA","143274_SW",143274,"SW","South Coastal Region",50.2961,-122.8048,2017,FALSE,0,NA,NA,0.6063,0.352,0.8304
"MYCA","143274_SW",143274,"SW","South Coastal Region",50.2961,-122.8048,2018,FALSE,0,NA,NA,0.7574,0.5979,0.8823
"MYCA","143274_SW",143274,"SW","South Coastal Region",50.2961,-122.8048,2019,TRUE,4,1,1,0.8638,0.765,0.9394
"MYCA","143274_SW",143274,"SW","South Coastal Region",50.2961,-122.8048,2020,TRUE,2,0,0.7782,0.8335,0.6871,0.9376
"MYCA","143274_SW",143274,"SW","South Coastal Region",50.2961,-122.8048,2021,TRUE,4,1,1,0.9027,0.8188,0.9613
"MYCA","143274_SW",143274,"SW","South Coastal Region",50.2961,-122.8048,2022,TRUE,4,1,1,0.9143,0.8406,0.9667
"MYCA","143274_SW",143274,"SW","South Coastal Region",50.2961,-122.8048,2023,TRUE,4,1,1,0.9137,0.8356,0.9677
"MYCA","143274_SW",143274,"SW","South Coastal Region",50.2961,-122.8048,2024,TRUE,4,1,1,0.9186,0.8405,0.9709
"MYCA","143274_SW",143274,"SW","South Coastal Region",50.2961,-122.8048,2025,TRUE,4,1,1,0.912,0.8285,0.9696
"MYCA","145578_NE",145578,"NE","Kootenay Region",49.93178,-115.65558,2017,FALSE,0,NA,NA,0.7462,0.5195,0.9117
"MYCA","145578_NE",145578,"NE","Kootenay Region",49.93178,-115.65558,2018,TRUE,4,1,1,0.7942,0.6318,0.9139
"MYCA","145578_NE",145578,"NE","Kootenay Region",49.93178,-115.65558,2019,TRUE,4,0,0.3262,0.8208,0.6741,0.9255
"MYCA","145578_NE",145578,"NE","Kootenay Region",49.93178,-115.65558,2020,TRUE,4,1,1,0.7347,0.5259,0.8917
"MYCA","145578_NE",145578,"NE","Kootenay Region",49.93178,-115.65558,2021,TRUE,4,1,1,0.8437,0.7155,0.9371
"MYCA","145578_NE",145578,"NE","Kootenay Region",49.93178,-115.65558,2022,TRUE,3,1,1,0.844,0.7136,0.9367
"MYCA","145578_NE",145578,"NE","Kootenay Region",49.93178,-115.65558,2023,FALSE,0,NA,NA,0.8393,0.7027,0.937
"MYCA","145578_NE",145578,"NE","Kootenay Region",49.93178,-115.65558,2024,TRUE,4,1,1,0.8478,0.7121,0.9431
"MYCA","145578_NE",145578,"NE","Kootenay Region",49.93178,-115.65558,2025,TRUE,4,1,1,0.8328,0.689,0.935
"MYCA","145578_NW",145578,"NW","Kootenay Region",49.93544,-115.67497,2017,FALSE,0,NA,NA,0.6245,0.3516,0.8565
"MYCA","145578_NW",145578,"NW","Kootenay Region",49.93544,-115.67497,2018,FALSE,0,NA,NA,0.6555,0.4715,0.823
"MYCA","145578_NW",145578,"NW","Kootenay Region",49.93544,-115.67497,2019,TRUE,3,0,0.1331,0.6889,0.5236,0.8249
"MYCA","145578_NW",145578,"NW","Kootenay Region",49.93544,-115.67497,2020,FALSE,0,NA,NA,0.5648,0.3743,0.759
"MYCA","145578_NW",145578,"NW","Kootenay Region",49.93544,-115.67497,2021,TRUE,4,1,1,0.7225,0.5821,0.846
"MYCA","145578_NW",145578,"NW","Kootenay Region",49.93544,-115.67497,2022,TRUE,3,0,0.0538,0.71,0.5621,0.8373
"MYCA","145578_NW",145578,"NW","Kootenay Region",49.93544,-115.67497,2023,TRUE,4,1,1,0.692,0.5335,0.8192
"MYCA","145578_NW",145578,"NW","Kootenay Region",49.93544,-115.67497,2024,TRUE,3,1,1,0.7028,0.5556,0.8347
"MYCA","145578_NW",145578,"NW","Kootenay Region",49.93544,-115.67497,2025,TRUE,4,1,1,0.6785,0.5286,0.8129
"MYCA","145578_SE",145578,"SE","Kootenay Region",49.89983,-115.64222,2017,FALSE,0,NA,NA,0.8284,0.6136,0.9582
"MYCA","145578_SE",145578,"SE","Kootenay Region",49.89983,-115.64222,2018,TRUE,3,1,1,0.8039,0.6562,0.9138
"MYCA","145578_SE",145578,"SE","Kootenay Region",49.89983,-115.64222,2019,TRUE,4,1,1,0.8063,0.681,0.8996
"MYCA","145578_SE",145578,"SE","Kootenay Region",49.89983,-115.64222,2020,TRUE,4,1,1,0.7164,0.5372,0.8515
"MYCA","145578_SE",145578,"SE","Kootenay Region",49.89983,-115.64222,2021,TRUE,4,1,1,0.7988,0.6717,0.893
"MYCA","145578_SE",145578,"SE","Kootenay Region",49.89983,-115.64222,2022,TRUE,4,1,1,0.8121,0.6927,0.9055
"MYCA","145578_SE",145578,"SE","Kootenay Region",49.89983,-115.64222,2023,TRUE,4,1,1,0.8044,0.6793,0.9
"MYCA","145578_SE",145578,"SE","Kootenay Region",49.89983,-115.64222,2024,FALSE,0,NA,NA,0.8095,0.6822,0.9043
"MYCA","145578_SE",145578,"SE","Kootenay Region",49.89983,-115.64222,2025,TRUE,4,1,1,0.7968,0.6623,0.8961
"MYCA","145578_SW",145578,"SW","Kootenay Region",49.89589,-115.695,2017,FALSE,0,NA,NA,0.9021,0.7133,0.988
"MYCA","145578_SW",145578,"SW","Kootenay Region",49.89589,-115.695,2018,FALSE,0,NA,NA,0.8616,0.7296,0.95
"MYCA","145578_SW",145578,"SW","Kootenay Region",49.89589,-115.695,2019,TRUE,4,1,1,0.8479,0.7354,0.9283
"MYCA","145578_SW",145578,"SW","Kootenay Region",49.89589,-115.695,2020,TRUE,4,1,1,0.7639,0.5863,0.8873
"MYCA","145578_SW",145578,"SW","Kootenay Region",49.89589,-115.695,2021,TRUE,4,1,1,0.8366,0.7211,0.9215
"MYCA","145578_SW",145578,"SW","Kootenay Region",49.89589,-115.695,2022,TRUE,4,1,1,0.8467,0.7308,0.9283
"MYCA","145578_SW",145578,"SW","Kootenay Region",49.89589,-115.695,2023,TRUE,4,1,1,0.8405,0.7216,0.9266
"MYCA","145578_SW",145578,"SW","Kootenay Region",49.89589,-115.695,2024,TRUE,4,1,1,0.8453,0.7266,0.9312
"MYCA","145578_SW",145578,"SW","Kootenay Region",49.89589,-115.695,2025,TRUE,4,1,1,0.8341,0.706,0.9254
"MYCA","16426_NE",16426,"NE","Northern Region",54.82137,-123.35579,2017,FALSE,0,NA,NA,0.1548,0.0337,0.3499
"MYCA","16426_NE",16426,"NE","Northern Region",54.82137,-123.35579,2018,TRUE,3,0,0.0069,0.1471,0.0667,0.2608
"MYCA","16426_NE",16426,"NE","Northern Region",54.82137,-123.35579,2019,TRUE,3,0,0.0198,0.1998,0.1046,0.3425
"MYCA","16426_NE",16426,"NE","Northern Region",54.82137,-123.35579,2020,TRUE,3,0,0.0169,0.1381,0.0659,0.2357
"MYCA","16426_NE",16426,"NE","Northern Region",54.82137,-123.35579,2021,TRUE,3,0,0.0078,0.1895,0.0988,0.309
"MYCA","16426_NE",16426,"NE","Northern Region",54.82137,-123.35579,2022,TRUE,3,0,0.0038,0.1958,0.104,0.3136
"MYCA","16426_NE",16426,"NE","Northern Region",54.82137,-123.35579,2023,FALSE,0,NA,NA,0.1651,0.0826,0.2719
"MYCA","16426_NE",16426,"NE","Northern Region",54.82137,-123.35579,2024,TRUE,3,0,0.0062,0.1587,0.0771,0.2654
"MYCA","16426_NE",16426,"NE","Northern Region",54.82137,-123.35579,2025,FALSE,0,NA,NA,0.148,0.0696,0.2495
"MYCA","16426_SE",16426,"SE","Northern Region",54.81895,-123.33997,2017,FALSE,0,NA,NA,0.2673,0.0817,0.5266
"MYCA","16426_SE",16426,"SE","Northern Region",54.81895,-123.33997,2018,TRUE,3,1,1,0.2067,0.1008,0.3608
"MYCA","16426_SE",16426,"SE","Northern Region",54.81895,-123.33997,2019,TRUE,3,0,0.3956,0.2138,0.1216,0.3332
"MYCA","16426_SE",16426,"SE","Northern Region",54.81895,-123.33997,2020,TRUE,2,1,1,0.1463,0.0734,0.245
"MYCA","16426_SE",16426,"SE","Northern Region",54.81895,-123.33997,2021,TRUE,3,1,1,0.1865,0.103,0.292
"MYCA","16426_SE",16426,"SE","Northern Region",54.81895,-123.33997,2022,TRUE,3,1,1,0.194,0.1089,0.3013
"MYCA","16426_SE",16426,"SE","Northern Region",54.81895,-123.33997,2023,FALSE,0,NA,NA,0.1716,0.0913,0.272
"MYCA","16426_SE",16426,"SE","Northern Region",54.81895,-123.33997,2024,FALSE,0,NA,NA,0.1656,0.0858,0.266
"MYCA","16426_SE",16426,"SE","Northern Region",54.81895,-123.33997,2025,FALSE,0,NA,NA,0.1541,0.0753,0.2545
"MYCA","172090_NE",172090,"NE","South Coastal Region",49.37012,-122.94857,2017,FALSE,0,NA,NA,0.6092,0.1538,0.9459
"MYCA","172090_NE",172090,"NE","South Coastal Region",49.37012,-122.94857,2018,TRUE,3,1,1,0.6027,0.3271,0.8371
"MYCA","172090_NE",172090,"NE","South Coastal Region",49.37012,-122.94857,2019,TRUE,3,1,1,0.6442,0.4298,0.8304
"MYCA","172090_NE",172090,"NE","South Coastal Region",49.37012,-122.94857,2020,TRUE,3,0,0.4733,0.5479,0.3126,0.7842
"MYCA","172090_NE",172090,"NE","South Coastal Region",49.37012,-122.94857,2021,TRUE,4,1,1,0.6386,0.4137,0.839
"MYCA","172090_NE",172090,"NE","South Coastal Region",49.37012,-122.94857,2022,TRUE,4,1,1,0.6574,0.4289,0.852
"MYCA","172090_NE",172090,"NE","South Coastal Region",49.37012,-122.94857,2023,TRUE,2,1,1,0.6433,0.4051,0.8481
"MYCA","172090_NE",172090,"NE","South Coastal Region",49.37012,-122.94857,2024,FALSE,0,NA,NA,0.6459,0.4008,0.8579
"MYCA","172090_NE",172090,"NE","South Coastal Region",49.37012,-122.94857,2025,FALSE,0,NA,NA,0.6302,0.3732,0.8476
"MYCA","172090_NW",172090,"NW","South Coastal Region",49.34683,-123.00985,2017,FALSE,0,NA,NA,0.5716,0.3161,0.8122
"MYCA","172090_NW",172090,"NW","South Coastal Region",49.34683,-123.00985,2018,TRUE,3,1,1,0.7479,0.575,0.8844
"MYCA","172090_NW",172090,"NW","South Coastal Region",49.34683,-123.00985,2019,TRUE,3,0,0.7098,0.8617,0.7457,0.9425
"MYCA","172090_NW",172090,"NW","South Coastal Region",49.34683,-123.00985,2020,FALSE,0,NA,NA,0.8342,0.6727,0.9425
"MYCA","172090_NW",172090,"NW","South Coastal Region",49.34683,-123.00985,2021,TRUE,4,1,1,0.9046,0.8141,0.9665
"MYCA","172090_NW",172090,"NW","South Coastal Region",49.34683,-123.00985,2022,TRUE,4,1,1,0.9174,0.8379,0.9719
"MYCA","172090_NW",172090,"NW","South Coastal Region",49.34683,-123.00985,2023,TRUE,3,0,0.5113,0.9179,0.833,0.9731
"MYCA","172090_NW",172090,"NW","South Coastal Region",49.34683,-123.00985,2024,FALSE,0,NA,NA,0.9231,0.8402,0.9756
"MYCA","172090_NW",172090,"NW","South Coastal Region",49.34683,-123.00985,2025,FALSE,0,NA,NA,0.9169,0.8258,0.9746
"MYCA","172090_SE",172090,"SE","South Coastal Region",49.32364,-122.97036,2017,FALSE,0,NA,NA,0.6626,0.4211,0.8671
"MYCA","172090_SE",172090,"SE","South Coastal Region",49.32364,-122.97036,2018,TRUE,3,1,1,0.8063,0.6547,0.9165
"MYCA","172090_SE",172090,"SE","South Coastal Region",49.32364,-122.97036,2019,FALSE,0,NA,NA,0.8596,0.7182,0.9494
"MYCA","172090_SE",172090,"SE","South Coastal Region",49.32364,-122.97036,2020,TRUE,4,1,1,0.7854,0.5589,0.9467
"MYCA","172090_SE",172090,"SE","South Coastal Region",49.32364,-122.97036,2021,TRUE,4,1,1,0.891,0.7775,0.9673
"MYCA","172090_SE",172090,"SE","South Coastal Region",49.32364,-122.97036,2022,TRUE,4,1,1,0.887,0.7646,0.9663
"MYCA","172090_SE",172090,"SE","South Coastal Region",49.32364,-122.97036,2023,TRUE,3,1,1,0.8916,0.7691,0.9686
"MYCA","172090_SE",172090,"SE","South Coastal Region",49.32364,-122.97036,2024,FALSE,0,NA,NA,0.9004,0.7871,0.9711
"MYCA","172090_SE",172090,"SE","South Coastal Region",49.32364,-122.97036,2025,FALSE,0,NA,NA,0.8883,0.7691,0.9669
"MYCA","172090_SW",172090,"SW","South Coastal Region",49.31421,-123.01406,2017,FALSE,0,NA,NA,0.8607,0.6624,0.9736
"MYCA","172090_SW",172090,"SW","South Coastal Region",49.31421,-123.01406,2018,TRUE,3,1,1,0.9069,0.8095,0.9698
"MYCA","172090_SW",172090,"SW","South Coastal Region",49.31421,-123.01406,2019,TRUE,3,1,1,0.9373,0.8763,0.9767
"MYCA","172090_SW",172090,"SW","South Coastal Region",49.31421,-123.01406,2020,TRUE,4,1,1,0.9081,0.8027,0.9745
"MYCA","172090_SW",172090,"SW","South Coastal Region",49.31421,-123.01406,2021,TRUE,4,1,1,0.9495,0.8975,0.9841
"MYCA","172090_SW",172090,"SW","South Coastal Region",49.31421,-123.01406,2022,TRUE,4,1,1,0.9541,0.9063,0.9854
"MYCA","172090_SW",172090,"SW","South Coastal Region",49.31421,-123.01406,2023,TRUE,3,1,1,0.9594,0.9147,0.9873
"MYCA","172090_SW",172090,"SW","South Coastal Region",49.31421,-123.01406,2024,FALSE,0,NA,NA,0.9643,0.9217,0.9897
"MYCA","172090_SW",172090,"SW","South Coastal Region",49.31421,-123.01406,2025,FALSE,0,NA,NA,0.9616,0.9157,0.9888
"MYCA","175354_SE",175354,"SE","Northern Region",59.42418,-125.94917,2017,FALSE,0,NA,NA,0.2062,0.0376,0.4767
"MYCA","175354_SE",175354,"SE","Northern Region",59.42418,-125.94917,2018,TRUE,3,0,0.0338,0.2286,0.0913,0.4239
"MYCA","175354_SE",175354,"SE","Northern Region",59.42418,-125.94917,2019,TRUE,4,0,0.0622,0.3059,0.1279,0.5349
"MYCA","175354_SE",175354,"SE","Northern Region",59.42418,-125.94917,2020,TRUE,4,0,0.0304,0.2127,0.0795,0.4012
"MYCA","175354_SE",175354,"SE","Northern Region",59.42418,-125.94917,2021,FALSE,0,NA,NA,0.2985,0.1141,0.5287
"MYCA","175354_SE",175354,"SE","Northern Region",59.42418,-125.94917,2022,FALSE,0,NA,NA,0.2956,0.1178,0.5037
"MYCA","175354_SE",175354,"SE","Northern Region",59.42418,-125.94917,2023,FALSE,0,NA,NA,0.2529,0.0914,0.4631
"MYCA","175354_SE",175354,"SE","Northern Region",59.42418,-125.94917,2024,FALSE,0,NA,NA,0.2494,0.0858,0.4677
"MYCA","175354_SE",175354,"SE","Northern Region",59.42418,-125.94917,2025,FALSE,0,NA,NA,0.2361,0.0778,0.4404
"MYCA","175354_SW",175354,"SW","Northern Region",59.40931,-126.09868,2017,FALSE,0,NA,NA,0.2071,0.0382,0.4745
"MYCA","175354_SW",175354,"SW","Northern Region",59.40931,-126.09868,2018,TRUE,3,0,0.0136,0.2147,0.0912,0.3854
"MYCA","175354_SW",175354,"SW","Northern Region",59.40931,-126.09868,2019,TRUE,4,0,0.028,0.2765,0.1324,0.4753
"MYCA","175354_SW",175354,"SW","Northern Region",59.40931,-126.09868,2020,TRUE,4,0,0.0147,0.2008,0.0837,0.3714
"MYCA","175354_SW",175354,"SW","Northern Region",59.40931,-126.09868,2021,FALSE,0,NA,NA,0.2685,0.1156,0.4653
"MYCA","175354_SW",175354,"SW","Northern Region",59.40931,-126.09868,2022,FALSE,0,NA,NA,0.2773,0.1253,0.4666
"MYCA","175354_SW",175354,"SW","Northern Region",59.40931,-126.09868,2023,FALSE,0,NA,NA,0.2466,0.1011,0.4403
"MYCA","175354_SW",175354,"SW","Northern Region",59.40931,-126.09868,2024,TRUE,4,0,7e-04,0.2409,0.0974,0.4378
"MYCA","175354_SW",175354,"SW","Northern Region",59.40931,-126.09868,2025,TRUE,4,0,0.0018,0.2272,0.0846,0.4185
"MYCA","17706_NW",17706,"NW","Northern Region",51.97601,-120.10368,2017,FALSE,0,NA,NA,0.2439,0.0739,0.4791
"MYCA","17706_NW",17706,"NW","Northern Region",51.97601,-120.10368,2018,FALSE,0,NA,NA,0.1989,0.0888,0.3592
"MYCA","17706_NW",17706,"NW","Northern Region",51.97601,-120.10368,2019,TRUE,4,1,1,0.202,0.1044,0.3326
"MYCA","17706_NW",17706,"NW","Northern Region",51.97601,-120.10368,2020,TRUE,2,0,0.2107,0.1427,0.0651,0.2569
"MYCA","17706_NW",17706,"NW","Northern Region",51.97601,-120.10368,2021,FALSE,0,NA,NA,0.1737,0.0851,0.2948
"MYCA","17706_NW",17706,"NW","Northern Region",51.97601,-120.10368,2022,FALSE,0,NA,NA,0.1812,0.0885,0.306
"MYCA","17706_NW",17706,"NW","Northern Region",51.97601,-120.10368,2023,FALSE,0,NA,NA,0.1652,0.0755,0.2907
"MYCA","17706_NW",17706,"NW","Northern Region",51.97601,-120.10368,2024,FALSE,0,NA,NA,0.1605,0.0706,0.2853
"MYCA","17706_NW",17706,"NW","Northern Region",51.97601,-120.10368,2025,FALSE,0,NA,NA,0.1504,0.0612,0.2797
"MYCA","17706_SE",17706,"SE","Northern Region",51.9408,-120.01683,2017,FALSE,0,NA,NA,0.2288,0.0665,0.4502
"MYCA","17706_SE",17706,"SE","Northern Region",51.9408,-120.01683,2018,FALSE,0,NA,NA,0.2255,0.1051,0.3895
"MYCA","17706_SE",17706,"SE","Northern Region",51.9408,-120.01683,2019,TRUE,4,1,1,0.2646,0.1458,0.4162
"MYCA","17706_SE",17706,"SE","Northern Region",51.9408,-120.01683,2020,TRUE,4,1,1,0.2094,0.1034,0.3551
"MYCA","17706_SE",17706,"SE","Northern Region",51.9408,-120.01683,2021,FALSE,0,NA,NA,0.2549,0.1358,0.4002
"MYCA","17706_SE",17706,"SE","Northern Region",51.9408,-120.01683,2022,FALSE,0,NA,NA,0.2706,0.1462,0.4291
"MYCA","17706_SE",17706,"SE","Northern Region",51.9408,-120.01683,2023,TRUE,4,1,1,0.2562,0.1341,0.4116
"MYCA","17706_SE",17706,"SE","Northern Region",51.9408,-120.01683,2024,TRUE,2,1,1,0.2533,0.1284,0.4155
"MYCA","17706_SE",17706,"SE","Northern Region",51.9408,-120.01683,2025,TRUE,4,1,1,0.2419,0.1153,0.4061
"MYCA","17706_SW",17706,"SW","Northern Region",51.94316,-120.06784,2017,FALSE,0,NA,NA,0.1493,0.0278,0.3541
"MYCA","17706_SW",17706,"SW","Northern Region",51.94316,-120.06784,2018,FALSE,0,NA,NA,0.1606,0.0706,0.2829
"MYCA","17706_SW",17706,"SW","Northern Region",51.94316,-120.06784,2019,TRUE,4,1,1,0.2239,0.1197,0.3776
"MYCA","17706_SW",17706,"SW","Northern Region",51.94316,-120.06784,2020,TRUE,4,0,0.1369,0.1605,0.0776,0.275
"MYCA","17706_SW",17706,"SW","Northern Region",51.94316,-120.06784,2021,FALSE,0,NA,NA,0.2219,0.1174,0.3526
"MYCA","17706_SW",17706,"SW","Northern Region",51.94316,-120.06784,2022,FALSE,0,NA,NA,0.2332,0.1283,0.3646
"MYCA","17706_SW",17706,"SW","Northern Region",51.94316,-120.06784,2023,TRUE,4,1,1,0.2039,0.1054,0.3275
"MYCA","17706_SW",17706,"SW","Northern Region",51.94316,-120.06784,2024,FALSE,0,NA,NA,0.1975,0.0996,0.3217
"MYCA","17706_SW",17706,"SW","Northern Region",51.94316,-120.06784,2025,TRUE,4,1,1,0.1849,0.0906,0.3081
"MYCA","186330_NE",186330,"NE","Northern Region",55.95727,-122.58949,2017,FALSE,0,NA,NA,0.449,0.1275,0.8249
"MYCA","186330_NE",186330,"NE","Northern Region",55.95727,-122.58949,2018,FALSE,0,NA,NA,0.3355,0.1341,0.5866
"MYCA","186330_NE",186330,"NE","Northern Region",55.95727,-122.58949,2019,FALSE,0,NA,NA,0.2832,0.1437,0.4646
"MYCA","186330_NE",186330,"NE","Northern Region",55.95727,-122.58949,2020,FALSE,0,NA,NA,0.1886,0.0849,0.3394
"MYCA","186330_NE",186330,"NE","Northern Region",55.95727,-122.58949,2021,FALSE,0,NA,NA,0.21,0.1011,0.3498
"MYCA","186330_NE",186330,"NE","Northern Region",55.95727,-122.58949,2022,FALSE,0,NA,NA,0.2099,0.0974,0.3507
"MYCA","186330_NE",186330,"NE","Northern Region",55.95727,-122.58949,2023,FALSE,0,NA,NA,0.1909,0.0838,0.3292
"MYCA","186330_NE",186330,"NE","Northern Region",55.95727,-122.58949,2024,TRUE,4,0,0,0.1841,0.0769,0.326
"MYCA","186330_NE",186330,"NE","Northern Region",55.95727,-122.58949,2025,TRUE,4,0,2e-04,0.1716,0.0683,0.3151
"MYCA","186330_NW",186330,"NW","Northern Region",55.94606,-122.65922,2017,FALSE,0,NA,NA,0.3922,0.1429,0.6962
"MYCA","186330_NW",186330,"NW","Northern Region",55.94606,-122.65922,2018,FALSE,0,NA,NA,0.3263,0.1664,0.5241
"MYCA","186330_NW",186330,"NW","Northern Region",55.94606,-122.65922,2019,FALSE,0,NA,NA,0.3219,0.1959,0.4693
"MYCA","186330_NW",186330,"NW","Northern Region",55.94606,-122.65922,2020,FALSE,0,NA,NA,0.2329,0.127,0.3688
"MYCA","186330_NW",186330,"NW","Northern Region",55.94606,-122.65922,2021,FALSE,0,NA,NA,0.2789,0.1664,0.4103
"MYCA","186330_NW",186330,"NW","Northern Region",55.94606,-122.65922,2022,FALSE,0,NA,NA,0.2893,0.1726,0.4212
"MYCA","186330_NW",186330,"NW","Northern Region",55.94606,-122.65922,2023,FALSE,0,NA,NA,0.2682,0.158,0.3967
"MYCA","186330_NW",186330,"NW","Northern Region",55.94606,-122.65922,2024,TRUE,3,0,9e-04,0.2627,0.1509,0.3931
"MYCA","186330_NW",186330,"NW","Northern Region",55.94606,-122.65922,2025,TRUE,4,0,0,0.2479,0.1358,0.3819
"MYCA","186490_NW",186490,"NW","Northern Region",54.754,-127.12678,2017,TRUE,4,0,0.0513,0.2238,0.0491,0.4821
"MYCA","186490_NW",186490,"NW","Northern Region",54.754,-127.12678,2018,TRUE,4,1,1,0.2541,0.1214,0.4213
"MYCA","186490_NW",186490,"NW","Northern Region",54.754,-127.12678,2019,TRUE,4,0,0.1996,0.3387,0.1794,0.5364
"MYCA","186490_NW",186490,"NW","Northern Region",54.754,-127.12678,2020,TRUE,4,1,1,0.2443,0.1174,0.4163
"MYCA","186490_NW",186490,"NW","Northern Region",54.754,-127.12678,2021,TRUE,4,0,0.1093,0.335,0.1728,0.5225
"MYCA","186490_NW",186490,"NW","Northern Region",54.754,-127.12678,2022,TRUE,4,1,1,0.34,0.1815,0.5205
"MYCA","186490_NW",186490,"NW","Northern Region",54.754,-127.12678,2023,FALSE,0,NA,NA,0.3003,0.1512,0.4772
"MYCA","186490_NW",186490,"NW","Northern Region",54.754,-127.12678,2024,TRUE,3,1,1,0.2951,0.1458,0.4729
"MYCA","186490_NW",186490,"NW","Northern Region",54.754,-127.12678,2025,TRUE,4,0,0.0131,0.2782,0.1304,0.4519
"MYCA","186490_SE",186490,"SE","Northern Region",54.72257,-126.99742,2017,TRUE,4,0,0.0042,0.2515,0.0787,0.4872
"MYCA","186490_SE",186490,"SE","Northern Region",54.72257,-126.99742,2018,TRUE,4,0,0.0022,0.2049,0.1041,0.3507
"MYCA","186490_SE",186490,"SE","Northern Region",54.72257,-126.99742,2019,TRUE,4,0,0.0084,0.2287,0.1317,0.3567
"MYCA","186490_SE",186490,"SE","Northern Region",54.72257,-126.99742,2020,TRUE,4,0,0.0049,0.1589,0.0822,0.263
"MYCA","186490_SE",186490,"SE","Northern Region",54.72257,-126.99742,2021,TRUE,4,0,2e-04,0.2079,0.1177,0.3213
"MYCA","186490_SE",186490,"SE","Northern Region",54.72257,-126.99742,2022,TRUE,4,0,4e-04,0.2165,0.1232,0.3319
"MYCA","186490_SE",186490,"SE","Northern Region",54.72257,-126.99742,2023,FALSE,0,NA,NA,0.1904,0.1027,0.2969
"MYCA","186490_SE",186490,"SE","Northern Region",54.72257,-126.99742,2024,FALSE,0,NA,NA,0.1839,0.0969,0.2888
"MYCA","186490_SE",186490,"SE","Northern Region",54.72257,-126.99742,2025,FALSE,0,NA,NA,0.1713,0.0861,0.275
"MYCA","186490_SW",186490,"SW","Northern Region",54.72278,-127.05397,2017,TRUE,4,0,0.0062,0.363,0.1398,0.6215
"MYCA","186490_SW",186490,"SW","Northern Region",54.72278,-127.05397,2018,TRUE,4,0,0.0131,0.3103,0.1705,0.4842
"MYCA","186490_SW",186490,"SW","Northern Region",54.72278,-127.05397,2019,TRUE,4,1,1,0.3436,0.2003,0.5166
"MYCA","186490_SW",186490,"SW","Northern Region",54.72278,-127.05397,2020,TRUE,4,0,0.2076,0.2461,0.1258,0.411
"MYCA","186490_SW",186490,"SW","Northern Region",54.72278,-127.05397,2021,TRUE,4,1,1,0.3241,0.1757,0.5004
"MYCA","186490_SW",186490,"SW","Northern Region",54.72278,-127.05397,2022,TRUE,4,1,1,0.3328,0.1818,0.5066
"MYCA","186490_SW",186490,"SW","Northern Region",54.72278,-127.05397,2023,TRUE,4,1,1,0.2989,0.1564,0.4623
"MYCA","186490_SW",186490,"SW","Northern Region",54.72278,-127.05397,2024,TRUE,4,1,1,0.2931,0.1485,0.4605
"MYCA","186490_SW",186490,"SW","Northern Region",54.72278,-127.05397,2025,TRUE,4,0,0.0062,0.2757,0.136,0.4376
"MYCA","194666_NE",194666,"NE","Okanagan Region",50.23014,-119.32344,2017,TRUE,4,1,1,0.7119,0.4571,0.9062
"MYCA","194666_NE",194666,"NE","Okanagan Region",50.23014,-119.32344,2018,FALSE,0,NA,NA,0.7975,0.6445,0.9099
"MYCA","194666_NE",194666,"NE","Okanagan Region",50.23014,-119.32344,2019,TRUE,4,1,1,0.8501,0.7347,0.9315
"MYCA","194666_NE",194666,"NE","Okanagan Region",50.23014,-119.32344,2020,TRUE,4,0,0.41,0.7802,0.595,0.9186
"MYCA","194666_NE",194666,"NE","Okanagan Region",50.23014,-119.32344,2021,TRUE,4,1,1,0.8716,0.7689,0.9459
"MYCA","194666_NE",194666,"NE","Okanagan Region",50.23014,-119.32344,2022,FALSE,0,NA,NA,0.8772,0.7735,0.9492
"MYCA","194666_NE",194666,"NE","Okanagan Region",50.23014,-119.32344,2023,TRUE,3,1,1,0.8741,0.763,0.948
"MYCA","194666_NE",194666,"NE","Okanagan Region",50.23014,-119.32344,2024,TRUE,3,1,1,0.8804,0.7754,0.9513
"MYCA","194666_NE",194666,"NE","Okanagan Region",50.23014,-119.32344,2025,FALSE,0,NA,NA,0.8692,0.755,0.9469
"MYCA","194666_SW",194666,"SW","Okanagan Region",50.16915,-119.41081,2017,TRUE,4,0,0.0138,0.4581,0.1597,0.77
"MYCA","194666_SW",194666,"SW","Okanagan Region",50.16915,-119.41081,2018,FALSE,0,NA,NA,0.583,0.378,0.7717
"MYCA","194666_SW",194666,"SW","Okanagan Region",50.16915,-119.41081,2019,TRUE,4,1,1,0.7036,0.5376,0.8427
"MYCA","194666_SW",194666,"SW","Okanagan Region",50.16915,-119.41081,2020,TRUE,4,0,0.2522,0.6329,0.436,0.8113
"MYCA","194666_SW",194666,"SW","Okanagan Region",50.16915,-119.41081,2021,TRUE,3,1,1,0.7406,0.582,0.8656
"MYCA","194666_SW",194666,"SW","Okanagan Region",50.16915,-119.41081,2022,TRUE,2,1,1,0.7608,0.6101,0.8841
"MYCA","194666_SW",194666,"SW","Okanagan Region",50.16915,-119.41081,2023,FALSE,0,NA,NA,0.7631,0.6141,0.8807
"MYCA","194666_SW",194666,"SW","Okanagan Region",50.16915,-119.41081,2024,FALSE,0,NA,NA,0.774,0.6247,0.8905
"MYCA","194666_SW",194666,"SW","Okanagan Region",50.16915,-119.41081,2025,TRUE,4,1,1,0.7637,0.6107,0.885
"MYCA","20330_NE",20330,"NE","Kootenay Region",49.42454,-117.72865,2017,TRUE,4,0,0.0629,0.7624,0.5393,0.9194
"MYCA","20330_NE",20330,"NE","Kootenay Region",49.42454,-117.72865,2018,FALSE,0,NA,NA,0.7361,0.5774,0.8713
"MYCA","20330_NE",20330,"NE","Kootenay Region",49.42454,-117.72865,2019,TRUE,4,1,1,0.7461,0.6113,0.8563
"MYCA","20330_NE",20330,"NE","Kootenay Region",49.42454,-117.72865,2020,TRUE,4,1,1,0.6365,0.4537,0.7968
"MYCA","20330_NE",20330,"NE","Kootenay Region",49.42454,-117.72865,2021,FALSE,0,NA,NA,0.7481,0.6272,0.8512
"MYCA","20330_NE",20330,"NE","Kootenay Region",49.42454,-117.72865,2022,TRUE,3,1,1,0.76,0.6351,0.8604
"MYCA","20330_NE",20330,"NE","Kootenay Region",49.42454,-117.72865,2023,TRUE,4,0,0.2073,0.7471,0.6222,0.8504
"MYCA","20330_NE",20330,"NE","Kootenay Region",49.42454,-117.72865,2024,TRUE,4,1,1,0.7529,0.6273,0.8585
"MYCA","20330_NE",20330,"NE","Kootenay Region",49.42454,-117.72865,2025,TRUE,4,1,1,0.7355,0.6059,0.8451
"MYCA","20330_SE",20330,"SE","Kootenay Region",49.3813,-117.67793,2017,TRUE,4,1,1,0.7746,0.5297,0.9393
"MYCA","20330_SE",20330,"SE","Kootenay Region",49.3813,-117.67793,2018,TRUE,4,1,1,0.8057,0.65,0.9176
"MYCA","20330_SE",20330,"SE","Kootenay Region",49.3813,-117.67793,2019,TRUE,4,0,0.5162,0.8307,0.7089,0.9179
"MYCA","20330_SE",20330,"SE","Kootenay Region",49.3813,-117.67793,2020,TRUE,4,1,1,0.7472,0.5662,0.8891
"MYCA","20330_SE",20330,"SE","Kootenay Region",49.3813,-117.67793,2021,FALSE,0,NA,NA,0.8501,0.7481,0.9265
"MYCA","20330_SE",20330,"SE","Kootenay Region",49.3813,-117.67793,2022,TRUE,3,1,1,0.8561,0.7603,0.93
"MYCA","20330_SE",20330,"SE","Kootenay Region",49.3813,-117.67793,2023,TRUE,4,1,1,0.8513,0.7499,0.928
"MYCA","20330_SE",20330,"SE","Kootenay Region",49.3813,-117.67793,2024,TRUE,4,1,1,0.8584,0.7563,0.9336
"MYCA","20330_SE",20330,"SE","Kootenay Region",49.3813,-117.67793,2025,TRUE,4,1,1,0.845,0.7388,0.9234
"MYCA","206394_NE",206394,"NE","Northern Region",53.63655,-132.05056,2017,FALSE,0,NA,NA,0.6576,0.3063,0.9102
"MYCA","206394_NE",206394,"NE","Northern Region",53.63655,-132.05056,2018,FALSE,0,NA,NA,0.6383,0.382,0.8497
"MYCA","206394_NE",206394,"NE","Northern Region",53.63655,-132.05056,2019,FALSE,0,NA,NA,0.6495,0.4513,0.8171
"MYCA","206394_NE",206394,"NE","Northern Region",53.63655,-132.05056,2020,FALSE,0,NA,NA,0.5697,0.3656,0.7589
"MYCA","206394_NE",206394,"NE","Northern Region",53.63655,-132.05056,2021,FALSE,0,NA,NA,0.6172,0.4316,0.7822
"MYCA","206394_NE",206394,"NE","Northern Region",53.63655,-132.05056,2022,TRUE,4,1,1,0.6321,0.4504,0.8001
"MYCA","206394_NE",206394,"NE","Northern Region",53.63655,-132.05056,2023,TRUE,4,1,1,0.6228,0.4344,0.7984
"MYCA","206394_NE",206394,"NE","Northern Region",53.63655,-132.05056,2024,TRUE,2,0,0.1,0.6229,0.428,0.8015
"MYCA","206394_NE",206394,"NE","Northern Region",53.63655,-132.05056,2025,TRUE,4,0,0.008,0.6111,0.4049,0.7958
"MYCA","206394_NW",206394,"NW","Northern Region",53.6372,-132.16251,2017,FALSE,0,NA,NA,0.3353,0.0631,0.7205
"MYCA","206394_NW",206394,"NW","Northern Region",53.6372,-132.16251,2018,FALSE,0,NA,NA,0.5017,0.2645,0.745
"MYCA","206394_NW",206394,"NW","Northern Region",53.6372,-132.16251,2019,FALSE,0,NA,NA,0.6525,0.4324,0.8327
"MYCA","206394_NW",206394,"NW","Northern Region",53.6372,-132.16251,2020,FALSE,0,NA,NA,0.5975,0.3681,0.812
"MYCA","206394_NW",206394,"NW","Northern Region",53.6372,-132.16251,2021,FALSE,0,NA,NA,0.7043,0.4888,0.8705
"MYCA","206394_NW",206394,"NW","Northern Region",53.6372,-132.16251,2022,TRUE,4,1,1,0.7285,0.5221,0.8891
"MYCA","206394_NW",206394,"NW","Northern Region",53.6372,-132.16251,2023,TRUE,4,1,1,0.7215,0.5131,0.8843
"MYCA","206394_NW",206394,"NW","Northern Region",53.6372,-132.16251,2024,TRUE,4,1,1,0.7286,0.5184,0.8907
"MYCA","206394_NW",206394,"NW","Northern Region",53.6372,-132.16251,2025,TRUE,4,0,0.0609,0.7161,0.5028,0.8841
"MYCA","206394_SE",206394,"SE","Northern Region",53.60877,-131.99988,2017,FALSE,0,NA,NA,0.7439,0.3838,0.9562
"MYCA","206394_SE",206394,"SE","Northern Region",53.60877,-131.99988,2018,FALSE,0,NA,NA,0.6995,0.451,0.8831
"MYCA","206394_SE",206394,"SE","Northern Region",53.60877,-131.99988,2019,FALSE,0,NA,NA,0.6882,0.5047,0.8386
"MYCA","206394_SE",206394,"SE","Northern Region",53.60877,-131.99988,2020,FALSE,0,NA,NA,0.5859,0.381,0.7741
"MYCA","206394_SE",206394,"SE","Northern Region",53.60877,-131.99988,2021,FALSE,0,NA,NA,0.6407,0.4632,0.8032
"MYCA","206394_SE",206394,"SE","Northern Region",53.60877,-131.99988,2022,TRUE,4,1,1,0.6529,0.468,0.8147
"MYCA","206394_SE",206394,"SE","Northern Region",53.60877,-131.99988,2023,TRUE,4,1,1,0.6402,0.4515,0.8085
"MYCA","206394_SE",206394,"SE","Northern Region",53.60877,-131.99988,2024,TRUE,4,1,1,0.6395,0.4438,0.8126
"MYCA","206394_SE",206394,"SE","Northern Region",53.60877,-131.99988,2025,TRUE,4,0,0.0696,0.6247,0.4189,0.8046
"MYCA","206394_SW",206394,"SW","Northern Region",53.57324,-132.11579,2017,FALSE,0,NA,NA,0.3736,0.0908,0.7302
"MYCA","206394_SW",206394,"SW","Northern Region",53.57324,-132.11579,2018,FALSE,0,NA,NA,0.4508,0.2356,0.6958
"MYCA","206394_SW",206394,"SW","Northern Region",53.57324,-132.11579,2019,FALSE,0,NA,NA,0.5587,0.379,0.7301
"MYCA","206394_SW",206394,"SW","Northern Region",53.57324,-132.11579,2020,FALSE,0,NA,NA,0.4961,0.3088,0.6852
"MYCA","206394_SW",206394,"SW","Northern Region",53.57324,-132.11579,2021,FALSE,0,NA,NA,0.5876,0.4102,0.7503
"MYCA","206394_SW",206394,"SW","Northern Region",53.57324,-132.11579,2022,TRUE,4,1,1,0.6165,0.4451,0.7764
"MYCA","206394_SW",206394,"SW","Northern Region",53.57324,-132.11579,2023,TRUE,4,1,1,0.6068,0.4284,0.772
"MYCA","206394_SW",206394,"SW","Northern Region",53.57324,-132.11579,2024,TRUE,4,1,1,0.6108,0.4346,0.7782
"MYCA","206394_SW",206394,"SW","Northern Region",53.57324,-132.11579,2025,TRUE,4,0,0.0491,0.5976,0.4142,0.7686
"MYCA","20730_NE",20730,"NE","Northern Region",56.79525,-124.90059,2017,FALSE,0,NA,NA,0.6633,0.2503,0.9569
"MYCA","20730_NE",20730,"NE","Northern Region",56.79525,-124.90059,2018,FALSE,0,NA,NA,0.5232,0.2438,0.7856
"MYCA","20730_NE",20730,"NE","Northern Region",56.79525,-124.90059,2019,FALSE,0,NA,NA,0.4426,0.2393,0.6577
"MYCA","20730_NE",20730,"NE","Northern Region",56.79525,-124.90059,2020,FALSE,0,NA,NA,0.3123,0.137,0.5398
"MYCA","20730_NE",20730,"NE","Northern Region",56.79525,-124.90059,2021,FALSE,0,NA,NA,0.337,0.165,0.5428
"MYCA","20730_NE",20730,"NE","Northern Region",56.79525,-124.90059,2022,TRUE,3,0,0.0029,0.3333,0.1579,0.541
"MYCA","20730_NE",20730,"NE","Northern Region",56.79525,-124.90059,2023,FALSE,0,NA,NA,0.3096,0.1356,0.5197
"MYCA","20730_NE",20730,"NE","Northern Region",56.79525,-124.90059,2024,TRUE,4,0,0,0.3008,0.1244,0.5187
"MYCA","20730_NE",20730,"NE","Northern Region",56.79525,-124.90059,2025,TRUE,4,0,7e-04,0.2831,0.1098,0.5027
"MYCA","20730_NW",20730,"NW","Northern Region",56.79948,-124.97614,2017,FALSE,0,NA,NA,0.4835,0.1647,0.8282
"MYCA","20730_NW",20730,"NW","Northern Region",56.79948,-124.97614,2018,FALSE,0,NA,NA,0.4152,0.1947,0.6624
"MYCA","20730_NW",20730,"NW","Northern Region",56.79948,-124.97614,2019,FALSE,0,NA,NA,0.3936,0.2246,0.5878
"MYCA","20730_NW",20730,"NW","Northern Region",56.79948,-124.97614,2020,FALSE,0,NA,NA,0.2982,0.1489,0.4812
"MYCA","20730_NW",20730,"NW","Northern Region",56.79948,-124.97614,2021,FALSE,0,NA,NA,0.332,0.1771,0.506
"MYCA","20730_NW",20730,"NW","Northern Region",56.79948,-124.97614,2022,TRUE,3,0,0.0022,0.3385,0.1801,0.5213
"MYCA","20730_NW",20730,"NW","Northern Region",56.79948,-124.97614,2023,FALSE,0,NA,NA,0.3207,0.162,0.5012
"MYCA","20730_NW",20730,"NW","Northern Region",56.79948,-124.97614,2024,TRUE,4,0,4e-04,0.3154,0.1547,0.5019
"MYCA","20730_NW",20730,"NW","Northern Region",56.79948,-124.97614,2025,TRUE,4,0,7e-04,0.301,0.1405,0.4887
"MYCA","20730_SE",20730,"SE","Northern Region",56.78457,-124.88544,2017,FALSE,0,NA,NA,0.287,0.0975,0.5307
"MYCA","20730_SE",20730,"SE","Northern Region",56.78457,-124.88544,2018,FALSE,0,NA,NA,0.2499,0.1339,0.4045
"MYCA","20730_SE",20730,"SE","Northern Region",56.78457,-124.88544,2019,FALSE,0,NA,NA,0.2817,0.1724,0.4205
"MYCA","20730_SE",20730,"SE","Northern Region",56.78457,-124.88544,2020,FALSE,0,NA,NA,0.2025,0.1111,0.3237
"MYCA","20730_SE",20730,"SE","Northern Region",56.78457,-124.88544,2021,FALSE,0,NA,NA,0.2618,0.1585,0.3846
"MYCA","20730_SE",20730,"SE","Northern Region",56.78457,-124.88544,2022,TRUE,3,0,0.0042,0.2733,0.1665,0.3996
"MYCA","20730_SE",20730,"SE","Northern Region",56.78457,-124.88544,2023,FALSE,0,NA,NA,0.2461,0.1449,0.3618
"MYCA","20730_SE",20730,"SE","Northern Region",56.78457,-124.88544,2024,TRUE,3,0,0.0022,0.2398,0.1385,0.3574
"MYCA","20730_SE",20730,"SE","Northern Region",56.78457,-124.88544,2025,TRUE,4,0,0.0013,0.2246,0.1244,0.3404
"MYCA","20730_SW",20730,"SW","Northern Region",56.76456,-124.98588,2017,FALSE,0,NA,NA,0.2793,0.0941,0.5215
"MYCA","20730_SW",20730,"SW","Northern Region",56.76456,-124.98588,2018,FALSE,0,NA,NA,0.2411,0.1273,0.3967
"MYCA","20730_SW",20730,"SW","Northern Region",56.76456,-124.98588,2019,FALSE,0,NA,NA,0.2685,0.1641,0.4005
"MYCA","20730_SW",20730,"SW","Northern Region",56.76456,-124.98588,2020,FALSE,0,NA,NA,0.1926,0.1048,0.3057
"MYCA","20730_SW",20730,"SW","Northern Region",56.76456,-124.98588,2021,FALSE,0,NA,NA,0.2471,0.15,0.3643
"MYCA","20730_SW",20730,"SW","Northern Region",56.76456,-124.98588,2022,TRUE,3,0,0.0053,0.2584,0.1568,0.3794
"MYCA","20730_SW",20730,"SW","Northern Region",56.76456,-124.98588,2023,FALSE,0,NA,NA,0.2331,0.1373,0.3452
"MYCA","20730_SW",20730,"SW","Northern Region",56.76456,-124.98588,2024,FALSE,0,NA,NA,0.2268,0.1309,0.3402
"MYCA","20730_SW",20730,"SW","Northern Region",56.76456,-124.98588,2025,TRUE,4,0,0.0018,0.2124,0.1167,0.3254
"MYCA","212266_NE",212266,"NE","Okanagan Region",50.751409,-120.480005,2017,TRUE,4,1,1,0.7922,0.528,0.9545
"MYCA","212266_NE",212266,"NE","Okanagan Region",50.751409,-120.480005,2018,TRUE,4,1,1,0.7814,0.5996,0.9106
"MYCA","212266_NE",212266,"NE","Okanagan Region",50.751409,-120.480005,2019,TRUE,4,1,1,0.7922,0.6319,0.9085
"MYCA","212266_NE",212266,"NE","Okanagan Region",50.751409,-120.480005,2020,TRUE,4,0,0.4593,0.6956,0.4652,0.8824
"MYCA","212266_NE",212266,"NE","Okanagan Region",50.751409,-120.480005,2021,TRUE,4,1,1,0.794,0.6272,0.9159
"MYCA","212266_NE",212266,"NE","Okanagan Region",50.751409,-120.480005,2022,TRUE,4,1,1,0.8016,0.6324,0.9227
"MYCA","212266_NE",212266,"NE","Okanagan Region",50.751409,-120.480005,2023,TRUE,4,1,1,0.7934,0.61,0.9206
"MYCA","212266_NE",212266,"NE","Okanagan Region",50.751409,-120.480005,2024,TRUE,3,1,1,0.7991,0.6136,0.9252
"MYCA","212266_NE",212266,"NE","Okanagan Region",50.751409,-120.480005,2025,TRUE,4,1,1,0.7843,0.5872,0.9184
"MYCA","212266_NW",212266,"NW","Okanagan Region",50.777508,-120.5598176,2017,TRUE,4,1,1,0.4759,0.1718,0.7839
"MYCA","212266_NW",212266,"NW","Okanagan Region",50.777508,-120.5598176,2018,TRUE,4,1,1,0.5437,0.338,0.7432
"MYCA","212266_NW",212266,"NW","Okanagan Region",50.777508,-120.5598176,2019,TRUE,4,1,1,0.6363,0.4634,0.7964
"MYCA","212266_NW",212266,"NW","Okanagan Region",50.777508,-120.5598176,2020,TRUE,3,0,0.4107,0.5525,0.3604,0.7414
"MYCA","212266_NW",212266,"NW","Okanagan Region",50.777508,-120.5598176,2021,TRUE,3,1,1,0.6547,0.4786,0.807
"MYCA","212266_NW",212266,"NW","Okanagan Region",50.777508,-120.5598176,2022,FALSE,0,NA,NA,0.677,0.4992,0.8317
"MYCA","212266_NW",212266,"NW","Okanagan Region",50.777508,-120.5598176,2023,TRUE,4,1,1,0.6653,0.4869,0.8145
"MYCA","212266_NW",212266,"NW","Okanagan Region",50.777508,-120.5598176,2024,TRUE,3,1,1,0.6693,0.4845,0.8255
"MYCA","212266_NW",212266,"NW","Okanagan Region",50.777508,-120.5598176,2025,TRUE,3,1,1,0.6536,0.4663,0.8135
"MYCA","212266_SE",212266,"SE","Okanagan Region",50.714878,-120.492405,2017,FALSE,0,NA,NA,0.7704,0.5197,0.9365
"MYCA","212266_SE",212266,"SE","Okanagan Region",50.714878,-120.492405,2018,TRUE,4,1,1,0.832,0.6847,0.936
"MYCA","212266_SE",212266,"SE","Okanagan Region",50.714878,-120.492405,2019,TRUE,3,0,0.2442,0.8866,0.7936,0.9506
"MYCA","212266_SE",212266,"SE","Okanagan Region",50.714878,-120.492405,2020,TRUE,4,0,0.0302,0.8518,0.7147,0.9419
"MYCA","212266_SE",212266,"SE","Okanagan Region",50.714878,-120.492405,2021,TRUE,4,0,0.0122,0.906,0.8226,0.961
"MYCA","212266_SE",212266,"SE","Okanagan Region",50.714878,-120.492405,2022,TRUE,4,0,0.0358,0.9171,0.8377,0.9671
"MYCA","212266_SE",212266,"SE","Okanagan Region",50.714878,-120.492405,2023,TRUE,4,1,1,0.9165,0.8368,0.9671
"MYCA","212266_SE",212266,"SE","Okanagan Region",50.714878,-120.492405,2024,TRUE,3,1,1,0.9207,0.8405,0.9708
"MYCA","212266_SE",212266,"SE","Okanagan Region",50.714878,-120.492405,2025,TRUE,4,1,1,0.9153,0.8332,0.969
"MYCA","212266_SW",212266,"SW","Okanagan Region",50.732357,-120.521811,2017,FALSE,0,NA,NA,0.7764,0.5378,0.9378
"MYCA","212266_SW",212266,"SW","Okanagan Region",50.732357,-120.521811,2018,TRUE,4,1,1,0.8333,0.6865,0.9356
"MYCA","212266_SW",212266,"SW","Okanagan Region",50.732357,-120.521811,2019,TRUE,4,1,1,0.8861,0.7937,0.9492
"MYCA","212266_SW",212266,"SW","Okanagan Region",50.732357,-120.521811,2020,TRUE,3,0,0.7369,0.8516,0.7181,0.9403
"MYCA","212266_SW",212266,"SW","Okanagan Region",50.732357,-120.521811,2021,TRUE,2,1,1,0.9045,0.8226,0.9597
"MYCA","212266_SW",212266,"SW","Okanagan Region",50.732357,-120.521811,2022,TRUE,4,1,1,0.9161,0.8391,0.9657
"MYCA","212266_SW",212266,"SW","Okanagan Region",50.732357,-120.521811,2023,TRUE,3,1,1,0.9155,0.8377,0.9658
"MYCA","212266_SW",212266,"SW","Okanagan Region",50.732357,-120.521811,2024,TRUE,4,1,1,0.9195,0.8412,0.9695
"MYCA","212266_SW",212266,"SW","Okanagan Region",50.732357,-120.521811,2025,TRUE,4,1,1,0.9142,0.8321,0.9677
"MYCA","212906_NW",212906,"NW","South Coastal Region",49.36971,-124.79984,2017,FALSE,0,NA,NA,0.7665,0.527,0.9325
"MYCA","212906_NW",212906,"NW","South Coastal Region",49.36971,-124.79984,2018,TRUE,3,0,0.3838,0.8779,0.7597,0.9547
"MYCA","212906_NW",212906,"NW","South Coastal Region",49.36971,-124.79984,2019,TRUE,4,1,1,0.9301,0.8558,0.9758
"MYCA","212906_NW",212906,"NW","South Coastal Region",49.36971,-124.79984,2020,TRUE,4,1,1,0.8988,0.7576,0.9742
"MYCA","212906_NW",212906,"NW","South Coastal Region",49.36971,-124.79984,2021,FALSE,0,NA,NA,0.9496,0.8879,0.9851
"MYCA","212906_NW",212906,"NW","South Coastal Region",49.36971,-124.79984,2022,TRUE,4,1,1,0.952,0.8938,0.9864
"MYCA","212906_NW",212906,"NW","South Coastal Region",49.36971,-124.79984,2023,TRUE,4,1,1,0.9519,0.8906,0.9865
"MYCA","212906_NW",212906,"NW","South Coastal Region",49.36971,-124.79984,2024,TRUE,3,1,1,0.9555,0.8961,0.9877
"MYCA","212906_NW",212906,"NW","South Coastal Region",49.36971,-124.79984,2025,TRUE,4,1,1,0.9501,0.8852,0.9858
"MYCA","212906_SE",212906,"SE","South Coastal Region",49.35175,-124.74136,2017,FALSE,0,NA,NA,0.8427,0.618,0.972
"MYCA","212906_SE",212906,"SE","South Coastal Region",49.35175,-124.74136,2018,TRUE,3,1,1,0.8872,0.7682,0.9627
"MYCA","212906_SE",212906,"SE","South Coastal Region",49.35175,-124.74136,2019,TRUE,4,1,1,0.9091,0.8047,0.9699
"MYCA","212906_SE",212906,"SE","South Coastal Region",49.35175,-124.74136,2020,TRUE,4,1,1,0.8533,0.6701,0.9659
"MYCA","212906_SE",212906,"SE","South Coastal Region",49.35175,-124.74136,2021,FALSE,0,NA,NA,0.9256,0.8358,0.9784
"MYCA","212906_SE",212906,"SE","South Coastal Region",49.35175,-124.74136,2022,TRUE,4,1,1,0.9256,0.8384,0.9785
"MYCA","212906_SE",212906,"SE","South Coastal Region",49.35175,-124.74136,2023,TRUE,4,1,1,0.9247,0.8335,0.9798
"MYCA","212906_SE",212906,"SE","South Coastal Region",49.35175,-124.74136,2024,TRUE,4,1,1,0.9298,0.8398,0.9812
"MYCA","212906_SE",212906,"SE","South Coastal Region",49.35175,-124.74136,2025,TRUE,4,1,1,0.9211,0.8244,0.9791
"MYCA","212906_SW",212906,"SW","South Coastal Region",49.33595,-124.7423,2017,FALSE,0,NA,NA,0.7311,0.5022,0.9032
"MYCA","212906_SW",212906,"SW","South Coastal Region",49.33595,-124.7423,2018,TRUE,3,0,0.1873,0.8522,0.7275,0.939
"MYCA","212906_SW",212906,"SW","South Coastal Region",49.33595,-124.7423,2019,TRUE,4,1,1,0.8969,0.7879,0.963
"MYCA","212906_SW",212906,"SW","South Coastal Region",49.33595,-124.7423,2020,TRUE,4,1,1,0.8377,0.648,0.9603
"MYCA","212906_SW",212906,"SW","South Coastal Region",49.33595,-124.7423,2021,FALSE,0,NA,NA,0.9213,0.8367,0.9769
"MYCA","212906_SW",212906,"SW","South Coastal Region",49.33595,-124.7423,2022,FALSE,0,NA,NA,0.919,0.8303,0.9759
"MYCA","212906_SW",212906,"SW","South Coastal Region",49.33595,-124.7423,2023,TRUE,4,1,1,0.9186,0.8249,0.9766
"MYCA","212906_SW",212906,"SW","South Coastal Region",49.33595,-124.7423,2024,TRUE,3,1,1,0.9246,0.8394,0.9779
"MYCA","212906_SW",212906,"SW","South Coastal Region",49.33595,-124.7423,2025,TRUE,4,1,1,0.9146,0.8229,0.975
"MYCA","216746_NW",216746,"NW","South Coastal Region",49.10675,-125.78544,2017,FALSE,0,NA,NA,0.9417,0.7531,0.9983
"MYCA","216746_NW",216746,"NW","South Coastal Region",49.10675,-125.78544,2018,TRUE,4,0,0.1522,0.95,0.8598,0.9903
"MYCA","216746_NW",216746,"NW","South Coastal Region",49.10675,-125.78544,2019,FALSE,0,NA,NA,0.9575,0.8998,0.9889
"MYCA","216746_NW",216746,"NW","South Coastal Region",49.10675,-125.78544,2020,FALSE,0,NA,NA,0.9314,0.8303,0.9855
"MYCA","216746_NW",216746,"NW","South Coastal Region",49.10675,-125.78544,2021,TRUE,4,1,1,0.9612,0.9066,0.991
"MYCA","216746_NW",216746,"NW","South Coastal Region",49.10675,-125.78544,2022,TRUE,3,1,1,0.9637,0.9096,0.9914
"MYCA","216746_NW",216746,"NW","South Coastal Region",49.10675,-125.78544,2023,FALSE,0,NA,NA,0.9632,0.9049,0.9917
"MYCA","216746_NW",216746,"NW","South Coastal Region",49.10675,-125.78544,2024,TRUE,3,1,1,0.9653,0.9056,0.9925
"MYCA","216746_NW",216746,"NW","South Coastal Region",49.10675,-125.78544,2025,TRUE,4,1,1,0.962,0.8987,0.9919
"MYCA","216746_SE",216746,"SE","South Coastal Region",49.07768,-125.74644,2017,TRUE,4,0,0.034,0.5249,0.2205,0.8213
"MYCA","216746_SE",216746,"SE","South Coastal Region",49.07768,-125.74644,2018,FALSE,0,NA,NA,0.7549,0.5274,0.9151
"MYCA","216746_SE",216746,"SE","South Coastal Region",49.07768,-125.74644,2019,TRUE,4,0,0.2482,0.8815,0.7334,0.9639
"MYCA","216746_SE",216746,"SE","South Coastal Region",49.07768,-125.74644,2020,TRUE,3,0,0.4242,0.8731,0.7184,0.967
"MYCA","216746_SE",216746,"SE","South Coastal Region",49.07768,-125.74644,2021,TRUE,4,1,1,0.9308,0.836,0.9832
"MYCA","216746_SE",216746,"SE","South Coastal Region",49.07768,-125.74644,2022,TRUE,3,1,1,0.9406,0.8605,0.9859
"MYCA","216746_SE",216746,"SE","South Coastal Region",49.07768,-125.74644,2023,TRUE,3,1,1,0.9424,0.8589,0.987
"MYCA","216746_SE",216746,"SE","South Coastal Region",49.07768,-125.74644,2024,TRUE,3,1,1,0.947,0.8655,0.9886
"MYCA","216746_SE",216746,"SE","South Coastal Region",49.07768,-125.74644,2025,TRUE,4,1,1,0.9428,0.8584,0.9878
"MYCA","218282_SE",218282,"SE","Kootenay Region",50.13833,-117.55672,2017,FALSE,0,NA,NA,0.832,0.6399,0.954
"MYCA","218282_SE",218282,"SE","Kootenay Region",50.13833,-117.55672,2018,FALSE,0,NA,NA,0.8632,0.728,0.9494
"MYCA","218282_SE",218282,"SE","Kootenay Region",50.13833,-117.55672,2019,FALSE,0,NA,NA,0.8849,0.7716,0.9584
"MYCA","218282_SE",218282,"SE","Kootenay Region",50.13833,-117.55672,2020,TRUE,4,0,0.4531,0.8286,0.651,0.941
"MYCA","218282_SE",218282,"SE","Kootenay Region",50.13833,-117.55672,2021,TRUE,4,1,1,0.8978,0.7915,0.9652
"MYCA","218282_SE",218282,"SE","Kootenay Region",50.13833,-117.55672,2022,TRUE,4,1,1,0.903,0.7982,0.9675
"MYCA","218282_SE",218282,"SE","Kootenay Region",50.13833,-117.55672,2023,FALSE,0,NA,NA,0.9011,0.794,0.9673
"MYCA","218282_SE",218282,"SE","Kootenay Region",50.13833,-117.55672,2024,TRUE,4,1,1,0.9065,0.7959,0.9706
"MYCA","218282_SE",218282,"SE","Kootenay Region",50.13833,-117.55672,2025,TRUE,4,1,1,0.8977,0.7825,0.9664
"MYCA","218282_SW",218282,"SW","Kootenay Region",50.15094,-117.6221,2017,FALSE,0,NA,NA,0.8953,0.7112,0.9837
"MYCA","218282_SW",218282,"SW","Kootenay Region",50.15094,-117.6221,2018,FALSE,0,NA,NA,0.851,0.7197,0.9435
"MYCA","218282_SW",218282,"SW","Kootenay Region",50.15094,-117.6221,2019,FALSE,0,NA,NA,0.8367,0.7253,0.9188
"MYCA","218282_SW",218282,"SW","Kootenay Region",50.15094,-117.6221,2020,TRUE,4,1,1,0.7475,0.5741,0.8733
"MYCA","218282_SW",218282,"SW","Kootenay Region",50.15094,-117.6221,2021,TRUE,4,1,1,0.8255,0.7152,0.91
"MYCA","218282_SW",218282,"SW","Kootenay Region",50.15094,-117.6221,2022,TRUE,4,1,1,0.8364,0.7222,0.918
"MYCA","218282_SW",218282,"SW","Kootenay Region",50.15094,-117.6221,2023,TRUE,4,1,1,0.8295,0.7148,0.9165
"MYCA","218282_SW",218282,"SW","Kootenay Region",50.15094,-117.6221,2024,TRUE,4,1,1,0.8345,0.7196,0.9208
"MYCA","218282_SW",218282,"SW","Kootenay Region",50.15094,-117.6221,2025,TRUE,4,1,1,0.8224,0.699,0.9126
"MYCA","219626_SW",219626,"SW","South Coastal Region",48.92819,-125.25,2017,FALSE,0,NA,NA,0.6091,0.3274,0.855
"MYCA","219626_SW",219626,"SW","South Coastal Region",48.92819,-125.25,2018,FALSE,0,NA,NA,0.7866,0.5912,0.9259
"MYCA","219626_SW",219626,"SW","South Coastal Region",48.92819,-125.25,2019,FALSE,0,NA,NA,0.8932,0.7563,0.9691
"MYCA","219626_SW",219626,"SW","South Coastal Region",48.92819,-125.25,2020,FALSE,0,NA,NA,0.8889,0.7502,0.9722
"MYCA","219626_SW",219626,"SW","South Coastal Region",48.92819,-125.25,2021,FALSE,0,NA,NA,0.9373,0.8435,0.986
"MYCA","219626_SW",219626,"SW","South Coastal Region",48.92819,-125.25,2022,FALSE,0,NA,NA,0.9476,0.8708,0.9884
"MYCA","219626_SW",219626,"SW","South Coastal Region",48.92819,-125.25,2023,FALSE,0,NA,NA,0.9497,0.8733,0.9892
"MYCA","219626_SW",219626,"SW","South Coastal Region",48.92819,-125.25,2024,TRUE,4,1,1,0.9538,0.8795,0.9904
"MYCA","219626_SW",219626,"SW","South Coastal Region",48.92819,-125.25,2025,TRUE,4,1,1,0.9509,0.8745,0.9899
"MYCA","226090_NE",226090,"NE","Okanagan Region",50.10929,-120.45236,2017,FALSE,0,NA,NA,0.4506,0.1509,0.7686
"MYCA","226090_NE",226090,"NE","Okanagan Region",50.10929,-120.45236,2018,FALSE,0,NA,NA,0.4977,0.281,0.7285
"MYCA","226090_NE",226090,"NE","Okanagan Region",50.10929,-120.45236,2019,TRUE,4,1,1,0.5833,0.389,0.7645
"MYCA","226090_NE",226090,"NE","Okanagan Region",50.10929,-120.45236,2020,TRUE,2,0,0.7413,0.5276,0.3264,0.7254
"MYCA","226090_NE",226090,"NE","Okanagan Region",50.10929,-120.45236,2021,TRUE,3,1,1,0.6046,0.4078,0.7806
"MYCA","226090_NE",226090,"NE","Okanagan Region",50.10929,-120.45236,2022,TRUE,2,0,0.1471,0.6336,0.4267,0.8136
"MYCA","226090_NE",226090,"NE","Okanagan Region",50.10929,-120.45236,2023,TRUE,3,0,0.0327,0.6285,0.4178,0.8106
"MYCA","226090_NE",226090,"NE","Okanagan Region",50.10929,-120.45236,2024,FALSE,0,NA,NA,0.6333,0.4167,0.8228
"MYCA","226090_NE",226090,"NE","Okanagan Region",50.10929,-120.45236,2025,TRUE,2,0,0.0818,0.6234,0.4057,0.8141
"MYCA","226090_NW",226090,"NW","Okanagan Region",50.0999,-120.50647,2017,FALSE,0,NA,NA,0.8241,0.5719,0.9675
"MYCA","226090_NW",226090,"NW","Okanagan Region",50.0999,-120.50647,2018,TRUE,2,0,0.5291,0.8339,0.6721,0.9375
"MYCA","226090_NW",226090,"NW","Okanagan Region",50.0999,-120.50647,2019,TRUE,4,1,1,0.8575,0.7497,0.9331
"MYCA","226090_NW",226090,"NW","Okanagan Region",50.0999,-120.50647,2020,TRUE,4,1,1,0.8009,0.6513,0.9121
"MYCA","226090_NW",226090,"NW","Okanagan Region",50.0999,-120.50647,2021,TRUE,4,1,1,0.8558,0.7508,0.9323
"MYCA","226090_NW",226090,"NW","Okanagan Region",50.0999,-120.50647,2022,TRUE,3,1,1,0.8688,0.764,0.9406
"MYCA","226090_NW",226090,"NW","Okanagan Region",50.0999,-120.50647,2023,TRUE,4,0,0.0413,0.866,0.7607,0.9411
"MYCA","226090_NW",226090,"NW","Okanagan Region",50.0999,-120.50647,2024,FALSE,0,NA,NA,0.8698,0.764,0.9443
"MYCA","226090_NW",226090,"NW","Okanagan Region",50.0999,-120.50647,2025,TRUE,3,0,0.028,0.8625,0.7519,0.9412
"MYCA","226090_SE",226090,"SE","Okanagan Region",50.07156,-120.42266,2017,FALSE,0,NA,NA,0.4824,0.1503,0.8125
"MYCA","226090_SE",226090,"SE","Okanagan Region",50.07156,-120.42266,2018,TRUE,2,1,1,0.4969,0.2654,0.736
"MYCA","226090_SE",226090,"SE","Okanagan Region",50.07156,-120.42266,2019,TRUE,4,0,0.24,0.5546,0.3636,0.7369
"MYCA","226090_SE",226090,"SE","Okanagan Region",50.07156,-120.42266,2020,TRUE,4,0,0.0513,0.4759,0.2812,0.682
"MYCA","226090_SE",226090,"SE","Okanagan Region",50.07156,-120.42266,2021,TRUE,3,0,0.1078,0.5504,0.3597,0.7386
"MYCA","226090_SE",226090,"SE","Okanagan Region",50.07156,-120.42266,2022,TRUE,3,1,1,0.574,0.3756,0.7658
"MYCA","226090_SE",226090,"SE","Okanagan Region",50.07156,-120.42266,2023,FALSE,0,NA,NA,0.5629,0.3571,0.7551
"MYCA","226090_SE",226090,"SE","Okanagan Region",50.07156,-120.42266,2024,FALSE,0,NA,NA,0.5645,0.3488,0.7647
"MYCA","226090_SE",226090,"SE","Okanagan Region",50.07156,-120.42266,2025,TRUE,2,0,0.2476,0.5508,0.3365,0.7554
"MYCA","230186_NE",230186,"NE","Okanagan Region",49.01457,-121.07198,2017,FALSE,0,NA,NA,0.6011,0.2872,0.8615
"MYCA","230186_NE",230186,"NE","Okanagan Region",49.01457,-121.07198,2018,TRUE,4,0,0.2062,0.7204,0.5166,0.879
"MYCA","230186_NE",230186,"NE","Okanagan Region",49.01457,-121.07198,2019,TRUE,4,1,1,0.8272,0.6935,0.9229
"MYCA","230186_NE",230186,"NE","Okanagan Region",49.01457,-121.07198,2020,TRUE,4,1,1,0.8033,0.6428,0.917
"MYCA","230186_NE",230186,"NE","Okanagan Region",49.01457,-121.07198,2021,TRUE,4,1,1,0.8706,0.7566,0.9461
"MYCA","230186_NE",230186,"NE","Okanagan Region",49.01457,-121.07198,2022,FALSE,0,NA,NA,0.8888,0.7792,0.9558
"MYCA","230186_NE",230186,"NE","Okanagan Region",49.01457,-121.07198,2023,FALSE,0,NA,NA,0.8897,0.7861,0.9581
"MYCA","230186_NE",230186,"NE","Okanagan Region",49.01457,-121.07198,2024,TRUE,4,1,1,0.8953,0.7893,0.9617
"MYCA","230186_NE",230186,"NE","Okanagan Region",49.01457,-121.07198,2025,FALSE,0,NA,NA,0.89,0.7811,0.9607
"MYCA","230186_SE",230186,"SE","Okanagan Region",48.97511,-121.08329,2017,FALSE,0,NA,NA,0.3917,0.0609,0.7949
"MYCA","230186_SE",230186,"SE","Okanagan Region",48.97511,-121.08329,2018,TRUE,4,1,1,0.5862,0.2965,0.8373
"MYCA","230186_SE",230186,"SE","Okanagan Region",48.97511,-121.08329,2019,TRUE,4,1,1,0.7457,0.4919,0.9117
"MYCA","230186_SE",230186,"SE","Okanagan Region",48.97511,-121.08329,2020,TRUE,4,1,1,0.7305,0.4921,0.911
"MYCA","230186_SE",230186,"SE","Okanagan Region",48.97511,-121.08329,2021,TRUE,4,1,1,0.8169,0.5991,0.9463
"MYCA","230186_SE",230186,"SE","Okanagan Region",48.97511,-121.08329,2022,FALSE,0,NA,NA,0.8413,0.6363,0.9564
"MYCA","230186_SE",230186,"SE","Okanagan Region",48.97511,-121.08329,2023,TRUE,4,1,1,0.8439,0.6471,0.9602
"MYCA","230186_SE",230186,"SE","Okanagan Region",48.97511,-121.08329,2024,TRUE,4,1,1,0.8521,0.6585,0.9655
"MYCA","230186_SE",230186,"SE","Okanagan Region",48.97511,-121.08329,2025,FALSE,0,NA,NA,0.8469,0.6509,0.9627
"MYCA","241002_NE",241002,"NE","Kootenay Region",51.03817,-118.1357,2017,TRUE,4,0,0.0262,0.3061,0.06,0.7014
"MYCA","241002_NE",241002,"NE","Kootenay Region",51.03817,-118.1357,2018,TRUE,3,1,1,0.2818,0.118,0.5108
"MYCA","241002_NE",241002,"NE","Kootenay Region",51.03817,-118.1357,2019,TRUE,4,0,0.0464,0.3447,0.1571,0.5836
"MYCA","241002_NE",241002,"NE","Kootenay Region",51.03817,-118.1357,2020,TRUE,4,0,0.0147,0.2426,0.0987,0.4387
"MYCA","241002_NE",241002,"NE","Kootenay Region",51.03817,-118.1357,2021,TRUE,4,0,0.0033,0.3327,0.1511,0.5611
"MYCA","241002_NE",241002,"NE","Kootenay Region",51.03817,-118.1357,2022,TRUE,4,1,1,0.3364,0.1509,0.557
"MYCA","241002_NE",241002,"NE","Kootenay Region",51.03817,-118.1357,2023,TRUE,4,0,0.0169,0.2935,0.1243,0.5063
"MYCA","241002_NE",241002,"NE","Kootenay Region",51.03817,-118.1357,2024,TRUE,4,1,1,0.2903,0.1141,0.5162
"MYCA","241002_NE",241002,"NE","Kootenay Region",51.03817,-118.1357,2025,TRUE,4,0,0.0096,0.2748,0.1081,0.4895
"MYCA","241002_NW",241002,"NW","Kootenay Region",51.01597,-118.20292,2017,TRUE,4,0,0.0596,0.9112,0.7541,0.9858
"MYCA","241002_NW",241002,"NW","Kootenay Region",51.01597,-118.20292,2018,TRUE,4,0,0.0271,0.8481,0.7019,0.9489
"MYCA","241002_NW",241002,"NW","Kootenay Region",51.01597,-118.20292,2019,TRUE,4,0,0.1156,0.8285,0.6891,0.924
"MYCA","241002_NW",241002,"NW","Kootenay Region",51.01597,-118.20292,2020,TRUE,4,0,0.146,0.7314,0.5262,0.8879
"MYCA","241002_NW",241002,"NW","Kootenay Region",51.01597,-118.20292,2021,TRUE,4,1,1,0.8449,0.7254,0.9297
"MYCA","241002_NW",241002,"NW","Kootenay Region",51.01597,-118.20292,2022,TRUE,4,1,1,0.8424,0.7239,0.9308
"MYCA","241002_NW",241002,"NW","Kootenay Region",51.01597,-118.20292,2023,TRUE,4,1,1,0.8368,0.7042,0.9295
"MYCA","241002_NW",241002,"NW","Kootenay Region",51.01597,-118.20292,2024,TRUE,4,0,0.0362,0.8454,0.7187,0.9344
"MYCA","241002_NW",241002,"NW","Kootenay Region",51.01597,-118.20292,2025,TRUE,4,1,1,0.8293,0.6963,0.9248
"MYCA","243562_NE",243562,"NE","Kootenay Region",49.69966,-115.98498,2017,TRUE,4,1,1,0.7117,0.4431,0.9079
"MYCA","243562_NE",243562,"NE","Kootenay Region",49.69966,-115.98498,2018,FALSE,0,NA,NA,0.7268,0.5376,0.8782
"MYCA","243562_NE",243562,"NE","Kootenay Region",49.69966,-115.98498,2019,TRUE,4,1,1,0.7519,0.5769,0.8894
"MYCA","243562_NE",243562,"NE","Kootenay Region",49.69966,-115.98498,2020,TRUE,4,0,0.0451,0.6507,0.4276,0.842
"MYCA","243562_NE",243562,"NE","Kootenay Region",49.69966,-115.98498,2021,TRUE,3,0,0.0427,0.7669,0.5898,0.9038
"MYCA","243562_NE",243562,"NE","Kootenay Region",49.69966,-115.98498,2022,FALSE,0,NA,NA,0.7715,0.5923,0.9057
"MYCA","243562_NE",243562,"NE","Kootenay Region",49.69966,-115.98498,2023,TRUE,3,1,1,0.7611,0.5785,0.9006
"MYCA","243562_NE",243562,"NE","Kootenay Region",49.69966,-115.98498,2024,TRUE,2,1,1,0.7692,0.5817,0.9084
"MYCA","243562_NE",243562,"NE","Kootenay Region",49.69966,-115.98498,2025,TRUE,4,0,0.0109,0.7518,0.5616,0.8991
"MYCA","243562_SE",243562,"SE","Kootenay Region",49.65068,-115.94692,2017,TRUE,4,1,1,0.6238,0.3572,0.8509
"MYCA","243562_SE",243562,"SE","Kootenay Region",49.65068,-115.94692,2018,FALSE,0,NA,NA,0.6228,0.4362,0.7996
"MYCA","243562_SE",243562,"SE","Kootenay Region",49.65068,-115.94692,2019,TRUE,4,0,0.0744,0.6608,0.4968,0.8061
"MYCA","243562_SE",243562,"SE","Kootenay Region",49.65068,-115.94692,2020,FALSE,0,NA,NA,0.5471,0.359,0.7361
"MYCA","243562_SE",243562,"SE","Kootenay Region",49.65068,-115.94692,2021,TRUE,3,0,0.0973,0.6649,0.5057,0.8035
"MYCA","243562_SE",243562,"SE","Kootenay Region",49.65068,-115.94692,2022,TRUE,2,1,1,0.6785,0.5202,0.8142
"MYCA","243562_SE",243562,"SE","Kootenay Region",49.65068,-115.94692,2023,TRUE,4,0,0.0136,0.6594,0.4999,0.7986
"MYCA","243562_SE",243562,"SE","Kootenay Region",49.65068,-115.94692,2024,FALSE,0,NA,NA,0.6635,0.4973,0.8037
"MYCA","243562_SE",243562,"SE","Kootenay Region",49.65068,-115.94692,2025,TRUE,4,1,1,0.6437,0.4776,0.7907
"MYCA","252394_NW",252394,"NW","South Coastal Region",48.79865,-125.16568,2017,FALSE,0,NA,NA,0.7926,0.5863,0.9375
"MYCA","252394_NW",252394,"NW","South Coastal Region",48.79865,-125.16568,2018,FALSE,0,NA,NA,0.8737,0.7509,0.9558
"MYCA","252394_NW",252394,"NW","South Coastal Region",48.79865,-125.16568,2019,FALSE,0,NA,NA,0.9296,0.8553,0.9761
"MYCA","252394_NW",252394,"NW","South Coastal Region",48.79865,-125.16568,2020,FALSE,0,NA,NA,0.9176,0.8221,0.976
"MYCA","252394_NW",252394,"NW","South Coastal Region",48.79865,-125.16568,2021,FALSE,0,NA,NA,0.9525,0.8938,0.9866
"MYCA","252394_NW",252394,"NW","South Coastal Region",48.79865,-125.16568,2022,FALSE,0,NA,NA,0.9596,0.9087,0.9888
"MYCA","252394_NW",252394,"NW","South Coastal Region",48.79865,-125.16568,2023,FALSE,0,NA,NA,0.9604,0.9096,0.9893
"MYCA","252394_NW",252394,"NW","South Coastal Region",48.79865,-125.16568,2024,TRUE,4,1,1,0.9631,0.9119,0.9908
"MYCA","252394_NW",252394,"NW","South Coastal Region",48.79865,-125.16568,2025,TRUE,4,1,1,0.9604,0.9056,0.99
"MYCA","26170_NE",26170,"NE","Northern Region",53.62052,-132.20883,2017,FALSE,0,NA,NA,0.5951,0.2502,0.8728
"MYCA","26170_NE",26170,"NE","Northern Region",53.62052,-132.20883,2018,FALSE,0,NA,NA,0.5976,0.3694,0.8082
"MYCA","26170_NE",26170,"NE","Northern Region",53.62052,-132.20883,2019,FALSE,0,NA,NA,0.6359,0.4666,0.7851
"MYCA","26170_NE",26170,"NE","Northern Region",53.62052,-132.20883,2020,FALSE,0,NA,NA,0.5443,0.3549,0.7264
"MYCA","26170_NE",26170,"NE","Northern Region",53.62052,-132.20883,2021,FALSE,0,NA,NA,0.6235,0.4588,0.7767
"MYCA","26170_NE",26170,"NE","Northern Region",53.62052,-132.20883,2022,TRUE,4,1,1,0.6443,0.4766,0.7938
"MYCA","26170_NE",26170,"NE","Northern Region",53.62052,-132.20883,2023,TRUE,4,1,1,0.6321,0.4622,0.7835
"MYCA","26170_NE",26170,"NE","Northern Region",53.62052,-132.20883,2024,TRUE,3,1,1,0.6341,0.463,0.7862
"MYCA","26170_NE",26170,"NE","Northern Region",53.62052,-132.20883,2025,TRUE,4,0,0.0502,0.6191,0.4466,0.7759
"MYCA","26170_NW",26170,"NW","Northern Region",53.60452,-132.28837,2017,FALSE,0,NA,NA,0.5396,0.2005,0.8391
"MYCA","26170_NW",26170,"NW","Northern Region",53.60452,-132.28837,2018,FALSE,0,NA,NA,0.5687,0.3283,0.7967
"MYCA","26170_NW",26170,"NW","Northern Region",53.60452,-132.28837,2019,FALSE,0,NA,NA,0.6305,0.4475,0.795
"MYCA","26170_NW",26170,"NW","Northern Region",53.60452,-132.28837,2020,FALSE,0,NA,NA,0.57,0.379,0.7472
"MYCA","26170_NW",26170,"NW","Northern Region",53.60452,-132.28837,2021,FALSE,0,NA,NA,0.6386,0.4658,0.794
"MYCA","26170_NW",26170,"NW","Northern Region",53.60452,-132.28837,2022,TRUE,3,1,1,0.6641,0.49,0.8154
"MYCA","26170_NW",26170,"NW","Northern Region",53.60452,-132.28837,2023,TRUE,4,1,1,0.6588,0.4839,0.8137
"MYCA","26170_NW",26170,"NW","Northern Region",53.60452,-132.28837,2024,FALSE,0,NA,NA,0.663,0.4838,0.8186
"MYCA","26170_NW",26170,"NW","Northern Region",53.60452,-132.28837,2025,TRUE,4,1,1,0.6534,0.4709,0.8135
"MYCA","26170_SE",26170,"SE","Northern Region",53.58901,-132.17695,2017,FALSE,0,NA,NA,0.5024,0.1709,0.8156
"MYCA","26170_SE",26170,"SE","Northern Region",53.58901,-132.17695,2018,FALSE,0,NA,NA,0.5294,0.3067,0.7562
"MYCA","26170_SE",26170,"SE","Northern Region",53.58901,-132.17695,2019,FALSE,0,NA,NA,0.5923,0.4212,0.7505
"MYCA","26170_SE",26170,"SE","Northern Region",53.58901,-132.17695,2020,FALSE,0,NA,NA,0.5109,0.3259,0.6931
"MYCA","26170_SE",26170,"SE","Northern Region",53.58901,-132.17695,2021,FALSE,0,NA,NA,0.5934,0.4275,0.7497
"MYCA","26170_SE",26170,"SE","Northern Region",53.58901,-132.17695,2022,TRUE,4,1,1,0.6173,0.4496,0.7692
"MYCA","26170_SE",26170,"SE","Northern Region",53.58901,-132.17695,2023,TRUE,4,1,1,0.6055,0.4376,0.7642
"MYCA","26170_SE",26170,"SE","Northern Region",53.58901,-132.17695,2024,TRUE,4,1,1,0.6078,0.4358,0.7671
"MYCA","26170_SE",26170,"SE","Northern Region",53.58901,-132.17695,2025,TRUE,4,1,1,0.5932,0.4186,0.7558
"MYCA","26170_SW",26170,"SW","Northern Region",53.56895,-132.23042,2017,FALSE,0,NA,NA,0.3243,0.0636,0.6945
"MYCA","26170_SW",26170,"SW","Northern Region",53.56895,-132.23042,2018,FALSE,0,NA,NA,0.484,0.2637,0.7068
"MYCA","26170_SW",26170,"SW","Northern Region",53.56895,-132.23042,2019,FALSE,0,NA,NA,0.6017,0.3903,0.7938
"MYCA","26170_SW",26170,"SW","Northern Region",53.56895,-132.23042,2020,FALSE,0,NA,NA,0.4954,0.2838,0.7341
"MYCA","26170_SW",26170,"SW","Northern Region",53.56895,-132.23042,2021,FALSE,0,NA,NA,0.631,0.4143,0.8151
"MYCA","26170_SW",26170,"SW","Northern Region",53.56895,-132.23042,2022,TRUE,4,1,1,0.6349,0.4287,0.817
"MYCA","26170_SW",26170,"SW","Northern Region",53.56895,-132.23042,2023,TRUE,4,1,1,0.613,0.4011,0.8051
"MYCA","26170_SW",26170,"SW","Northern Region",53.56895,-132.23042,2024,TRUE,4,1,1,0.6187,0.4012,0.8081
"MYCA","26170_SW",26170,"SW","Northern Region",53.56895,-132.23042,2025,TRUE,4,1,1,0.5971,0.3839,0.7888
"MYCA","265749_NE",265749,"NE","Okanagan Region",49.15892,-119.03758,2017,FALSE,0,NA,NA,0.4068,0.1251,0.7301
"MYCA","265749_NE",265749,"NE","Okanagan Region",49.15892,-119.03758,2018,TRUE,2,1,1,0.5976,0.3539,0.8147
"MYCA","265749_NE",265749,"NE","Okanagan Region",49.15892,-119.03758,2019,TRUE,4,1,1,0.7368,0.5087,0.9006
"MYCA","265749_NE",265749,"NE","Okanagan Region",49.15892,-119.03758,2020,TRUE,4,1,1,0.688,0.4493,0.8801
"MYCA","265749_NE",265749,"NE","Okanagan Region",49.15892,-119.03758,2021,TRUE,4,1,1,0.7872,0.5626,0.9308
"MYCA","265749_NE",265749,"NE","Okanagan Region",49.15892,-119.03758,2022,TRUE,4,1,1,0.8049,0.5916,0.9354
"MYCA","265749_NE",265749,"NE","Okanagan Region",49.15892,-119.03758,2023,TRUE,4,1,1,0.8028,0.5975,0.9334
"MYCA","265749_NE",265749,"NE","Okanagan Region",49.15892,-119.03758,2024,FALSE,0,NA,NA,0.8107,0.6007,0.9415
"MYCA","265749_NE",265749,"NE","Okanagan Region",49.15892,-119.03758,2025,FALSE,0,NA,NA,0.8005,0.5871,0.9353
"MYCA","265749_NW",265749,"NW","Okanagan Region",49.16674,-119.10324,2017,FALSE,0,NA,NA,0.6988,0.3333,0.9365
"MYCA","265749_NW",265749,"NW","Okanagan Region",49.16674,-119.10324,2018,TRUE,2,1,1,0.7084,0.4486,0.8904
"MYCA","265749_NW",265749,"NW","Okanagan Region",49.16674,-119.10324,2019,TRUE,4,1,1,0.7434,0.5529,0.8792
"MYCA","265749_NW",265749,"NW","Okanagan Region",49.16674,-119.10324,2020,TRUE,4,1,1,0.6852,0.4952,0.8435
"MYCA","265749_NW",265749,"NW","Okanagan Region",49.16674,-119.10324,2021,TRUE,4,1,1,0.7366,0.5684,0.8723
"MYCA","265749_NW",265749,"NW","Okanagan Region",49.16674,-119.10324,2022,TRUE,4,1,1,0.7547,0.585,0.8894
"MYCA","265749_NW",265749,"NW","Okanagan Region",49.16674,-119.10324,2023,TRUE,4,1,1,0.7508,0.5795,0.8875
"MYCA","265749_NW",265749,"NW","Okanagan Region",49.16674,-119.10324,2024,TRUE,4,1,1,0.7541,0.577,0.8942
"MYCA","265749_NW",265749,"NW","Okanagan Region",49.16674,-119.10324,2025,TRUE,4,1,1,0.7462,0.565,0.8909
"MYCA","265749_SE",265749,"SE","Okanagan Region",49.11153,-118.97698,2017,FALSE,0,NA,NA,0.6874,0.4237,0.8923
"MYCA","265749_SE",265749,"SE","Okanagan Region",49.11153,-118.97698,2018,TRUE,2,1,1,0.7736,0.621,0.895
"MYCA","265749_SE",265749,"SE","Okanagan Region",49.11153,-118.97698,2019,TRUE,4,1,1,0.8419,0.7318,0.9199
"MYCA","265749_SE",265749,"SE","Okanagan Region",49.11153,-118.97698,2020,TRUE,4,1,1,0.7838,0.6215,0.9045
"MYCA","265749_SE",265749,"SE","Okanagan Region",49.11153,-118.97698,2021,TRUE,4,1,1,0.864,0.7631,0.9355
"MYCA","265749_SE",265749,"SE","Okanagan Region",49.11153,-118.97698,2022,TRUE,4,1,1,0.8757,0.7811,0.9424
"MYCA","265749_SE",265749,"SE","Okanagan Region",49.11153,-118.97698,2023,TRUE,4,1,1,0.873,0.7767,0.9405
"MYCA","265749_SE",265749,"SE","Okanagan Region",49.11153,-118.97698,2024,TRUE,4,1,1,0.8786,0.7842,0.946
"MYCA","265749_SE",265749,"SE","Okanagan Region",49.11153,-118.97698,2025,TRUE,4,1,1,0.8692,0.7703,0.9404
"MYCA","265749_SW",265749,"SW","Okanagan Region",49.11337,-119.05299,2017,FALSE,0,NA,NA,0.6093,0.2842,0.8687
"MYCA","265749_SW",265749,"SW","Okanagan Region",49.11337,-119.05299,2018,TRUE,2,1,1,0.7152,0.4979,0.8809
"MYCA","265749_SW",265749,"SW","Okanagan Region",49.11337,-119.05299,2019,TRUE,4,1,1,0.8009,0.6182,0.9263
"MYCA","265749_SW",265749,"SW","Okanagan Region",49.11337,-119.05299,2020,TRUE,4,1,1,0.7541,0.5412,0.9076
"MYCA","265749_SW",265749,"SW","Okanagan Region",49.11337,-119.05299,2021,TRUE,3,1,1,0.831,0.6436,0.946
"MYCA","265749_SW",265749,"SW","Okanagan Region",49.11337,-119.05299,2022,TRUE,4,1,1,0.8461,0.6665,0.9517
"MYCA","265749_SW",265749,"SW","Okanagan Region",49.11337,-119.05299,2023,TRUE,4,1,1,0.8449,0.6675,0.9505
"MYCA","265749_SW",265749,"SW","Okanagan Region",49.11337,-119.05299,2024,TRUE,4,1,1,0.8513,0.6693,0.9569
"MYCA","265749_SW",265749,"SW","Okanagan Region",49.11337,-119.05299,2025,TRUE,4,1,1,0.8434,0.6602,0.9525
"MYCA","268521_NE",268521,"NE","Kootenay Region",49.49916,-115.03962,2017,FALSE,0,NA,NA,0.862,0.6177,0.9802
"MYCA","268521_NE",268521,"NE","Kootenay Region",49.49916,-115.03962,2018,FALSE,0,NA,NA,0.7698,0.5897,0.9061
"MYCA","268521_NE",268521,"NE","Kootenay Region",49.49916,-115.03962,2019,TRUE,4,0,0.1624,0.7392,0.5822,0.8628
"MYCA","268521_NE",268521,"NE","Kootenay Region",49.49916,-115.03962,2020,TRUE,4,0,0.1356,0.618,0.4136,0.793
"MYCA","268521_NE",268521,"NE","Kootenay Region",49.49916,-115.03962,2021,FALSE,0,NA,NA,0.7376,0.5848,0.8625
"MYCA","268521_NE",268521,"NE","Kootenay Region",49.49916,-115.03962,2022,TRUE,4,1,1,0.752,0.5955,0.8728
"MYCA","268521_NE",268521,"NE","Kootenay Region",49.49916,-115.03962,2023,TRUE,3,0,0.3171,0.7403,0.5788,0.869
"MYCA","268521_NE",268521,"NE","Kootenay Region",49.49916,-115.03962,2024,TRUE,4,1,1,0.7471,0.5834,0.8756
"MYCA","268521_NE",268521,"NE","Kootenay Region",49.49916,-115.03962,2025,TRUE,3,1,1,0.7303,0.559,0.8627
"MYCA","268521_NW",268521,"NW","Kootenay Region",49.48855,-115.09812,2017,FALSE,0,NA,NA,0.6507,0.3954,0.8621
"MYCA","268521_NW",268521,"NW","Kootenay Region",49.48855,-115.09812,2018,FALSE,0,NA,NA,0.64,0.4614,0.8064
"MYCA","268521_NW",268521,"NW","Kootenay Region",49.48855,-115.09812,2019,TRUE,4,1,1,0.6695,0.5147,0.8037
"MYCA","268521_NW",268521,"NW","Kootenay Region",49.48855,-115.09812,2020,FALSE,0,NA,NA,0.5468,0.3653,0.7299
"MYCA","268521_NW",268521,"NW","Kootenay Region",49.48855,-115.09812,2021,TRUE,2,0,0.1149,0.6829,0.5466,0.8086
"MYCA","268521_NW",268521,"NW","Kootenay Region",49.48855,-115.09812,2022,TRUE,4,0,0.002,0.6881,0.5457,0.8109
"MYCA","268521_NW",268521,"NW","Kootenay Region",49.48855,-115.09812,2023,TRUE,4,0,2e-04,0.6669,0.519,0.794
"MYCA","268521_NW",268521,"NW","Kootenay Region",49.48855,-115.09812,2024,TRUE,4,0,9e-04,0.6732,0.5304,0.8029
"MYCA","268521_NW",268521,"NW","Kootenay Region",49.48855,-115.09812,2025,TRUE,4,0,0.0013,0.6512,0.5028,0.7831
"MYCA","268521_SE",268521,"SE","Kootenay Region",49.44083,-115.05634,2017,FALSE,0,NA,NA,0.939,0.7352,0.9981
"MYCA","268521_SE",268521,"SE","Kootenay Region",49.44083,-115.05634,2018,FALSE,0,NA,NA,0.8803,0.7187,0.9691
"MYCA","268521_SE",268521,"SE","Kootenay Region",49.44083,-115.05634,2019,TRUE,4,1,1,0.85,0.7013,0.9447
"MYCA","268521_SE",268521,"SE","Kootenay Region",49.44083,-115.05634,2020,TRUE,4,0,0.6331,0.7625,0.5404,0.9078
"MYCA","268521_SE",268521,"SE","Kootenay Region",49.44083,-115.05634,2021,TRUE,2,1,1,0.8206,0.6526,0.933
"MYCA","268521_SE",268521,"SE","Kootenay Region",49.44083,-115.05634,2022,TRUE,4,1,1,0.828,0.6495,0.9381
"MYCA","268521_SE",268521,"SE","Kootenay Region",49.44083,-115.05634,2023,TRUE,4,1,1,0.8199,0.6327,0.9377
"MYCA","268521_SE",268521,"SE","Kootenay Region",49.44083,-115.05634,2024,TRUE,4,0,0.0116,0.8228,0.6274,0.9417
"MYCA","268521_SE",268521,"SE","Kootenay Region",49.44083,-115.05634,2025,TRUE,4,0,0.0029,0.8113,0.6058,0.9373
"MYCA","269777_NW",269777,"NW","Northern Region",57.04083,-122.86281,2017,TRUE,4,0,0.0022,0.0492,0.0031,0.1925
"MYCA","269777_NW",269777,"NW","Northern Region",57.04083,-122.86281,2018,TRUE,4,0,0.0011,0.0392,0.0096,0.0997
"MYCA","269777_NW",269777,"NW","Northern Region",57.04083,-122.86281,2019,TRUE,3,0,0.0153,0.0594,0.0157,0.1572
"MYCA","269777_NW",269777,"NW","Northern Region",57.04083,-122.86281,2020,TRUE,4,0,0.0053,0.0375,0.0085,0.096
"MYCA","269777_NW",269777,"NW","Northern Region",57.04083,-122.86281,2021,FALSE,0,NA,NA,0.0526,0.0125,0.1317
"MYCA","269777_NW",269777,"NW","Northern Region",57.04083,-122.86281,2022,FALSE,0,NA,NA,0.0537,0.0138,0.1337
"MYCA","269777_NW",269777,"NW","Northern Region",57.04083,-122.86281,2023,FALSE,0,NA,NA,0.04,0.0086,0.1059
"MYCA","269777_NW",269777,"NW","Northern Region",57.04083,-122.86281,2024,FALSE,0,NA,NA,0.038,0.008,0.1005
"MYCA","269777_NW",269777,"NW","Northern Region",57.04083,-122.86281,2025,FALSE,0,NA,NA,0.0362,0.0074,0.0974
"MYCA","269777_SW",269777,"SW","Northern Region",57.01497,-122.80521,2017,TRUE,4,0,0.0031,0.125,0.0224,0.3121
"MYCA","269777_SW",269777,"SW","Northern Region",57.01497,-122.80521,2018,TRUE,4,0,0.0038,0.1262,0.0521,0.2292
"MYCA","269777_SW",269777,"SW","Northern Region",57.01497,-122.80521,2019,TRUE,4,0,0.0329,0.1826,0.0896,0.3316
"MYCA","269777_SW",269777,"SW","Northern Region",57.01497,-122.80521,2020,TRUE,4,0,0.0229,0.1246,0.0566,0.2207
"MYCA","269777_SW",269777,"SW","Northern Region",57.01497,-122.80521,2021,FALSE,0,NA,NA,0.1731,0.0846,0.2941
"MYCA","269777_SW",269777,"SW","Northern Region",57.01497,-122.80521,2022,FALSE,0,NA,NA,0.178,0.09,0.2985
"MYCA","269777_SW",269777,"SW","Northern Region",57.01497,-122.80521,2023,FALSE,0,NA,NA,0.1467,0.0689,0.2525
"MYCA","269777_SW",269777,"SW","Northern Region",57.01497,-122.80521,2024,FALSE,0,NA,NA,0.1406,0.0636,0.2459
"MYCA","269777_SW",269777,"SW","Northern Region",57.01497,-122.80521,2025,FALSE,0,NA,NA,0.1315,0.0577,0.2308
"MYCA","271731_SW",271731,"SW","Kootenay Region",51.24146,-117.64962,2017,TRUE,4,0,0.0178,0.6737,0.4233,0.874
"MYCA","271731_SW",271731,"SW","Kootenay Region",51.24146,-117.64962,2018,TRUE,3,0,0.0216,0.6278,0.4415,0.8055
"MYCA","271731_SW",271731,"SW","Kootenay Region",51.24146,-117.64962,2019,TRUE,4,0,0.0567,0.6451,0.485,0.7914
"MYCA","271731_SW",271731,"SW","Kootenay Region",51.24146,-117.64962,2020,TRUE,4,0,0.0338,0.5202,0.3322,0.7154
"MYCA","271731_SW",271731,"SW","Kootenay Region",51.24146,-117.64962,2021,TRUE,4,0,0.0122,0.6493,0.493,0.7904
"MYCA","271731_SW",271731,"SW","Kootenay Region",51.24146,-117.64962,2022,TRUE,4,0,0.0058,0.6573,0.499,0.7974
"MYCA","271731_SW",271731,"SW","Kootenay Region",51.24146,-117.64962,2023,TRUE,4,0,0.0011,0.634,0.4648,0.7788
"MYCA","271731_SW",271731,"SW","Kootenay Region",51.24146,-117.64962,2024,TRUE,4,0,0.0018,0.6383,0.4678,0.7847
"MYCA","271731_SW",271731,"SW","Kootenay Region",51.24146,-117.64962,2025,TRUE,4,0,9e-04,0.6165,0.4494,0.7681
"MYCA","273050_SE",273050,"SE","South Coastal Region",49.00511,-125.65145,2017,FALSE,0,NA,NA,0.6604,0.4093,0.8712
"MYCA","273050_SE",273050,"SE","South Coastal Region",49.00511,-125.65145,2018,TRUE,3,0,0.1278,0.8093,0.6482,0.9266
"MYCA","273050_SE",273050,"SE","South Coastal Region",49.00511,-125.65145,2019,FALSE,0,NA,NA,0.902,0.7956,0.967
"MYCA","273050_SE",273050,"SE","South Coastal Region",49.00511,-125.65145,2020,FALSE,0,NA,NA,0.8918,0.7664,0.9688
"MYCA","273050_SE",273050,"SE","South Coastal Region",49.00511,-125.65145,2021,FALSE,0,NA,NA,0.9392,0.8643,0.9838
"MYCA","273050_SE",273050,"SE","South Coastal Region",49.00511,-125.65145,2022,FALSE,0,NA,NA,0.9484,0.884,0.986
"MYCA","273050_SE",273050,"SE","South Coastal Region",49.00511,-125.65145,2023,FALSE,0,NA,NA,0.9497,0.8832,0.987
"MYCA","273050_SE",273050,"SE","South Coastal Region",49.00511,-125.65145,2024,TRUE,4,1,1,0.9535,0.8876,0.9885
"MYCA","273050_SE",273050,"SE","South Coastal Region",49.00511,-125.65145,2025,TRUE,4,1,1,0.95,0.8815,0.988
"MYCA","283586_NE",283586,"NE","Northern Region",54.3558,-128.5366,2017,FALSE,0,NA,NA,0.303,0.0563,0.6649
"MYCA","283586_NE",283586,"NE","Northern Region",54.3558,-128.5366,2018,TRUE,2,1,1,0.4583,0.2348,0.6972
"MYCA","283586_NE",283586,"NE","Northern Region",54.3558,-128.5366,2019,TRUE,3,1,1,0.6111,0.3899,0.8016
"MYCA","283586_NE",283586,"NE","Northern Region",54.3558,-128.5366,2020,TRUE,4,0,0.2422,0.5552,0.3337,0.7753
"MYCA","283586_NE",283586,"NE","Northern Region",54.3558,-128.5366,2021,FALSE,0,NA,NA,0.6627,0.4427,0.8396
"MYCA","283586_NE",283586,"NE","Northern Region",54.3558,-128.5366,2022,FALSE,0,NA,NA,0.6891,0.4771,0.8653
"MYCA","283586_NE",283586,"NE","Northern Region",54.3558,-128.5366,2023,TRUE,3,0,0.2133,0.6805,0.4651,0.8576
"MYCA","283586_NE",283586,"NE","Northern Region",54.3558,-128.5366,2024,TRUE,4,1,1,0.6871,0.4707,0.8642
"MYCA","283586_NE",283586,"NE","Northern Region",54.3558,-128.5366,2025,TRUE,4,1,1,0.6741,0.4538,0.8581
"MYCA","283586_NW",283586,"NW","Northern Region",54.3321,-128.6266,2017,FALSE,0,NA,NA,0.4504,0.1551,0.756
"MYCA","283586_NW",283586,"NW","Northern Region",54.3321,-128.6266,2018,TRUE,2,0,0.3184,0.504,0.2995,0.7164
"MYCA","283586_NW",283586,"NW","Northern Region",54.3321,-128.6266,2019,TRUE,3,1,1,0.5914,0.4248,0.7489
"MYCA","283586_NW",283586,"NW","Northern Region",54.3321,-128.6266,2020,TRUE,4,0,0.4567,0.5161,0.3333,0.7034
"MYCA","283586_NW",283586,"NW","Northern Region",54.3321,-128.6266,2021,TRUE,3,1,1,0.6407,0.455,0.8055
"MYCA","283586_NW",283586,"NW","Northern Region",54.3321,-128.6266,2022,TRUE,4,0,0.0371,0.6838,0.4927,0.844
"MYCA","283586_NW",283586,"NW","Northern Region",54.3321,-128.6266,2023,TRUE,4,0,0.03,0.6827,0.4881,0.8432
"MYCA","283586_NW",283586,"NW","Northern Region",54.3321,-128.6266,2024,TRUE,4,1,1,0.6926,0.4944,0.8558
"MYCA","283586_NW",283586,"NW","Northern Region",54.3321,-128.6266,2025,TRUE,4,1,1,0.6839,0.4746,0.8529
"MYCA","283586_SE",283586,"SE","Northern Region",54.31162,-128.54374,2017,FALSE,0,NA,NA,0.8001,0.4419,0.9832
"MYCA","283586_SE",283586,"SE","Northern Region",54.31162,-128.54374,2018,TRUE,2,1,1,0.7444,0.4682,0.9179
"MYCA","283586_SE",283586,"SE","Northern Region",54.31162,-128.54374,2019,TRUE,3,1,1,0.7136,0.5036,0.8693
"MYCA","283586_SE",283586,"SE","Northern Region",54.31162,-128.54374,2020,TRUE,4,0,0.6202,0.6204,0.3991,0.8078
"MYCA","283586_SE",283586,"SE","Northern Region",54.31162,-128.54374,2021,TRUE,3,1,1,0.6552,0.451,0.8288
"MYCA","283586_SE",283586,"SE","Northern Region",54.31162,-128.54374,2022,TRUE,4,1,1,0.6611,0.453,0.8341
"MYCA","283586_SE",283586,"SE","Northern Region",54.31162,-128.54374,2023,TRUE,4,0,0.374,0.6487,0.4344,0.8259
"MYCA","283586_SE",283586,"SE","Northern Region",54.31162,-128.54374,2024,TRUE,4,1,1,0.646,0.4273,0.8308
"MYCA","283586_SE",283586,"SE","Northern Region",54.31162,-128.54374,2025,TRUE,2,1,1,0.6322,0.404,0.8261
"MYCA","283586_SW",283586,"SW","Northern Region",54.2946,-128.581,2017,FALSE,0,NA,NA,0.2609,0.0457,0.5983
"MYCA","283586_SW",283586,"SW","Northern Region",54.2946,-128.581,2018,TRUE,2,0,0.2087,0.4211,0.2142,0.6519
"MYCA","283586_SW",283586,"SW","Northern Region",54.2946,-128.581,2019,TRUE,3,1,1,0.5739,0.3515,0.775
"MYCA","283586_SW",283586,"SW","Northern Region",54.2946,-128.581,2020,TRUE,4,0,0.0718,0.5013,0.2843,0.7356
"MYCA","283586_SW",283586,"SW","Northern Region",54.2946,-128.581,2021,TRUE,4,0,0.0116,0.6174,0.3972,0.806
"MYCA","283586_SW",283586,"SW","Northern Region",54.2946,-128.581,2022,TRUE,4,0,0.004,0.639,0.4267,0.827
"MYCA","283586_SW",283586,"SW","Northern Region",54.2946,-128.581,2023,TRUE,4,0,0.0013,0.6239,0.4106,0.8164
"MYCA","283586_SW",283586,"SW","Northern Region",54.2946,-128.581,2024,TRUE,4,0,0.0033,0.6289,0.4166,0.8226
"MYCA","283586_SW",283586,"SW","Northern Region",54.2946,-128.581,2025,TRUE,4,0,0.0044,0.6122,0.3926,0.8111
"MYCA","294832_NE",294832,"NE","Northern Region",56.3348,-120.97877,2017,TRUE,4,0,0.0171,0.4579,0.1751,0.7774
"MYCA","294832_NE",294832,"NE","Northern Region",56.3348,-120.97877,2018,TRUE,4,0,0.0016,0.3553,0.1709,0.5847
"MYCA","294832_NE",294832,"NE","Northern Region",56.3348,-120.97877,2019,TRUE,2,0,0.0233,0.3119,0.171,0.4845
"MYCA","294832_NE",294832,"NE","Northern Region",56.3348,-120.97877,2020,TRUE,2,0,0.012,0.2148,0.1049,0.3682
"MYCA","294832_NE",294832,"NE","Northern Region",56.3348,-120.97877,2021,TRUE,4,0,0.0011,0.2498,0.1372,0.3891
"MYCA","294832_NE",294832,"NE","Northern Region",56.3348,-120.97877,2022,TRUE,4,0,4e-04,0.2579,0.1393,0.4007
"MYCA","294832_NE",294832,"NE","Northern Region",56.3348,-120.97877,2023,FALSE,0,NA,NA,0.2407,0.1267,0.3837
"MYCA","294832_NE",294832,"NE","Northern Region",56.3348,-120.97877,2024,TRUE,4,0,0,0.2355,0.1188,0.3789
"MYCA","294832_NE",294832,"NE","Northern Region",56.3348,-120.97877,2025,TRUE,4,0,9e-04,0.2229,0.1058,0.3667
"MYCA","294832_NW",294832,"NW","Northern Region",56.33264,-121.00747,2017,TRUE,4,0,0.0049,0.3724,0.138,0.6635
"MYCA","294832_NW",294832,"NW","Northern Region",56.33264,-121.00747,2018,TRUE,4,0,4e-04,0.287,0.1449,0.4816
"MYCA","294832_NW",294832,"NW","Northern Region",56.33264,-121.00747,2019,TRUE,4,0,0.002,0.2696,0.155,0.4113
"MYCA","294832_NW",294832,"NW","Northern Region",56.33264,-121.00747,2020,TRUE,4,0,9e-04,0.1854,0.095,0.315
"MYCA","294832_NW",294832,"NW","Northern Region",56.33264,-121.00747,2021,TRUE,4,0,4e-04,0.235,0.1351,0.3594
"MYCA","294832_NW",294832,"NW","Northern Region",56.33264,-121.00747,2022,TRUE,4,0,0,0.2495,0.1456,0.3725
"MYCA","294832_NW",294832,"NW","Northern Region",56.33264,-121.00747,2023,FALSE,0,NA,NA,0.231,0.1303,0.3539
"MYCA","294832_NW",294832,"NW","Northern Region",56.33264,-121.00747,2024,TRUE,4,0,2e-04,0.2266,0.1239,0.3502
"MYCA","294832_NW",294832,"NW","Northern Region",56.33264,-121.00747,2025,TRUE,4,0,0,0.2138,0.1114,0.3376
"MYCA","294832_SE",294832,"SE","Northern Region",56.30206,-120.94608,2017,TRUE,4,0,0.004,0.1559,0.0306,0.3622
"MYCA","294832_SE",294832,"SE","Northern Region",56.30206,-120.94608,2018,TRUE,4,0,0.0049,0.1553,0.0672,0.283
"MYCA","294832_SE",294832,"SE","Northern Region",56.30206,-120.94608,2019,FALSE,0,NA,NA,0.2088,0.1073,0.3601
"MYCA","294832_SE",294832,"SE","Northern Region",56.30206,-120.94608,2020,TRUE,4,0,0.0102,0.1477,0.0677,0.2617
"MYCA","294832_SE",294832,"SE","Northern Region",56.30206,-120.94608,2021,TRUE,4,0,0.0024,0.2024,0.1009,0.3338
"MYCA","294832_SE",294832,"SE","Northern Region",56.30206,-120.94608,2022,TRUE,3,0,0.0044,0.2228,0.119,0.3552
"MYCA","294832_SE",294832,"SE","Northern Region",56.30206,-120.94608,2023,FALSE,0,NA,NA,0.1978,0.1004,0.3208
"MYCA","294832_SE",294832,"SE","Northern Region",56.30206,-120.94608,2024,TRUE,4,0,0.0011,0.193,0.0964,0.3176
"MYCA","294832_SE",294832,"SE","Northern Region",56.30206,-120.94608,2025,FALSE,0,NA,NA,0.1814,0.0881,0.3054
"MYCA","294832_SW",294832,"SW","Northern Region",56.30496,-121.00198,2017,TRUE,4,0,0.0029,0.109,0.0139,0.3023
"MYCA","294832_SW",294832,"SW","Northern Region",56.30496,-121.00198,2018,FALSE,0,NA,NA,0.1255,0.0467,0.2409
"MYCA","294832_SW",294832,"SW","Northern Region",56.30496,-121.00198,2019,TRUE,4,0,0.0082,0.1868,0.0836,0.3506
"MYCA","294832_SW",294832,"SW","Northern Region",56.30496,-121.00198,2020,TRUE,4,0,0.0038,0.1306,0.0531,0.246
"MYCA","294832_SW",294832,"SW","Northern Region",56.30496,-121.00198,2021,TRUE,4,0,0.0016,0.1878,0.0833,0.3269
"MYCA","294832_SW",294832,"SW","Northern Region",56.30496,-121.00198,2022,TRUE,4,0,9e-04,0.1973,0.0908,0.3417
"MYCA","294832_SW",294832,"SW","Northern Region",56.30496,-121.00198,2023,FALSE,0,NA,NA,0.1682,0.0731,0.3007
"MYCA","294832_SW",294832,"SW","Northern Region",56.30496,-121.00198,2024,TRUE,4,0,0,0.1623,0.069,0.2938
"MYCA","294832_SW",294832,"SW","Northern Region",56.30496,-121.00198,2025,TRUE,4,0,0,0.1522,0.0625,0.2844
"MYCA","317428_NE",317428,"NE","South Coastal Region",49.06292,-120.79944,2017,FALSE,0,NA,NA,0.3524,0.0579,0.7855
"MYCA","317428_NE",317428,"NE","South Coastal Region",49.06292,-120.79944,2018,TRUE,4,0,0.0247,0.4221,0.1952,0.6713
"MYCA","317428_NE",317428,"NE","South Coastal Region",49.06292,-120.79944,2019,TRUE,4,0,0.1549,0.5335,0.319,0.743
"MYCA","317428_NE",317428,"NE","South Coastal Region",49.06292,-120.79944,2020,TRUE,4,1,1,0.4916,0.2712,0.7259
"MYCA","317428_NE",317428,"NE","South Coastal Region",49.06292,-120.79944,2021,TRUE,4,1,1,0.5947,0.366,0.8057
"MYCA","317428_NE",317428,"NE","South Coastal Region",49.06292,-120.79944,2022,TRUE,4,1,1,0.6265,0.3914,0.8348
"MYCA","317428_NE",317428,"NE","South Coastal Region",49.06292,-120.79944,2023,TRUE,4,1,1,0.6178,0.3818,0.8277
"MYCA","317428_NE",317428,"NE","South Coastal Region",49.06292,-120.79944,2024,TRUE,4,1,1,0.6232,0.3758,0.8422
"MYCA","317428_NE",317428,"NE","South Coastal Region",49.06292,-120.79944,2025,TRUE,4,1,1,0.6112,0.355,0.8349
"MYCA","317428_NW",317428,"NW","South Coastal Region",49.06417,-120.90943,2017,FALSE,0,NA,NA,0.2977,0.0332,0.7632
"MYCA","317428_NW",317428,"NW","South Coastal Region",49.06417,-120.90943,2018,TRUE,4,0,0.0176,0.3489,0.1455,0.6021
"MYCA","317428_NW",317428,"NW","South Coastal Region",49.06417,-120.90943,2019,TRUE,4,0,0.0524,0.4459,0.2209,0.6937
"MYCA","317428_NW",317428,"NW","South Coastal Region",49.06417,-120.90943,2020,TRUE,4,0,0.0353,0.3427,0.1397,0.6054
"MYCA","317428_NW",317428,"NW","South Coastal Region",49.06417,-120.90943,2021,TRUE,4,0,0.01,0.4608,0.216,0.7217
"MYCA","317428_NW",317428,"NW","South Coastal Region",49.06417,-120.90943,2022,TRUE,4,0,0.006,0.46,0.2219,0.717
"MYCA","317428_NW",317428,"NW","South Coastal Region",49.06417,-120.90943,2023,TRUE,4,0,0.0047,0.4247,0.1793,0.6992
"MYCA","317428_NW",317428,"NW","South Coastal Region",49.06417,-120.90943,2024,TRUE,4,0,0.0113,0.4263,0.1738,0.7087
"MYCA","317428_NW",317428,"NW","South Coastal Region",49.06417,-120.90943,2025,TRUE,4,1,1,0.4072,0.1615,0.6917
"MYCA","317428_SE",317428,"SE","South Coastal Region",49.06053,-120.77309,2017,FALSE,0,NA,NA,0.3317,0.056,0.7477
"MYCA","317428_SE",317428,"SE","South Coastal Region",49.06053,-120.77309,2018,TRUE,4,0,0.0702,0.4484,0.2168,0.6919
"MYCA","317428_SE",317428,"SE","South Coastal Region",49.06053,-120.77309,2019,TRUE,4,1,1,0.5872,0.3663,0.7925
"MYCA","317428_SE",317428,"SE","South Coastal Region",49.06053,-120.77309,2020,TRUE,4,0,0.3722,0.528,0.3016,0.7637
"MYCA","317428_SE",317428,"SE","South Coastal Region",49.06053,-120.77309,2021,TRUE,4,1,1,0.6323,0.4008,0.8341
"MYCA","317428_SE",317428,"SE","South Coastal Region",49.06053,-120.77309,2022,TRUE,4,1,1,0.6599,0.4269,0.8544
"MYCA","317428_SE",317428,"SE","South Coastal Region",49.06053,-120.77309,2023,TRUE,4,1,1,0.6501,0.4159,0.8481
"MYCA","317428_SE",317428,"SE","South Coastal Region",49.06053,-120.77309,2024,TRUE,4,1,1,0.6554,0.4116,0.8595
"MYCA","317428_SE",317428,"SE","South Coastal Region",49.06053,-120.77309,2025,FALSE,0,NA,NA,0.6423,0.3949,0.8527
"MYCA","317428_SW",317428,"SW","South Coastal Region",49.04617,-120.85085,2017,FALSE,0,NA,NA,0.5163,0.079,0.9295
"MYCA","317428_SW",317428,"SW","South Coastal Region",49.04617,-120.85085,2018,TRUE,4,1,1,0.5143,0.1866,0.8308
"MYCA","317428_SW",317428,"SW","South Coastal Region",49.04617,-120.85085,2019,TRUE,4,1,1,0.5524,0.2671,0.8019
"MYCA","317428_SW",317428,"SW","South Coastal Region",49.04617,-120.85085,2020,TRUE,4,1,1,0.4932,0.2376,0.7569
"MYCA","317428_SW",317428,"SW","South Coastal Region",49.04617,-120.85085,2021,TRUE,4,1,1,0.5461,0.2831,0.8019
"MYCA","317428_SW",317428,"SW","South Coastal Region",49.04617,-120.85085,2022,TRUE,4,1,1,0.5666,0.2921,0.8194
"MYCA","317428_SW",317428,"SW","South Coastal Region",49.04617,-120.85085,2023,TRUE,4,1,1,0.5598,0.2788,0.8209
"MYCA","317428_SW",317428,"SW","South Coastal Region",49.04617,-120.85085,2024,FALSE,0,NA,NA,0.5617,0.2741,0.8313
"MYCA","317428_SW",317428,"SW","South Coastal Region",49.04617,-120.85085,2025,FALSE,0,NA,NA,0.5525,0.2582,0.8274
"MYCA","326072_NE",326072,"NE","South Coastal Region",49.09743,-122.51957,2017,TRUE,3,1,1,0.6263,0.3702,0.8498
"MYCA","326072_NE",326072,"NE","South Coastal Region",49.09743,-122.51957,2018,TRUE,3,0,0.6727,0.7867,0.6298,0.9057
"MYCA","326072_NE",326072,"NE","South Coastal Region",49.09743,-122.51957,2019,TRUE,3,1,1,0.879,0.7724,0.9519
"MYCA","326072_NE",326072,"NE","South Coastal Region",49.09743,-122.51957,2020,TRUE,4,0,0.6262,0.8499,0.6902,0.9532
"MYCA","326072_NE",326072,"NE","South Coastal Region",49.09743,-122.51957,2021,TRUE,4,1,1,0.9183,0.8354,0.9732
"MYCA","326072_NE",326072,"NE","South Coastal Region",49.09743,-122.51957,2022,TRUE,4,1,1,0.927,0.855,0.9768
"MYCA","326072_NE",326072,"NE","South Coastal Region",49.09743,-122.51957,2023,TRUE,4,1,1,0.9273,0.8473,0.9772
"MYCA","326072_NE",326072,"NE","South Coastal Region",49.09743,-122.51957,2024,FALSE,0,NA,NA,0.9321,0.8544,0.9798
"MYCA","326072_NE",326072,"NE","South Coastal Region",49.09743,-122.51957,2025,FALSE,0,NA,NA,0.9255,0.8429,0.9783
"MYCA","326072_NW",326072,"NW","South Coastal Region",49.05235,-122.58989,2017,TRUE,4,1,1,0.6489,0.3987,0.8595
"MYCA","326072_NW",326072,"NW","South Coastal Region",49.05235,-122.58989,2018,TRUE,3,0,0.6209,0.7868,0.6327,0.9064
"MYCA","326072_NW",326072,"NW","South Coastal Region",49.05235,-122.58989,2019,TRUE,3,1,1,0.8765,0.7656,0.9517
"MYCA","326072_NW",326072,"NW","South Coastal Region",49.05235,-122.58989,2020,TRUE,4,1,1,0.851,0.6957,0.9516
"MYCA","326072_NW",326072,"NW","South Coastal Region",49.05235,-122.58989,2021,TRUE,4,0,0.4751,0.9145,0.8245,0.9728
"MYCA","326072_NW",326072,"NW","South Coastal Region",49.05235,-122.58989,2022,TRUE,4,1,1,0.9297,0.8578,0.9773
"MYCA","326072_NW",326072,"NW","South Coastal Region",49.05235,-122.58989,2023,TRUE,3,1,1,0.9329,0.8582,0.9792
"MYCA","326072_NW",326072,"NW","South Coastal Region",49.05235,-122.58989,2024,TRUE,4,1,1,0.9396,0.8689,0.9815
"MYCA","326072_NW",326072,"NW","South Coastal Region",49.05235,-122.58989,2025,TRUE,4,1,1,0.9357,0.8613,0.9811
"MYCA","326072_SE",326072,"SE","South Coastal Region",49.0144,-122.52755,2017,TRUE,4,1,1,0.678,0.4325,0.8759
"MYCA","326072_SE",326072,"SE","South Coastal Region",49.0144,-122.52755,2018,TRUE,3,0,0.6336,0.8052,0.6609,0.9163
"MYCA","326072_SE",326072,"SE","South Coastal Region",49.0144,-122.52755,2019,TRUE,3,1,1,0.8864,0.7851,0.9555
"MYCA","326072_SE",326072,"SE","South Coastal Region",49.0144,-122.52755,2020,TRUE,4,1,1,0.8594,0.7085,0.956
"MYCA","326072_SE",326072,"SE","South Coastal Region",49.0144,-122.52755,2021,TRUE,4,1,1,0.9203,0.8379,0.9748
"MYCA","326072_SE",326072,"SE","South Coastal Region",49.0144,-122.52755,2022,TRUE,4,1,1,0.931,0.8599,0.9782
"MYCA","326072_SE",326072,"SE","South Coastal Region",49.0144,-122.52755,2023,FALSE,0,NA,NA,0.9369,0.8669,0.9804
"MYCA","326072_SE",326072,"SE","South Coastal Region",49.0144,-122.52755,2024,FALSE,0,NA,NA,0.9434,0.8772,0.9825
"MYCA","326072_SE",326072,"SE","South Coastal Region",49.0144,-122.52755,2025,FALSE,0,NA,NA,0.9396,0.8704,0.9821
"MYCA","326072_SW",326072,"SW","South Coastal Region",49.01082,-122.58104,2017,TRUE,4,1,1,0.8954,0.6948,0.9894
"MYCA","326072_SW",326072,"SW","South Coastal Region",49.01082,-122.58104,2018,TRUE,3,1,1,0.9155,0.8115,0.9767
"MYCA","326072_SW",326072,"SW","South Coastal Region",49.01082,-122.58104,2019,TRUE,3,1,1,0.9338,0.8652,0.9771
"MYCA","326072_SW",326072,"SW","South Coastal Region",49.01082,-122.58104,2020,TRUE,4,1,1,0.9017,0.7866,0.9737
"MYCA","326072_SW",326072,"SW","South Coastal Region",49.01082,-122.58104,2021,TRUE,4,1,1,0.9425,0.8788,0.983
"MYCA","326072_SW",326072,"SW","South Coastal Region",49.01082,-122.58104,2022,TRUE,4,1,1,0.9498,0.8929,0.9845
"MYCA","326072_SW",326072,"SW","South Coastal Region",49.01082,-122.58104,2023,TRUE,4,1,1,0.9572,0.9058,0.9871
"MYCA","326072_SW",326072,"SW","South Coastal Region",49.01082,-122.58104,2024,TRUE,4,1,1,0.963,0.9154,0.9895
"MYCA","326072_SW",326072,"SW","South Coastal Region",49.01082,-122.58104,2025,TRUE,4,1,1,0.9612,0.9117,0.9893
"MYCA","37274_NE",37274,"NE","Northern Region",53.08874,-119.20318,2017,FALSE,0,NA,NA,0.2601,0.0712,0.5482
"MYCA","37274_NE",37274,"NE","Northern Region",53.08874,-119.20318,2018,TRUE,4,0,0.0049,0.1973,0.0761,0.39
"MYCA","37274_NE",37274,"NE","Northern Region",53.08874,-119.20318,2019,TRUE,3,0,0.0062,0.1787,0.0799,0.3301
"MYCA","37274_NE",37274,"NE","Northern Region",53.08874,-119.20318,2020,TRUE,4,0,0.0011,0.1215,0.0447,0.2463
"MYCA","37274_NE",37274,"NE","Northern Region",53.08874,-119.20318,2021,TRUE,4,0,4e-04,0.1388,0.0548,0.2665
"MYCA","37274_NE",37274,"NE","Northern Region",53.08874,-119.20318,2022,TRUE,3,0,9e-04,0.1409,0.054,0.2745
"MYCA","37274_NE",37274,"NE","Northern Region",53.08874,-119.20318,2023,FALSE,0,NA,NA,0.1278,0.0447,0.261
"MYCA","37274_NE",37274,"NE","Northern Region",53.08874,-119.20318,2024,TRUE,3,0,9e-04,0.1232,0.0397,0.2568
"MYCA","37274_NE",37274,"NE","Northern Region",53.08874,-119.20318,2025,FALSE,0,NA,NA,0.115,0.0347,0.2485
"MYCA","37274_SE",37274,"SE","Northern Region",53.05051,-119.21418,2017,FALSE,0,NA,NA,0.243,0.0731,0.4825
"MYCA","37274_SE",37274,"SE","Northern Region",53.05051,-119.21418,2018,TRUE,4,0,0.0073,0.1802,0.0857,0.3188
"MYCA","37274_SE",37274,"SE","Northern Region",53.05051,-119.21418,2019,TRUE,3,1,1,0.2062,0.1064,0.3493
"MYCA","37274_SE",37274,"SE","Northern Region",53.05051,-119.21418,2020,FALSE,0,NA,NA,0.1399,0.0643,0.2493
"MYCA","37274_SE",37274,"SE","Northern Region",53.05051,-119.21418,2021,TRUE,4,0,0.0142,0.1904,0.0919,0.3251
"MYCA","37274_SE",37274,"SE","Northern Region",53.05051,-119.21418,2022,TRUE,3,1,1,0.1955,0.0975,0.3261
"MYCA","37274_SE",37274,"SE","Northern Region",53.05051,-119.21418,2023,FALSE,0,NA,NA,0.1649,0.0759,0.2836
"MYCA","37274_SE",37274,"SE","Northern Region",53.05051,-119.21418,2024,TRUE,3,0,0.0029,0.1587,0.0697,0.2759
"MYCA","37274_SE",37274,"SE","Northern Region",53.05051,-119.21418,2025,FALSE,0,NA,NA,0.1479,0.065,0.2606
"MYCA","37274_SW",37274,"SW","Northern Region",53.03564,-119.22895,2017,FALSE,0,NA,NA,0.1015,0.0122,0.2893
"MYCA","37274_SW",37274,"SW","Northern Region",53.03564,-119.22895,2018,TRUE,3,0,0.0102,0.1222,0.0445,0.2347
"MYCA","37274_SW",37274,"SW","Northern Region",53.03564,-119.22895,2019,TRUE,3,0,0.032,0.1852,0.0833,0.3483
"MYCA","37274_SW",37274,"SW","Northern Region",53.03564,-119.22895,2020,TRUE,4,0,0.0709,0.1334,0.0562,0.2464
"MYCA","37274_SW",37274,"SW","Northern Region",53.03564,-119.22895,2021,TRUE,3,1,1,0.1843,0.0813,0.3229
"MYCA","37274_SW",37274,"SW","Northern Region",53.03564,-119.22895,2022,TRUE,3,0,0.0484,0.1916,0.0883,0.335
"MYCA","37274_SW",37274,"SW","Northern Region",53.03564,-119.22895,2023,FALSE,0,NA,NA,0.1626,0.0687,0.2934
"MYCA","37274_SW",37274,"SW","Northern Region",53.03564,-119.22895,2024,TRUE,3,0,0.0042,0.1566,0.0648,0.2873
"MYCA","37274_SW",37274,"SW","Northern Region",53.03564,-119.22895,2025,FALSE,0,NA,NA,0.1467,0.0584,0.2782
"MYCA","38442_NW",38442,"NW","Okanagan Region",51.51999,-122.28978,2017,FALSE,0,NA,NA,0.8192,0.6016,0.9532
"MYCA","38442_NW",38442,"NW","Okanagan Region",51.51999,-122.28978,2018,TRUE,3,1,1,0.8618,0.7323,0.948
"MYCA","38442_NW",38442,"NW","Okanagan Region",51.51999,-122.28978,2019,FALSE,0,NA,NA,0.8995,0.8166,0.9542
"MYCA","38442_NW",38442,"NW","Okanagan Region",51.51999,-122.28978,2020,TRUE,4,1,1,0.858,0.7234,0.9456
"MYCA","38442_NW",38442,"NW","Okanagan Region",51.51999,-122.28978,2021,TRUE,4,1,1,0.9117,0.8363,0.9618
"MYCA","38442_NW",38442,"NW","Okanagan Region",51.51999,-122.28978,2022,FALSE,0,NA,NA,0.9208,0.8483,0.9669
"MYCA","38442_NW",38442,"NW","Okanagan Region",51.51999,-122.28978,2023,TRUE,4,1,1,0.9196,0.8459,0.9672
"MYCA","38442_NW",38442,"NW","Okanagan Region",51.51999,-122.28978,2024,TRUE,4,1,1,0.9235,0.8505,0.9695
"MYCA","38442_NW",38442,"NW","Okanagan Region",51.51999,-122.28978,2025,TRUE,4,1,1,0.9175,0.8412,0.9669
"MYCA","38442_SW",38442,"SW","Okanagan Region",51.50238,-122.28992,2017,FALSE,0,NA,NA,0.8328,0.6182,0.9595
"MYCA","38442_SW",38442,"SW","Okanagan Region",51.50238,-122.28992,2018,TRUE,3,1,1,0.8677,0.743,0.951
"MYCA","38442_SW",38442,"SW","Okanagan Region",51.50238,-122.28992,2019,TRUE,4,0,0.5302,0.8999,0.8166,0.9547
"MYCA","38442_SW",38442,"SW","Okanagan Region",51.50238,-122.28992,2020,TRUE,4,0,0.4016,0.8556,0.7194,0.9452
"MYCA","38442_SW",38442,"SW","Okanagan Region",51.50238,-122.28992,2021,TRUE,4,1,1,0.9099,0.833,0.9611
"MYCA","38442_SW",38442,"SW","Okanagan Region",51.50238,-122.28992,2022,TRUE,4,1,1,0.9192,0.8448,0.9668
"MYCA","38442_SW",38442,"SW","Okanagan Region",51.50238,-122.28992,2023,TRUE,4,0,0.5822,0.9181,0.8444,0.9669
"MYCA","38442_SW",38442,"SW","Okanagan Region",51.50238,-122.28992,2024,TRUE,4,1,1,0.9221,0.8479,0.9691
"MYCA","38442_SW",38442,"SW","Okanagan Region",51.50238,-122.28992,2025,FALSE,0,NA,NA,0.9159,0.8374,0.9672
"MYCA","42026_NE",42026,"NE","Northern Region",55.85527,-121.65345,2017,FALSE,0,NA,NA,0.3425,0.1206,0.6313
"MYCA","42026_NE",42026,"NE","Northern Region",55.85527,-121.65345,2018,FALSE,0,NA,NA,0.2665,0.1356,0.4476
"MYCA","42026_NE",42026,"NE","Northern Region",55.85527,-121.65345,2019,FALSE,0,NA,NA,0.2624,0.154,0.3954
"MYCA","42026_NE",42026,"NE","Northern Region",55.85527,-121.65345,2020,FALSE,0,NA,NA,0.1812,0.0947,0.3003
"MYCA","42026_NE",42026,"NE","Northern Region",55.85527,-121.65345,2021,FALSE,0,NA,NA,0.2253,0.1308,0.3449
"MYCA","42026_NE",42026,"NE","Northern Region",55.85527,-121.65345,2022,TRUE,4,0,9e-04,0.2335,0.134,0.353
"MYCA","42026_NE",42026,"NE","Northern Region",55.85527,-121.65345,2023,FALSE,0,NA,NA,0.2103,0.1145,0.3257
"MYCA","42026_NE",42026,"NE","Northern Region",55.85527,-121.65345,2024,TRUE,4,0,9e-04,0.204,0.1089,0.3219
"MYCA","42026_NE",42026,"NE","Northern Region",55.85527,-121.65345,2025,TRUE,4,0,4e-04,0.1905,0.0969,0.3063
"MYCA","42026_NW",42026,"NW","Northern Region",55.83616,-121.71691,2017,FALSE,0,NA,NA,0.2734,0.0911,0.5142
"MYCA","42026_NW",42026,"NW","Northern Region",55.83616,-121.71691,2018,FALSE,0,NA,NA,0.2241,0.1156,0.3742
"MYCA","42026_NW",42026,"NW","Northern Region",55.83616,-121.71691,2019,FALSE,0,NA,NA,0.2497,0.144,0.3861
"MYCA","42026_NW",42026,"NW","Northern Region",55.83616,-121.71691,2020,FALSE,0,NA,NA,0.1742,0.0905,0.2921
"MYCA","42026_NW",42026,"NW","Northern Region",55.83616,-121.71691,2021,FALSE,0,NA,NA,0.2284,0.1277,0.3541
"MYCA","42026_NW",42026,"NW","Northern Region",55.83616,-121.71691,2022,TRUE,3,0,0.0049,0.2372,0.135,0.364
"MYCA","42026_NW",42026,"NW","Northern Region",55.83616,-121.71691,2023,FALSE,0,NA,NA,0.2091,0.1108,0.3268
"MYCA","42026_NW",42026,"NW","Northern Region",55.83616,-121.71691,2024,TRUE,4,0,2e-04,0.2025,0.1047,0.3215
"MYCA","42026_NW",42026,"NW","Northern Region",55.83616,-121.71691,2025,TRUE,3,0,0.0024,0.1889,0.094,0.306
"MYCA","42026_SE",42026,"SE","Northern Region",55.81797,-121.66405,2017,FALSE,0,NA,NA,0.3998,0.1499,0.6992
"MYCA","42026_SE",42026,"SE","Northern Region",55.81797,-121.66405,2018,FALSE,0,NA,NA,0.3225,0.1648,0.5217
"MYCA","42026_SE",42026,"SE","Northern Region",55.81797,-121.66405,2019,FALSE,0,NA,NA,0.3117,0.1897,0.4567
"MYCA","42026_SE",42026,"SE","Northern Region",55.81797,-121.66405,2020,FALSE,0,NA,NA,0.2208,0.1204,0.3539
"MYCA","42026_SE",42026,"SE","Northern Region",55.81797,-121.66405,2021,FALSE,0,NA,NA,0.2663,0.1592,0.3928
"MYCA","42026_SE",42026,"SE","Northern Region",55.81797,-121.66405,2022,TRUE,4,0,0.0011,0.2755,0.1643,0.4055
"MYCA","42026_SE",42026,"SE","Northern Region",55.81797,-121.66405,2023,FALSE,0,NA,NA,0.2533,0.146,0.3775
"MYCA","42026_SE",42026,"SE","Northern Region",55.81797,-121.66405,2024,TRUE,4,0,4e-04,0.2472,0.1391,0.3743
"MYCA","42026_SE",42026,"SE","Northern Region",55.81797,-121.66405,2025,TRUE,4,0,0.0013,0.2324,0.125,0.362
"MYCA","42026_SW",42026,"SW","Northern Region",55.81131,-121.70131,2017,FALSE,0,NA,NA,0.3637,0.1352,0.6508
"MYCA","42026_SW",42026,"SW","Northern Region",55.81131,-121.70131,2018,FALSE,0,NA,NA,0.3012,0.1529,0.4964
"MYCA","42026_SW",42026,"SW","Northern Region",55.81131,-121.70131,2019,FALSE,0,NA,NA,0.2951,0.178,0.4354
"MYCA","42026_SW",42026,"SW","Northern Region",55.81131,-121.70131,2020,FALSE,0,NA,NA,0.2122,0.1139,0.3404
"MYCA","42026_SW",42026,"SW","Northern Region",55.81131,-121.70131,2021,FALSE,0,NA,NA,0.2519,0.1527,0.3746
"MYCA","42026_SW",42026,"SW","Northern Region",55.81131,-121.70131,2022,TRUE,4,0,0.002,0.261,0.1557,0.3851
"MYCA","42026_SW",42026,"SW","Northern Region",55.81131,-121.70131,2023,FALSE,0,NA,NA,0.2416,0.1389,0.3636
"MYCA","42026_SW",42026,"SW","Northern Region",55.81131,-121.70131,2024,TRUE,4,0,0,0.236,0.133,0.3614
"MYCA","42026_SW",42026,"SW","Northern Region",55.81131,-121.70131,2025,TRUE,4,0,0,0.2222,0.1187,0.3487
"MYCA","47210_NW",47210,"NW","Okanagan Region",49.84159,-119.9783,2017,FALSE,0,NA,NA,0.4423,0.1278,0.7778
"MYCA","47210_NW",47210,"NW","Okanagan Region",49.84159,-119.9783,2018,FALSE,0,NA,NA,0.5685,0.3176,0.7997
"MYCA","47210_NW",47210,"NW","Okanagan Region",49.84159,-119.9783,2019,FALSE,0,NA,NA,0.6844,0.4384,0.8754
"MYCA","47210_NW",47210,"NW","Okanagan Region",49.84159,-119.9783,2020,FALSE,0,NA,NA,0.6308,0.3813,0.8458
"MYCA","47210_NW",47210,"NW","Okanagan Region",49.84159,-119.9783,2021,FALSE,0,NA,NA,0.7235,0.4641,0.9064
"MYCA","47210_NW",47210,"NW","Okanagan Region",49.84159,-119.9783,2022,FALSE,0,NA,NA,0.7448,0.4866,0.9163
"MYCA","47210_NW",47210,"NW","Okanagan Region",49.84159,-119.9783,2023,TRUE,4,1,1,0.7411,0.4841,0.9132
"MYCA","47210_NW",47210,"NW","Okanagan Region",49.84159,-119.9783,2024,TRUE,4,1,1,0.7483,0.4903,0.9233
"MYCA","47210_NW",47210,"NW","Okanagan Region",49.84159,-119.9783,2025,TRUE,4,1,1,0.7383,0.4791,0.9167
"MYCA","47210_SE",47210,"SE","Okanagan Region",49.79638,-119.86985,2017,FALSE,0,NA,NA,0.499,0.2011,0.7931
"MYCA","47210_SE",47210,"SE","Okanagan Region",49.79638,-119.86985,2018,FALSE,0,NA,NA,0.6325,0.4111,0.8215
"MYCA","47210_SE",47210,"SE","Okanagan Region",49.79638,-119.86985,2019,FALSE,0,NA,NA,0.7554,0.5668,0.8944
"MYCA","47210_SE",47210,"SE","Okanagan Region",49.79638,-119.86985,2020,FALSE,0,NA,NA,0.7195,0.5217,0.878
"MYCA","47210_SE",47210,"SE","Okanagan Region",49.79638,-119.86985,2021,FALSE,0,NA,NA,0.802,0.6188,0.9251
"MYCA","47210_SE",47210,"SE","Okanagan Region",49.79638,-119.86985,2022,FALSE,0,NA,NA,0.8243,0.6498,0.9341
"MYCA","47210_SE",47210,"SE","Okanagan Region",49.79638,-119.86985,2023,TRUE,4,1,1,0.8241,0.6596,0.9316
"MYCA","47210_SE",47210,"SE","Okanagan Region",49.79638,-119.86985,2024,TRUE,4,1,1,0.8312,0.6669,0.94
"MYCA","47210_SE",47210,"SE","Okanagan Region",49.79638,-119.86985,2025,TRUE,4,1,1,0.824,0.6539,0.935
"MYCA","47210_SW",47210,"SW","Okanagan Region",49.79097,-119.95267,2017,FALSE,0,NA,NA,0.5041,0.1733,0.8182
"MYCA","47210_SW",47210,"SW","Okanagan Region",49.79097,-119.95267,2018,FALSE,0,NA,NA,0.5547,0.3336,0.7657
"MYCA","47210_SW",47210,"SW","Okanagan Region",49.79097,-119.95267,2019,FALSE,0,NA,NA,0.6347,0.4483,0.7992
"MYCA","47210_SW",47210,"SW","Okanagan Region",49.79097,-119.95267,2020,FALSE,0,NA,NA,0.5553,0.3606,0.7477
"MYCA","47210_SW",47210,"SW","Okanagan Region",49.79097,-119.95267,2021,FALSE,0,NA,NA,0.6465,0.4562,0.8104
"MYCA","47210_SW",47210,"SW","Okanagan Region",49.79097,-119.95267,2022,FALSE,0,NA,NA,0.6696,0.476,0.8336
"MYCA","47210_SW",47210,"SW","Okanagan Region",49.79097,-119.95267,2023,TRUE,4,1,1,0.6596,0.4679,0.8202
"MYCA","47210_SW",47210,"SW","Okanagan Region",49.79097,-119.95267,2024,FALSE,0,NA,NA,0.6635,0.4658,0.83
"MYCA","47210_SW",47210,"SW","Okanagan Region",49.79097,-119.95267,2025,TRUE,4,1,1,0.6494,0.4525,0.8194
"MYCA","47322_NE",47322,"NE","Northern Region",55.69808,-120.43213,2017,TRUE,4,0,0.002,0.1263,0.0228,0.3134
"MYCA","47322_NE",47322,"NE","Northern Region",55.69808,-120.43213,2018,TRUE,4,0,0.0016,0.1379,0.0585,0.254
"MYCA","47322_NE",47322,"NE","Northern Region",55.69808,-120.43213,2019,TRUE,4,0,0.0082,0.1947,0.0988,0.3392
"MYCA","47322_NE",47322,"NE","Northern Region",55.69808,-120.43213,2020,TRUE,4,0,0.0051,0.1426,0.0651,0.2542
"MYCA","47322_NE",47322,"NE","Northern Region",55.69808,-120.43213,2021,TRUE,4,0,0.0011,0.1906,0.0957,0.3157
"MYCA","47322_NE",47322,"NE","Northern Region",55.69808,-120.43213,2022,TRUE,4,0,7e-04,0.201,0.1049,0.3307
"MYCA","47322_NE",47322,"NE","Northern Region",55.69808,-120.43213,2023,FALSE,0,NA,NA,0.1768,0.0891,0.295
"MYCA","47322_NE",47322,"NE","Northern Region",55.69808,-120.43213,2024,TRUE,4,0,0.0013,0.171,0.0809,0.2901
"MYCA","47322_NE",47322,"NE","Northern Region",55.69808,-120.43213,2025,TRUE,4,0,7e-04,0.1599,0.0735,0.2793
"MYCA","47322_NW",47322,"NW","Northern Region",55.70016,-120.48989,2017,TRUE,4,0,0.004,0.1714,0.037,0.384
"MYCA","47322_NW",47322,"NW","Northern Region",55.70016,-120.48989,2018,FALSE,0,NA,NA,0.181,0.0862,0.3086
"MYCA","47322_NW",47322,"NW","Northern Region",55.70016,-120.48989,2019,TRUE,4,0,0.0109,0.2453,0.1393,0.3955
"MYCA","47322_NW",47322,"NW","Northern Region",55.70016,-120.48989,2020,TRUE,4,0,0.0067,0.1781,0.0921,0.2938
"MYCA","47322_NW",47322,"NW","Northern Region",55.70016,-120.48989,2021,TRUE,4,0,9e-04,0.239,0.135,0.3659
"MYCA","47322_NW",47322,"NW","Northern Region",55.70016,-120.48989,2022,TRUE,4,0,7e-04,0.2497,0.145,0.3777
"MYCA","47322_NW",47322,"NW","Northern Region",55.70016,-120.48989,2023,FALSE,0,NA,NA,0.22,0.1217,0.3395
"MYCA","47322_NW",47322,"NW","Northern Region",55.70016,-120.48989,2024,TRUE,4,0,0.0013,0.2133,0.1147,0.3354
"MYCA","47322_NW",47322,"NW","Northern Region",55.70016,-120.48989,2025,FALSE,0,NA,NA,0.1996,0.1022,0.3169
"MYCA","47322_SE",47322,"SE","Northern Region",55.64597,-120.40102,2017,TRUE,4,0,0.0024,0.1088,0.0159,0.2926
"MYCA","47322_SE",47322,"SE","Northern Region",55.64597,-120.40102,2018,TRUE,4,0,0.0018,0.1352,0.0544,0.2506
"MYCA","47322_SE",47322,"SE","Northern Region",55.64597,-120.40102,2019,TRUE,4,0,0.0082,0.2037,0.1007,0.3624
"MYCA","47322_SE",47322,"SE","Northern Region",55.64597,-120.40102,2020,TRUE,2,0,0.0264,0.1499,0.0669,0.2716
"MYCA","47322_SE",47322,"SE","Northern Region",55.64597,-120.40102,2021,FALSE,0,NA,NA,0.2024,0.0989,0.3404
"MYCA","47322_SE",47322,"SE","Northern Region",55.64597,-120.40102,2022,TRUE,4,0,0.0013,0.2129,0.1084,0.3523
"MYCA","47322_SE",47322,"SE","Northern Region",55.64597,-120.40102,2023,FALSE,0,NA,NA,0.1863,0.0903,0.3152
"MYCA","47322_SE",47322,"SE","Northern Region",55.64597,-120.40102,2024,FALSE,0,NA,NA,0.1803,0.083,0.3125
"MYCA","47322_SE",47322,"SE","Northern Region",55.64597,-120.40102,2025,FALSE,0,NA,NA,0.1688,0.0755,0.2982
"MYCA","47322_SW",47322,"SW","Northern Region",55.65446,-120.49465,2017,TRUE,4,0,0.0069,0.3101,0.1082,0.5707
"MYCA","47322_SW",47322,"SW","Northern Region",55.65446,-120.49465,2018,TRUE,4,0,0.002,0.2665,0.1419,0.4336
"MYCA","47322_SW",47322,"SW","Northern Region",55.65446,-120.49465,2019,TRUE,2,0,0.0322,0.2865,0.1769,0.4209
"MYCA","47322_SW",47322,"SW","Northern Region",55.65446,-120.49465,2020,TRUE,4,0,0.0038,0.2076,0.115,0.3274
"MYCA","47322_SW",47322,"SW","Northern Region",55.65446,-120.49465,2021,TRUE,4,0,0.0013,0.2604,0.1615,0.3787
"MYCA","47322_SW",47322,"SW","Northern Region",55.65446,-120.49465,2022,TRUE,4,0,7e-04,0.2726,0.1688,0.3924
"MYCA","47322_SW",47322,"SW","Northern Region",55.65446,-120.49465,2023,FALSE,0,NA,NA,0.2492,0.1508,0.3627
"MYCA","47322_SW",47322,"SW","Northern Region",55.65446,-120.49465,2024,TRUE,4,0,4e-04,0.2434,0.1459,0.3597
"MYCA","47322_SW",47322,"SW","Northern Region",55.65446,-120.49465,2025,TRUE,3,0,0.0027,0.2287,0.1294,0.3447
"MYCA","57322_NE",57322,"NE","South Coastal Region",49.09454,-122.09881,2017,TRUE,4,0,0.0333,0.6182,0.3419,0.859
"MYCA","57322_NE",57322,"NE","South Coastal Region",49.09454,-122.09881,2018,TRUE,2,0,0.2184,0.8014,0.6346,0.9222
"MYCA","57322_NE",57322,"NE","South Coastal Region",49.09454,-122.09881,2019,TRUE,4,1,1,0.8995,0.7965,0.9641
"MYCA","57322_NE",57322,"NE","South Coastal Region",49.09454,-122.09881,2020,TRUE,4,0,0.6604,0.8794,0.7328,0.9653
"MYCA","57322_NE",57322,"NE","South Coastal Region",49.09454,-122.09881,2021,TRUE,4,1,1,0.9375,0.8646,0.9821
"MYCA","57322_NE",57322,"NE","South Coastal Region",49.09454,-122.09881,2022,TRUE,3,1,1,0.945,0.8831,0.9846
"MYCA","57322_NE",57322,"NE","South Coastal Region",49.09454,-122.09881,2023,TRUE,4,1,1,0.9459,0.8785,0.9854
"MYCA","57322_NE",57322,"NE","South Coastal Region",49.09454,-122.09881,2024,FALSE,0,NA,NA,0.95,0.8854,0.987
"MYCA","57322_NE",57322,"NE","South Coastal Region",49.09454,-122.09881,2025,FALSE,0,NA,NA,0.9451,0.8742,0.986
"MYCA","57322_NW",57322,"NW","South Coastal Region",49.07915,-122.16077,2017,TRUE,4,1,1,0.8603,0.6666,0.9726
"MYCA","57322_NW",57322,"NW","South Coastal Region",49.07915,-122.16077,2018,TRUE,4,1,1,0.9142,0.8177,0.9736
"MYCA","57322_NW",57322,"NW","South Coastal Region",49.07915,-122.16077,2019,TRUE,4,1,1,0.9481,0.896,0.9813
"MYCA","57322_NW",57322,"NW","South Coastal Region",49.07915,-122.16077,2020,TRUE,4,0,0.8207,0.9281,0.843,0.9798
"MYCA","57322_NW",57322,"NW","South Coastal Region",49.07915,-122.16077,2021,TRUE,4,1,1,0.9611,0.919,0.9881
"MYCA","57322_NW",57322,"NW","South Coastal Region",49.07915,-122.16077,2022,TRUE,4,1,1,0.9652,0.9273,0.9891
"MYCA","57322_NW",57322,"NW","South Coastal Region",49.07915,-122.16077,2023,FALSE,0,NA,NA,0.9651,0.9251,0.9898
"MYCA","57322_NW",57322,"NW","South Coastal Region",49.07915,-122.16077,2024,FALSE,0,NA,NA,0.9674,0.9271,0.9907
"MYCA","57322_NW",57322,"NW","South Coastal Region",49.07915,-122.16077,2025,TRUE,4,1,1,0.9641,0.9216,0.9899
"MYCA","57322_SE",57322,"SE","South Coastal Region",49.0141,-122.09198,2017,FALSE,0,NA,NA,0.3996,0.1185,0.7379
"MYCA","57322_SE",57322,"SE","South Coastal Region",49.0141,-122.09198,2018,TRUE,3,0,0.0884,0.7269,0.5035,0.8838
"MYCA","57322_SE",57322,"SE","South Coastal Region",49.0141,-122.09198,2019,TRUE,3,1,1,0.8573,0.7231,0.9453
"MYCA","57322_SE",57322,"SE","South Coastal Region",49.0141,-122.09198,2020,TRUE,4,0,0.3893,0.8067,0.5941,0.9451
"MYCA","57322_SE",57322,"SE","South Coastal Region",49.0141,-122.09198,2021,TRUE,4,1,1,0.9014,0.7996,0.9701
"MYCA","57322_SE",57322,"SE","South Coastal Region",49.0141,-122.09198,2022,TRUE,4,1,1,0.9019,0.793,0.9712
"MYCA","57322_SE",57322,"SE","South Coastal Region",49.0141,-122.09198,2023,TRUE,4,1,1,0.9014,0.7892,0.9721
"MYCA","57322_SE",57322,"SE","South Coastal Region",49.0141,-122.09198,2024,FALSE,0,NA,NA,0.9081,0.7987,0.9746
"MYCA","57322_SE",57322,"SE","South Coastal Region",49.0141,-122.09198,2025,TRUE,4,1,1,0.8972,0.7815,0.9713
"MYCA","57322_SW",57322,"SW","South Coastal Region",49.01663,-122.15131,2017,FALSE,0,NA,NA,0.9058,0.7143,0.9909
"MYCA","57322_SW",57322,"SW","South Coastal Region",49.01663,-122.15131,2018,TRUE,4,1,1,0.9322,0.845,0.9819
"MYCA","57322_SW",57322,"SW","South Coastal Region",49.01663,-122.15131,2019,TRUE,4,1,1,0.9476,0.8868,0.9837
"MYCA","57322_SW",57322,"SW","South Coastal Region",49.01663,-122.15131,2020,TRUE,4,0,0.2273,0.9154,0.8046,0.9804
"MYCA","57322_SW",57322,"SW","South Coastal Region",49.01663,-122.15131,2021,TRUE,4,0,0.1307,0.9562,0.903,0.9885
"MYCA","57322_SW",57322,"SW","South Coastal Region",49.01663,-122.15131,2022,TRUE,4,1,1,0.9583,0.9074,0.988
"MYCA","57322_SW",57322,"SW","South Coastal Region",49.01663,-122.15131,2023,TRUE,3,1,1,0.9579,0.9042,0.9886
"MYCA","57322_SW",57322,"SW","South Coastal Region",49.01663,-122.15131,2024,FALSE,0,NA,NA,0.9608,0.906,0.9896
"MYCA","57322_SW",57322,"SW","South Coastal Region",49.01663,-122.15131,2025,TRUE,2,1,1,0.9561,0.8983,0.9887
"MYCA","58842_NW",58842,"NW","Northern Region",54.79952,-121.1886,2017,FALSE,0,NA,NA,0.1652,0.0373,0.3644
"MYCA","58842_NW",58842,"NW","Northern Region",54.79952,-121.1886,2018,FALSE,0,NA,NA,0.2452,0.1017,0.4404
"MYCA","58842_NW",58842,"NW","Northern Region",54.79952,-121.1886,2019,FALSE,0,NA,NA,0.3538,0.157,0.6035
"MYCA","58842_NW",58842,"NW","Northern Region",54.79952,-121.1886,2020,FALSE,0,NA,NA,0.2621,0.1083,0.4688
"MYCA","58842_NW",58842,"NW","Northern Region",54.79952,-121.1886,2021,FALSE,0,NA,NA,0.3597,0.1593,0.5975
"MYCA","58842_NW",58842,"NW","Northern Region",54.79952,-121.1886,2022,FALSE,0,NA,NA,0.3639,0.1661,0.5933
"MYCA","58842_NW",58842,"NW","Northern Region",54.79952,-121.1886,2023,FALSE,0,NA,NA,0.3252,0.1429,0.5489
"MYCA","58842_NW",58842,"NW","Northern Region",54.79952,-121.1886,2024,TRUE,4,0,0.002,0.3228,0.1396,0.5513
"MYCA","58842_NW",58842,"NW","Northern Region",54.79952,-121.1886,2025,TRUE,4,0,0.0053,0.3062,0.1259,0.5268
"MYCA","58842_SE",58842,"SE","Northern Region",54.73781,-121.16052,2017,FALSE,0,NA,NA,0.1098,0.0175,0.2893
"MYCA","58842_SE",58842,"SE","Northern Region",54.73781,-121.16052,2018,FALSE,0,NA,NA,0.1656,0.0604,0.3197
"MYCA","58842_SE",58842,"SE","Northern Region",54.73781,-121.16052,2019,FALSE,0,NA,NA,0.2595,0.1057,0.4866
"MYCA","58842_SE",58842,"SE","Northern Region",54.73781,-121.16052,2020,FALSE,0,NA,NA,0.1996,0.0749,0.3883
"MYCA","58842_SE",58842,"SE","Northern Region",54.73781,-121.16052,2021,FALSE,0,NA,NA,0.2675,0.1069,0.4881
"MYCA","58842_SE",58842,"SE","Northern Region",54.73781,-121.16052,2022,FALSE,0,NA,NA,0.2811,0.1164,0.5006
"MYCA","58842_SE",58842,"SE","Northern Region",54.73781,-121.16052,2023,FALSE,0,NA,NA,0.2532,0.104,0.4598
"MYCA","58842_SE",58842,"SE","Northern Region",54.73781,-121.16052,2024,TRUE,4,0,0.0013,0.2488,0.0967,0.4617
"MYCA","58842_SE",58842,"SE","Northern Region",54.73781,-121.16052,2025,TRUE,4,0,0.0027,0.2357,0.089,0.4426
"MYCA","58842_SW",58842,"SW","Northern Region",54.75716,-121.25541,2017,FALSE,0,NA,NA,0.0879,0.0105,0.2561
"MYCA","58842_SW",58842,"SW","Northern Region",54.75716,-121.25541,2018,FALSE,0,NA,NA,0.1589,0.0522,0.3211
"MYCA","58842_SW",58842,"SW","Northern Region",54.75716,-121.25541,2019,FALSE,0,NA,NA,0.2606,0.1024,0.4981
"MYCA","58842_SW",58842,"SW","Northern Region",54.75716,-121.25541,2020,FALSE,0,NA,NA,0.1948,0.0692,0.3834
"MYCA","58842_SW",58842,"SW","Northern Region",54.75716,-121.25541,2021,FALSE,0,NA,NA,0.2663,0.1025,0.4919
"MYCA","58842_SW",58842,"SW","Northern Region",54.75716,-121.25541,2022,FALSE,0,NA,NA,0.2763,0.1092,0.4984
"MYCA","58842_SW",58842,"SW","Northern Region",54.75716,-121.25541,2023,FALSE,0,NA,NA,0.2434,0.0932,0.4449
"MYCA","58842_SW",58842,"SW","Northern Region",54.75716,-121.25541,2024,TRUE,4,0,0.0013,0.2387,0.0875,0.4493
"MYCA","58842_SW",58842,"SW","Northern Region",54.75716,-121.25541,2025,TRUE,4,0,0.0011,0.2257,0.0809,0.4296
"MYCA","5994_NE",5994,"NE","Kootenay Region",49.26067,-115.24894,2017,FALSE,0,NA,NA,0.8584,0.6754,0.9659
"MYCA","5994_NE",5994,"NE","Kootenay Region",49.26067,-115.24894,2018,FALSE,0,NA,NA,0.8494,0.7285,0.9382
"MYCA","5994_NE",5994,"NE","Kootenay Region",49.26067,-115.24894,2019,FALSE,0,NA,NA,0.8553,0.7532,0.9289
"MYCA","5994_NE",5994,"NE","Kootenay Region",49.26067,-115.24894,2020,TRUE,4,1,1,0.7794,0.6159,0.8939
"MYCA","5994_NE",5994,"NE","Kootenay Region",49.26067,-115.24894,2021,TRUE,4,1,1,0.8585,0.7634,0.928
"MYCA","5994_NE",5994,"NE","Kootenay Region",49.26067,-115.24894,2022,TRUE,4,0,0.2064,0.8674,0.7765,0.9351
"MYCA","5994_NE",5994,"NE","Kootenay Region",49.26067,-115.24894,2023,TRUE,4,1,1,0.8628,0.7703,0.9321
"MYCA","5994_NE",5994,"NE","Kootenay Region",49.26067,-115.24894,2024,TRUE,4,1,1,0.8684,0.7724,0.9371
"MYCA","5994_NE",5994,"NE","Kootenay Region",49.26067,-115.24894,2025,FALSE,0,NA,NA,0.8575,0.7576,0.9305
"MYCA","5994_SE",5994,"SE","Kootenay Region",49.21228,-115.26277,2017,FALSE,0,NA,NA,0.6922,0.4392,0.8895
"MYCA","5994_SE",5994,"SE","Kootenay Region",49.21228,-115.26277,2018,FALSE,0,NA,NA,0.7253,0.549,0.8697
"MYCA","5994_SE",5994,"SE","Kootenay Region",49.21228,-115.26277,2019,FALSE,0,NA,NA,0.7671,0.6244,0.8814
"MYCA","5994_SE",5994,"SE","Kootenay Region",49.21228,-115.26277,2020,TRUE,4,1,1,0.677,0.4835,0.8379
"MYCA","5994_SE",5994,"SE","Kootenay Region",49.21228,-115.26277,2021,TRUE,4,0,0.1711,0.7793,0.6408,0.8866
"MYCA","5994_SE",5994,"SE","Kootenay Region",49.21228,-115.26277,2022,TRUE,4,1,1,0.792,0.6594,0.8948
"MYCA","5994_SE",5994,"SE","Kootenay Region",49.21228,-115.26277,2023,TRUE,4,1,1,0.7829,0.6479,0.889
"MYCA","5994_SE",5994,"SE","Kootenay Region",49.21228,-115.26277,2024,TRUE,4,1,1,0.7889,0.6531,0.8939
"MYCA","5994_SE",5994,"SE","Kootenay Region",49.21228,-115.26277,2025,FALSE,0,NA,NA,0.7739,0.6294,0.8833
"MYCA","60586_NW",60586,"NW","Kootenay Region",50.93041,-116.39001,2017,FALSE,0,NA,NA,0.7911,0.5798,0.935
"MYCA","60586_NW",60586,"NW","Kootenay Region",50.93041,-116.39001,2018,FALSE,0,NA,NA,0.7628,0.6085,0.8901
"MYCA","60586_NW",60586,"NW","Kootenay Region",50.93041,-116.39001,2019,FALSE,0,NA,NA,0.7664,0.6283,0.8722
"MYCA","60586_NW",60586,"NW","Kootenay Region",50.93041,-116.39001,2020,TRUE,4,1,1,0.655,0.4651,0.818
"MYCA","60586_NW",60586,"NW","Kootenay Region",50.93041,-116.39001,2021,TRUE,4,1,1,0.7835,0.6696,0.8797
"MYCA","60586_NW",60586,"NW","Kootenay Region",50.93041,-116.39001,2022,TRUE,4,1,1,0.7852,0.6699,0.8785
"MYCA","60586_NW",60586,"NW","Kootenay Region",50.93041,-116.39001,2023,TRUE,4,1,1,0.7738,0.6512,0.874
"MYCA","60586_NW",60586,"NW","Kootenay Region",50.93041,-116.39001,2024,TRUE,4,1,1,0.7887,0.6717,0.8845
"MYCA","60586_NW",60586,"NW","Kootenay Region",50.93041,-116.39001,2025,TRUE,4,1,1,0.7727,0.6554,0.8696
"MYCA","60586_SW",60586,"SW","Kootenay Region",50.90342,-116.39335,2017,FALSE,0,NA,NA,0.9535,0.7887,0.9987
"MYCA","60586_SW",60586,"SW","Kootenay Region",50.90342,-116.39335,2018,FALSE,0,NA,NA,0.9152,0.7924,0.9802
"MYCA","60586_SW",60586,"SW","Kootenay Region",50.90342,-116.39335,2019,FALSE,0,NA,NA,0.8951,0.7798,0.9643
"MYCA","60586_SW",60586,"SW","Kootenay Region",50.90342,-116.39335,2020,TRUE,4,1,1,0.83,0.644,0.9394
"MYCA","60586_SW",60586,"SW","Kootenay Region",50.90342,-116.39335,2021,TRUE,4,1,1,0.8726,0.7381,0.9581
"MYCA","60586_SW",60586,"SW","Kootenay Region",50.90342,-116.39335,2022,TRUE,4,1,1,0.8788,0.7365,0.9613
"MYCA","60586_SW",60586,"SW","Kootenay Region",50.90342,-116.39335,2023,TRUE,3,1,1,0.8736,0.7228,0.9621
"MYCA","60586_SW",60586,"SW","Kootenay Region",50.90342,-116.39335,2024,TRUE,4,1,1,0.8758,0.7191,0.9636
"MYCA","60586_SW",60586,"SW","Kootenay Region",50.90342,-116.39335,2025,TRUE,4,1,1,0.8674,0.704,0.9605
"MYCA","6202_NE",6202,"NE","South Coastal Region",48.53741,-123.50119,2017,FALSE,0,NA,NA,0.7621,0.5244,0.9292
"MYCA","6202_NE",6202,"NE","South Coastal Region",48.53741,-123.50119,2018,TRUE,4,1,1,0.8336,0.696,0.9325
"MYCA","6202_NE",6202,"NE","South Coastal Region",48.53741,-123.50119,2019,TRUE,4,1,1,0.8939,0.8071,0.9558
"MYCA","6202_NE",6202,"NE","South Coastal Region",48.53741,-123.50119,2020,FALSE,0,NA,NA,0.8666,0.742,0.9524
"MYCA","6202_NE",6202,"NE","South Coastal Region",48.53741,-123.50119,2021,TRUE,4,1,1,0.9176,0.8397,0.9699
"MYCA","6202_NE",6202,"NE","South Coastal Region",48.53741,-123.50119,2022,TRUE,4,1,1,0.9293,0.8607,0.9738
"MYCA","6202_NE",6202,"NE","South Coastal Region",48.53741,-123.50119,2023,TRUE,4,1,1,0.9295,0.8607,0.9748
"MYCA","6202_NE",6202,"NE","South Coastal Region",48.53741,-123.50119,2024,TRUE,3,1,1,0.9345,0.8635,0.9782
"MYCA","6202_NE",6202,"NE","South Coastal Region",48.53741,-123.50119,2025,FALSE,0,NA,NA,0.9307,0.8551,0.9772
"MYCA","6202_NW",6202,"NW","South Coastal Region",48.50788,-123.60088,2017,FALSE,0,NA,NA,0.6831,0.375,0.9047
"MYCA","6202_NW",6202,"NW","South Coastal Region",48.50788,-123.60088,2018,TRUE,4,1,1,0.7869,0.5997,0.9168
"MYCA","6202_NW",6202,"NW","South Coastal Region",48.50788,-123.60088,2019,TRUE,3,0,0.8336,0.8733,0.7561,0.9513
"MYCA","6202_NW",6202,"NW","South Coastal Region",48.50788,-123.60088,2020,TRUE,4,1,1,0.8531,0.7155,0.9484
"MYCA","6202_NW",6202,"NW","South Coastal Region",48.50788,-123.60088,2021,TRUE,4,0,0.7091,0.9082,0.8123,0.9686
"MYCA","6202_NW",6202,"NW","South Coastal Region",48.50788,-123.60088,2022,TRUE,2,1,1,0.9216,0.8388,0.9738
"MYCA","6202_NW",6202,"NW","South Coastal Region",48.50788,-123.60088,2023,TRUE,3,1,1,0.9223,0.8396,0.9748
"MYCA","6202_NW",6202,"NW","South Coastal Region",48.50788,-123.60088,2024,FALSE,0,NA,NA,0.9268,0.8459,0.9769
"MYCA","6202_NW",6202,"NW","South Coastal Region",48.50788,-123.60088,2025,FALSE,0,NA,NA,0.9225,0.8361,0.9763
"MYCA","6202_SE",6202,"SE","South Coastal Region",48.48934,-123.5079,2017,FALSE,0,NA,NA,0.7912,0.5712,0.9416
"MYCA","6202_SE",6202,"SE","South Coastal Region",48.48934,-123.5079,2018,TRUE,4,1,1,0.8632,0.7503,0.9455
"MYCA","6202_SE",6202,"SE","South Coastal Region",48.48934,-123.5079,2019,TRUE,4,1,1,0.9115,0.8378,0.9633
"MYCA","6202_SE",6202,"SE","South Coastal Region",48.48934,-123.5079,2020,FALSE,0,NA,NA,0.8751,0.7442,0.9613
"MYCA","6202_SE",6202,"SE","South Coastal Region",48.48934,-123.5079,2021,TRUE,4,1,1,0.9299,0.8637,0.9752
"MYCA","6202_SE",6202,"SE","South Coastal Region",48.48934,-123.5079,2022,TRUE,4,1,1,0.9391,0.8822,0.9783
"MYCA","6202_SE",6202,"SE","South Coastal Region",48.48934,-123.5079,2023,FALSE,0,NA,NA,0.9423,0.8856,0.9801
"MYCA","6202_SE",6202,"SE","South Coastal Region",48.48934,-123.5079,2024,FALSE,0,NA,NA,0.9474,0.8921,0.9828
"MYCA","6202_SE",6202,"SE","South Coastal Region",48.48934,-123.5079,2025,FALSE,0,NA,NA,0.943,0.8838,0.9814
"MYCA","6202_SW",6202,"SW","South Coastal Region",48.48637,-123.54913,2017,FALSE,0,NA,NA,0.7607,0.5437,0.9217
"MYCA","6202_SW",6202,"SW","South Coastal Region",48.48637,-123.54913,2018,TRUE,4,1,1,0.8655,0.7494,0.948
"MYCA","6202_SW",6202,"SW","South Coastal Region",48.48637,-123.54913,2019,TRUE,4,0,0.7422,0.9265,0.8599,0.9723
"MYCA","6202_SW",6202,"SW","South Coastal Region",48.48637,-123.54913,2020,TRUE,4,1,1,0.9052,0.793,0.9719
"MYCA","6202_SW",6202,"SW","South Coastal Region",48.48637,-123.54913,2021,TRUE,4,1,1,0.9492,0.8955,0.9839
"MYCA","6202_SW",6202,"SW","South Coastal Region",48.48637,-123.54913,2022,TRUE,4,1,1,0.9549,0.908,0.986
"MYCA","6202_SW",6202,"SW","South Coastal Region",48.48637,-123.54913,2023,FALSE,0,NA,NA,0.9554,0.9044,0.9863
"MYCA","6202_SW",6202,"SW","South Coastal Region",48.48637,-123.54913,2024,TRUE,3,1,1,0.9586,0.9087,0.9879
"MYCA","6202_SW",6202,"SW","South Coastal Region",48.48637,-123.54913,2025,TRUE,4,1,1,0.9573,0.9058,0.9879
"MYCA","70250_NW",70250,"NW","Kootenay Region",51.24583,-116.91793,2017,FALSE,0,NA,NA,0.7139,0.4648,0.9021
"MYCA","70250_NW",70250,"NW","Kootenay Region",51.24583,-116.91793,2018,FALSE,0,NA,NA,0.7232,0.5502,0.8665
"MYCA","70250_NW",70250,"NW","Kootenay Region",51.24583,-116.91793,2019,FALSE,0,NA,NA,0.7481,0.6031,0.8626
"MYCA","70250_NW",70250,"NW","Kootenay Region",51.24583,-116.91793,2020,TRUE,4,1,1,0.6379,0.4481,0.8119
"MYCA","70250_NW",70250,"NW","Kootenay Region",51.24583,-116.91793,2021,TRUE,4,0,0.2818,0.7662,0.6407,0.8688
"MYCA","70250_NW",70250,"NW","Kootenay Region",51.24583,-116.91793,2022,TRUE,4,1,1,0.7698,0.6458,0.8706
"MYCA","70250_NW",70250,"NW","Kootenay Region",51.24583,-116.91793,2023,TRUE,4,0,0.0289,0.7571,0.6246,0.8644
"MYCA","70250_NW",70250,"NW","Kootenay Region",51.24583,-116.91793,2024,TRUE,4,0,0.02,0.7706,0.6439,0.8744
"MYCA","70250_NW",70250,"NW","Kootenay Region",51.24583,-116.91793,2025,TRUE,4,1,1,0.7541,0.6267,0.8607
"MYCA","70250_SW",70250,"SW","Kootenay Region",51.20982,-116.89974,2017,FALSE,0,NA,NA,0.8801,0.6974,0.9767
"MYCA","70250_SW",70250,"SW","Kootenay Region",51.20982,-116.89974,2018,FALSE,0,NA,NA,0.8363,0.7058,0.9346
"MYCA","70250_SW",70250,"SW","Kootenay Region",51.20982,-116.89974,2019,FALSE,0,NA,NA,0.8246,0.7103,0.9104
"MYCA","70250_SW",70250,"SW","Kootenay Region",51.20982,-116.89974,2020,TRUE,4,0,0.0938,0.7304,0.5557,0.8631
"MYCA","70250_SW",70250,"SW","Kootenay Region",51.20982,-116.89974,2021,TRUE,4,0,0.0153,0.8195,0.7117,0.9023
"MYCA","70250_SW",70250,"SW","Kootenay Region",51.20982,-116.89974,2022,TRUE,4,0,0.0158,0.8296,0.7242,0.9101
"MYCA","70250_SW",70250,"SW","Kootenay Region",51.20982,-116.89974,2023,FALSE,0,NA,NA,0.8221,0.7111,0.9063
"MYCA","70250_SW",70250,"SW","Kootenay Region",51.20982,-116.89974,2024,FALSE,0,NA,NA,0.8278,0.7167,0.912
"MYCA","70250_SW",70250,"SW","Kootenay Region",51.20982,-116.89974,2025,TRUE,4,0,0.0144,0.8145,0.7008,0.9035
"MYCA","73002_NE",73002,"NE","Okanagan Region",50.85067,-121.87219,2017,TRUE,4,0,0.0133,0.7196,0.4544,0.9119
"MYCA","73002_NE",73002,"NE","Okanagan Region",50.85067,-121.87219,2018,TRUE,4,0,0.0107,0.8028,0.6431,0.921
"MYCA","73002_NE",73002,"NE","Okanagan Region",50.85067,-121.87219,2019,TRUE,4,0,0.0436,0.8749,0.7784,0.9432
"MYCA","73002_NE",73002,"NE","Okanagan Region",50.85067,-121.87219,2020,TRUE,4,0,0.0118,0.8457,0.7147,0.9361
"MYCA","73002_NE",73002,"NE","Okanagan Region",50.85067,-121.87219,2021,TRUE,4,0,0.0042,0.9019,0.8193,0.9575
"MYCA","73002_NE",73002,"NE","Okanagan Region",50.85067,-121.87219,2022,TRUE,4,0,0.0058,0.9147,0.8366,0.9642
"MYCA","73002_NE",73002,"NE","Okanagan Region",50.85067,-121.87219,2023,FALSE,0,NA,NA,0.9147,0.8375,0.9647
"MYCA","73002_NE",73002,"NE","Okanagan Region",50.85067,-121.87219,2024,TRUE,4,0,0.0391,0.919,0.842,0.9688
"MYCA","73002_NE",73002,"NE","Okanagan Region",50.85067,-121.87219,2025,TRUE,4,1,1,0.9138,0.8333,0.9668
"MYCA","73002_SE",73002,"SE","Okanagan Region",50.82484,-121.86896,2017,TRUE,4,0,0.1651,0.6832,0.4004,0.898
"MYCA","73002_SE",73002,"SE","Okanagan Region",50.82484,-121.86896,2018,TRUE,4,1,1,0.7897,0.6159,0.9125
"MYCA","73002_SE",73002,"SE","Okanagan Region",50.82484,-121.86896,2019,TRUE,4,1,1,0.8311,0.6756,0.9352
"MYCA","73002_SE",73002,"SE","Okanagan Region",50.82484,-121.86896,2020,TRUE,4,0,0.3884,0.7458,0.5156,0.9233
"MYCA","73002_SE",73002,"SE","Okanagan Region",50.82484,-121.86896,2021,TRUE,4,1,1,0.8615,0.7287,0.9518
"MYCA","73002_SE",73002,"SE","Okanagan Region",50.82484,-121.86896,2022,TRUE,4,0,0.0573,0.8563,0.7158,0.9504
"MYCA","73002_SE",73002,"SE","Okanagan Region",50.82484,-121.86896,2023,TRUE,4,0,0.0604,0.8538,0.7037,0.9506
"MYCA","73002_SE",73002,"SE","Okanagan Region",50.82484,-121.86896,2024,TRUE,4,1,1,0.8622,0.7157,0.9529
"MYCA","73002_SE",73002,"SE","Okanagan Region",50.82484,-121.86896,2025,TRUE,4,1,1,0.8469,0.6933,0.9472
"MYCA","73002_SW",73002,"SW","Okanagan Region",50.80422,-121.87782,2017,TRUE,4,1,1,0.628,0.3387,0.8665
"MYCA","73002_SW",73002,"SW","Okanagan Region",50.80422,-121.87782,2018,TRUE,4,1,1,0.7469,0.5726,0.8826
"MYCA","73002_SW",73002,"SW","Okanagan Region",50.80422,-121.87782,2019,TRUE,4,1,1,0.8244,0.7,0.9164
"MYCA","73002_SW",73002,"SW","Okanagan Region",50.80422,-121.87782,2020,TRUE,4,1,1,0.7542,0.5648,0.8991
"MYCA","73002_SW",73002,"SW","Okanagan Region",50.80422,-121.87782,2021,TRUE,4,1,1,0.8517,0.7403,0.9341
"MYCA","73002_SW",73002,"SW","Okanagan Region",50.80422,-121.87782,2022,TRUE,4,1,1,0.8599,0.7483,0.9386
"MYCA","73002_SW",73002,"SW","Okanagan Region",50.80422,-121.87782,2023,TRUE,3,1,1,0.8559,0.7392,0.9365
"MYCA","73002_SW",73002,"SW","Okanagan Region",50.80422,-121.87782,2024,TRUE,4,1,1,0.8625,0.7495,0.9409
"MYCA","73002_SW",73002,"SW","Okanagan Region",50.80422,-121.87782,2025,TRUE,4,1,1,0.8505,0.7325,0.9348
"MYCA","73786_NW",73786,"NW","South Coastal Region",49.12334,-123.06198,2017,TRUE,4,1,1,0.7251,0.4939,0.9051
"MYCA","73786_NW",73786,"NW","South Coastal Region",49.12334,-123.06198,2018,TRUE,4,0,0.2064,0.8388,0.7115,0.9335
"MYCA","73786_NW",73786,"NW","South Coastal Region",49.12334,-123.06198,2019,TRUE,3,0,0.2336,0.902,0.8099,0.9633
"MYCA","73786_NW",73786,"NW","South Coastal Region",49.12334,-123.06198,2020,TRUE,4,0,0.2436,0.8647,0.7056,0.9622
"MYCA","73786_NW",73786,"NW","South Coastal Region",49.12334,-123.06198,2021,TRUE,3,1,1,0.9268,0.849,0.9774
"MYCA","73786_NW",73786,"NW","South Coastal Region",49.12334,-123.06198,2022,TRUE,3,1,1,0.9321,0.8596,0.9796
"MYCA","73786_NW",73786,"NW","South Coastal Region",49.12334,-123.06198,2023,TRUE,3,1,1,0.9326,0.8541,0.9802
"MYCA","73786_NW",73786,"NW","South Coastal Region",49.12334,-123.06198,2024,TRUE,3,1,1,0.9372,0.8608,0.9822
"MYCA","73786_NW",73786,"NW","South Coastal Region",49.12334,-123.06198,2025,TRUE,4,1,1,0.9309,0.8492,0.9807
"MYCA","73786_SE",73786,"SE","South Coastal Region",49.12604,-123.00163,2017,TRUE,4,1,1,0.5456,0.2372,0.833
"MYCA","73786_SE",73786,"SE","South Coastal Region",49.12604,-123.00163,2018,TRUE,2,0,0.6936,0.7671,0.5676,0.9077
"MYCA","73786_SE",73786,"SE","South Coastal Region",49.12604,-123.00163,2019,TRUE,2,1,1,0.8713,0.7432,0.954
"MYCA","73786_SE",73786,"SE","South Coastal Region",49.12604,-123.00163,2020,TRUE,4,1,1,0.8323,0.6341,0.9545
"MYCA","73786_SE",73786,"SE","South Coastal Region",49.12604,-123.00163,2021,TRUE,3,1,1,0.9109,0.8093,0.9749
"MYCA","73786_SE",73786,"SE","South Coastal Region",49.12604,-123.00163,2022,TRUE,4,1,1,0.9154,0.8145,0.9776
"MYCA","73786_SE",73786,"SE","South Coastal Region",49.12604,-123.00163,2023,TRUE,3,1,1,0.9165,0.8104,0.9784
"MYCA","73786_SE",73786,"SE","South Coastal Region",49.12604,-123.00163,2024,TRUE,3,1,1,0.9224,0.821,0.9806
"MYCA","73786_SE",73786,"SE","South Coastal Region",49.12604,-123.00163,2025,TRUE,4,1,1,0.9143,0.8037,0.979
"MYCA","73786_SW",73786,"SW","South Coastal Region",49.10823,-123.07992,2017,FALSE,0,NA,NA,0.9439,0.761,0.9983
"MYCA","73786_SW",73786,"SW","South Coastal Region",49.10823,-123.07992,2018,TRUE,2,1,1,0.9493,0.8537,0.9904
"MYCA","73786_SW",73786,"SW","South Coastal Region",49.10823,-123.07992,2019,TRUE,3,1,1,0.9566,0.8986,0.9883
"MYCA","73786_SW",73786,"SW","South Coastal Region",49.10823,-123.07992,2020,TRUE,4,1,1,0.9324,0.833,0.9852
"MYCA","73786_SW",73786,"SW","South Coastal Region",49.10823,-123.07992,2021,TRUE,3,1,1,0.9584,0.8991,0.9905
"MYCA","73786_SW",73786,"SW","South Coastal Region",49.10823,-123.07992,2022,TRUE,3,1,1,0.9618,0.9036,0.991
"MYCA","73786_SW",73786,"SW","South Coastal Region",49.10823,-123.07992,2023,TRUE,3,1,1,0.9616,0.9002,0.9915
"MYCA","73786_SW",73786,"SW","South Coastal Region",49.10823,-123.07992,2024,FALSE,0,NA,NA,0.9635,0.9008,0.9922
"MYCA","73786_SW",73786,"SW","South Coastal Region",49.10823,-123.07992,2025,TRUE,4,1,1,0.9604,0.893,0.9916
"MYCA","77162_NE",77162,"NE","Kootenay Region",50.95478,-118.09975,2017,TRUE,4,1,1,0.3652,0.0746,0.7735
"MYCA","77162_NE",77162,"NE","Kootenay Region",50.95478,-118.09975,2018,TRUE,4,1,1,0.2634,0.1111,0.4892
"MYCA","77162_NE",77162,"NE","Kootenay Region",50.95478,-118.09975,2019,TRUE,4,1,1,0.3235,0.14,0.5664
"MYCA","77162_NE",77162,"NE","Kootenay Region",50.95478,-118.09975,2020,TRUE,4,0,0.0438,0.2153,0.084,0.3871
"MYCA","77162_NE",77162,"NE","Kootenay Region",50.95478,-118.09975,2021,TRUE,4,1,1,0.3103,0.1303,0.5421
"MYCA","77162_NE",77162,"NE","Kootenay Region",50.95478,-118.09975,2022,FALSE,0,NA,NA,0.3012,0.131,0.5179
"MYCA","77162_NE",77162,"NE","Kootenay Region",50.95478,-118.09975,2023,FALSE,0,NA,NA,0.2491,0.0975,0.4513
"MYCA","77162_NE",77162,"NE","Kootenay Region",50.95478,-118.09975,2024,FALSE,0,NA,NA,0.2499,0.093,0.4596
"MYCA","77162_NE",77162,"NE","Kootenay Region",50.95478,-118.09975,2025,FALSE,0,NA,NA,0.2376,0.0896,0.433
"MYCA","77162_SW",77162,"SW","Kootenay Region",50.886,-118.10586,2017,TRUE,4,1,1,0.8638,0.6716,0.9709
"MYCA","77162_SW",77162,"SW","Kootenay Region",50.886,-118.10586,2018,TRUE,4,1,1,0.862,0.7406,0.9486
"MYCA","77162_SW",77162,"SW","Kootenay Region",50.886,-118.10586,2019,TRUE,4,1,1,0.864,0.7568,0.9372
"MYCA","77162_SW",77162,"SW","Kootenay Region",50.886,-118.10586,2020,TRUE,4,1,1,0.7837,0.6069,0.9104
"MYCA","77162_SW",77162,"SW","Kootenay Region",50.886,-118.10586,2021,TRUE,4,1,1,0.8817,0.7979,0.9446
"MYCA","77162_SW",77162,"SW","Kootenay Region",50.886,-118.10586,2022,TRUE,4,1,1,0.8811,0.7986,0.9425
"MYCA","77162_SW",77162,"SW","Kootenay Region",50.886,-118.10586,2023,TRUE,4,1,1,0.8781,0.7918,0.9426
"MYCA","77162_SW",77162,"SW","Kootenay Region",50.886,-118.10586,2024,FALSE,0,NA,NA,0.8856,0.8012,0.9474
"MYCA","77162_SW",77162,"SW","Kootenay Region",50.886,-118.10586,2025,TRUE,2,1,1,0.8726,0.7862,0.9379
"MYCA","79018_NE",79018,"NE","Kootenay Region",50.2021,-116.91007,2017,TRUE,4,1,1,0.5996,0.323,0.8438
"MYCA","79018_NE",79018,"NE","Kootenay Region",50.2021,-116.91007,2018,TRUE,4,1,1,0.6534,0.4685,0.817
"MYCA","79018_NE",79018,"NE","Kootenay Region",50.2021,-116.91007,2019,TRUE,4,1,1,0.7004,0.5423,0.8315
"MYCA","79018_NE",79018,"NE","Kootenay Region",50.2021,-116.91007,2020,TRUE,4,1,1,0.5819,0.3911,0.7672
"MYCA","79018_NE",79018,"NE","Kootenay Region",50.2021,-116.91007,2021,FALSE,0,NA,NA,0.7265,0.5934,0.8457
"MYCA","79018_NE",79018,"NE","Kootenay Region",50.2021,-116.91007,2022,TRUE,4,1,1,0.7244,0.5858,0.842
"MYCA","79018_NE",79018,"NE","Kootenay Region",50.2021,-116.91007,2023,TRUE,4,1,1,0.7072,0.5646,0.8267
"MYCA","79018_NE",79018,"NE","Kootenay Region",50.2021,-116.91007,2024,TRUE,4,1,1,0.716,0.5758,0.8379
"MYCA","79018_NE",79018,"NE","Kootenay Region",50.2021,-116.91007,2025,TRUE,4,1,1,0.6938,0.5524,0.8191
"MYCA","79018_NW",79018,"NW","Kootenay Region",50.19383,-116.94752,2017,TRUE,4,1,1,0.7961,0.5609,0.9477
"MYCA","79018_NW",79018,"NW","Kootenay Region",50.19383,-116.94752,2018,FALSE,0,NA,NA,0.822,0.6713,0.9268
"MYCA","79018_NW",79018,"NW","Kootenay Region",50.19383,-116.94752,2019,TRUE,4,1,1,0.8443,0.7276,0.9268
"MYCA","79018_NW",79018,"NW","Kootenay Region",50.19383,-116.94752,2020,TRUE,4,1,1,0.7671,0.59,0.9008
"MYCA","79018_NW",79018,"NW","Kootenay Region",50.19383,-116.94752,2021,TRUE,4,1,1,0.8593,0.7591,0.9332
"MYCA","79018_NW",79018,"NW","Kootenay Region",50.19383,-116.94752,2022,TRUE,3,1,1,0.8722,0.7806,0.9401
"MYCA","79018_NW",79018,"NW","Kootenay Region",50.19383,-116.94752,2023,TRUE,4,1,1,0.8698,0.7757,0.9395
"MYCA","79018_NW",79018,"NW","Kootenay Region",50.19383,-116.94752,2024,TRUE,4,1,1,0.8769,0.7809,0.9443
"MYCA","79018_NW",79018,"NW","Kootenay Region",50.19383,-116.94752,2025,TRUE,4,1,1,0.8654,0.7658,0.9369
"MYCA","79018_SE",79018,"SE","Kootenay Region",50.18723,-116.90419,2017,TRUE,4,1,1,0.5989,0.3079,0.8515
"MYCA","79018_SE",79018,"SE","Kootenay Region",50.18723,-116.90419,2018,FALSE,0,NA,NA,0.7431,0.5453,0.8899
"MYCA","79018_SE",79018,"SE","Kootenay Region",50.18723,-116.90419,2019,TRUE,4,0,0.1451,0.7823,0.6061,0.9111
"MYCA","79018_SE",79018,"SE","Kootenay Region",50.18723,-116.90419,2020,TRUE,4,0,0.134,0.6826,0.4614,0.8751
"MYCA","79018_SE",79018,"SE","Kootenay Region",50.18723,-116.90419,2021,TRUE,4,1,1,0.8231,0.6815,0.9315
"MYCA","79018_SE",79018,"SE","Kootenay Region",50.18723,-116.90419,2022,TRUE,4,1,1,0.8088,0.6555,0.9223
"MYCA","79018_SE",79018,"SE","Kootenay Region",50.18723,-116.90419,2023,TRUE,4,1,1,0.8049,0.6447,0.9213
"MYCA","79018_SE",79018,"SE","Kootenay Region",50.18723,-116.90419,2024,TRUE,3,1,1,0.8164,0.6631,0.9294
"MYCA","79018_SE",79018,"SE","Kootenay Region",50.18723,-116.90419,2025,TRUE,4,1,1,0.7958,0.6383,0.9142
"MYCA","79018_SW",79018,"SW","Kootenay Region",50.17771,-116.95968,2017,TRUE,4,1,1,0.9182,0.7678,0.9879
"MYCA","79018_SW",79018,"SW","Kootenay Region",50.17771,-116.95968,2018,FALSE,0,NA,NA,0.8968,0.7969,0.9649
"MYCA","79018_SW",79018,"SW","Kootenay Region",50.17771,-116.95968,2019,TRUE,4,1,1,0.8918,0.805,0.9521
"MYCA","79018_SW",79018,"SW","Kootenay Region",50.17771,-116.95968,2020,TRUE,3,1,1,0.826,0.6731,0.926
"MYCA","79018_SW",79018,"SW","Kootenay Region",50.17771,-116.95968,2021,TRUE,3,1,1,0.8933,0.8114,0.9516
"MYCA","79018_SW",79018,"SW","Kootenay Region",50.17771,-116.95968,2022,TRUE,4,1,1,0.8994,0.8208,0.9547
"MYCA","79018_SW",79018,"SW","Kootenay Region",50.17771,-116.95968,2023,TRUE,4,1,1,0.8963,0.8138,0.9544
"MYCA","79018_SW",79018,"SW","Kootenay Region",50.17771,-116.95968,2024,TRUE,4,1,1,0.9012,0.8179,0.957
"MYCA","79018_SW",79018,"SW","Kootenay Region",50.17771,-116.95968,2025,FALSE,0,NA,NA,0.8921,0.8071,0.9521
"MYCA","86074_NE",86074,"NE","South Coastal Region",49.23087,-122.3056,2017,TRUE,4,0,0.0047,0.6448,0.4016,0.8533
"MYCA","86074_NE",86074,"NE","South Coastal Region",49.23087,-122.3056,2018,TRUE,3,0,0.0662,0.8497,0.7061,0.9435
"MYCA","86074_NE",86074,"NE","South Coastal Region",49.23087,-122.3056,2019,FALSE,0,NA,NA,0.927,0.8402,0.9777
"MYCA","86074_NE",86074,"NE","South Coastal Region",49.23087,-122.3056,2020,TRUE,3,1,1,0.8993,0.7459,0.9778
"MYCA","86074_NE",86074,"NE","South Coastal Region",49.23087,-122.3056,2021,TRUE,4,1,1,0.9527,0.8845,0.9888
"MYCA","86074_NE",86074,"NE","South Coastal Region",49.23087,-122.3056,2022,TRUE,4,0,0.006,0.9537,0.8875,0.9892
"MYCA","86074_NE",86074,"NE","South Coastal Region",49.23087,-122.3056,2023,TRUE,4,0,9e-04,0.9543,0.8872,0.9897
"MYCA","86074_NE",86074,"NE","South Coastal Region",49.23087,-122.3056,2024,TRUE,4,0,0.0024,0.9581,0.8932,0.9908
"MYCA","86074_NE",86074,"NE","South Coastal Region",49.23087,-122.3056,2025,FALSE,0,NA,NA,0.9525,0.8825,0.9895
"MYCA","86074_NW",86074,"NW","South Coastal Region",49.18442,-122.40331,2017,TRUE,4,1,1,0.846,0.6497,0.9652
"MYCA","86074_NW",86074,"NW","South Coastal Region",49.18442,-122.40331,2018,FALSE,0,NA,NA,0.9056,0.8081,0.9686
"MYCA","86074_NW",86074,"NW","South Coastal Region",49.18442,-122.40331,2019,FALSE,0,NA,NA,0.9415,0.8861,0.978
"MYCA","86074_NW",86074,"NW","South Coastal Region",49.18442,-122.40331,2020,TRUE,4,1,1,0.9165,0.8186,0.9767
"MYCA","86074_NW",86074,"NW","South Coastal Region",49.18442,-122.40331,2021,FALSE,0,NA,NA,0.9554,0.9088,0.9857
"MYCA","86074_NW",86074,"NW","South Coastal Region",49.18442,-122.40331,2022,TRUE,4,1,1,0.9595,0.9176,0.9869
"MYCA","86074_NW",86074,"NW","South Coastal Region",49.18442,-122.40331,2023,FALSE,0,NA,NA,0.9592,0.915,0.9875
"MYCA","86074_NW",86074,"NW","South Coastal Region",49.18442,-122.40331,2024,FALSE,0,NA,NA,0.9619,0.9173,0.9889
"MYCA","86074_NW",86074,"NW","South Coastal Region",49.18442,-122.40331,2025,FALSE,0,NA,NA,0.9579,0.9105,0.9876
"MYCA","86074_SE",86074,"SE","South Coastal Region",49.16962,-122.3193,2017,TRUE,4,1,1,0.8982,0.6767,0.9914
"MYCA","86074_SE",86074,"SE","South Coastal Region",49.16962,-122.3193,2018,FALSE,0,NA,NA,0.9229,0.8124,0.9803
"MYCA","86074_SE",86074,"SE","South Coastal Region",49.16962,-122.3193,2019,FALSE,0,NA,NA,0.9432,0.8817,0.9804
"MYCA","86074_SE",86074,"SE","South Coastal Region",49.16962,-122.3193,2020,TRUE,4,1,1,0.9157,0.8163,0.976
"MYCA","86074_SE",86074,"SE","South Coastal Region",49.16962,-122.3193,2021,TRUE,4,1,1,0.9511,0.8979,0.9849
"MYCA","86074_SE",86074,"SE","South Coastal Region",49.16962,-122.3193,2022,TRUE,4,1,1,0.9592,0.9108,0.9875
"MYCA","86074_SE",86074,"SE","South Coastal Region",49.16962,-122.3193,2023,FALSE,0,NA,NA,0.9598,0.9112,0.9882
"MYCA","86074_SE",86074,"SE","South Coastal Region",49.16962,-122.3193,2024,FALSE,0,NA,NA,0.9627,0.9131,0.9896
"MYCA","86074_SE",86074,"SE","South Coastal Region",49.16962,-122.3193,2025,FALSE,0,NA,NA,0.9595,0.907,0.9889
"MYCA","86074_SW",86074,"SW","South Coastal Region",49.14174,-122.38204,2017,TRUE,2,0,0.3627,0.7323,0.507,0.9073
"MYCA","86074_SW",86074,"SW","South Coastal Region",49.14174,-122.38204,2018,FALSE,0,NA,NA,0.8573,0.7413,0.9418
"MYCA","86074_SW",86074,"SW","South Coastal Region",49.14174,-122.38204,2019,TRUE,4,0,0.5684,0.9118,0.8265,0.9671
"MYCA","86074_SW",86074,"SW","South Coastal Region",49.14174,-122.38204,2020,TRUE,3,1,1,0.8679,0.7122,0.9661
"MYCA","86074_SW",86074,"SW","South Coastal Region",49.14174,-122.38204,2021,FALSE,0,NA,NA,0.9371,0.8719,0.9812
"MYCA","86074_SW",86074,"SW","South Coastal Region",49.14174,-122.38204,2022,TRUE,4,1,1,0.9395,0.8756,0.9815
"MYCA","86074_SW",86074,"SW","South Coastal Region",49.14174,-122.38204,2023,TRUE,4,1,1,0.9395,0.872,0.9825
"MYCA","86074_SW",86074,"SW","South Coastal Region",49.14174,-122.38204,2024,TRUE,4,1,1,0.944,0.8813,0.9837
"MYCA","86074_SW",86074,"SW","South Coastal Region",49.14174,-122.38204,2025,FALSE,0,NA,NA,0.9369,0.869,0.9815
"MYCA","89962_NE",89962,"NE","Kootenay Region",49.07682,-117.5986,2017,FALSE,0,NA,NA,0.7347,0.4771,0.916
"MYCA","89962_NE",89962,"NE","Kootenay Region",49.07682,-117.5986,2018,FALSE,0,NA,NA,0.7591,0.5889,0.8908
"MYCA","89962_NE",89962,"NE","Kootenay Region",49.07682,-117.5986,2019,FALSE,0,NA,NA,0.7876,0.6513,0.8925
"MYCA","89962_NE",89962,"NE","Kootenay Region",49.07682,-117.5986,2020,FALSE,0,NA,NA,0.6917,0.4965,0.8553
"MYCA","89962_NE",89962,"NE","Kootenay Region",49.07682,-117.5986,2021,FALSE,0,NA,NA,0.8037,0.6809,0.8985
"MYCA","89962_NE",89962,"NE","Kootenay Region",49.07682,-117.5986,2022,TRUE,4,1,1,0.81,0.6912,0.9027
"MYCA","89962_NE",89962,"NE","Kootenay Region",49.07682,-117.5986,2023,TRUE,4,1,1,0.8013,0.6733,0.899
"MYCA","89962_NE",89962,"NE","Kootenay Region",49.07682,-117.5986,2024,FALSE,0,NA,NA,0.8085,0.681,0.9043
"MYCA","89962_NE",89962,"NE","Kootenay Region",49.07682,-117.5986,2025,TRUE,4,1,1,0.7923,0.6628,0.892
"MYCA","89962_SE",89962,"SE","Kootenay Region",49.00974,-117.57236,2017,FALSE,0,NA,NA,0.9058,0.7457,0.9838
"MYCA","89962_SE",89962,"SE","Kootenay Region",49.00974,-117.57236,2018,FALSE,0,NA,NA,0.8659,0.7369,0.9552
"MYCA","89962_SE",89962,"SE","Kootenay Region",49.00974,-117.57236,2019,FALSE,0,NA,NA,0.8533,0.7298,0.9361
"MYCA","89962_SE",89962,"SE","Kootenay Region",49.00974,-117.57236,2020,FALSE,0,NA,NA,0.7659,0.5717,0.9058
"MYCA","89962_SE",89962,"SE","Kootenay Region",49.00974,-117.57236,2021,FALSE,0,NA,NA,0.8721,0.7738,0.9426
"MYCA","89962_SE",89962,"SE","Kootenay Region",49.00974,-117.57236,2022,TRUE,4,1,1,0.8689,0.7674,0.9419
"MYCA","89962_SE",89962,"SE","Kootenay Region",49.00974,-117.57236,2023,FALSE,0,NA,NA,0.8655,0.754,0.9411
"MYCA","89962_SE",89962,"SE","Kootenay Region",49.00974,-117.57236,2024,TRUE,4,1,1,0.8738,0.7693,0.9466
"MYCA","89962_SE",89962,"SE","Kootenay Region",49.00974,-117.57236,2025,TRUE,4,1,1,0.8592,0.7495,0.9373
"MYCA","89962_SW",89962,"SW","Kootenay Region",49.0077,-117.63034,2017,FALSE,0,NA,NA,0.8143,0.5724,0.9593
"MYCA","89962_SW",89962,"SW","Kootenay Region",49.0077,-117.63034,2018,FALSE,0,NA,NA,0.8453,0.691,0.9435
"MYCA","89962_SW",89962,"SW","Kootenay Region",49.0077,-117.63034,2019,FALSE,0,NA,NA,0.8703,0.7504,0.9476
"MYCA","89962_SW",89962,"SW","Kootenay Region",49.0077,-117.63034,2020,FALSE,0,NA,NA,0.809,0.6268,0.9303
"MYCA","89962_SW",89962,"SW","Kootenay Region",49.0077,-117.63034,2021,FALSE,0,NA,NA,0.8829,0.7748,0.9542
"MYCA","89962_SW",89962,"SW","Kootenay Region",49.0077,-117.63034,2022,TRUE,4,1,1,0.8897,0.7872,0.9577
"MYCA","89962_SW",89962,"SW","Kootenay Region",49.0077,-117.63034,2023,FALSE,0,NA,NA,0.8869,0.7797,0.9574
"MYCA","89962_SW",89962,"SW","Kootenay Region",49.0077,-117.63034,2024,TRUE,4,1,1,0.8922,0.7831,0.9602
"MYCA","89962_SW",89962,"SW","Kootenay Region",49.0077,-117.63034,2025,TRUE,4,1,1,0.8832,0.7689,0.9559
"MYCA","93290_NE",93290,"NE","Okanagan Region",49.44361,-119.56535,2017,FALSE,0,NA,NA,0.7971,0.5564,0.949
"MYCA","93290_NE",93290,"NE","Okanagan Region",49.44361,-119.56535,2018,TRUE,4,0,0.1938,0.8225,0.6679,0.9287
"MYCA","93290_NE",93290,"NE","Okanagan Region",49.44361,-119.56535,2019,FALSE,0,NA,NA,0.8598,0.7554,0.933
"MYCA","93290_NE",93290,"NE","Okanagan Region",49.44361,-119.56535,2020,TRUE,4,1,1,0.8143,0.6726,0.9167
"MYCA","93290_NE",93290,"NE","Okanagan Region",49.44361,-119.56535,2021,TRUE,4,1,1,0.8672,0.7707,0.9373
"MYCA","93290_NE",93290,"NE","Okanagan Region",49.44361,-119.56535,2022,TRUE,4,1,1,0.8814,0.7877,0.9459
"MYCA","93290_NE",93290,"NE","Okanagan Region",49.44361,-119.56535,2023,TRUE,3,1,1,0.88,0.7869,0.9457
"MYCA","93290_NE",93290,"NE","Okanagan Region",49.44361,-119.56535,2024,FALSE,0,NA,NA,0.884,0.789,0.9497
"MYCA","93290_NE",93290,"NE","Okanagan Region",49.44361,-119.56535,2025,TRUE,4,1,1,0.8779,0.7792,0.9471
"MYCA","93290_NW",93290,"NW","Okanagan Region",49.41531,-119.6018,2017,TRUE,4,1,1,0.7657,0.5221,0.9328
"MYCA","93290_NW",93290,"NW","Okanagan Region",49.41531,-119.6018,2018,TRUE,4,1,1,0.8343,0.6965,0.9333
"MYCA","93290_NW",93290,"NW","Okanagan Region",49.41531,-119.6018,2019,TRUE,4,1,1,0.8859,0.7981,0.9471
"MYCA","93290_NW",93290,"NW","Okanagan Region",49.41531,-119.6018,2020,TRUE,4,1,1,0.8397,0.6904,0.9379
"MYCA","93290_NW",93290,"NW","Okanagan Region",49.41531,-119.6018,2021,TRUE,4,1,1,0.9037,0.8245,0.958
"MYCA","93290_NW",93290,"NW","Okanagan Region",49.41531,-119.6018,2022,TRUE,4,1,1,0.9126,0.8362,0.9624
"MYCA","93290_NW",93290,"NW","Okanagan Region",49.41531,-119.6018,2023,TRUE,4,1,1,0.9111,0.8333,0.9626
"MYCA","93290_NW",93290,"NW","Okanagan Region",49.41531,-119.6018,2024,TRUE,4,1,1,0.9157,0.8398,0.9653
"MYCA","93290_NW",93290,"NW","Okanagan Region",49.41531,-119.6018,2025,TRUE,4,1,1,0.9085,0.8284,0.9627
"MYCA","93290_SE",93290,"SE","Okanagan Region",49.38433,-119.56165,2017,TRUE,3,1,1,0.8957,0.7032,0.9849
"MYCA","93290_SE",93290,"SE","Okanagan Region",49.38433,-119.56165,2018,TRUE,4,1,1,0.9089,0.8005,0.971
"MYCA","93290_SE",93290,"SE","Okanagan Region",49.38433,-119.56165,2019,TRUE,4,1,1,0.9242,0.8505,0.9691
"MYCA","93290_SE",93290,"SE","Okanagan Region",49.38433,-119.56165,2020,TRUE,4,1,1,0.8849,0.7626,0.9609
"MYCA","93290_SE",93290,"SE","Okanagan Region",49.38433,-119.56165,2021,TRUE,4,1,1,0.9277,0.8569,0.9723
"MYCA","93290_SE",93290,"SE","Okanagan Region",49.38433,-119.56165,2022,FALSE,0,NA,NA,0.9344,0.8657,0.9754
"MYCA","93290_SE",93290,"SE","Okanagan Region",49.38433,-119.56165,2023,TRUE,4,1,1,0.9332,0.8617,0.9766
"MYCA","93290_SE",93290,"SE","Okanagan Region",49.38433,-119.56165,2024,TRUE,4,1,1,0.9363,0.8655,0.9776
"MYCA","93290_SE",93290,"SE","Okanagan Region",49.38433,-119.56165,2025,TRUE,4,1,1,0.9312,0.8565,0.976
"MYCA","93290_SW",93290,"SW","Okanagan Region",49.37943,-119.59374,2017,TRUE,4,0,0.0049,0.5406,0.2146,0.8332
"MYCA","93290_SW",93290,"SW","Okanagan Region",49.37943,-119.59374,2018,TRUE,4,0,0.0044,0.6799,0.4677,0.8514
"MYCA","93290_SW",93290,"SW","Okanagan Region",49.37943,-119.59374,2019,TRUE,4,0,0.1591,0.7966,0.6569,0.9016
"MYCA","93290_SW",93290,"SW","Okanagan Region",49.37943,-119.59374,2020,TRUE,4,1,1,0.7528,0.5696,0.8926
"MYCA","93290_SW",93290,"SW","Okanagan Region",49.37943,-119.59374,2021,TRUE,4,1,1,0.8388,0.713,0.9282
"MYCA","93290_SW",93290,"SW","Okanagan Region",49.37943,-119.59374,2022,TRUE,4,1,1,0.8563,0.7353,0.9386
"MYCA","93290_SW",93290,"SW","Okanagan Region",49.37943,-119.59374,2023,TRUE,4,1,1,0.8545,0.7339,0.9384
"MYCA","93290_SW",93290,"SW","Okanagan Region",49.37943,-119.59374,2024,TRUE,4,1,1,0.8605,0.7402,0.9425
"MYCA","93290_SW",93290,"SW","Okanagan Region",49.37943,-119.59374,2025,TRUE,4,1,1,0.8516,0.7247,0.9408
"MYCA","94522_NW",94522,"NW","Northern Region",53.10732,-131.86467,2017,TRUE,3,1,1,0.5808,0.2417,0.8618
"MYCA","94522_NW",94522,"NW","Northern Region",53.10732,-131.86467,2018,TRUE,4,1,1,0.605,0.3737,0.8147
"MYCA","94522_NW",94522,"NW","Northern Region",53.10732,-131.86467,2019,TRUE,3,1,1,0.6609,0.4917,0.8092
"MYCA","94522_NW",94522,"NW","Northern Region",53.10732,-131.86467,2020,FALSE,0,NA,NA,0.5868,0.3992,0.7638
"MYCA","94522_NW",94522,"NW","Northern Region",53.10732,-131.86467,2021,FALSE,0,NA,NA,0.663,0.4989,0.8072
"MYCA","94522_NW",94522,"NW","Northern Region",53.10732,-131.86467,2022,FALSE,0,NA,NA,0.6867,0.5246,0.8261
"MYCA","94522_NW",94522,"NW","Northern Region",53.10732,-131.86467,2023,FALSE,0,NA,NA,0.6788,0.5156,0.8213
"MYCA","94522_NW",94522,"NW","Northern Region",53.10732,-131.86467,2024,FALSE,0,NA,NA,0.6826,0.5208,0.8264
"MYCA","94522_NW",94522,"NW","Northern Region",53.10732,-131.86467,2025,FALSE,0,NA,NA,0.6708,0.4992,0.8178
"MYCA","94522_SE",94522,"SE","Northern Region",53.08196,-131.77925,2017,TRUE,4,1,1,0.5487,0.2205,0.8388
"MYCA","94522_SE",94522,"SE","Northern Region",53.08196,-131.77925,2018,TRUE,4,1,1,0.5509,0.3438,0.7581
"MYCA","94522_SE",94522,"SE","Northern Region",53.08196,-131.77925,2019,TRUE,3,0,0.1867,0.5929,0.3998,0.774
"MYCA","94522_SE",94522,"SE","Northern Region",53.08196,-131.77925,2020,FALSE,0,NA,NA,0.4774,0.2731,0.7042
"MYCA","94522_SE",94522,"SE","Northern Region",53.08196,-131.77925,2021,FALSE,0,NA,NA,0.5919,0.3815,0.7797
"MYCA","94522_SE",94522,"SE","Northern Region",53.08196,-131.77925,2022,FALSE,0,NA,NA,0.6017,0.3949,0.7872
"MYCA","94522_SE",94522,"SE","Northern Region",53.08196,-131.77925,2023,FALSE,0,NA,NA,0.5791,0.369,0.7724
"MYCA","94522_SE",94522,"SE","Northern Region",53.08196,-131.77925,2024,FALSE,0,NA,NA,0.5816,0.3646,0.7751
"MYCA","94522_SE",94522,"SE","Northern Region",53.08196,-131.77925,2025,FALSE,0,NA,NA,0.5608,0.347,0.7617
"MYCA","9466_NE",9466,"NE","Northern Region",57.34435,-125.50932,2017,FALSE,0,NA,NA,0.3921,0.1405,0.7021
"MYCA","9466_NE",9466,"NE","Northern Region",57.34435,-125.50932,2018,FALSE,0,NA,NA,0.3425,0.1694,0.5502
"MYCA","9466_NE",9466,"NE","Northern Region",57.34435,-125.50932,2019,FALSE,0,NA,NA,0.3405,0.1986,0.5067
"MYCA","9466_NE",9466,"NE","Northern Region",57.34435,-125.50932,2020,FALSE,0,NA,NA,0.2579,0.1362,0.409
"MYCA","9466_NE",9466,"NE","Northern Region",57.34435,-125.50932,2021,FALSE,0,NA,NA,0.2966,0.1698,0.4402
"MYCA","9466_NE",9466,"NE","Northern Region",57.34435,-125.50932,2022,TRUE,3,0,0.0031,0.3069,0.1739,0.4605
"MYCA","9466_NE",9466,"NE","Northern Region",57.34435,-125.50932,2023,FALSE,0,NA,NA,0.2901,0.1604,0.4365
"MYCA","9466_NE",9466,"NE","Northern Region",57.34435,-125.50932,2024,TRUE,3,0,0.0033,0.2857,0.1564,0.4411
"MYCA","9466_NE",9466,"NE","Northern Region",57.34435,-125.50932,2025,FALSE,0,NA,NA,0.2722,0.1413,0.4295
"MYCA","9466_NW",9466,"NW","Northern Region",57.3459,-125.55037,2017,FALSE,0,NA,NA,0.6288,0.2124,0.9489
"MYCA","9466_NW",9466,"NW","Northern Region",57.3459,-125.55037,2018,FALSE,0,NA,NA,0.5204,0.2289,0.7927
"MYCA","9466_NW",9466,"NW","Northern Region",57.3459,-125.55037,2019,FALSE,0,NA,NA,0.4566,0.2407,0.6839
"MYCA","9466_NW",9466,"NW","Northern Region",57.3459,-125.55037,2020,FALSE,0,NA,NA,0.3369,0.1493,0.566
"MYCA","9466_NW",9466,"NW","Northern Region",57.3459,-125.55037,2021,FALSE,0,NA,NA,0.357,0.1721,0.5705
"MYCA","9466_NW",9466,"NW","Northern Region",57.3459,-125.55037,2022,TRUE,4,0,4e-04,0.353,0.1666,0.5633
"MYCA","9466_NW",9466,"NW","Northern Region",57.3459,-125.55037,2023,FALSE,0,NA,NA,0.3317,0.1458,0.5432
"MYCA","9466_NW",9466,"NW","Northern Region",57.3459,-125.55037,2024,TRUE,3,0,0,0.3231,0.1356,0.5447
"MYCA","9466_NW",9466,"NW","Northern Region",57.3459,-125.55037,2025,TRUE,4,0,7e-04,0.3061,0.12,0.5342
"MYCA","9466_SE",9466,"SE","Northern Region",57.31575,-125.49037,2017,FALSE,0,NA,NA,0.1374,0.0248,0.3322
"MYCA","9466_SE",9466,"SE","Northern Region",57.31575,-125.49037,2018,FALSE,0,NA,NA,0.186,0.0748,0.3348
"MYCA","9466_SE",9466,"SE","Northern Region",57.31575,-125.49037,2019,FALSE,0,NA,NA,0.2801,0.1309,0.495
"MYCA","9466_SE",9466,"SE","Northern Region",57.31575,-125.49037,2020,FALSE,0,NA,NA,0.1931,0.0845,0.3399
"MYCA","9466_SE",9466,"SE","Northern Region",57.31575,-125.49037,2021,FALSE,0,NA,NA,0.2733,0.128,0.4621
"MYCA","9466_SE",9466,"SE","Northern Region",57.31575,-125.49037,2022,TRUE,4,0,9e-04,0.2735,0.1329,0.4509
"MYCA","9466_SE",9466,"SE","Northern Region",57.31575,-125.49037,2023,FALSE,0,NA,NA,0.2288,0.1052,0.3872
"MYCA","9466_SE",9466,"SE","Northern Region",57.31575,-125.49037,2024,TRUE,3,0,0.0038,0.224,0.1008,0.3795
"MYCA","9466_SE",9466,"SE","Northern Region",57.31575,-125.49037,2025,TRUE,4,0,0.0016,0.2115,0.0917,0.3638
"MYCA","9466_SW",9466,"SW","Northern Region",57.29483,-125.51474,2017,FALSE,0,NA,NA,0.3339,0.115,0.6189
"MYCA","9466_SW",9466,"SW","Northern Region",57.29483,-125.51474,2018,FALSE,0,NA,NA,0.2782,0.1414,0.4632
"MYCA","9466_SW",9466,"SW","Northern Region",57.29483,-125.51474,2019,FALSE,0,NA,NA,0.2812,0.1691,0.4175
"MYCA","9466_SW",9466,"SW","Northern Region",57.29483,-125.51474,2020,FALSE,0,NA,NA,0.2022,0.1086,0.3238
"MYCA","9466_SW",9466,"SW","Northern Region",57.29483,-125.51474,2021,FALSE,0,NA,NA,0.2453,0.1459,0.3642
"MYCA","9466_SW",9466,"SW","Northern Region",57.29483,-125.51474,2022,TRUE,4,0,9e-04,0.2555,0.1531,0.3755
"MYCA","9466_SW",9466,"SW","Northern Region",57.29483,-125.51474,2023,FALSE,0,NA,NA,0.2352,0.1363,0.3532
"MYCA","9466_SW",9466,"SW","Northern Region",57.29483,-125.51474,2024,TRUE,3,0,0.002,0.2297,0.1323,0.3495
"MYCA","9466_SW",9466,"SW","Northern Region",57.29483,-125.51474,2025,TRUE,4,0,7e-04,0.216,0.116,0.3352
"MYCA","986_NE",986,"NE","Northern Region",53.188,-121.30225,2017,FALSE,0,NA,NA,0.5883,0.1688,0.9394
"MYCA","986_NE",986,"NE","Northern Region",53.188,-121.30225,2018,TRUE,3,0,0.0127,0.48,0.1696,0.7821
"MYCA","986_NE",986,"NE","Northern Region",53.188,-121.30225,2019,TRUE,3,0,0.0033,0.4049,0.1709,0.6684
"MYCA","986_NE",986,"NE","Northern Region",53.188,-121.30225,2020,TRUE,4,0,0.0022,0.2926,0.1035,0.5432
"MYCA","986_NE",986,"NE","Northern Region",53.188,-121.30225,2021,TRUE,4,0,0.0069,0.2923,0.1125,0.5271
"MYCA","986_NE",986,"NE","Northern Region",53.188,-121.30225,2022,TRUE,4,1,1,0.2787,0.1016,0.5089
"MYCA","986_NE",986,"NE","Northern Region",53.188,-121.30225,2023,TRUE,4,1,1,0.2582,0.0856,0.4892
"MYCA","986_NE",986,"NE","Northern Region",53.188,-121.30225,2024,TRUE,4,0,0.0073,0.247,0.0764,0.4809
"MYCA","986_NE",986,"NE","Northern Region",53.188,-121.30225,2025,TRUE,4,0,0.0013,0.2307,0.0647,0.4618
"MYCA","986_SE",986,"SE","Northern Region",53.1392,-121.2577,2017,FALSE,0,NA,NA,0.2894,0.0856,0.5858
"MYCA","986_SE",986,"SE","Northern Region",53.1392,-121.2577,2018,FALSE,0,NA,NA,0.2355,0.0967,0.4412
"MYCA","986_SE",986,"SE","Northern Region",53.1392,-121.2577,2019,TRUE,3,0,0.0311,0.2208,0.1047,0.3879
"MYCA","986_SE",986,"SE","Northern Region",53.1392,-121.2577,2020,TRUE,2,0,0.0198,0.1582,0.0634,0.3
"MYCA","986_SE",986,"SE","Northern Region",53.1392,-121.2577,2021,FALSE,0,NA,NA,0.1777,0.0766,0.3183
"MYCA","986_SE",986,"SE","Northern Region",53.1392,-121.2577,2022,TRUE,4,0,9e-04,0.1808,0.0753,0.3327
"MYCA","986_SE",986,"SE","Northern Region",53.1392,-121.2577,2023,TRUE,4,0,7e-04,0.168,0.0646,0.3205
"MYCA","986_SE",986,"SE","Northern Region",53.1392,-121.2577,2024,TRUE,4,0,4e-04,0.1637,0.059,0.3203
"MYCA","986_SE",986,"SE","Northern Region",53.1392,-121.2577,2025,TRUE,4,0,0.002,0.1544,0.0517,0.3112
