"species","site","GRTS_Cell_ID","Quadrant","region","lat","long","year","surveyed","n_visits","detected","p_occupied","psi_expected","psi_expected_lo95","psi_expected_hi95"
"MYVO","110378_NE",110378,"NE","Okanagan Region",49.04717,-119.5574,2017,FALSE,0,NA,NA,0.6155,0.3154,0.8777
"MYVO","110378_NE",110378,"NE","Okanagan Region",49.04717,-119.5574,2018,TRUE,2,1,1,0.5761,0.4334,0.7121
"MYVO","110378_NE",110378,"NE","Okanagan Region",49.04717,-119.5574,2019,TRUE,4,0,0.0449,0.514,0.394,0.6392
"MYVO","110378_NE",110378,"NE","Okanagan Region",49.04717,-119.5574,2020,TRUE,4,0,0.1013,0.543,0.4159,0.6754
"MYVO","110378_NE",110378,"NE","Okanagan Region",49.04717,-119.5574,2021,TRUE,4,1,1,0.6606,0.5382,0.7783
"MYVO","110378_NE",110378,"NE","Okanagan Region",49.04717,-119.5574,2022,TRUE,4,1,1,0.6642,0.5331,0.7866
"MYVO","110378_NE",110378,"NE","Okanagan Region",49.04717,-119.5574,2023,TRUE,4,1,1,0.7625,0.64,0.8695
"MYVO","110378_NE",110378,"NE","Okanagan Region",49.04717,-119.5574,2024,TRUE,4,1,1,0.6809,0.5436,0.8066
"MYVO","110378_NE",110378,"NE","Okanagan Region",49.04717,-119.5574,2025,TRUE,4,1,1,0.6866,0.5628,0.7995
"MYVO","110378_NW",110378,"NW","Okanagan Region",49.03536,-119.57546,2017,TRUE,4,1,1,0.6302,0.2824,0.9088
"MYVO","110378_NW",110378,"NW","Okanagan Region",49.03536,-119.57546,2018,TRUE,4,1,1,0.6664,0.5248,0.7949
"MYVO","110378_NW",110378,"NW","Okanagan Region",49.03536,-119.57546,2019,TRUE,4,0,0.0882,0.6007,0.4673,0.7357
"MYVO","110378_NW",110378,"NW","Okanagan Region",49.03536,-119.57546,2020,TRUE,4,1,1,0.6299,0.4908,0.7634
"MYVO","110378_NW",110378,"NW","Okanagan Region",49.03536,-119.57546,2021,TRUE,4,1,1,0.7407,0.6151,0.8492
"MYVO","110378_NW",110378,"NW","Okanagan Region",49.03536,-119.57546,2022,TRUE,4,0,0.1051,0.7541,0.6285,0.8643
"MYVO","110378_NW",110378,"NW","Okanagan Region",49.03536,-119.57546,2023,TRUE,4,1,1,0.8346,0.7194,0.922
"MYVO","110378_NW",110378,"NW","Okanagan Region",49.03536,-119.57546,2024,TRUE,4,1,1,0.7761,0.6434,0.8858
"MYVO","110378_NW",110378,"NW","Okanagan Region",49.03536,-119.57546,2025,TRUE,4,1,1,0.7773,0.6584,0.8775
"MYVO","110378_SE",110378,"SE","Okanagan Region",49.01485,-119.53228,2017,FALSE,0,NA,NA,0.6536,0.3145,0.9162
"MYVO","110378_SE",110378,"SE","Okanagan Region",49.01485,-119.53228,2018,TRUE,2,1,1,0.6171,0.4699,0.7507
"MYVO","110378_SE",110378,"SE","Okanagan Region",49.01485,-119.53228,2019,TRUE,4,1,1,0.5508,0.422,0.6831
"MYVO","110378_SE",110378,"SE","Okanagan Region",49.01485,-119.53228,2020,TRUE,4,0,0.1469,0.5803,0.448,0.7148
"MYVO","110378_SE",110378,"SE","Okanagan Region",49.01485,-119.53228,2021,TRUE,4,0,0.1571,0.6962,0.5713,0.8128
"MYVO","110378_SE",110378,"SE","Okanagan Region",49.01485,-119.53228,2022,TRUE,4,1,1,0.7049,0.5739,0.8227
"MYVO","110378_SE",110378,"SE","Okanagan Region",49.01485,-119.53228,2023,TRUE,4,0,0.2053,0.7959,0.6754,0.8953
"MYVO","110378_SE",110378,"SE","Okanagan Region",49.01485,-119.53228,2024,TRUE,4,1,1,0.7251,0.5844,0.8444
"MYVO","110378_SE",110378,"SE","Okanagan Region",49.01485,-119.53228,2025,TRUE,4,1,1,0.7279,0.6064,0.836
"MYVO","110378_SW",110378,"SW","Okanagan Region",49.00412,-119.59552,2017,TRUE,4,1,1,0.5839,0.2866,0.8591
"MYVO","110378_SW",110378,"SW","Okanagan Region",49.00412,-119.59552,2018,TRUE,4,1,1,0.6356,0.5049,0.7593
"MYVO","110378_SW",110378,"SW","Okanagan Region",49.00412,-119.59552,2019,TRUE,4,0,0.1584,0.5729,0.4468,0.7012
"MYVO","110378_SW",110378,"SW","Okanagan Region",49.00412,-119.59552,2020,TRUE,4,1,1,0.5974,0.4653,0.7301
"MYVO","110378_SW",110378,"SW","Okanagan Region",49.00412,-119.59552,2021,TRUE,4,0,0.26,0.7113,0.5891,0.8197
"MYVO","110378_SW",110378,"SW","Okanagan Region",49.00412,-119.59552,2022,TRUE,4,1,1,0.7272,0.6063,0.8342
"MYVO","110378_SW",110378,"SW","Okanagan Region",49.00412,-119.59552,2023,TRUE,4,1,1,0.8109,0.7006,0.9013
"MYVO","110378_SW",110378,"SW","Okanagan Region",49.00412,-119.59552,2024,TRUE,4,1,1,0.7537,0.6256,0.8618
"MYVO","110378_SW",110378,"SW","Okanagan Region",49.00412,-119.59552,2025,TRUE,4,1,1,0.754,0.6388,0.8537
"MYVO","111466_NE",111466,"NE","Kootenay Region",49.00129,-115.06184,2017,FALSE,0,NA,NA,0.4835,0.2276,0.7605
"MYVO","111466_NE",111466,"NE","Kootenay Region",49.00129,-115.06184,2018,FALSE,0,NA,NA,0.6708,0.5173,0.8017
"MYVO","111466_NE",111466,"NE","Kootenay Region",49.00129,-115.06184,2019,FALSE,0,NA,NA,0.6918,0.5643,0.805
"MYVO","111466_NE",111466,"NE","Kootenay Region",49.00129,-115.06184,2020,FALSE,0,NA,NA,0.719,0.59,0.8348
"MYVO","111466_NE",111466,"NE","Kootenay Region",49.00129,-115.06184,2021,FALSE,0,NA,NA,0.8047,0.6947,0.8937
"MYVO","111466_NE",111466,"NE","Kootenay Region",49.00129,-115.06184,2022,FALSE,0,NA,NA,0.8328,0.7376,0.911
"MYVO","111466_NE",111466,"NE","Kootenay Region",49.00129,-115.06184,2023,TRUE,4,1,1,0.8856,0.8027,0.947
"MYVO","111466_NE",111466,"NE","Kootenay Region",49.00129,-115.06184,2024,FALSE,0,NA,NA,0.8682,0.7761,0.9358
"MYVO","111466_NE",111466,"NE","Kootenay Region",49.00129,-115.06184,2025,TRUE,4,1,1,0.8698,0.7852,0.9362
"MYVO","111466_NW",111466,"NW","Kootenay Region",49.01861,-115.09568,2017,FALSE,0,NA,NA,0.4667,0.2221,0.7417
"MYVO","111466_NW",111466,"NW","Kootenay Region",49.01861,-115.09568,2018,FALSE,0,NA,NA,0.605,0.4505,0.7478
"MYVO","111466_NW",111466,"NW","Kootenay Region",49.01861,-115.09568,2019,FALSE,0,NA,NA,0.5984,0.4579,0.7386
"MYVO","111466_NW",111466,"NW","Kootenay Region",49.01861,-115.09568,2020,FALSE,0,NA,NA,0.6192,0.4734,0.7545
"MYVO","111466_NW",111466,"NW","Kootenay Region",49.01861,-115.09568,2021,FALSE,0,NA,NA,0.7193,0.5834,0.8352
"MYVO","111466_NW",111466,"NW","Kootenay Region",49.01861,-115.09568,2022,FALSE,0,NA,NA,0.7494,0.6198,0.8551
"MYVO","111466_NW",111466,"NW","Kootenay Region",49.01861,-115.09568,2023,TRUE,4,1,1,0.8193,0.6988,0.9099
"MYVO","111466_NW",111466,"NW","Kootenay Region",49.01861,-115.09568,2024,FALSE,0,NA,NA,0.7928,0.6672,0.8921
"MYVO","111466_NW",111466,"NW","Kootenay Region",49.01861,-115.09568,2025,TRUE,4,1,1,0.7942,0.6683,0.8926
"MYVO","114602_NE",114602,"NE","South Coastal Region",49.70588,-125.06708,2017,FALSE,0,NA,NA,0.5834,0.3454,0.8102
"MYVO","114602_NE",114602,"NE","South Coastal Region",49.70588,-125.06708,2018,TRUE,3,1,1,0.5964,0.4635,0.7252
"MYVO","114602_NE",114602,"NE","South Coastal Region",49.70588,-125.06708,2019,TRUE,4,1,1,0.5529,0.4284,0.6808
"MYVO","114602_NE",114602,"NE","South Coastal Region",49.70588,-125.06708,2020,FALSE,0,NA,NA,0.5588,0.4231,0.6914
"MYVO","114602_NE",114602,"NE","South Coastal Region",49.70588,-125.06708,2021,FALSE,0,NA,NA,0.6551,0.5308,0.7733
"MYVO","114602_NE",114602,"NE","South Coastal Region",49.70588,-125.06708,2022,TRUE,4,1,1,0.6882,0.5681,0.7975
"MYVO","114602_NE",114602,"NE","South Coastal Region",49.70588,-125.06708,2023,FALSE,0,NA,NA,0.7626,0.647,0.8657
"MYVO","114602_NE",114602,"NE","South Coastal Region",49.70588,-125.06708,2024,TRUE,4,1,1,0.7394,0.6186,0.8464
"MYVO","114602_NE",114602,"NE","South Coastal Region",49.70588,-125.06708,2025,TRUE,4,1,1,0.7428,0.6223,0.8463
"MYVO","114602_NW",114602,"NW","South Coastal Region",49.67623,-125.13792,2017,FALSE,0,NA,NA,0.6485,0.3714,0.8817
"MYVO","114602_NW",114602,"NW","South Coastal Region",49.67623,-125.13792,2018,TRUE,3,1,1,0.5747,0.428,0.7195
"MYVO","114602_NW",114602,"NW","South Coastal Region",49.67623,-125.13792,2019,TRUE,4,1,1,0.5034,0.3734,0.6417
"MYVO","114602_NW",114602,"NW","South Coastal Region",49.67623,-125.13792,2020,TRUE,4,1,1,0.5096,0.3704,0.6461
"MYVO","114602_NW",114602,"NW","South Coastal Region",49.67623,-125.13792,2021,TRUE,4,1,1,0.6172,0.4794,0.7462
"MYVO","114602_NW",114602,"NW","South Coastal Region",49.67623,-125.13792,2022,TRUE,4,1,1,0.643,0.5063,0.771
"MYVO","114602_NW",114602,"NW","South Coastal Region",49.67623,-125.13792,2023,FALSE,0,NA,NA,0.728,0.592,0.8472
"MYVO","114602_NW",114602,"NW","South Coastal Region",49.67623,-125.13792,2024,TRUE,4,1,1,0.6851,0.5373,0.8118
"MYVO","114602_NW",114602,"NW","South Coastal Region",49.67623,-125.13792,2025,TRUE,4,1,1,0.6857,0.546,0.8086
"MYVO","114602_SE",114602,"SE","South Coastal Region",49.65756,-125.0438,2017,FALSE,0,NA,NA,0.5986,0.3267,0.862
"MYVO","114602_SE",114602,"SE","South Coastal Region",49.65756,-125.0438,2018,TRUE,3,0,0.1976,0.6707,0.5206,0.8071
"MYVO","114602_SE",114602,"SE","South Coastal Region",49.65756,-125.0438,2019,TRUE,4,1,1,0.6673,0.5354,0.7849
"MYVO","114602_SE",114602,"SE","South Coastal Region",49.65756,-125.0438,2020,TRUE,4,1,1,0.6825,0.5405,0.8016
"MYVO","114602_SE",114602,"SE","South Coastal Region",49.65756,-125.0438,2021,TRUE,4,1,1,0.761,0.6404,0.8634
"MYVO","114602_SE",114602,"SE","South Coastal Region",49.65756,-125.0438,2022,TRUE,4,1,1,0.7935,0.68,0.8869
"MYVO","114602_SE",114602,"SE","South Coastal Region",49.65756,-125.0438,2023,FALSE,0,NA,NA,0.848,0.7452,0.9266
"MYVO","114602_SE",114602,"SE","South Coastal Region",49.65756,-125.0438,2024,TRUE,4,1,1,0.8393,0.7337,0.9208
"MYVO","114602_SE",114602,"SE","South Coastal Region",49.65756,-125.0438,2025,TRUE,4,1,1,0.8448,0.7364,0.9246
"MYVO","114602_SW",114602,"SW","South Coastal Region",49.64146,-125.08654,2017,FALSE,0,NA,NA,0.6057,0.3664,0.835
"MYVO","114602_SW",114602,"SW","South Coastal Region",49.64146,-125.08654,2018,TRUE,4,0,0.0998,0.6581,0.532,0.7755
"MYVO","114602_SW",114602,"SW","South Coastal Region",49.64146,-125.08654,2019,TRUE,4,1,1,0.6342,0.52,0.7452
"MYVO","114602_SW",114602,"SW","South Coastal Region",49.64146,-125.08654,2020,TRUE,4,1,1,0.6454,0.5165,0.761
"MYVO","114602_SW",114602,"SW","South Coastal Region",49.64146,-125.08654,2021,TRUE,4,1,1,0.7344,0.6284,0.8295
"MYVO","114602_SW",114602,"SW","South Coastal Region",49.64146,-125.08654,2022,TRUE,2,0,0.3547,0.7672,0.6686,0.8559
"MYVO","114602_SW",114602,"SW","South Coastal Region",49.64146,-125.08654,2023,FALSE,0,NA,NA,0.8302,0.7373,0.9077
"MYVO","114602_SW",114602,"SW","South Coastal Region",49.64146,-125.08654,2024,TRUE,4,0,0.1776,0.8132,0.7123,0.8972
"MYVO","114602_SW",114602,"SW","South Coastal Region",49.64146,-125.08654,2025,TRUE,4,1,1,0.8163,0.7175,0.8983
"MYVO","115322_NE",115322,"NE","Northern Region",52.37764,-125.98565,2017,FALSE,0,NA,NA,0.6556,0.3747,0.9056
"MYVO","115322_NE",115322,"NE","Northern Region",52.37764,-125.98565,2018,TRUE,3,1,1,0.685,0.4954,0.8616
"MYVO","115322_NE",115322,"NE","Northern Region",52.37764,-125.98565,2019,FALSE,0,NA,NA,0.6813,0.5293,0.8163
"MYVO","115322_NE",115322,"NE","Northern Region",52.37764,-125.98565,2020,TRUE,3,1,1,0.685,0.5457,0.8095
"MYVO","115322_NE",115322,"NE","Northern Region",52.37764,-125.98565,2021,TRUE,4,1,1,0.7275,0.5966,0.8437
"MYVO","115322_NE",115322,"NE","Northern Region",52.37764,-125.98565,2022,TRUE,3,1,1,0.7519,0.6213,0.8654
"MYVO","115322_NE",115322,"NE","Northern Region",52.37764,-125.98565,2023,TRUE,4,1,1,0.7897,0.6551,0.8996
"MYVO","115322_NE",115322,"NE","Northern Region",52.37764,-125.98565,2024,FALSE,0,NA,NA,0.7972,0.6594,0.9078
"MYVO","115322_NE",115322,"NE","Northern Region",52.37764,-125.98565,2025,TRUE,4,1,1,0.8098,0.6691,0.9154
"MYVO","115322_NW",115322,"NW","Northern Region",52.37481,-126.08159,2017,FALSE,0,NA,NA,0.6125,0.207,0.9379
"MYVO","115322_NW",115322,"NW","Northern Region",52.37481,-126.08159,2018,TRUE,2,1,1,0.6912,0.3814,0.927
"MYVO","115322_NW",115322,"NW","Northern Region",52.37481,-126.08159,2019,TRUE,3,1,1,0.7355,0.4731,0.915
"MYVO","115322_NW",115322,"NW","Northern Region",52.37481,-126.08159,2020,TRUE,3,1,1,0.7685,0.5354,0.9195
"MYVO","115322_NW",115322,"NW","Northern Region",52.37481,-126.08159,2021,TRUE,4,1,1,0.8151,0.6003,0.9419
"MYVO","115322_NW",115322,"NW","Northern Region",52.37481,-126.08159,2022,TRUE,3,1,1,0.843,0.6489,0.9548
"MYVO","115322_NW",115322,"NW","Northern Region",52.37481,-126.08159,2023,TRUE,4,1,1,0.8731,0.689,0.9694
"MYVO","115322_NW",115322,"NW","Northern Region",52.37481,-126.08159,2024,TRUE,4,1,1,0.8852,0.7135,0.9723
"MYVO","115322_NW",115322,"NW","Northern Region",52.37481,-126.08159,2025,TRUE,4,1,1,0.8996,0.7386,0.9766
"MYVO","115322_SE",115322,"SE","Northern Region",52.35752,-126.01253,2017,FALSE,0,NA,NA,0.6181,0.3225,0.9013
"MYVO","115322_SE",115322,"SE","Northern Region",52.35752,-126.01253,2018,TRUE,2,1,1,0.6734,0.4586,0.8764
"MYVO","115322_SE",115322,"SE","Northern Region",52.35752,-126.01253,2019,TRUE,3,1,1,0.6992,0.5217,0.8505
"MYVO","115322_SE",115322,"SE","Northern Region",52.35752,-126.01253,2020,FALSE,0,NA,NA,0.7212,0.5663,0.8489
"MYVO","115322_SE",115322,"SE","Northern Region",52.35752,-126.01253,2021,TRUE,2,0,0.9136,0.7666,0.6234,0.8793
"MYVO","115322_SE",115322,"SE","Northern Region",52.35752,-126.01253,2022,TRUE,4,1,1,0.7944,0.6602,0.8982
"MYVO","115322_SE",115322,"SE","Northern Region",52.35752,-126.01253,2023,TRUE,4,1,1,0.8289,0.6995,0.9236
"MYVO","115322_SE",115322,"SE","Northern Region",52.35752,-126.01253,2024,TRUE,3,1,1,0.8409,0.7134,0.9316
"MYVO","115322_SE",115322,"SE","Northern Region",52.35752,-126.01253,2025,TRUE,4,1,1,0.8565,0.7352,0.941
"MYVO","115322_SW",115322,"SW","Northern Region",52.34498,-126.07967,2017,FALSE,0,NA,NA,0.6392,0.3624,0.9033
"MYVO","115322_SW",115322,"SW","Northern Region",52.34498,-126.07967,2018,TRUE,3,1,1,0.7111,0.5359,0.8651
"MYVO","115322_SW",115322,"SW","Northern Region",52.34498,-126.07967,2019,TRUE,3,1,1,0.7271,0.5813,0.8497
"MYVO","115322_SW",115322,"SW","Northern Region",52.34498,-126.07967,2020,TRUE,3,0,0.8704,0.7447,0.5983,0.868
"MYVO","115322_SW",115322,"SW","Northern Region",52.34498,-126.07967,2021,TRUE,2,1,1,0.7987,0.6571,0.9087
"MYVO","115322_SW",115322,"SW","Northern Region",52.34498,-126.07967,2022,TRUE,2,0,0.9407,0.8262,0.6834,0.9311
"MYVO","115322_SW",115322,"SW","Northern Region",52.34498,-126.07967,2023,TRUE,4,1,1,0.8647,0.7239,0.9559
"MYVO","115322_SW",115322,"SW","Northern Region",52.34498,-126.07967,2024,TRUE,3,1,1,0.8686,0.7277,0.9563
"MYVO","115322_SW",115322,"SW","Northern Region",52.34498,-126.07967,2025,TRUE,4,1,1,0.8782,0.7457,0.961
"MYVO","1194_NW",1194,"NW","Kootenay Region",50.11749,-117.523,2017,TRUE,4,0,0.1371,0.4196,0.1896,0.6863
"MYVO","1194_NW",1194,"NW","Kootenay Region",50.11749,-117.523,2018,TRUE,2,1,1,0.6403,0.4867,0.7764
"MYVO","1194_NW",1194,"NW","Kootenay Region",50.11749,-117.523,2019,TRUE,4,0,0.164,0.6691,0.5443,0.7874
"MYVO","1194_NW",1194,"NW","Kootenay Region",50.11749,-117.523,2020,TRUE,4,0,0.1851,0.6992,0.5669,0.8161
"MYVO","1194_NW",1194,"NW","Kootenay Region",50.11749,-117.523,2021,TRUE,4,1,1,0.7898,0.6776,0.882
"MYVO","1194_NW",1194,"NW","Kootenay Region",50.11749,-117.523,2022,TRUE,4,1,1,0.8189,0.7167,0.9016
"MYVO","1194_NW",1194,"NW","Kootenay Region",50.11749,-117.523,2023,TRUE,4,1,1,0.8754,0.7861,0.9418
"MYVO","1194_NW",1194,"NW","Kootenay Region",50.11749,-117.523,2024,TRUE,4,0,0.4662,0.8559,0.7591,0.928
"MYVO","1194_NW",1194,"NW","Kootenay Region",50.11749,-117.523,2025,TRUE,3,1,1,0.8575,0.766,0.9275
"MYVO","1194_SW",1194,"SW","Kootenay Region",50.0903,-117.4679,2017,TRUE,4,1,1,0.4053,0.1247,0.7497
"MYVO","1194_SW",1194,"SW","Kootenay Region",50.0903,-117.4679,2018,FALSE,0,NA,NA,0.6545,0.4453,0.8274
"MYVO","1194_SW",1194,"SW","Kootenay Region",50.0903,-117.4679,2019,TRUE,4,0,0.372,0.7284,0.5595,0.8541
"MYVO","1194_SW",1194,"SW","Kootenay Region",50.0903,-117.4679,2020,TRUE,4,1,1,0.7726,0.6204,0.8912
"MYVO","1194_SW",1194,"SW","Kootenay Region",50.0903,-117.4679,2021,TRUE,4,1,1,0.8462,0.7124,0.9362
"MYVO","1194_SW",1194,"SW","Kootenay Region",50.0903,-117.4679,2022,FALSE,0,NA,NA,0.8747,0.7571,0.9498
"MYVO","1194_SW",1194,"SW","Kootenay Region",50.0903,-117.4679,2023,FALSE,0,NA,NA,0.9145,0.8117,0.9716
"MYVO","1194_SW",1194,"SW","Kootenay Region",50.0903,-117.4679,2024,FALSE,0,NA,NA,0.9086,0.8117,0.9674
"MYVO","1194_SW",1194,"SW","Kootenay Region",50.0903,-117.4679,2025,FALSE,0,NA,NA,0.9132,0.8247,0.9682
"MYVO","12522_NE",12522,"NE","South Coastal Region",49.72155,-124.51563,2017,FALSE,0,NA,NA,0.5921,0.3584,0.8139
"MYVO","12522_NE",12522,"NE","South Coastal Region",49.72155,-124.51563,2018,FALSE,0,NA,NA,0.6383,0.5094,0.7575
"MYVO","12522_NE",12522,"NE","South Coastal Region",49.72155,-124.51563,2019,TRUE,3,0,0.1078,0.6045,0.4835,0.729
"MYVO","12522_NE",12522,"NE","South Coastal Region",49.72155,-124.51563,2020,TRUE,3,0,0.1891,0.6158,0.4806,0.7416
"MYVO","12522_NE",12522,"NE","South Coastal Region",49.72155,-124.51563,2021,TRUE,4,1,1,0.7121,0.5927,0.8196
"MYVO","12522_NE",12522,"NE","South Coastal Region",49.72155,-124.51563,2022,TRUE,3,1,1,0.7439,0.6308,0.8448
"MYVO","12522_NE",12522,"NE","South Coastal Region",49.72155,-124.51563,2023,FALSE,0,NA,NA,0.8129,0.705,0.9011
"MYVO","12522_NE",12522,"NE","South Coastal Region",49.72155,-124.51563,2024,FALSE,0,NA,NA,0.7886,0.6735,0.8825
"MYVO","12522_NE",12522,"NE","South Coastal Region",49.72155,-124.51563,2025,FALSE,0,NA,NA,0.7905,0.6749,0.8823
"MYVO","12522_NW",12522,"NW","South Coastal Region",49.75757,-124.56308,2017,TRUE,4,0,0.0818,0.5447,0.2529,0.8253
"MYVO","12522_NW",12522,"NW","South Coastal Region",49.75757,-124.56308,2018,TRUE,3,0,0.0267,0.5318,0.3786,0.6889
"MYVO","12522_NW",12522,"NW","South Coastal Region",49.75757,-124.56308,2019,TRUE,2,0,0.0844,0.4785,0.34,0.629
"MYVO","12522_NW",12522,"NW","South Coastal Region",49.75757,-124.56308,2020,TRUE,3,0,0.0756,0.4835,0.3324,0.6395
"MYVO","12522_NW",12522,"NW","South Coastal Region",49.75757,-124.56308,2021,FALSE,0,NA,NA,0.5852,0.4282,0.7345
"MYVO","12522_NW",12522,"NW","South Coastal Region",49.75757,-124.56308,2022,FALSE,0,NA,NA,0.6131,0.4582,0.7583
"MYVO","12522_NW",12522,"NW","South Coastal Region",49.75757,-124.56308,2023,FALSE,0,NA,NA,0.6965,0.5325,0.8367
"MYVO","12522_NW",12522,"NW","South Coastal Region",49.75757,-124.56308,2024,TRUE,4,0,0.0358,0.6605,0.5008,0.8036
"MYVO","12522_NW",12522,"NW","South Coastal Region",49.75757,-124.56308,2025,FALSE,0,NA,NA,0.6636,0.5002,0.8043
"MYVO","12522_SE",12522,"SE","South Coastal Region",49.70213,-124.47636,2017,TRUE,3,0,0.0829,0.625,0.3829,0.8509
"MYVO","12522_SE",12522,"SE","South Coastal Region",49.70213,-124.47636,2018,TRUE,3,0,0.0211,0.6378,0.4939,0.7742
"MYVO","12522_SE",12522,"SE","South Coastal Region",49.70213,-124.47636,2019,FALSE,0,NA,NA,0.6001,0.4618,0.7349
"MYVO","12522_SE",12522,"SE","South Coastal Region",49.70213,-124.47636,2020,TRUE,3,0,0.0496,0.6039,0.4523,0.7442
"MYVO","12522_SE",12522,"SE","South Coastal Region",49.70213,-124.47636,2021,TRUE,2,0,0.1756,0.6891,0.5484,0.8141
"MYVO","12522_SE",12522,"SE","South Coastal Region",49.70213,-124.47636,2022,FALSE,0,NA,NA,0.7222,0.5872,0.8396
"MYVO","12522_SE",12522,"SE","South Coastal Region",49.70213,-124.47636,2023,TRUE,4,1,1,0.788,0.6605,0.8897
"MYVO","12522_SE",12522,"SE","South Coastal Region",49.70213,-124.47636,2024,TRUE,4,0,0.134,0.7739,0.645,0.8798
"MYVO","12522_SE",12522,"SE","South Coastal Region",49.70213,-124.47636,2025,FALSE,0,NA,NA,0.7793,0.6492,0.8855
"MYVO","12522_SW",12522,"SW","South Coastal Region",49.7022,-124.52268,2017,TRUE,3,0,0.0904,0.5826,0.333,0.8166
"MYVO","12522_SW",12522,"SW","South Coastal Region",49.7022,-124.52268,2018,TRUE,3,0,0.0196,0.593,0.4601,0.7235
"MYVO","12522_SW",12522,"SW","South Coastal Region",49.7022,-124.52268,2019,TRUE,3,0,0.0298,0.5478,0.4253,0.6724
"MYVO","12522_SW",12522,"SW","South Coastal Region",49.7022,-124.52268,2020,TRUE,3,0,0.1078,0.553,0.4204,0.6809
"MYVO","12522_SW",12522,"SW","South Coastal Region",49.7022,-124.52268,2021,TRUE,4,1,1,0.6501,0.5284,0.7641
"MYVO","12522_SW",12522,"SW","South Coastal Region",49.7022,-124.52268,2022,TRUE,3,1,1,0.6831,0.5657,0.7914
"MYVO","12522_SW",12522,"SW","South Coastal Region",49.7022,-124.52268,2023,FALSE,0,NA,NA,0.7584,0.6434,0.86
"MYVO","12522_SW",12522,"SW","South Coastal Region",49.7022,-124.52268,2024,FALSE,0,NA,NA,0.7344,0.614,0.8415
"MYVO","12522_SW",12522,"SW","South Coastal Region",49.7022,-124.52268,2025,FALSE,0,NA,NA,0.7374,0.6146,0.842
"MYVO","127850_NE",127850,"NE","Kootenay Region",49.31307,-115.01912,2017,TRUE,4,0,0.1007,0.598,0.3157,0.8825
"MYVO","127850_NE",127850,"NE","Kootenay Region",49.31307,-115.01912,2018,FALSE,0,NA,NA,0.6849,0.5093,0.8313
"MYVO","127850_NE",127850,"NE","Kootenay Region",49.31307,-115.01912,2019,TRUE,4,0,0.0309,0.6324,0.469,0.7999
"MYVO","127850_NE",127850,"NE","Kootenay Region",49.31307,-115.01912,2020,TRUE,4,0,0.0767,0.6642,0.4977,0.8208
"MYVO","127850_NE",127850,"NE","Kootenay Region",49.31307,-115.01912,2021,TRUE,4,1,1,0.7672,0.6136,0.8913
"MYVO","127850_NE",127850,"NE","Kootenay Region",49.31307,-115.01912,2022,FALSE,0,NA,NA,0.781,0.6227,0.9006
"MYVO","127850_NE",127850,"NE","Kootenay Region",49.31307,-115.01912,2023,FALSE,0,NA,NA,0.8553,0.7179,0.9478
"MYVO","127850_NE",127850,"NE","Kootenay Region",49.31307,-115.01912,2024,FALSE,0,NA,NA,0.8012,0.6336,0.9212
"MYVO","127850_NE",127850,"NE","Kootenay Region",49.31307,-115.01912,2025,FALSE,0,NA,NA,0.8036,0.6499,0.9184
"MYVO","127850_NW",127850,"NW","Kootenay Region",49.3096,-115.05201,2017,TRUE,4,1,1,0.5063,0.2745,0.7732
"MYVO","127850_NW",127850,"NW","Kootenay Region",49.3096,-115.05201,2018,FALSE,0,NA,NA,0.6525,0.5127,0.778
"MYVO","127850_NW",127850,"NW","Kootenay Region",49.3096,-115.05201,2019,TRUE,4,0,0.0087,0.6303,0.4981,0.7588
"MYVO","127850_NW",127850,"NW","Kootenay Region",49.3096,-115.05201,2020,TRUE,4,0,0.0229,0.6529,0.5167,0.7791
"MYVO","127850_NW",127850,"NW","Kootenay Region",49.3096,-115.05201,2021,TRUE,4,1,1,0.755,0.6401,0.8544
"MYVO","127850_NW",127850,"NW","Kootenay Region",49.3096,-115.05201,2022,TRUE,4,1,1,0.7799,0.6683,0.8726
"MYVO","127850_NW",127850,"NW","Kootenay Region",49.3096,-115.05201,2023,FALSE,0,NA,NA,0.8486,0.7494,0.9256
"MYVO","127850_NW",127850,"NW","Kootenay Region",49.3096,-115.05201,2024,FALSE,0,NA,NA,0.8134,0.6988,0.8993
"MYVO","127850_NW",127850,"NW","Kootenay Region",49.3096,-115.05201,2025,FALSE,0,NA,NA,0.8131,0.7068,0.899
"MYVO","127850_SE",127850,"SE","Kootenay Region",49.28498,-114.95395,2017,FALSE,0,NA,NA,0.5407,0.265,0.8271
"MYVO","127850_SE",127850,"SE","Kootenay Region",49.28498,-114.95395,2018,FALSE,0,NA,NA,0.7155,0.5701,0.8352
"MYVO","127850_SE",127850,"SE","Kootenay Region",49.28498,-114.95395,2019,TRUE,4,0,0.0291,0.7108,0.5843,0.827
"MYVO","127850_SE",127850,"SE","Kootenay Region",49.28498,-114.95395,2020,TRUE,4,1,1,0.7349,0.6038,0.8492
"MYVO","127850_SE",127850,"SE","Kootenay Region",49.28498,-114.95395,2021,TRUE,4,1,1,0.8219,0.7189,0.9047
"MYVO","127850_SE",127850,"SE","Kootenay Region",49.28498,-114.95395,2022,TRUE,4,1,1,0.8452,0.75,0.92
"MYVO","127850_SE",127850,"SE","Kootenay Region",49.28498,-114.95395,2023,TRUE,4,1,1,0.8981,0.8205,0.9548
"MYVO","127850_SE",127850,"SE","Kootenay Region",49.28498,-114.95395,2024,FALSE,0,NA,NA,0.8728,0.7771,0.9405
"MYVO","127850_SE",127850,"SE","Kootenay Region",49.28498,-114.95395,2025,FALSE,0,NA,NA,0.8727,0.7854,0.9397
"MYVO","127850_SW",127850,"SW","Kootenay Region",49.2671,-115.02532,2017,TRUE,4,0,0.0418,0.5196,0.2729,0.7974
"MYVO","127850_SW",127850,"SW","Kootenay Region",49.2671,-115.02532,2018,FALSE,0,NA,NA,0.6157,0.4693,0.752
"MYVO","127850_SW",127850,"SW","Kootenay Region",49.2671,-115.02532,2019,TRUE,3,0,0.0709,0.5849,0.4469,0.7205
"MYVO","127850_SW",127850,"SW","Kootenay Region",49.2671,-115.02532,2020,TRUE,4,1,1,0.6034,0.4618,0.7417
"MYVO","127850_SW",127850,"SW","Kootenay Region",49.2671,-115.02532,2021,TRUE,4,1,1,0.7091,0.5782,0.8242
"MYVO","127850_SW",127850,"SW","Kootenay Region",49.2671,-115.02532,2022,TRUE,4,1,1,0.7354,0.6103,0.8416
"MYVO","127850_SW",127850,"SW","Kootenay Region",49.2671,-115.02532,2023,TRUE,4,1,1,0.8109,0.6949,0.901
"MYVO","127850_SW",127850,"SW","Kootenay Region",49.2671,-115.02532,2024,TRUE,4,0,0.0871,0.7743,0.6454,0.8751
"MYVO","127850_SW",127850,"SW","Kootenay Region",49.2671,-115.02532,2025,FALSE,0,NA,NA,0.7742,0.6486,0.8761
"MYVO","128058_NE",128058,"NE","South Coastal Region",48.84117,-123.42727,2017,FALSE,0,NA,NA,0.5337,0.1971,0.858
"MYVO","128058_NE",128058,"NE","South Coastal Region",48.84117,-123.42727,2018,TRUE,4,1,1,0.5223,0.3326,0.7134
"MYVO","128058_NE",128058,"NE","South Coastal Region",48.84117,-123.42727,2019,TRUE,4,0,0.0287,0.4734,0.3092,0.6479
"MYVO","128058_NE",128058,"NE","South Coastal Region",48.84117,-123.42727,2020,TRUE,4,0,0.0062,0.4565,0.2869,0.6298
"MYVO","128058_NE",128058,"NE","South Coastal Region",48.84117,-123.42727,2021,TRUE,4,0,0.002,0.5407,0.3602,0.7096
"MYVO","128058_NE",128058,"NE","South Coastal Region",48.84117,-123.42727,2022,TRUE,2,0,0.0509,0.568,0.3838,0.7319
"MYVO","128058_NE",128058,"NE","South Coastal Region",48.84117,-123.42727,2023,FALSE,0,NA,NA,0.645,0.4524,0.8072
"MYVO","128058_NE",128058,"NE","South Coastal Region",48.84117,-123.42727,2024,FALSE,0,NA,NA,0.6206,0.4264,0.7887
"MYVO","128058_NE",128058,"NE","South Coastal Region",48.84117,-123.42727,2025,FALSE,0,NA,NA,0.6258,0.4288,0.7981
"MYVO","128058_NW",128058,"NW","South Coastal Region",48.82144,-123.48643,2017,FALSE,0,NA,NA,0.597,0.3543,0.8329
"MYVO","128058_NW",128058,"NW","South Coastal Region",48.82144,-123.48643,2018,TRUE,4,1,1,0.6872,0.5509,0.8059
"MYVO","128058_NW",128058,"NW","South Coastal Region",48.82144,-123.48643,2019,TRUE,4,0,0.29,0.6782,0.5526,0.793
"MYVO","128058_NW",128058,"NW","South Coastal Region",48.82144,-123.48643,2020,TRUE,4,1,1,0.6846,0.5503,0.8047
"MYVO","128058_NW",128058,"NW","South Coastal Region",48.82144,-123.48643,2021,TRUE,4,1,1,0.7665,0.6551,0.8614
"MYVO","128058_NW",128058,"NW","South Coastal Region",48.82144,-123.48643,2022,TRUE,4,1,1,0.7946,0.6869,0.8832
"MYVO","128058_NW",128058,"NW","South Coastal Region",48.82144,-123.48643,2023,FALSE,0,NA,NA,0.8528,0.7561,0.9284
"MYVO","128058_NW",128058,"NW","South Coastal Region",48.82144,-123.48643,2024,FALSE,0,NA,NA,0.8332,0.7282,0.915
"MYVO","128058_NW",128058,"NW","South Coastal Region",48.82144,-123.48643,2025,FALSE,0,NA,NA,0.8349,0.7311,0.9154
"MYVO","128058_SW",128058,"SW","South Coastal Region",48.79828,-123.47632,2017,FALSE,0,NA,NA,0.5819,0.3422,0.8089
"MYVO","128058_SW",128058,"SW","South Coastal Region",48.79828,-123.47632,2018,TRUE,4,1,1,0.6343,0.5035,0.7546
"MYVO","128058_SW",128058,"SW","South Coastal Region",48.79828,-123.47632,2019,TRUE,4,0,0.3251,0.6097,0.4842,0.7275
"MYVO","128058_SW",128058,"SW","South Coastal Region",48.79828,-123.47632,2020,TRUE,4,1,1,0.6087,0.4776,0.7306
"MYVO","128058_SW",128058,"SW","South Coastal Region",48.79828,-123.47632,2021,TRUE,4,1,1,0.6976,0.5841,0.8005
"MYVO","128058_SW",128058,"SW","South Coastal Region",48.79828,-123.47632,2022,TRUE,4,0,0.2196,0.7293,0.6182,0.8264
"MYVO","128058_SW",128058,"SW","South Coastal Region",48.79828,-123.47632,2023,FALSE,0,NA,NA,0.7972,0.6906,0.8848
"MYVO","128058_SW",128058,"SW","South Coastal Region",48.79828,-123.47632,2024,FALSE,0,NA,NA,0.7773,0.6653,0.8718
"MYVO","128058_SW",128058,"SW","South Coastal Region",48.79828,-123.47632,2025,FALSE,0,NA,NA,0.7802,0.6687,0.8724
"MYVO","132650_SE",132650,"SE","Okanagan Region",51.81828,-122.42144,2017,FALSE,0,NA,NA,0.5483,0.2671,0.8277
"MYVO","132650_SE",132650,"SE","Okanagan Region",51.81828,-122.42144,2018,FALSE,0,NA,NA,0.6282,0.4678,0.769
"MYVO","132650_SE",132650,"SE","Okanagan Region",51.81828,-122.42144,2019,FALSE,0,NA,NA,0.5592,0.4195,0.7075
"MYVO","132650_SE",132650,"SE","Okanagan Region",51.81828,-122.42144,2020,TRUE,4,0,0.1142,0.5936,0.4451,0.7376
"MYVO","132650_SE",132650,"SE","Okanagan Region",51.81828,-122.42144,2021,TRUE,4,1,1,0.7065,0.5642,0.8333
"MYVO","132650_SE",132650,"SE","Okanagan Region",51.81828,-122.42144,2022,TRUE,2,0,0.4356,0.7131,0.5615,0.8461
"MYVO","132650_SE",132650,"SE","Okanagan Region",51.81828,-122.42144,2023,TRUE,3,1,1,0.8019,0.6644,0.9118
"MYVO","132650_SE",132650,"SE","Okanagan Region",51.81828,-122.42144,2024,TRUE,4,0,0.2111,0.7264,0.5641,0.8631
"MYVO","132650_SE",132650,"SE","Okanagan Region",51.81828,-122.42144,2025,TRUE,4,1,1,0.7322,0.5851,0.8545
"MYVO","132650_SW",132650,"SW","Okanagan Region",51.80225,-122.46284,2017,FALSE,0,NA,NA,0.5982,0.2996,0.8663
"MYVO","132650_SW",132650,"SW","Okanagan Region",51.80225,-122.46284,2018,FALSE,0,NA,NA,0.5719,0.4296,0.7051
"MYVO","132650_SW",132650,"SW","Okanagan Region",51.80225,-122.46284,2019,FALSE,0,NA,NA,0.5073,0.3805,0.6397
"MYVO","132650_SW",132650,"SW","Okanagan Region",51.80225,-122.46284,2020,TRUE,4,0,0.0829,0.53,0.3964,0.6717
"MYVO","132650_SW",132650,"SW","Okanagan Region",51.80225,-122.46284,2021,TRUE,3,0,0.0816,0.6476,0.5157,0.7707
"MYVO","132650_SW",132650,"SW","Okanagan Region",51.80225,-122.46284,2022,TRUE,4,0,0.0302,0.6576,0.525,0.7776
"MYVO","132650_SW",132650,"SW","Okanagan Region",51.80225,-122.46284,2023,TRUE,3,0,0.0909,0.7517,0.6236,0.8627
"MYVO","132650_SW",132650,"SW","Okanagan Region",51.80225,-122.46284,2024,FALSE,0,NA,NA,0.68,0.5394,0.8083
"MYVO","132650_SW",132650,"SW","Okanagan Region",51.80225,-122.46284,2025,TRUE,4,0,0.0449,0.6822,0.5513,0.8005
"MYVO","137274_NE",137274,"NE","South Coastal Region",48.79,-123.6988,2017,FALSE,0,NA,NA,0.5729,0.2936,0.8475
"MYVO","137274_NE",137274,"NE","South Coastal Region",48.79,-123.6988,2018,TRUE,4,1,1,0.6668,0.5044,0.812
"MYVO","137274_NE",137274,"NE","South Coastal Region",48.79,-123.6988,2019,TRUE,3,1,1,0.6812,0.5471,0.7986
"MYVO","137274_NE",137274,"NE","South Coastal Region",48.79,-123.6988,2020,TRUE,4,1,1,0.6965,0.5537,0.8145
"MYVO","137274_NE",137274,"NE","South Coastal Region",48.79,-123.6988,2021,FALSE,0,NA,NA,0.7703,0.6474,0.8736
"MYVO","137274_NE",137274,"NE","South Coastal Region",48.79,-123.6988,2022,TRUE,4,1,1,0.8022,0.6823,0.8958
"MYVO","137274_NE",137274,"NE","South Coastal Region",48.79,-123.6988,2023,TRUE,4,1,1,0.8535,0.7467,0.9319
"MYVO","137274_NE",137274,"NE","South Coastal Region",48.79,-123.6988,2024,FALSE,0,NA,NA,0.8477,0.7392,0.9293
"MYVO","137274_NE",137274,"NE","South Coastal Region",48.79,-123.6988,2025,FALSE,0,NA,NA,0.8542,0.7427,0.9332
"MYVO","137274_NW",137274,"NW","South Coastal Region",48.7891,-123.719,2017,FALSE,0,NA,NA,0.5678,0.327,0.8051
"MYVO","137274_NW",137274,"NW","South Coastal Region",48.7891,-123.719,2018,TRUE,4,1,1,0.652,0.5174,0.7734
"MYVO","137274_NW",137274,"NW","South Coastal Region",48.7891,-123.719,2019,TRUE,4,1,1,0.6464,0.5302,0.7553
"MYVO","137274_NW",137274,"NW","South Coastal Region",48.7891,-123.719,2020,TRUE,4,1,1,0.655,0.5254,0.7715
"MYVO","137274_NW",137274,"NW","South Coastal Region",48.7891,-123.719,2021,TRUE,4,1,1,0.7399,0.631,0.8374
"MYVO","137274_NW",137274,"NW","South Coastal Region",48.7891,-123.719,2022,TRUE,4,1,1,0.7715,0.6695,0.8615
"MYVO","137274_NW",137274,"NW","South Coastal Region",48.7891,-123.719,2023,TRUE,3,1,1,0.8322,0.738,0.9112
"MYVO","137274_NW",137274,"NW","South Coastal Region",48.7891,-123.719,2024,FALSE,0,NA,NA,0.8171,0.7132,0.9024
"MYVO","137274_NW",137274,"NW","South Coastal Region",48.7891,-123.719,2025,FALSE,0,NA,NA,0.8208,0.7189,0.9034
"MYVO","137274_SE",137274,"SE","South Coastal Region",48.7539,-123.6447,2017,FALSE,0,NA,NA,0.5706,0.2799,0.8532
"MYVO","137274_SE",137274,"SE","South Coastal Region",48.7539,-123.6447,2018,TRUE,4,1,1,0.6783,0.5136,0.8245
"MYVO","137274_SE",137274,"SE","South Coastal Region",48.7539,-123.6447,2019,TRUE,3,1,1,0.6989,0.5668,0.8118
"MYVO","137274_SE",137274,"SE","South Coastal Region",48.7539,-123.6447,2020,TRUE,4,1,1,0.7204,0.5837,0.8338
"MYVO","137274_SE",137274,"SE","South Coastal Region",48.7539,-123.6447,2021,TRUE,2,1,1,0.7905,0.6754,0.8866
"MYVO","137274_SE",137274,"SE","South Coastal Region",48.7539,-123.6447,2022,TRUE,4,1,1,0.8203,0.7095,0.9081
"MYVO","137274_SE",137274,"SE","South Coastal Region",48.7539,-123.6447,2023,TRUE,4,1,1,0.8682,0.7701,0.9409
"MYVO","137274_SE",137274,"SE","South Coastal Region",48.7539,-123.6447,2024,FALSE,0,NA,NA,0.8608,0.7565,0.9366
"MYVO","137274_SE",137274,"SE","South Coastal Region",48.7539,-123.6447,2025,FALSE,0,NA,NA,0.866,0.7603,0.9397
"MYVO","143274_NE",143274,"NE","South Coastal Region",50.3377,-122.8012,2017,FALSE,0,NA,NA,0.6588,0.4099,0.8727
"MYVO","143274_NE",143274,"NE","South Coastal Region",50.3377,-122.8012,2018,FALSE,0,NA,NA,0.6505,0.5252,0.772
"MYVO","143274_NE",143274,"NE","South Coastal Region",50.3377,-122.8012,2019,TRUE,4,0,0.0718,0.5962,0.476,0.7166
"MYVO","143274_NE",143274,"NE","South Coastal Region",50.3377,-122.8012,2020,TRUE,4,0,0.1462,0.6033,0.4745,0.7253
"MYVO","143274_NE",143274,"NE","South Coastal Region",50.3377,-122.8012,2021,TRUE,4,1,1,0.7019,0.5915,0.8031
"MYVO","143274_NE",143274,"NE","South Coastal Region",50.3377,-122.8012,2022,TRUE,4,1,1,0.7331,0.6279,0.8288
"MYVO","143274_NE",143274,"NE","South Coastal Region",50.3377,-122.8012,2023,TRUE,4,1,1,0.8047,0.7055,0.8906
"MYVO","143274_NE",143274,"NE","South Coastal Region",50.3377,-122.8012,2024,TRUE,4,1,1,0.7775,0.6652,0.871
"MYVO","143274_NE",143274,"NE","South Coastal Region",50.3377,-122.8012,2025,TRUE,4,1,1,0.7785,0.672,0.8693
"MYVO","143274_NW",143274,"NW","South Coastal Region",50.3446,-122.8479,2017,FALSE,0,NA,NA,0.6249,0.3848,0.8397
"MYVO","143274_NW",143274,"NW","South Coastal Region",50.3446,-122.8479,2018,FALSE,0,NA,NA,0.5894,0.4412,0.7317
"MYVO","143274_NW",143274,"NW","South Coastal Region",50.3446,-122.8479,2019,TRUE,4,1,1,0.5281,0.3897,0.6731
"MYVO","143274_NW",143274,"NW","South Coastal Region",50.3446,-122.8479,2020,TRUE,3,0,0.5211,0.5291,0.3803,0.6791
"MYVO","143274_NW",143274,"NW","South Coastal Region",50.3446,-122.8479,2021,TRUE,4,1,1,0.6253,0.4841,0.7604
"MYVO","143274_NW",143274,"NW","South Coastal Region",50.3446,-122.8479,2022,TRUE,4,0,0.3844,0.6566,0.5175,0.7835
"MYVO","143274_NW",143274,"NW","South Coastal Region",50.3446,-122.8479,2023,TRUE,4,1,1,0.7341,0.5984,0.8531
"MYVO","143274_NW",143274,"NW","South Coastal Region",50.3446,-122.8479,2024,TRUE,4,1,1,0.7077,0.568,0.8304
"MYVO","143274_NW",143274,"NW","South Coastal Region",50.3446,-122.8479,2025,TRUE,4,1,1,0.7111,0.5732,0.832
"MYVO","143274_SE",143274,"SE","South Coastal Region",50.3004,-122.758,2017,FALSE,0,NA,NA,0.623,0.3869,0.8379
"MYVO","143274_SE",143274,"SE","South Coastal Region",50.3004,-122.758,2018,FALSE,0,NA,NA,0.6183,0.4826,0.7498
"MYVO","143274_SE",143274,"SE","South Coastal Region",50.3004,-122.758,2019,TRUE,4,0,0.0644,0.5695,0.4393,0.7006
"MYVO","143274_SE",143274,"SE","South Coastal Region",50.3004,-122.758,2020,TRUE,3,0,0.058,0.572,0.4314,0.7062
"MYVO","143274_SE",143274,"SE","South Coastal Region",50.3004,-122.758,2021,TRUE,4,0,0.1196,0.6637,0.5361,0.7841
"MYVO","143274_SE",143274,"SE","South Coastal Region",50.3004,-122.758,2022,TRUE,4,1,1,0.697,0.5753,0.8076
"MYVO","143274_SE",143274,"SE","South Coastal Region",50.3004,-122.758,2023,TRUE,4,1,1,0.7686,0.6507,0.8694
"MYVO","143274_SE",143274,"SE","South Coastal Region",50.3004,-122.758,2024,TRUE,4,1,1,0.749,0.6273,0.8557
"MYVO","143274_SE",143274,"SE","South Coastal Region",50.3004,-122.758,2025,TRUE,4,0,0.1807,0.7531,0.6303,0.8583
"MYVO","143274_SW",143274,"SW","South Coastal Region",50.2961,-122.8048,2017,FALSE,0,NA,NA,0.669,0.414,0.8827
"MYVO","143274_SW",143274,"SW","South Coastal Region",50.2961,-122.8048,2018,FALSE,0,NA,NA,0.6175,0.4826,0.751
"MYVO","143274_SW",143274,"SW","South Coastal Region",50.2961,-122.8048,2019,TRUE,4,1,1,0.5492,0.425,0.6802
"MYVO","143274_SW",143274,"SW","South Coastal Region",50.2961,-122.8048,2020,TRUE,2,0,0.5989,0.5533,0.4184,0.6832
"MYVO","143274_SW",143274,"SW","South Coastal Region",50.2961,-122.8048,2021,TRUE,4,1,1,0.6557,0.5347,0.7689
"MYVO","143274_SW",143274,"SW","South Coastal Region",50.2961,-122.8048,2022,TRUE,4,1,1,0.6859,0.5687,0.7931
"MYVO","143274_SW",143274,"SW","South Coastal Region",50.2961,-122.8048,2023,TRUE,4,1,1,0.7643,0.6528,0.8636
"MYVO","143274_SW",143274,"SW","South Coastal Region",50.2961,-122.8048,2024,TRUE,4,1,1,0.7322,0.6082,0.8384
"MYVO","143274_SW",143274,"SW","South Coastal Region",50.2961,-122.8048,2025,TRUE,4,1,1,0.7331,0.6151,0.8359
"MYVO","145578_NE",145578,"NE","Kootenay Region",49.93178,-115.65558,2017,FALSE,0,NA,NA,0.5023,0.2735,0.7664
"MYVO","145578_NE",145578,"NE","Kootenay Region",49.93178,-115.65558,2018,TRUE,4,0,0.0147,0.5928,0.427,0.7434
"MYVO","145578_NE",145578,"NE","Kootenay Region",49.93178,-115.65558,2019,TRUE,4,0,0.0347,0.5503,0.3931,0.7183
"MYVO","145578_NE",145578,"NE","Kootenay Region",49.93178,-115.65558,2020,TRUE,4,0,0.0544,0.5721,0.4029,0.7404
"MYVO","145578_NE",145578,"NE","Kootenay Region",49.93178,-115.65558,2021,TRUE,4,1,1,0.6806,0.5181,0.8246
"MYVO","145578_NE",145578,"NE","Kootenay Region",49.93178,-115.65558,2022,TRUE,3,1,1,0.7,0.5366,0.8406
"MYVO","145578_NE",145578,"NE","Kootenay Region",49.93178,-115.65558,2023,FALSE,0,NA,NA,0.7839,0.6283,0.9038
"MYVO","145578_NE",145578,"NE","Kootenay Region",49.93178,-115.65558,2024,TRUE,4,0,0.1204,0.7325,0.5621,0.8642
"MYVO","145578_NE",145578,"NE","Kootenay Region",49.93178,-115.65558,2025,TRUE,4,1,1,0.735,0.5753,0.8647
"MYVO","145578_NW",145578,"NW","Kootenay Region",49.93544,-115.67497,2017,FALSE,0,NA,NA,0.5,0.2479,0.7833
"MYVO","145578_NW",145578,"NW","Kootenay Region",49.93544,-115.67497,2018,FALSE,0,NA,NA,0.6228,0.4698,0.7616
"MYVO","145578_NW",145578,"NW","Kootenay Region",49.93544,-115.67497,2019,TRUE,3,1,1,0.5838,0.444,0.73
"MYVO","145578_NW",145578,"NW","Kootenay Region",49.93544,-115.67497,2020,FALSE,0,NA,NA,0.6074,0.4573,0.7474
"MYVO","145578_NW",145578,"NW","Kootenay Region",49.93544,-115.67497,2021,TRUE,4,1,1,0.7165,0.5815,0.8333
"MYVO","145578_NW",145578,"NW","Kootenay Region",49.93544,-115.67497,2022,TRUE,3,0,0.1936,0.7373,0.6001,0.8503
"MYVO","145578_NW",145578,"NW","Kootenay Region",49.93544,-115.67497,2023,TRUE,4,1,1,0.8162,0.6909,0.912
"MYVO","145578_NW",145578,"NW","Kootenay Region",49.93544,-115.67497,2024,TRUE,3,1,1,0.7685,0.6276,0.88
"MYVO","145578_NW",145578,"NW","Kootenay Region",49.93544,-115.67497,2025,TRUE,4,1,1,0.7689,0.6312,0.8772
"MYVO","145578_SE",145578,"SE","Kootenay Region",49.89983,-115.64222,2017,FALSE,0,NA,NA,0.5267,0.2656,0.8036
"MYVO","145578_SE",145578,"SE","Kootenay Region",49.89983,-115.64222,2018,TRUE,3,1,1,0.6634,0.5126,0.8
"MYVO","145578_SE",145578,"SE","Kootenay Region",49.89983,-115.64222,2019,TRUE,4,1,1,0.6565,0.5153,0.7883
"MYVO","145578_SE",145578,"SE","Kootenay Region",49.89983,-115.64222,2020,TRUE,4,1,1,0.6778,0.53,0.813
"MYVO","145578_SE",145578,"SE","Kootenay Region",49.89983,-115.64222,2021,TRUE,4,1,1,0.7702,0.6436,0.877
"MYVO","145578_SE",145578,"SE","Kootenay Region",49.89983,-115.64222,2022,TRUE,4,1,1,0.7981,0.6835,0.8933
"MYVO","145578_SE",145578,"SE","Kootenay Region",49.89983,-115.64222,2023,TRUE,4,1,1,0.8592,0.7573,0.9347
"MYVO","145578_SE",145578,"SE","Kootenay Region",49.89983,-115.64222,2024,FALSE,0,NA,NA,0.8356,0.7247,0.9205
"MYVO","145578_SE",145578,"SE","Kootenay Region",49.89983,-115.64222,2025,TRUE,4,1,1,0.837,0.7333,0.9192
"MYVO","145578_SW",145578,"SW","Kootenay Region",49.89589,-115.695,2017,FALSE,0,NA,NA,0.5075,0.1996,0.8213
"MYVO","145578_SW",145578,"SW","Kootenay Region",49.89589,-115.695,2018,FALSE,0,NA,NA,0.7008,0.5288,0.8405
"MYVO","145578_SW",145578,"SW","Kootenay Region",49.89589,-115.695,2019,TRUE,4,1,1,0.7217,0.5784,0.8393
"MYVO","145578_SW",145578,"SW","Kootenay Region",49.89589,-115.695,2020,TRUE,4,1,1,0.7492,0.6021,0.8691
"MYVO","145578_SW",145578,"SW","Kootenay Region",49.89589,-115.695,2021,TRUE,4,1,1,0.8287,0.7141,0.9189
"MYVO","145578_SW",145578,"SW","Kootenay Region",49.89589,-115.695,2022,TRUE,4,1,1,0.8542,0.7482,0.933
"MYVO","145578_SW",145578,"SW","Kootenay Region",49.89589,-115.695,2023,TRUE,4,1,1,0.9019,0.8138,0.9619
"MYVO","145578_SW",145578,"SW","Kootenay Region",49.89589,-115.695,2024,TRUE,4,1,1,0.8852,0.7906,0.9517
"MYVO","145578_SW",145578,"SW","Kootenay Region",49.89589,-115.695,2025,TRUE,4,1,1,0.887,0.797,0.9525
"MYVO","16426_NE",16426,"NE","Northern Region",54.82137,-123.35579,2017,FALSE,0,NA,NA,0.7797,0.522,0.9507
"MYVO","16426_NE",16426,"NE","Northern Region",54.82137,-123.35579,2018,TRUE,3,1,1,0.768,0.6238,0.89
"MYVO","16426_NE",16426,"NE","Northern Region",54.82137,-123.35579,2019,TRUE,3,1,1,0.7183,0.5847,0.838
"MYVO","16426_NE",16426,"NE","Northern Region",54.82137,-123.35579,2020,TRUE,3,0,0.8173,0.704,0.5538,0.8292
"MYVO","16426_NE",16426,"NE","Northern Region",54.82137,-123.35579,2021,TRUE,3,1,1,0.7543,0.6135,0.8746
"MYVO","16426_NE",16426,"NE","Northern Region",54.82137,-123.35579,2022,TRUE,3,1,1,0.7768,0.6327,0.8954
"MYVO","16426_NE",16426,"NE","Northern Region",54.82137,-123.35579,2023,FALSE,0,NA,NA,0.8209,0.6727,0.9306
"MYVO","16426_NE",16426,"NE","Northern Region",54.82137,-123.35579,2024,TRUE,3,1,1,0.8173,0.6635,0.9263
"MYVO","16426_NE",16426,"NE","Northern Region",54.82137,-123.35579,2025,FALSE,0,NA,NA,0.8226,0.6667,0.927
"MYVO","16426_SE",16426,"SE","Northern Region",54.81895,-123.33997,2017,FALSE,0,NA,NA,0.7847,0.5185,0.9517
"MYVO","16426_SE",16426,"SE","Northern Region",54.81895,-123.33997,2018,TRUE,3,1,1,0.7982,0.653,0.9142
"MYVO","16426_SE",16426,"SE","Northern Region",54.81895,-123.33997,2019,TRUE,3,1,1,0.7738,0.6526,0.8774
"MYVO","16426_SE",16426,"SE","Northern Region",54.81895,-123.33997,2020,TRUE,2,1,1,0.7683,0.6437,0.871
"MYVO","16426_SE",16426,"SE","Northern Region",54.81895,-123.33997,2021,TRUE,3,1,1,0.8103,0.6944,0.904
"MYVO","16426_SE",16426,"SE","Northern Region",54.81895,-123.33997,2022,TRUE,3,1,1,0.8307,0.7164,0.9207
"MYVO","16426_SE",16426,"SE","Northern Region",54.81895,-123.33997,2023,FALSE,0,NA,NA,0.8656,0.7516,0.9487
"MYVO","16426_SE",16426,"SE","Northern Region",54.81895,-123.33997,2024,FALSE,0,NA,NA,0.8656,0.7487,0.9478
"MYVO","16426_SE",16426,"SE","Northern Region",54.81895,-123.33997,2025,FALSE,0,NA,NA,0.8717,0.7573,0.9502
"MYVO","172090_NE",172090,"NE","South Coastal Region",49.37012,-122.94857,2017,FALSE,0,NA,NA,0.8072,0.3443,0.9896
"MYVO","172090_NE",172090,"NE","South Coastal Region",49.37012,-122.94857,2018,TRUE,3,0,0.1447,0.7149,0.503,0.8698
"MYVO","172090_NE",172090,"NE","South Coastal Region",49.37012,-122.94857,2019,TRUE,3,0,0.1762,0.6583,0.4845,0.8185
"MYVO","172090_NE",172090,"NE","South Coastal Region",49.37012,-122.94857,2020,TRUE,3,0,0.2293,0.6805,0.4978,0.8423
"MYVO","172090_NE",172090,"NE","South Coastal Region",49.37012,-122.94857,2021,TRUE,4,1,1,0.78,0.6221,0.9051
"MYVO","172090_NE",172090,"NE","South Coastal Region",49.37012,-122.94857,2022,TRUE,4,1,1,0.7966,0.6385,0.912
"MYVO","172090_NE",172090,"NE","South Coastal Region",49.37012,-122.94857,2023,TRUE,2,1,1,0.8641,0.7275,0.9532
"MYVO","172090_NE",172090,"NE","South Coastal Region",49.37012,-122.94857,2024,FALSE,0,NA,NA,0.8185,0.648,0.9326
"MYVO","172090_NE",172090,"NE","South Coastal Region",49.37012,-122.94857,2025,FALSE,0,NA,NA,0.8194,0.6655,0.9306
"MYVO","172090_NW",172090,"NW","South Coastal Region",49.34683,-123.00985,2017,FALSE,0,NA,NA,0.6123,0.3553,0.845
"MYVO","172090_NW",172090,"NW","South Coastal Region",49.34683,-123.00985,2018,TRUE,3,0,0.0796,0.5947,0.4538,0.7331
"MYVO","172090_NW",172090,"NW","South Coastal Region",49.34683,-123.00985,2019,TRUE,3,0,0.06,0.5395,0.4057,0.6722
"MYVO","172090_NW",172090,"NW","South Coastal Region",49.34683,-123.00985,2020,FALSE,0,NA,NA,0.5401,0.3965,0.6785
"MYVO","172090_NW",172090,"NW","South Coastal Region",49.34683,-123.00985,2021,TRUE,4,0,0.0173,0.6344,0.5007,0.7585
"MYVO","172090_NW",172090,"NW","South Coastal Region",49.34683,-123.00985,2022,TRUE,4,0,0.0467,0.6647,0.5345,0.781
"MYVO","172090_NW",172090,"NW","South Coastal Region",49.34683,-123.00985,2023,TRUE,3,1,1,0.7398,0.6102,0.8471
"MYVO","172090_NW",172090,"NW","South Coastal Region",49.34683,-123.00985,2024,FALSE,0,NA,NA,0.7159,0.5814,0.8353
"MYVO","172090_NW",172090,"NW","South Coastal Region",49.34683,-123.00985,2025,FALSE,0,NA,NA,0.719,0.5862,0.8346
"MYVO","172090_SE",172090,"SE","South Coastal Region",49.32364,-122.97036,2017,FALSE,0,NA,NA,0.5985,0.3572,0.8235
"MYVO","172090_SE",172090,"SE","South Coastal Region",49.32364,-122.97036,2018,TRUE,3,1,1,0.6563,0.5016,0.7939
"MYVO","172090_SE",172090,"SE","South Coastal Region",49.32364,-122.97036,2019,FALSE,0,NA,NA,0.6156,0.4499,0.767
"MYVO","172090_SE",172090,"SE","South Coastal Region",49.32364,-122.97036,2020,TRUE,4,0,0.1404,0.6314,0.4558,0.7888
"MYVO","172090_SE",172090,"SE","South Coastal Region",49.32364,-122.97036,2021,TRUE,4,1,1,0.73,0.5636,0.861
"MYVO","172090_SE",172090,"SE","South Coastal Region",49.32364,-122.97036,2022,TRUE,4,0,0.0191,0.7554,0.5889,0.8811
"MYVO","172090_SE",172090,"SE","South Coastal Region",49.32364,-122.97036,2023,TRUE,3,0,0.0447,0.8214,0.6633,0.927
"MYVO","172090_SE",172090,"SE","South Coastal Region",49.32364,-122.97036,2024,FALSE,0,NA,NA,0.7842,0.6219,0.9036
"MYVO","172090_SE",172090,"SE","South Coastal Region",49.32364,-122.97036,2025,FALSE,0,NA,NA,0.7843,0.6252,0.8997
"MYVO","172090_SW",172090,"SW","South Coastal Region",49.31421,-123.01406,2017,FALSE,0,NA,NA,0.5732,0.3089,0.8388
"MYVO","172090_SW",172090,"SW","South Coastal Region",49.31421,-123.01406,2018,TRUE,3,1,1,0.6788,0.531,0.8104
"MYVO","172090_SW",172090,"SW","South Coastal Region",49.31421,-123.01406,2019,TRUE,3,0,0.3989,0.6908,0.571,0.7975
"MYVO","172090_SW",172090,"SW","South Coastal Region",49.31421,-123.01406,2020,TRUE,4,1,1,0.712,0.5851,0.8223
"MYVO","172090_SW",172090,"SW","South Coastal Region",49.31421,-123.01406,2021,TRUE,4,1,1,0.7899,0.6854,0.8785
"MYVO","172090_SW",172090,"SW","South Coastal Region",49.31421,-123.01406,2022,TRUE,4,1,1,0.8213,0.7221,0.9014
"MYVO","172090_SW",172090,"SW","South Coastal Region",49.31421,-123.01406,2023,TRUE,3,1,1,0.8655,0.7757,0.9349
"MYVO","172090_SW",172090,"SW","South Coastal Region",49.31421,-123.01406,2024,FALSE,0,NA,NA,0.8487,0.7491,0.9259
"MYVO","172090_SW",172090,"SW","South Coastal Region",49.31421,-123.01406,2025,FALSE,0,NA,NA,0.8498,0.751,0.9257
"MYVO","175354_SE",175354,"SE","Northern Region",59.42418,-125.94917,2017,FALSE,0,NA,NA,0.6575,0.3479,0.9164
"MYVO","175354_SE",175354,"SE","Northern Region",59.42418,-125.94917,2018,TRUE,3,1,1,0.7166,0.5218,0.8773
"MYVO","175354_SE",175354,"SE","Northern Region",59.42418,-125.94917,2019,TRUE,4,1,1,0.7161,0.5397,0.859
"MYVO","175354_SE",175354,"SE","Northern Region",59.42418,-125.94917,2020,TRUE,4,1,1,0.7233,0.5362,0.8731
"MYVO","175354_SE",175354,"SE","Northern Region",59.42418,-125.94917,2021,FALSE,0,NA,NA,0.7731,0.5838,0.9189
"MYVO","175354_SE",175354,"SE","Northern Region",59.42418,-125.94917,2022,FALSE,0,NA,NA,0.7972,0.606,0.9356
"MYVO","175354_SE",175354,"SE","Northern Region",59.42418,-125.94917,2023,FALSE,0,NA,NA,0.8356,0.6415,0.9598
"MYVO","175354_SE",175354,"SE","Northern Region",59.42418,-125.94917,2024,FALSE,0,NA,NA,0.8367,0.6379,0.9593
"MYVO","175354_SE",175354,"SE","Northern Region",59.42418,-125.94917,2025,FALSE,0,NA,NA,0.8444,0.6442,0.9607
"MYVO","175354_SW",175354,"SW","Northern Region",59.40931,-126.09868,2017,FALSE,0,NA,NA,0.6594,0.3536,0.9169
"MYVO","175354_SW",175354,"SW","Northern Region",59.40931,-126.09868,2018,TRUE,3,1,1,0.6996,0.4993,0.874
"MYVO","175354_SW",175354,"SW","Northern Region",59.40931,-126.09868,2019,TRUE,4,1,1,0.6982,0.5318,0.8397
"MYVO","175354_SW",175354,"SW","Northern Region",59.40931,-126.09868,2020,TRUE,4,1,1,0.7031,0.5371,0.8418
"MYVO","175354_SW",175354,"SW","Northern Region",59.40931,-126.09868,2021,FALSE,0,NA,NA,0.7472,0.5845,0.8803
"MYVO","175354_SW",175354,"SW","Northern Region",59.40931,-126.09868,2022,FALSE,0,NA,NA,0.7711,0.6056,0.9034
"MYVO","175354_SW",175354,"SW","Northern Region",59.40931,-126.09868,2023,FALSE,0,NA,NA,0.8083,0.6361,0.9351
"MYVO","175354_SW",175354,"SW","Northern Region",59.40931,-126.09868,2024,TRUE,4,1,1,0.8134,0.6381,0.9381
"MYVO","175354_SW",175354,"SW","Northern Region",59.40931,-126.09868,2025,TRUE,4,1,1,0.8236,0.6476,0.9421
"MYVO","17706_NW",17706,"NW","Northern Region",51.97601,-120.10368,2017,FALSE,0,NA,NA,0.7777,0.5187,0.9473
"MYVO","17706_NW",17706,"NW","Northern Region",51.97601,-120.10368,2018,FALSE,0,NA,NA,0.7846,0.6292,0.9108
"MYVO","17706_NW",17706,"NW","Northern Region",51.97601,-120.10368,2019,TRUE,4,1,1,0.7607,0.6229,0.8765
"MYVO","17706_NW",17706,"NW","Northern Region",51.97601,-120.10368,2020,TRUE,2,0,0.7978,0.7526,0.6114,0.869
"MYVO","17706_NW",17706,"NW","Northern Region",51.97601,-120.10368,2021,FALSE,0,NA,NA,0.7879,0.6555,0.8932
"MYVO","17706_NW",17706,"NW","Northern Region",51.97601,-120.10368,2022,FALSE,0,NA,NA,0.8063,0.6728,0.9091
"MYVO","17706_NW",17706,"NW","Northern Region",51.97601,-120.10368,2023,FALSE,0,NA,NA,0.839,0.7074,0.9353
"MYVO","17706_NW",17706,"NW","Northern Region",51.97601,-120.10368,2024,FALSE,0,NA,NA,0.8412,0.706,0.9385
"MYVO","17706_NW",17706,"NW","Northern Region",51.97601,-120.10368,2025,FALSE,0,NA,NA,0.8486,0.7124,0.9432
"MYVO","17706_SE",17706,"SE","Northern Region",51.9408,-120.01683,2017,FALSE,0,NA,NA,0.7475,0.5014,0.9304
"MYVO","17706_SE",17706,"SE","Northern Region",51.9408,-120.01683,2018,FALSE,0,NA,NA,0.738,0.5731,0.8808
"MYVO","17706_SE",17706,"SE","Northern Region",51.9408,-120.01683,2019,TRUE,4,1,1,0.7002,0.5511,0.8339
"MYVO","17706_SE",17706,"SE","Northern Region",51.9408,-120.01683,2020,TRUE,4,0,0.1924,0.6852,0.5303,0.8194
"MYVO","17706_SE",17706,"SE","Northern Region",51.9408,-120.01683,2021,FALSE,0,NA,NA,0.7223,0.5771,0.842
"MYVO","17706_SE",17706,"SE","Northern Region",51.9408,-120.01683,2022,FALSE,0,NA,NA,0.7418,0.5987,0.8608
"MYVO","17706_SE",17706,"SE","Northern Region",51.9408,-120.01683,2023,TRUE,4,0,0.0102,0.7799,0.6349,0.8917
"MYVO","17706_SE",17706,"SE","Northern Region",51.9408,-120.01683,2024,TRUE,2,0,0.0102,0.7826,0.6355,0.8967
"MYVO","17706_SE",17706,"SE","Northern Region",51.9408,-120.01683,2025,TRUE,4,0,0.0147,0.792,0.6397,0.905
"MYVO","17706_SW",17706,"SW","Northern Region",51.94316,-120.06784,2017,FALSE,0,NA,NA,0.7443,0.4737,0.9388
"MYVO","17706_SW",17706,"SW","Northern Region",51.94316,-120.06784,2018,FALSE,0,NA,NA,0.7378,0.581,0.8752
"MYVO","17706_SW",17706,"SW","Northern Region",51.94316,-120.06784,2019,TRUE,4,1,1,0.6938,0.5561,0.8181
"MYVO","17706_SW",17706,"SW","Northern Region",51.94316,-120.06784,2020,TRUE,4,0,0.7016,0.6793,0.5333,0.8096
"MYVO","17706_SW",17706,"SW","Northern Region",51.94316,-120.06784,2021,FALSE,0,NA,NA,0.7241,0.5854,0.8458
"MYVO","17706_SW",17706,"SW","Northern Region",51.94316,-120.06784,2022,FALSE,0,NA,NA,0.7455,0.603,0.8693
"MYVO","17706_SW",17706,"SW","Northern Region",51.94316,-120.06784,2023,TRUE,4,1,1,0.7895,0.6394,0.9068
"MYVO","17706_SW",17706,"SW","Northern Region",51.94316,-120.06784,2024,FALSE,0,NA,NA,0.788,0.6331,0.9075
"MYVO","17706_SW",17706,"SW","Northern Region",51.94316,-120.06784,2025,TRUE,4,1,1,0.7949,0.6364,0.9097
"MYVO","186330_NE",186330,"NE","Northern Region",55.95727,-122.58949,2017,FALSE,0,NA,NA,0.797,0.4536,0.9726
"MYVO","186330_NE",186330,"NE","Northern Region",55.95727,-122.58949,2018,FALSE,0,NA,NA,0.8256,0.6327,0.9456
"MYVO","186330_NE",186330,"NE","Northern Region",55.95727,-122.58949,2019,FALSE,0,NA,NA,0.8171,0.6731,0.9242
"MYVO","186330_NE",186330,"NE","Northern Region",55.95727,-122.58949,2020,FALSE,0,NA,NA,0.8188,0.6805,0.9207
"MYVO","186330_NE",186330,"NE","Northern Region",55.95727,-122.58949,2021,FALSE,0,NA,NA,0.8558,0.7367,0.9406
"MYVO","186330_NE",186330,"NE","Northern Region",55.95727,-122.58949,2022,FALSE,0,NA,NA,0.8739,0.7592,0.952
"MYVO","186330_NE",186330,"NE","Northern Region",55.95727,-122.58949,2023,FALSE,0,NA,NA,0.9018,0.7968,0.9688
"MYVO","186330_NE",186330,"NE","Northern Region",55.95727,-122.58949,2024,TRUE,4,1,1,0.9027,0.798,0.9697
"MYVO","186330_NE",186330,"NE","Northern Region",55.95727,-122.58949,2025,TRUE,4,1,1,0.9082,0.8041,0.9709
"MYVO","186330_NW",186330,"NW","Northern Region",55.94606,-122.65922,2017,FALSE,0,NA,NA,0.7581,0.4791,0.9399
"MYVO","186330_NW",186330,"NW","Northern Region",55.94606,-122.65922,2018,FALSE,0,NA,NA,0.7851,0.6241,0.9081
"MYVO","186330_NW",186330,"NW","Northern Region",55.94606,-122.65922,2019,FALSE,0,NA,NA,0.774,0.6511,0.879
"MYVO","186330_NW",186330,"NW","Northern Region",55.94606,-122.65922,2020,FALSE,0,NA,NA,0.775,0.6532,0.876
"MYVO","186330_NW",186330,"NW","Northern Region",55.94606,-122.65922,2021,FALSE,0,NA,NA,0.8172,0.7098,0.9045
"MYVO","186330_NW",186330,"NW","Northern Region",55.94606,-122.65922,2022,FALSE,0,NA,NA,0.8387,0.7347,0.9221
"MYVO","186330_NW",186330,"NW","Northern Region",55.94606,-122.65922,2023,FALSE,0,NA,NA,0.8724,0.7722,0.946
"MYVO","186330_NW",186330,"NW","Northern Region",55.94606,-122.65922,2024,TRUE,3,0,0.6722,0.8746,0.7698,0.9483
"MYVO","186330_NW",186330,"NW","Northern Region",55.94606,-122.65922,2025,TRUE,4,1,1,0.8821,0.7812,0.9523
"MYVO","186490_NW",186490,"NW","Northern Region",54.754,-127.12678,2017,TRUE,4,0,0.366,0.6731,0.3921,0.9134
"MYVO","186490_NW",186490,"NW","Northern Region",54.754,-127.12678,2018,TRUE,4,1,1,0.7129,0.5463,0.8612
"MYVO","186490_NW",186490,"NW","Northern Region",54.754,-127.12678,2019,TRUE,4,1,1,0.7008,0.5555,0.8255
"MYVO","186490_NW",186490,"NW","Northern Region",54.754,-127.12678,2020,TRUE,4,1,1,0.7029,0.551,0.8339
"MYVO","186490_NW",186490,"NW","Northern Region",54.754,-127.12678,2021,TRUE,4,1,1,0.7546,0.6008,0.8822
"MYVO","186490_NW",186490,"NW","Northern Region",54.754,-127.12678,2022,TRUE,4,1,1,0.7801,0.6209,0.9063
"MYVO","186490_NW",186490,"NW","Northern Region",54.754,-127.12678,2023,FALSE,0,NA,NA,0.8224,0.6606,0.9379
"MYVO","186490_NW",186490,"NW","Northern Region",54.754,-127.12678,2024,TRUE,3,1,1,0.8235,0.6555,0.9382
"MYVO","186490_NW",186490,"NW","Northern Region",54.754,-127.12678,2025,TRUE,4,1,1,0.8319,0.6589,0.9404
"MYVO","186490_SE",186490,"SE","Northern Region",54.72257,-126.99742,2017,TRUE,4,0,0.386,0.7704,0.5154,0.9428
"MYVO","186490_SE",186490,"SE","Northern Region",54.72257,-126.99742,2018,TRUE,4,1,1,0.7865,0.6507,0.9021
"MYVO","186490_SE",186490,"SE","Northern Region",54.72257,-126.99742,2019,TRUE,4,0,0.0624,0.7621,0.6441,0.8655
"MYVO","186490_SE",186490,"SE","Northern Region",54.72257,-126.99742,2020,TRUE,4,0,0.0791,0.7571,0.6331,0.8616
"MYVO","186490_SE",186490,"SE","Northern Region",54.72257,-126.99742,2021,TRUE,4,1,1,0.8013,0.6838,0.8979
"MYVO","186490_SE",186490,"SE","Northern Region",54.72257,-126.99742,2022,TRUE,4,1,1,0.8227,0.7048,0.9175
"MYVO","186490_SE",186490,"SE","Northern Region",54.72257,-126.99742,2023,FALSE,0,NA,NA,0.8593,0.7403,0.945
"MYVO","186490_SE",186490,"SE","Northern Region",54.72257,-126.99742,2024,FALSE,0,NA,NA,0.8592,0.7365,0.9446
"MYVO","186490_SE",186490,"SE","Northern Region",54.72257,-126.99742,2025,FALSE,0,NA,NA,0.8655,0.7444,0.9466
"MYVO","186490_SW",186490,"SW","Northern Region",54.72278,-127.05397,2017,TRUE,4,0,0.3156,0.7087,0.4588,0.9125
"MYVO","186490_SW",186490,"SW","Northern Region",54.72278,-127.05397,2018,TRUE,4,1,1,0.7628,0.6217,0.8843
"MYVO","186490_SW",186490,"SW","Northern Region",54.72278,-127.05397,2019,TRUE,4,1,1,0.7648,0.643,0.8668
"MYVO","186490_SW",186490,"SW","Northern Region",54.72278,-127.05397,2020,TRUE,4,1,1,0.7734,0.6417,0.8767
"MYVO","186490_SW",186490,"SW","Northern Region",54.72278,-127.05397,2021,TRUE,4,1,1,0.8207,0.6982,0.9193
"MYVO","186490_SW",186490,"SW","Northern Region",54.72278,-127.05397,2022,TRUE,4,1,1,0.844,0.7205,0.9376
"MYVO","186490_SW",186490,"SW","Northern Region",54.72278,-127.05397,2023,TRUE,4,1,1,0.8787,0.7515,0.9608
"MYVO","186490_SW",186490,"SW","Northern Region",54.72278,-127.05397,2024,TRUE,4,1,1,0.8803,0.7518,0.961
"MYVO","186490_SW",186490,"SW","Northern Region",54.72278,-127.05397,2025,TRUE,4,1,1,0.8874,0.7605,0.962
"MYVO","194666_NE",194666,"NE","Okanagan Region",50.23014,-119.32344,2017,TRUE,4,1,1,0.5,0.2207,0.7967
"MYVO","194666_NE",194666,"NE","Okanagan Region",50.23014,-119.32344,2018,FALSE,0,NA,NA,0.6116,0.467,0.7487
"MYVO","194666_NE",194666,"NE","Okanagan Region",50.23014,-119.32344,2019,TRUE,4,1,1,0.5471,0.4139,0.6878
"MYVO","194666_NE",194666,"NE","Okanagan Region",50.23014,-119.32344,2020,TRUE,4,0,0.1622,0.5768,0.4333,0.7203
"MYVO","194666_NE",194666,"NE","Okanagan Region",50.23014,-119.32344,2021,TRUE,4,1,1,0.6916,0.5529,0.8144
"MYVO","194666_NE",194666,"NE","Okanagan Region",50.23014,-119.32344,2022,FALSE,0,NA,NA,0.7015,0.5581,0.8277
"MYVO","194666_NE",194666,"NE","Okanagan Region",50.23014,-119.32344,2023,TRUE,3,1,1,0.7919,0.6568,0.9006
"MYVO","194666_NE",194666,"NE","Okanagan Region",50.23014,-119.32344,2024,TRUE,3,1,1,0.7224,0.57,0.8522
"MYVO","194666_NE",194666,"NE","Okanagan Region",50.23014,-119.32344,2025,FALSE,0,NA,NA,0.7263,0.5847,0.8426
"MYVO","194666_SW",194666,"SW","Okanagan Region",50.16915,-119.41081,2017,TRUE,4,0,0.0564,0.5909,0.2789,0.8734
"MYVO","194666_SW",194666,"SW","Okanagan Region",50.16915,-119.41081,2018,FALSE,0,NA,NA,0.5389,0.3798,0.6841
"MYVO","194666_SW",194666,"SW","Okanagan Region",50.16915,-119.41081,2019,TRUE,4,0,0.0371,0.4829,0.3573,0.6115
"MYVO","194666_SW",194666,"SW","Okanagan Region",50.16915,-119.41081,2020,TRUE,4,0,0.0853,0.5079,0.3725,0.6488
"MYVO","194666_SW",194666,"SW","Okanagan Region",50.16915,-119.41081,2021,TRUE,3,0,0.1016,0.6245,0.4904,0.7548
"MYVO","194666_SW",194666,"SW","Okanagan Region",50.16915,-119.41081,2022,TRUE,2,1,1,0.6241,0.479,0.758
"MYVO","194666_SW",194666,"SW","Okanagan Region",50.16915,-119.41081,2023,FALSE,0,NA,NA,0.7174,0.5807,0.8449
"MYVO","194666_SW",194666,"SW","Okanagan Region",50.16915,-119.41081,2024,FALSE,0,NA,NA,0.6235,0.4746,0.7668
"MYVO","194666_SW",194666,"SW","Okanagan Region",50.16915,-119.41081,2025,TRUE,4,0,0.024,0.6339,0.4971,0.7645
"MYVO","20330_NE",20330,"NE","Kootenay Region",49.42454,-117.72865,2017,TRUE,4,0,0.04,0.5068,0.2749,0.7731
"MYVO","20330_NE",20330,"NE","Kootenay Region",49.42454,-117.72865,2018,FALSE,0,NA,NA,0.6524,0.5117,0.7783
"MYVO","20330_NE",20330,"NE","Kootenay Region",49.42454,-117.72865,2019,TRUE,4,0,0.0671,0.6443,0.5161,0.7665
"MYVO","20330_NE",20330,"NE","Kootenay Region",49.42454,-117.72865,2020,TRUE,4,0,0.0469,0.666,0.5333,0.7894
"MYVO","20330_NE",20330,"NE","Kootenay Region",49.42454,-117.72865,2021,FALSE,0,NA,NA,0.7627,0.6493,0.8603
"MYVO","20330_NE",20330,"NE","Kootenay Region",49.42454,-117.72865,2022,TRUE,3,0,0.1456,0.7907,0.6885,0.8772
"MYVO","20330_NE",20330,"NE","Kootenay Region",49.42454,-117.72865,2023,TRUE,4,1,1,0.8546,0.7635,0.9252
"MYVO","20330_NE",20330,"NE","Kootenay Region",49.42454,-117.72865,2024,TRUE,4,1,1,0.8281,0.7257,0.9072
"MYVO","20330_NE",20330,"NE","Kootenay Region",49.42454,-117.72865,2025,TRUE,4,1,1,0.8285,0.7309,0.908
"MYVO","20330_SE",20330,"SE","Kootenay Region",49.3813,-117.67793,2017,TRUE,4,0,0.0262,0.391,0.1522,0.6817
"MYVO","20330_SE",20330,"SE","Kootenay Region",49.3813,-117.67793,2018,TRUE,4,0,0.0142,0.5704,0.3957,0.7273
"MYVO","20330_SE",20330,"SE","Kootenay Region",49.3813,-117.67793,2019,TRUE,4,0,0.0264,0.5946,0.451,0.7326
"MYVO","20330_SE",20330,"SE","Kootenay Region",49.3813,-117.67793,2020,TRUE,4,0,0.0344,0.6227,0.4731,0.7624
"MYVO","20330_SE",20330,"SE","Kootenay Region",49.3813,-117.67793,2021,FALSE,0,NA,NA,0.7173,0.5724,0.8379
"MYVO","20330_SE",20330,"SE","Kootenay Region",49.3813,-117.67793,2022,TRUE,3,0,0.0191,0.7502,0.6193,0.8596
"MYVO","20330_SE",20330,"SE","Kootenay Region",49.3813,-117.67793,2023,TRUE,4,0,0.0082,0.8168,0.6927,0.9114
"MYVO","20330_SE",20330,"SE","Kootenay Region",49.3813,-117.67793,2024,TRUE,4,0,0.0651,0.7982,0.6717,0.8951
"MYVO","20330_SE",20330,"SE","Kootenay Region",49.3813,-117.67793,2025,TRUE,4,1,1,0.802,0.6824,0.8972
"MYVO","206394_NE",206394,"NE","Northern Region",53.63655,-132.05056,2017,FALSE,0,NA,NA,0.5554,0.224,0.9019
"MYVO","206394_NE",206394,"NE","Northern Region",53.63655,-132.05056,2018,FALSE,0,NA,NA,0.6139,0.343,0.8788
"MYVO","206394_NE",206394,"NE","Northern Region",53.63655,-132.05056,2019,FALSE,0,NA,NA,0.6476,0.4111,0.8566
"MYVO","206394_NE",206394,"NE","Northern Region",53.63655,-132.05056,2020,FALSE,0,NA,NA,0.6756,0.4567,0.8545
"MYVO","206394_NE",206394,"NE","Northern Region",53.63655,-132.05056,2021,FALSE,0,NA,NA,0.7231,0.5151,0.8795
"MYVO","206394_NE",206394,"NE","Northern Region",53.63655,-132.05056,2022,TRUE,4,0,7e-04,0.7536,0.5577,0.8979
"MYVO","206394_NE",206394,"NE","Northern Region",53.63655,-132.05056,2023,TRUE,4,0,0,0.7897,0.5985,0.9218
"MYVO","206394_NE",206394,"NE","Northern Region",53.63655,-132.05056,2024,TRUE,2,0,0.0011,0.8053,0.6213,0.9296
"MYVO","206394_NE",206394,"NE","Northern Region",53.63655,-132.05056,2025,TRUE,4,0,0.0027,0.8246,0.6471,0.9384
"MYVO","206394_NW",206394,"NW","Northern Region",53.6372,-132.16251,2017,FALSE,0,NA,NA,0.5271,0.168,0.9105
"MYVO","206394_NW",206394,"NW","Northern Region",53.6372,-132.16251,2018,FALSE,0,NA,NA,0.5359,0.2676,0.7994
"MYVO","206394_NW",206394,"NW","Northern Region",53.6372,-132.16251,2019,FALSE,0,NA,NA,0.5153,0.3018,0.7365
"MYVO","206394_NW",206394,"NW","Northern Region",53.6372,-132.16251,2020,FALSE,0,NA,NA,0.5145,0.3078,0.7231
"MYVO","206394_NW",206394,"NW","Northern Region",53.6372,-132.16251,2021,FALSE,0,NA,NA,0.5656,0.3468,0.7612
"MYVO","206394_NW",206394,"NW","Northern Region",53.6372,-132.16251,2022,TRUE,4,0,0.0011,0.5936,0.3705,0.7852
"MYVO","206394_NW",206394,"NW","Northern Region",53.6372,-132.16251,2023,TRUE,4,0,2e-04,0.6431,0.4178,0.8322
"MYVO","206394_NW",206394,"NW","Northern Region",53.6372,-132.16251,2024,TRUE,4,0,0.0151,0.6501,0.4236,0.836
"MYVO","206394_NW",206394,"NW","Northern Region",53.6372,-132.16251,2025,TRUE,4,1,1,0.6665,0.4371,0.8506
"MYVO","206394_SE",206394,"SE","Northern Region",53.60877,-131.99988,2017,FALSE,0,NA,NA,0.56,0.2066,0.9109
"MYVO","206394_SE",206394,"SE","Northern Region",53.60877,-131.99988,2018,FALSE,0,NA,NA,0.6432,0.3654,0.8969
"MYVO","206394_SE",206394,"SE","Northern Region",53.60877,-131.99988,2019,FALSE,0,NA,NA,0.6918,0.4567,0.8827
"MYVO","206394_SE",206394,"SE","Northern Region",53.60877,-131.99988,2020,FALSE,0,NA,NA,0.7288,0.5171,0.8864
"MYVO","206394_SE",206394,"SE","Northern Region",53.60877,-131.99988,2021,FALSE,0,NA,NA,0.7818,0.5851,0.9145
"MYVO","206394_SE",206394,"SE","Northern Region",53.60877,-131.99988,2022,TRUE,4,0,0.0011,0.8142,0.6285,0.9321
"MYVO","206394_SE",206394,"SE","Northern Region",53.60877,-131.99988,2023,TRUE,4,0,0,0.8496,0.6796,0.953
"MYVO","206394_SE",206394,"SE","Northern Region",53.60877,-131.99988,2024,TRUE,4,0,0,0.8642,0.7024,0.9576
"MYVO","206394_SE",206394,"SE","Northern Region",53.60877,-131.99988,2025,TRUE,4,0,0.0027,0.8814,0.7328,0.9645
"MYVO","206394_SW",206394,"SW","Northern Region",53.57324,-132.11579,2017,FALSE,0,NA,NA,0.5432,0.2049,0.9048
"MYVO","206394_SW",206394,"SW","Northern Region",53.57324,-132.11579,2018,FALSE,0,NA,NA,0.5762,0.3109,0.84
"MYVO","206394_SW",206394,"SW","Northern Region",53.57324,-132.11579,2019,FALSE,0,NA,NA,0.5804,0.3672,0.7788
"MYVO","206394_SW",206394,"SW","Northern Region",53.57324,-132.11579,2020,FALSE,0,NA,NA,0.5906,0.4041,0.7634
"MYVO","206394_SW",206394,"SW","Northern Region",53.57324,-132.11579,2021,FALSE,0,NA,NA,0.638,0.4594,0.7917
"MYVO","206394_SW",206394,"SW","Northern Region",53.57324,-132.11579,2022,TRUE,4,0,7e-04,0.6669,0.4916,0.8097
"MYVO","206394_SW",206394,"SW","Northern Region",53.57324,-132.11579,2023,TRUE,4,0,2e-04,0.7099,0.5363,0.8462
"MYVO","206394_SW",206394,"SW","Northern Region",53.57324,-132.11579,2024,TRUE,4,0,2e-04,0.7221,0.5513,0.8554
"MYVO","206394_SW",206394,"SW","Northern Region",53.57324,-132.11579,2025,TRUE,4,0,0.0016,0.7406,0.5691,0.8708
"MYVO","20730_NE",20730,"NE","Northern Region",56.79525,-124.90059,2017,FALSE,0,NA,NA,0.7459,0.3362,0.9685
"MYVO","20730_NE",20730,"NE","Northern Region",56.79525,-124.90059,2018,FALSE,0,NA,NA,0.8145,0.5712,0.9541
"MYVO","20730_NE",20730,"NE","Northern Region",56.79525,-124.90059,2019,FALSE,0,NA,NA,0.8365,0.66,0.9418
"MYVO","20730_NE",20730,"NE","Northern Region",56.79525,-124.90059,2020,FALSE,0,NA,NA,0.8535,0.707,0.9469
"MYVO","20730_NE",20730,"NE","Northern Region",56.79525,-124.90059,2021,FALSE,0,NA,NA,0.8899,0.7697,0.9635
"MYVO","20730_NE",20730,"NE","Northern Region",56.79525,-124.90059,2022,TRUE,3,0,0.4309,0.9083,0.7984,0.9719
"MYVO","20730_NE",20730,"NE","Northern Region",56.79525,-124.90059,2023,FALSE,0,NA,NA,0.9309,0.8351,0.9829
"MYVO","20730_NE",20730,"NE","Northern Region",56.79525,-124.90059,2024,TRUE,4,1,1,0.934,0.8426,0.9833
"MYVO","20730_NE",20730,"NE","Northern Region",56.79525,-124.90059,2025,TRUE,4,1,1,0.94,0.8542,0.9847
"MYVO","20730_NW",20730,"NW","Northern Region",56.79948,-124.97614,2017,FALSE,0,NA,NA,0.77,0.442,0.9587
"MYVO","20730_NW",20730,"NW","Northern Region",56.79948,-124.97614,2018,FALSE,0,NA,NA,0.7923,0.5938,0.9273
"MYVO","20730_NW",20730,"NW","Northern Region",56.79948,-124.97614,2019,FALSE,0,NA,NA,0.7795,0.6203,0.9014
"MYVO","20730_NW",20730,"NW","Northern Region",56.79948,-124.97614,2020,FALSE,0,NA,NA,0.7798,0.6278,0.8967
"MYVO","20730_NW",20730,"NW","Northern Region",56.79948,-124.97614,2021,FALSE,0,NA,NA,0.8202,0.689,0.9188
"MYVO","20730_NW",20730,"NW","Northern Region",56.79948,-124.97614,2022,TRUE,3,1,1,0.8406,0.7171,0.9327
"MYVO","20730_NW",20730,"NW","Northern Region",56.79948,-124.97614,2023,FALSE,0,NA,NA,0.873,0.7586,0.9527
"MYVO","20730_NW",20730,"NW","Northern Region",56.79948,-124.97614,2024,TRUE,4,1,1,0.875,0.7555,0.9558
"MYVO","20730_NW",20730,"NW","Northern Region",56.79948,-124.97614,2025,TRUE,4,1,1,0.8825,0.7644,0.9586
"MYVO","20730_SE",20730,"SE","Northern Region",56.78457,-124.88544,2017,FALSE,0,NA,NA,0.746,0.498,0.9271
"MYVO","20730_SE",20730,"SE","Northern Region",56.78457,-124.88544,2018,FALSE,0,NA,NA,0.7696,0.6329,0.8888
"MYVO","20730_SE",20730,"SE","Northern Region",56.78457,-124.88544,2019,FALSE,0,NA,NA,0.7516,0.6373,0.8547
"MYVO","20730_SE",20730,"SE","Northern Region",56.78457,-124.88544,2020,FALSE,0,NA,NA,0.7498,0.6302,0.8511
"MYVO","20730_SE",20730,"SE","Northern Region",56.78457,-124.88544,2021,FALSE,0,NA,NA,0.7952,0.6856,0.8887
"MYVO","20730_SE",20730,"SE","Northern Region",56.78457,-124.88544,2022,TRUE,3,1,1,0.8179,0.7051,0.91
"MYVO","20730_SE",20730,"SE","Northern Region",56.78457,-124.88544,2023,FALSE,0,NA,NA,0.8553,0.7402,0.9393
"MYVO","20730_SE",20730,"SE","Northern Region",56.78457,-124.88544,2024,TRUE,3,1,1,0.8564,0.7397,0.94
"MYVO","20730_SE",20730,"SE","Northern Region",56.78457,-124.88544,2025,TRUE,4,1,1,0.8638,0.7479,0.9431
"MYVO","20730_SW",20730,"SW","Northern Region",56.76456,-124.98588,2017,FALSE,0,NA,NA,0.7481,0.4991,0.9285
"MYVO","20730_SW",20730,"SW","Northern Region",56.76456,-124.98588,2018,FALSE,0,NA,NA,0.77,0.6324,0.8904
"MYVO","20730_SW",20730,"SW","Northern Region",56.76456,-124.98588,2019,FALSE,0,NA,NA,0.7522,0.6395,0.8552
"MYVO","20730_SW",20730,"SW","Northern Region",56.76456,-124.98588,2020,FALSE,0,NA,NA,0.7498,0.6329,0.8515
"MYVO","20730_SW",20730,"SW","Northern Region",56.76456,-124.98588,2021,FALSE,0,NA,NA,0.7937,0.6842,0.8862
"MYVO","20730_SW",20730,"SW","Northern Region",56.76456,-124.98588,2022,TRUE,3,1,1,0.8159,0.7048,0.9076
"MYVO","20730_SW",20730,"SW","Northern Region",56.76456,-124.98588,2023,FALSE,0,NA,NA,0.8526,0.7399,0.9363
"MYVO","20730_SW",20730,"SW","Northern Region",56.76456,-124.98588,2024,FALSE,0,NA,NA,0.8543,0.7375,0.9377
"MYVO","20730_SW",20730,"SW","Northern Region",56.76456,-124.98588,2025,TRUE,4,0,0.0729,0.8619,0.7475,0.9421
"MYVO","212266_NE",212266,"NE","Okanagan Region",50.751409,-120.480005,2017,TRUE,4,0,0.1329,0.5917,0.2732,0.8762
"MYVO","212266_NE",212266,"NE","Okanagan Region",50.751409,-120.480005,2018,TRUE,4,1,1,0.6943,0.5348,0.8274
"MYVO","212266_NE",212266,"NE","Okanagan Region",50.751409,-120.480005,2019,TRUE,4,1,1,0.6291,0.4759,0.7825
"MYVO","212266_NE",212266,"NE","Okanagan Region",50.751409,-120.480005,2020,TRUE,4,0,0.2513,0.6645,0.5078,0.8097
"MYVO","212266_NE",212266,"NE","Okanagan Region",50.751409,-120.480005,2021,TRUE,4,1,1,0.7694,0.6297,0.8859
"MYVO","212266_NE",212266,"NE","Okanagan Region",50.751409,-120.480005,2022,TRUE,4,1,1,0.7798,0.6334,0.8989
"MYVO","212266_NE",212266,"NE","Okanagan Region",50.751409,-120.480005,2023,TRUE,4,0,0.1953,0.8564,0.7301,0.9452
"MYVO","212266_NE",212266,"NE","Okanagan Region",50.751409,-120.480005,2024,TRUE,3,0,0.2876,0.7965,0.6337,0.9161
"MYVO","212266_NE",212266,"NE","Okanagan Region",50.751409,-120.480005,2025,TRUE,4,1,1,0.7996,0.658,0.9093
"MYVO","212266_NW",212266,"NW","Okanagan Region",50.777508,-120.5598176,2017,TRUE,4,1,1,0.6807,0.3401,0.932
"MYVO","212266_NW",212266,"NW","Okanagan Region",50.777508,-120.5598176,2018,TRUE,4,1,1,0.541,0.3677,0.7023
"MYVO","212266_NW",212266,"NW","Okanagan Region",50.777508,-120.5598176,2019,TRUE,4,0,0.0229,0.5068,0.383,0.6312
"MYVO","212266_NW",212266,"NW","Okanagan Region",50.777508,-120.5598176,2020,TRUE,3,0,0.248,0.5323,0.401,0.6679
"MYVO","212266_NW",212266,"NW","Okanagan Region",50.777508,-120.5598176,2021,TRUE,3,0,0.1529,0.6479,0.5189,0.7768
"MYVO","212266_NW",212266,"NW","Okanagan Region",50.777508,-120.5598176,2022,FALSE,0,NA,NA,0.6406,0.4966,0.7733
"MYVO","212266_NW",212266,"NW","Okanagan Region",50.777508,-120.5598176,2023,TRUE,4,1,1,0.7468,0.6075,0.8691
"MYVO","212266_NW",212266,"NW","Okanagan Region",50.777508,-120.5598176,2024,TRUE,3,0,0.1313,0.6471,0.4942,0.7866
"MYVO","212266_NW",212266,"NW","Okanagan Region",50.777508,-120.5598176,2025,TRUE,3,1,1,0.6618,0.5283,0.7855
"MYVO","212266_SE",212266,"SE","Okanagan Region",50.714878,-120.492405,2017,FALSE,0,NA,NA,0.4482,0.1719,0.7793
"MYVO","212266_SE",212266,"SE","Okanagan Region",50.714878,-120.492405,2018,TRUE,4,1,1,0.5898,0.4358,0.7337
"MYVO","212266_SE",212266,"SE","Okanagan Region",50.714878,-120.492405,2019,TRUE,3,1,1,0.565,0.4259,0.7068
"MYVO","212266_SE",212266,"SE","Okanagan Region",50.714878,-120.492405,2020,TRUE,4,0,0.1251,0.5832,0.4303,0.7305
"MYVO","212266_SE",212266,"SE","Okanagan Region",50.714878,-120.492405,2021,TRUE,4,0,0.0536,0.69,0.5407,0.8181
"MYVO","212266_SE",212266,"SE","Okanagan Region",50.714878,-120.492405,2022,TRUE,4,0,0.0898,0.7158,0.5719,0.8364
"MYVO","212266_SE",212266,"SE","Okanagan Region",50.714878,-120.492405,2023,TRUE,4,1,1,0.7936,0.6611,0.8975
"MYVO","212266_SE",212266,"SE","Okanagan Region",50.714878,-120.492405,2024,TRUE,3,0,0.5418,0.7556,0.6119,0.8721
"MYVO","212266_SE",212266,"SE","Okanagan Region",50.714878,-120.492405,2025,TRUE,4,1,1,0.7562,0.6205,0.8666
"MYVO","212266_SW",212266,"SW","Okanagan Region",50.732357,-120.521811,2017,FALSE,0,NA,NA,0.4598,0.1841,0.7772
"MYVO","212266_SW",212266,"SW","Okanagan Region",50.732357,-120.521811,2018,TRUE,4,1,1,0.596,0.4459,0.7368
"MYVO","212266_SW",212266,"SW","Okanagan Region",50.732357,-120.521811,2019,TRUE,4,1,1,0.5684,0.4308,0.7066
"MYVO","212266_SW",212266,"SW","Okanagan Region",50.732357,-120.521811,2020,TRUE,3,0,0.4018,0.5864,0.4376,0.7321
"MYVO","212266_SW",212266,"SW","Okanagan Region",50.732357,-120.521811,2021,TRUE,2,1,1,0.6934,0.5466,0.8182
"MYVO","212266_SW",212266,"SW","Okanagan Region",50.732357,-120.521811,2022,TRUE,4,1,1,0.7189,0.5778,0.8366
"MYVO","212266_SW",212266,"SW","Okanagan Region",50.732357,-120.521811,2023,TRUE,3,1,1,0.7966,0.6681,0.8982
"MYVO","212266_SW",212266,"SW","Okanagan Region",50.732357,-120.521811,2024,TRUE,4,1,1,0.7583,0.6179,0.8721
"MYVO","212266_SW",212266,"SW","Okanagan Region",50.732357,-120.521811,2025,TRUE,4,1,1,0.7588,0.6273,0.8666
"MYVO","212906_NW",212906,"NW","South Coastal Region",49.36971,-124.79984,2017,FALSE,0,NA,NA,0.6399,0.3902,0.8668
"MYVO","212906_NW",212906,"NW","South Coastal Region",49.36971,-124.79984,2018,TRUE,3,1,1,0.6323,0.4781,0.7744
"MYVO","212906_NW",212906,"NW","South Coastal Region",49.36971,-124.79984,2019,TRUE,4,1,1,0.5777,0.423,0.7364
"MYVO","212906_NW",212906,"NW","South Coastal Region",49.36971,-124.79984,2020,TRUE,4,1,1,0.5899,0.425,0.7486
"MYVO","212906_NW",212906,"NW","South Coastal Region",49.36971,-124.79984,2021,FALSE,0,NA,NA,0.692,0.5347,0.8268
"MYVO","212906_NW",212906,"NW","South Coastal Region",49.36971,-124.79984,2022,TRUE,4,1,1,0.7189,0.5676,0.848
"MYVO","212906_NW",212906,"NW","South Coastal Region",49.36971,-124.79984,2023,TRUE,4,1,1,0.7944,0.6547,0.907
"MYVO","212906_NW",212906,"NW","South Coastal Region",49.36971,-124.79984,2024,TRUE,3,1,1,0.7581,0.603,0.8802
"MYVO","212906_NW",212906,"NW","South Coastal Region",49.36971,-124.79984,2025,TRUE,4,1,1,0.7598,0.6084,0.877
"MYVO","212906_SE",212906,"SE","South Coastal Region",49.35175,-124.74136,2017,FALSE,0,NA,NA,0.621,0.3451,0.8802
"MYVO","212906_SE",212906,"SE","South Coastal Region",49.35175,-124.74136,2018,TRUE,3,1,1,0.7194,0.573,0.8449
"MYVO","212906_SE",212906,"SE","South Coastal Region",49.35175,-124.74136,2019,TRUE,4,1,1,0.6987,0.5484,0.8354
"MYVO","212906_SE",212906,"SE","South Coastal Region",49.35175,-124.74136,2020,TRUE,4,1,1,0.7182,0.554,0.8559
"MYVO","212906_SE",212906,"SE","South Coastal Region",49.35175,-124.74136,2021,FALSE,0,NA,NA,0.8043,0.6635,0.9105
"MYVO","212906_SE",212906,"SE","South Coastal Region",49.35175,-124.74136,2022,TRUE,4,1,1,0.8292,0.6947,0.9263
"MYVO","212906_SE",212906,"SE","South Coastal Region",49.35175,-124.74136,2023,TRUE,4,1,1,0.8837,0.7642,0.9594
"MYVO","212906_SE",212906,"SE","South Coastal Region",49.35175,-124.74136,2024,TRUE,4,1,1,0.859,0.7285,0.9462
"MYVO","212906_SE",212906,"SE","South Coastal Region",49.35175,-124.74136,2025,TRUE,4,1,1,0.86,0.732,0.9443
"MYVO","212906_SW",212906,"SW","South Coastal Region",49.33595,-124.7423,2017,FALSE,0,NA,NA,0.5962,0.3622,0.8165
"MYVO","212906_SW",212906,"SW","South Coastal Region",49.33595,-124.7423,2018,TRUE,3,1,1,0.6562,0.5118,0.7861
"MYVO","212906_SW",212906,"SW","South Coastal Region",49.33595,-124.7423,2019,TRUE,4,1,1,0.618,0.4695,0.7623
"MYVO","212906_SW",212906,"SW","South Coastal Region",49.33595,-124.7423,2020,TRUE,4,1,1,0.6338,0.4715,0.7794
"MYVO","212906_SW",212906,"SW","South Coastal Region",49.33595,-124.7423,2021,FALSE,0,NA,NA,0.7328,0.586,0.8563
"MYVO","212906_SW",212906,"SW","South Coastal Region",49.33595,-124.7423,2022,FALSE,0,NA,NA,0.7602,0.6111,0.8766
"MYVO","212906_SW",212906,"SW","South Coastal Region",49.33595,-124.7423,2023,TRUE,4,1,1,0.829,0.686,0.9257
"MYVO","212906_SW",212906,"SW","South Coastal Region",49.33595,-124.7423,2024,TRUE,3,1,1,0.7969,0.6503,0.9059
"MYVO","212906_SW",212906,"SW","South Coastal Region",49.33595,-124.7423,2025,TRUE,4,1,1,0.7979,0.6527,0.9033
"MYVO","216746_NW",216746,"NW","South Coastal Region",49.10675,-125.78544,2017,FALSE,0,NA,NA,0.5879,0.1846,0.935
"MYVO","216746_NW",216746,"NW","South Coastal Region",49.10675,-125.78544,2018,TRUE,4,0,0.1073,0.752,0.5352,0.908
"MYVO","216746_NW",216746,"NW","South Coastal Region",49.10675,-125.78544,2019,FALSE,0,NA,NA,0.7897,0.6368,0.9057
"MYVO","216746_NW",216746,"NW","South Coastal Region",49.10675,-125.78544,2020,FALSE,0,NA,NA,0.8187,0.6678,0.9267
"MYVO","216746_NW",216746,"NW","South Coastal Region",49.10675,-125.78544,2021,TRUE,4,1,1,0.8787,0.756,0.9581
"MYVO","216746_NW",216746,"NW","South Coastal Region",49.10675,-125.78544,2022,TRUE,3,0,0.4267,0.9011,0.791,0.9686
"MYVO","216746_NW",216746,"NW","South Coastal Region",49.10675,-125.78544,2023,FALSE,0,NA,NA,0.9336,0.8434,0.9828
"MYVO","216746_NW",216746,"NW","South Coastal Region",49.10675,-125.78544,2024,TRUE,3,0,0.4411,0.9264,0.8289,0.9803
"MYVO","216746_NW",216746,"NW","South Coastal Region",49.10675,-125.78544,2025,TRUE,4,1,1,0.9289,0.8355,0.9804
"MYVO","216746_SE",216746,"SE","South Coastal Region",49.07768,-125.74644,2017,TRUE,4,0,0.2613,0.5447,0.2334,0.8386
"MYVO","216746_SE",216746,"SE","South Coastal Region",49.07768,-125.74644,2018,FALSE,0,NA,NA,0.5146,0.3344,0.6987
"MYVO","216746_SE",216746,"SE","South Coastal Region",49.07768,-125.74644,2019,TRUE,4,1,1,0.4599,0.2985,0.6309
"MYVO","216746_SE",216746,"SE","South Coastal Region",49.07768,-125.74644,2020,TRUE,3,0,0.1709,0.4548,0.2819,0.6332
"MYVO","216746_SE",216746,"SE","South Coastal Region",49.07768,-125.74644,2021,TRUE,4,0,0.0651,0.5388,0.3521,0.7148
"MYVO","216746_SE",216746,"SE","South Coastal Region",49.07768,-125.74644,2022,TRUE,3,0,0.1809,0.5689,0.381,0.7388
"MYVO","216746_SE",216746,"SE","South Coastal Region",49.07768,-125.74644,2023,TRUE,3,1,1,0.6437,0.4443,0.8099
"MYVO","216746_SE",216746,"SE","South Coastal Region",49.07768,-125.74644,2024,TRUE,3,0,0.2,0.6251,0.4247,0.7976
"MYVO","216746_SE",216746,"SE","South Coastal Region",49.07768,-125.74644,2025,TRUE,4,0,0.0636,0.6321,0.4354,0.803
"MYVO","218282_SE",218282,"SE","Kootenay Region",50.13833,-117.55672,2017,FALSE,0,NA,NA,0.4583,0.2236,0.7215
"MYVO","218282_SE",218282,"SE","Kootenay Region",50.13833,-117.55672,2018,FALSE,0,NA,NA,0.5835,0.4013,0.7505
"MYVO","218282_SE",218282,"SE","Kootenay Region",50.13833,-117.55672,2019,FALSE,0,NA,NA,0.5664,0.3875,0.7425
"MYVO","218282_SE",218282,"SE","Kootenay Region",50.13833,-117.55672,2020,TRUE,4,1,1,0.5869,0.3888,0.7698
"MYVO","218282_SE",218282,"SE","Kootenay Region",50.13833,-117.55672,2021,TRUE,4,0,0.0364,0.6862,0.4933,0.8471
"MYVO","218282_SE",218282,"SE","Kootenay Region",50.13833,-117.55672,2022,TRUE,4,0,0.0131,0.7133,0.5261,0.8652
"MYVO","218282_SE",218282,"SE","Kootenay Region",50.13833,-117.55672,2023,FALSE,0,NA,NA,0.7877,0.6062,0.9152
"MYVO","218282_SE",218282,"SE","Kootenay Region",50.13833,-117.55672,2024,TRUE,4,0,0.0167,0.7559,0.5708,0.8904
"MYVO","218282_SE",218282,"SE","Kootenay Region",50.13833,-117.55672,2025,TRUE,4,0,0.0171,0.7598,0.5872,0.8921
"MYVO","218282_SW",218282,"SW","Kootenay Region",50.15094,-117.6221,2017,FALSE,0,NA,NA,0.4828,0.2008,0.7837
"MYVO","218282_SW",218282,"SW","Kootenay Region",50.15094,-117.6221,2018,FALSE,0,NA,NA,0.6873,0.5189,0.8255
"MYVO","218282_SW",218282,"SW","Kootenay Region",50.15094,-117.6221,2019,FALSE,0,NA,NA,0.7208,0.5871,0.8314
"MYVO","218282_SW",218282,"SW","Kootenay Region",50.15094,-117.6221,2020,TRUE,4,1,1,0.751,0.6172,0.8628
"MYVO","218282_SW",218282,"SW","Kootenay Region",50.15094,-117.6221,2021,TRUE,4,1,1,0.83,0.7211,0.9159
"MYVO","218282_SW",218282,"SW","Kootenay Region",50.15094,-117.6221,2022,TRUE,4,1,1,0.8568,0.762,0.9304
"MYVO","218282_SW",218282,"SW","Kootenay Region",50.15094,-117.6221,2023,TRUE,4,1,1,0.9032,0.8205,0.9596
"MYVO","218282_SW",218282,"SW","Kootenay Region",50.15094,-117.6221,2024,TRUE,4,1,1,0.8892,0.8013,0.9508
"MYVO","218282_SW",218282,"SW","Kootenay Region",50.15094,-117.6221,2025,TRUE,4,1,1,0.8912,0.8098,0.9525
"MYVO","219626_SW",219626,"SW","South Coastal Region",48.92819,-125.25,2017,FALSE,0,NA,NA,0.5399,0.2551,0.8147
"MYVO","219626_SW",219626,"SW","South Coastal Region",48.92819,-125.25,2018,FALSE,0,NA,NA,0.5321,0.3466,0.7113
"MYVO","219626_SW",219626,"SW","South Coastal Region",48.92819,-125.25,2019,FALSE,0,NA,NA,0.4892,0.3209,0.6594
"MYVO","219626_SW",219626,"SW","South Coastal Region",48.92819,-125.25,2020,FALSE,0,NA,NA,0.486,0.3045,0.6672
"MYVO","219626_SW",219626,"SW","South Coastal Region",48.92819,-125.25,2021,FALSE,0,NA,NA,0.5649,0.3705,0.7443
"MYVO","219626_SW",219626,"SW","South Coastal Region",48.92819,-125.25,2022,FALSE,0,NA,NA,0.5965,0.3981,0.7697
"MYVO","219626_SW",219626,"SW","South Coastal Region",48.92819,-125.25,2023,FALSE,0,NA,NA,0.6662,0.4563,0.8325
"MYVO","219626_SW",219626,"SW","South Coastal Region",48.92819,-125.25,2024,TRUE,4,1,1,0.6547,0.4447,0.825
"MYVO","219626_SW",219626,"SW","South Coastal Region",48.92819,-125.25,2025,TRUE,4,1,1,0.6636,0.4566,0.832
"MYVO","226090_NE",226090,"NE","Okanagan Region",50.10929,-120.45236,2017,FALSE,0,NA,NA,0.6871,0.3413,0.9362
"MYVO","226090_NE",226090,"NE","Okanagan Region",50.10929,-120.45236,2018,FALSE,0,NA,NA,0.5456,0.3664,0.7062
"MYVO","226090_NE",226090,"NE","Okanagan Region",50.10929,-120.45236,2019,TRUE,4,0,0.0884,0.4925,0.3538,0.6351
"MYVO","226090_NE",226090,"NE","Okanagan Region",50.10929,-120.45236,2020,TRUE,2,0,0.2724,0.5138,0.3666,0.6699
"MYVO","226090_NE",226090,"NE","Okanagan Region",50.10929,-120.45236,2021,TRUE,3,1,1,0.6302,0.4774,0.7727
"MYVO","226090_NE",226090,"NE","Okanagan Region",50.10929,-120.45236,2022,TRUE,2,0,0.1844,0.6327,0.4755,0.7707
"MYVO","226090_NE",226090,"NE","Okanagan Region",50.10929,-120.45236,2023,TRUE,3,0,0.1447,0.7324,0.5775,0.862
"MYVO","226090_NE",226090,"NE","Okanagan Region",50.10929,-120.45236,2024,FALSE,0,NA,NA,0.6505,0.4857,0.7993
"MYVO","226090_NE",226090,"NE","Okanagan Region",50.10929,-120.45236,2025,TRUE,2,0,0.25,0.657,0.506,0.7992
"MYVO","226090_NW",226090,"NW","Okanagan Region",50.0999,-120.50647,2017,FALSE,0,NA,NA,0.5802,0.2563,0.8755
"MYVO","226090_NW",226090,"NW","Okanagan Region",50.0999,-120.50647,2018,TRUE,2,1,1,0.682,0.5444,0.8036
"MYVO","226090_NW",226090,"NW","Okanagan Region",50.0999,-120.50647,2019,TRUE,4,0,0.1362,0.63,0.4944,0.7616
"MYVO","226090_NW",226090,"NW","Okanagan Region",50.0999,-120.50647,2020,TRUE,4,1,1,0.6538,0.5122,0.787
"MYVO","226090_NW",226090,"NW","Okanagan Region",50.0999,-120.50647,2021,TRUE,4,0,0.0684,0.7594,0.6331,0.8641
"MYVO","226090_NW",226090,"NW","Okanagan Region",50.0999,-120.50647,2022,TRUE,3,0,0.1387,0.7782,0.6583,0.8787
"MYVO","226090_NW",226090,"NW","Okanagan Region",50.0999,-120.50647,2023,TRUE,4,1,1,0.8505,0.7429,0.9302
"MYVO","226090_NW",226090,"NW","Okanagan Region",50.0999,-120.50647,2024,FALSE,0,NA,NA,0.8046,0.6796,0.9051
"MYVO","226090_NW",226090,"NW","Okanagan Region",50.0999,-120.50647,2025,TRUE,3,1,1,0.8045,0.6915,0.8982
"MYVO","226090_SE",226090,"SE","Okanagan Region",50.07156,-120.42266,2017,FALSE,0,NA,NA,0.7214,0.3386,0.9594
"MYVO","226090_SE",226090,"SE","Okanagan Region",50.07156,-120.42266,2018,TRUE,2,1,1,0.5659,0.3808,0.7338
"MYVO","226090_SE",226090,"SE","Okanagan Region",50.07156,-120.42266,2019,TRUE,4,0,0.0836,0.5232,0.3872,0.6606
"MYVO","226090_SE",226090,"SE","Okanagan Region",50.07156,-120.42266,2020,TRUE,4,1,1,0.5487,0.405,0.695
"MYVO","226090_SE",226090,"SE","Okanagan Region",50.07156,-120.42266,2021,TRUE,3,0,0.1433,0.665,0.523,0.7981
"MYVO","226090_SE",226090,"SE","Okanagan Region",50.07156,-120.42266,2022,TRUE,3,0,0.1318,0.6641,0.5118,0.7973
"MYVO","226090_SE",226090,"SE","Okanagan Region",50.07156,-120.42266,2023,FALSE,0,NA,NA,0.7643,0.6176,0.8858
"MYVO","226090_SE",226090,"SE","Okanagan Region",50.07156,-120.42266,2024,FALSE,0,NA,NA,0.6769,0.5163,0.8209
"MYVO","226090_SE",226090,"SE","Okanagan Region",50.07156,-120.42266,2025,TRUE,2,0,0.2593,0.6858,0.5436,0.8167
"MYVO","230186_NE",230186,"NE","Okanagan Region",49.01457,-121.07198,2017,FALSE,0,NA,NA,0.4897,0.1928,0.8083
"MYVO","230186_NE",230186,"NE","Okanagan Region",49.01457,-121.07198,2018,TRUE,4,1,1,0.5265,0.3746,0.6766
"MYVO","230186_NE",230186,"NE","Okanagan Region",49.01457,-121.07198,2019,TRUE,4,1,1,0.4736,0.3321,0.6244
"MYVO","230186_NE",230186,"NE","Okanagan Region",49.01457,-121.07198,2020,TRUE,4,1,1,0.4875,0.3316,0.6483
"MYVO","230186_NE",230186,"NE","Okanagan Region",49.01457,-121.07198,2021,TRUE,4,1,1,0.5994,0.4289,0.7504
"MYVO","230186_NE",230186,"NE","Okanagan Region",49.01457,-121.07198,2022,FALSE,0,NA,NA,0.6166,0.4545,0.7617
"MYVO","230186_NE",230186,"NE","Okanagan Region",49.01457,-121.07198,2023,FALSE,0,NA,NA,0.708,0.5464,0.8417
"MYVO","230186_NE",230186,"NE","Okanagan Region",49.01457,-121.07198,2024,TRUE,4,1,1,0.652,0.4878,0.8001
"MYVO","230186_NE",230186,"NE","Okanagan Region",49.01457,-121.07198,2025,FALSE,0,NA,NA,0.6539,0.4947,0.7963
"MYVO","230186_SE",230186,"SE","Okanagan Region",48.97511,-121.08329,2017,FALSE,0,NA,NA,0.4702,0.1115,0.8657
"MYVO","230186_SE",230186,"SE","Okanagan Region",48.97511,-121.08329,2018,TRUE,4,0,0.0296,0.4407,0.2492,0.6412
"MYVO","230186_SE",230186,"SE","Okanagan Region",48.97511,-121.08329,2019,TRUE,4,1,1,0.3888,0.2172,0.5735
"MYVO","230186_SE",230186,"SE","Okanagan Region",48.97511,-121.08329,2020,TRUE,4,1,1,0.3954,0.2089,0.6003
"MYVO","230186_SE",230186,"SE","Okanagan Region",48.97511,-121.08329,2021,TRUE,4,1,1,0.4969,0.2731,0.7033
"MYVO","230186_SE",230186,"SE","Okanagan Region",48.97511,-121.08329,2022,FALSE,0,NA,NA,0.5054,0.2893,0.7109
"MYVO","230186_SE",230186,"SE","Okanagan Region",48.97511,-121.08329,2023,TRUE,4,1,1,0.597,0.3548,0.7963
"MYVO","230186_SE",230186,"SE","Okanagan Region",48.97511,-121.08329,2024,TRUE,4,1,1,0.5349,0.3086,0.7564
"MYVO","230186_SE",230186,"SE","Okanagan Region",48.97511,-121.08329,2025,FALSE,0,NA,NA,0.5421,0.3193,0.7527
"MYVO","241002_NE",241002,"NE","Kootenay Region",51.03817,-118.1357,2017,TRUE,4,0,0.1393,0.7226,0.2994,0.978
"MYVO","241002_NE",241002,"NE","Kootenay Region",51.03817,-118.1357,2018,TRUE,3,0,0.0449,0.5722,0.3276,0.7763
"MYVO","241002_NE",241002,"NE","Kootenay Region",51.03817,-118.1357,2019,TRUE,4,1,1,0.5344,0.3602,0.7125
"MYVO","241002_NE",241002,"NE","Kootenay Region",51.03817,-118.1357,2020,TRUE,4,0,0.0391,0.5508,0.3705,0.7355
"MYVO","241002_NE",241002,"NE","Kootenay Region",51.03817,-118.1357,2021,TRUE,4,0,0.0162,0.6646,0.4814,0.8273
"MYVO","241002_NE",241002,"NE","Kootenay Region",51.03817,-118.1357,2022,TRUE,4,0,0.0069,0.6688,0.4713,0.8351
"MYVO","241002_NE",241002,"NE","Kootenay Region",51.03817,-118.1357,2023,TRUE,4,1,1,0.7639,0.5743,0.9042
"MYVO","241002_NE",241002,"NE","Kootenay Region",51.03817,-118.1357,2024,TRUE,4,0,0.0251,0.6866,0.4733,0.8601
"MYVO","241002_NE",241002,"NE","Kootenay Region",51.03817,-118.1357,2025,TRUE,4,0,0.0193,0.6945,0.4993,0.8574
"MYVO","241002_NW",241002,"NW","Kootenay Region",51.01597,-118.20292,2017,TRUE,4,0,0.0076,0.413,0.1547,0.7114
"MYVO","241002_NW",241002,"NW","Kootenay Region",51.01597,-118.20292,2018,TRUE,4,0,0.026,0.6915,0.5183,0.8329
"MYVO","241002_NW",241002,"NW","Kootenay Region",51.01597,-118.20292,2019,TRUE,4,1,1,0.7373,0.6023,0.8562
"MYVO","241002_NW",241002,"NW","Kootenay Region",51.01597,-118.20292,2020,TRUE,4,1,1,0.7717,0.6369,0.8831
"MYVO","241002_NW",241002,"NW","Kootenay Region",51.01597,-118.20292,2021,TRUE,4,1,1,0.8493,0.7388,0.9305
"MYVO","241002_NW",241002,"NW","Kootenay Region",51.01597,-118.20292,2022,TRUE,4,1,1,0.8733,0.7744,0.9443
"MYVO","241002_NW",241002,"NW","Kootenay Region",51.01597,-118.20292,2023,TRUE,4,1,1,0.9169,0.8336,0.9695
"MYVO","241002_NW",241002,"NW","Kootenay Region",51.01597,-118.20292,2024,TRUE,4,1,1,0.9005,0.8069,0.962
"MYVO","241002_NW",241002,"NW","Kootenay Region",51.01597,-118.20292,2025,TRUE,4,1,1,0.9018,0.8157,0.9615
"MYVO","243562_NE",243562,"NE","Kootenay Region",49.69966,-115.98498,2017,TRUE,4,0,0.1302,0.5951,0.3099,0.878
"MYVO","243562_NE",243562,"NE","Kootenay Region",49.69966,-115.98498,2018,FALSE,0,NA,NA,0.6153,0.4351,0.7763
"MYVO","243562_NE",243562,"NE","Kootenay Region",49.69966,-115.98498,2019,TRUE,4,1,1,0.5607,0.3987,0.7368
"MYVO","243562_NE",243562,"NE","Kootenay Region",49.69966,-115.98498,2020,TRUE,4,0,0.1224,0.5848,0.4216,0.7518
"MYVO","243562_NE",243562,"NE","Kootenay Region",49.69966,-115.98498,2021,TRUE,3,1,1,0.6945,0.5373,0.8367
"MYVO","243562_NE",243562,"NE","Kootenay Region",49.69966,-115.98498,2022,FALSE,0,NA,NA,0.7089,0.547,0.849
"MYVO","243562_NE",243562,"NE","Kootenay Region",49.69966,-115.98498,2023,TRUE,3,1,1,0.795,0.6449,0.9086
"MYVO","243562_NE",243562,"NE","Kootenay Region",49.69966,-115.98498,2024,TRUE,2,1,1,0.7347,0.5648,0.87
"MYVO","243562_NE",243562,"NE","Kootenay Region",49.69966,-115.98498,2025,TRUE,4,1,1,0.7381,0.5778,0.8669
"MYVO","243562_SE",243562,"SE","Kootenay Region",49.65068,-115.94692,2017,TRUE,4,1,1,0.5454,0.2939,0.8273
"MYVO","243562_SE",243562,"SE","Kootenay Region",49.65068,-115.94692,2018,FALSE,0,NA,NA,0.6281,0.4774,0.7657
"MYVO","243562_SE",243562,"SE","Kootenay Region",49.65068,-115.94692,2019,TRUE,4,1,1,0.5951,0.4517,0.7355
"MYVO","243562_SE",243562,"SE","Kootenay Region",49.65068,-115.94692,2020,FALSE,0,NA,NA,0.6128,0.4642,0.7548
"MYVO","243562_SE",243562,"SE","Kootenay Region",49.65068,-115.94692,2021,TRUE,3,0,0.1484,0.7167,0.5815,0.8327
"MYVO","243562_SE",243562,"SE","Kootenay Region",49.65068,-115.94692,2022,TRUE,2,0,0.3702,0.7432,0.6126,0.8514
"MYVO","243562_SE",243562,"SE","Kootenay Region",49.65068,-115.94692,2023,TRUE,4,1,1,0.8168,0.6961,0.9077
"MYVO","243562_SE",243562,"SE","Kootenay Region",49.65068,-115.94692,2024,FALSE,0,NA,NA,0.782,0.6491,0.8859
"MYVO","243562_SE",243562,"SE","Kootenay Region",49.65068,-115.94692,2025,TRUE,4,1,1,0.7819,0.6504,0.8831
"MYVO","252394_NW",252394,"NW","South Coastal Region",48.79865,-125.16568,2017,FALSE,0,NA,NA,0.5631,0.3219,0.7989
"MYVO","252394_NW",252394,"NW","South Coastal Region",48.79865,-125.16568,2018,FALSE,0,NA,NA,0.6098,0.4539,0.7529
"MYVO","252394_NW",252394,"NW","South Coastal Region",48.79865,-125.16568,2019,FALSE,0,NA,NA,0.5974,0.4557,0.7306
"MYVO","252394_NW",252394,"NW","South Coastal Region",48.79865,-125.16568,2020,FALSE,0,NA,NA,0.607,0.4497,0.7476
"MYVO","252394_NW",252394,"NW","South Coastal Region",48.79865,-125.16568,2021,FALSE,0,NA,NA,0.6854,0.53,0.818
"MYVO","252394_NW",252394,"NW","South Coastal Region",48.79865,-125.16568,2022,FALSE,0,NA,NA,0.7201,0.5724,0.8448
"MYVO","252394_NW",252394,"NW","South Coastal Region",48.79865,-125.16568,2023,FALSE,0,NA,NA,0.7812,0.6355,0.8931
"MYVO","252394_NW",252394,"NW","South Coastal Region",48.79865,-125.16568,2024,TRUE,4,1,1,0.7756,0.6329,0.8889
"MYVO","252394_NW",252394,"NW","South Coastal Region",48.79865,-125.16568,2025,TRUE,4,1,1,0.7845,0.6443,0.8929
"MYVO","26170_NE",26170,"NE","Northern Region",53.62052,-132.20883,2017,FALSE,0,NA,NA,0.544,0.2197,0.9014
"MYVO","26170_NE",26170,"NE","Northern Region",53.62052,-132.20883,2018,FALSE,0,NA,NA,0.6131,0.3619,0.8672
"MYVO","26170_NE",26170,"NE","Northern Region",53.62052,-132.20883,2019,FALSE,0,NA,NA,0.6489,0.4384,0.8359
"MYVO","26170_NE",26170,"NE","Northern Region",53.62052,-132.20883,2020,FALSE,0,NA,NA,0.6786,0.4915,0.8329
"MYVO","26170_NE",26170,"NE","Northern Region",53.62052,-132.20883,2021,FALSE,0,NA,NA,0.7329,0.5589,0.8639
"MYVO","26170_NE",26170,"NE","Northern Region",53.62052,-132.20883,2022,TRUE,4,0,0.0011,0.7662,0.6058,0.8856
"MYVO","26170_NE",26170,"NE","Northern Region",53.62052,-132.20883,2023,TRUE,4,0,0,0.8065,0.6518,0.9164
"MYVO","26170_NE",26170,"NE","Northern Region",53.62052,-132.20883,2024,TRUE,3,0,2e-04,0.8212,0.6741,0.923
"MYVO","26170_NE",26170,"NE","Northern Region",53.62052,-132.20883,2025,TRUE,4,0,0.0013,0.8398,0.7024,0.9337
"MYVO","26170_NW",26170,"NW","Northern Region",53.60452,-132.28837,2017,FALSE,0,NA,NA,0.5435,0.2232,0.9017
"MYVO","26170_NW",26170,"NW","Northern Region",53.60452,-132.28837,2018,FALSE,0,NA,NA,0.5881,0.3248,0.851
"MYVO","26170_NW",26170,"NW","Northern Region",53.60452,-132.28837,2019,FALSE,0,NA,NA,0.6072,0.3842,0.8103
"MYVO","26170_NW",26170,"NW","Northern Region",53.60452,-132.28837,2020,FALSE,0,NA,NA,0.6263,0.4269,0.8038
"MYVO","26170_NW",26170,"NW","Northern Region",53.60452,-132.28837,2021,FALSE,0,NA,NA,0.6735,0.4823,0.8291
"MYVO","26170_NW",26170,"NW","Northern Region",53.60452,-132.28837,2022,TRUE,3,0,0.0096,0.7034,0.519,0.8474
"MYVO","26170_NW",26170,"NW","Northern Region",53.60452,-132.28837,2023,TRUE,4,0,0.0144,0.7429,0.559,0.8783
"MYVO","26170_NW",26170,"NW","Northern Region",53.60452,-132.28837,2024,FALSE,0,NA,NA,0.7575,0.581,0.8866
"MYVO","26170_NW",26170,"NW","Northern Region",53.60452,-132.28837,2025,TRUE,4,1,1,0.777,0.6053,0.9
"MYVO","26170_SE",26170,"SE","Northern Region",53.58901,-132.17695,2017,FALSE,0,NA,NA,0.5405,0.2192,0.9026
"MYVO","26170_SE",26170,"SE","Northern Region",53.58901,-132.17695,2018,FALSE,0,NA,NA,0.597,0.3445,0.8536
"MYVO","26170_SE",26170,"SE","Northern Region",53.58901,-132.17695,2019,FALSE,0,NA,NA,0.6233,0.4133,0.8181
"MYVO","26170_SE",26170,"SE","Northern Region",53.58901,-132.17695,2020,FALSE,0,NA,NA,0.647,0.4622,0.8079
"MYVO","26170_SE",26170,"SE","Northern Region",53.58901,-132.17695,2021,FALSE,0,NA,NA,0.6986,0.5257,0.8384
"MYVO","26170_SE",26170,"SE","Northern Region",53.58901,-132.17695,2022,TRUE,4,0,0.0078,0.7308,0.5623,0.8574
"MYVO","26170_SE",26170,"SE","Northern Region",53.58901,-132.17695,2023,TRUE,4,0,0.0236,0.772,0.6065,0.8891
"MYVO","26170_SE",26170,"SE","Northern Region",53.58901,-132.17695,2024,TRUE,4,1,1,0.7866,0.6276,0.9
"MYVO","26170_SE",26170,"SE","Northern Region",53.58901,-132.17695,2025,TRUE,4,1,1,0.8059,0.6541,0.912
"MYVO","26170_SW",26170,"SW","Northern Region",53.56895,-132.23042,2017,FALSE,0,NA,NA,0.5451,0.1936,0.9083
"MYVO","26170_SW",26170,"SW","Northern Region",53.56895,-132.23042,2018,FALSE,0,NA,NA,0.5894,0.3466,0.8182
"MYVO","26170_SW",26170,"SW","Northern Region",53.56895,-132.23042,2019,FALSE,0,NA,NA,0.5853,0.389,0.7746
"MYVO","26170_SW",26170,"SW","Northern Region",53.56895,-132.23042,2020,FALSE,0,NA,NA,0.5948,0.3999,0.7784
"MYVO","26170_SW",26170,"SW","Northern Region",53.56895,-132.23042,2021,FALSE,0,NA,NA,0.6565,0.4487,0.8284
"MYVO","26170_SW",26170,"SW","Northern Region",53.56895,-132.23042,2022,TRUE,4,0,0.002,0.6886,0.4774,0.8578
"MYVO","26170_SW",26170,"SW","Northern Region",53.56895,-132.23042,2023,TRUE,4,0,2e-04,0.7408,0.5254,0.8999
"MYVO","26170_SW",26170,"SW","Northern Region",53.56895,-132.23042,2024,TRUE,4,0,2e-04,0.7454,0.5263,0.9031
"MYVO","26170_SW",26170,"SW","Northern Region",53.56895,-132.23042,2025,TRUE,4,0,0.0022,0.7592,0.5429,0.9107
"MYVO","265749_NE",265749,"NE","Okanagan Region",49.15892,-119.03758,2017,FALSE,0,NA,NA,0.6682,0.3277,0.9271
"MYVO","265749_NE",265749,"NE","Okanagan Region",49.15892,-119.03758,2018,TRUE,2,1,1,0.417,0.2216,0.6248
"MYVO","265749_NE",265749,"NE","Okanagan Region",49.15892,-119.03758,2019,TRUE,4,0,0.0247,0.453,0.3085,0.6087
"MYVO","265749_NE",265749,"NE","Okanagan Region",49.15892,-119.03758,2020,TRUE,4,0,0.2522,0.4404,0.2989,0.5946
"MYVO","265749_NE",265749,"NE","Okanagan Region",49.15892,-119.03758,2021,TRUE,4,0,0.0609,0.5523,0.4031,0.7054
"MYVO","265749_NE",265749,"NE","Okanagan Region",49.15892,-119.03758,2022,TRUE,4,0,0.0493,0.5221,0.3633,0.6937
"MYVO","265749_NE",265749,"NE","Okanagan Region",49.15892,-119.03758,2023,TRUE,4,1,1,0.6371,0.4667,0.8054
"MYVO","265749_NE",265749,"NE","Okanagan Region",49.15892,-119.03758,2024,FALSE,0,NA,NA,0.5109,0.3413,0.6847
"MYVO","265749_NE",265749,"NE","Okanagan Region",49.15892,-119.03758,2025,FALSE,0,NA,NA,0.5527,0.3959,0.7083
"MYVO","265749_NW",265749,"NW","Okanagan Region",49.16674,-119.10324,2017,FALSE,0,NA,NA,0.686,0.2945,0.9453
"MYVO","265749_NW",265749,"NW","Okanagan Region",49.16674,-119.10324,2018,TRUE,2,1,1,0.6328,0.4604,0.7833
"MYVO","265749_NW",265749,"NW","Okanagan Region",49.16674,-119.10324,2019,TRUE,4,1,1,0.5655,0.4201,0.714
"MYVO","265749_NW",265749,"NW","Okanagan Region",49.16674,-119.10324,2020,TRUE,4,1,1,0.5911,0.4362,0.7455
"MYVO","265749_NW",265749,"NW","Okanagan Region",49.16674,-119.10324,2021,TRUE,4,1,1,0.7038,0.5544,0.833
"MYVO","265749_NW",265749,"NW","Okanagan Region",49.16674,-119.10324,2022,TRUE,4,1,1,0.7158,0.5666,0.8404
"MYVO","265749_NW",265749,"NW","Okanagan Region",49.16674,-119.10324,2023,TRUE,4,1,1,0.8024,0.6633,0.9072
"MYVO","265749_NW",265749,"NW","Okanagan Region",49.16674,-119.10324,2024,TRUE,4,1,1,0.7392,0.5831,0.8669
"MYVO","265749_NW",265749,"NW","Okanagan Region",49.16674,-119.10324,2025,TRUE,4,0,0.0331,0.7413,0.6016,0.8609
"MYVO","265749_SE",265749,"SE","Okanagan Region",49.11153,-118.97698,2017,FALSE,0,NA,NA,0.5441,0.2649,0.8238
"MYVO","265749_SE",265749,"SE","Okanagan Region",49.11153,-118.97698,2018,TRUE,2,0,0.1953,0.5917,0.4571,0.7246
"MYVO","265749_SE",265749,"SE","Okanagan Region",49.11153,-118.97698,2019,TRUE,4,1,1,0.5266,0.4036,0.6583
"MYVO","265749_SE",265749,"SE","Okanagan Region",49.11153,-118.97698,2020,TRUE,4,1,1,0.5547,0.4243,0.6897
"MYVO","265749_SE",265749,"SE","Okanagan Region",49.11153,-118.97698,2021,TRUE,4,1,1,0.6716,0.5439,0.7915
"MYVO","265749_SE",265749,"SE","Okanagan Region",49.11153,-118.97698,2022,TRUE,4,1,1,0.6799,0.548,0.8029
"MYVO","265749_SE",265749,"SE","Okanagan Region",49.11153,-118.97698,2023,TRUE,4,1,1,0.774,0.6517,0.8802
"MYVO","265749_SE",265749,"SE","Okanagan Region",49.11153,-118.97698,2024,TRUE,4,1,1,0.7006,0.5636,0.8223
"MYVO","265749_SE",265749,"SE","Okanagan Region",49.11153,-118.97698,2025,TRUE,4,0,0.0687,0.7044,0.5795,0.8163
"MYVO","265749_SW",265749,"SW","Okanagan Region",49.11337,-119.05299,2017,FALSE,0,NA,NA,0.6677,0.3245,0.9245
"MYVO","265749_SW",265749,"SW","Okanagan Region",49.11337,-119.05299,2018,TRUE,2,0,0.0867,0.4963,0.2969,0.6967
"MYVO","265749_SW",265749,"SW","Okanagan Region",49.11337,-119.05299,2019,TRUE,4,1,1,0.4831,0.3396,0.6392
"MYVO","265749_SW",265749,"SW","Okanagan Region",49.11337,-119.05299,2020,TRUE,4,0,0.0536,0.4958,0.3414,0.6552
"MYVO","265749_SW",265749,"SW","Okanagan Region",49.11337,-119.05299,2021,TRUE,3,1,1,0.607,0.4484,0.7625
"MYVO","265749_SW",265749,"SW","Okanagan Region",49.11337,-119.05299,2022,TRUE,4,0,0.0387,0.5928,0.4203,0.7626
"MYVO","265749_SW",265749,"SW","Okanagan Region",49.11337,-119.05299,2023,TRUE,4,1,1,0.7031,0.5306,0.8548
"MYVO","265749_SW",265749,"SW","Okanagan Region",49.11337,-119.05299,2024,TRUE,4,1,1,0.5933,0.414,0.7657
"MYVO","265749_SW",265749,"SW","Okanagan Region",49.11337,-119.05299,2025,TRUE,4,0,0.0262,0.6185,0.4569,0.7739
"MYVO","268521_NE",268521,"NE","Kootenay Region",49.49916,-115.03962,2017,FALSE,0,NA,NA,0.5696,0.2432,0.8763
"MYVO","268521_NE",268521,"NE","Kootenay Region",49.49916,-115.03962,2018,FALSE,0,NA,NA,0.7408,0.5888,0.8631
"MYVO","268521_NE",268521,"NE","Kootenay Region",49.49916,-115.03962,2019,TRUE,4,0,0.1309,0.732,0.5952,0.8504
"MYVO","268521_NE",268521,"NE","Kootenay Region",49.49916,-115.03962,2020,TRUE,4,1,1,0.7562,0.618,0.8721
"MYVO","268521_NE",268521,"NE","Kootenay Region",49.49916,-115.03962,2021,FALSE,0,NA,NA,0.8322,0.7218,0.918
"MYVO","268521_NE",268521,"NE","Kootenay Region",49.49916,-115.03962,2022,TRUE,4,1,1,0.8515,0.7472,0.9296
"MYVO","268521_NE",268521,"NE","Kootenay Region",49.49916,-115.03962,2023,TRUE,3,1,1,0.9032,0.8206,0.9605
"MYVO","268521_NE",268521,"NE","Kootenay Region",49.49916,-115.03962,2024,TRUE,4,1,1,0.8756,0.7732,0.9465
"MYVO","268521_NE",268521,"NE","Kootenay Region",49.49916,-115.03962,2025,TRUE,3,1,1,0.8756,0.782,0.9448
"MYVO","268521_NW",268521,"NW","Kootenay Region",49.48855,-115.09812,2017,FALSE,0,NA,NA,0.5423,0.2943,0.8212
"MYVO","268521_NW",268521,"NW","Kootenay Region",49.48855,-115.09812,2018,FALSE,0,NA,NA,0.6431,0.4994,0.7725
"MYVO","268521_NW",268521,"NW","Kootenay Region",49.48855,-115.09812,2019,TRUE,4,1,1,0.6066,0.4683,0.7428
"MYVO","268521_NW",268521,"NW","Kootenay Region",49.48855,-115.09812,2020,FALSE,0,NA,NA,0.6279,0.4868,0.7604
"MYVO","268521_NW",268521,"NW","Kootenay Region",49.48855,-115.09812,2021,TRUE,2,1,1,0.734,0.6114,0.8418
"MYVO","268521_NW",268521,"NW","Kootenay Region",49.48855,-115.09812,2022,TRUE,4,1,1,0.7575,0.6368,0.8578
"MYVO","268521_NW",268521,"NW","Kootenay Region",49.48855,-115.09812,2023,TRUE,4,1,1,0.8314,0.7224,0.9159
"MYVO","268521_NW",268521,"NW","Kootenay Region",49.48855,-115.09812,2024,TRUE,4,1,1,0.7909,0.6671,0.8857
"MYVO","268521_NW",268521,"NW","Kootenay Region",49.48855,-115.09812,2025,TRUE,4,1,1,0.7904,0.6748,0.8861
"MYVO","268521_SE",268521,"SE","Kootenay Region",49.44083,-115.05634,2017,FALSE,0,NA,NA,0.5516,0.1317,0.9259
"MYVO","268521_SE",268521,"SE","Kootenay Region",49.44083,-115.05634,2018,FALSE,0,NA,NA,0.7682,0.5434,0.9142
"MYVO","268521_SE",268521,"SE","Kootenay Region",49.44083,-115.05634,2019,TRUE,4,1,1,0.7996,0.6403,0.9135
"MYVO","268521_SE",268521,"SE","Kootenay Region",49.44083,-115.05634,2020,TRUE,4,0,0.4969,0.8278,0.6711,0.936
"MYVO","268521_SE",268521,"SE","Kootenay Region",49.44083,-115.05634,2021,TRUE,2,1,1,0.889,0.7718,0.9632
"MYVO","268521_SE",268521,"SE","Kootenay Region",49.44083,-115.05634,2022,TRUE,4,1,1,0.9079,0.8026,0.9719
"MYVO","268521_SE",268521,"SE","Kootenay Region",49.44083,-115.05634,2023,TRUE,4,1,1,0.9407,0.8579,0.9847
"MYVO","268521_SE",268521,"SE","Kootenay Region",49.44083,-115.05634,2024,TRUE,4,1,1,0.9285,0.833,0.9805
"MYVO","268521_SE",268521,"SE","Kootenay Region",49.44083,-115.05634,2025,TRUE,4,1,1,0.9302,0.8428,0.9807
"MYVO","269777_NW",269777,"NW","Northern Region",57.04083,-122.86281,2017,TRUE,4,1,1,0.8719,0.5518,0.9936
"MYVO","269777_NW",269777,"NW","Northern Region",57.04083,-122.86281,2018,TRUE,4,0,0.3204,0.7399,0.5201,0.9101
"MYVO","269777_NW",269777,"NW","Northern Region",57.04083,-122.86281,2019,TRUE,3,1,1,0.6297,0.4022,0.8348
"MYVO","269777_NW",269777,"NW","Northern Region",57.04083,-122.86281,2020,TRUE,4,1,1,0.6016,0.3554,0.8141
"MYVO","269777_NW",269777,"NW","Northern Region",57.04083,-122.86281,2021,FALSE,0,NA,NA,0.664,0.4135,0.8591
"MYVO","269777_NW",269777,"NW","Northern Region",57.04083,-122.86281,2022,FALSE,0,NA,NA,0.683,0.4213,0.8743
"MYVO","269777_NW",269777,"NW","Northern Region",57.04083,-122.86281,2023,FALSE,0,NA,NA,0.74,0.4691,0.921
"MYVO","269777_NW",269777,"NW","Northern Region",57.04083,-122.86281,2024,FALSE,0,NA,NA,0.722,0.4495,0.9048
"MYVO","269777_NW",269777,"NW","Northern Region",57.04083,-122.86281,2025,FALSE,0,NA,NA,0.7227,0.4514,0.9019
"MYVO","269777_SW",269777,"SW","Northern Region",57.01497,-122.80521,2017,TRUE,4,0,0.4698,0.79,0.5225,0.959
"MYVO","269777_SW",269777,"SW","Northern Region",57.01497,-122.80521,2018,TRUE,4,1,1,0.7619,0.6127,0.8887
"MYVO","269777_SW",269777,"SW","Northern Region",57.01497,-122.80521,2019,TRUE,4,0,0.3947,0.6997,0.5535,0.8311
"MYVO","269777_SW",269777,"SW","Northern Region",57.01497,-122.80521,2020,TRUE,4,1,1,0.6816,0.5173,0.8195
"MYVO","269777_SW",269777,"SW","Northern Region",57.01497,-122.80521,2021,FALSE,0,NA,NA,0.7348,0.5816,0.8665
"MYVO","269777_SW",269777,"SW","Northern Region",57.01497,-122.80521,2022,FALSE,0,NA,NA,0.7575,0.596,0.8862
"MYVO","269777_SW",269777,"SW","Northern Region",57.01497,-122.80521,2023,FALSE,0,NA,NA,0.8049,0.6388,0.927
"MYVO","269777_SW",269777,"SW","Northern Region",57.01497,-122.80521,2024,FALSE,0,NA,NA,0.799,0.628,0.9194
"MYVO","269777_SW",269777,"SW","Northern Region",57.01497,-122.80521,2025,FALSE,0,NA,NA,0.8036,0.6333,0.9183
"MYVO","271731_SW",271731,"SW","Kootenay Region",51.24146,-117.64962,2017,TRUE,4,0,0.0293,0.5354,0.2921,0.8091
"MYVO","271731_SW",271731,"SW","Kootenay Region",51.24146,-117.64962,2018,TRUE,3,0,0.0573,0.6623,0.5119,0.791
"MYVO","271731_SW",271731,"SW","Kootenay Region",51.24146,-117.64962,2019,TRUE,4,1,1,0.6408,0.497,0.7754
"MYVO","271731_SW",271731,"SW","Kootenay Region",51.24146,-117.64962,2020,TRUE,4,1,1,0.662,0.5154,0.7967
"MYVO","271731_SW",271731,"SW","Kootenay Region",51.24146,-117.64962,2021,TRUE,4,1,1,0.7608,0.6295,0.8681
"MYVO","271731_SW",271731,"SW","Kootenay Region",51.24146,-117.64962,2022,TRUE,4,1,1,0.7866,0.6628,0.8831
"MYVO","271731_SW",271731,"SW","Kootenay Region",51.24146,-117.64962,2023,TRUE,4,1,1,0.8525,0.7413,0.9317
"MYVO","271731_SW",271731,"SW","Kootenay Region",51.24146,-117.64962,2024,TRUE,4,1,1,0.8212,0.6955,0.9133
"MYVO","271731_SW",271731,"SW","Kootenay Region",51.24146,-117.64962,2025,TRUE,4,1,1,0.821,0.6994,0.9111
"MYVO","273050_SE",273050,"SE","South Coastal Region",49.00511,-125.65145,2017,FALSE,0,NA,NA,0.5584,0.3015,0.8029
"MYVO","273050_SE",273050,"SE","South Coastal Region",49.00511,-125.65145,2018,TRUE,3,0,0.0664,0.5659,0.4026,0.7208
"MYVO","273050_SE",273050,"SE","South Coastal Region",49.00511,-125.65145,2019,FALSE,0,NA,NA,0.5287,0.3789,0.6769
"MYVO","273050_SE",273050,"SE","South Coastal Region",49.00511,-125.65145,2020,FALSE,0,NA,NA,0.5292,0.3643,0.6872
"MYVO","273050_SE",273050,"SE","South Coastal Region",49.00511,-125.65145,2021,FALSE,0,NA,NA,0.6119,0.4435,0.7613
"MYVO","273050_SE",273050,"SE","South Coastal Region",49.00511,-125.65145,2022,FALSE,0,NA,NA,0.6456,0.4766,0.7888
"MYVO","273050_SE",273050,"SE","South Coastal Region",49.00511,-125.65145,2023,FALSE,0,NA,NA,0.7151,0.5478,0.8499
"MYVO","273050_SE",273050,"SE","South Coastal Region",49.00511,-125.65145,2024,TRUE,4,1,1,0.7038,0.5347,0.842
"MYVO","273050_SE",273050,"SE","South Coastal Region",49.00511,-125.65145,2025,TRUE,4,1,1,0.7118,0.5434,0.8491
"MYVO","283586_NE",283586,"NE","Northern Region",54.3558,-128.5366,2017,FALSE,0,NA,NA,0.5564,0.2079,0.9076
"MYVO","283586_NE",283586,"NE","Northern Region",54.3558,-128.5366,2018,TRUE,2,1,1,0.556,0.3028,0.8007
"MYVO","283586_NE",283586,"NE","Northern Region",54.3558,-128.5366,2019,TRUE,3,1,1,0.5268,0.3261,0.7335
"MYVO","283586_NE",283586,"NE","Northern Region",54.3558,-128.5366,2020,TRUE,4,1,1,0.5215,0.3213,0.7183
"MYVO","283586_NE",283586,"NE","Northern Region",54.3558,-128.5366,2021,FALSE,0,NA,NA,0.5717,0.3614,0.7571
"MYVO","283586_NE",283586,"NE","Northern Region",54.3558,-128.5366,2022,FALSE,0,NA,NA,0.5985,0.3849,0.7807
"MYVO","283586_NE",283586,"NE","Northern Region",54.3558,-128.5366,2023,TRUE,3,0,0.0122,0.6484,0.4354,0.8291
"MYVO","283586_NE",283586,"NE","Northern Region",54.3558,-128.5366,2024,TRUE,4,0,0,0.6538,0.4339,0.8323
"MYVO","283586_NE",283586,"NE","Northern Region",54.3558,-128.5366,2025,TRUE,4,0,9e-04,0.6689,0.4467,0.8476
"MYVO","283586_NW",283586,"NW","Northern Region",54.3321,-128.6266,2017,FALSE,0,NA,NA,0.5828,0.2824,0.8997
"MYVO","283586_NW",283586,"NW","Northern Region",54.3321,-128.6266,2018,TRUE,2,1,1,0.6235,0.4079,0.8358
"MYVO","283586_NW",283586,"NW","Northern Region",54.3321,-128.6266,2019,TRUE,3,1,1,0.6297,0.4619,0.7899
"MYVO","283586_NW",283586,"NW","Northern Region",54.3321,-128.6266,2020,TRUE,4,1,1,0.6422,0.4888,0.7839
"MYVO","283586_NW",283586,"NW","Northern Region",54.3321,-128.6266,2021,TRUE,3,0,0.778,0.6833,0.5231,0.8205
"MYVO","283586_NW",283586,"NW","Northern Region",54.3321,-128.6266,2022,TRUE,4,1,1,0.706,0.5434,0.8428
"MYVO","283586_NW",283586,"NW","Northern Region",54.3321,-128.6266,2023,TRUE,4,1,1,0.7481,0.587,0.8821
"MYVO","283586_NW",283586,"NW","Northern Region",54.3321,-128.6266,2024,TRUE,4,1,1,0.7526,0.5807,0.8858
"MYVO","283586_NW",283586,"NW","Northern Region",54.3321,-128.6266,2025,TRUE,4,1,1,0.7654,0.5895,0.8981
"MYVO","283586_SE",283586,"SE","Northern Region",54.31162,-128.54374,2017,FALSE,0,NA,NA,0.6175,0.2112,0.9388
"MYVO","283586_SE",283586,"SE","Northern Region",54.31162,-128.54374,2018,TRUE,2,1,1,0.6986,0.3977,0.9272
"MYVO","283586_SE",283586,"SE","Northern Region",54.31162,-128.54374,2019,TRUE,3,1,1,0.7431,0.4878,0.9148
"MYVO","283586_SE",283586,"SE","Northern Region",54.31162,-128.54374,2020,TRUE,4,1,1,0.7746,0.5512,0.9194
"MYVO","283586_SE",283586,"SE","Northern Region",54.31162,-128.54374,2021,TRUE,3,1,1,0.8209,0.6162,0.9412
"MYVO","283586_SE",283586,"SE","Northern Region",54.31162,-128.54374,2022,TRUE,4,1,1,0.8482,0.6612,0.9545
"MYVO","283586_SE",283586,"SE","Northern Region",54.31162,-128.54374,2023,TRUE,4,1,1,0.8782,0.7039,0.9694
"MYVO","283586_SE",283586,"SE","Northern Region",54.31162,-128.54374,2024,TRUE,4,1,1,0.8894,0.7281,0.972
"MYVO","283586_SE",283586,"SE","Northern Region",54.31162,-128.54374,2025,TRUE,2,1,1,0.9031,0.7546,0.9762
"MYVO","283586_SW",283586,"SW","Northern Region",54.2946,-128.581,2017,FALSE,0,NA,NA,0.5862,0.2453,0.9102
"MYVO","283586_SW",283586,"SW","Northern Region",54.2946,-128.581,2018,TRUE,2,0,0.1278,0.5787,0.3491,0.7987
"MYVO","283586_SW",283586,"SW","Northern Region",54.2946,-128.581,2019,TRUE,3,0,0.1602,0.5404,0.3531,0.7339
"MYVO","283586_SW",283586,"SW","Northern Region",54.2946,-128.581,2020,TRUE,4,1,1,0.5321,0.3352,0.7194
"MYVO","283586_SW",283586,"SW","Northern Region",54.2946,-128.581,2021,TRUE,4,1,1,0.5864,0.3867,0.7665
"MYVO","283586_SW",283586,"SW","Northern Region",54.2946,-128.581,2022,TRUE,4,1,1,0.6138,0.4121,0.7937
"MYVO","283586_SW",283586,"SW","Northern Region",54.2946,-128.581,2023,TRUE,4,1,1,0.667,0.4633,0.8385
"MYVO","283586_SW",283586,"SW","Northern Region",54.2946,-128.581,2024,TRUE,4,0,0.0027,0.6693,0.4535,0.8432
"MYVO","283586_SW",283586,"SW","Northern Region",54.2946,-128.581,2025,TRUE,4,0,0,0.6826,0.4638,0.8554
"MYVO","294832_NE",294832,"NE","Northern Region",56.3348,-120.97877,2017,TRUE,4,1,1,0.7512,0.45,0.9416
"MYVO","294832_NE",294832,"NE","Northern Region",56.3348,-120.97877,2018,TRUE,4,1,1,0.7947,0.6162,0.9248
"MYVO","294832_NE",294832,"NE","Northern Region",56.3348,-120.97877,2019,TRUE,2,1,1,0.8025,0.6618,0.9049
"MYVO","294832_NE",294832,"NE","Northern Region",56.3348,-120.97877,2020,TRUE,2,1,1,0.8117,0.6875,0.9084
"MYVO","294832_NE",294832,"NE","Northern Region",56.3348,-120.97877,2021,TRUE,4,1,1,0.8459,0.7329,0.928
"MYVO","294832_NE",294832,"NE","Northern Region",56.3348,-120.97877,2022,TRUE,4,1,1,0.8643,0.758,0.9421
"MYVO","294832_NE",294832,"NE","Northern Region",56.3348,-120.97877,2023,FALSE,0,NA,NA,0.8914,0.7901,0.9598
"MYVO","294832_NE",294832,"NE","Northern Region",56.3348,-120.97877,2024,TRUE,4,0,0.8316,0.895,0.7967,0.9623
"MYVO","294832_NE",294832,"NE","Northern Region",56.3348,-120.97877,2025,TRUE,4,1,1,0.9022,0.8044,0.966
"MYVO","294832_NW",294832,"NW","Northern Region",56.33264,-121.00747,2017,TRUE,4,1,1,0.7514,0.4822,0.9336
"MYVO","294832_NW",294832,"NW","Northern Region",56.33264,-121.00747,2018,TRUE,4,1,1,0.79,0.6376,0.9115
"MYVO","294832_NW",294832,"NW","Northern Region",56.33264,-121.00747,2019,TRUE,4,1,1,0.7905,0.6712,0.8883
"MYVO","294832_NW",294832,"NW","Northern Region",56.33264,-121.00747,2020,TRUE,4,1,1,0.7961,0.6788,0.8918
"MYVO","294832_NW",294832,"NW","Northern Region",56.33264,-121.00747,2021,TRUE,4,1,1,0.831,0.7261,0.9155
"MYVO","294832_NW",294832,"NW","Northern Region",56.33264,-121.00747,2022,TRUE,4,1,1,0.8493,0.7438,0.9294
"MYVO","294832_NW",294832,"NW","Northern Region",56.33264,-121.00747,2023,FALSE,0,NA,NA,0.8792,0.7797,0.9507
"MYVO","294832_NW",294832,"NW","Northern Region",56.33264,-121.00747,2024,TRUE,4,1,1,0.8814,0.7808,0.953
"MYVO","294832_NW",294832,"NW","Northern Region",56.33264,-121.00747,2025,TRUE,4,1,1,0.8883,0.7879,0.9562
"MYVO","294832_SE",294832,"SE","Northern Region",56.30206,-120.94608,2017,TRUE,4,1,1,0.7436,0.4782,0.9375
"MYVO","294832_SE",294832,"SE","Northern Region",56.30206,-120.94608,2018,TRUE,4,1,1,0.7473,0.5917,0.8833
"MYVO","294832_SE",294832,"SE","Northern Region",56.30206,-120.94608,2019,FALSE,0,NA,NA,0.7124,0.5754,0.8346
"MYVO","294832_SE",294832,"SE","Northern Region",56.30206,-120.94608,2020,TRUE,4,0,0.4202,0.7013,0.5551,0.8303
"MYVO","294832_SE",294832,"SE","Northern Region",56.30206,-120.94608,2021,TRUE,4,1,1,0.7444,0.606,0.8667
"MYVO","294832_SE",294832,"SE","Northern Region",56.30206,-120.94608,2022,TRUE,3,1,1,0.7612,0.6185,0.8816
"MYVO","294832_SE",294832,"SE","Northern Region",56.30206,-120.94608,2023,FALSE,0,NA,NA,0.8009,0.6554,0.9148
"MYVO","294832_SE",294832,"SE","Northern Region",56.30206,-120.94608,2024,TRUE,4,1,1,0.7986,0.6473,0.9124
"MYVO","294832_SE",294832,"SE","Northern Region",56.30206,-120.94608,2025,FALSE,0,NA,NA,0.8043,0.6493,0.9157
"MYVO","294832_SW",294832,"SW","Northern Region",56.30496,-121.00198,2017,TRUE,4,1,1,0.751,0.4565,0.9496
"MYVO","294832_SW",294832,"SW","Northern Region",56.30496,-121.00198,2018,FALSE,0,NA,NA,0.7324,0.5572,0.8805
"MYVO","294832_SW",294832,"SW","Northern Region",56.30496,-121.00198,2019,TRUE,4,1,1,0.6784,0.517,0.8225
"MYVO","294832_SW",294832,"SW","Northern Region",56.30496,-121.00198,2020,TRUE,4,1,1,0.6593,0.4888,0.8105
"MYVO","294832_SW",294832,"SW","Northern Region",56.30496,-121.00198,2021,TRUE,4,1,1,0.7011,0.534,0.8435
"MYVO","294832_SW",294832,"SW","Northern Region",56.30496,-121.00198,2022,TRUE,4,1,1,0.7201,0.5498,0.8645
"MYVO","294832_SW",294832,"SW","Northern Region",56.30496,-121.00198,2023,FALSE,0,NA,NA,0.7651,0.5872,0.9039
"MYVO","294832_SW",294832,"SW","Northern Region",56.30496,-121.00198,2024,TRUE,4,1,1,0.7611,0.5746,0.901
"MYVO","294832_SW",294832,"SW","Northern Region",56.30496,-121.00198,2025,TRUE,4,1,1,0.7666,0.5764,0.9017
"MYVO","317428_NE",317428,"NE","South Coastal Region",49.06292,-120.79944,2017,FALSE,0,NA,NA,0.8226,0.3723,0.9901
"MYVO","317428_NE",317428,"NE","South Coastal Region",49.06292,-120.79944,2018,TRUE,4,0,0.0471,0.584,0.3632,0.7819
"MYVO","317428_NE",317428,"NE","South Coastal Region",49.06292,-120.79944,2019,TRUE,4,0,0.1084,0.5322,0.3628,0.7015
"MYVO","317428_NE",317428,"NE","South Coastal Region",49.06292,-120.79944,2020,TRUE,4,0,0.0847,0.5277,0.3536,0.7036
"MYVO","317428_NE",317428,"NE","South Coastal Region",49.06292,-120.79944,2021,TRUE,4,1,1,0.6427,0.4706,0.7991
"MYVO","317428_NE",317428,"NE","South Coastal Region",49.06292,-120.79944,2022,TRUE,4,1,1,0.6496,0.4671,0.8066
"MYVO","317428_NE",317428,"NE","South Coastal Region",49.06292,-120.79944,2023,TRUE,4,1,1,0.7439,0.5706,0.8853
"MYVO","317428_NE",317428,"NE","South Coastal Region",49.06292,-120.79944,2024,TRUE,4,1,1,0.6702,0.4773,0.8326
"MYVO","317428_NE",317428,"NE","South Coastal Region",49.06292,-120.79944,2025,TRUE,4,1,1,0.6755,0.493,0.83
"MYVO","317428_NW",317428,"NW","South Coastal Region",49.06417,-120.90943,2017,FALSE,0,NA,NA,0.8392,0.3555,0.9947
"MYVO","317428_NW",317428,"NW","South Coastal Region",49.06417,-120.90943,2018,TRUE,4,0,0.0367,0.5581,0.2661,0.8051
"MYVO","317428_NW",317428,"NW","South Coastal Region",49.06417,-120.90943,2019,TRUE,4,0,0.2251,0.5712,0.3775,0.7548
"MYVO","317428_NW",317428,"NW","South Coastal Region",49.06417,-120.90943,2020,TRUE,4,0,0.1262,0.5672,0.3626,0.7716
"MYVO","317428_NW",317428,"NW","South Coastal Region",49.06417,-120.90943,2021,TRUE,4,1,1,0.6876,0.4909,0.8568
"MYVO","317428_NW",317428,"NW","South Coastal Region",49.06417,-120.90943,2022,TRUE,4,1,1,0.6804,0.4721,0.8628
"MYVO","317428_NW",317428,"NW","South Coastal Region",49.06417,-120.90943,2023,TRUE,4,1,1,0.7794,0.5771,0.9276
"MYVO","317428_NW",317428,"NW","South Coastal Region",49.06417,-120.90943,2024,TRUE,4,1,1,0.6895,0.4542,0.8809
"MYVO","317428_NW",317428,"NW","South Coastal Region",49.06417,-120.90943,2025,TRUE,4,1,1,0.7061,0.5045,0.8816
"MYVO","317428_SE",317428,"SE","South Coastal Region",49.06053,-120.77309,2017,FALSE,0,NA,NA,0.819,0.376,0.9885
"MYVO","317428_SE",317428,"SE","South Coastal Region",49.06053,-120.77309,2018,TRUE,4,0,0.0204,0.53,0.3046,0.7382
"MYVO","317428_SE",317428,"SE","South Coastal Region",49.06053,-120.77309,2019,TRUE,4,1,1,0.4973,0.3288,0.6608
"MYVO","317428_SE",317428,"SE","South Coastal Region",49.06053,-120.77309,2020,TRUE,4,1,1,0.5077,0.3381,0.6779
"MYVO","317428_SE",317428,"SE","South Coastal Region",49.06053,-120.77309,2021,TRUE,4,1,1,0.6241,0.4541,0.782
"MYVO","317428_SE",317428,"SE","South Coastal Region",49.06053,-120.77309,2022,TRUE,4,0,0.0284,0.6276,0.4464,0.788
"MYVO","317428_SE",317428,"SE","South Coastal Region",49.06053,-120.77309,2023,TRUE,4,1,1,0.7254,0.5488,0.873
"MYVO","317428_SE",317428,"SE","South Coastal Region",49.06053,-120.77309,2024,TRUE,4,1,1,0.6454,0.4547,0.8108
"MYVO","317428_SE",317428,"SE","South Coastal Region",49.06053,-120.77309,2025,FALSE,0,NA,NA,0.653,0.4728,0.8099
"MYVO","317428_SW",317428,"SW","South Coastal Region",49.04617,-120.85085,2017,FALSE,0,NA,NA,0.8308,0.3258,0.9949
"MYVO","317428_SW",317428,"SW","South Coastal Region",49.04617,-120.85085,2018,TRUE,4,1,1,0.685,0.4328,0.8715
"MYVO","317428_SW",317428,"SW","South Coastal Region",49.04617,-120.85085,2019,TRUE,4,0,0.1584,0.6161,0.4067,0.8129
"MYVO","317428_SW",317428,"SW","South Coastal Region",49.04617,-120.85085,2020,TRUE,4,1,1,0.623,0.4013,0.8236
"MYVO","317428_SW",317428,"SW","South Coastal Region",49.04617,-120.85085,2021,TRUE,4,1,1,0.722,0.5036,0.8884
"MYVO","317428_SW",317428,"SW","South Coastal Region",49.04617,-120.85085,2022,TRUE,4,1,1,0.7412,0.5233,0.8978
"MYVO","317428_SW",317428,"SW","South Coastal Region",49.04617,-120.85085,2023,TRUE,4,1,1,0.814,0.6099,0.9421
"MYVO","317428_SW",317428,"SW","South Coastal Region",49.04617,-120.85085,2024,FALSE,0,NA,NA,0.7712,0.5544,0.9244
"MYVO","317428_SW",317428,"SW","South Coastal Region",49.04617,-120.85085,2025,FALSE,0,NA,NA,0.7723,0.5585,0.9219
"MYVO","326072_NE",326072,"NE","South Coastal Region",49.09743,-122.51957,2017,TRUE,3,1,1,0.5739,0.3162,0.8155
"MYVO","326072_NE",326072,"NE","South Coastal Region",49.09743,-122.51957,2018,TRUE,3,0,0.4684,0.6041,0.458,0.7399
"MYVO","326072_NE",326072,"NE","South Coastal Region",49.09743,-122.51957,2019,TRUE,3,1,1,0.5706,0.4369,0.7008
"MYVO","326072_NE",326072,"NE","South Coastal Region",49.09743,-122.51957,2020,TRUE,4,0,0.4011,0.5711,0.4261,0.7047
"MYVO","326072_NE",326072,"NE","South Coastal Region",49.09743,-122.51957,2021,TRUE,4,1,1,0.6611,0.5276,0.7801
"MYVO","326072_NE",326072,"NE","South Coastal Region",49.09743,-122.51957,2022,TRUE,4,1,1,0.6928,0.5661,0.8049
"MYVO","326072_NE",326072,"NE","South Coastal Region",49.09743,-122.51957,2023,TRUE,4,1,1,0.7636,0.6369,0.8661
"MYVO","326072_NE",326072,"NE","South Coastal Region",49.09743,-122.51957,2024,FALSE,0,NA,NA,0.7443,0.6158,0.8561
"MYVO","326072_NE",326072,"NE","South Coastal Region",49.09743,-122.51957,2025,FALSE,0,NA,NA,0.7482,0.6203,0.8572
"MYVO","326072_NW",326072,"NW","South Coastal Region",49.05235,-122.58989,2017,TRUE,4,1,1,0.5803,0.3302,0.8148
"MYVO","326072_NW",326072,"NW","South Coastal Region",49.05235,-122.58989,2018,TRUE,3,0,0.1556,0.6107,0.4634,0.7474
"MYVO","326072_NW",326072,"NW","South Coastal Region",49.05235,-122.58989,2019,TRUE,3,0,0.0556,0.581,0.442,0.7111
"MYVO","326072_NW",326072,"NW","South Coastal Region",49.05235,-122.58989,2020,TRUE,4,0,0.084,0.5834,0.4381,0.7173
"MYVO","326072_NW",326072,"NW","South Coastal Region",49.05235,-122.58989,2021,TRUE,4,1,1,0.6695,0.5277,0.7923
"MYVO","326072_NW",326072,"NW","South Coastal Region",49.05235,-122.58989,2022,TRUE,4,1,1,0.6968,0.5665,0.8093
"MYVO","326072_NW",326072,"NW","South Coastal Region",49.05235,-122.58989,2023,TRUE,3,1,1,0.7622,0.6346,0.8643
"MYVO","326072_NW",326072,"NW","South Coastal Region",49.05235,-122.58989,2024,TRUE,4,1,1,0.7411,0.611,0.853
"MYVO","326072_NW",326072,"NW","South Coastal Region",49.05235,-122.58989,2025,TRUE,4,1,1,0.7434,0.6121,0.853
"MYVO","326072_SE",326072,"SE","South Coastal Region",49.0144,-122.52755,2017,TRUE,4,1,1,0.5732,0.3273,0.806
"MYVO","326072_SE",326072,"SE","South Coastal Region",49.0144,-122.52755,2018,TRUE,3,0,0.1489,0.6157,0.4712,0.749
"MYVO","326072_SE",326072,"SE","South Coastal Region",49.0144,-122.52755,2019,TRUE,3,0,0.0564,0.5925,0.4565,0.7174
"MYVO","326072_SE",326072,"SE","South Coastal Region",49.0144,-122.52755,2020,TRUE,4,0,0.0789,0.5976,0.4555,0.7278
"MYVO","326072_SE",326072,"SE","South Coastal Region",49.0144,-122.52755,2021,TRUE,4,1,1,0.6831,0.545,0.7998
"MYVO","326072_SE",326072,"SE","South Coastal Region",49.0144,-122.52755,2022,TRUE,4,1,1,0.7151,0.5887,0.822
"MYVO","326072_SE",326072,"SE","South Coastal Region",49.0144,-122.52755,2023,FALSE,0,NA,NA,0.7756,0.6532,0.8726
"MYVO","326072_SE",326072,"SE","South Coastal Region",49.0144,-122.52755,2024,FALSE,0,NA,NA,0.7553,0.6315,0.8602
"MYVO","326072_SE",326072,"SE","South Coastal Region",49.0144,-122.52755,2025,FALSE,0,NA,NA,0.7574,0.6357,0.8613
"MYVO","326072_SW",326072,"SW","South Coastal Region",49.01082,-122.58104,2017,TRUE,4,1,1,0.5938,0.2766,0.8859
"MYVO","326072_SW",326072,"SW","South Coastal Region",49.01082,-122.58104,2018,TRUE,3,1,1,0.7223,0.5469,0.8596
"MYVO","326072_SW",326072,"SW","South Coastal Region",49.01082,-122.58104,2019,TRUE,3,1,1,0.7478,0.6181,0.8551
"MYVO","326072_SW",326072,"SW","South Coastal Region",49.01082,-122.58104,2020,TRUE,4,1,1,0.7713,0.6368,0.8774
"MYVO","326072_SW",326072,"SW","South Coastal Region",49.01082,-122.58104,2021,TRUE,4,1,1,0.8396,0.7295,0.9232
"MYVO","326072_SW",326072,"SW","South Coastal Region",49.01082,-122.58104,2022,TRUE,4,1,1,0.8645,0.7634,0.9387
"MYVO","326072_SW",326072,"SW","South Coastal Region",49.01082,-122.58104,2023,TRUE,4,1,1,0.8984,0.8126,0.9589
"MYVO","326072_SW",326072,"SW","South Coastal Region",49.01082,-122.58104,2024,TRUE,4,1,1,0.8812,0.7807,0.9513
"MYVO","326072_SW",326072,"SW","South Coastal Region",49.01082,-122.58104,2025,TRUE,4,1,1,0.881,0.7806,0.95
"MYVO","37274_NE",37274,"NE","Northern Region",53.08874,-119.20318,2017,FALSE,0,NA,NA,0.808,0.5276,0.9666
"MYVO","37274_NE",37274,"NE","Northern Region",53.08874,-119.20318,2018,TRUE,4,1,1,0.8099,0.6311,0.9351
"MYVO","37274_NE",37274,"NE","Northern Region",53.08874,-119.20318,2019,TRUE,3,0,0.1224,0.7838,0.6254,0.9048
"MYVO","37274_NE",37274,"NE","Northern Region",53.08874,-119.20318,2020,TRUE,4,0,0.0084,0.7739,0.6081,0.8993
"MYVO","37274_NE",37274,"NE","Northern Region",53.08874,-119.20318,2021,TRUE,4,0,0.0022,0.8061,0.6515,0.9187
"MYVO","37274_NE",37274,"NE","Northern Region",53.08874,-119.20318,2022,TRUE,3,0,0.0047,0.8223,0.6676,0.9312
"MYVO","37274_NE",37274,"NE","Northern Region",53.08874,-119.20318,2023,FALSE,0,NA,NA,0.8519,0.7016,0.9514
"MYVO","37274_NE",37274,"NE","Northern Region",53.08874,-119.20318,2024,TRUE,3,0,0.0538,0.8532,0.6992,0.9534
"MYVO","37274_NE",37274,"NE","Northern Region",53.08874,-119.20318,2025,FALSE,0,NA,NA,0.8594,0.7038,0.9564
"MYVO","37274_SE",37274,"SE","Northern Region",53.05051,-119.21418,2017,FALSE,0,NA,NA,0.782,0.5224,0.9496
"MYVO","37274_SE",37274,"SE","Northern Region",53.05051,-119.21418,2018,TRUE,4,1,1,0.8045,0.6668,0.9141
"MYVO","37274_SE",37274,"SE","Northern Region",53.05051,-119.21418,2019,TRUE,3,1,1,0.7808,0.6549,0.8849
"MYVO","37274_SE",37274,"SE","Northern Region",53.05051,-119.21418,2020,FALSE,0,NA,NA,0.7762,0.6372,0.8862
"MYVO","37274_SE",37274,"SE","Northern Region",53.05051,-119.21418,2021,TRUE,4,1,1,0.8215,0.6937,0.9225
"MYVO","37274_SE",37274,"SE","Northern Region",53.05051,-119.21418,2022,TRUE,3,1,1,0.8418,0.712,0.9377
"MYVO","37274_SE",37274,"SE","Northern Region",53.05051,-119.21418,2023,FALSE,0,NA,NA,0.8771,0.746,0.9621
"MYVO","37274_SE",37274,"SE","Northern Region",53.05051,-119.21418,2024,TRUE,3,1,1,0.8746,0.7421,0.9578
"MYVO","37274_SE",37274,"SE","Northern Region",53.05051,-119.21418,2025,FALSE,0,NA,NA,0.8792,0.7489,0.9576
"MYVO","37274_SW",37274,"SW","Northern Region",53.03564,-119.22895,2017,FALSE,0,NA,NA,0.7557,0.4586,0.9525
"MYVO","37274_SW",37274,"SW","Northern Region",53.03564,-119.22895,2018,TRUE,3,1,1,0.7256,0.5452,0.8797
"MYVO","37274_SW",37274,"SW","Northern Region",53.03564,-119.22895,2019,TRUE,3,1,1,0.6632,0.4977,0.8121
"MYVO","37274_SW",37274,"SW","Northern Region",53.03564,-119.22895,2020,TRUE,4,0,0.6676,0.6371,0.4626,0.7919
"MYVO","37274_SW",37274,"SW","Northern Region",53.03564,-119.22895,2021,TRUE,3,1,1,0.6835,0.5146,0.8299
"MYVO","37274_SW",37274,"SW","Northern Region",53.03564,-119.22895,2022,TRUE,3,1,1,0.7044,0.5318,0.8543
"MYVO","37274_SW",37274,"SW","Northern Region",53.03564,-119.22895,2023,FALSE,0,NA,NA,0.7516,0.5684,0.8981
"MYVO","37274_SW",37274,"SW","Northern Region",53.03564,-119.22895,2024,TRUE,3,1,1,0.7479,0.5544,0.8944
"MYVO","37274_SW",37274,"SW","Northern Region",53.03564,-119.22895,2025,FALSE,0,NA,NA,0.7539,0.5577,0.8962
"MYVO","38442_NW",38442,"NW","Okanagan Region",51.51999,-122.28978,2017,FALSE,0,NA,NA,0.4609,0.182,0.7821
"MYVO","38442_NW",38442,"NW","Okanagan Region",51.51999,-122.28978,2018,TRUE,3,1,1,0.6262,0.4817,0.7604
"MYVO","38442_NW",38442,"NW","Okanagan Region",51.51999,-122.28978,2019,FALSE,0,NA,NA,0.6003,0.4657,0.7312
"MYVO","38442_NW",38442,"NW","Okanagan Region",51.51999,-122.28978,2020,TRUE,4,1,1,0.6209,0.4776,0.7607
"MYVO","38442_NW",38442,"NW","Okanagan Region",51.51999,-122.28978,2021,TRUE,4,1,1,0.7269,0.5933,0.8375
"MYVO","38442_NW",38442,"NW","Okanagan Region",51.51999,-122.28978,2022,FALSE,0,NA,NA,0.7509,0.6287,0.8592
"MYVO","38442_NW",38442,"NW","Okanagan Region",51.51999,-122.28978,2023,TRUE,4,1,1,0.8251,0.7106,0.9149
"MYVO","38442_NW",38442,"NW","Okanagan Region",51.51999,-122.28978,2024,TRUE,4,1,1,0.7859,0.6589,0.8889
"MYVO","38442_NW",38442,"NW","Okanagan Region",51.51999,-122.28978,2025,TRUE,4,1,1,0.7859,0.6654,0.8844
"MYVO","38442_SW",38442,"SW","Okanagan Region",51.50238,-122.28992,2017,FALSE,0,NA,NA,0.4674,0.1853,0.7868
"MYVO","38442_SW",38442,"SW","Okanagan Region",51.50238,-122.28992,2018,TRUE,3,0,0.1178,0.6402,0.4968,0.7719
"MYVO","38442_SW",38442,"SW","Okanagan Region",51.50238,-122.28992,2019,TRUE,4,0,0.1589,0.6146,0.4794,0.7436
"MYVO","38442_SW",38442,"SW","Okanagan Region",51.50238,-122.28992,2020,TRUE,4,1,1,0.6361,0.4941,0.7741
"MYVO","38442_SW",38442,"SW","Okanagan Region",51.50238,-122.28992,2021,TRUE,4,1,1,0.7407,0.6107,0.8478
"MYVO","38442_SW",38442,"SW","Okanagan Region",51.50238,-122.28992,2022,TRUE,4,1,1,0.7633,0.6451,0.8696
"MYVO","38442_SW",38442,"SW","Okanagan Region",51.50238,-122.28992,2023,TRUE,4,0,0.4667,0.8354,0.7244,0.9218
"MYVO","38442_SW",38442,"SW","Okanagan Region",51.50238,-122.28992,2024,TRUE,4,1,1,0.7962,0.6697,0.8963
"MYVO","38442_SW",38442,"SW","Okanagan Region",51.50238,-122.28992,2025,FALSE,0,NA,NA,0.7961,0.6758,0.8913
"MYVO","42026_NE",42026,"NE","Northern Region",55.85527,-121.65345,2017,FALSE,0,NA,NA,0.7632,0.4936,0.9396
"MYVO","42026_NE",42026,"NE","Northern Region",55.85527,-121.65345,2018,FALSE,0,NA,NA,0.7941,0.6447,0.911
"MYVO","42026_NE",42026,"NE","Northern Region",55.85527,-121.65345,2019,FALSE,0,NA,NA,0.7848,0.6681,0.8832
"MYVO","42026_NE",42026,"NE","Northern Region",55.85527,-121.65345,2020,FALSE,0,NA,NA,0.7864,0.6696,0.8832
"MYVO","42026_NE",42026,"NE","Northern Region",55.85527,-121.65345,2021,FALSE,0,NA,NA,0.8274,0.7199,0.9134
"MYVO","42026_NE",42026,"NE","Northern Region",55.85527,-121.65345,2022,TRUE,4,1,1,0.8481,0.7403,0.9305
"MYVO","42026_NE",42026,"NE","Northern Region",55.85527,-121.65345,2023,FALSE,0,NA,NA,0.8803,0.7757,0.9546
"MYVO","42026_NE",42026,"NE","Northern Region",55.85527,-121.65345,2024,TRUE,4,1,1,0.882,0.775,0.9557
"MYVO","42026_NE",42026,"NE","Northern Region",55.85527,-121.65345,2025,TRUE,4,1,1,0.8887,0.7844,0.9575
"MYVO","42026_NW",42026,"NW","Northern Region",55.83616,-121.71691,2017,FALSE,0,NA,NA,0.7542,0.5035,0.9323
"MYVO","42026_NW",42026,"NW","Northern Region",55.83616,-121.71691,2018,FALSE,0,NA,NA,0.7814,0.6463,0.8966
"MYVO","42026_NW",42026,"NW","Northern Region",55.83616,-121.71691,2019,FALSE,0,NA,NA,0.7655,0.6509,0.8658
"MYVO","42026_NW",42026,"NW","Northern Region",55.83616,-121.71691,2020,FALSE,0,NA,NA,0.7645,0.6421,0.8672
"MYVO","42026_NW",42026,"NW","Northern Region",55.83616,-121.71691,2021,FALSE,0,NA,NA,0.8086,0.6945,0.9032
"MYVO","42026_NW",42026,"NW","Northern Region",55.83616,-121.71691,2022,TRUE,3,0,0.4416,0.8303,0.7134,0.923
"MYVO","42026_NW",42026,"NW","Northern Region",55.83616,-121.71691,2023,FALSE,0,NA,NA,0.8657,0.7467,0.95
"MYVO","42026_NW",42026,"NW","Northern Region",55.83616,-121.71691,2024,TRUE,4,1,1,0.8664,0.7439,0.9492
"MYVO","42026_NW",42026,"NW","Northern Region",55.83616,-121.71691,2025,TRUE,3,1,1,0.873,0.7528,0.9512
"MYVO","42026_SE",42026,"SE","Northern Region",55.81797,-121.66405,2017,FALSE,0,NA,NA,0.7519,0.4778,0.936
"MYVO","42026_SE",42026,"SE","Northern Region",55.81797,-121.66405,2018,FALSE,0,NA,NA,0.7874,0.6299,0.9094
"MYVO","42026_SE",42026,"SE","Northern Region",55.81797,-121.66405,2019,FALSE,0,NA,NA,0.7833,0.6647,0.8827
"MYVO","42026_SE",42026,"SE","Northern Region",55.81797,-121.66405,2020,FALSE,0,NA,NA,0.7875,0.672,0.8836
"MYVO","42026_SE",42026,"SE","Northern Region",55.81797,-121.66405,2021,FALSE,0,NA,NA,0.8288,0.7243,0.9126
"MYVO","42026_SE",42026,"SE","Northern Region",55.81797,-121.66405,2022,TRUE,4,1,1,0.8501,0.7496,0.9299
"MYVO","42026_SE",42026,"SE","Northern Region",55.81797,-121.66405,2023,FALSE,0,NA,NA,0.882,0.7827,0.9522
"MYVO","42026_SE",42026,"SE","Northern Region",55.81797,-121.66405,2024,TRUE,4,1,1,0.8846,0.7836,0.9543
"MYVO","42026_SE",42026,"SE","Northern Region",55.81797,-121.66405,2025,TRUE,4,1,1,0.892,0.7936,0.9578
"MYVO","42026_SW",42026,"SW","Northern Region",55.81131,-121.70131,2017,FALSE,0,NA,NA,0.7512,0.4845,0.9329
"MYVO","42026_SW",42026,"SW","Northern Region",55.81131,-121.70131,2018,FALSE,0,NA,NA,0.7789,0.624,0.905
"MYVO","42026_SW",42026,"SW","Northern Region",55.81131,-121.70131,2019,FALSE,0,NA,NA,0.7716,0.6505,0.8749
"MYVO","42026_SW",42026,"SW","Northern Region",55.81131,-121.70131,2020,FALSE,0,NA,NA,0.7733,0.6546,0.8736
"MYVO","42026_SW",42026,"SW","Northern Region",55.81131,-121.70131,2021,FALSE,0,NA,NA,0.8127,0.7053,0.9005
"MYVO","42026_SW",42026,"SW","Northern Region",55.81131,-121.70131,2022,TRUE,4,1,1,0.8336,0.7297,0.9182
"MYVO","42026_SW",42026,"SW","Northern Region",55.81131,-121.70131,2023,FALSE,0,NA,NA,0.8658,0.7627,0.9416
"MYVO","42026_SW",42026,"SW","Northern Region",55.81131,-121.70131,2024,TRUE,4,1,1,0.8695,0.7655,0.9464
"MYVO","42026_SW",42026,"SW","Northern Region",55.81131,-121.70131,2025,TRUE,4,1,1,0.8777,0.7728,0.951
"MYVO","47210_NW",47210,"NW","Okanagan Region",49.84159,-119.9783,2017,FALSE,0,NA,NA,0.7224,0.3384,0.9607
"MYVO","47210_NW",47210,"NW","Okanagan Region",49.84159,-119.9783,2018,FALSE,0,NA,NA,0.4247,0.2144,0.6509
"MYVO","47210_NW",47210,"NW","Okanagan Region",49.84159,-119.9783,2019,FALSE,0,NA,NA,0.4803,0.3257,0.6445
"MYVO","47210_NW",47210,"NW","Okanagan Region",49.84159,-119.9783,2020,FALSE,0,NA,NA,0.4598,0.3145,0.6206
"MYVO","47210_NW",47210,"NW","Okanagan Region",49.84159,-119.9783,2021,FALSE,0,NA,NA,0.5771,0.42,0.7311
"MYVO","47210_NW",47210,"NW","Okanagan Region",49.84159,-119.9783,2022,FALSE,0,NA,NA,0.5458,0.3785,0.7213
"MYVO","47210_NW",47210,"NW","Okanagan Region",49.84159,-119.9783,2023,TRUE,4,1,1,0.6633,0.491,0.8274
"MYVO","47210_NW",47210,"NW","Okanagan Region",49.84159,-119.9783,2024,TRUE,4,1,1,0.5355,0.3596,0.712
"MYVO","47210_NW",47210,"NW","Okanagan Region",49.84159,-119.9783,2025,TRUE,4,1,1,0.5772,0.4155,0.7317
"MYVO","47210_SE",47210,"SE","Okanagan Region",49.79638,-119.86985,2017,FALSE,0,NA,NA,0.6487,0.329,0.9098
"MYVO","47210_SE",47210,"SE","Okanagan Region",49.79638,-119.86985,2018,FALSE,0,NA,NA,0.474,0.296,0.651
"MYVO","47210_SE",47210,"SE","Okanagan Region",49.79638,-119.86985,2019,FALSE,0,NA,NA,0.4525,0.3215,0.5972
"MYVO","47210_SE",47210,"SE","Okanagan Region",49.79638,-119.86985,2020,FALSE,0,NA,NA,0.4657,0.3235,0.6178
"MYVO","47210_SE",47210,"SE","Okanagan Region",49.79638,-119.86985,2021,FALSE,0,NA,NA,0.5775,0.431,0.7244
"MYVO","47210_SE",47210,"SE","Okanagan Region",49.79638,-119.86985,2022,FALSE,0,NA,NA,0.5651,0.4079,0.7199
"MYVO","47210_SE",47210,"SE","Okanagan Region",49.79638,-119.86985,2023,TRUE,4,1,1,0.6741,0.5154,0.8251
"MYVO","47210_SE",47210,"SE","Okanagan Region",49.79638,-119.86985,2024,TRUE,4,0,0.1027,0.5686,0.4021,0.7248
"MYVO","47210_SE",47210,"SE","Okanagan Region",49.79638,-119.86985,2025,TRUE,4,0,0.0527,0.5892,0.4387,0.7367
"MYVO","47210_SW",47210,"SW","Okanagan Region",49.79097,-119.95267,2017,FALSE,0,NA,NA,0.7082,0.3374,0.9513
"MYVO","47210_SW",47210,"SW","Okanagan Region",49.79097,-119.95267,2018,FALSE,0,NA,NA,0.5347,0.3528,0.7039
"MYVO","47210_SW",47210,"SW","Okanagan Region",49.79097,-119.95267,2019,FALSE,0,NA,NA,0.5108,0.3823,0.6387
"MYVO","47210_SW",47210,"SW","Okanagan Region",49.79097,-119.95267,2020,FALSE,0,NA,NA,0.5337,0.4006,0.6717
"MYVO","47210_SW",47210,"SW","Okanagan Region",49.79097,-119.95267,2021,FALSE,0,NA,NA,0.6489,0.5186,0.7783
"MYVO","47210_SW",47210,"SW","Okanagan Region",49.79097,-119.95267,2022,FALSE,0,NA,NA,0.6401,0.4937,0.7741
"MYVO","47210_SW",47210,"SW","Okanagan Region",49.79097,-119.95267,2023,TRUE,4,1,1,0.7474,0.6096,0.8693
"MYVO","47210_SW",47210,"SW","Okanagan Region",49.79097,-119.95267,2024,FALSE,0,NA,NA,0.6452,0.4915,0.7825
"MYVO","47210_SW",47210,"SW","Okanagan Region",49.79097,-119.95267,2025,TRUE,4,0,0.0602,0.6614,0.5261,0.7857
"MYVO","47322_NE",47322,"NE","Northern Region",55.69808,-120.43213,2017,TRUE,4,1,1,0.788,0.522,0.9578
"MYVO","47322_NE",47322,"NE","Northern Region",55.69808,-120.43213,2018,TRUE,4,1,1,0.738,0.574,0.8807
"MYVO","47322_NE",47322,"NE","Northern Region",55.69808,-120.43213,2019,TRUE,4,1,1,0.6628,0.5118,0.8112
"MYVO","47322_NE",47322,"NE","Northern Region",55.69808,-120.43213,2020,TRUE,4,1,1,0.6364,0.4747,0.7889
"MYVO","47322_NE",47322,"NE","Northern Region",55.69808,-120.43213,2021,TRUE,4,1,1,0.6858,0.5318,0.8226
"MYVO","47322_NE",47322,"NE","Northern Region",55.69808,-120.43213,2022,TRUE,4,1,1,0.708,0.5506,0.8446
"MYVO","47322_NE",47322,"NE","Northern Region",55.69808,-120.43213,2023,FALSE,0,NA,NA,0.7575,0.594,0.8871
"MYVO","47322_NE",47322,"NE","Northern Region",55.69808,-120.43213,2024,TRUE,4,1,1,0.7533,0.5846,0.8857
"MYVO","47322_NE",47322,"NE","Northern Region",55.69808,-120.43213,2025,TRUE,4,1,1,0.7596,0.5872,0.8874
"MYVO","47322_NW",47322,"NW","Northern Region",55.70016,-120.48989,2017,TRUE,4,1,1,0.7421,0.4856,0.9349
"MYVO","47322_NW",47322,"NW","Northern Region",55.70016,-120.48989,2018,FALSE,0,NA,NA,0.739,0.5912,0.8736
"MYVO","47322_NW",47322,"NW","Northern Region",55.70016,-120.48989,2019,TRUE,4,1,1,0.698,0.5666,0.8187
"MYVO","47322_NW",47322,"NW","Northern Region",55.70016,-120.48989,2020,TRUE,4,1,1,0.6851,0.5463,0.809
"MYVO","47322_NW",47322,"NW","Northern Region",55.70016,-120.48989,2021,TRUE,4,1,1,0.7327,0.6003,0.8472
"MYVO","47322_NW",47322,"NW","Northern Region",55.70016,-120.48989,2022,TRUE,4,1,1,0.7559,0.6202,0.872
"MYVO","47322_NW",47322,"NW","Northern Region",55.70016,-120.48989,2023,FALSE,0,NA,NA,0.7998,0.6573,0.9102
"MYVO","47322_NW",47322,"NW","Northern Region",55.70016,-120.48989,2024,TRUE,4,1,1,0.7995,0.6546,0.9113
"MYVO","47322_NW",47322,"NW","Northern Region",55.70016,-120.48989,2025,FALSE,0,NA,NA,0.807,0.6592,0.9141
"MYVO","47322_SE",47322,"SE","Northern Region",55.64597,-120.40102,2017,TRUE,4,1,1,0.7765,0.496,0.957
"MYVO","47322_SE",47322,"SE","Northern Region",55.64597,-120.40102,2018,TRUE,4,1,1,0.717,0.5432,0.8708
"MYVO","47322_SE",47322,"SE","Northern Region",55.64597,-120.40102,2019,TRUE,4,1,1,0.6349,0.4717,0.7917
"MYVO","47322_SE",47322,"SE","Northern Region",55.64597,-120.40102,2020,TRUE,2,1,1,0.606,0.4364,0.769
"MYVO","47322_SE",47322,"SE","Northern Region",55.64597,-120.40102,2021,FALSE,0,NA,NA,0.6568,0.4925,0.8051
"MYVO","47322_SE",47322,"SE","Northern Region",55.64597,-120.40102,2022,TRUE,4,1,1,0.6791,0.5095,0.8272
"MYVO","47322_SE",47322,"SE","Northern Region",55.64597,-120.40102,2023,FALSE,0,NA,NA,0.7312,0.5552,0.8743
"MYVO","47322_SE",47322,"SE","Northern Region",55.64597,-120.40102,2024,FALSE,0,NA,NA,0.726,0.5433,0.8699
"MYVO","47322_SE",47322,"SE","Northern Region",55.64597,-120.40102,2025,FALSE,0,NA,NA,0.7323,0.5449,0.8737
"MYVO","47322_SW",47322,"SW","Northern Region",55.65446,-120.49465,2017,TRUE,4,0,0.4847,0.7543,0.4965,0.9329
"MYVO","47322_SW",47322,"SW","Northern Region",55.65446,-120.49465,2018,TRUE,4,1,1,0.7739,0.6321,0.8942
"MYVO","47322_SW",47322,"SW","Northern Region",55.65446,-120.49465,2019,TRUE,2,1,1,0.7551,0.6396,0.8594
"MYVO","47322_SW",47322,"SW","Northern Region",55.65446,-120.49465,2020,TRUE,4,1,1,0.7524,0.633,0.8535
"MYVO","47322_SW",47322,"SW","Northern Region",55.65446,-120.49465,2021,TRUE,4,1,1,0.7962,0.6903,0.887
"MYVO","47322_SW",47322,"SW","Northern Region",55.65446,-120.49465,2022,TRUE,4,1,1,0.8184,0.7097,0.9069
"MYVO","47322_SW",47322,"SW","Northern Region",55.65446,-120.49465,2023,FALSE,0,NA,NA,0.8551,0.7481,0.9354
"MYVO","47322_SW",47322,"SW","Northern Region",55.65446,-120.49465,2024,TRUE,4,1,1,0.8567,0.7447,0.938
"MYVO","47322_SW",47322,"SW","Northern Region",55.65446,-120.49465,2025,TRUE,3,1,1,0.8643,0.7549,0.9418
"MYVO","57322_NE",57322,"NE","South Coastal Region",49.09454,-122.09881,2017,TRUE,4,1,1,0.5414,0.2613,0.811
"MYVO","57322_NE",57322,"NE","South Coastal Region",49.09454,-122.09881,2018,TRUE,2,0,0.5267,0.5586,0.3989,0.715
"MYVO","57322_NE",57322,"NE","South Coastal Region",49.09454,-122.09881,2019,TRUE,4,1,1,0.5232,0.3816,0.6652
"MYVO","57322_NE",57322,"NE","South Coastal Region",49.09454,-122.09881,2020,TRUE,4,1,1,0.5259,0.3742,0.6722
"MYVO","57322_NE",57322,"NE","South Coastal Region",49.09454,-122.09881,2021,TRUE,4,1,1,0.6106,0.4578,0.7467
"MYVO","57322_NE",57322,"NE","South Coastal Region",49.09454,-122.09881,2022,TRUE,3,1,1,0.6431,0.4911,0.7744
"MYVO","57322_NE",57322,"NE","South Coastal Region",49.09454,-122.09881,2023,TRUE,4,1,1,0.7155,0.5646,0.8399
"MYVO","57322_NE",57322,"NE","South Coastal Region",49.09454,-122.09881,2024,FALSE,0,NA,NA,0.6995,0.5485,0.8297
"MYVO","57322_NE",57322,"NE","South Coastal Region",49.09454,-122.09881,2025,FALSE,0,NA,NA,0.7058,0.5525,0.835
"MYVO","57322_NW",57322,"NW","South Coastal Region",49.07915,-122.16077,2017,TRUE,4,1,1,0.5672,0.3033,0.8321
"MYVO","57322_NW",57322,"NW","South Coastal Region",49.07915,-122.16077,2018,TRUE,4,1,1,0.6549,0.5055,0.7919
"MYVO","57322_NW",57322,"NW","South Coastal Region",49.07915,-122.16077,2019,TRUE,4,1,1,0.6598,0.5341,0.7749
"MYVO","57322_NW",57322,"NW","South Coastal Region",49.07915,-122.16077,2020,TRUE,4,0,0.5118,0.6783,0.5445,0.7957
"MYVO","57322_NW",57322,"NW","South Coastal Region",49.07915,-122.16077,2021,TRUE,4,1,1,0.7582,0.6434,0.8592
"MYVO","57322_NW",57322,"NW","South Coastal Region",49.07915,-122.16077,2022,TRUE,4,1,1,0.7915,0.6831,0.8819
"MYVO","57322_NW",57322,"NW","South Coastal Region",49.07915,-122.16077,2023,FALSE,0,NA,NA,0.8466,0.7474,0.9245
"MYVO","57322_NW",57322,"NW","South Coastal Region",49.07915,-122.16077,2024,FALSE,0,NA,NA,0.8384,0.7359,0.9191
"MYVO","57322_NW",57322,"NW","South Coastal Region",49.07915,-122.16077,2025,TRUE,4,1,1,0.8443,0.7396,0.9223
"MYVO","57322_SE",57322,"SE","South Coastal Region",49.0141,-122.09198,2017,FALSE,0,NA,NA,0.5968,0.2652,0.8806
"MYVO","57322_SE",57322,"SE","South Coastal Region",49.0141,-122.09198,2018,TRUE,3,0,0.0636,0.5167,0.3475,0.6819
"MYVO","57322_SE",57322,"SE","South Coastal Region",49.0141,-122.09198,2019,TRUE,3,1,1,0.4495,0.309,0.6058
"MYVO","57322_SE",57322,"SE","South Coastal Region",49.0141,-122.09198,2020,TRUE,4,0,0.1093,0.4538,0.3012,0.6151
"MYVO","57322_SE",57322,"SE","South Coastal Region",49.0141,-122.09198,2021,TRUE,4,1,1,0.5592,0.3933,0.7108
"MYVO","57322_SE",57322,"SE","South Coastal Region",49.0141,-122.09198,2022,TRUE,4,1,1,0.5802,0.4134,0.7374
"MYVO","57322_SE",57322,"SE","South Coastal Region",49.0141,-122.09198,2023,TRUE,4,1,1,0.669,0.4886,0.8205
"MYVO","57322_SE",57322,"SE","South Coastal Region",49.0141,-122.09198,2024,FALSE,0,NA,NA,0.6195,0.4418,0.7792
"MYVO","57322_SE",57322,"SE","South Coastal Region",49.0141,-122.09198,2025,TRUE,4,1,1,0.6221,0.4456,0.7758
"MYVO","57322_SW",57322,"SW","South Coastal Region",49.01663,-122.15131,2017,FALSE,0,NA,NA,0.575,0.2592,0.8763
"MYVO","57322_SW",57322,"SW","South Coastal Region",49.01663,-122.15131,2018,TRUE,4,1,1,0.7156,0.5507,0.8536
"MYVO","57322_SW",57322,"SW","South Coastal Region",49.01663,-122.15131,2019,TRUE,4,1,1,0.7351,0.5998,0.8521
"MYVO","57322_SW",57322,"SW","South Coastal Region",49.01663,-122.15131,2020,TRUE,4,1,1,0.7599,0.6157,0.8771
"MYVO","57322_SW",57322,"SW","South Coastal Region",49.01663,-122.15131,2021,TRUE,4,0,0.3051,0.8331,0.7121,0.923
"MYVO","57322_SW",57322,"SW","South Coastal Region",49.01663,-122.15131,2022,TRUE,4,1,1,0.86,0.7495,0.9396
"MYVO","57322_SW",57322,"SW","South Coastal Region",49.01663,-122.15131,2023,TRUE,3,1,1,0.9038,0.8089,0.9656
"MYVO","57322_SW",57322,"SW","South Coastal Region",49.01663,-122.15131,2024,FALSE,0,NA,NA,0.8923,0.7925,0.9595
"MYVO","57322_SW",57322,"SW","South Coastal Region",49.01663,-122.15131,2025,TRUE,2,1,1,0.8951,0.7955,0.9595
"MYVO","58842_NW",58842,"NW","Northern Region",54.79952,-121.1886,2017,FALSE,0,NA,NA,0.7691,0.5149,0.9437
"MYVO","58842_NW",58842,"NW","Northern Region",54.79952,-121.1886,2018,FALSE,0,NA,NA,0.6989,0.5064,0.8583
"MYVO","58842_NW",58842,"NW","Northern Region",54.79952,-121.1886,2019,FALSE,0,NA,NA,0.6157,0.4077,0.8014
"MYVO","58842_NW",58842,"NW","Northern Region",54.79952,-121.1886,2020,FALSE,0,NA,NA,0.6009,0.3869,0.7953
"MYVO","58842_NW",58842,"NW","Northern Region",54.79952,-121.1886,2021,FALSE,0,NA,NA,0.672,0.4645,0.8451
"MYVO","58842_NW",58842,"NW","Northern Region",54.79952,-121.1886,2022,FALSE,0,NA,NA,0.6972,0.4755,0.87
"MYVO","58842_NW",58842,"NW","Northern Region",54.79952,-121.1886,2023,FALSE,0,NA,NA,0.7589,0.5355,0.912
"MYVO","58842_NW",58842,"NW","Northern Region",54.79952,-121.1886,2024,TRUE,4,1,1,0.743,0.5229,0.9012
"MYVO","58842_NW",58842,"NW","Northern Region",54.79952,-121.1886,2025,TRUE,4,0,0.0329,0.747,0.5278,0.9041
"MYVO","58842_SE",58842,"SE","Northern Region",54.73781,-121.16052,2017,FALSE,0,NA,NA,0.797,0.5212,0.9639
"MYVO","58842_SE",58842,"SE","Northern Region",54.73781,-121.16052,2018,FALSE,0,NA,NA,0.6754,0.4614,0.8584
"MYVO","58842_SE",58842,"SE","Northern Region",54.73781,-121.16052,2019,FALSE,0,NA,NA,0.5657,0.3534,0.7732
"MYVO","58842_SE",58842,"SE","Northern Region",54.73781,-121.16052,2020,FALSE,0,NA,NA,0.5361,0.3268,0.7481
"MYVO","58842_SE",58842,"SE","Northern Region",54.73781,-121.16052,2021,FALSE,0,NA,NA,0.5997,0.3889,0.7893
"MYVO","58842_SE",58842,"SE","Northern Region",54.73781,-121.16052,2022,FALSE,0,NA,NA,0.6224,0.4058,0.8103
"MYVO","58842_SE",58842,"SE","Northern Region",54.73781,-121.16052,2023,FALSE,0,NA,NA,0.6854,0.4632,0.8655
"MYVO","58842_SE",58842,"SE","Northern Region",54.73781,-121.16052,2024,TRUE,4,1,1,0.6706,0.4448,0.8551
"MYVO","58842_SE",58842,"SE","Northern Region",54.73781,-121.16052,2025,TRUE,4,0,0.0242,0.6752,0.4477,0.8546
"MYVO","58842_SW",58842,"SW","Northern Region",54.75716,-121.25541,2017,FALSE,0,NA,NA,0.7946,0.5051,0.9663
"MYVO","58842_SW",58842,"SW","Northern Region",54.75716,-121.25541,2018,FALSE,0,NA,NA,0.6502,0.4289,0.8496
"MYVO","58842_SW",58842,"SW","Northern Region",54.75716,-121.25541,2019,FALSE,0,NA,NA,0.5342,0.3227,0.7528
"MYVO","58842_SW",58842,"SW","Northern Region",54.75716,-121.25541,2020,FALSE,0,NA,NA,0.5057,0.2989,0.7232
"MYVO","58842_SW",58842,"SW","Northern Region",54.75716,-121.25541,2021,FALSE,0,NA,NA,0.5741,0.3582,0.7739
"MYVO","58842_SW",58842,"SW","Northern Region",54.75716,-121.25541,2022,FALSE,0,NA,NA,0.5963,0.3744,0.7963
"MYVO","58842_SW",58842,"SW","Northern Region",54.75716,-121.25541,2023,FALSE,0,NA,NA,0.6632,0.4292,0.8563
"MYVO","58842_SW",58842,"SW","Northern Region",54.75716,-121.25541,2024,TRUE,4,1,1,0.6439,0.4069,0.8413
"MYVO","58842_SW",58842,"SW","Northern Region",54.75716,-121.25541,2025,TRUE,4,1,1,0.6475,0.408,0.8433
"MYVO","5994_NE",5994,"NE","Kootenay Region",49.26067,-115.24894,2017,FALSE,0,NA,NA,0.4549,0.2114,0.7249
"MYVO","5994_NE",5994,"NE","Kootenay Region",49.26067,-115.24894,2018,FALSE,0,NA,NA,0.6323,0.4745,0.7707
"MYVO","5994_NE",5994,"NE","Kootenay Region",49.26067,-115.24894,2019,FALSE,0,NA,NA,0.6496,0.5119,0.7778
"MYVO","5994_NE",5994,"NE","Kootenay Region",49.26067,-115.24894,2020,TRUE,4,1,1,0.6764,0.5331,0.8063
"MYVO","5994_NE",5994,"NE","Kootenay Region",49.26067,-115.24894,2021,TRUE,4,1,1,0.7675,0.64,0.875
"MYVO","5994_NE",5994,"NE","Kootenay Region",49.26067,-115.24894,2022,TRUE,4,1,1,0.7978,0.6829,0.8921
"MYVO","5994_NE",5994,"NE","Kootenay Region",49.26067,-115.24894,2023,TRUE,4,1,1,0.8574,0.7525,0.9348
"MYVO","5994_NE",5994,"NE","Kootenay Region",49.26067,-115.24894,2024,TRUE,4,1,1,0.8387,0.7285,0.9214
"MYVO","5994_NE",5994,"NE","Kootenay Region",49.26067,-115.24894,2025,FALSE,0,NA,NA,0.8414,0.7384,0.9202
"MYVO","5994_SE",5994,"SE","Kootenay Region",49.21228,-115.26277,2017,FALSE,0,NA,NA,0.4741,0.234,0.744
"MYVO","5994_SE",5994,"SE","Kootenay Region",49.21228,-115.26277,2018,FALSE,0,NA,NA,0.5881,0.4317,0.7355
"MYVO","5994_SE",5994,"SE","Kootenay Region",49.21228,-115.26277,2019,FALSE,0,NA,NA,0.5761,0.4312,0.7202
"MYVO","5994_SE",5994,"SE","Kootenay Region",49.21228,-115.26277,2020,TRUE,4,1,1,0.5945,0.4431,0.7425
"MYVO","5994_SE",5994,"SE","Kootenay Region",49.21228,-115.26277,2021,TRUE,4,0,0.0631,0.6948,0.5499,0.8226
"MYVO","5994_SE",5994,"SE","Kootenay Region",49.21228,-115.26277,2022,TRUE,4,1,1,0.7256,0.5898,0.8411
"MYVO","5994_SE",5994,"SE","Kootenay Region",49.21228,-115.26277,2023,TRUE,4,1,1,0.7981,0.6707,0.8986
"MYVO","5994_SE",5994,"SE","Kootenay Region",49.21228,-115.26277,2024,TRUE,4,1,1,0.772,0.6382,0.8774
"MYVO","5994_SE",5994,"SE","Kootenay Region",49.21228,-115.26277,2025,FALSE,0,NA,NA,0.7741,0.6443,0.8805
"MYVO","60586_NW",60586,"NW","Kootenay Region",50.93041,-116.39001,2017,FALSE,0,NA,NA,0.4607,0.233,0.7246
"MYVO","60586_NW",60586,"NW","Kootenay Region",50.93041,-116.39001,2018,FALSE,0,NA,NA,0.6528,0.5097,0.782
"MYVO","60586_NW",60586,"NW","Kootenay Region",50.93041,-116.39001,2019,FALSE,0,NA,NA,0.6558,0.5304,0.776
"MYVO","60586_NW",60586,"NW","Kootenay Region",50.93041,-116.39001,2020,TRUE,4,1,1,0.6811,0.5462,0.8018
"MYVO","60586_NW",60586,"NW","Kootenay Region",50.93041,-116.39001,2021,TRUE,4,1,1,0.7767,0.6629,0.8694
"MYVO","60586_NW",60586,"NW","Kootenay Region",50.93041,-116.39001,2022,TRUE,4,1,1,0.8038,0.6979,0.8901
"MYVO","60586_NW",60586,"NW","Kootenay Region",50.93041,-116.39001,2023,TRUE,4,1,1,0.8656,0.7733,0.9361
"MYVO","60586_NW",60586,"NW","Kootenay Region",50.93041,-116.39001,2024,TRUE,4,1,1,0.835,0.7302,0.9134
"MYVO","60586_NW",60586,"NW","Kootenay Region",50.93041,-116.39001,2025,TRUE,4,1,1,0.8341,0.736,0.9116
"MYVO","60586_SW",60586,"SW","Kootenay Region",50.90342,-116.39335,2017,FALSE,0,NA,NA,0.5001,0.1132,0.8954
"MYVO","60586_SW",60586,"SW","Kootenay Region",50.90342,-116.39335,2018,FALSE,0,NA,NA,0.7312,0.4714,0.9055
"MYVO","60586_SW",60586,"SW","Kootenay Region",50.90342,-116.39335,2019,FALSE,0,NA,NA,0.789,0.5988,0.9109
"MYVO","60586_SW",60586,"SW","Kootenay Region",50.90342,-116.39335,2020,TRUE,4,1,1,0.825,0.6531,0.937
"MYVO","60586_SW",60586,"SW","Kootenay Region",50.90342,-116.39335,2021,TRUE,4,0,0.3878,0.8849,0.7441,0.9642
"MYVO","60586_SW",60586,"SW","Kootenay Region",50.90342,-116.39335,2022,TRUE,4,1,1,0.9068,0.7842,0.9732
"MYVO","60586_SW",60586,"SW","Kootenay Region",50.90342,-116.39335,2023,TRUE,3,1,1,0.9378,0.8368,0.9854
"MYVO","60586_SW",60586,"SW","Kootenay Region",50.90342,-116.39335,2024,TRUE,4,1,1,0.9316,0.8344,0.9831
"MYVO","60586_SW",60586,"SW","Kootenay Region",50.90342,-116.39335,2025,TRUE,4,1,1,0.935,0.8427,0.9835
"MYVO","6202_NE",6202,"NE","South Coastal Region",48.53741,-123.50119,2017,FALSE,0,NA,NA,0.639,0.3912,0.8643
"MYVO","6202_NE",6202,"NE","South Coastal Region",48.53741,-123.50119,2018,TRUE,4,1,1,0.6735,0.5366,0.7967
"MYVO","6202_NE",6202,"NE","South Coastal Region",48.53741,-123.50119,2019,TRUE,4,0,0.0584,0.6459,0.5232,0.7593
"MYVO","6202_NE",6202,"NE","South Coastal Region",48.53741,-123.50119,2020,FALSE,0,NA,NA,0.6538,0.5205,0.7723
"MYVO","6202_NE",6202,"NE","South Coastal Region",48.53741,-123.50119,2021,TRUE,4,0,0.0742,0.7377,0.624,0.837
"MYVO","6202_NE",6202,"NE","South Coastal Region",48.53741,-123.50119,2022,TRUE,4,1,1,0.7691,0.6601,0.8624
"MYVO","6202_NE",6202,"NE","South Coastal Region",48.53741,-123.50119,2023,TRUE,4,1,1,0.8294,0.7304,0.9083
"MYVO","6202_NE",6202,"NE","South Coastal Region",48.53741,-123.50119,2024,TRUE,3,0,0.3553,0.8134,0.7079,0.9007
"MYVO","6202_NE",6202,"NE","South Coastal Region",48.53741,-123.50119,2025,FALSE,0,NA,NA,0.8162,0.7093,0.9003
"MYVO","6202_NW",6202,"NW","South Coastal Region",48.50788,-123.60088,2017,FALSE,0,NA,NA,0.7132,0.4125,0.9281
"MYVO","6202_NW",6202,"NW","South Coastal Region",48.50788,-123.60088,2018,TRUE,4,0,0.0818,0.6377,0.4682,0.7925
"MYVO","6202_NW",6202,"NW","South Coastal Region",48.50788,-123.60088,2019,TRUE,3,0,0.0864,0.5649,0.4108,0.7251
"MYVO","6202_NW",6202,"NW","South Coastal Region",48.50788,-123.60088,2020,TRUE,4,0,0.0664,0.5698,0.4089,0.7292
"MYVO","6202_NW",6202,"NW","South Coastal Region",48.50788,-123.60088,2021,TRUE,4,0,0.0564,0.6706,0.5214,0.8065
"MYVO","6202_NW",6202,"NW","South Coastal Region",48.50788,-123.60088,2022,TRUE,2,0,0.2831,0.6985,0.5507,0.8289
"MYVO","6202_NW",6202,"NW","South Coastal Region",48.50788,-123.60088,2023,TRUE,3,1,1,0.7753,0.6331,0.888
"MYVO","6202_NW",6202,"NW","South Coastal Region",48.50788,-123.60088,2024,FALSE,0,NA,NA,0.7412,0.5941,0.8636
"MYVO","6202_NW",6202,"NW","South Coastal Region",48.50788,-123.60088,2025,FALSE,0,NA,NA,0.7426,0.5942,0.8628
"MYVO","6202_SE",6202,"SE","South Coastal Region",48.48934,-123.5079,2017,FALSE,0,NA,NA,0.6067,0.3653,0.8396
"MYVO","6202_SE",6202,"SE","South Coastal Region",48.48934,-123.5079,2018,TRUE,4,0,0.0233,0.6751,0.5435,0.792
"MYVO","6202_SE",6202,"SE","South Coastal Region",48.48934,-123.5079,2019,TRUE,4,0,0.0491,0.6602,0.5446,0.7676
"MYVO","6202_SE",6202,"SE","South Coastal Region",48.48934,-123.5079,2020,FALSE,0,NA,NA,0.6737,0.5463,0.7863
"MYVO","6202_SE",6202,"SE","South Coastal Region",48.48934,-123.5079,2021,TRUE,4,1,1,0.759,0.6569,0.8488
"MYVO","6202_SE",6202,"SE","South Coastal Region",48.48934,-123.5079,2022,TRUE,4,1,1,0.7874,0.6882,0.8715
"MYVO","6202_SE",6202,"SE","South Coastal Region",48.48934,-123.5079,2023,FALSE,0,NA,NA,0.8424,0.7527,0.9167
"MYVO","6202_SE",6202,"SE","South Coastal Region",48.48934,-123.5079,2024,FALSE,0,NA,NA,0.8218,0.7216,0.9042
"MYVO","6202_SE",6202,"SE","South Coastal Region",48.48934,-123.5079,2025,FALSE,0,NA,NA,0.8228,0.7239,0.9037
"MYVO","6202_SW",6202,"SW","South Coastal Region",48.48637,-123.54913,2017,FALSE,0,NA,NA,0.5545,0.3126,0.79
"MYVO","6202_SW",6202,"SW","South Coastal Region",48.48637,-123.54913,2018,TRUE,4,0,0.0422,0.6094,0.4685,0.7433
"MYVO","6202_SW",6202,"SW","South Coastal Region",48.48637,-123.54913,2019,TRUE,4,0,0.0224,0.5949,0.473,0.712
"MYVO","6202_SW",6202,"SW","South Coastal Region",48.48637,-123.54913,2020,TRUE,4,0,0.0398,0.6056,0.4713,0.7275
"MYVO","6202_SW",6202,"SW","South Coastal Region",48.48637,-123.54913,2021,TRUE,4,0,0.1362,0.691,0.5682,0.8021
"MYVO","6202_SW",6202,"SW","South Coastal Region",48.48637,-123.54913,2022,TRUE,4,1,1,0.7262,0.6096,0.8272
"MYVO","6202_SW",6202,"SW","South Coastal Region",48.48637,-123.54913,2023,FALSE,0,NA,NA,0.7903,0.6782,0.8833
"MYVO","6202_SW",6202,"SW","South Coastal Region",48.48637,-123.54913,2024,TRUE,3,1,1,0.7794,0.6662,0.8761
"MYVO","6202_SW",6202,"SW","South Coastal Region",48.48637,-123.54913,2025,TRUE,4,0,0.2327,0.7798,0.6649,0.8772
"MYVO","70250_NW",70250,"NW","Kootenay Region",51.24583,-116.91793,2017,FALSE,0,NA,NA,0.4534,0.2145,0.7273
"MYVO","70250_NW",70250,"NW","Kootenay Region",51.24583,-116.91793,2018,FALSE,0,NA,NA,0.6168,0.4651,0.7542
"MYVO","70250_NW",70250,"NW","Kootenay Region",51.24583,-116.91793,2019,FALSE,0,NA,NA,0.6144,0.4804,0.7464
"MYVO","70250_NW",70250,"NW","Kootenay Region",51.24583,-116.91793,2020,TRUE,4,1,1,0.6373,0.499,0.767
"MYVO","70250_NW",70250,"NW","Kootenay Region",51.24583,-116.91793,2021,TRUE,4,1,1,0.7373,0.6081,0.8454
"MYVO","70250_NW",70250,"NW","Kootenay Region",51.24583,-116.91793,2022,TRUE,4,1,1,0.7665,0.6468,0.8663
"MYVO","70250_NW",70250,"NW","Kootenay Region",51.24583,-116.91793,2023,TRUE,4,1,1,0.8346,0.7243,0.9177
"MYVO","70250_NW",70250,"NW","Kootenay Region",51.24583,-116.91793,2024,TRUE,4,1,1,0.8035,0.6876,0.8951
"MYVO","70250_NW",70250,"NW","Kootenay Region",51.24583,-116.91793,2025,TRUE,4,1,1,0.8032,0.689,0.8937
"MYVO","70250_SW",70250,"SW","Kootenay Region",51.20982,-116.89974,2017,FALSE,0,NA,NA,0.4716,0.212,0.7554
"MYVO","70250_SW",70250,"SW","Kootenay Region",51.20982,-116.89974,2018,FALSE,0,NA,NA,0.678,0.5196,0.8109
"MYVO","70250_SW",70250,"SW","Kootenay Region",51.20982,-116.89974,2019,FALSE,0,NA,NA,0.7082,0.5842,0.817
"MYVO","70250_SW",70250,"SW","Kootenay Region",51.20982,-116.89974,2020,TRUE,4,1,1,0.7378,0.6085,0.8493
"MYVO","70250_SW",70250,"SW","Kootenay Region",51.20982,-116.89974,2021,TRUE,4,0,0.3942,0.8203,0.7136,0.905
"MYVO","70250_SW",70250,"SW","Kootenay Region",51.20982,-116.89974,2022,TRUE,4,1,1,0.8476,0.7549,0.9212
"MYVO","70250_SW",70250,"SW","Kootenay Region",51.20982,-116.89974,2023,FALSE,0,NA,NA,0.8968,0.8182,0.9546
"MYVO","70250_SW",70250,"SW","Kootenay Region",51.20982,-116.89974,2024,FALSE,0,NA,NA,0.8809,0.7921,0.9442
"MYVO","70250_SW",70250,"SW","Kootenay Region",51.20982,-116.89974,2025,TRUE,4,1,1,0.8826,0.8018,0.9444
"MYVO","73002_NE",73002,"NE","Okanagan Region",50.85067,-121.87219,2017,TRUE,4,0,0.0718,0.4716,0.1932,0.7855
"MYVO","73002_NE",73002,"NE","Okanagan Region",50.85067,-121.87219,2018,TRUE,4,0,0.0489,0.5664,0.4203,0.7075
"MYVO","73002_NE",73002,"NE","Okanagan Region",50.85067,-121.87219,2019,TRUE,4,1,1,0.5239,0.3881,0.666
"MYVO","73002_NE",73002,"NE","Okanagan Region",50.85067,-121.87219,2020,TRUE,4,0,0.2227,0.5402,0.3921,0.6914
"MYVO","73002_NE",73002,"NE","Okanagan Region",50.85067,-121.87219,2021,TRUE,4,1,1,0.6514,0.498,0.785
"MYVO","73002_NE",73002,"NE","Okanagan Region",50.85067,-121.87219,2022,TRUE,4,1,1,0.6735,0.5269,0.8017
"MYVO","73002_NE",73002,"NE","Okanagan Region",50.85067,-121.87219,2023,FALSE,0,NA,NA,0.7589,0.6189,0.8728
"MYVO","73002_NE",73002,"NE","Okanagan Region",50.85067,-121.87219,2024,TRUE,4,1,1,0.7115,0.5675,0.8368
"MYVO","73002_NE",73002,"NE","Okanagan Region",50.85067,-121.87219,2025,TRUE,4,1,1,0.7122,0.5739,0.8304
"MYVO","73002_SE",73002,"SE","Okanagan Region",50.82484,-121.86896,2017,TRUE,4,0,0.1204,0.4738,0.1896,0.7921
"MYVO","73002_SE",73002,"SE","Okanagan Region",50.82484,-121.86896,2018,TRUE,4,0,0.0558,0.6128,0.4302,0.7721
"MYVO","73002_SE",73002,"SE","Okanagan Region",50.82484,-121.86896,2019,TRUE,4,1,1,0.541,0.3916,0.7091
"MYVO","73002_SE",73002,"SE","Okanagan Region",50.82484,-121.86896,2020,TRUE,4,0,0.1084,0.577,0.4136,0.7377
"MYVO","73002_SE",73002,"SE","Okanagan Region",50.82484,-121.86896,2021,TRUE,4,0,0.0596,0.688,0.5256,0.8314
"MYVO","73002_SE",73002,"SE","Okanagan Region",50.82484,-121.86896,2022,TRUE,4,1,1,0.6933,0.5199,0.8439
"MYVO","73002_SE",73002,"SE","Okanagan Region",50.82484,-121.86896,2023,TRUE,4,0,0.1142,0.7866,0.6279,0.9112
"MYVO","73002_SE",73002,"SE","Okanagan Region",50.82484,-121.86896,2024,TRUE,4,0,0.0509,0.709,0.5209,0.8685
"MYVO","73002_SE",73002,"SE","Okanagan Region",50.82484,-121.86896,2025,TRUE,4,0,0.0998,0.7175,0.547,0.8561
"MYVO","73002_SW",73002,"SW","Okanagan Region",50.80422,-121.87782,2017,TRUE,4,1,1,0.5123,0.2264,0.8106
"MYVO","73002_SW",73002,"SW","Okanagan Region",50.80422,-121.87782,2018,TRUE,4,1,1,0.5813,0.4367,0.7182
"MYVO","73002_SW",73002,"SW","Okanagan Region",50.80422,-121.87782,2019,TRUE,4,1,1,0.5165,0.3909,0.6507
"MYVO","73002_SW",73002,"SW","Okanagan Region",50.80422,-121.87782,2020,TRUE,4,0,0.0507,0.5448,0.4087,0.6855
"MYVO","73002_SW",73002,"SW","Okanagan Region",50.80422,-121.87782,2021,TRUE,4,0,0.0147,0.6613,0.5268,0.7859
"MYVO","73002_SW",73002,"SW","Okanagan Region",50.80422,-121.87782,2022,TRUE,4,1,1,0.6679,0.5263,0.7975
"MYVO","73002_SW",73002,"SW","Okanagan Region",50.80422,-121.87782,2023,TRUE,3,1,1,0.7637,0.6286,0.881
"MYVO","73002_SW",73002,"SW","Okanagan Region",50.80422,-121.87782,2024,TRUE,4,1,1,0.6873,0.5366,0.8249
"MYVO","73002_SW",73002,"SW","Okanagan Region",50.80422,-121.87782,2025,TRUE,4,0,0.0304,0.6926,0.5536,0.813
"MYVO","73786_NW",73786,"NW","South Coastal Region",49.12334,-123.06198,2017,TRUE,4,0,0.2411,0.5516,0.3032,0.7925
"MYVO","73786_NW",73786,"NW","South Coastal Region",49.12334,-123.06198,2018,TRUE,4,1,1,0.6258,0.4822,0.7572
"MYVO","73786_NW",73786,"NW","South Coastal Region",49.12334,-123.06198,2019,TRUE,3,0,0.1678,0.6169,0.4849,0.7373
"MYVO","73786_NW",73786,"NW","South Coastal Region",49.12334,-123.06198,2020,TRUE,4,0,0.0289,0.6304,0.4917,0.7575
"MYVO","73786_NW",73786,"NW","South Coastal Region",49.12334,-123.06198,2021,TRUE,3,0,0.0202,0.7166,0.5882,0.8263
"MYVO","73786_NW",73786,"NW","South Coastal Region",49.12334,-123.06198,2022,TRUE,3,0,0.0027,0.751,0.6289,0.8533
"MYVO","73786_NW",73786,"NW","South Coastal Region",49.12334,-123.06198,2023,TRUE,3,0,0.0038,0.8127,0.6924,0.9057
"MYVO","73786_NW",73786,"NW","South Coastal Region",49.12334,-123.06198,2024,TRUE,3,0,0.0062,0.7997,0.6794,0.8965
"MYVO","73786_NW",73786,"NW","South Coastal Region",49.12334,-123.06198,2025,TRUE,4,0,0.0078,0.8044,0.6859,0.8995
"MYVO","73786_SE",73786,"SE","South Coastal Region",49.12604,-123.00163,2017,TRUE,4,1,1,0.5361,0.2268,0.8333
"MYVO","73786_SE",73786,"SE","South Coastal Region",49.12604,-123.00163,2018,TRUE,2,0,0.3644,0.5649,0.3947,0.7284
"MYVO","73786_SE",73786,"SE","South Coastal Region",49.12604,-123.00163,2019,TRUE,2,0,0.3804,0.5298,0.3778,0.6852
"MYVO","73786_SE",73786,"SE","South Coastal Region",49.12604,-123.00163,2020,TRUE,4,1,1,0.5346,0.3687,0.6945
"MYVO","73786_SE",73786,"SE","South Coastal Region",49.12604,-123.00163,2021,TRUE,3,0,0.5478,0.626,0.4574,0.7724
"MYVO","73786_SE",73786,"SE","South Coastal Region",49.12604,-123.00163,2022,TRUE,4,1,1,0.6589,0.493,0.8
"MYVO","73786_SE",73786,"SE","South Coastal Region",49.12604,-123.00163,2023,TRUE,3,1,1,0.7315,0.5589,0.8638
"MYVO","73786_SE",73786,"SE","South Coastal Region",49.12604,-123.00163,2024,TRUE,3,1,1,0.7108,0.5381,0.8518
"MYVO","73786_SE",73786,"SE","South Coastal Region",49.12604,-123.00163,2025,TRUE,4,1,1,0.7153,0.5445,0.8535
"MYVO","73786_SW",73786,"SW","South Coastal Region",49.10823,-123.07992,2017,FALSE,0,NA,NA,0.5801,0.1799,0.9315
"MYVO","73786_SW",73786,"SW","South Coastal Region",49.10823,-123.07992,2018,TRUE,2,0,0.1573,0.7413,0.505,0.9107
"MYVO","73786_SW",73786,"SW","South Coastal Region",49.10823,-123.07992,2019,TRUE,3,0,0.0547,0.791,0.6239,0.9095
"MYVO","73786_SW",73786,"SW","South Coastal Region",49.10823,-123.07992,2020,TRUE,4,0,0.0187,0.8241,0.6716,0.9291
"MYVO","73786_SW",73786,"SW","South Coastal Region",49.10823,-123.07992,2021,TRUE,3,0,0.02,0.8813,0.7561,0.9585
"MYVO","73786_SW",73786,"SW","South Coastal Region",49.10823,-123.07992,2022,TRUE,3,0,0.0093,0.9049,0.795,0.9704
"MYVO","73786_SW",73786,"SW","South Coastal Region",49.10823,-123.07992,2023,TRUE,3,0,0.0924,0.9348,0.8439,0.9833
"MYVO","73786_SW",73786,"SW","South Coastal Region",49.10823,-123.07992,2024,FALSE,0,NA,NA,0.9314,0.8377,0.9826
"MYVO","73786_SW",73786,"SW","South Coastal Region",49.10823,-123.07992,2025,TRUE,4,1,1,0.9355,0.8455,0.9829
"MYVO","77162_NE",77162,"NE","Kootenay Region",50.95478,-118.09975,2017,TRUE,4,1,1,0.749,0.2893,0.9861
"MYVO","77162_NE",77162,"NE","Kootenay Region",50.95478,-118.09975,2018,TRUE,4,0,0.0589,0.6091,0.3411,0.8231
"MYVO","77162_NE",77162,"NE","Kootenay Region",50.95478,-118.09975,2019,TRUE,4,0,0.1567,0.5875,0.4144,0.7692
"MYVO","77162_NE",77162,"NE","Kootenay Region",50.95478,-118.09975,2020,TRUE,4,0,0.1524,0.6064,0.4202,0.7963
"MYVO","77162_NE",77162,"NE","Kootenay Region",50.95478,-118.09975,2021,TRUE,4,0,0.0713,0.7184,0.5463,0.8733
"MYVO","77162_NE",77162,"NE","Kootenay Region",50.95478,-118.09975,2022,FALSE,0,NA,NA,0.7178,0.5238,0.8828
"MYVO","77162_NE",77162,"NE","Kootenay Region",50.95478,-118.09975,2023,FALSE,0,NA,NA,0.8109,0.6373,0.937
"MYVO","77162_NE",77162,"NE","Kootenay Region",50.95478,-118.09975,2024,FALSE,0,NA,NA,0.7284,0.5135,0.896
"MYVO","77162_NE",77162,"NE","Kootenay Region",50.95478,-118.09975,2025,FALSE,0,NA,NA,0.7404,0.5529,0.8985
"MYVO","77162_SW",77162,"SW","Kootenay Region",50.886,-118.10586,2017,TRUE,4,1,1,0.3639,0.132,0.6579
"MYVO","77162_SW",77162,"SW","Kootenay Region",50.886,-118.10586,2018,TRUE,4,1,1,0.6017,0.4291,0.7559
"MYVO","77162_SW",77162,"SW","Kootenay Region",50.886,-118.10586,2019,TRUE,4,0,0.1569,0.647,0.5088,0.7773
"MYVO","77162_SW",77162,"SW","Kootenay Region",50.886,-118.10586,2020,TRUE,4,1,1,0.6824,0.5378,0.8087
"MYVO","77162_SW",77162,"SW","Kootenay Region",50.886,-118.10586,2021,TRUE,4,1,1,0.7742,0.6448,0.8775
"MYVO","77162_SW",77162,"SW","Kootenay Region",50.886,-118.10586,2022,TRUE,4,1,1,0.806,0.6905,0.8977
"MYVO","77162_SW",77162,"SW","Kootenay Region",50.886,-118.10586,2023,TRUE,4,1,1,0.8637,0.7582,0.9397
"MYVO","77162_SW",77162,"SW","Kootenay Region",50.886,-118.10586,2024,FALSE,0,NA,NA,0.8475,0.7386,0.9254
"MYVO","77162_SW",77162,"SW","Kootenay Region",50.886,-118.10586,2025,TRUE,2,1,1,0.8508,0.7495,0.9266
"MYVO","79018_NE",79018,"NE","Kootenay Region",50.2021,-116.91007,2017,TRUE,4,1,1,0.5106,0.2525,0.7983
"MYVO","79018_NE",79018,"NE","Kootenay Region",50.2021,-116.91007,2018,TRUE,4,1,1,0.6023,0.4535,0.7416
"MYVO","79018_NE",79018,"NE","Kootenay Region",50.2021,-116.91007,2019,TRUE,4,1,1,0.5614,0.4258,0.7068
"MYVO","79018_NE",79018,"NE","Kootenay Region",50.2021,-116.91007,2020,TRUE,4,0,0.1276,0.5821,0.4353,0.7218
"MYVO","79018_NE",79018,"NE","Kootenay Region",50.2021,-116.91007,2021,FALSE,0,NA,NA,0.6928,0.5599,0.812
"MYVO","79018_NE",79018,"NE","Kootenay Region",50.2021,-116.91007,2022,TRUE,4,1,1,0.7146,0.5825,0.8286
"MYVO","79018_NE",79018,"NE","Kootenay Region",50.2021,-116.91007,2023,TRUE,4,1,1,0.7964,0.6735,0.8968
"MYVO","79018_NE",79018,"NE","Kootenay Region",50.2021,-116.91007,2024,TRUE,4,0,0.1524,0.7485,0.6112,0.8594
"MYVO","79018_NE",79018,"NE","Kootenay Region",50.2021,-116.91007,2025,TRUE,4,1,1,0.7487,0.6154,0.8575
"MYVO","79018_NW",79018,"NW","Kootenay Region",50.19383,-116.94752,2017,TRUE,4,1,1,0.3802,0.1426,0.672
"MYVO","79018_NW",79018,"NW","Kootenay Region",50.19383,-116.94752,2018,FALSE,0,NA,NA,0.5643,0.3824,0.7298
"MYVO","79018_NW",79018,"NW","Kootenay Region",50.19383,-116.94752,2019,TRUE,4,1,1,0.5975,0.4484,0.7393
"MYVO","79018_NW",79018,"NW","Kootenay Region",50.19383,-116.94752,2020,TRUE,4,0,0.4862,0.6279,0.4751,0.7705
"MYVO","79018_NW",79018,"NW","Kootenay Region",50.19383,-116.94752,2021,TRUE,4,1,1,0.7227,0.5712,0.8469
"MYVO","79018_NW",79018,"NW","Kootenay Region",50.19383,-116.94752,2022,TRUE,3,1,1,0.7524,0.6163,0.8644
"MYVO","79018_NW",79018,"NW","Kootenay Region",50.19383,-116.94752,2023,TRUE,4,1,1,0.8163,0.6863,0.9136
"MYVO","79018_NW",79018,"NW","Kootenay Region",50.19383,-116.94752,2024,TRUE,4,1,1,0.7993,0.6685,0.8984
"MYVO","79018_NW",79018,"NW","Kootenay Region",50.19383,-116.94752,2025,TRUE,4,1,1,0.8035,0.6792,0.9014
"MYVO","79018_SE",79018,"SE","Kootenay Region",50.18723,-116.90419,2017,TRUE,4,0,0.0456,0.4782,0.215,0.7713
"MYVO","79018_SE",79018,"SE","Kootenay Region",50.18723,-116.90419,2018,FALSE,0,NA,NA,0.5429,0.3661,0.7118
"MYVO","79018_SE",79018,"SE","Kootenay Region",50.18723,-116.90419,2019,TRUE,4,0,0.0307,0.4941,0.3465,0.6679
"MYVO","79018_SE",79018,"SE","Kootenay Region",50.18723,-116.90419,2020,TRUE,4,0,0.0969,0.516,0.3504,0.6884
"MYVO","79018_SE",79018,"SE","Kootenay Region",50.18723,-116.90419,2021,TRUE,4,1,1,0.6274,0.4561,0.7889
"MYVO","79018_SE",79018,"SE","Kootenay Region",50.18723,-116.90419,2022,TRUE,4,1,1,0.6379,0.4637,0.801
"MYVO","79018_SE",79018,"SE","Kootenay Region",50.18723,-116.90419,2023,TRUE,4,1,1,0.7323,0.555,0.8753
"MYVO","79018_SE",79018,"SE","Kootenay Region",50.18723,-116.90419,2024,TRUE,3,1,1,0.6626,0.4737,0.8256
"MYVO","79018_SE",79018,"SE","Kootenay Region",50.18723,-116.90419,2025,TRUE,4,1,1,0.6692,0.4936,0.8254
"MYVO","79018_SW",79018,"SW","Kootenay Region",50.17771,-116.95968,2017,TRUE,4,1,1,0.3951,0.1381,0.7034
"MYVO","79018_SW",79018,"SW","Kootenay Region",50.17771,-116.95968,2018,FALSE,0,NA,NA,0.6302,0.4434,0.7922
"MYVO","79018_SW",79018,"SW","Kootenay Region",50.17771,-116.95968,2019,TRUE,4,1,1,0.6935,0.5418,0.8187
"MYVO","79018_SW",79018,"SW","Kootenay Region",50.17771,-116.95968,2020,TRUE,3,1,1,0.7345,0.5872,0.8557
"MYVO","79018_SW",79018,"SW","Kootenay Region",50.17771,-116.95968,2021,TRUE,3,1,1,0.8155,0.6844,0.9113
"MYVO","79018_SW",79018,"SW","Kootenay Region",50.17771,-116.95968,2022,TRUE,4,1,1,0.8465,0.7314,0.9279
"MYVO","79018_SW",79018,"SW","Kootenay Region",50.17771,-116.95968,2023,TRUE,4,1,1,0.8934,0.7928,0.9581
"MYVO","79018_SW",79018,"SW","Kootenay Region",50.17771,-116.95968,2024,TRUE,4,1,1,0.885,0.788,0.9522
"MYVO","79018_SW",79018,"SW","Kootenay Region",50.17771,-116.95968,2025,FALSE,0,NA,NA,0.8895,0.7991,0.9529
"MYVO","86074_NE",86074,"NE","South Coastal Region",49.23087,-122.3056,2017,TRUE,4,1,1,0.6288,0.3854,0.8448
"MYVO","86074_NE",86074,"NE","South Coastal Region",49.23087,-122.3056,2018,TRUE,3,0,0.054,0.5451,0.3637,0.7233
"MYVO","86074_NE",86074,"NE","South Coastal Region",49.23087,-122.3056,2019,FALSE,0,NA,NA,0.4813,0.3184,0.6652
"MYVO","86074_NE",86074,"NE","South Coastal Region",49.23087,-122.3056,2020,TRUE,3,1,1,0.49,0.3121,0.6798
"MYVO","86074_NE",86074,"NE","South Coastal Region",49.23087,-122.3056,2021,TRUE,4,1,1,0.5961,0.4103,0.7718
"MYVO","86074_NE",86074,"NE","South Coastal Region",49.23087,-122.3056,2022,TRUE,4,0,0.0038,0.6155,0.4277,0.789
"MYVO","86074_NE",86074,"NE","South Coastal Region",49.23087,-122.3056,2023,TRUE,4,0,0.0013,0.7034,0.5082,0.8611
"MYVO","86074_NE",86074,"NE","South Coastal Region",49.23087,-122.3056,2024,TRUE,4,0,0.0064,0.6511,0.454,0.8224
"MYVO","86074_NE",86074,"NE","South Coastal Region",49.23087,-122.3056,2025,FALSE,0,NA,NA,0.6551,0.4595,0.8176
"MYVO","86074_NW",86074,"NW","South Coastal Region",49.18442,-122.40331,2017,TRUE,4,1,1,0.5667,0.3104,0.8247
"MYVO","86074_NW",86074,"NW","South Coastal Region",49.18442,-122.40331,2018,FALSE,0,NA,NA,0.6577,0.5156,0.7882
"MYVO","86074_NW",86074,"NW","South Coastal Region",49.18442,-122.40331,2019,FALSE,0,NA,NA,0.6613,0.5449,0.7701
"MYVO","86074_NW",86074,"NW","South Coastal Region",49.18442,-122.40331,2020,TRUE,4,1,1,0.6797,0.5522,0.793
"MYVO","86074_NW",86074,"NW","South Coastal Region",49.18442,-122.40331,2021,FALSE,0,NA,NA,0.7612,0.6541,0.8556
"MYVO","86074_NW",86074,"NW","South Coastal Region",49.18442,-122.40331,2022,TRUE,4,1,1,0.7945,0.6967,0.8803
"MYVO","86074_NW",86074,"NW","South Coastal Region",49.18442,-122.40331,2023,FALSE,0,NA,NA,0.8501,0.7572,0.9235
"MYVO","86074_NW",86074,"NW","South Coastal Region",49.18442,-122.40331,2024,FALSE,0,NA,NA,0.8404,0.7419,0.9191
"MYVO","86074_NW",86074,"NW","South Coastal Region",49.18442,-122.40331,2025,FALSE,0,NA,NA,0.8454,0.7466,0.9213
"MYVO","86074_SE",86074,"SE","South Coastal Region",49.16962,-122.3193,2017,TRUE,4,0,0.0607,0.6153,0.2773,0.9123
"MYVO","86074_SE",86074,"SE","South Coastal Region",49.16962,-122.3193,2018,FALSE,0,NA,NA,0.7264,0.5562,0.8657
"MYVO","86074_SE",86074,"SE","South Coastal Region",49.16962,-122.3193,2019,FALSE,0,NA,NA,0.7381,0.6088,0.8496
"MYVO","86074_SE",86074,"SE","South Coastal Region",49.16962,-122.3193,2020,TRUE,4,1,1,0.7594,0.6211,0.8735
"MYVO","86074_SE",86074,"SE","South Coastal Region",49.16962,-122.3193,2021,TRUE,4,1,1,0.8304,0.7178,0.9182
"MYVO","86074_SE",86074,"SE","South Coastal Region",49.16962,-122.3193,2022,TRUE,4,1,1,0.8516,0.7406,0.9327
"MYVO","86074_SE",86074,"SE","South Coastal Region",49.16962,-122.3193,2023,FALSE,0,NA,NA,0.895,0.8014,0.9596
"MYVO","86074_SE",86074,"SE","South Coastal Region",49.16962,-122.3193,2024,FALSE,0,NA,NA,0.8821,0.7773,0.9541
"MYVO","86074_SE",86074,"SE","South Coastal Region",49.16962,-122.3193,2025,FALSE,0,NA,NA,0.8846,0.7821,0.954
"MYVO","86074_SW",86074,"SW","South Coastal Region",49.14174,-122.38204,2017,TRUE,2,0,0.2362,0.5534,0.3067,0.7924
"MYVO","86074_SW",86074,"SW","South Coastal Region",49.14174,-122.38204,2018,FALSE,0,NA,NA,0.6303,0.4947,0.7546
"MYVO","86074_SW",86074,"SW","South Coastal Region",49.14174,-122.38204,2019,TRUE,4,0,0.1607,0.6121,0.4842,0.7357
"MYVO","86074_SW",86074,"SW","South Coastal Region",49.14174,-122.38204,2020,TRUE,3,1,1,0.6258,0.4847,0.7554
"MYVO","86074_SW",86074,"SW","South Coastal Region",49.14174,-122.38204,2021,FALSE,0,NA,NA,0.7142,0.5857,0.8257
"MYVO","86074_SW",86074,"SW","South Coastal Region",49.14174,-122.38204,2022,TRUE,4,1,1,0.7451,0.6233,0.8492
"MYVO","86074_SW",86074,"SW","South Coastal Region",49.14174,-122.38204,2023,TRUE,4,1,1,0.8117,0.6911,0.9026
"MYVO","86074_SW",86074,"SW","South Coastal Region",49.14174,-122.38204,2024,TRUE,4,1,1,0.7906,0.6666,0.888
"MYVO","86074_SW",86074,"SW","South Coastal Region",49.14174,-122.38204,2025,FALSE,0,NA,NA,0.7932,0.673,0.8895
"MYVO","89962_NE",89962,"NE","Kootenay Region",49.07682,-117.5986,2017,FALSE,0,NA,NA,0.4189,0.1772,0.7046
"MYVO","89962_NE",89962,"NE","Kootenay Region",49.07682,-117.5986,2018,FALSE,0,NA,NA,0.5871,0.4204,0.7393
"MYVO","89962_NE",89962,"NE","Kootenay Region",49.07682,-117.5986,2019,FALSE,0,NA,NA,0.6009,0.4587,0.7404
"MYVO","89962_NE",89962,"NE","Kootenay Region",49.07682,-117.5986,2020,FALSE,0,NA,NA,0.6261,0.4789,0.7628
"MYVO","89962_NE",89962,"NE","Kootenay Region",49.07682,-117.5986,2021,FALSE,0,NA,NA,0.7235,0.5825,0.8406
"MYVO","89962_NE",89962,"NE","Kootenay Region",49.07682,-117.5986,2022,TRUE,4,0,0.0782,0.756,0.6282,0.8618
"MYVO","89962_NE",89962,"NE","Kootenay Region",49.07682,-117.5986,2023,TRUE,4,1,1,0.8229,0.7018,0.9138
"MYVO","89962_NE",89962,"NE","Kootenay Region",49.07682,-117.5986,2024,FALSE,0,NA,NA,0.8023,0.6821,0.8979
"MYVO","89962_NE",89962,"NE","Kootenay Region",49.07682,-117.5986,2025,TRUE,4,1,1,0.8051,0.6845,0.8998
"MYVO","89962_SE",89962,"SE","Kootenay Region",49.00974,-117.57236,2017,FALSE,0,NA,NA,0.3776,0.1361,0.6773
"MYVO","89962_SE",89962,"SE","Kootenay Region",49.00974,-117.57236,2018,FALSE,0,NA,NA,0.6557,0.4785,0.807
"MYVO","89962_SE",89962,"SE","Kootenay Region",49.00974,-117.57236,2019,FALSE,0,NA,NA,0.7083,0.5681,0.8329
"MYVO","89962_SE",89962,"SE","Kootenay Region",49.00974,-117.57236,2020,FALSE,0,NA,NA,0.7453,0.6059,0.8652
"MYVO","89962_SE",89962,"SE","Kootenay Region",49.00974,-117.57236,2021,FALSE,0,NA,NA,0.8278,0.7077,0.9177
"MYVO","89962_SE",89962,"SE","Kootenay Region",49.00974,-117.57236,2022,TRUE,4,1,1,0.8548,0.7475,0.9336
"MYVO","89962_SE",89962,"SE","Kootenay Region",49.00974,-117.57236,2023,FALSE,0,NA,NA,0.9026,0.8124,0.9626
"MYVO","89962_SE",89962,"SE","Kootenay Region",49.00974,-117.57236,2024,TRUE,4,0,0.2213,0.8868,0.787,0.9528
"MYVO","89962_SE",89962,"SE","Kootenay Region",49.00974,-117.57236,2025,TRUE,4,1,1,0.8889,0.7949,0.9533
"MYVO","89962_SW",89962,"SW","Kootenay Region",49.0077,-117.63034,2017,FALSE,0,NA,NA,0.349,0.11,0.6727
"MYVO","89962_SW",89962,"SW","Kootenay Region",49.0077,-117.63034,2018,FALSE,0,NA,NA,0.5247,0.3165,0.7232
"MYVO","89962_SW",89962,"SW","Kootenay Region",49.0077,-117.63034,2019,FALSE,0,NA,NA,0.5716,0.3836,0.7414
"MYVO","89962_SW",89962,"SW","Kootenay Region",49.0077,-117.63034,2020,FALSE,0,NA,NA,0.6077,0.4179,0.7789
"MYVO","89962_SW",89962,"SW","Kootenay Region",49.0077,-117.63034,2021,FALSE,0,NA,NA,0.6992,0.4974,0.8538
"MYVO","89962_SW",89962,"SW","Kootenay Region",49.0077,-117.63034,2022,TRUE,4,1,1,0.7374,0.5516,0.875
"MYVO","89962_SW",89962,"SW","Kootenay Region",49.0077,-117.63034,2023,FALSE,0,NA,NA,0.8,0.6155,0.9198
"MYVO","89962_SW",89962,"SW","Kootenay Region",49.0077,-117.63034,2024,TRUE,4,1,1,0.7938,0.6166,0.9108
"MYVO","89962_SW",89962,"SW","Kootenay Region",49.0077,-117.63034,2025,TRUE,4,1,1,0.8023,0.6355,0.9166
"MYVO","93290_NE",93290,"NE","Okanagan Region",49.44361,-119.56535,2017,FALSE,0,NA,NA,0.5457,0.2549,0.8344
"MYVO","93290_NE",93290,"NE","Okanagan Region",49.44361,-119.56535,2018,TRUE,4,0,0.0756,0.6494,0.5116,0.774
"MYVO","93290_NE",93290,"NE","Okanagan Region",49.44361,-119.56535,2019,FALSE,0,NA,NA,0.6044,0.471,0.7322
"MYVO","93290_NE",93290,"NE","Okanagan Region",49.44361,-119.56535,2020,TRUE,4,1,1,0.6239,0.483,0.7617
"MYVO","93290_NE",93290,"NE","Okanagan Region",49.44361,-119.56535,2021,TRUE,4,1,1,0.731,0.6012,0.8409
"MYVO","93290_NE",93290,"NE","Okanagan Region",49.44361,-119.56535,2022,TRUE,4,0,0.0707,0.7532,0.6297,0.858
"MYVO","93290_NE",93290,"NE","Okanagan Region",49.44361,-119.56535,2023,TRUE,3,0,0.0951,0.8282,0.716,0.9143
"MYVO","93290_NE",93290,"NE","Okanagan Region",49.44361,-119.56535,2024,FALSE,0,NA,NA,0.7856,0.6572,0.8879
"MYVO","93290_NE",93290,"NE","Okanagan Region",49.44361,-119.56535,2025,TRUE,4,0,0.0584,0.7852,0.6701,0.8832
"MYVO","93290_NW",93290,"NW","Okanagan Region",49.41531,-119.6018,2017,TRUE,4,1,1,0.465,0.1911,0.7792
"MYVO","93290_NW",93290,"NW","Okanagan Region",49.41531,-119.6018,2018,TRUE,4,1,1,0.6059,0.4692,0.7378
"MYVO","93290_NW",93290,"NW","Okanagan Region",49.41531,-119.6018,2019,TRUE,4,1,1,0.564,0.4326,0.6963
"MYVO","93290_NW",93290,"NW","Okanagan Region",49.41531,-119.6018,2020,TRUE,4,1,1,0.5851,0.4454,0.7252
"MYVO","93290_NW",93290,"NW","Okanagan Region",49.41531,-119.6018,2021,TRUE,4,1,1,0.6971,0.5651,0.8122
"MYVO","93290_NW",93290,"NW","Okanagan Region",49.41531,-119.6018,2022,TRUE,4,1,1,0.7174,0.59,0.8317
"MYVO","93290_NW",93290,"NW","Okanagan Region",49.41531,-119.6018,2023,TRUE,4,1,1,0.7996,0.6794,0.8976
"MYVO","93290_NW",93290,"NW","Okanagan Region",49.41531,-119.6018,2024,TRUE,4,1,1,0.7497,0.6177,0.8637
"MYVO","93290_NW",93290,"NW","Okanagan Region",49.41531,-119.6018,2025,TRUE,4,1,1,0.7499,0.6242,0.8548
"MYVO","93290_SE",93290,"SE","Okanagan Region",49.38433,-119.56165,2017,TRUE,3,0,0.1089,0.4661,0.1607,0.8094
"MYVO","93290_SE",93290,"SE","Okanagan Region",49.38433,-119.56165,2018,TRUE,4,1,1,0.6751,0.5112,0.8115
"MYVO","93290_SE",93290,"SE","Okanagan Region",49.38433,-119.56165,2019,TRUE,4,1,1,0.6679,0.5233,0.7979
"MYVO","93290_SE",93290,"SE","Okanagan Region",49.38433,-119.56165,2020,TRUE,4,1,1,0.6918,0.5395,0.8304
"MYVO","93290_SE",93290,"SE","Okanagan Region",49.38433,-119.56165,2021,TRUE,4,1,1,0.7863,0.6534,0.8906
"MYVO","93290_SE",93290,"SE","Okanagan Region",49.38433,-119.56165,2022,FALSE,0,NA,NA,0.81,0.6857,0.9085
"MYVO","93290_SE",93290,"SE","Okanagan Region",49.38433,-119.56165,2023,TRUE,4,1,1,0.8712,0.7611,0.948
"MYVO","93290_SE",93290,"SE","Okanagan Region",49.38433,-119.56165,2024,TRUE,4,1,1,0.8407,0.7145,0.9307
"MYVO","93290_SE",93290,"SE","Okanagan Region",49.38433,-119.56165,2025,TRUE,4,1,1,0.8412,0.7221,0.9277
"MYVO","93290_SW",93290,"SW","Okanagan Region",49.37943,-119.59374,2017,TRUE,4,0,0.0533,0.5048,0.1974,0.8266
"MYVO","93290_SW",93290,"SW","Okanagan Region",49.37943,-119.59374,2018,TRUE,4,0,0.0231,0.5344,0.3913,0.6744
"MYVO","93290_SW",93290,"SW","Okanagan Region",49.37943,-119.59374,2019,TRUE,4,0,0.0569,0.4767,0.3481,0.616
"MYVO","93290_SW",93290,"SW","Okanagan Region",49.37943,-119.59374,2020,TRUE,4,1,1,0.4949,0.3527,0.6453
"MYVO","93290_SW",93290,"SW","Okanagan Region",49.37943,-119.59374,2021,TRUE,4,0,0.0289,0.6106,0.4641,0.7468
"MYVO","93290_SW",93290,"SW","Okanagan Region",49.37943,-119.59374,2022,TRUE,4,1,1,0.6221,0.4755,0.7584
"MYVO","93290_SW",93290,"SW","Okanagan Region",49.37943,-119.59374,2023,TRUE,4,0,0.0547,0.7174,0.5723,0.8451
"MYVO","93290_SW",93290,"SW","Okanagan Region",49.37943,-119.59374,2024,TRUE,4,0,0.0233,0.6498,0.4985,0.7966
"MYVO","93290_SW",93290,"SW","Okanagan Region",49.37943,-119.59374,2025,TRUE,4,1,1,0.6528,0.5058,0.7859
"MYVO","94522_NW",94522,"NW","Northern Region",53.10732,-131.86467,2017,TRUE,3,0,0.0267,0.5529,0.2328,0.9004
"MYVO","94522_NW",94522,"NW","Northern Region",53.10732,-131.86467,2018,TRUE,4,0,0.0058,0.6084,0.362,0.8531
"MYVO","94522_NW",94522,"NW","Northern Region",53.10732,-131.86467,2019,TRUE,3,0,0.0351,0.6325,0.4295,0.8157
"MYVO","94522_NW",94522,"NW","Northern Region",53.10732,-131.86467,2020,FALSE,0,NA,NA,0.6554,0.4739,0.8114
"MYVO","94522_NW",94522,"NW","Northern Region",53.10732,-131.86467,2021,FALSE,0,NA,NA,0.7077,0.5381,0.8433
"MYVO","94522_NW",94522,"NW","Northern Region",53.10732,-131.86467,2022,FALSE,0,NA,NA,0.7396,0.5796,0.8655
"MYVO","94522_NW",94522,"NW","Northern Region",53.10732,-131.86467,2023,FALSE,0,NA,NA,0.781,0.6252,0.8972
"MYVO","94522_NW",94522,"NW","Northern Region",53.10732,-131.86467,2024,FALSE,0,NA,NA,0.7948,0.6447,0.9051
"MYVO","94522_NW",94522,"NW","Northern Region",53.10732,-131.86467,2025,FALSE,0,NA,NA,0.8134,0.6707,0.9174
"MYVO","94522_SE",94522,"SE","Northern Region",53.08196,-131.77925,2017,TRUE,4,0,0.0207,0.5658,0.2574,0.9005
"MYVO","94522_SE",94522,"SE","Northern Region",53.08196,-131.77925,2018,TRUE,4,0,0.0093,0.6561,0.4303,0.8621
"MYVO","94522_SE",94522,"SE","Northern Region",53.08196,-131.77925,2019,TRUE,3,0,0.054,0.6921,0.5058,0.8451
"MYVO","94522_SE",94522,"SE","Northern Region",53.08196,-131.77925,2020,FALSE,0,NA,NA,0.7208,0.5454,0.8608
"MYVO","94522_SE",94522,"SE","Northern Region",53.08196,-131.77925,2021,FALSE,0,NA,NA,0.7785,0.6117,0.9057
"MYVO","94522_SE",94522,"SE","Northern Region",53.08196,-131.77925,2022,FALSE,0,NA,NA,0.81,0.6449,0.9279
"MYVO","94522_SE",94522,"SE","Northern Region",53.08196,-131.77925,2023,FALSE,0,NA,NA,0.8498,0.6866,0.9535
"MYVO","94522_SE",94522,"SE","Northern Region",53.08196,-131.77925,2024,FALSE,0,NA,NA,0.8582,0.7007,0.9557
"MYVO","94522_SE",94522,"SE","Northern Region",53.08196,-131.77925,2025,FALSE,0,NA,NA,0.8713,0.7208,0.9615
"MYVO","9466_NE",9466,"NE","Northern Region",57.34435,-125.50932,2017,FALSE,0,NA,NA,0.7627,0.4793,0.9429
"MYVO","9466_NE",9466,"NE","Northern Region",57.34435,-125.50932,2018,FALSE,0,NA,NA,0.7775,0.6053,0.9099
"MYVO","9466_NE",9466,"NE","Northern Region",57.34435,-125.50932,2019,FALSE,0,NA,NA,0.7594,0.6179,0.8769
"MYVO","9466_NE",9466,"NE","Northern Region",57.34435,-125.50932,2020,FALSE,0,NA,NA,0.7563,0.6178,0.8707
"MYVO","9466_NE",9466,"NE","Northern Region",57.34435,-125.50932,2021,FALSE,0,NA,NA,0.7962,0.6735,0.8958
"MYVO","9466_NE",9466,"NE","Northern Region",57.34435,-125.50932,2022,TRUE,3,1,1,0.817,0.6992,0.9098
"MYVO","9466_NE",9466,"NE","Northern Region",57.34435,-125.50932,2023,FALSE,0,NA,NA,0.8514,0.7418,0.9357
"MYVO","9466_NE",9466,"NE","Northern Region",57.34435,-125.50932,2024,TRUE,3,1,1,0.8542,0.7394,0.9388
"MYVO","9466_NE",9466,"NE","Northern Region",57.34435,-125.50932,2025,FALSE,0,NA,NA,0.8625,0.7489,0.9443
"MYVO","9466_NW",9466,"NW","Northern Region",57.3459,-125.55037,2017,FALSE,0,NA,NA,0.767,0.3521,0.9748
"MYVO","9466_NW",9466,"NW","Northern Region",57.3459,-125.55037,2018,FALSE,0,NA,NA,0.8159,0.5672,0.9546
"MYVO","9466_NW",9466,"NW","Northern Region",57.3459,-125.55037,2019,FALSE,0,NA,NA,0.8237,0.6441,0.9377
"MYVO","9466_NW",9466,"NW","Northern Region",57.3459,-125.55037,2020,FALSE,0,NA,NA,0.8339,0.676,0.9377
"MYVO","9466_NW",9466,"NW","Northern Region",57.3459,-125.55037,2021,FALSE,0,NA,NA,0.871,0.7356,0.955
"MYVO","9466_NW",9466,"NW","Northern Region",57.3459,-125.55037,2022,TRUE,4,1,1,0.8895,0.7637,0.964
"MYVO","9466_NW",9466,"NW","Northern Region",57.3459,-125.55037,2023,FALSE,0,NA,NA,0.915,0.8034,0.9767
"MYVO","9466_NW",9466,"NW","Northern Region",57.3459,-125.55037,2024,TRUE,3,0,0.822,0.9172,0.8084,0.9781
"MYVO","9466_NW",9466,"NW","Northern Region",57.3459,-125.55037,2025,TRUE,4,1,1,0.9234,0.8187,0.9795
"MYVO","9466_SE",9466,"SE","Northern Region",57.31575,-125.49037,2017,FALSE,0,NA,NA,0.7584,0.4873,0.9452
"MYVO","9466_SE",9466,"SE","Northern Region",57.31575,-125.49037,2018,FALSE,0,NA,NA,0.7305,0.5712,0.8682
"MYVO","9466_SE",9466,"SE","Northern Region",57.31575,-125.49037,2019,FALSE,0,NA,NA,0.6652,0.4961,0.8141
"MYVO","9466_SE",9466,"SE","Northern Region",57.31575,-125.49037,2020,FALSE,0,NA,NA,0.6516,0.467,0.8084
"MYVO","9466_SE",9466,"SE","Northern Region",57.31575,-125.49037,2021,FALSE,0,NA,NA,0.7149,0.5322,0.8635
"MYVO","9466_SE",9466,"SE","Northern Region",57.31575,-125.49037,2022,TRUE,4,1,1,0.7397,0.546,0.8865
"MYVO","9466_SE",9466,"SE","Northern Region",57.31575,-125.49037,2023,FALSE,0,NA,NA,0.7935,0.592,0.9263
"MYVO","9466_SE",9466,"SE","Northern Region",57.31575,-125.49037,2024,TRUE,3,1,1,0.7834,0.5837,0.9177
"MYVO","9466_SE",9466,"SE","Northern Region",57.31575,-125.49037,2025,TRUE,4,1,1,0.7875,0.5897,0.9167
"MYVO","9466_SW",9466,"SW","Northern Region",57.29483,-125.51474,2017,FALSE,0,NA,NA,0.7657,0.4966,0.9407
"MYVO","9466_SW",9466,"SW","Northern Region",57.29483,-125.51474,2018,FALSE,0,NA,NA,0.784,0.6321,0.9053
"MYVO","9466_SW",9466,"SW","Northern Region",57.29483,-125.51474,2019,FALSE,0,NA,NA,0.7662,0.6442,0.8727
"MYVO","9466_SW",9466,"SW","Northern Region",57.29483,-125.51474,2020,FALSE,0,NA,NA,0.7634,0.6425,0.8666
"MYVO","9466_SW",9466,"SW","Northern Region",57.29483,-125.51474,2021,FALSE,0,NA,NA,0.8048,0.6947,0.8953
"MYVO","9466_SW",9466,"SW","Northern Region",57.29483,-125.51474,2022,TRUE,4,1,1,0.8259,0.7192,0.9127
"MYVO","9466_SW",9466,"SW","Northern Region",57.29483,-125.51474,2023,FALSE,0,NA,NA,0.8606,0.7552,0.9392
"MYVO","9466_SW",9466,"SW","Northern Region",57.29483,-125.51474,2024,TRUE,3,1,1,0.8626,0.7556,0.9423
"MYVO","9466_SW",9466,"SW","Northern Region",57.29483,-125.51474,2025,TRUE,4,1,1,0.8701,0.7623,0.9461
"MYVO","986_NE",986,"NE","Northern Region",53.188,-121.30225,2017,FALSE,0,NA,NA,0.7884,0.3686,0.9812
"MYVO","986_NE",986,"NE","Northern Region",53.188,-121.30225,2018,TRUE,3,1,1,0.8261,0.5557,0.9631
"MYVO","986_NE",986,"NE","Northern Region",53.188,-121.30225,2019,TRUE,3,1,1,0.8313,0.6279,0.9498
"MYVO","986_NE",986,"NE","Northern Region",53.188,-121.30225,2020,TRUE,4,0,0.8069,0.8385,0.6531,0.9482
"MYVO","986_NE",986,"NE","Northern Region",53.188,-121.30225,2021,TRUE,4,1,1,0.8696,0.7118,0.9611
"MYVO","986_NE",986,"NE","Northern Region",53.188,-121.30225,2022,TRUE,4,1,1,0.8858,0.7391,0.9685
"MYVO","986_NE",986,"NE","Northern Region",53.188,-121.30225,2023,TRUE,4,1,1,0.9083,0.7724,0.9795
"MYVO","986_NE",986,"NE","Northern Region",53.188,-121.30225,2024,TRUE,4,1,1,0.9114,0.7817,0.98
"MYVO","986_NE",986,"NE","Northern Region",53.188,-121.30225,2025,TRUE,4,1,1,0.9177,0.7941,0.9824
"MYVO","986_SE",986,"SE","Northern Region",53.1392,-121.2577,2017,FALSE,0,NA,NA,0.7981,0.5189,0.961
"MYVO","986_SE",986,"SE","Northern Region",53.1392,-121.2577,2018,FALSE,0,NA,NA,0.7984,0.6185,0.9275
"MYVO","986_SE",986,"SE","Northern Region",53.1392,-121.2577,2019,TRUE,3,1,1,0.7715,0.6112,0.8971
"MYVO","986_SE",986,"SE","Northern Region",53.1392,-121.2577,2020,TRUE,2,0,0.8822,0.7613,0.5909,0.8911
"MYVO","986_SE",986,"SE","Northern Region",53.1392,-121.2577,2021,FALSE,0,NA,NA,0.7937,0.6369,0.9094
"MYVO","986_SE",986,"SE","Northern Region",53.1392,-121.2577,2022,TRUE,4,1,1,0.8104,0.6552,0.9221
"MYVO","986_SE",986,"SE","Northern Region",53.1392,-121.2577,2023,TRUE,4,1,1,0.8407,0.6892,0.9434
"MYVO","986_SE",986,"SE","Northern Region",53.1392,-121.2577,2024,TRUE,4,1,1,0.8423,0.6891,0.9462
"MYVO","986_SE",986,"SE","Northern Region",53.1392,-121.2577,2025,TRUE,4,1,1,0.8491,0.6944,0.9501
