"species","site","GRTS_Cell_ID","Quadrant","region","lat","long","year","surveyed","n_visits","detected","p_occupied","psi_expected","psi_expected_lo95","psi_expected_hi95"
"MYCI","110378_NE",110378,"NE","Okanagan Region",49.04717,-119.5574,2017,FALSE,0,NA,NA,0.7951,0.5105,0.9706
"MYCI","110378_NE",110378,"NE","Okanagan Region",49.04717,-119.5574,2018,TRUE,2,1,1,0.6833,0.4841,0.8428
"MYCI","110378_NE",110378,"NE","Okanagan Region",49.04717,-119.5574,2019,TRUE,4,0,0.4471,0.6865,0.498,0.8409
"MYCI","110378_NE",110378,"NE","Okanagan Region",49.04717,-119.5574,2020,TRUE,4,1,1,0.6024,0.3998,0.769
"MYCI","110378_NE",110378,"NE","Okanagan Region",49.04717,-119.5574,2021,TRUE,4,1,1,0.5897,0.4107,0.7523
"MYCI","110378_NE",110378,"NE","Okanagan Region",49.04717,-119.5574,2022,TRUE,4,1,1,0.6567,0.4735,0.8153
"MYCI","110378_NE",110378,"NE","Okanagan Region",49.04717,-119.5574,2023,TRUE,4,1,1,0.801,0.6478,0.9209
"MYCI","110378_NE",110378,"NE","Okanagan Region",49.04717,-119.5574,2024,TRUE,4,1,1,0.702,0.5231,0.8532
"MYCI","110378_NE",110378,"NE","Okanagan Region",49.04717,-119.5574,2025,TRUE,4,1,1,0.763,0.6125,0.8864
"MYCI","110378_NW",110378,"NW","Okanagan Region",49.03536,-119.57546,2017,TRUE,4,1,1,0.8297,0.5056,0.983
"MYCI","110378_NW",110378,"NW","Okanagan Region",49.03536,-119.57546,2018,TRUE,4,1,1,0.8255,0.632,0.948
"MYCI","110378_NW",110378,"NW","Okanagan Region",49.03536,-119.57546,2019,TRUE,4,1,1,0.8482,0.6925,0.9507
"MYCI","110378_NW",110378,"NW","Okanagan Region",49.03536,-119.57546,2020,TRUE,4,1,1,0.8147,0.6252,0.9377
"MYCI","110378_NW",110378,"NW","Okanagan Region",49.03536,-119.57546,2021,TRUE,4,1,1,0.8127,0.6321,0.9346
"MYCI","110378_NW",110378,"NW","Okanagan Region",49.03536,-119.57546,2022,TRUE,4,1,1,0.8433,0.6763,0.9523
"MYCI","110378_NW",110378,"NW","Okanagan Region",49.03536,-119.57546,2023,TRUE,4,1,1,0.911,0.7896,0.9801
"MYCI","110378_NW",110378,"NW","Okanagan Region",49.03536,-119.57546,2024,TRUE,4,1,1,0.8774,0.722,0.9699
"MYCI","110378_NW",110378,"NW","Okanagan Region",49.03536,-119.57546,2025,TRUE,4,1,1,0.9008,0.7694,0.9771
"MYCI","110378_SE",110378,"SE","Okanagan Region",49.01485,-119.53228,2017,FALSE,0,NA,NA,0.8182,0.5077,0.9809
"MYCI","110378_SE",110378,"SE","Okanagan Region",49.01485,-119.53228,2018,TRUE,2,0,0.1538,0.7572,0.5539,0.9053
"MYCI","110378_SE",110378,"SE","Okanagan Region",49.01485,-119.53228,2019,TRUE,4,1,1,0.7625,0.5787,0.897
"MYCI","110378_SE",110378,"SE","Okanagan Region",49.01485,-119.53228,2020,TRUE,4,1,1,0.6992,0.4895,0.8576
"MYCI","110378_SE",110378,"SE","Okanagan Region",49.01485,-119.53228,2021,TRUE,4,1,1,0.6883,0.4994,0.8504
"MYCI","110378_SE",110378,"SE","Okanagan Region",49.01485,-119.53228,2022,TRUE,4,0,0.0527,0.7347,0.5489,0.8836
"MYCI","110378_SE",110378,"SE","Okanagan Region",49.01485,-119.53228,2023,TRUE,4,1,1,0.8451,0.6966,0.9497
"MYCI","110378_SE",110378,"SE","Okanagan Region",49.01485,-119.53228,2024,TRUE,4,1,1,0.7833,0.5967,0.9185
"MYCI","110378_SE",110378,"SE","Okanagan Region",49.01485,-119.53228,2025,TRUE,4,1,1,0.8253,0.6752,0.9387
"MYCI","110378_SW",110378,"SW","Okanagan Region",49.00412,-119.59552,2017,TRUE,4,1,1,0.8162,0.5588,0.9736
"MYCI","110378_SW",110378,"SW","Okanagan Region",49.00412,-119.59552,2018,TRUE,4,1,1,0.8113,0.6485,0.9248
"MYCI","110378_SW",110378,"SW","Okanagan Region",49.00412,-119.59552,2019,TRUE,4,1,1,0.8359,0.7017,0.9308
"MYCI","110378_SW",110378,"SW","Okanagan Region",49.00412,-119.59552,2020,TRUE,4,1,1,0.8001,0.6398,0.9099
"MYCI","110378_SW",110378,"SW","Okanagan Region",49.00412,-119.59552,2021,TRUE,4,1,1,0.7971,0.6542,0.9062
"MYCI","110378_SW",110378,"SW","Okanagan Region",49.00412,-119.59552,2022,TRUE,4,1,1,0.8309,0.6994,0.9311
"MYCI","110378_SW",110378,"SW","Okanagan Region",49.00412,-119.59552,2023,TRUE,4,1,1,0.9045,0.8016,0.9716
"MYCI","110378_SW",110378,"SW","Okanagan Region",49.00412,-119.59552,2024,TRUE,4,1,1,0.8681,0.7416,0.9527
"MYCI","110378_SW",110378,"SW","Okanagan Region",49.00412,-119.59552,2025,TRUE,4,1,1,0.8934,0.787,0.9636
"MYCI","111466_NE",111466,"NE","Kootenay Region",49.00129,-115.06184,2017,FALSE,0,NA,NA,0.082,0.0078,0.2555
"MYCI","111466_NE",111466,"NE","Kootenay Region",49.00129,-115.06184,2018,FALSE,0,NA,NA,0.1031,0.0251,0.2327
"MYCI","111466_NE",111466,"NE","Kootenay Region",49.00129,-115.06184,2019,FALSE,0,NA,NA,0.1488,0.0648,0.2668
"MYCI","111466_NE",111466,"NE","Kootenay Region",49.00129,-115.06184,2020,FALSE,0,NA,NA,0.1393,0.0598,0.2486
"MYCI","111466_NE",111466,"NE","Kootenay Region",49.00129,-115.06184,2021,FALSE,0,NA,NA,0.1337,0.0539,0.2441
"MYCI","111466_NE",111466,"NE","Kootenay Region",49.00129,-115.06184,2022,FALSE,0,NA,NA,0.1582,0.0714,0.2793
"MYCI","111466_NE",111466,"NE","Kootenay Region",49.00129,-115.06184,2023,TRUE,4,1,1,0.2584,0.1424,0.4072
"MYCI","111466_NE",111466,"NE","Kootenay Region",49.00129,-115.06184,2024,FALSE,0,NA,NA,0.2379,0.1178,0.3916
"MYCI","111466_NE",111466,"NE","Kootenay Region",49.00129,-115.06184,2025,TRUE,4,1,1,0.3147,0.171,0.4863
"MYCI","111466_NW",111466,"NW","Kootenay Region",49.01861,-115.09568,2017,FALSE,0,NA,NA,0.0616,0.0047,0.2112
"MYCI","111466_NW",111466,"NW","Kootenay Region",49.01861,-115.09568,2018,FALSE,0,NA,NA,0.0736,0.0139,0.1726
"MYCI","111466_NW",111466,"NW","Kootenay Region",49.01861,-115.09568,2019,FALSE,0,NA,NA,0.1149,0.0424,0.2298
"MYCI","111466_NW",111466,"NW","Kootenay Region",49.01861,-115.09568,2020,FALSE,0,NA,NA,0.0847,0.0268,0.1774
"MYCI","111466_NW",111466,"NW","Kootenay Region",49.01861,-115.09568,2021,FALSE,0,NA,NA,0.068,0.0165,0.1546
"MYCI","111466_NW",111466,"NW","Kootenay Region",49.01861,-115.09568,2022,FALSE,0,NA,NA,0.0961,0.0317,0.1987
"MYCI","111466_NW",111466,"NW","Kootenay Region",49.01861,-115.09568,2023,TRUE,4,0,0.0116,0.204,0.0898,0.362
"MYCI","111466_NW",111466,"NW","Kootenay Region",49.01861,-115.09568,2024,FALSE,0,NA,NA,0.1388,0.0506,0.2741
"MYCI","111466_NW",111466,"NW","Kootenay Region",49.01861,-115.09568,2025,TRUE,4,1,1,0.2284,0.104,0.3948
"MYCI","114602_NE",114602,"NE","South Coastal Region",49.70588,-125.06708,2017,FALSE,0,NA,NA,0.0373,0.0032,0.13
"MYCI","114602_NE",114602,"NE","South Coastal Region",49.70588,-125.06708,2018,TRUE,3,0,0.0024,0.0337,0.0064,0.0847
"MYCI","114602_NE",114602,"NE","South Coastal Region",49.70588,-125.06708,2019,TRUE,4,0,0.0071,0.0499,0.0163,0.1065
"MYCI","114602_NE",114602,"NE","South Coastal Region",49.70588,-125.06708,2020,FALSE,0,NA,NA,0.0385,0.0093,0.0899
"MYCI","114602_NE",114602,"NE","South Coastal Region",49.70588,-125.06708,2021,FALSE,0,NA,NA,0.0321,0.005,0.0869
"MYCI","114602_NE",114602,"NE","South Coastal Region",49.70588,-125.06708,2022,TRUE,4,0,7e-04,0.0435,0.011,0.1028
"MYCI","114602_NE",114602,"NE","South Coastal Region",49.70588,-125.06708,2023,FALSE,0,NA,NA,0.0925,0.0359,0.1815
"MYCI","114602_NE",114602,"NE","South Coastal Region",49.70588,-125.06708,2024,TRUE,4,0,0.0042,0.0682,0.0196,0.1591
"MYCI","114602_NE",114602,"NE","South Coastal Region",49.70588,-125.06708,2025,TRUE,4,0,0.01,0.1125,0.0408,0.2252
"MYCI","114602_NW",114602,"NW","South Coastal Region",49.67623,-125.13792,2017,FALSE,0,NA,NA,0.037,0.0022,0.1435
"MYCI","114602_NW",114602,"NW","South Coastal Region",49.67623,-125.13792,2018,TRUE,3,0,0.0011,0.0276,0.0035,0.0726
"MYCI","114602_NW",114602,"NW","South Coastal Region",49.67623,-125.13792,2019,TRUE,4,0,0.0058,0.0452,0.0131,0.1056
"MYCI","114602_NW",114602,"NW","South Coastal Region",49.67623,-125.13792,2020,TRUE,4,0,0.0022,0.028,0.0055,0.0714
"MYCI","114602_NW",114602,"NW","South Coastal Region",49.67623,-125.13792,2021,TRUE,4,0,2e-04,0.0194,0.0021,0.0532
"MYCI","114602_NW",114602,"NW","South Coastal Region",49.67623,-125.13792,2022,TRUE,4,0,0.0013,0.0334,0.0083,0.0781
"MYCI","114602_NW",114602,"NW","South Coastal Region",49.67623,-125.13792,2023,FALSE,0,NA,NA,0.0852,0.0305,0.1758
"MYCI","114602_NW",114602,"NW","South Coastal Region",49.67623,-125.13792,2024,TRUE,4,0,0.0056,0.0462,0.0125,0.113
"MYCI","114602_NW",114602,"NW","South Coastal Region",49.67623,-125.13792,2025,TRUE,4,1,1,0.1002,0.0343,0.2065
"MYCI","114602_SE",114602,"SE","South Coastal Region",49.65756,-125.0438,2017,FALSE,0,NA,NA,0.0505,0.0048,0.1663
"MYCI","114602_SE",114602,"SE","South Coastal Region",49.65756,-125.0438,2018,TRUE,3,0,2e-04,0.0527,0.012,0.1305
"MYCI","114602_SE",114602,"SE","South Coastal Region",49.65756,-125.0438,2019,TRUE,4,0,4e-04,0.0721,0.0249,0.1489
"MYCI","114602_SE",114602,"SE","South Coastal Region",49.65756,-125.0438,2020,TRUE,4,0,2e-04,0.0686,0.0185,0.151
"MYCI","114602_SE",114602,"SE","South Coastal Region",49.65756,-125.0438,2021,TRUE,4,0,0,0.0666,0.013,0.1516
"MYCI","114602_SE",114602,"SE","South Coastal Region",49.65756,-125.0438,2022,TRUE,4,0,0,0.0788,0.0196,0.171
"MYCI","114602_SE",114602,"SE","South Coastal Region",49.65756,-125.0438,2023,FALSE,0,NA,NA,0.1287,0.0484,0.2472
"MYCI","114602_SE",114602,"SE","South Coastal Region",49.65756,-125.0438,2024,TRUE,4,0,4e-04,0.1231,0.0338,0.257
"MYCI","114602_SE",114602,"SE","South Coastal Region",49.65756,-125.0438,2025,TRUE,4,0,0.0013,0.1692,0.0584,0.3325
"MYCI","114602_SW",114602,"SW","South Coastal Region",49.64146,-125.08654,2017,FALSE,0,NA,NA,0.0424,0.0047,0.1375
"MYCI","114602_SW",114602,"SW","South Coastal Region",49.64146,-125.08654,2018,TRUE,4,0,0,0.0427,0.0098,0.1003
"MYCI","114602_SW",114602,"SW","South Coastal Region",49.64146,-125.08654,2019,TRUE,4,0,7e-04,0.0624,0.0227,0.1247
"MYCI","114602_SW",114602,"SW","South Coastal Region",49.64146,-125.08654,2020,TRUE,4,0,0,0.0528,0.0146,0.1127
"MYCI","114602_SW",114602,"SW","South Coastal Region",49.64146,-125.08654,2021,TRUE,4,0,0,0.0475,0.0094,0.1133
"MYCI","114602_SW",114602,"SW","South Coastal Region",49.64146,-125.08654,2022,TRUE,2,0,9e-04,0.0598,0.0168,0.1322
"MYCI","114602_SW",114602,"SW","South Coastal Region",49.64146,-125.08654,2023,FALSE,0,NA,NA,0.1148,0.0482,0.2121
"MYCI","114602_SW",114602,"SW","South Coastal Region",49.64146,-125.08654,2024,TRUE,4,0,2e-04,0.0958,0.0297,0.2058
"MYCI","114602_SW",114602,"SW","South Coastal Region",49.64146,-125.08654,2025,TRUE,4,0,2e-04,0.1437,0.0565,0.2747
"MYCI","115322_NE",115322,"NE","Northern Region",52.37764,-125.98565,2017,FALSE,0,NA,NA,0.0392,0.0026,0.1452
"MYCI","115322_NE",115322,"NE","Northern Region",52.37764,-125.98565,2018,TRUE,3,0,0,0.0133,0.0013,0.0497
"MYCI","115322_NE",115322,"NE","Northern Region",52.37764,-125.98565,2019,FALSE,0,NA,NA,0.0117,0.0014,0.0413
"MYCI","115322_NE",115322,"NE","Northern Region",52.37764,-125.98565,2020,TRUE,3,0,4e-04,0.0078,5e-04,0.0325
"MYCI","115322_NE",115322,"NE","Northern Region",52.37764,-125.98565,2021,TRUE,4,0,0,0.0062,2e-04,0.0293
"MYCI","115322_NE",115322,"NE","Northern Region",52.37764,-125.98565,2022,TRUE,3,0,0,0.008,7e-04,0.0332
"MYCI","115322_NE",115322,"NE","Northern Region",52.37764,-125.98565,2023,TRUE,4,0,2e-04,0.0166,0.002,0.0554
"MYCI","115322_NE",115322,"NE","Northern Region",52.37764,-125.98565,2024,FALSE,0,NA,NA,0.0114,0.001,0.0467
"MYCI","115322_NE",115322,"NE","Northern Region",52.37764,-125.98565,2025,TRUE,4,0,0,0.02,0.0024,0.0669
"MYCI","115322_NW",115322,"NW","Northern Region",52.37481,-126.08159,2017,FALSE,0,NA,NA,0.1024,0.0019,0.4998
"MYCI","115322_NW",115322,"NW","Northern Region",52.37481,-126.08159,2018,TRUE,2,0,0.0011,0.0826,0.0037,0.3488
"MYCI","115322_NW",115322,"NW","Northern Region",52.37481,-126.08159,2019,TRUE,3,0,0,0.0759,0.0055,0.3087
"MYCI","115322_NW",115322,"NW","Northern Region",52.37481,-126.08159,2020,TRUE,3,0,0,0.0681,0.0043,0.2703
"MYCI","115322_NW",115322,"NW","Northern Region",52.37481,-126.08159,2021,TRUE,4,0,0,0.0649,0.0034,0.2572
"MYCI","115322_NW",115322,"NW","Northern Region",52.37481,-126.08159,2022,TRUE,3,0,0,0.0647,0.0034,0.251
"MYCI","115322_NW",115322,"NW","Northern Region",52.37481,-126.08159,2023,TRUE,4,0,2e-04,0.0715,0.0062,0.2534
"MYCI","115322_NW",115322,"NW","Northern Region",52.37481,-126.08159,2024,TRUE,4,0,0,0.0698,0.0043,0.2466
"MYCI","115322_NW",115322,"NW","Northern Region",52.37481,-126.08159,2025,TRUE,4,0,0,0.0768,0.0068,0.2522
"MYCI","115322_SE",115322,"SE","Northern Region",52.35752,-126.01253,2017,FALSE,0,NA,NA,0.0531,0.0033,0.2106
"MYCI","115322_SE",115322,"SE","Northern Region",52.35752,-126.01253,2018,TRUE,2,0,0.002,0.0322,0.0034,0.112
"MYCI","115322_SE",115322,"SE","Northern Region",52.35752,-126.01253,2019,TRUE,3,0,0.002,0.0278,0.0033,0.0943
"MYCI","115322_SE",115322,"SE","Northern Region",52.35752,-126.01253,2020,FALSE,0,NA,NA,0.0222,0.0014,0.08
"MYCI","115322_SE",115322,"SE","Northern Region",52.35752,-126.01253,2021,TRUE,2,0,2e-04,0.02,7e-04,0.0752
"MYCI","115322_SE",115322,"SE","Northern Region",52.35752,-126.01253,2022,TRUE,4,0,0,0.0208,0.0013,0.0765
"MYCI","115322_SE",115322,"SE","Northern Region",52.35752,-126.01253,2023,TRUE,4,0,0.0011,0.0289,0.0033,0.0927
"MYCI","115322_SE",115322,"SE","Northern Region",52.35752,-126.01253,2024,TRUE,3,0,7e-04,0.0261,0.0018,0.0916
"MYCI","115322_SE",115322,"SE","Northern Region",52.35752,-126.01253,2025,TRUE,4,0,0.0016,0.0339,0.0036,0.1118
"MYCI","115322_SW",115322,"SW","Northern Region",52.34498,-126.07967,2017,FALSE,0,NA,NA,0.05,0.0036,0.1861
"MYCI","115322_SW",115322,"SW","Northern Region",52.34498,-126.07967,2018,TRUE,3,0,0,0.0233,0.0024,0.0825
"MYCI","115322_SW",115322,"SW","Northern Region",52.34498,-126.07967,2019,TRUE,3,0,0,0.0207,0.0022,0.0695
"MYCI","115322_SW",115322,"SW","Northern Region",52.34498,-126.07967,2020,TRUE,3,0,0,0.0155,0.001,0.0604
"MYCI","115322_SW",115322,"SW","Northern Region",52.34498,-126.07967,2021,TRUE,2,0,0,0.0134,6e-04,0.0574
"MYCI","115322_SW",115322,"SW","Northern Region",52.34498,-126.07967,2022,TRUE,2,0,2e-04,0.0151,9e-04,0.0599
"MYCI","115322_SW",115322,"SW","Northern Region",52.34498,-126.07967,2023,TRUE,4,0,0,0.0258,0.0027,0.0852
"MYCI","115322_SW",115322,"SW","Northern Region",52.34498,-126.07967,2024,TRUE,3,0,0,0.0207,0.0013,0.0802
"MYCI","115322_SW",115322,"SW","Northern Region",52.34498,-126.07967,2025,TRUE,4,0,0,0.0308,0.003,0.1039
"MYCI","1194_NW",1194,"NW","Kootenay Region",50.11749,-117.523,2017,TRUE,4,0,9e-04,0.07,0.0061,0.2265
"MYCI","1194_NW",1194,"NW","Kootenay Region",50.11749,-117.523,2018,TRUE,2,0,4e-04,0.1003,0.0241,0.2206
"MYCI","1194_NW",1194,"NW","Kootenay Region",50.11749,-117.523,2019,TRUE,4,0,0.0013,0.1555,0.0668,0.2804
"MYCI","1194_NW",1194,"NW","Kootenay Region",50.11749,-117.523,2020,TRUE,4,0,4e-04,0.1414,0.0575,0.2564
"MYCI","1194_NW",1194,"NW","Kootenay Region",50.11749,-117.523,2021,TRUE,4,0,0,0.1336,0.0499,0.2521
"MYCI","1194_NW",1194,"NW","Kootenay Region",50.11749,-117.523,2022,TRUE,4,0,0,0.1621,0.0714,0.288
"MYCI","1194_NW",1194,"NW","Kootenay Region",50.11749,-117.523,2023,TRUE,4,0,2e-04,0.2774,0.1467,0.4401
"MYCI","1194_NW",1194,"NW","Kootenay Region",50.11749,-117.523,2024,TRUE,4,0,0,0.2432,0.1121,0.4158
"MYCI","1194_NW",1194,"NW","Kootenay Region",50.11749,-117.523,2025,TRUE,3,0,0.0051,0.3271,0.1749,0.5045
"MYCI","1194_SW",1194,"SW","Kootenay Region",50.0903,-117.4679,2017,TRUE,4,0,0.0013,0.1062,0.0057,0.3995
"MYCI","1194_SW",1194,"SW","Kootenay Region",50.0903,-117.4679,2018,FALSE,0,NA,NA,0.1429,0.0275,0.3951
"MYCI","1194_SW",1194,"SW","Kootenay Region",50.0903,-117.4679,2019,TRUE,4,0,0.0029,0.2046,0.0765,0.4181
"MYCI","1194_SW",1194,"SW","Kootenay Region",50.0903,-117.4679,2020,TRUE,4,0,0.0011,0.2235,0.0916,0.4195
"MYCI","1194_SW",1194,"SW","Kootenay Region",50.0903,-117.4679,2021,TRUE,4,0,0.0016,0.2344,0.0978,0.4263
"MYCI","1194_SW",1194,"SW","Kootenay Region",50.0903,-117.4679,2022,FALSE,0,NA,NA,0.2688,0.1223,0.4615
"MYCI","1194_SW",1194,"SW","Kootenay Region",50.0903,-117.4679,2023,FALSE,0,NA,NA,0.3669,0.1855,0.5809
"MYCI","1194_SW",1194,"SW","Kootenay Region",50.0903,-117.4679,2024,FALSE,0,NA,NA,0.3857,0.1958,0.6011
"MYCI","1194_SW",1194,"SW","Kootenay Region",50.0903,-117.4679,2025,FALSE,0,NA,NA,0.4701,0.2564,0.6968
"MYCI","12522_NE",12522,"NE","South Coastal Region",49.72155,-124.51563,2017,FALSE,0,NA,NA,0.0392,0.004,0.1322
"MYCI","12522_NE",12522,"NE","South Coastal Region",49.72155,-124.51563,2018,FALSE,0,NA,NA,0.0398,0.0082,0.0946
"MYCI","12522_NE",12522,"NE","South Coastal Region",49.72155,-124.51563,2019,TRUE,3,0,0.0031,0.0606,0.0203,0.1249
"MYCI","12522_NE",12522,"NE","South Coastal Region",49.72155,-124.51563,2020,TRUE,3,0,4e-04,0.0477,0.0122,0.1077
"MYCI","12522_NE",12522,"NE","South Coastal Region",49.72155,-124.51563,2021,TRUE,4,0,2e-04,0.0408,0.0072,0.1023
"MYCI","12522_NE",12522,"NE","South Coastal Region",49.72155,-124.51563,2022,TRUE,3,0,0.0013,0.054,0.0143,0.1212
"MYCI","12522_NE",12522,"NE","South Coastal Region",49.72155,-124.51563,2023,FALSE,0,NA,NA,0.1128,0.0429,0.223
"MYCI","12522_NE",12522,"NE","South Coastal Region",49.72155,-124.51563,2024,FALSE,0,NA,NA,0.0855,0.0246,0.1996
"MYCI","12522_NE",12522,"NE","South Coastal Region",49.72155,-124.51563,2025,FALSE,0,NA,NA,0.1365,0.0514,0.2687
"MYCI","12522_NW",12522,"NW","South Coastal Region",49.75757,-124.56308,2017,TRUE,4,0,0.0016,0.0359,0.0015,0.1484
"MYCI","12522_NW",12522,"NW","South Coastal Region",49.75757,-124.56308,2018,TRUE,3,0,4e-04,0.03,0.0039,0.084
"MYCI","12522_NW",12522,"NW","South Coastal Region",49.75757,-124.56308,2019,TRUE,2,0,0.0056,0.0472,0.0122,0.1141
"MYCI","12522_NW",12522,"NW","South Coastal Region",49.75757,-124.56308,2020,TRUE,3,0,0.0013,0.0326,0.0061,0.0882
"MYCI","12522_NW",12522,"NW","South Coastal Region",49.75757,-124.56308,2021,FALSE,0,NA,NA,0.0248,0.0027,0.0767
"MYCI","12522_NW",12522,"NW","South Coastal Region",49.75757,-124.56308,2022,FALSE,0,NA,NA,0.0379,0.008,0.0996
"MYCI","12522_NW",12522,"NW","South Coastal Region",49.75757,-124.56308,2023,FALSE,0,NA,NA,0.0888,0.0275,0.2001
"MYCI","12522_NW",12522,"NW","South Coastal Region",49.75757,-124.56308,2024,TRUE,4,0,2e-04,0.0554,0.0128,0.1478
"MYCI","12522_NW",12522,"NW","South Coastal Region",49.75757,-124.56308,2025,FALSE,0,NA,NA,0.1047,0.0324,0.2325
"MYCI","12522_SE",12522,"SE","South Coastal Region",49.70213,-124.47636,2017,TRUE,3,0,0.0018,0.0429,0.005,0.1351
"MYCI","12522_SE",12522,"SE","South Coastal Region",49.70213,-124.47636,2018,TRUE,3,0,4e-04,0.0388,0.0083,0.0972
"MYCI","12522_SE",12522,"SE","South Coastal Region",49.70213,-124.47636,2019,FALSE,0,NA,NA,0.0529,0.0163,0.1159
"MYCI","12522_SE",12522,"SE","South Coastal Region",49.70213,-124.47636,2020,TRUE,3,0,0.002,0.0448,0.0103,0.1084
"MYCI","12522_SE",12522,"SE","South Coastal Region",49.70213,-124.47636,2021,TRUE,2,0,7e-04,0.0402,0.0057,0.1073
"MYCI","12522_SE",12522,"SE","South Coastal Region",49.70213,-124.47636,2022,FALSE,0,NA,NA,0.0503,0.0112,0.1212
"MYCI","12522_SE",12522,"SE","South Coastal Region",49.70213,-124.47636,2023,TRUE,4,0,0.0016,0.0935,0.0322,0.1967
"MYCI","12522_SE",12522,"SE","South Coastal Region",49.70213,-124.47636,2024,TRUE,4,0,0.0016,0.0789,0.0201,0.184
"MYCI","12522_SE",12522,"SE","South Coastal Region",49.70213,-124.47636,2025,FALSE,0,NA,NA,0.1184,0.0368,0.256
"MYCI","12522_SW",12522,"SW","South Coastal Region",49.7022,-124.52268,2017,TRUE,3,0,0.0053,0.0362,0.0027,0.1304
"MYCI","12522_SW",12522,"SW","South Coastal Region",49.7022,-124.52268,2018,TRUE,3,0,7e-04,0.0328,0.0058,0.0813
"MYCI","12522_SW",12522,"SW","South Coastal Region",49.7022,-124.52268,2019,TRUE,3,0,0.0051,0.051,0.0168,0.1089
"MYCI","12522_SW",12522,"SW","South Coastal Region",49.7022,-124.52268,2020,TRUE,3,0,0.0016,0.0371,0.0091,0.0854
"MYCI","12522_SW",12522,"SW","South Coastal Region",49.7022,-124.52268,2021,TRUE,4,0,0,0.0296,0.0047,0.0785
"MYCI","12522_SW",12522,"SW","South Coastal Region",49.7022,-124.52268,2022,TRUE,3,0,0.0013,0.0424,0.011,0.0956
"MYCI","12522_SW",12522,"SW","South Coastal Region",49.7022,-124.52268,2023,FALSE,0,NA,NA,0.0959,0.037,0.1874
"MYCI","12522_SW",12522,"SW","South Coastal Region",49.7022,-124.52268,2024,FALSE,0,NA,NA,0.0653,0.0187,0.1508
"MYCI","12522_SW",12522,"SW","South Coastal Region",49.7022,-124.52268,2025,FALSE,0,NA,NA,0.1143,0.0421,0.2284
"MYCI","127850_NE",127850,"NE","Kootenay Region",49.31307,-115.01912,2017,TRUE,4,0,0.002,0.0759,0.0056,0.249
"MYCI","127850_NE",127850,"NE","Kootenay Region",49.31307,-115.01912,2018,FALSE,0,NA,NA,0.0921,0.0115,0.2456
"MYCI","127850_NE",127850,"NE","Kootenay Region",49.31307,-115.01912,2019,TRUE,4,0,0.0164,0.1446,0.0358,0.3285
"MYCI","127850_NE",127850,"NE","Kootenay Region",49.31307,-115.01912,2020,TRUE,4,0,0.0051,0.0952,0.0188,0.2385
"MYCI","127850_NE",127850,"NE","Kootenay Region",49.31307,-115.01912,2021,TRUE,4,0,0.0022,0.0739,0.0095,0.2094
"MYCI","127850_NE",127850,"NE","Kootenay Region",49.31307,-115.01912,2022,FALSE,0,NA,NA,0.1157,0.0249,0.2816
"MYCI","127850_NE",127850,"NE","Kootenay Region",49.31307,-115.01912,2023,FALSE,0,NA,NA,0.2464,0.078,0.4833
"MYCI","127850_NE",127850,"NE","Kootenay Region",49.31307,-115.01912,2024,FALSE,0,NA,NA,0.1418,0.0331,0.3405
"MYCI","127850_NE",127850,"NE","Kootenay Region",49.31307,-115.01912,2025,FALSE,0,NA,NA,0.2714,0.0969,0.5107
"MYCI","127850_NW",127850,"NW","Kootenay Region",49.3096,-115.05201,2017,TRUE,4,0,0.0116,0.0669,0.0065,0.2095
"MYCI","127850_NW",127850,"NW","Kootenay Region",49.3096,-115.05201,2018,FALSE,0,NA,NA,0.0782,0.0164,0.1735
"MYCI","127850_NW",127850,"NW","Kootenay Region",49.3096,-115.05201,2019,TRUE,4,0,0.0262,0.1203,0.0468,0.228
"MYCI","127850_NW",127850,"NW","Kootenay Region",49.3096,-115.05201,2020,TRUE,4,0,0.0127,0.0886,0.0289,0.1805
"MYCI","127850_NW",127850,"NW","Kootenay Region",49.3096,-115.05201,2021,TRUE,4,0,0.008,0.072,0.019,0.1627
"MYCI","127850_NW",127850,"NW","Kootenay Region",49.3096,-115.05201,2022,TRUE,4,0,0.0049,0.1002,0.0342,0.2002
"MYCI","127850_NW",127850,"NW","Kootenay Region",49.3096,-115.05201,2023,FALSE,0,NA,NA,0.2129,0.102,0.3572
"MYCI","127850_NW",127850,"NW","Kootenay Region",49.3096,-115.05201,2024,FALSE,0,NA,NA,0.1447,0.0546,0.2857
"MYCI","127850_NW",127850,"NW","Kootenay Region",49.3096,-115.05201,2025,FALSE,0,NA,NA,0.2378,0.1154,0.3935
"MYCI","127850_SE",127850,"SE","Kootenay Region",49.28498,-114.95395,2017,FALSE,0,NA,NA,0.0892,0.0076,0.2836
"MYCI","127850_SE",127850,"SE","Kootenay Region",49.28498,-114.95395,2018,FALSE,0,NA,NA,0.1029,0.0244,0.2309
"MYCI","127850_SE",127850,"SE","Kootenay Region",49.28498,-114.95395,2019,TRUE,4,0,0.0267,0.1483,0.0619,0.2765
"MYCI","127850_SE",127850,"SE","Kootenay Region",49.28498,-114.95395,2020,TRUE,4,0,0.0089,0.1271,0.0461,0.2475
"MYCI","127850_SE",127850,"SE","Kootenay Region",49.28498,-114.95395,2021,TRUE,4,0,0.0031,0.1167,0.036,0.2388
"MYCI","127850_SE",127850,"SE","Kootenay Region",49.28498,-114.95395,2022,TRUE,4,0,0.0036,0.1435,0.0529,0.2782
"MYCI","127850_SE",127850,"SE","Kootenay Region",49.28498,-114.95395,2023,TRUE,4,0,0.026,0.256,0.1295,0.4163
"MYCI","127850_SE",127850,"SE","Kootenay Region",49.28498,-114.95395,2024,FALSE,0,NA,NA,0.2144,0.0844,0.3966
"MYCI","127850_SE",127850,"SE","Kootenay Region",49.28498,-114.95395,2025,FALSE,0,NA,NA,0.2996,0.1494,0.4912
"MYCI","127850_SW",127850,"SW","Kootenay Region",49.2671,-115.02532,2017,TRUE,4,0,0.0058,0.0641,0.0053,0.2087
"MYCI","127850_SW",127850,"SW","Kootenay Region",49.2671,-115.02532,2018,FALSE,0,NA,NA,0.065,0.0117,0.1537
"MYCI","127850_SW",127850,"SW","Kootenay Region",49.2671,-115.02532,2019,TRUE,3,0,0.022,0.1004,0.0358,0.2021
"MYCI","127850_SW",127850,"SW","Kootenay Region",49.2671,-115.02532,2020,TRUE,4,0,0.0049,0.0688,0.0212,0.1468
"MYCI","127850_SW",127850,"SW","Kootenay Region",49.2671,-115.02532,2021,TRUE,4,0,0.0022,0.0521,0.0112,0.1249
"MYCI","127850_SW",127850,"SW","Kootenay Region",49.2671,-115.02532,2022,TRUE,4,0,0.0011,0.079,0.0258,0.1666
"MYCI","127850_SW",127850,"SW","Kootenay Region",49.2671,-115.02532,2023,TRUE,4,0,0.0109,0.1791,0.0804,0.3172
"MYCI","127850_SW",127850,"SW","Kootenay Region",49.2671,-115.02532,2024,TRUE,4,0,0.0049,0.1107,0.0394,0.2198
"MYCI","127850_SW",127850,"SW","Kootenay Region",49.2671,-115.02532,2025,FALSE,0,NA,NA,0.2007,0.0879,0.3471
"MYCI","128058_NE",128058,"NE","South Coastal Region",48.84117,-123.42727,2017,FALSE,0,NA,NA,0.0375,8e-04,0.1853
"MYCI","128058_NE",128058,"NE","South Coastal Region",48.84117,-123.42727,2018,TRUE,4,0,0.0013,0.0315,0.0037,0.0922
"MYCI","128058_NE",128058,"NE","South Coastal Region",48.84117,-123.42727,2019,TRUE,4,0,0.0042,0.0524,0.0123,0.1359
"MYCI","128058_NE",128058,"NE","South Coastal Region",48.84117,-123.42727,2020,TRUE,4,0,9e-04,0.0321,0.0054,0.0912
"MYCI","128058_NE",128058,"NE","South Coastal Region",48.84117,-123.42727,2021,TRUE,4,0,4e-04,0.0231,0.002,0.0738
"MYCI","128058_NE",128058,"NE","South Coastal Region",48.84117,-123.42727,2022,TRUE,2,0,0.002,0.0378,0.007,0.1018
"MYCI","128058_NE",128058,"NE","South Coastal Region",48.84117,-123.42727,2023,FALSE,0,NA,NA,0.0896,0.025,0.2115
"MYCI","128058_NE",128058,"NE","South Coastal Region",48.84117,-123.42727,2024,FALSE,0,NA,NA,0.0527,0.0114,0.1416
"MYCI","128058_NE",128058,"NE","South Coastal Region",48.84117,-123.42727,2025,FALSE,0,NA,NA,0.1057,0.0273,0.2575
"MYCI","128058_NW",128058,"NW","South Coastal Region",48.82144,-123.48643,2017,FALSE,0,NA,NA,0.0433,0.0047,0.1406
"MYCI","128058_NW",128058,"NW","South Coastal Region",48.82144,-123.48643,2018,TRUE,4,0,0,0.0509,0.0116,0.1173
"MYCI","128058_NW",128058,"NW","South Coastal Region",48.82144,-123.48643,2019,TRUE,4,0,0.002,0.0795,0.0268,0.1602
"MYCI","128058_NW",128058,"NW","South Coastal Region",48.82144,-123.48643,2020,TRUE,4,0,2e-04,0.0658,0.0175,0.1462
"MYCI","128058_NW",128058,"NW","South Coastal Region",48.82144,-123.48643,2021,TRUE,4,0,0,0.0589,0.0114,0.1395
"MYCI","128058_NW",128058,"NW","South Coastal Region",48.82144,-123.48643,2022,TRUE,4,0,2e-04,0.0725,0.02,0.1612
"MYCI","128058_NW",128058,"NW","South Coastal Region",48.82144,-123.48643,2023,FALSE,0,NA,NA,0.1356,0.0522,0.2597
"MYCI","128058_NW",128058,"NW","South Coastal Region",48.82144,-123.48643,2024,FALSE,0,NA,NA,0.1131,0.0321,0.2548
"MYCI","128058_NW",128058,"NW","South Coastal Region",48.82144,-123.48643,2025,FALSE,0,NA,NA,0.1668,0.063,0.3258
"MYCI","128058_SW",128058,"SW","South Coastal Region",48.79828,-123.47632,2017,FALSE,0,NA,NA,0.0373,0.0031,0.1298
"MYCI","128058_SW",128058,"SW","South Coastal Region",48.79828,-123.47632,2018,TRUE,4,0,0,0.0401,0.0077,0.0949
"MYCI","128058_SW",128058,"SW","South Coastal Region",48.79828,-123.47632,2019,TRUE,4,0,4e-04,0.0638,0.0219,0.1329
"MYCI","128058_SW",128058,"SW","South Coastal Region",48.79828,-123.47632,2020,TRUE,4,0,0,0.0472,0.0124,0.1075
"MYCI","128058_SW",128058,"SW","South Coastal Region",48.79828,-123.47632,2021,TRUE,4,0,0,0.0391,0.0069,0.098
"MYCI","128058_SW",128058,"SW","South Coastal Region",48.79828,-123.47632,2022,TRUE,4,0,4e-04,0.0523,0.0141,0.1184
"MYCI","128058_SW",128058,"SW","South Coastal Region",48.79828,-123.47632,2023,FALSE,0,NA,NA,0.1107,0.0432,0.2128
"MYCI","128058_SW",128058,"SW","South Coastal Region",48.79828,-123.47632,2024,FALSE,0,NA,NA,0.0814,0.0238,0.1852
"MYCI","128058_SW",128058,"SW","South Coastal Region",48.79828,-123.47632,2025,FALSE,0,NA,NA,0.1328,0.0507,0.2617
"MYCI","132650_SE",132650,"SE","Okanagan Region",51.81828,-122.42144,2017,FALSE,0,NA,NA,0.79,0.5416,0.9662
"MYCI","132650_SE",132650,"SE","Okanagan Region",51.81828,-122.42144,2018,FALSE,0,NA,NA,0.7343,0.4944,0.9054
"MYCI","132650_SE",132650,"SE","Okanagan Region",51.81828,-122.42144,2019,FALSE,0,NA,NA,0.7586,0.5349,0.9205
"MYCI","132650_SE",132650,"SE","Okanagan Region",51.81828,-122.42144,2020,TRUE,4,1,1,0.6866,0.4174,0.8997
"MYCI","132650_SE",132650,"SE","Okanagan Region",51.81828,-122.42144,2021,TRUE,4,1,1,0.6933,0.4475,0.8918
"MYCI","132650_SE",132650,"SE","Okanagan Region",51.81828,-122.42144,2022,TRUE,2,1,1,0.7546,0.5087,0.9269
"MYCI","132650_SE",132650,"SE","Okanagan Region",51.81828,-122.42144,2023,TRUE,3,1,1,0.8597,0.6789,0.9708
"MYCI","132650_SE",132650,"SE","Okanagan Region",51.81828,-122.42144,2024,TRUE,4,1,1,0.765,0.5223,0.9416
"MYCI","132650_SE",132650,"SE","Okanagan Region",51.81828,-122.42144,2025,TRUE,4,1,1,0.8162,0.6188,0.9507
"MYCI","132650_SW",132650,"SW","Okanagan Region",51.80225,-122.46284,2017,FALSE,0,NA,NA,0.7823,0.4898,0.9696
"MYCI","132650_SW",132650,"SW","Okanagan Region",51.80225,-122.46284,2018,FALSE,0,NA,NA,0.6781,0.4702,0.8427
"MYCI","132650_SW",132650,"SW","Okanagan Region",51.80225,-122.46284,2019,FALSE,0,NA,NA,0.6871,0.4764,0.8479
"MYCI","132650_SW",132650,"SW","Okanagan Region",51.80225,-122.46284,2020,TRUE,4,1,1,0.6081,0.3804,0.7886
"MYCI","132650_SW",132650,"SW","Okanagan Region",51.80225,-122.46284,2021,TRUE,3,1,1,0.5932,0.3755,0.7824
"MYCI","132650_SW",132650,"SW","Okanagan Region",51.80225,-122.46284,2022,TRUE,4,1,1,0.6605,0.4503,0.8315
"MYCI","132650_SW",132650,"SW","Okanagan Region",51.80225,-122.46284,2023,TRUE,3,1,1,0.8008,0.6416,0.9294
"MYCI","132650_SW",132650,"SW","Okanagan Region",51.80225,-122.46284,2024,FALSE,0,NA,NA,0.7056,0.4966,0.875
"MYCI","132650_SW",132650,"SW","Okanagan Region",51.80225,-122.46284,2025,TRUE,4,1,1,0.7662,0.6014,0.9013
"MYCI","137274_NE",137274,"NE","South Coastal Region",48.79,-123.6988,2017,FALSE,0,NA,NA,0.052,0.0044,0.1779
"MYCI","137274_NE",137274,"NE","South Coastal Region",48.79,-123.6988,2018,TRUE,4,0,7e-04,0.0579,0.0129,0.1465
"MYCI","137274_NE",137274,"NE","South Coastal Region",48.79,-123.6988,2019,TRUE,3,0,0.0013,0.0809,0.0286,0.1686
"MYCI","137274_NE",137274,"NE","South Coastal Region",48.79,-123.6988,2020,TRUE,4,0,2e-04,0.0792,0.0221,0.1716
"MYCI","137274_NE",137274,"NE","South Coastal Region",48.79,-123.6988,2021,FALSE,0,NA,NA,0.0784,0.0166,0.177
"MYCI","137274_NE",137274,"NE","South Coastal Region",48.79,-123.6988,2022,TRUE,4,0,0,0.0915,0.0236,0.1962
"MYCI","137274_NE",137274,"NE","South Coastal Region",48.79,-123.6988,2023,TRUE,4,0,0.0011,0.1423,0.0528,0.2738
"MYCI","137274_NE",137274,"NE","South Coastal Region",48.79,-123.6988,2024,FALSE,0,NA,NA,0.1406,0.0396,0.2874
"MYCI","137274_NE",137274,"NE","South Coastal Region",48.79,-123.6988,2025,FALSE,0,NA,NA,0.1886,0.064,0.3687
"MYCI","137274_NW",137274,"NW","South Coastal Region",48.7891,-123.719,2017,FALSE,0,NA,NA,0.0416,0.004,0.1425
"MYCI","137274_NW",137274,"NW","South Coastal Region",48.7891,-123.719,2018,TRUE,4,0,7e-04,0.0471,0.0105,0.1096
"MYCI","137274_NW",137274,"NW","South Coastal Region",48.7891,-123.719,2019,TRUE,4,0,0.0058,0.0716,0.0263,0.1416
"MYCI","137274_NW",137274,"NW","South Coastal Region",48.7891,-123.719,2020,TRUE,4,0,0.0011,0.0618,0.0172,0.1298
"MYCI","137274_NW",137274,"NW","South Coastal Region",48.7891,-123.719,2021,TRUE,4,0,2e-04,0.0567,0.0115,0.1304
"MYCI","137274_NW",137274,"NW","South Coastal Region",48.7891,-123.719,2022,TRUE,4,0,7e-04,0.0696,0.0192,0.1517
"MYCI","137274_NW",137274,"NW","South Coastal Region",48.7891,-123.719,2023,TRUE,3,0,0.0178,0.1275,0.0517,0.238
"MYCI","137274_NW",137274,"NW","South Coastal Region",48.7891,-123.719,2024,FALSE,0,NA,NA,0.1103,0.0329,0.2375
"MYCI","137274_NW",137274,"NW","South Coastal Region",48.7891,-123.719,2025,FALSE,0,NA,NA,0.1604,0.0622,0.3097
"MYCI","137274_SE",137274,"SE","South Coastal Region",48.7539,-123.6447,2017,FALSE,0,NA,NA,0.0552,0.0042,0.1957
"MYCI","137274_SE",137274,"SE","South Coastal Region",48.7539,-123.6447,2018,TRUE,4,0,0,0.0625,0.0135,0.1599
"MYCI","137274_SE",137274,"SE","South Coastal Region",48.7539,-123.6447,2019,TRUE,3,0,9e-04,0.0874,0.0312,0.1808
"MYCI","137274_SE",137274,"SE","South Coastal Region",48.7539,-123.6447,2020,TRUE,4,0,0,0.0874,0.0257,0.1879
"MYCI","137274_SE",137274,"SE","South Coastal Region",48.7539,-123.6447,2021,TRUE,2,0,0,0.0871,0.0201,0.1919
"MYCI","137274_SE",137274,"SE","South Coastal Region",48.7539,-123.6447,2022,TRUE,4,0,2e-04,0.1007,0.0278,0.2102
"MYCI","137274_SE",137274,"SE","South Coastal Region",48.7539,-123.6447,2023,TRUE,4,0,0.002,0.1525,0.0586,0.2908
"MYCI","137274_SE",137274,"SE","South Coastal Region",48.7539,-123.6447,2024,FALSE,0,NA,NA,0.1522,0.044,0.3045
"MYCI","137274_SE",137274,"SE","South Coastal Region",48.7539,-123.6447,2025,FALSE,0,NA,NA,0.2013,0.071,0.3823
"MYCI","143274_NE",143274,"NE","South Coastal Region",50.3377,-122.8012,2017,FALSE,0,NA,NA,0.0413,0.0045,0.1347
"MYCI","143274_NE",143274,"NE","South Coastal Region",50.3377,-122.8012,2018,FALSE,0,NA,NA,0.0343,0.007,0.0803
"MYCI","143274_NE",143274,"NE","South Coastal Region",50.3377,-122.8012,2019,TRUE,4,0,0.0058,0.0508,0.0174,0.1048
"MYCI","143274_NE",143274,"NE","South Coastal Region",50.3377,-122.8012,2020,TRUE,4,0,9e-04,0.0368,0.0094,0.0834
"MYCI","143274_NE",143274,"NE","South Coastal Region",50.3377,-122.8012,2021,TRUE,4,0,0,0.0295,0.0052,0.0755
"MYCI","143274_NE",143274,"NE","South Coastal Region",50.3377,-122.8012,2022,TRUE,4,0,0,0.0415,0.0118,0.0925
"MYCI","143274_NE",143274,"NE","South Coastal Region",50.3377,-122.8012,2023,TRUE,4,0,0.0036,0.0938,0.0393,0.1747
"MYCI","143274_NE",143274,"NE","South Coastal Region",50.3377,-122.8012,2024,TRUE,4,0,0.0011,0.0647,0.0199,0.1469
"MYCI","143274_NE",143274,"NE","South Coastal Region",50.3377,-122.8012,2025,TRUE,4,0,0.002,0.1123,0.044,0.2144
"MYCI","143274_NW",143274,"NW","South Coastal Region",50.3446,-122.8479,2017,FALSE,0,NA,NA,0.0381,0.0037,0.1283
"MYCI","143274_NW",143274,"NW","South Coastal Region",50.3446,-122.8479,2018,FALSE,0,NA,NA,0.0295,0.0051,0.0771
"MYCI","143274_NW",143274,"NW","South Coastal Region",50.3446,-122.8479,2019,TRUE,4,0,0.0029,0.0421,0.0123,0.0967
"MYCI","143274_NW",143274,"NW","South Coastal Region",50.3446,-122.8479,2020,TRUE,3,0,9e-04,0.0312,0.0064,0.0793
"MYCI","143274_NW",143274,"NW","South Coastal Region",50.3446,-122.8479,2021,TRUE,4,0,0,0.0252,0.0032,0.075
"MYCI","143274_NW",143274,"NW","South Coastal Region",50.3446,-122.8479,2022,TRUE,4,0,2e-04,0.0352,0.008,0.0905
"MYCI","143274_NW",143274,"NW","South Coastal Region",50.3446,-122.8479,2023,TRUE,4,0,0.0013,0.0765,0.027,0.1618
"MYCI","143274_NW",143274,"NW","South Coastal Region",50.3446,-122.8479,2024,TRUE,4,0,9e-04,0.054,0.0141,0.1337
"MYCI","143274_NW",143274,"NW","South Coastal Region",50.3446,-122.8479,2025,TRUE,4,0,0.0011,0.0931,0.0303,0.2031
"MYCI","143274_SE",143274,"SE","South Coastal Region",50.3004,-122.758,2017,FALSE,0,NA,NA,0.0394,0.0042,0.1283
"MYCI","143274_SE",143274,"SE","South Coastal Region",50.3004,-122.758,2018,FALSE,0,NA,NA,0.0335,0.0067,0.0835
"MYCI","143274_SE",143274,"SE","South Coastal Region",50.3004,-122.758,2019,TRUE,4,0,0.002,0.0476,0.0152,0.1035
"MYCI","143274_SE",143274,"SE","South Coastal Region",50.3004,-122.758,2020,TRUE,3,0,0.0013,0.0372,0.0087,0.089
"MYCI","143274_SE",143274,"SE","South Coastal Region",50.3004,-122.758,2021,TRUE,4,0,0,0.0313,0.0047,0.0843
"MYCI","143274_SE",143274,"SE","South Coastal Region",50.3004,-122.758,2022,TRUE,4,0,0,0.0418,0.0104,0.1016
"MYCI","143274_SE",143274,"SE","South Coastal Region",50.3004,-122.758,2023,TRUE,4,0,7e-04,0.0864,0.0329,0.1735
"MYCI","143274_SE",143274,"SE","South Coastal Region",50.3004,-122.758,2024,TRUE,4,0,7e-04,0.0655,0.0186,0.1511
"MYCI","143274_SE",143274,"SE","South Coastal Region",50.3004,-122.758,2025,TRUE,4,0,0.0018,0.1064,0.0368,0.2206
"MYCI","143274_SW",143274,"SW","South Coastal Region",50.2961,-122.8048,2017,FALSE,0,NA,NA,0.0398,0.0038,0.1366
"MYCI","143274_SW",143274,"SW","South Coastal Region",50.2961,-122.8048,2018,FALSE,0,NA,NA,0.0288,0.005,0.0722
"MYCI","143274_SW",143274,"SW","South Coastal Region",50.2961,-122.8048,2019,TRUE,4,0,0.0016,0.043,0.0137,0.0935
"MYCI","143274_SW",143274,"SW","South Coastal Region",50.2961,-122.8048,2020,TRUE,2,0,0.0013,0.0292,0.0067,0.0698
"MYCI","143274_SW",143274,"SW","South Coastal Region",50.2961,-122.8048,2021,TRUE,4,0,0,0.022,0.0032,0.0599
"MYCI","143274_SW",143274,"SW","South Coastal Region",50.2961,-122.8048,2022,TRUE,4,0,0,0.0334,0.0089,0.0777
"MYCI","143274_SW",143274,"SW","South Coastal Region",50.2961,-122.8048,2023,TRUE,4,0,7e-04,0.0798,0.0322,0.1559
"MYCI","143274_SW",143274,"SW","South Coastal Region",50.2961,-122.8048,2024,TRUE,4,0,4e-04,0.0502,0.0147,0.1167
"MYCI","143274_SW",143274,"SW","South Coastal Region",50.2961,-122.8048,2025,TRUE,4,0,0.0013,0.095,0.0351,0.193
"MYCI","145578_NE",145578,"NE","Kootenay Region",49.93178,-115.65558,2017,FALSE,0,NA,NA,0.068,0.0067,0.2088
"MYCI","145578_NE",145578,"NE","Kootenay Region",49.93178,-115.65558,2018,TRUE,4,0,0.0024,0.0648,0.0112,0.167
"MYCI","145578_NE",145578,"NE","Kootenay Region",49.93178,-115.65558,2019,TRUE,4,0,0.1347,0.0909,0.0244,0.2088
"MYCI","145578_NE",145578,"NE","Kootenay Region",49.93178,-115.65558,2020,TRUE,4,1,1,0.0681,0.0159,0.1687
"MYCI","145578_NE",145578,"NE","Kootenay Region",49.93178,-115.65558,2021,TRUE,4,0,0.0044,0.0555,0.0088,0.1572
"MYCI","145578_NE",145578,"NE","Kootenay Region",49.93178,-115.65558,2022,TRUE,3,0,0.0022,0.0751,0.0168,0.1897
"MYCI","145578_NE",145578,"NE","Kootenay Region",49.93178,-115.65558,2023,FALSE,0,NA,NA,0.1562,0.0517,0.3243
"MYCI","145578_NE",145578,"NE","Kootenay Region",49.93178,-115.65558,2024,TRUE,4,0,0.0018,0.109,0.0298,0.2513
"MYCI","145578_NE",145578,"NE","Kootenay Region",49.93178,-115.65558,2025,TRUE,4,0,0.0033,0.179,0.0587,0.3596
"MYCI","145578_NW",145578,"NW","Kootenay Region",49.93544,-115.67497,2017,FALSE,0,NA,NA,0.0622,0.0047,0.2096
"MYCI","145578_NW",145578,"NW","Kootenay Region",49.93544,-115.67497,2018,FALSE,0,NA,NA,0.0733,0.0112,0.1787
"MYCI","145578_NW",145578,"NW","Kootenay Region",49.93544,-115.67497,2019,TRUE,3,0,0.0504,0.1166,0.038,0.2475
"MYCI","145578_NW",145578,"NW","Kootenay Region",49.93544,-115.67497,2020,FALSE,0,NA,NA,0.0779,0.0195,0.1748
"MYCI","145578_NW",145578,"NW","Kootenay Region",49.93544,-115.67497,2021,TRUE,4,0,0.0013,0.0589,0.0103,0.1483
"MYCI","145578_NW",145578,"NW","Kootenay Region",49.93544,-115.67497,2022,TRUE,3,0,0.0087,0.0915,0.0262,0.1969
"MYCI","145578_NW",145578,"NW","Kootenay Region",49.93544,-115.67497,2023,TRUE,4,0,0.0224,0.2064,0.0822,0.378
"MYCI","145578_NW",145578,"NW","Kootenay Region",49.93544,-115.67497,2024,TRUE,3,0,0.0142,0.1208,0.0374,0.26
"MYCI","145578_NW",145578,"NW","Kootenay Region",49.93544,-115.67497,2025,TRUE,4,0,0.0156,0.2281,0.0989,0.407
"MYCI","145578_SE",145578,"SE","Kootenay Region",49.89983,-115.64222,2017,FALSE,0,NA,NA,0.0837,0.0079,0.2569
"MYCI","145578_SE",145578,"SE","Kootenay Region",49.89983,-115.64222,2018,TRUE,3,0,0.0327,0.0904,0.0199,0.2134
"MYCI","145578_SE",145578,"SE","Kootenay Region",49.89983,-115.64222,2019,TRUE,4,1,1,0.1222,0.0477,0.2361
"MYCI","145578_SE",145578,"SE","Kootenay Region",49.89983,-115.64222,2020,TRUE,4,1,1,0.1061,0.0389,0.2066
"MYCI","145578_SE",145578,"SE","Kootenay Region",49.89983,-115.64222,2021,TRUE,4,1,1,0.0967,0.032,0.1979
"MYCI","145578_SE",145578,"SE","Kootenay Region",49.89983,-115.64222,2022,TRUE,4,1,1,0.116,0.0445,0.2265
"MYCI","145578_SE",145578,"SE","Kootenay Region",49.89983,-115.64222,2023,TRUE,4,1,1,0.2023,0.0979,0.3487
"MYCI","145578_SE",145578,"SE","Kootenay Region",49.89983,-115.64222,2024,FALSE,0,NA,NA,0.175,0.0766,0.3152
"MYCI","145578_SE",145578,"SE","Kootenay Region",49.89983,-115.64222,2025,TRUE,4,1,1,0.2428,0.1157,0.4126
"MYCI","145578_SW",145578,"SW","Kootenay Region",49.89589,-115.695,2017,FALSE,0,NA,NA,0.1062,0.0069,0.3738
"MYCI","145578_SW",145578,"SW","Kootenay Region",49.89589,-115.695,2018,FALSE,0,NA,NA,0.1251,0.0253,0.3235
"MYCI","145578_SW",145578,"SW","Kootenay Region",49.89589,-115.695,2019,TRUE,4,1,1,0.1678,0.0642,0.3298
"MYCI","145578_SW",145578,"SW","Kootenay Region",49.89589,-115.695,2020,TRUE,4,1,1,0.166,0.0654,0.314
"MYCI","145578_SW",145578,"SW","Kootenay Region",49.89589,-115.695,2021,TRUE,4,0,0.0018,0.1655,0.0625,0.3112
"MYCI","145578_SW",145578,"SW","Kootenay Region",49.89589,-115.695,2022,TRUE,4,0,0.0013,0.1896,0.078,0.3462
"MYCI","145578_SW",145578,"SW","Kootenay Region",49.89589,-115.695,2023,TRUE,4,1,1,0.2796,0.1382,0.4586
"MYCI","145578_SW",145578,"SW","Kootenay Region",49.89589,-115.695,2024,TRUE,4,1,1,0.2756,0.1287,0.4617
"MYCI","145578_SW",145578,"SW","Kootenay Region",49.89589,-115.695,2025,TRUE,4,1,1,0.3493,0.1774,0.5574
"MYCI","16426_NE",16426,"NE","Northern Region",54.82137,-123.35579,2017,FALSE,0,NA,NA,0.0445,0.0034,0.1614
"MYCI","16426_NE",16426,"NE","Northern Region",54.82137,-123.35579,2018,TRUE,3,0,0,0.0082,7e-04,0.0317
"MYCI","16426_NE",16426,"NE","Northern Region",54.82137,-123.35579,2019,TRUE,3,0,2e-04,0.0084,9e-04,0.0295
"MYCI","16426_NE",16426,"NE","Northern Region",54.82137,-123.35579,2020,TRUE,3,0,0,0.0051,3e-04,0.0198
"MYCI","16426_NE",16426,"NE","Northern Region",54.82137,-123.35579,2021,TRUE,3,0,2e-04,0.0035,1e-04,0.0157
"MYCI","16426_NE",16426,"NE","Northern Region",54.82137,-123.35579,2022,TRUE,3,0,2e-04,0.0056,5e-04,0.0207
"MYCI","16426_NE",16426,"NE","Northern Region",54.82137,-123.35579,2023,FALSE,0,NA,NA,0.0143,0.0016,0.0468
"MYCI","16426_NE",16426,"NE","Northern Region",54.82137,-123.35579,2024,TRUE,3,0,2e-04,0.0077,7e-04,0.029
"MYCI","16426_NE",16426,"NE","Northern Region",54.82137,-123.35579,2025,FALSE,0,NA,NA,0.0171,0.002,0.0557
"MYCI","16426_SE",16426,"SE","Northern Region",54.81895,-123.33997,2017,FALSE,0,NA,NA,0.055,0.0043,0.1994
"MYCI","16426_SE",16426,"SE","Northern Region",54.81895,-123.33997,2018,TRUE,3,0,0,0.0142,0.0013,0.0553
"MYCI","16426_SE",16426,"SE","Northern Region",54.81895,-123.33997,2019,TRUE,3,0,0.0013,0.0112,0.0012,0.0413
"MYCI","16426_SE",16426,"SE","Northern Region",54.81895,-123.33997,2020,TRUE,2,0,7e-04,0.0071,4e-04,0.0318
"MYCI","16426_SE",16426,"SE","Northern Region",54.81895,-123.33997,2021,TRUE,3,0,0,0.0054,2e-04,0.0288
"MYCI","16426_SE",16426,"SE","Northern Region",54.81895,-123.33997,2022,TRUE,3,0,0,0.007,5e-04,0.0291
"MYCI","16426_SE",16426,"SE","Northern Region",54.81895,-123.33997,2023,FALSE,0,NA,NA,0.0148,0.0017,0.0468
"MYCI","16426_SE",16426,"SE","Northern Region",54.81895,-123.33997,2024,FALSE,0,NA,NA,0.0097,8e-04,0.0384
"MYCI","16426_SE",16426,"SE","Northern Region",54.81895,-123.33997,2025,FALSE,0,NA,NA,0.0177,0.0021,0.0568
"MYCI","172090_NE",172090,"NE","South Coastal Region",49.37012,-122.94857,2017,FALSE,0,NA,NA,0.1063,0.0024,0.5241
"MYCI","172090_NE",172090,"NE","South Coastal Region",49.37012,-122.94857,2018,TRUE,3,0,4e-04,0.0456,0.0049,0.1605
"MYCI","172090_NE",172090,"NE","South Coastal Region",49.37012,-122.94857,2019,TRUE,3,0,0.0033,0.0609,0.0125,0.1706
"MYCI","172090_NE",172090,"NE","South Coastal Region",49.37012,-122.94857,2020,TRUE,3,0,0.0013,0.0393,0.0055,0.12
"MYCI","172090_NE",172090,"NE","South Coastal Region",49.37012,-122.94857,2021,TRUE,4,0,2e-04,0.0297,0.0026,0.0977
"MYCI","172090_NE",172090,"NE","South Coastal Region",49.37012,-122.94857,2022,TRUE,4,0,0,0.0448,0.0077,0.1327
"MYCI","172090_NE",172090,"NE","South Coastal Region",49.37012,-122.94857,2023,TRUE,2,0,0.0113,0.1044,0.0251,0.2551
"MYCI","172090_NE",172090,"NE","South Coastal Region",49.37012,-122.94857,2024,FALSE,0,NA,NA,0.0634,0.011,0.184
"MYCI","172090_NE",172090,"NE","South Coastal Region",49.37012,-122.94857,2025,FALSE,0,NA,NA,0.1239,0.0276,0.3036
"MYCI","172090_NW",172090,"NW","South Coastal Region",49.34683,-123.00985,2017,FALSE,0,NA,NA,0.0361,0.0025,0.1309
"MYCI","172090_NW",172090,"NW","South Coastal Region",49.34683,-123.00985,2018,TRUE,3,0,0,0.0304,0.0048,0.0781
"MYCI","172090_NW",172090,"NW","South Coastal Region",49.34683,-123.00985,2019,TRUE,3,0,9e-04,0.048,0.0148,0.1076
"MYCI","172090_NW",172090,"NW","South Coastal Region",49.34683,-123.00985,2020,FALSE,0,NA,NA,0.0331,0.0074,0.0803
"MYCI","172090_NW",172090,"NW","South Coastal Region",49.34683,-123.00985,2021,TRUE,4,0,2e-04,0.0251,0.0034,0.0695
"MYCI","172090_NW",172090,"NW","South Coastal Region",49.34683,-123.00985,2022,TRUE,4,0,0,0.0379,0.0095,0.0882
"MYCI","172090_NW",172090,"NW","South Coastal Region",49.34683,-123.00985,2023,TRUE,3,0,9e-04,0.0888,0.0328,0.1825
"MYCI","172090_NW",172090,"NW","South Coastal Region",49.34683,-123.00985,2024,FALSE,0,NA,NA,0.0561,0.0154,0.1325
"MYCI","172090_NW",172090,"NW","South Coastal Region",49.34683,-123.00985,2025,FALSE,0,NA,NA,0.1053,0.036,0.2213
"MYCI","172090_SE",172090,"SE","South Coastal Region",49.32364,-122.97036,2017,FALSE,0,NA,NA,0.0369,0.0031,0.1275
"MYCI","172090_SE",172090,"SE","South Coastal Region",49.32364,-122.97036,2018,TRUE,3,0,9e-04,0.0487,0.0068,0.1326
"MYCI","172090_SE",172090,"SE","South Coastal Region",49.32364,-122.97036,2019,FALSE,0,NA,NA,0.081,0.0188,0.2053
"MYCI","172090_SE",172090,"SE","South Coastal Region",49.32364,-122.97036,2020,TRUE,4,0,0.0013,0.0564,0.01,0.1457
"MYCI","172090_SE",172090,"SE","South Coastal Region",49.32364,-122.97036,2021,TRUE,4,0,7e-04,0.0447,0.0053,0.1291
"MYCI","172090_SE",172090,"SE","South Coastal Region",49.32364,-122.97036,2022,TRUE,4,0,4e-04,0.0658,0.0125,0.1725
"MYCI","172090_SE",172090,"SE","South Coastal Region",49.32364,-122.97036,2023,TRUE,3,0,0.0131,0.1428,0.0373,0.3315
"MYCI","172090_SE",172090,"SE","South Coastal Region",49.32364,-122.97036,2024,FALSE,0,NA,NA,0.0899,0.0189,0.2426
"MYCI","172090_SE",172090,"SE","South Coastal Region",49.32364,-122.97036,2025,FALSE,0,NA,NA,0.1619,0.0456,0.3549
"MYCI","172090_SW",172090,"SW","South Coastal Region",49.31421,-123.01406,2017,FALSE,0,NA,NA,0.0488,0.0044,0.1607
"MYCI","172090_SW",172090,"SW","South Coastal Region",49.31421,-123.01406,2018,TRUE,3,0,0.0018,0.0566,0.0135,0.1352
"MYCI","172090_SW",172090,"SW","South Coastal Region",49.31421,-123.01406,2019,TRUE,3,0,0.0064,0.0834,0.0311,0.1667
"MYCI","172090_SW",172090,"SW","South Coastal Region",49.31421,-123.01406,2020,TRUE,4,0,7e-04,0.0803,0.0237,0.1682
"MYCI","172090_SW",172090,"SW","South Coastal Region",49.31421,-123.01406,2021,TRUE,4,0,2e-04,0.0787,0.0178,0.1713
"MYCI","172090_SW",172090,"SW","South Coastal Region",49.31421,-123.01406,2022,TRUE,4,0,7e-04,0.0941,0.0265,0.197
"MYCI","172090_SW",172090,"SW","South Coastal Region",49.31421,-123.01406,2023,TRUE,3,0,0.0149,0.146,0.0577,0.2704
"MYCI","172090_SW",172090,"SW","South Coastal Region",49.31421,-123.01406,2024,FALSE,0,NA,NA,0.1368,0.0402,0.2784
"MYCI","172090_SW",172090,"SW","South Coastal Region",49.31421,-123.01406,2025,FALSE,0,NA,NA,0.1841,0.068,0.3495
"MYCI","175354_SE",175354,"SE","Northern Region",59.42418,-125.94917,2017,FALSE,0,NA,NA,0.0379,0.0022,0.1524
"MYCI","175354_SE",175354,"SE","Northern Region",59.42418,-125.94917,2018,TRUE,3,0,0,0.0133,0.001,0.0518
"MYCI","175354_SE",175354,"SE","Northern Region",59.42418,-125.94917,2019,TRUE,4,0,0.0027,0.0164,0.0013,0.0627
"MYCI","175354_SE",175354,"SE","Northern Region",59.42418,-125.94917,2020,TRUE,4,0,0,0.0106,5e-04,0.0455
"MYCI","175354_SE",175354,"SE","Northern Region",59.42418,-125.94917,2021,FALSE,0,NA,NA,0.0079,2e-04,0.0387
"MYCI","175354_SE",175354,"SE","Northern Region",59.42418,-125.94917,2022,FALSE,0,NA,NA,0.0119,7e-04,0.0482
"MYCI","175354_SE",175354,"SE","Northern Region",59.42418,-125.94917,2023,FALSE,0,NA,NA,0.0289,0.0022,0.1117
"MYCI","175354_SE",175354,"SE","Northern Region",59.42418,-125.94917,2024,FALSE,0,NA,NA,0.017,9e-04,0.0723
"MYCI","175354_SE",175354,"SE","Northern Region",59.42418,-125.94917,2025,FALSE,0,NA,NA,0.0343,0.0026,0.1294
"MYCI","175354_SW",175354,"SW","Northern Region",59.40931,-126.09868,2017,FALSE,0,NA,NA,0.0379,0.0022,0.1506
"MYCI","175354_SW",175354,"SW","Northern Region",59.40931,-126.09868,2018,TRUE,3,0,0.0016,0.0119,0.001,0.0458
"MYCI","175354_SW",175354,"SW","Northern Region",59.40931,-126.09868,2019,TRUE,4,0,0.002,0.0127,0.0013,0.0457
"MYCI","175354_SW",175354,"SW","Northern Region",59.40931,-126.09868,2020,TRUE,4,0,9e-04,0.0083,5e-04,0.0348
"MYCI","175354_SW",175354,"SW","Northern Region",59.40931,-126.09868,2021,FALSE,0,NA,NA,0.0062,2e-04,0.0307
"MYCI","175354_SW",175354,"SW","Northern Region",59.40931,-126.09868,2022,FALSE,0,NA,NA,0.009,7e-04,0.0354
"MYCI","175354_SW",175354,"SW","Northern Region",59.40931,-126.09868,2023,FALSE,0,NA,NA,0.0212,0.0021,0.0748
"MYCI","175354_SW",175354,"SW","Northern Region",59.40931,-126.09868,2024,TRUE,4,0,4e-04,0.013,0.001,0.0535
"MYCI","175354_SW",175354,"SW","Northern Region",59.40931,-126.09868,2025,TRUE,4,0,4e-04,0.0253,0.0027,0.0887
"MYCI","17706_NW",17706,"NW","Northern Region",51.97601,-120.10368,2017,FALSE,0,NA,NA,0.0507,0.0041,0.1779
"MYCI","17706_NW",17706,"NW","Northern Region",51.97601,-120.10368,2018,FALSE,0,NA,NA,0.0143,0.0012,0.0568
"MYCI","17706_NW",17706,"NW","Northern Region",51.97601,-120.10368,2019,TRUE,4,0,4e-04,0.011,0.001,0.0435
"MYCI","17706_NW",17706,"NW","Northern Region",51.97601,-120.10368,2020,TRUE,2,0,9e-04,0.007,4e-04,0.0321
"MYCI","17706_NW",17706,"NW","Northern Region",51.97601,-120.10368,2021,FALSE,0,NA,NA,0.0053,2e-04,0.0279
"MYCI","17706_NW",17706,"NW","Northern Region",51.97601,-120.10368,2022,FALSE,0,NA,NA,0.0067,5e-04,0.0297
"MYCI","17706_NW",17706,"NW","Northern Region",51.97601,-120.10368,2023,FALSE,0,NA,NA,0.0138,0.0015,0.0489
"MYCI","17706_NW",17706,"NW","Northern Region",51.97601,-120.10368,2024,FALSE,0,NA,NA,0.0092,7e-04,0.0399
"MYCI","17706_NW",17706,"NW","Northern Region",51.97601,-120.10368,2025,FALSE,0,NA,NA,0.0164,0.0018,0.0578
"MYCI","17706_SE",17706,"SE","Northern Region",51.9408,-120.01683,2017,FALSE,0,NA,NA,0.0439,0.0042,0.148
"MYCI","17706_SE",17706,"SE","Northern Region",51.9408,-120.01683,2018,FALSE,0,NA,NA,0.012,0.001,0.0477
"MYCI","17706_SE",17706,"SE","Northern Region",51.9408,-120.01683,2019,TRUE,4,0,0,0.0091,8e-04,0.0354
"MYCI","17706_SE",17706,"SE","Northern Region",51.9408,-120.01683,2020,TRUE,4,0,0,0.0057,3e-04,0.0267
"MYCI","17706_SE",17706,"SE","Northern Region",51.9408,-120.01683,2021,FALSE,0,NA,NA,0.0043,1e-04,0.0243
"MYCI","17706_SE",17706,"SE","Northern Region",51.9408,-120.01683,2022,FALSE,0,NA,NA,0.0055,4e-04,0.0246
"MYCI","17706_SE",17706,"SE","Northern Region",51.9408,-120.01683,2023,TRUE,4,0,0,0.0112,0.0012,0.0394
"MYCI","17706_SE",17706,"SE","Northern Region",51.9408,-120.01683,2024,TRUE,2,0,4e-04,0.0074,5e-04,0.0316
"MYCI","17706_SE",17706,"SE","Northern Region",51.9408,-120.01683,2025,TRUE,4,0,2e-04,0.0133,0.0014,0.048
"MYCI","17706_SW",17706,"SW","Northern Region",51.94316,-120.06784,2017,FALSE,0,NA,NA,0.04,0.0029,0.1516
"MYCI","17706_SW",17706,"SW","Northern Region",51.94316,-120.06784,2018,FALSE,0,NA,NA,0.0078,6e-04,0.0297
"MYCI","17706_SW",17706,"SW","Northern Region",51.94316,-120.06784,2019,TRUE,4,0,0,0.0082,9e-04,0.028
"MYCI","17706_SW",17706,"SW","Northern Region",51.94316,-120.06784,2020,TRUE,4,0,0,0.0049,3e-04,0.0194
"MYCI","17706_SW",17706,"SW","Northern Region",51.94316,-120.06784,2021,FALSE,0,NA,NA,0.0034,1e-04,0.015
"MYCI","17706_SW",17706,"SW","Northern Region",51.94316,-120.06784,2022,FALSE,0,NA,NA,0.0053,5e-04,0.0196
"MYCI","17706_SW",17706,"SW","Northern Region",51.94316,-120.06784,2023,TRUE,4,0,0,0.0135,0.0015,0.0456
"MYCI","17706_SW",17706,"SW","Northern Region",51.94316,-120.06784,2024,FALSE,0,NA,NA,0.0073,6e-04,0.0272
"MYCI","17706_SW",17706,"SW","Northern Region",51.94316,-120.06784,2025,TRUE,4,0,0,0.0162,0.002,0.053
"MYCI","186330_NE",186330,"NE","Northern Region",55.95727,-122.58949,2017,FALSE,0,NA,NA,0.0901,0.0033,0.3942
"MYCI","186330_NE",186330,"NE","Northern Region",55.95727,-122.58949,2018,FALSE,0,NA,NA,0.0342,0.0021,0.1493
"MYCI","186330_NE",186330,"NE","Northern Region",55.95727,-122.58949,2019,FALSE,0,NA,NA,0.024,0.0016,0.1094
"MYCI","186330_NE",186330,"NE","Northern Region",55.95727,-122.58949,2020,FALSE,0,NA,NA,0.0165,6e-04,0.0849
"MYCI","186330_NE",186330,"NE","Northern Region",55.95727,-122.58949,2021,FALSE,0,NA,NA,0.0138,3e-04,0.0759
"MYCI","186330_NE",186330,"NE","Northern Region",55.95727,-122.58949,2022,FALSE,0,NA,NA,0.0141,6e-04,0.0733
"MYCI","186330_NE",186330,"NE","Northern Region",55.95727,-122.58949,2023,FALSE,0,NA,NA,0.0206,0.0017,0.0809
"MYCI","186330_NE",186330,"NE","Northern Region",55.95727,-122.58949,2024,TRUE,4,0,2e-04,0.0168,8e-04,0.0775
"MYCI","186330_NE",186330,"NE","Northern Region",55.95727,-122.58949,2025,TRUE,4,0,0,0.0232,0.0018,0.0871
"MYCI","186330_NW",186330,"NW","Northern Region",55.94606,-122.65922,2017,FALSE,0,NA,NA,0.0603,0.0045,0.2167
"MYCI","186330_NW",186330,"NW","Northern Region",55.94606,-122.65922,2018,FALSE,0,NA,NA,0.0215,0.0021,0.0795
"MYCI","186330_NW",186330,"NW","Northern Region",55.94606,-122.65922,2019,FALSE,0,NA,NA,0.0158,0.0016,0.058
"MYCI","186330_NW",186330,"NW","Northern Region",55.94606,-122.65922,2020,FALSE,0,NA,NA,0.0106,6e-04,0.047
"MYCI","186330_NW",186330,"NW","Northern Region",55.94606,-122.65922,2021,FALSE,0,NA,NA,0.0087,3e-04,0.0433
"MYCI","186330_NW",186330,"NW","Northern Region",55.94606,-122.65922,2022,FALSE,0,NA,NA,0.0096,6e-04,0.0424
"MYCI","186330_NW",186330,"NW","Northern Region",55.94606,-122.65922,2023,FALSE,0,NA,NA,0.0166,0.0019,0.0547
"MYCI","186330_NW",186330,"NW","Northern Region",55.94606,-122.65922,2024,TRUE,3,0,2e-04,0.0126,9e-04,0.0514
"MYCI","186330_NW",186330,"NW","Northern Region",55.94606,-122.65922,2025,TRUE,4,0,2e-04,0.0195,0.0022,0.0632
"MYCI","186490_NW",186490,"NW","Northern Region",54.754,-127.12678,2017,TRUE,4,0,0.0018,0.0385,0.0026,0.1432
"MYCI","186490_NW",186490,"NW","Northern Region",54.754,-127.12678,2018,TRUE,4,0,0,0.0113,0.001,0.0426
"MYCI","186490_NW",186490,"NW","Northern Region",54.754,-127.12678,2019,TRUE,4,0,9e-04,0.0122,0.0012,0.0444
"MYCI","186490_NW",186490,"NW","Northern Region",54.754,-127.12678,2020,TRUE,4,0,4e-04,0.0079,5e-04,0.0318
"MYCI","186490_NW",186490,"NW","Northern Region",54.754,-127.12678,2021,TRUE,4,0,0,0.0059,2e-04,0.0274
"MYCI","186490_NW",186490,"NW","Northern Region",54.754,-127.12678,2022,TRUE,4,0,0,0.0085,6e-04,0.0336
"MYCI","186490_NW",186490,"NW","Northern Region",54.754,-127.12678,2023,FALSE,0,NA,NA,0.0205,0.002,0.0709
"MYCI","186490_NW",186490,"NW","Northern Region",54.754,-127.12678,2024,TRUE,3,0,7e-04,0.0123,9e-04,0.0483
"MYCI","186490_NW",186490,"NW","Northern Region",54.754,-127.12678,2025,TRUE,4,0,4e-04,0.0244,0.0025,0.0843
"MYCI","186490_SE",186490,"SE","Northern Region",54.72257,-126.99742,2017,TRUE,4,0,0.0038,0.0496,0.0042,0.1702
"MYCI","186490_SE",186490,"SE","Northern Region",54.72257,-126.99742,2018,TRUE,4,0,2e-04,0.0127,0.0012,0.0479
"MYCI","186490_SE",186490,"SE","Northern Region",54.72257,-126.99742,2019,TRUE,4,0,9e-04,0.0107,0.0012,0.0376
"MYCI","186490_SE",186490,"SE","Northern Region",54.72257,-126.99742,2020,TRUE,4,0,0,0.0068,4e-04,0.0289
"MYCI","186490_SE",186490,"SE","Northern Region",54.72257,-126.99742,2021,TRUE,4,0,0,0.0052,2e-04,0.0256
"MYCI","186490_SE",186490,"SE","Northern Region",54.72257,-126.99742,2022,TRUE,4,0,0,0.0069,6e-04,0.0277
"MYCI","186490_SE",186490,"SE","Northern Region",54.72257,-126.99742,2023,FALSE,0,NA,NA,0.0154,0.0018,0.0485
"MYCI","186490_SE",186490,"SE","Northern Region",54.72257,-126.99742,2024,FALSE,0,NA,NA,0.0098,8e-04,0.0384
"MYCI","186490_SE",186490,"SE","Northern Region",54.72257,-126.99742,2025,FALSE,0,NA,NA,0.0185,0.0022,0.058
"MYCI","186490_SW",186490,"SW","Northern Region",54.72278,-127.05397,2017,TRUE,4,0,0.0029,0.0475,0.0044,0.1638
"MYCI","186490_SW",186490,"SW","Northern Region",54.72278,-127.05397,2018,TRUE,4,0,0,0.0175,0.0019,0.0597
"MYCI","186490_SW",186490,"SW","Northern Region",54.72278,-127.05397,2019,TRUE,4,0,7e-04,0.016,0.0018,0.0532
"MYCI","186490_SW",186490,"SW","Northern Region",54.72278,-127.05397,2020,TRUE,4,0,4e-04,0.0111,7e-04,0.0443
"MYCI","186490_SW",186490,"SW","Northern Region",54.72278,-127.05397,2021,TRUE,4,0,0,0.0091,4e-04,0.0406
"MYCI","186490_SW",186490,"SW","Northern Region",54.72278,-127.05397,2022,TRUE,4,0,0,0.0112,8e-04,0.0442
"MYCI","186490_SW",186490,"SW","Northern Region",54.72278,-127.05397,2023,TRUE,4,0,9e-04,0.0224,0.0024,0.0723
"MYCI","186490_SW",186490,"SW","Northern Region",54.72278,-127.05397,2024,TRUE,4,0,7e-04,0.016,0.0012,0.0634
"MYCI","186490_SW",186490,"SW","Northern Region",54.72278,-127.05397,2025,TRUE,4,0,7e-04,0.0269,0.0029,0.0869
"MYCI","194666_NE",194666,"NE","Okanagan Region",50.23014,-119.32344,2017,TRUE,4,1,1,0.7811,0.5177,0.9653
"MYCI","194666_NE",194666,"NE","Okanagan Region",50.23014,-119.32344,2018,FALSE,0,NA,NA,0.7712,0.5734,0.9117
"MYCI","194666_NE",194666,"NE","Okanagan Region",50.23014,-119.32344,2019,TRUE,4,1,1,0.8021,0.6198,0.9264
"MYCI","194666_NE",194666,"NE","Okanagan Region",50.23014,-119.32344,2020,TRUE,4,0,0.4187,0.7487,0.5308,0.9069
"MYCI","194666_NE",194666,"NE","Okanagan Region",50.23014,-119.32344,2021,TRUE,4,1,1,0.7522,0.5581,0.8981
"MYCI","194666_NE",194666,"NE","Okanagan Region",50.23014,-119.32344,2022,FALSE,0,NA,NA,0.8004,0.6186,0.9289
"MYCI","194666_NE",194666,"NE","Okanagan Region",50.23014,-119.32344,2023,TRUE,3,1,1,0.8887,0.7511,0.9732
"MYCI","194666_NE",194666,"NE","Okanagan Region",50.23014,-119.32344,2024,TRUE,3,0,0.2153,0.8264,0.654,0.9448
"MYCI","194666_NE",194666,"NE","Okanagan Region",50.23014,-119.32344,2025,FALSE,0,NA,NA,0.8603,0.7081,0.9555
"MYCI","194666_SW",194666,"SW","Okanagan Region",50.16915,-119.41081,2017,TRUE,4,0,0.1896,0.7523,0.4099,0.9719
"MYCI","194666_SW",194666,"SW","Okanagan Region",50.16915,-119.41081,2018,FALSE,0,NA,NA,0.5473,0.3021,0.7715
"MYCI","194666_SW",194666,"SW","Okanagan Region",50.16915,-119.41081,2019,TRUE,4,1,1,0.5801,0.3533,0.7939
"MYCI","194666_SW",194666,"SW","Okanagan Region",50.16915,-119.41081,2020,TRUE,4,0,0.0391,0.4781,0.2598,0.705
"MYCI","194666_SW",194666,"SW","Okanagan Region",50.16915,-119.41081,2021,TRUE,3,0,0.0502,0.4631,0.2438,0.6924
"MYCI","194666_SW",194666,"SW","Okanagan Region",50.16915,-119.41081,2022,TRUE,2,1,1,0.5606,0.327,0.7722
"MYCI","194666_SW",194666,"SW","Okanagan Region",50.16915,-119.41081,2023,FALSE,0,NA,NA,0.7265,0.5284,0.8987
"MYCI","194666_SW",194666,"SW","Okanagan Region",50.16915,-119.41081,2024,FALSE,0,NA,NA,0.5619,0.3397,0.7875
"MYCI","194666_SW",194666,"SW","Okanagan Region",50.16915,-119.41081,2025,TRUE,4,0,0.0658,0.6698,0.4942,0.8333
"MYCI","20330_NE",20330,"NE","Kootenay Region",49.42454,-117.72865,2017,TRUE,4,0,0.0042,0.07,0.0071,0.2135
"MYCI","20330_NE",20330,"NE","Kootenay Region",49.42454,-117.72865,2018,FALSE,0,NA,NA,0.0804,0.0187,0.1767
"MYCI","20330_NE",20330,"NE","Kootenay Region",49.42454,-117.72865,2019,TRUE,4,0,0.0247,0.1194,0.0493,0.2202
"MYCI","20330_NE",20330,"NE","Kootenay Region",49.42454,-117.72865,2020,TRUE,4,0,0.0053,0.0943,0.0346,0.1813
"MYCI","20330_NE",20330,"NE","Kootenay Region",49.42454,-117.72865,2021,FALSE,0,NA,NA,0.0802,0.0256,0.1652
"MYCI","20330_NE",20330,"NE","Kootenay Region",49.42454,-117.72865,2022,TRUE,3,0,0.0247,0.1046,0.041,0.201
"MYCI","20330_NE",20330,"NE","Kootenay Region",49.42454,-117.72865,2023,TRUE,4,1,1,0.2088,0.1067,0.3382
"MYCI","20330_NE",20330,"NE","Kootenay Region",49.42454,-117.72865,2024,TRUE,4,0,0.2024,0.1576,0.0664,0.2873
"MYCI","20330_NE",20330,"NE","Kootenay Region",49.42454,-117.72865,2025,TRUE,4,1,1,0.2392,0.1207,0.3866
"MYCI","20330_SE",20330,"SE","Kootenay Region",49.3813,-117.67793,2017,TRUE,4,0,7e-04,0.0628,0.0038,0.2305
"MYCI","20330_SE",20330,"SE","Kootenay Region",49.3813,-117.67793,2018,TRUE,4,0,0,0.0841,0.0168,0.2018
"MYCI","20330_SE",20330,"SE","Kootenay Region",49.3813,-117.67793,2019,TRUE,4,0,7e-04,0.1299,0.0512,0.2494
"MYCI","20330_SE",20330,"SE","Kootenay Region",49.3813,-117.67793,2020,TRUE,4,0,9e-04,0.1111,0.0403,0.2225
"MYCI","20330_SE",20330,"SE","Kootenay Region",49.3813,-117.67793,2021,FALSE,0,NA,NA,0.0988,0.0291,0.204
"MYCI","20330_SE",20330,"SE","Kootenay Region",49.3813,-117.67793,2022,TRUE,3,0,0.0056,0.1237,0.0467,0.2391
"MYCI","20330_SE",20330,"SE","Kootenay Region",49.3813,-117.67793,2023,TRUE,4,1,1,0.2274,0.1082,0.3881
"MYCI","20330_SE",20330,"SE","Kootenay Region",49.3813,-117.67793,2024,TRUE,4,0,0.0362,0.185,0.0765,0.3361
"MYCI","20330_SE",20330,"SE","Kootenay Region",49.3813,-117.67793,2025,TRUE,4,1,1,0.264,0.1288,0.4354
"MYCI","206394_NE",206394,"NE","Northern Region",53.63655,-132.05056,2017,FALSE,0,NA,NA,0.0604,0.0025,0.2715
"MYCI","206394_NE",206394,"NE","Northern Region",53.63655,-132.05056,2018,FALSE,0,NA,NA,0.0439,0.0036,0.1735
"MYCI","206394_NE",206394,"NE","Northern Region",53.63655,-132.05056,2019,FALSE,0,NA,NA,0.0399,0.0039,0.1512
"MYCI","206394_NE",206394,"NE","Northern Region",53.63655,-132.05056,2020,FALSE,0,NA,NA,0.0343,0.0022,0.1294
"MYCI","206394_NE",206394,"NE","Northern Region",53.63655,-132.05056,2021,FALSE,0,NA,NA,0.032,0.0012,0.1222
"MYCI","206394_NE",206394,"NE","Northern Region",53.63655,-132.05056,2022,TRUE,4,0,0,0.0326,0.0019,0.1185
"MYCI","206394_NE",206394,"NE","Northern Region",53.63655,-132.05056,2023,TRUE,4,0,0,0.0402,0.0042,0.1323
"MYCI","206394_NE",206394,"NE","Northern Region",53.63655,-132.05056,2024,TRUE,2,0,0,0.0385,0.0025,0.1309
"MYCI","206394_NE",206394,"NE","Northern Region",53.63655,-132.05056,2025,TRUE,4,0,9e-04,0.046,0.0045,0.1494
"MYCI","206394_NW",206394,"NW","Northern Region",53.6372,-132.16251,2017,FALSE,0,NA,NA,0.0431,0.0011,0.2078
"MYCI","206394_NW",206394,"NW","Northern Region",53.6372,-132.16251,2018,FALSE,0,NA,NA,0.0158,8e-04,0.0786
"MYCI","206394_NW",206394,"NW","Northern Region",53.6372,-132.16251,2019,FALSE,0,NA,NA,0.013,8e-04,0.0617
"MYCI","206394_NW",206394,"NW","Northern Region",53.6372,-132.16251,2020,FALSE,0,NA,NA,0.0094,3e-04,0.0484
"MYCI","206394_NW",206394,"NW","Northern Region",53.6372,-132.16251,2021,FALSE,0,NA,NA,0.0078,1e-04,0.0452
"MYCI","206394_NW",206394,"NW","Northern Region",53.6372,-132.16251,2022,TRUE,4,0,0,0.009,4e-04,0.0475
"MYCI","206394_NW",206394,"NW","Northern Region",53.6372,-132.16251,2023,TRUE,4,0,0,0.0154,0.0011,0.0638
"MYCI","206394_NW",206394,"NW","Northern Region",53.6372,-132.16251,2024,TRUE,4,0,0,0.0116,6e-04,0.0561
"MYCI","206394_NW",206394,"NW","Northern Region",53.6372,-132.16251,2025,TRUE,4,0,4e-04,0.0179,0.0013,0.0733
"MYCI","206394_SE",206394,"SE","Northern Region",53.60877,-131.99988,2017,FALSE,0,NA,NA,0.0741,0.0022,0.3554
"MYCI","206394_SE",206394,"SE","Northern Region",53.60877,-131.99988,2018,FALSE,0,NA,NA,0.0566,0.004,0.2314
"MYCI","206394_SE",206394,"SE","Northern Region",53.60877,-131.99988,2019,FALSE,0,NA,NA,0.0523,0.0054,0.198
"MYCI","206394_SE",206394,"SE","Northern Region",53.60877,-131.99988,2020,FALSE,0,NA,NA,0.046,0.0033,0.1681
"MYCI","206394_SE",206394,"SE","Northern Region",53.60877,-131.99988,2021,FALSE,0,NA,NA,0.0435,0.0021,0.1631
"MYCI","206394_SE",206394,"SE","Northern Region",53.60877,-131.99988,2022,TRUE,4,0,0,0.0442,0.003,0.1603
"MYCI","206394_SE",206394,"SE","Northern Region",53.60877,-131.99988,2023,TRUE,4,0,0,0.0532,0.0059,0.1698
"MYCI","206394_SE",206394,"SE","Northern Region",53.60877,-131.99988,2024,TRUE,4,0,0,0.0517,0.004,0.1696
"MYCI","206394_SE",206394,"SE","Northern Region",53.60877,-131.99988,2025,TRUE,4,0,4e-04,0.0608,0.0064,0.1858
"MYCI","206394_SW",206394,"SW","Northern Region",53.57324,-132.11579,2017,FALSE,0,NA,NA,0.0432,0.0016,0.1935
"MYCI","206394_SW",206394,"SW","Northern Region",53.57324,-132.11579,2018,FALSE,0,NA,NA,0.0189,0.0013,0.0809
"MYCI","206394_SW",206394,"SW","Northern Region",53.57324,-132.11579,2019,FALSE,0,NA,NA,0.0157,0.0015,0.0655
"MYCI","206394_SW",206394,"SW","Northern Region",53.57324,-132.11579,2020,FALSE,0,NA,NA,0.0115,6e-04,0.051
"MYCI","206394_SW",206394,"SW","Northern Region",53.57324,-132.11579,2021,FALSE,0,NA,NA,0.0097,3e-04,0.0472
"MYCI","206394_SW",206394,"SW","Northern Region",53.57324,-132.11579,2022,TRUE,4,0,0,0.0109,7e-04,0.0491
"MYCI","206394_SW",206394,"SW","Northern Region",53.57324,-132.11579,2023,TRUE,4,0,2e-04,0.0182,0.0019,0.064
"MYCI","206394_SW",206394,"SW","Northern Region",53.57324,-132.11579,2024,TRUE,4,0,0,0.0145,0.001,0.0611
"MYCI","206394_SW",206394,"SW","Northern Region",53.57324,-132.11579,2025,TRUE,4,0,0,0.0215,0.0024,0.0764
"MYCI","20730_NE",20730,"NE","Northern Region",56.79525,-124.90059,2017,FALSE,0,NA,NA,0.1116,0.0026,0.5192
"MYCI","20730_NE",20730,"NE","Northern Region",56.79525,-124.90059,2018,FALSE,0,NA,NA,0.0643,0.0036,0.2678
"MYCI","20730_NE",20730,"NE","Northern Region",56.79525,-124.90059,2019,FALSE,0,NA,NA,0.052,0.0037,0.2165
"MYCI","20730_NE",20730,"NE","Northern Region",56.79525,-124.90059,2020,FALSE,0,NA,NA,0.0415,0.0018,0.1854
"MYCI","20730_NE",20730,"NE","Northern Region",56.79525,-124.90059,2021,FALSE,0,NA,NA,0.0375,0.001,0.1733
"MYCI","20730_NE",20730,"NE","Northern Region",56.79525,-124.90059,2022,TRUE,3,0,0,0.0372,0.0014,0.1703
"MYCI","20730_NE",20730,"NE","Northern Region",56.79525,-124.90059,2023,FALSE,0,NA,NA,0.0449,0.0035,0.1768
"MYCI","20730_NE",20730,"NE","Northern Region",56.79525,-124.90059,2024,TRUE,4,0,0,0.0413,0.0019,0.1723
"MYCI","20730_NE",20730,"NE","Northern Region",56.79525,-124.90059,2025,TRUE,4,0,4e-04,0.0489,0.0036,0.1805
"MYCI","20730_NW",20730,"NW","Northern Region",56.79948,-124.97614,2017,FALSE,0,NA,NA,0.0792,0.0038,0.3272
"MYCI","20730_NW",20730,"NW","Northern Region",56.79948,-124.97614,2018,FALSE,0,NA,NA,0.0335,0.0023,0.1332
"MYCI","20730_NW",20730,"NW","Northern Region",56.79948,-124.97614,2019,FALSE,0,NA,NA,0.0238,0.0016,0.0998
"MYCI","20730_NW",20730,"NW","Northern Region",56.79948,-124.97614,2020,FALSE,0,NA,NA,0.0167,6e-04,0.0801
"MYCI","20730_NW",20730,"NW","Northern Region",56.79948,-124.97614,2021,FALSE,0,NA,NA,0.0141,3e-04,0.072
"MYCI","20730_NW",20730,"NW","Northern Region",56.79948,-124.97614,2022,TRUE,3,0,2e-04,0.0142,6e-04,0.0678
"MYCI","20730_NW",20730,"NW","Northern Region",56.79948,-124.97614,2023,FALSE,0,NA,NA,0.0194,0.0015,0.0758
"MYCI","20730_NW",20730,"NW","Northern Region",56.79948,-124.97614,2024,TRUE,4,0,0,0.0162,8e-04,0.0737
"MYCI","20730_NW",20730,"NW","Northern Region",56.79948,-124.97614,2025,TRUE,4,0,0,0.0214,0.0017,0.0837
"MYCI","20730_SE",20730,"SE","Northern Region",56.78457,-124.88544,2017,FALSE,0,NA,NA,0.0475,0.0044,0.1586
"MYCI","20730_SE",20730,"SE","Northern Region",56.78457,-124.88544,2018,FALSE,0,NA,NA,0.0138,0.0015,0.0494
"MYCI","20730_SE",20730,"SE","Northern Region",56.78457,-124.88544,2019,FALSE,0,NA,NA,0.0114,0.0013,0.0394
"MYCI","20730_SE",20730,"SE","Northern Region",56.78457,-124.88544,2020,FALSE,0,NA,NA,0.0074,5e-04,0.0311
"MYCI","20730_SE",20730,"SE","Northern Region",56.78457,-124.88544,2021,FALSE,0,NA,NA,0.0058,2e-04,0.0283
"MYCI","20730_SE",20730,"SE","Northern Region",56.78457,-124.88544,2022,TRUE,3,0,0,0.0074,6e-04,0.0299
"MYCI","20730_SE",20730,"SE","Northern Region",56.78457,-124.88544,2023,FALSE,0,NA,NA,0.0158,0.0019,0.0487
"MYCI","20730_SE",20730,"SE","Northern Region",56.78457,-124.88544,2024,TRUE,3,0,4e-04,0.0105,9e-04,0.0409
"MYCI","20730_SE",20730,"SE","Northern Region",56.78457,-124.88544,2025,TRUE,4,0,4e-04,0.0189,0.0024,0.0598
"MYCI","20730_SW",20730,"SW","Northern Region",56.76456,-124.98588,2017,FALSE,0,NA,NA,0.0473,0.0044,0.1591
"MYCI","20730_SW",20730,"SW","Northern Region",56.76456,-124.98588,2018,FALSE,0,NA,NA,0.0137,0.0014,0.0494
"MYCI","20730_SW",20730,"SW","Northern Region",56.76456,-124.98588,2019,FALSE,0,NA,NA,0.0113,0.0013,0.0392
"MYCI","20730_SW",20730,"SW","Northern Region",56.76456,-124.98588,2020,FALSE,0,NA,NA,0.0073,5e-04,0.0305
"MYCI","20730_SW",20730,"SW","Northern Region",56.76456,-124.98588,2021,FALSE,0,NA,NA,0.0056,2e-04,0.0273
"MYCI","20730_SW",20730,"SW","Northern Region",56.76456,-124.98588,2022,TRUE,3,0,2e-04,0.0073,6e-04,0.0296
"MYCI","20730_SW",20730,"SW","Northern Region",56.76456,-124.98588,2023,FALSE,0,NA,NA,0.0155,0.0019,0.0475
"MYCI","20730_SW",20730,"SW","Northern Region",56.76456,-124.98588,2024,FALSE,0,NA,NA,0.0103,9e-04,0.0405
"MYCI","20730_SW",20730,"SW","Northern Region",56.76456,-124.98588,2025,TRUE,4,0,0.0018,0.0185,0.0024,0.0582
"MYCI","212266_NE",212266,"NE","Okanagan Region",50.751409,-120.480005,2017,TRUE,4,1,1,0.8267,0.5449,0.9791
"MYCI","212266_NE",212266,"NE","Okanagan Region",50.751409,-120.480005,2018,TRUE,4,1,1,0.8208,0.5994,0.9546
"MYCI","212266_NE",212266,"NE","Okanagan Region",50.751409,-120.480005,2019,TRUE,4,1,1,0.8475,0.6291,0.9643
"MYCI","212266_NE",212266,"NE","Okanagan Region",50.751409,-120.480005,2020,TRUE,4,0,0.3182,0.8044,0.5092,0.9608
"MYCI","212266_NE",212266,"NE","Okanagan Region",50.751409,-120.480005,2021,TRUE,4,1,1,0.8117,0.5292,0.961
"MYCI","212266_NE",212266,"NE","Okanagan Region",50.751409,-120.480005,2022,TRUE,4,1,1,0.8504,0.6083,0.9742
"MYCI","212266_NE",212266,"NE","Okanagan Region",50.751409,-120.480005,2023,TRUE,4,1,1,0.9169,0.7528,0.9901
"MYCI","212266_NE",212266,"NE","Okanagan Region",50.751409,-120.480005,2024,TRUE,3,0,0.2251,0.8642,0.6086,0.9841
"MYCI","212266_NE",212266,"NE","Okanagan Region",50.751409,-120.480005,2025,TRUE,4,1,1,0.8917,0.6963,0.9874
"MYCI","212266_NW",212266,"NW","Okanagan Region",50.777508,-120.5598176,2017,TRUE,4,1,1,0.788,0.4182,0.9794
"MYCI","212266_NW",212266,"NW","Okanagan Region",50.777508,-120.5598176,2018,TRUE,4,1,1,0.5289,0.2709,0.7794
"MYCI","212266_NW",212266,"NW","Okanagan Region",50.777508,-120.5598176,2019,TRUE,4,0,0.074,0.5519,0.3339,0.7684
"MYCI","212266_NW",212266,"NW","Okanagan Region",50.777508,-120.5598176,2020,TRUE,3,0,0.038,0.4455,0.2359,0.6804
"MYCI","212266_NW",212266,"NW","Okanagan Region",50.777508,-120.5598176,2021,TRUE,3,0,0.0364,0.4273,0.2149,0.6617
"MYCI","212266_NW",212266,"NW","Okanagan Region",50.777508,-120.5598176,2022,FALSE,0,NA,NA,0.5242,0.2897,0.7435
"MYCI","212266_NW",212266,"NW","Okanagan Region",50.777508,-120.5598176,2023,TRUE,4,1,1,0.7092,0.5073,0.8869
"MYCI","212266_NW",212266,"NW","Okanagan Region",50.777508,-120.5598176,2024,TRUE,3,0,0.0953,0.5361,0.3085,0.7748
"MYCI","212266_NW",212266,"NW","Okanagan Region",50.777508,-120.5598176,2025,TRUE,3,1,1,0.6545,0.4698,0.8254
"MYCI","212266_SE",212266,"SE","Okanagan Region",50.714878,-120.492405,2017,FALSE,0,NA,NA,0.7733,0.4763,0.9689
"MYCI","212266_SE",212266,"SE","Okanagan Region",50.714878,-120.492405,2018,TRUE,4,1,1,0.8157,0.6228,0.939
"MYCI","212266_SE",212266,"SE","Okanagan Region",50.714878,-120.492405,2019,TRUE,3,1,1,0.8659,0.7201,0.9537
"MYCI","212266_SE",212266,"SE","Okanagan Region",50.714878,-120.492405,2020,TRUE,4,0,0.0076,0.8554,0.7019,0.9497
"MYCI","212266_SE",212266,"SE","Okanagan Region",50.714878,-120.492405,2021,TRUE,4,0,2e-04,0.8588,0.7114,0.9529
"MYCI","212266_SE",212266,"SE","Okanagan Region",50.714878,-120.492405,2022,TRUE,4,0,0.0022,0.8871,0.7503,0.9672
"MYCI","212266_SE",212266,"SE","Okanagan Region",50.714878,-120.492405,2023,TRUE,4,1,1,0.9379,0.8469,0.987
"MYCI","212266_SE",212266,"SE","Okanagan Region",50.714878,-120.492405,2024,TRUE,3,1,1,0.9173,0.7987,0.9805
"MYCI","212266_SE",212266,"SE","Okanagan Region",50.714878,-120.492405,2025,TRUE,4,1,1,0.9341,0.8333,0.9857
"MYCI","212266_SW",212266,"SW","Okanagan Region",50.732357,-120.521811,2017,FALSE,0,NA,NA,0.7808,0.4967,0.9688
"MYCI","212266_SW",212266,"SW","Okanagan Region",50.732357,-120.521811,2018,TRUE,4,1,1,0.8202,0.633,0.9384
"MYCI","212266_SW",212266,"SW","Okanagan Region",50.732357,-120.521811,2019,TRUE,4,1,1,0.868,0.728,0.9531
"MYCI","212266_SW",212266,"SW","Okanagan Region",50.732357,-120.521811,2020,TRUE,3,0,0.7851,0.8576,0.7072,0.9493
"MYCI","212266_SW",212266,"SW","Okanagan Region",50.732357,-120.521811,2021,TRUE,2,1,1,0.8606,0.7185,0.9525
"MYCI","212266_SW",212266,"SW","Okanagan Region",50.732357,-120.521811,2022,TRUE,4,1,1,0.888,0.7555,0.9671
"MYCI","212266_SW",212266,"SW","Okanagan Region",50.732357,-120.521811,2023,TRUE,3,1,1,0.9383,0.8488,0.9867
"MYCI","212266_SW",212266,"SW","Okanagan Region",50.732357,-120.521811,2024,TRUE,4,1,1,0.9186,0.8043,0.9803
"MYCI","212266_SW",212266,"SW","Okanagan Region",50.732357,-120.521811,2025,TRUE,4,1,1,0.9352,0.8399,0.9857
"MYCI","212906_NW",212906,"NW","South Coastal Region",49.36971,-124.79984,2017,FALSE,0,NA,NA,0.0446,0.0051,0.1412
"MYCI","212906_NW",212906,"NW","South Coastal Region",49.36971,-124.79984,2018,TRUE,3,0,7e-04,0.0375,0.0073,0.0972
"MYCI","212906_NW",212906,"NW","South Coastal Region",49.36971,-124.79984,2019,TRUE,4,0,0.0027,0.0518,0.014,0.1203
"MYCI","212906_NW",212906,"NW","South Coastal Region",49.36971,-124.79984,2020,TRUE,4,0,2e-04,0.0405,0.0083,0.1054
"MYCI","212906_NW",212906,"NW","South Coastal Region",49.36971,-124.79984,2021,FALSE,0,NA,NA,0.0347,0.0044,0.1041
"MYCI","212906_NW",212906,"NW","South Coastal Region",49.36971,-124.79984,2022,TRUE,4,0,2e-04,0.0451,0.0094,0.1226
"MYCI","212906_NW",212906,"NW","South Coastal Region",49.36971,-124.79984,2023,TRUE,4,0,9e-04,0.092,0.0283,0.2055
"MYCI","212906_NW",212906,"NW","South Coastal Region",49.36971,-124.79984,2024,TRUE,3,0,7e-04,0.0703,0.0159,0.1841
"MYCI","212906_NW",212906,"NW","South Coastal Region",49.36971,-124.79984,2025,TRUE,4,0,0.0018,0.1124,0.0335,0.25
"MYCI","212906_SE",212906,"SE","South Coastal Region",49.35175,-124.74136,2017,FALSE,0,NA,NA,0.0518,0.0049,0.1701
"MYCI","212906_SE",212906,"SE","South Coastal Region",49.35175,-124.74136,2018,TRUE,3,0,2e-04,0.0594,0.0121,0.1451
"MYCI","212906_SE",212906,"SE","South Coastal Region",49.35175,-124.74136,2019,TRUE,4,0,0.0018,0.0906,0.0252,0.201
"MYCI","212906_SE",212906,"SE","South Coastal Region",49.35175,-124.74136,2020,TRUE,4,0,2e-04,0.0783,0.0162,0.1891
"MYCI","212906_SE",212906,"SE","South Coastal Region",49.35175,-124.74136,2021,FALSE,0,NA,NA,0.0728,0.0114,0.191
"MYCI","212906_SE",212906,"SE","South Coastal Region",49.35175,-124.74136,2022,TRUE,4,0,0,0.0909,0.0192,0.2249
"MYCI","212906_SE",212906,"SE","South Coastal Region",49.35175,-124.74136,2023,TRUE,4,0,0.002,0.1668,0.0467,0.3609
"MYCI","212906_SE",212906,"SE","South Coastal Region",49.35175,-124.74136,2024,TRUE,4,0,0.0033,0.1409,0.0306,0.3425
"MYCI","212906_SE",212906,"SE","South Coastal Region",49.35175,-124.74136,2025,TRUE,4,1,1,0.2042,0.0601,0.4384
"MYCI","212906_SW",212906,"SW","South Coastal Region",49.33595,-124.7423,2017,FALSE,0,NA,NA,0.0388,0.0038,0.1319
"MYCI","212906_SW",212906,"SW","South Coastal Region",49.33595,-124.7423,2018,TRUE,3,0,0.0029,0.0454,0.0077,0.1146
"MYCI","212906_SW",212906,"SW","South Coastal Region",49.33595,-124.7423,2019,TRUE,4,0,0.0071,0.0731,0.0193,0.1729
"MYCI","212906_SW",212906,"SW","South Coastal Region",49.33595,-124.7423,2020,TRUE,4,0,0.0016,0.0545,0.011,0.1368
"MYCI","212906_SW",212906,"SW","South Coastal Region",49.33595,-124.7423,2021,FALSE,0,NA,NA,0.0453,0.0066,0.1273
"MYCI","212906_SW",212906,"SW","South Coastal Region",49.33595,-124.7423,2022,FALSE,0,NA,NA,0.0627,0.0132,0.1593
"MYCI","212906_SW",212906,"SW","South Coastal Region",49.33595,-124.7423,2023,TRUE,4,0,0.0038,0.136,0.0383,0.3001
"MYCI","212906_SW",212906,"SW","South Coastal Region",49.33595,-124.7423,2024,TRUE,3,0,0.002,0.0951,0.0215,0.2473
"MYCI","212906_SW",212906,"SW","South Coastal Region",49.33595,-124.7423,2025,TRUE,4,0,0.0071,0.1588,0.0481,0.3404
"MYCI","216746_NW",216746,"NW","South Coastal Region",49.10675,-125.78544,2017,FALSE,0,NA,NA,0.099,0.0025,0.4322
"MYCI","216746_NW",216746,"NW","South Coastal Region",49.10675,-125.78544,2018,TRUE,4,0,2e-04,0.1081,0.014,0.3567
"MYCI","216746_NW",216746,"NW","South Coastal Region",49.10675,-125.78544,2019,FALSE,0,NA,NA,0.1388,0.0337,0.3564
"MYCI","216746_NW",216746,"NW","South Coastal Region",49.10675,-125.78544,2020,FALSE,0,NA,NA,0.1441,0.0347,0.3551
"MYCI","216746_NW",216746,"NW","South Coastal Region",49.10675,-125.78544,2021,TRUE,4,0,0,0.1483,0.0324,0.3576
"MYCI","216746_NW",216746,"NW","South Coastal Region",49.10675,-125.78544,2022,TRUE,3,0,0.0013,0.1678,0.0406,0.3797
"MYCI","216746_NW",216746,"NW","South Coastal Region",49.10675,-125.78544,2023,FALSE,0,NA,NA,0.2321,0.0728,0.4701
"MYCI","216746_NW",216746,"NW","South Coastal Region",49.10675,-125.78544,2024,TRUE,3,0,0.0051,0.2419,0.0648,0.4993
"MYCI","216746_NW",216746,"NW","South Coastal Region",49.10675,-125.78544,2025,TRUE,4,0,0.0147,0.3026,0.0932,0.5836
"MYCI","216746_SE",216746,"SE","South Coastal Region",49.07768,-125.74644,2017,TRUE,4,0,0.0011,0.0362,0.0012,0.1583
"MYCI","216746_SE",216746,"SE","South Coastal Region",49.07768,-125.74644,2018,FALSE,0,NA,NA,0.028,0.0034,0.0852
"MYCI","216746_SE",216746,"SE","South Coastal Region",49.07768,-125.74644,2019,TRUE,4,0,0.0013,0.0438,0.0106,0.1166
"MYCI","216746_SE",216746,"SE","South Coastal Region",49.07768,-125.74644,2020,TRUE,3,0,0.0011,0.0308,0.0051,0.0858
"MYCI","216746_SE",216746,"SE","South Coastal Region",49.07768,-125.74644,2021,TRUE,4,0,0,0.0236,0.0021,0.0777
"MYCI","216746_SE",216746,"SE","South Coastal Region",49.07768,-125.74644,2022,TRUE,3,0,4e-04,0.0365,0.0068,0.0999
"MYCI","216746_SE",216746,"SE","South Coastal Region",49.07768,-125.74644,2023,TRUE,3,0,0.002,0.0823,0.0223,0.2085
"MYCI","216746_SE",216746,"SE","South Coastal Region",49.07768,-125.74644,2024,TRUE,3,0,9e-04,0.0529,0.0109,0.1442
"MYCI","216746_SE",216746,"SE","South Coastal Region",49.07768,-125.74644,2025,TRUE,4,0,4e-04,0.0989,0.0245,0.2439
"MYCI","218282_SE",218282,"SE","Kootenay Region",50.13833,-117.55672,2017,FALSE,0,NA,NA,0.0721,0.0068,0.2244
"MYCI","218282_SE",218282,"SE","Kootenay Region",50.13833,-117.55672,2018,FALSE,0,NA,NA,0.0782,0.0146,0.2005
"MYCI","218282_SE",218282,"SE","Kootenay Region",50.13833,-117.55672,2019,FALSE,0,NA,NA,0.1053,0.0292,0.2395
"MYCI","218282_SE",218282,"SE","Kootenay Region",50.13833,-117.55672,2020,TRUE,4,0,9e-04,0.0928,0.0221,0.2243
"MYCI","218282_SE",218282,"SE","Kootenay Region",50.13833,-117.55672,2021,TRUE,4,0,0,0.0853,0.0152,0.2253
"MYCI","218282_SE",218282,"SE","Kootenay Region",50.13833,-117.55672,2022,TRUE,4,0,0,0.1025,0.0235,0.2566
"MYCI","218282_SE",218282,"SE","Kootenay Region",50.13833,-117.55672,2023,FALSE,0,NA,NA,0.1747,0.056,0.3683
"MYCI","218282_SE",218282,"SE","Kootenay Region",50.13833,-117.55672,2024,TRUE,4,0,0,0.1508,0.0422,0.3384
"MYCI","218282_SE",218282,"SE","Kootenay Region",50.13833,-117.55672,2025,TRUE,4,0,0.0029,0.2101,0.0665,0.4343
"MYCI","218282_SW",218282,"SW","Kootenay Region",50.15094,-117.6221,2017,FALSE,0,NA,NA,0.0944,0.0073,0.3117
"MYCI","218282_SW",218282,"SW","Kootenay Region",50.15094,-117.6221,2018,FALSE,0,NA,NA,0.1195,0.0272,0.2866
"MYCI","218282_SW",218282,"SW","Kootenay Region",50.15094,-117.6221,2019,FALSE,0,NA,NA,0.1693,0.0711,0.3104
"MYCI","218282_SW",218282,"SW","Kootenay Region",50.15094,-117.6221,2020,TRUE,4,0,7e-04,0.1688,0.0732,0.3043
"MYCI","218282_SW",218282,"SW","Kootenay Region",50.15094,-117.6221,2021,TRUE,4,0,0,0.1687,0.0699,0.3064
"MYCI","218282_SW",218282,"SW","Kootenay Region",50.15094,-117.6221,2022,TRUE,4,0,0,0.1956,0.0897,0.338
"MYCI","218282_SW",218282,"SW","Kootenay Region",50.15094,-117.6221,2023,TRUE,4,0,0.0011,0.294,0.1581,0.4665
"MYCI","218282_SW",218282,"SW","Kootenay Region",50.15094,-117.6221,2024,TRUE,4,0,4e-04,0.2883,0.1461,0.4633
"MYCI","218282_SW",218282,"SW","Kootenay Region",50.15094,-117.6221,2025,TRUE,4,0,0.0042,0.3666,0.2024,0.5645
"MYCI","219626_SW",219626,"SW","South Coastal Region",48.92819,-125.25,2017,FALSE,0,NA,NA,0.036,0.0016,0.1474
"MYCI","219626_SW",219626,"SW","South Coastal Region",48.92819,-125.25,2018,FALSE,0,NA,NA,0.031,0.0041,0.0943
"MYCI","219626_SW",219626,"SW","South Coastal Region",48.92819,-125.25,2019,FALSE,0,NA,NA,0.0468,0.011,0.1251
"MYCI","219626_SW",219626,"SW","South Coastal Region",48.92819,-125.25,2020,FALSE,0,NA,NA,0.036,0.0061,0.1025
"MYCI","219626_SW",219626,"SW","South Coastal Region",48.92819,-125.25,2021,FALSE,0,NA,NA,0.0297,0.0028,0.0937
"MYCI","219626_SW",219626,"SW","South Coastal Region",48.92819,-125.25,2022,FALSE,0,NA,NA,0.042,0.0075,0.116
"MYCI","219626_SW",219626,"SW","South Coastal Region",48.92819,-125.25,2023,FALSE,0,NA,NA,0.0872,0.0225,0.22
"MYCI","219626_SW",219626,"SW","South Coastal Region",48.92819,-125.25,2024,TRUE,4,0,0.0013,0.0632,0.0126,0.1736
"MYCI","219626_SW",219626,"SW","South Coastal Region",48.92819,-125.25,2025,TRUE,4,0,0.0011,0.107,0.0259,0.2662
"MYCI","226090_NE",226090,"NE","Okanagan Region",50.10929,-120.45236,2017,FALSE,0,NA,NA,0.7841,0.4005,0.9797
"MYCI","226090_NE",226090,"NE","Okanagan Region",50.10929,-120.45236,2018,FALSE,0,NA,NA,0.5554,0.273,0.8102
"MYCI","226090_NE",226090,"NE","Okanagan Region",50.10929,-120.45236,2019,TRUE,4,0,0.0342,0.5654,0.315,0.7947
"MYCI","226090_NE",226090,"NE","Okanagan Region",50.10929,-120.45236,2020,TRUE,2,0,0.0164,0.4646,0.2227,0.722
"MYCI","226090_NE",226090,"NE","Okanagan Region",50.10929,-120.45236,2021,TRUE,3,0,0.0036,0.4381,0.1816,0.7096
"MYCI","226090_NE",226090,"NE","Okanagan Region",50.10929,-120.45236,2022,TRUE,2,0,0.0367,0.5261,0.2648,0.769
"MYCI","226090_NE",226090,"NE","Okanagan Region",50.10929,-120.45236,2023,TRUE,3,1,1,0.7017,0.4716,0.8966
"MYCI","226090_NE",226090,"NE","Okanagan Region",50.10929,-120.45236,2024,FALSE,0,NA,NA,0.5604,0.2922,0.8202
"MYCI","226090_NE",226090,"NE","Okanagan Region",50.10929,-120.45236,2025,TRUE,2,0,0.19,0.6624,0.4431,0.8625
"MYCI","226090_NW",226090,"NW","Okanagan Region",50.0999,-120.50647,2017,FALSE,0,NA,NA,0.8298,0.5346,0.9808
"MYCI","226090_NW",226090,"NW","Okanagan Region",50.0999,-120.50647,2018,TRUE,2,1,1,0.8555,0.6751,0.959
"MYCI","226090_NW",226090,"NW","Okanagan Region",50.0999,-120.50647,2019,TRUE,4,1,1,0.8898,0.7645,0.9661
"MYCI","226090_NW",226090,"NW","Okanagan Region",50.0999,-120.50647,2020,TRUE,4,1,1,0.8759,0.7325,0.9621
"MYCI","226090_NW",226090,"NW","Okanagan Region",50.0999,-120.50647,2021,TRUE,4,1,1,0.8778,0.7412,0.963
"MYCI","226090_NW",226090,"NW","Okanagan Region",50.0999,-120.50647,2022,TRUE,3,1,1,0.9001,0.7762,0.9739
"MYCI","226090_NW",226090,"NW","Okanagan Region",50.0999,-120.50647,2023,TRUE,4,1,1,0.9446,0.858,0.9894
"MYCI","226090_NW",226090,"NW","Okanagan Region",50.0999,-120.50647,2024,FALSE,0,NA,NA,0.9262,0.8147,0.9844
"MYCI","226090_NW",226090,"NW","Okanagan Region",50.0999,-120.50647,2025,TRUE,3,1,1,0.9408,0.8467,0.9887
"MYCI","226090_SE",226090,"SE","Okanagan Region",50.07156,-120.42266,2017,FALSE,0,NA,NA,0.7968,0.3634,0.9864
"MYCI","226090_SE",226090,"SE","Okanagan Region",50.07156,-120.42266,2018,TRUE,2,1,1,0.5596,0.266,0.8267
"MYCI","226090_SE",226090,"SE","Okanagan Region",50.07156,-120.42266,2019,TRUE,4,0,0.0656,0.5698,0.3212,0.8111
"MYCI","226090_SE",226090,"SE","Okanagan Region",50.07156,-120.42266,2020,TRUE,4,0,0.0029,0.4672,0.2262,0.7389
"MYCI","226090_SE",226090,"SE","Okanagan Region",50.07156,-120.42266,2021,TRUE,3,0,0.0096,0.4452,0.1874,0.7252
"MYCI","226090_SE",226090,"SE","Okanagan Region",50.07156,-120.42266,2022,TRUE,3,1,1,0.5338,0.2709,0.7859
"MYCI","226090_SE",226090,"SE","Okanagan Region",50.07156,-120.42266,2023,FALSE,0,NA,NA,0.7109,0.4774,0.9042
"MYCI","226090_SE",226090,"SE","Okanagan Region",50.07156,-120.42266,2024,FALSE,0,NA,NA,0.5612,0.2952,0.8293
"MYCI","226090_SE",226090,"SE","Okanagan Region",50.07156,-120.42266,2025,TRUE,2,0,0.1436,0.6662,0.4509,0.865
"MYCI","230186_NE",230186,"NE","Okanagan Region",49.01457,-121.07198,2017,FALSE,0,NA,NA,0.7447,0.4189,0.9678
"MYCI","230186_NE",230186,"NE","Okanagan Region",49.01457,-121.07198,2018,TRUE,4,0,0.002,0.7014,0.4627,0.8769
"MYCI","230186_NE",230186,"NE","Okanagan Region",49.01457,-121.07198,2019,TRUE,4,0,0.0093,0.7322,0.4808,0.8978
"MYCI","230186_NE",230186,"NE","Okanagan Region",49.01457,-121.07198,2020,TRUE,4,0,0.0024,0.6823,0.4099,0.8824
"MYCI","230186_NE",230186,"NE","Okanagan Region",49.01457,-121.07198,2021,TRUE,4,0,7e-04,0.6725,0.3773,0.8821
"MYCI","230186_NE",230186,"NE","Okanagan Region",49.01457,-121.07198,2022,FALSE,0,NA,NA,0.7275,0.4574,0.9073
"MYCI","230186_NE",230186,"NE","Okanagan Region",49.01457,-121.07198,2023,FALSE,0,NA,NA,0.8387,0.6391,0.9576
"MYCI","230186_NE",230186,"NE","Okanagan Region",49.01457,-121.07198,2024,TRUE,4,0,0.0331,0.7766,0.5277,0.945
"MYCI","230186_NE",230186,"NE","Okanagan Region",49.01457,-121.07198,2025,FALSE,0,NA,NA,0.8225,0.6155,0.9593
"MYCI","230186_SE",230186,"SE","Okanagan Region",48.97511,-121.08329,2017,FALSE,0,NA,NA,0.6601,0.1763,0.9801
"MYCI","230186_SE",230186,"SE","Okanagan Region",48.97511,-121.08329,2018,TRUE,4,0,0.0038,0.494,0.1523,0.8232
"MYCI","230186_SE",230186,"SE","Okanagan Region",48.97511,-121.08329,2019,TRUE,4,0,0.0531,0.5693,0.2706,0.8569
"MYCI","230186_SE",230186,"SE","Okanagan Region",48.97511,-121.08329,2020,TRUE,4,0,0.0196,0.4843,0.1737,0.8333
"MYCI","230186_SE",230186,"SE","Okanagan Region",48.97511,-121.08329,2021,TRUE,4,0,0.0031,0.4656,0.1097,0.8386
"MYCI","230186_SE",230186,"SE","Okanagan Region",48.97511,-121.08329,2022,FALSE,0,NA,NA,0.56,0.2319,0.8734
"MYCI","230186_SE",230186,"SE","Okanagan Region",48.97511,-121.08329,2023,TRUE,4,0,0.0664,0.7065,0.4151,0.9404
"MYCI","230186_SE",230186,"SE","Okanagan Region",48.97511,-121.08329,2024,TRUE,4,0,0.0318,0.5795,0.2349,0.9211
"MYCI","230186_SE",230186,"SE","Okanagan Region",48.97511,-121.08329,2025,FALSE,0,NA,NA,0.6863,0.4072,0.9459
"MYCI","241002_NE",241002,"NE","Kootenay Region",51.03817,-118.1357,2017,TRUE,4,0,0.0064,0.1025,0.002,0.4482
"MYCI","241002_NE",241002,"NE","Kootenay Region",51.03817,-118.1357,2018,TRUE,3,0,0.0031,0.0531,0.0042,0.1684
"MYCI","241002_NE",241002,"NE","Kootenay Region",51.03817,-118.1357,2019,TRUE,4,0,0.02,0.0906,0.0167,0.2501
"MYCI","241002_NE",241002,"NE","Kootenay Region",51.03817,-118.1357,2020,TRUE,4,0,0.0047,0.0509,0.0062,0.1513
"MYCI","241002_NE",241002,"NE","Kootenay Region",51.03817,-118.1357,2021,TRUE,4,0,7e-04,0.0334,0.0021,0.1163
"MYCI","241002_NE",241002,"NE","Kootenay Region",51.03817,-118.1357,2022,TRUE,4,0,0.0022,0.0663,0.0112,0.1909
"MYCI","241002_NE",241002,"NE","Kootenay Region",51.03817,-118.1357,2023,TRUE,4,0,0.0053,0.1563,0.0404,0.3569
"MYCI","241002_NE",241002,"NE","Kootenay Region",51.03817,-118.1357,2024,TRUE,4,0,0.004,0.0742,0.0136,0.1986
"MYCI","241002_NE",241002,"NE","Kootenay Region",51.03817,-118.1357,2025,TRUE,4,0,0.0182,0.1832,0.0442,0.4164
"MYCI","241002_NW",241002,"NW","Kootenay Region",51.01597,-118.20292,2017,TRUE,4,0,4e-04,0.0869,0.0064,0.298
"MYCI","241002_NW",241002,"NW","Kootenay Region",51.01597,-118.20292,2018,TRUE,4,0,0.0016,0.1325,0.0296,0.3038
"MYCI","241002_NW",241002,"NW","Kootenay Region",51.01597,-118.20292,2019,TRUE,4,0,0.006,0.2063,0.0796,0.3829
"MYCI","241002_NW",241002,"NW","Kootenay Region",51.01597,-118.20292,2020,TRUE,4,0,0.0018,0.207,0.0808,0.3861
"MYCI","241002_NW",241002,"NW","Kootenay Region",51.01597,-118.20292,2021,TRUE,4,0,4e-04,0.2093,0.0754,0.3961
"MYCI","241002_NW",241002,"NW","Kootenay Region",51.01597,-118.20292,2022,TRUE,4,0,7e-04,0.2466,0.0984,0.4479
"MYCI","241002_NW",241002,"NW","Kootenay Region",51.01597,-118.20292,2023,TRUE,4,0,0.0029,0.3713,0.1784,0.6035
"MYCI","241002_NW",241002,"NW","Kootenay Region",51.01597,-118.20292,2024,TRUE,4,0,0.0016,0.3574,0.1507,0.6065
"MYCI","241002_NW",241002,"NW","Kootenay Region",51.01597,-118.20292,2025,TRUE,4,0,0.0096,0.4466,0.2204,0.693
"MYCI","243562_NE",243562,"NE","Kootenay Region",49.69966,-115.98498,2017,TRUE,4,0,0.0064,0.083,0.0065,0.2689
"MYCI","243562_NE",243562,"NE","Kootenay Region",49.69966,-115.98498,2018,FALSE,0,NA,NA,0.0612,0.0098,0.1639
"MYCI","243562_NE",243562,"NE","Kootenay Region",49.69966,-115.98498,2019,TRUE,4,0,0.0067,0.0822,0.0213,0.1952
"MYCI","243562_NE",243562,"NE","Kootenay Region",49.69966,-115.98498,2020,TRUE,4,0,0.002,0.0573,0.0125,0.1488
"MYCI","243562_NE",243562,"NE","Kootenay Region",49.69966,-115.98498,2021,TRUE,3,0,9e-04,0.0443,0.0064,0.1323
"MYCI","243562_NE",243562,"NE","Kootenay Region",49.69966,-115.98498,2022,FALSE,0,NA,NA,0.0636,0.0134,0.1663
"MYCI","243562_NE",243562,"NE","Kootenay Region",49.69966,-115.98498,2023,TRUE,3,0,0.0058,0.1404,0.0442,0.3052
"MYCI","243562_NE",243562,"NE","Kootenay Region",49.69966,-115.98498,2024,TRUE,2,0,0.0062,0.0901,0.0236,0.2171
"MYCI","243562_NE",243562,"NE","Kootenay Region",49.69966,-115.98498,2025,TRUE,4,0,0.0038,0.1606,0.0512,0.341
"MYCI","243562_SE",243562,"SE","Kootenay Region",49.65068,-115.94692,2017,TRUE,4,0,0.0033,0.0666,0.0055,0.2181
"MYCI","243562_SE",243562,"SE","Kootenay Region",49.65068,-115.94692,2018,FALSE,0,NA,NA,0.065,0.0115,0.1579
"MYCI","243562_SE",243562,"SE","Kootenay Region",49.65068,-115.94692,2019,TRUE,4,1,1,0.1001,0.0348,0.2068
"MYCI","243562_SE",243562,"SE","Kootenay Region",49.65068,-115.94692,2020,FALSE,0,NA,NA,0.0681,0.0201,0.1489
"MYCI","243562_SE",243562,"SE","Kootenay Region",49.65068,-115.94692,2021,TRUE,3,0,0.0024,0.0512,0.0104,0.1264
"MYCI","243562_SE",243562,"SE","Kootenay Region",49.65068,-115.94692,2022,TRUE,2,0,0.0287,0.0785,0.0243,0.1752
"MYCI","243562_SE",243562,"SE","Kootenay Region",49.65068,-115.94692,2023,TRUE,4,1,1,0.1782,0.0766,0.3244
"MYCI","243562_SE",243562,"SE","Kootenay Region",49.65068,-115.94692,2024,FALSE,0,NA,NA,0.1095,0.0363,0.2249
"MYCI","243562_SE",243562,"SE","Kootenay Region",49.65068,-115.94692,2025,TRUE,4,0,0.0044,0.1998,0.0829,0.3578
"MYCI","252394_NW",252394,"NW","South Coastal Region",48.79865,-125.16568,2017,FALSE,0,NA,NA,0.0405,0.0038,0.1394
"MYCI","252394_NW",252394,"NW","South Coastal Region",48.79865,-125.16568,2018,FALSE,0,NA,NA,0.042,0.0087,0.1083
"MYCI","252394_NW",252394,"NW","South Coastal Region",48.79865,-125.16568,2019,FALSE,0,NA,NA,0.0603,0.0186,0.1327
"MYCI","252394_NW",252394,"NW","South Coastal Region",48.79865,-125.16568,2020,FALSE,0,NA,NA,0.0548,0.0131,0.132
"MYCI","252394_NW",252394,"NW","South Coastal Region",48.79865,-125.16568,2021,FALSE,0,NA,NA,0.0513,0.0076,0.1322
"MYCI","252394_NW",252394,"NW","South Coastal Region",48.79865,-125.16568,2022,FALSE,0,NA,NA,0.0631,0.0141,0.1531
"MYCI","252394_NW",252394,"NW","South Coastal Region",48.79865,-125.16568,2023,FALSE,0,NA,NA,0.1109,0.0367,0.2351
"MYCI","252394_NW",252394,"NW","South Coastal Region",48.79865,-125.16568,2024,TRUE,4,0,0.0013,0.0995,0.0242,0.2316
"MYCI","252394_NW",252394,"NW","South Coastal Region",48.79865,-125.16568,2025,TRUE,4,0,0.0022,0.1433,0.0443,0.3089
"MYCI","26170_NE",26170,"NE","Northern Region",53.62052,-132.20883,2017,FALSE,0,NA,NA,0.0541,0.0024,0.2429
"MYCI","26170_NE",26170,"NE","Northern Region",53.62052,-132.20883,2018,FALSE,0,NA,NA,0.0346,0.0031,0.1369
"MYCI","26170_NE",26170,"NE","Northern Region",53.62052,-132.20883,2019,FALSE,0,NA,NA,0.0307,0.0033,0.1142
"MYCI","26170_NE",26170,"NE","Northern Region",53.62052,-132.20883,2020,FALSE,0,NA,NA,0.0251,0.0017,0.0993
"MYCI","26170_NE",26170,"NE","Northern Region",53.62052,-132.20883,2021,FALSE,0,NA,NA,0.0229,0.001,0.0912
"MYCI","26170_NE",26170,"NE","Northern Region",53.62052,-132.20883,2022,TRUE,4,0,0,0.0239,0.0016,0.0908
"MYCI","26170_NE",26170,"NE","Northern Region",53.62052,-132.20883,2023,TRUE,4,0,2e-04,0.0327,0.0037,0.1056
"MYCI","26170_NE",26170,"NE","Northern Region",53.62052,-132.20883,2024,TRUE,3,0,0,0.03,0.0021,0.1063
"MYCI","26170_NE",26170,"NE","Northern Region",53.62052,-132.20883,2025,TRUE,4,0,7e-04,0.0385,0.0042,0.1247
"MYCI","26170_NW",26170,"NW","Northern Region",53.60452,-132.28837,2017,FALSE,0,NA,NA,0.0503,0.0022,0.2167
"MYCI","26170_NW",26170,"NW","Northern Region",53.60452,-132.28837,2018,FALSE,0,NA,NA,0.0307,0.0024,0.1248
"MYCI","26170_NW",26170,"NW","Northern Region",53.60452,-132.28837,2019,FALSE,0,NA,NA,0.0263,0.0023,0.1031
"MYCI","26170_NW",26170,"NW","Northern Region",53.60452,-132.28837,2020,FALSE,0,NA,NA,0.0212,0.0011,0.0873
"MYCI","26170_NW",26170,"NW","Northern Region",53.60452,-132.28837,2021,FALSE,0,NA,NA,0.0191,6e-04,0.0797
"MYCI","26170_NW",26170,"NW","Northern Region",53.60452,-132.28837,2022,TRUE,3,0,0,0.0197,0.0011,0.0815
"MYCI","26170_NW",26170,"NW","Northern Region",53.60452,-132.28837,2023,TRUE,4,0,2e-04,0.0264,0.0026,0.0954
"MYCI","26170_NW",26170,"NW","Northern Region",53.60452,-132.28837,2024,FALSE,0,NA,NA,0.0239,0.0015,0.0924
"MYCI","26170_NW",26170,"NW","Northern Region",53.60452,-132.28837,2025,TRUE,4,0,4e-04,0.0304,0.0029,0.1064
"MYCI","26170_SE",26170,"SE","Northern Region",53.58901,-132.17695,2017,FALSE,0,NA,NA,0.0482,0.002,0.2069
"MYCI","26170_SE",26170,"SE","Northern Region",53.58901,-132.17695,2018,FALSE,0,NA,NA,0.0275,0.0024,0.1073
"MYCI","26170_SE",26170,"SE","Northern Region",53.58901,-132.17695,2019,FALSE,0,NA,NA,0.0238,0.0025,0.0915
"MYCI","26170_SE",26170,"SE","Northern Region",53.58901,-132.17695,2020,FALSE,0,NA,NA,0.0186,0.0012,0.0759
"MYCI","26170_SE",26170,"SE","Northern Region",53.58901,-132.17695,2021,FALSE,0,NA,NA,0.0166,6e-04,0.0697
"MYCI","26170_SE",26170,"SE","Northern Region",53.58901,-132.17695,2022,TRUE,4,0,2e-04,0.0177,0.0012,0.0721
"MYCI","26170_SE",26170,"SE","Northern Region",53.58901,-132.17695,2023,TRUE,4,0,2e-04,0.0262,0.003,0.0882
"MYCI","26170_SE",26170,"SE","Northern Region",53.58901,-132.17695,2024,TRUE,4,0,0,0.023,0.0017,0.084
"MYCI","26170_SE",26170,"SE","Northern Region",53.58901,-132.17695,2025,TRUE,4,0,0,0.0311,0.0035,0.1044
"MYCI","26170_SW",26170,"SW","Northern Region",53.56895,-132.23042,2017,FALSE,0,NA,NA,0.042,0.0013,0.1903
"MYCI","26170_SW",26170,"SW","Northern Region",53.56895,-132.23042,2018,FALSE,0,NA,NA,0.0149,0.001,0.0673
"MYCI","26170_SW",26170,"SW","Northern Region",53.56895,-132.23042,2019,FALSE,0,NA,NA,0.0139,0.0011,0.0556
"MYCI","26170_SW",26170,"SW","Northern Region",53.56895,-132.23042,2020,FALSE,0,NA,NA,0.0097,4e-04,0.0433
"MYCI","26170_SW",26170,"SW","Northern Region",53.56895,-132.23042,2021,FALSE,0,NA,NA,0.0078,2e-04,0.0386
"MYCI","26170_SW",26170,"SW","Northern Region",53.56895,-132.23042,2022,TRUE,4,0,0,0.0098,5e-04,0.0435
"MYCI","26170_SW",26170,"SW","Northern Region",53.56895,-132.23042,2023,TRUE,4,0,4e-04,0.02,0.0016,0.0758
"MYCI","26170_SW",26170,"SW","Northern Region",53.56895,-132.23042,2024,TRUE,4,0,2e-04,0.0138,7e-04,0.0601
"MYCI","26170_SW",26170,"SW","Northern Region",53.56895,-132.23042,2025,TRUE,4,0,4e-04,0.0237,0.0019,0.0905
"MYCI","265749_NE",265749,"NE","Okanagan Region",49.15892,-119.03758,2017,FALSE,0,NA,NA,0.7682,0.3811,0.978
"MYCI","265749_NE",265749,"NE","Okanagan Region",49.15892,-119.03758,2018,TRUE,2,0,0.0424,0.4002,0.1189,0.731
"MYCI","265749_NE",265749,"NE","Okanagan Region",49.15892,-119.03758,2019,TRUE,4,0,0.0238,0.4387,0.1745,0.7404
"MYCI","265749_NE",265749,"NE","Okanagan Region",49.15892,-119.03758,2020,TRUE,4,0,0.0071,0.3326,0.1184,0.6543
"MYCI","265749_NE",265749,"NE","Okanagan Region",49.15892,-119.03758,2021,TRUE,4,0,0.0013,0.3002,0.0716,0.6294
"MYCI","265749_NE",265749,"NE","Okanagan Region",49.15892,-119.03758,2022,TRUE,4,0,0.0031,0.3915,0.1356,0.6974
"MYCI","265749_NE",265749,"NE","Okanagan Region",49.15892,-119.03758,2023,TRUE,4,1,1,0.5823,0.3222,0.8376
"MYCI","265749_NE",265749,"NE","Okanagan Region",49.15892,-119.03758,2024,FALSE,0,NA,NA,0.4084,0.1633,0.7472
"MYCI","265749_NE",265749,"NE","Okanagan Region",49.15892,-119.03758,2025,FALSE,0,NA,NA,0.5573,0.3005,0.8013
"MYCI","265749_NW",265749,"NW","Okanagan Region",49.16674,-119.10324,2017,FALSE,0,NA,NA,0.8248,0.4536,0.9878
"MYCI","265749_NW",265749,"NW","Okanagan Region",49.16674,-119.10324,2018,TRUE,2,1,1,0.7788,0.5328,0.936
"MYCI","265749_NW",265749,"NW","Okanagan Region",49.16674,-119.10324,2019,TRUE,4,0,0.762,0.7845,0.5589,0.9299
"MYCI","265749_NW",265749,"NW","Okanagan Region",49.16674,-119.10324,2020,TRUE,4,1,1,0.7345,0.4849,0.9085
"MYCI","265749_NW",265749,"NW","Okanagan Region",49.16674,-119.10324,2021,TRUE,4,1,1,0.7222,0.46,0.9072
"MYCI","265749_NW",265749,"NW","Okanagan Region",49.16674,-119.10324,2022,TRUE,4,1,1,0.7577,0.5069,0.9265
"MYCI","265749_NW",265749,"NW","Okanagan Region",49.16674,-119.10324,2023,TRUE,4,1,1,0.8511,0.667,0.9652
"MYCI","265749_NW",265749,"NW","Okanagan Region",49.16674,-119.10324,2024,TRUE,4,1,1,0.8061,0.5715,0.9512
"MYCI","265749_NW",265749,"NW","Okanagan Region",49.16674,-119.10324,2025,TRUE,4,0,0.4222,0.8433,0.651,0.9638
"MYCI","265749_SE",265749,"SE","Okanagan Region",49.11153,-118.97698,2017,FALSE,0,NA,NA,0.7926,0.5465,0.9664
"MYCI","265749_SE",265749,"SE","Okanagan Region",49.11153,-118.97698,2018,TRUE,2,1,1,0.7573,0.5789,0.8903
"MYCI","265749_SE",265749,"SE","Okanagan Region",49.11153,-118.97698,2019,TRUE,4,1,1,0.7773,0.6046,0.9004
"MYCI","265749_SE",265749,"SE","Okanagan Region",49.11153,-118.97698,2020,TRUE,4,0,0.0313,0.7193,0.5216,0.8667
"MYCI","265749_SE",265749,"SE","Okanagan Region",49.11153,-118.97698,2021,TRUE,4,0,0.0169,0.7154,0.541,0.8559
"MYCI","265749_SE",265749,"SE","Okanagan Region",49.11153,-118.97698,2022,TRUE,4,1,1,0.7642,0.6014,0.8929
"MYCI","265749_SE",265749,"SE","Okanagan Region",49.11153,-118.97698,2023,TRUE,4,1,1,0.8665,0.7383,0.9554
"MYCI","265749_SE",265749,"SE","Okanagan Region",49.11153,-118.97698,2024,TRUE,4,1,1,0.8049,0.6528,0.9146
"MYCI","265749_SE",265749,"SE","Okanagan Region",49.11153,-118.97698,2025,TRUE,4,0,0.0987,0.8423,0.7098,0.9347
"MYCI","265749_SW",265749,"SW","Okanagan Region",49.11337,-119.05299,2017,FALSE,0,NA,NA,0.8101,0.4829,0.9805
"MYCI","265749_SW",265749,"SW","Okanagan Region",49.11337,-119.05299,2018,TRUE,2,0,0.1424,0.6287,0.3192,0.865
"MYCI","265749_SW",265749,"SW","Okanagan Region",49.11337,-119.05299,2019,TRUE,4,0,0.1987,0.6108,0.3041,0.8613
"MYCI","265749_SW",265749,"SW","Okanagan Region",49.11337,-119.05299,2020,TRUE,4,1,1,0.5229,0.2281,0.8203
"MYCI","265749_SW",265749,"SW","Okanagan Region",49.11337,-119.05299,2021,TRUE,3,1,1,0.4993,0.1912,0.8061
"MYCI","265749_SW",265749,"SW","Okanagan Region",49.11337,-119.05299,2022,TRUE,4,1,1,0.5561,0.2466,0.8425
"MYCI","265749_SW",265749,"SW","Okanagan Region",49.11337,-119.05299,2023,TRUE,4,1,1,0.7101,0.4294,0.9187
"MYCI","265749_SW",265749,"SW","Okanagan Region",49.11337,-119.05299,2024,TRUE,4,1,1,0.6116,0.3167,0.8779
"MYCI","265749_SW",265749,"SW","Okanagan Region",49.11337,-119.05299,2025,TRUE,4,0,0.1304,0.6889,0.4188,0.9105
"MYCI","268521_NE",268521,"NE","Kootenay Region",49.49916,-115.03962,2017,FALSE,0,NA,NA,0.1101,0.007,0.3784
"MYCI","268521_NE",268521,"NE","Kootenay Region",49.49916,-115.03962,2018,FALSE,0,NA,NA,0.1169,0.025,0.2821
"MYCI","268521_NE",268521,"NE","Kootenay Region",49.49916,-115.03962,2019,TRUE,4,0,0.0062,0.1582,0.0612,0.3065
"MYCI","268521_NE",268521,"NE","Kootenay Region",49.49916,-115.03962,2020,TRUE,4,0,0.0013,0.1401,0.0474,0.2786
"MYCI","268521_NE",268521,"NE","Kootenay Region",49.49916,-115.03962,2021,FALSE,0,NA,NA,0.13,0.0368,0.2697
"MYCI","268521_NE",268521,"NE","Kootenay Region",49.49916,-115.03962,2022,TRUE,4,0,0.0013,0.1525,0.0522,0.3033
"MYCI","268521_NE",268521,"NE","Kootenay Region",49.49916,-115.03962,2023,TRUE,3,0,0.0062,0.2531,0.1182,0.4253
"MYCI","268521_NE",268521,"NE","Kootenay Region",49.49916,-115.03962,2024,TRUE,4,0,4e-04,0.222,0.0815,0.4142
"MYCI","268521_NE",268521,"NE","Kootenay Region",49.49916,-115.03962,2025,TRUE,3,0,0.0096,0.3001,0.1384,0.5057
"MYCI","268521_NW",268521,"NW","Kootenay Region",49.48855,-115.09812,2017,FALSE,0,NA,NA,0.0673,0.006,0.214
"MYCI","268521_NW",268521,"NW","Kootenay Region",49.48855,-115.09812,2018,FALSE,0,NA,NA,0.0693,0.0125,0.1609
"MYCI","268521_NW",268521,"NW","Kootenay Region",49.48855,-115.09812,2019,TRUE,4,0,0.0298,0.1076,0.0392,0.2135
"MYCI","268521_NW",268521,"NW","Kootenay Region",49.48855,-115.09812,2020,FALSE,0,NA,NA,0.0735,0.0217,0.1566
"MYCI","268521_NW",268521,"NW","Kootenay Region",49.48855,-115.09812,2021,TRUE,2,0,0.0109,0.056,0.012,0.1349
"MYCI","268521_NW",268521,"NW","Kootenay Region",49.48855,-115.09812,2022,TRUE,4,0,0.002,0.0846,0.027,0.1747
"MYCI","268521_NW",268521,"NW","Kootenay Region",49.48855,-115.09812,2023,TRUE,4,0,0.0189,0.1916,0.0877,0.331
"MYCI","268521_NW",268521,"NW","Kootenay Region",49.48855,-115.09812,2024,TRUE,4,0,0.0102,0.1175,0.041,0.2383
"MYCI","268521_NW",268521,"NW","Kootenay Region",49.48855,-115.09812,2025,TRUE,4,0,0.0269,0.2137,0.0983,0.3667
"MYCI","268521_SE",268521,"SE","Kootenay Region",49.44083,-115.05634,2017,FALSE,0,NA,NA,0.1748,0.0038,0.6762
"MYCI","268521_SE",268521,"SE","Kootenay Region",49.44083,-115.05634,2018,FALSE,0,NA,NA,0.1942,0.0227,0.5929
"MYCI","268521_SE",268521,"SE","Kootenay Region",49.44083,-115.05634,2019,TRUE,4,0,0.0031,0.2393,0.0624,0.5768
"MYCI","268521_SE",268521,"SE","Kootenay Region",49.44083,-115.05634,2020,TRUE,4,0,2e-04,0.2454,0.0743,0.5534
"MYCI","268521_SE",268521,"SE","Kootenay Region",49.44083,-115.05634,2021,TRUE,2,0,2e-04,0.2505,0.0737,0.5539
"MYCI","268521_SE",268521,"SE","Kootenay Region",49.44083,-115.05634,2022,TRUE,4,0,0,0.2779,0.0884,0.5703
"MYCI","268521_SE",268521,"SE","Kootenay Region",49.44083,-115.05634,2023,TRUE,4,0,4e-04,0.3647,0.1445,0.656
"MYCI","268521_SE",268521,"SE","Kootenay Region",49.44083,-115.05634,2024,TRUE,4,0,2e-04,0.3749,0.1406,0.6697
"MYCI","268521_SE",268521,"SE","Kootenay Region",49.44083,-115.05634,2025,TRUE,4,0,0.0038,0.4494,0.1853,0.7477
"MYCI","269777_NW",269777,"NW","Northern Region",57.04083,-122.86281,2017,TRUE,4,0,0.0029,0.0754,0.001,0.3835
"MYCI","269777_NW",269777,"NW","Northern Region",57.04083,-122.86281,2018,TRUE,4,0,0,0.0049,2e-04,0.0233
"MYCI","269777_NW",269777,"NW","Northern Region",57.04083,-122.86281,2019,TRUE,3,0,4e-04,0.0064,4e-04,0.0275
"MYCI","269777_NW",269777,"NW","Northern Region",57.04083,-122.86281,2020,TRUE,4,0,0,0.0035,1e-04,0.0161
"MYCI","269777_NW",269777,"NW","Northern Region",57.04083,-122.86281,2021,FALSE,0,NA,NA,0.0022,0,0.0103
"MYCI","269777_NW",269777,"NW","Northern Region",57.04083,-122.86281,2022,FALSE,0,NA,NA,0.0042,2e-04,0.0189
"MYCI","269777_NW",269777,"NW","Northern Region",57.04083,-122.86281,2023,FALSE,0,NA,NA,0.0115,7e-04,0.0477
"MYCI","269777_NW",269777,"NW","Northern Region",57.04083,-122.86281,2024,FALSE,0,NA,NA,0.0054,3e-04,0.0228
"MYCI","269777_NW",269777,"NW","Northern Region",57.04083,-122.86281,2025,FALSE,0,NA,NA,0.0143,0.001,0.0582
"MYCI","269777_SW",269777,"SW","Northern Region",57.01497,-122.80521,2017,TRUE,4,0,0.0011,0.0448,0.0028,0.1696
"MYCI","269777_SW",269777,"SW","Northern Region",57.01497,-122.80521,2018,TRUE,4,0,0,0.0071,5e-04,0.0285
"MYCI","269777_SW",269777,"SW","Northern Region",57.01497,-122.80521,2019,TRUE,4,0,2e-04,0.008,8e-04,0.0286
"MYCI","269777_SW",269777,"SW","Northern Region",57.01497,-122.80521,2020,TRUE,4,0,2e-04,0.0047,3e-04,0.018
"MYCI","269777_SW",269777,"SW","Northern Region",57.01497,-122.80521,2021,FALSE,0,NA,NA,0.0032,1e-04,0.014
"MYCI","269777_SW",269777,"SW","Northern Region",57.01497,-122.80521,2022,FALSE,0,NA,NA,0.0053,4e-04,0.0197
"MYCI","269777_SW",269777,"SW","Northern Region",57.01497,-122.80521,2023,FALSE,0,NA,NA,0.0139,0.0014,0.0467
"MYCI","269777_SW",269777,"SW","Northern Region",57.01497,-122.80521,2024,FALSE,0,NA,NA,0.0072,6e-04,0.0269
"MYCI","269777_SW",269777,"SW","Northern Region",57.01497,-122.80521,2025,FALSE,0,NA,NA,0.0168,0.0019,0.0561
"MYCI","271731_SW",271731,"SW","Kootenay Region",51.24146,-117.64962,2017,TRUE,4,0,0.0067,0.0676,0.0062,0.2161
"MYCI","271731_SW",271731,"SW","Kootenay Region",51.24146,-117.64962,2018,TRUE,3,0,0.0036,0.0786,0.0142,0.185
"MYCI","271731_SW",271731,"SW","Kootenay Region",51.24146,-117.64962,2019,TRUE,4,0,0.0169,0.1234,0.0441,0.2526
"MYCI","271731_SW",271731,"SW","Kootenay Region",51.24146,-117.64962,2020,TRUE,4,0,0.006,0.0879,0.0263,0.1929
"MYCI","271731_SW",271731,"SW","Kootenay Region",51.24146,-117.64962,2021,TRUE,4,0,0.002,0.0699,0.0153,0.1695
"MYCI","271731_SW",271731,"SW","Kootenay Region",51.24146,-117.64962,2022,TRUE,4,0,0.0051,0.1013,0.0309,0.216
"MYCI","271731_SW",271731,"SW","Kootenay Region",51.24146,-117.64962,2023,TRUE,4,0,0.0191,0.2183,0.0965,0.3956
"MYCI","271731_SW",271731,"SW","Kootenay Region",51.24146,-117.64962,2024,TRUE,4,0,0.01,0.1421,0.0458,0.303
"MYCI","271731_SW",271731,"SW","Kootenay Region",51.24146,-117.64962,2025,TRUE,4,0,0.0087,0.2421,0.1065,0.4216
"MYCI","273050_SE",273050,"SE","South Coastal Region",49.00511,-125.65145,2017,FALSE,0,NA,NA,0.0362,0.0024,0.1369
"MYCI","273050_SE",273050,"SE","South Coastal Region",49.00511,-125.65145,2018,TRUE,3,0,0.002,0.0329,0.0054,0.0911
"MYCI","273050_SE",273050,"SE","South Coastal Region",49.00511,-125.65145,2019,FALSE,0,NA,NA,0.0493,0.0136,0.1183
"MYCI","273050_SE",273050,"SE","South Coastal Region",49.00511,-125.65145,2020,FALSE,0,NA,NA,0.0389,0.0078,0.1011
"MYCI","273050_SE",273050,"SE","South Coastal Region",49.00511,-125.65145,2021,FALSE,0,NA,NA,0.0328,0.0038,0.0947
"MYCI","273050_SE",273050,"SE","South Coastal Region",49.00511,-125.65145,2022,FALSE,0,NA,NA,0.0448,0.0095,0.1137
"MYCI","273050_SE",273050,"SE","South Coastal Region",49.00511,-125.65145,2023,FALSE,0,NA,NA,0.0918,0.0286,0.2084
"MYCI","273050_SE",273050,"SE","South Coastal Region",49.00511,-125.65145,2024,TRUE,4,0,0.0393,0.0693,0.0164,0.177
"MYCI","273050_SE",273050,"SE","South Coastal Region",49.00511,-125.65145,2025,TRUE,4,1,1,0.1131,0.0328,0.2584
"MYCI","283586_NE",283586,"NE","Northern Region",54.3558,-128.5366,2017,FALSE,0,NA,NA,0.0412,0.0014,0.1868
"MYCI","283586_NE",283586,"NE","Northern Region",54.3558,-128.5366,2018,TRUE,2,0,4e-04,0.0137,7e-04,0.0667
"MYCI","283586_NE",283586,"NE","Northern Region",54.3558,-128.5366,2019,TRUE,3,0,4e-04,0.0113,7e-04,0.0522
"MYCI","283586_NE",283586,"NE","Northern Region",54.3558,-128.5366,2020,TRUE,4,0,4e-04,0.0079,3e-04,0.0416
"MYCI","283586_NE",283586,"NE","Northern Region",54.3558,-128.5366,2021,FALSE,0,NA,NA,0.0065,1e-04,0.0384
"MYCI","283586_NE",283586,"NE","Northern Region",54.3558,-128.5366,2022,FALSE,0,NA,NA,0.0076,3e-04,0.0397
"MYCI","283586_NE",283586,"NE","Northern Region",54.3558,-128.5366,2023,TRUE,3,0,2e-04,0.0138,0.001,0.0559
"MYCI","283586_NE",283586,"NE","Northern Region",54.3558,-128.5366,2024,TRUE,4,0,0,0.0099,5e-04,0.0468
"MYCI","283586_NE",283586,"NE","Northern Region",54.3558,-128.5366,2025,TRUE,4,0,4e-04,0.0161,0.0013,0.0665
"MYCI","283586_NW",283586,"NW","Northern Region",54.3321,-128.6266,2017,FALSE,0,NA,NA,0.0455,0.0026,0.1821
"MYCI","283586_NW",283586,"NW","Northern Region",54.3321,-128.6266,2018,TRUE,2,0,9e-04,0.0218,0.0018,0.0855
"MYCI","283586_NW",283586,"NW","Northern Region",54.3321,-128.6266,2019,TRUE,3,0,2e-04,0.0179,0.0016,0.0701
"MYCI","283586_NW",283586,"NW","Northern Region",54.3321,-128.6266,2020,TRUE,4,0,0,0.0133,7e-04,0.0571
"MYCI","283586_NW",283586,"NW","Northern Region",54.3321,-128.6266,2021,TRUE,3,0,0,0.0112,3e-04,0.0531
"MYCI","283586_NW",283586,"NW","Northern Region",54.3321,-128.6266,2022,TRUE,4,0,0,0.0119,5e-04,0.053
"MYCI","283586_NW",283586,"NW","Northern Region",54.3321,-128.6266,2023,TRUE,4,0,0,0.0178,0.0015,0.0657
"MYCI","283586_NW",283586,"NW","Northern Region",54.3321,-128.6266,2024,TRUE,4,0,0,0.0147,7e-04,0.0644
"MYCI","283586_NW",283586,"NW","Northern Region",54.3321,-128.6266,2025,TRUE,4,0,0,0.0205,0.0016,0.0779
"MYCI","283586_SE",283586,"SE","Northern Region",54.31162,-128.54374,2017,FALSE,0,NA,NA,0.1024,0.002,0.4993
"MYCI","283586_SE",283586,"SE","Northern Region",54.31162,-128.54374,2018,TRUE,2,0,0.0013,0.0813,0.0038,0.3405
"MYCI","283586_SE",283586,"SE","Northern Region",54.31162,-128.54374,2019,TRUE,3,0,0,0.0742,0.0055,0.293
"MYCI","283586_SE",283586,"SE","Northern Region",54.31162,-128.54374,2020,TRUE,4,0,0,0.066,0.0042,0.2587
"MYCI","283586_SE",283586,"SE","Northern Region",54.31162,-128.54374,2021,TRUE,3,0,0,0.0626,0.003,0.247
"MYCI","283586_SE",283586,"SE","Northern Region",54.31162,-128.54374,2022,TRUE,4,0,0,0.0623,0.0032,0.243
"MYCI","283586_SE",283586,"SE","Northern Region",54.31162,-128.54374,2023,TRUE,4,0,2e-04,0.0687,0.0057,0.2443
"MYCI","283586_SE",283586,"SE","Northern Region",54.31162,-128.54374,2024,TRUE,4,0,0,0.0668,0.004,0.2375
"MYCI","283586_SE",283586,"SE","Northern Region",54.31162,-128.54374,2025,TRUE,2,0,0.0022,0.0734,0.0064,0.2435
"MYCI","283586_SW",283586,"SW","Northern Region",54.2946,-128.581,2017,FALSE,0,NA,NA,0.0395,0.0015,0.18
"MYCI","283586_SW",283586,"SW","Northern Region",54.2946,-128.581,2018,TRUE,2,0,2e-04,0.0112,7e-04,0.0544
"MYCI","283586_SW",283586,"SW","Northern Region",54.2946,-128.581,2019,TRUE,3,0,9e-04,0.0096,7e-04,0.0416
"MYCI","283586_SW",283586,"SW","Northern Region",54.2946,-128.581,2020,TRUE,4,0,0,0.0065,3e-04,0.0313
"MYCI","283586_SW",283586,"SW","Northern Region",54.2946,-128.581,2021,TRUE,4,0,0,0.0051,1e-04,0.0278
"MYCI","283586_SW",283586,"SW","Northern Region",54.2946,-128.581,2022,TRUE,4,0,0,0.0064,3e-04,0.0289
"MYCI","283586_SW",283586,"SW","Northern Region",54.2946,-128.581,2023,TRUE,4,0,2e-04,0.013,0.001,0.0518
"MYCI","283586_SW",283586,"SW","Northern Region",54.2946,-128.581,2024,TRUE,4,0,4e-04,0.0086,5e-04,0.0388
"MYCI","283586_SW",283586,"SW","Northern Region",54.2946,-128.581,2025,TRUE,4,0,2e-04,0.0153,0.0012,0.0597
"MYCI","294832_NE",294832,"NE","Northern Region",56.3348,-120.97877,2017,TRUE,4,0,0.002,0.0665,0.0043,0.2534
"MYCI","294832_NE",294832,"NE","Northern Region",56.3348,-120.97877,2018,TRUE,4,0,4e-04,0.0301,0.0028,0.1078
"MYCI","294832_NE",294832,"NE","Northern Region",56.3348,-120.97877,2019,TRUE,2,0,9e-04,0.0236,0.0023,0.0847
"MYCI","294832_NE",294832,"NE","Northern Region",56.3348,-120.97877,2020,TRUE,2,0,0.0011,0.0171,9e-04,0.0703
"MYCI","294832_NE",294832,"NE","Northern Region",56.3348,-120.97877,2021,TRUE,4,0,0,0.0145,4e-04,0.0641
"MYCI","294832_NE",294832,"NE","Northern Region",56.3348,-120.97877,2022,TRUE,4,0,0,0.0151,8e-04,0.064
"MYCI","294832_NE",294832,"NE","Northern Region",56.3348,-120.97877,2023,FALSE,0,NA,NA,0.0225,0.0023,0.0763
"MYCI","294832_NE",294832,"NE","Northern Region",56.3348,-120.97877,2024,TRUE,4,0,2e-04,0.0187,0.0012,0.075
"MYCI","294832_NE",294832,"NE","Northern Region",56.3348,-120.97877,2025,TRUE,4,0,2e-04,0.0258,0.0026,0.0881
"MYCI","294832_NW",294832,"NW","Northern Region",56.33264,-121.00747,2017,TRUE,4,0,0.0087,0.0562,0.0045,0.1969
"MYCI","294832_NW",294832,"NW","Northern Region",56.33264,-121.00747,2018,TRUE,4,0,2e-04,0.0213,0.0022,0.0758
"MYCI","294832_NW",294832,"NW","Northern Region",56.33264,-121.00747,2019,TRUE,4,0,9e-04,0.017,0.0019,0.0607
"MYCI","294832_NW",294832,"NW","Northern Region",56.33264,-121.00747,2020,TRUE,4,0,7e-04,0.0117,7e-04,0.0489
"MYCI","294832_NW",294832,"NW","Northern Region",56.33264,-121.00747,2021,TRUE,4,0,4e-04,0.0094,3e-04,0.0443
"MYCI","294832_NW",294832,"NW","Northern Region",56.33264,-121.00747,2022,TRUE,4,0,2e-04,0.0104,7e-04,0.0448
"MYCI","294832_NW",294832,"NW","Northern Region",56.33264,-121.00747,2023,FALSE,0,NA,NA,0.0181,0.0021,0.0592
"MYCI","294832_NW",294832,"NW","Northern Region",56.33264,-121.00747,2024,TRUE,4,0,9e-04,0.0137,0.001,0.0545
"MYCI","294832_NW",294832,"NW","Northern Region",56.33264,-121.00747,2025,TRUE,4,0,0.0011,0.0213,0.0025,0.0694
"MYCI","294832_SE",294832,"SE","Northern Region",56.30206,-120.94608,2017,TRUE,4,0,0.0016,0.0401,0.003,0.1504
"MYCI","294832_SE",294832,"SE","Northern Region",56.30206,-120.94608,2018,TRUE,4,0,0,0.0086,7e-04,0.0326
"MYCI","294832_SE",294832,"SE","Northern Region",56.30206,-120.94608,2019,FALSE,0,NA,NA,0.009,0.001,0.0318
"MYCI","294832_SE",294832,"SE","Northern Region",56.30206,-120.94608,2020,TRUE,4,0,2e-04,0.0055,3e-04,0.022
"MYCI","294832_SE",294832,"SE","Northern Region",56.30206,-120.94608,2021,TRUE,4,0,0,0.0038,1e-04,0.0176
"MYCI","294832_SE",294832,"SE","Northern Region",56.30206,-120.94608,2022,TRUE,3,0,0,0.0055,5e-04,0.0204
"MYCI","294832_SE",294832,"SE","Northern Region",56.30206,-120.94608,2023,FALSE,0,NA,NA,0.0137,0.0015,0.0461
"MYCI","294832_SE",294832,"SE","Northern Region",56.30206,-120.94608,2024,TRUE,4,0,0,0.0075,7e-04,0.0291
"MYCI","294832_SE",294832,"SE","Northern Region",56.30206,-120.94608,2025,FALSE,0,NA,NA,0.0163,0.002,0.0543
"MYCI","294832_SW",294832,"SW","Northern Region",56.30496,-121.00198,2017,TRUE,4,0,0.0044,0.0399,0.002,0.1647
"MYCI","294832_SW",294832,"SW","Northern Region",56.30496,-121.00198,2018,FALSE,0,NA,NA,0.0069,5e-04,0.0276
"MYCI","294832_SW",294832,"SW","Northern Region",56.30496,-121.00198,2019,TRUE,4,0,4e-04,0.0082,8e-04,0.0294
"MYCI","294832_SW",294832,"SW","Northern Region",56.30496,-121.00198,2020,TRUE,4,0,0,0.0048,3e-04,0.0194
"MYCI","294832_SW",294832,"SW","Northern Region",56.30496,-121.00198,2021,TRUE,4,0,0,0.003,1e-04,0.0137
"MYCI","294832_SW",294832,"SW","Northern Region",56.30496,-121.00198,2022,TRUE,4,0,0,0.0051,4e-04,0.0194
"MYCI","294832_SW",294832,"SW","Northern Region",56.30496,-121.00198,2023,FALSE,0,NA,NA,0.0136,0.0014,0.0476
"MYCI","294832_SW",294832,"SW","Northern Region",56.30496,-121.00198,2024,TRUE,4,0,7e-04,0.0069,6e-04,0.0265
"MYCI","294832_SW",294832,"SW","Northern Region",56.30496,-121.00198,2025,TRUE,4,0,7e-04,0.0164,0.0019,0.0564
"MYCI","317428_NE",317428,"NE","South Coastal Region",49.06292,-120.79944,2017,FALSE,0,NA,NA,0.0836,0.0016,0.4282
"MYCI","317428_NE",317428,"NE","South Coastal Region",49.06292,-120.79944,2018,TRUE,4,0,0,0.0247,0.0021,0.0813
"MYCI","317428_NE",317428,"NE","South Coastal Region",49.06292,-120.79944,2019,TRUE,4,0,0.0051,0.0403,0.0071,0.1174
"MYCI","317428_NE",317428,"NE","South Coastal Region",49.06292,-120.79944,2020,TRUE,4,0,7e-04,0.0203,0.0024,0.0646
"MYCI","317428_NE",317428,"NE","South Coastal Region",49.06292,-120.79944,2021,TRUE,4,0,0,0.0129,9e-04,0.0448
"MYCI","317428_NE",317428,"NE","South Coastal Region",49.06292,-120.79944,2022,TRUE,4,0,0,0.0253,0.004,0.0764
"MYCI","317428_NE",317428,"NE","South Coastal Region",49.06292,-120.79944,2023,TRUE,4,0,0.0038,0.0661,0.0147,0.1753
"MYCI","317428_NE",317428,"NE","South Coastal Region",49.06292,-120.79944,2024,TRUE,4,1,1,0.0319,0.0051,0.0949
"MYCI","317428_NE",317428,"NE","South Coastal Region",49.06292,-120.79944,2025,TRUE,4,0,9e-04,0.0809,0.0167,0.2252
"MYCI","317428_NW",317428,"NW","South Coastal Region",49.06417,-120.90943,2017,FALSE,0,NA,NA,0.0988,0.0011,0.5277
"MYCI","317428_NW",317428,"NW","South Coastal Region",49.06417,-120.90943,2018,TRUE,4,0,4e-04,0.0389,0.0023,0.1449
"MYCI","317428_NW",317428,"NW","South Coastal Region",49.06417,-120.90943,2019,TRUE,4,0,0.006,0.067,0.0076,0.2136
"MYCI","317428_NW",317428,"NW","South Coastal Region",49.06417,-120.90943,2020,TRUE,4,0,0.0038,0.0368,0.0027,0.1277
"MYCI","317428_NW",317428,"NW","South Coastal Region",49.06417,-120.90943,2021,TRUE,4,0,4e-04,0.0244,0.001,0.0884
"MYCI","317428_NW",317428,"NW","South Coastal Region",49.06417,-120.90943,2022,TRUE,4,0,2e-04,0.0467,0.0058,0.1547
"MYCI","317428_NW",317428,"NW","South Coastal Region",49.06417,-120.90943,2023,TRUE,4,0,0.0062,0.1149,0.0175,0.3149
"MYCI","317428_NW",317428,"NW","South Coastal Region",49.06417,-120.90943,2024,TRUE,4,0,0.0036,0.055,0.0062,0.1765
"MYCI","317428_NW",317428,"NW","South Coastal Region",49.06417,-120.90943,2025,TRUE,4,0,0.0078,0.1376,0.0223,0.3743
"MYCI","317428_SE",317428,"SE","South Coastal Region",49.06053,-120.77309,2017,FALSE,0,NA,NA,0.0783,0.0016,0.4002
"MYCI","317428_SE",317428,"SE","South Coastal Region",49.06053,-120.77309,2018,TRUE,4,0,2e-04,0.0212,0.0018,0.0693
"MYCI","317428_SE",317428,"SE","South Coastal Region",49.06053,-120.77309,2019,TRUE,4,0,0.0062,0.0352,0.0062,0.1081
"MYCI","317428_SE",317428,"SE","South Coastal Region",49.06053,-120.77309,2020,TRUE,4,0,0.0024,0.0195,0.0022,0.0624
"MYCI","317428_SE",317428,"SE","South Coastal Region",49.06053,-120.77309,2021,TRUE,4,0,0,0.0123,8e-04,0.0431
"MYCI","317428_SE",317428,"SE","South Coastal Region",49.06053,-120.77309,2022,TRUE,4,0,2e-04,0.0245,0.004,0.0743
"MYCI","317428_SE",317428,"SE","South Coastal Region",49.06053,-120.77309,2023,TRUE,4,0,0.0022,0.0642,0.0146,0.1689
"MYCI","317428_SE",317428,"SE","South Coastal Region",49.06053,-120.77309,2024,TRUE,4,0,7e-04,0.0307,0.005,0.0908
"MYCI","317428_SE",317428,"SE","South Coastal Region",49.06053,-120.77309,2025,FALSE,0,NA,NA,0.0789,0.0163,0.2169
"MYCI","317428_SW",317428,"SW","South Coastal Region",49.04617,-120.85085,2017,FALSE,0,NA,NA,0.1251,0.0015,0.6416
"MYCI","317428_SW",317428,"SW","South Coastal Region",49.04617,-120.85085,2018,TRUE,4,0,0.03,0.0394,0.0028,0.1677
"MYCI","317428_SW",317428,"SW","South Coastal Region",49.04617,-120.85085,2019,TRUE,4,1,1,0.0456,0.0059,0.1604
"MYCI","317428_SW",317428,"SW","South Coastal Region",49.04617,-120.85085,2020,TRUE,4,0,0.0129,0.027,0.0024,0.1011
"MYCI","317428_SW",317428,"SW","South Coastal Region",49.04617,-120.85085,2021,TRUE,4,0,0,0.0191,0.001,0.0813
"MYCI","317428_SW",317428,"SW","South Coastal Region",49.04617,-120.85085,2022,TRUE,4,0,2e-04,0.031,0.0031,0.1168
"MYCI","317428_SW",317428,"SW","South Coastal Region",49.04617,-120.85085,2023,TRUE,4,0,0.0024,0.0726,0.0102,0.2327
"MYCI","317428_SW",317428,"SW","South Coastal Region",49.04617,-120.85085,2024,FALSE,0,NA,NA,0.042,0.0044,0.1526
"MYCI","317428_SW",317428,"SW","South Coastal Region",49.04617,-120.85085,2025,FALSE,0,NA,NA,0.087,0.0109,0.2835
"MYCI","326072_NE",326072,"NE","South Coastal Region",49.09743,-122.51957,2017,TRUE,3,0,0.0018,0.0359,0.0023,0.1335
"MYCI","326072_NE",326072,"NE","South Coastal Region",49.09743,-122.51957,2018,TRUE,3,0,2e-04,0.0361,0.0062,0.0901
"MYCI","326072_NE",326072,"NE","South Coastal Region",49.09743,-122.51957,2019,TRUE,3,0,7e-04,0.0583,0.0189,0.1281
"MYCI","326072_NE",326072,"NE","South Coastal Region",49.09743,-122.51957,2020,TRUE,4,0,2e-04,0.0415,0.01,0.1021
"MYCI","326072_NE",326072,"NE","South Coastal Region",49.09743,-122.51957,2021,TRUE,4,0,0,0.033,0.0049,0.0888
"MYCI","326072_NE",326072,"NE","South Coastal Region",49.09743,-122.51957,2022,TRUE,4,0,0,0.0469,0.0119,0.1081
"MYCI","326072_NE",326072,"NE","South Coastal Region",49.09743,-122.51957,2023,TRUE,4,0,0.0013,0.1049,0.0384,0.2123
"MYCI","326072_NE",326072,"NE","South Coastal Region",49.09743,-122.51957,2024,FALSE,0,NA,NA,0.0713,0.0193,0.1668
"MYCI","326072_NE",326072,"NE","South Coastal Region",49.09743,-122.51957,2025,FALSE,0,NA,NA,0.1242,0.0432,0.2556
"MYCI","326072_NW",326072,"NW","South Coastal Region",49.05235,-122.58989,2017,TRUE,4,0,0.0018,0.0362,0.0027,0.1306
"MYCI","326072_NW",326072,"NW","South Coastal Region",49.05235,-122.58989,2018,TRUE,3,0,0,0.0365,0.0064,0.0909
"MYCI","326072_NW",326072,"NW","South Coastal Region",49.05235,-122.58989,2019,TRUE,3,0,0.0027,0.0581,0.0183,0.1268
"MYCI","326072_NW",326072,"NW","South Coastal Region",49.05235,-122.58989,2020,TRUE,4,0,7e-04,0.0434,0.0103,0.1059
"MYCI","326072_NW",326072,"NW","South Coastal Region",49.05235,-122.58989,2021,TRUE,4,0,2e-04,0.0356,0.0052,0.0966
"MYCI","326072_NW",326072,"NW","South Coastal Region",49.05235,-122.58989,2022,TRUE,4,0,0,0.0475,0.0119,0.1131
"MYCI","326072_NW",326072,"NW","South Coastal Region",49.05235,-122.58989,2023,TRUE,3,0,0.0033,0.0992,0.0369,0.2031
"MYCI","326072_NW",326072,"NW","South Coastal Region",49.05235,-122.58989,2024,TRUE,4,0,0.0022,0.0697,0.0191,0.1646
"MYCI","326072_NW",326072,"NW","South Coastal Region",49.05235,-122.58989,2025,TRUE,4,1,1,0.1163,0.0396,0.2395
"MYCI","326072_SE",326072,"SE","South Coastal Region",49.0144,-122.52755,2017,TRUE,4,0,4e-04,0.0366,0.0028,0.1306
"MYCI","326072_SE",326072,"SE","South Coastal Region",49.0144,-122.52755,2018,TRUE,3,0,2e-04,0.0384,0.0069,0.0932
"MYCI","326072_SE",326072,"SE","South Coastal Region",49.0144,-122.52755,2019,TRUE,3,0,0.0022,0.0608,0.0199,0.1301
"MYCI","326072_SE",326072,"SE","South Coastal Region",49.0144,-122.52755,2020,TRUE,4,0,4e-04,0.047,0.0116,0.1127
"MYCI","326072_SE",326072,"SE","South Coastal Region",49.0144,-122.52755,2021,TRUE,4,0,2e-04,0.0395,0.0061,0.1045
"MYCI","326072_SE",326072,"SE","South Coastal Region",49.0144,-122.52755,2022,TRUE,4,0,7e-04,0.0529,0.0135,0.1238
"MYCI","326072_SE",326072,"SE","South Coastal Region",49.0144,-122.52755,2023,FALSE,0,NA,NA,0.1035,0.039,0.2078
"MYCI","326072_SE",326072,"SE","South Coastal Region",49.0144,-122.52755,2024,FALSE,0,NA,NA,0.0758,0.0212,0.1767
"MYCI","326072_SE",326072,"SE","South Coastal Region",49.0144,-122.52755,2025,FALSE,0,NA,NA,0.1227,0.0432,0.249
"MYCI","326072_SW",326072,"SW","South Coastal Region",49.01082,-122.58104,2017,TRUE,4,0,0.0024,0.0619,0.0042,0.23
"MYCI","326072_SW",326072,"SW","South Coastal Region",49.01082,-122.58104,2018,TRUE,3,0,7e-04,0.0723,0.0148,0.185
"MYCI","326072_SW",326072,"SW","South Coastal Region",49.01082,-122.58104,2019,TRUE,3,0,0.004,0.1041,0.0349,0.2203
"MYCI","326072_SW",326072,"SW","South Coastal Region",49.01082,-122.58104,2020,TRUE,4,0,4e-04,0.1043,0.0301,0.2216
"MYCI","326072_SW",326072,"SW","South Coastal Region",49.01082,-122.58104,2021,TRUE,4,0,4e-04,0.1049,0.0247,0.2293
"MYCI","326072_SW",326072,"SW","South Coastal Region",49.01082,-122.58104,2022,TRUE,4,0,2e-04,0.1217,0.0335,0.2585
"MYCI","326072_SW",326072,"SW","South Coastal Region",49.01082,-122.58104,2023,TRUE,4,0,0.0013,0.1729,0.0647,0.3283
"MYCI","326072_SW",326072,"SW","South Coastal Region",49.01082,-122.58104,2024,TRUE,4,0,2e-04,0.1687,0.0464,0.3418
"MYCI","326072_SW",326072,"SW","South Coastal Region",49.01082,-122.58104,2025,TRUE,4,0,0.0073,0.2168,0.0755,0.4134
"MYCI","37274_NE",37274,"NE","Northern Region",53.08874,-119.20318,2017,FALSE,0,NA,NA,0.0637,0.0039,0.2504
"MYCI","37274_NE",37274,"NE","Northern Region",53.08874,-119.20318,2018,TRUE,4,0,0,0.0187,0.0011,0.083
"MYCI","37274_NE",37274,"NE","Northern Region",53.08874,-119.20318,2019,TRUE,3,0,9e-04,0.0134,9e-04,0.0586
"MYCI","37274_NE",37274,"NE","Northern Region",53.08874,-119.20318,2020,TRUE,4,0,0,0.0084,3e-04,0.0437
"MYCI","37274_NE",37274,"NE","Northern Region",53.08874,-119.20318,2021,TRUE,4,0,0,0.0066,1e-04,0.039
"MYCI","37274_NE",37274,"NE","Northern Region",53.08874,-119.20318,2022,TRUE,3,0,4e-04,0.0077,4e-04,0.0397
"MYCI","37274_NE",37274,"NE","Northern Region",53.08874,-119.20318,2023,FALSE,0,NA,NA,0.0144,0.0011,0.0574
"MYCI","37274_NE",37274,"NE","Northern Region",53.08874,-119.20318,2024,TRUE,3,0,4e-04,0.01,5e-04,0.048
"MYCI","37274_NE",37274,"NE","Northern Region",53.08874,-119.20318,2025,FALSE,0,NA,NA,0.0169,0.0013,0.0675
"MYCI","37274_SE",37274,"SE","Northern Region",53.05051,-119.21418,2017,FALSE,0,NA,NA,0.0518,0.0041,0.1845
"MYCI","37274_SE",37274,"SE","Northern Region",53.05051,-119.21418,2018,TRUE,4,0,0,0.0131,0.0011,0.0495
"MYCI","37274_SE",37274,"SE","Northern Region",53.05051,-119.21418,2019,TRUE,3,0,0.0027,0.0122,0.0012,0.043
"MYCI","37274_SE",37274,"SE","Northern Region",53.05051,-119.21418,2020,FALSE,0,NA,NA,0.0077,4e-04,0.0319
"MYCI","37274_SE",37274,"SE","Northern Region",53.05051,-119.21418,2021,TRUE,4,0,2e-04,0.0058,2e-04,0.028
"MYCI","37274_SE",37274,"SE","Northern Region",53.05051,-119.21418,2022,TRUE,3,0,0.0011,0.008,6e-04,0.0313
"MYCI","37274_SE",37274,"SE","Northern Region",53.05051,-119.21418,2023,FALSE,0,NA,NA,0.0184,0.0019,0.0609
"MYCI","37274_SE",37274,"SE","Northern Region",53.05051,-119.21418,2024,TRUE,3,0,0.0011,0.0113,8e-04,0.045
"MYCI","37274_SE",37274,"SE","Northern Region",53.05051,-119.21418,2025,FALSE,0,NA,NA,0.022,0.0024,0.0722
"MYCI","37274_SW",37274,"SW","Northern Region",53.03564,-119.22895,2017,FALSE,0,NA,NA,0.0403,0.002,0.1694
"MYCI","37274_SW",37274,"SW","Northern Region",53.03564,-119.22895,2018,TRUE,3,0,0,0.0063,4e-04,0.0255
"MYCI","37274_SW",37274,"SW","Northern Region",53.03564,-119.22895,2019,TRUE,3,0,4e-04,0.0076,7e-04,0.0276
"MYCI","37274_SW",37274,"SW","Northern Region",53.03564,-119.22895,2020,TRUE,4,0,0,0.0043,2e-04,0.0174
"MYCI","37274_SW",37274,"SW","Northern Region",53.03564,-119.22895,2021,TRUE,3,0,0,0.0028,1e-04,0.0127
"MYCI","37274_SW",37274,"SW","Northern Region",53.03564,-119.22895,2022,TRUE,3,0,2e-04,0.0049,4e-04,0.0189
"MYCI","37274_SW",37274,"SW","Northern Region",53.03564,-119.22895,2023,FALSE,0,NA,NA,0.0131,0.0013,0.0465
"MYCI","37274_SW",37274,"SW","Northern Region",53.03564,-119.22895,2024,TRUE,3,0,0,0.0066,5e-04,0.025
"MYCI","37274_SW",37274,"SW","Northern Region",53.03564,-119.22895,2025,FALSE,0,NA,NA,0.0158,0.0018,0.0546
"MYCI","38442_NW",38442,"NW","Okanagan Region",51.51999,-122.28978,2017,FALSE,0,NA,NA,0.794,0.5092,0.9694
"MYCI","38442_NW",38442,"NW","Okanagan Region",51.51999,-122.28978,2018,TRUE,3,1,1,0.8427,0.6693,0.9502
"MYCI","38442_NW",38442,"NW","Okanagan Region",51.51999,-122.28978,2019,FALSE,0,NA,NA,0.8916,0.7712,0.9635
"MYCI","38442_NW",38442,"NW","Okanagan Region",51.51999,-122.28978,2020,TRUE,4,1,1,0.8856,0.7612,0.9609
"MYCI","38442_NW",38442,"NW","Okanagan Region",51.51999,-122.28978,2021,TRUE,4,1,1,0.8904,0.7747,0.9637
"MYCI","38442_NW",38442,"NW","Okanagan Region",51.51999,-122.28978,2022,FALSE,0,NA,NA,0.9134,0.811,0.9754
"MYCI","38442_NW",38442,"NW","Okanagan Region",51.51999,-122.28978,2023,TRUE,4,1,1,0.9534,0.8803,0.9909
"MYCI","38442_NW",38442,"NW","Okanagan Region",51.51999,-122.28978,2024,TRUE,4,1,1,0.9379,0.8529,0.9849
"MYCI","38442_NW",38442,"NW","Okanagan Region",51.51999,-122.28978,2025,TRUE,4,1,1,0.9505,0.8777,0.9886
"MYCI","38442_SW",38442,"SW","Okanagan Region",51.50238,-122.28992,2017,FALSE,0,NA,NA,0.8005,0.5162,0.97
"MYCI","38442_SW",38442,"SW","Okanagan Region",51.50238,-122.28992,2018,TRUE,3,1,1,0.8509,0.6823,0.9541
"MYCI","38442_SW",38442,"SW","Okanagan Region",51.50238,-122.28992,2019,TRUE,4,1,1,0.8991,0.7823,0.9678
"MYCI","38442_SW",38442,"SW","Okanagan Region",51.50238,-122.28992,2020,TRUE,4,1,1,0.8942,0.7739,0.9653
"MYCI","38442_SW",38442,"SW","Okanagan Region",51.50238,-122.28992,2021,TRUE,4,1,1,0.8993,0.7879,0.9676
"MYCI","38442_SW",38442,"SW","Okanagan Region",51.50238,-122.28992,2022,TRUE,4,1,1,0.9206,0.8198,0.9787
"MYCI","38442_SW",38442,"SW","Okanagan Region",51.50238,-122.28992,2023,TRUE,4,1,1,0.9574,0.8893,0.9921
"MYCI","38442_SW",38442,"SW","Okanagan Region",51.50238,-122.28992,2024,TRUE,4,1,1,0.9431,0.8596,0.9869
"MYCI","38442_SW",38442,"SW","Okanagan Region",51.50238,-122.28992,2025,FALSE,0,NA,NA,0.9546,0.8862,0.99
"MYCI","42026_NE",42026,"NE","Northern Region",55.85527,-121.65345,2017,FALSE,0,NA,NA,0.0563,0.0046,0.1987
"MYCI","42026_NE",42026,"NE","Northern Region",55.85527,-121.65345,2018,FALSE,0,NA,NA,0.0185,0.0018,0.0667
"MYCI","42026_NE",42026,"NE","Northern Region",55.85527,-121.65345,2019,FALSE,0,NA,NA,0.0144,0.0016,0.0518
"MYCI","42026_NE",42026,"NE","Northern Region",55.85527,-121.65345,2020,FALSE,0,NA,NA,0.0096,6e-04,0.0417
"MYCI","42026_NE",42026,"NE","Northern Region",55.85527,-121.65345,2021,FALSE,0,NA,NA,0.0077,3e-04,0.0375
"MYCI","42026_NE",42026,"NE","Northern Region",55.85527,-121.65345,2022,TRUE,4,0,2e-04,0.0092,7e-04,0.0384
"MYCI","42026_NE",42026,"NE","Northern Region",55.85527,-121.65345,2023,FALSE,0,NA,NA,0.0175,0.002,0.0559
"MYCI","42026_NE",42026,"NE","Northern Region",55.85527,-121.65345,2024,TRUE,4,0,2e-04,0.0127,0.001,0.051
"MYCI","42026_NE",42026,"NE","Northern Region",55.85527,-121.65345,2025,TRUE,4,0,4e-04,0.0209,0.0025,0.0669
"MYCI","42026_NW",42026,"NW","Northern Region",55.83616,-121.71691,2017,FALSE,0,NA,NA,0.048,0.0043,0.1627
"MYCI","42026_NW",42026,"NW","Northern Region",55.83616,-121.71691,2018,FALSE,0,NA,NA,0.0137,0.0014,0.05
"MYCI","42026_NW",42026,"NW","Northern Region",55.83616,-121.71691,2019,FALSE,0,NA,NA,0.0119,0.0013,0.0408
"MYCI","42026_NW",42026,"NW","Northern Region",55.83616,-121.71691,2020,FALSE,0,NA,NA,0.0077,5e-04,0.0315
"MYCI","42026_NW",42026,"NW","Northern Region",55.83616,-121.71691,2021,FALSE,0,NA,NA,0.006,2e-04,0.0285
"MYCI","42026_NW",42026,"NW","Northern Region",55.83616,-121.71691,2022,TRUE,3,0,2e-04,0.0079,6e-04,0.0315
"MYCI","42026_NW",42026,"NW","Northern Region",55.83616,-121.71691,2023,FALSE,0,NA,NA,0.0172,0.002,0.0538
"MYCI","42026_NW",42026,"NW","Northern Region",55.83616,-121.71691,2024,TRUE,4,0,0,0.0112,9e-04,0.0445
"MYCI","42026_NW",42026,"NW","Northern Region",55.83616,-121.71691,2025,TRUE,3,0,0.0013,0.0206,0.0025,0.0658
"MYCI","42026_SE",42026,"SE","Northern Region",55.81797,-121.66405,2017,FALSE,0,NA,NA,0.0593,0.0045,0.2113
"MYCI","42026_SE",42026,"SE","Northern Region",55.81797,-121.66405,2018,FALSE,0,NA,NA,0.0221,0.0023,0.0797
"MYCI","42026_SE",42026,"SE","Northern Region",55.81797,-121.66405,2019,FALSE,0,NA,NA,0.0168,0.0018,0.0605
"MYCI","42026_SE",42026,"SE","Northern Region",55.81797,-121.66405,2020,FALSE,0,NA,NA,0.0115,7e-04,0.0491
"MYCI","42026_SE",42026,"SE","Northern Region",55.81797,-121.66405,2021,FALSE,0,NA,NA,0.0095,3e-04,0.0453
"MYCI","42026_SE",42026,"SE","Northern Region",55.81797,-121.66405,2022,TRUE,4,0,2e-04,0.0106,7e-04,0.0455
"MYCI","42026_SE",42026,"SE","Northern Region",55.81797,-121.66405,2023,FALSE,0,NA,NA,0.0184,0.0021,0.0603
"MYCI","42026_SE",42026,"SE","Northern Region",55.81797,-121.66405,2024,TRUE,4,0,2e-04,0.0142,0.001,0.0561
"MYCI","42026_SE",42026,"SE","Northern Region",55.81797,-121.66405,2025,TRUE,4,0,7e-04,0.0218,0.0025,0.0689
"MYCI","42026_SW",42026,"SW","Northern Region",55.81131,-121.70131,2017,FALSE,0,NA,NA,0.0552,0.0046,0.1933
"MYCI","42026_SW",42026,"SW","Northern Region",55.81131,-121.70131,2018,FALSE,0,NA,NA,0.0202,0.0019,0.0733
"MYCI","42026_SW",42026,"SW","Northern Region",55.81131,-121.70131,2019,FALSE,0,NA,NA,0.0153,0.0016,0.0546
"MYCI","42026_SW",42026,"SW","Northern Region",55.81131,-121.70131,2020,FALSE,0,NA,NA,0.0103,6e-04,0.0447
"MYCI","42026_SW",42026,"SW","Northern Region",55.81131,-121.70131,2021,FALSE,0,NA,NA,0.0084,3e-04,0.0402
"MYCI","42026_SW",42026,"SW","Northern Region",55.81131,-121.70131,2022,TRUE,4,0,0,0.0095,7e-04,0.0412
"MYCI","42026_SW",42026,"SW","Northern Region",55.81131,-121.70131,2023,FALSE,0,NA,NA,0.0168,0.002,0.0553
"MYCI","42026_SW",42026,"SW","Northern Region",55.81131,-121.70131,2024,TRUE,4,0,0,0.0127,9e-04,0.0507
"MYCI","42026_SW",42026,"SW","Northern Region",55.81131,-121.70131,2025,TRUE,4,0,2e-04,0.0199,0.0023,0.0653
"MYCI","47210_NW",47210,"NW","Okanagan Region",49.84159,-119.9783,2017,FALSE,0,NA,NA,0.7897,0.3509,0.9856
"MYCI","47210_NW",47210,"NW","Okanagan Region",49.84159,-119.9783,2018,FALSE,0,NA,NA,0.4259,0.1362,0.7562
"MYCI","47210_NW",47210,"NW","Okanagan Region",49.84159,-119.9783,2019,FALSE,0,NA,NA,0.4417,0.1774,0.7372
"MYCI","47210_NW",47210,"NW","Okanagan Region",49.84159,-119.9783,2020,FALSE,0,NA,NA,0.3369,0.1166,0.6483
"MYCI","47210_NW",47210,"NW","Okanagan Region",49.84159,-119.9783,2021,FALSE,0,NA,NA,0.3039,0.0783,0.6307
"MYCI","47210_NW",47210,"NW","Okanagan Region",49.84159,-119.9783,2022,FALSE,0,NA,NA,0.388,0.1344,0.6947
"MYCI","47210_NW",47210,"NW","Okanagan Region",49.84159,-119.9783,2023,TRUE,4,1,1,0.5788,0.3048,0.8317
"MYCI","47210_NW",47210,"NW","Okanagan Region",49.84159,-119.9783,2024,TRUE,4,1,1,0.4152,0.171,0.7425
"MYCI","47210_NW",47210,"NW","Okanagan Region",49.84159,-119.9783,2025,TRUE,4,1,1,0.5541,0.2906,0.8019
"MYCI","47210_SE",47210,"SE","Okanagan Region",49.79638,-119.86985,2017,FALSE,0,NA,NA,0.7844,0.4501,0.9749
"MYCI","47210_SE",47210,"SE","Okanagan Region",49.79638,-119.86985,2018,FALSE,0,NA,NA,0.548,0.2597,0.7962
"MYCI","47210_SE",47210,"SE","Okanagan Region",49.79638,-119.86985,2019,FALSE,0,NA,NA,0.5416,0.2721,0.7963
"MYCI","47210_SE",47210,"SE","Okanagan Region",49.79638,-119.86985,2020,FALSE,0,NA,NA,0.4462,0.1965,0.7303
"MYCI","47210_SE",47210,"SE","Okanagan Region",49.79638,-119.86985,2021,FALSE,0,NA,NA,0.4165,0.1547,0.7132
"MYCI","47210_SE",47210,"SE","Okanagan Region",49.79638,-119.86985,2022,FALSE,0,NA,NA,0.4908,0.2272,0.7652
"MYCI","47210_SE",47210,"SE","Okanagan Region",49.79638,-119.86985,2023,TRUE,4,0,0.0244,0.6688,0.4296,0.8752
"MYCI","47210_SE",47210,"SE","Okanagan Region",49.79638,-119.86985,2024,TRUE,4,0,0.0224,0.5421,0.2781,0.814
"MYCI","47210_SE",47210,"SE","Okanagan Region",49.79638,-119.86985,2025,TRUE,4,0,0.018,0.641,0.4046,0.8587
"MYCI","47210_SW",47210,"SW","Okanagan Region",49.79097,-119.95267,2017,FALSE,0,NA,NA,0.7987,0.3896,0.9845
"MYCI","47210_SW",47210,"SW","Okanagan Region",49.79097,-119.95267,2018,FALSE,0,NA,NA,0.5482,0.2835,0.7936
"MYCI","47210_SW",47210,"SW","Okanagan Region",49.79097,-119.95267,2019,FALSE,0,NA,NA,0.5532,0.33,0.7714
"MYCI","47210_SW",47210,"SW","Okanagan Region",49.79097,-119.95267,2020,FALSE,0,NA,NA,0.4495,0.2353,0.6812
"MYCI","47210_SW",47210,"SW","Okanagan Region",49.79097,-119.95267,2021,FALSE,0,NA,NA,0.4275,0.2093,0.6614
"MYCI","47210_SW",47210,"SW","Okanagan Region",49.79097,-119.95267,2022,FALSE,0,NA,NA,0.5156,0.2793,0.7392
"MYCI","47210_SW",47210,"SW","Okanagan Region",49.79097,-119.95267,2023,TRUE,4,1,1,0.7023,0.4961,0.883
"MYCI","47210_SW",47210,"SW","Okanagan Region",49.79097,-119.95267,2024,FALSE,0,NA,NA,0.5463,0.3115,0.7821
"MYCI","47210_SW",47210,"SW","Okanagan Region",49.79097,-119.95267,2025,TRUE,4,1,1,0.6542,0.4579,0.8301
"MYCI","47322_NE",47322,"NE","Northern Region",55.69808,-120.43213,2017,TRUE,4,0,0.0031,0.0445,0.0028,0.1682
"MYCI","47322_NE",47322,"NE","Northern Region",55.69808,-120.43213,2018,TRUE,4,0,2e-04,0.0064,5e-04,0.0274
"MYCI","47322_NE",47322,"NE","Northern Region",55.69808,-120.43213,2019,TRUE,4,0,2e-04,0.0061,6e-04,0.0229
"MYCI","47322_NE",47322,"NE","Northern Region",55.69808,-120.43213,2020,TRUE,4,0,0,0.0036,2e-04,0.0147
"MYCI","47322_NE",47322,"NE","Northern Region",55.69808,-120.43213,2021,TRUE,4,0,0,0.0024,1e-04,0.011
"MYCI","47322_NE",47322,"NE","Northern Region",55.69808,-120.43213,2022,TRUE,4,0,2e-04,0.0039,3e-04,0.0152
"MYCI","47322_NE",47322,"NE","Northern Region",55.69808,-120.43213,2023,FALSE,0,NA,NA,0.0102,0.0011,0.0342
"MYCI","47322_NE",47322,"NE","Northern Region",55.69808,-120.43213,2024,TRUE,4,0,0,0.0053,5e-04,0.0202
"MYCI","47322_NE",47322,"NE","Northern Region",55.69808,-120.43213,2025,TRUE,4,0,2e-04,0.0123,0.0014,0.041
"MYCI","47322_NW",47322,"NW","Northern Region",55.70016,-120.48989,2017,TRUE,4,0,0.0011,0.0405,0.0032,0.145
"MYCI","47322_NW",47322,"NW","Northern Region",55.70016,-120.48989,2018,FALSE,0,NA,NA,0.0084,7e-04,0.0319
"MYCI","47322_NW",47322,"NW","Northern Region",55.70016,-120.48989,2019,TRUE,4,0,2e-04,0.0082,9e-04,0.0284
"MYCI","47322_NW",47322,"NW","Northern Region",55.70016,-120.48989,2020,TRUE,4,0,0,0.005,3e-04,0.0195
"MYCI","47322_NW",47322,"NW","Northern Region",55.70016,-120.48989,2021,TRUE,4,0,0,0.0036,1e-04,0.0162
"MYCI","47322_NW",47322,"NW","Northern Region",55.70016,-120.48989,2022,TRUE,4,0,0,0.0055,5e-04,0.0207
"MYCI","47322_NW",47322,"NW","Northern Region",55.70016,-120.48989,2023,FALSE,0,NA,NA,0.0136,0.0016,0.0449
"MYCI","47322_NW",47322,"NW","Northern Region",55.70016,-120.48989,2024,TRUE,4,0,0,0.0077,7e-04,0.029
"MYCI","47322_NW",47322,"NW","Northern Region",55.70016,-120.48989,2025,FALSE,0,NA,NA,0.0163,0.0021,0.0522
"MYCI","47322_SE",47322,"SE","Northern Region",55.64597,-120.40102,2017,TRUE,4,0,0.002,0.0422,0.0024,0.1657
"MYCI","47322_SE",47322,"SE","Northern Region",55.64597,-120.40102,2018,TRUE,4,0,0,0.0057,4e-04,0.024
"MYCI","47322_SE",47322,"SE","Northern Region",55.64597,-120.40102,2019,TRUE,4,0,2e-04,0.0059,6e-04,0.0215
"MYCI","47322_SE",47322,"SE","Northern Region",55.64597,-120.40102,2020,TRUE,2,0,2e-04,0.0034,2e-04,0.0137
"MYCI","47322_SE",47322,"SE","Northern Region",55.64597,-120.40102,2021,FALSE,0,NA,NA,0.0023,1e-04,0.0103
"MYCI","47322_SE",47322,"SE","Northern Region",55.64597,-120.40102,2022,TRUE,4,0,0,0.0039,3e-04,0.015
"MYCI","47322_SE",47322,"SE","Northern Region",55.64597,-120.40102,2023,FALSE,0,NA,NA,0.0102,0.0011,0.0347
"MYCI","47322_SE",47322,"SE","Northern Region",55.64597,-120.40102,2024,FALSE,0,NA,NA,0.0052,4e-04,0.0197
"MYCI","47322_SE",47322,"SE","Northern Region",55.64597,-120.40102,2025,FALSE,0,NA,NA,0.0124,0.0014,0.041
"MYCI","47322_SW",47322,"SW","Northern Region",55.65446,-120.49465,2017,TRUE,4,0,0.0031,0.051,0.0045,0.1732
"MYCI","47322_SW",47322,"SW","Northern Region",55.65446,-120.49465,2018,TRUE,4,0,2e-04,0.0153,0.0015,0.0551
"MYCI","47322_SW",47322,"SW","Northern Region",55.65446,-120.49465,2019,TRUE,2,0,0.0018,0.0118,0.0013,0.0419
"MYCI","47322_SW",47322,"SW","Northern Region",55.65446,-120.49465,2020,TRUE,4,0,0,0.0077,5e-04,0.0329
"MYCI","47322_SW",47322,"SW","Northern Region",55.65446,-120.49465,2021,TRUE,4,0,2e-04,0.006,2e-04,0.0296
"MYCI","47322_SW",47322,"SW","Northern Region",55.65446,-120.49465,2022,TRUE,4,0,2e-04,0.0074,6e-04,0.031
"MYCI","47322_SW",47322,"SW","Northern Region",55.65446,-120.49465,2023,FALSE,0,NA,NA,0.0148,0.0018,0.046
"MYCI","47322_SW",47322,"SW","Northern Region",55.65446,-120.49465,2024,TRUE,4,0,0,0.0103,8e-04,0.0409
"MYCI","47322_SW",47322,"SW","Northern Region",55.65446,-120.49465,2025,TRUE,3,0,7e-04,0.0177,0.0023,0.0559
"MYCI","57322_NE",57322,"NE","South Coastal Region",49.09454,-122.09881,2017,TRUE,4,0,4e-04,0.0359,0.0017,0.1472
"MYCI","57322_NE",57322,"NE","South Coastal Region",49.09454,-122.09881,2018,TRUE,2,0,2e-04,0.0331,0.0051,0.0888
"MYCI","57322_NE",57322,"NE","South Coastal Region",49.09454,-122.09881,2019,TRUE,4,0,0.0022,0.0519,0.0157,0.1178
"MYCI","57322_NE",57322,"NE","South Coastal Region",49.09454,-122.09881,2020,TRUE,4,0,2e-04,0.0388,0.0084,0.0979
"MYCI","57322_NE",57322,"NE","South Coastal Region",49.09454,-122.09881,2021,TRUE,4,0,2e-04,0.0311,0.004,0.0881
"MYCI","57322_NE",57322,"NE","South Coastal Region",49.09454,-122.09881,2022,TRUE,3,0,0,0.044,0.0099,0.1069
"MYCI","57322_NE",57322,"NE","South Coastal Region",49.09454,-122.09881,2023,TRUE,4,0,0.0018,0.0957,0.0324,0.2049
"MYCI","57322_NE",57322,"NE","South Coastal Region",49.09454,-122.09881,2024,FALSE,0,NA,NA,0.067,0.0172,0.1664
"MYCI","57322_NE",57322,"NE","South Coastal Region",49.09454,-122.09881,2025,FALSE,0,NA,NA,0.115,0.0361,0.2469
"MYCI","57322_NW",57322,"NW","South Coastal Region",49.07915,-122.16077,2017,TRUE,4,0,0,0.0481,0.0043,0.1606
"MYCI","57322_NW",57322,"NW","South Coastal Region",49.07915,-122.16077,2018,TRUE,4,0,0,0.0527,0.0122,0.1306
"MYCI","57322_NW",57322,"NW","South Coastal Region",49.07915,-122.16077,2019,TRUE,4,0,7e-04,0.0744,0.0267,0.1526
"MYCI","57322_NW",57322,"NW","South Coastal Region",49.07915,-122.16077,2020,TRUE,4,0,0,0.0717,0.0205,0.1548
"MYCI","57322_NW",57322,"NW","South Coastal Region",49.07915,-122.16077,2021,TRUE,4,0,0,0.0702,0.015,0.1565
"MYCI","57322_NW",57322,"NW","South Coastal Region",49.07915,-122.16077,2022,TRUE,4,0,0,0.0834,0.0227,0.1782
"MYCI","57322_NW",57322,"NW","South Coastal Region",49.07915,-122.16077,2023,FALSE,0,NA,NA,0.1362,0.0538,0.2571
"MYCI","57322_NW",57322,"NW","South Coastal Region",49.07915,-122.16077,2024,FALSE,0,NA,NA,0.1311,0.0383,0.2658
"MYCI","57322_NW",57322,"NW","South Coastal Region",49.07915,-122.16077,2025,TRUE,4,0,0.0011,0.1796,0.0654,0.3447
"MYCI","57322_SE",57322,"SE","South Coastal Region",49.0141,-122.09198,2017,FALSE,0,NA,NA,0.0372,0.0011,0.1795
"MYCI","57322_SE",57322,"SE","South Coastal Region",49.0141,-122.09198,2018,TRUE,3,0,4e-04,0.028,0.0028,0.0802
"MYCI","57322_SE",57322,"SE","South Coastal Region",49.0141,-122.09198,2019,TRUE,3,0,0.0084,0.0472,0.0114,0.1197
"MYCI","57322_SE",57322,"SE","South Coastal Region",49.0141,-122.09198,2020,TRUE,4,0,0.002,0.0284,0.0044,0.0788
"MYCI","57322_SE",57322,"SE","South Coastal Region",49.0141,-122.09198,2021,TRUE,4,0,2e-04,0.019,0.0015,0.0568
"MYCI","57322_SE",57322,"SE","South Coastal Region",49.0141,-122.09198,2022,TRUE,4,0,4e-04,0.0347,0.0071,0.0901
"MYCI","57322_SE",57322,"SE","South Coastal Region",49.0141,-122.09198,2023,TRUE,4,0,0.0051,0.0887,0.0269,0.207
"MYCI","57322_SE",57322,"SE","South Coastal Region",49.0141,-122.09198,2024,FALSE,0,NA,NA,0.0455,0.0102,0.1201
"MYCI","57322_SE",57322,"SE","South Coastal Region",49.0141,-122.09198,2025,TRUE,4,0,0.0073,0.1043,0.0298,0.2405
"MYCI","57322_SW",57322,"SW","South Coastal Region",49.01663,-122.15131,2017,FALSE,0,NA,NA,0.0625,0.0039,0.2358
"MYCI","57322_SW",57322,"SW","South Coastal Region",49.01663,-122.15131,2018,TRUE,4,0,0,0.0725,0.0143,0.1886
"MYCI","57322_SW",57322,"SW","South Coastal Region",49.01663,-122.15131,2019,TRUE,4,0,4e-04,0.1035,0.0334,0.2228
"MYCI","57322_SW",57322,"SW","South Coastal Region",49.01663,-122.15131,2020,TRUE,4,0,2e-04,0.1036,0.0286,0.2302
"MYCI","57322_SW",57322,"SW","South Coastal Region",49.01663,-122.15131,2021,TRUE,4,0,0,0.1044,0.0236,0.2324
"MYCI","57322_SW",57322,"SW","South Coastal Region",49.01663,-122.15131,2022,TRUE,4,0,0,0.1226,0.0332,0.264
"MYCI","57322_SW",57322,"SW","South Coastal Region",49.01663,-122.15131,2023,TRUE,3,0,0.0302,0.19,0.0678,0.3661
"MYCI","57322_SW",57322,"SW","South Coastal Region",49.01663,-122.15131,2024,FALSE,0,NA,NA,0.189,0.0525,0.3874
"MYCI","57322_SW",57322,"SW","South Coastal Region",49.01663,-122.15131,2025,TRUE,2,1,1,0.2493,0.0854,0.4769
"MYCI","58842_NW",58842,"NW","Northern Region",54.79952,-121.1886,2017,FALSE,0,NA,NA,0.0434,0.0035,0.1551
"MYCI","58842_NW",58842,"NW","Northern Region",54.79952,-121.1886,2018,FALSE,0,NA,NA,0.0072,4e-04,0.0315
"MYCI","58842_NW",58842,"NW","Northern Region",54.79952,-121.1886,2019,FALSE,0,NA,NA,0.0074,5e-04,0.0298
"MYCI","58842_NW",58842,"NW","Northern Region",54.79952,-121.1886,2020,FALSE,0,NA,NA,0.0044,2e-04,0.0194
"MYCI","58842_NW",58842,"NW","Northern Region",54.79952,-121.1886,2021,FALSE,0,NA,NA,0.0031,1e-04,0.0154
"MYCI","58842_NW",58842,"NW","Northern Region",54.79952,-121.1886,2022,FALSE,0,NA,NA,0.0048,3e-04,0.0201
"MYCI","58842_NW",58842,"NW","Northern Region",54.79952,-121.1886,2023,FALSE,0,NA,NA,0.0121,9e-04,0.0456
"MYCI","58842_NW",58842,"NW","Northern Region",54.79952,-121.1886,2024,TRUE,4,0,2e-04,0.0065,4e-04,0.0272
"MYCI","58842_NW",58842,"NW","Northern Region",54.79952,-121.1886,2025,TRUE,4,0,2e-04,0.0144,0.0012,0.0543
"MYCI","58842_SE",58842,"SE","Northern Region",54.73781,-121.16052,2017,FALSE,0,NA,NA,0.0454,0.0026,0.1767
"MYCI","58842_SE",58842,"SE","Northern Region",54.73781,-121.16052,2018,FALSE,0,NA,NA,0.0052,3e-04,0.0254
"MYCI","58842_SE",58842,"SE","Northern Region",54.73781,-121.16052,2019,FALSE,0,NA,NA,0.005,4e-04,0.0213
"MYCI","58842_SE",58842,"SE","Northern Region",54.73781,-121.16052,2020,FALSE,0,NA,NA,0.0029,1e-04,0.0125
"MYCI","58842_SE",58842,"SE","Northern Region",54.73781,-121.16052,2021,FALSE,0,NA,NA,0.0019,0,0.0096
"MYCI","58842_SE",58842,"SE","Northern Region",54.73781,-121.16052,2022,FALSE,0,NA,NA,0.0032,2e-04,0.0135
"MYCI","58842_SE",58842,"SE","Northern Region",54.73781,-121.16052,2023,FALSE,0,NA,NA,0.0083,7e-04,0.0313
"MYCI","58842_SE",58842,"SE","Northern Region",54.73781,-121.16052,2024,TRUE,4,0,2e-04,0.0042,3e-04,0.0169
"MYCI","58842_SE",58842,"SE","Northern Region",54.73781,-121.16052,2025,TRUE,4,0,0,0.0101,8e-04,0.0364
"MYCI","58842_SW",58842,"SW","Northern Region",54.75716,-121.25541,2017,FALSE,0,NA,NA,0.0445,0.0021,0.1832
"MYCI","58842_SW",58842,"SW","Northern Region",54.75716,-121.25541,2018,FALSE,0,NA,NA,0.0045,2e-04,0.021
"MYCI","58842_SW",58842,"SW","Northern Region",54.75716,-121.25541,2019,FALSE,0,NA,NA,0.005,3e-04,0.0213
"MYCI","58842_SW",58842,"SW","Northern Region",54.75716,-121.25541,2020,FALSE,0,NA,NA,0.0029,1e-04,0.0121
"MYCI","58842_SW",58842,"SW","Northern Region",54.75716,-121.25541,2021,FALSE,0,NA,NA,0.0018,0,0.0092
"MYCI","58842_SW",58842,"SW","Northern Region",54.75716,-121.25541,2022,FALSE,0,NA,NA,0.0033,2e-04,0.0139
"MYCI","58842_SW",58842,"SW","Northern Region",54.75716,-121.25541,2023,FALSE,0,NA,NA,0.0087,7e-04,0.0328
"MYCI","58842_SW",58842,"SW","Northern Region",54.75716,-121.25541,2024,TRUE,4,0,0,0.0043,3e-04,0.017
"MYCI","58842_SW",58842,"SW","Northern Region",54.75716,-121.25541,2025,TRUE,4,0,0,0.0106,9e-04,0.039
"MYCI","5994_NE",5994,"NE","Kootenay Region",49.26067,-115.24894,2017,FALSE,0,NA,NA,0.0765,0.0071,0.24
"MYCI","5994_NE",5994,"NE","Kootenay Region",49.26067,-115.24894,2018,FALSE,0,NA,NA,0.0947,0.0225,0.2164
"MYCI","5994_NE",5994,"NE","Kootenay Region",49.26067,-115.24894,2019,FALSE,0,NA,NA,0.135,0.0555,0.2504
"MYCI","5994_NE",5994,"NE","Kootenay Region",49.26067,-115.24894,2020,TRUE,4,1,1,0.1265,0.0513,0.2361
"MYCI","5994_NE",5994,"NE","Kootenay Region",49.26067,-115.24894,2021,TRUE,4,1,1,0.1212,0.0451,0.2321
"MYCI","5994_NE",5994,"NE","Kootenay Region",49.26067,-115.24894,2022,TRUE,4,0,0.2564,0.143,0.0604,0.2645
"MYCI","5994_NE",5994,"NE","Kootenay Region",49.26067,-115.24894,2023,TRUE,4,1,1,0.233,0.121,0.3813
"MYCI","5994_NE",5994,"NE","Kootenay Region",49.26067,-115.24894,2024,TRUE,4,0,0.0256,0.2148,0.1016,0.3587
"MYCI","5994_NE",5994,"NE","Kootenay Region",49.26067,-115.24894,2025,FALSE,0,NA,NA,0.2854,0.1479,0.4515
"MYCI","5994_SE",5994,"SE","Kootenay Region",49.21228,-115.26277,2017,FALSE,0,NA,NA,0.0624,0.0052,0.2093
"MYCI","5994_SE",5994,"SE","Kootenay Region",49.21228,-115.26277,2018,FALSE,0,NA,NA,0.0677,0.013,0.1637
"MYCI","5994_SE",5994,"SE","Kootenay Region",49.21228,-115.26277,2019,FALSE,0,NA,NA,0.1014,0.0358,0.2064
"MYCI","5994_SE",5994,"SE","Kootenay Region",49.21228,-115.26277,2020,TRUE,4,1,1,0.0762,0.0236,0.1581
"MYCI","5994_SE",5994,"SE","Kootenay Region",49.21228,-115.26277,2021,TRUE,4,0,0.004,0.0615,0.0145,0.1413
"MYCI","5994_SE",5994,"SE","Kootenay Region",49.21228,-115.26277,2022,TRUE,4,0,9e-04,0.0852,0.0283,0.178
"MYCI","5994_SE",5994,"SE","Kootenay Region",49.21228,-115.26277,2023,TRUE,4,0,0.0169,0.1783,0.0786,0.3256
"MYCI","5994_SE",5994,"SE","Kootenay Region",49.21228,-115.26277,2024,TRUE,4,1,1,0.1252,0.0467,0.2413
"MYCI","5994_SE",5994,"SE","Kootenay Region",49.21228,-115.26277,2025,FALSE,0,NA,NA,0.2034,0.0873,0.3618
"MYCI","60586_NW",60586,"NW","Kootenay Region",50.93041,-116.39001,2017,FALSE,0,NA,NA,0.0674,0.0064,0.2135
"MYCI","60586_NW",60586,"NW","Kootenay Region",50.93041,-116.39001,2018,FALSE,0,NA,NA,0.0899,0.0209,0.1939
"MYCI","60586_NW",60586,"NW","Kootenay Region",50.93041,-116.39001,2019,FALSE,0,NA,NA,0.139,0.0571,0.2568
"MYCI","60586_NW",60586,"NW","Kootenay Region",50.93041,-116.39001,2020,TRUE,4,0,0.0016,0.1135,0.041,0.2187
"MYCI","60586_NW",60586,"NW","Kootenay Region",50.93041,-116.39001,2021,TRUE,4,0,0,0.0999,0.0311,0.2026
"MYCI","60586_NW",60586,"NW","Kootenay Region",50.93041,-116.39001,2022,TRUE,4,0,0,0.1281,0.0486,0.2443
"MYCI","60586_NW",60586,"NW","Kootenay Region",50.93041,-116.39001,2023,TRUE,4,0,0.0013,0.2455,0.1206,0.4044
"MYCI","60586_NW",60586,"NW","Kootenay Region",50.93041,-116.39001,2024,TRUE,4,0,7e-04,0.1873,0.0788,0.3478
"MYCI","60586_NW",60586,"NW","Kootenay Region",50.93041,-116.39001,2025,TRUE,4,0,0.0011,0.2721,0.1395,0.439
"MYCI","60586_SW",60586,"SW","Kootenay Region",50.90342,-116.39335,2017,FALSE,0,NA,NA,0.1676,0.0039,0.6569
"MYCI","60586_SW",60586,"SW","Kootenay Region",50.90342,-116.39335,2018,FALSE,0,NA,NA,0.1959,0.0236,0.6166
"MYCI","60586_SW",60586,"SW","Kootenay Region",50.90342,-116.39335,2019,FALSE,0,NA,NA,0.2472,0.0619,0.608
"MYCI","60586_SW",60586,"SW","Kootenay Region",50.90342,-116.39335,2020,TRUE,4,0,0.0036,0.2633,0.0762,0.5918
"MYCI","60586_SW",60586,"SW","Kootenay Region",50.90342,-116.39335,2021,TRUE,4,0,2e-04,0.273,0.0806,0.5967
"MYCI","60586_SW",60586,"SW","Kootenay Region",50.90342,-116.39335,2022,TRUE,4,0,4e-04,0.303,0.0974,0.617
"MYCI","60586_SW",60586,"SW","Kootenay Region",50.90342,-116.39335,2023,TRUE,3,0,0.0018,0.3866,0.1448,0.6962
"MYCI","60586_SW",60586,"SW","Kootenay Region",50.90342,-116.39335,2024,TRUE,4,0,7e-04,0.4062,0.1574,0.7128
"MYCI","60586_SW",60586,"SW","Kootenay Region",50.90342,-116.39335,2025,TRUE,4,0,0.0113,0.481,0.199,0.7834
"MYCI","6202_NE",6202,"NE","South Coastal Region",48.53741,-123.50119,2017,FALSE,0,NA,NA,0.0441,0.0051,0.1396
"MYCI","6202_NE",6202,"NE","South Coastal Region",48.53741,-123.50119,2018,TRUE,4,0,0.0013,0.0422,0.0095,0.1005
"MYCI","6202_NE",6202,"NE","South Coastal Region",48.53741,-123.50119,2019,TRUE,4,0,0.0067,0.0606,0.0209,0.1223
"MYCI","6202_NE",6202,"NE","South Coastal Region",48.53741,-123.50119,2020,FALSE,0,NA,NA,0.0507,0.0131,0.1146
"MYCI","6202_NE",6202,"NE","South Coastal Region",48.53741,-123.50119,2021,TRUE,4,0,7e-04,0.0452,0.0081,0.1123
"MYCI","6202_NE",6202,"NE","South Coastal Region",48.53741,-123.50119,2022,TRUE,4,0,7e-04,0.0569,0.0149,0.1322
"MYCI","6202_NE",6202,"NE","South Coastal Region",48.53741,-123.50119,2023,TRUE,4,0,0.0042,0.1089,0.0431,0.2126
"MYCI","6202_NE",6202,"NE","South Coastal Region",48.53741,-123.50119,2024,TRUE,3,0,0.0058,0.0895,0.0251,0.2028
"MYCI","6202_NE",6202,"NE","South Coastal Region",48.53741,-123.50119,2025,FALSE,0,NA,NA,0.1342,0.048,0.2683
"MYCI","6202_NW",6202,"NW","South Coastal Region",48.50788,-123.60088,2017,FALSE,0,NA,NA,0.0513,0.0049,0.1815
"MYCI","6202_NW",6202,"NW","South Coastal Region",48.50788,-123.60088,2018,TRUE,4,0,0,0.0322,0.0054,0.0887
"MYCI","6202_NW",6202,"NW","South Coastal Region",48.50788,-123.60088,2019,TRUE,3,0,0.0013,0.0409,0.0109,0.0996
"MYCI","6202_NW",6202,"NW","South Coastal Region",48.50788,-123.60088,2020,TRUE,4,0,2e-04,0.0293,0.0056,0.079
"MYCI","6202_NW",6202,"NW","South Coastal Region",48.50788,-123.60088,2021,TRUE,4,0,0,0.0233,0.0028,0.0717
"MYCI","6202_NW",6202,"NW","South Coastal Region",48.50788,-123.60088,2022,TRUE,2,0,2e-04,0.0322,0.0065,0.0868
"MYCI","6202_NW",6202,"NW","South Coastal Region",48.50788,-123.60088,2023,TRUE,3,0,0.0024,0.0701,0.022,0.1578
"MYCI","6202_NW",6202,"NW","South Coastal Region",48.50788,-123.60088,2024,FALSE,0,NA,NA,0.0491,0.0114,0.1269
"MYCI","6202_NW",6202,"NW","South Coastal Region",48.50788,-123.60088,2025,FALSE,0,NA,NA,0.0854,0.0242,0.1968
"MYCI","6202_SE",6202,"SE","South Coastal Region",48.48934,-123.5079,2017,FALSE,0,NA,NA,0.0431,0.0048,0.1382
"MYCI","6202_SE",6202,"SE","South Coastal Region",48.48934,-123.5079,2018,TRUE,4,0,0,0.0463,0.0109,0.1074
"MYCI","6202_SE",6202,"SE","South Coastal Region",48.48934,-123.5079,2019,TRUE,4,0,0.0056,0.0695,0.0255,0.1361
"MYCI","6202_SE",6202,"SE","South Coastal Region",48.48934,-123.5079,2020,FALSE,0,NA,NA,0.0596,0.0165,0.1275
"MYCI","6202_SE",6202,"SE","South Coastal Region",48.48934,-123.5079,2021,TRUE,4,0,7e-04,0.0542,0.011,0.1265
"MYCI","6202_SE",6202,"SE","South Coastal Region",48.48934,-123.5079,2022,TRUE,4,0,7e-04,0.0668,0.0189,0.1467
"MYCI","6202_SE",6202,"SE","South Coastal Region",48.48934,-123.5079,2023,FALSE,0,NA,NA,0.1209,0.0504,0.2226
"MYCI","6202_SE",6202,"SE","South Coastal Region",48.48934,-123.5079,2024,FALSE,0,NA,NA,0.1008,0.0308,0.219
"MYCI","6202_SE",6202,"SE","South Coastal Region",48.48934,-123.5079,2025,FALSE,0,NA,NA,0.1484,0.0574,0.2859
"MYCI","6202_SW",6202,"SW","South Coastal Region",48.48637,-123.54913,2017,FALSE,0,NA,NA,0.0386,0.0032,0.1382
"MYCI","6202_SW",6202,"SW","South Coastal Region",48.48637,-123.54913,2018,TRUE,4,0,0,0.0403,0.0082,0.0992
"MYCI","6202_SW",6202,"SW","South Coastal Region",48.48637,-123.54913,2019,TRUE,4,0,0,0.0605,0.0212,0.1238
"MYCI","6202_SW",6202,"SW","South Coastal Region",48.48637,-123.54913,2020,TRUE,4,0,0,0.0519,0.0137,0.116
"MYCI","6202_SW",6202,"SW","South Coastal Region",48.48637,-123.54913,2021,TRUE,4,0,2e-04,0.0469,0.0084,0.1156
"MYCI","6202_SW",6202,"SW","South Coastal Region",48.48637,-123.54913,2022,TRUE,4,0,0,0.0594,0.0161,0.1338
"MYCI","6202_SW",6202,"SW","South Coastal Region",48.48637,-123.54913,2023,FALSE,0,NA,NA,0.1125,0.0428,0.2192
"MYCI","6202_SW",6202,"SW","South Coastal Region",48.48637,-123.54913,2024,TRUE,3,0,4e-04,0.0944,0.0269,0.2083
"MYCI","6202_SW",6202,"SW","South Coastal Region",48.48637,-123.54913,2025,TRUE,4,0,4e-04,0.1364,0.049,0.2745
"MYCI","70250_NW",70250,"NW","Kootenay Region",51.24583,-116.91793,2017,FALSE,0,NA,NA,0.062,0.0049,0.2119
"MYCI","70250_NW",70250,"NW","Kootenay Region",51.24583,-116.91793,2018,FALSE,0,NA,NA,0.0793,0.0157,0.179
"MYCI","70250_NW",70250,"NW","Kootenay Region",51.24583,-116.91793,2019,FALSE,0,NA,NA,0.1243,0.0479,0.2406
"MYCI","70250_NW",70250,"NW","Kootenay Region",51.24583,-116.91793,2020,TRUE,4,0,7e-04,0.094,0.0315,0.1908
"MYCI","70250_NW",70250,"NW","Kootenay Region",51.24583,-116.91793,2021,TRUE,4,0,2e-04,0.0776,0.0209,0.1693
"MYCI","70250_NW",70250,"NW","Kootenay Region",51.24583,-116.91793,2022,TRUE,4,0,2e-04,0.1064,0.0376,0.2122
"MYCI","70250_NW",70250,"NW","Kootenay Region",51.24583,-116.91793,2023,TRUE,4,0,0.0013,0.2207,0.1028,0.3825
"MYCI","70250_NW",70250,"NW","Kootenay Region",51.24583,-116.91793,2024,TRUE,4,0,0,0.1519,0.0589,0.2901
"MYCI","70250_NW",70250,"NW","Kootenay Region",51.24583,-116.91793,2025,TRUE,4,0,0.0013,0.2406,0.1169,0.3994
"MYCI","70250_SW",70250,"SW","Kootenay Region",51.20982,-116.89974,2017,FALSE,0,NA,NA,0.0854,0.0074,0.2711
"MYCI","70250_SW",70250,"SW","Kootenay Region",51.20982,-116.89974,2018,FALSE,0,NA,NA,0.1112,0.0266,0.253
"MYCI","70250_SW",70250,"SW","Kootenay Region",51.20982,-116.89974,2019,FALSE,0,NA,NA,0.1622,0.0711,0.2887
"MYCI","70250_SW",70250,"SW","Kootenay Region",51.20982,-116.89974,2020,TRUE,4,0,0.0022,0.1571,0.0694,0.2753
"MYCI","70250_SW",70250,"SW","Kootenay Region",51.20982,-116.89974,2021,TRUE,4,0,0,0.1544,0.0651,0.2739
"MYCI","70250_SW",70250,"SW","Kootenay Region",51.20982,-116.89974,2022,TRUE,4,0,4e-04,0.1813,0.0846,0.3118
"MYCI","70250_SW",70250,"SW","Kootenay Region",51.20982,-116.89974,2023,FALSE,0,NA,NA,0.2848,0.1587,0.4429
"MYCI","70250_SW",70250,"SW","Kootenay Region",51.20982,-116.89974,2024,FALSE,0,NA,NA,0.2705,0.1382,0.4378
"MYCI","70250_SW",70250,"SW","Kootenay Region",51.20982,-116.89974,2025,TRUE,4,0,0.0053,0.3501,0.1943,0.5319
"MYCI","73002_NE",73002,"NE","Okanagan Region",50.85067,-121.87219,2017,TRUE,4,1,1,0.77,0.4875,0.9663
"MYCI","73002_NE",73002,"NE","Okanagan Region",50.85067,-121.87219,2018,TRUE,4,1,1,0.784,0.59,0.917
"MYCI","73002_NE",73002,"NE","Okanagan Region",50.85067,-121.87219,2019,TRUE,4,1,1,0.8243,0.6491,0.9344
"MYCI","73002_NE",73002,"NE","Okanagan Region",50.85067,-121.87219,2020,TRUE,4,1,1,0.8,0.6016,0.9232
"MYCI","73002_NE",73002,"NE","Okanagan Region",50.85067,-121.87219,2021,TRUE,4,1,1,0.7989,0.6069,0.9253
"MYCI","73002_NE",73002,"NE","Okanagan Region",50.85067,-121.87219,2022,TRUE,4,1,1,0.8346,0.6584,0.9457
"MYCI","73002_NE",73002,"NE","Okanagan Region",50.85067,-121.87219,2023,FALSE,0,NA,NA,0.9061,0.7797,0.9772
"MYCI","73002_NE",73002,"NE","Okanagan Region",50.85067,-121.87219,2024,TRUE,4,1,1,0.8752,0.7148,0.9669
"MYCI","73002_NE",73002,"NE","Okanagan Region",50.85067,-121.87219,2025,TRUE,4,1,1,0.9001,0.7646,0.9761
"MYCI","73002_SE",73002,"SE","Okanagan Region",50.82484,-121.86896,2017,TRUE,4,0,0.1551,0.7605,0.4631,0.9669
"MYCI","73002_SE",73002,"SE","Okanagan Region",50.82484,-121.86896,2018,TRUE,4,1,1,0.73,0.4658,0.9157
"MYCI","73002_SE",73002,"SE","Okanagan Region",50.82484,-121.86896,2019,TRUE,4,1,1,0.764,0.5156,0.9357
"MYCI","73002_SE",73002,"SE","Okanagan Region",50.82484,-121.86896,2020,TRUE,4,0,0.1871,0.6956,0.4051,0.9226
"MYCI","73002_SE",73002,"SE","Okanagan Region",50.82484,-121.86896,2021,TRUE,4,1,1,0.707,0.4279,0.9176
"MYCI","73002_SE",73002,"SE","Okanagan Region",50.82484,-121.86896,2022,TRUE,4,1,1,0.766,0.4935,0.9445
"MYCI","73002_SE",73002,"SE","Okanagan Region",50.82484,-121.86896,2023,TRUE,4,1,1,0.8647,0.6591,0.9787
"MYCI","73002_SE",73002,"SE","Okanagan Region",50.82484,-121.86896,2024,TRUE,4,1,1,0.7711,0.4935,0.9558
"MYCI","73002_SE",73002,"SE","Okanagan Region",50.82484,-121.86896,2025,TRUE,4,1,1,0.8223,0.6033,0.9622
"MYCI","73002_SW",73002,"SW","Okanagan Region",50.80422,-121.87782,2017,TRUE,4,1,1,0.764,0.4824,0.9665
"MYCI","73002_SW",73002,"SW","Okanagan Region",50.80422,-121.87782,2018,TRUE,4,1,1,0.7085,0.4913,0.8725
"MYCI","73002_SW",73002,"SW","Okanagan Region",50.80422,-121.87782,2019,TRUE,4,1,1,0.7339,0.5318,0.885
"MYCI","73002_SW",73002,"SW","Okanagan Region",50.80422,-121.87782,2020,TRUE,4,1,1,0.6613,0.4345,0.8503
"MYCI","73002_SW",73002,"SW","Okanagan Region",50.80422,-121.87782,2021,TRUE,4,1,1,0.6606,0.4572,0.838
"MYCI","73002_SW",73002,"SW","Okanagan Region",50.80422,-121.87782,2022,TRUE,4,1,1,0.7243,0.5206,0.8854
"MYCI","73002_SW",73002,"SW","Okanagan Region",50.80422,-121.87782,2023,TRUE,3,1,1,0.8432,0.6807,0.9543
"MYCI","73002_SW",73002,"SW","Okanagan Region",50.80422,-121.87782,2024,TRUE,4,1,1,0.7517,0.5547,0.9075
"MYCI","73002_SW",73002,"SW","Okanagan Region",50.80422,-121.87782,2025,TRUE,4,1,1,0.8033,0.6359,0.9209
"MYCI","73786_NW",73786,"NW","South Coastal Region",49.12334,-123.06198,2017,TRUE,4,0,0.0013,0.0373,0.0028,0.1365
"MYCI","73786_NW",73786,"NW","South Coastal Region",49.12334,-123.06198,2018,TRUE,4,0,0,0.0437,0.0081,0.1062
"MYCI","73786_NW",73786,"NW","South Coastal Region",49.12334,-123.06198,2019,TRUE,3,0,0.0044,0.0704,0.0235,0.1477
"MYCI","73786_NW",73786,"NW","South Coastal Region",49.12334,-123.06198,2020,TRUE,4,0,0,0.0574,0.0147,0.1345
"MYCI","73786_NW",73786,"NW","South Coastal Region",49.12334,-123.06198,2021,TRUE,3,0,4e-04,0.0502,0.0089,0.1257
"MYCI","73786_NW",73786,"NW","South Coastal Region",49.12334,-123.06198,2022,TRUE,3,0,2e-04,0.0663,0.0176,0.1516
"MYCI","73786_NW",73786,"NW","South Coastal Region",49.12334,-123.06198,2023,TRUE,3,0,0.068,0.1328,0.048,0.2664
"MYCI","73786_NW",73786,"NW","South Coastal Region",49.12334,-123.06198,2024,TRUE,3,1,1,0.1038,0.0282,0.2444
"MYCI","73786_NW",73786,"NW","South Coastal Region",49.12334,-123.06198,2025,TRUE,4,0,0.0271,0.1606,0.0558,0.3304
"MYCI","73786_SE",73786,"SE","South Coastal Region",49.12604,-123.00163,2017,TRUE,4,0,0.0027,0.0363,0.0012,0.1568
"MYCI","73786_SE",73786,"SE","South Coastal Region",49.12604,-123.00163,2018,TRUE,2,0,0.0027,0.0365,0.0048,0.0991
"MYCI","73786_SE",73786,"SE","South Coastal Region",49.12604,-123.00163,2019,TRUE,2,0,0.0149,0.0609,0.0165,0.1465
"MYCI","73786_SE",73786,"SE","South Coastal Region",49.12604,-123.00163,2020,TRUE,4,0,7e-04,0.042,0.0083,0.1109
"MYCI","73786_SE",73786,"SE","South Coastal Region",49.12604,-123.00163,2021,TRUE,3,0,7e-04,0.0321,0.0038,0.0953
"MYCI","73786_SE",73786,"SE","South Coastal Region",49.12604,-123.00163,2022,TRUE,4,0,4e-04,0.0497,0.0111,0.1253
"MYCI","73786_SE",73786,"SE","South Coastal Region",49.12604,-123.00163,2023,TRUE,3,0,0.0116,0.1142,0.0343,0.2576
"MYCI","73786_SE",73786,"SE","South Coastal Region",49.12604,-123.00163,2024,TRUE,3,0,0.0136,0.0713,0.0169,0.1816
"MYCI","73786_SE",73786,"SE","South Coastal Region",49.12604,-123.00163,2025,TRUE,4,1,1,0.1327,0.0393,0.2971
"MYCI","73786_SW",73786,"SW","South Coastal Region",49.10823,-123.07992,2017,FALSE,0,NA,NA,0.0987,0.0024,0.4297
"MYCI","73786_SW",73786,"SW","South Coastal Region",49.10823,-123.07992,2018,TRUE,2,0,0.0013,0.1106,0.0148,0.3699
"MYCI","73786_SW",73786,"SW","South Coastal Region",49.10823,-123.07992,2019,TRUE,3,0,0.0013,0.1434,0.0344,0.3707
"MYCI","73786_SW",73786,"SW","South Coastal Region",49.10823,-123.07992,2020,TRUE,4,0,0,0.1513,0.0376,0.3673
"MYCI","73786_SW",73786,"SW","South Coastal Region",49.10823,-123.07992,2021,TRUE,3,0,2e-04,0.1567,0.0359,0.3747
"MYCI","73786_SW",73786,"SW","South Coastal Region",49.10823,-123.07992,2022,TRUE,3,0,0,0.1773,0.0458,0.4018
"MYCI","73786_SW",73786,"SW","South Coastal Region",49.10823,-123.07992,2023,TRUE,3,0,0.0016,0.2414,0.0775,0.4965
"MYCI","73786_SW",73786,"SW","South Coastal Region",49.10823,-123.07992,2024,FALSE,0,NA,NA,0.254,0.0726,0.5276
"MYCI","73786_SW",73786,"SW","South Coastal Region",49.10823,-123.07992,2025,TRUE,4,0,0.0018,0.3165,0.102,0.6071
"MYCI","77162_NE",77162,"NE","Kootenay Region",50.95478,-118.09975,2017,TRUE,4,0,0.0129,0.1252,0.0019,0.5463
"MYCI","77162_NE",77162,"NE","Kootenay Region",50.95478,-118.09975,2018,TRUE,4,0,0.0018,0.0709,0.0053,0.2241
"MYCI","77162_NE",77162,"NE","Kootenay Region",50.95478,-118.09975,2019,TRUE,4,0,0.0264,0.1181,0.02,0.3158
"MYCI","77162_NE",77162,"NE","Kootenay Region",50.95478,-118.09975,2020,TRUE,4,0,0.0031,0.0683,0.008,0.1972
"MYCI","77162_NE",77162,"NE","Kootenay Region",50.95478,-118.09975,2021,TRUE,4,0,0.0018,0.0477,0.0029,0.1546
"MYCI","77162_NE",77162,"NE","Kootenay Region",50.95478,-118.09975,2022,FALSE,0,NA,NA,0.0878,0.0148,0.2434
"MYCI","77162_NE",77162,"NE","Kootenay Region",50.95478,-118.09975,2023,FALSE,0,NA,NA,0.1971,0.0495,0.4313
"MYCI","77162_NE",77162,"NE","Kootenay Region",50.95478,-118.09975,2024,FALSE,0,NA,NA,0.097,0.0164,0.2552
"MYCI","77162_NE",77162,"NE","Kootenay Region",50.95478,-118.09975,2025,FALSE,0,NA,NA,0.227,0.0562,0.4918
"MYCI","77162_SW",77162,"SW","Kootenay Region",50.886,-118.10586,2017,TRUE,4,0,0.0042,0.0699,0.0045,0.256
"MYCI","77162_SW",77162,"SW","Kootenay Region",50.886,-118.10586,2018,TRUE,4,0,0.0013,0.1048,0.0235,0.246
"MYCI","77162_SW",77162,"SW","Kootenay Region",50.886,-118.10586,2019,TRUE,4,0,0.0122,0.164,0.0684,0.3068
"MYCI","77162_SW",77162,"SW","Kootenay Region",50.886,-118.10586,2020,TRUE,4,0,0.0029,0.1576,0.0637,0.2942
"MYCI","77162_SW",77162,"SW","Kootenay Region",50.886,-118.10586,2021,TRUE,4,0,4e-04,0.154,0.0572,0.2956
"MYCI","77162_SW",77162,"SW","Kootenay Region",50.886,-118.10586,2022,TRUE,4,0,9e-04,0.1839,0.0781,0.3359
"MYCI","77162_SW",77162,"SW","Kootenay Region",50.886,-118.10586,2023,TRUE,4,0,0.0207,0.297,0.1514,0.4812
"MYCI","77162_SW",77162,"SW","Kootenay Region",50.886,-118.10586,2024,FALSE,0,NA,NA,0.2742,0.1264,0.4666
"MYCI","77162_SW",77162,"SW","Kootenay Region",50.886,-118.10586,2025,TRUE,2,0,0.0931,0.3567,0.1843,0.5535
"MYCI","79018_NE",79018,"NE","Kootenay Region",50.2021,-116.91007,2017,TRUE,4,0,0.0089,0.0624,0.0044,0.2147
"MYCI","79018_NE",79018,"NE","Kootenay Region",50.2021,-116.91007,2018,TRUE,4,0,0.0027,0.0639,0.0098,0.1533
"MYCI","79018_NE",79018,"NE","Kootenay Region",50.2021,-116.91007,2019,TRUE,4,0,0.0213,0.1008,0.0343,0.2082
"MYCI","79018_NE",79018,"NE","Kootenay Region",50.2021,-116.91007,2020,TRUE,4,0,0.0098,0.0663,0.0174,0.1473
"MYCI","79018_NE",79018,"NE","Kootenay Region",50.2021,-116.91007,2021,FALSE,0,NA,NA,0.0488,0.0087,0.1218
"MYCI","79018_NE",79018,"NE","Kootenay Region",50.2021,-116.91007,2022,TRUE,4,0,0.0049,0.0776,0.0229,0.1648
"MYCI","79018_NE",79018,"NE","Kootenay Region",50.2021,-116.91007,2023,TRUE,4,0,0.0109,0.1803,0.0775,0.3277
"MYCI","79018_NE",79018,"NE","Kootenay Region",50.2021,-116.91007,2024,TRUE,4,0,0.0084,0.1038,0.035,0.2153
"MYCI","79018_NE",79018,"NE","Kootenay Region",50.2021,-116.91007,2025,TRUE,4,0,0.0204,0.2014,0.0877,0.3581
"MYCI","79018_NW",79018,"NW","Kootenay Region",50.19383,-116.94752,2017,TRUE,4,0,0.0016,0.0638,0.0038,0.236
"MYCI","79018_NW",79018,"NW","Kootenay Region",50.19383,-116.94752,2018,FALSE,0,NA,NA,0.0877,0.0179,0.2119
"MYCI","79018_NW",79018,"NW","Kootenay Region",50.19383,-116.94752,2019,TRUE,4,0,0.004,0.1355,0.0531,0.2594
"MYCI","79018_NW",79018,"NW","Kootenay Region",50.19383,-116.94752,2020,TRUE,4,0,9e-04,0.1208,0.0445,0.2381
"MYCI","79018_NW",79018,"NW","Kootenay Region",50.19383,-116.94752,2021,TRUE,4,0,9e-04,0.1114,0.0347,0.2265
"MYCI","79018_NW",79018,"NW","Kootenay Region",50.19383,-116.94752,2022,TRUE,3,0,4e-04,0.1342,0.0517,0.2582
"MYCI","79018_NW",79018,"NW","Kootenay Region",50.19383,-116.94752,2023,TRUE,4,0,9e-04,0.2333,0.1124,0.4021
"MYCI","79018_NW",79018,"NW","Kootenay Region",50.19383,-116.94752,2024,TRUE,4,0,7e-04,0.1984,0.0821,0.3571
"MYCI","79018_NW",79018,"NW","Kootenay Region",50.19383,-116.94752,2025,TRUE,4,0,0.0011,0.2742,0.1319,0.4536
"MYCI","79018_SE",79018,"SE","Kootenay Region",50.18723,-116.90419,2017,TRUE,4,0,0.0042,0.0605,0.0038,0.2198
"MYCI","79018_SE",79018,"SE","Kootenay Region",50.18723,-116.90419,2018,FALSE,0,NA,NA,0.0576,0.0066,0.1701
"MYCI","79018_SE",79018,"SE","Kootenay Region",50.18723,-116.90419,2019,TRUE,4,0,0.012,0.0879,0.0201,0.2256
"MYCI","79018_SE",79018,"SE","Kootenay Region",50.18723,-116.90419,2020,TRUE,4,0,0.0022,0.0583,0.0101,0.1577
"MYCI","79018_SE",79018,"SE","Kootenay Region",50.18723,-116.90419,2021,TRUE,4,0,0.0013,0.043,0.004,0.1355
"MYCI","79018_SE",79018,"SE","Kootenay Region",50.18723,-116.90419,2022,TRUE,4,0,0.0013,0.0682,0.0125,0.1863
"MYCI","79018_SE",79018,"SE","Kootenay Region",50.18723,-116.90419,2023,TRUE,4,0,0.0062,0.1554,0.0442,0.3454
"MYCI","79018_SE",79018,"SE","Kootenay Region",50.18723,-116.90419,2024,TRUE,3,0,0.0069,0.089,0.0194,0.2274
"MYCI","79018_SE",79018,"SE","Kootenay Region",50.18723,-116.90419,2025,TRUE,4,0,0.0053,0.1757,0.0517,0.3719
"MYCI","79018_SW",79018,"SW","Kootenay Region",50.17771,-116.95968,2017,TRUE,4,0,0.0033,0.0875,0.0057,0.3106
"MYCI","79018_SW",79018,"SW","Kootenay Region",50.17771,-116.95968,2018,FALSE,0,NA,NA,0.1218,0.0274,0.3072
"MYCI","79018_SW",79018,"SW","Kootenay Region",50.17771,-116.95968,2019,TRUE,4,0,0.0069,0.1805,0.0747,0.343
"MYCI","79018_SW",79018,"SW","Kootenay Region",50.17771,-116.95968,2020,TRUE,3,0,0.0022,0.192,0.085,0.3439
"MYCI","79018_SW",79018,"SW","Kootenay Region",50.17771,-116.95968,2021,TRUE,3,0,0.0011,0.1985,0.0872,0.3497
"MYCI","79018_SW",79018,"SW","Kootenay Region",50.17771,-116.95968,2022,TRUE,4,0,4e-04,0.23,0.1126,0.3889
"MYCI","79018_SW",79018,"SW","Kootenay Region",50.17771,-116.95968,2023,TRUE,4,0,0.0036,0.3297,0.1769,0.5139
"MYCI","79018_SW",79018,"SW","Kootenay Region",50.17771,-116.95968,2024,TRUE,4,0,0.0087,0.3379,0.1786,0.5238
"MYCI","79018_SW",79018,"SW","Kootenay Region",50.17771,-116.95968,2025,FALSE,0,NA,NA,0.4201,0.2389,0.6204
"MYCI","86074_NE",86074,"NE","South Coastal Region",49.23087,-122.3056,2017,TRUE,4,0,0.0047,0.0378,0.0035,0.1273
"MYCI","86074_NE",86074,"NE","South Coastal Region",49.23087,-122.3056,2018,TRUE,3,0,0.0022,0.0275,0.0036,0.0811
"MYCI","86074_NE",86074,"NE","South Coastal Region",49.23087,-122.3056,2019,FALSE,0,NA,NA,0.04,0.0078,0.1112
"MYCI","86074_NE",86074,"NE","South Coastal Region",49.23087,-122.3056,2020,TRUE,3,0,0.0053,0.028,0.0041,0.0874
"MYCI","86074_NE",86074,"NE","South Coastal Region",49.23087,-122.3056,2021,TRUE,4,0,9e-04,0.0217,0.0018,0.0761
"MYCI","86074_NE",86074,"NE","South Coastal Region",49.23087,-122.3056,2022,TRUE,4,0,0.0127,0.0319,0.005,0.097
"MYCI","86074_NE",86074,"NE","South Coastal Region",49.23087,-122.3056,2023,TRUE,4,1,1,0.0728,0.0171,0.1865
"MYCI","86074_NE",86074,"NE","South Coastal Region",49.23087,-122.3056,2024,TRUE,4,0,0.0429,0.0469,0.0082,0.1386
"MYCI","86074_NE",86074,"NE","South Coastal Region",49.23087,-122.3056,2025,FALSE,0,NA,NA,0.0869,0.0199,0.2207
"MYCI","86074_NW",86074,"NW","South Coastal Region",49.18442,-122.40331,2017,TRUE,4,0,0.0038,0.0458,0.0043,0.1529
"MYCI","86074_NW",86074,"NW","South Coastal Region",49.18442,-122.40331,2018,FALSE,0,NA,NA,0.0513,0.0119,0.1226
"MYCI","86074_NW",86074,"NW","South Coastal Region",49.18442,-122.40331,2019,FALSE,0,NA,NA,0.0747,0.0276,0.1486
"MYCI","86074_NW",86074,"NW","South Coastal Region",49.18442,-122.40331,2020,TRUE,4,0,0.0018,0.0705,0.0208,0.1472
"MYCI","86074_NW",86074,"NW","South Coastal Region",49.18442,-122.40331,2021,FALSE,0,NA,NA,0.0681,0.0151,0.1507
"MYCI","86074_NW",86074,"NW","South Coastal Region",49.18442,-122.40331,2022,TRUE,4,0,7e-04,0.0819,0.0229,0.1747
"MYCI","86074_NW",86074,"NW","South Coastal Region",49.18442,-122.40331,2023,FALSE,0,NA,NA,0.1391,0.0571,0.2542
"MYCI","86074_NW",86074,"NW","South Coastal Region",49.18442,-122.40331,2024,FALSE,0,NA,NA,0.1304,0.0392,0.2646
"MYCI","86074_NW",86074,"NW","South Coastal Region",49.18442,-122.40331,2025,FALSE,0,NA,NA,0.1813,0.0693,0.3398
"MYCI","86074_SE",86074,"SE","South Coastal Region",49.16962,-122.3193,2017,TRUE,4,0,0.0064,0.0691,0.004,0.2602
"MYCI","86074_SE",86074,"SE","South Coastal Region",49.16962,-122.3193,2018,FALSE,0,NA,NA,0.0729,0.0139,0.2043
"MYCI","86074_SE",86074,"SE","South Coastal Region",49.16962,-122.3193,2019,FALSE,0,NA,NA,0.0968,0.0319,0.2164
"MYCI","86074_SE",86074,"SE","South Coastal Region",49.16962,-122.3193,2020,TRUE,4,0,0.0016,0.0958,0.0261,0.2146
"MYCI","86074_SE",86074,"SE","South Coastal Region",49.16962,-122.3193,2021,TRUE,4,0,0,0.0958,0.0216,0.2176
"MYCI","86074_SE",86074,"SE","South Coastal Region",49.16962,-122.3193,2022,TRUE,4,0,9e-04,0.1087,0.0271,0.2365
"MYCI","86074_SE",86074,"SE","South Coastal Region",49.16962,-122.3193,2023,FALSE,0,NA,NA,0.1613,0.0571,0.3171
"MYCI","86074_SE",86074,"SE","South Coastal Region",49.16962,-122.3193,2024,FALSE,0,NA,NA,0.1603,0.0432,0.3304
"MYCI","86074_SE",86074,"SE","South Coastal Region",49.16962,-122.3193,2025,FALSE,0,NA,NA,0.2099,0.0707,0.404
"MYCI","86074_SW",86074,"SW","South Coastal Region",49.14174,-122.38204,2017,TRUE,2,0,0.0027,0.0376,0.0029,0.1362
"MYCI","86074_SW",86074,"SW","South Coastal Region",49.14174,-122.38204,2018,FALSE,0,NA,NA,0.0437,0.0083,0.1062
"MYCI","86074_SW",86074,"SW","South Coastal Region",49.14174,-122.38204,2019,TRUE,4,0,0.0016,0.0702,0.0226,0.1476
"MYCI","86074_SW",86074,"SW","South Coastal Region",49.14174,-122.38204,2020,TRUE,3,0,0.0093,0.0556,0.0137,0.1292
"MYCI","86074_SW",86074,"SW","South Coastal Region",49.14174,-122.38204,2021,FALSE,0,NA,NA,0.0469,0.0081,0.119
"MYCI","86074_SW",86074,"SW","South Coastal Region",49.14174,-122.38204,2022,TRUE,4,1,1,0.0618,0.0156,0.1429
"MYCI","86074_SW",86074,"SW","South Coastal Region",49.14174,-122.38204,2023,TRUE,4,1,1,0.128,0.0448,0.2621
"MYCI","86074_SW",86074,"SW","South Coastal Region",49.14174,-122.38204,2024,TRUE,4,1,1,0.0963,0.0263,0.2307
"MYCI","86074_SW",86074,"SW","South Coastal Region",49.14174,-122.38204,2025,FALSE,0,NA,NA,0.1529,0.0548,0.313
"MYCI","89962_NE",89962,"NE","Kootenay Region",49.07682,-117.5986,2017,FALSE,0,NA,NA,0.0615,0.0042,0.2194
"MYCI","89962_NE",89962,"NE","Kootenay Region",49.07682,-117.5986,2018,FALSE,0,NA,NA,0.0807,0.0159,0.1898
"MYCI","89962_NE",89962,"NE","Kootenay Region",49.07682,-117.5986,2019,FALSE,0,NA,NA,0.1261,0.0485,0.2437
"MYCI","89962_NE",89962,"NE","Kootenay Region",49.07682,-117.5986,2020,FALSE,0,NA,NA,0.1011,0.0347,0.2024
"MYCI","89962_NE",89962,"NE","Kootenay Region",49.07682,-117.5986,2021,FALSE,0,NA,NA,0.0866,0.0243,0.1859
"MYCI","89962_NE",89962,"NE","Kootenay Region",49.07682,-117.5986,2022,TRUE,4,1,1,0.1139,0.0414,0.2266
"MYCI","89962_NE",89962,"NE","Kootenay Region",49.07682,-117.5986,2023,TRUE,4,1,1,0.2238,0.1027,0.3885
"MYCI","89962_NE",89962,"NE","Kootenay Region",49.07682,-117.5986,2024,FALSE,0,NA,NA,0.169,0.0654,0.321
"MYCI","89962_NE",89962,"NE","Kootenay Region",49.07682,-117.5986,2025,TRUE,4,0,0.0147,0.2542,0.1183,0.4253
"MYCI","89962_SE",89962,"SE","Kootenay Region",49.00974,-117.57236,2017,FALSE,0,NA,NA,0.0802,0.0052,0.2809
"MYCI","89962_SE",89962,"SE","Kootenay Region",49.00974,-117.57236,2018,FALSE,0,NA,NA,0.1256,0.028,0.2926
"MYCI","89962_SE",89962,"SE","Kootenay Region",49.00974,-117.57236,2019,FALSE,0,NA,NA,0.1979,0.0784,0.3689
"MYCI","89962_SE",89962,"SE","Kootenay Region",49.00974,-117.57236,2020,FALSE,0,NA,NA,0.1996,0.0784,0.3714
"MYCI","89962_SE",89962,"SE","Kootenay Region",49.00974,-117.57236,2021,FALSE,0,NA,NA,0.2019,0.0755,0.3797
"MYCI","89962_SE",89962,"SE","Kootenay Region",49.00974,-117.57236,2022,TRUE,4,1,1,0.2381,0.096,0.4285
"MYCI","89962_SE",89962,"SE","Kootenay Region",49.00974,-117.57236,2023,FALSE,0,NA,NA,0.36,0.1747,0.5842
"MYCI","89962_SE",89962,"SE","Kootenay Region",49.00974,-117.57236,2024,TRUE,4,0,0.0127,0.3474,0.1549,0.5861
"MYCI","89962_SE",89962,"SE","Kootenay Region",49.00974,-117.57236,2025,TRUE,4,0,0.0091,0.435,0.2182,0.6737
"MYCI","89962_SW",89962,"SW","Kootenay Region",49.0077,-117.63034,2017,FALSE,0,NA,NA,0.0652,0.0033,0.2636
"MYCI","89962_SW",89962,"SW","Kootenay Region",49.0077,-117.63034,2018,FALSE,0,NA,NA,0.0918,0.0166,0.244
"MYCI","89962_SW",89962,"SW","Kootenay Region",49.0077,-117.63034,2019,FALSE,0,NA,NA,0.1419,0.0493,0.296
"MYCI","89962_SW",89962,"SW","Kootenay Region",49.0077,-117.63034,2020,FALSE,0,NA,NA,0.1351,0.0449,0.2825
"MYCI","89962_SW",89962,"SW","Kootenay Region",49.0077,-117.63034,2021,FALSE,0,NA,NA,0.1296,0.0368,0.2737
"MYCI","89962_SW",89962,"SW","Kootenay Region",49.0077,-117.63034,2022,TRUE,4,1,1,0.1569,0.0539,0.318
"MYCI","89962_SW",89962,"SW","Kootenay Region",49.0077,-117.63034,2023,FALSE,0,NA,NA,0.257,0.1079,0.4793
"MYCI","89962_SW",89962,"SW","Kootenay Region",49.0077,-117.63034,2024,TRUE,4,1,1,0.2343,0.0875,0.4444
"MYCI","89962_SW",89962,"SW","Kootenay Region",49.0077,-117.63034,2025,TRUE,4,1,1,0.3104,0.1341,0.5385
"MYCI","93290_NE",93290,"NE","Okanagan Region",49.44361,-119.56535,2017,FALSE,0,NA,NA,0.8175,0.5614,0.9724
"MYCI","93290_NE",93290,"NE","Okanagan Region",49.44361,-119.56535,2018,TRUE,4,1,1,0.8429,0.6817,0.9467
"MYCI","93290_NE",93290,"NE","Okanagan Region",49.44361,-119.56535,2019,FALSE,0,NA,NA,0.8792,0.7567,0.9564
"MYCI","93290_NE",93290,"NE","Okanagan Region",49.44361,-119.56535,2020,TRUE,4,1,1,0.8651,0.7273,0.9515
"MYCI","93290_NE",93290,"NE","Okanagan Region",49.44361,-119.56535,2021,TRUE,4,1,1,0.8663,0.733,0.9528
"MYCI","93290_NE",93290,"NE","Okanagan Region",49.44361,-119.56535,2022,TRUE,4,1,1,0.8905,0.7728,0.9664
"MYCI","93290_NE",93290,"NE","Okanagan Region",49.44361,-119.56535,2023,TRUE,3,1,1,0.9389,0.8514,0.986
"MYCI","93290_NE",93290,"NE","Okanagan Region",49.44361,-119.56535,2024,FALSE,0,NA,NA,0.9196,0.8116,0.9795
"MYCI","93290_NE",93290,"NE","Okanagan Region",49.44361,-119.56535,2025,TRUE,4,1,1,0.9357,0.845,0.9843
"MYCI","93290_NW",93290,"NW","Okanagan Region",49.41531,-119.6018,2017,TRUE,4,1,1,0.7802,0.5004,0.9684
"MYCI","93290_NW",93290,"NW","Okanagan Region",49.41531,-119.6018,2018,TRUE,4,1,1,0.8137,0.6336,0.9321
"MYCI","93290_NW",93290,"NW","Okanagan Region",49.41531,-119.6018,2019,TRUE,4,1,1,0.8587,0.7213,0.9457
"MYCI","93290_NW",93290,"NW","Okanagan Region",49.41531,-119.6018,2020,TRUE,4,1,1,0.8377,0.6854,0.935
"MYCI","93290_NW",93290,"NW","Okanagan Region",49.41531,-119.6018,2021,TRUE,4,1,1,0.8408,0.707,0.9353
"MYCI","93290_NW",93290,"NW","Okanagan Region",49.41531,-119.6018,2022,TRUE,4,1,1,0.8722,0.7492,0.9539
"MYCI","93290_NW",93290,"NW","Okanagan Region",49.41531,-119.6018,2023,TRUE,4,1,1,0.9301,0.84,0.9829
"MYCI","93290_NW",93290,"NW","Okanagan Region",49.41531,-119.6018,2024,TRUE,4,1,1,0.9019,0.7954,0.9685
"MYCI","93290_NW",93290,"NW","Okanagan Region",49.41531,-119.6018,2025,TRUE,4,1,1,0.9208,0.8266,0.9759
"MYCI","93290_SE",93290,"SE","Okanagan Region",49.38433,-119.56165,2017,TRUE,3,0,0.6109,0.8171,0.4898,0.9804
"MYCI","93290_SE",93290,"SE","Okanagan Region",49.38433,-119.56165,2018,TRUE,4,1,1,0.8762,0.6826,0.9735
"MYCI","93290_SE",93290,"SE","Okanagan Region",49.38433,-119.56165,2019,TRUE,4,1,1,0.9247,0.8084,0.9829
"MYCI","93290_SE",93290,"SE","Okanagan Region",49.38433,-119.56165,2020,TRUE,4,1,1,0.9305,0.8255,0.9843
"MYCI","93290_SE",93290,"SE","Okanagan Region",49.38433,-119.56165,2021,TRUE,4,1,1,0.9366,0.8381,0.9863
"MYCI","93290_SE",93290,"SE","Okanagan Region",49.38433,-119.56165,2022,FALSE,0,NA,NA,0.9517,0.8661,0.992
"MYCI","93290_SE",93290,"SE","Okanagan Region",49.38433,-119.56165,2023,TRUE,4,1,1,0.9748,0.9179,0.9972
"MYCI","93290_SE",93290,"SE","Okanagan Region",49.38433,-119.56165,2024,TRUE,4,1,1,0.9693,0.9044,0.9959
"MYCI","93290_SE",93290,"SE","Okanagan Region",49.38433,-119.56165,2025,TRUE,4,1,1,0.9764,0.9221,0.9972
"MYCI","93290_SW",93290,"SW","Okanagan Region",49.37943,-119.59374,2017,TRUE,4,1,1,0.7345,0.3862,0.9687
"MYCI","93290_SW",93290,"SW","Okanagan Region",49.37943,-119.59374,2018,TRUE,4,0,0.0322,0.6519,0.4145,0.8409
"MYCI","93290_SW",93290,"SW","Okanagan Region",49.37943,-119.59374,2019,TRUE,4,1,1,0.6819,0.4465,0.8629
"MYCI","93290_SW",93290,"SW","Okanagan Region",49.37943,-119.59374,2020,TRUE,4,1,1,0.6093,0.3665,0.8223
"MYCI","93290_SW",93290,"SW","Okanagan Region",49.37943,-119.59374,2021,TRUE,4,1,1,0.5987,0.3407,0.82
"MYCI","93290_SW",93290,"SW","Okanagan Region",49.37943,-119.59374,2022,TRUE,4,1,1,0.6708,0.4252,0.863
"MYCI","93290_SW",93290,"SW","Okanagan Region",49.37943,-119.59374,2023,TRUE,4,1,1,0.8073,0.6198,0.9416
"MYCI","93290_SW",93290,"SW","Okanagan Region",49.37943,-119.59374,2024,TRUE,4,1,1,0.7086,0.4761,0.9021
"MYCI","93290_SW",93290,"SW","Okanagan Region",49.37943,-119.59374,2025,TRUE,4,1,1,0.7711,0.5825,0.9234
"MYCI","94522_NW",94522,"NW","Northern Region",53.10732,-131.86467,2017,TRUE,3,0,0.0042,0.0531,0.0025,0.2312
"MYCI","94522_NW",94522,"NW","Northern Region",53.10732,-131.86467,2018,TRUE,4,0,0,0.0327,0.0027,0.1292
"MYCI","94522_NW",94522,"NW","Northern Region",53.10732,-131.86467,2019,TRUE,3,0,0.0013,0.0281,0.0025,0.1077
"MYCI","94522_NW",94522,"NW","Northern Region",53.10732,-131.86467,2020,FALSE,0,NA,NA,0.0226,0.0012,0.0931
"MYCI","94522_NW",94522,"NW","Northern Region",53.10732,-131.86467,2021,FALSE,0,NA,NA,0.0205,6e-04,0.0852
"MYCI","94522_NW",94522,"NW","Northern Region",53.10732,-131.86467,2022,FALSE,0,NA,NA,0.0211,0.0012,0.0837
"MYCI","94522_NW",94522,"NW","Northern Region",53.10732,-131.86467,2023,FALSE,0,NA,NA,0.0281,0.0029,0.0951
"MYCI","94522_NW",94522,"NW","Northern Region",53.10732,-131.86467,2024,FALSE,0,NA,NA,0.0256,0.0016,0.0943
"MYCI","94522_NW",94522,"NW","Northern Region",53.10732,-131.86467,2025,FALSE,0,NA,NA,0.0324,0.0031,0.112
"MYCI","94522_SE",94522,"SE","Northern Region",53.08196,-131.77925,2017,TRUE,4,0,0.0027,0.051,0.0026,0.212
"MYCI","94522_SE",94522,"SE","Northern Region",53.08196,-131.77925,2018,TRUE,4,0,0,0.0283,0.0027,0.1083
"MYCI","94522_SE",94522,"SE","Northern Region",53.08196,-131.77925,2019,TRUE,3,0,0.0018,0.0262,0.0027,0.0956
"MYCI","94522_SE",94522,"SE","Northern Region",53.08196,-131.77925,2020,FALSE,0,NA,NA,0.0208,0.0014,0.0825
"MYCI","94522_SE",94522,"SE","Northern Region",53.08196,-131.77925,2021,FALSE,0,NA,NA,0.0186,8e-04,0.0783
"MYCI","94522_SE",94522,"SE","Northern Region",53.08196,-131.77925,2022,FALSE,0,NA,NA,0.0205,0.0012,0.0811
"MYCI","94522_SE",94522,"SE","Northern Region",53.08196,-131.77925,2023,FALSE,0,NA,NA,0.0327,0.0032,0.1072
"MYCI","94522_SE",94522,"SE","Northern Region",53.08196,-131.77925,2024,FALSE,0,NA,NA,0.028,0.0018,0.1048
"MYCI","94522_SE",94522,"SE","Northern Region",53.08196,-131.77925,2025,FALSE,0,NA,NA,0.0393,0.0038,0.1343
"MYCI","9466_NE",9466,"NE","Northern Region",57.34435,-125.50932,2017,FALSE,0,NA,NA,0.0618,0.0044,0.2276
"MYCI","9466_NE",9466,"NE","Northern Region",57.34435,-125.50932,2018,FALSE,0,NA,NA,0.023,0.0018,0.0877
"MYCI","9466_NE",9466,"NE","Northern Region",57.34435,-125.50932,2019,FALSE,0,NA,NA,0.0163,0.0013,0.0633
"MYCI","9466_NE",9466,"NE","Northern Region",57.34435,-125.50932,2020,FALSE,0,NA,NA,0.011,5e-04,0.0493
"MYCI","9466_NE",9466,"NE","Northern Region",57.34435,-125.50932,2021,FALSE,0,NA,NA,0.009,2e-04,0.0458
"MYCI","9466_NE",9466,"NE","Northern Region",57.34435,-125.50932,2022,TRUE,3,0,0,0.0096,5e-04,0.0435
"MYCI","9466_NE",9466,"NE","Northern Region",57.34435,-125.50932,2023,FALSE,0,NA,NA,0.0152,0.0015,0.0545
"MYCI","9466_NE",9466,"NE","Northern Region",57.34435,-125.50932,2024,TRUE,3,0,7e-04,0.0119,7e-04,0.0533
"MYCI","9466_NE",9466,"NE","Northern Region",57.34435,-125.50932,2025,FALSE,0,NA,NA,0.0175,0.0017,0.0628
"MYCI","9466_NW",9466,"NW","Northern Region",57.3459,-125.55037,2017,FALSE,0,NA,NA,0.1163,0.0025,0.5475
"MYCI","9466_NW",9466,"NW","Northern Region",57.3459,-125.55037,2018,FALSE,0,NA,NA,0.0632,0.003,0.2816
"MYCI","9466_NW",9466,"NW","Northern Region",57.3459,-125.55037,2019,FALSE,0,NA,NA,0.0487,0.0027,0.2186
"MYCI","9466_NW",9466,"NW","Northern Region",57.3459,-125.55037,2020,FALSE,0,NA,NA,0.0376,0.0013,0.1836
"MYCI","9466_NW",9466,"NW","Northern Region",57.3459,-125.55037,2021,FALSE,0,NA,NA,0.0334,6e-04,0.17
"MYCI","9466_NW",9466,"NW","Northern Region",57.3459,-125.55037,2022,TRUE,4,0,0,0.0324,9e-04,0.1601
"MYCI","9466_NW",9466,"NW","Northern Region",57.3459,-125.55037,2023,FALSE,0,NA,NA,0.0378,0.0023,0.1627
"MYCI","9466_NW",9466,"NW","Northern Region",57.3459,-125.55037,2024,TRUE,3,0,2e-04,0.0341,0.0013,0.1582
"MYCI","9466_NW",9466,"NW","Northern Region",57.3459,-125.55037,2025,TRUE,4,0,0,0.0395,0.0023,0.1595
"MYCI","9466_SE",9466,"SE","Northern Region",57.31575,-125.49037,2017,FALSE,0,NA,NA,0.0409,0.0029,0.1549
"MYCI","9466_SE",9466,"SE","Northern Region",57.31575,-125.49037,2018,FALSE,0,NA,NA,0.0075,5e-04,0.0297
"MYCI","9466_SE",9466,"SE","Northern Region",57.31575,-125.49037,2019,FALSE,0,NA,NA,0.009,8e-04,0.0328
"MYCI","9466_SE",9466,"SE","Northern Region",57.31575,-125.49037,2020,FALSE,0,NA,NA,0.0054,2e-04,0.0222
"MYCI","9466_SE",9466,"SE","Northern Region",57.31575,-125.49037,2021,FALSE,0,NA,NA,0.0036,1e-04,0.0168
"MYCI","9466_SE",9466,"SE","Northern Region",57.31575,-125.49037,2022,TRUE,4,0,0,0.0061,4e-04,0.0239
"MYCI","9466_SE",9466,"SE","Northern Region",57.31575,-125.49037,2023,FALSE,0,NA,NA,0.016,0.0014,0.0568
"MYCI","9466_SE",9466,"SE","Northern Region",57.31575,-125.49037,2024,TRUE,3,0,0,0.0083,6e-04,0.0335
"MYCI","9466_SE",9466,"SE","Northern Region",57.31575,-125.49037,2025,TRUE,4,0,0.0011,0.0192,0.0018,0.0666
"MYCI","9466_SW",9466,"SW","Northern Region",57.29483,-125.51474,2017,FALSE,0,NA,NA,0.0561,0.0046,0.1985
"MYCI","9466_SW",9466,"SW","Northern Region",57.29483,-125.51474,2018,FALSE,0,NA,NA,0.0178,0.0016,0.0666
"MYCI","9466_SW",9466,"SW","Northern Region",57.29483,-125.51474,2019,FALSE,0,NA,NA,0.0131,0.0014,0.049
"MYCI","9466_SW",9466,"SW","Northern Region",57.29483,-125.51474,2020,FALSE,0,NA,NA,0.0085,5e-04,0.0384
"MYCI","9466_SW",9466,"SW","Northern Region",57.29483,-125.51474,2021,FALSE,0,NA,NA,0.0068,2e-04,0.0351
"MYCI","9466_SW",9466,"SW","Northern Region",57.29483,-125.51474,2022,TRUE,4,0,0,0.0079,6e-04,0.0354
"MYCI","9466_SW",9466,"SW","Northern Region",57.29483,-125.51474,2023,FALSE,0,NA,NA,0.0148,0.0017,0.0478
"MYCI","9466_SW",9466,"SW","Northern Region",57.29483,-125.51474,2024,TRUE,3,0,2e-04,0.0107,8e-04,0.0443
"MYCI","9466_SW",9466,"SW","Northern Region",57.29483,-125.51474,2025,TRUE,4,0,0,0.0175,0.0021,0.0568
"MYCI","986_NE",986,"NE","Northern Region",53.188,-121.30225,2017,FALSE,0,NA,NA,0.1229,0.0024,0.5763
"MYCI","986_NE",986,"NE","Northern Region",53.188,-121.30225,2018,TRUE,3,0,7e-04,0.069,0.0027,0.3177
"MYCI","986_NE",986,"NE","Northern Region",53.188,-121.30225,2019,TRUE,3,0,2e-04,0.0541,0.0023,0.2577
"MYCI","986_NE",986,"NE","Northern Region",53.188,-121.30225,2020,TRUE,4,0,0,0.0423,0.001,0.2101
"MYCI","986_NE",986,"NE","Northern Region",53.188,-121.30225,2021,TRUE,4,0,0,0.0378,5e-04,0.1972
"MYCI","986_NE",986,"NE","Northern Region",53.188,-121.30225,2022,TRUE,4,0,0,0.0367,8e-04,0.1885
"MYCI","986_NE",986,"NE","Northern Region",53.188,-121.30225,2023,TRUE,4,0,4e-04,0.0419,0.0019,0.1903
"MYCI","986_NE",986,"NE","Northern Region",53.188,-121.30225,2024,TRUE,4,0,0,0.0379,0.001,0.1788
"MYCI","986_NE",986,"NE","Northern Region",53.188,-121.30225,2025,TRUE,4,0,0.0018,0.043,0.0018,0.1872
"MYCI","986_SE",986,"SE","Northern Region",53.1392,-121.2577,2017,FALSE,0,NA,NA,0.0628,0.004,0.2386
"MYCI","986_SE",986,"SE","Northern Region",53.1392,-121.2577,2018,FALSE,0,NA,NA,0.0203,0.0012,0.0883
"MYCI","986_SE",986,"SE","Northern Region",53.1392,-121.2577,2019,TRUE,3,0,0,0.0143,9e-04,0.0612
"MYCI","986_SE",986,"SE","Northern Region",53.1392,-121.2577,2020,TRUE,2,0,4e-04,0.0092,3e-04,0.0477
"MYCI","986_SE",986,"SE","Northern Region",53.1392,-121.2577,2021,FALSE,0,NA,NA,0.0072,1e-04,0.0417
"MYCI","986_SE",986,"SE","Northern Region",53.1392,-121.2577,2022,TRUE,4,0,0,0.0081,4e-04,0.0421
"MYCI","986_SE",986,"SE","Northern Region",53.1392,-121.2577,2023,TRUE,4,0,0,0.014,0.0011,0.0549
"MYCI","986_SE",986,"SE","Northern Region",53.1392,-121.2577,2024,TRUE,4,0,0,0.0101,5e-04,0.049
"MYCI","986_SE",986,"SE","Northern Region",53.1392,-121.2577,2025,TRUE,4,0,2e-04,0.0161,0.0012,0.0657
