"species","site","GRTS_Cell_ID","Quadrant","region","lat","long","year","surveyed","n_visits","detected","p_occupied","psi_expected","psi_expected_lo95","psi_expected_hi95"
"MYLU","110378_NE",110378,"NE","Okanagan Region",49.04717,-119.5574,2017,FALSE,0,NA,NA,0.8239,0.5818,0.9632
"MYLU","110378_NE",110378,"NE","Okanagan Region",49.04717,-119.5574,2018,TRUE,2,1,1,0.7865,0.6517,0.8941
"MYLU","110378_NE",110378,"NE","Okanagan Region",49.04717,-119.5574,2019,TRUE,4,1,1,0.8544,0.7377,0.9371
"MYLU","110378_NE",110378,"NE","Okanagan Region",49.04717,-119.5574,2020,TRUE,4,1,1,0.7771,0.6478,0.8852
"MYLU","110378_NE",110378,"NE","Okanagan Region",49.04717,-119.5574,2021,TRUE,4,1,1,0.9142,0.8315,0.9697
"MYLU","110378_NE",110378,"NE","Okanagan Region",49.04717,-119.5574,2022,TRUE,4,1,1,0.9193,0.839,0.9713
"MYLU","110378_NE",110378,"NE","Okanagan Region",49.04717,-119.5574,2023,TRUE,4,1,1,0.9563,0.894,0.9914
"MYLU","110378_NE",110378,"NE","Okanagan Region",49.04717,-119.5574,2024,TRUE,4,1,1,0.9346,0.8586,0.9814
"MYLU","110378_NE",110378,"NE","Okanagan Region",49.04717,-119.5574,2025,TRUE,4,1,1,0.9565,0.8929,0.9911
"MYLU","110378_NW",110378,"NW","Okanagan Region",49.03536,-119.57546,2017,TRUE,4,1,1,0.9029,0.6927,0.9902
"MYLU","110378_NW",110378,"NW","Okanagan Region",49.03536,-119.57546,2018,TRUE,4,1,1,0.8671,0.751,0.9463
"MYLU","110378_NW",110378,"NW","Okanagan Region",49.03536,-119.57546,2019,TRUE,4,1,1,0.9049,0.8101,0.9666
"MYLU","110378_NW",110378,"NW","Okanagan Region",49.03536,-119.57546,2020,TRUE,4,1,1,0.858,0.7417,0.9429
"MYLU","110378_NW",110378,"NW","Okanagan Region",49.03536,-119.57546,2021,TRUE,4,1,1,0.9401,0.8627,0.9832
"MYLU","110378_NW",110378,"NW","Okanagan Region",49.03536,-119.57546,2022,TRUE,4,1,1,0.948,0.8819,0.9857
"MYLU","110378_NW",110378,"NW","Okanagan Region",49.03536,-119.57546,2023,TRUE,4,1,1,0.9707,0.9191,0.9952
"MYLU","110378_NW",110378,"NW","Okanagan Region",49.03536,-119.57546,2024,TRUE,4,1,1,0.9611,0.905,0.9911
"MYLU","110378_NW",110378,"NW","Okanagan Region",49.03536,-119.57546,2025,TRUE,4,1,1,0.9729,0.9242,0.9955
"MYLU","110378_SE",110378,"SE","Okanagan Region",49.01485,-119.53228,2017,FALSE,0,NA,NA,0.8774,0.6497,0.9833
"MYLU","110378_SE",110378,"SE","Okanagan Region",49.01485,-119.53228,2018,TRUE,2,1,1,0.8443,0.726,0.9335
"MYLU","110378_SE",110378,"SE","Okanagan Region",49.01485,-119.53228,2019,TRUE,4,1,1,0.8924,0.7941,0.9596
"MYLU","110378_SE",110378,"SE","Okanagan Region",49.01485,-119.53228,2020,TRUE,4,0,0.0338,0.836,0.7161,0.9273
"MYLU","110378_SE",110378,"SE","Okanagan Region",49.01485,-119.53228,2021,TRUE,4,0,0.0273,0.9348,0.861,0.9804
"MYLU","110378_SE",110378,"SE","Okanagan Region",49.01485,-119.53228,2022,TRUE,4,1,1,0.9418,0.8738,0.982
"MYLU","110378_SE",110378,"SE","Okanagan Region",49.01485,-119.53228,2023,TRUE,4,1,1,0.9681,0.9137,0.9948
"MYLU","110378_SE",110378,"SE","Okanagan Region",49.01485,-119.53228,2024,TRUE,4,1,1,0.955,0.8962,0.9885
"MYLU","110378_SE",110378,"SE","Okanagan Region",49.01485,-119.53228,2025,TRUE,4,1,1,0.9695,0.9193,0.9947
"MYLU","110378_SW",110378,"SW","Okanagan Region",49.00412,-119.59552,2017,TRUE,4,1,1,0.8719,0.6666,0.9771
"MYLU","110378_SW",110378,"SW","Okanagan Region",49.00412,-119.59552,2018,TRUE,4,0,0.0096,0.8515,0.7427,0.9315
"MYLU","110378_SW",110378,"SW","Okanagan Region",49.00412,-119.59552,2019,TRUE,4,0,0.0264,0.8962,0.804,0.9586
"MYLU","110378_SW",110378,"SW","Okanagan Region",49.00412,-119.59552,2020,TRUE,4,0,0.08,0.8476,0.7421,0.93
"MYLU","110378_SW",110378,"SW","Okanagan Region",49.00412,-119.59552,2021,TRUE,4,1,1,0.9363,0.8675,0.9796
"MYLU","110378_SW",110378,"SW","Okanagan Region",49.00412,-119.59552,2022,TRUE,4,1,1,0.9447,0.8834,0.9821
"MYLU","110378_SW",110378,"SW","Okanagan Region",49.00412,-119.59552,2023,TRUE,4,1,1,0.9693,0.9224,0.9941
"MYLU","110378_SW",110378,"SW","Okanagan Region",49.00412,-119.59552,2024,TRUE,4,1,1,0.9587,0.9064,0.9889
"MYLU","110378_SW",110378,"SW","Okanagan Region",49.00412,-119.59552,2025,TRUE,4,1,1,0.9713,0.9245,0.9944
"MYLU","111466_NE",111466,"NE","Kootenay Region",49.00129,-115.06184,2017,FALSE,0,NA,NA,0.8113,0.5893,0.9481
"MYLU","111466_NE",111466,"NE","Kootenay Region",49.00129,-115.06184,2018,FALSE,0,NA,NA,0.8845,0.7691,0.9552
"MYLU","111466_NE",111466,"NE","Kootenay Region",49.00129,-115.06184,2019,FALSE,0,NA,NA,0.9312,0.8507,0.9777
"MYLU","111466_NE",111466,"NE","Kootenay Region",49.00129,-115.06184,2020,FALSE,0,NA,NA,0.9253,0.8491,0.9745
"MYLU","111466_NE",111466,"NE","Kootenay Region",49.00129,-115.06184,2021,FALSE,0,NA,NA,0.9654,0.9102,0.9924
"MYLU","111466_NE",111466,"NE","Kootenay Region",49.00129,-115.06184,2022,FALSE,0,NA,NA,0.9721,0.9258,0.9937
"MYLU","111466_NE",111466,"NE","Kootenay Region",49.00129,-115.06184,2023,TRUE,4,1,1,0.9838,0.9475,0.9977
"MYLU","111466_NE",111466,"NE","Kootenay Region",49.00129,-115.06184,2024,FALSE,0,NA,NA,0.9815,0.9486,0.9964
"MYLU","111466_NE",111466,"NE","Kootenay Region",49.00129,-115.06184,2025,TRUE,4,1,1,0.9868,0.9592,0.998
"MYLU","111466_NW",111466,"NW","Kootenay Region",49.01861,-115.09568,2017,FALSE,0,NA,NA,0.6348,0.3724,0.8549
"MYLU","111466_NW",111466,"NW","Kootenay Region",49.01861,-115.09568,2018,FALSE,0,NA,NA,0.8236,0.6561,0.9289
"MYLU","111466_NW",111466,"NW","Kootenay Region",49.01861,-115.09568,2019,FALSE,0,NA,NA,0.9039,0.7937,0.9691
"MYLU","111466_NW",111466,"NW","Kootenay Region",49.01861,-115.09568,2020,FALSE,0,NA,NA,0.8903,0.7823,0.9608
"MYLU","111466_NW",111466,"NW","Kootenay Region",49.01861,-115.09568,2021,FALSE,0,NA,NA,0.955,0.8856,0.9892
"MYLU","111466_NW",111466,"NW","Kootenay Region",49.01861,-115.09568,2022,FALSE,0,NA,NA,0.9622,0.904,0.9914
"MYLU","111466_NW",111466,"NW","Kootenay Region",49.01861,-115.09568,2023,TRUE,4,1,1,0.9793,0.9366,0.9971
"MYLU","111466_NW",111466,"NW","Kootenay Region",49.01861,-115.09568,2024,FALSE,0,NA,NA,0.9729,0.9266,0.9947
"MYLU","111466_NW",111466,"NW","Kootenay Region",49.01861,-115.09568,2025,TRUE,4,1,1,0.9816,0.9447,0.9974
"MYLU","114602_NE",114602,"NE","South Coastal Region",49.70588,-125.06708,2017,FALSE,0,NA,NA,0.7691,0.5527,0.926
"MYLU","114602_NE",114602,"NE","South Coastal Region",49.70588,-125.06708,2018,TRUE,3,1,1,0.7467,0.6185,0.8574
"MYLU","114602_NE",114602,"NE","South Coastal Region",49.70588,-125.06708,2019,TRUE,4,1,1,0.8111,0.6963,0.9051
"MYLU","114602_NE",114602,"NE","South Coastal Region",49.70588,-125.06708,2020,FALSE,0,NA,NA,0.753,0.6178,0.8674
"MYLU","114602_NE",114602,"NE","South Coastal Region",49.70588,-125.06708,2021,FALSE,0,NA,NA,0.8776,0.7768,0.9507
"MYLU","114602_NE",114602,"NE","South Coastal Region",49.70588,-125.06708,2022,TRUE,4,1,1,0.8933,0.803,0.9563
"MYLU","114602_NE",114602,"NE","South Coastal Region",49.70588,-125.06708,2023,FALSE,0,NA,NA,0.9361,0.8631,0.9824
"MYLU","114602_NE",114602,"NE","South Coastal Region",49.70588,-125.06708,2024,TRUE,4,1,1,0.9226,0.8438,0.973
"MYLU","114602_NE",114602,"NE","South Coastal Region",49.70588,-125.06708,2025,TRUE,4,1,1,0.9426,0.8705,0.9846
"MYLU","114602_NW",114602,"NW","South Coastal Region",49.67623,-125.13792,2017,FALSE,0,NA,NA,0.6861,0.4062,0.9015
"MYLU","114602_NW",114602,"NW","South Coastal Region",49.67623,-125.13792,2018,TRUE,3,0,0.006,0.7033,0.551,0.8386
"MYLU","114602_NW",114602,"NW","South Coastal Region",49.67623,-125.13792,2019,TRUE,4,0,0.0044,0.7887,0.6459,0.8996
"MYLU","114602_NW",114602,"NW","South Coastal Region",49.67623,-125.13792,2020,TRUE,4,1,1,0.7026,0.5488,0.8418
"MYLU","114602_NW",114602,"NW","South Coastal Region",49.67623,-125.13792,2021,TRUE,4,1,1,0.8701,0.7521,0.9518
"MYLU","114602_NW",114602,"NW","South Coastal Region",49.67623,-125.13792,2022,TRUE,4,1,1,0.8761,0.7648,0.9525
"MYLU","114602_NW",114602,"NW","South Coastal Region",49.67623,-125.13792,2023,FALSE,0,NA,NA,0.9286,0.8341,0.9836
"MYLU","114602_NW",114602,"NW","South Coastal Region",49.67623,-125.13792,2024,TRUE,4,1,1,0.9001,0.79,0.9685
"MYLU","114602_NW",114602,"NW","South Coastal Region",49.67623,-125.13792,2025,TRUE,4,1,1,0.9303,0.8339,0.9838
"MYLU","114602_SE",114602,"SE","South Coastal Region",49.65756,-125.0438,2017,FALSE,0,NA,NA,0.8735,0.6692,0.9822
"MYLU","114602_SE",114602,"SE","South Coastal Region",49.65756,-125.0438,2018,TRUE,3,0,0.0858,0.868,0.7574,0.9455
"MYLU","114602_SE",114602,"SE","South Coastal Region",49.65756,-125.0438,2019,TRUE,4,1,1,0.8996,0.8072,0.9603
"MYLU","114602_SE",114602,"SE","South Coastal Region",49.65756,-125.0438,2020,TRUE,4,1,1,0.8757,0.7671,0.9497
"MYLU","114602_SE",114602,"SE","South Coastal Region",49.65756,-125.0438,2021,TRUE,4,1,1,0.9321,0.8503,0.9807
"MYLU","114602_SE",114602,"SE","South Coastal Region",49.65756,-125.0438,2022,TRUE,4,1,1,0.9434,0.8705,0.9839
"MYLU","114602_SE",114602,"SE","South Coastal Region",49.65756,-125.0438,2023,FALSE,0,NA,NA,0.964,0.9026,0.9933
"MYLU","114602_SE",114602,"SE","South Coastal Region",49.65756,-125.0438,2024,TRUE,4,1,1,0.9622,0.9054,0.9908
"MYLU","114602_SE",114602,"SE","South Coastal Region",49.65756,-125.0438,2025,TRUE,4,1,1,0.9711,0.9196,0.9945
"MYLU","114602_SW",114602,"SW","South Coastal Region",49.64146,-125.08654,2017,FALSE,0,NA,NA,0.8351,0.6414,0.9622
"MYLU","114602_SW",114602,"SW","South Coastal Region",49.64146,-125.08654,2018,TRUE,4,1,1,0.8206,0.7196,0.9038
"MYLU","114602_SW",114602,"SW","South Coastal Region",49.64146,-125.08654,2019,TRUE,4,1,1,0.8666,0.7771,0.9355
"MYLU","114602_SW",114602,"SW","South Coastal Region",49.64146,-125.08654,2020,TRUE,4,1,1,0.8264,0.7184,0.9108
"MYLU","114602_SW",114602,"SW","South Coastal Region",49.64146,-125.08654,2021,TRUE,4,1,1,0.9132,0.8353,0.9673
"MYLU","114602_SW",114602,"SW","South Coastal Region",49.64146,-125.08654,2022,TRUE,2,1,1,0.927,0.8618,0.9714
"MYLU","114602_SW",114602,"SW","South Coastal Region",49.64146,-125.08654,2023,FALSE,0,NA,NA,0.9562,0.8989,0.989
"MYLU","114602_SW",114602,"SW","South Coastal Region",49.64146,-125.08654,2024,TRUE,4,1,1,0.9495,0.8911,0.9838
"MYLU","114602_SW",114602,"SW","South Coastal Region",49.64146,-125.08654,2025,TRUE,4,1,1,0.9624,0.9113,0.9906
"MYLU","115322_NE",115322,"NE","Northern Region",52.37764,-125.98565,2017,FALSE,0,NA,NA,0.9202,0.7472,0.992
"MYLU","115322_NE",115322,"NE","Northern Region",52.37764,-125.98565,2018,TRUE,3,1,1,0.938,0.8602,0.9809
"MYLU","115322_NE",115322,"NE","Northern Region",52.37764,-125.98565,2019,FALSE,0,NA,NA,0.9589,0.8959,0.9897
"MYLU","115322_NE",115322,"NE","Northern Region",52.37764,-125.98565,2020,TRUE,3,1,1,0.9454,0.8762,0.984
"MYLU","115322_NE",115322,"NE","Northern Region",52.37764,-125.98565,2021,TRUE,4,1,1,0.9754,0.9301,0.9957
"MYLU","115322_NE",115322,"NE","Northern Region",52.37764,-125.98565,2022,TRUE,3,1,1,0.9794,0.9382,0.9963
"MYLU","115322_NE",115322,"NE","Northern Region",52.37764,-125.98565,2023,TRUE,4,1,1,0.9879,0.9563,0.9988
"MYLU","115322_NE",115322,"NE","Northern Region",52.37764,-125.98565,2024,FALSE,0,NA,NA,0.9856,0.956,0.9976
"MYLU","115322_NE",115322,"NE","Northern Region",52.37764,-125.98565,2025,TRUE,4,1,1,0.9898,0.9646,0.9988
"MYLU","115322_NW",115322,"NW","Northern Region",52.37481,-126.08159,2017,FALSE,0,NA,NA,0.9791,0.8797,0.9997
"MYLU","115322_NW",115322,"NW","Northern Region",52.37481,-126.08159,2018,TRUE,2,1,1,0.979,0.9221,0.9973
"MYLU","115322_NW",115322,"NW","Northern Region",52.37481,-126.08159,2019,TRUE,3,1,1,0.9831,0.9401,0.9982
"MYLU","115322_NW",115322,"NW","Northern Region",52.37481,-126.08159,2020,TRUE,3,1,1,0.9789,0.9318,0.9974
"MYLU","115322_NW",115322,"NW","Northern Region",52.37481,-126.08159,2021,TRUE,4,1,1,0.9867,0.9508,0.999
"MYLU","115322_NW",115322,"NW","Northern Region",52.37481,-126.08159,2022,TRUE,3,1,1,0.9883,0.9538,0.9992
"MYLU","115322_NW",115322,"NW","Northern Region",52.37481,-126.08159,2023,TRUE,4,1,1,0.9914,0.9604,0.9997
"MYLU","115322_NW",115322,"NW","Northern Region",52.37481,-126.08159,2024,TRUE,4,1,1,0.9914,0.9619,0.9995
"MYLU","115322_NW",115322,"NW","Northern Region",52.37481,-126.08159,2025,TRUE,4,1,1,0.9928,0.9653,0.9997
"MYLU","115322_SE",115322,"SE","Northern Region",52.35752,-126.01253,2017,FALSE,0,NA,NA,0.96,0.8512,0.9973
"MYLU","115322_SE",115322,"SE","Northern Region",52.35752,-126.01253,2018,TRUE,2,1,1,0.9645,0.9049,0.9915
"MYLU","115322_SE",115322,"SE","Northern Region",52.35752,-126.01253,2019,TRUE,3,1,1,0.9742,0.9278,0.9946
"MYLU","115322_SE",115322,"SE","Northern Region",52.35752,-126.01253,2020,FALSE,0,NA,NA,0.9677,0.9199,0.9925
"MYLU","115322_SE",115322,"SE","Northern Region",52.35752,-126.01253,2021,TRUE,2,0,0.79,0.9828,0.9466,0.9976
"MYLU","115322_SE",115322,"SE","Northern Region",52.35752,-126.01253,2022,TRUE,4,1,1,0.9856,0.9528,0.9981
"MYLU","115322_SE",115322,"SE","Northern Region",52.35752,-126.01253,2023,TRUE,4,1,1,0.9906,0.9627,0.9993
"MYLU","115322_SE",115322,"SE","Northern Region",52.35752,-126.01253,2024,TRUE,3,1,1,0.9902,0.9645,0.9988
"MYLU","115322_SE",115322,"SE","Northern Region",52.35752,-126.01253,2025,TRUE,4,1,1,0.9924,0.9691,0.9993
"MYLU","115322_SW",115322,"SW","Northern Region",52.34498,-126.07967,2017,FALSE,0,NA,NA,0.9579,0.851,0.9967
"MYLU","115322_SW",115322,"SW","Northern Region",52.34498,-126.07967,2018,TRUE,3,1,1,0.9157,0.805,0.977
"MYLU","115322_SW",115322,"SW","Northern Region",52.34498,-126.07967,2019,TRUE,3,1,1,0.9312,0.83,0.9846
"MYLU","115322_SW",115322,"SW","Northern Region",52.34498,-126.07967,2020,TRUE,3,0,0.098,0.8998,0.7614,0.9754
"MYLU","115322_SW",115322,"SW","Northern Region",52.34498,-126.07967,2021,TRUE,2,0,0.0962,0.9501,0.852,0.9921
"MYLU","115322_SW",115322,"SW","Northern Region",52.34498,-126.07967,2022,TRUE,2,0,0.17,0.9576,0.8777,0.9928
"MYLU","115322_SW",115322,"SW","Northern Region",52.34498,-126.07967,2023,TRUE,4,1,1,0.9739,0.9088,0.9975
"MYLU","115322_SW",115322,"SW","Northern Region",52.34498,-126.07967,2024,TRUE,3,0,0.0251,0.97,0.9081,0.9954
"MYLU","115322_SW",115322,"SW","Northern Region",52.34498,-126.07967,2025,TRUE,4,0,0.0164,0.9779,0.9265,0.9976
"MYLU","1194_NW",1194,"NW","Kootenay Region",50.11749,-117.523,2017,TRUE,4,1,1,0.7458,0.5062,0.9107
"MYLU","1194_NW",1194,"NW","Kootenay Region",50.11749,-117.523,2018,TRUE,2,1,1,0.8456,0.7118,0.9348
"MYLU","1194_NW",1194,"NW","Kootenay Region",50.11749,-117.523,2019,TRUE,4,1,1,0.9071,0.811,0.9681
"MYLU","1194_NW",1194,"NW","Kootenay Region",50.11749,-117.523,2020,TRUE,4,1,1,0.8968,0.8028,0.9616
"MYLU","1194_NW",1194,"NW","Kootenay Region",50.11749,-117.523,2021,TRUE,4,1,1,0.9528,0.8851,0.9882
"MYLU","1194_NW",1194,"NW","Kootenay Region",50.11749,-117.523,2022,TRUE,4,1,1,0.9615,0.9042,0.9902
"MYLU","1194_NW",1194,"NW","Kootenay Region",50.11749,-117.523,2023,TRUE,4,1,1,0.9779,0.9344,0.9964
"MYLU","1194_NW",1194,"NW","Kootenay Region",50.11749,-117.523,2024,TRUE,4,1,1,0.9739,0.9334,0.9944
"MYLU","1194_NW",1194,"NW","Kootenay Region",50.11749,-117.523,2025,TRUE,3,1,1,0.9815,0.9482,0.997
"MYLU","1194_SW",1194,"SW","Kootenay Region",50.0903,-117.4679,2017,TRUE,4,1,1,0.8575,0.5709,0.984
"MYLU","1194_SW",1194,"SW","Kootenay Region",50.0903,-117.4679,2018,FALSE,0,NA,NA,0.9052,0.7538,0.9765
"MYLU","1194_SW",1194,"SW","Kootenay Region",50.0903,-117.4679,2019,TRUE,4,1,1,0.9382,0.8317,0.9874
"MYLU","1194_SW",1194,"SW","Kootenay Region",50.0903,-117.4679,2020,TRUE,4,1,1,0.94,0.847,0.9858
"MYLU","1194_SW",1194,"SW","Kootenay Region",50.0903,-117.4679,2021,TRUE,4,1,1,0.9665,0.892,0.9956
"MYLU","1194_SW",1194,"SW","Kootenay Region",50.0903,-117.4679,2022,FALSE,0,NA,NA,0.9729,0.9063,0.9965
"MYLU","1194_SW",1194,"SW","Kootenay Region",50.0903,-117.4679,2023,FALSE,0,NA,NA,0.982,0.9229,0.9986
"MYLU","1194_SW",1194,"SW","Kootenay Region",50.0903,-117.4679,2024,FALSE,0,NA,NA,0.9826,0.9327,0.9981
"MYLU","1194_SW",1194,"SW","Kootenay Region",50.0903,-117.4679,2025,FALSE,0,NA,NA,0.9865,0.9417,0.9988
"MYLU","12522_NE",12522,"NE","South Coastal Region",49.72155,-124.51563,2017,FALSE,0,NA,NA,0.803,0.6074,0.9431
"MYLU","12522_NE",12522,"NE","South Coastal Region",49.72155,-124.51563,2018,FALSE,0,NA,NA,0.7654,0.6426,0.8702
"MYLU","12522_NE",12522,"NE","South Coastal Region",49.72155,-124.51563,2019,TRUE,3,1,1,0.8225,0.7066,0.9142
"MYLU","12522_NE",12522,"NE","South Coastal Region",49.72155,-124.51563,2020,TRUE,3,1,1,0.7636,0.6306,0.8753
"MYLU","12522_NE",12522,"NE","South Coastal Region",49.72155,-124.51563,2021,TRUE,4,1,1,0.8836,0.7775,0.9559
"MYLU","12522_NE",12522,"NE","South Coastal Region",49.72155,-124.51563,2022,TRUE,3,1,1,0.8986,0.809,0.9601
"MYLU","12522_NE",12522,"NE","South Coastal Region",49.72155,-124.51563,2023,FALSE,0,NA,NA,0.9389,0.8618,0.9844
"MYLU","12522_NE",12522,"NE","South Coastal Region",49.72155,-124.51563,2024,FALSE,0,NA,NA,0.9261,0.844,0.976
"MYLU","12522_NE",12522,"NE","South Coastal Region",49.72155,-124.51563,2025,FALSE,0,NA,NA,0.9453,0.8722,0.9862
"MYLU","12522_NW",12522,"NW","South Coastal Region",49.75757,-124.56308,2017,TRUE,4,0,0.0053,0.6501,0.3457,0.8897
"MYLU","12522_NW",12522,"NW","South Coastal Region",49.75757,-124.56308,2018,TRUE,3,0,0.0071,0.6389,0.4535,0.806
"MYLU","12522_NW",12522,"NW","South Coastal Region",49.75757,-124.56308,2019,TRUE,2,0,0.1389,0.7251,0.5461,0.8714
"MYLU","12522_NW",12522,"NW","South Coastal Region",49.75757,-124.56308,2020,TRUE,3,0,0.0516,0.6387,0.459,0.8063
"MYLU","12522_NW",12522,"NW","South Coastal Region",49.75757,-124.56308,2021,FALSE,0,NA,NA,0.8202,0.6514,0.9369
"MYLU","12522_NW",12522,"NW","South Coastal Region",49.75757,-124.56308,2022,FALSE,0,NA,NA,0.8268,0.6692,0.9365
"MYLU","12522_NW",12522,"NW","South Coastal Region",49.75757,-124.56308,2023,FALSE,0,NA,NA,0.8936,0.757,0.9743
"MYLU","12522_NW",12522,"NW","South Coastal Region",49.75757,-124.56308,2024,TRUE,4,1,1,0.8614,0.7138,0.9552
"MYLU","12522_NW",12522,"NW","South Coastal Region",49.75757,-124.56308,2025,FALSE,0,NA,NA,0.8979,0.7655,0.9754
"MYLU","12522_SE",12522,"SE","South Coastal Region",49.70213,-124.47636,2017,TRUE,3,1,1,0.837,0.6417,0.9629
"MYLU","12522_SE",12522,"SE","South Coastal Region",49.70213,-124.47636,2018,TRUE,3,1,1,0.8311,0.7138,0.921
"MYLU","12522_SE",12522,"SE","South Coastal Region",49.70213,-124.47636,2019,FALSE,0,NA,NA,0.875,0.7729,0.9476
"MYLU","12522_SE",12522,"SE","South Coastal Region",49.70213,-124.47636,2020,TRUE,3,0,0.0091,0.8419,0.7174,0.9324
"MYLU","12522_SE",12522,"SE","South Coastal Region",49.70213,-124.47636,2021,TRUE,2,0,0.0167,0.9185,0.8263,0.9745
"MYLU","12522_SE",12522,"SE","South Coastal Region",49.70213,-124.47636,2022,FALSE,0,NA,NA,0.9316,0.8481,0.979
"MYLU","12522_SE",12522,"SE","South Coastal Region",49.70213,-124.47636,2023,TRUE,4,0,0,0.9583,0.8936,0.9911
"MYLU","12522_SE",12522,"SE","South Coastal Region",49.70213,-124.47636,2024,TRUE,4,0,0,0.9536,0.8883,0.9877
"MYLU","12522_SE",12522,"SE","South Coastal Region",49.70213,-124.47636,2025,FALSE,0,NA,NA,0.9651,0.9095,0.9928
"MYLU","12522_SW",12522,"SW","South Coastal Region",49.7022,-124.52268,2017,TRUE,3,0,0.0144,0.7312,0.4933,0.9105
"MYLU","12522_SW",12522,"SW","South Coastal Region",49.7022,-124.52268,2018,TRUE,3,0,0.0091,0.7451,0.6195,0.857
"MYLU","12522_SW",12522,"SW","South Coastal Region",49.7022,-124.52268,2019,TRUE,3,1,1,0.8174,0.7032,0.9101
"MYLU","12522_SW",12522,"SW","South Coastal Region",49.7022,-124.52268,2020,TRUE,3,1,1,0.7587,0.6301,0.8713
"MYLU","12522_SW",12522,"SW","South Coastal Region",49.7022,-124.52268,2021,TRUE,4,1,1,0.8856,0.7882,0.9544
"MYLU","12522_SW",12522,"SW","South Coastal Region",49.7022,-124.52268,2022,TRUE,3,1,1,0.8994,0.8148,0.9595
"MYLU","12522_SW",12522,"SW","South Coastal Region",49.7022,-124.52268,2023,FALSE,0,NA,NA,0.9408,0.8682,0.9848
"MYLU","12522_SW",12522,"SW","South Coastal Region",49.7022,-124.52268,2024,FALSE,0,NA,NA,0.9257,0.8444,0.9755
"MYLU","12522_SW",12522,"SW","South Coastal Region",49.7022,-124.52268,2025,FALSE,0,NA,NA,0.9458,0.8762,0.9861
"MYLU","127850_NE",127850,"NE","Kootenay Region",49.31307,-115.01912,2017,TRUE,4,1,1,0.7221,0.474,0.908
"MYLU","127850_NE",127850,"NE","Kootenay Region",49.31307,-115.01912,2018,FALSE,0,NA,NA,0.8202,0.6498,0.9363
"MYLU","127850_NE",127850,"NE","Kootenay Region",49.31307,-115.01912,2019,TRUE,4,1,1,0.8847,0.7424,0.9691
"MYLU","127850_NE",127850,"NE","Kootenay Region",49.31307,-115.01912,2020,TRUE,4,1,1,0.8334,0.6616,0.9528
"MYLU","127850_NE",127850,"NE","Kootenay Region",49.31307,-115.01912,2021,TRUE,4,1,1,0.9372,0.8332,0.988
"MYLU","127850_NE",127850,"NE","Kootenay Region",49.31307,-115.01912,2022,FALSE,0,NA,NA,0.941,0.8418,0.9887
"MYLU","127850_NE",127850,"NE","Kootenay Region",49.31307,-115.01912,2023,FALSE,0,NA,NA,0.9677,0.8916,0.9966
"MYLU","127850_NE",127850,"NE","Kootenay Region",49.31307,-115.01912,2024,FALSE,0,NA,NA,0.9521,0.8583,0.9922
"MYLU","127850_NE",127850,"NE","Kootenay Region",49.31307,-115.01912,2025,FALSE,0,NA,NA,0.9694,0.8978,0.9966
"MYLU","127850_NW",127850,"NW","Kootenay Region",49.3096,-115.05201,2017,TRUE,4,1,1,0.7106,0.4966,0.8816
"MYLU","127850_NW",127850,"NW","Kootenay Region",49.3096,-115.05201,2018,FALSE,0,NA,NA,0.8323,0.6991,0.9241
"MYLU","127850_NW",127850,"NW","Kootenay Region",49.3096,-115.05201,2019,TRUE,4,1,1,0.9001,0.805,0.9622
"MYLU","127850_NW",127850,"NW","Kootenay Region",49.3096,-115.05201,2020,TRUE,4,1,1,0.8723,0.763,0.9506
"MYLU","127850_NW",127850,"NW","Kootenay Region",49.3096,-115.05201,2021,TRUE,4,1,1,0.948,0.8812,0.9859
"MYLU","127850_NW",127850,"NW","Kootenay Region",49.3096,-115.05201,2022,TRUE,4,1,1,0.9554,0.8997,0.9878
"MYLU","127850_NW",127850,"NW","Kootenay Region",49.3096,-115.05201,2023,FALSE,0,NA,NA,0.9756,0.9321,0.996
"MYLU","127850_NW",127850,"NW","Kootenay Region",49.3096,-115.05201,2024,FALSE,0,NA,NA,0.967,0.9188,0.9926
"MYLU","127850_NW",127850,"NW","Kootenay Region",49.3096,-115.05201,2025,FALSE,0,NA,NA,0.9777,0.9388,0.9961
"MYLU","127850_SE",127850,"SE","Kootenay Region",49.28498,-114.95395,2017,FALSE,0,NA,NA,0.8248,0.5919,0.9595
"MYLU","127850_SE",127850,"SE","Kootenay Region",49.28498,-114.95395,2018,FALSE,0,NA,NA,0.8899,0.7798,0.9557
"MYLU","127850_SE",127850,"SE","Kootenay Region",49.28498,-114.95395,2019,TRUE,4,1,1,0.934,0.8618,0.9785
"MYLU","127850_SE",127850,"SE","Kootenay Region",49.28498,-114.95395,2020,TRUE,4,1,1,0.9198,0.8399,0.9727
"MYLU","127850_SE",127850,"SE","Kootenay Region",49.28498,-114.95395,2021,TRUE,4,1,1,0.9655,0.9132,0.9922
"MYLU","127850_SE",127850,"SE","Kootenay Region",49.28498,-114.95395,2022,TRUE,4,1,1,0.9716,0.9278,0.993
"MYLU","127850_SE",127850,"SE","Kootenay Region",49.28498,-114.95395,2023,TRUE,4,1,1,0.984,0.9511,0.9977
"MYLU","127850_SE",127850,"SE","Kootenay Region",49.28498,-114.95395,2024,FALSE,0,NA,NA,0.9801,0.9459,0.996
"MYLU","127850_SE",127850,"SE","Kootenay Region",49.28498,-114.95395,2025,FALSE,0,NA,NA,0.9862,0.9585,0.9979
"MYLU","127850_SW",127850,"SW","Kootenay Region",49.2671,-115.02532,2017,TRUE,4,1,1,0.6534,0.4026,0.8595
"MYLU","127850_SW",127850,"SW","Kootenay Region",49.2671,-115.02532,2018,FALSE,0,NA,NA,0.8238,0.6692,0.9266
"MYLU","127850_SW",127850,"SW","Kootenay Region",49.2671,-115.02532,2019,TRUE,3,0,0.1076,0.8997,0.794,0.9645
"MYLU","127850_SW",127850,"SW","Kootenay Region",49.2671,-115.02532,2020,TRUE,4,1,1,0.8738,0.7616,0.9535
"MYLU","127850_SW",127850,"SW","Kootenay Region",49.2671,-115.02532,2021,TRUE,4,1,1,0.9499,0.879,0.987
"MYLU","127850_SW",127850,"SW","Kootenay Region",49.2671,-115.02532,2022,TRUE,4,1,1,0.9567,0.8973,0.989
"MYLU","127850_SW",127850,"SW","Kootenay Region",49.2671,-115.02532,2023,TRUE,4,1,1,0.9766,0.9318,0.9964
"MYLU","127850_SW",127850,"SW","Kootenay Region",49.2671,-115.02532,2024,TRUE,4,1,1,0.9677,0.9154,0.9931
"MYLU","127850_SW",127850,"SW","Kootenay Region",49.2671,-115.02532,2025,FALSE,0,NA,NA,0.9784,0.9387,0.9966
"MYLU","128058_NE",128058,"NE","South Coastal Region",48.84117,-123.42727,2017,FALSE,0,NA,NA,0.5484,0.1786,0.8838
"MYLU","128058_NE",128058,"NE","South Coastal Region",48.84117,-123.42727,2018,TRUE,4,1,1,0.7208,0.4955,0.8828
"MYLU","128058_NE",128058,"NE","South Coastal Region",48.84117,-123.42727,2019,TRUE,4,0,0.026,0.8118,0.614,0.9376
"MYLU","128058_NE",128058,"NE","South Coastal Region",48.84117,-123.42727,2020,TRUE,4,0,0.0116,0.7298,0.5286,0.8861
"MYLU","128058_NE",128058,"NE","South Coastal Region",48.84117,-123.42727,2021,TRUE,4,1,1,0.8733,0.7125,0.9634
"MYLU","128058_NE",128058,"NE","South Coastal Region",48.84117,-123.42727,2022,TRUE,2,0,0.2667,0.8824,0.7287,0.9689
"MYLU","128058_NE",128058,"NE","South Coastal Region",48.84117,-123.42727,2023,FALSE,0,NA,NA,0.9299,0.8056,0.9882
"MYLU","128058_NE",128058,"NE","South Coastal Region",48.84117,-123.42727,2024,FALSE,0,NA,NA,0.9091,0.775,0.9799
"MYLU","128058_NE",128058,"NE","South Coastal Region",48.84117,-123.42727,2025,FALSE,0,NA,NA,0.9346,0.8196,0.9891
"MYLU","128058_NW",128058,"NW","South Coastal Region",48.82144,-123.48643,2017,FALSE,0,NA,NA,0.8409,0.6487,0.9651
"MYLU","128058_NW",128058,"NW","South Coastal Region",48.82144,-123.48643,2018,TRUE,4,1,1,0.8363,0.7296,0.9192
"MYLU","128058_NW",128058,"NW","South Coastal Region",48.82144,-123.48643,2019,TRUE,4,1,1,0.8794,0.7762,0.9504
"MYLU","128058_NW",128058,"NW","South Coastal Region",48.82144,-123.48643,2020,TRUE,4,1,1,0.8269,0.7081,0.9188
"MYLU","128058_NW",128058,"NW","South Coastal Region",48.82144,-123.48643,2021,TRUE,4,1,1,0.9112,0.8182,0.9706
"MYLU","128058_NW",128058,"NW","South Coastal Region",48.82144,-123.48643,2022,TRUE,4,1,1,0.9228,0.8414,0.9727
"MYLU","128058_NW",128058,"NW","South Coastal Region",48.82144,-123.48643,2023,FALSE,0,NA,NA,0.9524,0.8833,0.9895
"MYLU","128058_NW",128058,"NW","South Coastal Region",48.82144,-123.48643,2024,FALSE,0,NA,NA,0.9443,0.8719,0.9835
"MYLU","128058_NW",128058,"NW","South Coastal Region",48.82144,-123.48643,2025,FALSE,0,NA,NA,0.9584,0.8934,0.9906
"MYLU","128058_SW",128058,"SW","South Coastal Region",48.79828,-123.47632,2017,FALSE,0,NA,NA,0.7674,0.5498,0.9255
"MYLU","128058_SW",128058,"SW","South Coastal Region",48.79828,-123.47632,2018,TRUE,4,1,1,0.8008,0.6864,0.8933
"MYLU","128058_SW",128058,"SW","South Coastal Region",48.79828,-123.47632,2019,TRUE,4,1,1,0.8618,0.7561,0.9387
"MYLU","128058_SW",128058,"SW","South Coastal Region",48.79828,-123.47632,2020,TRUE,4,1,1,0.8039,0.6873,0.8996
"MYLU","128058_SW",128058,"SW","South Coastal Region",48.79828,-123.47632,2021,TRUE,4,1,1,0.9056,0.8186,0.9636
"MYLU","128058_SW",128058,"SW","South Coastal Region",48.79828,-123.47632,2022,TRUE,4,1,1,0.9182,0.8442,0.9683
"MYLU","128058_SW",128058,"SW","South Coastal Region",48.79828,-123.47632,2023,FALSE,0,NA,NA,0.9514,0.8879,0.9879
"MYLU","128058_SW",128058,"SW","South Coastal Region",48.79828,-123.47632,2024,FALSE,0,NA,NA,0.9407,0.8722,0.9812
"MYLU","128058_SW",128058,"SW","South Coastal Region",48.79828,-123.47632,2025,FALSE,0,NA,NA,0.9566,0.8984,0.989
"MYLU","132650_SE",132650,"SE","Okanagan Region",51.81828,-122.42144,2017,FALSE,0,NA,NA,0.8183,0.594,0.9586
"MYLU","132650_SE",132650,"SE","Okanagan Region",51.81828,-122.42144,2018,FALSE,0,NA,NA,0.7667,0.5844,0.8977
"MYLU","132650_SE",132650,"SE","Okanagan Region",51.81828,-122.42144,2019,FALSE,0,NA,NA,0.8383,0.686,0.9431
"MYLU","132650_SE",132650,"SE","Okanagan Region",51.81828,-122.42144,2020,TRUE,4,1,1,0.7573,0.5849,0.8983
"MYLU","132650_SE",132650,"SE","Okanagan Region",51.81828,-122.42144,2021,TRUE,4,1,1,0.9036,0.7893,0.9717
"MYLU","132650_SE",132650,"SE","Okanagan Region",51.81828,-122.42144,2022,TRUE,2,1,1,0.9074,0.8005,0.9733
"MYLU","132650_SE",132650,"SE","Okanagan Region",51.81828,-122.42144,2023,TRUE,3,1,1,0.9474,0.8624,0.9916
"MYLU","132650_SE",132650,"SE","Okanagan Region",51.81828,-122.42144,2024,TRUE,4,1,1,0.9216,0.8093,0.9813
"MYLU","132650_SE",132650,"SE","Okanagan Region",51.81828,-122.42144,2025,TRUE,4,1,1,0.9476,0.8562,0.9906
"MYLU","132650_SW",132650,"SW","Okanagan Region",51.80225,-122.46284,2017,FALSE,0,NA,NA,0.7958,0.5381,0.9547
"MYLU","132650_SW",132650,"SW","Okanagan Region",51.80225,-122.46284,2018,FALSE,0,NA,NA,0.8199,0.688,0.9156
"MYLU","132650_SW",132650,"SW","Okanagan Region",51.80225,-122.46284,2019,FALSE,0,NA,NA,0.8814,0.7765,0.9534
"MYLU","132650_SW",132650,"SW","Okanagan Region",51.80225,-122.46284,2020,TRUE,4,1,1,0.8201,0.695,0.917
"MYLU","132650_SW",132650,"SW","Okanagan Region",51.80225,-122.46284,2021,TRUE,3,1,1,0.9311,0.8532,0.9782
"MYLU","132650_SW",132650,"SW","Okanagan Region",51.80225,-122.46284,2022,TRUE,4,0,0.0076,0.9368,0.8616,0.9802
"MYLU","132650_SW",132650,"SW","Okanagan Region",51.80225,-122.46284,2023,TRUE,3,0,0.0558,0.9658,0.9106,0.994
"MYLU","132650_SW",132650,"SW","Okanagan Region",51.80225,-122.46284,2024,FALSE,0,NA,NA,0.9492,0.8813,0.9868
"MYLU","132650_SW",132650,"SW","Okanagan Region",51.80225,-122.46284,2025,TRUE,4,1,1,0.9661,0.9095,0.9939
"MYLU","137274_NE",137274,"NE","South Coastal Region",48.79,-123.6988,2017,FALSE,0,NA,NA,0.8766,0.6634,0.9843
"MYLU","137274_NE",137274,"NE","South Coastal Region",48.79,-123.6988,2018,TRUE,4,1,1,0.8811,0.7665,0.9555
"MYLU","137274_NE",137274,"NE","South Coastal Region",48.79,-123.6988,2019,TRUE,3,1,1,0.9105,0.8139,0.9676
"MYLU","137274_NE",137274,"NE","South Coastal Region",48.79,-123.6988,2020,TRUE,4,1,1,0.8867,0.7765,0.9572
"MYLU","137274_NE",137274,"NE","South Coastal Region",48.79,-123.6988,2021,FALSE,0,NA,NA,0.9355,0.8513,0.9831
"MYLU","137274_NE",137274,"NE","South Coastal Region",48.79,-123.6988,2022,TRUE,4,1,1,0.9458,0.8703,0.986
"MYLU","137274_NE",137274,"NE","South Coastal Region",48.79,-123.6988,2023,TRUE,4,1,1,0.9645,0.8992,0.9942
"MYLU","137274_NE",137274,"NE","South Coastal Region",48.79,-123.6988,2024,FALSE,0,NA,NA,0.9636,0.9035,0.992
"MYLU","137274_NE",137274,"NE","South Coastal Region",48.79,-123.6988,2025,FALSE,0,NA,NA,0.9717,0.9158,0.9951
"MYLU","137274_NW",137274,"NW","South Coastal Region",48.7891,-123.719,2017,FALSE,0,NA,NA,0.8262,0.628,0.957
"MYLU","137274_NW",137274,"NW","South Coastal Region",48.7891,-123.719,2018,TRUE,4,1,1,0.8246,0.7197,0.9093
"MYLU","137274_NW",137274,"NW","South Coastal Region",48.7891,-123.719,2019,TRUE,4,1,1,0.8705,0.774,0.9409
"MYLU","137274_NW",137274,"NW","South Coastal Region",48.7891,-123.719,2020,TRUE,4,1,1,0.8239,0.7098,0.9123
"MYLU","137274_NW",137274,"NW","South Coastal Region",48.7891,-123.719,2021,TRUE,4,1,1,0.909,0.8224,0.9667
"MYLU","137274_NW",137274,"NW","South Coastal Region",48.7891,-123.719,2022,TRUE,4,1,1,0.9224,0.8456,0.9707
"MYLU","137274_NW",137274,"NW","South Coastal Region",48.7891,-123.719,2023,TRUE,3,1,1,0.9523,0.8878,0.9881
"MYLU","137274_NW",137274,"NW","South Coastal Region",48.7891,-123.719,2024,FALSE,0,NA,NA,0.9459,0.8816,0.9829
"MYLU","137274_NW",137274,"NW","South Coastal Region",48.7891,-123.719,2025,FALSE,0,NA,NA,0.9593,0.9019,0.99
"MYLU","137274_SE",137274,"SE","South Coastal Region",48.7539,-123.6447,2017,FALSE,0,NA,NA,0.8844,0.6656,0.9876
"MYLU","137274_SE",137274,"SE","South Coastal Region",48.7539,-123.6447,2018,TRUE,4,1,1,0.8859,0.769,0.9588
"MYLU","137274_SE",137274,"SE","South Coastal Region",48.7539,-123.6447,2019,TRUE,3,1,1,0.9131,0.8176,0.9693
"MYLU","137274_SE",137274,"SE","South Coastal Region",48.7539,-123.6447,2020,TRUE,4,1,1,0.8928,0.7873,0.9602
"MYLU","137274_SE",137274,"SE","South Coastal Region",48.7539,-123.6447,2021,TRUE,2,1,1,0.9373,0.8559,0.9834
"MYLU","137274_SE",137274,"SE","South Coastal Region",48.7539,-123.6447,2022,TRUE,4,1,1,0.9463,0.8726,0.9861
"MYLU","137274_SE",137274,"SE","South Coastal Region",48.7539,-123.6447,2023,TRUE,4,1,1,0.9641,0.8973,0.9941
"MYLU","137274_SE",137274,"SE","South Coastal Region",48.7539,-123.6447,2024,FALSE,0,NA,NA,0.9627,0.9002,0.992
"MYLU","137274_SE",137274,"SE","South Coastal Region",48.7539,-123.6447,2025,FALSE,0,NA,NA,0.9707,0.9126,0.995
"MYLU","143274_NE",143274,"NE","South Coastal Region",50.3377,-122.8012,2017,FALSE,0,NA,NA,0.8112,0.6065,0.9498
"MYLU","143274_NE",143274,"NE","South Coastal Region",50.3377,-122.8012,2018,FALSE,0,NA,NA,0.7946,0.6876,0.8863
"MYLU","143274_NE",143274,"NE","South Coastal Region",50.3377,-122.8012,2019,TRUE,4,1,1,0.8523,0.7593,0.9277
"MYLU","143274_NE",143274,"NE","South Coastal Region",50.3377,-122.8012,2020,TRUE,4,0,0.1751,0.7984,0.6873,0.8908
"MYLU","143274_NE",143274,"NE","South Coastal Region",50.3377,-122.8012,2021,TRUE,4,1,1,0.9073,0.831,0.963
"MYLU","143274_NE",143274,"NE","South Coastal Region",50.3377,-122.8012,2022,TRUE,4,1,1,0.92,0.852,0.9671
"MYLU","143274_NE",143274,"NE","South Coastal Region",50.3377,-122.8012,2023,TRUE,4,1,1,0.9536,0.8953,0.988
"MYLU","143274_NE",143274,"NE","South Coastal Region",50.3377,-122.8012,2024,TRUE,4,1,1,0.9415,0.8787,0.9808
"MYLU","143274_NE",143274,"NE","South Coastal Region",50.3377,-122.8012,2025,TRUE,4,1,1,0.9578,0.9009,0.9892
"MYLU","143274_NW",143274,"NW","South Coastal Region",50.3446,-122.8479,2017,FALSE,0,NA,NA,0.7776,0.5697,0.9308
"MYLU","143274_NW",143274,"NW","South Coastal Region",50.3446,-122.8479,2018,FALSE,0,NA,NA,0.7501,0.6036,0.868
"MYLU","143274_NW",143274,"NW","South Coastal Region",50.3446,-122.8479,2019,TRUE,4,1,1,0.8142,0.6868,0.9126
"MYLU","143274_NW",143274,"NW","South Coastal Region",50.3446,-122.8479,2020,TRUE,3,0,0.3196,0.7553,0.6039,0.8788
"MYLU","143274_NW",143274,"NW","South Coastal Region",50.3446,-122.8479,2021,TRUE,4,1,1,0.8796,0.7683,0.9559
"MYLU","143274_NW",143274,"NW","South Coastal Region",50.3446,-122.8479,2022,TRUE,4,1,1,0.8943,0.7938,0.9613
"MYLU","143274_NW",143274,"NW","South Coastal Region",50.3446,-122.8479,2023,TRUE,4,1,1,0.9371,0.8589,0.9843
"MYLU","143274_NW",143274,"NW","South Coastal Region",50.3446,-122.8479,2024,TRUE,4,1,1,0.9233,0.8358,0.9756
"MYLU","143274_NW",143274,"NW","South Coastal Region",50.3446,-122.8479,2025,TRUE,4,1,1,0.9432,0.868,0.9863
"MYLU","143274_SE",143274,"SE","South Coastal Region",50.3004,-122.758,2017,FALSE,0,NA,NA,0.8016,0.6025,0.9433
"MYLU","143274_SE",143274,"SE","South Coastal Region",50.3004,-122.758,2018,FALSE,0,NA,NA,0.7949,0.6775,0.8924
"MYLU","143274_SE",143274,"SE","South Coastal Region",50.3004,-122.758,2019,TRUE,4,1,1,0.8508,0.7503,0.9286
"MYLU","143274_SE",143274,"SE","South Coastal Region",50.3004,-122.758,2020,TRUE,3,1,1,0.8065,0.6842,0.9037
"MYLU","143274_SE",143274,"SE","South Coastal Region",50.3004,-122.758,2021,TRUE,4,1,1,0.9051,0.8185,0.9644
"MYLU","143274_SE",143274,"SE","South Coastal Region",50.3004,-122.758,2022,TRUE,4,1,1,0.9192,0.8422,0.9702
"MYLU","143274_SE",143274,"SE","South Coastal Region",50.3004,-122.758,2023,TRUE,4,1,1,0.9522,0.8891,0.9881
"MYLU","143274_SE",143274,"SE","South Coastal Region",50.3004,-122.758,2024,TRUE,4,1,1,0.9434,0.8773,0.9823
"MYLU","143274_SE",143274,"SE","South Coastal Region",50.3004,-122.758,2025,TRUE,4,1,1,0.9581,0.9002,0.9899
"MYLU","143274_SW",143274,"SW","South Coastal Region",50.2961,-122.8048,2017,FALSE,0,NA,NA,0.7803,0.5605,0.9361
"MYLU","143274_SW",143274,"SW","South Coastal Region",50.2961,-122.8048,2018,FALSE,0,NA,NA,0.7673,0.6436,0.8722
"MYLU","143274_SW",143274,"SW","South Coastal Region",50.2961,-122.8048,2019,TRUE,4,1,1,0.8344,0.7316,0.9173
"MYLU","143274_SW",143274,"SW","South Coastal Region",50.2961,-122.8048,2020,TRUE,2,0,0.5031,0.7723,0.6463,0.8793
"MYLU","143274_SW",143274,"SW","South Coastal Region",50.2961,-122.8048,2021,TRUE,4,1,1,0.8971,0.8126,0.9587
"MYLU","143274_SW",143274,"SW","South Coastal Region",50.2961,-122.8048,2022,TRUE,4,0,0.0629,0.9092,0.8302,0.9627
"MYLU","143274_SW",143274,"SW","South Coastal Region",50.2961,-122.8048,2023,TRUE,4,1,1,0.9479,0.8829,0.9865
"MYLU","143274_SW",143274,"SW","South Coastal Region",50.2961,-122.8048,2024,TRUE,4,1,1,0.932,0.859,0.9774
"MYLU","143274_SW",143274,"SW","South Coastal Region",50.2961,-122.8048,2025,TRUE,4,1,1,0.9513,0.8866,0.9878
"MYLU","145578_NE",145578,"NE","Kootenay Region",49.93178,-115.65558,2017,FALSE,0,NA,NA,0.7253,0.5159,0.8888
"MYLU","145578_NE",145578,"NE","Kootenay Region",49.93178,-115.65558,2018,TRUE,4,1,1,0.75,0.5638,0.8947
"MYLU","145578_NE",145578,"NE","Kootenay Region",49.93178,-115.65558,2019,TRUE,4,1,1,0.8171,0.6433,0.9388
"MYLU","145578_NE",145578,"NE","Kootenay Region",49.93178,-115.65558,2020,TRUE,4,1,1,0.7584,0.5581,0.9105
"MYLU","145578_NE",145578,"NE","Kootenay Region",49.93178,-115.65558,2021,TRUE,4,1,1,0.8845,0.7088,0.9739
"MYLU","145578_NE",145578,"NE","Kootenay Region",49.93178,-115.65558,2022,TRUE,3,1,1,0.8942,0.7372,0.9748
"MYLU","145578_NE",145578,"NE","Kootenay Region",49.93178,-115.65558,2023,FALSE,0,NA,NA,0.9362,0.804,0.9919
"MYLU","145578_NE",145578,"NE","Kootenay Region",49.93178,-115.65558,2024,TRUE,4,1,1,0.9202,0.7881,0.9827
"MYLU","145578_NE",145578,"NE","Kootenay Region",49.93178,-115.65558,2025,TRUE,4,1,1,0.9426,0.8307,0.9918
"MYLU","145578_NW",145578,"NW","Kootenay Region",49.93544,-115.67497,2017,FALSE,0,NA,NA,0.6244,0.3585,0.8519
"MYLU","145578_NW",145578,"NW","Kootenay Region",49.93544,-115.67497,2018,FALSE,0,NA,NA,0.7863,0.6115,0.9093
"MYLU","145578_NW",145578,"NW","Kootenay Region",49.93544,-115.67497,2019,TRUE,3,0,0.0869,0.8647,0.7296,0.9518
"MYLU","145578_NW",145578,"NW","Kootenay Region",49.93544,-115.67497,2020,FALSE,0,NA,NA,0.8163,0.6654,0.9312
"MYLU","145578_NW",145578,"NW","Kootenay Region",49.93544,-115.67497,2021,TRUE,4,1,1,0.927,0.8282,0.9816
"MYLU","145578_NW",145578,"NW","Kootenay Region",49.93544,-115.67497,2022,TRUE,3,1,1,0.9332,0.8439,0.9824
"MYLU","145578_NW",145578,"NW","Kootenay Region",49.93544,-115.67497,2023,TRUE,4,1,1,0.9634,0.8948,0.9945
"MYLU","145578_NW",145578,"NW","Kootenay Region",49.93544,-115.67497,2024,TRUE,3,1,1,0.9476,0.8677,0.9891
"MYLU","145578_NW",145578,"NW","Kootenay Region",49.93544,-115.67497,2025,TRUE,4,1,1,0.9654,0.9002,0.9946
"MYLU","145578_SE",145578,"SE","Kootenay Region",49.89983,-115.64222,2017,FALSE,0,NA,NA,0.8109,0.5841,0.9493
"MYLU","145578_SE",145578,"SE","Kootenay Region",49.89983,-115.64222,2018,TRUE,3,1,1,0.8767,0.7543,0.9526
"MYLU","145578_SE",145578,"SE","Kootenay Region",49.89983,-115.64222,2019,TRUE,4,1,1,0.9233,0.8306,0.9761
"MYLU","145578_SE",145578,"SE","Kootenay Region",49.89983,-115.64222,2020,TRUE,4,1,1,0.9107,0.8152,0.9714
"MYLU","145578_SE",145578,"SE","Kootenay Region",49.89983,-115.64222,2021,TRUE,4,1,1,0.9585,0.8883,0.9915
"MYLU","145578_SE",145578,"SE","Kootenay Region",49.89983,-115.64222,2022,TRUE,4,1,1,0.9658,0.9062,0.9929
"MYLU","145578_SE",145578,"SE","Kootenay Region",49.89983,-115.64222,2023,TRUE,4,1,1,0.98,0.9328,0.9975
"MYLU","145578_SE",145578,"SE","Kootenay Region",49.89983,-115.64222,2024,FALSE,0,NA,NA,0.9768,0.9327,0.9956
"MYLU","145578_SE",145578,"SE","Kootenay Region",49.89983,-115.64222,2025,TRUE,4,1,1,0.9833,0.9459,0.9977
"MYLU","145578_SW",145578,"SW","Kootenay Region",49.89589,-115.695,2017,FALSE,0,NA,NA,0.8626,0.6044,0.9823
"MYLU","145578_SW",145578,"SW","Kootenay Region",49.89589,-115.695,2018,FALSE,0,NA,NA,0.9041,0.7798,0.9701
"MYLU","145578_SW",145578,"SW","Kootenay Region",49.89589,-115.695,2019,TRUE,4,1,1,0.9377,0.849,0.9834
"MYLU","145578_SW",145578,"SW","Kootenay Region",49.89589,-115.695,2020,TRUE,4,1,1,0.9298,0.8424,0.98
"MYLU","145578_SW",145578,"SW","Kootenay Region",49.89589,-115.695,2021,TRUE,4,1,1,0.9646,0.9014,0.994
"MYLU","145578_SW",145578,"SW","Kootenay Region",49.89589,-115.695,2022,TRUE,4,1,1,0.971,0.9115,0.995
"MYLU","145578_SW",145578,"SW","Kootenay Region",49.89589,-115.695,2023,TRUE,4,1,1,0.982,0.9341,0.9981
"MYLU","145578_SW",145578,"SW","Kootenay Region",49.89589,-115.695,2024,TRUE,4,1,1,0.9807,0.9374,0.997
"MYLU","145578_SW",145578,"SW","Kootenay Region",49.89589,-115.695,2025,TRUE,4,1,1,0.9856,0.9495,0.9984
"MYLU","16426_NE",16426,"NE","Northern Region",54.82137,-123.35579,2017,FALSE,0,NA,NA,0.9333,0.7952,0.993
"MYLU","16426_NE",16426,"NE","Northern Region",54.82137,-123.35579,2018,TRUE,3,1,1,0.9176,0.831,0.9731
"MYLU","16426_NE",16426,"NE","Northern Region",54.82137,-123.35579,2019,TRUE,3,1,1,0.9438,0.8694,0.9854
"MYLU","16426_NE",16426,"NE","Northern Region",54.82137,-123.35579,2020,TRUE,3,1,1,0.9126,0.8194,0.9739
"MYLU","16426_NE",16426,"NE","Northern Region",54.82137,-123.35579,2021,TRUE,3,1,1,0.9665,0.9114,0.9932
"MYLU","16426_NE",16426,"NE","Northern Region",54.82137,-123.35579,2022,TRUE,3,1,1,0.9707,0.925,0.9939
"MYLU","16426_NE",16426,"NE","Northern Region",54.82137,-123.35579,2023,FALSE,0,NA,NA,0.9841,0.9495,0.9983
"MYLU","16426_NE",16426,"NE","Northern Region",54.82137,-123.35579,2024,TRUE,3,1,1,0.9778,0.9396,0.9959
"MYLU","16426_NE",16426,"NE","Northern Region",54.82137,-123.35579,2025,FALSE,0,NA,NA,0.9854,0.9554,0.9982
"MYLU","16426_SE",16426,"SE","Northern Region",54.81895,-123.33997,2017,FALSE,0,NA,NA,0.9607,0.8638,0.9968
"MYLU","16426_SE",16426,"SE","Northern Region",54.81895,-123.33997,2018,TRUE,3,1,1,0.9532,0.8975,0.9858
"MYLU","16426_SE",16426,"SE","Northern Region",54.81895,-123.33997,2019,TRUE,3,1,1,0.9672,0.9191,0.9921
"MYLU","16426_SE",16426,"SE","Northern Region",54.81895,-123.33997,2020,TRUE,2,1,1,0.9504,0.8863,0.9864
"MYLU","16426_SE",16426,"SE","Northern Region",54.81895,-123.33997,2021,TRUE,3,1,1,0.9794,0.9432,0.9963
"MYLU","16426_SE",16426,"SE","Northern Region",54.81895,-123.33997,2022,TRUE,3,1,1,0.9826,0.9519,0.9968
"MYLU","16426_SE",16426,"SE","Northern Region",54.81895,-123.33997,2023,FALSE,0,NA,NA,0.9901,0.9654,0.9991
"MYLU","16426_SE",16426,"SE","Northern Region",54.81895,-123.33997,2024,FALSE,0,NA,NA,0.9874,0.9622,0.9979
"MYLU","16426_SE",16426,"SE","Northern Region",54.81895,-123.33997,2025,FALSE,0,NA,NA,0.9913,0.9707,0.999
"MYLU","172090_NE",172090,"NE","South Coastal Region",49.37012,-122.94857,2017,FALSE,0,NA,NA,0.8805,0.5016,0.9967
"MYLU","172090_NE",172090,"NE","South Coastal Region",49.37012,-122.94857,2018,TRUE,3,1,1,0.854,0.6899,0.9561
"MYLU","172090_NE",172090,"NE","South Coastal Region",49.37012,-122.94857,2019,TRUE,3,1,1,0.8981,0.7614,0.9741
"MYLU","172090_NE",172090,"NE","South Coastal Region",49.37012,-122.94857,2020,TRUE,3,0,0.2324,0.8458,0.671,0.9572
"MYLU","172090_NE",172090,"NE","South Coastal Region",49.37012,-122.94857,2021,TRUE,4,1,1,0.936,0.8208,0.9893
"MYLU","172090_NE",172090,"NE","South Coastal Region",49.37012,-122.94857,2022,TRUE,4,1,1,0.9416,0.8384,0.9892
"MYLU","172090_NE",172090,"NE","South Coastal Region",49.37012,-122.94857,2023,TRUE,2,0,0.6744,0.9655,0.8796,0.997
"MYLU","172090_NE",172090,"NE","South Coastal Region",49.37012,-122.94857,2024,FALSE,0,NA,NA,0.9543,0.8641,0.9932
"MYLU","172090_NE",172090,"NE","South Coastal Region",49.37012,-122.94857,2025,FALSE,0,NA,NA,0.9686,0.8929,0.9969
"MYLU","172090_NW",172090,"NW","South Coastal Region",49.34683,-123.00985,2017,FALSE,0,NA,NA,0.7093,0.4542,0.9035
"MYLU","172090_NW",172090,"NW","South Coastal Region",49.34683,-123.00985,2018,TRUE,3,1,1,0.771,0.6363,0.8795
"MYLU","172090_NW",172090,"NW","South Coastal Region",49.34683,-123.00985,2019,TRUE,3,1,1,0.846,0.7328,0.9309
"MYLU","172090_NW",172090,"NW","South Coastal Region",49.34683,-123.00985,2020,FALSE,0,NA,NA,0.7966,0.6661,0.9017
"MYLU","172090_NW",172090,"NW","South Coastal Region",49.34683,-123.00985,2021,TRUE,4,1,1,0.908,0.8165,0.9669
"MYLU","172090_NW",172090,"NW","South Coastal Region",49.34683,-123.00985,2022,TRUE,4,1,1,0.9179,0.8354,0.9711
"MYLU","172090_NW",172090,"NW","South Coastal Region",49.34683,-123.00985,2023,TRUE,3,1,1,0.9524,0.885,0.9894
"MYLU","172090_NW",172090,"NW","South Coastal Region",49.34683,-123.00985,2024,FALSE,0,NA,NA,0.9387,0.862,0.9826
"MYLU","172090_NW",172090,"NW","South Coastal Region",49.34683,-123.00985,2025,FALSE,0,NA,NA,0.956,0.8905,0.9899
"MYLU","172090_SE",172090,"SE","South Coastal Region",49.32364,-122.97036,2017,FALSE,0,NA,NA,0.7559,0.5348,0.9203
"MYLU","172090_SE",172090,"SE","South Coastal Region",49.32364,-122.97036,2018,TRUE,3,1,1,0.7331,0.5523,0.8805
"MYLU","172090_SE",172090,"SE","South Coastal Region",49.32364,-122.97036,2019,FALSE,0,NA,NA,0.8014,0.6197,0.9326
"MYLU","172090_SE",172090,"SE","South Coastal Region",49.32364,-122.97036,2020,TRUE,4,1,1,0.7261,0.5307,0.8865
"MYLU","172090_SE",172090,"SE","South Coastal Region",49.32364,-122.97036,2021,TRUE,4,1,1,0.8714,0.6958,0.9682
"MYLU","172090_SE",172090,"SE","South Coastal Region",49.32364,-122.97036,2022,TRUE,4,1,1,0.8789,0.7197,0.9686
"MYLU","172090_SE",172090,"SE","South Coastal Region",49.32364,-122.97036,2023,TRUE,3,1,1,0.923,0.7805,0.9878
"MYLU","172090_SE",172090,"SE","South Coastal Region",49.32364,-122.97036,2024,FALSE,0,NA,NA,0.8979,0.7518,0.976
"MYLU","172090_SE",172090,"SE","South Coastal Region",49.32364,-122.97036,2025,FALSE,0,NA,NA,0.9264,0.795,0.9874
"MYLU","172090_SW",172090,"SW","South Coastal Region",49.31421,-123.01406,2017,FALSE,0,NA,NA,0.8663,0.6627,0.9794
"MYLU","172090_SW",172090,"SW","South Coastal Region",49.31421,-123.01406,2018,TRUE,3,1,1,0.8662,0.758,0.9412
"MYLU","172090_SW",172090,"SW","South Coastal Region",49.31421,-123.01406,2019,TRUE,3,1,1,0.8998,0.8081,0.9598
"MYLU","172090_SW",172090,"SW","South Coastal Region",49.31421,-123.01406,2020,TRUE,4,1,1,0.8756,0.7736,0.9467
"MYLU","172090_SW",172090,"SW","South Coastal Region",49.31421,-123.01406,2021,TRUE,4,1,1,0.9331,0.8492,0.9805
"MYLU","172090_SW",172090,"SW","South Coastal Region",49.31421,-123.01406,2022,TRUE,4,1,1,0.9442,0.8705,0.9839
"MYLU","172090_SW",172090,"SW","South Coastal Region",49.31421,-123.01406,2023,TRUE,3,1,1,0.9615,0.8991,0.9923
"MYLU","172090_SW",172090,"SW","South Coastal Region",49.31421,-123.01406,2024,FALSE,0,NA,NA,0.955,0.8919,0.9878
"MYLU","172090_SW",172090,"SW","South Coastal Region",49.31421,-123.01406,2025,FALSE,0,NA,NA,0.9647,0.9069,0.9923
"MYLU","175354_SE",175354,"SE","Northern Region",59.42418,-125.94917,2017,FALSE,0,NA,NA,0.8968,0.6751,0.9904
"MYLU","175354_SE",175354,"SE","Northern Region",59.42418,-125.94917,2018,TRUE,3,1,1,0.911,0.7886,0.9773
"MYLU","175354_SE",175354,"SE","Northern Region",59.42418,-125.94917,2019,TRUE,4,1,1,0.9392,0.8325,0.989
"MYLU","175354_SE",175354,"SE","Northern Region",59.42418,-125.94917,2020,TRUE,4,1,1,0.9118,0.7784,0.9816
"MYLU","175354_SE",175354,"SE","Northern Region",59.42418,-125.94917,2021,FALSE,0,NA,NA,0.9628,0.8716,0.9955
"MYLU","175354_SE",175354,"SE","Northern Region",59.42418,-125.94917,2022,FALSE,0,NA,NA,0.967,0.8854,0.9959
"MYLU","175354_SE",175354,"SE","Northern Region",59.42418,-125.94917,2023,FALSE,0,NA,NA,0.9804,0.9155,0.9989
"MYLU","175354_SE",175354,"SE","Northern Region",59.42418,-125.94917,2024,FALSE,0,NA,NA,0.9749,0.9069,0.997
"MYLU","175354_SE",175354,"SE","Northern Region",59.42418,-125.94917,2025,FALSE,0,NA,NA,0.9827,0.9297,0.9987
"MYLU","175354_SW",175354,"SW","Northern Region",59.40931,-126.09868,2017,FALSE,0,NA,NA,0.8984,0.682,0.9905
"MYLU","175354_SW",175354,"SW","Northern Region",59.40931,-126.09868,2018,TRUE,3,1,1,0.932,0.8371,0.9816
"MYLU","175354_SW",175354,"SW","Northern Region",59.40931,-126.09868,2019,TRUE,4,1,1,0.9565,0.8778,0.9911
"MYLU","175354_SW",175354,"SW","Northern Region",59.40931,-126.09868,2020,TRUE,4,1,1,0.9412,0.8558,0.986
"MYLU","175354_SW",175354,"SW","Northern Region",59.40931,-126.09868,2021,FALSE,0,NA,NA,0.9746,0.914,0.9964
"MYLU","175354_SW",175354,"SW","Northern Region",59.40931,-126.09868,2022,FALSE,0,NA,NA,0.9783,0.9247,0.9969
"MYLU","175354_SW",175354,"SW","Northern Region",59.40931,-126.09868,2023,FALSE,0,NA,NA,0.9871,0.9451,0.9991
"MYLU","175354_SW",175354,"SW","Northern Region",59.40931,-126.09868,2024,TRUE,4,1,1,0.9841,0.9445,0.9979
"MYLU","175354_SW",175354,"SW","Northern Region",59.40931,-126.09868,2025,TRUE,4,1,1,0.9889,0.9556,0.999
"MYLU","17706_NW",17706,"NW","Northern Region",51.97601,-120.10368,2017,FALSE,0,NA,NA,0.9557,0.853,0.996
"MYLU","17706_NW",17706,"NW","Northern Region",51.97601,-120.10368,2018,FALSE,0,NA,NA,0.9615,0.9093,0.9894
"MYLU","17706_NW",17706,"NW","Northern Region",51.97601,-120.10368,2019,TRUE,4,1,1,0.9743,0.9304,0.9947
"MYLU","17706_NW",17706,"NW","Northern Region",51.97601,-120.10368,2020,TRUE,2,0,0.8696,0.9635,0.9081,0.9913
"MYLU","17706_NW",17706,"NW","Northern Region",51.97601,-120.10368,2021,FALSE,0,NA,NA,0.9841,0.9482,0.9978
"MYLU","17706_NW",17706,"NW","Northern Region",51.97601,-120.10368,2022,FALSE,0,NA,NA,0.9865,0.9549,0.998
"MYLU","17706_NW",17706,"NW","Northern Region",51.97601,-120.10368,2023,FALSE,0,NA,NA,0.9921,0.9679,0.9994
"MYLU","17706_NW",17706,"NW","Northern Region",51.97601,-120.10368,2024,FALSE,0,NA,NA,0.9903,0.9676,0.9987
"MYLU","17706_NW",17706,"NW","Northern Region",51.97601,-120.10368,2025,FALSE,0,NA,NA,0.9932,0.9741,0.9994
"MYLU","17706_SE",17706,"SE","Northern Region",51.9408,-120.01683,2017,FALSE,0,NA,NA,0.9445,0.828,0.994
"MYLU","17706_SE",17706,"SE","Northern Region",51.9408,-120.01683,2018,FALSE,0,NA,NA,0.9422,0.8726,0.9828
"MYLU","17706_SE",17706,"SE","Northern Region",51.9408,-120.01683,2019,TRUE,4,1,1,0.9595,0.8979,0.9904
"MYLU","17706_SE",17706,"SE","Northern Region",51.9408,-120.01683,2020,TRUE,4,1,1,0.9421,0.8613,0.985
"MYLU","17706_SE",17706,"SE","Northern Region",51.9408,-120.01683,2021,FALSE,0,NA,NA,0.9741,0.9238,0.9959
"MYLU","17706_SE",17706,"SE","Northern Region",51.9408,-120.01683,2022,FALSE,0,NA,NA,0.978,0.9311,0.9963
"MYLU","17706_SE",17706,"SE","Northern Region",51.9408,-120.01683,2023,TRUE,4,1,1,0.9871,0.9523,0.9988
"MYLU","17706_SE",17706,"SE","Northern Region",51.9408,-120.01683,2024,TRUE,2,1,1,0.9845,0.9516,0.9976
"MYLU","17706_SE",17706,"SE","Northern Region",51.9408,-120.01683,2025,TRUE,4,1,1,0.9889,0.959,0.9989
"MYLU","17706_SW",17706,"SW","Northern Region",51.94316,-120.06784,2017,FALSE,0,NA,NA,0.9138,0.7433,0.9911
"MYLU","17706_SW",17706,"SW","Northern Region",51.94316,-120.06784,2018,FALSE,0,NA,NA,0.9153,0.8291,0.9716
"MYLU","17706_SW",17706,"SW","Northern Region",51.94316,-120.06784,2019,TRUE,4,1,1,0.9434,0.871,0.9848
"MYLU","17706_SW",17706,"SW","Northern Region",51.94316,-120.06784,2020,TRUE,4,1,1,0.9146,0.8206,0.9738
"MYLU","17706_SW",17706,"SW","Northern Region",51.94316,-120.06784,2021,FALSE,0,NA,NA,0.9656,0.9104,0.9931
"MYLU","17706_SW",17706,"SW","Northern Region",51.94316,-120.06784,2022,FALSE,0,NA,NA,0.9696,0.9222,0.9934
"MYLU","17706_SW",17706,"SW","Northern Region",51.94316,-120.06784,2023,TRUE,4,1,1,0.9833,0.9481,0.9981
"MYLU","17706_SW",17706,"SW","Northern Region",51.94316,-120.06784,2024,FALSE,0,NA,NA,0.9771,0.9379,0.9954
"MYLU","17706_SW",17706,"SW","Northern Region",51.94316,-120.06784,2025,TRUE,4,1,1,0.9847,0.9545,0.9979
"MYLU","186330_NE",186330,"NE","Northern Region",55.95727,-122.58949,2017,FALSE,0,NA,NA,0.9767,0.8921,0.9994
"MYLU","186330_NE",186330,"NE","Northern Region",55.95727,-122.58949,2018,FALSE,0,NA,NA,0.9714,0.923,0.994
"MYLU","186330_NE",186330,"NE","Northern Region",55.95727,-122.58949,2019,FALSE,0,NA,NA,0.9789,0.9398,0.9965
"MYLU","186330_NE",186330,"NE","Northern Region",55.95727,-122.58949,2020,FALSE,0,NA,NA,0.9688,0.9116,0.9942
"MYLU","186330_NE",186330,"NE","Northern Region",55.95727,-122.58949,2021,FALSE,0,NA,NA,0.9854,0.9504,0.9983
"MYLU","186330_NE",186330,"NE","Northern Region",55.95727,-122.58949,2022,FALSE,0,NA,NA,0.9876,0.9571,0.9985
"MYLU","186330_NE",186330,"NE","Northern Region",55.95727,-122.58949,2023,FALSE,0,NA,NA,0.9923,0.9674,0.9996
"MYLU","186330_NE",186330,"NE","Northern Region",55.95727,-122.58949,2024,TRUE,4,1,1,0.9911,0.9679,0.9991
"MYLU","186330_NE",186330,"NE","Northern Region",55.95727,-122.58949,2025,TRUE,4,1,1,0.9935,0.9724,0.9995
"MYLU","186330_NW",186330,"NW","Northern Region",55.94606,-122.65922,2017,FALSE,0,NA,NA,0.9686,0.8853,0.9979
"MYLU","186330_NW",186330,"NW","Northern Region",55.94606,-122.65922,2018,FALSE,0,NA,NA,0.9556,0.9001,0.9873
"MYLU","186330_NW",186330,"NW","Northern Region",55.94606,-122.65922,2019,FALSE,0,NA,NA,0.9667,0.9184,0.992
"MYLU","186330_NW",186330,"NW","Northern Region",55.94606,-122.65922,2020,FALSE,0,NA,NA,0.9507,0.884,0.9871
"MYLU","186330_NW",186330,"NW","Northern Region",55.94606,-122.65922,2021,FALSE,0,NA,NA,0.9774,0.9374,0.9962
"MYLU","186330_NW",186330,"NW","Northern Region",55.94606,-122.65922,2022,FALSE,0,NA,NA,0.9811,0.9462,0.9967
"MYLU","186330_NW",186330,"NW","Northern Region",55.94606,-122.65922,2023,FALSE,0,NA,NA,0.9888,0.9611,0.9989
"MYLU","186330_NW",186330,"NW","Northern Region",55.94606,-122.65922,2024,TRUE,3,1,1,0.9868,0.9603,0.9979
"MYLU","186330_NW",186330,"NW","Northern Region",55.94606,-122.65922,2025,TRUE,4,1,1,0.9905,0.9679,0.9989
"MYLU","186490_NW",186490,"NW","Northern Region",54.754,-127.12678,2017,TRUE,4,1,1,0.9137,0.7298,0.9914
"MYLU","186490_NW",186490,"NW","Northern Region",54.754,-127.12678,2018,TRUE,4,1,1,0.9015,0.7894,0.9699
"MYLU","186490_NW",186490,"NW","Northern Region",54.754,-127.12678,2019,TRUE,4,1,1,0.9304,0.8323,0.9833
"MYLU","186490_NW",186490,"NW","Northern Region",54.754,-127.12678,2020,TRUE,4,1,1,0.8972,0.7765,0.9714
"MYLU","186490_NW",186490,"NW","Northern Region",54.754,-127.12678,2021,TRUE,4,1,1,0.9569,0.8774,0.9921
"MYLU","186490_NW",186490,"NW","Northern Region",54.754,-127.12678,2022,TRUE,4,1,1,0.9625,0.8946,0.9931
"MYLU","186490_NW",186490,"NW","Northern Region",54.754,-127.12678,2023,FALSE,0,NA,NA,0.9786,0.9264,0.9981
"MYLU","186490_NW",186490,"NW","Northern Region",54.754,-127.12678,2024,TRUE,3,1,1,0.9721,0.9183,0.9953
"MYLU","186490_NW",186490,"NW","Northern Region",54.754,-127.12678,2025,TRUE,4,1,1,0.9809,0.9386,0.9977
"MYLU","186490_SE",186490,"SE","Northern Region",54.72257,-126.99742,2017,TRUE,4,1,1,0.9552,0.8541,0.9958
"MYLU","186490_SE",186490,"SE","Northern Region",54.72257,-126.99742,2018,TRUE,4,1,1,0.9447,0.8837,0.982
"MYLU","186490_SE",186490,"SE","Northern Region",54.72257,-126.99742,2019,TRUE,4,1,1,0.9612,0.9082,0.9901
"MYLU","186490_SE",186490,"SE","Northern Region",54.72257,-126.99742,2020,TRUE,4,1,1,0.9412,0.8721,0.9832
"MYLU","186490_SE",186490,"SE","Northern Region",54.72257,-126.99742,2021,TRUE,4,1,1,0.9758,0.9352,0.9954
"MYLU","186490_SE",186490,"SE","Northern Region",54.72257,-126.99742,2022,TRUE,4,1,1,0.9795,0.9462,0.996
"MYLU","186490_SE",186490,"SE","Northern Region",54.72257,-126.99742,2023,FALSE,0,NA,NA,0.9885,0.9617,0.9988
"MYLU","186490_SE",186490,"SE","Northern Region",54.72257,-126.99742,2024,FALSE,0,NA,NA,0.9851,0.9571,0.9974
"MYLU","186490_SE",186490,"SE","Northern Region",54.72257,-126.99742,2025,FALSE,0,NA,NA,0.9898,0.9682,0.9988
"MYLU","186490_SW",186490,"SW","Northern Region",54.72278,-127.05397,2017,TRUE,4,1,1,0.9571,0.8585,0.996
"MYLU","186490_SW",186490,"SW","Northern Region",54.72278,-127.05397,2018,TRUE,4,1,1,0.9376,0.8656,0.9817
"MYLU","186490_SW",186490,"SW","Northern Region",54.72278,-127.05397,2019,TRUE,4,1,1,0.9534,0.8871,0.9888
"MYLU","186490_SW",186490,"SW","Northern Region",54.72278,-127.05397,2020,TRUE,4,1,1,0.9307,0.8436,0.9819
"MYLU","186490_SW",186490,"SW","Northern Region",54.72278,-127.05397,2021,TRUE,4,1,1,0.9693,0.9128,0.9948
"MYLU","186490_SW",186490,"SW","Northern Region",54.72278,-127.05397,2022,TRUE,4,1,1,0.9741,0.9276,0.9955
"MYLU","186490_SW",186490,"SW","Northern Region",54.72278,-127.05397,2023,TRUE,4,1,1,0.9849,0.9481,0.9986
"MYLU","186490_SW",186490,"SW","Northern Region",54.72278,-127.05397,2024,TRUE,4,1,1,0.9814,0.9461,0.9971
"MYLU","186490_SW",186490,"SW","Northern Region",54.72278,-127.05397,2025,TRUE,4,1,1,0.9869,0.9578,0.9985
"MYLU","194666_NE",194666,"NE","Okanagan Region",50.23014,-119.32344,2017,TRUE,4,1,1,0.8087,0.583,0.9553
"MYLU","194666_NE",194666,"NE","Okanagan Region",50.23014,-119.32344,2018,FALSE,0,NA,NA,0.7523,0.5822,0.8834
"MYLU","194666_NE",194666,"NE","Okanagan Region",50.23014,-119.32344,2019,TRUE,4,1,1,0.8233,0.6748,0.9291
"MYLU","194666_NE",194666,"NE","Okanagan Region",50.23014,-119.32344,2020,TRUE,4,1,1,0.7432,0.582,0.8791
"MYLU","194666_NE",194666,"NE","Okanagan Region",50.23014,-119.32344,2021,TRUE,4,1,1,0.8919,0.7765,0.9641
"MYLU","194666_NE",194666,"NE","Okanagan Region",50.23014,-119.32344,2022,FALSE,0,NA,NA,0.8985,0.7923,0.9669
"MYLU","194666_NE",194666,"NE","Okanagan Region",50.23014,-119.32344,2023,TRUE,3,1,1,0.9426,0.8578,0.9885
"MYLU","194666_NE",194666,"NE","Okanagan Region",50.23014,-119.32344,2024,TRUE,3,1,1,0.9184,0.8129,0.9783
"MYLU","194666_NE",194666,"NE","Okanagan Region",50.23014,-119.32344,2025,FALSE,0,NA,NA,0.9438,0.8522,0.9885
"MYLU","194666_SW",194666,"SW","Okanagan Region",50.16915,-119.41081,2017,TRUE,4,1,1,0.7279,0.3886,0.9437
"MYLU","194666_SW",194666,"SW","Okanagan Region",50.16915,-119.41081,2018,FALSE,0,NA,NA,0.7588,0.5938,0.8829
"MYLU","194666_SW",194666,"SW","Okanagan Region",50.16915,-119.41081,2019,TRUE,4,1,1,0.8378,0.6985,0.9371
"MYLU","194666_SW",194666,"SW","Okanagan Region",50.16915,-119.41081,2020,TRUE,4,0,0.0293,0.747,0.5872,0.8779
"MYLU","194666_SW",194666,"SW","Okanagan Region",50.16915,-119.41081,2021,TRUE,3,1,1,0.9069,0.8068,0.9696
"MYLU","194666_SW",194666,"SW","Okanagan Region",50.16915,-119.41081,2022,TRUE,2,1,1,0.9064,0.8008,0.9704
"MYLU","194666_SW",194666,"SW","Okanagan Region",50.16915,-119.41081,2023,FALSE,0,NA,NA,0.9456,0.862,0.9904
"MYLU","194666_SW",194666,"SW","Okanagan Region",50.16915,-119.41081,2024,FALSE,0,NA,NA,0.9116,0.8019,0.9766
"MYLU","194666_SW",194666,"SW","Okanagan Region",50.16915,-119.41081,2025,TRUE,4,1,1,0.9428,0.8488,0.9889
"MYLU","20330_NE",20330,"NE","Kootenay Region",49.42454,-117.72865,2017,TRUE,4,0,0.0027,0.7426,0.5345,0.898
"MYLU","20330_NE",20330,"NE","Kootenay Region",49.42454,-117.72865,2018,FALSE,0,NA,NA,0.8569,0.7357,0.9372
"MYLU","20330_NE",20330,"NE","Kootenay Region",49.42454,-117.72865,2019,TRUE,4,1,1,0.9187,0.8383,0.9715
"MYLU","20330_NE",20330,"NE","Kootenay Region",49.42454,-117.72865,2020,TRUE,4,1,1,0.9045,0.8189,0.9646
"MYLU","20330_NE",20330,"NE","Kootenay Region",49.42454,-117.72865,2021,FALSE,0,NA,NA,0.96,0.9045,0.9894
"MYLU","20330_NE",20330,"NE","Kootenay Region",49.42454,-117.72865,2022,TRUE,3,1,1,0.9669,0.9199,0.9914
"MYLU","20330_NE",20330,"NE","Kootenay Region",49.42454,-117.72865,2023,TRUE,4,1,1,0.9817,0.9483,0.9971
"MYLU","20330_NE",20330,"NE","Kootenay Region",49.42454,-117.72865,2024,TRUE,4,1,1,0.9766,0.9399,0.9948
"MYLU","20330_NE",20330,"NE","Kootenay Region",49.42454,-117.72865,2025,TRUE,4,1,1,0.9839,0.9536,0.9974
"MYLU","20330_SE",20330,"SE","Kootenay Region",49.3813,-117.67793,2017,TRUE,4,1,1,0.6421,0.3536,0.8725
"MYLU","20330_SE",20330,"SE","Kootenay Region",49.3813,-117.67793,2018,TRUE,4,1,1,0.8055,0.6144,0.9249
"MYLU","20330_SE",20330,"SE","Kootenay Region",49.3813,-117.67793,2019,TRUE,4,0,0.3098,0.8873,0.7558,0.9652
"MYLU","20330_SE",20330,"SE","Kootenay Region",49.3813,-117.67793,2020,TRUE,4,1,1,0.8812,0.7644,0.9578
"MYLU","20330_SE",20330,"SE","Kootenay Region",49.3813,-117.67793,2021,FALSE,0,NA,NA,0.9449,0.8568,0.9875
"MYLU","20330_SE",20330,"SE","Kootenay Region",49.3813,-117.67793,2022,TRUE,3,1,1,0.9543,0.8817,0.9899
"MYLU","20330_SE",20330,"SE","Kootenay Region",49.3813,-117.67793,2023,TRUE,4,1,1,0.9735,0.9177,0.9962
"MYLU","20330_SE",20330,"SE","Kootenay Region",49.3813,-117.67793,2024,TRUE,4,1,1,0.9688,0.9163,0.9938
"MYLU","20330_SE",20330,"SE","Kootenay Region",49.3813,-117.67793,2025,TRUE,4,1,1,0.9778,0.9335,0.9967
"MYLU","206394_NE",206394,"NE","Northern Region",53.63655,-132.05056,2017,FALSE,0,NA,NA,0.96,0.8372,0.9981
"MYLU","206394_NE",206394,"NE","Northern Region",53.63655,-132.05056,2018,FALSE,0,NA,NA,0.966,0.891,0.9937
"MYLU","206394_NE",206394,"NE","Northern Region",53.63655,-132.05056,2019,FALSE,0,NA,NA,0.9746,0.9168,0.9961
"MYLU","206394_NE",206394,"NE","Northern Region",53.63655,-132.05056,2020,FALSE,0,NA,NA,0.9704,0.9155,0.9944
"MYLU","206394_NE",206394,"NE","Northern Region",53.63655,-132.05056,2021,FALSE,0,NA,NA,0.9824,0.9372,0.9982
"MYLU","206394_NE",206394,"NE","Northern Region",53.63655,-132.05056,2022,TRUE,4,1,1,0.985,0.945,0.9986
"MYLU","206394_NE",206394,"NE","Northern Region",53.63655,-132.05056,2023,TRUE,4,1,1,0.9895,0.9536,0.9995
"MYLU","206394_NE",206394,"NE","Northern Region",53.63655,-132.05056,2024,TRUE,2,1,1,0.9896,0.9561,0.9991
"MYLU","206394_NE",206394,"NE","Northern Region",53.63655,-132.05056,2025,TRUE,4,1,1,0.9916,0.9612,0.9995
"MYLU","206394_NW",206394,"NW","Northern Region",53.6372,-132.16251,2017,FALSE,0,NA,NA,0.8772,0.5487,0.9922
"MYLU","206394_NW",206394,"NW","Northern Region",53.6372,-132.16251,2018,FALSE,0,NA,NA,0.8183,0.6005,0.9502
"MYLU","206394_NW",206394,"NW","Northern Region",53.6372,-132.16251,2019,FALSE,0,NA,NA,0.8536,0.6623,0.9645
"MYLU","206394_NW",206394,"NW","Northern Region",53.6372,-132.16251,2020,FALSE,0,NA,NA,0.8019,0.5801,0.9468
"MYLU","206394_NW",206394,"NW","Northern Region",53.6372,-132.16251,2021,FALSE,0,NA,NA,0.8922,0.6908,0.9831
"MYLU","206394_NW",206394,"NW","Northern Region",53.6372,-132.16251,2022,TRUE,4,1,1,0.9031,0.712,0.9846
"MYLU","206394_NW",206394,"NW","Northern Region",53.6372,-132.16251,2023,TRUE,4,1,1,0.9366,0.7699,0.9942
"MYLU","206394_NW",206394,"NW","Northern Region",53.6372,-132.16251,2024,TRUE,4,1,1,0.9285,0.769,0.989
"MYLU","206394_NW",206394,"NW","Northern Region",53.6372,-132.16251,2025,TRUE,4,1,1,0.9446,0.7962,0.9943
"MYLU","206394_SE",206394,"SE","Northern Region",53.60877,-131.99988,2017,FALSE,0,NA,NA,0.9693,0.853,0.999
"MYLU","206394_SE",206394,"SE","Northern Region",53.60877,-131.99988,2018,FALSE,0,NA,NA,0.9692,0.9017,0.9943
"MYLU","206394_SE",206394,"SE","Northern Region",53.60877,-131.99988,2019,FALSE,0,NA,NA,0.9756,0.9248,0.9961
"MYLU","206394_SE",206394,"SE","Northern Region",53.60877,-131.99988,2020,FALSE,0,NA,NA,0.9696,0.9139,0.9945
"MYLU","206394_SE",206394,"SE","Northern Region",53.60877,-131.99988,2021,FALSE,0,NA,NA,0.9817,0.9391,0.9981
"MYLU","206394_SE",206394,"SE","Northern Region",53.60877,-131.99988,2022,TRUE,4,1,1,0.9844,0.9453,0.9984
"MYLU","206394_SE",206394,"SE","Northern Region",53.60877,-131.99988,2023,TRUE,4,1,1,0.989,0.9544,0.9994
"MYLU","206394_SE",206394,"SE","Northern Region",53.60877,-131.99988,2024,TRUE,4,1,1,0.989,0.9568,0.9991
"MYLU","206394_SE",206394,"SE","Northern Region",53.60877,-131.99988,2025,TRUE,4,1,1,0.9911,0.9611,0.9994
"MYLU","206394_SW",206394,"SW","Northern Region",53.57324,-132.11579,2017,FALSE,0,NA,NA,0.9024,0.6473,0.9931
"MYLU","206394_SW",206394,"SW","Northern Region",53.57324,-132.11579,2018,FALSE,0,NA,NA,0.9076,0.7809,0.9739
"MYLU","206394_SW",206394,"SW","Northern Region",53.57324,-132.11579,2019,FALSE,0,NA,NA,0.932,0.8318,0.9826
"MYLU","206394_SW",206394,"SW","Northern Region",53.57324,-132.11579,2020,FALSE,0,NA,NA,0.9129,0.8092,0.975
"MYLU","206394_SW",206394,"SW","Northern Region",53.57324,-132.11579,2021,FALSE,0,NA,NA,0.9549,0.8723,0.9922
"MYLU","206394_SW",206394,"SW","Northern Region",53.57324,-132.11579,2022,TRUE,4,1,1,0.962,0.887,0.9931
"MYLU","206394_SW",206394,"SW","Northern Region",53.57324,-132.11579,2023,TRUE,4,1,1,0.9762,0.913,0.9975
"MYLU","206394_SW",206394,"SW","Northern Region",53.57324,-132.11579,2024,TRUE,4,1,1,0.974,0.9151,0.9956
"MYLU","206394_SW",206394,"SW","Northern Region",53.57324,-132.11579,2025,TRUE,4,1,1,0.9804,0.9273,0.9976
"MYLU","20730_NE",20730,"NE","Northern Region",56.79525,-124.90059,2017,FALSE,0,NA,NA,0.9817,0.8999,0.9998
"MYLU","20730_NE",20730,"NE","Northern Region",56.79525,-124.90059,2018,FALSE,0,NA,NA,0.9784,0.9306,0.9967
"MYLU","20730_NE",20730,"NE","Northern Region",56.79525,-124.90059,2019,FALSE,0,NA,NA,0.9832,0.9452,0.9979
"MYLU","20730_NE",20730,"NE","Northern Region",56.79525,-124.90059,2020,FALSE,0,NA,NA,0.9762,0.9265,0.9968
"MYLU","20730_NE",20730,"NE","Northern Region",56.79525,-124.90059,2021,FALSE,0,NA,NA,0.9875,0.955,0.999
"MYLU","20730_NE",20730,"NE","Northern Region",56.79525,-124.90059,2022,TRUE,3,1,1,0.9893,0.9597,0.9991
"MYLU","20730_NE",20730,"NE","Northern Region",56.79525,-124.90059,2023,FALSE,0,NA,NA,0.9928,0.9678,0.9997
"MYLU","20730_NE",20730,"NE","Northern Region",56.79525,-124.90059,2024,TRUE,4,1,1,0.9922,0.9681,0.9995
"MYLU","20730_NE",20730,"NE","Northern Region",56.79525,-124.90059,2025,TRUE,4,1,1,0.994,0.9727,0.9997
"MYLU","20730_NW",20730,"NW","Northern Region",56.79948,-124.97614,2017,FALSE,0,NA,NA,0.9758,0.8947,0.9992
"MYLU","20730_NW",20730,"NW","Northern Region",56.79948,-124.97614,2018,FALSE,0,NA,NA,0.9607,0.8965,0.9916
"MYLU","20730_NW",20730,"NW","Northern Region",56.79948,-124.97614,2019,FALSE,0,NA,NA,0.969,0.9156,0.9943
"MYLU","20730_NW",20730,"NW","Northern Region",56.79948,-124.97614,2020,FALSE,0,NA,NA,0.954,0.8707,0.9908
"MYLU","20730_NW",20730,"NW","Northern Region",56.79948,-124.97614,2021,FALSE,0,NA,NA,0.977,0.9263,0.9974
"MYLU","20730_NW",20730,"NW","Northern Region",56.79948,-124.97614,2022,TRUE,3,1,1,0.9803,0.9332,0.9975
"MYLU","20730_NW",20730,"NW","Northern Region",56.79948,-124.97614,2023,FALSE,0,NA,NA,0.9875,0.9494,0.9992
"MYLU","20730_NW",20730,"NW","Northern Region",56.79948,-124.97614,2024,TRUE,4,1,1,0.9861,0.9507,0.9985
"MYLU","20730_NW",20730,"NW","Northern Region",56.79948,-124.97614,2025,TRUE,4,1,1,0.9895,0.9582,0.9992
"MYLU","20730_SE",20730,"SE","Northern Region",56.78457,-124.88544,2017,FALSE,0,NA,NA,0.955,0.8546,0.9955
"MYLU","20730_SE",20730,"SE","Northern Region",56.78457,-124.88544,2018,FALSE,0,NA,NA,0.9401,0.8765,0.9802
"MYLU","20730_SE",20730,"SE","Northern Region",56.78457,-124.88544,2019,FALSE,0,NA,NA,0.9568,0.9004,0.9885
"MYLU","20730_SE",20730,"SE","Northern Region",56.78457,-124.88544,2020,FALSE,0,NA,NA,0.9353,0.8625,0.9806
"MYLU","20730_SE",20730,"SE","Northern Region",56.78457,-124.88544,2021,FALSE,0,NA,NA,0.9725,0.9293,0.9944
"MYLU","20730_SE",20730,"SE","Northern Region",56.78457,-124.88544,2022,TRUE,3,1,1,0.9769,0.9397,0.9952
"MYLU","20730_SE",20730,"SE","Northern Region",56.78457,-124.88544,2023,FALSE,0,NA,NA,0.9869,0.9585,0.9985
"MYLU","20730_SE",20730,"SE","Northern Region",56.78457,-124.88544,2024,TRUE,3,1,1,0.9834,0.9547,0.9968
"MYLU","20730_SE",20730,"SE","Northern Region",56.78457,-124.88544,2025,TRUE,4,1,1,0.9885,0.966,0.9984
"MYLU","20730_SW",20730,"SW","Northern Region",56.76456,-124.98588,2017,FALSE,0,NA,NA,0.9543,0.8532,0.9954
"MYLU","20730_SW",20730,"SW","Northern Region",56.76456,-124.98588,2018,FALSE,0,NA,NA,0.9446,0.886,0.9817
"MYLU","20730_SW",20730,"SW","Northern Region",56.76456,-124.98588,2019,FALSE,0,NA,NA,0.9606,0.9088,0.9894
"MYLU","20730_SW",20730,"SW","Northern Region",56.76456,-124.98588,2020,FALSE,0,NA,NA,0.9415,0.8748,0.9826
"MYLU","20730_SW",20730,"SW","Northern Region",56.76456,-124.98588,2021,FALSE,0,NA,NA,0.9752,0.9352,0.9949
"MYLU","20730_SW",20730,"SW","Northern Region",56.76456,-124.98588,2022,TRUE,3,1,1,0.9791,0.945,0.9957
"MYLU","20730_SW",20730,"SW","Northern Region",56.76456,-124.98588,2023,FALSE,0,NA,NA,0.9882,0.9608,0.9987
"MYLU","20730_SW",20730,"SW","Northern Region",56.76456,-124.98588,2024,FALSE,0,NA,NA,0.9851,0.9582,0.9972
"MYLU","20730_SW",20730,"SW","Northern Region",56.76456,-124.98588,2025,TRUE,4,1,1,0.9896,0.9685,0.9986
"MYLU","212266_NE",212266,"NE","Okanagan Region",50.751409,-120.480005,2017,TRUE,4,1,1,0.8956,0.6969,0.9866
"MYLU","212266_NE",212266,"NE","Okanagan Region",50.751409,-120.480005,2018,TRUE,4,1,1,0.836,0.6768,0.9403
"MYLU","212266_NE",212266,"NE","Okanagan Region",50.751409,-120.480005,2019,TRUE,4,1,1,0.8825,0.7484,0.9634
"MYLU","212266_NE",212266,"NE","Okanagan Region",50.751409,-120.480005,2020,TRUE,4,0,0.1947,0.8237,0.6538,0.9386
"MYLU","212266_NE",212266,"NE","Okanagan Region",50.751409,-120.480005,2021,TRUE,4,1,1,0.9269,0.8235,0.983
"MYLU","212266_NE",212266,"NE","Okanagan Region",50.751409,-120.480005,2022,TRUE,4,1,1,0.9341,0.8397,0.9852
"MYLU","212266_NE",212266,"NE","Okanagan Region",50.751409,-120.480005,2023,TRUE,4,1,1,0.9624,0.8877,0.9952
"MYLU","212266_NE",212266,"NE","Okanagan Region",50.751409,-120.480005,2024,TRUE,3,1,1,0.9484,0.8633,0.9901
"MYLU","212266_NE",212266,"NE","Okanagan Region",50.751409,-120.480005,2025,TRUE,4,1,1,0.9646,0.8943,0.9948
"MYLU","212266_NW",212266,"NW","Okanagan Region",50.777508,-120.5598176,2017,TRUE,4,1,1,0.813,0.5099,0.9683
"MYLU","212266_NW",212266,"NW","Okanagan Region",50.777508,-120.5598176,2018,TRUE,4,1,1,0.7663,0.6059,0.8923
"MYLU","212266_NW",212266,"NW","Okanagan Region",50.777508,-120.5598176,2019,TRUE,4,1,1,0.8451,0.7114,0.9393
"MYLU","212266_NW",212266,"NW","Okanagan Region",50.777508,-120.5598176,2020,TRUE,3,0,0.1404,0.753,0.6031,0.8813
"MYLU","212266_NW",212266,"NW","Okanagan Region",50.777508,-120.5598176,2021,TRUE,3,1,1,0.9114,0.8172,0.9716
"MYLU","212266_NW",212266,"NW","Okanagan Region",50.777508,-120.5598176,2022,FALSE,0,NA,NA,0.9107,0.8133,0.9711
"MYLU","212266_NW",212266,"NW","Okanagan Region",50.777508,-120.5598176,2023,TRUE,4,1,1,0.9524,0.8772,0.9921
"MYLU","212266_NW",212266,"NW","Okanagan Region",50.777508,-120.5598176,2024,TRUE,3,0,0.0584,0.9241,0.8264,0.9804
"MYLU","212266_NW",212266,"NW","Okanagan Region",50.777508,-120.5598176,2025,TRUE,3,1,1,0.9516,0.873,0.9915
"MYLU","212266_SE",212266,"SE","Okanagan Region",50.714878,-120.492405,2017,FALSE,0,NA,NA,0.8083,0.559,0.9589
"MYLU","212266_SE",212266,"SE","Okanagan Region",50.714878,-120.492405,2018,TRUE,4,1,1,0.843,0.71,0.9303
"MYLU","212266_SE",212266,"SE","Okanagan Region",50.714878,-120.492405,2019,TRUE,3,1,1,0.8937,0.7877,0.961
"MYLU","212266_SE",212266,"SE","Okanagan Region",50.714878,-120.492405,2020,TRUE,4,0,0.0278,0.8588,0.741,0.9404
"MYLU","212266_SE",212266,"SE","Okanagan Region",50.714878,-120.492405,2021,TRUE,4,0,0.0049,0.9359,0.8498,0.9818
"MYLU","212266_SE",212266,"SE","Okanagan Region",50.714878,-120.492405,2022,TRUE,4,0,0.004,0.9454,0.8681,0.9848
"MYLU","212266_SE",212266,"SE","Okanagan Region",50.714878,-120.492405,2023,TRUE,4,1,1,0.9685,0.9108,0.9942
"MYLU","212266_SE",212266,"SE","Okanagan Region",50.714878,-120.492405,2024,TRUE,3,1,1,0.9609,0.9043,0.9906
"MYLU","212266_SE",212266,"SE","Okanagan Region",50.714878,-120.492405,2025,TRUE,4,1,1,0.9719,0.9224,0.9949
"MYLU","212266_SW",212266,"SW","Okanagan Region",50.732357,-120.521811,2017,FALSE,0,NA,NA,0.8207,0.5892,0.9611
"MYLU","212266_SW",212266,"SW","Okanagan Region",50.732357,-120.521811,2018,TRUE,4,1,1,0.8477,0.7197,0.932
"MYLU","212266_SW",212266,"SW","Okanagan Region",50.732357,-120.521811,2019,TRUE,4,1,1,0.8961,0.795,0.962
"MYLU","212266_SW",212266,"SW","Okanagan Region",50.732357,-120.521811,2020,TRUE,3,0,0.3862,0.8611,0.7475,0.9414
"MYLU","212266_SW",212266,"SW","Okanagan Region",50.732357,-120.521811,2021,TRUE,2,1,1,0.9369,0.8538,0.9818
"MYLU","212266_SW",212266,"SW","Okanagan Region",50.732357,-120.521811,2022,TRUE,4,1,1,0.9463,0.8718,0.9848
"MYLU","212266_SW",212266,"SW","Okanagan Region",50.732357,-120.521811,2023,TRUE,3,1,1,0.9691,0.9134,0.9942
"MYLU","212266_SW",212266,"SW","Okanagan Region",50.732357,-120.521811,2024,TRUE,4,1,1,0.9618,0.9068,0.9907
"MYLU","212266_SW",212266,"SW","Okanagan Region",50.732357,-120.521811,2025,TRUE,4,1,1,0.9725,0.9245,0.995
"MYLU","212906_NW",212906,"NW","South Coastal Region",49.36971,-124.79984,2017,FALSE,0,NA,NA,0.845,0.646,0.9674
"MYLU","212906_NW",212906,"NW","South Coastal Region",49.36971,-124.79984,2018,TRUE,3,1,1,0.7141,0.5202,0.8598
"MYLU","212906_NW",212906,"NW","South Coastal Region",49.36971,-124.79984,2019,TRUE,4,0,0.0591,0.7692,0.5946,0.9011
"MYLU","212906_NW",212906,"NW","South Coastal Region",49.36971,-124.79984,2020,TRUE,4,1,1,0.6913,0.4972,0.8544
"MYLU","212906_NW",212906,"NW","South Coastal Region",49.36971,-124.79984,2021,FALSE,0,NA,NA,0.8384,0.6661,0.9491
"MYLU","212906_NW",212906,"NW","South Coastal Region",49.36971,-124.79984,2022,TRUE,4,1,1,0.8525,0.7024,0.9503
"MYLU","212906_NW",212906,"NW","South Coastal Region",49.36971,-124.79984,2023,TRUE,4,1,1,0.9072,0.771,0.9803
"MYLU","212906_NW",212906,"NW","South Coastal Region",49.36971,-124.79984,2024,TRUE,3,1,1,0.8884,0.7502,0.9674
"MYLU","212906_NW",212906,"NW","South Coastal Region",49.36971,-124.79984,2025,TRUE,4,1,1,0.9154,0.7923,0.9816
"MYLU","212906_SE",212906,"SE","South Coastal Region",49.35175,-124.74136,2017,FALSE,0,NA,NA,0.8769,0.6697,0.984
"MYLU","212906_SE",212906,"SE","South Coastal Region",49.35175,-124.74136,2018,TRUE,3,1,1,0.8044,0.6409,0.9188
"MYLU","212906_SE",212906,"SE","South Coastal Region",49.35175,-124.74136,2019,TRUE,4,1,1,0.8425,0.6861,0.9486
"MYLU","212906_SE",212906,"SE","South Coastal Region",49.35175,-124.74136,2020,TRUE,4,1,1,0.784,0.5905,0.9239
"MYLU","212906_SE",212906,"SE","South Coastal Region",49.35175,-124.74136,2021,FALSE,0,NA,NA,0.8875,0.7216,0.9745
"MYLU","212906_SE",212906,"SE","South Coastal Region",49.35175,-124.74136,2022,TRUE,4,1,1,0.9006,0.755,0.9766
"MYLU","212906_SE",212906,"SE","South Coastal Region",49.35175,-124.74136,2023,TRUE,4,1,1,0.9362,0.8038,0.9911
"MYLU","212906_SE",212906,"SE","South Coastal Region",49.35175,-124.74136,2024,TRUE,4,1,1,0.9263,0.8006,0.9854
"MYLU","212906_SE",212906,"SE","South Coastal Region",49.35175,-124.74136,2025,TRUE,4,1,1,0.9443,0.8293,0.9917
"MYLU","212906_SW",212906,"SW","South Coastal Region",49.33595,-124.7423,2017,FALSE,0,NA,NA,0.797,0.6003,0.9411
"MYLU","212906_SW",212906,"SW","South Coastal Region",49.33595,-124.7423,2018,TRUE,3,1,1,0.7293,0.5596,0.8684
"MYLU","212906_SW",212906,"SW","South Coastal Region",49.33595,-124.7423,2019,TRUE,4,1,1,0.7923,0.6207,0.9193
"MYLU","212906_SW",212906,"SW","South Coastal Region",49.33595,-124.7423,2020,TRUE,4,1,1,0.7175,0.5359,0.8707
"MYLU","212906_SW",212906,"SW","South Coastal Region",49.33595,-124.7423,2021,FALSE,0,NA,NA,0.8618,0.698,0.9605
"MYLU","212906_SW",212906,"SW","South Coastal Region",49.33595,-124.7423,2022,FALSE,0,NA,NA,0.8734,0.7291,0.9617
"MYLU","212906_SW",212906,"SW","South Coastal Region",49.33595,-124.7423,2023,TRUE,4,1,1,0.9218,0.793,0.9861
"MYLU","212906_SW",212906,"SW","South Coastal Region",49.33595,-124.7423,2024,TRUE,3,1,1,0.9021,0.7717,0.9746
"MYLU","212906_SW",212906,"SW","South Coastal Region",49.33595,-124.7423,2025,TRUE,4,1,1,0.9282,0.8084,0.9862
"MYLU","216746_NW",216746,"NW","South Coastal Region",49.10675,-125.78544,2017,FALSE,0,NA,NA,0.9264,0.6526,0.9987
"MYLU","216746_NW",216746,"NW","South Coastal Region",49.10675,-125.78544,2018,TRUE,4,0,0.0711,0.9153,0.7699,0.9821
"MYLU","216746_NW",216746,"NW","South Coastal Region",49.10675,-125.78544,2019,FALSE,0,NA,NA,0.93,0.8078,0.9858
"MYLU","216746_NW",216746,"NW","South Coastal Region",49.10675,-125.78544,2020,FALSE,0,NA,NA,0.9107,0.7725,0.9811
"MYLU","216746_NW",216746,"NW","South Coastal Region",49.10675,-125.78544,2021,TRUE,4,1,1,0.9444,0.8293,0.9924
"MYLU","216746_NW",216746,"NW","South Coastal Region",49.10675,-125.78544,2022,TRUE,3,1,1,0.9514,0.8387,0.9939
"MYLU","216746_NW",216746,"NW","South Coastal Region",49.10675,-125.78544,2023,FALSE,0,NA,NA,0.9648,0.8632,0.9974
"MYLU","216746_NW",216746,"NW","South Coastal Region",49.10675,-125.78544,2024,TRUE,3,1,1,0.9646,0.868,0.9965
"MYLU","216746_NW",216746,"NW","South Coastal Region",49.10675,-125.78544,2025,TRUE,4,1,1,0.9709,0.8809,0.9979
"MYLU","216746_SE",216746,"SE","South Coastal Region",49.07768,-125.74644,2017,TRUE,4,0,0.0144,0.6074,0.2725,0.8842
"MYLU","216746_SE",216746,"SE","South Coastal Region",49.07768,-125.74644,2018,FALSE,0,NA,NA,0.7192,0.5204,0.8723
"MYLU","216746_SE",216746,"SE","South Coastal Region",49.07768,-125.74644,2019,TRUE,4,1,1,0.8074,0.6282,0.9301
"MYLU","216746_SE",216746,"SE","South Coastal Region",49.07768,-125.74644,2020,TRUE,3,0,0.3327,0.7602,0.5685,0.9014
"MYLU","216746_SE",216746,"SE","South Coastal Region",49.07768,-125.74644,2021,TRUE,4,1,1,0.8836,0.7305,0.9683
"MYLU","216746_SE",216746,"SE","South Coastal Region",49.07768,-125.74644,2022,TRUE,3,1,1,0.8964,0.7564,0.9728
"MYLU","216746_SE",216746,"SE","South Coastal Region",49.07768,-125.74644,2023,TRUE,3,1,1,0.9378,0.8312,0.9896
"MYLU","216746_SE",216746,"SE","South Coastal Region",49.07768,-125.74644,2024,TRUE,3,1,1,0.9238,0.8074,0.983
"MYLU","216746_SE",216746,"SE","South Coastal Region",49.07768,-125.74644,2025,TRUE,4,1,1,0.9441,0.8423,0.9907
"MYLU","218282_SE",218282,"SE","Kootenay Region",50.13833,-117.55672,2017,FALSE,0,NA,NA,0.7654,0.5456,0.916
"MYLU","218282_SE",218282,"SE","Kootenay Region",50.13833,-117.55672,2018,FALSE,0,NA,NA,0.7986,0.6264,0.9253
"MYLU","218282_SE",218282,"SE","Kootenay Region",50.13833,-117.55672,2019,FALSE,0,NA,NA,0.8518,0.6865,0.9592
"MYLU","218282_SE",218282,"SE","Kootenay Region",50.13833,-117.55672,2020,TRUE,4,1,1,0.8169,0.6207,0.9445
"MYLU","218282_SE",218282,"SE","Kootenay Region",50.13833,-117.55672,2021,TRUE,4,1,1,0.9028,0.7249,0.9844
"MYLU","218282_SE",218282,"SE","Kootenay Region",50.13833,-117.55672,2022,TRUE,4,1,1,0.9144,0.7416,0.9854
"MYLU","218282_SE",218282,"SE","Kootenay Region",50.13833,-117.55672,2023,FALSE,0,NA,NA,0.9447,0.7909,0.9948
"MYLU","218282_SE",218282,"SE","Kootenay Region",50.13833,-117.55672,2024,TRUE,4,1,1,0.9385,0.7992,0.9903
"MYLU","218282_SE",218282,"SE","Kootenay Region",50.13833,-117.55672,2025,TRUE,4,1,1,0.9531,0.8235,0.9949
"MYLU","218282_SW",218282,"SW","Kootenay Region",50.15094,-117.6221,2017,FALSE,0,NA,NA,0.844,0.6032,0.9722
"MYLU","218282_SW",218282,"SW","Kootenay Region",50.15094,-117.6221,2018,FALSE,0,NA,NA,0.9014,0.7833,0.9669
"MYLU","218282_SW",218282,"SW","Kootenay Region",50.15094,-117.6221,2019,FALSE,0,NA,NA,0.9397,0.8556,0.983
"MYLU","218282_SW",218282,"SW","Kootenay Region",50.15094,-117.6221,2020,TRUE,4,1,1,0.9362,0.8604,0.9805
"MYLU","218282_SW",218282,"SW","Kootenay Region",50.15094,-117.6221,2021,TRUE,4,1,1,0.9688,0.9116,0.9942
"MYLU","218282_SW",218282,"SW","Kootenay Region",50.15094,-117.6221,2022,TRUE,4,1,1,0.975,0.9271,0.9953
"MYLU","218282_SW",218282,"SW","Kootenay Region",50.15094,-117.6221,2023,TRUE,4,1,1,0.9849,0.9462,0.9982
"MYLU","218282_SW",218282,"SW","Kootenay Region",50.15094,-117.6221,2024,TRUE,4,1,1,0.9837,0.9502,0.9973
"MYLU","218282_SW",218282,"SW","Kootenay Region",50.15094,-117.6221,2025,TRUE,4,1,1,0.9881,0.959,0.9985
"MYLU","219626_SW",219626,"SW","South Coastal Region",48.92819,-125.25,2017,FALSE,0,NA,NA,0.665,0.3664,0.8939
"MYLU","219626_SW",219626,"SW","South Coastal Region",48.92819,-125.25,2018,FALSE,0,NA,NA,0.7542,0.5672,0.8933
"MYLU","219626_SW",219626,"SW","South Coastal Region",48.92819,-125.25,2019,FALSE,0,NA,NA,0.8324,0.6612,0.9425
"MYLU","219626_SW",219626,"SW","South Coastal Region",48.92819,-125.25,2020,FALSE,0,NA,NA,0.8024,0.6192,0.9264
"MYLU","219626_SW",219626,"SW","South Coastal Region",48.92819,-125.25,2021,FALSE,0,NA,NA,0.8997,0.7512,0.9757
"MYLU","219626_SW",219626,"SW","South Coastal Region",48.92819,-125.25,2022,FALSE,0,NA,NA,0.9137,0.7794,0.9801
"MYLU","219626_SW",219626,"SW","South Coastal Region",48.92819,-125.25,2023,FALSE,0,NA,NA,0.9471,0.8431,0.9922
"MYLU","219626_SW",219626,"SW","South Coastal Region",48.92819,-125.25,2024,TRUE,4,1,1,0.9397,0.8368,0.9878
"MYLU","219626_SW",219626,"SW","South Coastal Region",48.92819,-125.25,2025,TRUE,4,1,1,0.9549,0.8642,0.9932
"MYLU","226090_NE",226090,"NE","Okanagan Region",50.10929,-120.45236,2017,FALSE,0,NA,NA,0.8053,0.4899,0.968
"MYLU","226090_NE",226090,"NE","Okanagan Region",50.10929,-120.45236,2018,FALSE,0,NA,NA,0.8361,0.6857,0.9359
"MYLU","226090_NE",226090,"NE","Okanagan Region",50.10929,-120.45236,2019,TRUE,4,1,1,0.8941,0.7748,0.9663
"MYLU","226090_NE",226090,"NE","Okanagan Region",50.10929,-120.45236,2020,TRUE,2,1,1,0.8337,0.6824,0.9379
"MYLU","226090_NE",226090,"NE","Okanagan Region",50.10929,-120.45236,2021,TRUE,3,1,1,0.9394,0.8539,0.9854
"MYLU","226090_NE",226090,"NE","Okanagan Region",50.10929,-120.45236,2022,TRUE,2,1,1,0.9427,0.8571,0.9864
"MYLU","226090_NE",226090,"NE","Okanagan Region",50.10929,-120.45236,2023,TRUE,3,1,1,0.9695,0.9088,0.9964
"MYLU","226090_NE",226090,"NE","Okanagan Region",50.10929,-120.45236,2024,FALSE,0,NA,NA,0.9538,0.8779,0.9907
"MYLU","226090_NE",226090,"NE","Okanagan Region",50.10929,-120.45236,2025,TRUE,2,1,1,0.97,0.9094,0.996
"MYLU","226090_NW",226090,"NW","Okanagan Region",50.0999,-120.50647,2017,FALSE,0,NA,NA,0.9042,0.7066,0.9895
"MYLU","226090_NW",226090,"NW","Okanagan Region",50.0999,-120.50647,2018,TRUE,2,1,1,0.8844,0.7807,0.9541
"MYLU","226090_NW",226090,"NW","Okanagan Region",50.0999,-120.50647,2019,TRUE,4,1,1,0.9167,0.8299,0.9713
"MYLU","226090_NW",226090,"NW","Okanagan Region",50.0999,-120.50647,2020,TRUE,4,1,1,0.8798,0.775,0.9538
"MYLU","226090_NW",226090,"NW","Okanagan Region",50.0999,-120.50647,2021,TRUE,4,1,1,0.9465,0.8758,0.9854
"MYLU","226090_NW",226090,"NW","Okanagan Region",50.0999,-120.50647,2022,TRUE,3,1,1,0.9546,0.8918,0.9878
"MYLU","226090_NW",226090,"NW","Okanagan Region",50.0999,-120.50647,2023,TRUE,4,1,1,0.9739,0.9268,0.9957
"MYLU","226090_NW",226090,"NW","Okanagan Region",50.0999,-120.50647,2024,FALSE,0,NA,NA,0.9672,0.9185,0.9927
"MYLU","226090_NW",226090,"NW","Okanagan Region",50.0999,-120.50647,2025,TRUE,3,1,1,0.9766,0.9329,0.9961
"MYLU","226090_SE",226090,"SE","Okanagan Region",50.07156,-120.42266,2017,FALSE,0,NA,NA,0.8435,0.5299,0.9816
"MYLU","226090_SE",226090,"SE","Okanagan Region",50.07156,-120.42266,2018,TRUE,2,1,1,0.8433,0.7048,0.9399
"MYLU","226090_SE",226090,"SE","Okanagan Region",50.07156,-120.42266,2019,TRUE,4,1,1,0.8984,0.7864,0.9675
"MYLU","226090_SE",226090,"SE","Okanagan Region",50.07156,-120.42266,2020,TRUE,4,1,1,0.8366,0.6921,0.9367
"MYLU","226090_SE",226090,"SE","Okanagan Region",50.07156,-120.42266,2021,TRUE,3,1,1,0.9419,0.8599,0.9855
"MYLU","226090_SE",226090,"SE","Okanagan Region",50.07156,-120.42266,2022,TRUE,3,1,1,0.9449,0.8662,0.9866
"MYLU","226090_SE",226090,"SE","Okanagan Region",50.07156,-120.42266,2023,FALSE,0,NA,NA,0.9707,0.9119,0.9964
"MYLU","226090_SE",226090,"SE","Okanagan Region",50.07156,-120.42266,2024,FALSE,0,NA,NA,0.9549,0.8819,0.9908
"MYLU","226090_SE",226090,"SE","Okanagan Region",50.07156,-120.42266,2025,TRUE,2,0,0.6411,0.9711,0.9146,0.9962
"MYLU","230186_NE",230186,"NE","Okanagan Region",49.01457,-121.07198,2017,FALSE,0,NA,NA,0.7296,0.4119,0.9401
"MYLU","230186_NE",230186,"NE","Okanagan Region",49.01457,-121.07198,2018,TRUE,4,1,1,0.792,0.6265,0.9079
"MYLU","230186_NE",230186,"NE","Okanagan Region",49.01457,-121.07198,2019,TRUE,4,1,1,0.86,0.7237,0.9496
"MYLU","230186_NE",230186,"NE","Okanagan Region",49.01457,-121.07198,2020,TRUE,4,1,1,0.8038,0.648,0.9165
"MYLU","230186_NE",230186,"NE","Okanagan Region",49.01457,-121.07198,2021,TRUE,4,1,1,0.9163,0.8079,0.9757
"MYLU","230186_NE",230186,"NE","Okanagan Region",49.01457,-121.07198,2022,FALSE,0,NA,NA,0.9245,0.8206,0.9801
"MYLU","230186_NE",230186,"NE","Okanagan Region",49.01457,-121.07198,2023,FALSE,0,NA,NA,0.9576,0.8819,0.9928
"MYLU","230186_NE",230186,"NE","Okanagan Region",49.01457,-121.07198,2024,TRUE,4,1,1,0.9427,0.8612,0.9861
"MYLU","230186_NE",230186,"NE","Okanagan Region",49.01457,-121.07198,2025,FALSE,0,NA,NA,0.96,0.888,0.9931
"MYLU","230186_SE",230186,"SE","Okanagan Region",48.97511,-121.08329,2017,FALSE,0,NA,NA,0.5466,0.1106,0.9242
"MYLU","230186_SE",230186,"SE","Okanagan Region",48.97511,-121.08329,2018,TRUE,4,1,1,0.7467,0.4881,0.9202
"MYLU","230186_SE",230186,"SE","Okanagan Region",48.97511,-121.08329,2019,TRUE,4,1,1,0.8241,0.5917,0.9558
"MYLU","230186_SE",230186,"SE","Okanagan Region",48.97511,-121.08329,2020,TRUE,4,1,1,0.7549,0.5189,0.9222
"MYLU","230186_SE",230186,"SE","Okanagan Region",48.97511,-121.08329,2021,TRUE,4,1,1,0.8969,0.7121,0.9796
"MYLU","230186_SE",230186,"SE","Okanagan Region",48.97511,-121.08329,2022,FALSE,0,NA,NA,0.8986,0.7132,0.9829
"MYLU","230186_SE",230186,"SE","Okanagan Region",48.97511,-121.08329,2023,TRUE,4,1,1,0.9423,0.8007,0.9942
"MYLU","230186_SE",230186,"SE","Okanagan Region",48.97511,-121.08329,2024,TRUE,4,1,1,0.9183,0.7624,0.9875
"MYLU","230186_SE",230186,"SE","Okanagan Region",48.97511,-121.08329,2025,FALSE,0,NA,NA,0.9443,0.8162,0.9941
"MYLU","241002_NE",241002,"NE","Kootenay Region",51.03817,-118.1357,2017,TRUE,4,0,2e-04,0.633,0.2217,0.9443
"MYLU","241002_NE",241002,"NE","Kootenay Region",51.03817,-118.1357,2018,TRUE,3,1,1,0.8406,0.6268,0.9552
"MYLU","241002_NE",241002,"NE","Kootenay Region",51.03817,-118.1357,2019,TRUE,4,1,1,0.9033,0.7436,0.9791
"MYLU","241002_NE",241002,"NE","Kootenay Region",51.03817,-118.1357,2020,TRUE,4,0,0.0427,0.8517,0.6645,0.9632
"MYLU","241002_NE",241002,"NE","Kootenay Region",51.03817,-118.1357,2021,TRUE,4,1,1,0.9505,0.8536,0.9925
"MYLU","241002_NE",241002,"NE","Kootenay Region",51.03817,-118.1357,2022,TRUE,4,1,1,0.9508,0.8523,0.9924
"MYLU","241002_NE",241002,"NE","Kootenay Region",51.03817,-118.1357,2023,TRUE,4,1,1,0.9743,0.9037,0.998
"MYLU","241002_NE",241002,"NE","Kootenay Region",51.03817,-118.1357,2024,TRUE,4,1,1,0.9587,0.8664,0.9948
"MYLU","241002_NE",241002,"NE","Kootenay Region",51.03817,-118.1357,2025,TRUE,4,1,1,0.9749,0.9099,0.9979
"MYLU","241002_NW",241002,"NW","Kootenay Region",51.01597,-118.20292,2017,TRUE,4,0,2e-04,0.8211,0.5694,0.9626
"MYLU","241002_NW",241002,"NW","Kootenay Region",51.01597,-118.20292,2018,TRUE,4,0,0.0016,0.876,0.7415,0.9554
"MYLU","241002_NW",241002,"NW","Kootenay Region",51.01597,-118.20292,2019,TRUE,4,1,1,0.9192,0.8144,0.9773
"MYLU","241002_NW",241002,"NW","Kootenay Region",51.01597,-118.20292,2020,TRUE,4,1,1,0.9088,0.799,0.9729
"MYLU","241002_NW",241002,"NW","Kootenay Region",51.01597,-118.20292,2021,TRUE,4,1,1,0.9548,0.8751,0.9913
"MYLU","241002_NW",241002,"NW","Kootenay Region",51.01597,-118.20292,2022,TRUE,4,1,1,0.9631,0.8933,0.9928
"MYLU","241002_NW",241002,"NW","Kootenay Region",51.01597,-118.20292,2023,TRUE,4,1,1,0.9774,0.924,0.9975
"MYLU","241002_NW",241002,"NW","Kootenay Region",51.01597,-118.20292,2024,TRUE,4,1,1,0.9751,0.9251,0.9958
"MYLU","241002_NW",241002,"NW","Kootenay Region",51.01597,-118.20292,2025,TRUE,4,1,1,0.9818,0.9392,0.9978
"MYLU","243562_NE",243562,"NE","Kootenay Region",49.69966,-115.98498,2017,TRUE,4,1,1,0.7765,0.5316,0.9345
"MYLU","243562_NE",243562,"NE","Kootenay Region",49.69966,-115.98498,2018,FALSE,0,NA,NA,0.7779,0.5908,0.9122
"MYLU","243562_NE",243562,"NE","Kootenay Region",49.69966,-115.98498,2019,TRUE,4,1,1,0.84,0.6749,0.9501
"MYLU","243562_NE",243562,"NE","Kootenay Region",49.69966,-115.98498,2020,TRUE,4,1,1,0.7789,0.5839,0.9234
"MYLU","243562_NE",243562,"NE","Kootenay Region",49.69966,-115.98498,2021,TRUE,3,0,0.1087,0.8997,0.7432,0.9787
"MYLU","243562_NE",243562,"NE","Kootenay Region",49.69966,-115.98498,2022,FALSE,0,NA,NA,0.9074,0.7608,0.9786
"MYLU","243562_NE",243562,"NE","Kootenay Region",49.69966,-115.98498,2023,TRUE,3,1,1,0.9455,0.8238,0.9934
"MYLU","243562_NE",243562,"NE","Kootenay Region",49.69966,-115.98498,2024,TRUE,2,1,1,0.9294,0.813,0.9855
"MYLU","243562_NE",243562,"NE","Kootenay Region",49.69966,-115.98498,2025,TRUE,4,1,1,0.9502,0.8471,0.9932
"MYLU","243562_SE",243562,"SE","Kootenay Region",49.65068,-115.94692,2017,TRUE,4,1,1,0.6704,0.4269,0.8717
"MYLU","243562_SE",243562,"SE","Kootenay Region",49.65068,-115.94692,2018,FALSE,0,NA,NA,0.8417,0.6908,0.9365
"MYLU","243562_SE",243562,"SE","Kootenay Region",49.65068,-115.94692,2019,TRUE,4,1,1,0.9136,0.8126,0.9724
"MYLU","243562_SE",243562,"SE","Kootenay Region",49.65068,-115.94692,2020,FALSE,0,NA,NA,0.8931,0.7885,0.9636
"MYLU","243562_SE",243562,"SE","Kootenay Region",49.65068,-115.94692,2021,TRUE,3,1,1,0.9583,0.8975,0.9901
"MYLU","243562_SE",243562,"SE","Kootenay Region",49.65068,-115.94692,2022,TRUE,2,1,1,0.9642,0.91,0.9917
"MYLU","243562_SE",243562,"SE","Kootenay Region",49.65068,-115.94692,2023,TRUE,4,1,1,0.9807,0.9415,0.9973
"MYLU","243562_SE",243562,"SE","Kootenay Region",49.65068,-115.94692,2024,FALSE,0,NA,NA,0.9734,0.9279,0.9947
"MYLU","243562_SE",243562,"SE","Kootenay Region",49.65068,-115.94692,2025,TRUE,4,1,1,0.9823,0.9471,0.9975
"MYLU","252394_NW",252394,"NW","South Coastal Region",48.79865,-125.16568,2017,FALSE,0,NA,NA,0.8147,0.6139,0.9509
"MYLU","252394_NW",252394,"NW","South Coastal Region",48.79865,-125.16568,2018,FALSE,0,NA,NA,0.8378,0.7108,0.9275
"MYLU","252394_NW",252394,"NW","South Coastal Region",48.79865,-125.16568,2019,FALSE,0,NA,NA,0.8836,0.7711,0.9564
"MYLU","252394_NW",252394,"NW","South Coastal Region",48.79865,-125.16568,2020,FALSE,0,NA,NA,0.8639,0.7416,0.9461
"MYLU","252394_NW",252394,"NW","South Coastal Region",48.79865,-125.16568,2021,FALSE,0,NA,NA,0.927,0.8295,0.9798
"MYLU","252394_NW",252394,"NW","South Coastal Region",48.79865,-125.16568,2022,FALSE,0,NA,NA,0.9393,0.8531,0.9837
"MYLU","252394_NW",252394,"NW","South Coastal Region",48.79865,-125.16568,2023,FALSE,0,NA,NA,0.9619,0.8933,0.9934
"MYLU","252394_NW",252394,"NW","South Coastal Region",48.79865,-125.16568,2024,TRUE,4,1,1,0.9598,0.8932,0.9907
"MYLU","252394_NW",252394,"NW","South Coastal Region",48.79865,-125.16568,2025,TRUE,4,1,1,0.9694,0.9101,0.9946
"MYLU","26170_NE",26170,"NE","Northern Region",53.62052,-132.20883,2017,FALSE,0,NA,NA,0.9499,0.7984,0.997
"MYLU","26170_NE",26170,"NE","Northern Region",53.62052,-132.20883,2018,FALSE,0,NA,NA,0.947,0.8619,0.9867
"MYLU","26170_NE",26170,"NE","Northern Region",53.62052,-132.20883,2019,FALSE,0,NA,NA,0.9587,0.8906,0.9908
"MYLU","26170_NE",26170,"NE","Northern Region",53.62052,-132.20883,2020,FALSE,0,NA,NA,0.9469,0.8752,0.9867
"MYLU","26170_NE",26170,"NE","Northern Region",53.62052,-132.20883,2021,FALSE,0,NA,NA,0.9705,0.9144,0.9955
"MYLU","26170_NE",26170,"NE","Northern Region",53.62052,-132.20883,2022,TRUE,4,1,1,0.9752,0.9241,0.9961
"MYLU","26170_NE",26170,"NE","Northern Region",53.62052,-132.20883,2023,TRUE,4,1,1,0.9837,0.9391,0.9986
"MYLU","26170_NE",26170,"NE","Northern Region",53.62052,-132.20883,2024,TRUE,3,1,1,0.9831,0.9431,0.9977
"MYLU","26170_NE",26170,"NE","Northern Region",53.62052,-132.20883,2025,TRUE,4,1,1,0.9869,0.9511,0.9987
"MYLU","26170_NW",26170,"NW","Northern Region",53.60452,-132.28837,2017,FALSE,0,NA,NA,0.9415,0.7779,0.9962
"MYLU","26170_NW",26170,"NW","Northern Region",53.60452,-132.28837,2018,FALSE,0,NA,NA,0.9427,0.8469,0.9864
"MYLU","26170_NW",26170,"NW","Northern Region",53.60452,-132.28837,2019,FALSE,0,NA,NA,0.956,0.8822,0.9906
"MYLU","26170_NW",26170,"NW","Northern Region",53.60452,-132.28837,2020,FALSE,0,NA,NA,0.9453,0.8643,0.9868
"MYLU","26170_NW",26170,"NW","Northern Region",53.60452,-132.28837,2021,FALSE,0,NA,NA,0.9689,0.9051,0.9956
"MYLU","26170_NW",26170,"NW","Northern Region",53.60452,-132.28837,2022,TRUE,3,1,1,0.9736,0.9156,0.9964
"MYLU","26170_NW",26170,"NW","Northern Region",53.60452,-132.28837,2023,TRUE,4,1,1,0.9823,0.9317,0.9986
"MYLU","26170_NW",26170,"NW","Northern Region",53.60452,-132.28837,2024,FALSE,0,NA,NA,0.9819,0.9346,0.9977
"MYLU","26170_NW",26170,"NW","Northern Region",53.60452,-132.28837,2025,TRUE,4,1,1,0.9857,0.9429,0.9987
"MYLU","26170_SE",26170,"SE","Northern Region",53.58901,-132.17695,2017,FALSE,0,NA,NA,0.9339,0.7532,0.9956
"MYLU","26170_SE",26170,"SE","Northern Region",53.58901,-132.17695,2018,FALSE,0,NA,NA,0.9379,0.8418,0.9836
"MYLU","26170_SE",26170,"SE","Northern Region",53.58901,-132.17695,2019,FALSE,0,NA,NA,0.9537,0.8798,0.989
"MYLU","26170_SE",26170,"SE","Northern Region",53.58901,-132.17695,2020,FALSE,0,NA,NA,0.9419,0.8672,0.984
"MYLU","26170_SE",26170,"SE","Northern Region",53.58901,-132.17695,2021,FALSE,0,NA,NA,0.9688,0.9104,0.995
"MYLU","26170_SE",26170,"SE","Northern Region",53.58901,-132.17695,2022,TRUE,4,1,1,0.9739,0.9202,0.9957
"MYLU","26170_SE",26170,"SE","Northern Region",53.58901,-132.17695,2023,TRUE,4,1,1,0.9832,0.9383,0.9984
"MYLU","26170_SE",26170,"SE","Northern Region",53.58901,-132.17695,2024,TRUE,4,1,1,0.9824,0.9421,0.9973
"MYLU","26170_SE",26170,"SE","Northern Region",53.58901,-132.17695,2025,TRUE,4,1,1,0.9865,0.9498,0.9985
"MYLU","26170_SW",26170,"SW","Northern Region",53.56895,-132.23042,2017,FALSE,0,NA,NA,0.8845,0.5882,0.9923
"MYLU","26170_SW",26170,"SW","Northern Region",53.56895,-132.23042,2018,FALSE,0,NA,NA,0.8076,0.5923,0.9457
"MYLU","26170_SW",26170,"SW","Northern Region",53.56895,-132.23042,2019,FALSE,0,NA,NA,0.8489,0.6586,0.964
"MYLU","26170_SW",26170,"SW","Northern Region",53.56895,-132.23042,2020,FALSE,0,NA,NA,0.7896,0.5661,0.9421
"MYLU","26170_SW",26170,"SW","Northern Region",53.56895,-132.23042,2021,FALSE,0,NA,NA,0.8945,0.713,0.9825
"MYLU","26170_SW",26170,"SW","Northern Region",53.56895,-132.23042,2022,TRUE,4,1,1,0.9046,0.7304,0.9829
"MYLU","26170_SW",26170,"SW","Northern Region",53.56895,-132.23042,2023,TRUE,4,1,1,0.9406,0.7938,0.9938
"MYLU","26170_SW",26170,"SW","Northern Region",53.56895,-132.23042,2024,TRUE,4,1,1,0.9285,0.7878,0.9886
"MYLU","26170_SW",26170,"SW","Northern Region",53.56895,-132.23042,2025,TRUE,4,1,1,0.9471,0.8245,0.9941
"MYLU","265749_NE",265749,"NE","Okanagan Region",49.15892,-119.03758,2017,FALSE,0,NA,NA,0.7654,0.429,0.9572
"MYLU","265749_NE",265749,"NE","Okanagan Region",49.15892,-119.03758,2018,TRUE,2,0,0.0796,0.5607,0.3103,0.7941
"MYLU","265749_NE",265749,"NE","Okanagan Region",49.15892,-119.03758,2019,TRUE,4,1,1,0.7012,0.4741,0.8764
"MYLU","265749_NE",265749,"NE","Okanagan Region",49.15892,-119.03758,2020,TRUE,4,1,1,0.5578,0.3648,0.7613
"MYLU","265749_NE",265749,"NE","Okanagan Region",49.15892,-119.03758,2021,TRUE,4,1,1,0.8067,0.5809,0.9438
"MYLU","265749_NE",265749,"NE","Okanagan Region",49.15892,-119.03758,2022,TRUE,4,1,1,0.7711,0.5464,0.9253
"MYLU","265749_NE",265749,"NE","Okanagan Region",49.15892,-119.03758,2023,TRUE,4,1,1,0.8686,0.6718,0.9792
"MYLU","265749_NE",265749,"NE","Okanagan Region",49.15892,-119.03758,2024,FALSE,0,NA,NA,0.795,0.5775,0.9392
"MYLU","265749_NE",265749,"NE","Okanagan Region",49.15892,-119.03758,2025,FALSE,0,NA,NA,0.8635,0.6519,0.9772
"MYLU","265749_NW",265749,"NW","Okanagan Region",49.16674,-119.10324,2017,FALSE,0,NA,NA,0.899,0.6581,0.9917
"MYLU","265749_NW",265749,"NW","Okanagan Region",49.16674,-119.10324,2018,TRUE,2,1,1,0.8817,0.7545,0.9595
"MYLU","265749_NW",265749,"NW","Okanagan Region",49.16674,-119.10324,2019,TRUE,4,1,1,0.9177,0.8185,0.9767
"MYLU","265749_NW",265749,"NW","Okanagan Region",49.16674,-119.10324,2020,TRUE,4,1,1,0.8758,0.7433,0.9598
"MYLU","265749_NW",265749,"NW","Okanagan Region",49.16674,-119.10324,2021,TRUE,4,1,1,0.948,0.8631,0.9889
"MYLU","265749_NW",265749,"NW","Okanagan Region",49.16674,-119.10324,2022,TRUE,4,1,1,0.9542,0.8767,0.9902
"MYLU","265749_NW",265749,"NW","Okanagan Region",49.16674,-119.10324,2023,TRUE,4,1,1,0.974,0.9159,0.997
"MYLU","265749_NW",265749,"NW","Okanagan Region",49.16674,-119.10324,2024,TRUE,4,1,1,0.9657,0.9027,0.9936
"MYLU","265749_NW",265749,"NW","Okanagan Region",49.16674,-119.10324,2025,TRUE,4,1,1,0.9762,0.9225,0.997
"MYLU","265749_SE",265749,"SE","Okanagan Region",49.11153,-118.97698,2017,FALSE,0,NA,NA,0.8246,0.6055,0.9609
"MYLU","265749_SE",265749,"SE","Okanagan Region",49.11153,-118.97698,2018,TRUE,2,0,0.2118,0.7647,0.6185,0.8812
"MYLU","265749_SE",265749,"SE","Okanagan Region",49.11153,-118.97698,2019,TRUE,4,1,1,0.8328,0.7075,0.9259
"MYLU","265749_SE",265749,"SE","Okanagan Region",49.11153,-118.97698,2020,TRUE,4,1,1,0.7546,0.6186,0.8747
"MYLU","265749_SE",265749,"SE","Okanagan Region",49.11153,-118.97698,2021,TRUE,4,1,1,0.898,0.8004,0.9636
"MYLU","265749_SE",265749,"SE","Okanagan Region",49.11153,-118.97698,2022,TRUE,4,1,1,0.9055,0.8157,0.965
"MYLU","265749_SE",265749,"SE","Okanagan Region",49.11153,-118.97698,2023,TRUE,4,1,1,0.9473,0.8771,0.9885
"MYLU","265749_SE",265749,"SE","Okanagan Region",49.11153,-118.97698,2024,TRUE,4,1,1,0.925,0.8389,0.9776
"MYLU","265749_SE",265749,"SE","Okanagan Region",49.11153,-118.97698,2025,TRUE,4,1,1,0.9483,0.8724,0.9887
"MYLU","265749_SW",265749,"SW","Okanagan Region",49.11337,-119.05299,2017,FALSE,0,NA,NA,0.8609,0.6119,0.9794
"MYLU","265749_SW",265749,"SW","Okanagan Region",49.11337,-119.05299,2018,TRUE,2,1,1,0.6476,0.3955,0.8546
"MYLU","265749_SW",265749,"SW","Okanagan Region",49.11337,-119.05299,2019,TRUE,4,1,1,0.7491,0.528,0.9089
"MYLU","265749_SW",265749,"SW","Okanagan Region",49.11337,-119.05299,2020,TRUE,4,1,1,0.6341,0.4201,0.8273
"MYLU","265749_SW",265749,"SW","Okanagan Region",49.11337,-119.05299,2021,TRUE,3,1,1,0.8345,0.6115,0.9574
"MYLU","265749_SW",265749,"SW","Okanagan Region",49.11337,-119.05299,2022,TRUE,4,1,1,0.8279,0.6291,0.9505
"MYLU","265749_SW",265749,"SW","Okanagan Region",49.11337,-119.05299,2023,TRUE,4,1,1,0.8981,0.7199,0.9856
"MYLU","265749_SW",265749,"SW","Okanagan Region",49.11337,-119.05299,2024,TRUE,4,1,1,0.8556,0.6695,0.9619
"MYLU","265749_SW",265749,"SW","Okanagan Region",49.11337,-119.05299,2025,TRUE,4,1,1,0.8988,0.7171,0.9843
"MYLU","268521_NE",268521,"NE","Kootenay Region",49.49916,-115.03962,2017,FALSE,0,NA,NA,0.86,0.6052,0.9822
"MYLU","268521_NE",268521,"NE","Kootenay Region",49.49916,-115.03962,2018,FALSE,0,NA,NA,0.9033,0.7879,0.9671
"MYLU","268521_NE",268521,"NE","Kootenay Region",49.49916,-115.03962,2019,TRUE,4,1,1,0.9391,0.8633,0.9824
"MYLU","268521_NE",268521,"NE","Kootenay Region",49.49916,-115.03962,2020,TRUE,4,1,1,0.9243,0.8388,0.977
"MYLU","268521_NE",268521,"NE","Kootenay Region",49.49916,-115.03962,2021,FALSE,0,NA,NA,0.964,0.9055,0.9925
"MYLU","268521_NE",268521,"NE","Kootenay Region",49.49916,-115.03962,2022,TRUE,4,1,1,0.969,0.9181,0.9932
"MYLU","268521_NE",268521,"NE","Kootenay Region",49.49916,-115.03962,2023,TRUE,3,1,1,0.9817,0.9391,0.9977
"MYLU","268521_NE",268521,"NE","Kootenay Region",49.49916,-115.03962,2024,TRUE,4,1,1,0.9777,0.9366,0.996
"MYLU","268521_NE",268521,"NE","Kootenay Region",49.49916,-115.03962,2025,TRUE,3,1,1,0.9841,0.9498,0.9979
"MYLU","268521_NW",268521,"NW","Kootenay Region",49.48855,-115.09812,2017,FALSE,0,NA,NA,0.6876,0.4532,0.8777
"MYLU","268521_NW",268521,"NW","Kootenay Region",49.48855,-115.09812,2018,FALSE,0,NA,NA,0.8315,0.6919,0.9267
"MYLU","268521_NW",268521,"NW","Kootenay Region",49.48855,-115.09812,2019,TRUE,4,1,1,0.9017,0.8027,0.9646
"MYLU","268521_NW",268521,"NW","Kootenay Region",49.48855,-115.09812,2020,FALSE,0,NA,NA,0.8704,0.7584,0.951
"MYLU","268521_NW",268521,"NW","Kootenay Region",49.48855,-115.09812,2021,TRUE,2,1,1,0.9495,0.8837,0.9867
"MYLU","268521_NW",268521,"NW","Kootenay Region",49.48855,-115.09812,2022,TRUE,4,1,1,0.9558,0.8983,0.9878
"MYLU","268521_NW",268521,"NW","Kootenay Region",49.48855,-115.09812,2023,TRUE,4,1,1,0.9762,0.9335,0.9962
"MYLU","268521_NW",268521,"NW","Kootenay Region",49.48855,-115.09812,2024,TRUE,4,1,1,0.9665,0.9148,0.9929
"MYLU","268521_NW",268521,"NW","Kootenay Region",49.48855,-115.09812,2025,TRUE,4,1,1,0.9778,0.9377,0.9965
"MYLU","268521_SE",268521,"SE","Kootenay Region",49.44083,-115.05634,2017,FALSE,0,NA,NA,0.9103,0.589,0.9978
"MYLU","268521_SE",268521,"SE","Kootenay Region",49.44083,-115.05634,2018,FALSE,0,NA,NA,0.9389,0.7844,0.9907
"MYLU","268521_SE",268521,"SE","Kootenay Region",49.44083,-115.05634,2019,TRUE,4,1,1,0.9592,0.8627,0.994
"MYLU","268521_SE",268521,"SE","Kootenay Region",49.44083,-115.05634,2020,TRUE,4,0,0.5127,0.9554,0.8673,0.9929
"MYLU","268521_SE",268521,"SE","Kootenay Region",49.44083,-115.05634,2021,TRUE,2,1,1,0.9753,0.9058,0.9977
"MYLU","268521_SE",268521,"SE","Kootenay Region",49.44083,-115.05634,2022,TRUE,4,1,1,0.9794,0.9164,0.9982
"MYLU","268521_SE",268521,"SE","Kootenay Region",49.44083,-115.05634,2023,TRUE,4,1,1,0.986,0.9334,0.9993
"MYLU","268521_SE",268521,"SE","Kootenay Region",49.44083,-115.05634,2024,TRUE,4,1,1,0.9858,0.9387,0.9989
"MYLU","268521_SE",268521,"SE","Kootenay Region",49.44083,-115.05634,2025,TRUE,4,1,1,0.9889,0.9467,0.9994
"MYLU","269777_NW",269777,"NW","Northern Region",57.04083,-122.86281,2017,TRUE,4,1,1,0.902,0.6119,0.9959
"MYLU","269777_NW",269777,"NW","Northern Region",57.04083,-122.86281,2018,TRUE,4,0,0.0547,0.9106,0.7719,0.981
"MYLU","269777_NW",269777,"NW","Northern Region",57.04083,-122.86281,2019,TRUE,3,1,1,0.9441,0.837,0.9911
"MYLU","269777_NW",269777,"NW","Northern Region",57.04083,-122.86281,2020,TRUE,4,1,1,0.9072,0.7516,0.9827
"MYLU","269777_NW",269777,"NW","Northern Region",57.04083,-122.86281,2021,FALSE,0,NA,NA,0.9685,0.8942,0.9963
"MYLU","269777_NW",269777,"NW","Northern Region",57.04083,-122.86281,2022,FALSE,0,NA,NA,0.9698,0.8955,0.9965
"MYLU","269777_NW",269777,"NW","Northern Region",57.04083,-122.86281,2023,FALSE,0,NA,NA,0.9839,0.9322,0.9992
"MYLU","269777_NW",269777,"NW","Northern Region",57.04083,-122.86281,2024,FALSE,0,NA,NA,0.9755,0.9125,0.9973
"MYLU","269777_NW",269777,"NW","Northern Region",57.04083,-122.86281,2025,FALSE,0,NA,NA,0.9848,0.9413,0.9991
"MYLU","269777_SW",269777,"SW","Northern Region",57.01497,-122.80521,2017,TRUE,4,1,1,0.9235,0.7648,0.9924
"MYLU","269777_SW",269777,"SW","Northern Region",57.01497,-122.80521,2018,TRUE,4,1,1,0.9064,0.8051,0.9701
"MYLU","269777_SW",269777,"SW","Northern Region",57.01497,-122.80521,2019,TRUE,4,1,1,0.9371,0.8533,0.9838
"MYLU","269777_SW",269777,"SW","Northern Region",57.01497,-122.80521,2020,TRUE,4,1,1,0.9009,0.7939,0.9707
"MYLU","269777_SW",269777,"SW","Northern Region",57.01497,-122.80521,2021,FALSE,0,NA,NA,0.9631,0.9016,0.9928
"MYLU","269777_SW",269777,"SW","Northern Region",57.01497,-122.80521,2022,FALSE,0,NA,NA,0.9671,0.916,0.9932
"MYLU","269777_SW",269777,"SW","Northern Region",57.01497,-122.80521,2023,FALSE,0,NA,NA,0.9823,0.9424,0.9982
"MYLU","269777_SW",269777,"SW","Northern Region",57.01497,-122.80521,2024,FALSE,0,NA,NA,0.9746,0.9298,0.9955
"MYLU","269777_SW",269777,"SW","Northern Region",57.01497,-122.80521,2025,FALSE,0,NA,NA,0.9835,0.9498,0.998
"MYLU","271731_SW",271731,"SW","Kootenay Region",51.24146,-117.64962,2017,TRUE,4,0,2e-04,0.6983,0.4701,0.881
"MYLU","271731_SW",271731,"SW","Kootenay Region",51.24146,-117.64962,2018,TRUE,3,0,0.0051,0.8565,0.7144,0.9423
"MYLU","271731_SW",271731,"SW","Kootenay Region",51.24146,-117.64962,2019,TRUE,4,0,0.0111,0.923,0.8308,0.9766
"MYLU","271731_SW",271731,"SW","Kootenay Region",51.24146,-117.64962,2020,TRUE,4,1,1,0.9059,0.8101,0.9685
"MYLU","271731_SW",271731,"SW","Kootenay Region",51.24146,-117.64962,2021,TRUE,4,1,1,0.9635,0.9073,0.9918
"MYLU","271731_SW",271731,"SW","Kootenay Region",51.24146,-117.64962,2022,TRUE,4,0,0.2462,0.9689,0.9208,0.993
"MYLU","271731_SW",271731,"SW","Kootenay Region",51.24146,-117.64962,2023,TRUE,4,1,1,0.9832,0.9486,0.9978
"MYLU","271731_SW",271731,"SW","Kootenay Region",51.24146,-117.64962,2024,TRUE,4,0,0.2044,0.9769,0.9363,0.9956
"MYLU","271731_SW",271731,"SW","Kootenay Region",51.24146,-117.64962,2025,TRUE,4,1,1,0.9847,0.9534,0.9979
"MYLU","273050_SE",273050,"SE","South Coastal Region",49.00511,-125.65145,2017,FALSE,0,NA,NA,0.7197,0.4694,0.908
"MYLU","273050_SE",273050,"SE","South Coastal Region",49.00511,-125.65145,2018,TRUE,3,0,0.0287,0.7795,0.6271,0.8947
"MYLU","273050_SE",273050,"SE","South Coastal Region",49.00511,-125.65145,2019,FALSE,0,NA,NA,0.8489,0.7154,0.9409
"MYLU","273050_SE",273050,"SE","South Coastal Region",49.00511,-125.65145,2020,FALSE,0,NA,NA,0.8187,0.6721,0.9234
"MYLU","273050_SE",273050,"SE","South Coastal Region",49.00511,-125.65145,2021,FALSE,0,NA,NA,0.9093,0.7973,0.9735
"MYLU","273050_SE",273050,"SE","South Coastal Region",49.00511,-125.65145,2022,FALSE,0,NA,NA,0.9231,0.8215,0.978
"MYLU","273050_SE",273050,"SE","South Coastal Region",49.00511,-125.65145,2023,FALSE,0,NA,NA,0.9537,0.8773,0.9914
"MYLU","273050_SE",273050,"SE","South Coastal Region",49.00511,-125.65145,2024,TRUE,4,1,1,0.9469,0.8686,0.987
"MYLU","273050_SE",273050,"SE","South Coastal Region",49.00511,-125.65145,2025,TRUE,4,1,1,0.9605,0.8895,0.9928
"MYLU","283586_NE",283586,"NE","Northern Region",54.3558,-128.5366,2017,FALSE,0,NA,NA,0.8823,0.5859,0.9918
"MYLU","283586_NE",283586,"NE","Northern Region",54.3558,-128.5366,2018,TRUE,2,1,1,0.8201,0.6107,0.9484
"MYLU","283586_NE",283586,"NE","Northern Region",54.3558,-128.5366,2019,TRUE,3,1,1,0.8566,0.6761,0.9639
"MYLU","283586_NE",283586,"NE","Northern Region",54.3558,-128.5366,2020,TRUE,4,1,1,0.8035,0.5898,0.9451
"MYLU","283586_NE",283586,"NE","Northern Region",54.3558,-128.5366,2021,FALSE,0,NA,NA,0.896,0.7089,0.983
"MYLU","283586_NE",283586,"NE","Northern Region",54.3558,-128.5366,2022,FALSE,0,NA,NA,0.9066,0.7298,0.9844
"MYLU","283586_NE",283586,"NE","Northern Region",54.3558,-128.5366,2023,TRUE,3,1,1,0.94,0.7856,0.9941
"MYLU","283586_NE",283586,"NE","Northern Region",54.3558,-128.5366,2024,TRUE,4,1,1,0.9311,0.785,0.9888
"MYLU","283586_NE",283586,"NE","Northern Region",54.3558,-128.5366,2025,TRUE,4,1,1,0.9474,0.8099,0.9941
"MYLU","283586_NW",283586,"NW","Northern Region",54.3321,-128.6266,2017,FALSE,0,NA,NA,0.9382,0.7808,0.995
"MYLU","283586_NW",283586,"NW","Northern Region",54.3321,-128.6266,2018,TRUE,2,1,1,0.9132,0.8074,0.9736
"MYLU","283586_NW",283586,"NW","Northern Region",54.3321,-128.6266,2019,TRUE,3,1,1,0.9304,0.8378,0.9813
"MYLU","283586_NW",283586,"NW","Northern Region",54.3321,-128.6266,2020,TRUE,4,1,1,0.9042,0.7914,0.9722
"MYLU","283586_NW",283586,"NW","Northern Region",54.3321,-128.6266,2021,TRUE,3,1,1,0.9393,0.8344,0.9895
"MYLU","283586_NW",283586,"NW","Northern Region",54.3321,-128.6266,2022,TRUE,4,1,1,0.9418,0.8396,0.9897
"MYLU","283586_NW",283586,"NW","Northern Region",54.3321,-128.6266,2023,TRUE,4,1,1,0.9609,0.8699,0.9959
"MYLU","283586_NW",283586,"NW","Northern Region",54.3321,-128.6266,2024,TRUE,4,1,1,0.9548,0.862,0.993
"MYLU","283586_NW",283586,"NW","Northern Region",54.3321,-128.6266,2025,TRUE,4,1,1,0.9644,0.8785,0.9961
"MYLU","283586_SE",283586,"SE","Northern Region",54.31162,-128.54374,2017,FALSE,0,NA,NA,0.9793,0.8803,0.9997
"MYLU","283586_SE",283586,"SE","Northern Region",54.31162,-128.54374,2018,TRUE,2,1,1,0.978,0.921,0.997
"MYLU","283586_SE",283586,"SE","Northern Region",54.31162,-128.54374,2019,TRUE,3,1,1,0.9821,0.9382,0.9979
"MYLU","283586_SE",283586,"SE","Northern Region",54.31162,-128.54374,2020,TRUE,4,1,1,0.9758,0.9228,0.9969
"MYLU","283586_SE",283586,"SE","Northern Region",54.31162,-128.54374,2021,TRUE,3,1,1,0.9848,0.946,0.9988
"MYLU","283586_SE",283586,"SE","Northern Region",54.31162,-128.54374,2022,TRUE,4,1,1,0.9866,0.9488,0.999
"MYLU","283586_SE",283586,"SE","Northern Region",54.31162,-128.54374,2023,TRUE,4,1,1,0.9902,0.957,0.9996
"MYLU","283586_SE",283586,"SE","Northern Region",54.31162,-128.54374,2024,TRUE,4,1,1,0.9901,0.9581,0.9994
"MYLU","283586_SE",283586,"SE","Northern Region",54.31162,-128.54374,2025,TRUE,2,1,1,0.9918,0.9623,0.9997
"MYLU","283586_SW",283586,"SW","Northern Region",54.2946,-128.581,2017,FALSE,0,NA,NA,0.8812,0.5897,0.9909
"MYLU","283586_SW",283586,"SW","Northern Region",54.2946,-128.581,2018,TRUE,2,0,0.2191,0.797,0.5766,0.9381
"MYLU","283586_SW",283586,"SW","Northern Region",54.2946,-128.581,2019,TRUE,3,1,1,0.8411,0.6551,0.957
"MYLU","283586_SW",283586,"SW","Northern Region",54.2946,-128.581,2020,TRUE,4,1,1,0.7783,0.5586,0.9334
"MYLU","283586_SW",283586,"SW","Northern Region",54.2946,-128.581,2021,TRUE,4,1,1,0.8881,0.6952,0.9798
"MYLU","283586_SW",283586,"SW","Northern Region",54.2946,-128.581,2022,TRUE,4,1,1,0.898,0.7196,0.9806
"MYLU","283586_SW",283586,"SW","Northern Region",54.2946,-128.581,2023,TRUE,4,1,1,0.9365,0.7813,0.9929
"MYLU","283586_SW",283586,"SW","Northern Region",54.2946,-128.581,2024,TRUE,4,1,1,0.9235,0.7751,0.9862
"MYLU","283586_SW",283586,"SW","Northern Region",54.2946,-128.581,2025,TRUE,4,1,1,0.9431,0.8115,0.9933
"MYLU","294832_NE",294832,"NE","Northern Region",56.3348,-120.97877,2017,TRUE,4,1,1,0.9723,0.891,0.9986
"MYLU","294832_NE",294832,"NE","Northern Region",56.3348,-120.97877,2018,TRUE,4,1,1,0.9742,0.9329,0.994
"MYLU","294832_NE",294832,"NE","Northern Region",56.3348,-120.97877,2019,TRUE,2,1,1,0.9818,0.9478,0.9967
"MYLU","294832_NE",294832,"NE","Northern Region",56.3348,-120.97877,2020,TRUE,2,1,1,0.9749,0.9335,0.9948
"MYLU","294832_NE",294832,"NE","Northern Region",56.3348,-120.97877,2021,TRUE,4,1,1,0.9875,0.9593,0.9985
"MYLU","294832_NE",294832,"NE","Northern Region",56.3348,-120.97877,2022,TRUE,4,1,1,0.9891,0.9645,0.9985
"MYLU","294832_NE",294832,"NE","Northern Region",56.3348,-120.97877,2023,FALSE,0,NA,NA,0.9932,0.9723,0.9995
"MYLU","294832_NE",294832,"NE","Northern Region",56.3348,-120.97877,2024,TRUE,4,1,1,0.9922,0.9726,0.999
"MYLU","294832_NE",294832,"NE","Northern Region",56.3348,-120.97877,2025,TRUE,4,1,1,0.9942,0.9763,0.9995
"MYLU","294832_NW",294832,"NW","Northern Region",56.33264,-121.00747,2017,TRUE,4,1,1,0.9659,0.8803,0.9974
"MYLU","294832_NW",294832,"NW","Northern Region",56.33264,-121.00747,2018,TRUE,4,1,1,0.9666,0.9215,0.9906
"MYLU","294832_NW",294832,"NW","Northern Region",56.33264,-121.00747,2019,TRUE,4,1,1,0.9767,0.9395,0.995
"MYLU","294832_NW",294832,"NW","Northern Region",56.33264,-121.00747,2020,TRUE,4,1,1,0.9668,0.9194,0.992
"MYLU","294832_NW",294832,"NW","Northern Region",56.33264,-121.00747,2021,TRUE,4,1,1,0.984,0.9533,0.9974
"MYLU","294832_NW",294832,"NW","Northern Region",56.33264,-121.00747,2022,TRUE,4,1,1,0.986,0.9592,0.9976
"MYLU","294832_NW",294832,"NW","Northern Region",56.33264,-121.00747,2023,FALSE,0,NA,NA,0.9916,0.9698,0.9992
"MYLU","294832_NW",294832,"NW","Northern Region",56.33264,-121.00747,2024,TRUE,4,1,1,0.9898,0.9686,0.9984
"MYLU","294832_NW",294832,"NW","Northern Region",56.33264,-121.00747,2025,TRUE,4,1,1,0.9927,0.9743,0.9992
"MYLU","294832_SE",294832,"SE","Northern Region",56.30206,-120.94608,2017,TRUE,4,1,1,0.9171,0.7523,0.9913
"MYLU","294832_SE",294832,"SE","Northern Region",56.30206,-120.94608,2018,TRUE,4,1,1,0.9282,0.8488,0.9771
"MYLU","294832_SE",294832,"SE","Northern Region",56.30206,-120.94608,2019,FALSE,0,NA,NA,0.953,0.889,0.9882
"MYLU","294832_SE",294832,"SE","Northern Region",56.30206,-120.94608,2020,TRUE,4,1,1,0.9301,0.8471,0.9802
"MYLU","294832_SE",294832,"SE","Northern Region",56.30206,-120.94608,2021,TRUE,4,1,1,0.972,0.9222,0.9948
"MYLU","294832_SE",294832,"SE","Northern Region",56.30206,-120.94608,2022,TRUE,3,1,1,0.9734,0.9301,0.9944
"MYLU","294832_SE",294832,"SE","Northern Region",56.30206,-120.94608,2023,FALSE,0,NA,NA,0.9851,0.9523,0.9983
"MYLU","294832_SE",294832,"SE","Northern Region",56.30206,-120.94608,2024,TRUE,4,1,1,0.9794,0.9434,0.996
"MYLU","294832_SE",294832,"SE","Northern Region",56.30206,-120.94608,2025,FALSE,0,NA,NA,0.9862,0.9581,0.9981
"MYLU","294832_SW",294832,"SW","Northern Region",56.30496,-121.00198,2017,TRUE,4,1,1,0.8866,0.651,0.9898
"MYLU","294832_SW",294832,"SW","Northern Region",56.30496,-121.00198,2018,FALSE,0,NA,NA,0.91,0.8017,0.9729
"MYLU","294832_SW",294832,"SW","Northern Region",56.30496,-121.00198,2019,TRUE,4,1,1,0.9423,0.8579,0.9867
"MYLU","294832_SW",294832,"SW","Northern Region",56.30496,-121.00198,2020,TRUE,4,1,1,0.9128,0.8061,0.9762
"MYLU","294832_SW",294832,"SW","Northern Region",56.30496,-121.00198,2021,TRUE,4,1,1,0.9651,0.9023,0.9936
"MYLU","294832_SW",294832,"SW","Northern Region",56.30496,-121.00198,2022,TRUE,4,1,1,0.968,0.912,0.994
"MYLU","294832_SW",294832,"SW","Northern Region",56.30496,-121.00198,2023,FALSE,0,NA,NA,0.9825,0.9415,0.9983
"MYLU","294832_SW",294832,"SW","Northern Region",56.30496,-121.00198,2024,TRUE,4,1,1,0.9752,0.9302,0.9956
"MYLU","294832_SW",294832,"SW","Northern Region",56.30496,-121.00198,2025,TRUE,4,1,1,0.9838,0.9476,0.9981
"MYLU","317428_NE",317428,"NE","South Coastal Region",49.06292,-120.79944,2017,FALSE,0,NA,NA,0.7964,0.3655,0.9873
"MYLU","317428_NE",317428,"NE","South Coastal Region",49.06292,-120.79944,2018,TRUE,4,1,1,0.7882,0.6032,0.9221
"MYLU","317428_NE",317428,"NE","South Coastal Region",49.06292,-120.79944,2019,TRUE,4,1,1,0.8589,0.7024,0.9573
"MYLU","317428_NE",317428,"NE","South Coastal Region",49.06292,-120.79944,2020,TRUE,4,1,1,0.7463,0.546,0.9046
"MYLU","317428_NE",317428,"NE","South Coastal Region",49.06292,-120.79944,2021,TRUE,4,1,1,0.9024,0.7683,0.9761
"MYLU","317428_NE",317428,"NE","South Coastal Region",49.06292,-120.79944,2022,TRUE,4,1,1,0.9022,0.7656,0.9763
"MYLU","317428_NE",317428,"NE","South Coastal Region",49.06292,-120.79944,2023,TRUE,4,1,1,0.9454,0.8401,0.993
"MYLU","317428_NE",317428,"NE","South Coastal Region",49.06292,-120.79944,2024,TRUE,4,1,1,0.9184,0.7901,0.983
"MYLU","317428_NE",317428,"NE","South Coastal Region",49.06292,-120.79944,2025,TRUE,4,1,1,0.9464,0.8414,0.9931
"MYLU","317428_NW",317428,"NW","South Coastal Region",49.06417,-120.90943,2017,FALSE,0,NA,NA,0.787,0.3091,0.991
"MYLU","317428_NW",317428,"NW","South Coastal Region",49.06417,-120.90943,2018,TRUE,4,0,0.0078,0.7137,0.4333,0.9168
"MYLU","317428_NW",317428,"NW","South Coastal Region",49.06417,-120.90943,2019,TRUE,4,0,0.0509,0.8114,0.5944,0.9538
"MYLU","317428_NW",317428,"NW","South Coastal Region",49.06417,-120.90943,2020,TRUE,4,1,1,0.6968,0.4608,0.9097
"MYLU","317428_NW",317428,"NW","South Coastal Region",49.06417,-120.90943,2021,TRUE,4,1,1,0.8866,0.6997,0.9806
"MYLU","317428_NW",317428,"NW","South Coastal Region",49.06417,-120.90943,2022,TRUE,4,1,1,0.8726,0.667,0.9785
"MYLU","317428_NW",317428,"NW","South Coastal Region",49.06417,-120.90943,2023,TRUE,4,1,1,0.9284,0.7599,0.9944
"MYLU","317428_NW",317428,"NW","South Coastal Region",49.06417,-120.90943,2024,TRUE,4,1,1,0.8873,0.6833,0.984
"MYLU","317428_NW",317428,"NW","South Coastal Region",49.06417,-120.90943,2025,TRUE,4,1,1,0.9294,0.7729,0.994
"MYLU","317428_SE",317428,"SE","South Coastal Region",49.06053,-120.77309,2017,FALSE,0,NA,NA,0.7812,0.3495,0.9839
"MYLU","317428_SE",317428,"SE","South Coastal Region",49.06053,-120.77309,2018,TRUE,4,1,1,0.719,0.5012,0.8878
"MYLU","317428_SE",317428,"SE","South Coastal Region",49.06053,-120.77309,2019,TRUE,4,1,1,0.8086,0.6253,0.9334
"MYLU","317428_SE",317428,"SE","South Coastal Region",49.06053,-120.77309,2020,TRUE,4,1,1,0.7065,0.505,0.8735
"MYLU","317428_SE",317428,"SE","South Coastal Region",49.06053,-120.77309,2021,TRUE,4,1,1,0.8851,0.7352,0.9702
"MYLU","317428_SE",317428,"SE","South Coastal Region",49.06053,-120.77309,2022,TRUE,4,1,1,0.8811,0.728,0.9682
"MYLU","317428_SE",317428,"SE","South Coastal Region",49.06053,-120.77309,2023,TRUE,4,1,1,0.9335,0.8151,0.9909
"MYLU","317428_SE",317428,"SE","South Coastal Region",49.06053,-120.77309,2024,TRUE,4,1,1,0.8992,0.7548,0.9773
"MYLU","317428_SE",317428,"SE","South Coastal Region",49.06053,-120.77309,2025,FALSE,0,NA,NA,0.9339,0.8121,0.9906
"MYLU","317428_SW",317428,"SW","South Coastal Region",49.04617,-120.85085,2017,FALSE,0,NA,NA,0.8685,0.4308,0.9975
"MYLU","317428_SW",317428,"SW","South Coastal Region",49.04617,-120.85085,2018,TRUE,4,1,1,0.8894,0.7056,0.9773
"MYLU","317428_SW",317428,"SW","South Coastal Region",49.04617,-120.85085,2019,TRUE,4,1,1,0.9269,0.7913,0.9881
"MYLU","317428_SW",317428,"SW","South Coastal Region",49.04617,-120.85085,2020,TRUE,4,1,1,0.8901,0.7095,0.9798
"MYLU","317428_SW",317428,"SW","South Coastal Region",49.04617,-120.85085,2021,TRUE,4,1,1,0.953,0.8352,0.9949
"MYLU","317428_SW",317428,"SW","South Coastal Region",49.04617,-120.85085,2022,TRUE,4,1,1,0.9575,0.8415,0.9954
"MYLU","317428_SW",317428,"SW","South Coastal Region",49.04617,-120.85085,2023,TRUE,4,1,1,0.9744,0.8842,0.9986
"MYLU","317428_SW",317428,"SW","South Coastal Region",49.04617,-120.85085,2024,FALSE,0,NA,NA,0.9674,0.8774,0.9969
"MYLU","317428_SW",317428,"SW","South Coastal Region",49.04617,-120.85085,2025,FALSE,0,NA,NA,0.9772,0.9006,0.9987
"MYLU","326072_NE",326072,"NE","South Coastal Region",49.09743,-122.51957,2017,TRUE,3,1,1,0.7102,0.4594,0.9035
"MYLU","326072_NE",326072,"NE","South Coastal Region",49.09743,-122.51957,2018,TRUE,3,1,1,0.7819,0.6447,0.8875
"MYLU","326072_NE",326072,"NE","South Coastal Region",49.09743,-122.51957,2019,TRUE,3,1,1,0.8538,0.734,0.9385
"MYLU","326072_NE",326072,"NE","South Coastal Region",49.09743,-122.51957,2020,TRUE,4,1,1,0.8041,0.6741,0.906
"MYLU","326072_NE",326072,"NE","South Coastal Region",49.09743,-122.51957,2021,TRUE,4,1,1,0.9085,0.8113,0.969
"MYLU","326072_NE",326072,"NE","South Coastal Region",49.09743,-122.51957,2022,TRUE,4,1,1,0.9196,0.8344,0.9727
"MYLU","326072_NE",326072,"NE","South Coastal Region",49.09743,-122.51957,2023,TRUE,4,1,1,0.9526,0.8819,0.9899
"MYLU","326072_NE",326072,"NE","South Coastal Region",49.09743,-122.51957,2024,FALSE,0,NA,NA,0.941,0.8675,0.9832
"MYLU","326072_NE",326072,"NE","South Coastal Region",49.09743,-122.51957,2025,FALSE,0,NA,NA,0.9573,0.892,0.9902
"MYLU","326072_NW",326072,"NW","South Coastal Region",49.05235,-122.58989,2017,TRUE,4,1,1,0.7314,0.4945,0.911
"MYLU","326072_NW",326072,"NW","South Coastal Region",49.05235,-122.58989,2018,TRUE,3,0,0.1556,0.8042,0.6724,0.9019
"MYLU","326072_NW",326072,"NW","South Coastal Region",49.05235,-122.58989,2019,TRUE,3,1,1,0.8713,0.7568,0.9486
"MYLU","326072_NW",326072,"NW","South Coastal Region",49.05235,-122.58989,2020,TRUE,4,1,1,0.8367,0.7129,0.9262
"MYLU","326072_NW",326072,"NW","South Coastal Region",49.05235,-122.58989,2021,TRUE,4,1,1,0.9229,0.8305,0.9754
"MYLU","326072_NW",326072,"NW","South Coastal Region",49.05235,-122.58989,2022,TRUE,4,1,1,0.9305,0.8527,0.9774
"MYLU","326072_NW",326072,"NW","South Coastal Region",49.05235,-122.58989,2023,TRUE,3,1,1,0.9577,0.8951,0.991
"MYLU","326072_NW",326072,"NW","South Coastal Region",49.05235,-122.58989,2024,TRUE,4,1,1,0.946,0.8775,0.9847
"MYLU","326072_NW",326072,"NW","South Coastal Region",49.05235,-122.58989,2025,TRUE,4,1,1,0.9601,0.8996,0.991
"MYLU","326072_SE",326072,"SE","South Coastal Region",49.0144,-122.52755,2017,TRUE,4,1,1,0.7448,0.5181,0.9179
"MYLU","326072_SE",326072,"SE","South Coastal Region",49.0144,-122.52755,2018,TRUE,3,1,1,0.8095,0.6838,0.9026
"MYLU","326072_SE",326072,"SE","South Coastal Region",49.0144,-122.52755,2019,TRUE,3,1,1,0.8737,0.7631,0.9484
"MYLU","326072_SE",326072,"SE","South Coastal Region",49.0144,-122.52755,2020,TRUE,4,1,1,0.8411,0.721,0.9276
"MYLU","326072_SE",326072,"SE","South Coastal Region",49.0144,-122.52755,2021,TRUE,4,1,1,0.924,0.8348,0.9756
"MYLU","326072_SE",326072,"SE","South Coastal Region",49.0144,-122.52755,2022,TRUE,4,1,1,0.9345,0.8555,0.9793
"MYLU","326072_SE",326072,"SE","South Coastal Region",49.0144,-122.52755,2023,FALSE,0,NA,NA,0.9584,0.8956,0.9911
"MYLU","326072_SE",326072,"SE","South Coastal Region",49.0144,-122.52755,2024,FALSE,0,NA,NA,0.9474,0.8822,0.9849
"MYLU","326072_SE",326072,"SE","South Coastal Region",49.0144,-122.52755,2025,FALSE,0,NA,NA,0.961,0.9023,0.991
"MYLU","326072_SW",326072,"SW","South Coastal Region",49.01082,-122.58104,2017,TRUE,4,1,1,0.8975,0.67,0.9923
"MYLU","326072_SW",326072,"SW","South Coastal Region",49.01082,-122.58104,2018,TRUE,3,1,1,0.9018,0.7847,0.967
"MYLU","326072_SW",326072,"SW","South Coastal Region",49.01082,-122.58104,2019,TRUE,3,1,1,0.9262,0.8296,0.9777
"MYLU","326072_SW",326072,"SW","South Coastal Region",49.01082,-122.58104,2020,TRUE,4,1,1,0.9074,0.8042,0.9691
"MYLU","326072_SW",326072,"SW","South Coastal Region",49.01082,-122.58104,2021,TRUE,4,1,1,0.9482,0.8631,0.9891
"MYLU","326072_SW",326072,"SW","South Coastal Region",49.01082,-122.58104,2022,TRUE,4,1,1,0.9552,0.8782,0.9905
"MYLU","326072_SW",326072,"SW","South Coastal Region",49.01082,-122.58104,2023,TRUE,4,1,1,0.9671,0.9034,0.9952
"MYLU","326072_SW",326072,"SW","South Coastal Region",49.01082,-122.58104,2024,TRUE,4,1,1,0.9614,0.8949,0.9919
"MYLU","326072_SW",326072,"SW","South Coastal Region",49.01082,-122.58104,2025,TRUE,4,1,1,0.9689,0.9076,0.995
"MYLU","37274_NE",37274,"NE","Northern Region",53.08874,-119.20318,2017,FALSE,0,NA,NA,0.9643,0.8642,0.9976
"MYLU","37274_NE",37274,"NE","Northern Region",53.08874,-119.20318,2018,TRUE,4,1,1,0.9706,0.9215,0.994
"MYLU","37274_NE",37274,"NE","Northern Region",53.08874,-119.20318,2019,TRUE,3,1,1,0.9804,0.9398,0.997
"MYLU","37274_NE",37274,"NE","Northern Region",53.08874,-119.20318,2020,TRUE,4,1,1,0.9723,0.9189,0.9952
"MYLU","37274_NE",37274,"NE","Northern Region",53.08874,-119.20318,2021,TRUE,4,1,1,0.9876,0.954,0.9988
"MYLU","37274_NE",37274,"NE","Northern Region",53.08874,-119.20318,2022,TRUE,3,1,1,0.9893,0.9587,0.999
"MYLU","37274_NE",37274,"NE","Northern Region",53.08874,-119.20318,2023,FALSE,0,NA,NA,0.9935,0.9679,0.9997
"MYLU","37274_NE",37274,"NE","Northern Region",53.08874,-119.20318,2024,TRUE,3,1,1,0.9923,0.9682,0.9993
"MYLU","37274_NE",37274,"NE","Northern Region",53.08874,-119.20318,2025,FALSE,0,NA,NA,0.9944,0.9737,0.9997
"MYLU","37274_SE",37274,"SE","Northern Region",53.05051,-119.21418,2017,FALSE,0,NA,NA,0.9566,0.8546,0.9961
"MYLU","37274_SE",37274,"SE","Northern Region",53.05051,-119.21418,2018,TRUE,4,1,1,0.9432,0.8733,0.9834
"MYLU","37274_SE",37274,"SE","Northern Region",53.05051,-119.21418,2019,TRUE,3,1,1,0.9602,0.9024,0.9912
"MYLU","37274_SE",37274,"SE","Northern Region",53.05051,-119.21418,2020,FALSE,0,NA,NA,0.9368,0.8561,0.9836
"MYLU","37274_SE",37274,"SE","Northern Region",53.05051,-119.21418,2021,TRUE,4,1,1,0.9746,0.9282,0.9957
"MYLU","37274_SE",37274,"SE","Northern Region",53.05051,-119.21418,2022,TRUE,3,1,1,0.9782,0.9385,0.9963
"MYLU","37274_SE",37274,"SE","Northern Region",53.05051,-119.21418,2023,FALSE,0,NA,NA,0.9877,0.9574,0.999
"MYLU","37274_SE",37274,"SE","Northern Region",53.05051,-119.21418,2024,TRUE,3,1,1,0.9837,0.9526,0.9975
"MYLU","37274_SE",37274,"SE","Northern Region",53.05051,-119.21418,2025,FALSE,0,NA,NA,0.989,0.9643,0.9989
"MYLU","37274_SW",37274,"SW","Northern Region",53.03564,-119.22895,2017,FALSE,0,NA,NA,0.8818,0.6342,0.9898
"MYLU","37274_SW",37274,"SW","Northern Region",53.03564,-119.22895,2018,TRUE,3,1,1,0.9033,0.7914,0.9704
"MYLU","37274_SW",37274,"SW","Northern Region",53.03564,-119.22895,2019,TRUE,3,1,1,0.9378,0.8479,0.9855
"MYLU","37274_SW",37274,"SW","Northern Region",53.03564,-119.22895,2020,TRUE,4,1,1,0.9012,0.7838,0.9719
"MYLU","37274_SW",37274,"SW","Northern Region",53.03564,-119.22895,2021,TRUE,3,1,1,0.9628,0.8962,0.9932
"MYLU","37274_SW",37274,"SW","Northern Region",53.03564,-119.22895,2022,TRUE,3,1,1,0.9666,0.9071,0.9939
"MYLU","37274_SW",37274,"SW","Northern Region",53.03564,-119.22895,2023,FALSE,0,NA,NA,0.9819,0.9385,0.9983
"MYLU","37274_SW",37274,"SW","Northern Region",53.03564,-119.22895,2024,TRUE,3,1,1,0.9743,0.9274,0.9955
"MYLU","37274_SW",37274,"SW","Northern Region",53.03564,-119.22895,2025,FALSE,0,NA,NA,0.9833,0.9458,0.998
"MYLU","38442_NW",38442,"NW","Okanagan Region",51.51999,-122.28978,2017,FALSE,0,NA,NA,0.849,0.63,0.9705
"MYLU","38442_NW",38442,"NW","Okanagan Region",51.51999,-122.28978,2018,TRUE,3,1,1,0.8509,0.731,0.9331
"MYLU","38442_NW",38442,"NW","Okanagan Region",51.51999,-122.28978,2019,FALSE,0,NA,NA,0.8944,0.7965,0.9598
"MYLU","38442_NW",38442,"NW","Okanagan Region",51.51999,-122.28978,2020,TRUE,4,1,1,0.8563,0.746,0.9384
"MYLU","38442_NW",38442,"NW","Okanagan Region",51.51999,-122.28978,2021,TRUE,4,1,1,0.9338,0.8541,0.9798
"MYLU","38442_NW",38442,"NW","Okanagan Region",51.51999,-122.28978,2022,FALSE,0,NA,NA,0.9439,0.8708,0.9836
"MYLU","38442_NW",38442,"NW","Okanagan Region",51.51999,-122.28978,2023,TRUE,4,1,1,0.9675,0.9144,0.9938
"MYLU","38442_NW",38442,"NW","Okanagan Region",51.51999,-122.28978,2024,TRUE,4,1,1,0.9601,0.904,0.9898
"MYLU","38442_NW",38442,"NW","Okanagan Region",51.51999,-122.28978,2025,TRUE,4,1,1,0.9711,0.9228,0.9943
"MYLU","38442_SW",38442,"SW","Okanagan Region",51.50238,-122.28992,2017,FALSE,0,NA,NA,0.8612,0.6472,0.975
"MYLU","38442_SW",38442,"SW","Okanagan Region",51.50238,-122.28992,2018,TRUE,3,1,1,0.8571,0.7398,0.9368
"MYLU","38442_SW",38442,"SW","Okanagan Region",51.50238,-122.28992,2019,TRUE,4,1,1,0.8978,0.803,0.9616
"MYLU","38442_SW",38442,"SW","Okanagan Region",51.50238,-122.28992,2020,TRUE,4,1,1,0.8603,0.7493,0.9406
"MYLU","38442_SW",38442,"SW","Okanagan Region",51.50238,-122.28992,2021,TRUE,4,1,1,0.9355,0.8572,0.9805
"MYLU","38442_SW",38442,"SW","Okanagan Region",51.50238,-122.28992,2022,TRUE,4,1,1,0.945,0.8739,0.9842
"MYLU","38442_SW",38442,"SW","Okanagan Region",51.50238,-122.28992,2023,TRUE,4,1,1,0.968,0.9151,0.9938
"MYLU","38442_SW",38442,"SW","Okanagan Region",51.50238,-122.28992,2024,TRUE,4,1,1,0.9607,0.9055,0.9904
"MYLU","38442_SW",38442,"SW","Okanagan Region",51.50238,-122.28992,2025,FALSE,0,NA,NA,0.9716,0.9227,0.9945
"MYLU","42026_NE",42026,"NE","Northern Region",55.85527,-121.65345,2017,FALSE,0,NA,NA,0.9651,0.8784,0.9973
"MYLU","42026_NE",42026,"NE","Northern Region",55.85527,-121.65345,2018,FALSE,0,NA,NA,0.9584,0.9073,0.9876
"MYLU","42026_NE",42026,"NE","Northern Region",55.85527,-121.65345,2019,FALSE,0,NA,NA,0.9702,0.9258,0.993
"MYLU","42026_NE",42026,"NE","Northern Region",55.85527,-121.65345,2020,FALSE,0,NA,NA,0.956,0.8977,0.9886
"MYLU","42026_NE",42026,"NE","Northern Region",55.85527,-121.65345,2021,FALSE,0,NA,NA,0.9808,0.9459,0.9967
"MYLU","42026_NE",42026,"NE","Northern Region",55.85527,-121.65345,2022,TRUE,4,1,1,0.9839,0.9541,0.9972
"MYLU","42026_NE",42026,"NE","Northern Region",55.85527,-121.65345,2023,FALSE,0,NA,NA,0.9906,0.967,0.9992
"MYLU","42026_NE",42026,"NE","Northern Region",55.85527,-121.65345,2024,TRUE,4,1,1,0.9885,0.9648,0.9982
"MYLU","42026_NE",42026,"NE","Northern Region",55.85527,-121.65345,2025,TRUE,4,1,1,0.9919,0.9727,0.9991
"MYLU","42026_NW",42026,"NW","Northern Region",55.83616,-121.71691,2017,FALSE,0,NA,NA,0.9548,0.8547,0.9955
"MYLU","42026_NW",42026,"NW","Northern Region",55.83616,-121.71691,2018,FALSE,0,NA,NA,0.9455,0.8847,0.9823
"MYLU","42026_NW",42026,"NW","Northern Region",55.83616,-121.71691,2019,FALSE,0,NA,NA,0.9615,0.9095,0.9901
"MYLU","42026_NW",42026,"NW","Northern Region",55.83616,-121.71691,2020,FALSE,0,NA,NA,0.9422,0.8733,0.9838
"MYLU","42026_NW",42026,"NW","Northern Region",55.83616,-121.71691,2021,FALSE,0,NA,NA,0.9759,0.9344,0.9955
"MYLU","42026_NW",42026,"NW","Northern Region",55.83616,-121.71691,2022,TRUE,3,1,1,0.9796,0.9441,0.9961
"MYLU","42026_NW",42026,"NW","Northern Region",55.83616,-121.71691,2023,FALSE,0,NA,NA,0.9884,0.9612,0.9989
"MYLU","42026_NW",42026,"NW","Northern Region",55.83616,-121.71691,2024,TRUE,4,1,1,0.9852,0.9582,0.9975
"MYLU","42026_NW",42026,"NW","Northern Region",55.83616,-121.71691,2025,TRUE,3,1,1,0.9899,0.9678,0.9988
"MYLU","42026_SE",42026,"SE","Northern Region",55.81797,-121.66405,2017,FALSE,0,NA,NA,0.9683,0.8861,0.9979
"MYLU","42026_SE",42026,"SE","Northern Region",55.81797,-121.66405,2018,FALSE,0,NA,NA,0.9597,0.9092,0.9883
"MYLU","42026_SE",42026,"SE","Northern Region",55.81797,-121.66405,2019,FALSE,0,NA,NA,0.9703,0.9267,0.993
"MYLU","42026_SE",42026,"SE","Northern Region",55.81797,-121.66405,2020,FALSE,0,NA,NA,0.9565,0.8978,0.9888
"MYLU","42026_SE",42026,"SE","Northern Region",55.81797,-121.66405,2021,FALSE,0,NA,NA,0.9802,0.9452,0.9967
"MYLU","42026_SE",42026,"SE","Northern Region",55.81797,-121.66405,2022,TRUE,4,1,1,0.9835,0.9527,0.9972
"MYLU","42026_SE",42026,"SE","Northern Region",55.81797,-121.66405,2023,FALSE,0,NA,NA,0.9902,0.9654,0.9991
"MYLU","42026_SE",42026,"SE","Northern Region",55.81797,-121.66405,2024,TRUE,4,1,1,0.9884,0.9646,0.9982
"MYLU","42026_SE",42026,"SE","Northern Region",55.81797,-121.66405,2025,TRUE,4,1,1,0.9917,0.9712,0.9991
"MYLU","42026_SW",42026,"SW","Northern Region",55.81131,-121.70131,2017,FALSE,0,NA,NA,0.9651,0.8792,0.9973
"MYLU","42026_SW",42026,"SW","Northern Region",55.81131,-121.70131,2018,FALSE,0,NA,NA,0.9619,0.9131,0.989
"MYLU","42026_SW",42026,"SW","Northern Region",55.81131,-121.70131,2019,FALSE,0,NA,NA,0.9728,0.9318,0.9936
"MYLU","42026_SW",42026,"SW","Northern Region",55.81131,-121.70131,2020,FALSE,0,NA,NA,0.9609,0.9072,0.99
"MYLU","42026_SW",42026,"SW","Northern Region",55.81131,-121.70131,2021,FALSE,0,NA,NA,0.9822,0.9478,0.9972
"MYLU","42026_SW",42026,"SW","Northern Region",55.81131,-121.70131,2022,TRUE,4,1,1,0.9851,0.955,0.9975
"MYLU","42026_SW",42026,"SW","Northern Region",55.81131,-121.70131,2023,FALSE,0,NA,NA,0.9912,0.9674,0.9992
"MYLU","42026_SW",42026,"SW","Northern Region",55.81131,-121.70131,2024,TRUE,4,1,1,0.9896,0.9677,0.9984
"MYLU","42026_SW",42026,"SW","Northern Region",55.81131,-121.70131,2025,TRUE,4,1,1,0.9925,0.9738,0.9992
"MYLU","47210_NW",47210,"NW","Okanagan Region",49.84159,-119.9783,2017,FALSE,0,NA,NA,0.8273,0.4927,0.9787
"MYLU","47210_NW",47210,"NW","Okanagan Region",49.84159,-119.9783,2018,FALSE,0,NA,NA,0.6063,0.3455,0.8335
"MYLU","47210_NW",47210,"NW","Okanagan Region",49.84159,-119.9783,2019,FALSE,0,NA,NA,0.7358,0.4994,0.9037
"MYLU","47210_NW",47210,"NW","Okanagan Region",49.84159,-119.9783,2020,FALSE,0,NA,NA,0.601,0.3897,0.8065
"MYLU","47210_NW",47210,"NW","Okanagan Region",49.84159,-119.9783,2021,FALSE,0,NA,NA,0.8303,0.5999,0.9548
"MYLU","47210_NW",47210,"NW","Okanagan Region",49.84159,-119.9783,2022,FALSE,0,NA,NA,0.808,0.5915,0.9442
"MYLU","47210_NW",47210,"NW","Okanagan Region",49.84159,-119.9783,2023,TRUE,4,1,1,0.89,0.7041,0.985
"MYLU","47210_NW",47210,"NW","Okanagan Region",49.84159,-119.9783,2024,TRUE,4,1,1,0.8318,0.6231,0.956
"MYLU","47210_NW",47210,"NW","Okanagan Region",49.84159,-119.9783,2025,TRUE,4,1,1,0.8875,0.6911,0.9834
"MYLU","47210_SE",47210,"SE","Okanagan Region",49.79638,-119.86985,2017,FALSE,0,NA,NA,0.8009,0.5135,0.9619
"MYLU","47210_SE",47210,"SE","Okanagan Region",49.79638,-119.86985,2018,FALSE,0,NA,NA,0.6793,0.4658,0.8519
"MYLU","47210_SE",47210,"SE","Okanagan Region",49.79638,-119.86985,2019,FALSE,0,NA,NA,0.774,0.5858,0.9106
"MYLU","47210_SE",47210,"SE","Okanagan Region",49.79638,-119.86985,2020,FALSE,0,NA,NA,0.6645,0.4782,0.8353
"MYLU","47210_SE",47210,"SE","Okanagan Region",49.79638,-119.86985,2021,FALSE,0,NA,NA,0.8589,0.6876,0.9588
"MYLU","47210_SE",47210,"SE","Okanagan Region",49.79638,-119.86985,2022,FALSE,0,NA,NA,0.8544,0.693,0.9537
"MYLU","47210_SE",47210,"SE","Okanagan Region",49.79638,-119.86985,2023,TRUE,4,1,1,0.9177,0.7862,0.9864
"MYLU","47210_SE",47210,"SE","Okanagan Region",49.79638,-119.86985,2024,TRUE,4,1,1,0.8782,0.7317,0.9653
"MYLU","47210_SE",47210,"SE","Okanagan Region",49.79638,-119.86985,2025,TRUE,4,0,0.0927,0.9172,0.7807,0.986
"MYLU","47210_SW",47210,"SW","Okanagan Region",49.79097,-119.95267,2017,FALSE,0,NA,NA,0.8438,0.5467,0.9795
"MYLU","47210_SW",47210,"SW","Okanagan Region",49.79097,-119.95267,2018,FALSE,0,NA,NA,0.7716,0.6113,0.8994
"MYLU","47210_SW",47210,"SW","Okanagan Region",49.79097,-119.95267,2019,FALSE,0,NA,NA,0.8472,0.713,0.9411
"MYLU","47210_SW",47210,"SW","Okanagan Region",49.79097,-119.95267,2020,FALSE,0,NA,NA,0.7576,0.604,0.8865
"MYLU","47210_SW",47210,"SW","Okanagan Region",49.79097,-119.95267,2021,FALSE,0,NA,NA,0.9111,0.8096,0.9731
"MYLU","47210_SW",47210,"SW","Okanagan Region",49.79097,-119.95267,2022,FALSE,0,NA,NA,0.9118,0.8142,0.9728
"MYLU","47210_SW",47210,"SW","Okanagan Region",49.79097,-119.95267,2023,TRUE,4,1,1,0.9526,0.8755,0.9928
"MYLU","47210_SW",47210,"SW","Okanagan Region",49.79097,-119.95267,2024,FALSE,0,NA,NA,0.9261,0.8304,0.9808
"MYLU","47210_SW",47210,"SW","Okanagan Region",49.79097,-119.95267,2025,TRUE,4,1,1,0.9523,0.8746,0.9919
"MYLU","47322_NE",47322,"NE","Northern Region",55.69808,-120.43213,2017,TRUE,4,1,1,0.9233,0.7644,0.9923
"MYLU","47322_NE",47322,"NE","Northern Region",55.69808,-120.43213,2018,TRUE,4,1,1,0.9033,0.8022,0.9681
"MYLU","47322_NE",47322,"NE","Northern Region",55.69808,-120.43213,2019,TRUE,4,0,0.2696,0.9339,0.8484,0.9823
"MYLU","47322_NE",47322,"NE","Northern Region",55.69808,-120.43213,2020,TRUE,4,1,1,0.8978,0.7825,0.9676
"MYLU","47322_NE",47322,"NE","Northern Region",55.69808,-120.43213,2021,TRUE,4,1,1,0.9602,0.8962,0.992
"MYLU","47322_NE",47322,"NE","Northern Region",55.69808,-120.43213,2022,TRUE,4,1,1,0.9649,0.9078,0.9923
"MYLU","47322_NE",47322,"NE","Northern Region",55.69808,-120.43213,2023,FALSE,0,NA,NA,0.981,0.939,0.9978
"MYLU","47322_NE",47322,"NE","Northern Region",55.69808,-120.43213,2024,TRUE,4,1,1,0.9737,0.928,0.9947
"MYLU","47322_NE",47322,"NE","Northern Region",55.69808,-120.43213,2025,TRUE,4,1,1,0.9825,0.9466,0.9977
"MYLU","47322_NW",47322,"NW","Northern Region",55.70016,-120.48989,2017,TRUE,4,1,1,0.9239,0.772,0.9918
"MYLU","47322_NW",47322,"NW","Northern Region",55.70016,-120.48989,2018,FALSE,0,NA,NA,0.9154,0.8318,0.9708
"MYLU","47322_NW",47322,"NW","Northern Region",55.70016,-120.48989,2019,TRUE,4,1,1,0.9421,0.8692,0.9833
"MYLU","47322_NW",47322,"NW","Northern Region",55.70016,-120.48989,2020,TRUE,4,0,0.2042,0.9127,0.8231,0.9725
"MYLU","47322_NW",47322,"NW","Northern Region",55.70016,-120.48989,2021,TRUE,4,1,1,0.9652,0.9115,0.9927
"MYLU","47322_NW",47322,"NW","Northern Region",55.70016,-120.48989,2022,TRUE,4,1,1,0.97,0.9242,0.9933
"MYLU","47322_NW",47322,"NW","Northern Region",55.70016,-120.48989,2023,FALSE,0,NA,NA,0.9835,0.949,0.9981
"MYLU","47322_NW",47322,"NW","Northern Region",55.70016,-120.48989,2024,TRUE,4,1,1,0.9778,0.9404,0.9954
"MYLU","47322_NW",47322,"NW","Northern Region",55.70016,-120.48989,2025,FALSE,0,NA,NA,0.9851,0.9558,0.9979
"MYLU","47322_SE",47322,"SE","Northern Region",55.64597,-120.40102,2017,TRUE,4,1,1,0.9042,0.7048,0.9909
"MYLU","47322_SE",47322,"SE","Northern Region",55.64597,-120.40102,2018,TRUE,4,1,1,0.8857,0.7657,0.9614
"MYLU","47322_SE",47322,"SE","Northern Region",55.64597,-120.40102,2019,TRUE,4,1,1,0.9226,0.8249,0.9792
"MYLU","47322_SE",47322,"SE","Northern Region",55.64597,-120.40102,2020,TRUE,2,1,1,0.8805,0.7522,0.9627
"MYLU","47322_SE",47322,"SE","Northern Region",55.64597,-120.40102,2021,FALSE,0,NA,NA,0.954,0.8794,0.9905
"MYLU","47322_SE",47322,"SE","Northern Region",55.64597,-120.40102,2022,TRUE,4,1,1,0.9588,0.8926,0.9912
"MYLU","47322_SE",47322,"SE","Northern Region",55.64597,-120.40102,2023,FALSE,0,NA,NA,0.9778,0.9297,0.9974
"MYLU","47322_SE",47322,"SE","Northern Region",55.64597,-120.40102,2024,FALSE,0,NA,NA,0.9686,0.9155,0.9935
"MYLU","47322_SE",47322,"SE","Northern Region",55.64597,-120.40102,2025,FALSE,0,NA,NA,0.9793,0.9368,0.9973
"MYLU","47322_SW",47322,"SW","Northern Region",55.65446,-120.49465,2017,TRUE,4,1,1,0.9599,0.8688,0.9964
"MYLU","47322_SW",47322,"SW","Northern Region",55.65446,-120.49465,2018,TRUE,4,1,1,0.9461,0.8873,0.9825
"MYLU","47322_SW",47322,"SW","Northern Region",55.65446,-120.49465,2019,TRUE,2,1,1,0.9607,0.9079,0.9896
"MYLU","47322_SW",47322,"SW","Northern Region",55.65446,-120.49465,2020,TRUE,4,1,1,0.9415,0.8729,0.9828
"MYLU","47322_SW",47322,"SW","Northern Region",55.65446,-120.49465,2021,TRUE,4,1,1,0.9745,0.9329,0.995
"MYLU","47322_SW",47322,"SW","Northern Region",55.65446,-120.49465,2022,TRUE,4,1,1,0.9787,0.9426,0.9957
"MYLU","47322_SW",47322,"SW","Northern Region",55.65446,-120.49465,2023,FALSE,0,NA,NA,0.9878,0.96,0.9986
"MYLU","47322_SW",47322,"SW","Northern Region",55.65446,-120.49465,2024,TRUE,4,1,1,0.9849,0.9575,0.9972
"MYLU","47322_SW",47322,"SW","Northern Region",55.65446,-120.49465,2025,TRUE,3,1,1,0.9894,0.9673,0.9986
"MYLU","57322_NE",57322,"NE","South Coastal Region",49.09454,-122.09881,2017,TRUE,4,1,1,0.6732,0.3841,0.896
"MYLU","57322_NE",57322,"NE","South Coastal Region",49.09454,-122.09881,2018,TRUE,2,1,1,0.7544,0.5952,0.8778
"MYLU","57322_NE",57322,"NE","South Coastal Region",49.09454,-122.09881,2019,TRUE,4,1,1,0.8333,0.6956,0.9297
"MYLU","57322_NE",57322,"NE","South Coastal Region",49.09454,-122.09881,2020,TRUE,4,1,1,0.7932,0.6486,0.9044
"MYLU","57322_NE",57322,"NE","South Coastal Region",49.09454,-122.09881,2021,TRUE,4,1,1,0.8979,0.7881,0.9663
"MYLU","57322_NE",57322,"NE","South Coastal Region",49.09454,-122.09881,2022,TRUE,3,1,1,0.9106,0.8104,0.9706
"MYLU","57322_NE",57322,"NE","South Coastal Region",49.09454,-122.09881,2023,TRUE,4,1,1,0.9465,0.8665,0.9888
"MYLU","57322_NE",57322,"NE","South Coastal Region",49.09454,-122.09881,2024,FALSE,0,NA,NA,0.9353,0.8507,0.9822
"MYLU","57322_NE",57322,"NE","South Coastal Region",49.09454,-122.09881,2025,FALSE,0,NA,NA,0.9524,0.8784,0.99
"MYLU","57322_NW",57322,"NW","South Coastal Region",49.07915,-122.16077,2017,TRUE,4,1,1,0.8632,0.6604,0.9782
"MYLU","57322_NW",57322,"NW","South Coastal Region",49.07915,-122.16077,2018,TRUE,4,1,1,0.8549,0.7432,0.9352
"MYLU","57322_NW",57322,"NW","South Coastal Region",49.07915,-122.16077,2019,TRUE,4,1,1,0.8885,0.7938,0.953
"MYLU","57322_NW",57322,"NW","South Coastal Region",49.07915,-122.16077,2020,TRUE,4,1,1,0.8623,0.7506,0.9408
"MYLU","57322_NW",57322,"NW","South Coastal Region",49.07915,-122.16077,2021,TRUE,4,1,1,0.9241,0.8383,0.9769
"MYLU","57322_NW",57322,"NW","South Coastal Region",49.07915,-122.16077,2022,TRUE,4,1,1,0.9366,0.8589,0.9805
"MYLU","57322_NW",57322,"NW","South Coastal Region",49.07915,-122.16077,2023,FALSE,0,NA,NA,0.9596,0.8938,0.9918
"MYLU","57322_NW",57322,"NW","South Coastal Region",49.07915,-122.16077,2024,FALSE,0,NA,NA,0.9577,0.8976,0.9889
"MYLU","57322_NW",57322,"NW","South Coastal Region",49.07915,-122.16077,2025,TRUE,4,1,1,0.9675,0.9119,0.9934
"MYLU","57322_SE",57322,"SE","South Coastal Region",49.0141,-122.09198,2017,FALSE,0,NA,NA,0.5671,0.207,0.8827
"MYLU","57322_SE",57322,"SE","South Coastal Region",49.0141,-122.09198,2018,TRUE,3,1,1,0.642,0.4307,0.8214
"MYLU","57322_SE",57322,"SE","South Coastal Region",49.0141,-122.09198,2019,TRUE,3,1,1,0.7298,0.5335,0.883
"MYLU","57322_SE",57322,"SE","South Coastal Region",49.0141,-122.09198,2020,TRUE,4,0,0.0113,0.6279,0.4429,0.808
"MYLU","57322_SE",57322,"SE","South Coastal Region",49.0141,-122.09198,2021,TRUE,4,1,1,0.8314,0.6563,0.9436
"MYLU","57322_SE",57322,"SE","South Coastal Region",49.0141,-122.09198,2022,TRUE,4,1,1,0.8249,0.6491,0.9409
"MYLU","57322_SE",57322,"SE","South Coastal Region",49.0141,-122.09198,2023,TRUE,4,1,1,0.8967,0.7485,0.9792
"MYLU","57322_SE",57322,"SE","South Coastal Region",49.0141,-122.09198,2024,FALSE,0,NA,NA,0.8515,0.6816,0.9571
"MYLU","57322_SE",57322,"SE","South Coastal Region",49.0141,-122.09198,2025,TRUE,4,1,1,0.8969,0.7444,0.9783
"MYLU","57322_SW",57322,"SW","South Coastal Region",49.01663,-122.15131,2017,FALSE,0,NA,NA,0.8978,0.6667,0.9927
"MYLU","57322_SW",57322,"SW","South Coastal Region",49.01663,-122.15131,2018,TRUE,4,1,1,0.8706,0.7448,0.9524
"MYLU","57322_SW",57322,"SW","South Coastal Region",49.01663,-122.15131,2019,TRUE,4,1,1,0.8944,0.7776,0.9659
"MYLU","57322_SW",57322,"SW","South Coastal Region",49.01663,-122.15131,2020,TRUE,4,1,1,0.8621,0.7149,0.9535
"MYLU","57322_SW",57322,"SW","South Coastal Region",49.01663,-122.15131,2021,TRUE,4,0,0.0404,0.921,0.803,0.9822
"MYLU","57322_SW",57322,"SW","South Coastal Region",49.01663,-122.15131,2022,TRUE,4,1,1,0.9324,0.8214,0.9852
"MYLU","57322_SW",57322,"SW","South Coastal Region",49.01663,-122.15131,2023,TRUE,3,1,1,0.9547,0.8562,0.9939
"MYLU","57322_SW",57322,"SW","South Coastal Region",49.01663,-122.15131,2024,FALSE,0,NA,NA,0.9527,0.8601,0.9913
"MYLU","57322_SW",57322,"SW","South Coastal Region",49.01663,-122.15131,2025,TRUE,2,1,1,0.9629,0.876,0.9951
"MYLU","58842_NW",58842,"NW","Northern Region",54.79952,-121.1886,2017,FALSE,0,NA,NA,0.9331,0.7968,0.9929
"MYLU","58842_NW",58842,"NW","Northern Region",54.79952,-121.1886,2018,FALSE,0,NA,NA,0.7697,0.5095,0.9358
"MYLU","58842_NW",58842,"NW","Northern Region",54.79952,-121.1886,2019,FALSE,0,NA,NA,0.8352,0.638,0.9578
"MYLU","58842_NW",58842,"NW","Northern Region",54.79952,-121.1886,2020,FALSE,0,NA,NA,0.7506,0.5262,0.9237
"MYLU","58842_NW",58842,"NW","Northern Region",54.79952,-121.1886,2021,FALSE,0,NA,NA,0.8925,0.714,0.9798
"MYLU","58842_NW",58842,"NW","Northern Region",54.79952,-121.1886,2022,FALSE,0,NA,NA,0.8957,0.7329,0.979
"MYLU","58842_NW",58842,"NW","Northern Region",54.79952,-121.1886,2023,FALSE,0,NA,NA,0.9398,0.8087,0.9933
"MYLU","58842_NW",58842,"NW","Northern Region",54.79952,-121.1886,2024,TRUE,4,1,1,0.9165,0.7724,0.9843
"MYLU","58842_NW",58842,"NW","Northern Region",54.79952,-121.1886,2025,TRUE,4,1,1,0.9429,0.8214,0.9932
"MYLU","58842_SE",58842,"SE","Northern Region",54.73781,-121.16052,2017,FALSE,0,NA,NA,0.9174,0.7439,0.9922
"MYLU","58842_SE",58842,"SE","Northern Region",54.73781,-121.16052,2018,FALSE,0,NA,NA,0.8044,0.5844,0.9411
"MYLU","58842_SE",58842,"SE","Northern Region",54.73781,-121.16052,2019,FALSE,0,NA,NA,0.8615,0.6931,0.9636
"MYLU","58842_SE",58842,"SE","Northern Region",54.73781,-121.16052,2020,FALSE,0,NA,NA,0.7875,0.5778,0.9354
"MYLU","58842_SE",58842,"SE","Northern Region",54.73781,-121.16052,2021,FALSE,0,NA,NA,0.9115,0.7556,0.9828
"MYLU","58842_SE",58842,"SE","Northern Region",54.73781,-121.16052,2022,FALSE,0,NA,NA,0.9156,0.7744,0.9824
"MYLU","58842_SE",58842,"SE","Northern Region",54.73781,-121.16052,2023,FALSE,0,NA,NA,0.9523,0.8398,0.9947
"MYLU","58842_SE",58842,"SE","Northern Region",54.73781,-121.16052,2024,TRUE,4,1,1,0.9337,0.82,0.9872
"MYLU","58842_SE",58842,"SE","Northern Region",54.73781,-121.16052,2025,TRUE,4,1,1,0.955,0.8583,0.9946
"MYLU","58842_SW",58842,"SW","Northern Region",54.75716,-121.25541,2017,FALSE,0,NA,NA,0.896,0.6653,0.9911
"MYLU","58842_SW",58842,"SW","Northern Region",54.75716,-121.25541,2018,FALSE,0,NA,NA,0.7632,0.5101,0.928
"MYLU","58842_SW",58842,"SW","Northern Region",54.75716,-121.25541,2019,FALSE,0,NA,NA,0.8372,0.6492,0.9564
"MYLU","58842_SW",58842,"SW","Northern Region",54.75716,-121.25541,2020,FALSE,0,NA,NA,0.7493,0.5259,0.9199
"MYLU","58842_SW",58842,"SW","Northern Region",54.75716,-121.25541,2021,FALSE,0,NA,NA,0.8979,0.7214,0.9799
"MYLU","58842_SW",58842,"SW","Northern Region",54.75716,-121.25541,2022,FALSE,0,NA,NA,0.8982,0.7371,0.978
"MYLU","58842_SW",58842,"SW","Northern Region",54.75716,-121.25541,2023,FALSE,0,NA,NA,0.9431,0.8134,0.9936
"MYLU","58842_SW",58842,"SW","Northern Region",54.75716,-121.25541,2024,TRUE,4,1,1,0.9174,0.7799,0.9836
"MYLU","58842_SW",58842,"SW","Northern Region",54.75716,-121.25541,2025,TRUE,4,1,1,0.9451,0.8301,0.9933
"MYLU","5994_NE",5994,"NE","Kootenay Region",49.26067,-115.24894,2017,FALSE,0,NA,NA,0.7894,0.5683,0.9337
"MYLU","5994_NE",5994,"NE","Kootenay Region",49.26067,-115.24894,2018,FALSE,0,NA,NA,0.86,0.7383,0.9432
"MYLU","5994_NE",5994,"NE","Kootenay Region",49.26067,-115.24894,2019,FALSE,0,NA,NA,0.9111,0.814,0.972
"MYLU","5994_NE",5994,"NE","Kootenay Region",49.26067,-115.24894,2020,TRUE,4,1,1,0.9011,0.8044,0.9665
"MYLU","5994_NE",5994,"NE","Kootenay Region",49.26067,-115.24894,2021,TRUE,4,1,1,0.9518,0.8735,0.9899
"MYLU","5994_NE",5994,"NE","Kootenay Region",49.26067,-115.24894,2022,TRUE,4,1,1,0.9605,0.8925,0.9914
"MYLU","5994_NE",5994,"NE","Kootenay Region",49.26067,-115.24894,2023,TRUE,4,1,1,0.9764,0.9214,0.9969
"MYLU","5994_NE",5994,"NE","Kootenay Region",49.26067,-115.24894,2024,TRUE,4,1,1,0.9738,0.9258,0.9949
"MYLU","5994_NE",5994,"NE","Kootenay Region",49.26067,-115.24894,2025,FALSE,0,NA,NA,0.9808,0.9386,0.9972
"MYLU","5994_SE",5994,"SE","Kootenay Region",49.21228,-115.26277,2017,FALSE,0,NA,NA,0.6531,0.4039,0.8599
"MYLU","5994_SE",5994,"SE","Kootenay Region",49.21228,-115.26277,2018,FALSE,0,NA,NA,0.8201,0.6526,0.9291
"MYLU","5994_SE",5994,"SE","Kootenay Region",49.21228,-115.26277,2019,FALSE,0,NA,NA,0.8979,0.7754,0.968
"MYLU","5994_SE",5994,"SE","Kootenay Region",49.21228,-115.26277,2020,TRUE,4,1,1,0.8848,0.7663,0.9602
"MYLU","5994_SE",5994,"SE","Kootenay Region",49.21228,-115.26277,2021,TRUE,4,1,1,0.9506,0.8693,0.9892
"MYLU","5994_SE",5994,"SE","Kootenay Region",49.21228,-115.26277,2022,TRUE,4,1,1,0.9587,0.8915,0.991
"MYLU","5994_SE",5994,"SE","Kootenay Region",49.21228,-115.26277,2023,TRUE,4,1,1,0.977,0.9284,0.9969
"MYLU","5994_SE",5994,"SE","Kootenay Region",49.21228,-115.26277,2024,TRUE,4,1,1,0.9711,0.9198,0.9943
"MYLU","5994_SE",5994,"SE","Kootenay Region",49.21228,-115.26277,2025,FALSE,0,NA,NA,0.9799,0.9389,0.9972
"MYLU","60586_NW",60586,"NW","Kootenay Region",50.93041,-116.39001,2017,FALSE,0,NA,NA,0.728,0.5115,0.8907
"MYLU","60586_NW",60586,"NW","Kootenay Region",50.93041,-116.39001,2018,FALSE,0,NA,NA,0.8397,0.7091,0.9285
"MYLU","60586_NW",60586,"NW","Kootenay Region",50.93041,-116.39001,2019,FALSE,0,NA,NA,0.9046,0.812,0.9651
"MYLU","60586_NW",60586,"NW","Kootenay Region",50.93041,-116.39001,2020,TRUE,4,1,1,0.886,0.7859,0.9566
"MYLU","60586_NW",60586,"NW","Kootenay Region",50.93041,-116.39001,2021,TRUE,4,1,1,0.9511,0.8859,0.987
"MYLU","60586_NW",60586,"NW","Kootenay Region",50.93041,-116.39001,2022,TRUE,4,1,1,0.9592,0.9056,0.989
"MYLU","60586_NW",60586,"NW","Kootenay Region",50.93041,-116.39001,2023,TRUE,4,1,1,0.9772,0.9352,0.9962
"MYLU","60586_NW",60586,"NW","Kootenay Region",50.93041,-116.39001,2024,TRUE,4,1,1,0.9695,0.9241,0.9931
"MYLU","60586_NW",60586,"NW","Kootenay Region",50.93041,-116.39001,2025,TRUE,4,1,1,0.9787,0.9413,0.9963
"MYLU","60586_SW",60586,"SW","Kootenay Region",50.90342,-116.39335,2017,FALSE,0,NA,NA,0.9088,0.595,0.9976
"MYLU","60586_SW",60586,"SW","Kootenay Region",50.90342,-116.39335,2018,FALSE,0,NA,NA,0.9401,0.7828,0.9926
"MYLU","60586_SW",60586,"SW","Kootenay Region",50.90342,-116.39335,2019,FALSE,0,NA,NA,0.9599,0.8475,0.9953
"MYLU","60586_SW",60586,"SW","Kootenay Region",50.90342,-116.39335,2020,TRUE,4,1,1,0.9603,0.8684,0.9947
"MYLU","60586_SW",60586,"SW","Kootenay Region",50.90342,-116.39335,2021,TRUE,4,1,1,0.9763,0.902,0.9984
"MYLU","60586_SW",60586,"SW","Kootenay Region",50.90342,-116.39335,2022,TRUE,4,1,1,0.9802,0.9146,0.9987
"MYLU","60586_SW",60586,"SW","Kootenay Region",50.90342,-116.39335,2023,TRUE,3,1,1,0.9859,0.9272,0.9995
"MYLU","60586_SW",60586,"SW","Kootenay Region",50.90342,-116.39335,2024,TRUE,4,1,1,0.9865,0.933,0.9993
"MYLU","60586_SW",60586,"SW","Kootenay Region",50.90342,-116.39335,2025,TRUE,4,1,1,0.9891,0.9393,0.9996
"MYLU","6202_NE",6202,"NE","South Coastal Region",48.53741,-123.50119,2017,FALSE,0,NA,NA,0.8421,0.6438,0.9658
"MYLU","6202_NE",6202,"NE","South Coastal Region",48.53741,-123.50119,2018,TRUE,4,1,1,0.8563,0.756,0.9314
"MYLU","6202_NE",6202,"NE","South Coastal Region",48.53741,-123.50119,2019,TRUE,4,1,1,0.8995,0.8181,0.957
"MYLU","6202_NE",6202,"NE","South Coastal Region",48.53741,-123.50119,2020,FALSE,0,NA,NA,0.8729,0.7758,0.9427
"MYLU","6202_NE",6202,"NE","South Coastal Region",48.53741,-123.50119,2021,TRUE,4,1,1,0.9379,0.8688,0.98
"MYLU","6202_NE",6202,"NE","South Coastal Region",48.53741,-123.50119,2022,TRUE,4,1,1,0.9479,0.889,0.9828
"MYLU","6202_NE",6202,"NE","South Coastal Region",48.53741,-123.50119,2023,TRUE,4,1,1,0.9688,0.9194,0.9935
"MYLU","6202_NE",6202,"NE","South Coastal Region",48.53741,-123.50119,2024,TRUE,3,1,1,0.9633,0.9144,0.9898
"MYLU","6202_NE",6202,"NE","South Coastal Region",48.53741,-123.50119,2025,FALSE,0,NA,NA,0.9728,0.9285,0.9943
"MYLU","6202_NW",6202,"NW","South Coastal Region",48.50788,-123.60088,2017,FALSE,0,NA,NA,0.8488,0.6079,0.9767
"MYLU","6202_NW",6202,"NW","South Coastal Region",48.50788,-123.60088,2018,TRUE,4,0,0.012,0.7891,0.6322,0.9049
"MYLU","6202_NW",6202,"NW","South Coastal Region",48.50788,-123.60088,2019,TRUE,3,0,0.0682,0.8402,0.7068,0.9339
"MYLU","6202_NW",6202,"NW","South Coastal Region",48.50788,-123.60088,2020,TRUE,4,1,1,0.7802,0.6142,0.9061
"MYLU","6202_NW",6202,"NW","South Coastal Region",48.50788,-123.60088,2021,TRUE,4,0,0.0433,0.8934,0.7718,0.9673
"MYLU","6202_NW",6202,"NW","South Coastal Region",48.50788,-123.60088,2022,TRUE,2,0,0.1084,0.9062,0.7982,0.9711
"MYLU","6202_NW",6202,"NW","South Coastal Region",48.50788,-123.60088,2023,TRUE,3,1,1,0.9439,0.8571,0.9889
"MYLU","6202_NW",6202,"NW","South Coastal Region",48.50788,-123.60088,2024,FALSE,0,NA,NA,0.9317,0.8395,0.9818
"MYLU","6202_NW",6202,"NW","South Coastal Region",48.50788,-123.60088,2025,FALSE,0,NA,NA,0.9497,0.8708,0.9903
"MYLU","6202_SE",6202,"SE","South Coastal Region",48.48934,-123.5079,2017,FALSE,0,NA,NA,0.84,0.6469,0.965
"MYLU","6202_SE",6202,"SE","South Coastal Region",48.48934,-123.5079,2018,TRUE,4,1,1,0.8407,0.7413,0.9182
"MYLU","6202_SE",6202,"SE","South Coastal Region",48.48934,-123.5079,2019,TRUE,4,1,1,0.8844,0.7962,0.9483
"MYLU","6202_SE",6202,"SE","South Coastal Region",48.48934,-123.5079,2020,FALSE,0,NA,NA,0.8507,0.7495,0.9269
"MYLU","6202_SE",6202,"SE","South Coastal Region",48.48934,-123.5079,2021,TRUE,4,1,1,0.9259,0.8493,0.9748
"MYLU","6202_SE",6202,"SE","South Coastal Region",48.48934,-123.5079,2022,TRUE,4,1,1,0.9359,0.8684,0.9767
"MYLU","6202_SE",6202,"SE","South Coastal Region",48.48934,-123.5079,2023,FALSE,0,NA,NA,0.9592,0.9031,0.9903
"MYLU","6202_SE",6202,"SE","South Coastal Region",48.48934,-123.5079,2024,FALSE,0,NA,NA,0.9506,0.8916,0.9848
"MYLU","6202_SE",6202,"SE","South Coastal Region",48.48934,-123.5079,2025,FALSE,0,NA,NA,0.9628,0.9103,0.9907
"MYLU","6202_SW",6202,"SW","South Coastal Region",48.48637,-123.54913,2017,FALSE,0,NA,NA,0.7867,0.572,0.9358
"MYLU","6202_SW",6202,"SW","South Coastal Region",48.48637,-123.54913,2018,TRUE,4,0,0.0798,0.8096,0.6945,0.8995
"MYLU","6202_SW",6202,"SW","South Coastal Region",48.48637,-123.54913,2019,TRUE,4,1,1,0.8646,0.7669,0.9371
"MYLU","6202_SW",6202,"SW","South Coastal Region",48.48637,-123.54913,2020,TRUE,4,1,1,0.8344,0.7227,0.9193
"MYLU","6202_SW",6202,"SW","South Coastal Region",48.48637,-123.54913,2021,TRUE,4,1,1,0.9158,0.8307,0.9702
"MYLU","6202_SW",6202,"SW","South Coastal Region",48.48637,-123.54913,2022,TRUE,4,1,1,0.9295,0.8574,0.9747
"MYLU","6202_SW",6202,"SW","South Coastal Region",48.48637,-123.54913,2023,FALSE,0,NA,NA,0.9571,0.8965,0.9899
"MYLU","6202_SW",6202,"SW","South Coastal Region",48.48637,-123.54913,2024,TRUE,3,1,1,0.9515,0.8917,0.9855
"MYLU","6202_SW",6202,"SW","South Coastal Region",48.48637,-123.54913,2025,TRUE,4,1,1,0.9617,0.9077,0.9909
"MYLU","70250_NW",70250,"NW","Kootenay Region",51.24583,-116.91793,2017,FALSE,0,NA,NA,0.6505,0.3947,0.8593
"MYLU","70250_NW",70250,"NW","Kootenay Region",51.24583,-116.91793,2018,FALSE,0,NA,NA,0.8207,0.6624,0.9249
"MYLU","70250_NW",70250,"NW","Kootenay Region",51.24583,-116.91793,2019,FALSE,0,NA,NA,0.8989,0.7899,0.9651
"MYLU","70250_NW",70250,"NW","Kootenay Region",51.24583,-116.91793,2020,TRUE,4,1,1,0.8814,0.7743,0.9553
"MYLU","70250_NW",70250,"NW","Kootenay Region",51.24583,-116.91793,2021,TRUE,4,1,1,0.9508,0.8795,0.9874
"MYLU","70250_NW",70250,"NW","Kootenay Region",51.24583,-116.91793,2022,TRUE,4,1,1,0.9585,0.8989,0.9898
"MYLU","70250_NW",70250,"NW","Kootenay Region",51.24583,-116.91793,2023,TRUE,4,1,1,0.9771,0.9328,0.9965
"MYLU","70250_NW",70250,"NW","Kootenay Region",51.24583,-116.91793,2024,TRUE,4,1,1,0.9687,0.9211,0.9933
"MYLU","70250_NW",70250,"NW","Kootenay Region",51.24583,-116.91793,2025,TRUE,4,1,1,0.9785,0.9404,0.9966
"MYLU","70250_SW",70250,"SW","Kootenay Region",51.20982,-116.89974,2017,FALSE,0,NA,NA,0.8225,0.5926,0.9579
"MYLU","70250_SW",70250,"SW","Kootenay Region",51.20982,-116.89974,2018,FALSE,0,NA,NA,0.8893,0.7746,0.9579
"MYLU","70250_SW",70250,"SW","Kootenay Region",51.20982,-116.89974,2019,FALSE,0,NA,NA,0.9333,0.8536,0.9789
"MYLU","70250_SW",70250,"SW","Kootenay Region",51.20982,-116.89974,2020,TRUE,4,1,1,0.9281,0.8536,0.9758
"MYLU","70250_SW",70250,"SW","Kootenay Region",51.20982,-116.89974,2021,TRUE,4,1,1,0.9661,0.9096,0.9929
"MYLU","70250_SW",70250,"SW","Kootenay Region",51.20982,-116.89974,2022,TRUE,4,1,1,0.9728,0.9257,0.9939
"MYLU","70250_SW",70250,"SW","Kootenay Region",51.20982,-116.89974,2023,FALSE,0,NA,NA,0.984,0.9477,0.9978
"MYLU","70250_SW",70250,"SW","Kootenay Region",51.20982,-116.89974,2024,FALSE,0,NA,NA,0.9821,0.9496,0.9966
"MYLU","70250_SW",70250,"SW","Kootenay Region",51.20982,-116.89974,2025,TRUE,4,1,1,0.9871,0.9595,0.9981
"MYLU","73002_NE",73002,"NE","Okanagan Region",50.85067,-121.87219,2017,TRUE,4,1,1,0.7925,0.5441,0.9525
"MYLU","73002_NE",73002,"NE","Okanagan Region",50.85067,-121.87219,2018,TRUE,4,1,1,0.8175,0.6822,0.9145
"MYLU","73002_NE",73002,"NE","Okanagan Region",50.85067,-121.87219,2019,TRUE,4,1,1,0.8743,0.7622,0.9507
"MYLU","73002_NE",73002,"NE","Okanagan Region",50.85067,-121.87219,2020,TRUE,4,0,0.0958,0.8275,0.6983,0.9237
"MYLU","73002_NE",73002,"NE","Okanagan Region",50.85067,-121.87219,2021,TRUE,4,1,1,0.9231,0.8298,0.976
"MYLU","73002_NE",73002,"NE","Okanagan Region",50.85067,-121.87219,2022,TRUE,4,1,1,0.9331,0.847,0.9805
"MYLU","73002_NE",73002,"NE","Okanagan Region",50.85067,-121.87219,2023,FALSE,0,NA,NA,0.9619,0.899,0.9927
"MYLU","73002_NE",73002,"NE","Okanagan Region",50.85067,-121.87219,2024,TRUE,4,1,1,0.9511,0.8844,0.9871
"MYLU","73002_NE",73002,"NE","Okanagan Region",50.85067,-121.87219,2025,TRUE,4,1,1,0.9651,0.9068,0.9933
"MYLU","73002_SE",73002,"SE","Okanagan Region",50.82484,-121.86896,2017,TRUE,4,0,0.012,0.7705,0.5,0.9479
"MYLU","73002_SE",73002,"SE","Okanagan Region",50.82484,-121.86896,2018,TRUE,4,1,1,0.6927,0.4603,0.8729
"MYLU","73002_SE",73002,"SE","Okanagan Region",50.82484,-121.86896,2019,TRUE,4,0,0.0722,0.7802,0.5791,0.9259
"MYLU","73002_SE",73002,"SE","Okanagan Region",50.82484,-121.86896,2020,TRUE,4,0,0.0424,0.6827,0.4763,0.8697
"MYLU","73002_SE",73002,"SE","Okanagan Region",50.82484,-121.86896,2021,TRUE,4,1,1,0.8637,0.6912,0.964
"MYLU","73002_SE",73002,"SE","Okanagan Region",50.82484,-121.86896,2022,TRUE,4,1,1,0.8615,0.6924,0.9643
"MYLU","73002_SE",73002,"SE","Okanagan Region",50.82484,-121.86896,2023,TRUE,4,0,0.1304,0.9196,0.7846,0.9871
"MYLU","73002_SE",73002,"SE","Okanagan Region",50.82484,-121.86896,2024,TRUE,4,1,1,0.883,0.711,0.975
"MYLU","73002_SE",73002,"SE","Okanagan Region",50.82484,-121.86896,2025,TRUE,4,1,1,0.9203,0.775,0.9872
"MYLU","73002_SW",73002,"SW","Okanagan Region",50.80422,-121.87782,2017,TRUE,4,0,0.0029,0.7673,0.4997,0.9461
"MYLU","73002_SW",73002,"SW","Okanagan Region",50.80422,-121.87782,2018,TRUE,4,1,1,0.7381,0.5714,0.87
"MYLU","73002_SW",73002,"SW","Okanagan Region",50.80422,-121.87782,2019,TRUE,4,1,1,0.8168,0.6721,0.9235
"MYLU","73002_SW",73002,"SW","Okanagan Region",50.80422,-121.87782,2020,TRUE,4,0,0.0184,0.7294,0.5692,0.8665
"MYLU","73002_SW",73002,"SW","Okanagan Region",50.80422,-121.87782,2021,TRUE,4,1,1,0.8903,0.7793,0.9625
"MYLU","73002_SW",73002,"SW","Okanagan Region",50.80422,-121.87782,2022,TRUE,4,1,1,0.8939,0.783,0.9642
"MYLU","73002_SW",73002,"SW","Okanagan Region",50.80422,-121.87782,2023,TRUE,3,1,1,0.9409,0.8561,0.9883
"MYLU","73002_SW",73002,"SW","Okanagan Region",50.80422,-121.87782,2024,TRUE,4,1,1,0.9127,0.8053,0.9763
"MYLU","73002_SW",73002,"SW","Okanagan Region",50.80422,-121.87782,2025,TRUE,4,1,1,0.9411,0.8464,0.9878
"MYLU","73786_NW",73786,"NW","South Coastal Region",49.12334,-123.06198,2017,TRUE,4,1,1,0.7595,0.5372,0.9247
"MYLU","73786_NW",73786,"NW","South Coastal Region",49.12334,-123.06198,2018,TRUE,4,1,1,0.81,0.6862,0.9041
"MYLU","73786_NW",73786,"NW","South Coastal Region",49.12334,-123.06198,2019,TRUE,3,1,1,0.8701,0.7551,0.9469
"MYLU","73786_NW",73786,"NW","South Coastal Region",49.12334,-123.06198,2020,TRUE,4,1,1,0.8387,0.7147,0.9274
"MYLU","73786_NW",73786,"NW","South Coastal Region",49.12334,-123.06198,2021,TRUE,3,1,1,0.9212,0.8194,0.9758
"MYLU","73786_NW",73786,"NW","South Coastal Region",49.12334,-123.06198,2022,TRUE,3,1,1,0.9334,0.8421,0.9803
"MYLU","73786_NW",73786,"NW","South Coastal Region",49.12334,-123.06198,2023,TRUE,3,1,1,0.9593,0.8833,0.9926
"MYLU","73786_NW",73786,"NW","South Coastal Region",49.12334,-123.06198,2024,TRUE,3,1,1,0.9524,0.8827,0.9877
"MYLU","73786_NW",73786,"NW","South Coastal Region",49.12334,-123.06198,2025,TRUE,4,1,1,0.9649,0.9026,0.9928
"MYLU","73786_SE",73786,"SE","South Coastal Region",49.12604,-123.00163,2017,TRUE,4,1,1,0.6139,0.2827,0.8873
"MYLU","73786_SE",73786,"SE","South Coastal Region",49.12604,-123.00163,2018,TRUE,2,1,1,0.7414,0.5527,0.8821
"MYLU","73786_SE",73786,"SE","South Coastal Region",49.12604,-123.00163,2019,TRUE,2,1,1,0.8251,0.6529,0.9379
"MYLU","73786_SE",73786,"SE","South Coastal Region",49.12604,-123.00163,2020,TRUE,4,1,1,0.7745,0.6001,0.9036
"MYLU","73786_SE",73786,"SE","South Coastal Region",49.12604,-123.00163,2021,TRUE,3,1,1,0.8953,0.7523,0.9706
"MYLU","73786_SE",73786,"SE","South Coastal Region",49.12604,-123.00163,2022,TRUE,4,1,1,0.9063,0.7734,0.9744
"MYLU","73786_SE",73786,"SE","South Coastal Region",49.12604,-123.00163,2023,TRUE,3,1,1,0.9435,0.8345,0.9907
"MYLU","73786_SE",73786,"SE","South Coastal Region",49.12604,-123.00163,2024,TRUE,3,1,1,0.9283,0.8204,0.9832
"MYLU","73786_SE",73786,"SE","South Coastal Region",49.12604,-123.00163,2025,TRUE,4,1,1,0.9484,0.8529,0.991
"MYLU","73786_SW",73786,"SW","South Coastal Region",49.10823,-123.07992,2017,FALSE,0,NA,NA,0.9261,0.6502,0.9987
"MYLU","73786_SW",73786,"SW","South Coastal Region",49.10823,-123.07992,2018,TRUE,2,1,1,0.9318,0.7848,0.9883
"MYLU","73786_SW",73786,"SW","South Coastal Region",49.10823,-123.07992,2019,TRUE,3,1,1,0.9468,0.8309,0.9907
"MYLU","73786_SW",73786,"SW","South Coastal Region",49.10823,-123.07992,2020,TRUE,4,1,1,0.9376,0.8267,0.9879
"MYLU","73786_SW",73786,"SW","South Coastal Region",49.10823,-123.07992,2021,TRUE,3,1,1,0.9606,0.8679,0.9955
"MYLU","73786_SW",73786,"SW","South Coastal Region",49.10823,-123.07992,2022,TRUE,3,1,1,0.9658,0.881,0.9962
"MYLU","73786_SW",73786,"SW","South Coastal Region",49.10823,-123.07992,2023,TRUE,3,1,1,0.9747,0.898,0.9986
"MYLU","73786_SW",73786,"SW","South Coastal Region",49.10823,-123.07992,2024,FALSE,0,NA,NA,0.975,0.9022,0.998
"MYLU","73786_SW",73786,"SW","South Coastal Region",49.10823,-123.07992,2025,TRUE,4,1,1,0.9793,0.9101,0.9988
"MYLU","77162_NE",77162,"NE","Kootenay Region",50.95478,-118.09975,2017,TRUE,4,1,1,0.7124,0.2832,0.9705
"MYLU","77162_NE",77162,"NE","Kootenay Region",50.95478,-118.09975,2018,TRUE,4,1,1,0.8388,0.6354,0.9584
"MYLU","77162_NE",77162,"NE","Kootenay Region",50.95478,-118.09975,2019,TRUE,4,1,1,0.8992,0.7452,0.9804
"MYLU","77162_NE",77162,"NE","Kootenay Region",50.95478,-118.09975,2020,TRUE,4,1,1,0.84,0.6423,0.9642
"MYLU","77162_NE",77162,"NE","Kootenay Region",50.95478,-118.09975,2021,TRUE,4,1,1,0.9472,0.8432,0.9922
"MYLU","77162_NE",77162,"NE","Kootenay Region",50.95478,-118.09975,2022,FALSE,0,NA,NA,0.9462,0.8339,0.9925
"MYLU","77162_NE",77162,"NE","Kootenay Region",50.95478,-118.09975,2023,FALSE,0,NA,NA,0.9716,0.8904,0.998
"MYLU","77162_NE",77162,"NE","Kootenay Region",50.95478,-118.09975,2024,FALSE,0,NA,NA,0.9538,0.8519,0.9947
"MYLU","77162_NE",77162,"NE","Kootenay Region",50.95478,-118.09975,2025,FALSE,0,NA,NA,0.9724,0.8969,0.9979
"MYLU","77162_SW",77162,"SW","Kootenay Region",50.886,-118.10586,2017,TRUE,4,1,1,0.717,0.4292,0.9125
"MYLU","77162_SW",77162,"SW","Kootenay Region",50.886,-118.10586,2018,TRUE,4,1,1,0.8202,0.6541,0.9275
"MYLU","77162_SW",77162,"SW","Kootenay Region",50.886,-118.10586,2019,TRUE,4,1,1,0.8867,0.7585,0.964
"MYLU","77162_SW",77162,"SW","Kootenay Region",50.886,-118.10586,2020,TRUE,4,1,1,0.8777,0.7554,0.9557
"MYLU","77162_SW",77162,"SW","Kootenay Region",50.886,-118.10586,2021,TRUE,4,1,1,0.9402,0.847,0.986
"MYLU","77162_SW",77162,"SW","Kootenay Region",50.886,-118.10586,2022,TRUE,4,1,1,0.951,0.8705,0.9886
"MYLU","77162_SW",77162,"SW","Kootenay Region",50.886,-118.10586,2023,TRUE,4,1,1,0.9706,0.9065,0.9957
"MYLU","77162_SW",77162,"SW","Kootenay Region",50.886,-118.10586,2024,FALSE,0,NA,NA,0.9673,0.9104,0.9933
"MYLU","77162_SW",77162,"SW","Kootenay Region",50.886,-118.10586,2025,TRUE,2,1,1,0.9762,0.9294,0.9964
"MYLU","79018_NE",79018,"NE","Kootenay Region",50.2021,-116.91007,2017,TRUE,4,1,1,0.6159,0.339,0.8523
"MYLU","79018_NE",79018,"NE","Kootenay Region",50.2021,-116.91007,2018,TRUE,4,1,1,0.7869,0.6147,0.907
"MYLU","79018_NE",79018,"NE","Kootenay Region",50.2021,-116.91007,2019,TRUE,4,1,1,0.867,0.7378,0.9509
"MYLU","79018_NE",79018,"NE","Kootenay Region",50.2021,-116.91007,2020,TRUE,4,1,1,0.821,0.6771,0.9302
"MYLU","79018_NE",79018,"NE","Kootenay Region",50.2021,-116.91007,2021,FALSE,0,NA,NA,0.9289,0.8343,0.9809
"MYLU","79018_NE",79018,"NE","Kootenay Region",50.2021,-116.91007,2022,TRUE,4,1,1,0.9354,0.8518,0.9821
"MYLU","79018_NE",79018,"NE","Kootenay Region",50.2021,-116.91007,2023,TRUE,4,1,1,0.9649,0.9022,0.9944
"MYLU","79018_NE",79018,"NE","Kootenay Region",50.2021,-116.91007,2024,TRUE,4,1,1,0.9499,0.8757,0.9892
"MYLU","79018_NE",79018,"NE","Kootenay Region",50.2021,-116.91007,2025,TRUE,4,1,1,0.9668,0.9071,0.9946
"MYLU","79018_NW",79018,"NW","Kootenay Region",50.19383,-116.94752,2017,TRUE,4,1,1,0.653,0.3609,0.8795
"MYLU","79018_NW",79018,"NW","Kootenay Region",50.19383,-116.94752,2018,FALSE,0,NA,NA,0.8101,0.6199,0.9296
"MYLU","79018_NW",79018,"NW","Kootenay Region",50.19383,-116.94752,2019,TRUE,4,1,1,0.8901,0.7518,0.9684
"MYLU","79018_NW",79018,"NW","Kootenay Region",50.19383,-116.94752,2020,TRUE,4,1,1,0.8885,0.7682,0.9619
"MYLU","79018_NW",79018,"NW","Kootenay Region",50.19383,-116.94752,2021,TRUE,4,1,1,0.9479,0.8601,0.9892
"MYLU","79018_NW",79018,"NW","Kootenay Region",50.19383,-116.94752,2022,TRUE,3,1,1,0.9555,0.8817,0.9907
"MYLU","79018_NW",79018,"NW","Kootenay Region",50.19383,-116.94752,2023,TRUE,4,1,1,0.9735,0.9151,0.9964
"MYLU","79018_NW",79018,"NW","Kootenay Region",50.19383,-116.94752,2024,TRUE,4,1,1,0.9694,0.9151,0.994
"MYLU","79018_NW",79018,"NW","Kootenay Region",50.19383,-116.94752,2025,TRUE,4,1,1,0.9778,0.9322,0.9968
"MYLU","79018_SE",79018,"SE","Kootenay Region",50.18723,-116.90419,2017,TRUE,4,0,4e-04,0.5808,0.2825,0.8447
"MYLU","79018_SE",79018,"SE","Kootenay Region",50.18723,-116.90419,2018,FALSE,0,NA,NA,0.6651,0.4241,0.8621
"MYLU","79018_SE",79018,"SE","Kootenay Region",50.18723,-116.90419,2019,TRUE,4,0,0.0251,0.7456,0.5195,0.9115
"MYLU","79018_SE",79018,"SE","Kootenay Region",50.18723,-116.90419,2020,TRUE,4,0,0.0718,0.6626,0.4446,0.8613
"MYLU","79018_SE",79018,"SE","Kootenay Region",50.18723,-116.90419,2021,TRUE,4,1,1,0.8429,0.6263,0.9633
"MYLU","79018_SE",79018,"SE","Kootenay Region",50.18723,-116.90419,2022,TRUE,4,1,1,0.8407,0.636,0.9595
"MYLU","79018_SE",79018,"SE","Kootenay Region",50.18723,-116.90419,2023,TRUE,4,1,1,0.9056,0.7264,0.9872
"MYLU","79018_SE",79018,"SE","Kootenay Region",50.18723,-116.90419,2024,TRUE,3,1,1,0.8694,0.6836,0.9717
"MYLU","79018_SE",79018,"SE","Kootenay Region",50.18723,-116.90419,2025,TRUE,4,1,1,0.9095,0.7441,0.9865
"MYLU","79018_SW",79018,"SW","Kootenay Region",50.17771,-116.95968,2017,TRUE,4,1,1,0.8187,0.5574,0.9643
"MYLU","79018_SW",79018,"SW","Kootenay Region",50.17771,-116.95968,2018,FALSE,0,NA,NA,0.8813,0.7379,0.962
"MYLU","79018_SW",79018,"SW","Kootenay Region",50.17771,-116.95968,2019,TRUE,4,1,1,0.9245,0.8224,0.9806
"MYLU","79018_SW",79018,"SW","Kootenay Region",50.17771,-116.95968,2020,TRUE,3,1,1,0.9249,0.8315,0.9781
"MYLU","79018_SW",79018,"SW","Kootenay Region",50.17771,-116.95968,2021,TRUE,3,1,1,0.9603,0.8845,0.993
"MYLU","79018_SW",79018,"SW","Kootenay Region",50.17771,-116.95968,2022,TRUE,4,1,1,0.9681,0.9005,0.9945
"MYLU","79018_SW",79018,"SW","Kootenay Region",50.17771,-116.95968,2023,TRUE,4,1,1,0.9798,0.9237,0.9979
"MYLU","79018_SW",79018,"SW","Kootenay Region",50.17771,-116.95968,2024,TRUE,4,1,1,0.9796,0.9325,0.997
"MYLU","79018_SW",79018,"SW","Kootenay Region",50.17771,-116.95968,2025,FALSE,0,NA,NA,0.9846,0.9434,0.9982
"MYLU","86074_NE",86074,"NE","South Coastal Region",49.23087,-122.3056,2017,TRUE,4,1,1,0.7696,0.556,0.9272
"MYLU","86074_NE",86074,"NE","South Coastal Region",49.23087,-122.3056,2018,TRUE,3,0,0.0064,0.5897,0.3525,0.7929
"MYLU","86074_NE",86074,"NE","South Coastal Region",49.23087,-122.3056,2019,FALSE,0,NA,NA,0.6777,0.4563,0.8591
"MYLU","86074_NE",86074,"NE","South Coastal Region",49.23087,-122.3056,2020,TRUE,3,1,1,0.5788,0.3651,0.7848
"MYLU","86074_NE",86074,"NE","South Coastal Region",49.23087,-122.3056,2021,TRUE,4,1,1,0.7756,0.5402,0.9334
"MYLU","86074_NE",86074,"NE","South Coastal Region",49.23087,-122.3056,2022,TRUE,4,0,0.0016,0.7741,0.5613,0.926
"MYLU","86074_NE",86074,"NE","South Coastal Region",49.23087,-122.3056,2023,TRUE,4,1,1,0.855,0.6553,0.9707
"MYLU","86074_NE",86074,"NE","South Coastal Region",49.23087,-122.3056,2024,TRUE,4,0,9e-04,0.8138,0.6106,0.945
"MYLU","86074_NE",86074,"NE","South Coastal Region",49.23087,-122.3056,2025,FALSE,0,NA,NA,0.8592,0.664,0.9694
"MYLU","86074_NW",86074,"NW","South Coastal Region",49.18442,-122.40331,2017,TRUE,4,1,1,0.8532,0.6529,0.9726
"MYLU","86074_NW",86074,"NW","South Coastal Region",49.18442,-122.40331,2018,FALSE,0,NA,NA,0.8474,0.7423,0.9268
"MYLU","86074_NW",86074,"NW","South Coastal Region",49.18442,-122.40331,2019,FALSE,0,NA,NA,0.8846,0.7935,0.9491
"MYLU","86074_NW",86074,"NW","South Coastal Region",49.18442,-122.40331,2020,TRUE,4,1,1,0.8561,0.7497,0.9345
"MYLU","86074_NW",86074,"NW","South Coastal Region",49.18442,-122.40331,2021,FALSE,0,NA,NA,0.923,0.8407,0.9749
"MYLU","86074_NW",86074,"NW","South Coastal Region",49.18442,-122.40331,2022,TRUE,4,1,1,0.9358,0.8617,0.9786
"MYLU","86074_NW",86074,"NW","South Coastal Region",49.18442,-122.40331,2023,FALSE,0,NA,NA,0.9598,0.8965,0.9915
"MYLU","86074_NW",86074,"NW","South Coastal Region",49.18442,-122.40331,2024,FALSE,0,NA,NA,0.9569,0.8969,0.988
"MYLU","86074_NW",86074,"NW","South Coastal Region",49.18442,-122.40331,2025,FALSE,0,NA,NA,0.9672,0.9136,0.9927
"MYLU","86074_SE",86074,"SE","South Coastal Region",49.16962,-122.3193,2017,TRUE,4,1,1,0.9066,0.6664,0.9949
"MYLU","86074_SE",86074,"SE","South Coastal Region",49.16962,-122.3193,2018,FALSE,0,NA,NA,0.8937,0.7759,0.9648
"MYLU","86074_SE",86074,"SE","South Coastal Region",49.16962,-122.3193,2019,FALSE,0,NA,NA,0.9159,0.819,0.973
"MYLU","86074_SE",86074,"SE","South Coastal Region",49.16962,-122.3193,2020,TRUE,4,1,1,0.8923,0.7727,0.9648
"MYLU","86074_SE",86074,"SE","South Coastal Region",49.16962,-122.3193,2021,TRUE,4,1,1,0.9388,0.8476,0.9862
"MYLU","86074_SE",86074,"SE","South Coastal Region",49.16962,-122.3193,2022,TRUE,4,1,1,0.9449,0.8603,0.9875
"MYLU","86074_SE",86074,"SE","South Coastal Region",49.16962,-122.3193,2023,FALSE,0,NA,NA,0.9625,0.8863,0.9946
"MYLU","86074_SE",86074,"SE","South Coastal Region",49.16962,-122.3193,2024,FALSE,0,NA,NA,0.96,0.8878,0.9924
"MYLU","86074_SE",86074,"SE","South Coastal Region",49.16962,-122.3193,2025,FALSE,0,NA,NA,0.9684,0.9024,0.9956
"MYLU","86074_SW",86074,"SW","South Coastal Region",49.14174,-122.38204,2017,TRUE,2,1,1,0.766,0.5454,0.9274
"MYLU","86074_SW",86074,"SW","South Coastal Region",49.14174,-122.38204,2018,FALSE,0,NA,NA,0.7729,0.6471,0.8798
"MYLU","86074_SW",86074,"SW","South Coastal Region",49.14174,-122.38204,2019,TRUE,4,0,0.078,0.8341,0.708,0.9289
"MYLU","86074_SW",86074,"SW","South Coastal Region",49.14174,-122.38204,2020,TRUE,3,1,1,0.7825,0.6453,0.8933
"MYLU","86074_SW",86074,"SW","South Coastal Region",49.14174,-122.38204,2021,FALSE,0,NA,NA,0.8903,0.7793,0.963
"MYLU","86074_SW",86074,"SW","South Coastal Region",49.14174,-122.38204,2022,TRUE,4,1,1,0.9028,0.8003,0.9658
"MYLU","86074_SW",86074,"SW","South Coastal Region",49.14174,-122.38204,2023,TRUE,4,1,1,0.9407,0.854,0.9869
"MYLU","86074_SW",86074,"SW","South Coastal Region",49.14174,-122.38204,2024,TRUE,4,1,1,0.9282,0.8398,0.9788
"MYLU","86074_SW",86074,"SW","South Coastal Region",49.14174,-122.38204,2025,FALSE,0,NA,NA,0.9469,0.8686,0.9879
"MYLU","89962_NE",89962,"NE","Kootenay Region",49.07682,-117.5986,2017,FALSE,0,NA,NA,0.6332,0.3524,0.8618
"MYLU","89962_NE",89962,"NE","Kootenay Region",49.07682,-117.5986,2018,FALSE,0,NA,NA,0.8143,0.634,0.9273
"MYLU","89962_NE",89962,"NE","Kootenay Region",49.07682,-117.5986,2019,FALSE,0,NA,NA,0.8968,0.7755,0.9679
"MYLU","89962_NE",89962,"NE","Kootenay Region",49.07682,-117.5986,2020,FALSE,0,NA,NA,0.889,0.7798,0.96
"MYLU","89962_NE",89962,"NE","Kootenay Region",49.07682,-117.5986,2021,FALSE,0,NA,NA,0.952,0.876,0.9887
"MYLU","89962_NE",89962,"NE","Kootenay Region",49.07682,-117.5986,2022,TRUE,4,1,1,0.9604,0.8947,0.9912
"MYLU","89962_NE",89962,"NE","Kootenay Region",49.07682,-117.5986,2023,TRUE,4,1,1,0.9777,0.9317,0.9969
"MYLU","89962_NE",89962,"NE","Kootenay Region",49.07682,-117.5986,2024,FALSE,0,NA,NA,0.9726,0.9274,0.9946
"MYLU","89962_NE",89962,"NE","Kootenay Region",49.07682,-117.5986,2025,TRUE,4,1,1,0.9809,0.9436,0.9972
"MYLU","89962_SE",89962,"SE","Kootenay Region",49.00974,-117.57236,2017,FALSE,0,NA,NA,0.7881,0.5207,0.9489
"MYLU","89962_SE",89962,"SE","Kootenay Region",49.00974,-117.57236,2018,FALSE,0,NA,NA,0.8538,0.7039,0.9464
"MYLU","89962_SE",89962,"SE","Kootenay Region",49.00974,-117.57236,2019,FALSE,0,NA,NA,0.9041,0.7849,0.9716
"MYLU","89962_SE",89962,"SE","Kootenay Region",49.00974,-117.57236,2020,FALSE,0,NA,NA,0.8937,0.7757,0.9666
"MYLU","89962_SE",89962,"SE","Kootenay Region",49.00974,-117.57236,2021,FALSE,0,NA,NA,0.9465,0.855,0.9891
"MYLU","89962_SE",89962,"SE","Kootenay Region",49.00974,-117.57236,2022,TRUE,4,1,1,0.9562,0.8746,0.9908
"MYLU","89962_SE",89962,"SE","Kootenay Region",49.00974,-117.57236,2023,FALSE,0,NA,NA,0.9731,0.9088,0.9967
"MYLU","89962_SE",89962,"SE","Kootenay Region",49.00974,-117.57236,2024,TRUE,4,1,1,0.9706,0.9164,0.9948
"MYLU","89962_SE",89962,"SE","Kootenay Region",49.00974,-117.57236,2025,TRUE,4,1,1,0.9784,0.9303,0.9971
"MYLU","89962_SW",89962,"SW","Kootenay Region",49.0077,-117.63034,2017,FALSE,0,NA,NA,0.638,0.3129,0.8876
"MYLU","89962_SW",89962,"SW","Kootenay Region",49.0077,-117.63034,2018,FALSE,0,NA,NA,0.8034,0.5734,0.9391
"MYLU","89962_SW",89962,"SW","Kootenay Region",49.0077,-117.63034,2019,FALSE,0,NA,NA,0.8852,0.6979,0.9746
"MYLU","89962_SW",89962,"SW","Kootenay Region",49.0077,-117.63034,2020,FALSE,0,NA,NA,0.8953,0.747,0.9725
"MYLU","89962_SW",89962,"SW","Kootenay Region",49.0077,-117.63034,2021,FALSE,0,NA,NA,0.9473,0.8276,0.9921
"MYLU","89962_SW",89962,"SW","Kootenay Region",49.0077,-117.63034,2022,TRUE,4,1,1,0.9579,0.8574,0.994
"MYLU","89962_SW",89962,"SW","Kootenay Region",49.0077,-117.63034,2023,FALSE,0,NA,NA,0.974,0.8945,0.9977
"MYLU","89962_SW",89962,"SW","Kootenay Region",49.0077,-117.63034,2024,TRUE,4,1,1,0.9732,0.9079,0.9964
"MYLU","89962_SW",89962,"SW","Kootenay Region",49.0077,-117.63034,2025,TRUE,4,1,1,0.9801,0.922,0.998
"MYLU","93290_NE",93290,"NE","Okanagan Region",49.44361,-119.56535,2017,FALSE,0,NA,NA,0.8793,0.6838,0.9797
"MYLU","93290_NE",93290,"NE","Okanagan Region",49.44361,-119.56535,2018,TRUE,4,1,1,0.8795,0.7773,0.9487
"MYLU","93290_NE",93290,"NE","Okanagan Region",49.44361,-119.56535,2019,FALSE,0,NA,NA,0.9161,0.8334,0.9698
"MYLU","93290_NE",93290,"NE","Okanagan Region",49.44361,-119.56535,2020,TRUE,4,1,1,0.8824,0.7816,0.9526
"MYLU","93290_NE",93290,"NE","Okanagan Region",49.44361,-119.56535,2021,TRUE,4,1,1,0.9478,0.8805,0.985
"MYLU","93290_NE",93290,"NE","Okanagan Region",49.44361,-119.56535,2022,TRUE,4,1,1,0.9558,0.8983,0.9874
"MYLU","93290_NE",93290,"NE","Okanagan Region",49.44361,-119.56535,2023,TRUE,3,1,1,0.9748,0.9291,0.9957
"MYLU","93290_NE",93290,"NE","Okanagan Region",49.44361,-119.56535,2024,FALSE,0,NA,NA,0.9684,0.9222,0.9928
"MYLU","93290_NE",93290,"NE","Okanagan Region",49.44361,-119.56535,2025,TRUE,4,1,1,0.9775,0.937,0.996
"MYLU","93290_NW",93290,"NW","Okanagan Region",49.41531,-119.6018,2017,TRUE,4,1,1,0.8173,0.5865,0.9599
"MYLU","93290_NW",93290,"NW","Okanagan Region",49.41531,-119.6018,2018,TRUE,4,1,1,0.8122,0.6809,0.9104
"MYLU","93290_NW",93290,"NW","Okanagan Region",49.41531,-119.6018,2019,TRUE,4,1,1,0.8672,0.7586,0.9454
"MYLU","93290_NW",93290,"NW","Okanagan Region",49.41531,-119.6018,2020,TRUE,4,1,1,0.8142,0.6888,0.9132
"MYLU","93290_NW",93290,"NW","Okanagan Region",49.41531,-119.6018,2021,TRUE,4,1,1,0.9179,0.8296,0.9721
"MYLU","93290_NW",93290,"NW","Okanagan Region",49.41531,-119.6018,2022,TRUE,4,1,1,0.9285,0.8487,0.9761
"MYLU","93290_NW",93290,"NW","Okanagan Region",49.41531,-119.6018,2023,TRUE,4,1,1,0.9593,0.8987,0.9914
"MYLU","93290_NW",93290,"NW","Okanagan Region",49.41531,-119.6018,2024,TRUE,4,1,1,0.9469,0.88,0.9853
"MYLU","93290_NW",93290,"NW","Okanagan Region",49.41531,-119.6018,2025,TRUE,4,1,1,0.9622,0.9043,0.9919
"MYLU","93290_SE",93290,"SE","Okanagan Region",49.38433,-119.56165,2017,TRUE,3,1,1,0.9,0.6818,0.989
"MYLU","93290_SE",93290,"SE","Okanagan Region",49.38433,-119.56165,2018,TRUE,4,1,1,0.888,0.7709,0.9584
"MYLU","93290_SE",93290,"SE","Okanagan Region",49.38433,-119.56165,2019,TRUE,4,1,1,0.9158,0.8159,0.9735
"MYLU","93290_SE",93290,"SE","Okanagan Region",49.38433,-119.56165,2020,TRUE,4,1,1,0.8868,0.7716,0.9606
"MYLU","93290_SE",93290,"SE","Okanagan Region",49.38433,-119.56165,2021,TRUE,4,1,1,0.9431,0.8593,0.9864
"MYLU","93290_SE",93290,"SE","Okanagan Region",49.38433,-119.56165,2022,FALSE,0,NA,NA,0.9521,0.8787,0.989
"MYLU","93290_SE",93290,"SE","Okanagan Region",49.38433,-119.56165,2023,TRUE,4,1,1,0.9706,0.9125,0.9957
"MYLU","93290_SE",93290,"SE","Okanagan Region",49.38433,-119.56165,2024,TRUE,4,1,1,0.9668,0.9088,0.9937
"MYLU","93290_SE",93290,"SE","Okanagan Region",49.38433,-119.56165,2025,TRUE,4,1,1,0.9752,0.9235,0.9963
"MYLU","93290_SW",93290,"SW","Okanagan Region",49.37943,-119.59374,2017,TRUE,4,1,1,0.7022,0.362,0.9367
"MYLU","93290_SW",93290,"SW","Okanagan Region",49.37943,-119.59374,2018,TRUE,4,0,0.0036,0.7719,0.6073,0.8922
"MYLU","93290_SW",93290,"SW","Okanagan Region",49.37943,-119.59374,2019,TRUE,4,1,1,0.8464,0.7116,0.9397
"MYLU","93290_SW",93290,"SW","Okanagan Region",49.37943,-119.59374,2020,TRUE,4,1,1,0.7742,0.6185,0.8941
"MYLU","93290_SW",93290,"SW","Okanagan Region",49.37943,-119.59374,2021,TRUE,4,1,1,0.9099,0.8068,0.9715
"MYLU","93290_SW",93290,"SW","Okanagan Region",49.37943,-119.59374,2022,TRUE,4,1,1,0.9152,0.8135,0.9744
"MYLU","93290_SW",93290,"SW","Okanagan Region",49.37943,-119.59374,2023,TRUE,4,1,1,0.9535,0.8788,0.9913
"MYLU","93290_SW",93290,"SW","Okanagan Region",49.37943,-119.59374,2024,TRUE,4,1,1,0.9321,0.8422,0.9828
"MYLU","93290_SW",93290,"SW","Okanagan Region",49.37943,-119.59374,2025,TRUE,4,1,1,0.9542,0.877,0.9913
"MYLU","94522_NW",94522,"NW","Northern Region",53.10732,-131.86467,2017,TRUE,3,1,1,0.9502,0.8019,0.9969
"MYLU","94522_NW",94522,"NW","Northern Region",53.10732,-131.86467,2018,TRUE,4,1,1,0.9386,0.8462,0.9841
"MYLU","94522_NW",94522,"NW","Northern Region",53.10732,-131.86467,2019,TRUE,3,1,1,0.9502,0.8739,0.9885
"MYLU","94522_NW",94522,"NW","Northern Region",53.10732,-131.86467,2020,FALSE,0,NA,NA,0.9341,0.8458,0.9833
"MYLU","94522_NW",94522,"NW","Northern Region",53.10732,-131.86467,2021,FALSE,0,NA,NA,0.9626,0.8913,0.9942
"MYLU","94522_NW",94522,"NW","Northern Region",53.10732,-131.86467,2022,FALSE,0,NA,NA,0.9682,0.9038,0.995
"MYLU","94522_NW",94522,"NW","Northern Region",53.10732,-131.86467,2023,FALSE,0,NA,NA,0.9789,0.9227,0.9981
"MYLU","94522_NW",94522,"NW","Northern Region",53.10732,-131.86467,2024,FALSE,0,NA,NA,0.9782,0.927,0.9969
"MYLU","94522_NW",94522,"NW","Northern Region",53.10732,-131.86467,2025,FALSE,0,NA,NA,0.9829,0.9358,0.9983
"MYLU","94522_SE",94522,"SE","Northern Region",53.08196,-131.77925,2017,TRUE,4,1,1,0.9489,0.8014,0.9966
"MYLU","94522_SE",94522,"SE","Northern Region",53.08196,-131.77925,2018,TRUE,4,1,1,0.9188,0.8093,0.9788
"MYLU","94522_SE",94522,"SE","Northern Region",53.08196,-131.77925,2019,TRUE,3,0,0.5569,0.9333,0.8313,0.9862
"MYLU","94522_SE",94522,"SE","Northern Region",53.08196,-131.77925,2020,FALSE,0,NA,NA,0.9062,0.7701,0.9777
"MYLU","94522_SE",94522,"SE","Northern Region",53.08196,-131.77925,2021,FALSE,0,NA,NA,0.9507,0.8492,0.993
"MYLU","94522_SE",94522,"SE","Northern Region",53.08196,-131.77925,2022,FALSE,0,NA,NA,0.9579,0.8728,0.9935
"MYLU","94522_SE",94522,"SE","Northern Region",53.08196,-131.77925,2023,FALSE,0,NA,NA,0.9732,0.9016,0.9977
"MYLU","94522_SE",94522,"SE","Northern Region",53.08196,-131.77925,2024,FALSE,0,NA,NA,0.9704,0.9032,0.996
"MYLU","94522_SE",94522,"SE","Northern Region",53.08196,-131.77925,2025,FALSE,0,NA,NA,0.9776,0.9214,0.9979
"MYLU","9466_NE",9466,"NE","Northern Region",57.34435,-125.50932,2017,FALSE,0,NA,NA,0.9692,0.8865,0.9981
"MYLU","9466_NE",9466,"NE","Northern Region",57.34435,-125.50932,2018,FALSE,0,NA,NA,0.9572,0.9001,0.9887
"MYLU","9466_NE",9466,"NE","Northern Region",57.34435,-125.50932,2019,FALSE,0,NA,NA,0.9676,0.9183,0.9931
"MYLU","9466_NE",9466,"NE","Northern Region",57.34435,-125.50932,2020,FALSE,0,NA,NA,0.9526,0.8801,0.9886
"MYLU","9466_NE",9466,"NE","Northern Region",57.34435,-125.50932,2021,FALSE,0,NA,NA,0.9774,0.9317,0.9967
"MYLU","9466_NE",9466,"NE","Northern Region",57.34435,-125.50932,2022,TRUE,3,1,1,0.9809,0.9399,0.997
"MYLU","9466_NE",9466,"NE","Northern Region",57.34435,-125.50932,2023,FALSE,0,NA,NA,0.9884,0.9562,0.999
"MYLU","9466_NE",9466,"NE","Northern Region",57.34435,-125.50932,2024,TRUE,3,1,1,0.9866,0.9575,0.9981
"MYLU","9466_NE",9466,"NE","Northern Region",57.34435,-125.50932,2025,FALSE,0,NA,NA,0.9902,0.9637,0.9991
"MYLU","9466_NW",9466,"NW","Northern Region",57.3459,-125.55037,2017,FALSE,0,NA,NA,0.9818,0.8992,0.9998
"MYLU","9466_NW",9466,"NW","Northern Region",57.3459,-125.55037,2018,FALSE,0,NA,NA,0.9744,0.9191,0.9963
"MYLU","9466_NW",9466,"NW","Northern Region",57.3459,-125.55037,2019,FALSE,0,NA,NA,0.9797,0.935,0.9973
"MYLU","9466_NW",9466,"NW","Northern Region",57.3459,-125.55037,2020,FALSE,0,NA,NA,0.9703,0.9049,0.9961
"MYLU","9466_NW",9466,"NW","Northern Region",57.3459,-125.55037,2021,FALSE,0,NA,NA,0.9842,0.9427,0.9987
"MYLU","9466_NW",9466,"NW","Northern Region",57.3459,-125.55037,2022,TRUE,4,1,1,0.9864,0.9489,0.9989
"MYLU","9466_NW",9466,"NW","Northern Region",57.3459,-125.55037,2023,FALSE,0,NA,NA,0.9908,0.9591,0.9996
"MYLU","9466_NW",9466,"NW","Northern Region",57.3459,-125.55037,2024,TRUE,3,1,1,0.9901,0.9587,0.9993
"MYLU","9466_NW",9466,"NW","Northern Region",57.3459,-125.55037,2025,TRUE,4,1,1,0.9923,0.9643,0.9996
"MYLU","9466_SE",9466,"SE","Northern Region",57.31575,-125.49037,2017,FALSE,0,NA,NA,0.9143,0.7419,0.9913
"MYLU","9466_SE",9466,"SE","Northern Region",57.31575,-125.49037,2018,FALSE,0,NA,NA,0.8406,0.667,0.9515
"MYLU","9466_SE",9466,"SE","Northern Region",57.31575,-125.49037,2019,FALSE,0,NA,NA,0.889,0.7469,0.9718
"MYLU","9466_SE",9466,"SE","Northern Region",57.31575,-125.49037,2020,FALSE,0,NA,NA,0.8273,0.6536,0.9505
"MYLU","9466_SE",9466,"SE","Northern Region",57.31575,-125.49037,2021,FALSE,0,NA,NA,0.933,0.8222,0.9869
"MYLU","9466_SE",9466,"SE","Northern Region",57.31575,-125.49037,2022,TRUE,4,1,1,0.9375,0.8402,0.9872
"MYLU","9466_SE",9466,"SE","Northern Region",57.31575,-125.49037,2023,FALSE,0,NA,NA,0.9656,0.8903,0.9966
"MYLU","9466_SE",9466,"SE","Northern Region",57.31575,-125.49037,2024,TRUE,3,1,1,0.9503,0.8652,0.991
"MYLU","9466_SE",9466,"SE","Northern Region",57.31575,-125.49037,2025,TRUE,4,1,1,0.9676,0.9018,0.9961
"MYLU","9466_SW",9466,"SW","Northern Region",57.29483,-125.51474,2017,FALSE,0,NA,NA,0.9647,0.8776,0.9973
"MYLU","9466_SW",9466,"SW","Northern Region",57.29483,-125.51474,2018,FALSE,0,NA,NA,0.9546,0.9016,0.9865
"MYLU","9466_SW",9466,"SW","Northern Region",57.29483,-125.51474,2019,FALSE,0,NA,NA,0.967,0.9197,0.9918
"MYLU","9466_SW",9466,"SW","Northern Region",57.29483,-125.51474,2020,FALSE,0,NA,NA,0.9511,0.8865,0.9867
"MYLU","9466_SW",9466,"SW","Northern Region",57.29483,-125.51474,2021,FALSE,0,NA,NA,0.9783,0.9396,0.9962
"MYLU","9466_SW",9466,"SW","Northern Region",57.29483,-125.51474,2022,TRUE,4,1,1,0.9818,0.9479,0.9967
"MYLU","9466_SW",9466,"SW","Northern Region",57.29483,-125.51474,2023,FALSE,0,NA,NA,0.9894,0.9621,0.999
"MYLU","9466_SW",9466,"SW","Northern Region",57.29483,-125.51474,2024,TRUE,3,1,1,0.9872,0.9621,0.9978
"MYLU","9466_SW",9466,"SW","Northern Region",57.29483,-125.51474,2025,TRUE,4,1,1,0.9909,0.9697,0.9989
"MYLU","986_NE",986,"NE","Northern Region",53.188,-121.30225,2017,FALSE,0,NA,NA,0.9816,0.897,0.9998
"MYLU","986_NE",986,"NE","Northern Region",53.188,-121.30225,2018,TRUE,3,1,1,0.983,0.9401,0.9981
"MYLU","986_NE",986,"NE","Northern Region",53.188,-121.30225,2019,TRUE,3,1,1,0.9876,0.9545,0.9989
"MYLU","986_NE",986,"NE","Northern Region",53.188,-121.30225,2020,TRUE,4,1,1,0.9831,0.9398,0.9983
"MYLU","986_NE",986,"NE","Northern Region",53.188,-121.30225,2021,TRUE,4,1,1,0.9909,0.9605,0.9995
"MYLU","986_NE",986,"NE","Northern Region",53.188,-121.30225,2022,TRUE,4,1,1,0.992,0.9639,0.9996
"MYLU","986_NE",986,"NE","Northern Region",53.188,-121.30225,2023,TRUE,4,1,1,0.9944,0.97,0.9999
"MYLU","986_NE",986,"NE","Northern Region",53.188,-121.30225,2024,TRUE,4,1,1,0.9941,0.9705,0.9997
"MYLU","986_NE",986,"NE","Northern Region",53.188,-121.30225,2025,TRUE,4,1,1,0.9953,0.9727,0.9999
"MYLU","986_SE",986,"SE","Northern Region",53.1392,-121.2577,2017,FALSE,0,NA,NA,0.9658,0.8731,0.9978
"MYLU","986_SE",986,"SE","Northern Region",53.1392,-121.2577,2018,FALSE,0,NA,NA,0.9684,0.9161,0.9933
"MYLU","986_SE",986,"SE","Northern Region",53.1392,-121.2577,2019,TRUE,3,1,1,0.9782,0.935,0.9966
"MYLU","986_SE",986,"SE","Northern Region",53.1392,-121.2577,2020,TRUE,2,1,1,0.9692,0.9113,0.9946
"MYLU","986_SE",986,"SE","Northern Region",53.1392,-121.2577,2021,FALSE,0,NA,NA,0.9857,0.9477,0.9986
"MYLU","986_SE",986,"SE","Northern Region",53.1392,-121.2577,2022,TRUE,4,1,1,0.9878,0.9536,0.9988
"MYLU","986_SE",986,"SE","Northern Region",53.1392,-121.2577,2023,TRUE,4,1,1,0.9924,0.9639,0.9996
"MYLU","986_SE",986,"SE","Northern Region",53.1392,-121.2577,2024,TRUE,4,1,1,0.9911,0.9634,0.9992
"MYLU","986_SE",986,"SE","Northern Region",53.1392,-121.2577,2025,TRUE,4,1,1,0.9935,0.9698,0.9996
