"species","site","GRTS_Cell_ID","Quadrant","region","lat","long","year","surveyed","n_visits","detected","p_occupied","psi_expected","psi_expected_lo95","psi_expected_hi95"
"LANO","110378_NE",110378,"NE","Okanagan Region",49.04717,-119.5574,2017,FALSE,0,NA,NA,0.8413,0.5955,0.9729
"LANO","110378_NE",110378,"NE","Okanagan Region",49.04717,-119.5574,2018,TRUE,2,1,1,0.9155,0.827,0.9728
"LANO","110378_NE",110378,"NE","Okanagan Region",49.04717,-119.5574,2019,TRUE,4,1,1,0.907,0.8292,0.9621
"LANO","110378_NE",110378,"NE","Okanagan Region",49.04717,-119.5574,2020,TRUE,4,1,1,0.8937,0.8023,0.9573
"LANO","110378_NE",110378,"NE","Okanagan Region",49.04717,-119.5574,2021,TRUE,4,1,1,0.8766,0.777,0.9458
"LANO","110378_NE",110378,"NE","Okanagan Region",49.04717,-119.5574,2022,TRUE,4,1,1,0.9123,0.8277,0.9658
"LANO","110378_NE",110378,"NE","Okanagan Region",49.04717,-119.5574,2023,TRUE,4,1,1,0.926,0.8525,0.9739
"LANO","110378_NE",110378,"NE","Okanagan Region",49.04717,-119.5574,2024,TRUE,4,1,1,0.9532,0.8841,0.9916
"LANO","110378_NE",110378,"NE","Okanagan Region",49.04717,-119.5574,2025,TRUE,4,1,1,0.9123,0.8341,0.9632
"LANO","110378_NW",110378,"NW","Okanagan Region",49.03536,-119.57546,2017,TRUE,4,1,1,0.8819,0.6346,0.9872
"LANO","110378_NW",110378,"NW","Okanagan Region",49.03536,-119.57546,2018,TRUE,4,1,1,0.9364,0.8596,0.9817
"LANO","110378_NW",110378,"NW","Okanagan Region",49.03536,-119.57546,2019,TRUE,4,1,1,0.924,0.8486,0.9724
"LANO","110378_NW",110378,"NW","Okanagan Region",49.03536,-119.57546,2020,TRUE,4,1,1,0.9119,0.8245,0.9697
"LANO","110378_NW",110378,"NW","Okanagan Region",49.03536,-119.57546,2021,TRUE,4,1,1,0.8957,0.7995,0.9588
"LANO","110378_NW",110378,"NW","Okanagan Region",49.03536,-119.57546,2022,TRUE,4,1,1,0.9289,0.8524,0.9752
"LANO","110378_NW",110378,"NW","Okanagan Region",49.03536,-119.57546,2023,TRUE,4,1,1,0.9402,0.8698,0.9818
"LANO","110378_NW",110378,"NW","Okanagan Region",49.03536,-119.57546,2024,TRUE,4,1,1,0.9634,0.9001,0.9946
"LANO","110378_NW",110378,"NW","Okanagan Region",49.03536,-119.57546,2025,TRUE,4,1,1,0.9263,0.8529,0.9727
"LANO","110378_SE",110378,"SE","Okanagan Region",49.01485,-119.53228,2017,FALSE,0,NA,NA,0.8504,0.5753,0.9796
"LANO","110378_SE",110378,"SE","Okanagan Region",49.01485,-119.53228,2018,TRUE,2,1,1,0.9186,0.832,0.9744
"LANO","110378_SE",110378,"SE","Okanagan Region",49.01485,-119.53228,2019,TRUE,4,1,1,0.9019,0.816,0.9614
"LANO","110378_SE",110378,"SE","Okanagan Region",49.01485,-119.53228,2020,TRUE,4,1,1,0.8869,0.7843,0.9562
"LANO","110378_SE",110378,"SE","Okanagan Region",49.01485,-119.53228,2021,TRUE,4,1,1,0.8674,0.7598,0.9434
"LANO","110378_SE",110378,"SE","Okanagan Region",49.01485,-119.53228,2022,TRUE,4,1,1,0.9089,0.8216,0.9654
"LANO","110378_SE",110378,"SE","Okanagan Region",49.01485,-119.53228,2023,TRUE,4,1,1,0.9227,0.8452,0.9738
"LANO","110378_SE",110378,"SE","Okanagan Region",49.01485,-119.53228,2024,TRUE,4,1,1,0.9525,0.8786,0.9922
"LANO","110378_SE",110378,"SE","Okanagan Region",49.01485,-119.53228,2025,TRUE,4,1,1,0.9041,0.8175,0.9612
"LANO","110378_SW",110378,"SW","Okanagan Region",49.00412,-119.59552,2017,TRUE,4,1,1,0.8866,0.6844,0.9836
"LANO","110378_SW",110378,"SW","Okanagan Region",49.00412,-119.59552,2018,TRUE,4,1,1,0.9374,0.8696,0.9804
"LANO","110378_SW",110378,"SW","Okanagan Region",49.00412,-119.59552,2019,TRUE,4,1,1,0.9259,0.86,0.9715
"LANO","110378_SW",110378,"SW","Okanagan Region",49.00412,-119.59552,2020,TRUE,4,1,1,0.9142,0.8349,0.9665
"LANO","110378_SW",110378,"SW","Okanagan Region",49.00412,-119.59552,2021,TRUE,4,1,1,0.8982,0.8117,0.9562
"LANO","110378_SW",110378,"SW","Okanagan Region",49.00412,-119.59552,2022,TRUE,4,1,1,0.9303,0.8613,0.9737
"LANO","110378_SW",110378,"SW","Okanagan Region",49.00412,-119.59552,2023,TRUE,4,1,1,0.9417,0.8795,0.9805
"LANO","110378_SW",110378,"SW","Okanagan Region",49.00412,-119.59552,2024,TRUE,4,1,1,0.9643,0.9083,0.9939
"LANO","110378_SW",110378,"SW","Okanagan Region",49.00412,-119.59552,2025,TRUE,4,1,1,0.9284,0.8633,0.9715
"LANO","111466_NE",111466,"NE","Kootenay Region",49.00129,-115.06184,2017,FALSE,0,NA,NA,0.791,0.5623,0.9429
"LANO","111466_NE",111466,"NE","Kootenay Region",49.00129,-115.06184,2018,FALSE,0,NA,NA,0.8712,0.7643,0.95
"LANO","111466_NE",111466,"NE","Kootenay Region",49.00129,-115.06184,2019,FALSE,0,NA,NA,0.8586,0.7651,0.9304
"LANO","111466_NE",111466,"NE","Kootenay Region",49.00129,-115.06184,2020,FALSE,0,NA,NA,0.8388,0.732,0.919
"LANO","111466_NE",111466,"NE","Kootenay Region",49.00129,-115.06184,2021,FALSE,0,NA,NA,0.818,0.7014,0.9065
"LANO","111466_NE",111466,"NE","Kootenay Region",49.00129,-115.06184,2022,FALSE,0,NA,NA,0.8676,0.7804,0.9355
"LANO","111466_NE",111466,"NE","Kootenay Region",49.00129,-115.06184,2023,TRUE,4,1,1,0.8853,0.7968,0.9507
"LANO","111466_NE",111466,"NE","Kootenay Region",49.00129,-115.06184,2024,FALSE,0,NA,NA,0.9261,0.8433,0.9816
"LANO","111466_NE",111466,"NE","Kootenay Region",49.00129,-115.06184,2025,TRUE,4,1,1,0.8656,0.7729,0.9359
"LANO","111466_NW",111466,"NW","Kootenay Region",49.01861,-115.09568,2017,FALSE,0,NA,NA,0.6961,0.4351,0.8868
"LANO","111466_NW",111466,"NW","Kootenay Region",49.01861,-115.09568,2018,FALSE,0,NA,NA,0.7986,0.6503,0.9109
"LANO","111466_NW",111466,"NW","Kootenay Region",49.01861,-115.09568,2019,FALSE,0,NA,NA,0.7863,0.6563,0.8869
"LANO","111466_NW",111466,"NW","Kootenay Region",49.01861,-115.09568,2020,FALSE,0,NA,NA,0.7609,0.6177,0.8732
"LANO","111466_NW",111466,"NW","Kootenay Region",49.01861,-115.09568,2021,FALSE,0,NA,NA,0.741,0.5916,0.861
"LANO","111466_NW",111466,"NW","Kootenay Region",49.01861,-115.09568,2022,FALSE,0,NA,NA,0.798,0.667,0.8997
"LANO","111466_NW",111466,"NW","Kootenay Region",49.01861,-115.09568,2023,TRUE,4,0,0,0.8199,0.6947,0.915
"LANO","111466_NW",111466,"NW","Kootenay Region",49.01861,-115.09568,2024,FALSE,0,NA,NA,0.8759,0.7557,0.963
"LANO","111466_NW",111466,"NW","Kootenay Region",49.01861,-115.09568,2025,TRUE,4,0,0,0.7973,0.6624,0.9001
"LANO","114602_NE",114602,"NE","South Coastal Region",49.70588,-125.06708,2017,FALSE,0,NA,NA,0.84,0.6642,0.9539
"LANO","114602_NE",114602,"NE","South Coastal Region",49.70588,-125.06708,2018,TRUE,3,1,1,0.9013,0.8025,0.9684
"LANO","114602_NE",114602,"NE","South Coastal Region",49.70588,-125.06708,2019,TRUE,4,1,1,0.93,0.8526,0.977
"LANO","114602_NE",114602,"NE","South Coastal Region",49.70588,-125.06708,2020,FALSE,0,NA,NA,0.9399,0.8705,0.9821
"LANO","114602_NE",114602,"NE","South Coastal Region",49.70588,-125.06708,2021,FALSE,0,NA,NA,0.9474,0.8863,0.9842
"LANO","114602_NE",114602,"NE","South Coastal Region",49.70588,-125.06708,2022,TRUE,4,1,1,0.9583,0.9014,0.9894
"LANO","114602_NE",114602,"NE","South Coastal Region",49.70588,-125.06708,2023,FALSE,0,NA,NA,0.9648,0.9127,0.992
"LANO","114602_NE",114602,"NE","South Coastal Region",49.70588,-125.06708,2024,TRUE,4,1,1,0.9729,0.9259,0.9954
"LANO","114602_NE",114602,"NE","South Coastal Region",49.70588,-125.06708,2025,TRUE,4,1,1,0.9696,0.9247,0.993
"LANO","114602_NW",114602,"NW","South Coastal Region",49.67623,-125.13792,2017,FALSE,0,NA,NA,0.7421,0.479,0.9301
"LANO","114602_NW",114602,"NW","South Coastal Region",49.67623,-125.13792,2018,TRUE,3,1,1,0.8225,0.6541,0.9414
"LANO","114602_NW",114602,"NW","South Coastal Region",49.67623,-125.13792,2019,TRUE,4,1,1,0.8647,0.7308,0.9525
"LANO","114602_NW",114602,"NW","South Coastal Region",49.67623,-125.13792,2020,TRUE,4,1,1,0.8802,0.7582,0.9606
"LANO","114602_NW",114602,"NW","South Coastal Region",49.67623,-125.13792,2021,TRUE,4,1,1,0.894,0.7838,0.9658
"LANO","114602_NW",114602,"NW","South Coastal Region",49.67623,-125.13792,2022,TRUE,4,1,1,0.9122,0.8062,0.9761
"LANO","114602_NW",114602,"NW","South Coastal Region",49.67623,-125.13792,2023,FALSE,0,NA,NA,0.9237,0.8227,0.9807
"LANO","114602_NW",114602,"NW","South Coastal Region",49.67623,-125.13792,2024,TRUE,4,1,1,0.9383,0.8436,0.9881
"LANO","114602_NW",114602,"NW","South Coastal Region",49.67623,-125.13792,2025,TRUE,4,1,1,0.9342,0.84,0.9843
"LANO","114602_SE",114602,"SE","South Coastal Region",49.65756,-125.0438,2017,FALSE,0,NA,NA,0.8863,0.7021,0.9811
"LANO","114602_SE",114602,"SE","South Coastal Region",49.65756,-125.0438,2018,TRUE,3,1,1,0.9373,0.8463,0.9842
"LANO","114602_SE",114602,"SE","South Coastal Region",49.65756,-125.0438,2019,TRUE,4,1,1,0.9548,0.8937,0.9866
"LANO","114602_SE",114602,"SE","South Coastal Region",49.65756,-125.0438,2020,TRUE,4,1,1,0.9585,0.9048,0.9884
"LANO","114602_SE",114602,"SE","South Coastal Region",49.65756,-125.0438,2021,TRUE,4,1,1,0.9601,0.9086,0.989
"LANO","114602_SE",114602,"SE","South Coastal Region",49.65756,-125.0438,2022,TRUE,4,1,1,0.9692,0.9249,0.9924
"LANO","114602_SE",114602,"SE","South Coastal Region",49.65756,-125.0438,2023,FALSE,0,NA,NA,0.9741,0.9341,0.9945
"LANO","114602_SE",114602,"SE","South Coastal Region",49.65756,-125.0438,2024,TRUE,4,1,1,0.981,0.945,0.9972
"LANO","114602_SE",114602,"SE","South Coastal Region",49.65756,-125.0438,2025,TRUE,4,1,1,0.9754,0.9378,0.9948
"LANO","114602_SW",114602,"SW","South Coastal Region",49.64146,-125.08654,2017,FALSE,0,NA,NA,0.8621,0.6934,0.9652
"LANO","114602_SW",114602,"SW","South Coastal Region",49.64146,-125.08654,2018,TRUE,4,1,1,0.9146,0.8237,0.9736
"LANO","114602_SW",114602,"SW","South Coastal Region",49.64146,-125.08654,2019,TRUE,4,1,1,0.9376,0.8703,0.9788
"LANO","114602_SW",114602,"SW","South Coastal Region",49.64146,-125.08654,2020,TRUE,4,1,1,0.9444,0.8847,0.9823
"LANO","114602_SW",114602,"SW","South Coastal Region",49.64146,-125.08654,2021,TRUE,4,1,1,0.9493,0.8931,0.984
"LANO","114602_SW",114602,"SW","South Coastal Region",49.64146,-125.08654,2022,TRUE,2,1,1,0.9595,0.9081,0.9889
"LANO","114602_SW",114602,"SW","South Coastal Region",49.64146,-125.08654,2023,FALSE,0,NA,NA,0.9656,0.9174,0.9915
"LANO","114602_SW",114602,"SW","South Coastal Region",49.64146,-125.08654,2024,TRUE,4,1,1,0.9737,0.9301,0.995
"LANO","114602_SW",114602,"SW","South Coastal Region",49.64146,-125.08654,2025,TRUE,4,1,1,0.9693,0.9277,0.9929
"LANO","115322_NE",115322,"NE","Northern Region",52.37764,-125.98565,2017,FALSE,0,NA,NA,0.7933,0.5716,0.9387
"LANO","115322_NE",115322,"NE","Northern Region",52.37764,-125.98565,2018,TRUE,3,1,1,0.7987,0.6539,0.9081
"LANO","115322_NE",115322,"NE","Northern Region",52.37764,-125.98565,2019,FALSE,0,NA,NA,0.7703,0.6363,0.8755
"LANO","115322_NE",115322,"NE","Northern Region",52.37764,-125.98565,2020,TRUE,3,1,1,0.7332,0.5899,0.8528
"LANO","115322_NE",115322,"NE","Northern Region",52.37764,-125.98565,2021,TRUE,4,1,1,0.7097,0.5468,0.8456
"LANO","115322_NE",115322,"NE","Northern Region",52.37764,-125.98565,2022,TRUE,3,1,1,0.7418,0.5753,0.8701
"LANO","115322_NE",115322,"NE","Northern Region",52.37764,-125.98565,2023,TRUE,4,1,1,0.7618,0.5938,0.8889
"LANO","115322_NE",115322,"NE","Northern Region",52.37764,-125.98565,2024,FALSE,0,NA,NA,0.8069,0.636,0.9246
"LANO","115322_NE",115322,"NE","Northern Region",52.37764,-125.98565,2025,TRUE,4,1,1,0.766,0.6031,0.8868
"LANO","115322_NW",115322,"NW","Northern Region",52.37481,-126.08159,2017,FALSE,0,NA,NA,0.9154,0.6524,0.9964
"LANO","115322_NW",115322,"NW","Northern Region",52.37481,-126.08159,2018,TRUE,2,1,1,0.9331,0.8073,0.9857
"LANO","115322_NW",115322,"NW","Northern Region",52.37481,-126.08159,2019,TRUE,3,1,1,0.9244,0.8279,0.9756
"LANO","115322_NW",115322,"NW","Northern Region",52.37481,-126.08159,2020,TRUE,3,1,1,0.9112,0.805,0.9715
"LANO","115322_NW",115322,"NW","Northern Region",52.37481,-126.08159,2021,TRUE,4,1,1,0.8984,0.7786,0.9662
"LANO","115322_NW",115322,"NW","Northern Region",52.37481,-126.08159,2022,TRUE,3,1,1,0.9203,0.8225,0.975
"LANO","115322_NW",115322,"NW","Northern Region",52.37481,-126.08159,2023,TRUE,4,1,1,0.9307,0.8349,0.9815
"LANO","115322_NW",115322,"NW","Northern Region",52.37481,-126.08159,2024,TRUE,4,1,1,0.9504,0.8638,0.9917
"LANO","115322_NW",115322,"NW","Northern Region",52.37481,-126.08159,2025,TRUE,4,1,1,0.9282,0.8357,0.9784
"LANO","115322_SE",115322,"SE","Northern Region",52.35752,-126.01253,2017,FALSE,0,NA,NA,0.8801,0.6911,0.9775
"LANO","115322_SE",115322,"SE","Northern Region",52.35752,-126.01253,2018,TRUE,2,1,1,0.8873,0.7728,0.9593
"LANO","115322_SE",115322,"SE","Northern Region",52.35752,-126.01253,2019,TRUE,3,1,1,0.8685,0.7693,0.9378
"LANO","115322_SE",115322,"SE","Northern Region",52.35752,-126.01253,2020,FALSE,0,NA,NA,0.8442,0.7299,0.9264
"LANO","115322_SE",115322,"SE","Northern Region",52.35752,-126.01253,2021,TRUE,2,0,0.4133,0.825,0.6961,0.9164
"LANO","115322_SE",115322,"SE","Northern Region",52.35752,-126.01253,2022,TRUE,4,1,1,0.8526,0.7397,0.9319
"LANO","115322_SE",115322,"SE","Northern Region",52.35752,-126.01253,2023,TRUE,4,1,1,0.8686,0.7532,0.946
"LANO","115322_SE",115322,"SE","Northern Region",52.35752,-126.01253,2024,TRUE,3,1,1,0.9003,0.7927,0.968
"LANO","115322_SE",115322,"SE","Northern Region",52.35752,-126.01253,2025,TRUE,4,1,1,0.8694,0.7596,0.9435
"LANO","115322_SW",115322,"SW","Northern Region",52.34498,-126.07967,2017,FALSE,0,NA,NA,0.8658,0.6771,0.9705
"LANO","115322_SW",115322,"SW","Northern Region",52.34498,-126.07967,2018,TRUE,3,1,1,0.8835,0.7473,0.9611
"LANO","115322_SW",115322,"SW","Northern Region",52.34498,-126.07967,2019,TRUE,3,0,0.0318,0.8837,0.7707,0.9536
"LANO","115322_SW",115322,"SW","Northern Region",52.34498,-126.07967,2020,TRUE,3,0,0.0027,0.8737,0.7582,0.9505
"LANO","115322_SW",115322,"SW","Northern Region",52.34498,-126.07967,2021,TRUE,2,0,0.0024,0.8653,0.7421,0.9494
"LANO","115322_SW",115322,"SW","Northern Region",52.34498,-126.07967,2022,TRUE,2,0,0.0016,0.8793,0.7603,0.9583
"LANO","115322_SW",115322,"SW","Northern Region",52.34498,-126.07967,2023,TRUE,4,0,2e-04,0.8892,0.7661,0.964
"LANO","115322_SW",115322,"SW","Northern Region",52.34498,-126.07967,2024,TRUE,3,0,0,0.9078,0.7898,0.9748
"LANO","115322_SW",115322,"SW","Northern Region",52.34498,-126.07967,2025,TRUE,4,0,2e-04,0.8969,0.7777,0.968
"LANO","1194_NW",1194,"NW","Kootenay Region",50.11749,-117.523,2017,TRUE,4,1,1,0.798,0.584,0.9376
"LANO","1194_NW",1194,"NW","Kootenay Region",50.11749,-117.523,2018,TRUE,2,1,1,0.8734,0.7642,0.9495
"LANO","1194_NW",1194,"NW","Kootenay Region",50.11749,-117.523,2019,TRUE,4,1,1,0.8736,0.7879,0.9378
"LANO","1194_NW",1194,"NW","Kootenay Region",50.11749,-117.523,2020,TRUE,4,1,1,0.8585,0.7637,0.9293
"LANO","1194_NW",1194,"NW","Kootenay Region",50.11749,-117.523,2021,TRUE,4,1,1,0.8421,0.7351,0.9209
"LANO","1194_NW",1194,"NW","Kootenay Region",50.11749,-117.523,2022,TRUE,4,1,1,0.8802,0.7971,0.9421
"LANO","1194_NW",1194,"NW","Kootenay Region",50.11749,-117.523,2023,TRUE,4,0,0.2207,0.8966,0.8142,0.9553
"LANO","1194_NW",1194,"NW","Kootenay Region",50.11749,-117.523,2024,TRUE,4,1,1,0.9304,0.8541,0.9811
"LANO","1194_NW",1194,"NW","Kootenay Region",50.11749,-117.523,2025,TRUE,3,1,1,0.8871,0.8049,0.9477
"LANO","1194_SW",1194,"SW","Kootenay Region",50.0903,-117.4679,2017,TRUE,4,1,1,0.8688,0.6206,0.9844
"LANO","1194_SW",1194,"SW","Kootenay Region",50.0903,-117.4679,2018,FALSE,0,NA,NA,0.9223,0.8243,0.978
"LANO","1194_SW",1194,"SW","Kootenay Region",50.0903,-117.4679,2019,TRUE,4,1,1,0.913,0.8296,0.9659
"LANO","1194_SW",1194,"SW","Kootenay Region",50.0903,-117.4679,2020,TRUE,4,1,1,0.9003,0.8053,0.9619
"LANO","1194_SW",1194,"SW","Kootenay Region",50.0903,-117.4679,2021,TRUE,4,1,1,0.8838,0.7801,0.9533
"LANO","1194_SW",1194,"SW","Kootenay Region",50.0903,-117.4679,2022,FALSE,0,NA,NA,0.9193,0.8449,0.9689
"LANO","1194_SW",1194,"SW","Kootenay Region",50.0903,-117.4679,2023,FALSE,0,NA,NA,0.9312,0.8572,0.9773
"LANO","1194_SW",1194,"SW","Kootenay Region",50.0903,-117.4679,2024,FALSE,0,NA,NA,0.9572,0.893,0.9926
"LANO","1194_SW",1194,"SW","Kootenay Region",50.0903,-117.4679,2025,FALSE,0,NA,NA,0.9178,0.8394,0.9695
"LANO","12522_NE",12522,"NE","South Coastal Region",49.72155,-124.51563,2017,FALSE,0,NA,NA,0.8525,0.6864,0.9589
"LANO","12522_NE",12522,"NE","South Coastal Region",49.72155,-124.51563,2018,FALSE,0,NA,NA,0.9029,0.807,0.9682
"LANO","12522_NE",12522,"NE","South Coastal Region",49.72155,-124.51563,2019,TRUE,3,1,1,0.9285,0.8547,0.976
"LANO","12522_NE",12522,"NE","South Coastal Region",49.72155,-124.51563,2020,TRUE,3,1,1,0.9378,0.8701,0.9804
"LANO","12522_NE",12522,"NE","South Coastal Region",49.72155,-124.51563,2021,TRUE,4,1,1,0.9456,0.8839,0.9835
"LANO","12522_NE",12522,"NE","South Coastal Region",49.72155,-124.51563,2022,TRUE,3,1,1,0.9561,0.8984,0.9886
"LANO","12522_NE",12522,"NE","South Coastal Region",49.72155,-124.51563,2023,FALSE,0,NA,NA,0.9625,0.908,0.9914
"LANO","12522_NE",12522,"NE","South Coastal Region",49.72155,-124.51563,2024,FALSE,0,NA,NA,0.9705,0.9204,0.9949
"LANO","12522_NE",12522,"NE","South Coastal Region",49.72155,-124.51563,2025,FALSE,0,NA,NA,0.968,0.9195,0.9928
"LANO","12522_NW",12522,"NW","South Coastal Region",49.75757,-124.56308,2017,TRUE,4,1,1,0.8039,0.562,0.9581
"LANO","12522_NW",12522,"NW","South Coastal Region",49.75757,-124.56308,2018,TRUE,3,0,0.8838,0.8702,0.7041,0.9681
"LANO","12522_NW",12522,"NW","South Coastal Region",49.75757,-124.56308,2019,TRUE,2,1,1,0.9057,0.7745,0.9752
"LANO","12522_NW",12522,"NW","South Coastal Region",49.75757,-124.56308,2020,TRUE,3,1,1,0.9204,0.8018,0.9808
"LANO","12522_NW",12522,"NW","South Coastal Region",49.75757,-124.56308,2021,FALSE,0,NA,NA,0.9334,0.8307,0.9842
"LANO","12522_NW",12522,"NW","South Coastal Region",49.75757,-124.56308,2022,FALSE,0,NA,NA,0.9462,0.8543,0.9892
"LANO","12522_NW",12522,"NW","South Coastal Region",49.75757,-124.56308,2023,FALSE,0,NA,NA,0.9542,0.8705,0.9919
"LANO","12522_NW",12522,"NW","South Coastal Region",49.75757,-124.56308,2024,TRUE,4,1,1,0.9632,0.8867,0.9952
"LANO","12522_NW",12522,"NW","South Coastal Region",49.75757,-124.56308,2025,FALSE,0,NA,NA,0.9623,0.8922,0.9932
"LANO","12522_SE",12522,"SE","South Coastal Region",49.70213,-124.47636,2017,TRUE,3,1,1,0.8522,0.6711,0.9621
"LANO","12522_SE",12522,"SE","South Coastal Region",49.70213,-124.47636,2018,TRUE,3,1,1,0.9193,0.8296,0.9755
"LANO","12522_SE",12522,"SE","South Coastal Region",49.70213,-124.47636,2019,FALSE,0,NA,NA,0.9424,0.8765,0.9813
"LANO","12522_SE",12522,"SE","South Coastal Region",49.70213,-124.47636,2020,TRUE,3,1,1,0.9475,0.8855,0.9847
"LANO","12522_SE",12522,"SE","South Coastal Region",49.70213,-124.47636,2021,TRUE,2,1,1,0.9496,0.8876,0.9859
"LANO","12522_SE",12522,"SE","South Coastal Region",49.70213,-124.47636,2022,FALSE,0,NA,NA,0.9611,0.9067,0.9905
"LANO","12522_SE",12522,"SE","South Coastal Region",49.70213,-124.47636,2023,TRUE,4,1,1,0.9672,0.9158,0.9929
"LANO","12522_SE",12522,"SE","South Coastal Region",49.70213,-124.47636,2024,TRUE,4,1,1,0.976,0.9303,0.9963
"LANO","12522_SE",12522,"SE","South Coastal Region",49.70213,-124.47636,2025,FALSE,0,NA,NA,0.9689,0.9212,0.9933
"LANO","12522_SW",12522,"SW","South Coastal Region",49.7022,-124.52268,2017,TRUE,3,0,0.026,0.8209,0.6234,0.9498
"LANO","12522_SW",12522,"SW","South Coastal Region",49.7022,-124.52268,2018,TRUE,3,0,0.0716,0.8834,0.7657,0.9625
"LANO","12522_SW",12522,"SW","South Coastal Region",49.7022,-124.52268,2019,TRUE,3,1,1,0.9138,0.8267,0.9706
"LANO","12522_SW",12522,"SW","South Coastal Region",49.7022,-124.52268,2020,TRUE,3,1,1,0.9243,0.8421,0.9755
"LANO","12522_SW",12522,"SW","South Coastal Region",49.7022,-124.52268,2021,TRUE,4,1,1,0.9327,0.8598,0.9788
"LANO","12522_SW",12522,"SW","South Coastal Region",49.7022,-124.52268,2022,TRUE,3,0,0.5256,0.9454,0.8766,0.9857
"LANO","12522_SW",12522,"SW","South Coastal Region",49.7022,-124.52268,2023,FALSE,0,NA,NA,0.9533,0.8884,0.9887
"LANO","12522_SW",12522,"SW","South Coastal Region",49.7022,-124.52268,2024,FALSE,0,NA,NA,0.9632,0.9031,0.9931
"LANO","12522_SW",12522,"SW","South Coastal Region",49.7022,-124.52268,2025,FALSE,0,NA,NA,0.9594,0.9033,0.9903
"LANO","127850_NE",127850,"NE","Kootenay Region",49.31307,-115.01912,2017,TRUE,4,1,1,0.6205,0.3541,0.8461
"LANO","127850_NE",127850,"NE","Kootenay Region",49.31307,-115.01912,2018,FALSE,0,NA,NA,0.7136,0.5159,0.8698
"LANO","127850_NE",127850,"NE","Kootenay Region",49.31307,-115.01912,2019,TRUE,4,1,1,0.7115,0.5178,0.8664
"LANO","127850_NE",127850,"NE","Kootenay Region",49.31307,-115.01912,2020,TRUE,4,0,0.0627,0.6852,0.4681,0.8559
"LANO","127850_NE",127850,"NE","Kootenay Region",49.31307,-115.01912,2021,TRUE,4,1,1,0.6758,0.4739,0.8508
"LANO","127850_NE",127850,"NE","Kootenay Region",49.31307,-115.01912,2022,FALSE,0,NA,NA,0.7255,0.5156,0.8844
"LANO","127850_NE",127850,"NE","Kootenay Region",49.31307,-115.01912,2023,FALSE,0,NA,NA,0.7484,0.5287,0.9059
"LANO","127850_NE",127850,"NE","Kootenay Region",49.31307,-115.01912,2024,FALSE,0,NA,NA,0.8075,0.5872,0.9494
"LANO","127850_NE",127850,"NE","Kootenay Region",49.31307,-115.01912,2025,FALSE,0,NA,NA,0.7379,0.522,0.897
"LANO","127850_NW",127850,"NW","Kootenay Region",49.3096,-115.05201,2017,TRUE,4,1,1,0.7061,0.4789,0.8826
"LANO","127850_NW",127850,"NW","Kootenay Region",49.3096,-115.05201,2018,FALSE,0,NA,NA,0.8101,0.6775,0.911
"LANO","127850_NW",127850,"NW","Kootenay Region",49.3096,-115.05201,2019,TRUE,4,1,1,0.8117,0.7023,0.8993
"LANO","127850_NW",127850,"NW","Kootenay Region",49.3096,-115.05201,2020,TRUE,4,1,1,0.7909,0.6693,0.8855
"LANO","127850_NW",127850,"NW","Kootenay Region",49.3096,-115.05201,2021,TRUE,4,1,1,0.7735,0.6456,0.8782
"LANO","127850_NW",127850,"NW","Kootenay Region",49.3096,-115.05201,2022,TRUE,4,1,1,0.8224,0.7133,0.9061
"LANO","127850_NW",127850,"NW","Kootenay Region",49.3096,-115.05201,2023,FALSE,0,NA,NA,0.8437,0.7334,0.9241
"LANO","127850_NW",127850,"NW","Kootenay Region",49.3096,-115.05201,2024,FALSE,0,NA,NA,0.8914,0.7872,0.9653
"LANO","127850_NW",127850,"NW","Kootenay Region",49.3096,-115.05201,2025,FALSE,0,NA,NA,0.8303,0.7204,0.9123
"LANO","127850_SE",127850,"SE","Kootenay Region",49.28498,-114.95395,2017,FALSE,0,NA,NA,0.7566,0.4902,0.9343
"LANO","127850_SE",127850,"SE","Kootenay Region",49.28498,-114.95395,2018,FALSE,0,NA,NA,0.8414,0.7132,0.936
"LANO","127850_SE",127850,"SE","Kootenay Region",49.28498,-114.95395,2019,TRUE,4,1,1,0.8296,0.7171,0.9154
"LANO","127850_SE",127850,"SE","Kootenay Region",49.28498,-114.95395,2020,TRUE,4,1,1,0.8069,0.6761,0.9045
"LANO","127850_SE",127850,"SE","Kootenay Region",49.28498,-114.95395,2021,TRUE,4,1,1,0.7875,0.6545,0.8916
"LANO","127850_SE",127850,"SE","Kootenay Region",49.28498,-114.95395,2022,TRUE,4,1,1,0.8392,0.7335,0.9217
"LANO","127850_SE",127850,"SE","Kootenay Region",49.28498,-114.95395,2023,TRUE,4,1,1,0.8589,0.7475,0.9385
"LANO","127850_SE",127850,"SE","Kootenay Region",49.28498,-114.95395,2024,FALSE,0,NA,NA,0.9054,0.801,0.9751
"LANO","127850_SE",127850,"SE","Kootenay Region",49.28498,-114.95395,2025,FALSE,0,NA,NA,0.84,0.7249,0.9246
"LANO","127850_SW",127850,"SW","Kootenay Region",49.2671,-115.02532,2017,TRUE,4,1,1,0.6565,0.3996,0.8618
"LANO","127850_SW",127850,"SW","Kootenay Region",49.2671,-115.02532,2018,FALSE,0,NA,NA,0.7824,0.6372,0.8972
"LANO","127850_SW",127850,"SW","Kootenay Region",49.2671,-115.02532,2019,TRUE,3,0,0.14,0.775,0.6469,0.8774
"LANO","127850_SW",127850,"SW","Kootenay Region",49.2671,-115.02532,2020,TRUE,4,1,1,0.7492,0.6115,0.8617
"LANO","127850_SW",127850,"SW","Kootenay Region",49.2671,-115.02532,2021,TRUE,4,1,1,0.7302,0.5869,0.8493
"LANO","127850_SW",127850,"SW","Kootenay Region",49.2671,-115.02532,2022,TRUE,4,1,1,0.7892,0.6604,0.889
"LANO","127850_SW",127850,"SW","Kootenay Region",49.2671,-115.02532,2023,TRUE,4,1,1,0.8119,0.691,0.9074
"LANO","127850_SW",127850,"SW","Kootenay Region",49.2671,-115.02532,2024,TRUE,4,1,1,0.8704,0.7545,0.9593
"LANO","127850_SW",127850,"SW","Kootenay Region",49.2671,-115.02532,2025,FALSE,0,NA,NA,0.7879,0.6563,0.8898
"LANO","128058_NE",128058,"NE","South Coastal Region",48.84117,-123.42727,2017,FALSE,0,NA,NA,0.7545,0.4117,0.9628
"LANO","128058_NE",128058,"NE","South Coastal Region",48.84117,-123.42727,2018,TRUE,4,1,1,0.8346,0.5973,0.962
"LANO","128058_NE",128058,"NE","South Coastal Region",48.84117,-123.42727,2019,TRUE,4,1,1,0.8676,0.6743,0.9656
"LANO","128058_NE",128058,"NE","South Coastal Region",48.84117,-123.42727,2020,TRUE,4,1,1,0.8829,0.7105,0.971
"LANO","128058_NE",128058,"NE","South Coastal Region",48.84117,-123.42727,2021,TRUE,4,1,1,0.8945,0.7408,0.9756
"LANO","128058_NE",128058,"NE","South Coastal Region",48.84117,-123.42727,2022,TRUE,2,1,1,0.9129,0.7701,0.983
"LANO","128058_NE",128058,"NE","South Coastal Region",48.84117,-123.42727,2023,FALSE,0,NA,NA,0.9239,0.7876,0.9865
"LANO","128058_NE",128058,"NE","South Coastal Region",48.84117,-123.42727,2024,FALSE,0,NA,NA,0.9385,0.8103,0.9924
"LANO","128058_NE",128058,"NE","South Coastal Region",48.84117,-123.42727,2025,FALSE,0,NA,NA,0.9322,0.8104,0.988
"LANO","128058_NW",128058,"NW","South Coastal Region",48.82144,-123.48643,2017,FALSE,0,NA,NA,0.8698,0.7049,0.9692
"LANO","128058_NW",128058,"NW","South Coastal Region",48.82144,-123.48643,2018,TRUE,4,1,1,0.9114,0.8121,0.9736
"LANO","128058_NW",128058,"NW","South Coastal Region",48.82144,-123.48643,2019,TRUE,4,1,1,0.9305,0.8548,0.9774
"LANO","128058_NW",128058,"NW","South Coastal Region",48.82144,-123.48643,2020,TRUE,4,1,1,0.9384,0.8693,0.9808
"LANO","128058_NW",128058,"NW","South Coastal Region",48.82144,-123.48643,2021,TRUE,4,1,1,0.9458,0.8835,0.9841
"LANO","128058_NW",128058,"NW","South Coastal Region",48.82144,-123.48643,2022,TRUE,4,1,1,0.9565,0.8996,0.9891
"LANO","128058_NW",128058,"NW","South Coastal Region",48.82144,-123.48643,2023,FALSE,0,NA,NA,0.963,0.908,0.9918
"LANO","128058_NW",128058,"NW","South Coastal Region",48.82144,-123.48643,2024,FALSE,0,NA,NA,0.9711,0.9216,0.9954
"LANO","128058_NW",128058,"NW","South Coastal Region",48.82144,-123.48643,2025,FALSE,0,NA,NA,0.9683,0.919,0.9931
"LANO","128058_SW",128058,"SW","South Coastal Region",48.79828,-123.47632,2017,FALSE,0,NA,NA,0.8401,0.6632,0.9538
"LANO","128058_SW",128058,"SW","South Coastal Region",48.79828,-123.47632,2018,TRUE,4,1,1,0.8916,0.7867,0.9636
"LANO","128058_SW",128058,"SW","South Coastal Region",48.79828,-123.47632,2019,TRUE,4,1,1,0.915,0.8313,0.9697
"LANO","128058_SW",128058,"SW","South Coastal Region",48.79828,-123.47632,2020,TRUE,4,1,1,0.9248,0.8476,0.9749
"LANO","128058_SW",128058,"SW","South Coastal Region",48.79828,-123.47632,2021,TRUE,4,1,1,0.9325,0.8619,0.9786
"LANO","128058_SW",128058,"SW","South Coastal Region",48.79828,-123.47632,2022,TRUE,4,1,1,0.9453,0.8773,0.9854
"LANO","128058_SW",128058,"SW","South Coastal Region",48.79828,-123.47632,2023,FALSE,0,NA,NA,0.9531,0.8903,0.9889
"LANO","128058_SW",128058,"SW","South Coastal Region",48.79828,-123.47632,2024,FALSE,0,NA,NA,0.9632,0.9044,0.9931
"LANO","128058_SW",128058,"SW","South Coastal Region",48.79828,-123.47632,2025,FALSE,0,NA,NA,0.9591,0.9037,0.9902
"LANO","132650_SE",132650,"SE","Okanagan Region",51.81828,-122.42144,2017,FALSE,0,NA,NA,0.8762,0.6776,0.98
"LANO","132650_SE",132650,"SE","Okanagan Region",51.81828,-122.42144,2018,FALSE,0,NA,NA,0.925,0.8301,0.9787
"LANO","132650_SE",132650,"SE","Okanagan Region",51.81828,-122.42144,2019,FALSE,0,NA,NA,0.9221,0.8335,0.9743
"LANO","132650_SE",132650,"SE","Okanagan Region",51.81828,-122.42144,2020,TRUE,4,1,1,0.9121,0.8098,0.9714
"LANO","132650_SE",132650,"SE","Okanagan Region",51.81828,-122.42144,2021,TRUE,4,1,1,0.8999,0.7909,0.9659
"LANO","132650_SE",132650,"SE","Okanagan Region",51.81828,-122.42144,2022,TRUE,2,0,0.6042,0.9243,0.8263,0.9775
"LANO","132650_SE",132650,"SE","Okanagan Region",51.81828,-122.42144,2023,TRUE,3,1,1,0.9366,0.8417,0.9836
"LANO","132650_SE",132650,"SE","Okanagan Region",51.81828,-122.42144,2024,TRUE,4,1,1,0.9571,0.8756,0.9939
"LANO","132650_SE",132650,"SE","Okanagan Region",51.81828,-122.42144,2025,TRUE,4,1,1,0.9315,0.8434,0.9794
"LANO","132650_SW",132650,"SW","Okanagan Region",51.80225,-122.46284,2017,FALSE,0,NA,NA,0.8362,0.5904,0.9725
"LANO","132650_SW",132650,"SW","Okanagan Region",51.80225,-122.46284,2018,FALSE,0,NA,NA,0.9031,0.8063,0.9679
"LANO","132650_SW",132650,"SW","Okanagan Region",51.80225,-122.46284,2019,FALSE,0,NA,NA,0.8843,0.7854,0.9528
"LANO","132650_SW",132650,"SW","Okanagan Region",51.80225,-122.46284,2020,TRUE,4,1,1,0.8674,0.7566,0.9465
"LANO","132650_SW",132650,"SW","Okanagan Region",51.80225,-122.46284,2021,TRUE,3,0,0.0204,0.8464,0.7261,0.9313
"LANO","132650_SW",132650,"SW","Okanagan Region",51.80225,-122.46284,2022,TRUE,4,1,1,0.8917,0.7915,0.9576
"LANO","132650_SW",132650,"SW","Okanagan Region",51.80225,-122.46284,2023,TRUE,3,1,1,0.908,0.8182,0.9679
"LANO","132650_SW",132650,"SW","Okanagan Region",51.80225,-122.46284,2024,FALSE,0,NA,NA,0.9427,0.8606,0.9897
"LANO","132650_SW",132650,"SW","Okanagan Region",51.80225,-122.46284,2025,TRUE,4,1,1,0.8881,0.7877,0.9548
"LANO","137274_NE",137274,"NE","South Coastal Region",48.79,-123.6988,2017,FALSE,0,NA,NA,0.899,0.7281,0.985
"LANO","137274_NE",137274,"NE","South Coastal Region",48.79,-123.6988,2018,TRUE,4,1,1,0.9435,0.8558,0.9866
"LANO","137274_NE",137274,"NE","South Coastal Region",48.79,-123.6988,2019,TRUE,3,1,1,0.9579,0.8979,0.9881
"LANO","137274_NE",137274,"NE","South Coastal Region",48.79,-123.6988,2020,TRUE,4,1,1,0.9621,0.9101,0.99
"LANO","137274_NE",137274,"NE","South Coastal Region",48.79,-123.6988,2021,FALSE,0,NA,NA,0.9638,0.9142,0.9904
"LANO","137274_NE",137274,"NE","South Coastal Region",48.79,-123.6988,2022,TRUE,4,1,1,0.9723,0.9308,0.9937
"LANO","137274_NE",137274,"NE","South Coastal Region",48.79,-123.6988,2023,TRUE,4,1,1,0.9768,0.9395,0.9953
"LANO","137274_NE",137274,"NE","South Coastal Region",48.79,-123.6988,2024,FALSE,0,NA,NA,0.9831,0.9499,0.9977
"LANO","137274_NE",137274,"NE","South Coastal Region",48.79,-123.6988,2025,FALSE,0,NA,NA,0.9779,0.9431,0.9956
"LANO","137274_NW",137274,"NW","South Coastal Region",48.7891,-123.719,2017,FALSE,0,NA,NA,0.8767,0.7243,0.9708
"LANO","137274_NW",137274,"NW","South Coastal Region",48.7891,-123.719,2018,TRUE,4,1,1,0.9209,0.8315,0.9761
"LANO","137274_NW",137274,"NW","South Coastal Region",48.7891,-123.719,2019,TRUE,4,1,1,0.9407,0.8734,0.9799
"LANO","137274_NW",137274,"NW","South Coastal Region",48.7891,-123.719,2020,TRUE,4,1,1,0.9481,0.889,0.9841
"LANO","137274_NW",137274,"NW","South Coastal Region",48.7891,-123.719,2021,TRUE,4,1,1,0.9536,0.9001,0.9861
"LANO","137274_NW",137274,"NW","South Coastal Region",48.7891,-123.719,2022,TRUE,4,1,1,0.9633,0.9144,0.9904
"LANO","137274_NW",137274,"NW","South Coastal Region",48.7891,-123.719,2023,TRUE,3,1,1,0.9689,0.9221,0.9928
"LANO","137274_NW",137274,"NW","South Coastal Region",48.7891,-123.719,2024,FALSE,0,NA,NA,0.9761,0.935,0.9959
"LANO","137274_NW",137274,"NW","South Coastal Region",48.7891,-123.719,2025,FALSE,0,NA,NA,0.9729,0.9333,0.9941
"LANO","137274_SE",137274,"SE","South Coastal Region",48.7539,-123.6447,2017,FALSE,0,NA,NA,0.9036,0.7279,0.9876
"LANO","137274_SE",137274,"SE","South Coastal Region",48.7539,-123.6447,2018,TRUE,4,1,1,0.9454,0.8557,0.988
"LANO","137274_SE",137274,"SE","South Coastal Region",48.7539,-123.6447,2019,TRUE,3,1,1,0.9594,0.8993,0.9891
"LANO","137274_SE",137274,"SE","South Coastal Region",48.7539,-123.6447,2020,TRUE,4,1,1,0.9628,0.9113,0.9904
"LANO","137274_SE",137274,"SE","South Coastal Region",48.7539,-123.6447,2021,TRUE,2,1,1,0.9658,0.9179,0.9908
"LANO","137274_SE",137274,"SE","South Coastal Region",48.7539,-123.6447,2022,TRUE,4,1,1,0.9739,0.9344,0.9941
"LANO","137274_SE",137274,"SE","South Coastal Region",48.7539,-123.6447,2023,TRUE,4,1,1,0.9785,0.9418,0.9959
"LANO","137274_SE",137274,"SE","South Coastal Region",48.7539,-123.6447,2024,FALSE,0,NA,NA,0.9843,0.9532,0.9979
"LANO","137274_SE",137274,"SE","South Coastal Region",48.7539,-123.6447,2025,FALSE,0,NA,NA,0.98,0.9484,0.9961
"LANO","143274_NE",143274,"NE","South Coastal Region",50.3377,-122.8012,2017,FALSE,0,NA,NA,0.8132,0.6112,0.9453
"LANO","143274_NE",143274,"NE","South Coastal Region",50.3377,-122.8012,2018,FALSE,0,NA,NA,0.8806,0.7715,0.9585
"LANO","143274_NE",143274,"NE","South Coastal Region",50.3377,-122.8012,2019,TRUE,4,1,1,0.9115,0.8309,0.9669
"LANO","143274_NE",143274,"NE","South Coastal Region",50.3377,-122.8012,2020,TRUE,4,1,1,0.921,0.8455,0.9721
"LANO","143274_NE",143274,"NE","South Coastal Region",50.3377,-122.8012,2021,TRUE,4,1,1,0.9281,0.8564,0.9757
"LANO","143274_NE",143274,"NE","South Coastal Region",50.3377,-122.8012,2022,TRUE,4,1,1,0.9418,0.8758,0.9825
"LANO","143274_NE",143274,"NE","South Coastal Region",50.3377,-122.8012,2023,TRUE,4,1,1,0.9502,0.8875,0.9868
"LANO","143274_NE",143274,"NE","South Coastal Region",50.3377,-122.8012,2024,TRUE,4,1,1,0.9613,0.9028,0.9921
"LANO","143274_NE",143274,"NE","South Coastal Region",50.3377,-122.8012,2025,TRUE,4,1,1,0.9558,0.8997,0.9887
"LANO","143274_NW",143274,"NW","South Coastal Region",50.3446,-122.8479,2017,FALSE,0,NA,NA,0.8178,0.6291,0.9447
"LANO","143274_NW",143274,"NW","South Coastal Region",50.3446,-122.8479,2018,FALSE,0,NA,NA,0.895,0.7931,0.9657
"LANO","143274_NW",143274,"NW","South Coastal Region",50.3446,-122.8479,2019,TRUE,4,1,1,0.9271,0.845,0.9769
"LANO","143274_NW",143274,"NW","South Coastal Region",50.3446,-122.8479,2020,TRUE,3,1,1,0.937,0.8633,0.9821
"LANO","143274_NW",143274,"NW","South Coastal Region",50.3446,-122.8479,2021,TRUE,4,1,1,0.9436,0.8738,0.9843
"LANO","143274_NW",143274,"NW","South Coastal Region",50.3446,-122.8479,2022,TRUE,4,1,1,0.9559,0.8924,0.9896
"LANO","143274_NW",143274,"NW","South Coastal Region",50.3446,-122.8479,2023,TRUE,4,1,1,0.9629,0.903,0.9921
"LANO","143274_NW",143274,"NW","South Coastal Region",50.3446,-122.8479,2024,TRUE,4,1,1,0.972,0.9176,0.9956
"LANO","143274_NW",143274,"NW","South Coastal Region",50.3446,-122.8479,2025,TRUE,4,1,1,0.9669,0.914,0.9931
"LANO","143274_SE",143274,"SE","South Coastal Region",50.3004,-122.758,2017,FALSE,0,NA,NA,0.8329,0.6531,0.9509
"LANO","143274_SE",143274,"SE","South Coastal Region",50.3004,-122.758,2018,FALSE,0,NA,NA,0.9031,0.81,0.9676
"LANO","143274_SE",143274,"SE","South Coastal Region",50.3004,-122.758,2019,TRUE,4,1,1,0.9309,0.8577,0.9768
"LANO","143274_SE",143274,"SE","South Coastal Region",50.3004,-122.758,2020,TRUE,3,0,0.8278,0.9386,0.8737,0.9805
"LANO","143274_SE",143274,"SE","South Coastal Region",50.3004,-122.758,2021,TRUE,4,1,1,0.9432,0.8794,0.9827
"LANO","143274_SE",143274,"SE","South Coastal Region",50.3004,-122.758,2022,TRUE,4,1,1,0.9554,0.8971,0.9883
"LANO","143274_SE",143274,"SE","South Coastal Region",50.3004,-122.758,2023,TRUE,4,1,1,0.9623,0.9072,0.9911
"LANO","143274_SE",143274,"SE","South Coastal Region",50.3004,-122.758,2024,TRUE,4,1,1,0.9717,0.9217,0.9952
"LANO","143274_SE",143274,"SE","South Coastal Region",50.3004,-122.758,2025,TRUE,4,1,1,0.9655,0.9166,0.992
"LANO","143274_SW",143274,"SW","South Coastal Region",50.2961,-122.8048,2017,FALSE,0,NA,NA,0.7845,0.5643,0.9329
"LANO","143274_SW",143274,"SW","South Coastal Region",50.2961,-122.8048,2018,FALSE,0,NA,NA,0.8653,0.7476,0.9513
"LANO","143274_SW",143274,"SW","South Coastal Region",50.2961,-122.8048,2019,TRUE,4,1,1,0.9016,0.8119,0.9639
"LANO","143274_SW",143274,"SW","South Coastal Region",50.2961,-122.8048,2020,TRUE,2,0,0.9222,0.9128,0.8281,0.9698
"LANO","143274_SW",143274,"SW","South Coastal Region",50.2961,-122.8048,2021,TRUE,4,1,1,0.921,0.842,0.9735
"LANO","143274_SW",143274,"SW","South Coastal Region",50.2961,-122.8048,2022,TRUE,4,1,1,0.9364,0.8625,0.9817
"LANO","143274_SW",143274,"SW","South Coastal Region",50.2961,-122.8048,2023,TRUE,4,1,1,0.9457,0.8746,0.9858
"LANO","143274_SW",143274,"SW","South Coastal Region",50.2961,-122.8048,2024,TRUE,4,1,1,0.958,0.8929,0.9916
"LANO","143274_SW",143274,"SW","South Coastal Region",50.2961,-122.8048,2025,TRUE,4,1,1,0.9516,0.8891,0.9876
"LANO","145578_NE",145578,"NE","Kootenay Region",49.93178,-115.65558,2017,FALSE,0,NA,NA,0.7193,0.497,0.8899
"LANO","145578_NE",145578,"NE","Kootenay Region",49.93178,-115.65558,2018,TRUE,4,1,1,0.8598,0.7095,0.9522
"LANO","145578_NE",145578,"NE","Kootenay Region",49.93178,-115.65558,2019,TRUE,4,1,1,0.8824,0.761,0.9587
"LANO","145578_NE",145578,"NE","Kootenay Region",49.93178,-115.65558,2020,TRUE,4,1,1,0.8778,0.7463,0.9602
"LANO","145578_NE",145578,"NE","Kootenay Region",49.93178,-115.65558,2021,TRUE,4,1,1,0.8675,0.7252,0.9581
"LANO","145578_NE",145578,"NE","Kootenay Region",49.93178,-115.65558,2022,TRUE,3,1,1,0.9013,0.787,0.9695
"LANO","145578_NE",145578,"NE","Kootenay Region",49.93178,-115.65558,2023,FALSE,0,NA,NA,0.9155,0.8108,0.9767
"LANO","145578_NE",145578,"NE","Kootenay Region",49.93178,-115.65558,2024,TRUE,4,1,1,0.9431,0.8489,0.9903
"LANO","145578_NE",145578,"NE","Kootenay Region",49.93178,-115.65558,2025,TRUE,4,1,1,0.9088,0.808,0.9728
"LANO","145578_NW",145578,"NW","Kootenay Region",49.93544,-115.67497,2017,FALSE,0,NA,NA,0.6576,0.3866,0.8681
"LANO","145578_NW",145578,"NW","Kootenay Region",49.93544,-115.67497,2018,FALSE,0,NA,NA,0.7735,0.609,0.8962
"LANO","145578_NW",145578,"NW","Kootenay Region",49.93544,-115.67497,2019,TRUE,3,0,0.2062,0.7873,0.6517,0.8918
"LANO","145578_NW",145578,"NW","Kootenay Region",49.93544,-115.67497,2020,FALSE,0,NA,NA,0.7702,0.6263,0.8795
"LANO","145578_NW",145578,"NW","Kootenay Region",49.93544,-115.67497,2021,TRUE,4,1,1,0.7569,0.6082,0.8767
"LANO","145578_NW",145578,"NW","Kootenay Region",49.93544,-115.67497,2022,TRUE,3,1,1,0.8025,0.6634,0.9049
"LANO","145578_NW",145578,"NW","Kootenay Region",49.93544,-115.67497,2023,TRUE,4,0,0.1216,0.8243,0.6903,0.9204
"LANO","145578_NW",145578,"NW","Kootenay Region",49.93544,-115.67497,2024,TRUE,3,1,1,0.8723,0.7446,0.9606
"LANO","145578_NW",145578,"NW","Kootenay Region",49.93544,-115.67497,2025,TRUE,4,1,1,0.8171,0.6826,0.9114
"LANO","145578_SE",145578,"SE","Kootenay Region",49.89983,-115.64222,2017,FALSE,0,NA,NA,0.7574,0.5075,0.928
"LANO","145578_SE",145578,"SE","Kootenay Region",49.89983,-115.64222,2018,TRUE,3,1,1,0.8644,0.7468,0.9472
"LANO","145578_SE",145578,"SE","Kootenay Region",49.89983,-115.64222,2019,TRUE,4,1,1,0.852,0.7474,0.9306
"LANO","145578_SE",145578,"SE","Kootenay Region",49.89983,-115.64222,2020,TRUE,4,1,1,0.8324,0.7114,0.9215
"LANO","145578_SE",145578,"SE","Kootenay Region",49.89983,-115.64222,2021,TRUE,4,1,1,0.8107,0.6811,0.9066
"LANO","145578_SE",145578,"SE","Kootenay Region",49.89983,-115.64222,2022,TRUE,4,1,1,0.8641,0.7656,0.937
"LANO","145578_SE",145578,"SE","Kootenay Region",49.89983,-115.64222,2023,TRUE,4,1,1,0.8819,0.7888,0.9521
"LANO","145578_SE",145578,"SE","Kootenay Region",49.89983,-115.64222,2024,FALSE,0,NA,NA,0.9249,0.8365,0.9829
"LANO","145578_SE",145578,"SE","Kootenay Region",49.89983,-115.64222,2025,TRUE,4,1,1,0.8587,0.756,0.9354
"LANO","145578_SW",145578,"SW","Kootenay Region",49.89589,-115.695,2017,FALSE,0,NA,NA,0.8114,0.5247,0.9707
"LANO","145578_SW",145578,"SW","Kootenay Region",49.89589,-115.695,2018,FALSE,0,NA,NA,0.8959,0.7839,0.9659
"LANO","145578_SW",145578,"SW","Kootenay Region",49.89589,-115.695,2019,TRUE,4,1,1,0.8859,0.794,0.9502
"LANO","145578_SW",145578,"SW","Kootenay Region",49.89589,-115.695,2020,TRUE,4,1,1,0.8699,0.7627,0.9444
"LANO","145578_SW",145578,"SW","Kootenay Region",49.89589,-115.695,2021,TRUE,4,1,1,0.8507,0.7356,0.9322
"LANO","145578_SW",145578,"SW","Kootenay Region",49.89589,-115.695,2022,TRUE,4,1,1,0.8951,0.8123,0.9556
"LANO","145578_SW",145578,"SW","Kootenay Region",49.89589,-115.695,2023,TRUE,4,1,1,0.9098,0.8258,0.9677
"LANO","145578_SW",145578,"SW","Kootenay Region",49.89589,-115.695,2024,TRUE,4,1,1,0.9435,0.8688,0.9891
"LANO","145578_SW",145578,"SW","Kootenay Region",49.89589,-115.695,2025,TRUE,4,1,1,0.8923,0.8072,0.9538
"LANO","16426_NE",16426,"NE","Northern Region",54.82137,-123.35579,2017,FALSE,0,NA,NA,0.6845,0.4472,0.8744
"LANO","16426_NE",16426,"NE","Northern Region",54.82137,-123.35579,2018,TRUE,3,1,1,0.6917,0.5247,0.8307
"LANO","16426_NE",16426,"NE","Northern Region",54.82137,-123.35579,2019,TRUE,3,1,1,0.6606,0.5184,0.7883
"LANO","16426_NE",16426,"NE","Northern Region",54.82137,-123.35579,2020,TRUE,3,1,1,0.6171,0.467,0.7501
"LANO","16426_NE",16426,"NE","Northern Region",54.82137,-123.35579,2021,TRUE,3,1,1,0.5977,0.4347,0.749
"LANO","16426_NE",16426,"NE","Northern Region",54.82137,-123.35579,2022,TRUE,3,1,1,0.6321,0.4788,0.7783
"LANO","16426_NE",16426,"NE","Northern Region",54.82137,-123.35579,2023,FALSE,0,NA,NA,0.6544,0.492,0.7982
"LANO","16426_NE",16426,"NE","Northern Region",54.82137,-123.35579,2024,TRUE,3,1,1,0.7083,0.5451,0.8486
"LANO","16426_NE",16426,"NE","Northern Region",54.82137,-123.35579,2025,FALSE,0,NA,NA,0.6632,0.4989,0.8028
"LANO","16426_SE",16426,"SE","Northern Region",54.81895,-123.33997,2017,FALSE,0,NA,NA,0.7502,0.5037,0.9199
"LANO","16426_SE",16426,"SE","Northern Region",54.81895,-123.33997,2018,TRUE,3,1,1,0.7555,0.6002,0.878
"LANO","16426_SE",16426,"SE","Northern Region",54.81895,-123.33997,2019,TRUE,3,1,1,0.7199,0.5871,0.8301
"LANO","16426_SE",16426,"SE","Northern Region",54.81895,-123.33997,2020,TRUE,2,1,1,0.6762,0.5351,0.799
"LANO","16426_SE",16426,"SE","Northern Region",54.81895,-123.33997,2021,TRUE,3,1,1,0.6552,0.509,0.7865
"LANO","16426_SE",16426,"SE","Northern Region",54.81895,-123.33997,2022,TRUE,3,1,1,0.6956,0.5627,0.8168
"LANO","16426_SE",16426,"SE","Northern Region",54.81895,-123.33997,2023,FALSE,0,NA,NA,0.7198,0.5781,0.8387
"LANO","16426_SE",16426,"SE","Northern Region",54.81895,-123.33997,2024,FALSE,0,NA,NA,0.7752,0.6384,0.8893
"LANO","16426_SE",16426,"SE","Northern Region",54.81895,-123.33997,2025,FALSE,0,NA,NA,0.7222,0.5876,0.8373
"LANO","172090_NE",172090,"NE","South Coastal Region",49.37012,-122.94857,2017,FALSE,0,NA,NA,0.6857,0.1952,0.969
"LANO","172090_NE",172090,"NE","South Coastal Region",49.37012,-122.94857,2018,TRUE,3,1,1,0.7907,0.4923,0.9526
"LANO","172090_NE",172090,"NE","South Coastal Region",49.37012,-122.94857,2019,TRUE,3,1,1,0.8248,0.5898,0.9502
"LANO","172090_NE",172090,"NE","South Coastal Region",49.37012,-122.94857,2020,TRUE,3,1,1,0.8268,0.6127,0.9514
"LANO","172090_NE",172090,"NE","South Coastal Region",49.37012,-122.94857,2021,TRUE,4,1,1,0.8283,0.6277,0.9493
"LANO","172090_NE",172090,"NE","South Coastal Region",49.37012,-122.94857,2022,TRUE,4,1,1,0.854,0.6478,0.9653
"LANO","172090_NE",172090,"NE","South Coastal Region",49.37012,-122.94857,2023,TRUE,2,1,1,0.869,0.6641,0.9739
"LANO","172090_NE",172090,"NE","South Coastal Region",49.37012,-122.94857,2024,FALSE,0,NA,NA,0.8939,0.6926,0.9863
"LANO","172090_NE",172090,"NE","South Coastal Region",49.37012,-122.94857,2025,FALSE,0,NA,NA,0.8754,0.6781,0.9751
"LANO","172090_NW",172090,"NW","South Coastal Region",49.34683,-123.00985,2017,FALSE,0,NA,NA,0.7876,0.5606,0.9401
"LANO","172090_NW",172090,"NW","South Coastal Region",49.34683,-123.00985,2018,TRUE,3,1,1,0.8618,0.7266,0.9537
"LANO","172090_NW",172090,"NW","South Coastal Region",49.34683,-123.00985,2019,TRUE,3,1,1,0.8937,0.7875,0.9619
"LANO","172090_NW",172090,"NW","South Coastal Region",49.34683,-123.00985,2020,FALSE,0,NA,NA,0.9023,0.8041,0.9671
"LANO","172090_NW",172090,"NW","South Coastal Region",49.34683,-123.00985,2021,TRUE,4,1,1,0.9086,0.8151,0.9708
"LANO","172090_NW",172090,"NW","South Coastal Region",49.34683,-123.00985,2022,TRUE,4,1,1,0.9258,0.8374,0.9801
"LANO","172090_NW",172090,"NW","South Coastal Region",49.34683,-123.00985,2023,TRUE,3,1,1,0.936,0.8496,0.9841
"LANO","172090_NW",172090,"NW","South Coastal Region",49.34683,-123.00985,2024,FALSE,0,NA,NA,0.9499,0.8692,0.9905
"LANO","172090_NW",172090,"NW","South Coastal Region",49.34683,-123.00985,2025,FALSE,0,NA,NA,0.9426,0.8637,0.9862
"LANO","172090_SE",172090,"SE","South Coastal Region",49.32364,-122.97036,2017,FALSE,0,NA,NA,0.8236,0.6373,0.948
"LANO","172090_SE",172090,"SE","South Coastal Region",49.32364,-122.97036,2018,TRUE,3,1,1,0.8652,0.7359,0.9556
"LANO","172090_SE",172090,"SE","South Coastal Region",49.32364,-122.97036,2019,FALSE,0,NA,NA,0.8887,0.7781,0.9643
"LANO","172090_SE",172090,"SE","South Coastal Region",49.32364,-122.97036,2020,TRUE,4,1,1,0.8973,0.7871,0.9695
"LANO","172090_SE",172090,"SE","South Coastal Region",49.32364,-122.97036,2021,TRUE,4,1,1,0.9063,0.7994,0.9748
"LANO","172090_SE",172090,"SE","South Coastal Region",49.32364,-122.97036,2022,TRUE,4,1,1,0.919,0.8124,0.9822
"LANO","172090_SE",172090,"SE","South Coastal Region",49.32364,-122.97036,2023,TRUE,3,1,1,0.9288,0.8226,0.9867
"LANO","172090_SE",172090,"SE","South Coastal Region",49.32364,-122.97036,2024,FALSE,0,NA,NA,0.9401,0.8406,0.9919
"LANO","172090_SE",172090,"SE","South Coastal Region",49.32364,-122.97036,2025,FALSE,0,NA,NA,0.9398,0.839,0.9897
"LANO","172090_SW",172090,"SW","South Coastal Region",49.31421,-123.01406,2017,FALSE,0,NA,NA,0.8938,0.7301,0.9816
"LANO","172090_SW",172090,"SW","South Coastal Region",49.31421,-123.01406,2018,TRUE,3,1,1,0.9346,0.8427,0.9835
"LANO","172090_SW",172090,"SW","South Coastal Region",49.31421,-123.01406,2019,TRUE,3,1,1,0.9507,0.8856,0.9855
"LANO","172090_SW",172090,"SW","South Coastal Region",49.31421,-123.01406,2020,TRUE,4,1,1,0.9545,0.8968,0.9869
"LANO","172090_SW",172090,"SW","South Coastal Region",49.31421,-123.01406,2021,TRUE,4,1,1,0.9568,0.903,0.9876
"LANO","172090_SW",172090,"SW","South Coastal Region",49.31421,-123.01406,2022,TRUE,4,1,1,0.9656,0.9174,0.9916
"LANO","172090_SW",172090,"SW","South Coastal Region",49.31421,-123.01406,2023,TRUE,3,1,1,0.9733,0.9302,0.9943
"LANO","172090_SW",172090,"SW","South Coastal Region",49.31421,-123.01406,2024,FALSE,0,NA,NA,0.9806,0.9448,0.9971
"LANO","172090_SW",172090,"SW","South Coastal Region",49.31421,-123.01406,2025,FALSE,0,NA,NA,0.9781,0.9442,0.9956
"LANO","175354_SE",175354,"SE","Northern Region",59.42418,-125.94917,2017,FALSE,0,NA,NA,0.7588,0.4902,0.9333
"LANO","175354_SE",175354,"SE","Northern Region",59.42418,-125.94917,2018,TRUE,3,0,0.012,0.7442,0.5361,0.8915
"LANO","175354_SE",175354,"SE","Northern Region",59.42418,-125.94917,2019,TRUE,4,0,0.0038,0.703,0.4959,0.8598
"LANO","175354_SE",175354,"SE","Northern Region",59.42418,-125.94917,2020,TRUE,4,0,2e-04,0.6561,0.4296,0.8392
"LANO","175354_SE",175354,"SE","Northern Region",59.42418,-125.94917,2021,FALSE,0,NA,NA,0.6237,0.3744,0.8366
"LANO","175354_SE",175354,"SE","Northern Region",59.42418,-125.94917,2022,FALSE,0,NA,NA,0.6405,0.3737,0.8643
"LANO","175354_SE",175354,"SE","Northern Region",59.42418,-125.94917,2023,FALSE,0,NA,NA,0.6519,0.3699,0.8776
"LANO","175354_SE",175354,"SE","Northern Region",59.42418,-125.94917,2024,FALSE,0,NA,NA,0.6882,0.3863,0.9122
"LANO","175354_SE",175354,"SE","Northern Region",59.42418,-125.94917,2025,FALSE,0,NA,NA,0.6553,0.3539,0.8816
"LANO","175354_SW",175354,"SW","Northern Region",59.40931,-126.09868,2017,FALSE,0,NA,NA,0.7593,0.4971,0.9324
"LANO","175354_SW",175354,"SW","Northern Region",59.40931,-126.09868,2018,TRUE,3,1,1,0.7429,0.5561,0.8836
"LANO","175354_SW",175354,"SW","Northern Region",59.40931,-126.09868,2019,TRUE,4,1,1,0.6953,0.5124,0.8426
"LANO","175354_SW",175354,"SW","Northern Region",59.40931,-126.09868,2020,TRUE,4,1,1,0.6445,0.4378,0.8153
"LANO","175354_SW",175354,"SW","Northern Region",59.40931,-126.09868,2021,FALSE,0,NA,NA,0.6164,0.3877,0.8109
"LANO","175354_SW",175354,"SW","Northern Region",59.40931,-126.09868,2022,FALSE,0,NA,NA,0.6449,0.3995,0.8408
"LANO","175354_SW",175354,"SW","Northern Region",59.40931,-126.09868,2023,FALSE,0,NA,NA,0.6624,0.4009,0.8578
"LANO","175354_SW",175354,"SW","Northern Region",59.40931,-126.09868,2024,TRUE,4,0,0.0033,0.7104,0.4363,0.9022
"LANO","175354_SW",175354,"SW","Northern Region",59.40931,-126.09868,2025,TRUE,4,1,1,0.6654,0.4027,0.8575
"LANO","17706_NW",17706,"NW","Northern Region",51.97601,-120.10368,2017,FALSE,0,NA,NA,0.7447,0.5164,0.9081
"LANO","17706_NW",17706,"NW","Northern Region",51.97601,-120.10368,2018,FALSE,0,NA,NA,0.7376,0.5778,0.8675
"LANO","17706_NW",17706,"NW","Northern Region",51.97601,-120.10368,2019,TRUE,4,1,1,0.687,0.5306,0.8214
"LANO","17706_NW",17706,"NW","Northern Region",51.97601,-120.10368,2020,TRUE,2,0,0.3629,0.6387,0.4656,0.7913
"LANO","17706_NW",17706,"NW","Northern Region",51.97601,-120.10368,2021,FALSE,0,NA,NA,0.6245,0.4534,0.7828
"LANO","17706_NW",17706,"NW","Northern Region",51.97601,-120.10368,2022,FALSE,0,NA,NA,0.6757,0.5145,0.8192
"LANO","17706_NW",17706,"NW","Northern Region",51.97601,-120.10368,2023,FALSE,0,NA,NA,0.7012,0.5319,0.8459
"LANO","17706_NW",17706,"NW","Northern Region",51.97601,-120.10368,2024,FALSE,0,NA,NA,0.7668,0.596,0.9026
"LANO","17706_NW",17706,"NW","Northern Region",51.97601,-120.10368,2025,FALSE,0,NA,NA,0.6894,0.5249,0.833
"LANO","17706_SE",17706,"SE","Northern Region",51.9408,-120.01683,2017,FALSE,0,NA,NA,0.7526,0.5462,0.906
"LANO","17706_SE",17706,"SE","Northern Region",51.9408,-120.01683,2018,FALSE,0,NA,NA,0.7806,0.6351,0.889
"LANO","17706_SE",17706,"SE","Northern Region",51.9408,-120.01683,2019,TRUE,4,1,1,0.7569,0.6111,0.8688
"LANO","17706_SE",17706,"SE","Northern Region",51.9408,-120.01683,2020,TRUE,4,1,1,0.7222,0.5528,0.854
"LANO","17706_SE",17706,"SE","Northern Region",51.9408,-120.01683,2021,FALSE,0,NA,NA,0.7037,0.5282,0.8455
"LANO","17706_SE",17706,"SE","Northern Region",51.9408,-120.01683,2022,FALSE,0,NA,NA,0.7486,0.5897,0.8721
"LANO","17706_SE",17706,"SE","Northern Region",51.9408,-120.01683,2023,TRUE,4,1,1,0.7728,0.6147,0.8914
"LANO","17706_SE",17706,"SE","Northern Region",51.9408,-120.01683,2024,TRUE,2,1,1,0.8264,0.6793,0.9318
"LANO","17706_SE",17706,"SE","Northern Region",51.9408,-120.01683,2025,TRUE,4,1,1,0.7685,0.6158,0.884
"LANO","17706_SW",17706,"SW","Northern Region",51.94316,-120.06784,2017,FALSE,0,NA,NA,0.6937,0.4377,0.8863
"LANO","17706_SW",17706,"SW","Northern Region",51.94316,-120.06784,2018,FALSE,0,NA,NA,0.7024,0.5315,0.8409
"LANO","17706_SW",17706,"SW","Northern Region",51.94316,-120.06784,2019,TRUE,4,1,1,0.6724,0.5311,0.7972
"LANO","17706_SW",17706,"SW","Northern Region",51.94316,-120.06784,2020,TRUE,4,1,1,0.6297,0.48,0.7631
"LANO","17706_SW",17706,"SW","Northern Region",51.94316,-120.06784,2021,FALSE,0,NA,NA,0.617,0.4534,0.7706
"LANO","17706_SW",17706,"SW","Northern Region",51.94316,-120.06784,2022,FALSE,0,NA,NA,0.6533,0.4928,0.8007
"LANO","17706_SW",17706,"SW","Northern Region",51.94316,-120.06784,2023,TRUE,4,1,1,0.6765,0.5096,0.8166
"LANO","17706_SW",17706,"SW","Northern Region",51.94316,-120.06784,2024,FALSE,0,NA,NA,0.7292,0.5645,0.863
"LANO","17706_SW",17706,"SW","Northern Region",51.94316,-120.06784,2025,TRUE,4,1,1,0.6862,0.5245,0.8194
"LANO","186330_NE",186330,"NE","Northern Region",55.95727,-122.58949,2017,FALSE,0,NA,NA,0.7869,0.4212,0.9725
"LANO","186330_NE",186330,"NE","Northern Region",55.95727,-122.58949,2018,FALSE,0,NA,NA,0.806,0.6227,0.9285
"LANO","186330_NE",186330,"NE","Northern Region",55.95727,-122.58949,2019,FALSE,0,NA,NA,0.7722,0.6233,0.8892
"LANO","186330_NE",186330,"NE","Northern Region",55.95727,-122.58949,2020,FALSE,0,NA,NA,0.7343,0.5648,0.8709
"LANO","186330_NE",186330,"NE","Northern Region",55.95727,-122.58949,2021,FALSE,0,NA,NA,0.7132,0.5475,0.8523
"LANO","186330_NE",186330,"NE","Northern Region",55.95727,-122.58949,2022,FALSE,0,NA,NA,0.7599,0.6039,0.8806
"LANO","186330_NE",186330,"NE","Northern Region",55.95727,-122.58949,2023,FALSE,0,NA,NA,0.7831,0.6223,0.907
"LANO","186330_NE",186330,"NE","Northern Region",55.95727,-122.58949,2024,TRUE,4,1,1,0.8358,0.6773,0.9484
"LANO","186330_NE",186330,"NE","Northern Region",55.95727,-122.58949,2025,TRUE,4,1,1,0.7748,0.6141,0.8912
"LANO","186330_NW",186330,"NW","Northern Region",55.94606,-122.65922,2017,FALSE,0,NA,NA,0.8051,0.5617,0.9547
"LANO","186330_NW",186330,"NW","Northern Region",55.94606,-122.65922,2018,FALSE,0,NA,NA,0.827,0.6804,0.928
"LANO","186330_NW",186330,"NW","Northern Region",55.94606,-122.65922,2019,FALSE,0,NA,NA,0.81,0.6975,0.8984
"LANO","186330_NW",186330,"NW","Northern Region",55.94606,-122.65922,2020,FALSE,0,NA,NA,0.7813,0.6582,0.8794
"LANO","186330_NW",186330,"NW","Northern Region",55.94606,-122.65922,2021,FALSE,0,NA,NA,0.7622,0.6311,0.8687
"LANO","186330_NW",186330,"NW","Northern Region",55.94606,-122.65922,2022,FALSE,0,NA,NA,0.7964,0.6867,0.8881
"LANO","186330_NW",186330,"NW","Northern Region",55.94606,-122.65922,2023,FALSE,0,NA,NA,0.817,0.7038,0.9057
"LANO","186330_NW",186330,"NW","Northern Region",55.94606,-122.65922,2024,TRUE,3,1,1,0.8585,0.7508,0.9394
"LANO","186330_NW",186330,"NW","Northern Region",55.94606,-122.65922,2025,TRUE,4,0,0.0133,0.8205,0.7107,0.9044
"LANO","186490_NW",186490,"NW","Northern Region",54.754,-127.12678,2017,TRUE,4,1,1,0.7689,0.5346,0.9282
"LANO","186490_NW",186490,"NW","Northern Region",54.754,-127.12678,2018,TRUE,4,1,1,0.7754,0.6049,0.8974
"LANO","186490_NW",186490,"NW","Northern Region",54.754,-127.12678,2019,TRUE,4,1,1,0.7562,0.6055,0.8722
"LANO","186490_NW",186490,"NW","Northern Region",54.754,-127.12678,2020,TRUE,4,1,1,0.725,0.5642,0.8543
"LANO","186490_NW",186490,"NW","Northern Region",54.754,-127.12678,2021,TRUE,4,1,1,0.7029,0.5255,0.8494
"LANO","186490_NW",186490,"NW","Northern Region",54.754,-127.12678,2022,TRUE,4,1,1,0.7224,0.5429,0.8718
"LANO","186490_NW",186490,"NW","Northern Region",54.754,-127.12678,2023,FALSE,0,NA,NA,0.7368,0.5454,0.8882
"LANO","186490_NW",186490,"NW","Northern Region",54.754,-127.12678,2024,TRUE,3,1,1,0.7711,0.5734,0.9157
"LANO","186490_NW",186490,"NW","Northern Region",54.754,-127.12678,2025,TRUE,4,1,1,0.7468,0.547,0.8917
"LANO","186490_SE",186490,"SE","Northern Region",54.72257,-126.99742,2017,TRUE,4,1,1,0.7527,0.5314,0.9099
"LANO","186490_SE",186490,"SE","Northern Region",54.72257,-126.99742,2018,TRUE,4,1,1,0.7577,0.6082,0.8761
"LANO","186490_SE",186490,"SE","Northern Region",54.72257,-126.99742,2019,TRUE,4,1,1,0.7261,0.5958,0.8334
"LANO","186490_SE",186490,"SE","Northern Region",54.72257,-126.99742,2020,TRUE,4,1,1,0.6846,0.5478,0.8046
"LANO","186490_SE",186490,"SE","Northern Region",54.72257,-126.99742,2021,TRUE,4,1,1,0.6626,0.5186,0.7928
"LANO","186490_SE",186490,"SE","Northern Region",54.72257,-126.99742,2022,TRUE,4,1,1,0.6979,0.565,0.8204
"LANO","186490_SE",186490,"SE","Northern Region",54.72257,-126.99742,2023,FALSE,0,NA,NA,0.7205,0.5813,0.8394
"LANO","186490_SE",186490,"SE","Northern Region",54.72257,-126.99742,2024,FALSE,0,NA,NA,0.7716,0.6327,0.8836
"LANO","186490_SE",186490,"SE","Northern Region",54.72257,-126.99742,2025,FALSE,0,NA,NA,0.7272,0.5891,0.8402
"LANO","186490_SW",186490,"SW","Northern Region",54.72278,-127.05397,2017,TRUE,4,1,1,0.819,0.6215,0.9459
"LANO","186490_SW",186490,"SW","Northern Region",54.72278,-127.05397,2018,TRUE,4,1,1,0.8244,0.6825,0.9241
"LANO","186490_SW",186490,"SW","Northern Region",54.72278,-127.05397,2019,TRUE,4,1,1,0.8056,0.6762,0.9022
"LANO","186490_SW",186490,"SW","Northern Region",54.72278,-127.05397,2020,TRUE,4,1,1,0.7769,0.636,0.8879
"LANO","186490_SW",186490,"SW","Northern Region",54.72278,-127.05397,2021,TRUE,4,1,1,0.756,0.5991,0.8808
"LANO","186490_SW",186490,"SW","Northern Region",54.72278,-127.05397,2022,TRUE,4,1,1,0.777,0.6275,0.8992
"LANO","186490_SW",186490,"SW","Northern Region",54.72278,-127.05397,2023,TRUE,4,1,1,0.792,0.6332,0.9098
"LANO","186490_SW",186490,"SW","Northern Region",54.72278,-127.05397,2024,TRUE,4,1,1,0.8252,0.6687,0.9354
"LANO","186490_SW",186490,"SW","Northern Region",54.72278,-127.05397,2025,TRUE,4,1,1,0.8011,0.6423,0.9167
"LANO","194666_NE",194666,"NE","Okanagan Region",50.23014,-119.32344,2017,TRUE,4,1,1,0.8938,0.7141,0.9842
"LANO","194666_NE",194666,"NE","Okanagan Region",50.23014,-119.32344,2018,FALSE,0,NA,NA,0.9433,0.8678,0.9843
"LANO","194666_NE",194666,"NE","Okanagan Region",50.23014,-119.32344,2019,TRUE,4,1,1,0.9447,0.8826,0.9813
"LANO","194666_NE",194666,"NE","Okanagan Region",50.23014,-119.32344,2020,TRUE,4,1,1,0.9384,0.8682,0.9799
"LANO","194666_NE",194666,"NE","Okanagan Region",50.23014,-119.32344,2021,TRUE,4,1,1,0.9292,0.8525,0.975
"LANO","194666_NE",194666,"NE","Okanagan Region",50.23014,-119.32344,2022,FALSE,0,NA,NA,0.9479,0.8834,0.984
"LANO","194666_NE",194666,"NE","Okanagan Region",50.23014,-119.32344,2023,TRUE,3,1,1,0.9562,0.8942,0.9879
"LANO","194666_NE",194666,"NE","Okanagan Region",50.23014,-119.32344,2024,TRUE,3,1,1,0.971,0.9175,0.9958
"LANO","194666_NE",194666,"NE","Okanagan Region",50.23014,-119.32344,2025,FALSE,0,NA,NA,0.9517,0.893,0.9843
"LANO","194666_SW",194666,"SW","Okanagan Region",50.16915,-119.41081,2017,TRUE,4,1,1,0.803,0.4926,0.9714
"LANO","194666_SW",194666,"SW","Okanagan Region",50.16915,-119.41081,2018,FALSE,0,NA,NA,0.8858,0.7571,0.9638
"LANO","194666_SW",194666,"SW","Okanagan Region",50.16915,-119.41081,2019,TRUE,4,1,1,0.8762,0.7702,0.9488
"LANO","194666_SW",194666,"SW","Okanagan Region",50.16915,-119.41081,2020,TRUE,4,1,1,0.8599,0.7399,0.9428
"LANO","194666_SW",194666,"SW","Okanagan Region",50.16915,-119.41081,2021,TRUE,3,0,0.0736,0.841,0.7101,0.9312
"LANO","194666_SW",194666,"SW","Okanagan Region",50.16915,-119.41081,2022,TRUE,2,1,1,0.8821,0.767,0.9553
"LANO","194666_SW",194666,"SW","Okanagan Region",50.16915,-119.41081,2023,FALSE,0,NA,NA,0.9061,0.8094,0.9672
"LANO","194666_SW",194666,"SW","Okanagan Region",50.16915,-119.41081,2024,FALSE,0,NA,NA,0.9393,0.8487,0.9887
"LANO","194666_SW",194666,"SW","Okanagan Region",50.16915,-119.41081,2025,TRUE,4,1,1,0.8951,0.7959,0.9574
"LANO","20330_NE",20330,"NE","Kootenay Region",49.42454,-117.72865,2017,TRUE,4,1,1,0.7264,0.5034,0.8943
"LANO","20330_NE",20330,"NE","Kootenay Region",49.42454,-117.72865,2018,FALSE,0,NA,NA,0.826,0.7052,0.9204
"LANO","20330_NE",20330,"NE","Kootenay Region",49.42454,-117.72865,2019,TRUE,4,1,1,0.8147,0.7081,0.9005
"LANO","20330_NE",20330,"NE","Kootenay Region",49.42454,-117.72865,2020,TRUE,4,1,1,0.7908,0.6691,0.8854
"LANO","20330_NE",20330,"NE","Kootenay Region",49.42454,-117.72865,2021,FALSE,0,NA,NA,0.7701,0.6429,0.8715
"LANO","20330_NE",20330,"NE","Kootenay Region",49.42454,-117.72865,2022,TRUE,3,1,1,0.8257,0.721,0.907
"LANO","20330_NE",20330,"NE","Kootenay Region",49.42454,-117.72865,2023,TRUE,4,1,1,0.8467,0.7438,0.9257
"LANO","20330_NE",20330,"NE","Kootenay Region",49.42454,-117.72865,2024,TRUE,4,1,1,0.8974,0.797,0.9685
"LANO","20330_NE",20330,"NE","Kootenay Region",49.42454,-117.72865,2025,TRUE,4,1,1,0.8247,0.7134,0.9086
"LANO","20330_SE",20330,"SE","Kootenay Region",49.3813,-117.67793,2017,TRUE,4,1,1,0.7661,0.5036,0.9315
"LANO","20330_SE",20330,"SE","Kootenay Region",49.3813,-117.67793,2018,TRUE,4,1,1,0.8581,0.7279,0.9451
"LANO","20330_SE",20330,"SE","Kootenay Region",49.3813,-117.67793,2019,TRUE,4,0,0.0989,0.8568,0.7558,0.9308
"LANO","20330_SE",20330,"SE","Kootenay Region",49.3813,-117.67793,2020,TRUE,4,1,1,0.8403,0.7288,0.9212
"LANO","20330_SE",20330,"SE","Kootenay Region",49.3813,-117.67793,2021,FALSE,0,NA,NA,0.826,0.7036,0.9148
"LANO","20330_SE",20330,"SE","Kootenay Region",49.3813,-117.67793,2022,TRUE,3,1,1,0.8691,0.7705,0.9395
"LANO","20330_SE",20330,"SE","Kootenay Region",49.3813,-117.67793,2023,TRUE,4,1,1,0.8867,0.7935,0.9518
"LANO","20330_SE",20330,"SE","Kootenay Region",49.3813,-117.67793,2024,TRUE,4,1,1,0.9242,0.8402,0.9804
"LANO","20330_SE",20330,"SE","Kootenay Region",49.3813,-117.67793,2025,TRUE,4,1,1,0.874,0.7782,0.9446
"LANO","206394_NE",206394,"NE","Northern Region",53.63655,-132.05056,2017,FALSE,0,NA,NA,0.9065,0.7143,0.9882
"LANO","206394_NE",206394,"NE","Northern Region",53.63655,-132.05056,2018,FALSE,0,NA,NA,0.9165,0.8087,0.9756
"LANO","206394_NE",206394,"NE","Northern Region",53.63655,-132.05056,2019,FALSE,0,NA,NA,0.9028,0.8033,0.9626
"LANO","206394_NE",206394,"NE","Northern Region",53.63655,-132.05056,2020,FALSE,0,NA,NA,0.885,0.7738,0.9555
"LANO","206394_NE",206394,"NE","Northern Region",53.63655,-132.05056,2021,FALSE,0,NA,NA,0.8691,0.7382,0.9483
"LANO","206394_NE",206394,"NE","Northern Region",53.63655,-132.05056,2022,TRUE,4,1,1,0.8933,0.7837,0.9603
"LANO","206394_NE",206394,"NE","Northern Region",53.63655,-132.05056,2023,TRUE,4,1,1,0.9061,0.7988,0.9698
"LANO","206394_NE",206394,"NE","Northern Region",53.63655,-132.05056,2024,TRUE,2,1,1,0.9309,0.8333,0.9836
"LANO","206394_NE",206394,"NE","Northern Region",53.63655,-132.05056,2025,TRUE,4,1,1,0.9048,0.8001,0.9669
"LANO","206394_NW",206394,"NW","Northern Region",53.6372,-132.16251,2017,FALSE,0,NA,NA,0.8324,0.5332,0.9748
"LANO","206394_NW",206394,"NW","Northern Region",53.6372,-132.16251,2018,FALSE,0,NA,NA,0.8787,0.6904,0.9719
"LANO","206394_NW",206394,"NW","Northern Region",53.6372,-132.16251,2019,FALSE,0,NA,NA,0.8962,0.7498,0.9709
"LANO","206394_NW",206394,"NW","Northern Region",53.6372,-132.16251,2020,FALSE,0,NA,NA,0.8972,0.7629,0.9726
"LANO","206394_NW",206394,"NW","Northern Region",53.6372,-132.16251,2021,FALSE,0,NA,NA,0.8972,0.7596,0.9734
"LANO","206394_NW",206394,"NW","Northern Region",53.6372,-132.16251,2022,TRUE,4,1,1,0.9126,0.7821,0.9796
"LANO","206394_NW",206394,"NW","Northern Region",53.6372,-132.16251,2023,TRUE,4,1,1,0.9225,0.7978,0.9833
"LANO","206394_NW",206394,"NW","Northern Region",53.6372,-132.16251,2024,TRUE,4,1,1,0.9381,0.8259,0.9896
"LANO","206394_NW",206394,"NW","Northern Region",53.6372,-132.16251,2025,TRUE,4,1,1,0.9292,0.8158,0.9852
"LANO","206394_SE",206394,"SE","Northern Region",53.60877,-131.99988,2017,FALSE,0,NA,NA,0.9178,0.7154,0.9934
"LANO","206394_SE",206394,"SE","Northern Region",53.60877,-131.99988,2018,FALSE,0,NA,NA,0.9303,0.8183,0.9829
"LANO","206394_SE",206394,"SE","Northern Region",53.60877,-131.99988,2019,FALSE,0,NA,NA,0.9235,0.8385,0.9729
"LANO","206394_SE",206394,"SE","Northern Region",53.60877,-131.99988,2020,FALSE,0,NA,NA,0.9109,0.8157,0.9678
"LANO","206394_SE",206394,"SE","Northern Region",53.60877,-131.99988,2021,FALSE,0,NA,NA,0.8992,0.7909,0.9638
"LANO","206394_SE",206394,"SE","Northern Region",53.60877,-131.99988,2022,TRUE,4,1,1,0.916,0.8247,0.9719
"LANO","206394_SE",206394,"SE","Northern Region",53.60877,-131.99988,2023,TRUE,4,1,1,0.9257,0.8353,0.9778
"LANO","206394_SE",206394,"SE","Northern Region",53.60877,-131.99988,2024,TRUE,4,1,1,0.9437,0.8616,0.9878
"LANO","206394_SE",206394,"SE","Northern Region",53.60877,-131.99988,2025,TRUE,4,1,1,0.9271,0.8414,0.9768
"LANO","206394_SW",206394,"SW","Northern Region",53.57324,-132.11579,2017,FALSE,0,NA,NA,0.8464,0.5965,0.973
"LANO","206394_SW",206394,"SW","Northern Region",53.57324,-132.11579,2018,FALSE,0,NA,NA,0.8771,0.727,0.9604
"LANO","206394_SW",206394,"SW","Northern Region",53.57324,-132.11579,2019,FALSE,0,NA,NA,0.8793,0.767,0.9507
"LANO","206394_SW",206394,"SW","Northern Region",53.57324,-132.11579,2020,FALSE,0,NA,NA,0.868,0.7529,0.9446
"LANO","206394_SW",206394,"SW","Northern Region",53.57324,-132.11579,2021,FALSE,0,NA,NA,0.8576,0.7317,0.9425
"LANO","206394_SW",206394,"SW","Northern Region",53.57324,-132.11579,2022,TRUE,4,1,1,0.8773,0.7601,0.9541
"LANO","206394_SW",206394,"SW","Northern Region",53.57324,-132.11579,2023,TRUE,4,1,1,0.8899,0.7761,0.9606
"LANO","206394_SW",206394,"SW","Northern Region",53.57324,-132.11579,2024,TRUE,4,1,1,0.9134,0.8082,0.9746
"LANO","206394_SW",206394,"SW","Northern Region",53.57324,-132.11579,2025,TRUE,4,1,1,0.8953,0.7899,0.9614
"LANO","20730_NE",20730,"NE","Northern Region",56.79525,-124.90059,2017,FALSE,0,NA,NA,0.8528,0.4802,0.9916
"LANO","20730_NE",20730,"NE","Northern Region",56.79525,-124.90059,2018,FALSE,0,NA,NA,0.8699,0.6735,0.9663
"LANO","20730_NE",20730,"NE","Northern Region",56.79525,-124.90059,2019,FALSE,0,NA,NA,0.8483,0.6953,0.9424
"LANO","20730_NE",20730,"NE","Northern Region",56.79525,-124.90059,2020,FALSE,0,NA,NA,0.8212,0.659,0.9314
"LANO","20730_NE",20730,"NE","Northern Region",56.79525,-124.90059,2021,FALSE,0,NA,NA,0.8013,0.6312,0.9234
"LANO","20730_NE",20730,"NE","Northern Region",56.79525,-124.90059,2022,TRUE,3,1,1,0.835,0.6813,0.9401
"LANO","20730_NE",20730,"NE","Northern Region",56.79525,-124.90059,2023,FALSE,0,NA,NA,0.8521,0.6965,0.9535
"LANO","20730_NE",20730,"NE","Northern Region",56.79525,-124.90059,2024,TRUE,4,1,1,0.888,0.738,0.9762
"LANO","20730_NE",20730,"NE","Northern Region",56.79525,-124.90059,2025,TRUE,4,1,1,0.849,0.6926,0.9454
"LANO","20730_NW",20730,"NW","Northern Region",56.79948,-124.97614,2017,FALSE,0,NA,NA,0.8152,0.4951,0.9734
"LANO","20730_NW",20730,"NW","Northern Region",56.79948,-124.97614,2018,FALSE,0,NA,NA,0.8552,0.6916,0.9509
"LANO","20730_NW",20730,"NW","Northern Region",56.79948,-124.97614,2019,FALSE,0,NA,NA,0.8441,0.7119,0.9338
"LANO","20730_NW",20730,"NW","Northern Region",56.79948,-124.97614,2020,FALSE,0,NA,NA,0.8213,0.6721,0.9257
"LANO","20730_NW",20730,"NW","Northern Region",56.79948,-124.97614,2021,FALSE,0,NA,NA,0.8039,0.651,0.9163
"LANO","20730_NW",20730,"NW","Northern Region",56.79948,-124.97614,2022,TRUE,3,1,1,0.84,0.7017,0.934
"LANO","20730_NW",20730,"NW","Northern Region",56.79948,-124.97614,2023,FALSE,0,NA,NA,0.8587,0.7211,0.9472
"LANO","20730_NW",20730,"NW","Northern Region",56.79948,-124.97614,2024,TRUE,4,1,1,0.8957,0.7734,0.973
"LANO","20730_NW",20730,"NW","Northern Region",56.79948,-124.97614,2025,TRUE,4,1,1,0.8561,0.7287,0.9422
"LANO","20730_SE",20730,"SE","Northern Region",56.78457,-124.88544,2017,FALSE,0,NA,NA,0.78,0.5733,0.925
"LANO","20730_SE",20730,"SE","Northern Region",56.78457,-124.88544,2018,FALSE,0,NA,NA,0.7921,0.6513,0.8978
"LANO","20730_SE",20730,"SE","Northern Region",56.78457,-124.88544,2019,FALSE,0,NA,NA,0.7712,0.6582,0.8648
"LANO","20730_SE",20730,"SE","Northern Region",56.78457,-124.88544,2020,FALSE,0,NA,NA,0.7382,0.6157,0.8413
"LANO","20730_SE",20730,"SE","Northern Region",56.78457,-124.88544,2021,FALSE,0,NA,NA,0.7177,0.5868,0.8325
"LANO","20730_SE",20730,"SE","Northern Region",56.78457,-124.88544,2022,TRUE,3,0,0.0109,0.7482,0.6293,0.8529
"LANO","20730_SE",20730,"SE","Northern Region",56.78457,-124.88544,2023,FALSE,0,NA,NA,0.7686,0.6439,0.8704
"LANO","20730_SE",20730,"SE","Northern Region",56.78457,-124.88544,2024,TRUE,3,1,1,0.812,0.6938,0.906
"LANO","20730_SE",20730,"SE","Northern Region",56.78457,-124.88544,2025,TRUE,4,0,0.0076,0.7775,0.6578,0.8723
"LANO","20730_SW",20730,"SW","Northern Region",56.76456,-124.98588,2017,FALSE,0,NA,NA,0.776,0.568,0.9222
"LANO","20730_SW",20730,"SW","Northern Region",56.76456,-124.98588,2018,FALSE,0,NA,NA,0.7856,0.6454,0.8924
"LANO","20730_SW",20730,"SW","Northern Region",56.76456,-124.98588,2019,FALSE,0,NA,NA,0.7605,0.646,0.855
"LANO","20730_SW",20730,"SW","Northern Region",56.76456,-124.98588,2020,FALSE,0,NA,NA,0.7242,0.6014,0.8302
"LANO","20730_SW",20730,"SW","Northern Region",56.76456,-124.98588,2021,FALSE,0,NA,NA,0.7027,0.5708,0.8192
"LANO","20730_SW",20730,"SW","Northern Region",56.76456,-124.98588,2022,TRUE,3,0,0.0056,0.736,0.6185,0.8413
"LANO","20730_SW",20730,"SW","Northern Region",56.76456,-124.98588,2023,FALSE,0,NA,NA,0.7576,0.6329,0.861
"LANO","20730_SW",20730,"SW","Northern Region",56.76456,-124.98588,2024,FALSE,0,NA,NA,0.8042,0.6829,0.8992
"LANO","20730_SW",20730,"SW","Northern Region",56.76456,-124.98588,2025,TRUE,4,0,9e-04,0.765,0.6448,0.8617
"LANO","212266_NE",212266,"NE","Okanagan Region",50.751409,-120.480005,2017,TRUE,4,1,1,0.8963,0.6893,0.9874
"LANO","212266_NE",212266,"NE","Okanagan Region",50.751409,-120.480005,2018,TRUE,4,1,1,0.9358,0.843,0.984
"LANO","212266_NE",212266,"NE","Okanagan Region",50.751409,-120.480005,2019,TRUE,4,1,1,0.9285,0.8326,0.9798
"LANO","212266_NE",212266,"NE","Okanagan Region",50.751409,-120.480005,2020,TRUE,4,0,0.2131,0.9177,0.8051,0.9774
"LANO","212266_NE",212266,"NE","Okanagan Region",50.751409,-120.480005,2021,TRUE,4,1,1,0.905,0.7855,0.973
"LANO","212266_NE",212266,"NE","Okanagan Region",50.751409,-120.480005,2022,TRUE,4,1,1,0.9302,0.8262,0.9824
"LANO","212266_NE",212266,"NE","Okanagan Region",50.751409,-120.480005,2023,TRUE,4,1,1,0.9404,0.8407,0.9868
"LANO","212266_NE",212266,"NE","Okanagan Region",50.751409,-120.480005,2024,TRUE,3,1,1,0.9603,0.8753,0.9951
"LANO","212266_NE",212266,"NE","Okanagan Region",50.751409,-120.480005,2025,TRUE,4,1,1,0.9326,0.8317,0.9829
"LANO","212266_NW",212266,"NW","Okanagan Region",50.777508,-120.5598176,2017,TRUE,4,1,1,0.7818,0.4588,0.9651
"LANO","212266_NW",212266,"NW","Okanagan Region",50.777508,-120.5598176,2018,TRUE,4,1,1,0.8767,0.7477,0.96
"LANO","212266_NW",212266,"NW","Okanagan Region",50.777508,-120.5598176,2019,TRUE,4,1,1,0.8621,0.7481,0.9443
"LANO","212266_NW",212266,"NW","Okanagan Region",50.777508,-120.5598176,2020,TRUE,3,0,0.2416,0.8436,0.7085,0.9378
"LANO","212266_NW",212266,"NW","Okanagan Region",50.777508,-120.5598176,2021,TRUE,3,0,0.1769,0.8231,0.6838,0.9239
"LANO","212266_NW",212266,"NW","Okanagan Region",50.777508,-120.5598176,2022,FALSE,0,NA,NA,0.8705,0.7471,0.951
"LANO","212266_NW",212266,"NW","Okanagan Region",50.777508,-120.5598176,2023,TRUE,4,1,1,0.8882,0.7779,0.9619
"LANO","212266_NW",212266,"NW","Okanagan Region",50.777508,-120.5598176,2024,TRUE,3,1,1,0.9271,0.8205,0.9866
"LANO","212266_NW",212266,"NW","Okanagan Region",50.777508,-120.5598176,2025,TRUE,3,1,1,0.8681,0.7481,0.9477
"LANO","212266_SE",212266,"SE","Okanagan Region",50.714878,-120.492405,2017,FALSE,0,NA,NA,0.9136,0.7514,0.9887
"LANO","212266_SE",212266,"SE","Okanagan Region",50.714878,-120.492405,2018,TRUE,4,1,1,0.9493,0.8867,0.9859
"LANO","212266_SE",212266,"SE","Okanagan Region",50.714878,-120.492405,2019,TRUE,3,1,1,0.94,0.8755,0.9796
"LANO","212266_SE",212266,"SE","Okanagan Region",50.714878,-120.492405,2020,TRUE,4,0,0.0791,0.9306,0.8554,0.9759
"LANO","212266_SE",212266,"SE","Okanagan Region",50.714878,-120.492405,2021,TRUE,4,0,0.0278,0.9171,0.8356,0.9685
"LANO","212266_SE",212266,"SE","Okanagan Region",50.714878,-120.492405,2022,TRUE,4,0,0.0084,0.943,0.8793,0.982
"LANO","212266_SE",212266,"SE","Okanagan Region",50.714878,-120.492405,2023,TRUE,4,1,1,0.9524,0.8957,0.9861
"LANO","212266_SE",212266,"SE","Okanagan Region",50.714878,-120.492405,2024,TRUE,3,1,1,0.9708,0.9183,0.9959
"LANO","212266_SE",212266,"SE","Okanagan Region",50.714878,-120.492405,2025,TRUE,4,1,1,0.9421,0.8761,0.9805
"LANO","212266_SW",212266,"SW","Okanagan Region",50.732357,-120.521811,2017,FALSE,0,NA,NA,0.9138,0.7548,0.9885
"LANO","212266_SW",212266,"SW","Okanagan Region",50.732357,-120.521811,2018,TRUE,4,1,1,0.9499,0.8893,0.9858
"LANO","212266_SW",212266,"SW","Okanagan Region",50.732357,-120.521811,2019,TRUE,4,1,1,0.9403,0.877,0.9794
"LANO","212266_SW",212266,"SW","Okanagan Region",50.732357,-120.521811,2020,TRUE,3,0,0.4167,0.9309,0.8582,0.9755
"LANO","212266_SW",212266,"SW","Okanagan Region",50.732357,-120.521811,2021,TRUE,2,1,1,0.9173,0.8377,0.9684
"LANO","212266_SW",212266,"SW","Okanagan Region",50.732357,-120.521811,2022,TRUE,4,1,1,0.9435,0.8812,0.9819
"LANO","212266_SW",212266,"SW","Okanagan Region",50.732357,-120.521811,2023,TRUE,3,1,1,0.9529,0.8974,0.9861
"LANO","212266_SW",212266,"SW","Okanagan Region",50.732357,-120.521811,2024,TRUE,4,1,1,0.9711,0.9202,0.9959
"LANO","212266_SW",212266,"SW","Okanagan Region",50.732357,-120.521811,2025,TRUE,4,1,1,0.9421,0.8783,0.9799
"LANO","212906_NW",212906,"NW","South Coastal Region",49.36971,-124.79984,2017,FALSE,0,NA,NA,0.8477,0.655,0.9628
"LANO","212906_NW",212906,"NW","South Coastal Region",49.36971,-124.79984,2018,TRUE,3,0,0.6364,0.9087,0.7994,0.9756
"LANO","212906_NW",212906,"NW","South Coastal Region",49.36971,-124.79984,2019,TRUE,4,1,1,0.9372,0.8511,0.9847
"LANO","212906_NW",212906,"NW","South Coastal Region",49.36971,-124.79984,2020,TRUE,4,0,0.6196,0.9478,0.8692,0.989
"LANO","212906_NW",212906,"NW","South Coastal Region",49.36971,-124.79984,2021,FALSE,0,NA,NA,0.9563,0.8864,0.9908
"LANO","212906_NW",212906,"NW","South Coastal Region",49.36971,-124.79984,2022,TRUE,4,1,1,0.9657,0.9019,0.994
"LANO","212906_NW",212906,"NW","South Coastal Region",49.36971,-124.79984,2023,TRUE,4,1,1,0.9713,0.9125,0.9958
"LANO","212906_NW",212906,"NW","South Coastal Region",49.36971,-124.79984,2024,TRUE,3,1,1,0.9777,0.9234,0.9977
"LANO","212906_NW",212906,"NW","South Coastal Region",49.36971,-124.79984,2025,TRUE,4,1,1,0.9761,0.9266,0.996
"LANO","212906_SE",212906,"SE","South Coastal Region",49.35175,-124.74136,2017,FALSE,0,NA,NA,0.8773,0.679,0.9799
"LANO","212906_SE",212906,"SE","South Coastal Region",49.35175,-124.74136,2018,TRUE,3,1,1,0.9156,0.7937,0.9813
"LANO","212906_SE",212906,"SE","South Coastal Region",49.35175,-124.74136,2019,TRUE,4,1,1,0.935,0.8415,0.9846
"LANO","212906_SE",212906,"SE","South Coastal Region",49.35175,-124.74136,2020,TRUE,4,1,1,0.9421,0.8584,0.9869
"LANO","212906_SE",212906,"SE","South Coastal Region",49.35175,-124.74136,2021,FALSE,0,NA,NA,0.9486,0.8706,0.9892
"LANO","212906_SE",212906,"SE","South Coastal Region",49.35175,-124.74136,2022,TRUE,4,1,1,0.9575,0.8842,0.9924
"LANO","212906_SE",212906,"SE","South Coastal Region",49.35175,-124.74136,2023,TRUE,4,1,1,0.9631,0.8958,0.9946
"LANO","212906_SE",212906,"SE","South Coastal Region",49.35175,-124.74136,2024,TRUE,4,1,1,0.97,0.9071,0.9969
"LANO","212906_SE",212906,"SE","South Coastal Region",49.35175,-124.74136,2025,TRUE,4,1,1,0.9684,0.9071,0.9954
"LANO","212906_SW",212906,"SW","South Coastal Region",49.33595,-124.7423,2017,FALSE,0,NA,NA,0.847,0.6791,0.9569
"LANO","212906_SW",212906,"SW","South Coastal Region",49.33595,-124.7423,2018,TRUE,3,0,0.5047,0.8894,0.7786,0.9647
"LANO","212906_SW",212906,"SW","South Coastal Region",49.33595,-124.7423,2019,TRUE,4,1,1,0.9135,0.8253,0.973
"LANO","212906_SW",212906,"SW","South Coastal Region",49.33595,-124.7423,2020,TRUE,4,1,1,0.9233,0.8389,0.9776
"LANO","212906_SW",212906,"SW","South Coastal Region",49.33595,-124.7423,2021,FALSE,0,NA,NA,0.9327,0.85,0.9818
"LANO","212906_SW",212906,"SW","South Coastal Region",49.33595,-124.7423,2022,FALSE,0,NA,NA,0.9436,0.8644,0.9873
"LANO","212906_SW",212906,"SW","South Coastal Region",49.33595,-124.7423,2023,TRUE,4,1,1,0.9508,0.8747,0.9908
"LANO","212906_SW",212906,"SW","South Coastal Region",49.33595,-124.7423,2024,TRUE,3,0,0.9122,0.9593,0.8884,0.994
"LANO","212906_SW",212906,"SW","South Coastal Region",49.33595,-124.7423,2025,TRUE,4,1,1,0.9584,0.8887,0.9929
"LANO","216746_NW",216746,"NW","South Coastal Region",49.10675,-125.78544,2017,FALSE,0,NA,NA,0.9166,0.6523,0.9971
"LANO","216746_NW",216746,"NW","South Coastal Region",49.10675,-125.78544,2018,TRUE,4,0,0.2578,0.9547,0.8264,0.9954
"LANO","216746_NW",216746,"NW","South Coastal Region",49.10675,-125.78544,2019,FALSE,0,NA,NA,0.9672,0.8798,0.9953
"LANO","216746_NW",216746,"NW","South Coastal Region",49.10675,-125.78544,2020,FALSE,0,NA,NA,0.9703,0.9016,0.9955
"LANO","216746_NW",216746,"NW","South Coastal Region",49.10675,-125.78544,2021,TRUE,4,0,0.0729,0.9721,0.9158,0.9953
"LANO","216746_NW",216746,"NW","South Coastal Region",49.10675,-125.78544,2022,TRUE,3,0,0.1173,0.9784,0.9318,0.997
"LANO","216746_NW",216746,"NW","South Coastal Region",49.10675,-125.78544,2023,FALSE,0,NA,NA,0.9817,0.9394,0.9979
"LANO","216746_NW",216746,"NW","South Coastal Region",49.10675,-125.78544,2024,TRUE,3,1,1,0.9863,0.9509,0.999
"LANO","216746_NW",216746,"NW","South Coastal Region",49.10675,-125.78544,2025,TRUE,4,1,1,0.9832,0.9467,0.9979
"LANO","216746_SE",216746,"SE","South Coastal Region",49.07768,-125.74644,2017,TRUE,4,0,0.0138,0.7808,0.4971,0.9591
"LANO","216746_SE",216746,"SE","South Coastal Region",49.07768,-125.74644,2018,FALSE,0,NA,NA,0.8671,0.6861,0.9672
"LANO","216746_SE",216746,"SE","South Coastal Region",49.07768,-125.74644,2019,TRUE,4,0,0.0264,0.9002,0.7608,0.9735
"LANO","216746_SE",216746,"SE","South Coastal Region",49.07768,-125.74644,2020,TRUE,3,0,0.0744,0.9095,0.7819,0.9772
"LANO","216746_SE",216746,"SE","South Coastal Region",49.07768,-125.74644,2021,TRUE,4,1,1,0.9154,0.7969,0.9807
"LANO","216746_SE",216746,"SE","South Coastal Region",49.07768,-125.74644,2022,TRUE,3,1,1,0.9317,0.822,0.9867
"LANO","216746_SE",216746,"SE","South Coastal Region",49.07768,-125.74644,2023,TRUE,3,1,1,0.9409,0.8377,0.9894
"LANO","216746_SE",216746,"SE","South Coastal Region",49.07768,-125.74644,2024,TRUE,3,1,1,0.954,0.859,0.9942
"LANO","216746_SE",216746,"SE","South Coastal Region",49.07768,-125.74644,2025,TRUE,4,1,1,0.9458,0.8506,0.9907
"LANO","218282_SE",218282,"SE","Kootenay Region",50.13833,-117.55672,2017,FALSE,0,NA,NA,0.7805,0.5669,0.9278
"LANO","218282_SE",218282,"SE","Kootenay Region",50.13833,-117.55672,2018,FALSE,0,NA,NA,0.9008,0.7824,0.9698
"LANO","218282_SE",218282,"SE","Kootenay Region",50.13833,-117.55672,2019,FALSE,0,NA,NA,0.9098,0.8031,0.9716
"LANO","218282_SE",218282,"SE","Kootenay Region",50.13833,-117.55672,2020,TRUE,4,1,1,0.9027,0.7853,0.9713
"LANO","218282_SE",218282,"SE","Kootenay Region",50.13833,-117.55672,2021,TRUE,4,1,1,0.8896,0.7548,0.9668
"LANO","218282_SE",218282,"SE","Kootenay Region",50.13833,-117.55672,2022,TRUE,4,1,1,0.9221,0.824,0.9783
"LANO","218282_SE",218282,"SE","Kootenay Region",50.13833,-117.55672,2023,FALSE,0,NA,NA,0.9339,0.844,0.9833
"LANO","218282_SE",218282,"SE","Kootenay Region",50.13833,-117.55672,2024,TRUE,4,1,1,0.9579,0.8795,0.9942
"LANO","218282_SE",218282,"SE","Kootenay Region",50.13833,-117.55672,2025,TRUE,4,1,1,0.9238,0.8293,0.9791
"LANO","218282_SW",218282,"SW","Kootenay Region",50.15094,-117.6221,2017,FALSE,0,NA,NA,0.8141,0.5612,0.9637
"LANO","218282_SW",218282,"SW","Kootenay Region",50.15094,-117.6221,2018,FALSE,0,NA,NA,0.8859,0.7798,0.9604
"LANO","218282_SW",218282,"SW","Kootenay Region",50.15094,-117.6221,2019,FALSE,0,NA,NA,0.8716,0.7772,0.9411
"LANO","218282_SW",218282,"SW","Kootenay Region",50.15094,-117.6221,2020,TRUE,4,1,1,0.8531,0.7449,0.9322
"LANO","218282_SW",218282,"SW","Kootenay Region",50.15094,-117.6221,2021,TRUE,4,1,1,0.8326,0.7161,0.9188
"LANO","218282_SW",218282,"SW","Kootenay Region",50.15094,-117.6221,2022,TRUE,4,1,1,0.8805,0.7925,0.9457
"LANO","218282_SW",218282,"SW","Kootenay Region",50.15094,-117.6221,2023,TRUE,4,1,1,0.8967,0.8088,0.9595
"LANO","218282_SW",218282,"SW","Kootenay Region",50.15094,-117.6221,2024,TRUE,4,1,1,0.9344,0.8531,0.9858
"LANO","218282_SW",218282,"SW","Kootenay Region",50.15094,-117.6221,2025,TRUE,4,1,1,0.8772,0.7848,0.9449
"LANO","219626_SW",219626,"SW","South Coastal Region",48.92819,-125.25,2017,FALSE,0,NA,NA,0.8148,0.5846,0.9595
"LANO","219626_SW",219626,"SW","South Coastal Region",48.92819,-125.25,2018,FALSE,0,NA,NA,0.8924,0.7532,0.9718
"LANO","219626_SW",219626,"SW","South Coastal Region",48.92819,-125.25,2019,FALSE,0,NA,NA,0.9184,0.8092,0.9786
"LANO","219626_SW",219626,"SW","South Coastal Region",48.92819,-125.25,2020,FALSE,0,NA,NA,0.9241,0.8217,0.9809
"LANO","219626_SW",219626,"SW","South Coastal Region",48.92819,-125.25,2021,FALSE,0,NA,NA,0.9266,0.8227,0.9835
"LANO","219626_SW",219626,"SW","South Coastal Region",48.92819,-125.25,2022,FALSE,0,NA,NA,0.9416,0.8478,0.9891
"LANO","219626_SW",219626,"SW","South Coastal Region",48.92819,-125.25,2023,FALSE,0,NA,NA,0.9498,0.8621,0.9915
"LANO","219626_SW",219626,"SW","South Coastal Region",48.92819,-125.25,2024,TRUE,4,1,1,0.962,0.8828,0.9954
"LANO","219626_SW",219626,"SW","South Coastal Region",48.92819,-125.25,2025,TRUE,4,0,0.0853,0.9524,0.8657,0.9924
"LANO","226090_NE",226090,"NE","Okanagan Region",50.10929,-120.45236,2017,FALSE,0,NA,NA,0.7698,0.4349,0.964
"LANO","226090_NE",226090,"NE","Okanagan Region",50.10929,-120.45236,2018,FALSE,0,NA,NA,0.8527,0.7063,0.9518
"LANO","226090_NE",226090,"NE","Okanagan Region",50.10929,-120.45236,2019,TRUE,4,1,1,0.8119,0.652,0.9275
"LANO","226090_NE",226090,"NE","Okanagan Region",50.10929,-120.45236,2020,TRUE,2,0,0.1124,0.7902,0.6196,0.9193
"LANO","226090_NE",226090,"NE","Okanagan Region",50.10929,-120.45236,2021,TRUE,3,1,1,0.7645,0.5958,0.8972
"LANO","226090_NE",226090,"NE","Okanagan Region",50.10929,-120.45236,2022,TRUE,2,0,0.1573,0.8319,0.6845,0.9354
"LANO","226090_NE",226090,"NE","Okanagan Region",50.10929,-120.45236,2023,TRUE,3,0,0.1216,0.85,0.7094,0.9503
"LANO","226090_NE",226090,"NE","Okanagan Region",50.10929,-120.45236,2024,FALSE,0,NA,NA,0.9056,0.7694,0.9835
"LANO","226090_NE",226090,"NE","Okanagan Region",50.10929,-120.45236,2025,TRUE,2,0,0.2676,0.808,0.635,0.9275
"LANO","226090_NW",226090,"NW","Okanagan Region",50.0999,-120.50647,2017,FALSE,0,NA,NA,0.906,0.708,0.9899
"LANO","226090_NW",226090,"NW","Okanagan Region",50.0999,-120.50647,2018,TRUE,2,1,1,0.9473,0.8818,0.9853
"LANO","226090_NW",226090,"NW","Okanagan Region",50.0999,-120.50647,2019,TRUE,4,1,1,0.9359,0.8706,0.9771
"LANO","226090_NW",226090,"NW","Okanagan Region",50.0999,-120.50647,2020,TRUE,4,1,1,0.9254,0.8486,0.9744
"LANO","226090_NW",226090,"NW","Okanagan Region",50.0999,-120.50647,2021,TRUE,4,1,1,0.9109,0.8271,0.9656
"LANO","226090_NW",226090,"NW","Okanagan Region",50.0999,-120.50647,2022,TRUE,3,1,1,0.9399,0.8743,0.9795
"LANO","226090_NW",226090,"NW","Okanagan Region",50.0999,-120.50647,2023,TRUE,4,1,1,0.9497,0.8908,0.9851
"LANO","226090_NW",226090,"NW","Okanagan Region",50.0999,-120.50647,2024,FALSE,0,NA,NA,0.9695,0.916,0.9956
"LANO","226090_NW",226090,"NW","Okanagan Region",50.0999,-120.50647,2025,TRUE,3,1,1,0.9377,0.8733,0.9772
"LANO","226090_SE",226090,"SE","Okanagan Region",50.07156,-120.42266,2017,FALSE,0,NA,NA,0.7622,0.3931,0.9668
"LANO","226090_SE",226090,"SE","Okanagan Region",50.07156,-120.42266,2018,TRUE,2,1,1,0.8473,0.6978,0.9494
"LANO","226090_SE",226090,"SE","Okanagan Region",50.07156,-120.42266,2019,TRUE,4,0,0.2118,0.8055,0.6515,0.9239
"LANO","226090_SE",226090,"SE","Okanagan Region",50.07156,-120.42266,2020,TRUE,4,1,1,0.7824,0.6124,0.9139
"LANO","226090_SE",226090,"SE","Okanagan Region",50.07156,-120.42266,2021,TRUE,3,0,0.0224,0.7576,0.5883,0.8922
"LANO","226090_SE",226090,"SE","Okanagan Region",50.07156,-120.42266,2022,TRUE,3,1,1,0.825,0.6776,0.9319
"LANO","226090_SE",226090,"SE","Okanagan Region",50.07156,-120.42266,2023,FALSE,0,NA,NA,0.8437,0.7008,0.9478
"LANO","226090_SE",226090,"SE","Okanagan Region",50.07156,-120.42266,2024,FALSE,0,NA,NA,0.9003,0.7574,0.9825
"LANO","226090_SE",226090,"SE","Okanagan Region",50.07156,-120.42266,2025,TRUE,2,0,0.1784,0.8021,0.6328,0.9238
"LANO","230186_NE",230186,"NE","Okanagan Region",49.01457,-121.07198,2017,FALSE,0,NA,NA,0.8659,0.6244,0.9824
"LANO","230186_NE",230186,"NE","Okanagan Region",49.01457,-121.07198,2018,TRUE,4,1,1,0.9287,0.8432,0.9792
"LANO","230186_NE",230186,"NE","Okanagan Region",49.01457,-121.07198,2019,TRUE,4,1,1,0.9181,0.8312,0.9712
"LANO","230186_NE",230186,"NE","Okanagan Region",49.01457,-121.07198,2020,TRUE,4,1,1,0.9067,0.8103,0.9677
"LANO","230186_NE",230186,"NE","Okanagan Region",49.01457,-121.07198,2021,TRUE,4,1,1,0.8897,0.7796,0.9586
"LANO","230186_NE",230186,"NE","Okanagan Region",49.01457,-121.07198,2022,FALSE,0,NA,NA,0.9237,0.8357,0.9757
"LANO","230186_NE",230186,"NE","Okanagan Region",49.01457,-121.07198,2023,FALSE,0,NA,NA,0.9357,0.8604,0.9808
"LANO","230186_NE",230186,"NE","Okanagan Region",49.01457,-121.07198,2024,TRUE,4,1,1,0.9603,0.8953,0.994
"LANO","230186_NE",230186,"NE","Okanagan Region",49.01457,-121.07198,2025,FALSE,0,NA,NA,0.9209,0.834,0.9735
"LANO","230186_SE",230186,"SE","Okanagan Region",48.97511,-121.08329,2017,FALSE,0,NA,NA,0.7879,0.3559,0.9835
"LANO","230186_SE",230186,"SE","Okanagan Region",48.97511,-121.08329,2018,TRUE,4,1,1,0.8821,0.7071,0.9724
"LANO","230186_SE",230186,"SE","Okanagan Region",48.97511,-121.08329,2019,TRUE,4,1,1,0.865,0.6898,0.9642
"LANO","230186_SE",230186,"SE","Okanagan Region",48.97511,-121.08329,2020,TRUE,4,1,1,0.8505,0.667,0.9599
"LANO","230186_SE",230186,"SE","Okanagan Region",48.97511,-121.08329,2021,TRUE,4,1,1,0.8291,0.637,0.9532
"LANO","230186_SE",230186,"SE","Okanagan Region",48.97511,-121.08329,2022,FALSE,0,NA,NA,0.8762,0.7083,0.9705
"LANO","230186_SE",230186,"SE","Okanagan Region",48.97511,-121.08329,2023,TRUE,4,1,1,0.8914,0.7294,0.9757
"LANO","230186_SE",230186,"SE","Okanagan Region",48.97511,-121.08329,2024,TRUE,4,1,1,0.9295,0.7917,0.9918
"LANO","230186_SE",230186,"SE","Okanagan Region",48.97511,-121.08329,2025,FALSE,0,NA,NA,0.8676,0.6817,0.969
"LANO","241002_NE",241002,"NE","Kootenay Region",51.03817,-118.1357,2017,TRUE,4,0,4e-04,0.391,0.0859,0.7775
"LANO","241002_NE",241002,"NE","Kootenay Region",51.03817,-118.1357,2018,TRUE,3,0,0.0656,0.5836,0.3534,0.7984
"LANO","241002_NE",241002,"NE","Kootenay Region",51.03817,-118.1357,2019,TRUE,4,0,0.0093,0.5297,0.3365,0.7278
"LANO","241002_NE",241002,"NE","Kootenay Region",51.03817,-118.1357,2020,TRUE,4,0,0.0064,0.5032,0.3067,0.7049
"LANO","241002_NE",241002,"NE","Kootenay Region",51.03817,-118.1357,2021,TRUE,4,1,1,0.5183,0.3381,0.7065
"LANO","241002_NE",241002,"NE","Kootenay Region",51.03817,-118.1357,2022,TRUE,4,0,2e-04,0.5705,0.3744,0.7682
"LANO","241002_NE",241002,"NE","Kootenay Region",51.03817,-118.1357,2023,TRUE,4,1,1,0.5819,0.3666,0.7874
"LANO","241002_NE",241002,"NE","Kootenay Region",51.03817,-118.1357,2024,TRUE,4,1,1,0.6802,0.4368,0.8903
"LANO","241002_NE",241002,"NE","Kootenay Region",51.03817,-118.1357,2025,TRUE,4,0,0.0116,0.5173,0.3137,0.7331
"LANO","241002_NW",241002,"NW","Kootenay Region",51.01597,-118.20292,2017,TRUE,4,0,0.0058,0.8436,0.6257,0.9687
"LANO","241002_NW",241002,"NW","Kootenay Region",51.01597,-118.20292,2018,TRUE,4,1,1,0.8995,0.7842,0.9679
"LANO","241002_NW",241002,"NW","Kootenay Region",51.01597,-118.20292,2019,TRUE,4,0,0.0184,0.8998,0.8062,0.9613
"LANO","241002_NW",241002,"NW","Kootenay Region",51.01597,-118.20292,2020,TRUE,4,0,0.0224,0.8881,0.7814,0.9573
"LANO","241002_NW",241002,"NW","Kootenay Region",51.01597,-118.20292,2021,TRUE,4,1,1,0.8753,0.76,0.9502
"LANO","241002_NW",241002,"NW","Kootenay Region",51.01597,-118.20292,2022,TRUE,4,1,1,0.9051,0.8126,0.9664
"LANO","241002_NW",241002,"NW","Kootenay Region",51.01597,-118.20292,2023,TRUE,4,1,1,0.9181,0.8232,0.9734
"LANO","241002_NW",241002,"NW","Kootenay Region",51.01597,-118.20292,2024,TRUE,4,1,1,0.9441,0.8606,0.9885
"LANO","241002_NW",241002,"NW","Kootenay Region",51.01597,-118.20292,2025,TRUE,4,1,1,0.9124,0.8186,0.9691
"LANO","243562_NE",243562,"NE","Kootenay Region",49.69966,-115.98498,2017,TRUE,4,0,0.0138,0.6661,0.3881,0.878
"LANO","243562_NE",243562,"NE","Kootenay Region",49.69966,-115.98498,2018,FALSE,0,NA,NA,0.8328,0.6581,0.9443
"LANO","243562_NE",243562,"NE","Kootenay Region",49.69966,-115.98498,2019,TRUE,4,1,1,0.8492,0.6998,0.9468
"LANO","243562_NE",243562,"NE","Kootenay Region",49.69966,-115.98498,2020,TRUE,4,1,1,0.8394,0.6727,0.9473
"LANO","243562_NE",243562,"NE","Kootenay Region",49.69966,-115.98498,2021,TRUE,3,0,0.0627,0.8255,0.6508,0.9427
"LANO","243562_NE",243562,"NE","Kootenay Region",49.69966,-115.98498,2022,FALSE,0,NA,NA,0.8695,0.7256,0.9589
"LANO","243562_NE",243562,"NE","Kootenay Region",49.69966,-115.98498,2023,TRUE,3,1,1,0.8865,0.7497,0.9677
"LANO","243562_NE",243562,"NE","Kootenay Region",49.69966,-115.98498,2024,TRUE,2,1,1,0.9235,0.7978,0.9871
"LANO","243562_NE",243562,"NE","Kootenay Region",49.69966,-115.98498,2025,TRUE,4,1,1,0.8741,0.7397,0.9611
"LANO","243562_SE",243562,"SE","Kootenay Region",49.65068,-115.94692,2017,TRUE,4,0,0.004,0.6412,0.3889,0.8518
"LANO","243562_SE",243562,"SE","Kootenay Region",49.65068,-115.94692,2018,FALSE,0,NA,NA,0.7641,0.6123,0.8872
"LANO","243562_SE",243562,"SE","Kootenay Region",49.65068,-115.94692,2019,TRUE,4,1,1,0.7435,0.5971,0.8602
"LANO","243562_SE",243562,"SE","Kootenay Region",49.65068,-115.94692,2020,FALSE,0,NA,NA,0.7139,0.5587,0.8415
"LANO","243562_SE",243562,"SE","Kootenay Region",49.65068,-115.94692,2021,TRUE,3,0,0.0198,0.6958,0.5421,0.829
"LANO","243562_SE",243562,"SE","Kootenay Region",49.65068,-115.94692,2022,TRUE,2,1,1,0.7612,0.6221,0.8742
"LANO","243562_SE",243562,"SE","Kootenay Region",49.65068,-115.94692,2023,TRUE,4,0,9e-04,0.7838,0.6459,0.8947
"LANO","243562_SE",243562,"SE","Kootenay Region",49.65068,-115.94692,2024,FALSE,0,NA,NA,0.851,0.7174,0.9524
"LANO","243562_SE",243562,"SE","Kootenay Region",49.65068,-115.94692,2025,TRUE,4,1,1,0.75,0.5984,0.872
"LANO","252394_NW",252394,"NW","South Coastal Region",48.79865,-125.16568,2017,FALSE,0,NA,NA,0.8734,0.7183,0.9686
"LANO","252394_NW",252394,"NW","South Coastal Region",48.79865,-125.16568,2018,FALSE,0,NA,NA,0.929,0.8474,0.9793
"LANO","252394_NW",252394,"NW","South Coastal Region",48.79865,-125.16568,2019,FALSE,0,NA,NA,0.9467,0.8816,0.9837
"LANO","252394_NW",252394,"NW","South Coastal Region",48.79865,-125.16568,2020,FALSE,0,NA,NA,0.9498,0.887,0.986
"LANO","252394_NW",252394,"NW","South Coastal Region",48.79865,-125.16568,2021,FALSE,0,NA,NA,0.9503,0.886,0.9871
"LANO","252394_NW",252394,"NW","South Coastal Region",48.79865,-125.16568,2022,FALSE,0,NA,NA,0.9614,0.9048,0.9912
"LANO","252394_NW",252394,"NW","South Coastal Region",48.79865,-125.16568,2023,FALSE,0,NA,NA,0.9673,0.9131,0.9936
"LANO","252394_NW",252394,"NW","South Coastal Region",48.79865,-125.16568,2024,TRUE,4,1,1,0.976,0.9297,0.9967
"LANO","252394_NW",252394,"NW","South Coastal Region",48.79865,-125.16568,2025,TRUE,4,1,1,0.9684,0.9171,0.9939
"LANO","26170_NE",26170,"NE","Northern Region",53.62052,-132.20883,2017,FALSE,0,NA,NA,0.8979,0.7038,0.9841
"LANO","26170_NE",26170,"NE","Northern Region",53.62052,-132.20883,2018,FALSE,0,NA,NA,0.9149,0.8003,0.9742
"LANO","26170_NE",26170,"NE","Northern Region",53.62052,-132.20883,2019,FALSE,0,NA,NA,0.9124,0.8275,0.9639
"LANO","26170_NE",26170,"NE","Northern Region",53.62052,-132.20883,2020,FALSE,0,NA,NA,0.9013,0.8138,0.9587
"LANO","26170_NE",26170,"NE","Northern Region",53.62052,-132.20883,2021,FALSE,0,NA,NA,0.8911,0.7913,0.9546
"LANO","26170_NE",26170,"NE","Northern Region",53.62052,-132.20883,2022,TRUE,4,1,1,0.9064,0.8173,0.9629
"LANO","26170_NE",26170,"NE","Northern Region",53.62052,-132.20883,2023,TRUE,4,1,1,0.9163,0.8272,0.9703
"LANO","26170_NE",26170,"NE","Northern Region",53.62052,-132.20883,2024,TRUE,3,1,1,0.9347,0.8557,0.9811
"LANO","26170_NE",26170,"NE","Northern Region",53.62052,-132.20883,2025,TRUE,4,0,0.018,0.9205,0.8379,0.9709
"LANO","26170_NW",26170,"NW","Northern Region",53.60452,-132.28837,2017,FALSE,0,NA,NA,0.888,0.6861,0.9807
"LANO","26170_NW",26170,"NW","Northern Region",53.60452,-132.28837,2018,FALSE,0,NA,NA,0.9118,0.8031,0.9728
"LANO","26170_NW",26170,"NW","Northern Region",53.60452,-132.28837,2019,FALSE,0,NA,NA,0.9091,0.8172,0.9637
"LANO","26170_NW",26170,"NW","Northern Region",53.60452,-132.28837,2020,FALSE,0,NA,NA,0.8973,0.7973,0.9596
"LANO","26170_NW",26170,"NW","Northern Region",53.60452,-132.28837,2021,FALSE,0,NA,NA,0.8859,0.7711,0.9558
"LANO","26170_NW",26170,"NW","Northern Region",53.60452,-132.28837,2022,TRUE,3,1,1,0.9057,0.806,0.9658
"LANO","26170_NW",26170,"NW","Northern Region",53.60452,-132.28837,2023,TRUE,4,1,1,0.9172,0.8233,0.9718
"LANO","26170_NW",26170,"NW","Northern Region",53.60452,-132.28837,2024,FALSE,0,NA,NA,0.9382,0.854,0.9839
"LANO","26170_NW",26170,"NW","Northern Region",53.60452,-132.28837,2025,TRUE,4,1,1,0.9191,0.8312,0.9723
"LANO","26170_SE",26170,"SE","Northern Region",53.58901,-132.17695,2017,FALSE,0,NA,NA,0.8807,0.6736,0.9788
"LANO","26170_SE",26170,"SE","Northern Region",53.58901,-132.17695,2018,FALSE,0,NA,NA,0.8994,0.7779,0.9674
"LANO","26170_SE",26170,"SE","Northern Region",53.58901,-132.17695,2019,FALSE,0,NA,NA,0.8954,0.8026,0.9545
"LANO","26170_SE",26170,"SE","Northern Region",53.58901,-132.17695,2020,FALSE,0,NA,NA,0.8819,0.7824,0.9478
"LANO","26170_SE",26170,"SE","Northern Region",53.58901,-132.17695,2021,FALSE,0,NA,NA,0.8697,0.7567,0.9425
"LANO","26170_SE",26170,"SE","Northern Region",53.58901,-132.17695,2022,TRUE,4,1,1,0.8874,0.7836,0.9532
"LANO","26170_SE",26170,"SE","Northern Region",53.58901,-132.17695,2023,TRUE,4,1,1,0.8989,0.8009,0.9619
"LANO","26170_SE",26170,"SE","Northern Region",53.58901,-132.17695,2024,TRUE,4,1,1,0.9206,0.8287,0.9759
"LANO","26170_SE",26170,"SE","Northern Region",53.58901,-132.17695,2025,TRUE,4,1,1,0.9034,0.8093,0.9626
"LANO","26170_SW",26170,"SW","Northern Region",53.56895,-132.23042,2017,FALSE,0,NA,NA,0.8279,0.5426,0.9712
"LANO","26170_SW",26170,"SW","Northern Region",53.56895,-132.23042,2018,FALSE,0,NA,NA,0.8577,0.6507,0.9635
"LANO","26170_SW",26170,"SW","Northern Region",53.56895,-132.23042,2019,FALSE,0,NA,NA,0.8699,0.7095,0.9576
"LANO","26170_SW",26170,"SW","Northern Region",53.56895,-132.23042,2020,FALSE,0,NA,NA,0.8687,0.7206,0.9564
"LANO","26170_SW",26170,"SW","Northern Region",53.56895,-132.23042,2021,FALSE,0,NA,NA,0.8684,0.7208,0.958
"LANO","26170_SW",26170,"SW","Northern Region",53.56895,-132.23042,2022,TRUE,4,1,1,0.8817,0.741,0.9667
"LANO","26170_SW",26170,"SW","Northern Region",53.56895,-132.23042,2023,TRUE,4,1,1,0.8912,0.7513,0.972
"LANO","26170_SW",26170,"SW","Northern Region",53.56895,-132.23042,2024,TRUE,4,1,1,0.907,0.7718,0.98
"LANO","26170_SW",26170,"SW","Northern Region",53.56895,-132.23042,2025,TRUE,4,1,1,0.9009,0.7594,0.9758
"LANO","265749_NE",265749,"NE","Okanagan Region",49.15892,-119.03758,2017,FALSE,0,NA,NA,0.7603,0.4179,0.9612
"LANO","265749_NE",265749,"NE","Okanagan Region",49.15892,-119.03758,2018,TRUE,2,1,1,0.9003,0.7443,0.9781
"LANO","265749_NE",265749,"NE","Okanagan Region",49.15892,-119.03758,2019,TRUE,4,1,1,0.9102,0.7834,0.9793
"LANO","265749_NE",265749,"NE","Okanagan Region",49.15892,-119.03758,2020,TRUE,4,1,1,0.9047,0.7645,0.9789
"LANO","265749_NE",265749,"NE","Okanagan Region",49.15892,-119.03758,2021,TRUE,4,1,1,0.8932,0.7461,0.9752
"LANO","265749_NE",265749,"NE","Okanagan Region",49.15892,-119.03758,2022,TRUE,4,1,1,0.9235,0.8027,0.9839
"LANO","265749_NE",265749,"NE","Okanagan Region",49.15892,-119.03758,2023,TRUE,4,1,1,0.9354,0.8259,0.9883
"LANO","265749_NE",265749,"NE","Okanagan Region",49.15892,-119.03758,2024,FALSE,0,NA,NA,0.9578,0.8649,0.9957
"LANO","265749_NE",265749,"NE","Okanagan Region",49.15892,-119.03758,2025,FALSE,0,NA,NA,0.926,0.8185,0.9838
"LANO","265749_NW",265749,"NW","Okanagan Region",49.16674,-119.10324,2017,FALSE,0,NA,NA,0.8425,0.5078,0.9834
"LANO","265749_NW",265749,"NW","Okanagan Region",49.16674,-119.10324,2018,TRUE,2,1,1,0.9102,0.8074,0.9741
"LANO","265749_NW",265749,"NW","Okanagan Region",49.16674,-119.10324,2019,TRUE,4,1,1,0.882,0.7677,0.9569
"LANO","265749_NW",265749,"NW","Okanagan Region",49.16674,-119.10324,2020,TRUE,4,1,1,0.8655,0.7366,0.953
"LANO","265749_NW",265749,"NW","Okanagan Region",49.16674,-119.10324,2021,TRUE,4,1,1,0.8422,0.7051,0.9374
"LANO","265749_NW",265749,"NW","Okanagan Region",49.16674,-119.10324,2022,TRUE,4,1,1,0.8945,0.7883,0.9626
"LANO","265749_NW",265749,"NW","Okanagan Region",49.16674,-119.10324,2023,TRUE,4,1,1,0.9089,0.8114,0.9732
"LANO","265749_NW",265749,"NW","Okanagan Region",49.16674,-119.10324,2024,TRUE,4,1,1,0.9456,0.8563,0.9924
"LANO","265749_NW",265749,"NW","Okanagan Region",49.16674,-119.10324,2025,TRUE,4,1,1,0.8809,0.7638,0.9553
"LANO","265749_SE",265749,"SE","Okanagan Region",49.11153,-118.97698,2017,FALSE,0,NA,NA,0.8813,0.6888,0.9811
"LANO","265749_SE",265749,"SE","Okanagan Region",49.11153,-118.97698,2018,TRUE,2,1,1,0.9411,0.8725,0.9829
"LANO","265749_SE",265749,"SE","Okanagan Region",49.11153,-118.97698,2019,TRUE,4,1,1,0.9407,0.8831,0.9783
"LANO","265749_SE",265749,"SE","Okanagan Region",49.11153,-118.97698,2020,TRUE,4,1,1,0.9331,0.8657,0.9756
"LANO","265749_SE",265749,"SE","Okanagan Region",49.11153,-118.97698,2021,TRUE,4,1,1,0.922,0.8464,0.9684
"LANO","265749_SE",265749,"SE","Okanagan Region",49.11153,-118.97698,2022,TRUE,4,1,1,0.9445,0.8838,0.9803
"LANO","265749_SE",265749,"SE","Okanagan Region",49.11153,-118.97698,2023,TRUE,4,1,1,0.9538,0.9001,0.9852
"LANO","265749_SE",265749,"SE","Okanagan Region",49.11153,-118.97698,2024,TRUE,4,1,1,0.9706,0.922,0.9952
"LANO","265749_SE",265749,"SE","Okanagan Region",49.11153,-118.97698,2025,TRUE,4,1,1,0.9468,0.8925,0.9798
"LANO","265749_SW",265749,"SW","Okanagan Region",49.11337,-119.05299,2017,FALSE,0,NA,NA,0.8282,0.538,0.9738
"LANO","265749_SW",265749,"SW","Okanagan Region",49.11337,-119.05299,2018,TRUE,2,1,1,0.9327,0.8231,0.9859
"LANO","265749_SW",265749,"SW","Okanagan Region",49.11337,-119.05299,2019,TRUE,4,1,1,0.9361,0.842,0.9852
"LANO","265749_SW",265749,"SW","Okanagan Region",49.11337,-119.05299,2020,TRUE,4,1,1,0.9303,0.8242,0.9848
"LANO","265749_SW",265749,"SW","Okanagan Region",49.11337,-119.05299,2021,TRUE,3,1,1,0.9194,0.8019,0.982
"LANO","265749_SW",265749,"SW","Okanagan Region",49.11337,-119.05299,2022,TRUE,4,1,1,0.9443,0.8511,0.9885
"LANO","265749_SW",265749,"SW","Okanagan Region",49.11337,-119.05299,2023,TRUE,4,1,1,0.9534,0.8706,0.9917
"LANO","265749_SW",265749,"SW","Okanagan Region",49.11337,-119.05299,2024,TRUE,4,1,1,0.9706,0.8998,0.9972
"LANO","265749_SW",265749,"SW","Okanagan Region",49.11337,-119.05299,2025,TRUE,4,1,1,0.9451,0.861,0.9879
"LANO","268521_NE",268521,"NE","Kootenay Region",49.49916,-115.03962,2017,FALSE,0,NA,NA,0.7626,0.4307,0.9556
"LANO","268521_NE",268521,"NE","Kootenay Region",49.49916,-115.03962,2018,FALSE,0,NA,NA,0.8534,0.7148,0.9481
"LANO","268521_NE",268521,"NE","Kootenay Region",49.49916,-115.03962,2019,TRUE,4,1,1,0.842,0.722,0.928
"LANO","268521_NE",268521,"NE","Kootenay Region",49.49916,-115.03962,2020,TRUE,4,1,1,0.8209,0.681,0.921
"LANO","268521_NE",268521,"NE","Kootenay Region",49.49916,-115.03962,2021,FALSE,0,NA,NA,0.8161,0.6809,0.9156
"LANO","268521_NE",268521,"NE","Kootenay Region",49.49916,-115.03962,2022,TRUE,4,1,1,0.865,0.7568,0.9414
"LANO","268521_NE",268521,"NE","Kootenay Region",49.49916,-115.03962,2023,TRUE,3,1,1,0.8829,0.7719,0.956
"LANO","268521_NE",268521,"NE","Kootenay Region",49.49916,-115.03962,2024,TRUE,4,1,1,0.923,0.8211,0.9837
"LANO","268521_NE",268521,"NE","Kootenay Region",49.49916,-115.03962,2025,TRUE,3,1,1,0.8661,0.7542,0.9422
"LANO","268521_NW",268521,"NW","Kootenay Region",49.48855,-115.09812,2017,FALSE,0,NA,NA,0.656,0.4105,0.8586
"LANO","268521_NW",268521,"NW","Kootenay Region",49.48855,-115.09812,2018,FALSE,0,NA,NA,0.7755,0.6346,0.8899
"LANO","268521_NW",268521,"NW","Kootenay Region",49.48855,-115.09812,2019,TRUE,4,1,1,0.7717,0.6427,0.8745
"LANO","268521_NW",268521,"NW","Kootenay Region",49.48855,-115.09812,2020,FALSE,0,NA,NA,0.7461,0.6081,0.857
"LANO","268521_NW",268521,"NW","Kootenay Region",49.48855,-115.09812,2021,TRUE,2,1,1,0.7286,0.5862,0.8475
"LANO","268521_NW",268521,"NW","Kootenay Region",49.48855,-115.09812,2022,TRUE,4,1,1,0.7851,0.6645,0.8846
"LANO","268521_NW",268521,"NW","Kootenay Region",49.48855,-115.09812,2023,TRUE,4,1,1,0.8083,0.6849,0.9039
"LANO","268521_NW",268521,"NW","Kootenay Region",49.48855,-115.09812,2024,TRUE,4,1,1,0.8659,0.7449,0.9556
"LANO","268521_NW",268521,"NW","Kootenay Region",49.48855,-115.09812,2025,TRUE,4,1,1,0.7881,0.6576,0.886
"LANO","268521_SE",268521,"SE","Kootenay Region",49.44083,-115.05634,2017,FALSE,0,NA,NA,0.8241,0.3895,0.992
"LANO","268521_SE",268521,"SE","Kootenay Region",49.44083,-115.05634,2018,FALSE,0,NA,NA,0.9014,0.7564,0.9764
"LANO","268521_SE",268521,"SE","Kootenay Region",49.44083,-115.05634,2019,TRUE,4,1,1,0.8838,0.7609,0.9604
"LANO","268521_SE",268521,"SE","Kootenay Region",49.44083,-115.05634,2020,TRUE,4,0,0.176,0.8674,0.7265,0.9563
"LANO","268521_SE",268521,"SE","Kootenay Region",49.44083,-115.05634,2021,TRUE,2,1,1,0.8476,0.7006,0.9467
"LANO","268521_SE",268521,"SE","Kootenay Region",49.44083,-115.05634,2022,TRUE,4,1,1,0.895,0.7817,0.9661
"LANO","268521_SE",268521,"SE","Kootenay Region",49.44083,-115.05634,2023,TRUE,4,1,1,0.9084,0.794,0.9743
"LANO","268521_SE",268521,"SE","Kootenay Region",49.44083,-115.05634,2024,TRUE,4,1,1,0.9433,0.8453,0.9922
"LANO","268521_SE",268521,"SE","Kootenay Region",49.44083,-115.05634,2025,TRUE,4,1,1,0.8871,0.7666,0.9634
"LANO","269777_NW",269777,"NW","Northern Region",57.04083,-122.86281,2017,TRUE,4,0,0.0011,0.4229,0.0973,0.8114
"LANO","269777_NW",269777,"NW","Northern Region",57.04083,-122.86281,2018,TRUE,4,0,0.0031,0.4403,0.2233,0.6811
"LANO","269777_NW",269777,"NW","Northern Region",57.04083,-122.86281,2019,TRUE,3,0,0.0189,0.3979,0.2068,0.6112
"LANO","269777_NW",269777,"NW","Northern Region",57.04083,-122.86281,2020,TRUE,4,0,9e-04,0.3558,0.1626,0.5783
"LANO","269777_NW",269777,"NW","Northern Region",57.04083,-122.86281,2021,FALSE,0,NA,NA,0.3861,0.1843,0.617
"LANO","269777_NW",269777,"NW","Northern Region",57.04083,-122.86281,2022,FALSE,0,NA,NA,0.4157,0.2008,0.6471
"LANO","269777_NW",269777,"NW","Northern Region",57.04083,-122.86281,2023,FALSE,0,NA,NA,0.426,0.2051,0.6659
"LANO","269777_NW",269777,"NW","Northern Region",57.04083,-122.86281,2024,FALSE,0,NA,NA,0.5022,0.2416,0.7681
"LANO","269777_NW",269777,"NW","Northern Region",57.04083,-122.86281,2025,FALSE,0,NA,NA,0.3974,0.192,0.6303
"LANO","269777_SW",269777,"SW","Northern Region",57.01497,-122.80521,2017,TRUE,4,0,0.0133,0.6464,0.3826,0.864
"LANO","269777_SW",269777,"SW","Northern Region",57.01497,-122.80521,2018,TRUE,4,1,1,0.6542,0.4743,0.8098
"LANO","269777_SW",269777,"SW","Northern Region",57.01497,-122.80521,2019,TRUE,4,0,0.0076,0.6219,0.4698,0.7627
"LANO","269777_SW",269777,"SW","Northern Region",57.01497,-122.80521,2020,TRUE,4,0,0.0013,0.5769,0.4187,0.7226
"LANO","269777_SW",269777,"SW","Northern Region",57.01497,-122.80521,2021,FALSE,0,NA,NA,0.5601,0.3885,0.7256
"LANO","269777_SW",269777,"SW","Northern Region",57.01497,-122.80521,2022,FALSE,0,NA,NA,0.5953,0.4249,0.756
"LANO","269777_SW",269777,"SW","Northern Region",57.01497,-122.80521,2023,FALSE,0,NA,NA,0.6175,0.4417,0.7778
"LANO","269777_SW",269777,"SW","Northern Region",57.01497,-122.80521,2024,FALSE,0,NA,NA,0.6737,0.4925,0.8323
"LANO","269777_SW",269777,"SW","Northern Region",57.01497,-122.80521,2025,FALSE,0,NA,NA,0.6256,0.448,0.7808
"LANO","271731_SW",271731,"SW","Kootenay Region",51.24146,-117.64962,2017,TRUE,4,0,0.0044,0.6702,0.4318,0.8651
"LANO","271731_SW",271731,"SW","Kootenay Region",51.24146,-117.64962,2018,TRUE,3,0,0.0622,0.7614,0.6087,0.8845
"LANO","271731_SW",271731,"SW","Kootenay Region",51.24146,-117.64962,2019,TRUE,4,1,1,0.7391,0.5913,0.8583
"LANO","271731_SW",271731,"SW","Kootenay Region",51.24146,-117.64962,2020,TRUE,4,1,1,0.7078,0.5471,0.8398
"LANO","271731_SW",271731,"SW","Kootenay Region",51.24146,-117.64962,2021,TRUE,4,0,0.0353,0.6911,0.5322,0.8275
"LANO","271731_SW",271731,"SW","Kootenay Region",51.24146,-117.64962,2022,TRUE,4,0,0.0647,0.7529,0.6099,0.871
"LANO","271731_SW",271731,"SW","Kootenay Region",51.24146,-117.64962,2023,TRUE,4,0,0.0151,0.7759,0.6268,0.8924
"LANO","271731_SW",271731,"SW","Kootenay Region",51.24146,-117.64962,2024,TRUE,4,0,0.1329,0.8418,0.6952,0.9494
"LANO","271731_SW",271731,"SW","Kootenay Region",51.24146,-117.64962,2025,TRUE,4,1,1,0.7474,0.5915,0.8728
"LANO","273050_SE",273050,"SE","South Coastal Region",49.00511,-125.65145,2017,FALSE,0,NA,NA,0.8303,0.6328,0.9563
"LANO","273050_SE",273050,"SE","South Coastal Region",49.00511,-125.65145,2018,TRUE,3,0,0.2204,0.9,0.787,0.9704
"LANO","273050_SE",273050,"SE","South Coastal Region",49.00511,-125.65145,2019,FALSE,0,NA,NA,0.9249,0.8341,0.9772
"LANO","273050_SE",273050,"SE","South Coastal Region",49.00511,-125.65145,2020,FALSE,0,NA,NA,0.9306,0.8466,0.9804
"LANO","273050_SE",273050,"SE","South Coastal Region",49.00511,-125.65145,2021,FALSE,0,NA,NA,0.9332,0.8502,0.9825
"LANO","273050_SE",273050,"SE","South Coastal Region",49.00511,-125.65145,2022,FALSE,0,NA,NA,0.947,0.8685,0.9885
"LANO","273050_SE",273050,"SE","South Coastal Region",49.00511,-125.65145,2023,FALSE,0,NA,NA,0.9546,0.8823,0.991
"LANO","273050_SE",273050,"SE","South Coastal Region",49.00511,-125.65145,2024,TRUE,4,0,0.0249,0.9657,0.8997,0.9951
"LANO","273050_SE",273050,"SE","South Coastal Region",49.00511,-125.65145,2025,TRUE,4,0,0.0129,0.9573,0.8874,0.9921
"LANO","283586_NE",283586,"NE","Northern Region",54.3558,-128.5366,2017,FALSE,0,NA,NA,0.8185,0.5272,0.9681
"LANO","283586_NE",283586,"NE","Northern Region",54.3558,-128.5366,2018,TRUE,2,1,1,0.8673,0.6785,0.9661
"LANO","283586_NE",283586,"NE","Northern Region",54.3558,-128.5366,2019,TRUE,3,1,1,0.885,0.7365,0.9651
"LANO","283586_NE",283586,"NE","Northern Region",54.3558,-128.5366,2020,TRUE,4,1,1,0.8852,0.7476,0.9679
"LANO","283586_NE",283586,"NE","Northern Region",54.3558,-128.5366,2021,FALSE,0,NA,NA,0.8844,0.7396,0.9685
"LANO","283586_NE",283586,"NE","Northern Region",54.3558,-128.5366,2022,FALSE,0,NA,NA,0.9017,0.7662,0.9754
"LANO","283586_NE",283586,"NE","Northern Region",54.3558,-128.5366,2023,TRUE,3,0,0.0042,0.9126,0.7816,0.9803
"LANO","283586_NE",283586,"NE","Northern Region",54.3558,-128.5366,2024,TRUE,4,0,0,0.9303,0.8112,0.9872
"LANO","283586_NE",283586,"NE","Northern Region",54.3558,-128.5366,2025,TRUE,4,0,0,0.9198,0.7976,0.9823
"LANO","283586_NW",283586,"NW","Northern Region",54.3321,-128.6266,2017,FALSE,0,NA,NA,0.8652,0.6654,0.9707
"LANO","283586_NW",283586,"NW","Northern Region",54.3321,-128.6266,2018,TRUE,2,1,1,0.8951,0.7753,0.9646
"LANO","283586_NW",283586,"NW","Northern Region",54.3321,-128.6266,2019,TRUE,3,1,1,0.9011,0.8108,0.9587
"LANO","283586_NW",283586,"NW","Northern Region",54.3321,-128.6266,2020,TRUE,4,1,1,0.8945,0.8027,0.9562
"LANO","283586_NW",283586,"NW","Northern Region",54.3321,-128.6266,2021,TRUE,3,0,0.348,0.9024,0.7966,0.9677
"LANO","283586_NW",283586,"NW","Northern Region",54.3321,-128.6266,2022,TRUE,4,1,1,0.9211,0.8229,0.9778
"LANO","283586_NW",283586,"NW","Northern Region",54.3321,-128.6266,2023,TRUE,4,1,1,0.932,0.8379,0.9831
"LANO","283586_NW",283586,"NW","Northern Region",54.3321,-128.6266,2024,TRUE,4,1,1,0.9479,0.8623,0.9899
"LANO","283586_NW",283586,"NW","Northern Region",54.3321,-128.6266,2025,TRUE,4,1,1,0.9386,0.8491,0.9854
"LANO","283586_SE",283586,"SE","Northern Region",54.31162,-128.54374,2017,FALSE,0,NA,NA,0.9139,0.6454,0.9963
"LANO","283586_SE",283586,"SE","Northern Region",54.31162,-128.54374,2018,TRUE,2,1,1,0.9331,0.8049,0.9858
"LANO","283586_SE",283586,"SE","Northern Region",54.31162,-128.54374,2019,TRUE,3,1,1,0.9261,0.8313,0.9764
"LANO","283586_SE",283586,"SE","Northern Region",54.31162,-128.54374,2020,TRUE,4,1,1,0.9173,0.8154,0.974
"LANO","283586_SE",283586,"SE","Northern Region",54.31162,-128.54374,2021,TRUE,3,1,1,0.9074,0.7953,0.9702
"LANO","283586_SE",283586,"SE","Northern Region",54.31162,-128.54374,2022,TRUE,4,1,1,0.9273,0.8368,0.9778
"LANO","283586_SE",283586,"SE","Northern Region",54.31162,-128.54374,2023,TRUE,4,1,1,0.9371,0.8484,0.9836
"LANO","283586_SE",283586,"SE","Northern Region",54.31162,-128.54374,2024,TRUE,4,1,1,0.9548,0.8785,0.9923
"LANO","283586_SE",283586,"SE","Northern Region",54.31162,-128.54374,2025,TRUE,2,1,1,0.9358,0.8514,0.9809
"LANO","283586_SW",283586,"SW","Northern Region",54.2946,-128.581,2017,FALSE,0,NA,NA,0.7969,0.5041,0.9593
"LANO","283586_SW",283586,"SW","Northern Region",54.2946,-128.581,2018,TRUE,2,0,0.59,0.8451,0.6459,0.9572
"LANO","283586_SW",283586,"SW","Northern Region",54.2946,-128.581,2019,TRUE,3,1,1,0.8641,0.7027,0.956
"LANO","283586_SW",283586,"SW","Northern Region",54.2946,-128.581,2020,TRUE,4,1,1,0.8647,0.7125,0.9583
"LANO","283586_SW",283586,"SW","Northern Region",54.2946,-128.581,2021,TRUE,4,1,1,0.8653,0.708,0.9608
"LANO","283586_SW",283586,"SW","Northern Region",54.2946,-128.581,2022,TRUE,4,1,1,0.8834,0.7341,0.9687
"LANO","283586_SW",283586,"SW","Northern Region",54.2946,-128.581,2023,TRUE,4,1,1,0.8954,0.7501,0.9742
"LANO","283586_SW",283586,"SW","Northern Region",54.2946,-128.581,2024,TRUE,4,1,1,0.9146,0.778,0.9827
"LANO","283586_SW",283586,"SW","Northern Region",54.2946,-128.581,2025,TRUE,4,1,1,0.9049,0.7668,0.9773
"LANO","294832_NE",294832,"NE","Northern Region",56.3348,-120.97877,2017,TRUE,4,1,1,0.8226,0.5616,0.9673
"LANO","294832_NE",294832,"NE","Northern Region",56.3348,-120.97877,2018,TRUE,4,1,1,0.8145,0.66,0.9262
"LANO","294832_NE",294832,"NE","Northern Region",56.3348,-120.97877,2019,TRUE,2,1,1,0.771,0.6304,0.8832
"LANO","294832_NE",294832,"NE","Northern Region",56.3348,-120.97877,2020,TRUE,2,1,1,0.729,0.5682,0.8585
"LANO","294832_NE",294832,"NE","Northern Region",56.3348,-120.97877,2021,TRUE,4,1,1,0.7224,0.57,0.8479
"LANO","294832_NE",294832,"NE","Northern Region",56.3348,-120.97877,2022,TRUE,4,1,1,0.7684,0.6313,0.8785
"LANO","294832_NE",294832,"NE","Northern Region",56.3348,-120.97877,2023,FALSE,0,NA,NA,0.7926,0.653,0.9029
"LANO","294832_NE",294832,"NE","Northern Region",56.3348,-120.97877,2024,TRUE,4,1,1,0.8424,0.7038,0.9428
"LANO","294832_NE",294832,"NE","Northern Region",56.3348,-120.97877,2025,TRUE,4,1,1,0.7905,0.6556,0.8935
"LANO","294832_NW",294832,"NW","Northern Region",56.33264,-121.00747,2017,TRUE,4,1,1,0.804,0.5762,0.9501
"LANO","294832_NW",294832,"NW","Northern Region",56.33264,-121.00747,2018,TRUE,4,1,1,0.7961,0.6466,0.9087
"LANO","294832_NW",294832,"NW","Northern Region",56.33264,-121.00747,2019,TRUE,4,0,0.2507,0.7541,0.6202,0.8624
"LANO","294832_NW",294832,"NW","Northern Region",56.33264,-121.00747,2020,TRUE,4,1,1,0.7099,0.5567,0.834
"LANO","294832_NW",294832,"NW","Northern Region",56.33264,-121.00747,2021,TRUE,4,1,1,0.7086,0.5687,0.8308
"LANO","294832_NW",294832,"NW","Northern Region",56.33264,-121.00747,2022,TRUE,4,1,1,0.7521,0.6283,0.8593
"LANO","294832_NW",294832,"NW","Northern Region",56.33264,-121.00747,2023,FALSE,0,NA,NA,0.7771,0.6471,0.8805
"LANO","294832_NW",294832,"NW","Northern Region",56.33264,-121.00747,2024,TRUE,4,0,0.306,0.8264,0.7012,0.9232
"LANO","294832_NW",294832,"NW","Northern Region",56.33264,-121.00747,2025,TRUE,4,1,1,0.781,0.6605,0.877
"LANO","294832_SE",294832,"SE","Northern Region",56.30206,-120.94608,2017,TRUE,4,1,1,0.7005,0.45,0.8866
"LANO","294832_SE",294832,"SE","Northern Region",56.30206,-120.94608,2018,TRUE,4,1,1,0.6961,0.5284,0.8368
"LANO","294832_SE",294832,"SE","Northern Region",56.30206,-120.94608,2019,FALSE,0,NA,NA,0.6543,0.5019,0.7901
"LANO","294832_SE",294832,"SE","Northern Region",56.30206,-120.94608,2020,TRUE,4,0,0.0324,0.6049,0.4379,0.7524
"LANO","294832_SE",294832,"SE","Northern Region",56.30206,-120.94608,2021,TRUE,4,1,1,0.5886,0.4099,0.7544
"LANO","294832_SE",294832,"SE","Northern Region",56.30206,-120.94608,2022,TRUE,3,1,1,0.6384,0.4669,0.7936
"LANO","294832_SE",294832,"SE","Northern Region",56.30206,-120.94608,2023,FALSE,0,NA,NA,0.6678,0.4952,0.8137
"LANO","294832_SE",294832,"SE","Northern Region",56.30206,-120.94608,2024,TRUE,4,1,1,0.7245,0.5537,0.8615
"LANO","294832_SE",294832,"SE","Northern Region",56.30206,-120.94608,2025,FALSE,0,NA,NA,0.6818,0.5143,0.8162
"LANO","294832_SW",294832,"SW","Northern Region",56.30496,-121.00198,2017,TRUE,4,1,1,0.6399,0.3329,0.8796
"LANO","294832_SW",294832,"SW","Northern Region",56.30496,-121.00198,2018,FALSE,0,NA,NA,0.6374,0.4372,0.8089
"LANO","294832_SW",294832,"SW","Northern Region",56.30496,-121.00198,2019,TRUE,4,1,1,0.5943,0.4181,0.7555
"LANO","294832_SW",294832,"SW","Northern Region",56.30496,-121.00198,2020,TRUE,4,1,1,0.5434,0.3608,0.7184
"LANO","294832_SW",294832,"SW","Northern Region",56.30496,-121.00198,2021,TRUE,4,1,1,0.5422,0.3445,0.7282
"LANO","294832_SW",294832,"SW","Northern Region",56.30496,-121.00198,2022,TRUE,4,1,1,0.5826,0.3779,0.7717
"LANO","294832_SW",294832,"SW","Northern Region",56.30496,-121.00198,2023,FALSE,0,NA,NA,0.6064,0.3972,0.79
"LANO","294832_SW",294832,"SW","Northern Region",56.30496,-121.00198,2024,TRUE,4,1,1,0.6651,0.4445,0.8419
"LANO","294832_SW",294832,"SW","Northern Region",56.30496,-121.00198,2025,TRUE,4,1,1,0.613,0.4065,0.7855
"LANO","317428_NE",317428,"NE","South Coastal Region",49.06292,-120.79944,2017,FALSE,0,NA,NA,0.5653,0.1363,0.9144
"LANO","317428_NE",317428,"NE","South Coastal Region",49.06292,-120.79944,2018,TRUE,4,1,1,0.7107,0.4452,0.9058
"LANO","317428_NE",317428,"NE","South Coastal Region",49.06292,-120.79944,2019,TRUE,4,1,1,0.7581,0.5293,0.912
"LANO","317428_NE",317428,"NE","South Coastal Region",49.06292,-120.79944,2020,TRUE,4,1,1,0.7744,0.5511,0.9243
"LANO","317428_NE",317428,"NE","South Coastal Region",49.06292,-120.79944,2021,TRUE,4,1,1,0.7851,0.5647,0.9326
"LANO","317428_NE",317428,"NE","South Coastal Region",49.06292,-120.79944,2022,TRUE,4,1,1,0.819,0.5976,0.9544
"LANO","317428_NE",317428,"NE","South Coastal Region",49.06292,-120.79944,2023,TRUE,4,1,1,0.8387,0.6175,0.9643
"LANO","317428_NE",317428,"NE","South Coastal Region",49.06292,-120.79944,2024,TRUE,4,1,1,0.8707,0.6489,0.9794
"LANO","317428_NE",317428,"NE","South Coastal Region",49.06292,-120.79944,2025,TRUE,4,1,1,0.8465,0.6294,0.9651
"LANO","317428_NW",317428,"NW","South Coastal Region",49.06417,-120.90943,2017,FALSE,0,NA,NA,0.5115,0.0853,0.91
"LANO","317428_NW",317428,"NW","South Coastal Region",49.06417,-120.90943,2018,TRUE,4,0,0.0024,0.6109,0.2798,0.8835
"LANO","317428_NW",317428,"NW","South Coastal Region",49.06417,-120.90943,2019,TRUE,4,0,7e-04,0.6488,0.3461,0.8827
"LANO","317428_NW",317428,"NW","South Coastal Region",49.06417,-120.90943,2020,TRUE,4,0,0.0278,0.651,0.3445,0.8858
"LANO","317428_NW",317428,"NW","South Coastal Region",49.06417,-120.90943,2021,TRUE,4,1,1,0.6592,0.3469,0.8941
"LANO","317428_NW",317428,"NW","South Coastal Region",49.06417,-120.90943,2022,TRUE,4,1,1,0.691,0.3621,0.9228
"LANO","317428_NW",317428,"NW","South Coastal Region",49.06417,-120.90943,2023,TRUE,4,1,1,0.7112,0.3697,0.9427
"LANO","317428_NW",317428,"NW","South Coastal Region",49.06417,-120.90943,2024,TRUE,4,1,1,0.7476,0.4034,0.9625
"LANO","317428_NW",317428,"NW","South Coastal Region",49.06417,-120.90943,2025,TRUE,4,1,1,0.7256,0.3779,0.9459
"LANO","317428_SE",317428,"SE","South Coastal Region",49.06053,-120.77309,2017,FALSE,0,NA,NA,0.5597,0.1415,0.9067
"LANO","317428_SE",317428,"SE","South Coastal Region",49.06053,-120.77309,2018,TRUE,4,1,1,0.7165,0.4521,0.9124
"LANO","317428_SE",317428,"SE","South Coastal Region",49.06053,-120.77309,2019,TRUE,4,1,1,0.7762,0.5425,0.9264
"LANO","317428_SE",317428,"SE","South Coastal Region",49.06053,-120.77309,2020,TRUE,4,1,1,0.7883,0.5638,0.9341
"LANO","317428_SE",317428,"SE","South Coastal Region",49.06053,-120.77309,2021,TRUE,4,1,1,0.7979,0.581,0.9402
"LANO","317428_SE",317428,"SE","South Coastal Region",49.06053,-120.77309,2022,TRUE,4,1,1,0.829,0.6114,0.9593
"LANO","317428_SE",317428,"SE","South Coastal Region",49.06053,-120.77309,2023,TRUE,4,1,1,0.8476,0.629,0.9678
"LANO","317428_SE",317428,"SE","South Coastal Region",49.06053,-120.77309,2024,TRUE,4,1,1,0.8768,0.6568,0.9815
"LANO","317428_SE",317428,"SE","South Coastal Region",49.06053,-120.77309,2025,FALSE,0,NA,NA,0.8569,0.6413,0.9692
"LANO","317428_SW",317428,"SW","South Coastal Region",49.04617,-120.85085,2017,FALSE,0,NA,NA,0.6174,0.1133,0.9624
"LANO","317428_SW",317428,"SW","South Coastal Region",49.04617,-120.85085,2018,TRUE,4,1,1,0.7799,0.4976,0.9437
"LANO","317428_SW",317428,"SW","South Coastal Region",49.04617,-120.85085,2019,TRUE,4,1,1,0.7922,0.5499,0.9386
"LANO","317428_SW",317428,"SW","South Coastal Region",49.04617,-120.85085,2020,TRUE,4,1,1,0.7802,0.5253,0.9403
"LANO","317428_SW",317428,"SW","South Coastal Region",49.04617,-120.85085,2021,TRUE,4,1,1,0.7695,0.5208,0.9346
"LANO","317428_SW",317428,"SW","South Coastal Region",49.04617,-120.85085,2022,TRUE,4,1,1,0.8122,0.5555,0.9561
"LANO","317428_SW",317428,"SW","South Coastal Region",49.04617,-120.85085,2023,TRUE,4,1,1,0.831,0.5739,0.9659
"LANO","317428_SW",317428,"SW","South Coastal Region",49.04617,-120.85085,2024,FALSE,0,NA,NA,0.8718,0.6158,0.984
"LANO","317428_SW",317428,"SW","South Coastal Region",49.04617,-120.85085,2025,FALSE,0,NA,NA,0.8202,0.5629,0.9596
"LANO","326072_NE",326072,"NE","South Coastal Region",49.09743,-122.51957,2017,TRUE,3,1,1,0.8156,0.607,0.9511
"LANO","326072_NE",326072,"NE","South Coastal Region",49.09743,-122.51957,2018,TRUE,3,1,1,0.8751,0.7435,0.96
"LANO","326072_NE",326072,"NE","South Coastal Region",49.09743,-122.51957,2019,TRUE,3,1,1,0.901,0.7969,0.9662
"LANO","326072_NE",326072,"NE","South Coastal Region",49.09743,-122.51957,2020,TRUE,4,1,1,0.9097,0.8138,0.9712
"LANO","326072_NE",326072,"NE","South Coastal Region",49.09743,-122.51957,2021,TRUE,4,1,1,0.9163,0.8262,0.9745
"LANO","326072_NE",326072,"NE","South Coastal Region",49.09743,-122.51957,2022,TRUE,4,1,1,0.9314,0.8452,0.9824
"LANO","326072_NE",326072,"NE","South Coastal Region",49.09743,-122.51957,2023,TRUE,4,1,1,0.9406,0.8578,0.9861
"LANO","326072_NE",326072,"NE","South Coastal Region",49.09743,-122.51957,2024,FALSE,0,NA,NA,0.9529,0.8741,0.9917
"LANO","326072_NE",326072,"NE","South Coastal Region",49.09743,-122.51957,2025,FALSE,0,NA,NA,0.9472,0.8697,0.988
"LANO","326072_NW",326072,"NW","South Coastal Region",49.05235,-122.58989,2017,TRUE,4,1,1,0.8224,0.6256,0.9504
"LANO","326072_NW",326072,"NW","South Coastal Region",49.05235,-122.58989,2018,TRUE,3,1,1,0.8827,0.7633,0.9613
"LANO","326072_NW",326072,"NW","South Coastal Region",49.05235,-122.58989,2019,TRUE,3,1,1,0.906,0.8086,0.9675
"LANO","326072_NW",326072,"NW","South Coastal Region",49.05235,-122.58989,2020,TRUE,4,1,1,0.9118,0.8193,0.9716
"LANO","326072_NW",326072,"NW","South Coastal Region",49.05235,-122.58989,2021,TRUE,4,1,1,0.9153,0.8216,0.9745
"LANO","326072_NW",326072,"NW","South Coastal Region",49.05235,-122.58989,2022,TRUE,4,1,1,0.9333,0.8466,0.9829
"LANO","326072_NW",326072,"NW","South Coastal Region",49.05235,-122.58989,2023,TRUE,3,1,1,0.9442,0.8651,0.9872
"LANO","326072_NW",326072,"NW","South Coastal Region",49.05235,-122.58989,2024,TRUE,4,1,1,0.9576,0.8856,0.9927
"LANO","326072_NW",326072,"NW","South Coastal Region",49.05235,-122.58989,2025,TRUE,4,1,1,0.9522,0.8841,0.989
"LANO","326072_SE",326072,"SE","South Coastal Region",49.0144,-122.52755,2017,TRUE,4,1,1,0.8338,0.6481,0.9534
"LANO","326072_SE",326072,"SE","South Coastal Region",49.0144,-122.52755,2018,TRUE,3,0,0.7956,0.8901,0.7782,0.9639
"LANO","326072_SE",326072,"SE","South Coastal Region",49.0144,-122.52755,2019,TRUE,3,1,1,0.9121,0.8211,0.9695
"LANO","326072_SE",326072,"SE","South Coastal Region",49.0144,-122.52755,2020,TRUE,4,1,1,0.9176,0.8312,0.9737
"LANO","326072_SE",326072,"SE","South Coastal Region",49.0144,-122.52755,2021,TRUE,4,1,1,0.9209,0.8331,0.9762
"LANO","326072_SE",326072,"SE","South Coastal Region",49.0144,-122.52755,2022,TRUE,4,1,1,0.936,0.8525,0.9837
"LANO","326072_SE",326072,"SE","South Coastal Region",49.0144,-122.52755,2023,FALSE,0,NA,NA,0.9477,0.8729,0.9881
"LANO","326072_SE",326072,"SE","South Coastal Region",49.0144,-122.52755,2024,FALSE,0,NA,NA,0.9604,0.8919,0.9932
"LANO","326072_SE",326072,"SE","South Coastal Region",49.0144,-122.52755,2025,FALSE,0,NA,NA,0.9557,0.892,0.9897
"LANO","326072_SW",326072,"SW","South Coastal Region",49.01082,-122.58104,2017,TRUE,4,1,1,0.9009,0.6965,0.9898
"LANO","326072_SW",326072,"SW","South Coastal Region",49.01082,-122.58104,2018,TRUE,3,1,1,0.9389,0.8283,0.9879
"LANO","326072_SW",326072,"SW","South Coastal Region",49.01082,-122.58104,2019,TRUE,3,1,1,0.9518,0.8773,0.9881
"LANO","326072_SW",326072,"SW","South Coastal Region",49.01082,-122.58104,2020,TRUE,4,1,1,0.9545,0.8861,0.9888
"LANO","326072_SW",326072,"SW","South Coastal Region",49.01082,-122.58104,2021,TRUE,4,1,1,0.9557,0.8939,0.9891
"LANO","326072_SW",326072,"SW","South Coastal Region",49.01082,-122.58104,2022,TRUE,4,1,1,0.9657,0.9117,0.9928
"LANO","326072_SW",326072,"SW","South Coastal Region",49.01082,-122.58104,2023,TRUE,4,1,1,0.9745,0.9285,0.9956
"LANO","326072_SW",326072,"SW","South Coastal Region",49.01082,-122.58104,2024,TRUE,4,1,1,0.982,0.9438,0.9979
"LANO","326072_SW",326072,"SW","South Coastal Region",49.01082,-122.58104,2025,TRUE,4,1,1,0.9798,0.9436,0.9964
"LANO","37274_NE",37274,"NE","Northern Region",53.08874,-119.20318,2017,FALSE,0,NA,NA,0.7276,0.4366,0.9236
"LANO","37274_NE",37274,"NE","Northern Region",53.08874,-119.20318,2018,TRUE,4,0,0.0127,0.7099,0.5169,0.8703
"LANO","37274_NE",37274,"NE","Northern Region",53.08874,-119.20318,2019,TRUE,3,0,0.0504,0.6479,0.4595,0.8181
"LANO","37274_NE",37274,"NE","Northern Region",53.08874,-119.20318,2020,TRUE,4,1,1,0.6016,0.391,0.7903
"LANO","37274_NE",37274,"NE","Northern Region",53.08874,-119.20318,2021,TRUE,4,0,0.008,0.5927,0.3929,0.7774
"LANO","37274_NE",37274,"NE","Northern Region",53.08874,-119.20318,2022,TRUE,3,0,0.0236,0.6514,0.4535,0.8234
"LANO","37274_NE",37274,"NE","Northern Region",53.08874,-119.20318,2023,FALSE,0,NA,NA,0.6743,0.4628,0.8521
"LANO","37274_NE",37274,"NE","Northern Region",53.08874,-119.20318,2024,TRUE,3,1,1,0.7501,0.5303,0.9151
"LANO","37274_NE",37274,"NE","Northern Region",53.08874,-119.20318,2025,FALSE,0,NA,NA,0.6435,0.4338,0.8281
"LANO","37274_SE",37274,"SE","Northern Region",53.05051,-119.21418,2017,FALSE,0,NA,NA,0.7415,0.5074,0.909
"LANO","37274_SE",37274,"SE","Northern Region",53.05051,-119.21418,2018,TRUE,4,1,1,0.7333,0.5636,0.8687
"LANO","37274_SE",37274,"SE","Northern Region",53.05051,-119.21418,2019,TRUE,3,1,1,0.6921,0.5289,0.825
"LANO","37274_SE",37274,"SE","Northern Region",53.05051,-119.21418,2020,FALSE,0,NA,NA,0.6482,0.4711,0.7958
"LANO","37274_SE",37274,"SE","Northern Region",53.05051,-119.21418,2021,TRUE,4,1,1,0.6256,0.4465,0.7864
"LANO","37274_SE",37274,"SE","Northern Region",53.05051,-119.21418,2022,TRUE,3,1,1,0.6576,0.4826,0.8147
"LANO","37274_SE",37274,"SE","Northern Region",53.05051,-119.21418,2023,FALSE,0,NA,NA,0.6785,0.4952,0.8354
"LANO","37274_SE",37274,"SE","Northern Region",53.05051,-119.21418,2024,TRUE,3,1,1,0.7288,0.5382,0.8813
"LANO","37274_SE",37274,"SE","Northern Region",53.05051,-119.21418,2025,FALSE,0,NA,NA,0.6861,0.4995,0.8387
"LANO","37274_SW",37274,"SW","Northern Region",53.03564,-119.22895,2017,FALSE,0,NA,NA,0.6263,0.313,0.876
"LANO","37274_SW",37274,"SW","Northern Region",53.03564,-119.22895,2018,TRUE,3,1,1,0.6317,0.4282,0.8066
"LANO","37274_SW",37274,"SW","Northern Region",53.03564,-119.22895,2019,TRUE,3,1,1,0.5939,0.4198,0.7529
"LANO","37274_SW",37274,"SW","Northern Region",53.03564,-119.22895,2020,TRUE,4,1,1,0.5519,0.3771,0.7203
"LANO","37274_SW",37274,"SW","Northern Region",53.03564,-119.22895,2021,TRUE,3,1,1,0.5402,0.3453,0.728
"LANO","37274_SW",37274,"SW","Northern Region",53.03564,-119.22895,2022,TRUE,3,1,1,0.5785,0.3768,0.7686
"LANO","37274_SW",37274,"SW","Northern Region",53.03564,-119.22895,2023,FALSE,0,NA,NA,0.6009,0.392,0.7867
"LANO","37274_SW",37274,"SW","Northern Region",53.03564,-119.22895,2024,TRUE,3,1,1,0.6603,0.4372,0.8375
"LANO","37274_SW",37274,"SW","Northern Region",53.03564,-119.22895,2025,FALSE,0,NA,NA,0.6048,0.3983,0.7824
"LANO","38442_NW",38442,"NW","Okanagan Region",51.51999,-122.28978,2017,FALSE,0,NA,NA,0.9235,0.7706,0.9899
"LANO","38442_NW",38442,"NW","Okanagan Region",51.51999,-122.28978,2018,TRUE,3,1,1,0.9573,0.9052,0.9879
"LANO","38442_NW",38442,"NW","Okanagan Region",51.51999,-122.28978,2019,FALSE,0,NA,NA,0.9511,0.8994,0.9829
"LANO","38442_NW",38442,"NW","Okanagan Region",51.51999,-122.28978,2020,TRUE,4,1,1,0.9434,0.8837,0.9802
"LANO","38442_NW",38442,"NW","Okanagan Region",51.51999,-122.28978,2021,TRUE,4,1,1,0.9323,0.8651,0.9737
"LANO","38442_NW",38442,"NW","Okanagan Region",51.51999,-122.28978,2022,FALSE,0,NA,NA,0.9534,0.9004,0.9851
"LANO","38442_NW",38442,"NW","Okanagan Region",51.51999,-122.28978,2023,TRUE,4,1,1,0.9613,0.9146,0.9887
"LANO","38442_NW",38442,"NW","Okanagan Region",51.51999,-122.28978,2024,TRUE,4,1,1,0.9761,0.934,0.9965
"LANO","38442_NW",38442,"NW","Okanagan Region",51.51999,-122.28978,2025,TRUE,4,1,1,0.9535,0.9026,0.9836
"LANO","38442_SW",38442,"SW","Okanagan Region",51.50238,-122.28992,2017,FALSE,0,NA,NA,0.9259,0.7747,0.9905
"LANO","38442_SW",38442,"SW","Okanagan Region",51.50238,-122.28992,2018,TRUE,3,1,1,0.9584,0.9065,0.9883
"LANO","38442_SW",38442,"SW","Okanagan Region",51.50238,-122.28992,2019,TRUE,4,1,1,0.9522,0.9004,0.9835
"LANO","38442_SW",38442,"SW","Okanagan Region",51.50238,-122.28992,2020,TRUE,4,1,1,0.9447,0.8851,0.981
"LANO","38442_SW",38442,"SW","Okanagan Region",51.50238,-122.28992,2021,TRUE,4,1,1,0.9339,0.8656,0.9749
"LANO","38442_SW",38442,"SW","Okanagan Region",51.50238,-122.28992,2022,TRUE,4,1,1,0.9549,0.9034,0.9855
"LANO","38442_SW",38442,"SW","Okanagan Region",51.50238,-122.28992,2023,TRUE,4,1,1,0.9626,0.917,0.9893
"LANO","38442_SW",38442,"SW","Okanagan Region",51.50238,-122.28992,2024,TRUE,4,1,1,0.9769,0.935,0.9966
"LANO","38442_SW",38442,"SW","Okanagan Region",51.50238,-122.28992,2025,FALSE,0,NA,NA,0.9552,0.9061,0.9848
"LANO","42026_NE",42026,"NE","Northern Region",55.85527,-121.65345,2017,FALSE,0,NA,NA,0.7895,0.5564,0.9421
"LANO","42026_NE",42026,"NE","Northern Region",55.85527,-121.65345,2018,FALSE,0,NA,NA,0.7938,0.6401,0.9049
"LANO","42026_NE",42026,"NE","Northern Region",55.85527,-121.65345,2019,FALSE,0,NA,NA,0.7621,0.6363,0.8625
"LANO","42026_NE",42026,"NE","Northern Region",55.85527,-121.65345,2020,FALSE,0,NA,NA,0.7226,0.5857,0.8388
"LANO","42026_NE",42026,"NE","Northern Region",55.85527,-121.65345,2021,FALSE,0,NA,NA,0.6999,0.5596,0.8252
"LANO","42026_NE",42026,"NE","Northern Region",55.85527,-121.65345,2022,TRUE,4,1,1,0.7362,0.609,0.8488
"LANO","42026_NE",42026,"NE","Northern Region",55.85527,-121.65345,2023,FALSE,0,NA,NA,0.7586,0.6266,0.869
"LANO","42026_NE",42026,"NE","Northern Region",55.85527,-121.65345,2024,TRUE,4,1,1,0.8075,0.6766,0.9124
"LANO","42026_NE",42026,"NE","Northern Region",55.85527,-121.65345,2025,TRUE,4,0,0.0518,0.7624,0.6315,0.8674
"LANO","42026_NW",42026,"NW","Northern Region",55.83616,-121.71691,2017,FALSE,0,NA,NA,0.7708,0.5578,0.92
"LANO","42026_NW",42026,"NW","Northern Region",55.83616,-121.71691,2018,FALSE,0,NA,NA,0.772,0.6247,0.8872
"LANO","42026_NW",42026,"NW","Northern Region",55.83616,-121.71691,2019,FALSE,0,NA,NA,0.7404,0.6102,0.8469
"LANO","42026_NW",42026,"NW","Northern Region",55.83616,-121.71691,2020,FALSE,0,NA,NA,0.6997,0.5594,0.8191
"LANO","42026_NW",42026,"NW","Northern Region",55.83616,-121.71691,2021,FALSE,0,NA,NA,0.6761,0.526,0.8098
"LANO","42026_NW",42026,"NW","Northern Region",55.83616,-121.71691,2022,TRUE,3,1,1,0.7079,0.5671,0.8336
"LANO","42026_NW",42026,"NW","Northern Region",55.83616,-121.71691,2023,FALSE,0,NA,NA,0.7289,0.5816,0.8518
"LANO","42026_NW",42026,"NW","Northern Region",55.83616,-121.71691,2024,TRUE,4,1,1,0.7766,0.63,0.894
"LANO","42026_NW",42026,"NW","Northern Region",55.83616,-121.71691,2025,TRUE,3,1,1,0.7367,0.5908,0.8526
"LANO","42026_SE",42026,"SE","Northern Region",55.81797,-121.66405,2017,FALSE,0,NA,NA,0.8103,0.5717,0.9561
"LANO","42026_SE",42026,"SE","Northern Region",55.81797,-121.66405,2018,FALSE,0,NA,NA,0.8226,0.673,0.9251
"LANO","42026_SE",42026,"SE","Northern Region",55.81797,-121.66405,2019,FALSE,0,NA,NA,0.7993,0.6839,0.8899
"LANO","42026_SE",42026,"SE","Northern Region",55.81797,-121.66405,2020,FALSE,0,NA,NA,0.7664,0.6423,0.8702
"LANO","42026_SE",42026,"SE","Northern Region",55.81797,-121.66405,2021,FALSE,0,NA,NA,0.7453,0.6132,0.8575
"LANO","42026_SE",42026,"SE","Northern Region",55.81797,-121.66405,2022,TRUE,4,1,1,0.7795,0.6631,0.8783
"LANO","42026_SE",42026,"SE","Northern Region",55.81797,-121.66405,2023,FALSE,0,NA,NA,0.8004,0.681,0.8955
"LANO","42026_SE",42026,"SE","Northern Region",55.81797,-121.66405,2024,TRUE,4,1,1,0.8438,0.7313,0.9319
"LANO","42026_SE",42026,"SE","Northern Region",55.81797,-121.66405,2025,TRUE,4,1,1,0.8042,0.6891,0.8934
"LANO","42026_SW",42026,"SW","Northern Region",55.81131,-121.70131,2017,FALSE,0,NA,NA,0.8019,0.5774,0.9476
"LANO","42026_SW",42026,"SW","Northern Region",55.81131,-121.70131,2018,FALSE,0,NA,NA,0.8107,0.6691,0.913
"LANO","42026_SW",42026,"SW","Northern Region",55.81131,-121.70131,2019,FALSE,0,NA,NA,0.7808,0.6642,0.8735
"LANO","42026_SW",42026,"SW","Northern Region",55.81131,-121.70131,2020,FALSE,0,NA,NA,0.7437,0.6169,0.8501
"LANO","42026_SW",42026,"SW","Northern Region",55.81131,-121.70131,2021,FALSE,0,NA,NA,0.7218,0.5884,0.8369
"LANO","42026_SW",42026,"SW","Northern Region",55.81131,-121.70131,2022,TRUE,4,1,1,0.7615,0.6439,0.8612
"LANO","42026_SW",42026,"SW","Northern Region",55.81131,-121.70131,2023,FALSE,0,NA,NA,0.7845,0.6629,0.8824
"LANO","42026_SW",42026,"SW","Northern Region",55.81131,-121.70131,2024,TRUE,4,1,1,0.8334,0.714,0.9251
"LANO","42026_SW",42026,"SW","Northern Region",55.81131,-121.70131,2025,TRUE,4,0,0.048,0.7846,0.6678,0.8791
"LANO","47210_NW",47210,"NW","Okanagan Region",49.84159,-119.9783,2017,FALSE,0,NA,NA,0.7474,0.3714,0.9634
"LANO","47210_NW",47210,"NW","Okanagan Region",49.84159,-119.9783,2018,FALSE,0,NA,NA,0.8962,0.7371,0.9778
"LANO","47210_NW",47210,"NW","Okanagan Region",49.84159,-119.9783,2019,FALSE,0,NA,NA,0.897,0.7534,0.9761
"LANO","47210_NW",47210,"NW","Okanagan Region",49.84159,-119.9783,2020,FALSE,0,NA,NA,0.8881,0.7259,0.9751
"LANO","47210_NW",47210,"NW","Okanagan Region",49.84159,-119.9783,2021,FALSE,0,NA,NA,0.873,0.7028,0.9699
"LANO","47210_NW",47210,"NW","Okanagan Region",49.84159,-119.9783,2022,FALSE,0,NA,NA,0.9102,0.7711,0.9808
"LANO","47210_NW",47210,"NW","Okanagan Region",49.84159,-119.9783,2023,TRUE,4,1,1,0.9233,0.7928,0.9856
"LANO","47210_NW",47210,"NW","Okanagan Region",49.84159,-119.9783,2024,TRUE,4,1,1,0.9505,0.8393,0.9952
"LANO","47210_NW",47210,"NW","Okanagan Region",49.84159,-119.9783,2025,TRUE,4,1,1,0.909,0.7719,0.9801
"LANO","47210_SE",47210,"SE","Okanagan Region",49.79638,-119.86985,2017,FALSE,0,NA,NA,0.8022,0.5101,0.9671
"LANO","47210_SE",47210,"SE","Okanagan Region",49.79638,-119.86985,2018,FALSE,0,NA,NA,0.9168,0.807,0.9783
"LANO","47210_SE",47210,"SE","Okanagan Region",49.79638,-119.86985,2019,FALSE,0,NA,NA,0.9156,0.8149,0.9748
"LANO","47210_SE",47210,"SE","Okanagan Region",49.79638,-119.86985,2020,FALSE,0,NA,NA,0.9062,0.791,0.9731
"LANO","47210_SE",47210,"SE","Okanagan Region",49.79638,-119.86985,2021,FALSE,0,NA,NA,0.8911,0.7676,0.9671
"LANO","47210_SE",47210,"SE","Okanagan Region",49.79638,-119.86985,2022,FALSE,0,NA,NA,0.9245,0.8272,0.9791
"LANO","47210_SE",47210,"SE","Okanagan Region",49.79638,-119.86985,2023,TRUE,4,1,1,0.9365,0.8481,0.9841
"LANO","47210_SE",47210,"SE","Okanagan Region",49.79638,-119.86985,2024,TRUE,4,1,1,0.9604,0.8836,0.9948
"LANO","47210_SE",47210,"SE","Okanagan Region",49.79638,-119.86985,2025,TRUE,4,1,1,0.9235,0.8327,0.9766
"LANO","47210_SW",47210,"SW","Okanagan Region",49.79097,-119.95267,2017,FALSE,0,NA,NA,0.7775,0.433,0.9672
"LANO","47210_SW",47210,"SW","Okanagan Region",49.79097,-119.95267,2018,FALSE,0,NA,NA,0.8829,0.7544,0.9633
"LANO","47210_SW",47210,"SW","Okanagan Region",49.79097,-119.95267,2019,FALSE,0,NA,NA,0.8664,0.7508,0.9489
"LANO","47210_SW",47210,"SW","Okanagan Region",49.79097,-119.95267,2020,FALSE,0,NA,NA,0.8485,0.7117,0.9437
"LANO","47210_SW",47210,"SW","Okanagan Region",49.79097,-119.95267,2021,FALSE,0,NA,NA,0.8275,0.6835,0.929
"LANO","47210_SW",47210,"SW","Okanagan Region",49.79097,-119.95267,2022,FALSE,0,NA,NA,0.8764,0.7554,0.955
"LANO","47210_SW",47210,"SW","Okanagan Region",49.79097,-119.95267,2023,TRUE,4,1,1,0.8935,0.7847,0.9649
"LANO","47210_SW",47210,"SW","Okanagan Region",49.79097,-119.95267,2024,FALSE,0,NA,NA,0.9319,0.8236,0.9885
"LANO","47210_SW",47210,"SW","Okanagan Region",49.79097,-119.95267,2025,TRUE,4,1,1,0.8713,0.7511,0.9509
"LANO","47322_NE",47322,"NE","Northern Region",55.69808,-120.43213,2017,TRUE,4,1,1,0.6492,0.3854,0.8653
"LANO","47322_NE",47322,"NE","Northern Region",55.69808,-120.43213,2018,TRUE,4,0,0.0402,0.686,0.5138,0.8301
"LANO","47322_NE",47322,"NE","Northern Region",55.69808,-120.43213,2019,TRUE,4,0,0.0036,0.6697,0.5203,0.8016
"LANO","47322_NE",47322,"NE","Northern Region",55.69808,-120.43213,2020,TRUE,4,0,0.0042,0.634,0.4678,0.7771
"LANO","47322_NE",47322,"NE","Northern Region",55.69808,-120.43213,2021,TRUE,4,1,1,0.6211,0.4463,0.7802
"LANO","47322_NE",47322,"NE","Northern Region",55.69808,-120.43213,2022,TRUE,4,0,0.04,0.6628,0.4975,0.8071
"LANO","47322_NE",47322,"NE","Northern Region",55.69808,-120.43213,2023,FALSE,0,NA,NA,0.6876,0.5184,0.8231
"LANO","47322_NE",47322,"NE","Northern Region",55.69808,-120.43213,2024,TRUE,4,1,1,0.7455,0.586,0.8728
"LANO","47322_NE",47322,"NE","Northern Region",55.69808,-120.43213,2025,TRUE,4,1,1,0.6918,0.5356,0.8262
"LANO","47322_NW",47322,"NW","Northern Region",55.70016,-120.48989,2017,TRUE,4,0,0.0029,0.7152,0.4801,0.8926
"LANO","47322_NW",47322,"NW","Northern Region",55.70016,-120.48989,2018,FALSE,0,NA,NA,0.7298,0.572,0.856
"LANO","47322_NW",47322,"NW","Northern Region",55.70016,-120.48989,2019,TRUE,4,0,0.002,0.7071,0.5784,0.8173
"LANO","47322_NW",47322,"NW","Northern Region",55.70016,-120.48989,2020,TRUE,4,0,0.0069,0.6699,0.5342,0.7887
"LANO","47322_NW",47322,"NW","Northern Region",55.70016,-120.48989,2021,TRUE,4,1,1,0.6503,0.4971,0.788
"LANO","47322_NW",47322,"NW","Northern Region",55.70016,-120.48989,2022,TRUE,4,1,1,0.6832,0.5414,0.8139
"LANO","47322_NW",47322,"NW","Northern Region",55.70016,-120.48989,2023,FALSE,0,NA,NA,0.705,0.556,0.8315
"LANO","47322_NW",47322,"NW","Northern Region",55.70016,-120.48989,2024,TRUE,4,1,1,0.7544,0.6077,0.8725
"LANO","47322_NW",47322,"NW","Northern Region",55.70016,-120.48989,2025,FALSE,0,NA,NA,0.7147,0.5689,0.8344
"LANO","47322_SE",47322,"SE","Northern Region",55.64597,-120.40102,2017,TRUE,4,1,1,0.6308,0.3476,0.8637
"LANO","47322_SE",47322,"SE","Northern Region",55.64597,-120.40102,2018,TRUE,4,1,1,0.67,0.4819,0.8271
"LANO","47322_SE",47322,"SE","Northern Region",55.64597,-120.40102,2019,TRUE,4,0,0.0133,0.657,0.4977,0.7981
"LANO","47322_SE",47322,"SE","Northern Region",55.64597,-120.40102,2020,TRUE,2,0,0.0356,0.623,0.4515,0.7734
"LANO","47322_SE",47322,"SE","Northern Region",55.64597,-120.40102,2021,FALSE,0,NA,NA,0.6113,0.4305,0.7797
"LANO","47322_SE",47322,"SE","Northern Region",55.64597,-120.40102,2022,TRUE,4,1,1,0.6514,0.473,0.8048
"LANO","47322_SE",47322,"SE","Northern Region",55.64597,-120.40102,2023,FALSE,0,NA,NA,0.6755,0.4929,0.8227
"LANO","47322_SE",47322,"SE","Northern Region",55.64597,-120.40102,2024,FALSE,0,NA,NA,0.7322,0.5556,0.8708
"LANO","47322_SE",47322,"SE","Northern Region",55.64597,-120.40102,2025,FALSE,0,NA,NA,0.6815,0.5091,0.8255
"LANO","47322_SW",47322,"SW","Northern Region",55.65446,-120.49465,2017,TRUE,4,0,0.0036,0.7844,0.5703,0.9325
"LANO","47322_SW",47322,"SW","Northern Region",55.65446,-120.49465,2018,TRUE,4,0,0.0022,0.8018,0.6623,0.9053
"LANO","47322_SW",47322,"SW","Northern Region",55.65446,-120.49465,2019,TRUE,2,0,0.1707,0.7827,0.6735,0.8724
"LANO","47322_SW",47322,"SW","Northern Region",55.65446,-120.49465,2020,TRUE,4,1,1,0.7511,0.6323,0.8513
"LANO","47322_SW",47322,"SW","Northern Region",55.65446,-120.49465,2021,TRUE,4,1,1,0.7314,0.6045,0.8406
"LANO","47322_SW",47322,"SW","Northern Region",55.65446,-120.49465,2022,TRUE,4,1,1,0.765,0.656,0.8606
"LANO","47322_SW",47322,"SW","Northern Region",55.65446,-120.49465,2023,FALSE,0,NA,NA,0.7864,0.672,0.8789
"LANO","47322_SW",47322,"SW","Northern Region",55.65446,-120.49465,2024,TRUE,4,1,1,0.8307,0.7235,0.9158
"LANO","47322_SW",47322,"SW","Northern Region",55.65446,-120.49465,2025,TRUE,3,0,0.0456,0.7929,0.6851,0.8808
"LANO","57322_NE",57322,"NE","South Coastal Region",49.09454,-122.09881,2017,TRUE,4,1,1,0.8179,0.5918,0.9595
"LANO","57322_NE",57322,"NE","South Coastal Region",49.09454,-122.09881,2018,TRUE,2,1,1,0.8845,0.7416,0.9675
"LANO","57322_NE",57322,"NE","South Coastal Region",49.09454,-122.09881,2019,TRUE,4,1,1,0.9122,0.8023,0.9735
"LANO","57322_NE",57322,"NE","South Coastal Region",49.09454,-122.09881,2020,TRUE,4,1,1,0.9201,0.8215,0.9768
"LANO","57322_NE",57322,"NE","South Coastal Region",49.09454,-122.09881,2021,TRUE,4,1,1,0.9272,0.8385,0.9798
"LANO","57322_NE",57322,"NE","South Coastal Region",49.09454,-122.09881,2022,TRUE,3,1,1,0.9412,0.8595,0.9863
"LANO","57322_NE",57322,"NE","South Coastal Region",49.09454,-122.09881,2023,TRUE,4,1,1,0.9494,0.8729,0.9894
"LANO","57322_NE",57322,"NE","South Coastal Region",49.09454,-122.09881,2024,FALSE,0,NA,NA,0.9605,0.8897,0.9938
"LANO","57322_NE",57322,"NE","South Coastal Region",49.09454,-122.09881,2025,FALSE,0,NA,NA,0.9546,0.8842,0.9907
"LANO","57322_NW",57322,"NW","South Coastal Region",49.07915,-122.16077,2017,TRUE,4,1,1,0.8948,0.7359,0.9814
"LANO","57322_NW",57322,"NW","South Coastal Region",49.07915,-122.16077,2018,TRUE,4,1,1,0.9402,0.8539,0.9849
"LANO","57322_NW",57322,"NW","South Coastal Region",49.07915,-122.16077,2019,TRUE,4,1,1,0.9572,0.8987,0.9876
"LANO","57322_NW",57322,"NW","South Coastal Region",49.07915,-122.16077,2020,TRUE,4,1,1,0.9615,0.9101,0.9895
"LANO","57322_NW",57322,"NW","South Coastal Region",49.07915,-122.16077,2021,TRUE,4,1,1,0.9638,0.9177,0.9901
"LANO","57322_NW",57322,"NW","South Coastal Region",49.07915,-122.16077,2022,TRUE,4,1,1,0.9719,0.9317,0.9932
"LANO","57322_NW",57322,"NW","South Coastal Region",49.07915,-122.16077,2023,FALSE,0,NA,NA,0.9764,0.9391,0.995
"LANO","57322_NW",57322,"NW","South Coastal Region",49.07915,-122.16077,2024,FALSE,0,NA,NA,0.9825,0.9503,0.9974
"LANO","57322_NW",57322,"NW","South Coastal Region",49.07915,-122.16077,2025,TRUE,4,1,1,0.9781,0.9445,0.9955
"LANO","57322_SE",57322,"SE","South Coastal Region",49.0141,-122.09198,2017,FALSE,0,NA,NA,0.713,0.371,0.9469
"LANO","57322_SE",57322,"SE","South Coastal Region",49.0141,-122.09198,2018,TRUE,3,0,0.1871,0.7955,0.5417,0.9525
"LANO","57322_SE",57322,"SE","South Coastal Region",49.0141,-122.09198,2019,TRUE,3,1,1,0.8416,0.6333,0.9583
"LANO","57322_SE",57322,"SE","South Coastal Region",49.0141,-122.09198,2020,TRUE,4,1,1,0.8605,0.6668,0.9628
"LANO","57322_SE",57322,"SE","South Coastal Region",49.0141,-122.09198,2021,TRUE,4,1,1,0.8786,0.7111,0.9678
"LANO","57322_SE",57322,"SE","South Coastal Region",49.0141,-122.09198,2022,TRUE,4,1,1,0.898,0.7433,0.9781
"LANO","57322_SE",57322,"SE","South Coastal Region",49.0141,-122.09198,2023,TRUE,4,1,1,0.9106,0.7598,0.9825
"LANO","57322_SE",57322,"SE","South Coastal Region",49.0141,-122.09198,2024,FALSE,0,NA,NA,0.9255,0.7832,0.9892
"LANO","57322_SE",57322,"SE","South Coastal Region",49.0141,-122.09198,2025,TRUE,4,1,1,0.924,0.7896,0.9854
"LANO","57322_SW",57322,"SW","South Coastal Region",49.01663,-122.15131,2017,FALSE,0,NA,NA,0.9084,0.7138,0.9909
"LANO","57322_SW",57322,"SW","South Coastal Region",49.01663,-122.15131,2018,TRUE,4,1,1,0.9441,0.8362,0.9906
"LANO","57322_SW",57322,"SW","South Coastal Region",49.01663,-122.15131,2019,TRUE,4,1,1,0.9591,0.8839,0.9916
"LANO","57322_SW",57322,"SW","South Coastal Region",49.01663,-122.15131,2020,TRUE,4,1,1,0.9636,0.9008,0.9925
"LANO","57322_SW",57322,"SW","South Coastal Region",49.01663,-122.15131,2021,TRUE,4,0,0.0498,0.967,0.9147,0.9927
"LANO","57322_SW",57322,"SW","South Coastal Region",49.01663,-122.15131,2022,TRUE,4,1,1,0.9738,0.9278,0.9952
"LANO","57322_SW",57322,"SW","South Coastal Region",49.01663,-122.15131,2023,TRUE,3,1,1,0.9777,0.9339,0.9965
"LANO","57322_SW",57322,"SW","South Coastal Region",49.01663,-122.15131,2024,FALSE,0,NA,NA,0.9828,0.9456,0.9982
"LANO","57322_SW",57322,"SW","South Coastal Region",49.01663,-122.15131,2025,TRUE,2,1,1,0.9802,0.9424,0.9968
"LANO","58842_NW",58842,"NW","Northern Region",54.79952,-121.1886,2017,FALSE,0,NA,NA,0.6992,0.4665,0.883
"LANO","58842_NW",58842,"NW","Northern Region",54.79952,-121.1886,2018,FALSE,0,NA,NA,0.7481,0.5597,0.8943
"LANO","58842_NW",58842,"NW","Northern Region",54.79952,-121.1886,2019,FALSE,0,NA,NA,0.7624,0.5797,0.9041
"LANO","58842_NW",58842,"NW","Northern Region",54.79952,-121.1886,2020,FALSE,0,NA,NA,0.7555,0.5646,0.9091
"LANO","58842_NW",58842,"NW","Northern Region",54.79952,-121.1886,2021,FALSE,0,NA,NA,0.7533,0.5356,0.9153
"LANO","58842_NW",58842,"NW","Northern Region",54.79952,-121.1886,2022,FALSE,0,NA,NA,0.7783,0.5641,0.9303
"LANO","58842_NW",58842,"NW","Northern Region",54.79952,-121.1886,2023,FALSE,0,NA,NA,0.7952,0.5757,0.942
"LANO","58842_NW",58842,"NW","Northern Region",54.79952,-121.1886,2024,TRUE,4,0,0.002,0.8257,0.6092,0.9587
"LANO","58842_NW",58842,"NW","Northern Region",54.79952,-121.1886,2025,TRUE,4,0,0.0011,0.8097,0.5895,0.949
"LANO","58842_SE",58842,"SE","Northern Region",54.73781,-121.16052,2017,FALSE,0,NA,NA,0.6217,0.3454,0.8564
"LANO","58842_SE",58842,"SE","Northern Region",54.73781,-121.16052,2018,FALSE,0,NA,NA,0.6997,0.4773,0.8684
"LANO","58842_SE",58842,"SE","Northern Region",54.73781,-121.16052,2019,FALSE,0,NA,NA,0.715,0.5036,0.8796
"LANO","58842_SE",58842,"SE","Northern Region",54.73781,-121.16052,2020,FALSE,0,NA,NA,0.7014,0.4712,0.8811
"LANO","58842_SE",58842,"SE","Northern Region",54.73781,-121.16052,2021,FALSE,0,NA,NA,0.697,0.4591,0.884
"LANO","58842_SE",58842,"SE","Northern Region",54.73781,-121.16052,2022,FALSE,0,NA,NA,0.7339,0.4981,0.9059
"LANO","58842_SE",58842,"SE","Northern Region",54.73781,-121.16052,2023,FALSE,0,NA,NA,0.7561,0.5187,0.9187
"LANO","58842_SE",58842,"SE","Northern Region",54.73781,-121.16052,2024,TRUE,4,1,1,0.8006,0.5738,0.9478
"LANO","58842_SE",58842,"SE","Northern Region",54.73781,-121.16052,2025,TRUE,4,1,1,0.765,0.5395,0.9233
"LANO","58842_SW",58842,"SW","Northern Region",54.75716,-121.25541,2017,FALSE,0,NA,NA,0.5863,0.283,0.8514
"LANO","58842_SW",58842,"SW","Northern Region",54.75716,-121.25541,2018,FALSE,0,NA,NA,0.6635,0.4142,0.8577
"LANO","58842_SW",58842,"SW","Northern Region",54.75716,-121.25541,2019,FALSE,0,NA,NA,0.6812,0.45,0.8647
"LANO","58842_SW",58842,"SW","Northern Region",54.75716,-121.25541,2020,FALSE,0,NA,NA,0.669,0.432,0.867
"LANO","58842_SW",58842,"SW","Northern Region",54.75716,-121.25541,2021,FALSE,0,NA,NA,0.6672,0.416,0.8713
"LANO","58842_SW",58842,"SW","Northern Region",54.75716,-121.25541,2022,FALSE,0,NA,NA,0.7035,0.4556,0.8953
"LANO","58842_SW",58842,"SW","Northern Region",54.75716,-121.25541,2023,FALSE,0,NA,NA,0.7258,0.4731,0.9081
"LANO","58842_SW",58842,"SW","Northern Region",54.75716,-121.25541,2024,TRUE,4,0,0.0413,0.7708,0.5187,0.9388
"LANO","58842_SW",58842,"SW","Northern Region",54.75716,-121.25541,2025,TRUE,4,1,1,0.7374,0.4934,0.9156
"LANO","5994_NE",5994,"NE","Kootenay Region",49.26067,-115.24894,2017,FALSE,0,NA,NA,0.7976,0.579,0.9409
"LANO","5994_NE",5994,"NE","Kootenay Region",49.26067,-115.24894,2018,FALSE,0,NA,NA,0.8895,0.7872,0.958
"LANO","5994_NE",5994,"NE","Kootenay Region",49.26067,-115.24894,2019,FALSE,0,NA,NA,0.886,0.8007,0.9477
"LANO","5994_NE",5994,"NE","Kootenay Region",49.26067,-115.24894,2020,TRUE,4,1,1,0.8714,0.7759,0.9402
"LANO","5994_NE",5994,"NE","Kootenay Region",49.26067,-115.24894,2021,TRUE,4,1,1,0.853,0.7449,0.9293
"LANO","5994_NE",5994,"NE","Kootenay Region",49.26067,-115.24894,2022,TRUE,4,0,0.0011,0.8948,0.8158,0.9517
"LANO","5994_NE",5994,"NE","Kootenay Region",49.26067,-115.24894,2023,TRUE,4,1,1,0.91,0.8342,0.9643
"LANO","5994_NE",5994,"NE","Kootenay Region",49.26067,-115.24894,2024,TRUE,4,1,1,0.9428,0.873,0.987
"LANO","5994_NE",5994,"NE","Kootenay Region",49.26067,-115.24894,2025,FALSE,0,NA,NA,0.895,0.8158,0.9533
"LANO","5994_SE",5994,"SE","Kootenay Region",49.21228,-115.26277,2017,FALSE,0,NA,NA,0.7001,0.45,0.8839
"LANO","5994_SE",5994,"SE","Kootenay Region",49.21228,-115.26277,2018,FALSE,0,NA,NA,0.8187,0.6827,0.9237
"LANO","5994_SE",5994,"SE","Kootenay Region",49.21228,-115.26277,2019,FALSE,0,NA,NA,0.8072,0.6755,0.9044
"LANO","5994_SE",5994,"SE","Kootenay Region",49.21228,-115.26277,2020,TRUE,4,1,1,0.7844,0.6387,0.8915
"LANO","5994_SE",5994,"SE","Kootenay Region",49.21228,-115.26277,2021,TRUE,4,0,0,0.763,0.6184,0.88
"LANO","5994_SE",5994,"SE","Kootenay Region",49.21228,-115.26277,2022,TRUE,4,1,1,0.821,0.6964,0.9141
"LANO","5994_SE",5994,"SE","Kootenay Region",49.21228,-115.26277,2023,TRUE,4,1,1,0.8417,0.7223,0.9297
"LANO","5994_SE",5994,"SE","Kootenay Region",49.21228,-115.26277,2024,TRUE,4,1,1,0.8946,0.7858,0.9719
"LANO","5994_SE",5994,"SE","Kootenay Region",49.21228,-115.26277,2025,FALSE,0,NA,NA,0.8162,0.6854,0.9158
"LANO","60586_NW",60586,"NW","Kootenay Region",50.93041,-116.39001,2017,FALSE,0,NA,NA,0.7564,0.5397,0.9113
"LANO","60586_NW",60586,"NW","Kootenay Region",50.93041,-116.39001,2018,FALSE,0,NA,NA,0.8426,0.7214,0.9315
"LANO","60586_NW",60586,"NW","Kootenay Region",50.93041,-116.39001,2019,FALSE,0,NA,NA,0.8433,0.7431,0.9204
"LANO","60586_NW",60586,"NW","Kootenay Region",50.93041,-116.39001,2020,TRUE,4,1,1,0.8254,0.7157,0.9079
"LANO","60586_NW",60586,"NW","Kootenay Region",50.93041,-116.39001,2021,TRUE,4,1,1,0.8083,0.6898,0.9009
"LANO","60586_NW",60586,"NW","Kootenay Region",50.93041,-116.39001,2022,TRUE,4,1,1,0.8515,0.7569,0.9256
"LANO","60586_NW",60586,"NW","Kootenay Region",50.93041,-116.39001,2023,TRUE,4,1,1,0.8705,0.7722,0.941
"LANO","60586_NW",60586,"NW","Kootenay Region",50.93041,-116.39001,2024,TRUE,4,1,1,0.9136,0.8259,0.974
"LANO","60586_NW",60586,"NW","Kootenay Region",50.93041,-116.39001,2025,TRUE,4,1,1,0.8671,0.7763,0.9341
"LANO","60586_SW",60586,"SW","Kootenay Region",50.90342,-116.39335,2017,FALSE,0,NA,NA,0.854,0.466,0.9938
"LANO","60586_SW",60586,"SW","Kootenay Region",50.90342,-116.39335,2018,FALSE,0,NA,NA,0.9137,0.7837,0.9799
"LANO","60586_SW",60586,"SW","Kootenay Region",50.90342,-116.39335,2019,FALSE,0,NA,NA,0.8942,0.7724,0.9662
"LANO","60586_SW",60586,"SW","Kootenay Region",50.90342,-116.39335,2020,TRUE,4,0,0.1031,0.8791,0.746,0.962
"LANO","60586_SW",60586,"SW","Kootenay Region",50.90342,-116.39335,2021,TRUE,4,0,0.006,0.859,0.7138,0.9524
"LANO","60586_SW",60586,"SW","Kootenay Region",50.90342,-116.39335,2022,TRUE,4,1,1,0.9053,0.7972,0.9708
"LANO","60586_SW",60586,"SW","Kootenay Region",50.90342,-116.39335,2023,TRUE,3,0,0.364,0.9175,0.8089,0.9785
"LANO","60586_SW",60586,"SW","Kootenay Region",50.90342,-116.39335,2024,TRUE,4,1,1,0.9502,0.8611,0.9937
"LANO","60586_SW",60586,"SW","Kootenay Region",50.90342,-116.39335,2025,TRUE,4,1,1,0.8956,0.7792,0.9678
"LANO","6202_NE",6202,"NE","South Coastal Region",48.53741,-123.50119,2017,FALSE,0,NA,NA,0.8466,0.6541,0.9616
"LANO","6202_NE",6202,"NE","South Coastal Region",48.53741,-123.50119,2018,TRUE,4,1,1,0.9071,0.8089,0.9699
"LANO","6202_NE",6202,"NE","South Coastal Region",48.53741,-123.50119,2019,TRUE,4,1,1,0.9287,0.8564,0.9742
"LANO","6202_NE",6202,"NE","South Coastal Region",48.53741,-123.50119,2020,FALSE,0,NA,NA,0.9325,0.8613,0.978
"LANO","6202_NE",6202,"NE","South Coastal Region",48.53741,-123.50119,2021,TRUE,4,0,0.4367,0.9339,0.862,0.9787
"LANO","6202_NE",6202,"NE","South Coastal Region",48.53741,-123.50119,2022,TRUE,4,1,1,0.9478,0.8828,0.9855
"LANO","6202_NE",6202,"NE","South Coastal Region",48.53741,-123.50119,2023,TRUE,4,1,1,0.9555,0.8951,0.989
"LANO","6202_NE",6202,"NE","South Coastal Region",48.53741,-123.50119,2024,TRUE,3,1,1,0.967,0.9127,0.9939
"LANO","6202_NE",6202,"NE","South Coastal Region",48.53741,-123.50119,2025,FALSE,0,NA,NA,0.9594,0.9048,0.9904
"LANO","6202_NW",6202,"NW","South Coastal Region",48.50788,-123.60088,2017,FALSE,0,NA,NA,0.7921,0.5099,0.9497
"LANO","6202_NW",6202,"NW","South Coastal Region",48.50788,-123.60088,2018,TRUE,4,1,1,0.8879,0.7514,0.9677
"LANO","6202_NW",6202,"NW","South Coastal Region",48.50788,-123.60088,2019,TRUE,3,1,1,0.9227,0.8218,0.9784
"LANO","6202_NW",6202,"NW","South Coastal Region",48.50788,-123.60088,2020,TRUE,4,1,1,0.9319,0.8405,0.9825
"LANO","6202_NW",6202,"NW","South Coastal Region",48.50788,-123.60088,2021,TRUE,4,1,1,0.9372,0.8515,0.984
"LANO","6202_NW",6202,"NW","South Coastal Region",48.50788,-123.60088,2022,TRUE,2,1,1,0.951,0.8754,0.9893
"LANO","6202_NW",6202,"NW","South Coastal Region",48.50788,-123.60088,2023,TRUE,3,1,1,0.9587,0.8868,0.9917
"LANO","6202_NW",6202,"NW","South Coastal Region",48.50788,-123.60088,2024,FALSE,0,NA,NA,0.9691,0.906,0.9959
"LANO","6202_NW",6202,"NW","South Coastal Region",48.50788,-123.60088,2025,FALSE,0,NA,NA,0.9619,0.8978,0.992
"LANO","6202_SE",6202,"SE","South Coastal Region",48.48934,-123.5079,2017,FALSE,0,NA,NA,0.8642,0.6943,0.9669
"LANO","6202_SE",6202,"SE","South Coastal Region",48.48934,-123.5079,2018,TRUE,4,1,1,0.9127,0.818,0.9729
"LANO","6202_SE",6202,"SE","South Coastal Region",48.48934,-123.5079,2019,TRUE,4,1,1,0.9334,0.8624,0.977
"LANO","6202_SE",6202,"SE","South Coastal Region",48.48934,-123.5079,2020,FALSE,0,NA,NA,0.9388,0.874,0.98
"LANO","6202_SE",6202,"SE","South Coastal Region",48.48934,-123.5079,2021,TRUE,4,1,1,0.9426,0.8806,0.9817
"LANO","6202_SE",6202,"SE","South Coastal Region",48.48934,-123.5079,2022,TRUE,4,1,1,0.9547,0.8988,0.9877
"LANO","6202_SE",6202,"SE","South Coastal Region",48.48934,-123.5079,2023,FALSE,0,NA,NA,0.963,0.9106,0.9911
"LANO","6202_SE",6202,"SE","South Coastal Region",48.48934,-123.5079,2024,FALSE,0,NA,NA,0.9721,0.9266,0.9949
"LANO","6202_SE",6202,"SE","South Coastal Region",48.48934,-123.5079,2025,FALSE,0,NA,NA,0.9687,0.9244,0.9928
"LANO","6202_SW",6202,"SW","South Coastal Region",48.48637,-123.54913,2017,FALSE,0,NA,NA,0.8645,0.701,0.9639
"LANO","6202_SW",6202,"SW","South Coastal Region",48.48637,-123.54913,2018,TRUE,4,1,1,0.9173,0.826,0.9743
"LANO","6202_SW",6202,"SW","South Coastal Region",48.48637,-123.54913,2019,TRUE,4,1,1,0.9386,0.8703,0.9798
"LANO","6202_SW",6202,"SW","South Coastal Region",48.48637,-123.54913,2020,TRUE,4,1,1,0.9442,0.8821,0.9828
"LANO","6202_SW",6202,"SW","South Coastal Region",48.48637,-123.54913,2021,TRUE,4,1,1,0.9476,0.889,0.9843
"LANO","6202_SW",6202,"SW","South Coastal Region",48.48637,-123.54913,2022,TRUE,4,1,1,0.9583,0.903,0.9894
"LANO","6202_SW",6202,"SW","South Coastal Region",48.48637,-123.54913,2023,FALSE,0,NA,NA,0.9646,0.9136,0.9921
"LANO","6202_SW",6202,"SW","South Coastal Region",48.48637,-123.54913,2024,TRUE,3,1,1,0.9732,0.9276,0.9954
"LANO","6202_SW",6202,"SW","South Coastal Region",48.48637,-123.54913,2025,TRUE,4,1,1,0.9698,0.9265,0.9933
"LANO","70250_NW",70250,"NW","Kootenay Region",51.24583,-116.91793,2017,FALSE,0,NA,NA,0.7175,0.4689,0.8964
"LANO","70250_NW",70250,"NW","Kootenay Region",51.24583,-116.91793,2018,FALSE,0,NA,NA,0.8139,0.6781,0.9176
"LANO","70250_NW",70250,"NW","Kootenay Region",51.24583,-116.91793,2019,FALSE,0,NA,NA,0.8102,0.6968,0.8998
"LANO","70250_NW",70250,"NW","Kootenay Region",51.24583,-116.91793,2020,TRUE,4,1,1,0.7882,0.6649,0.8855
"LANO","70250_NW",70250,"NW","Kootenay Region",51.24583,-116.91793,2021,TRUE,4,1,1,0.7695,0.6337,0.8764
"LANO","70250_NW",70250,"NW","Kootenay Region",51.24583,-116.91793,2022,TRUE,4,1,1,0.8194,0.7032,0.9082
"LANO","70250_NW",70250,"NW","Kootenay Region",51.24583,-116.91793,2023,TRUE,4,1,1,0.8405,0.7273,0.9243
"LANO","70250_NW",70250,"NW","Kootenay Region",51.24583,-116.91793,2024,TRUE,4,1,1,0.8921,0.7878,0.9672
"LANO","70250_NW",70250,"NW","Kootenay Region",51.24583,-116.91793,2025,TRUE,4,1,1,0.833,0.7228,0.9163
"LANO","70250_SW",70250,"SW","Kootenay Region",51.20982,-116.89974,2017,FALSE,0,NA,NA,0.8069,0.5754,0.9543
"LANO","70250_SW",70250,"SW","Kootenay Region",51.20982,-116.89974,2018,FALSE,0,NA,NA,0.8802,0.7741,0.9554
"LANO","70250_SW",70250,"SW","Kootenay Region",51.20982,-116.89974,2019,FALSE,0,NA,NA,0.8692,0.7782,0.9374
"LANO","70250_SW",70250,"SW","Kootenay Region",51.20982,-116.89974,2020,TRUE,4,0,0.2253,0.8507,0.7473,0.9269
"LANO","70250_SW",70250,"SW","Kootenay Region",51.20982,-116.89974,2021,TRUE,4,1,1,0.831,0.7189,0.9151
"LANO","70250_SW",70250,"SW","Kootenay Region",51.20982,-116.89974,2022,TRUE,4,0,0.0582,0.8771,0.792,0.9423
"LANO","70250_SW",70250,"SW","Kootenay Region",51.20982,-116.89974,2023,FALSE,0,NA,NA,0.8939,0.8082,0.9556
"LANO","70250_SW",70250,"SW","Kootenay Region",51.20982,-116.89974,2024,FALSE,0,NA,NA,0.9315,0.8526,0.9834
"LANO","70250_SW",70250,"SW","Kootenay Region",51.20982,-116.89974,2025,TRUE,4,0,0.0058,0.8767,0.788,0.9424
"LANO","73002_NE",73002,"NE","Okanagan Region",50.85067,-121.87219,2017,TRUE,4,0,0.0467,0.8991,0.7194,0.9862
"LANO","73002_NE",73002,"NE","Okanagan Region",50.85067,-121.87219,2018,TRUE,4,1,1,0.9468,0.8813,0.9845
"LANO","73002_NE",73002,"NE","Okanagan Region",50.85067,-121.87219,2019,TRUE,4,1,1,0.9391,0.8783,0.9781
"LANO","73002_NE",73002,"NE","Okanagan Region",50.85067,-121.87219,2020,TRUE,4,1,1,0.93,0.859,0.9744
"LANO","73002_NE",73002,"NE","Okanagan Region",50.85067,-121.87219,2021,TRUE,4,1,1,0.9164,0.836,0.9672
"LANO","73002_NE",73002,"NE","Okanagan Region",50.85067,-121.87219,2022,TRUE,4,1,1,0.9428,0.8818,0.9806
"LANO","73002_NE",73002,"NE","Okanagan Region",50.85067,-121.87219,2023,FALSE,0,NA,NA,0.9524,0.8978,0.9854
"LANO","73002_NE",73002,"NE","Okanagan Region",50.85067,-121.87219,2024,TRUE,4,1,1,0.9709,0.9218,0.9955
"LANO","73002_NE",73002,"NE","Okanagan Region",50.85067,-121.87219,2025,TRUE,4,1,1,0.9417,0.8799,0.979
"LANO","73002_SE",73002,"SE","Okanagan Region",50.82484,-121.86896,2017,TRUE,4,1,1,0.8898,0.6935,0.9851
"LANO","73002_SE",73002,"SE","Okanagan Region",50.82484,-121.86896,2018,TRUE,4,1,1,0.9367,0.8356,0.9848
"LANO","73002_SE",73002,"SE","Okanagan Region",50.82484,-121.86896,2019,TRUE,4,1,1,0.9415,0.8604,0.9836
"LANO","73002_SE",73002,"SE","Okanagan Region",50.82484,-121.86896,2020,TRUE,4,1,1,0.9368,0.848,0.9833
"LANO","73002_SE",73002,"SE","Okanagan Region",50.82484,-121.86896,2021,TRUE,4,1,1,0.9298,0.8314,0.981
"LANO","73002_SE",73002,"SE","Okanagan Region",50.82484,-121.86896,2022,TRUE,4,1,1,0.9455,0.8584,0.9875
"LANO","73002_SE",73002,"SE","Okanagan Region",50.82484,-121.86896,2023,TRUE,4,1,1,0.9532,0.867,0.9905
"LANO","73002_SE",73002,"SE","Okanagan Region",50.82484,-121.86896,2024,TRUE,4,1,1,0.9668,0.8891,0.9964
"LANO","73002_SE",73002,"SE","Okanagan Region",50.82484,-121.86896,2025,TRUE,4,1,1,0.9513,0.8696,0.9887
"LANO","73002_SW",73002,"SW","Okanagan Region",50.80422,-121.87782,2017,TRUE,4,1,1,0.8707,0.6537,0.9812
"LANO","73002_SW",73002,"SW","Okanagan Region",50.80422,-121.87782,2018,TRUE,4,1,1,0.9306,0.841,0.9803
"LANO","73002_SW",73002,"SW","Okanagan Region",50.80422,-121.87782,2019,TRUE,4,1,1,0.9321,0.8618,0.9754
"LANO","73002_SW",73002,"SW","Okanagan Region",50.80422,-121.87782,2020,TRUE,4,1,1,0.9244,0.8428,0.9726
"LANO","73002_SW",73002,"SW","Okanagan Region",50.80422,-121.87782,2021,TRUE,4,1,1,0.9134,0.8268,0.9664
"LANO","73002_SW",73002,"SW","Okanagan Region",50.80422,-121.87782,2022,TRUE,4,1,1,0.9359,0.8628,0.9788
"LANO","73002_SW",73002,"SW","Okanagan Region",50.80422,-121.87782,2023,TRUE,3,1,1,0.946,0.8769,0.9836
"LANO","73002_SW",73002,"SW","Okanagan Region",50.80422,-121.87782,2024,TRUE,4,1,1,0.9641,0.9034,0.9943
"LANO","73002_SW",73002,"SW","Okanagan Region",50.80422,-121.87782,2025,TRUE,4,1,1,0.9402,0.8729,0.9786
"LANO","73786_NW",73786,"NW","South Coastal Region",49.12334,-123.06198,2017,TRUE,4,1,1,0.8533,0.6796,0.9598
"LANO","73786_NW",73786,"NW","South Coastal Region",49.12334,-123.06198,2018,TRUE,4,1,1,0.9,0.7943,0.9687
"LANO","73786_NW",73786,"NW","South Coastal Region",49.12334,-123.06198,2019,TRUE,3,1,1,0.9199,0.8345,0.9729
"LANO","73786_NW",73786,"NW","South Coastal Region",49.12334,-123.06198,2020,TRUE,4,1,1,0.9246,0.8418,0.9766
"LANO","73786_NW",73786,"NW","South Coastal Region",49.12334,-123.06198,2021,TRUE,3,1,1,0.9279,0.8463,0.9787
"LANO","73786_NW",73786,"NW","South Coastal Region",49.12334,-123.06198,2022,TRUE,3,1,1,0.9398,0.8614,0.985
"LANO","73786_NW",73786,"NW","South Coastal Region",49.12334,-123.06198,2023,TRUE,3,1,1,0.9476,0.8697,0.9889
"LANO","73786_NW",73786,"NW","South Coastal Region",49.12334,-123.06198,2024,TRUE,3,1,1,0.9582,0.8858,0.9934
"LANO","73786_NW",73786,"NW","South Coastal Region",49.12334,-123.06198,2025,TRUE,4,1,1,0.9528,0.8807,0.9901
"LANO","73786_SE",73786,"SE","South Coastal Region",49.12604,-123.00163,2017,TRUE,4,1,1,0.7906,0.515,0.9613
"LANO","73786_SE",73786,"SE","South Coastal Region",49.12604,-123.00163,2018,TRUE,2,1,1,0.8532,0.6629,0.9622
"LANO","73786_SE",73786,"SE","South Coastal Region",49.12604,-123.00163,2019,TRUE,2,1,1,0.8816,0.7271,0.9654
"LANO","73786_SE",73786,"SE","South Coastal Region",49.12604,-123.00163,2020,TRUE,4,1,1,0.8897,0.7471,0.9689
"LANO","73786_SE",73786,"SE","South Coastal Region",49.12604,-123.00163,2021,TRUE,3,1,1,0.8964,0.7655,0.9723
"LANO","73786_SE",73786,"SE","South Coastal Region",49.12604,-123.00163,2022,TRUE,4,1,1,0.9117,0.7789,0.9811
"LANO","73786_SE",73786,"SE","South Coastal Region",49.12604,-123.00163,2023,TRUE,3,1,1,0.9219,0.7972,0.9852
"LANO","73786_SE",73786,"SE","South Coastal Region",49.12604,-123.00163,2024,TRUE,3,1,1,0.9357,0.8161,0.9912
"LANO","73786_SE",73786,"SE","South Coastal Region",49.12604,-123.00163,2025,TRUE,4,1,1,0.9301,0.8106,0.987
"LANO","73786_SW",73786,"SW","South Coastal Region",49.10823,-123.07992,2017,FALSE,0,NA,NA,0.9192,0.6665,0.9972
"LANO","73786_SW",73786,"SW","South Coastal Region",49.10823,-123.07992,2018,TRUE,2,1,1,0.9559,0.8303,0.9948
"LANO","73786_SW",73786,"SW","South Coastal Region",49.10823,-123.07992,2019,TRUE,3,1,1,0.9656,0.8835,0.9943
"LANO","73786_SW",73786,"SW","South Coastal Region",49.10823,-123.07992,2020,TRUE,4,1,1,0.9666,0.8968,0.9942
"LANO","73786_SW",73786,"SW","South Coastal Region",49.10823,-123.07992,2021,TRUE,3,1,1,0.9664,0.9028,0.9939
"LANO","73786_SW",73786,"SW","South Coastal Region",49.10823,-123.07992,2022,TRUE,3,1,1,0.974,0.919,0.9961
"LANO","73786_SW",73786,"SW","South Coastal Region",49.10823,-123.07992,2023,TRUE,3,1,1,0.9781,0.9293,0.9972
"LANO","73786_SW",73786,"SW","South Coastal Region",49.10823,-123.07992,2024,FALSE,0,NA,NA,0.9839,0.9428,0.9988
"LANO","73786_SW",73786,"SW","South Coastal Region",49.10823,-123.07992,2025,TRUE,4,1,1,0.9787,0.9326,0.9972
"LANO","77162_NE",77162,"NE","Kootenay Region",50.95478,-118.09975,2017,TRUE,4,1,1,0.4068,0.0809,0.8144
"LANO","77162_NE",77162,"NE","Kootenay Region",50.95478,-118.09975,2018,TRUE,4,1,1,0.5508,0.3031,0.7866
"LANO","77162_NE",77162,"NE","Kootenay Region",50.95478,-118.09975,2019,TRUE,4,0,0.0269,0.5127,0.2968,0.7319
"LANO","77162_NE",77162,"NE","Kootenay Region",50.95478,-118.09975,2020,TRUE,4,0,0.0113,0.4808,0.2601,0.709
"LANO","77162_NE",77162,"NE","Kootenay Region",50.95478,-118.09975,2021,TRUE,4,0,0.0076,0.4994,0.2932,0.7055
"LANO","77162_NE",77162,"NE","Kootenay Region",50.95478,-118.09975,2022,FALSE,0,NA,NA,0.5467,0.317,0.7658
"LANO","77162_NE",77162,"NE","Kootenay Region",50.95478,-118.09975,2023,FALSE,0,NA,NA,0.5602,0.3152,0.7941
"LANO","77162_NE",77162,"NE","Kootenay Region",50.95478,-118.09975,2024,FALSE,0,NA,NA,0.6509,0.3697,0.8898
"LANO","77162_NE",77162,"NE","Kootenay Region",50.95478,-118.09975,2025,FALSE,0,NA,NA,0.5109,0.2805,0.7527
"LANO","77162_SW",77162,"SW","Kootenay Region",50.886,-118.10586,2017,TRUE,4,1,1,0.8231,0.5939,0.9555
"LANO","77162_SW",77162,"SW","Kootenay Region",50.886,-118.10586,2018,TRUE,4,1,1,0.8961,0.7864,0.9637
"LANO","77162_SW",77162,"SW","Kootenay Region",50.886,-118.10586,2019,TRUE,4,1,1,0.9024,0.8237,0.9556
"LANO","77162_SW",77162,"SW","Kootenay Region",50.886,-118.10586,2020,TRUE,4,1,1,0.8928,0.8099,0.9514
"LANO","77162_SW",77162,"SW","Kootenay Region",50.886,-118.10586,2021,TRUE,4,1,1,0.88,0.7864,0.945
"LANO","77162_SW",77162,"SW","Kootenay Region",50.886,-118.10586,2022,TRUE,4,1,1,0.9095,0.8318,0.9601
"LANO","77162_SW",77162,"SW","Kootenay Region",50.886,-118.10586,2023,TRUE,4,1,1,0.9226,0.8519,0.9697
"LANO","77162_SW",77162,"SW","Kootenay Region",50.886,-118.10586,2024,FALSE,0,NA,NA,0.948,0.8835,0.9875
"LANO","77162_SW",77162,"SW","Kootenay Region",50.886,-118.10586,2025,TRUE,2,1,1,0.9168,0.8484,0.9648
"LANO","79018_NE",79018,"NE","Kootenay Region",50.2021,-116.91007,2017,TRUE,4,1,1,0.6415,0.3662,0.8609
"LANO","79018_NE",79018,"NE","Kootenay Region",50.2021,-116.91007,2018,TRUE,4,1,1,0.7757,0.617,0.8961
"LANO","79018_NE",79018,"NE","Kootenay Region",50.2021,-116.91007,2019,TRUE,4,1,1,0.7878,0.6571,0.8893
"LANO","79018_NE",79018,"NE","Kootenay Region",50.2021,-116.91007,2020,TRUE,4,1,1,0.7691,0.6298,0.876
"LANO","79018_NE",79018,"NE","Kootenay Region",50.2021,-116.91007,2021,FALSE,0,NA,NA,0.7537,0.6102,0.8703
"LANO","79018_NE",79018,"NE","Kootenay Region",50.2021,-116.91007,2022,TRUE,4,1,1,0.8036,0.6724,0.9016
"LANO","79018_NE",79018,"NE","Kootenay Region",50.2021,-116.91007,2023,TRUE,4,1,1,0.8259,0.7021,0.9175
"LANO","79018_NE",79018,"NE","Kootenay Region",50.2021,-116.91007,2024,TRUE,4,1,1,0.8766,0.7589,0.9619
"LANO","79018_NE",79018,"NE","Kootenay Region",50.2021,-116.91007,2025,TRUE,4,1,1,0.8134,0.688,0.9052
"LANO","79018_NW",79018,"NW","Kootenay Region",50.19383,-116.94752,2017,TRUE,4,1,1,0.7804,0.527,0.9379
"LANO","79018_NW",79018,"NW","Kootenay Region",50.19383,-116.94752,2018,FALSE,0,NA,NA,0.8664,0.7411,0.9494
"LANO","79018_NW",79018,"NW","Kootenay Region",50.19383,-116.94752,2019,TRUE,4,1,1,0.8624,0.7618,0.9358
"LANO","79018_NW",79018,"NW","Kootenay Region",50.19383,-116.94752,2020,TRUE,4,1,1,0.8464,0.7355,0.9273
"LANO","79018_NW",79018,"NW","Kootenay Region",50.19383,-116.94752,2021,TRUE,4,1,1,0.8276,0.7016,0.9177
"LANO","79018_NW",79018,"NW","Kootenay Region",50.19383,-116.94752,2022,TRUE,3,1,1,0.8779,0.781,0.9454
"LANO","79018_NW",79018,"NW","Kootenay Region",50.19383,-116.94752,2023,TRUE,4,1,1,0.8962,0.8058,0.9577
"LANO","79018_NW",79018,"NW","Kootenay Region",50.19383,-116.94752,2024,TRUE,4,1,1,0.9317,0.851,0.9834
"LANO","79018_NW",79018,"NW","Kootenay Region",50.19383,-116.94752,2025,TRUE,4,1,1,0.8842,0.7921,0.9521
"LANO","79018_SE",79018,"SE","Kootenay Region",50.18723,-116.90419,2017,TRUE,4,1,1,0.652,0.3512,0.8778
"LANO","79018_SE",79018,"SE","Kootenay Region",50.18723,-116.90419,2018,FALSE,0,NA,NA,0.8068,0.5904,0.9367
"LANO","79018_SE",79018,"SE","Kootenay Region",50.18723,-116.90419,2019,TRUE,4,1,1,0.8464,0.6748,0.9495
"LANO","79018_SE",79018,"SE","Kootenay Region",50.18723,-116.90419,2020,TRUE,4,1,1,0.8483,0.6723,0.952
"LANO","79018_SE",79018,"SE","Kootenay Region",50.18723,-116.90419,2021,TRUE,4,1,1,0.8446,0.6745,0.952
"LANO","79018_SE",79018,"SE","Kootenay Region",50.18723,-116.90419,2022,TRUE,4,1,1,0.878,0.7203,0.9646
"LANO","79018_SE",79018,"SE","Kootenay Region",50.18723,-116.90419,2023,TRUE,4,1,1,0.8942,0.7417,0.9726
"LANO","79018_SE",79018,"SE","Kootenay Region",50.18723,-116.90419,2024,TRUE,3,1,1,0.9239,0.7862,0.9872
"LANO","79018_SE",79018,"SE","Kootenay Region",50.18723,-116.90419,2025,TRUE,4,1,1,0.8932,0.7561,0.9703
"LANO","79018_SW",79018,"SW","Kootenay Region",50.17771,-116.95968,2017,TRUE,4,1,1,0.8529,0.6371,0.9723
"LANO","79018_SW",79018,"SW","Kootenay Region",50.17771,-116.95968,2018,FALSE,0,NA,NA,0.9143,0.8199,0.9723
"LANO","79018_SW",79018,"SW","Kootenay Region",50.17771,-116.95968,2019,TRUE,4,1,1,0.9082,0.8301,0.9607
"LANO","79018_SW",79018,"SW","Kootenay Region",50.17771,-116.95968,2020,TRUE,3,1,1,0.8955,0.8076,0.9556
"LANO","79018_SW",79018,"SW","Kootenay Region",50.17771,-116.95968,2021,TRUE,3,1,1,0.879,0.7812,0.9463
"LANO","79018_SW",79018,"SW","Kootenay Region",50.17771,-116.95968,2022,TRUE,4,1,1,0.9143,0.8442,0.9645
"LANO","79018_SW",79018,"SW","Kootenay Region",50.17771,-116.95968,2023,TRUE,4,1,1,0.9271,0.8582,0.9737
"LANO","79018_SW",79018,"SW","Kootenay Region",50.17771,-116.95968,2024,TRUE,4,1,1,0.954,0.8933,0.9906
"LANO","79018_SW",79018,"SW","Kootenay Region",50.17771,-116.95968,2025,FALSE,0,NA,NA,0.9149,0.843,0.965
"LANO","86074_NE",86074,"NE","South Coastal Region",49.23087,-122.3056,2017,TRUE,4,1,1,0.8103,0.6139,0.942
"LANO","86074_NE",86074,"NE","South Coastal Region",49.23087,-122.3056,2018,TRUE,3,1,1,0.8849,0.7614,0.9687
"LANO","86074_NE",86074,"NE","South Coastal Region",49.23087,-122.3056,2019,FALSE,0,NA,NA,0.9205,0.8124,0.9834
"LANO","86074_NE",86074,"NE","South Coastal Region",49.23087,-122.3056,2020,TRUE,3,1,1,0.9348,0.8334,0.989
"LANO","86074_NE",86074,"NE","South Coastal Region",49.23087,-122.3056,2021,TRUE,4,1,1,0.9466,0.8541,0.9919
"LANO","86074_NE",86074,"NE","South Coastal Region",49.23087,-122.3056,2022,TRUE,4,1,1,0.9578,0.8687,0.9948
"LANO","86074_NE",86074,"NE","South Coastal Region",49.23087,-122.3056,2023,TRUE,4,1,1,0.9646,0.8802,0.9962
"LANO","86074_NE",86074,"NE","South Coastal Region",49.23087,-122.3056,2024,TRUE,4,1,1,0.9719,0.8945,0.9979
"LANO","86074_NE",86074,"NE","South Coastal Region",49.23087,-122.3056,2025,FALSE,0,NA,NA,0.9712,0.8967,0.9966
"LANO","86074_NW",86074,"NW","South Coastal Region",49.18442,-122.40331,2017,TRUE,4,1,1,0.8902,0.7346,0.9782
"LANO","86074_NW",86074,"NW","South Coastal Region",49.18442,-122.40331,2018,FALSE,0,NA,NA,0.9341,0.8486,0.9823
"LANO","86074_NW",86074,"NW","South Coastal Region",49.18442,-122.40331,2019,FALSE,0,NA,NA,0.9518,0.8907,0.9852
"LANO","86074_NW",86074,"NW","South Coastal Region",49.18442,-122.40331,2020,TRUE,4,1,1,0.9565,0.9028,0.9876
"LANO","86074_NW",86074,"NW","South Coastal Region",49.18442,-122.40331,2021,FALSE,0,NA,NA,0.9595,0.9102,0.9882
"LANO","86074_NW",86074,"NW","South Coastal Region",49.18442,-122.40331,2022,TRUE,4,1,1,0.9681,0.924,0.992
"LANO","86074_NW",86074,"NW","South Coastal Region",49.18442,-122.40331,2023,FALSE,0,NA,NA,0.9729,0.9313,0.994
"LANO","86074_NW",86074,"NW","South Coastal Region",49.18442,-122.40331,2024,FALSE,0,NA,NA,0.9795,0.9434,0.9967
"LANO","86074_NW",86074,"NW","South Coastal Region",49.18442,-122.40331,2025,FALSE,0,NA,NA,0.9754,0.9397,0.9948
"LANO","86074_SE",86074,"SE","South Coastal Region",49.16962,-122.3193,2017,TRUE,4,1,1,0.8963,0.6617,0.9914
"LANO","86074_SE",86074,"SE","South Coastal Region",49.16962,-122.3193,2018,FALSE,0,NA,NA,0.9419,0.8257,0.9899
"LANO","86074_SE",86074,"SE","South Coastal Region",49.16962,-122.3193,2019,FALSE,0,NA,NA,0.9579,0.8824,0.9904
"LANO","86074_SE",86074,"SE","South Coastal Region",49.16962,-122.3193,2020,TRUE,4,1,1,0.9617,0.8983,0.9912
"LANO","86074_SE",86074,"SE","South Coastal Region",49.16962,-122.3193,2021,TRUE,4,1,1,0.9639,0.9096,0.9912
"LANO","86074_SE",86074,"SE","South Coastal Region",49.16962,-122.3193,2022,TRUE,4,1,1,0.9735,0.9281,0.9945
"LANO","86074_SE",86074,"SE","South Coastal Region",49.16962,-122.3193,2023,FALSE,0,NA,NA,0.9783,0.9364,0.9962
"LANO","86074_SE",86074,"SE","South Coastal Region",49.16962,-122.3193,2024,FALSE,0,NA,NA,0.9841,0.9496,0.9982
"LANO","86074_SE",86074,"SE","South Coastal Region",49.16962,-122.3193,2025,FALSE,0,NA,NA,0.9806,0.946,0.9965
"LANO","86074_SW",86074,"SW","South Coastal Region",49.14174,-122.38204,2017,TRUE,2,1,1,0.8554,0.6845,0.96
"LANO","86074_SW",86074,"SW","South Coastal Region",49.14174,-122.38204,2018,FALSE,0,NA,NA,0.8997,0.7909,0.9687
"LANO","86074_SW",86074,"SW","South Coastal Region",49.14174,-122.38204,2019,TRUE,4,1,1,0.9223,0.8395,0.9744
"LANO","86074_SW",86074,"SW","South Coastal Region",49.14174,-122.38204,2020,TRUE,3,1,1,0.93,0.8536,0.9783
"LANO","86074_SW",86074,"SW","South Coastal Region",49.14174,-122.38204,2021,FALSE,0,NA,NA,0.9386,0.8671,0.9819
"LANO","86074_SW",86074,"SW","South Coastal Region",49.14174,-122.38204,2022,TRUE,4,1,1,0.9496,0.8818,0.9874
"LANO","86074_SW",86074,"SW","South Coastal Region",49.14174,-122.38204,2023,TRUE,4,1,1,0.9565,0.8918,0.9905
"LANO","86074_SW",86074,"SW","South Coastal Region",49.14174,-122.38204,2024,TRUE,4,1,1,0.965,0.904,0.9942
"LANO","86074_SW",86074,"SW","South Coastal Region",49.14174,-122.38204,2025,FALSE,0,NA,NA,0.9628,0.9042,0.9922
"LANO","89962_NE",89962,"NE","Kootenay Region",49.07682,-117.5986,2017,FALSE,0,NA,NA,0.738,0.4736,0.9142
"LANO","89962_NE",89962,"NE","Kootenay Region",49.07682,-117.5986,2018,FALSE,0,NA,NA,0.8307,0.6894,0.9309
"LANO","89962_NE",89962,"NE","Kootenay Region",49.07682,-117.5986,2019,FALSE,0,NA,NA,0.8235,0.7077,0.912
"LANO","89962_NE",89962,"NE","Kootenay Region",49.07682,-117.5986,2020,FALSE,0,NA,NA,0.8024,0.6757,0.8987
"LANO","89962_NE",89962,"NE","Kootenay Region",49.07682,-117.5986,2021,FALSE,0,NA,NA,0.7825,0.6427,0.8886
"LANO","89962_NE",89962,"NE","Kootenay Region",49.07682,-117.5986,2022,TRUE,4,1,1,0.8325,0.7148,0.9199
"LANO","89962_NE",89962,"NE","Kootenay Region",49.07682,-117.5986,2023,TRUE,4,1,1,0.8526,0.7377,0.934
"LANO","89962_NE",89962,"NE","Kootenay Region",49.07682,-117.5986,2024,FALSE,0,NA,NA,0.8994,0.7946,0.972
"LANO","89962_NE",89962,"NE","Kootenay Region",49.07682,-117.5986,2025,TRUE,4,1,1,0.8356,0.7191,0.9241
"LANO","89962_SE",89962,"SE","Kootenay Region",49.00974,-117.57236,2017,FALSE,0,NA,NA,0.8477,0.6306,0.9662
"LANO","89962_SE",89962,"SE","Kootenay Region",49.00974,-117.57236,2018,FALSE,0,NA,NA,0.9063,0.7991,0.9697
"LANO","89962_SE",89962,"SE","Kootenay Region",49.00974,-117.57236,2019,FALSE,0,NA,NA,0.9105,0.829,0.9647
"LANO","89962_SE",89962,"SE","Kootenay Region",49.00974,-117.57236,2020,FALSE,0,NA,NA,0.9013,0.8111,0.961
"LANO","89962_SE",89962,"SE","Kootenay Region",49.00974,-117.57236,2021,FALSE,0,NA,NA,0.89,0.7868,0.9554
"LANO","89962_SE",89962,"SE","Kootenay Region",49.00974,-117.57236,2022,TRUE,4,1,1,0.9165,0.8336,0.9689
"LANO","89962_SE",89962,"SE","Kootenay Region",49.00974,-117.57236,2023,FALSE,0,NA,NA,0.9283,0.8484,0.9757
"LANO","89962_SE",89962,"SE","Kootenay Region",49.00974,-117.57236,2024,TRUE,4,1,1,0.9512,0.8808,0.9897
"LANO","89962_SE",89962,"SE","Kootenay Region",49.00974,-117.57236,2025,TRUE,4,1,1,0.924,0.8464,0.9725
"LANO","89962_SW",89962,"SW","Kootenay Region",49.0077,-117.63034,2017,FALSE,0,NA,NA,0.7978,0.5294,0.9518
"LANO","89962_SW",89962,"SW","Kootenay Region",49.0077,-117.63034,2018,FALSE,0,NA,NA,0.874,0.7429,0.9586
"LANO","89962_SW",89962,"SW","Kootenay Region",49.0077,-117.63034,2019,FALSE,0,NA,NA,0.8622,0.7378,0.9454
"LANO","89962_SW",89962,"SW","Kootenay Region",49.0077,-117.63034,2020,FALSE,0,NA,NA,0.8452,0.705,0.9374
"LANO","89962_SW",89962,"SW","Kootenay Region",49.0077,-117.63034,2021,FALSE,0,NA,NA,0.8246,0.6697,0.9286
"LANO","89962_SW",89962,"SW","Kootenay Region",49.0077,-117.63034,2022,TRUE,4,1,1,0.8712,0.7508,0.9509
"LANO","89962_SW",89962,"SW","Kootenay Region",49.0077,-117.63034,2023,FALSE,0,NA,NA,0.8876,0.7691,0.9619
"LANO","89962_SW",89962,"SW","Kootenay Region",49.0077,-117.63034,2024,TRUE,4,1,1,0.9265,0.8286,0.9858
"LANO","89962_SW",89962,"SW","Kootenay Region",49.0077,-117.63034,2025,TRUE,4,1,1,0.8701,0.7428,0.9556
"LANO","93290_NE",93290,"NE","Okanagan Region",49.44361,-119.56535,2017,FALSE,0,NA,NA,0.9068,0.7299,0.9871
"LANO","93290_NE",93290,"NE","Okanagan Region",49.44361,-119.56535,2018,TRUE,4,1,1,0.9443,0.88,0.9835
"LANO","93290_NE",93290,"NE","Okanagan Region",49.44361,-119.56535,2019,FALSE,0,NA,NA,0.9307,0.8639,0.9748
"LANO","93290_NE",93290,"NE","Okanagan Region",49.44361,-119.56535,2020,TRUE,4,1,1,0.9195,0.8412,0.97
"LANO","93290_NE",93290,"NE","Okanagan Region",49.44361,-119.56535,2021,TRUE,4,1,1,0.9036,0.8174,0.9607
"LANO","93290_NE",93290,"NE","Okanagan Region",49.44361,-119.56535,2022,TRUE,4,1,1,0.9351,0.8684,0.9773
"LANO","93290_NE",93290,"NE","Okanagan Region",49.44361,-119.56535,2023,TRUE,3,1,1,0.9457,0.8861,0.983
"LANO","93290_NE",93290,"NE","Okanagan Region",49.44361,-119.56535,2024,FALSE,0,NA,NA,0.9672,0.9126,0.995
"LANO","93290_NE",93290,"NE","Okanagan Region",49.44361,-119.56535,2025,TRUE,4,1,1,0.9319,0.8637,0.9744
"LANO","93290_NW",93290,"NW","Okanagan Region",49.41531,-119.6018,2017,TRUE,4,1,1,0.9108,0.7497,0.9878
"LANO","93290_NW",93290,"NW","Okanagan Region",49.41531,-119.6018,2018,TRUE,4,1,1,0.9528,0.8936,0.9865
"LANO","93290_NW",93290,"NW","Okanagan Region",49.41531,-119.6018,2019,TRUE,4,1,1,0.9494,0.8987,0.9817
"LANO","93290_NW",93290,"NW","Okanagan Region",49.41531,-119.6018,2020,TRUE,4,1,1,0.9421,0.8828,0.979
"LANO","93290_NW",93290,"NW","Okanagan Region",49.41531,-119.6018,2021,TRUE,4,1,1,0.9315,0.8656,0.973
"LANO","93290_NW",93290,"NW","Okanagan Region",49.41531,-119.6018,2022,TRUE,4,1,1,0.9519,0.8978,0.984
"LANO","93290_NW",93290,"NW","Okanagan Region",49.41531,-119.6018,2023,TRUE,4,1,1,0.96,0.9115,0.9878
"LANO","93290_NW",93290,"NW","Okanagan Region",49.41531,-119.6018,2024,TRUE,4,1,1,0.9748,0.9308,0.9961
"LANO","93290_NW",93290,"NW","Okanagan Region",49.41531,-119.6018,2025,TRUE,4,1,1,0.9532,0.9033,0.9828
"LANO","93290_SE",93290,"SE","Okanagan Region",49.38433,-119.56165,2017,TRUE,3,1,1,0.9405,0.7991,0.9942
"LANO","93290_SE",93290,"SE","Okanagan Region",49.38433,-119.56165,2018,TRUE,4,1,1,0.9675,0.92,0.9921
"LANO","93290_SE",93290,"SE","Okanagan Region",49.38433,-119.56165,2019,TRUE,4,1,1,0.9619,0.9151,0.9883
"LANO","93290_SE",93290,"SE","Okanagan Region",49.38433,-119.56165,2020,TRUE,4,1,1,0.9557,0.9005,0.987
"LANO","93290_SE",93290,"SE","Okanagan Region",49.38433,-119.56165,2021,TRUE,4,1,1,0.9466,0.8826,0.9821
"LANO","93290_SE",93290,"SE","Okanagan Region",49.38433,-119.56165,2022,FALSE,0,NA,NA,0.964,0.9178,0.9899
"LANO","93290_SE",93290,"SE","Okanagan Region",49.38433,-119.56165,2023,TRUE,4,1,1,0.9702,0.9288,0.9923
"LANO","93290_SE",93290,"SE","Okanagan Region",49.38433,-119.56165,2024,TRUE,4,1,1,0.9818,0.9454,0.9978
"LANO","93290_SE",93290,"SE","Okanagan Region",49.38433,-119.56165,2025,TRUE,4,1,1,0.9636,0.9177,0.989
"LANO","93290_SW",93290,"SW","Okanagan Region",49.37943,-119.59374,2017,TRUE,4,1,1,0.8456,0.5679,0.9798
"LANO","93290_SW",93290,"SW","Okanagan Region",49.37943,-119.59374,2018,TRUE,4,0,0.0556,0.9154,0.8103,0.9745
"LANO","93290_SW",93290,"SW","Okanagan Region",49.37943,-119.59374,2019,TRUE,4,1,1,0.9079,0.8192,0.965
"LANO","93290_SW",93290,"SW","Okanagan Region",49.37943,-119.59374,2020,TRUE,4,1,1,0.8955,0.795,0.9602
"LANO","93290_SW",93290,"SW","Okanagan Region",49.37943,-119.59374,2021,TRUE,4,1,1,0.8787,0.7712,0.95
"LANO","93290_SW",93290,"SW","Okanagan Region",49.37943,-119.59374,2022,TRUE,4,1,1,0.9127,0.8212,0.9697
"LANO","93290_SW",93290,"SW","Okanagan Region",49.37943,-119.59374,2023,TRUE,4,1,1,0.926,0.8439,0.9758
"LANO","93290_SW",93290,"SW","Okanagan Region",49.37943,-119.59374,2024,TRUE,4,1,1,0.9525,0.8776,0.9922
"LANO","93290_SW",93290,"SW","Okanagan Region",49.37943,-119.59374,2025,TRUE,4,1,1,0.913,0.8213,0.9688
"LANO","94522_NW",94522,"NW","Northern Region",53.10732,-131.86467,2017,TRUE,3,1,1,0.8946,0.702,0.9827
"LANO","94522_NW",94522,"NW","Northern Region",53.10732,-131.86467,2018,TRUE,4,1,1,0.9192,0.8099,0.9763
"LANO","94522_NW",94522,"NW","Northern Region",53.10732,-131.86467,2019,TRUE,3,1,1,0.9217,0.8431,0.9692
"LANO","94522_NW",94522,"NW","Northern Region",53.10732,-131.86467,2020,FALSE,0,NA,NA,0.9143,0.8324,0.9664
"LANO","94522_NW",94522,"NW","Northern Region",53.10732,-131.86467,2021,FALSE,0,NA,NA,0.9068,0.812,0.9645
"LANO","94522_NW",94522,"NW","Northern Region",53.10732,-131.86467,2022,FALSE,0,NA,NA,0.9221,0.8444,0.9717
"LANO","94522_NW",94522,"NW","Northern Region",53.10732,-131.86467,2023,FALSE,0,NA,NA,0.9316,0.8553,0.9767
"LANO","94522_NW",94522,"NW","Northern Region",53.10732,-131.86467,2024,FALSE,0,NA,NA,0.948,0.8812,0.986
"LANO","94522_NW",94522,"NW","Northern Region",53.10732,-131.86467,2025,FALSE,0,NA,NA,0.9351,0.8616,0.9774
"LANO","94522_SE",94522,"SE","Northern Region",53.08196,-131.77925,2017,TRUE,4,1,1,0.8874,0.6954,0.9798
"LANO","94522_SE",94522,"SE","Northern Region",53.08196,-131.77925,2018,TRUE,4,1,1,0.9026,0.7629,0.9722
"LANO","94522_SE",94522,"SE","Northern Region",53.08196,-131.77925,2019,TRUE,3,1,1,0.903,0.7916,0.9646
"LANO","94522_SE",94522,"SE","Northern Region",53.08196,-131.77925,2020,FALSE,0,NA,NA,0.8946,0.7849,0.9614
"LANO","94522_SE",94522,"SE","Northern Region",53.08196,-131.77925,2021,FALSE,0,NA,NA,0.8871,0.7697,0.9611
"LANO","94522_SE",94522,"SE","Northern Region",53.08196,-131.77925,2022,FALSE,0,NA,NA,0.8983,0.7864,0.969
"LANO","94522_SE",94522,"SE","Northern Region",53.08196,-131.77925,2023,FALSE,0,NA,NA,0.9062,0.7929,0.9737
"LANO","94522_SE",94522,"SE","Northern Region",53.08196,-131.77925,2024,FALSE,0,NA,NA,0.9214,0.8128,0.9816
"LANO","94522_SE",94522,"SE","Northern Region",53.08196,-131.77925,2025,FALSE,0,NA,NA,0.9125,0.7983,0.9755
"LANO","9466_NE",9466,"NE","Northern Region",57.34435,-125.50932,2017,FALSE,0,NA,NA,0.8025,0.5508,0.9554
"LANO","9466_NE",9466,"NE","Northern Region",57.34435,-125.50932,2018,FALSE,0,NA,NA,0.8341,0.6927,0.9311
"LANO","9466_NE",9466,"NE","Northern Region",57.34435,-125.50932,2019,FALSE,0,NA,NA,0.8181,0.6969,0.91
"LANO","9466_NE",9466,"NE","Northern Region",57.34435,-125.50932,2020,FALSE,0,NA,NA,0.7905,0.6518,0.8947
"LANO","9466_NE",9466,"NE","Northern Region",57.34435,-125.50932,2021,FALSE,0,NA,NA,0.7717,0.6273,0.886
"LANO","9466_NE",9466,"NE","Northern Region",57.34435,-125.50932,2022,TRUE,3,0,0.004,0.8106,0.6838,0.904
"LANO","9466_NE",9466,"NE","Northern Region",57.34435,-125.50932,2023,FALSE,0,NA,NA,0.8318,0.7025,0.9235
"LANO","9466_NE",9466,"NE","Northern Region",57.34435,-125.50932,2024,TRUE,3,0,0.0331,0.8744,0.7586,0.9551
"LANO","9466_NE",9466,"NE","Northern Region",57.34435,-125.50932,2025,FALSE,0,NA,NA,0.83,0.7129,0.9172
"LANO","9466_NW",9466,"NW","Northern Region",57.3459,-125.55037,2017,FALSE,0,NA,NA,0.835,0.4306,0.9901
"LANO","9466_NW",9466,"NW","Northern Region",57.3459,-125.55037,2018,FALSE,0,NA,NA,0.8713,0.6779,0.9661
"LANO","9466_NW",9466,"NW","Northern Region",57.3459,-125.55037,2019,FALSE,0,NA,NA,0.8558,0.7101,0.9473
"LANO","9466_NW",9466,"NW","Northern Region",57.3459,-125.55037,2020,FALSE,0,NA,NA,0.8325,0.6709,0.9401
"LANO","9466_NW",9466,"NW","Northern Region",57.3459,-125.55037,2021,FALSE,0,NA,NA,0.8143,0.6472,0.9315
"LANO","9466_NW",9466,"NW","Northern Region",57.3459,-125.55037,2022,TRUE,4,1,1,0.8505,0.7027,0.9462
"LANO","9466_NW",9466,"NW","Northern Region",57.3459,-125.55037,2023,FALSE,0,NA,NA,0.8676,0.7203,0.9588
"LANO","9466_NW",9466,"NW","Northern Region",57.3459,-125.55037,2024,TRUE,3,1,1,0.9029,0.7613,0.9811
"LANO","9466_NW",9466,"NW","Northern Region",57.3459,-125.55037,2025,TRUE,4,1,1,0.8622,0.7164,0.9507
"LANO","9466_SE",9466,"SE","Northern Region",57.31575,-125.49037,2017,FALSE,0,NA,NA,0.6759,0.4127,0.8789
"LANO","9466_SE",9466,"SE","Northern Region",57.31575,-125.49037,2018,FALSE,0,NA,NA,0.6965,0.502,0.8523
"LANO","9466_SE",9466,"SE","Northern Region",57.31575,-125.49037,2019,FALSE,0,NA,NA,0.687,0.5151,0.83
"LANO","9466_SE",9466,"SE","Northern Region",57.31575,-125.49037,2020,FALSE,0,NA,NA,0.6605,0.4806,0.8164
"LANO","9466_SE",9466,"SE","Northern Region",57.31575,-125.49037,2021,FALSE,0,NA,NA,0.6458,0.4445,0.8153
"LANO","9466_SE",9466,"SE","Northern Region",57.31575,-125.49037,2022,TRUE,4,0,0.0027,0.6703,0.4742,0.8429
"LANO","9466_SE",9466,"SE","Northern Region",57.31575,-125.49037,2023,FALSE,0,NA,NA,0.6877,0.486,0.8599
"LANO","9466_SE",9466,"SE","Northern Region",57.31575,-125.49037,2024,TRUE,3,1,1,0.7266,0.5216,0.8891
"LANO","9466_SE",9466,"SE","Northern Region",57.31575,-125.49037,2025,TRUE,4,1,1,0.7021,0.4898,0.8698
"LANO","9466_SW",9466,"SW","Northern Region",57.29483,-125.51474,2017,FALSE,0,NA,NA,0.7855,0.5532,0.9399
"LANO","9466_SW",9466,"SW","Northern Region",57.29483,-125.51474,2018,FALSE,0,NA,NA,0.8042,0.6601,0.91
"LANO","9466_SW",9466,"SW","Northern Region",57.29483,-125.51474,2019,FALSE,0,NA,NA,0.7814,0.6676,0.8742
"LANO","9466_SW",9466,"SW","Northern Region",57.29483,-125.51474,2020,FALSE,0,NA,NA,0.7476,0.6205,0.8513
"LANO","9466_SW",9466,"SW","Northern Region",57.29483,-125.51474,2021,FALSE,0,NA,NA,0.7273,0.5954,0.8387
"LANO","9466_SW",9466,"SW","Northern Region",57.29483,-125.51474,2022,TRUE,4,0,0.0013,0.7655,0.6521,0.862
"LANO","9466_SW",9466,"SW","Northern Region",57.29483,-125.51474,2023,FALSE,0,NA,NA,0.7882,0.6701,0.8832
"LANO","9466_SW",9466,"SW","Northern Region",57.29483,-125.51474,2024,TRUE,3,1,1,0.8357,0.7238,0.9235
"LANO","9466_SW",9466,"SW","Northern Region",57.29483,-125.51474,2025,TRUE,4,1,1,0.7906,0.677,0.8811
"LANO","986_NE",986,"NE","Northern Region",53.188,-121.30225,2017,FALSE,0,NA,NA,0.8126,0.3755,0.9888
"LANO","986_NE",986,"NE","Northern Region",53.188,-121.30225,2018,TRUE,3,1,1,0.8225,0.6195,0.9475
"LANO","986_NE",986,"NE","Northern Region",53.188,-121.30225,2019,TRUE,3,1,1,0.7755,0.5809,0.9143
"LANO","986_NE",986,"NE","Northern Region",53.188,-121.30225,2020,TRUE,4,1,1,0.7401,0.5171,0.9024
"LANO","986_NE",986,"NE","Northern Region",53.188,-121.30225,2021,TRUE,4,0,0.0016,0.7185,0.5085,0.8861
"LANO","986_NE",986,"NE","Northern Region",53.188,-121.30225,2022,TRUE,4,1,1,0.7772,0.5721,0.9187
"LANO","986_NE",986,"NE","Northern Region",53.188,-121.30225,2023,TRUE,4,1,1,0.7979,0.5904,0.9375
"LANO","986_NE",986,"NE","Northern Region",53.188,-121.30225,2024,TRUE,4,1,1,0.8556,0.6526,0.9713
"LANO","986_NE",986,"NE","Northern Region",53.188,-121.30225,2025,TRUE,4,1,1,0.7708,0.56,0.9181
"LANO","986_SE",986,"SE","Northern Region",53.1392,-121.2577,2017,FALSE,0,NA,NA,0.7477,0.4696,0.9326
"LANO","986_SE",986,"SE","Northern Region",53.1392,-121.2577,2018,FALSE,0,NA,NA,0.7504,0.5678,0.8924
"LANO","986_SE",986,"SE","Northern Region",53.1392,-121.2577,2019,TRUE,3,1,1,0.6989,0.511,0.8513
"LANO","986_SE",986,"SE","Northern Region",53.1392,-121.2577,2020,TRUE,2,0,0.442,0.6558,0.4455,0.8305
"LANO","986_SE",986,"SE","Northern Region",53.1392,-121.2577,2021,FALSE,0,NA,NA,0.6409,0.4393,0.8151
"LANO","986_SE",986,"SE","Northern Region",53.1392,-121.2577,2022,TRUE,4,1,1,0.6998,0.5051,0.8555
"LANO","986_SE",986,"SE","Northern Region",53.1392,-121.2577,2023,TRUE,4,1,1,0.7255,0.5289,0.8808
"LANO","986_SE",986,"SE","Northern Region",53.1392,-121.2577,2024,TRUE,4,1,1,0.7947,0.6014,0.9347
"LANO","986_SE",986,"SE","Northern Region",53.1392,-121.2577,2025,TRUE,4,1,1,0.7002,0.4965,0.861
