"species","site","GRTS_Cell_ID","Quadrant","region","lat","long","year","surveyed","n_visits","detected","p_occupied","psi_expected","psi_expected_lo95","psi_expected_hi95"
"COTO","110378_NE",110378,"NE","Okanagan Region",49.04717,-119.5574,2017,FALSE,0,NA,NA,0.0886,0.0072,0.2943
"COTO","110378_NE",110378,"NE","Okanagan Region",49.04717,-119.5574,2018,TRUE,2,0,0.0884,0.2816,0.1632,0.4481
"COTO","110378_NE",110378,"NE","Okanagan Region",49.04717,-119.5574,2019,TRUE,4,0,0.0236,0.2635,0.1434,0.3996
"COTO","110378_NE",110378,"NE","Okanagan Region",49.04717,-119.5574,2020,TRUE,4,0,0.1182,0.3213,0.1783,0.4923
"COTO","110378_NE",110378,"NE","Okanagan Region",49.04717,-119.5574,2021,TRUE,4,1,1,0.3999,0.245,0.5943
"COTO","110378_NE",110378,"NE","Okanagan Region",49.04717,-119.5574,2022,TRUE,4,0,0.0538,0.3201,0.192,0.4855
"COTO","110378_NE",110378,"NE","Okanagan Region",49.04717,-119.5574,2023,TRUE,4,0,0.0196,0.3473,0.2164,0.5062
"COTO","110378_NE",110378,"NE","Okanagan Region",49.04717,-119.5574,2024,TRUE,4,0,0.0247,0.3271,0.1954,0.4916
"COTO","110378_NE",110378,"NE","Okanagan Region",49.04717,-119.5574,2025,TRUE,4,0,0.0209,0.328,0.1958,0.4779
"COTO","110378_NW",110378,"NW","Okanagan Region",49.03536,-119.57546,2017,TRUE,4,0,0.0524,0.1539,0.0108,0.5095
"COTO","110378_NW",110378,"NW","Okanagan Region",49.03536,-119.57546,2018,TRUE,4,0,0.0424,0.2476,0.1246,0.4126
"COTO","110378_NW",110378,"NW","Okanagan Region",49.03536,-119.57546,2019,TRUE,4,0,0.0173,0.2102,0.1023,0.3329
"COTO","110378_NW",110378,"NW","Okanagan Region",49.03536,-119.57546,2020,TRUE,4,0,0.0831,0.2563,0.1311,0.4224
"COTO","110378_NW",110378,"NW","Okanagan Region",49.03536,-119.57546,2021,TRUE,4,1,1,0.3243,0.1847,0.5179
"COTO","110378_NW",110378,"NW","Okanagan Region",49.03536,-119.57546,2022,TRUE,4,0,0.0609,0.2425,0.1354,0.3803
"COTO","110378_NW",110378,"NW","Okanagan Region",49.03536,-119.57546,2023,TRUE,4,1,1,0.2693,0.1539,0.4137
"COTO","110378_NW",110378,"NW","Okanagan Region",49.03536,-119.57546,2024,TRUE,4,1,1,0.2507,0.1394,0.3954
"COTO","110378_NW",110378,"NW","Okanagan Region",49.03536,-119.57546,2025,TRUE,4,0,0.0269,0.2498,0.1371,0.3844
"COTO","110378_SE",110378,"SE","Okanagan Region",49.01485,-119.53228,2017,FALSE,0,NA,NA,0.1087,0.0072,0.3796
"COTO","110378_SE",110378,"SE","Okanagan Region",49.01485,-119.53228,2018,TRUE,2,0,0.1656,0.2341,0.1244,0.3887
"COTO","110378_SE",110378,"SE","Okanagan Region",49.01485,-119.53228,2019,TRUE,4,1,1,0.2126,0.1078,0.338
"COTO","110378_SE",110378,"SE","Okanagan Region",49.01485,-119.53228,2020,TRUE,4,1,1,0.2592,0.1325,0.4208
"COTO","110378_SE",110378,"SE","Okanagan Region",49.01485,-119.53228,2021,TRUE,4,0,0.1496,0.3306,0.188,0.5182
"COTO","110378_SE",110378,"SE","Okanagan Region",49.01485,-119.53228,2022,TRUE,4,0,0.0436,0.2576,0.1467,0.4098
"COTO","110378_SE",110378,"SE","Okanagan Region",49.01485,-119.53228,2023,TRUE,4,0,0.0287,0.2798,0.1617,0.4279
"COTO","110378_SE",110378,"SE","Okanagan Region",49.01485,-119.53228,2024,TRUE,4,0,0.0793,0.2626,0.1462,0.414
"COTO","110378_SE",110378,"SE","Okanagan Region",49.01485,-119.53228,2025,TRUE,4,1,1,0.262,0.1457,0.4038
"COTO","110378_SW",110378,"SW","Okanagan Region",49.00412,-119.59552,2017,TRUE,4,0,0.0458,0.1365,0.0135,0.4155
"COTO","110378_SW",110378,"SW","Okanagan Region",49.00412,-119.59552,2018,TRUE,4,0,0.1302,0.2553,0.1462,0.3994
"COTO","110378_SW",110378,"SW","Okanagan Region",49.00412,-119.59552,2019,TRUE,4,1,1,0.258,0.1429,0.387
"COTO","110378_SW",110378,"SW","Okanagan Region",49.00412,-119.59552,2020,TRUE,4,0,0.2853,0.3145,0.1779,0.474
"COTO","110378_SW",110378,"SW","Okanagan Region",49.00412,-119.59552,2021,TRUE,4,0,0.2331,0.3949,0.2462,0.5792
"COTO","110378_SW",110378,"SW","Okanagan Region",49.00412,-119.59552,2022,TRUE,4,1,1,0.3322,0.1998,0.4974
"COTO","110378_SW",110378,"SW","Okanagan Region",49.00412,-119.59552,2023,TRUE,4,0,0.312,0.3544,0.218,0.5222
"COTO","110378_SW",110378,"SW","Okanagan Region",49.00412,-119.59552,2024,TRUE,4,1,1,0.3371,0.2008,0.5123
"COTO","110378_SW",110378,"SW","Okanagan Region",49.00412,-119.59552,2025,TRUE,4,0,0.136,0.3381,0.2015,0.5059
"COTO","111466_NE",111466,"NE","Kootenay Region",49.00129,-115.06184,2017,FALSE,0,NA,NA,0.6493,0.3126,0.9215
"COTO","111466_NE",111466,"NE","Kootenay Region",49.00129,-115.06184,2018,FALSE,0,NA,NA,0.5013,0.2214,0.7512
"COTO","111466_NE",111466,"NE","Kootenay Region",49.00129,-115.06184,2019,FALSE,0,NA,NA,0.4787,0.2662,0.6969
"COTO","111466_NE",111466,"NE","Kootenay Region",49.00129,-115.06184,2020,FALSE,0,NA,NA,0.5148,0.3371,0.6992
"COTO","111466_NE",111466,"NE","Kootenay Region",49.00129,-115.06184,2021,FALSE,0,NA,NA,0.5744,0.4026,0.7502
"COTO","111466_NE",111466,"NE","Kootenay Region",49.00129,-115.06184,2022,FALSE,0,NA,NA,0.5535,0.3766,0.7357
"COTO","111466_NE",111466,"NE","Kootenay Region",49.00129,-115.06184,2023,TRUE,4,1,1,0.573,0.3946,0.7494
"COTO","111466_NE",111466,"NE","Kootenay Region",49.00129,-115.06184,2024,FALSE,0,NA,NA,0.5659,0.3745,0.753
"COTO","111466_NE",111466,"NE","Kootenay Region",49.00129,-115.06184,2025,TRUE,4,0,0.6569,0.5709,0.3744,0.7653
"COTO","111466_NW",111466,"NW","Kootenay Region",49.01861,-115.09568,2017,FALSE,0,NA,NA,0.4937,0.2196,0.797
"COTO","111466_NW",111466,"NW","Kootenay Region",49.01861,-115.09568,2018,FALSE,0,NA,NA,0.4909,0.2686,0.7343
"COTO","111466_NW",111466,"NW","Kootenay Region",49.01861,-115.09568,2019,FALSE,0,NA,NA,0.5084,0.3127,0.7178
"COTO","111466_NW",111466,"NW","Kootenay Region",49.01861,-115.09568,2020,FALSE,0,NA,NA,0.5509,0.3612,0.743
"COTO","111466_NW",111466,"NW","Kootenay Region",49.01861,-115.09568,2021,FALSE,0,NA,NA,0.6102,0.4261,0.7842
"COTO","111466_NW",111466,"NW","Kootenay Region",49.01861,-115.09568,2022,FALSE,0,NA,NA,0.6202,0.429,0.7986
"COTO","111466_NW",111466,"NW","Kootenay Region",49.01861,-115.09568,2023,TRUE,4,0,0.4044,0.6461,0.4529,0.8182
"COTO","111466_NW",111466,"NW","Kootenay Region",49.01861,-115.09568,2024,FALSE,0,NA,NA,0.6546,0.4501,0.8333
"COTO","111466_NW",111466,"NW","Kootenay Region",49.01861,-115.09568,2025,TRUE,4,0,0.4316,0.6664,0.451,0.8451
"COTO","114602_NE",114602,"NE","South Coastal Region",49.70588,-125.06708,2017,FALSE,0,NA,NA,0.318,0.1103,0.587
"COTO","114602_NE",114602,"NE","South Coastal Region",49.70588,-125.06708,2018,TRUE,3,1,1,0.4397,0.2728,0.6162
"COTO","114602_NE",114602,"NE","South Coastal Region",49.70588,-125.06708,2019,TRUE,4,1,1,0.5088,0.3518,0.6703
"COTO","114602_NE",114602,"NE","South Coastal Region",49.70588,-125.06708,2020,FALSE,0,NA,NA,0.5915,0.4324,0.7561
"COTO","114602_NE",114602,"NE","South Coastal Region",49.70588,-125.06708,2021,FALSE,0,NA,NA,0.6834,0.5294,0.8325
"COTO","114602_NE",114602,"NE","South Coastal Region",49.70588,-125.06708,2022,TRUE,4,1,1,0.6894,0.5226,0.843
"COTO","114602_NE",114602,"NE","South Coastal Region",49.70588,-125.06708,2023,FALSE,0,NA,NA,0.7211,0.5547,0.866
"COTO","114602_NE",114602,"NE","South Coastal Region",49.70588,-125.06708,2024,TRUE,4,1,1,0.7251,0.5428,0.8798
"COTO","114602_NE",114602,"NE","South Coastal Region",49.70588,-125.06708,2025,TRUE,4,1,1,0.7357,0.5497,0.8914
"COTO","114602_NW",114602,"NW","South Coastal Region",49.67623,-125.13792,2017,FALSE,0,NA,NA,0.1932,0.0431,0.4532
"COTO","114602_NW",114602,"NW","South Coastal Region",49.67623,-125.13792,2018,TRUE,3,0,0.1047,0.3154,0.183,0.4854
"COTO","114602_NW",114602,"NW","South Coastal Region",49.67623,-125.13792,2019,TRUE,4,0,0.1167,0.3652,0.2228,0.5316
"COTO","114602_NW",114602,"NW","South Coastal Region",49.67623,-125.13792,2020,TRUE,4,0,0.2904,0.4425,0.2798,0.6247
"COTO","114602_NW",114602,"NW","South Coastal Region",49.67623,-125.13792,2021,TRUE,4,1,1,0.5372,0.361,0.7275
"COTO","114602_NW",114602,"NW","South Coastal Region",49.67623,-125.13792,2022,TRUE,4,1,1,0.5219,0.3334,0.7241
"COTO","114602_NW",114602,"NW","South Coastal Region",49.67623,-125.13792,2023,FALSE,0,NA,NA,0.552,0.3615,0.7467
"COTO","114602_NW",114602,"NW","South Coastal Region",49.67623,-125.13792,2024,TRUE,4,1,1,0.5481,0.3431,0.7614
"COTO","114602_NW",114602,"NW","South Coastal Region",49.67623,-125.13792,2025,TRUE,4,1,1,0.5553,0.3451,0.774
"COTO","114602_SE",114602,"SE","South Coastal Region",49.65756,-125.0438,2017,FALSE,0,NA,NA,0.4603,0.1408,0.8379
"COTO","114602_SE",114602,"SE","South Coastal Region",49.65756,-125.0438,2018,TRUE,3,1,1,0.4365,0.2177,0.7001
"COTO","114602_SE",114602,"SE","South Coastal Region",49.65756,-125.0438,2019,TRUE,4,1,1,0.4507,0.2714,0.6653
"COTO","114602_SE",114602,"SE","South Coastal Region",49.65756,-125.0438,2020,TRUE,4,1,1,0.4964,0.3207,0.6894
"COTO","114602_SE",114602,"SE","South Coastal Region",49.65756,-125.0438,2021,TRUE,4,1,1,0.5633,0.3924,0.7385
"COTO","114602_SE",114602,"SE","South Coastal Region",49.65756,-125.0438,2022,TRUE,4,1,1,0.5639,0.3837,0.7414
"COTO","114602_SE",114602,"SE","South Coastal Region",49.65756,-125.0438,2023,FALSE,0,NA,NA,0.5889,0.4033,0.7686
"COTO","114602_SE",114602,"SE","South Coastal Region",49.65756,-125.0438,2024,TRUE,4,1,1,0.5907,0.3884,0.7828
"COTO","114602_SE",114602,"SE","South Coastal Region",49.65756,-125.0438,2025,TRUE,4,1,1,0.5997,0.3927,0.7971
"COTO","114602_SW",114602,"SW","South Coastal Region",49.64146,-125.08654,2017,FALSE,0,NA,NA,0.376,0.1318,0.6974
"COTO","114602_SW",114602,"SW","South Coastal Region",49.64146,-125.08654,2018,TRUE,4,0,0.1444,0.3687,0.2002,0.5517
"COTO","114602_SW",114602,"SW","South Coastal Region",49.64146,-125.08654,2019,TRUE,4,0,0.1622,0.386,0.2404,0.5406
"COTO","114602_SW",114602,"SW","South Coastal Region",49.64146,-125.08654,2020,TRUE,4,0,0.3702,0.4454,0.305,0.5978
"COTO","114602_SW",114602,"SW","South Coastal Region",49.64146,-125.08654,2021,TRUE,4,1,1,0.5277,0.3869,0.6807
"COTO","114602_SW",114602,"SW","South Coastal Region",49.64146,-125.08654,2022,TRUE,2,0,0.5536,0.508,0.3594,0.6665
"COTO","114602_SW",114602,"SW","South Coastal Region",49.64146,-125.08654,2023,FALSE,0,NA,NA,0.5331,0.3829,0.6928
"COTO","114602_SW",114602,"SW","South Coastal Region",49.64146,-125.08654,2024,TRUE,4,0,0.2513,0.5261,0.36,0.7074
"COTO","114602_SW",114602,"SW","South Coastal Region",49.64146,-125.08654,2025,TRUE,4,0,0.2238,0.5317,0.3578,0.7158
"COTO","115322_NE",115322,"NE","Northern Region",52.37764,-125.98565,2017,FALSE,0,NA,NA,0.0764,0.0055,0.3066
"COTO","115322_NE",115322,"NE","Northern Region",52.37764,-125.98565,2018,TRUE,3,0,0.0082,0.0263,0.0027,0.1011
"COTO","115322_NE",115322,"NE","Northern Region",52.37764,-125.98565,2019,FALSE,0,NA,NA,0.0167,0.0014,0.0688
"COTO","115322_NE",115322,"NE","Northern Region",52.37764,-125.98565,2020,TRUE,3,0,0.0011,0.0151,0.0012,0.0599
"COTO","115322_NE",115322,"NE","Northern Region",52.37764,-125.98565,2021,TRUE,4,0,7e-04,0.0159,0.0015,0.0587
"COTO","115322_NE",115322,"NE","Northern Region",52.37764,-125.98565,2022,TRUE,3,0,2e-04,0.0136,0.0011,0.0542
"COTO","115322_NE",115322,"NE","Northern Region",52.37764,-125.98565,2023,TRUE,4,0,0,0.0136,0.001,0.055
"COTO","115322_NE",115322,"NE","Northern Region",52.37764,-125.98565,2024,FALSE,0,NA,NA,0.0129,9e-04,0.0535
"COTO","115322_NE",115322,"NE","Northern Region",52.37764,-125.98565,2025,TRUE,4,0,2e-04,0.0126,8e-04,0.0539
"COTO","115322_NW",115322,"NW","Northern Region",52.37481,-126.08159,2017,FALSE,0,NA,NA,0.329,0.0148,0.9098
"COTO","115322_NW",115322,"NW","Northern Region",52.37481,-126.08159,2018,TRUE,2,0,0.0124,0.0543,0.0036,0.2454
"COTO","115322_NW",115322,"NW","Northern Region",52.37481,-126.08159,2019,TRUE,3,0,0.0018,0.028,0.0013,0.1683
"COTO","115322_NW",115322,"NW","Northern Region",52.37481,-126.08159,2020,TRUE,3,0,0.0022,0.0233,0.0011,0.141
"COTO","115322_NW",115322,"NW","Northern Region",52.37481,-126.08159,2021,TRUE,4,0,9e-04,0.0235,0.0014,0.1268
"COTO","115322_NW",115322,"NW","Northern Region",52.37481,-126.08159,2022,TRUE,3,0,0.0011,0.0184,0.001,0.1059
"COTO","115322_NW",115322,"NW","Northern Region",52.37481,-126.08159,2023,TRUE,4,0,2e-04,0.0177,9e-04,0.0986
"COTO","115322_NW",115322,"NW","Northern Region",52.37481,-126.08159,2024,TRUE,4,0,2e-04,0.0161,9e-04,0.0923
"COTO","115322_NW",115322,"NW","Northern Region",52.37481,-126.08159,2025,TRUE,4,0,4e-04,0.0153,8e-04,0.0848
"COTO","115322_SE",115322,"SE","Northern Region",52.35752,-126.01253,2017,FALSE,0,NA,NA,0.1644,0.0129,0.5534
"COTO","115322_SE",115322,"SE","Northern Region",52.35752,-126.01253,2018,TRUE,2,0,0.006,0.0487,0.0043,0.1821
"COTO","115322_SE",115322,"SE","Northern Region",52.35752,-126.01253,2019,TRUE,3,0,0.0013,0.0288,0.0019,0.1237
"COTO","115322_SE",115322,"SE","Northern Region",52.35752,-126.01253,2020,FALSE,0,NA,NA,0.0245,0.0015,0.1092
"COTO","115322_SE",115322,"SE","Northern Region",52.35752,-126.01253,2021,TRUE,2,0,0.0018,0.0239,0.0017,0.1017
"COTO","115322_SE",115322,"SE","Northern Region",52.35752,-126.01253,2022,TRUE,4,0,2e-04,0.0198,0.0012,0.0963
"COTO","115322_SE",115322,"SE","Northern Region",52.35752,-126.01253,2023,TRUE,4,0,2e-04,0.0191,0.0011,0.0912
"COTO","115322_SE",115322,"SE","Northern Region",52.35752,-126.01253,2024,TRUE,3,0,2e-04,0.0176,9e-04,0.0845
"COTO","115322_SE",115322,"SE","Northern Region",52.35752,-126.01253,2025,TRUE,4,0,0,0.0169,9e-04,0.0815
"COTO","115322_SW",115322,"SW","Northern Region",52.34498,-126.07967,2017,FALSE,0,NA,NA,0.1389,0.0118,0.4775
"COTO","115322_SW",115322,"SW","Northern Region",52.34498,-126.07967,2018,TRUE,3,0,0.0091,0.0268,0.0043,0.0848
"COTO","115322_SW",115322,"SW","Northern Region",52.34498,-126.07967,2019,TRUE,3,0,0.006,0.0209,0.0025,0.0653
"COTO","115322_SW",115322,"SW","Northern Region",52.34498,-126.07967,2020,TRUE,3,0,0.0104,0.0245,0.0031,0.0795
"COTO","115322_SW",115322,"SW","Northern Region",52.34498,-126.07967,2021,TRUE,2,0,0.0147,0.0352,0.0045,0.1123
"COTO","115322_SW",115322,"SW","Northern Region",52.34498,-126.07967,2022,TRUE,2,0,0.0073,0.0256,0.0034,0.0787
"COTO","115322_SW",115322,"SW","Northern Region",52.34498,-126.07967,2023,TRUE,4,0,0.0053,0.0263,0.0034,0.0823
"COTO","115322_SW",115322,"SW","Northern Region",52.34498,-126.07967,2024,TRUE,3,0,0.0071,0.0248,0.0032,0.0778
"COTO","115322_SW",115322,"SW","Northern Region",52.34498,-126.07967,2025,TRUE,4,0,0.0031,0.0237,0.003,0.0716
"COTO","1194_NW",1194,"NW","Kootenay Region",50.11749,-117.523,2017,TRUE,4,0,0.2622,0.653,0.3453,0.9078
"COTO","1194_NW",1194,"NW","Kootenay Region",50.11749,-117.523,2018,TRUE,2,0,0.1156,0.518,0.2174,0.7577
"COTO","1194_NW",1194,"NW","Kootenay Region",50.11749,-117.523,2019,TRUE,4,0,0.0418,0.5094,0.2925,0.7183
"COTO","1194_NW",1194,"NW","Kootenay Region",50.11749,-117.523,2020,TRUE,4,0,0.0758,0.5606,0.3719,0.7454
"COTO","1194_NW",1194,"NW","Kootenay Region",50.11749,-117.523,2021,TRUE,4,0,0.08,0.6296,0.4503,0.7963
"COTO","1194_NW",1194,"NW","Kootenay Region",50.11749,-117.523,2022,TRUE,4,0,0.0607,0.6029,0.4132,0.7782
"COTO","1194_NW",1194,"NW","Kootenay Region",50.11749,-117.523,2023,TRUE,4,0,0.0531,0.6262,0.4375,0.7952
"COTO","1194_NW",1194,"NW","Kootenay Region",50.11749,-117.523,2024,TRUE,4,0,0.0776,0.6176,0.4154,0.7989
"COTO","1194_NW",1194,"NW","Kootenay Region",50.11749,-117.523,2025,TRUE,3,0,0.1469,0.6236,0.4215,0.8082
"COTO","1194_SW",1194,"SW","Kootenay Region",50.0903,-117.4679,2017,TRUE,4,1,1,0.7814,0.3762,0.9839
"COTO","1194_SW",1194,"SW","Kootenay Region",50.0903,-117.4679,2018,FALSE,0,NA,NA,0.6294,0.2927,0.8746
"COTO","1194_SW",1194,"SW","Kootenay Region",50.0903,-117.4679,2019,TRUE,4,0,0.1249,0.6025,0.3265,0.8364
"COTO","1194_SW",1194,"SW","Kootenay Region",50.0903,-117.4679,2020,TRUE,4,0,0.122,0.6289,0.4018,0.8354
"COTO","1194_SW",1194,"SW","Kootenay Region",50.0903,-117.4679,2021,TRUE,4,0,0.16,0.6747,0.4588,0.8612
"COTO","1194_SW",1194,"SW","Kootenay Region",50.0903,-117.4679,2022,FALSE,0,NA,NA,0.6575,0.4321,0.8523
"COTO","1194_SW",1194,"SW","Kootenay Region",50.0903,-117.4679,2023,FALSE,0,NA,NA,0.6731,0.4452,0.8664
"COTO","1194_SW",1194,"SW","Kootenay Region",50.0903,-117.4679,2024,FALSE,0,NA,NA,0.6666,0.4209,0.8691
"COTO","1194_SW",1194,"SW","Kootenay Region",50.0903,-117.4679,2025,FALSE,0,NA,NA,0.6712,0.4214,0.8766
"COTO","12522_NE",12522,"NE","South Coastal Region",49.72155,-124.51563,2017,FALSE,0,NA,NA,0.3462,0.1254,0.6367
"COTO","12522_NE",12522,"NE","South Coastal Region",49.72155,-124.51563,2018,FALSE,0,NA,NA,0.3788,0.2109,0.5517
"COTO","12522_NE",12522,"NE","South Coastal Region",49.72155,-124.51563,2019,TRUE,3,0,0.0818,0.3986,0.239,0.5612
"COTO","12522_NE",12522,"NE","South Coastal Region",49.72155,-124.51563,2020,TRUE,3,0,0.1104,0.4715,0.3092,0.6416
"COTO","12522_NE",12522,"NE","South Coastal Region",49.72155,-124.51563,2021,TRUE,4,0,0.1038,0.5599,0.3947,0.7395
"COTO","12522_NE",12522,"NE","South Coastal Region",49.72155,-124.51563,2022,TRUE,3,0,0.1164,0.5082,0.3368,0.689
"COTO","12522_NE",12522,"NE","South Coastal Region",49.72155,-124.51563,2023,FALSE,0,NA,NA,0.5358,0.3607,0.7158
"COTO","12522_NE",12522,"NE","South Coastal Region",49.72155,-124.51563,2024,FALSE,0,NA,NA,0.521,0.339,0.7149
"COTO","12522_NE",12522,"NE","South Coastal Region",49.72155,-124.51563,2025,FALSE,0,NA,NA,0.5257,0.3425,0.7254
"COTO","12522_NW",12522,"NW","South Coastal Region",49.75757,-124.56308,2017,TRUE,4,0,0.1702,0.2698,0.0552,0.5875
"COTO","12522_NW",12522,"NW","South Coastal Region",49.75757,-124.56308,2018,TRUE,3,1,1,0.499,0.3,0.713
"COTO","12522_NW",12522,"NW","South Coastal Region",49.75757,-124.56308,2019,TRUE,2,0,0.7024,0.5966,0.3907,0.7938
"COTO","12522_NW",12522,"NW","South Coastal Region",49.75757,-124.56308,2020,TRUE,3,0,0.7029,0.6916,0.4858,0.8743
"COTO","12522_NW",12522,"NW","South Coastal Region",49.75757,-124.56308,2021,FALSE,0,NA,NA,0.7792,0.5906,0.9267
"COTO","12522_NW",12522,"NW","South Coastal Region",49.75757,-124.56308,2022,FALSE,0,NA,NA,0.7787,0.5784,0.9284
"COTO","12522_NW",12522,"NW","South Coastal Region",49.75757,-124.56308,2023,FALSE,0,NA,NA,0.8085,0.6148,0.9411
"COTO","12522_NW",12522,"NW","South Coastal Region",49.75757,-124.56308,2024,TRUE,4,1,1,0.8099,0.601,0.9501
"COTO","12522_NW",12522,"NW","South Coastal Region",49.75757,-124.56308,2025,FALSE,0,NA,NA,0.819,0.6075,0.956
"COTO","12522_SE",12522,"SE","South Coastal Region",49.70213,-124.47636,2017,TRUE,3,0,0.0476,0.3554,0.1208,0.6746
"COTO","12522_SE",12522,"SE","South Coastal Region",49.70213,-124.47636,2018,TRUE,3,0,0.0373,0.4137,0.2296,0.6462
"COTO","12522_SE",12522,"SE","South Coastal Region",49.70213,-124.47636,2019,FALSE,0,NA,NA,0.4602,0.2899,0.6616
"COTO","12522_SE",12522,"SE","South Coastal Region",49.70213,-124.47636,2020,TRUE,3,0,0.0376,0.52,0.348,0.7034
"COTO","12522_SE",12522,"SE","South Coastal Region",49.70213,-124.47636,2021,TRUE,2,0,0.0447,0.5966,0.4251,0.7673
"COTO","12522_SE",12522,"SE","South Coastal Region",49.70213,-124.47636,2022,FALSE,0,NA,NA,0.6193,0.4427,0.793
"COTO","12522_SE",12522,"SE","South Coastal Region",49.70213,-124.47636,2023,TRUE,4,0,0.0153,0.6526,0.4676,0.8201
"COTO","12522_SE",12522,"SE","South Coastal Region",49.70213,-124.47636,2024,TRUE,4,0,0.0658,0.6673,0.4664,0.8421
"COTO","12522_SE",12522,"SE","South Coastal Region",49.70213,-124.47636,2025,FALSE,0,NA,NA,0.6835,0.4748,0.858
"COTO","12522_SW",12522,"SW","South Coastal Region",49.7022,-124.52268,2017,TRUE,3,0,0.1582,0.2846,0.0876,0.5493
"COTO","12522_SW",12522,"SW","South Coastal Region",49.7022,-124.52268,2018,TRUE,3,0,0.4593,0.3882,0.2353,0.5649
"COTO","12522_SW",12522,"SW","South Coastal Region",49.7022,-124.52268,2019,TRUE,3,1,1,0.4504,0.3075,0.6033
"COTO","12522_SW",12522,"SW","South Coastal Region",49.7022,-124.52268,2020,TRUE,3,0,0.9429,0.5277,0.3795,0.6805
"COTO","12522_SW",12522,"SW","South Coastal Region",49.7022,-124.52268,2021,TRUE,4,1,1,0.62,0.4721,0.7658
"COTO","12522_SW",12522,"SW","South Coastal Region",49.7022,-124.52268,2022,TRUE,3,0,0.6613,0.6342,0.4743,0.7877
"COTO","12522_SW",12522,"SW","South Coastal Region",49.7022,-124.52268,2023,FALSE,0,NA,NA,0.6687,0.5065,0.816
"COTO","12522_SW",12522,"SW","South Coastal Region",49.7022,-124.52268,2024,FALSE,0,NA,NA,0.6771,0.4982,0.8397
"COTO","12522_SW",12522,"SW","South Coastal Region",49.7022,-124.52268,2025,FALSE,0,NA,NA,0.69,0.5036,0.8549
"COTO","127850_NE",127850,"NE","Kootenay Region",49.31307,-115.01912,2017,TRUE,4,0,0.1991,0.4082,0.1197,0.8051
"COTO","127850_NE",127850,"NE","Kootenay Region",49.31307,-115.01912,2018,FALSE,0,NA,NA,0.215,0.0696,0.4305
"COTO","127850_NE",127850,"NE","Kootenay Region",49.31307,-115.01912,2019,TRUE,4,0,0.1251,0.2183,0.076,0.3981
"COTO","127850_NE",127850,"NE","Kootenay Region",49.31307,-115.01912,2020,TRUE,4,1,1,0.2526,0.0979,0.4568
"COTO","127850_NE",127850,"NE","Kootenay Region",49.31307,-115.01912,2021,TRUE,4,0,0.1833,0.3111,0.1369,0.5292
"COTO","127850_NE",127850,"NE","Kootenay Region",49.31307,-115.01912,2022,FALSE,0,NA,NA,0.2358,0.0962,0.4006
"COTO","127850_NE",127850,"NE","Kootenay Region",49.31307,-115.01912,2023,FALSE,0,NA,NA,0.2641,0.1041,0.4501
"COTO","127850_NE",127850,"NE","Kootenay Region",49.31307,-115.01912,2024,FALSE,0,NA,NA,0.2433,0.1012,0.4157
"COTO","127850_NE",127850,"NE","Kootenay Region",49.31307,-115.01912,2025,FALSE,0,NA,NA,0.2446,0.0975,0.4223
"COTO","127850_NW",127850,"NW","Kootenay Region",49.3096,-115.05201,2017,TRUE,4,1,1,0.5108,0.2404,0.807
"COTO","127850_NW",127850,"NW","Kootenay Region",49.3096,-115.05201,2018,FALSE,0,NA,NA,0.3737,0.1547,0.5955
"COTO","127850_NW",127850,"NW","Kootenay Region",49.3096,-115.05201,2019,TRUE,4,0,0.5522,0.3667,0.1986,0.5587
"COTO","127850_NW",127850,"NW","Kootenay Region",49.3096,-115.05201,2020,TRUE,4,1,1,0.425,0.255,0.6144
"COTO","127850_NW",127850,"NW","Kootenay Region",49.3096,-115.05201,2021,TRUE,4,0,0.8069,0.5031,0.3272,0.6906
"COTO","127850_NW",127850,"NW","Kootenay Region",49.3096,-115.05201,2022,TRUE,4,1,1,0.4524,0.2796,0.6472
"COTO","127850_NW",127850,"NW","Kootenay Region",49.3096,-115.05201,2023,FALSE,0,NA,NA,0.4774,0.2999,0.6705
"COTO","127850_NW",127850,"NW","Kootenay Region",49.3096,-115.05201,2024,FALSE,0,NA,NA,0.4624,0.2794,0.67
"COTO","127850_NW",127850,"NW","Kootenay Region",49.3096,-115.05201,2025,FALSE,0,NA,NA,0.4663,0.2869,0.6771
"COTO","127850_SE",127850,"SE","Kootenay Region",49.28498,-114.95395,2017,FALSE,0,NA,NA,0.6004,0.2412,0.9139
"COTO","127850_SE",127850,"SE","Kootenay Region",49.28498,-114.95395,2018,FALSE,0,NA,NA,0.2725,0.0756,0.5258
"COTO","127850_SE",127850,"SE","Kootenay Region",49.28498,-114.95395,2019,TRUE,4,0,0.3529,0.2587,0.1223,0.4452
"COTO","127850_SE",127850,"SE","Kootenay Region",49.28498,-114.95395,2020,TRUE,4,1,1,0.304,0.1604,0.4859
"COTO","127850_SE",127850,"SE","Kootenay Region",49.28498,-114.95395,2021,TRUE,4,0,0.4971,0.3737,0.213,0.5714
"COTO","127850_SE",127850,"SE","Kootenay Region",49.28498,-114.95395,2022,TRUE,4,0,0.3729,0.3077,0.1689,0.4892
"COTO","127850_SE",127850,"SE","Kootenay Region",49.28498,-114.95395,2023,TRUE,4,1,1,0.3298,0.1818,0.5183
"COTO","127850_SE",127850,"SE","Kootenay Region",49.28498,-114.95395,2024,FALSE,0,NA,NA,0.312,0.1677,0.5073
"COTO","127850_SE",127850,"SE","Kootenay Region",49.28498,-114.95395,2025,FALSE,0,NA,NA,0.3135,0.1684,0.5098
"COTO","127850_SW",127850,"SW","Kootenay Region",49.2671,-115.02532,2017,TRUE,4,1,1,0.4424,0.1767,0.7684
"COTO","127850_SW",127850,"SW","Kootenay Region",49.2671,-115.02532,2018,FALSE,0,NA,NA,0.4277,0.2197,0.6634
"COTO","127850_SW",127850,"SW","Kootenay Region",49.2671,-115.02532,2019,TRUE,3,0,0.8404,0.4439,0.2669,0.644
"COTO","127850_SW",127850,"SW","Kootenay Region",49.2671,-115.02532,2020,TRUE,4,1,1,0.4964,0.3204,0.6782
"COTO","127850_SW",127850,"SW","Kootenay Region",49.2671,-115.02532,2021,TRUE,4,0,0.954,0.5681,0.3885,0.7481
"COTO","127850_SW",127850,"SW","Kootenay Region",49.2671,-115.02532,2022,TRUE,4,1,1,0.5653,0.3736,0.7519
"COTO","127850_SW",127850,"SW","Kootenay Region",49.2671,-115.02532,2023,TRUE,4,0,0.9009,0.5919,0.3988,0.7759
"COTO","127850_SW",127850,"SW","Kootenay Region",49.2671,-115.02532,2024,TRUE,4,1,1,0.5937,0.3901,0.7871
"COTO","127850_SW",127850,"SW","Kootenay Region",49.2671,-115.02532,2025,FALSE,0,NA,NA,0.603,0.3927,0.8003
"COTO","128058_NE",128058,"NE","South Coastal Region",48.84117,-123.42727,2017,FALSE,0,NA,NA,0.2288,0.0266,0.6059
"COTO","128058_NE",128058,"NE","South Coastal Region",48.84117,-123.42727,2018,TRUE,4,0,0.0047,0.3071,0.1112,0.6297
"COTO","128058_NE",128058,"NE","South Coastal Region",48.84117,-123.42727,2019,TRUE,4,0,0.0033,0.3598,0.1557,0.6477
"COTO","128058_NE",128058,"NE","South Coastal Region",48.84117,-123.42727,2020,TRUE,4,0,0.0084,0.4359,0.2146,0.6988
"COTO","128058_NE",128058,"NE","South Coastal Region",48.84117,-123.42727,2021,TRUE,4,0,0.0293,0.5279,0.294,0.7614
"COTO","128058_NE",128058,"NE","South Coastal Region",48.84117,-123.42727,2022,TRUE,2,0,0.0956,0.5801,0.337,0.7979
"COTO","128058_NE",128058,"NE","South Coastal Region",48.84117,-123.42727,2023,FALSE,0,NA,NA,0.6281,0.3815,0.8368
"COTO","128058_NE",128058,"NE","South Coastal Region",48.84117,-123.42727,2024,FALSE,0,NA,NA,0.6642,0.4121,0.8664
"COTO","128058_NE",128058,"NE","South Coastal Region",48.84117,-123.42727,2025,FALSE,0,NA,NA,0.6947,0.4379,0.8915
"COTO","128058_NW",128058,"NW","South Coastal Region",48.82144,-123.48643,2017,FALSE,0,NA,NA,0.3969,0.1394,0.7304
"COTO","128058_NW",128058,"NW","South Coastal Region",48.82144,-123.48643,2018,TRUE,4,1,1,0.2805,0.128,0.4678
"COTO","128058_NW",128058,"NW","South Coastal Region",48.82144,-123.48643,2019,TRUE,4,1,1,0.2657,0.1315,0.4223
"COTO","128058_NW",128058,"NW","South Coastal Region",48.82144,-123.48643,2020,TRUE,4,0,0.3051,0.339,0.199,0.501
"COTO","128058_NW",128058,"NW","South Coastal Region",48.82144,-123.48643,2021,TRUE,4,0,0.1342,0.4399,0.287,0.621
"COTO","128058_NW",128058,"NW","South Coastal Region",48.82144,-123.48643,2022,TRUE,4,0,0.09,0.3927,0.2454,0.5663
"COTO","128058_NW",128058,"NW","South Coastal Region",48.82144,-123.48643,2023,FALSE,0,NA,NA,0.4218,0.2601,0.5991
"COTO","128058_NW",128058,"NW","South Coastal Region",48.82144,-123.48643,2024,FALSE,0,NA,NA,0.4076,0.2429,0.5973
"COTO","128058_NW",128058,"NW","South Coastal Region",48.82144,-123.48643,2025,FALSE,0,NA,NA,0.4115,0.2476,0.6034
"COTO","128058_SW",128058,"SW","South Coastal Region",48.79828,-123.47632,2017,FALSE,0,NA,NA,0.318,0.11,0.5862
"COTO","128058_SW",128058,"SW","South Coastal Region",48.79828,-123.47632,2018,TRUE,4,1,1,0.337,0.1819,0.5227
"COTO","128058_SW",128058,"SW","South Coastal Region",48.79828,-123.47632,2019,TRUE,4,1,1,0.3602,0.2167,0.5224
"COTO","128058_SW",128058,"SW","South Coastal Region",48.79828,-123.47632,2020,TRUE,4,0,0.92,0.4334,0.2891,0.5849
"COTO","128058_SW",128058,"SW","South Coastal Region",48.79828,-123.47632,2021,TRUE,4,1,1,0.5262,0.3838,0.6764
"COTO","128058_SW",128058,"SW","South Coastal Region",48.79828,-123.47632,2022,TRUE,4,1,1,0.5381,0.3851,0.6971
"COTO","128058_SW",128058,"SW","South Coastal Region",48.79828,-123.47632,2023,FALSE,0,NA,NA,0.5736,0.4188,0.734
"COTO","128058_SW",128058,"SW","South Coastal Region",48.79828,-123.47632,2024,FALSE,0,NA,NA,0.5806,0.4064,0.7523
"COTO","128058_SW",128058,"SW","South Coastal Region",48.79828,-123.47632,2025,FALSE,0,NA,NA,0.5932,0.4115,0.7718
"COTO","132650_SE",132650,"SE","Okanagan Region",51.81828,-122.42144,2017,FALSE,0,NA,NA,0.1153,0.0112,0.3366
"COTO","132650_SE",132650,"SE","Okanagan Region",51.81828,-122.42144,2018,FALSE,0,NA,NA,0.3269,0.1606,0.5626
"COTO","132650_SE",132650,"SE","Okanagan Region",51.81828,-122.42144,2019,FALSE,0,NA,NA,0.2406,0.1122,0.3795
"COTO","132650_SE",132650,"SE","Okanagan Region",51.81828,-122.42144,2020,TRUE,4,0,0.1089,0.3051,0.1512,0.4994
"COTO","132650_SE",132650,"SE","Okanagan Region",51.81828,-122.42144,2021,TRUE,4,1,1,0.3662,0.2135,0.5777
"COTO","132650_SE",132650,"SE","Okanagan Region",51.81828,-122.42144,2022,TRUE,2,0,0.0991,0.2768,0.1442,0.4299
"COTO","132650_SE",132650,"SE","Okanagan Region",51.81828,-122.42144,2023,TRUE,3,0,0.1678,0.3223,0.1784,0.4895
"COTO","132650_SE",132650,"SE","Okanagan Region",51.81828,-122.42144,2024,TRUE,4,0,0.1122,0.2952,0.1613,0.453
"COTO","132650_SE",132650,"SE","Okanagan Region",51.81828,-122.42144,2025,TRUE,4,0,0.0769,0.2984,0.161,0.4524
"COTO","132650_SW",132650,"SW","Okanagan Region",51.80225,-122.46284,2017,FALSE,0,NA,NA,0.0839,0.0069,0.2799
"COTO","132650_SW",132650,"SW","Okanagan Region",51.80225,-122.46284,2018,FALSE,0,NA,NA,0.2063,0.1064,0.3434
"COTO","132650_SW",132650,"SW","Okanagan Region",51.80225,-122.46284,2019,FALSE,0,NA,NA,0.2438,0.1324,0.3796
"COTO","132650_SW",132650,"SW","Okanagan Region",51.80225,-122.46284,2020,TRUE,4,0,0.0591,0.3047,0.166,0.4648
"COTO","132650_SW",132650,"SW","Okanagan Region",51.80225,-122.46284,2021,TRUE,3,0,0.0689,0.3883,0.2315,0.5628
"COTO","132650_SW",132650,"SW","Okanagan Region",51.80225,-122.46284,2022,TRUE,4,0,0.0344,0.3728,0.2059,0.5622
"COTO","132650_SW",132650,"SW","Okanagan Region",51.80225,-122.46284,2023,TRUE,3,0,0.0527,0.3996,0.2271,0.5987
"COTO","132650_SW",132650,"SW","Okanagan Region",51.80225,-122.46284,2024,FALSE,0,NA,NA,0.397,0.2151,0.6104
"COTO","132650_SW",132650,"SW","Okanagan Region",51.80225,-122.46284,2025,TRUE,4,0,0.0773,0.4035,0.2226,0.6304
"COTO","137274_NE",137274,"NE","South Coastal Region",48.79,-123.6988,2017,FALSE,0,NA,NA,0.5003,0.1533,0.8753
"COTO","137274_NE",137274,"NE","South Coastal Region",48.79,-123.6988,2018,TRUE,4,0,0.6922,0.4663,0.2203,0.7467
"COTO","137274_NE",137274,"NE","South Coastal Region",48.79,-123.6988,2019,TRUE,3,1,1,0.473,0.2686,0.7146
"COTO","137274_NE",137274,"NE","South Coastal Region",48.79,-123.6988,2020,TRUE,4,0,0.8838,0.52,0.3283,0.7305
"COTO","137274_NE",137274,"NE","South Coastal Region",48.79,-123.6988,2021,FALSE,0,NA,NA,0.5856,0.4054,0.7741
"COTO","137274_NE",137274,"NE","South Coastal Region",48.79,-123.6988,2022,TRUE,4,0,0.8542,0.5937,0.4051,0.7776
"COTO","137274_NE",137274,"NE","South Coastal Region",48.79,-123.6988,2023,TRUE,4,1,1,0.62,0.4301,0.8001
"COTO","137274_NE",137274,"NE","South Coastal Region",48.79,-123.6988,2024,FALSE,0,NA,NA,0.6257,0.4175,0.8139
"COTO","137274_NE",137274,"NE","South Coastal Region",48.79,-123.6988,2025,FALSE,0,NA,NA,0.6366,0.4249,0.8281
"COTO","137274_NW",137274,"NW","South Coastal Region",48.7891,-123.719,2017,FALSE,0,NA,NA,0.4099,0.1483,0.733
"COTO","137274_NW",137274,"NW","South Coastal Region",48.7891,-123.719,2018,TRUE,4,0,0.0649,0.3866,0.2003,0.59
"COTO","137274_NW",137274,"NW","South Coastal Region",48.7891,-123.719,2019,TRUE,4,0,0.0333,0.3989,0.2434,0.5678
"COTO","137274_NW",137274,"NW","South Coastal Region",48.7891,-123.719,2020,TRUE,4,0,0.0411,0.4709,0.3244,0.6258
"COTO","137274_NW",137274,"NW","South Coastal Region",48.7891,-123.719,2021,TRUE,4,0,0.0493,0.5608,0.4144,0.7128
"COTO","137274_NW",137274,"NW","South Coastal Region",48.7891,-123.719,2022,TRUE,4,0,0.054,0.5523,0.3937,0.7084
"COTO","137274_NW",137274,"NW","South Coastal Region",48.7891,-123.719,2023,TRUE,3,0,0.1293,0.5825,0.4234,0.7396
"COTO","137274_NW",137274,"NW","South Coastal Region",48.7891,-123.719,2024,FALSE,0,NA,NA,0.5794,0.4039,0.7583
"COTO","137274_NW",137274,"NW","South Coastal Region",48.7891,-123.719,2025,FALSE,0,NA,NA,0.5876,0.4058,0.7707
"COTO","137274_SE",137274,"SE","South Coastal Region",48.7539,-123.6447,2017,FALSE,0,NA,NA,0.522,0.1538,0.9011
"COTO","137274_SE",137274,"SE","South Coastal Region",48.7539,-123.6447,2018,TRUE,4,0,0.6433,0.4417,0.1986,0.7181
"COTO","137274_SE",137274,"SE","South Coastal Region",48.7539,-123.6447,2019,TRUE,3,1,1,0.4344,0.2404,0.6665
"COTO","137274_SE",137274,"SE","South Coastal Region",48.7539,-123.6447,2020,TRUE,4,1,1,0.474,0.2917,0.6774
"COTO","137274_SE",137274,"SE","South Coastal Region",48.7539,-123.6447,2021,TRUE,2,0,0.9553,0.5498,0.374,0.7298
"COTO","137274_SE",137274,"SE","South Coastal Region",48.7539,-123.6447,2022,TRUE,4,1,1,0.5493,0.3652,0.7316
"COTO","137274_SE",137274,"SE","South Coastal Region",48.7539,-123.6447,2023,TRUE,4,1,1,0.5792,0.3861,0.7621
"COTO","137274_SE",137274,"SE","South Coastal Region",48.7539,-123.6447,2024,FALSE,0,NA,NA,0.5821,0.374,0.7799
"COTO","137274_SE",137274,"SE","South Coastal Region",48.7539,-123.6447,2025,FALSE,0,NA,NA,0.5927,0.3808,0.7989
"COTO","143274_NE",143274,"NE","South Coastal Region",50.3377,-122.8012,2017,FALSE,0,NA,NA,0.2803,0.0888,0.5753
"COTO","143274_NE",143274,"NE","South Coastal Region",50.3377,-122.8012,2018,FALSE,0,NA,NA,0.3009,0.1702,0.4612
"COTO","143274_NE",143274,"NE","South Coastal Region",50.3377,-122.8012,2019,TRUE,4,0,0.0376,0.3175,0.192,0.4565
"COTO","143274_NE",143274,"NE","South Coastal Region",50.3377,-122.8012,2020,TRUE,4,0,0.1678,0.3773,0.2421,0.5299
"COTO","143274_NE",143274,"NE","South Coastal Region",50.3377,-122.8012,2021,TRUE,4,1,1,0.4613,0.3173,0.6283
"COTO","143274_NE",143274,"NE","South Coastal Region",50.3377,-122.8012,2022,TRUE,4,1,1,0.4299,0.2819,0.5992
"COTO","143274_NE",143274,"NE","South Coastal Region",50.3377,-122.8012,2023,TRUE,4,1,1,0.4531,0.3036,0.6193
"COTO","143274_NE",143274,"NE","South Coastal Region",50.3377,-122.8012,2024,TRUE,4,1,1,0.4425,0.2811,0.6278
"COTO","143274_NE",143274,"NE","South Coastal Region",50.3377,-122.8012,2025,TRUE,4,1,1,0.4462,0.2798,0.6372
"COTO","143274_NW",143274,"NW","South Coastal Region",50.3446,-122.8479,2017,FALSE,0,NA,NA,0.2799,0.0947,0.5442
"COTO","143274_NW",143274,"NW","South Coastal Region",50.3446,-122.8479,2018,FALSE,0,NA,NA,0.4192,0.2556,0.6146
"COTO","143274_NW",143274,"NW","South Coastal Region",50.3446,-122.8479,2019,TRUE,4,0,0.1129,0.4982,0.3311,0.6797
"COTO","143274_NW",143274,"NW","South Coastal Region",50.3446,-122.8479,2020,TRUE,3,0,0.3233,0.5829,0.4078,0.7702
"COTO","143274_NW",143274,"NW","South Coastal Region",50.3446,-122.8479,2021,TRUE,4,1,1,0.6768,0.5016,0.8504
"COTO","143274_NW",143274,"NW","South Coastal Region",50.3446,-122.8479,2022,TRUE,4,0,0.7944,0.6966,0.5127,0.8662
"COTO","143274_NW",143274,"NW","South Coastal Region",50.3446,-122.8479,2023,TRUE,4,1,1,0.7317,0.5527,0.8894
"COTO","143274_NW",143274,"NW","South Coastal Region",50.3446,-122.8479,2024,TRUE,4,0,0.3558,0.7431,0.5499,0.904
"COTO","143274_NW",143274,"NW","South Coastal Region",50.3446,-122.8479,2025,TRUE,4,0,0.2696,0.7573,0.5564,0.9153
"COTO","143274_SE",143274,"SE","South Coastal Region",50.3004,-122.758,2017,FALSE,0,NA,NA,0.3081,0.1084,0.5881
"COTO","143274_SE",143274,"SE","South Coastal Region",50.3004,-122.758,2018,FALSE,0,NA,NA,0.3919,0.2317,0.5904
"COTO","143274_SE",143274,"SE","South Coastal Region",50.3004,-122.758,2019,TRUE,4,0,0.3447,0.4492,0.2992,0.618
"COTO","143274_SE",143274,"SE","South Coastal Region",50.3004,-122.758,2020,TRUE,3,1,1,0.5193,0.3656,0.6826
"COTO","143274_SE",143274,"SE","South Coastal Region",50.3004,-122.758,2021,TRUE,4,1,1,0.6057,0.451,0.7642
"COTO","143274_SE",143274,"SE","South Coastal Region",50.3004,-122.758,2022,TRUE,4,1,1,0.6276,0.4662,0.7896
"COTO","143274_SE",143274,"SE","South Coastal Region",50.3004,-122.758,2023,TRUE,4,1,1,0.6628,0.4948,0.8189
"COTO","143274_SE",143274,"SE","South Coastal Region",50.3004,-122.758,2024,TRUE,4,1,1,0.6762,0.4896,0.8414
"COTO","143274_SE",143274,"SE","South Coastal Region",50.3004,-122.758,2025,TRUE,4,1,1,0.6917,0.4986,0.8587
"COTO","143274_SW",143274,"SW","South Coastal Region",50.2961,-122.8048,2017,FALSE,0,NA,NA,0.2381,0.0684,0.5118
"COTO","143274_SW",143274,"SW","South Coastal Region",50.2961,-122.8048,2018,FALSE,0,NA,NA,0.3168,0.1861,0.4922
"COTO","143274_SW",143274,"SW","South Coastal Region",50.2961,-122.8048,2019,TRUE,4,1,1,0.3595,0.2265,0.5124
"COTO","143274_SW",143274,"SW","South Coastal Region",50.2961,-122.8048,2020,TRUE,2,0,0.8982,0.4297,0.2825,0.5945
"COTO","143274_SW",143274,"SW","South Coastal Region",50.2961,-122.8048,2021,TRUE,4,1,1,0.5202,0.3622,0.6926
"COTO","143274_SW",143274,"SW","South Coastal Region",50.2961,-122.8048,2022,TRUE,4,1,1,0.5123,0.3456,0.6922
"COTO","143274_SW",143274,"SW","South Coastal Region",50.2961,-122.8048,2023,TRUE,4,1,1,0.5416,0.3747,0.7219
"COTO","143274_SW",143274,"SW","South Coastal Region",50.2961,-122.8048,2024,TRUE,4,1,1,0.5401,0.3544,0.7359
"COTO","143274_SW",143274,"SW","South Coastal Region",50.2961,-122.8048,2025,TRUE,4,1,1,0.548,0.3554,0.7495
"COTO","145578_NE",145578,"NE","Kootenay Region",49.93178,-115.65558,2017,FALSE,0,NA,NA,0.5304,0.2568,0.8214
"COTO","145578_NE",145578,"NE","Kootenay Region",49.93178,-115.65558,2018,TRUE,4,1,1,0.5672,0.2674,0.8002
"COTO","145578_NE",145578,"NE","Kootenay Region",49.93178,-115.65558,2019,TRUE,4,1,1,0.6051,0.3789,0.8107
"COTO","145578_NE",145578,"NE","Kootenay Region",49.93178,-115.65558,2020,TRUE,4,1,1,0.6918,0.4719,0.8832
"COTO","145578_NE",145578,"NE","Kootenay Region",49.93178,-115.65558,2021,TRUE,4,1,1,0.7511,0.5383,0.9218
"COTO","145578_NE",145578,"NE","Kootenay Region",49.93178,-115.65558,2022,TRUE,3,1,1,0.6813,0.4369,0.8935
"COTO","145578_NE",145578,"NE","Kootenay Region",49.93178,-115.65558,2023,FALSE,0,NA,NA,0.7271,0.5136,0.9109
"COTO","145578_NE",145578,"NE","Kootenay Region",49.93178,-115.65558,2024,TRUE,4,1,1,0.7082,0.4797,0.9091
"COTO","145578_NE",145578,"NE","Kootenay Region",49.93178,-115.65558,2025,TRUE,4,1,1,0.7201,0.5009,0.9111
"COTO","145578_NW",145578,"NW","Kootenay Region",49.93544,-115.67497,2017,FALSE,0,NA,NA,0.4429,0.1723,0.7629
"COTO","145578_NW",145578,"NW","Kootenay Region",49.93544,-115.67497,2018,FALSE,0,NA,NA,0.3747,0.1706,0.5955
"COTO","145578_NW",145578,"NW","Kootenay Region",49.93544,-115.67497,2019,TRUE,3,0,0.2333,0.3793,0.1981,0.5857
"COTO","145578_NW",145578,"NW","Kootenay Region",49.93544,-115.67497,2020,FALSE,0,NA,NA,0.4483,0.2577,0.6583
"COTO","145578_NW",145578,"NW","Kootenay Region",49.93544,-115.67497,2021,TRUE,4,1,1,0.5283,0.3259,0.7434
"COTO","145578_NW",145578,"NW","Kootenay Region",49.93544,-115.67497,2022,TRUE,3,0,0.4747,0.4637,0.2689,0.69
"COTO","145578_NW",145578,"NW","Kootenay Region",49.93544,-115.67497,2023,TRUE,4,1,1,0.4952,0.2921,0.71
"COTO","145578_NW",145578,"NW","Kootenay Region",49.93544,-115.67497,2024,TRUE,3,1,1,0.4772,0.274,0.709
"COTO","145578_NW",145578,"NW","Kootenay Region",49.93544,-115.67497,2025,TRUE,4,1,1,0.482,0.2725,0.7114
"COTO","145578_SE",145578,"SE","Kootenay Region",49.89983,-115.64222,2017,FALSE,0,NA,NA,0.5982,0.2598,0.8999
"COTO","145578_SE",145578,"SE","Kootenay Region",49.89983,-115.64222,2018,TRUE,3,0,0.6902,0.5094,0.2405,0.7583
"COTO","145578_SE",145578,"SE","Kootenay Region",49.89983,-115.64222,2019,TRUE,4,1,1,0.5086,0.2947,0.7208
"COTO","145578_SE",145578,"SE","Kootenay Region",49.89983,-115.64222,2020,TRUE,4,0,0.8824,0.5563,0.3663,0.7509
"COTO","145578_SE",145578,"SE","Kootenay Region",49.89983,-115.64222,2021,TRUE,4,1,1,0.6225,0.4383,0.8041
"COTO","145578_SE",145578,"SE","Kootenay Region",49.89983,-115.64222,2022,TRUE,4,1,1,0.6059,0.4141,0.7949
"COTO","145578_SE",145578,"SE","Kootenay Region",49.89983,-115.64222,2023,TRUE,4,1,1,0.6283,0.4349,0.8098
"COTO","145578_SE",145578,"SE","Kootenay Region",49.89983,-115.64222,2024,FALSE,0,NA,NA,0.6237,0.4123,0.8129
"COTO","145578_SE",145578,"SE","Kootenay Region",49.89983,-115.64222,2025,TRUE,4,1,1,0.6304,0.414,0.8268
"COTO","145578_SW",145578,"SW","Kootenay Region",49.89589,-115.695,2017,FALSE,0,NA,NA,0.6928,0.275,0.9645
"COTO","145578_SW",145578,"SW","Kootenay Region",49.89589,-115.695,2018,FALSE,0,NA,NA,0.4489,0.1415,0.7325
"COTO","145578_SW",145578,"SW","Kootenay Region",49.89589,-115.695,2019,TRUE,4,0,0.2551,0.4248,0.2229,0.6623
"COTO","145578_SW",145578,"SW","Kootenay Region",49.89589,-115.695,2020,TRUE,4,0,0.4133,0.4736,0.2835,0.685
"COTO","145578_SW",145578,"SW","Kootenay Region",49.89589,-115.695,2021,TRUE,4,1,1,0.5443,0.3463,0.7493
"COTO","145578_SW",145578,"SW","Kootenay Region",49.89589,-115.695,2022,TRUE,4,1,1,0.5001,0.3049,0.7165
"COTO","145578_SW",145578,"SW","Kootenay Region",49.89589,-115.695,2023,TRUE,4,1,1,0.5223,0.3213,0.7337
"COTO","145578_SW",145578,"SW","Kootenay Region",49.89589,-115.695,2024,TRUE,4,0,0.6744,0.5091,0.2976,0.7372
"COTO","145578_SW",145578,"SW","Kootenay Region",49.89589,-115.695,2025,TRUE,4,1,1,0.5139,0.3023,0.7422
"COTO","16426_NE",16426,"NE","Northern Region",54.82137,-123.35579,2017,FALSE,0,NA,NA,0.0422,0.002,0.1771
"COTO","16426_NE",16426,"NE","Northern Region",54.82137,-123.35579,2018,TRUE,3,0,0.0024,0.0078,0.0012,0.0242
"COTO","16426_NE",16426,"NE","Northern Region",54.82137,-123.35579,2019,TRUE,3,0,0.0016,0.0054,6e-04,0.0173
"COTO","16426_NE",16426,"NE","Northern Region",54.82137,-123.35579,2020,TRUE,3,0,0.002,0.0062,7e-04,0.0206
"COTO","16426_NE",16426,"NE","Northern Region",54.82137,-123.35579,2021,TRUE,3,0,0.0024,0.0089,0.0011,0.0291
"COTO","16426_NE",16426,"NE","Northern Region",54.82137,-123.35579,2022,TRUE,3,0,0.002,0.0066,8e-04,0.021
"COTO","16426_NE",16426,"NE","Northern Region",54.82137,-123.35579,2023,FALSE,0,NA,NA,0.0068,8e-04,0.0222
"COTO","16426_NE",16426,"NE","Northern Region",54.82137,-123.35579,2024,TRUE,3,0,0.0013,0.0064,7e-04,0.0206
"COTO","16426_NE",16426,"NE","Northern Region",54.82137,-123.35579,2025,FALSE,0,NA,NA,0.0061,7e-04,0.0199
"COTO","16426_SE",16426,"SE","Northern Region",54.81895,-123.33997,2017,FALSE,0,NA,NA,0.0641,0.0039,0.2612
"COTO","16426_SE",16426,"SE","Northern Region",54.81895,-123.33997,2018,TRUE,3,0,0.0013,0.0071,0.001,0.0231
"COTO","16426_SE",16426,"SE","Northern Region",54.81895,-123.33997,2019,TRUE,3,0,0.0016,0.0044,5e-04,0.0147
"COTO","16426_SE",16426,"SE","Northern Region",54.81895,-123.33997,2020,TRUE,2,0,0.004,0.005,5e-04,0.0169
"COTO","16426_SE",16426,"SE","Northern Region",54.81895,-123.33997,2021,TRUE,3,0,0.002,0.007,8e-04,0.0227
"COTO","16426_SE",16426,"SE","Northern Region",54.81895,-123.33997,2022,TRUE,3,0,9e-04,0.0051,6e-04,0.0163
"COTO","16426_SE",16426,"SE","Northern Region",54.81895,-123.33997,2023,FALSE,0,NA,NA,0.0053,6e-04,0.0175
"COTO","16426_SE",16426,"SE","Northern Region",54.81895,-123.33997,2024,FALSE,0,NA,NA,0.005,6e-04,0.0162
"COTO","16426_SE",16426,"SE","Northern Region",54.81895,-123.33997,2025,FALSE,0,NA,NA,0.0048,5e-04,0.0158
"COTO","172090_NE",172090,"NE","South Coastal Region",49.37012,-122.94857,2017,FALSE,0,NA,NA,0.2451,0.0083,0.8526
"COTO","172090_NE",172090,"NE","South Coastal Region",49.37012,-122.94857,2018,TRUE,3,0,0.0451,0.1217,0.0244,0.3026
"COTO","172090_NE",172090,"NE","South Coastal Region",49.37012,-122.94857,2019,TRUE,3,0,0.0342,0.1084,0.0294,0.2373
"COTO","172090_NE",172090,"NE","South Coastal Region",49.37012,-122.94857,2020,TRUE,3,0,0.0736,0.1264,0.0357,0.2785
"COTO","172090_NE",172090,"NE","South Coastal Region",49.37012,-122.94857,2021,TRUE,4,0,0.052,0.1691,0.057,0.3641
"COTO","172090_NE",172090,"NE","South Coastal Region",49.37012,-122.94857,2022,TRUE,4,0,0.04,0.1252,0.0401,0.2599
"COTO","172090_NE",172090,"NE","South Coastal Region",49.37012,-122.94857,2023,TRUE,2,0,0.0567,0.1348,0.0429,0.2814
"COTO","172090_NE",172090,"NE","South Coastal Region",49.37012,-122.94857,2024,FALSE,0,NA,NA,0.1273,0.0384,0.2736
"COTO","172090_NE",172090,"NE","South Coastal Region",49.37012,-122.94857,2025,FALSE,0,NA,NA,0.1238,0.0376,0.2664
"COTO","172090_NW",172090,"NW","South Coastal Region",49.34683,-123.00985,2017,FALSE,0,NA,NA,0.2381,0.0662,0.4946
"COTO","172090_NW",172090,"NW","South Coastal Region",49.34683,-123.00985,2018,TRUE,3,0,0.022,0.3104,0.1686,0.4982
"COTO","172090_NW",172090,"NW","South Coastal Region",49.34683,-123.00985,2019,TRUE,3,0,0.012,0.3599,0.2198,0.5306
"COTO","172090_NW",172090,"NW","South Coastal Region",49.34683,-123.00985,2020,FALSE,0,NA,NA,0.4202,0.2744,0.5801
"COTO","172090_NW",172090,"NW","South Coastal Region",49.34683,-123.00985,2021,TRUE,4,0,0.0249,0.4992,0.3483,0.6593
"COTO","172090_NW",172090,"NW","South Coastal Region",49.34683,-123.00985,2022,TRUE,4,0,0.0269,0.5336,0.3727,0.6974
"COTO","172090_NW",172090,"NW","South Coastal Region",49.34683,-123.00985,2023,TRUE,3,0,0.0656,0.5746,0.4071,0.7385
"COTO","172090_NW",172090,"NW","South Coastal Region",49.34683,-123.00985,2024,FALSE,0,NA,NA,0.5975,0.4152,0.7661
"COTO","172090_NW",172090,"NW","South Coastal Region",49.34683,-123.00985,2025,FALSE,0,NA,NA,0.6194,0.4286,0.7929
"COTO","172090_SE",172090,"SE","South Coastal Region",49.32364,-122.97036,2017,FALSE,0,NA,NA,0.288,0.0973,0.549
"COTO","172090_SE",172090,"SE","South Coastal Region",49.32364,-122.97036,2018,TRUE,3,1,1,0.2795,0.1331,0.47
"COTO","172090_SE",172090,"SE","South Coastal Region",49.32364,-122.97036,2019,FALSE,0,NA,NA,0.257,0.1132,0.4366
"COTO","172090_SE",172090,"SE","South Coastal Region",49.32364,-122.97036,2020,TRUE,4,0,0.118,0.3121,0.1442,0.5277
"COTO","172090_SE",172090,"SE","South Coastal Region",49.32364,-122.97036,2021,TRUE,4,0,0.1053,0.3823,0.2026,0.618
"COTO","172090_SE",172090,"SE","South Coastal Region",49.32364,-122.97036,2022,TRUE,4,0,0.0707,0.3062,0.1522,0.5153
"COTO","172090_SE",172090,"SE","South Coastal Region",49.32364,-122.97036,2023,TRUE,3,0,0.0807,0.3604,0.1832,0.5728
"COTO","172090_SE",172090,"SE","South Coastal Region",49.32364,-122.97036,2024,FALSE,0,NA,NA,0.3393,0.1728,0.5565
"COTO","172090_SE",172090,"SE","South Coastal Region",49.32364,-122.97036,2025,FALSE,0,NA,NA,0.3436,0.1712,0.5606
"COTO","172090_SW",172090,"SW","South Coastal Region",49.31421,-123.01406,2017,FALSE,0,NA,NA,0.4768,0.1517,0.8446
"COTO","172090_SW",172090,"SW","South Coastal Region",49.31421,-123.01406,2018,TRUE,3,0,0.0469,0.3785,0.1699,0.6155
"COTO","172090_SW",172090,"SW","South Coastal Region",49.31421,-123.01406,2019,TRUE,3,0,0.0156,0.3673,0.2022,0.5577
"COTO","172090_SW",172090,"SW","South Coastal Region",49.31421,-123.01406,2020,TRUE,4,0,0.0178,0.4072,0.2504,0.5758
"COTO","172090_SW",172090,"SW","South Coastal Region",49.31421,-123.01406,2021,TRUE,4,0,0.0213,0.4735,0.3132,0.6421
"COTO","172090_SW",172090,"SW","South Coastal Region",49.31421,-123.01406,2022,TRUE,4,0,0.0164,0.4527,0.2933,0.6251
"COTO","172090_SW",172090,"SW","South Coastal Region",49.31421,-123.01406,2023,TRUE,3,0,0.0684,0.5187,0.3568,0.6873
"COTO","172090_SW",172090,"SW","South Coastal Region",49.31421,-123.01406,2024,FALSE,0,NA,NA,0.5363,0.3606,0.7188
"COTO","172090_SW",172090,"SW","South Coastal Region",49.31421,-123.01406,2025,FALSE,0,NA,NA,0.5563,0.3665,0.7452
"COTO","175354_SE",175354,"SE","Northern Region",59.42418,-125.94917,2017,FALSE,0,NA,NA,0.0646,0.0037,0.2729
"COTO","175354_SE",175354,"SE","Northern Region",59.42418,-125.94917,2018,TRUE,3,0,0.0064,0.0098,9e-04,0.0369
"COTO","175354_SE",175354,"SE","Northern Region",59.42418,-125.94917,2019,TRUE,4,0,0.0029,0.0062,4e-04,0.024
"COTO","175354_SE",175354,"SE","Northern Region",59.42418,-125.94917,2020,TRUE,4,0,0.004,0.0068,5e-04,0.0268
"COTO","175354_SE",175354,"SE","Northern Region",59.42418,-125.94917,2021,FALSE,0,NA,NA,0.0093,7e-04,0.0357
"COTO","175354_SE",175354,"SE","Northern Region",59.42418,-125.94917,2022,FALSE,0,NA,NA,0.007,5e-04,0.0263
"COTO","175354_SE",175354,"SE","Northern Region",59.42418,-125.94917,2023,FALSE,0,NA,NA,0.0073,5e-04,0.0284
"COTO","175354_SE",175354,"SE","Northern Region",59.42418,-125.94917,2024,FALSE,0,NA,NA,0.0068,4e-04,0.0257
"COTO","175354_SE",175354,"SE","Northern Region",59.42418,-125.94917,2025,FALSE,0,NA,NA,0.0066,4e-04,0.0254
"COTO","175354_SW",175354,"SW","Northern Region",59.40931,-126.09868,2017,FALSE,0,NA,NA,0.0644,0.0037,0.2709
"COTO","175354_SW",175354,"SW","Northern Region",59.40931,-126.09868,2018,TRUE,3,0,0.008,0.0156,0.0013,0.0676
"COTO","175354_SW",175354,"SW","Northern Region",59.40931,-126.09868,2019,TRUE,4,0,0.0027,0.009,5e-04,0.0429
"COTO","175354_SW",175354,"SW","Northern Region",59.40931,-126.09868,2020,TRUE,4,0,0.0036,0.0082,5e-04,0.0379
"COTO","175354_SW",175354,"SW","Northern Region",59.40931,-126.09868,2021,FALSE,0,NA,NA,0.0091,7e-04,0.0381
"COTO","175354_SW",175354,"SW","Northern Region",59.40931,-126.09868,2022,FALSE,0,NA,NA,0.0075,5e-04,0.0336
"COTO","175354_SW",175354,"SW","Northern Region",59.40931,-126.09868,2023,FALSE,0,NA,NA,0.0075,4e-04,0.0329
"COTO","175354_SW",175354,"SW","Northern Region",59.40931,-126.09868,2024,TRUE,4,0,0.0031,0.007,4e-04,0.0312
"COTO","175354_SW",175354,"SW","Northern Region",59.40931,-126.09868,2025,TRUE,4,0,0.0031,0.0069,4e-04,0.0313
"COTO","17706_NW",17706,"NW","Northern Region",51.97601,-120.10368,2017,FALSE,0,NA,NA,0.0593,0.0038,0.235
"COTO","17706_NW",17706,"NW","Northern Region",51.97601,-120.10368,2018,FALSE,0,NA,NA,0.012,0.0011,0.0505
"COTO","17706_NW",17706,"NW","Northern Region",51.97601,-120.10368,2019,TRUE,4,0,2e-04,0.0066,4e-04,0.0298
"COTO","17706_NW",17706,"NW","Northern Region",51.97601,-120.10368,2020,TRUE,2,0,7e-04,0.006,4e-04,0.0265
"COTO","17706_NW",17706,"NW","Northern Region",51.97601,-120.10368,2021,FALSE,0,NA,NA,0.0067,5e-04,0.0274
"COTO","17706_NW",17706,"NW","Northern Region",51.97601,-120.10368,2022,FALSE,0,NA,NA,0.0054,4e-04,0.0235
"COTO","17706_NW",17706,"NW","Northern Region",51.97601,-120.10368,2023,FALSE,0,NA,NA,0.0055,4e-04,0.0244
"COTO","17706_NW",17706,"NW","Northern Region",51.97601,-120.10368,2024,FALSE,0,NA,NA,0.0051,3e-04,0.0228
"COTO","17706_NW",17706,"NW","Northern Region",51.97601,-120.10368,2025,FALSE,0,NA,NA,0.0049,3e-04,0.0223
"COTO","17706_SE",17706,"SE","Northern Region",51.9408,-120.01683,2017,FALSE,0,NA,NA,0.0579,0.0041,0.2221
"COTO","17706_SE",17706,"SE","Northern Region",51.9408,-120.01683,2018,FALSE,0,NA,NA,0.0209,0.0024,0.0789
"COTO","17706_SE",17706,"SE","Northern Region",51.9408,-120.01683,2019,TRUE,4,0,2e-04,0.0142,0.0013,0.0559
"COTO","17706_SE",17706,"SE","Northern Region",51.9408,-120.01683,2020,TRUE,4,0,9e-04,0.0137,0.0013,0.053
"COTO","17706_SE",17706,"SE","Northern Region",51.9408,-120.01683,2021,FALSE,0,NA,NA,0.0154,0.0016,0.0552
"COTO","17706_SE",17706,"SE","Northern Region",51.9408,-120.01683,2022,FALSE,0,NA,NA,0.0134,0.0012,0.0509
"COTO","17706_SE",17706,"SE","Northern Region",51.9408,-120.01683,2023,TRUE,4,0,0,0.0136,0.0012,0.0524
"COTO","17706_SE",17706,"SE","Northern Region",51.9408,-120.01683,2024,TRUE,2,0,9e-04,0.013,0.001,0.0538
"COTO","17706_SE",17706,"SE","Northern Region",51.9408,-120.01683,2025,TRUE,4,0,4e-04,0.0129,0.001,0.0539
"COTO","17706_SW",17706,"SW","Northern Region",51.94316,-120.06784,2017,FALSE,0,NA,NA,0.0435,0.0022,0.1787
"COTO","17706_SW",17706,"SW","Northern Region",51.94316,-120.06784,2018,FALSE,0,NA,NA,0.0094,0.0013,0.0316
"COTO","17706_SW",17706,"SW","Northern Region",51.94316,-120.06784,2019,TRUE,4,0,2e-04,0.0061,7e-04,0.0204
"COTO","17706_SW",17706,"SW","Northern Region",51.94316,-120.06784,2020,TRUE,4,0,0.0011,0.0067,8e-04,0.023
"COTO","17706_SW",17706,"SW","Northern Region",51.94316,-120.06784,2021,FALSE,0,NA,NA,0.0096,0.0012,0.0306
"COTO","17706_SW",17706,"SW","Northern Region",51.94316,-120.06784,2022,FALSE,0,NA,NA,0.0076,9e-04,0.0258
"COTO","17706_SW",17706,"SW","Northern Region",51.94316,-120.06784,2023,TRUE,4,0,2e-04,0.0079,9e-04,0.0268
"COTO","17706_SW",17706,"SW","Northern Region",51.94316,-120.06784,2024,FALSE,0,NA,NA,0.0074,8e-04,0.0254
"COTO","17706_SW",17706,"SW","Northern Region",51.94316,-120.06784,2025,TRUE,4,0,9e-04,0.0073,8e-04,0.0252
"COTO","186330_NE",186330,"NE","Northern Region",55.95727,-122.58949,2017,FALSE,0,NA,NA,0.1154,0.0038,0.5344
"COTO","186330_NE",186330,"NE","Northern Region",55.95727,-122.58949,2018,FALSE,0,NA,NA,0.0074,9e-04,0.0276
"COTO","186330_NE",186330,"NE","Northern Region",55.95727,-122.58949,2019,FALSE,0,NA,NA,0.0043,4e-04,0.0155
"COTO","186330_NE",186330,"NE","Northern Region",55.95727,-122.58949,2020,FALSE,0,NA,NA,0.0047,4e-04,0.0173
"COTO","186330_NE",186330,"NE","Northern Region",55.95727,-122.58949,2021,FALSE,0,NA,NA,0.0066,7e-04,0.0228
"COTO","186330_NE",186330,"NE","Northern Region",55.95727,-122.58949,2022,FALSE,0,NA,NA,0.0048,5e-04,0.0166
"COTO","186330_NE",186330,"NE","Northern Region",55.95727,-122.58949,2023,FALSE,0,NA,NA,0.005,5e-04,0.0174
"COTO","186330_NE",186330,"NE","Northern Region",55.95727,-122.58949,2024,TRUE,4,0,2e-04,0.0047,5e-04,0.0161
"COTO","186330_NE",186330,"NE","Northern Region",55.95727,-122.58949,2025,TRUE,4,0,9e-04,0.0045,4e-04,0.0153
"COTO","186330_NW",186330,"NW","Northern Region",55.94606,-122.65922,2017,FALSE,0,NA,NA,0.0949,0.0062,0.3765
"COTO","186330_NW",186330,"NW","Northern Region",55.94606,-122.65922,2018,FALSE,0,NA,NA,0.0109,0.0017,0.0342
"COTO","186330_NW",186330,"NW","Northern Region",55.94606,-122.65922,2019,FALSE,0,NA,NA,0.0069,9e-04,0.0226
"COTO","186330_NW",186330,"NW","Northern Region",55.94606,-122.65922,2020,FALSE,0,NA,NA,0.0078,9e-04,0.0255
"COTO","186330_NW",186330,"NW","Northern Region",55.94606,-122.65922,2021,FALSE,0,NA,NA,0.0109,0.0014,0.034
"COTO","186330_NW",186330,"NW","Northern Region",55.94606,-122.65922,2022,FALSE,0,NA,NA,0.008,0.0011,0.025
"COTO","186330_NW",186330,"NW","Northern Region",55.94606,-122.65922,2023,FALSE,0,NA,NA,0.0083,0.001,0.0262
"COTO","186330_NW",186330,"NW","Northern Region",55.94606,-122.65922,2024,TRUE,3,0,0.0011,0.0078,9e-04,0.0241
"COTO","186330_NW",186330,"NW","Northern Region",55.94606,-122.65922,2025,TRUE,4,0,0.0011,0.0075,9e-04,0.0235
"COTO","186490_NW",186490,"NW","Northern Region",54.754,-127.12678,2017,TRUE,4,0,0.0282,0.0655,0.0044,0.2683
"COTO","186490_NW",186490,"NW","Northern Region",54.754,-127.12678,2018,TRUE,4,0,0.0056,0.0129,0.002,0.0409
"COTO","186490_NW",186490,"NW","Northern Region",54.754,-127.12678,2019,TRUE,4,0,0.0029,0.0088,0.001,0.0296
"COTO","186490_NW",186490,"NW","Northern Region",54.754,-127.12678,2020,TRUE,4,0,0.0044,0.0101,0.0012,0.0344
"COTO","186490_NW",186490,"NW","Northern Region",54.754,-127.12678,2021,TRUE,4,0,0.0047,0.0144,0.0017,0.0467
"COTO","186490_NW",186490,"NW","Northern Region",54.754,-127.12678,2022,TRUE,4,0,0.0029,0.0108,0.0013,0.0348
"COTO","186490_NW",186490,"NW","Northern Region",54.754,-127.12678,2023,FALSE,0,NA,NA,0.0112,0.0012,0.0378
"COTO","186490_NW",186490,"NW","Northern Region",54.754,-127.12678,2024,TRUE,3,0,0.0031,0.0104,0.0012,0.0346
"COTO","186490_NW",186490,"NW","Northern Region",54.754,-127.12678,2025,TRUE,4,0,0.002,0.0101,0.0011,0.0342
"COTO","186490_SE",186490,"SE","Northern Region",54.72257,-126.99742,2017,TRUE,4,0,0.0227,0.0611,0.0041,0.2404
"COTO","186490_SE",186490,"SE","Northern Region",54.72257,-126.99742,2018,TRUE,4,0,0.0038,0.0077,0.0012,0.024
"COTO","186490_SE",186490,"SE","Northern Region",54.72257,-126.99742,2019,TRUE,4,0,0.0011,0.005,6e-04,0.0165
"COTO","186490_SE",186490,"SE","Northern Region",54.72257,-126.99742,2020,TRUE,4,0,0.0027,0.0057,7e-04,0.0188
"COTO","186490_SE",186490,"SE","Northern Region",54.72257,-126.99742,2021,TRUE,4,0,0.0016,0.0081,0.001,0.0264
"COTO","186490_SE",186490,"SE","Northern Region",54.72257,-126.99742,2022,TRUE,4,0,0.0022,0.006,8e-04,0.0191
"COTO","186490_SE",186490,"SE","Northern Region",54.72257,-126.99742,2023,FALSE,0,NA,NA,0.0062,7e-04,0.0202
"COTO","186490_SE",186490,"SE","Northern Region",54.72257,-126.99742,2024,FALSE,0,NA,NA,0.0058,7e-04,0.0186
"COTO","186490_SE",186490,"SE","Northern Region",54.72257,-126.99742,2025,FALSE,0,NA,NA,0.0056,6e-04,0.0179
"COTO","186490_SW",186490,"SW","Northern Region",54.72278,-127.05397,2017,TRUE,4,0,0.0362,0.0909,0.0079,0.322
"COTO","186490_SW",186490,"SW","Northern Region",54.72278,-127.05397,2018,TRUE,4,0,0.0062,0.0117,0.0018,0.037
"COTO","186490_SW",186490,"SW","Northern Region",54.72278,-127.05397,2019,TRUE,4,0,0.0029,0.0083,9e-04,0.0274
"COTO","186490_SW",186490,"SW","Northern Region",54.72278,-127.05397,2020,TRUE,4,0,0.0027,0.0097,0.0011,0.032
"COTO","186490_SW",186490,"SW","Northern Region",54.72278,-127.05397,2021,TRUE,4,0,0.0024,0.0139,0.0016,0.0456
"COTO","186490_SW",186490,"SW","Northern Region",54.72278,-127.05397,2022,TRUE,4,0,0.0031,0.0102,0.0012,0.0319
"COTO","186490_SW",186490,"SW","Northern Region",54.72278,-127.05397,2023,TRUE,4,0,0.0033,0.0105,0.0012,0.0339
"COTO","186490_SW",186490,"SW","Northern Region",54.72278,-127.05397,2024,TRUE,4,0,0.0031,0.0098,0.0011,0.0315
"COTO","186490_SW",186490,"SW","Northern Region",54.72278,-127.05397,2025,TRUE,4,0,0.0022,0.0094,0.0011,0.0301
"COTO","194666_NE",194666,"NE","Okanagan Region",50.23014,-119.32344,2017,TRUE,4,0,0.0444,0.1391,0.0131,0.3989
"COTO","194666_NE",194666,"NE","Okanagan Region",50.23014,-119.32344,2018,FALSE,0,NA,NA,0.3883,0.2165,0.6082
"COTO","194666_NE",194666,"NE","Okanagan Region",50.23014,-119.32344,2019,TRUE,4,0,0.0696,0.3262,0.1714,0.4919
"COTO","194666_NE",194666,"NE","Okanagan Region",50.23014,-119.32344,2020,TRUE,4,0,0.1702,0.4035,0.2318,0.6054
"COTO","194666_NE",194666,"NE","Okanagan Region",50.23014,-119.32344,2021,TRUE,4,0,0.1509,0.4741,0.2957,0.6956
"COTO","194666_NE",194666,"NE","Okanagan Region",50.23014,-119.32344,2022,FALSE,0,NA,NA,0.3721,0.2171,0.5609
"COTO","194666_NE",194666,"NE","Okanagan Region",50.23014,-119.32344,2023,TRUE,3,0,0.0767,0.4186,0.2529,0.6018
"COTO","194666_NE",194666,"NE","Okanagan Region",50.23014,-119.32344,2024,TRUE,3,0,0.1076,0.3892,0.2316,0.5791
"COTO","194666_NE",194666,"NE","Okanagan Region",50.23014,-119.32344,2025,FALSE,0,NA,NA,0.3946,0.2367,0.5705
"COTO","194666_SW",194666,"SW","Okanagan Region",50.16915,-119.41081,2017,TRUE,4,0,0.0127,0.0694,0.0042,0.2572
"COTO","194666_SW",194666,"SW","Okanagan Region",50.16915,-119.41081,2018,FALSE,0,NA,NA,0.2403,0.1258,0.4018
"COTO","194666_SW",194666,"SW","Okanagan Region",50.16915,-119.41081,2019,TRUE,4,0,0.0167,0.2574,0.1334,0.409
"COTO","194666_SW",194666,"SW","Okanagan Region",50.16915,-119.41081,2020,TRUE,4,0,0.0438,0.318,0.1642,0.4992
"COTO","194666_SW",194666,"SW","Okanagan Region",50.16915,-119.41081,2021,TRUE,3,0,0.0633,0.4008,0.2327,0.6043
"COTO","194666_SW",194666,"SW","Okanagan Region",50.16915,-119.41081,2022,TRUE,2,0,0.0896,0.3521,0.1911,0.56
"COTO","194666_SW",194666,"SW","Okanagan Region",50.16915,-119.41081,2023,FALSE,0,NA,NA,0.4027,0.2373,0.5978
"COTO","194666_SW",194666,"SW","Okanagan Region",50.16915,-119.41081,2024,FALSE,0,NA,NA,0.3964,0.2271,0.6097
"COTO","194666_SW",194666,"SW","Okanagan Region",50.16915,-119.41081,2025,TRUE,4,0,0.0511,0.4025,0.232,0.6184
"COTO","20330_NE",20330,"NE","Kootenay Region",49.42454,-117.72865,2017,TRUE,4,1,1,0.5424,0.2619,0.8293
"COTO","20330_NE",20330,"NE","Kootenay Region",49.42454,-117.72865,2018,FALSE,0,NA,NA,0.4464,0.2058,0.6788
"COTO","20330_NE",20330,"NE","Kootenay Region",49.42454,-117.72865,2019,TRUE,4,0,0.704,0.4378,0.249,0.6358
"COTO","20330_NE",20330,"NE","Kootenay Region",49.42454,-117.72865,2020,TRUE,4,1,1,0.4806,0.3112,0.6555
"COTO","20330_NE",20330,"NE","Kootenay Region",49.42454,-117.72865,2021,FALSE,0,NA,NA,0.5461,0.3811,0.7205
"COTO","20330_NE",20330,"NE","Kootenay Region",49.42454,-117.72865,2022,TRUE,3,0,0.7851,0.5295,0.3555,0.7066
"COTO","20330_NE",20330,"NE","Kootenay Region",49.42454,-117.72865,2023,TRUE,4,1,1,0.5515,0.3743,0.7272
"COTO","20330_NE",20330,"NE","Kootenay Region",49.42454,-117.72865,2024,TRUE,4,1,1,0.5464,0.3592,0.7342
"COTO","20330_NE",20330,"NE","Kootenay Region",49.42454,-117.72865,2025,TRUE,4,1,1,0.5524,0.3613,0.7447
"COTO","20330_SE",20330,"SE","Kootenay Region",49.3813,-117.67793,2017,TRUE,4,1,1,0.5981,0.2816,0.8822
"COTO","20330_SE",20330,"SE","Kootenay Region",49.3813,-117.67793,2018,TRUE,4,0,0.6038,0.6304,0.3785,0.8535
"COTO","20330_SE",20330,"SE","Kootenay Region",49.3813,-117.67793,2019,TRUE,4,0,0.5082,0.6631,0.4523,0.8496
"COTO","20330_SE",20330,"SE","Kootenay Region",49.3813,-117.67793,2020,TRUE,4,0,0.5416,0.7085,0.5112,0.8693
"COTO","20330_SE",20330,"SE","Kootenay Region",49.3813,-117.67793,2021,FALSE,0,NA,NA,0.7675,0.5882,0.9043
"COTO","20330_SE",20330,"SE","Kootenay Region",49.3813,-117.67793,2022,TRUE,3,0,0.7756,0.7854,0.6183,0.9147
"COTO","20330_SE",20330,"SE","Kootenay Region",49.3813,-117.67793,2023,TRUE,4,1,1,0.8103,0.6555,0.928
"COTO","20330_SE",20330,"SE","Kootenay Region",49.3813,-117.67793,2024,TRUE,4,0,0.7302,0.8215,0.6637,0.9361
"COTO","20330_SE",20330,"SE","Kootenay Region",49.3813,-117.67793,2025,TRUE,4,0,0.6827,0.8334,0.6752,0.9439
"COTO","206394_NE",206394,"NE","Northern Region",53.63655,-132.05056,2017,FALSE,0,NA,NA,0.2325,0.0143,0.7323
"COTO","206394_NE",206394,"NE","Northern Region",53.63655,-132.05056,2018,FALSE,0,NA,NA,0.1124,0.0083,0.3987
"COTO","206394_NE",206394,"NE","Northern Region",53.63655,-132.05056,2019,FALSE,0,NA,NA,0.0813,0.0041,0.3036
"COTO","206394_NE",206394,"NE","Northern Region",53.63655,-132.05056,2020,FALSE,0,NA,NA,0.0716,0.0033,0.2804
"COTO","206394_NE",206394,"NE","Northern Region",53.63655,-132.05056,2021,FALSE,0,NA,NA,0.0671,0.0033,0.2671
"COTO","206394_NE",206394,"NE","Northern Region",53.63655,-132.05056,2022,TRUE,4,0,0.0033,0.0584,0.0022,0.2505
"COTO","206394_NE",206394,"NE","Northern Region",53.63655,-132.05056,2023,TRUE,4,0,0.0027,0.0554,0.0021,0.2427
"COTO","206394_NE",206394,"NE","Northern Region",53.63655,-132.05056,2024,TRUE,2,0,0.0029,0.0515,0.0018,0.2349
"COTO","206394_NE",206394,"NE","Northern Region",53.63655,-132.05056,2025,TRUE,4,0,0.0031,0.0492,0.0018,0.2283
"COTO","206394_NW",206394,"NW","Northern Region",53.6372,-132.16251,2017,FALSE,0,NA,NA,0.1265,0.0048,0.5253
"COTO","206394_NW",206394,"NW","Northern Region",53.6372,-132.16251,2018,FALSE,0,NA,NA,0.0915,0.0141,0.303
"COTO","206394_NW",206394,"NW","Northern Region",53.6372,-132.16251,2019,FALSE,0,NA,NA,0.0856,0.0124,0.2687
"COTO","206394_NW",206394,"NW","Northern Region",53.6372,-132.16251,2020,FALSE,0,NA,NA,0.0966,0.0135,0.296
"COTO","206394_NW",206394,"NW","Northern Region",53.6372,-132.16251,2021,FALSE,0,NA,NA,0.1199,0.0173,0.3477
"COTO","206394_NW",206394,"NW","Northern Region",53.6372,-132.16251,2022,TRUE,4,0,0.0124,0.1149,0.0139,0.3424
"COTO","206394_NW",206394,"NW","Northern Region",53.6372,-132.16251,2023,TRUE,4,0,0.0093,0.1219,0.0143,0.3584
"COTO","206394_NW",206394,"NW","Northern Region",53.6372,-132.16251,2024,TRUE,4,0,0.0111,0.1232,0.0126,0.3763
"COTO","206394_NW",206394,"NW","Northern Region",53.6372,-132.16251,2025,TRUE,4,0,0.0142,0.1264,0.0128,0.3922
"COTO","206394_SE",206394,"SE","Northern Region",53.60877,-131.99988,2017,FALSE,0,NA,NA,0.2864,0.0169,0.8305
"COTO","206394_SE",206394,"SE","Northern Region",53.60877,-131.99988,2018,FALSE,0,NA,NA,0.0525,0.0043,0.2176
"COTO","206394_SE",206394,"SE","Northern Region",53.60877,-131.99988,2019,FALSE,0,NA,NA,0.0277,0.0017,0.1441
"COTO","206394_SE",206394,"SE","Northern Region",53.60877,-131.99988,2020,FALSE,0,NA,NA,0.0238,0.0015,0.1209
"COTO","206394_SE",206394,"SE","Northern Region",53.60877,-131.99988,2021,FALSE,0,NA,NA,0.0249,0.0019,0.1123
"COTO","206394_SE",206394,"SE","Northern Region",53.60877,-131.99988,2022,TRUE,4,0,0.0027,0.0198,0.0015,0.0943
"COTO","206394_SE",206394,"SE","Northern Region",53.60877,-131.99988,2023,TRUE,4,0,0.0033,0.0194,0.0013,0.0918
"COTO","206394_SE",206394,"SE","Northern Region",53.60877,-131.99988,2024,TRUE,4,0,0.0029,0.0178,0.0013,0.0855
"COTO","206394_SE",206394,"SE","Northern Region",53.60877,-131.99988,2025,TRUE,4,0,0.0022,0.017,0.0012,0.0827
"COTO","206394_SW",206394,"SW","Northern Region",53.57324,-132.11579,2017,FALSE,0,NA,NA,0.1309,0.0062,0.522
"COTO","206394_SW",206394,"SW","Northern Region",53.57324,-132.11579,2018,FALSE,0,NA,NA,0.0747,0.0084,0.2833
"COTO","206394_SW",206394,"SW","Northern Region",53.57324,-132.11579,2019,FALSE,0,NA,NA,0.0594,0.0063,0.2182
"COTO","206394_SW",206394,"SW","Northern Region",53.57324,-132.11579,2020,FALSE,0,NA,NA,0.0572,0.0062,0.2012
"COTO","206394_SW",206394,"SW","Northern Region",53.57324,-132.11579,2021,FALSE,0,NA,NA,0.0606,0.0073,0.1922
"COTO","206394_SW",206394,"SW","Northern Region",53.57324,-132.11579,2022,TRUE,4,0,0.006,0.0563,0.0055,0.1842
"COTO","206394_SW",206394,"SW","Northern Region",53.57324,-132.11579,2023,TRUE,4,0,0.0044,0.0571,0.0056,0.1847
"COTO","206394_SW",206394,"SW","Northern Region",53.57324,-132.11579,2024,TRUE,4,0,0.0058,0.0559,0.0049,0.1842
"COTO","206394_SW",206394,"SW","Northern Region",53.57324,-132.11579,2025,TRUE,4,0,0.0076,0.056,0.0046,0.1824
"COTO","20730_NE",20730,"NE","Northern Region",56.79525,-124.90059,2017,FALSE,0,NA,NA,0.2104,0.0072,0.7955
"COTO","20730_NE",20730,"NE","Northern Region",56.79525,-124.90059,2018,FALSE,0,NA,NA,0.0082,9e-04,0.0313
"COTO","20730_NE",20730,"NE","Northern Region",56.79525,-124.90059,2019,FALSE,0,NA,NA,0.0053,5e-04,0.0195
"COTO","20730_NE",20730,"NE","Northern Region",56.79525,-124.90059,2020,FALSE,0,NA,NA,0.0059,5e-04,0.022
"COTO","20730_NE",20730,"NE","Northern Region",56.79525,-124.90059,2021,FALSE,0,NA,NA,0.0084,8e-04,0.0294
"COTO","20730_NE",20730,"NE","Northern Region",56.79525,-124.90059,2022,TRUE,3,0,0.0016,0.0061,6e-04,0.0217
"COTO","20730_NE",20730,"NE","Northern Region",56.79525,-124.90059,2023,FALSE,0,NA,NA,0.0062,6e-04,0.0219
"COTO","20730_NE",20730,"NE","Northern Region",56.79525,-124.90059,2024,TRUE,4,0,0.0022,0.0059,5e-04,0.0212
"COTO","20730_NE",20730,"NE","Northern Region",56.79525,-124.90059,2025,TRUE,4,0,0.0022,0.0056,5e-04,0.0201
"COTO","20730_NW",20730,"NW","Northern Region",56.79948,-124.97614,2017,FALSE,0,NA,NA,0.1245,0.0059,0.5267
"COTO","20730_NW",20730,"NW","Northern Region",56.79948,-124.97614,2018,FALSE,0,NA,NA,0.015,0.0022,0.0519
"COTO","20730_NW",20730,"NW","Northern Region",56.79948,-124.97614,2019,FALSE,0,NA,NA,0.0095,0.001,0.033
"COTO","20730_NW",20730,"NW","Northern Region",56.79948,-124.97614,2020,FALSE,0,NA,NA,0.0104,0.0011,0.037
"COTO","20730_NW",20730,"NW","Northern Region",56.79948,-124.97614,2021,FALSE,0,NA,NA,0.0143,0.0016,0.0482
"COTO","20730_NW",20730,"NW","Northern Region",56.79948,-124.97614,2022,TRUE,3,0,0.0033,0.0106,0.0013,0.035
"COTO","20730_NW",20730,"NW","Northern Region",56.79948,-124.97614,2023,FALSE,0,NA,NA,0.0109,0.0012,0.0368
"COTO","20730_NW",20730,"NW","Northern Region",56.79948,-124.97614,2024,TRUE,4,0,0.0027,0.0102,0.0011,0.0351
"COTO","20730_NW",20730,"NW","Northern Region",56.79948,-124.97614,2025,TRUE,4,0,0.0027,0.0098,0.0011,0.0333
"COTO","20730_SE",20730,"SE","Northern Region",56.78457,-124.88544,2017,FALSE,0,NA,NA,0.0699,0.0055,0.262
"COTO","20730_SE",20730,"SE","Northern Region",56.78457,-124.88544,2018,FALSE,0,NA,NA,0.01,0.0017,0.0301
"COTO","20730_SE",20730,"SE","Northern Region",56.78457,-124.88544,2019,FALSE,0,NA,NA,0.0067,8e-04,0.0207
"COTO","20730_SE",20730,"SE","Northern Region",56.78457,-124.88544,2020,FALSE,0,NA,NA,0.0076,0.001,0.0244
"COTO","20730_SE",20730,"SE","Northern Region",56.78457,-124.88544,2021,FALSE,0,NA,NA,0.0108,0.0014,0.0332
"COTO","20730_SE",20730,"SE","Northern Region",56.78457,-124.88544,2022,TRUE,3,0,0.0031,0.008,0.0011,0.0242
"COTO","20730_SE",20730,"SE","Northern Region",56.78457,-124.88544,2023,FALSE,0,NA,NA,0.0082,0.0011,0.0262
"COTO","20730_SE",20730,"SE","Northern Region",56.78457,-124.88544,2024,TRUE,3,0,0.002,0.0077,0.001,0.0236
"COTO","20730_SE",20730,"SE","Northern Region",56.78457,-124.88544,2025,TRUE,4,0,0.0036,0.0074,9e-04,0.0234
"COTO","20730_SW",20730,"SW","Northern Region",56.76456,-124.98588,2017,FALSE,0,NA,NA,0.0681,0.0053,0.2575
"COTO","20730_SW",20730,"SW","Northern Region",56.76456,-124.98588,2018,FALSE,0,NA,NA,0.0095,0.0015,0.0296
"COTO","20730_SW",20730,"SW","Northern Region",56.76456,-124.98588,2019,FALSE,0,NA,NA,0.006,7e-04,0.0191
"COTO","20730_SW",20730,"SW","Northern Region",56.76456,-124.98588,2020,FALSE,0,NA,NA,0.0067,8e-04,0.0218
"COTO","20730_SW",20730,"SW","Northern Region",56.76456,-124.98588,2021,FALSE,0,NA,NA,0.0093,0.0011,0.0295
"COTO","20730_SW",20730,"SW","Northern Region",56.76456,-124.98588,2022,TRUE,3,0,0.0013,0.0069,9e-04,0.0215
"COTO","20730_SW",20730,"SW","Northern Region",56.76456,-124.98588,2023,FALSE,0,NA,NA,0.0072,9e-04,0.0232
"COTO","20730_SW",20730,"SW","Northern Region",56.76456,-124.98588,2024,FALSE,0,NA,NA,0.0067,8e-04,0.0211
"COTO","20730_SW",20730,"SW","Northern Region",56.76456,-124.98588,2025,TRUE,4,0,0.0031,0.0065,8e-04,0.0207
"COTO","212266_NE",212266,"NE","Okanagan Region",50.751409,-120.480005,2017,TRUE,4,0,0.0069,0.1642,0.0143,0.5074
"COTO","212266_NE",212266,"NE","Okanagan Region",50.751409,-120.480005,2018,TRUE,4,1,1,0.295,0.1266,0.5328
"COTO","212266_NE",212266,"NE","Okanagan Region",50.751409,-120.480005,2019,TRUE,4,0,0.0111,0.2106,0.0891,0.3395
"COTO","212266_NE",212266,"NE","Okanagan Region",50.751409,-120.480005,2020,TRUE,4,0,0.0507,0.2657,0.1193,0.4601
"COTO","212266_NE",212266,"NE","Okanagan Region",50.751409,-120.480005,2021,TRUE,4,1,1,0.318,0.1724,0.5171
"COTO","212266_NE",212266,"NE","Okanagan Region",50.751409,-120.480005,2022,TRUE,4,0,0.012,0.2413,0.1143,0.3834
"COTO","212266_NE",212266,"NE","Okanagan Region",50.751409,-120.480005,2023,TRUE,4,0,0.0687,0.2711,0.1395,0.432
"COTO","212266_NE",212266,"NE","Okanagan Region",50.751409,-120.480005,2024,TRUE,3,0,0.026,0.2506,0.1214,0.404
"COTO","212266_NE",212266,"NE","Okanagan Region",50.751409,-120.480005,2025,TRUE,4,1,1,0.2502,0.1234,0.393
"COTO","212266_NW",212266,"NW","Okanagan Region",50.777508,-120.5598176,2017,TRUE,4,0,0.0087,0.0659,0.0035,0.2659
"COTO","212266_NW",212266,"NW","Okanagan Region",50.777508,-120.5598176,2018,TRUE,4,1,1,0.252,0.128,0.4383
"COTO","212266_NW",212266,"NW","Okanagan Region",50.777508,-120.5598176,2019,TRUE,4,0,0.0271,0.1984,0.0915,0.3199
"COTO","212266_NW",212266,"NW","Okanagan Region",50.777508,-120.5598176,2020,TRUE,3,0,0.0951,0.2439,0.117,0.4127
"COTO","212266_NW",212266,"NW","Okanagan Region",50.777508,-120.5598176,2021,TRUE,3,0,0.1036,0.3095,0.1729,0.5044
"COTO","212266_NW",212266,"NW","Okanagan Region",50.777508,-120.5598176,2022,FALSE,0,NA,NA,0.231,0.1213,0.3751
"COTO","212266_NW",212266,"NW","Okanagan Region",50.777508,-120.5598176,2023,TRUE,4,1,1,0.2559,0.1423,0.4006
"COTO","212266_NW",212266,"NW","Okanagan Region",50.777508,-120.5598176,2024,TRUE,3,0,0.0407,0.2374,0.1224,0.3795
"COTO","212266_NW",212266,"NW","Okanagan Region",50.777508,-120.5598176,2025,TRUE,3,0,0.038,0.2365,0.1258,0.3706
"COTO","212266_SE",212266,"SE","Okanagan Region",50.714878,-120.492405,2017,FALSE,0,NA,NA,0.1807,0.0151,0.5221
"COTO","212266_SE",212266,"SE","Okanagan Region",50.714878,-120.492405,2018,TRUE,4,1,1,0.3031,0.1494,0.5234
"COTO","212266_SE",212266,"SE","Okanagan Region",50.714878,-120.492405,2019,TRUE,3,1,1,0.3697,0.2091,0.561
"COTO","212266_SE",212266,"SE","Okanagan Region",50.714878,-120.492405,2020,TRUE,4,0,0.5924,0.4459,0.2672,0.64
"COTO","212266_SE",212266,"SE","Okanagan Region",50.714878,-120.492405,2021,TRUE,4,0,0.4696,0.5393,0.3464,0.7256
"COTO","212266_SE",212266,"SE","Okanagan Region",50.714878,-120.492405,2022,TRUE,4,0,0.476,0.5618,0.3662,0.7518
"COTO","212266_SE",212266,"SE","Okanagan Region",50.714878,-120.492405,2023,TRUE,4,1,1,0.5998,0.3981,0.7882
"COTO","212266_SE",212266,"SE","Okanagan Region",50.714878,-120.492405,2024,TRUE,3,1,1,0.6138,0.4003,0.8094
"COTO","212266_SE",212266,"SE","Okanagan Region",50.714878,-120.492405,2025,TRUE,4,1,1,0.6306,0.41,0.8301
"COTO","212266_SW",212266,"SW","Okanagan Region",50.732357,-120.521811,2017,FALSE,0,NA,NA,0.1794,0.0161,0.5095
"COTO","212266_SW",212266,"SW","Okanagan Region",50.732357,-120.521811,2018,TRUE,4,1,1,0.3017,0.1522,0.5129
"COTO","212266_SW",212266,"SW","Okanagan Region",50.732357,-120.521811,2019,TRUE,4,1,1,0.3668,0.2112,0.551
"COTO","212266_SW",212266,"SW","Okanagan Region",50.732357,-120.521811,2020,TRUE,3,0,0.9396,0.4428,0.2688,0.629
"COTO","212266_SW",212266,"SW","Okanagan Region",50.732357,-120.521811,2021,TRUE,2,1,1,0.5365,0.3497,0.7176
"COTO","212266_SW",212266,"SW","Okanagan Region",50.732357,-120.521811,2022,TRUE,4,1,1,0.5554,0.3647,0.7446
"COTO","212266_SW",212266,"SW","Okanagan Region",50.732357,-120.521811,2023,TRUE,3,1,1,0.5925,0.3944,0.7786
"COTO","212266_SW",212266,"SW","Okanagan Region",50.732357,-120.521811,2024,TRUE,4,1,1,0.6038,0.3959,0.799
"COTO","212266_SW",212266,"SW","Okanagan Region",50.732357,-120.521811,2025,TRUE,4,1,1,0.6192,0.4051,0.8203
"COTO","212906_NW",212906,"NW","South Coastal Region",49.36971,-124.79984,2017,FALSE,0,NA,NA,0.3507,0.1137,0.6882
"COTO","212906_NW",212906,"NW","South Coastal Region",49.36971,-124.79984,2018,TRUE,3,1,1,0.4459,0.2317,0.6749
"COTO","212906_NW",212906,"NW","South Coastal Region",49.36971,-124.79984,2019,TRUE,4,0,0.2189,0.4391,0.2503,0.6488
"COTO","212906_NW",212906,"NW","South Coastal Region",49.36971,-124.79984,2020,TRUE,4,0,0.2164,0.5268,0.3167,0.7598
"COTO","212906_NW",212906,"NW","South Coastal Region",49.36971,-124.79984,2021,FALSE,0,NA,NA,0.5946,0.388,0.817
"COTO","212906_NW",212906,"NW","South Coastal Region",49.36971,-124.79984,2022,TRUE,4,0,0.1551,0.4924,0.2828,0.7328
"COTO","212906_NW",212906,"NW","South Coastal Region",49.36971,-124.79984,2023,TRUE,4,1,1,0.5496,0.3458,0.7748
"COTO","212906_NW",212906,"NW","South Coastal Region",49.36971,-124.79984,2024,TRUE,3,0,0.2362,0.5205,0.3198,0.7689
"COTO","212906_NW",212906,"NW","South Coastal Region",49.36971,-124.79984,2025,TRUE,4,0,0.1787,0.5299,0.319,0.7609
"COTO","212906_SE",212906,"SE","South Coastal Region",49.35175,-124.74136,2017,FALSE,0,NA,NA,0.4396,0.1268,0.8286
"COTO","212906_SE",212906,"SE","South Coastal Region",49.35175,-124.74136,2018,TRUE,3,0,0.0527,0.2612,0.0934,0.4704
"COTO","212906_SE",212906,"SE","South Coastal Region",49.35175,-124.74136,2019,TRUE,4,1,1,0.2762,0.1271,0.4388
"COTO","212906_SE",212906,"SE","South Coastal Region",49.35175,-124.74136,2020,TRUE,4,0,0.1004,0.3188,0.1629,0.5264
"COTO","212906_SE",212906,"SE","South Coastal Region",49.35175,-124.74136,2021,FALSE,0,NA,NA,0.3813,0.2165,0.5973
"COTO","212906_SE",212906,"SE","South Coastal Region",49.35175,-124.74136,2022,TRUE,4,0,0.0422,0.2898,0.1502,0.4532
"COTO","212906_SE",212906,"SE","South Coastal Region",49.35175,-124.74136,2023,TRUE,4,1,1,0.3326,0.1818,0.5161
"COTO","212906_SE",212906,"SE","South Coastal Region",49.35175,-124.74136,2024,TRUE,4,0,0.0622,0.3046,0.1625,0.4803
"COTO","212906_SE",212906,"SE","South Coastal Region",49.35175,-124.74136,2025,TRUE,4,1,1,0.3087,0.1593,0.486
"COTO","212906_SW",212906,"SW","South Coastal Region",49.33595,-124.7423,2017,FALSE,0,NA,NA,0.3339,0.1199,0.6185
"COTO","212906_SW",212906,"SW","South Coastal Region",49.33595,-124.7423,2018,TRUE,3,0,0.1036,0.3321,0.1744,0.5205
"COTO","212906_SW",212906,"SW","South Coastal Region",49.33595,-124.7423,2019,TRUE,4,0,0.1118,0.3134,0.1585,0.4888
"COTO","212906_SW",212906,"SW","South Coastal Region",49.33595,-124.7423,2020,TRUE,4,0,0.124,0.3807,0.2067,0.5929
"COTO","212906_SW",212906,"SW","South Coastal Region",49.33595,-124.7423,2021,FALSE,0,NA,NA,0.4519,0.2685,0.6816
"COTO","212906_SW",212906,"SW","South Coastal Region",49.33595,-124.7423,2022,FALSE,0,NA,NA,0.3559,0.1962,0.5586
"COTO","212906_SW",212906,"SW","South Coastal Region",49.33595,-124.7423,2023,TRUE,4,0,0.074,0.3989,0.2245,0.605
"COTO","212906_SW",212906,"SW","South Coastal Region",49.33595,-124.7423,2024,TRUE,3,0,0.136,0.3725,0.2059,0.5805
"COTO","212906_SW",212906,"SW","South Coastal Region",49.33595,-124.7423,2025,TRUE,4,1,1,0.377,0.206,0.592
"COTO","216746_NW",216746,"NW","South Coastal Region",49.10675,-125.78544,2017,FALSE,0,NA,NA,0.6297,0.1109,0.9833
"COTO","216746_NW",216746,"NW","South Coastal Region",49.10675,-125.78544,2018,TRUE,4,0,0.0298,0.2128,0.034,0.4772
"COTO","216746_NW",216746,"NW","South Coastal Region",49.10675,-125.78544,2019,FALSE,0,NA,NA,0.2339,0.0902,0.431
"COTO","216746_NW",216746,"NW","South Coastal Region",49.10675,-125.78544,2020,FALSE,0,NA,NA,0.2718,0.1156,0.4883
"COTO","216746_NW",216746,"NW","South Coastal Region",49.10675,-125.78544,2021,TRUE,4,1,1,0.3379,0.1555,0.5731
"COTO","216746_NW",216746,"NW","South Coastal Region",49.10675,-125.78544,2022,TRUE,3,0,0.0527,0.2638,0.1208,0.474
"COTO","216746_NW",216746,"NW","South Coastal Region",49.10675,-125.78544,2023,FALSE,0,NA,NA,0.2902,0.1247,0.5137
"COTO","216746_NW",216746,"NW","South Coastal Region",49.10675,-125.78544,2024,TRUE,3,0,0.0451,0.2729,0.1221,0.5045
"COTO","216746_NW",216746,"NW","South Coastal Region",49.10675,-125.78544,2025,TRUE,4,0,0.0251,0.2782,0.1158,0.5086
"COTO","216746_SE",216746,"SE","South Coastal Region",49.07768,-125.74644,2017,TRUE,4,0,0.0473,0.2462,0.0402,0.5846
"COTO","216746_SE",216746,"SE","South Coastal Region",49.07768,-125.74644,2018,FALSE,0,NA,NA,0.3448,0.1434,0.624
"COTO","216746_SE",216746,"SE","South Coastal Region",49.07768,-125.74644,2019,TRUE,4,0,0.1231,0.4096,0.2001,0.6647
"COTO","216746_SE",216746,"SE","South Coastal Region",49.07768,-125.74644,2020,TRUE,3,0,0.3562,0.4747,0.2516,0.7113
"COTO","216746_SE",216746,"SE","South Coastal Region",49.07768,-125.74644,2021,TRUE,4,1,1,0.5546,0.3244,0.7746
"COTO","216746_SE",216746,"SE","South Coastal Region",49.07768,-125.74644,2022,TRUE,3,1,1,0.6015,0.3653,0.8126
"COTO","216746_SE",216746,"SE","South Coastal Region",49.07768,-125.74644,2023,TRUE,3,1,1,0.6445,0.4047,0.8511
"COTO","216746_SE",216746,"SE","South Coastal Region",49.07768,-125.74644,2024,TRUE,3,0,0.8149,0.6779,0.4351,0.876
"COTO","216746_SE",216746,"SE","South Coastal Region",49.07768,-125.74644,2025,TRUE,4,0,0.7836,0.7063,0.4628,0.897
"COTO","218282_SE",218282,"SE","Kootenay Region",50.13833,-117.55672,2017,FALSE,0,NA,NA,0.6266,0.3297,0.8901
"COTO","218282_SE",218282,"SE","Kootenay Region",50.13833,-117.55672,2018,FALSE,0,NA,NA,0.7013,0.4159,0.8974
"COTO","218282_SE",218282,"SE","Kootenay Region",50.13833,-117.55672,2019,FALSE,0,NA,NA,0.7569,0.5342,0.9217
"COTO","218282_SE",218282,"SE","Kootenay Region",50.13833,-117.55672,2020,TRUE,4,1,1,0.8186,0.615,0.956
"COTO","218282_SE",218282,"SE","Kootenay Region",50.13833,-117.55672,2021,TRUE,4,0,0.8016,0.8681,0.6892,0.975
"COTO","218282_SE",218282,"SE","Kootenay Region",50.13833,-117.55672,2022,TRUE,4,0,0.7351,0.8551,0.6589,0.9717
"COTO","218282_SE",218282,"SE","Kootenay Region",50.13833,-117.55672,2023,FALSE,0,NA,NA,0.8761,0.6965,0.9778
"COTO","218282_SE",218282,"SE","Kootenay Region",50.13833,-117.55672,2024,TRUE,4,1,1,0.873,0.6722,0.9803
"COTO","218282_SE",218282,"SE","Kootenay Region",50.13833,-117.55672,2025,TRUE,4,0,0.8151,0.8802,0.6854,0.9823
"COTO","218282_SW",218282,"SW","Kootenay Region",50.15094,-117.6221,2017,FALSE,0,NA,NA,0.6921,0.312,0.9543
"COTO","218282_SW",218282,"SW","Kootenay Region",50.15094,-117.6221,2018,FALSE,0,NA,NA,0.4904,0.1855,0.7623
"COTO","218282_SW",218282,"SW","Kootenay Region",50.15094,-117.6221,2019,FALSE,0,NA,NA,0.4552,0.2364,0.695
"COTO","218282_SW",218282,"SW","Kootenay Region",50.15094,-117.6221,2020,TRUE,4,0,0.3529,0.4871,0.2989,0.6924
"COTO","218282_SW",218282,"SW","Kootenay Region",50.15094,-117.6221,2021,TRUE,4,0,0.4818,0.5448,0.3569,0.7401
"COTO","218282_SW",218282,"SW","Kootenay Region",50.15094,-117.6221,2022,TRUE,4,1,1,0.5171,0.3277,0.7174
"COTO","218282_SW",218282,"SW","Kootenay Region",50.15094,-117.6221,2023,TRUE,4,1,1,0.5349,0.3395,0.7306
"COTO","218282_SW",218282,"SW","Kootenay Region",50.15094,-117.6221,2024,TRUE,4,0,0.3809,0.5251,0.3213,0.7342
"COTO","218282_SW",218282,"SW","Kootenay Region",50.15094,-117.6221,2025,TRUE,4,0,0.2722,0.529,0.3217,0.7465
"COTO","219626_SW",219626,"SW","South Coastal Region",48.92819,-125.25,2017,FALSE,0,NA,NA,0.2844,0.0625,0.5963
"COTO","219626_SW",219626,"SW","South Coastal Region",48.92819,-125.25,2018,FALSE,0,NA,NA,0.3629,0.159,0.6246
"COTO","219626_SW",219626,"SW","South Coastal Region",48.92819,-125.25,2019,FALSE,0,NA,NA,0.416,0.2061,0.6637
"COTO","219626_SW",219626,"SW","South Coastal Region",48.92819,-125.25,2020,FALSE,0,NA,NA,0.4702,0.25,0.702
"COTO","219626_SW",219626,"SW","South Coastal Region",48.92819,-125.25,2021,FALSE,0,NA,NA,0.5386,0.3114,0.7627
"COTO","219626_SW",219626,"SW","South Coastal Region",48.92819,-125.25,2022,FALSE,0,NA,NA,0.5801,0.3503,0.7943
"COTO","219626_SW",219626,"SW","South Coastal Region",48.92819,-125.25,2023,FALSE,0,NA,NA,0.6189,0.3837,0.834
"COTO","219626_SW",219626,"SW","South Coastal Region",48.92819,-125.25,2024,TRUE,4,0,0.2278,0.6498,0.4077,0.8604
"COTO","219626_SW",219626,"SW","South Coastal Region",48.92819,-125.25,2025,TRUE,4,0,0.2509,0.6766,0.4301,0.8799
"COTO","226090_NE",226090,"NE","Okanagan Region",50.10929,-120.45236,2017,FALSE,0,NA,NA,0.0623,0.0031,0.2588
"COTO","226090_NE",226090,"NE","Okanagan Region",50.10929,-120.45236,2018,FALSE,0,NA,NA,0.1418,0.0587,0.2746
"COTO","226090_NE",226090,"NE","Okanagan Region",50.10929,-120.45236,2019,TRUE,4,0,0.028,0.162,0.0686,0.2951
"COTO","226090_NE",226090,"NE","Okanagan Region",50.10929,-120.45236,2020,TRUE,2,0,0.0429,0.2036,0.0857,0.3645
"COTO","226090_NE",226090,"NE","Okanagan Region",50.10929,-120.45236,2021,TRUE,3,0,0.0598,0.267,0.1227,0.4596
"COTO","226090_NE",226090,"NE","Okanagan Region",50.10929,-120.45236,2022,TRUE,2,0,0.0576,0.2526,0.1052,0.4523
"COTO","226090_NE",226090,"NE","Okanagan Region",50.10929,-120.45236,2023,TRUE,3,0,0.0591,0.2715,0.1133,0.4902
"COTO","226090_NE",226090,"NE","Okanagan Region",50.10929,-120.45236,2024,FALSE,0,NA,NA,0.2679,0.1037,0.4964
"COTO","226090_NE",226090,"NE","Okanagan Region",50.10929,-120.45236,2025,TRUE,2,0,0.1173,0.2716,0.1046,0.5145
"COTO","226090_NW",226090,"NW","Okanagan Region",50.0999,-120.50647,2017,FALSE,0,NA,NA,0.1892,0.0163,0.5748
"COTO","226090_NW",226090,"NW","Okanagan Region",50.0999,-120.50647,2018,TRUE,2,0,0.1984,0.2411,0.1236,0.3953
"COTO","226090_NW",226090,"NW","Okanagan Region",50.0999,-120.50647,2019,TRUE,4,1,1,0.2265,0.1162,0.3577
"COTO","226090_NW",226090,"NW","Okanagan Region",50.0999,-120.50647,2020,TRUE,4,1,1,0.2755,0.145,0.4428
"COTO","226090_NW",226090,"NW","Okanagan Region",50.0999,-120.50647,2021,TRUE,4,1,1,0.3489,0.2019,0.5444
"COTO","226090_NW",226090,"NW","Okanagan Region",50.0999,-120.50647,2022,TRUE,3,1,1,0.2761,0.1587,0.4318
"COTO","226090_NW",226090,"NW","Okanagan Region",50.0999,-120.50647,2023,TRUE,4,0,0.1607,0.2989,0.171,0.462
"COTO","226090_NW",226090,"NW","Okanagan Region",50.0999,-120.50647,2024,FALSE,0,NA,NA,0.2812,0.1577,0.4445
"COTO","226090_NW",226090,"NW","Okanagan Region",50.0999,-120.50647,2025,TRUE,3,0,0.1113,0.2812,0.1575,0.436
"COTO","226090_SE",226090,"SE","Okanagan Region",50.07156,-120.42266,2017,FALSE,0,NA,NA,0.0685,0.0025,0.3098
"COTO","226090_SE",226090,"SE","Okanagan Region",50.07156,-120.42266,2018,TRUE,2,0,0.0687,0.1416,0.0597,0.2752
"COTO","226090_SE",226090,"SE","Okanagan Region",50.07156,-120.42266,2019,TRUE,4,0,0.0371,0.1279,0.0513,0.237
"COTO","226090_SE",226090,"SE","Okanagan Region",50.07156,-120.42266,2020,TRUE,4,0,0.0482,0.1561,0.0613,0.2976
"COTO","226090_SE",226090,"SE","Okanagan Region",50.07156,-120.42266,2021,TRUE,3,0,0.0736,0.2081,0.0914,0.3834
"COTO","226090_SE",226090,"SE","Okanagan Region",50.07156,-120.42266,2022,TRUE,3,0,0.0669,0.163,0.0691,0.3114
"COTO","226090_SE",226090,"SE","Okanagan Region",50.07156,-120.42266,2023,FALSE,0,NA,NA,0.1745,0.0758,0.3226
"COTO","226090_SE",226090,"SE","Okanagan Region",50.07156,-120.42266,2024,FALSE,0,NA,NA,0.1635,0.0666,0.31
"COTO","226090_SE",226090,"SE","Okanagan Region",50.07156,-120.42266,2025,TRUE,2,0,0.0893,0.1619,0.0663,0.3091
"COTO","230186_NE",230186,"NE","Okanagan Region",49.01457,-121.07198,2017,FALSE,0,NA,NA,0.1123,0.0077,0.3558
"COTO","230186_NE",230186,"NE","Okanagan Region",49.01457,-121.07198,2018,TRUE,4,0,0.184,0.2701,0.1297,0.4703
"COTO","230186_NE",230186,"NE","Okanagan Region",49.01457,-121.07198,2019,TRUE,4,0,0.3844,0.3589,0.1913,0.5468
"COTO","230186_NE",230186,"NE","Okanagan Region",49.01457,-121.07198,2020,TRUE,4,1,1,0.4476,0.2518,0.6461
"COTO","230186_NE",230186,"NE","Okanagan Region",49.01457,-121.07198,2021,TRUE,4,1,1,0.5517,0.3352,0.7478
"COTO","230186_NE",230186,"NE","Okanagan Region",49.01457,-121.07198,2022,FALSE,0,NA,NA,0.5936,0.37,0.7875
"COTO","230186_NE",230186,"NE","Okanagan Region",49.01457,-121.07198,2023,FALSE,0,NA,NA,0.6399,0.4108,0.8303
"COTO","230186_NE",230186,"NE","Okanagan Region",49.01457,-121.07198,2024,TRUE,4,0,0.7996,0.6661,0.4339,0.8538
"COTO","230186_NE",230186,"NE","Okanagan Region",49.01457,-121.07198,2025,FALSE,0,NA,NA,0.6901,0.453,0.8743
"COTO","230186_SE",230186,"SE","Okanagan Region",48.97511,-121.08329,2017,FALSE,0,NA,NA,0.0867,0.002,0.3893
"COTO","230186_SE",230186,"SE","Okanagan Region",48.97511,-121.08329,2018,TRUE,4,0,0.0651,0.2034,0.0611,0.4688
"COTO","230186_SE",230186,"SE","Okanagan Region",48.97511,-121.08329,2019,TRUE,4,0,0.1373,0.2777,0.0899,0.5499
"COTO","230186_SE",230186,"SE","Okanagan Region",48.97511,-121.08329,2020,TRUE,4,0,0.3944,0.351,0.1204,0.6421
"COTO","230186_SE",230186,"SE","Okanagan Region",48.97511,-121.08329,2021,TRUE,4,1,1,0.4408,0.1649,0.7391
"COTO","230186_SE",230186,"SE","Okanagan Region",48.97511,-121.08329,2022,FALSE,0,NA,NA,0.4929,0.1928,0.7862
"COTO","230186_SE",230186,"SE","Okanagan Region",48.97511,-121.08329,2023,TRUE,4,0,0.9833,0.5413,0.2199,0.8378
"COTO","230186_SE",230186,"SE","Okanagan Region",48.97511,-121.08329,2024,TRUE,4,1,1,0.5788,0.2441,0.8679
"COTO","230186_SE",230186,"SE","Okanagan Region",48.97511,-121.08329,2025,FALSE,0,NA,NA,0.6108,0.2658,0.894
"COTO","241002_NE",241002,"NE","Kootenay Region",51.03817,-118.1357,2017,TRUE,4,0,0.0813,0.2234,0.0099,0.7999
"COTO","241002_NE",241002,"NE","Kootenay Region",51.03817,-118.1357,2018,TRUE,3,0,0.038,0.1494,0.0424,0.3684
"COTO","241002_NE",241002,"NE","Kootenay Region",51.03817,-118.1357,2019,TRUE,4,0,0.0298,0.1379,0.0385,0.323
"COTO","241002_NE",241002,"NE","Kootenay Region",51.03817,-118.1357,2020,TRUE,4,0,0.0507,0.1627,0.0461,0.3752
"COTO","241002_NE",241002,"NE","Kootenay Region",51.03817,-118.1357,2021,TRUE,4,0,0.0431,0.2085,0.0644,0.4388
"COTO","241002_NE",241002,"NE","Kootenay Region",51.03817,-118.1357,2022,TRUE,4,0,0.0289,0.1776,0.0516,0.4153
"COTO","241002_NE",241002,"NE","Kootenay Region",51.03817,-118.1357,2023,TRUE,4,0,0.0171,0.1891,0.0551,0.4322
"COTO","241002_NE",241002,"NE","Kootenay Region",51.03817,-118.1357,2024,TRUE,4,0,0.0276,0.1807,0.0483,0.4319
"COTO","241002_NE",241002,"NE","Kootenay Region",51.03817,-118.1357,2025,TRUE,4,0,0.0344,0.1814,0.0477,0.4453
"COTO","241002_NW",241002,"NW","Kootenay Region",51.01597,-118.20292,2017,TRUE,4,0,0.4604,0.7352,0.3763,0.9604
"COTO","241002_NW",241002,"NW","Kootenay Region",51.01597,-118.20292,2018,TRUE,4,0,0.13,0.3404,0.0695,0.6704
"COTO","241002_NW",241002,"NW","Kootenay Region",51.01597,-118.20292,2019,TRUE,4,0,0.106,0.3581,0.1688,0.6007
"COTO","241002_NW",241002,"NW","Kootenay Region",51.01597,-118.20292,2020,TRUE,4,0,0.1487,0.4163,0.2232,0.6396
"COTO","241002_NW",241002,"NW","Kootenay Region",51.01597,-118.20292,2021,TRUE,4,0,0.1096,0.4896,0.2848,0.7222
"COTO","241002_NW",241002,"NW","Kootenay Region",51.01597,-118.20292,2022,TRUE,4,0,0.0678,0.41,0.219,0.66
"COTO","241002_NW",241002,"NW","Kootenay Region",51.01597,-118.20292,2023,TRUE,4,0,0.0878,0.4436,0.2372,0.6865
"COTO","241002_NW",241002,"NW","Kootenay Region",51.01597,-118.20292,2024,TRUE,4,0,0.1476,0.4216,0.2246,0.6755
"COTO","241002_NW",241002,"NW","Kootenay Region",51.01597,-118.20292,2025,TRUE,4,1,1,0.4263,0.2259,0.6817
"COTO","243562_NE",243562,"NE","Kootenay Region",49.69966,-115.98498,2017,TRUE,4,0,0.1153,0.4695,0.1474,0.8525
"COTO","243562_NE",243562,"NE","Kootenay Region",49.69966,-115.98498,2018,FALSE,0,NA,NA,0.4425,0.1722,0.7035
"COTO","243562_NE",243562,"NE","Kootenay Region",49.69966,-115.98498,2019,TRUE,4,0,0.0509,0.4505,0.2464,0.6708
"COTO","243562_NE",243562,"NE","Kootenay Region",49.69966,-115.98498,2020,TRUE,4,0,0.238,0.5357,0.3104,0.7795
"COTO","243562_NE",243562,"NE","Kootenay Region",49.69966,-115.98498,2021,TRUE,3,0,0.2369,0.5951,0.3784,0.8274
"COTO","243562_NE",243562,"NE","Kootenay Region",49.69966,-115.98498,2022,FALSE,0,NA,NA,0.4969,0.285,0.7379
"COTO","243562_NE",243562,"NE","Kootenay Region",49.69966,-115.98498,2023,TRUE,3,0,0.0962,0.5571,0.3479,0.7847
"COTO","243562_NE",243562,"NE","Kootenay Region",49.69966,-115.98498,2024,TRUE,2,1,1,0.525,0.3206,0.7686
"COTO","243562_NE",243562,"NE","Kootenay Region",49.69966,-115.98498,2025,TRUE,4,0,0.1318,0.5368,0.3225,0.7709
"COTO","243562_SE",243562,"SE","Kootenay Region",49.65068,-115.94692,2017,TRUE,4,0,0.0573,0.4251,0.1603,0.7691
"COTO","243562_SE",243562,"SE","Kootenay Region",49.65068,-115.94692,2018,FALSE,0,NA,NA,0.3923,0.1879,0.6403
"COTO","243562_SE",243562,"SE","Kootenay Region",49.65068,-115.94692,2019,TRUE,4,0,0.008,0.3984,0.2158,0.6149
"COTO","243562_SE",243562,"SE","Kootenay Region",49.65068,-115.94692,2020,FALSE,0,NA,NA,0.4394,0.2553,0.6418
"COTO","243562_SE",243562,"SE","Kootenay Region",49.65068,-115.94692,2021,TRUE,3,0,0.0269,0.5015,0.3174,0.6975
"COTO","243562_SE",243562,"SE","Kootenay Region",49.65068,-115.94692,2022,TRUE,2,0,0.012,0.5006,0.303,0.7047
"COTO","243562_SE",243562,"SE","Kootenay Region",49.65068,-115.94692,2023,TRUE,4,0,0.0051,0.5249,0.3207,0.7277
"COTO","243562_SE",243562,"SE","Kootenay Region",49.65068,-115.94692,2024,FALSE,0,NA,NA,0.5276,0.3118,0.7414
"COTO","243562_SE",243562,"SE","Kootenay Region",49.65068,-115.94692,2025,TRUE,4,0,0.0353,0.5366,0.3112,0.7577
"COTO","252394_NW",252394,"NW","South Coastal Region",48.79865,-125.16568,2017,FALSE,0,NA,NA,0.3986,0.1446,0.7105
"COTO","252394_NW",252394,"NW","South Coastal Region",48.79865,-125.16568,2018,FALSE,0,NA,NA,0.4511,0.2414,0.7048
"COTO","252394_NW",252394,"NW","South Coastal Region",48.79865,-125.16568,2019,FALSE,0,NA,NA,0.4911,0.2962,0.7194
"COTO","252394_NW",252394,"NW","South Coastal Region",48.79865,-125.16568,2020,FALSE,0,NA,NA,0.5373,0.3484,0.7439
"COTO","252394_NW",252394,"NW","South Coastal Region",48.79865,-125.16568,2021,FALSE,0,NA,NA,0.5978,0.4133,0.7852
"COTO","252394_NW",252394,"NW","South Coastal Region",48.79865,-125.16568,2022,FALSE,0,NA,NA,0.6276,0.4439,0.8044
"COTO","252394_NW",252394,"NW","South Coastal Region",48.79865,-125.16568,2023,FALSE,0,NA,NA,0.6596,0.4735,0.827
"COTO","252394_NW",252394,"NW","South Coastal Region",48.79865,-125.16568,2024,TRUE,4,1,1,0.6812,0.4923,0.8454
"COTO","252394_NW",252394,"NW","South Coastal Region",48.79865,-125.16568,2025,TRUE,4,0,0.936,0.701,0.506,0.8614
"COTO","26170_NE",26170,"NE","Northern Region",53.62052,-132.20883,2017,FALSE,0,NA,NA,0.2059,0.013,0.6856
"COTO","26170_NE",26170,"NE","Northern Region",53.62052,-132.20883,2018,FALSE,0,NA,NA,0.0556,0.0061,0.1998
"COTO","26170_NE",26170,"NE","Northern Region",53.62052,-132.20883,2019,FALSE,0,NA,NA,0.0339,0.003,0.1382
"COTO","26170_NE",26170,"NE","Northern Region",53.62052,-132.20883,2020,FALSE,0,NA,NA,0.0311,0.0027,0.1271
"COTO","26170_NE",26170,"NE","Northern Region",53.62052,-132.20883,2021,FALSE,0,NA,NA,0.0341,0.0036,0.1244
"COTO","26170_NE",26170,"NE","Northern Region",53.62052,-132.20883,2022,TRUE,4,0,0.0033,0.0286,0.0027,0.1162
"COTO","26170_NE",26170,"NE","Northern Region",53.62052,-132.20883,2023,TRUE,4,0,0.0018,0.0286,0.0025,0.1162
"COTO","26170_NE",26170,"NE","Northern Region",53.62052,-132.20883,2024,TRUE,3,0,0.0022,0.027,0.0024,0.1117
"COTO","26170_NE",26170,"NE","Northern Region",53.62052,-132.20883,2025,TRUE,4,0,0.006,0.0264,0.0022,0.1096
"COTO","26170_NW",26170,"NW","Northern Region",53.60452,-132.28837,2017,FALSE,0,NA,NA,0.1834,0.0108,0.6332
"COTO","26170_NW",26170,"NW","Northern Region",53.60452,-132.28837,2018,FALSE,0,NA,NA,0.1028,0.0102,0.3486
"COTO","26170_NW",26170,"NW","Northern Region",53.60452,-132.28837,2019,FALSE,0,NA,NA,0.0803,0.0067,0.287
"COTO","26170_NW",26170,"NW","Northern Region",53.60452,-132.28837,2020,FALSE,0,NA,NA,0.0746,0.0062,0.2654
"COTO","26170_NW",26170,"NW","Northern Region",53.60452,-132.28837,2021,FALSE,0,NA,NA,0.0747,0.0071,0.256
"COTO","26170_NW",26170,"NW","Northern Region",53.60452,-132.28837,2022,TRUE,3,0,0.0036,0.0681,0.0049,0.2371
"COTO","26170_NW",26170,"NW","Northern Region",53.60452,-132.28837,2023,TRUE,4,0,0.0029,0.0671,0.0047,0.2352
"COTO","26170_NW",26170,"NW","Northern Region",53.60452,-132.28837,2024,FALSE,0,NA,NA,0.0645,0.0041,0.2318
"COTO","26170_NW",26170,"NW","Northern Region",53.60452,-132.28837,2025,TRUE,4,0,0.0047,0.0634,0.0041,0.2298
"COTO","26170_SE",26170,"SE","Northern Region",53.58901,-132.17695,2017,FALSE,0,NA,NA,0.171,0.0098,0.616
"COTO","26170_SE",26170,"SE","Northern Region",53.58901,-132.17695,2018,FALSE,0,NA,NA,0.0675,0.0068,0.241
"COTO","26170_SE",26170,"SE","Northern Region",53.58901,-132.17695,2019,FALSE,0,NA,NA,0.0456,0.004,0.1736
"COTO","26170_SE",26170,"SE","Northern Region",53.58901,-132.17695,2020,FALSE,0,NA,NA,0.0414,0.0034,0.1564
"COTO","26170_SE",26170,"SE","Northern Region",53.58901,-132.17695,2021,FALSE,0,NA,NA,0.0427,0.0042,0.1514
"COTO","26170_SE",26170,"SE","Northern Region",53.58901,-132.17695,2022,TRUE,4,0,0.0024,0.0373,0.003,0.1402
"COTO","26170_SE",26170,"SE","Northern Region",53.58901,-132.17695,2023,TRUE,4,0,0.0029,0.0371,0.003,0.1425
"COTO","26170_SE",26170,"SE","Northern Region",53.58901,-132.17695,2024,TRUE,4,0,0.0022,0.0352,0.0026,0.1394
"COTO","26170_SE",26170,"SE","Northern Region",53.58901,-132.17695,2025,TRUE,4,0,0.0027,0.0346,0.0024,0.1407
"COTO","26170_SW",26170,"SW","Northern Region",53.56895,-132.23042,2017,FALSE,0,NA,NA,0.1175,0.005,0.4902
"COTO","26170_SW",26170,"SW","Northern Region",53.56895,-132.23042,2018,FALSE,0,NA,NA,0.0545,0.0094,0.1633
"COTO","26170_SW",26170,"SW","Northern Region",53.56895,-132.23042,2019,FALSE,0,NA,NA,0.0448,0.0059,0.1319
"COTO","26170_SW",26170,"SW","Northern Region",53.56895,-132.23042,2020,FALSE,0,NA,NA,0.0534,0.0066,0.1687
"COTO","26170_SW",26170,"SW","Northern Region",53.56895,-132.23042,2021,FALSE,0,NA,NA,0.0734,0.0092,0.22
"COTO","26170_SW",26170,"SW","Northern Region",53.56895,-132.23042,2022,TRUE,4,0,0.0102,0.0583,0.0072,0.1828
"COTO","26170_SW",26170,"SW","Northern Region",53.56895,-132.23042,2023,TRUE,4,0,0.0098,0.0612,0.0075,0.194
"COTO","26170_SW",26170,"SW","Northern Region",53.56895,-132.23042,2024,TRUE,4,0,0.0096,0.0586,0.0068,0.1952
"COTO","26170_SW",26170,"SW","Northern Region",53.56895,-132.23042,2025,TRUE,4,0,0.0147,0.0576,0.0066,0.1917
"COTO","265749_NE",265749,"NE","Okanagan Region",49.15892,-119.03758,2017,FALSE,0,NA,NA,0.0571,0.0028,0.2381
"COTO","265749_NE",265749,"NE","Okanagan Region",49.15892,-119.03758,2018,TRUE,2,0,0.4467,0.5658,0.2654,0.8802
"COTO","265749_NE",265749,"NE","Okanagan Region",49.15892,-119.03758,2019,TRUE,4,0,0.0893,0.3828,0.1865,0.6349
"COTO","265749_NE",265749,"NE","Okanagan Region",49.15892,-119.03758,2020,TRUE,4,0,0.2791,0.5369,0.2948,0.7998
"COTO","265749_NE",265749,"NE","Okanagan Region",49.15892,-119.03758,2021,TRUE,4,0,0.2544,0.5551,0.3366,0.823
"COTO","265749_NE",265749,"NE","Okanagan Region",49.15892,-119.03758,2022,TRUE,4,0,0.1996,0.4733,0.2587,0.7312
"COTO","265749_NE",265749,"NE","Okanagan Region",49.15892,-119.03758,2023,TRUE,4,0,0.1004,0.5315,0.3303,0.7777
"COTO","265749_NE",265749,"NE","Okanagan Region",49.15892,-119.03758,2024,FALSE,0,NA,NA,0.4948,0.2934,0.7545
"COTO","265749_NE",265749,"NE","Okanagan Region",49.15892,-119.03758,2025,FALSE,0,NA,NA,0.5076,0.3023,0.7552
"COTO","265749_NW",265749,"NW","Okanagan Region",49.16674,-119.10324,2017,FALSE,0,NA,NA,0.1217,0.0059,0.4689
"COTO","265749_NW",265749,"NW","Okanagan Region",49.16674,-119.10324,2018,TRUE,2,0,0.0678,0.1894,0.0859,0.3467
"COTO","265749_NW",265749,"NW","Okanagan Region",49.16674,-119.10324,2019,TRUE,4,0,0.0111,0.1858,0.0828,0.33
"COTO","265749_NW",265749,"NW","Okanagan Region",49.16674,-119.10324,2020,TRUE,4,0,0.0218,0.2271,0.0985,0.4022
"COTO","265749_NW",265749,"NW","Okanagan Region",49.16674,-119.10324,2021,TRUE,4,0,0.0264,0.2936,0.1379,0.5045
"COTO","265749_NW",265749,"NW","Okanagan Region",49.16674,-119.10324,2022,TRUE,4,0,0.0116,0.2439,0.1117,0.4355
"COTO","265749_NW",265749,"NW","Okanagan Region",49.16674,-119.10324,2023,TRUE,4,0,0.0089,0.2607,0.123,0.4545
"COTO","265749_NW",265749,"NW","Okanagan Region",49.16674,-119.10324,2024,TRUE,4,0,0.0107,0.2482,0.1091,0.4447
"COTO","265749_NW",265749,"NW","Okanagan Region",49.16674,-119.10324,2025,TRUE,4,0,0.0138,0.248,0.1094,0.453
"COTO","265749_SE",265749,"SE","Okanagan Region",49.11153,-118.97698,2017,FALSE,0,NA,NA,0.1212,0.0123,0.3539
"COTO","265749_SE",265749,"SE","Okanagan Region",49.11153,-118.97698,2018,TRUE,2,0,0.2131,0.3759,0.2216,0.575
"COTO","265749_SE",265749,"SE","Okanagan Region",49.11153,-118.97698,2019,TRUE,4,0,0.1122,0.3466,0.1987,0.5016
"COTO","265749_SE",265749,"SE","Okanagan Region",49.11153,-118.97698,2020,TRUE,4,1,1,0.421,0.2555,0.615
"COTO","265749_SE",265749,"SE","Okanagan Region",49.11153,-118.97698,2021,TRUE,4,0,0.3058,0.5003,0.329,0.7109
"COTO","265749_SE",265749,"SE","Okanagan Region",49.11153,-118.97698,2022,TRUE,4,1,1,0.4046,0.2495,0.5873
"COTO","265749_SE",265749,"SE","Okanagan Region",49.11153,-118.97698,2023,TRUE,4,1,1,0.4451,0.2885,0.6158
"COTO","265749_SE",265749,"SE","Okanagan Region",49.11153,-118.97698,2024,TRUE,4,1,1,0.4202,0.2637,0.603
"COTO","265749_SE",265749,"SE","Okanagan Region",49.11153,-118.97698,2025,TRUE,4,1,1,0.4244,0.2697,0.5917
"COTO","265749_SW",265749,"SW","Okanagan Region",49.11337,-119.05299,2017,FALSE,0,NA,NA,0.0908,0.0058,0.3273
"COTO","265749_SW",265749,"SW","Okanagan Region",49.11337,-119.05299,2018,TRUE,2,1,1,0.5547,0.2699,0.8671
"COTO","265749_SW",265749,"SW","Okanagan Region",49.11337,-119.05299,2019,TRUE,4,0,0.0398,0.3351,0.1647,0.5604
"COTO","265749_SW",265749,"SW","Okanagan Region",49.11337,-119.05299,2020,TRUE,4,0,0.2807,0.5023,0.268,0.7763
"COTO","265749_SW",265749,"SW","Okanagan Region",49.11337,-119.05299,2021,TRUE,3,0,0.3013,0.4978,0.2993,0.7621
"COTO","265749_SW",265749,"SW","Okanagan Region",49.11337,-119.05299,2022,TRUE,4,0,0.1749,0.4295,0.2329,0.6728
"COTO","265749_SW",265749,"SW","Okanagan Region",49.11337,-119.05299,2023,TRUE,4,0,0.1256,0.479,0.2989,0.7077
"COTO","265749_SW",265749,"SW","Okanagan Region",49.11337,-119.05299,2024,TRUE,4,0,0.1549,0.4446,0.2635,0.6727
"COTO","265749_SW",265749,"SW","Okanagan Region",49.11337,-119.05299,2025,TRUE,4,0,0.0998,0.454,0.2658,0.666
"COTO","268521_NE",268521,"NE","Kootenay Region",49.49916,-115.03962,2017,FALSE,0,NA,NA,0.6204,0.2015,0.95
"COTO","268521_NE",268521,"NE","Kootenay Region",49.49916,-115.03962,2018,FALSE,0,NA,NA,0.2178,0.0486,0.4532
"COTO","268521_NE",268521,"NE","Kootenay Region",49.49916,-115.03962,2019,TRUE,4,0,0.1158,0.2367,0.106,0.4006
"COTO","268521_NE",268521,"NE","Kootenay Region",49.49916,-115.03962,2020,TRUE,4,0,0.1671,0.2798,0.1395,0.4641
"COTO","268521_NE",268521,"NE","Kootenay Region",49.49916,-115.03962,2021,FALSE,0,NA,NA,0.3831,0.2155,0.5929
"COTO","268521_NE",268521,"NE","Kootenay Region",49.49916,-115.03962,2022,TRUE,4,0,0.0718,0.2977,0.1618,0.4683
"COTO","268521_NE",268521,"NE","Kootenay Region",49.49916,-115.03962,2023,TRUE,3,0,0.1064,0.333,0.181,0.5206
"COTO","268521_NE",268521,"NE","Kootenay Region",49.49916,-115.03962,2024,TRUE,4,0,0.0984,0.3109,0.1696,0.4989
"COTO","268521_NE",268521,"NE","Kootenay Region",49.49916,-115.03962,2025,TRUE,3,0,0.1273,0.3132,0.1662,0.4968
"COTO","268521_NW",268521,"NW","Kootenay Region",49.48855,-115.09812,2017,FALSE,0,NA,NA,0.4439,0.1763,0.7745
"COTO","268521_NW",268521,"NW","Kootenay Region",49.48855,-115.09812,2018,FALSE,0,NA,NA,0.3475,0.1551,0.5717
"COTO","268521_NW",268521,"NW","Kootenay Region",49.48855,-115.09812,2019,TRUE,4,0,0.2604,0.3416,0.179,0.5311
"COTO","268521_NW",268521,"NW","Kootenay Region",49.48855,-115.09812,2020,FALSE,0,NA,NA,0.3946,0.2274,0.5822
"COTO","268521_NW",268521,"NW","Kootenay Region",49.48855,-115.09812,2021,TRUE,2,1,1,0.4704,0.2943,0.6646
"COTO","268521_NW",268521,"NW","Kootenay Region",49.48855,-115.09812,2022,TRUE,4,0,0.1129,0.4307,0.2581,0.6319
"COTO","268521_NW",268521,"NW","Kootenay Region",49.48855,-115.09812,2023,TRUE,4,0,0.034,0.4537,0.2764,0.6541
"COTO","268521_NW",268521,"NW","Kootenay Region",49.48855,-115.09812,2024,TRUE,4,0,0.0347,0.4414,0.2584,0.651
"COTO","268521_NW",268521,"NW","Kootenay Region",49.48855,-115.09812,2025,TRUE,4,0,0.0522,0.4452,0.259,0.6613
"COTO","268521_SE",268521,"SE","Kootenay Region",49.44083,-115.05634,2017,FALSE,0,NA,NA,0.7328,0.1733,0.9934
"COTO","268521_SE",268521,"SE","Kootenay Region",49.44083,-115.05634,2018,FALSE,0,NA,NA,0.2482,0.0323,0.5863
"COTO","268521_SE",268521,"SE","Kootenay Region",49.44083,-115.05634,2019,TRUE,4,0,0.1131,0.2471,0.0934,0.4784
"COTO","268521_SE",268521,"SE","Kootenay Region",49.44083,-115.05634,2020,TRUE,4,0,0.144,0.2845,0.1156,0.526
"COTO","268521_SE",268521,"SE","Kootenay Region",49.44083,-115.05634,2021,TRUE,2,0,0.2249,0.3479,0.1514,0.6027
"COTO","268521_SE",268521,"SE","Kootenay Region",49.44083,-115.05634,2022,TRUE,4,0,0.0727,0.2819,0.1188,0.5229
"COTO","268521_SE",268521,"SE","Kootenay Region",49.44083,-115.05634,2023,TRUE,4,0,0.1171,0.3041,0.1255,0.5528
"COTO","268521_SE",268521,"SE","Kootenay Region",49.44083,-115.05634,2024,TRUE,4,1,1,0.2879,0.1184,0.5414
"COTO","268521_SE",268521,"SE","Kootenay Region",49.44083,-115.05634,2025,TRUE,4,0,0.2336,0.2891,0.1136,0.5472
"COTO","269777_NW",269777,"NW","Northern Region",57.04083,-122.86281,2017,TRUE,4,0,0.0116,0.024,1e-04,0.1715
"COTO","269777_NW",269777,"NW","Northern Region",57.04083,-122.86281,2018,TRUE,4,0,4e-04,0.0034,3e-04,0.0136
"COTO","269777_NW",269777,"NW","Northern Region",57.04083,-122.86281,2019,TRUE,3,0,0.0018,0.0022,1e-04,0.0089
"COTO","269777_NW",269777,"NW","Northern Region",57.04083,-122.86281,2020,TRUE,4,0,0.0016,0.0025,2e-04,0.0102
"COTO","269777_NW",269777,"NW","Northern Region",57.04083,-122.86281,2021,FALSE,0,NA,NA,0.0034,2e-04,0.0133
"COTO","269777_NW",269777,"NW","Northern Region",57.04083,-122.86281,2022,FALSE,0,NA,NA,0.0025,2e-04,0.0105
"COTO","269777_NW",269777,"NW","Northern Region",57.04083,-122.86281,2023,FALSE,0,NA,NA,0.0026,2e-04,0.0109
"COTO","269777_NW",269777,"NW","Northern Region",57.04083,-122.86281,2024,FALSE,0,NA,NA,0.0025,2e-04,0.0106
"COTO","269777_NW",269777,"NW","Northern Region",57.04083,-122.86281,2025,FALSE,0,NA,NA,0.0024,2e-04,0.0099
"COTO","269777_SW",269777,"SW","Northern Region",57.01497,-122.80521,2017,TRUE,4,0,0.0231,0.0365,0.0014,0.1614
"COTO","269777_SW",269777,"SW","Northern Region",57.01497,-122.80521,2018,TRUE,4,0,0.0036,0.0075,0.0011,0.0237
"COTO","269777_SW",269777,"SW","Northern Region",57.01497,-122.80521,2019,TRUE,4,0,0.0036,0.0053,6e-04,0.0171
"COTO","269777_SW",269777,"SW","Northern Region",57.01497,-122.80521,2020,TRUE,4,0,0.0033,0.0061,7e-04,0.0205
"COTO","269777_SW",269777,"SW","Northern Region",57.01497,-122.80521,2021,FALSE,0,NA,NA,0.0087,0.001,0.0288
"COTO","269777_SW",269777,"SW","Northern Region",57.01497,-122.80521,2022,FALSE,0,NA,NA,0.0065,8e-04,0.0207
"COTO","269777_SW",269777,"SW","Northern Region",57.01497,-122.80521,2023,FALSE,0,NA,NA,0.0067,7e-04,0.0221
"COTO","269777_SW",269777,"SW","Northern Region",57.01497,-122.80521,2024,FALSE,0,NA,NA,0.0062,7e-04,0.0209
"COTO","269777_SW",269777,"SW","Northern Region",57.01497,-122.80521,2025,FALSE,0,NA,NA,0.006,7e-04,0.0197
"COTO","271731_SW",271731,"SW","Kootenay Region",51.24146,-117.64962,2017,TRUE,4,0,0.1807,0.4623,0.1943,0.7852
"COTO","271731_SW",271731,"SW","Kootenay Region",51.24146,-117.64962,2018,TRUE,3,0,0.0787,0.3309,0.1255,0.5762
"COTO","271731_SW",271731,"SW","Kootenay Region",51.24146,-117.64962,2019,TRUE,4,0,0.0733,0.3084,0.1355,0.529
"COTO","271731_SW",271731,"SW","Kootenay Region",51.24146,-117.64962,2020,TRUE,4,0,0.1404,0.3388,0.167,0.549
"COTO","271731_SW",271731,"SW","Kootenay Region",51.24146,-117.64962,2021,TRUE,4,0,0.3482,0.3946,0.2118,0.6049
"COTO","271731_SW",271731,"SW","Kootenay Region",51.24146,-117.64962,2022,TRUE,4,1,1,0.3707,0.1885,0.5918
"COTO","271731_SW",271731,"SW","Kootenay Region",51.24146,-117.64962,2023,TRUE,4,1,1,0.3879,0.1954,0.6187
"COTO","271731_SW",271731,"SW","Kootenay Region",51.24146,-117.64962,2024,TRUE,4,0,0.8082,0.3795,0.1814,0.6221
"COTO","271731_SW",271731,"SW","Kootenay Region",51.24146,-117.64962,2025,TRUE,4,1,1,0.3826,0.1808,0.6347
"COTO","273050_SE",273050,"SE","South Coastal Region",49.00511,-125.65145,2017,FALSE,0,NA,NA,0.3026,0.0864,0.5805
"COTO","273050_SE",273050,"SE","South Coastal Region",49.00511,-125.65145,2018,TRUE,3,0,0.2684,0.3803,0.1958,0.6074
"COTO","273050_SE",273050,"SE","South Coastal Region",49.00511,-125.65145,2019,FALSE,0,NA,NA,0.4335,0.2488,0.641
"COTO","273050_SE",273050,"SE","South Coastal Region",49.00511,-125.65145,2020,FALSE,0,NA,NA,0.4894,0.302,0.6833
"COTO","273050_SE",273050,"SE","South Coastal Region",49.00511,-125.65145,2021,FALSE,0,NA,NA,0.5602,0.37,0.7425
"COTO","273050_SE",273050,"SE","South Coastal Region",49.00511,-125.65145,2022,FALSE,0,NA,NA,0.6001,0.4075,0.7753
"COTO","273050_SE",273050,"SE","South Coastal Region",49.00511,-125.65145,2023,FALSE,0,NA,NA,0.6387,0.4434,0.8151
"COTO","273050_SE",273050,"SE","South Coastal Region",49.00511,-125.65145,2024,TRUE,4,1,1,0.6676,0.4687,0.8402
"COTO","273050_SE",273050,"SE","South Coastal Region",49.00511,-125.65145,2025,TRUE,4,0,0.9384,0.6929,0.4916,0.8614
"COTO","283586_NE",283586,"NE","Northern Region",54.3558,-128.5366,2017,FALSE,0,NA,NA,0.1087,0.0047,0.458
"COTO","283586_NE",283586,"NE","Northern Region",54.3558,-128.5366,2018,TRUE,2,0,0.0258,0.078,0.0124,0.2484
"COTO","283586_NE",283586,"NE","Northern Region",54.3558,-128.5366,2019,TRUE,3,0,0.0151,0.0726,0.0103,0.2221
"COTO","283586_NE",283586,"NE","Northern Region",54.3558,-128.5366,2020,TRUE,4,0,0.0227,0.0829,0.0117,0.25
"COTO","283586_NE",283586,"NE","Northern Region",54.3558,-128.5366,2021,FALSE,0,NA,NA,0.1045,0.0147,0.3045
"COTO","283586_NE",283586,"NE","Northern Region",54.3558,-128.5366,2022,FALSE,0,NA,NA,0.0992,0.0121,0.2987
"COTO","283586_NE",283586,"NE","Northern Region",54.3558,-128.5366,2023,TRUE,3,0,0.0322,0.1054,0.0121,0.3166
"COTO","283586_NE",283586,"NE","Northern Region",54.3558,-128.5366,2024,TRUE,4,0,0.0411,0.1062,0.0109,0.3338
"COTO","283586_NE",283586,"NE","Northern Region",54.3558,-128.5366,2025,TRUE,4,0,0.0444,0.1089,0.011,0.349
"COTO","283586_NW",283586,"NW","Northern Region",54.3321,-128.6266,2017,FALSE,0,NA,NA,0.1404,0.0097,0.5126
"COTO","283586_NW",283586,"NW","Northern Region",54.3321,-128.6266,2018,TRUE,2,0,0.0242,0.0496,0.0079,0.153
"COTO","283586_NW",283586,"NW","Northern Region",54.3321,-128.6266,2019,TRUE,3,0,0.0091,0.0362,0.0045,0.1157
"COTO","283586_NW",283586,"NW","Northern Region",54.3321,-128.6266,2020,TRUE,4,0,0.0084,0.038,0.0047,0.1226
"COTO","283586_NW",283586,"NW","Northern Region",54.3321,-128.6266,2021,TRUE,3,0,0.022,0.0714,0.0098,0.2074
"COTO","283586_NW",283586,"NW","Northern Region",54.3321,-128.6266,2022,TRUE,4,0,0.0196,0.0665,0.0081,0.2019
"COTO","283586_NW",283586,"NW","Northern Region",54.3321,-128.6266,2023,TRUE,4,0,0.0156,0.0724,0.0089,0.219
"COTO","283586_NW",283586,"NW","Northern Region",54.3321,-128.6266,2024,TRUE,4,0,0.0322,0.0725,0.0079,0.2298
"COTO","283586_NW",283586,"NW","Northern Region",54.3321,-128.6266,2025,TRUE,4,0,0.0353,0.0739,0.0078,0.2418
"COTO","283586_SE",283586,"SE","Northern Region",54.31162,-128.54374,2017,FALSE,0,NA,NA,0.3244,0.0145,0.9059
"COTO","283586_SE",283586,"SE","Northern Region",54.31162,-128.54374,2018,TRUE,2,0,0.016,0.0432,0.0031,0.1969
"COTO","283586_SE",283586,"SE","Northern Region",54.31162,-128.54374,2019,TRUE,3,0,0.0044,0.0216,0.0013,0.1242
"COTO","283586_SE",283586,"SE","Northern Region",54.31162,-128.54374,2020,TRUE,4,0,0.0027,0.0198,0.0013,0.1042
"COTO","283586_SE",283586,"SE","Northern Region",54.31162,-128.54374,2021,TRUE,3,0,0.0051,0.0222,0.0018,0.0996
"COTO","283586_SE",283586,"SE","Northern Region",54.31162,-128.54374,2022,TRUE,4,0,0.0056,0.0172,0.0013,0.0827
"COTO","283586_SE",283586,"SE","Northern Region",54.31162,-128.54374,2023,TRUE,4,0,0.004,0.0171,0.0012,0.0793
"COTO","283586_SE",283586,"SE","Northern Region",54.31162,-128.54374,2024,TRUE,4,0,0.0078,0.0158,0.0012,0.0724
"COTO","283586_SE",283586,"SE","Northern Region",54.31162,-128.54374,2025,TRUE,2,0,0.0062,0.0151,0.0011,0.0692
"COTO","283586_SW",283586,"SW","Northern Region",54.2946,-128.581,2017,FALSE,0,NA,NA,0.0907,0.0042,0.3903
"COTO","283586_SW",283586,"SW","Northern Region",54.2946,-128.581,2018,TRUE,2,0,0.0256,0.0634,0.011,0.1873
"COTO","283586_SW",283586,"SW","Northern Region",54.2946,-128.581,2019,TRUE,3,0,0.0142,0.0576,0.0081,0.1672
"COTO","283586_SW",283586,"SW","Northern Region",54.2946,-128.581,2020,TRUE,4,0,0.0178,0.0685,0.0087,0.206
"COTO","283586_SW",283586,"SW","Northern Region",54.2946,-128.581,2021,TRUE,4,0,0.0244,0.0909,0.0119,0.275
"COTO","283586_SW",283586,"SW","Northern Region",54.2946,-128.581,2022,TRUE,4,0,0.0191,0.0806,0.0095,0.2505
"COTO","283586_SW",283586,"SW","Northern Region",54.2946,-128.581,2023,TRUE,4,0,0.0147,0.0855,0.01,0.2637
"COTO","283586_SW",283586,"SW","Northern Region",54.2946,-128.581,2024,TRUE,4,0,0.0324,0.0846,0.0089,0.2751
"COTO","283586_SW",283586,"SW","Northern Region",54.2946,-128.581,2025,TRUE,4,0,0.0329,0.0856,0.0088,0.287
"COTO","294832_NE",294832,"NE","Northern Region",56.3348,-120.97877,2017,TRUE,4,0,0.0629,0.1149,0.0069,0.4563
"COTO","294832_NE",294832,"NE","Northern Region",56.3348,-120.97877,2018,TRUE,4,0,0.0022,0.0106,0.001,0.0464
"COTO","294832_NE",294832,"NE","Northern Region",56.3348,-120.97877,2019,TRUE,2,0,4e-04,0.0048,4e-04,0.0216
"COTO","294832_NE",294832,"NE","Northern Region",56.3348,-120.97877,2020,TRUE,2,0,7e-04,0.0045,3e-04,0.0196
"COTO","294832_NE",294832,"NE","Northern Region",56.3348,-120.97877,2021,TRUE,4,0,9e-04,0.0063,6e-04,0.0233
"COTO","294832_NE",294832,"NE","Northern Region",56.3348,-120.97877,2022,TRUE,4,0,2e-04,0.0048,4e-04,0.0179
"COTO","294832_NE",294832,"NE","Northern Region",56.3348,-120.97877,2023,FALSE,0,NA,NA,0.005,4e-04,0.0185
"COTO","294832_NE",294832,"NE","Northern Region",56.3348,-120.97877,2024,TRUE,4,0,0.0016,0.0046,4e-04,0.0169
"COTO","294832_NE",294832,"NE","Northern Region",56.3348,-120.97877,2025,TRUE,4,0,0.0013,0.0045,4e-04,0.0171
"COTO","294832_NW",294832,"NW","Northern Region",56.33264,-121.00747,2017,TRUE,4,0,0.04,0.0898,0.0063,0.3448
"COTO","294832_NW",294832,"NW","Northern Region",56.33264,-121.00747,2018,TRUE,4,0,7e-04,0.0085,0.001,0.0328
"COTO","294832_NW",294832,"NW","Northern Region",56.33264,-121.00747,2019,TRUE,4,0,7e-04,0.0043,4e-04,0.0167
"COTO","294832_NW",294832,"NW","Northern Region",56.33264,-121.00747,2020,TRUE,4,0,0.002,0.0044,4e-04,0.0169
"COTO","294832_NW",294832,"NW","Northern Region",56.33264,-121.00747,2021,TRUE,4,0,7e-04,0.0072,8e-04,0.0238
"COTO","294832_NW",294832,"NW","Northern Region",56.33264,-121.00747,2022,TRUE,4,0,0,0.0055,6e-04,0.018
"COTO","294832_NW",294832,"NW","Northern Region",56.33264,-121.00747,2023,FALSE,0,NA,NA,0.0058,6e-04,0.0196
"COTO","294832_NW",294832,"NW","Northern Region",56.33264,-121.00747,2024,TRUE,4,0,9e-04,0.0054,6e-04,0.0181
"COTO","294832_NW",294832,"NW","Northern Region",56.33264,-121.00747,2025,TRUE,4,0,0.0016,0.0052,5e-04,0.0178
"COTO","294832_SE",294832,"SE","Northern Region",56.30206,-120.94608,2017,TRUE,4,0,0.0253,0.0447,0.0024,0.1821
"COTO","294832_SE",294832,"SE","Northern Region",56.30206,-120.94608,2018,TRUE,4,0,0.002,0.0086,0.001,0.0315
"COTO","294832_SE",294832,"SE","Northern Region",56.30206,-120.94608,2019,FALSE,0,NA,NA,0.0052,5e-04,0.0183
"COTO","294832_SE",294832,"SE","Northern Region",56.30206,-120.94608,2020,TRUE,4,0,0.0016,0.0054,5e-04,0.02
"COTO","294832_SE",294832,"SE","Northern Region",56.30206,-120.94608,2021,TRUE,4,0,9e-04,0.0074,8e-04,0.0251
"COTO","294832_SE",294832,"SE","Northern Region",56.30206,-120.94608,2022,TRUE,3,0,2e-04,0.0068,8e-04,0.023
"COTO","294832_SE",294832,"SE","Northern Region",56.30206,-120.94608,2023,FALSE,0,NA,NA,0.0073,8e-04,0.025
"COTO","294832_SE",294832,"SE","Northern Region",56.30206,-120.94608,2024,TRUE,4,0,0.0011,0.0069,7e-04,0.0238
"COTO","294832_SE",294832,"SE","Northern Region",56.30206,-120.94608,2025,FALSE,0,NA,NA,0.0068,7e-04,0.0237
"COTO","294832_SW",294832,"SW","Northern Region",56.30496,-121.00198,2017,TRUE,4,0,0.0184,0.036,0.0013,0.1638
"COTO","294832_SW",294832,"SW","Northern Region",56.30496,-121.00198,2018,FALSE,0,NA,NA,0.0083,9e-04,0.033
"COTO","294832_SW",294832,"SW","Northern Region",56.30496,-121.00198,2019,TRUE,4,0,7e-04,0.0052,5e-04,0.0192
"COTO","294832_SW",294832,"SW","Northern Region",56.30496,-121.00198,2020,TRUE,4,0,0.0016,0.0055,5e-04,0.0204
"COTO","294832_SW",294832,"SW","Northern Region",56.30496,-121.00198,2021,TRUE,4,0,0.0011,0.008,9e-04,0.0272
"COTO","294832_SW",294832,"SW","Northern Region",56.30496,-121.00198,2022,TRUE,4,0,7e-04,0.0065,7e-04,0.0234
"COTO","294832_SW",294832,"SW","Northern Region",56.30496,-121.00198,2023,FALSE,0,NA,NA,0.0069,7e-04,0.0256
"COTO","294832_SW",294832,"SW","Northern Region",56.30496,-121.00198,2024,TRUE,4,0,9e-04,0.0065,6e-04,0.0247
"COTO","294832_SW",294832,"SW","Northern Region",56.30496,-121.00198,2025,TRUE,4,0,0.0011,0.0064,6e-04,0.0237
"COTO","317428_NE",317428,"NE","South Coastal Region",49.06292,-120.79944,2017,FALSE,0,NA,NA,0.1431,0.0036,0.6703
"COTO","317428_NE",317428,"NE","South Coastal Region",49.06292,-120.79944,2018,TRUE,4,0,0.0544,0.1206,0.0394,0.2699
"COTO","317428_NE",317428,"NE","South Coastal Region",49.06292,-120.79944,2019,TRUE,4,0,0.0344,0.1048,0.0309,0.2234
"COTO","317428_NE",317428,"NE","South Coastal Region",49.06292,-120.79944,2020,TRUE,4,0,0.084,0.1607,0.053,0.3461
"COTO","317428_NE",317428,"NE","South Coastal Region",49.06292,-120.79944,2021,TRUE,4,0,0.0904,0.2162,0.0776,0.4286
"COTO","317428_NE",317428,"NE","South Coastal Region",49.06292,-120.79944,2022,TRUE,4,1,1,0.1647,0.0607,0.3319
"COTO","317428_NE",317428,"NE","South Coastal Region",49.06292,-120.79944,2023,TRUE,4,0,0.1131,0.179,0.0667,0.3571
"COTO","317428_NE",317428,"NE","South Coastal Region",49.06292,-120.79944,2024,TRUE,4,0,0.0669,0.168,0.0582,0.35
"COTO","317428_NE",317428,"NE","South Coastal Region",49.06292,-120.79944,2025,TRUE,4,0,0.0567,0.1665,0.0578,0.3496
"COTO","317428_NW",317428,"NW","South Coastal Region",49.06417,-120.90943,2017,FALSE,0,NA,NA,0.1314,0.0017,0.6927
"COTO","317428_NW",317428,"NW","South Coastal Region",49.06417,-120.90943,2018,TRUE,4,0,0.084,0.1649,0.0278,0.4483
"COTO","317428_NW",317428,"NW","South Coastal Region",49.06417,-120.90943,2019,TRUE,4,0,0.0484,0.1187,0.0246,0.2686
"COTO","317428_NW",317428,"NW","South Coastal Region",49.06417,-120.90943,2020,TRUE,4,0,0.1158,0.1493,0.0306,0.371
"COTO","317428_NW",317428,"NW","South Coastal Region",49.06417,-120.90943,2021,TRUE,4,0,0.0951,0.1899,0.0497,0.4178
"COTO","317428_NW",317428,"NW","South Coastal Region",49.06417,-120.90943,2022,TRUE,4,0,0.0789,0.1433,0.034,0.3268
"COTO","317428_NW",317428,"NW","South Coastal Region",49.06417,-120.90943,2023,TRUE,4,0,0.0804,0.1543,0.0377,0.35
"COTO","317428_NW",317428,"NW","South Coastal Region",49.06417,-120.90943,2024,TRUE,4,0,0.0867,0.1462,0.0338,0.338
"COTO","317428_NW",317428,"NW","South Coastal Region",49.06417,-120.90943,2025,TRUE,4,0,0.0736,0.1423,0.0337,0.3319
"COTO","317428_SE",317428,"SE","South Coastal Region",49.06053,-120.77309,2017,FALSE,0,NA,NA,0.1357,0.0037,0.6299
"COTO","317428_SE",317428,"SE","South Coastal Region",49.06053,-120.77309,2018,TRUE,4,0,0.0896,0.1938,0.0699,0.4247
"COTO","317428_SE",317428,"SE","South Coastal Region",49.06053,-120.77309,2019,TRUE,4,0,0.0691,0.1644,0.0583,0.3222
"COTO","317428_SE",317428,"SE","South Coastal Region",49.06053,-120.77309,2020,TRUE,4,0,0.1373,0.2012,0.0722,0.416
"COTO","317428_SE",317428,"SE","South Coastal Region",49.06053,-120.77309,2021,TRUE,4,1,1,0.259,0.1015,0.491
"COTO","317428_SE",317428,"SE","South Coastal Region",49.06053,-120.77309,2022,TRUE,4,0,0.0598,0.1958,0.0765,0.3797
"COTO","317428_SE",317428,"SE","South Coastal Region",49.06053,-120.77309,2023,TRUE,4,0,0.07,0.2147,0.0863,0.4068
"COTO","317428_SE",317428,"SE","South Coastal Region",49.06053,-120.77309,2024,TRUE,4,0,0.0642,0.2009,0.0746,0.3992
"COTO","317428_SE",317428,"SE","South Coastal Region",49.06053,-120.77309,2025,FALSE,0,NA,NA,0.1996,0.0742,0.3946
"COTO","317428_SW",317428,"SW","South Coastal Region",49.04617,-120.85085,2017,FALSE,0,NA,NA,0.2096,0.0033,0.8562
"COTO","317428_SW",317428,"SW","South Coastal Region",49.04617,-120.85085,2018,TRUE,4,0,0.0371,0.0865,0.0172,0.2706
"COTO","317428_SW",317428,"SW","South Coastal Region",49.04617,-120.85085,2019,TRUE,4,0,0.042,0.0729,0.0144,0.2106
"COTO","317428_SW",317428,"SW","South Coastal Region",49.04617,-120.85085,2020,TRUE,4,0,0.1671,0.0864,0.0168,0.2371
"COTO","317428_SW",317428,"SW","South Coastal Region",49.04617,-120.85085,2021,TRUE,4,1,1,0.1144,0.0241,0.2995
"COTO","317428_SW",317428,"SW","South Coastal Region",49.04617,-120.85085,2022,TRUE,4,0,0.0909,0.0929,0.0189,0.258
"COTO","317428_SW",317428,"SW","South Coastal Region",49.04617,-120.85085,2023,TRUE,4,0,0.0453,0.0986,0.0189,0.2774
"COTO","317428_SW",317428,"SW","South Coastal Region",49.04617,-120.85085,2024,FALSE,0,NA,NA,0.0939,0.0168,0.2715
"COTO","317428_SW",317428,"SW","South Coastal Region",49.04617,-120.85085,2025,FALSE,0,NA,NA,0.0935,0.0166,0.2742
"COTO","326072_NE",326072,"NE","South Coastal Region",49.09743,-122.51957,2017,TRUE,3,1,1,0.278,0.0788,0.5452
"COTO","326072_NE",326072,"NE","South Coastal Region",49.09743,-122.51957,2018,TRUE,3,0,0.2547,0.3304,0.1741,0.5364
"COTO","326072_NE",326072,"NE","South Coastal Region",49.09743,-122.51957,2019,TRUE,3,0,0.0918,0.3693,0.2193,0.5494
"COTO","326072_NE",326072,"NE","South Coastal Region",49.09743,-122.51957,2020,TRUE,4,0,0.0729,0.4302,0.2748,0.5963
"COTO","326072_NE",326072,"NE","South Coastal Region",49.09743,-122.51957,2021,TRUE,4,0,0.0662,0.5096,0.3503,0.6745
"COTO","326072_NE",326072,"NE","South Coastal Region",49.09743,-122.51957,2022,TRUE,4,0,0.0796,0.5409,0.3743,0.706
"COTO","326072_NE",326072,"NE","South Coastal Region",49.09743,-122.51957,2023,TRUE,4,0,0.1062,0.5804,0.4066,0.7445
"COTO","326072_NE",326072,"NE","South Coastal Region",49.09743,-122.51957,2024,FALSE,0,NA,NA,0.601,0.4143,0.7727
"COTO","326072_NE",326072,"NE","South Coastal Region",49.09743,-122.51957,2025,FALSE,0,NA,NA,0.6213,0.4266,0.8001
"COTO","326072_NW",326072,"NW","South Coastal Region",49.05235,-122.58989,2017,TRUE,4,0,0.0233,0.2872,0.0889,0.5527
"COTO","326072_NW",326072,"NW","South Coastal Region",49.05235,-122.58989,2018,TRUE,3,0,0.0064,0.3298,0.1693,0.5368
"COTO","326072_NW",326072,"NW","South Coastal Region",49.05235,-122.58989,2019,TRUE,3,0,0.002,0.3634,0.2095,0.5516
"COTO","326072_NW",326072,"NW","South Coastal Region",49.05235,-122.58989,2020,TRUE,4,0,0.0027,0.4116,0.2536,0.5885
"COTO","326072_NW",326072,"NW","South Coastal Region",49.05235,-122.58989,2021,TRUE,4,0,0.008,0.477,0.314,0.6503
"COTO","326072_NW",326072,"NW","South Coastal Region",49.05235,-122.58989,2022,TRUE,4,0,0.012,0.5176,0.3477,0.6885
"COTO","326072_NW",326072,"NW","South Coastal Region",49.05235,-122.58989,2023,TRUE,3,0,0.0169,0.5651,0.3892,0.7318
"COTO","326072_NW",326072,"NW","South Coastal Region",49.05235,-122.58989,2024,TRUE,4,0,0.0373,0.5993,0.4211,0.7671
"COTO","326072_NW",326072,"NW","South Coastal Region",49.05235,-122.58989,2025,TRUE,4,0,0.1098,0.6292,0.4462,0.7965
"COTO","326072_SE",326072,"SE","South Coastal Region",49.0144,-122.52755,2017,TRUE,4,1,1,0.3067,0.098,0.5755
"COTO","326072_SE",326072,"SE","South Coastal Region",49.0144,-122.52755,2018,TRUE,3,0,0.2324,0.3445,0.1789,0.5531
"COTO","326072_SE",326072,"SE","South Coastal Region",49.0144,-122.52755,2019,TRUE,3,0,0.0838,0.3762,0.2205,0.5642
"COTO","326072_SE",326072,"SE","South Coastal Region",49.0144,-122.52755,2020,TRUE,4,0,0.0696,0.4237,0.265,0.5983
"COTO","326072_SE",326072,"SE","South Coastal Region",49.0144,-122.52755,2021,TRUE,4,0,0.0762,0.4887,0.3279,0.659
"COTO","326072_SE",326072,"SE","South Coastal Region",49.0144,-122.52755,2022,TRUE,4,0,0.1338,0.5187,0.3494,0.6896
"COTO","326072_SE",326072,"SE","South Coastal Region",49.0144,-122.52755,2023,FALSE,0,NA,NA,0.5713,0.3978,0.733
"COTO","326072_SE",326072,"SE","South Coastal Region",49.0144,-122.52755,2024,FALSE,0,NA,NA,0.6048,0.4297,0.7674
"COTO","326072_SE",326072,"SE","South Coastal Region",49.0144,-122.52755,2025,FALSE,0,NA,NA,0.6342,0.4534,0.7973
"COTO","326072_SW",326072,"SW","South Coastal Region",49.01082,-122.58104,2017,TRUE,4,0,0.2413,0.5284,0.1341,0.9235
"COTO","326072_SW",326072,"SW","South Coastal Region",49.01082,-122.58104,2018,TRUE,3,0,0.0338,0.2812,0.0897,0.543
"COTO","326072_SW",326072,"SW","South Coastal Region",49.01082,-122.58104,2019,TRUE,3,0,0.0209,0.2433,0.1002,0.4413
"COTO","326072_SW",326072,"SW","South Coastal Region",49.01082,-122.58104,2020,TRUE,4,0,0.0291,0.2738,0.1282,0.4513
"COTO","326072_SW",326072,"SW","South Coastal Region",49.01082,-122.58104,2021,TRUE,4,0,0.04,0.3322,0.1727,0.5306
"COTO","326072_SW",326072,"SW","South Coastal Region",49.01082,-122.58104,2022,TRUE,4,0,0.0333,0.3044,0.1578,0.4919
"COTO","326072_SW",326072,"SW","South Coastal Region",49.01082,-122.58104,2023,TRUE,4,0,0.158,0.3978,0.235,0.5844
"COTO","326072_SW",326072,"SW","South Coastal Region",49.01082,-122.58104,2024,TRUE,4,1,1,0.4151,0.2443,0.6186
"COTO","326072_SW",326072,"SW","South Coastal Region",49.01082,-122.58104,2025,TRUE,4,1,1,0.4327,0.2507,0.6412
"COTO","37274_NE",37274,"NE","Northern Region",53.08874,-119.20318,2017,FALSE,0,NA,NA,0.0632,0.0028,0.2876
"COTO","37274_NE",37274,"NE","Northern Region",53.08874,-119.20318,2018,TRUE,4,0,0.002,0.0128,8e-04,0.0614
"COTO","37274_NE",37274,"NE","Northern Region",53.08874,-119.20318,2019,TRUE,3,0,0,0.007,3e-04,0.0383
"COTO","37274_NE",37274,"NE","Northern Region",53.08874,-119.20318,2020,TRUE,4,0,0,0.006,3e-04,0.0335
"COTO","37274_NE",37274,"NE","Northern Region",53.08874,-119.20318,2021,TRUE,4,0,0,0.0062,3e-04,0.0319
"COTO","37274_NE",37274,"NE","Northern Region",53.08874,-119.20318,2022,TRUE,3,0,7e-04,0.005,2e-04,0.0268
"COTO","37274_NE",37274,"NE","Northern Region",53.08874,-119.20318,2023,FALSE,0,NA,NA,0.0049,2e-04,0.0262
"COTO","37274_NE",37274,"NE","Northern Region",53.08874,-119.20318,2024,TRUE,3,0,0.0011,0.0044,2e-04,0.0242
"COTO","37274_NE",37274,"NE","Northern Region",53.08874,-119.20318,2025,FALSE,0,NA,NA,0.0043,2e-04,0.0236
"COTO","37274_SE",37274,"SE","Northern Region",53.05051,-119.21418,2017,FALSE,0,NA,NA,0.059,0.0037,0.2397
"COTO","37274_SE",37274,"SE","Northern Region",53.05051,-119.21418,2018,TRUE,4,0,0.0011,0.0067,9e-04,0.0224
"COTO","37274_SE",37274,"SE","Northern Region",53.05051,-119.21418,2019,TRUE,3,0,4e-04,0.0047,5e-04,0.0167
"COTO","37274_SE",37274,"SE","Northern Region",53.05051,-119.21418,2020,FALSE,0,NA,NA,0.0058,6e-04,0.0199
"COTO","37274_SE",37274,"SE","Northern Region",53.05051,-119.21418,2021,TRUE,4,0,0.0029,0.0084,9e-04,0.0285
"COTO","37274_SE",37274,"SE","Northern Region",53.05051,-119.21418,2022,TRUE,3,0,0.0027,0.0061,7e-04,0.0202
"COTO","37274_SE",37274,"SE","Northern Region",53.05051,-119.21418,2023,FALSE,0,NA,NA,0.0063,7e-04,0.0218
"COTO","37274_SE",37274,"SE","Northern Region",53.05051,-119.21418,2024,TRUE,3,0,0.0024,0.0059,6e-04,0.0196
"COTO","37274_SE",37274,"SE","Northern Region",53.05051,-119.21418,2025,FALSE,0,NA,NA,0.0056,6e-04,0.0193
"COTO","37274_SW",37274,"SW","Northern Region",53.03564,-119.22895,2017,FALSE,0,NA,NA,0.0344,0.0011,0.1592
"COTO","37274_SW",37274,"SW","Northern Region",53.03564,-119.22895,2018,TRUE,3,0,0.0018,0.0087,0.001,0.0336
"COTO","37274_SW",37274,"SW","Northern Region",53.03564,-119.22895,2019,TRUE,3,0,2e-04,0.0056,5e-04,0.0206
"COTO","37274_SW",37274,"SW","Northern Region",53.03564,-119.22895,2020,TRUE,4,0,0.0011,0.0063,6e-04,0.0223
"COTO","37274_SW",37274,"SW","Northern Region",53.03564,-119.22895,2021,TRUE,3,0,0.002,0.0083,9e-04,0.0286
"COTO","37274_SW",37274,"SW","Northern Region",53.03564,-119.22895,2022,TRUE,3,0,0.0018,0.0067,7e-04,0.0242
"COTO","37274_SW",37274,"SW","Northern Region",53.03564,-119.22895,2023,FALSE,0,NA,NA,0.007,7e-04,0.0263
"COTO","37274_SW",37274,"SW","Northern Region",53.03564,-119.22895,2024,TRUE,3,0,0.0024,0.0066,6e-04,0.0259
"COTO","37274_SW",37274,"SW","Northern Region",53.03564,-119.22895,2025,FALSE,0,NA,NA,0.0065,6e-04,0.0248
"COTO","38442_NW",38442,"NW","Okanagan Region",51.51999,-122.28978,2017,FALSE,0,NA,NA,0.2057,0.0196,0.5668
"COTO","38442_NW",38442,"NW","Okanagan Region",51.51999,-122.28978,2018,TRUE,3,1,1,0.3227,0.1786,0.5118
"COTO","38442_NW",38442,"NW","Okanagan Region",51.51999,-122.28978,2019,FALSE,0,NA,NA,0.3649,0.2134,0.5362
"COTO","38442_NW",38442,"NW","Okanagan Region",51.51999,-122.28978,2020,TRUE,4,0,0.6551,0.4384,0.2724,0.6203
"COTO","38442_NW",38442,"NW","Okanagan Region",51.51999,-122.28978,2021,TRUE,4,1,1,0.5297,0.355,0.7149
"COTO","38442_NW",38442,"NW","Okanagan Region",51.51999,-122.28978,2022,FALSE,0,NA,NA,0.5062,0.32,0.7022
"COTO","38442_NW",38442,"NW","Okanagan Region",51.51999,-122.28978,2023,TRUE,4,0,0.3509,0.5344,0.347,0.7353
"COTO","38442_NW",38442,"NW","Okanagan Region",51.51999,-122.28978,2024,TRUE,4,0,0.4218,0.526,0.3238,0.7471
"COTO","38442_NW",38442,"NW","Okanagan Region",51.51999,-122.28978,2025,TRUE,4,1,1,0.5323,0.3312,0.7504
"COTO","38442_SW",38442,"SW","Okanagan Region",51.50238,-122.28992,2017,FALSE,0,NA,NA,0.2144,0.0206,0.5878
"COTO","38442_SW",38442,"SW","Okanagan Region",51.50238,-122.28992,2018,TRUE,3,0,0.1158,0.3149,0.1723,0.4997
"COTO","38442_SW",38442,"SW","Okanagan Region",51.50238,-122.28992,2019,TRUE,4,0,0.0809,0.3421,0.1933,0.511
"COTO","38442_SW",38442,"SW","Okanagan Region",51.50238,-122.28992,2020,TRUE,4,0,0.1293,0.4112,0.2493,0.5905
"COTO","38442_SW",38442,"SW","Okanagan Region",51.50238,-122.28992,2021,TRUE,4,0,0.3191,0.4995,0.3239,0.6917
"COTO","38442_SW",38442,"SW","Okanagan Region",51.50238,-122.28992,2022,TRUE,4,1,1,0.4622,0.2848,0.6611
"COTO","38442_SW",38442,"SW","Okanagan Region",51.50238,-122.28992,2023,TRUE,4,0,0.3224,0.4896,0.3115,0.6911
"COTO","38442_SW",38442,"SW","Okanagan Region",51.50238,-122.28992,2024,TRUE,4,0,0.1927,0.4767,0.2862,0.6977
"COTO","38442_SW",38442,"SW","Okanagan Region",51.50238,-122.28992,2025,FALSE,0,NA,NA,0.4815,0.2928,0.6966
"COTO","42026_NE",42026,"NE","Northern Region",55.85527,-121.65345,2017,FALSE,0,NA,NA,0.0818,0.0055,0.3208
"COTO","42026_NE",42026,"NE","Northern Region",55.85527,-121.65345,2018,FALSE,0,NA,NA,0.0079,0.0011,0.0255
"COTO","42026_NE",42026,"NE","Northern Region",55.85527,-121.65345,2019,FALSE,0,NA,NA,0.0048,5e-04,0.016
"COTO","42026_NE",42026,"NE","Northern Region",55.85527,-121.65345,2020,FALSE,0,NA,NA,0.0054,6e-04,0.0182
"COTO","42026_NE",42026,"NE","Northern Region",55.85527,-121.65345,2021,FALSE,0,NA,NA,0.0075,9e-04,0.0247
"COTO","42026_NE",42026,"NE","Northern Region",55.85527,-121.65345,2022,TRUE,4,0,0.0024,0.0055,7e-04,0.0175
"COTO","42026_NE",42026,"NE","Northern Region",55.85527,-121.65345,2023,FALSE,0,NA,NA,0.0057,6e-04,0.019
"COTO","42026_NE",42026,"NE","Northern Region",55.85527,-121.65345,2024,TRUE,4,0,4e-04,0.0053,6e-04,0.0173
"COTO","42026_NE",42026,"NE","Northern Region",55.85527,-121.65345,2025,TRUE,4,0,2e-04,0.0051,6e-04,0.0169
"COTO","42026_NW",42026,"NW","Northern Region",55.83616,-121.71691,2017,FALSE,0,NA,NA,0.0664,0.005,0.2516
"COTO","42026_NW",42026,"NW","Northern Region",55.83616,-121.71691,2018,FALSE,0,NA,NA,0.008,0.0012,0.0249
"COTO","42026_NW",42026,"NW","Northern Region",55.83616,-121.71691,2019,FALSE,0,NA,NA,0.0052,6e-04,0.0172
"COTO","42026_NW",42026,"NW","Northern Region",55.83616,-121.71691,2020,FALSE,0,NA,NA,0.0059,7e-04,0.0195
"COTO","42026_NW",42026,"NW","Northern Region",55.83616,-121.71691,2021,FALSE,0,NA,NA,0.0084,0.001,0.0281
"COTO","42026_NW",42026,"NW","Northern Region",55.83616,-121.71691,2022,TRUE,3,0,0.0022,0.0062,8e-04,0.0196
"COTO","42026_NW",42026,"NW","Northern Region",55.83616,-121.71691,2023,FALSE,0,NA,NA,0.0064,7e-04,0.021
"COTO","42026_NW",42026,"NW","Northern Region",55.83616,-121.71691,2024,TRUE,4,0,0.0013,0.006,7e-04,0.019
"COTO","42026_NW",42026,"NW","Northern Region",55.83616,-121.71691,2025,TRUE,3,0,9e-04,0.0058,6e-04,0.0187
"COTO","42026_SE",42026,"SE","Northern Region",55.81797,-121.66405,2017,FALSE,0,NA,NA,0.0972,0.0066,0.3836
"COTO","42026_SE",42026,"SE","Northern Region",55.81797,-121.66405,2018,FALSE,0,NA,NA,0.0095,0.0014,0.0305
"COTO","42026_SE",42026,"SE","Northern Region",55.81797,-121.66405,2019,FALSE,0,NA,NA,0.0058,7e-04,0.0194
"COTO","42026_SE",42026,"SE","Northern Region",55.81797,-121.66405,2020,FALSE,0,NA,NA,0.0064,7e-04,0.0211
"COTO","42026_SE",42026,"SE","Northern Region",55.81797,-121.66405,2021,FALSE,0,NA,NA,0.009,0.0011,0.029
"COTO","42026_SE",42026,"SE","Northern Region",55.81797,-121.66405,2022,TRUE,4,0,7e-04,0.0066,8e-04,0.0209
"COTO","42026_SE",42026,"SE","Northern Region",55.81797,-121.66405,2023,FALSE,0,NA,NA,0.0069,8e-04,0.0224
"COTO","42026_SE",42026,"SE","Northern Region",55.81797,-121.66405,2024,TRUE,4,0,4e-04,0.0064,7e-04,0.0204
"COTO","42026_SE",42026,"SE","Northern Region",55.81797,-121.66405,2025,TRUE,4,0,0.0016,0.0062,7e-04,0.0197
"COTO","42026_SW",42026,"SW","Northern Region",55.81131,-121.70131,2017,FALSE,0,NA,NA,0.0875,0.0062,0.332
"COTO","42026_SW",42026,"SW","Northern Region",55.81131,-121.70131,2018,FALSE,0,NA,NA,0.0113,0.0014,0.0408
"COTO","42026_SW",42026,"SW","Northern Region",55.81131,-121.70131,2019,FALSE,0,NA,NA,0.006,6e-04,0.0229
"COTO","42026_SW",42026,"SW","Northern Region",55.81131,-121.70131,2020,FALSE,0,NA,NA,0.0061,6e-04,0.0234
"COTO","42026_SW",42026,"SW","Northern Region",55.81131,-121.70131,2021,FALSE,0,NA,NA,0.0079,9e-04,0.0272
"COTO","42026_SW",42026,"SW","Northern Region",55.81131,-121.70131,2022,TRUE,4,0,0.0016,0.006,7e-04,0.0213
"COTO","42026_SW",42026,"SW","Northern Region",55.81131,-121.70131,2023,FALSE,0,NA,NA,0.0062,6e-04,0.0225
"COTO","42026_SW",42026,"SW","Northern Region",55.81131,-121.70131,2024,TRUE,4,0,7e-04,0.0057,6e-04,0.0213
"COTO","42026_SW",42026,"SW","Northern Region",55.81131,-121.70131,2025,TRUE,4,0,4e-04,0.0056,6e-04,0.0199
"COTO","47210_NW",47210,"NW","Okanagan Region",49.84159,-119.9783,2017,FALSE,0,NA,NA,0.0623,0.0021,0.2884
"COTO","47210_NW",47210,"NW","Okanagan Region",49.84159,-119.9783,2018,FALSE,0,NA,NA,0.5203,0.2193,0.8675
"COTO","47210_NW",47210,"NW","Okanagan Region",49.84159,-119.9783,2019,FALSE,0,NA,NA,0.2987,0.1434,0.5114
"COTO","47210_NW",47210,"NW","Okanagan Region",49.84159,-119.9783,2020,FALSE,0,NA,NA,0.4586,0.2223,0.7601
"COTO","47210_NW",47210,"NW","Okanagan Region",49.84159,-119.9783,2021,FALSE,0,NA,NA,0.4564,0.2633,0.7133
"COTO","47210_NW",47210,"NW","Okanagan Region",49.84159,-119.9783,2022,FALSE,0,NA,NA,0.3944,0.199,0.6519
"COTO","47210_NW",47210,"NW","Okanagan Region",49.84159,-119.9783,2023,TRUE,4,1,1,0.4342,0.2556,0.6522
"COTO","47210_NW",47210,"NW","Okanagan Region",49.84159,-119.9783,2024,TRUE,4,0,0.0613,0.4061,0.2213,0.6366
"COTO","47210_NW",47210,"NW","Okanagan Region",49.84159,-119.9783,2025,TRUE,4,0,0.0493,0.4104,0.2245,0.6159
"COTO","47210_SE",47210,"SE","Okanagan Region",49.79638,-119.86985,2017,FALSE,0,NA,NA,0.07,0.0046,0.261
"COTO","47210_SE",47210,"SE","Okanagan Region",49.79638,-119.86985,2018,FALSE,0,NA,NA,0.437,0.2134,0.747
"COTO","47210_SE",47210,"SE","Okanagan Region",49.79638,-119.86985,2019,FALSE,0,NA,NA,0.4164,0.2263,0.6503
"COTO","47210_SE",47210,"SE","Okanagan Region",49.79638,-119.86985,2020,FALSE,0,NA,NA,0.51,0.2873,0.7628
"COTO","47210_SE",47210,"SE","Okanagan Region",49.79638,-119.86985,2021,FALSE,0,NA,NA,0.5866,0.3603,0.8253
"COTO","47210_SE",47210,"SE","Okanagan Region",49.79638,-119.86985,2022,FALSE,0,NA,NA,0.5076,0.2822,0.7637
"COTO","47210_SE",47210,"SE","Okanagan Region",49.79638,-119.86985,2023,TRUE,4,1,1,0.5541,0.3326,0.7917
"COTO","47210_SE",47210,"SE","Okanagan Region",49.79638,-119.86985,2024,TRUE,4,0,0.3182,0.5317,0.3082,0.7909
"COTO","47210_SE",47210,"SE","Okanagan Region",49.79638,-119.86985,2025,TRUE,4,1,1,0.5397,0.3033,0.7995
"COTO","47210_SW",47210,"SW","Okanagan Region",49.79097,-119.95267,2017,FALSE,0,NA,NA,0.0712,0.003,0.3057
"COTO","47210_SW",47210,"SW","Okanagan Region",49.79097,-119.95267,2018,FALSE,0,NA,NA,0.2732,0.1332,0.4882
"COTO","47210_SW",47210,"SW","Okanagan Region",49.79097,-119.95267,2019,FALSE,0,NA,NA,0.2035,0.0929,0.3285
"COTO","47210_SW",47210,"SW","Okanagan Region",49.79097,-119.95267,2020,FALSE,0,NA,NA,0.253,0.1221,0.4345
"COTO","47210_SW",47210,"SW","Okanagan Region",49.79097,-119.95267,2021,FALSE,0,NA,NA,0.3163,0.1721,0.5165
"COTO","47210_SW",47210,"SW","Okanagan Region",49.79097,-119.95267,2022,FALSE,0,NA,NA,0.2347,0.1217,0.3807
"COTO","47210_SW",47210,"SW","Okanagan Region",49.79097,-119.95267,2023,TRUE,4,1,1,0.2631,0.1452,0.4146
"COTO","47210_SW",47210,"SW","Okanagan Region",49.79097,-119.95267,2024,FALSE,0,NA,NA,0.2435,0.1243,0.3919
"COTO","47210_SW",47210,"SW","Okanagan Region",49.79097,-119.95267,2025,TRUE,4,0,0.0118,0.2426,0.1269,0.3848
"COTO","47322_NE",47322,"NE","Northern Region",55.69808,-120.43213,2017,TRUE,4,0,0.0109,0.0368,0.0014,0.1613
"COTO","47322_NE",47322,"NE","Northern Region",55.69808,-120.43213,2018,TRUE,4,0,0.002,0.0103,0.0016,0.033
"COTO","47322_NE",47322,"NE","Northern Region",55.69808,-120.43213,2019,TRUE,4,0,2e-04,0.0073,9e-04,0.0239
"COTO","47322_NE",47322,"NE","Northern Region",55.69808,-120.43213,2020,TRUE,4,0,0.0018,0.0082,0.001,0.0278
"COTO","47322_NE",47322,"NE","Northern Region",55.69808,-120.43213,2021,TRUE,4,0,0.0013,0.0113,0.0015,0.0356
"COTO","47322_NE",47322,"NE","Northern Region",55.69808,-120.43213,2022,TRUE,4,0,4e-04,0.0088,0.0011,0.0296
"COTO","47322_NE",47322,"NE","Northern Region",55.69808,-120.43213,2023,FALSE,0,NA,NA,0.0092,0.0011,0.0314
"COTO","47322_NE",47322,"NE","Northern Region",55.69808,-120.43213,2024,TRUE,4,0,0.0024,0.0087,0.001,0.0299
"COTO","47322_NE",47322,"NE","Northern Region",55.69808,-120.43213,2025,TRUE,4,0,0.0024,0.0085,0.001,0.0288
"COTO","47322_NW",47322,"NW","Northern Region",55.70016,-120.48989,2017,TRUE,4,0,0.0153,0.0476,0.0028,0.1947
"COTO","47322_NW",47322,"NW","Northern Region",55.70016,-120.48989,2018,FALSE,0,NA,NA,0.0103,0.0016,0.0315
"COTO","47322_NW",47322,"NW","Northern Region",55.70016,-120.48989,2019,TRUE,4,0,4e-04,0.0068,8e-04,0.0216
"COTO","47322_NW",47322,"NW","Northern Region",55.70016,-120.48989,2020,TRUE,4,0,0.0027,0.0076,9e-04,0.0255
"COTO","47322_NW",47322,"NW","Northern Region",55.70016,-120.48989,2021,TRUE,4,0,0.002,0.0105,0.0014,0.0331
"COTO","47322_NW",47322,"NW","Northern Region",55.70016,-120.48989,2022,TRUE,4,0,9e-04,0.0081,0.0011,0.0265
"COTO","47322_NW",47322,"NW","Northern Region",55.70016,-120.48989,2023,FALSE,0,NA,NA,0.0084,0.001,0.0278
"COTO","47322_NW",47322,"NW","Northern Region",55.70016,-120.48989,2024,TRUE,4,0,0.004,0.0079,9e-04,0.0261
"COTO","47322_NW",47322,"NW","Northern Region",55.70016,-120.48989,2025,FALSE,0,NA,NA,0.0077,9e-04,0.0257
"COTO","47322_SE",47322,"SE","Northern Region",55.64597,-120.40102,2017,TRUE,4,0,0.0107,0.0343,0.0012,0.1566
"COTO","47322_SE",47322,"SE","Northern Region",55.64597,-120.40102,2018,TRUE,4,0,0.0013,0.0112,0.0018,0.036
"COTO","47322_SE",47322,"SE","Northern Region",55.64597,-120.40102,2019,TRUE,4,0,0.0016,0.0081,0.001,0.0265
"COTO","47322_SE",47322,"SE","Northern Region",55.64597,-120.40102,2020,TRUE,2,0,0.0044,0.0093,0.0012,0.0312
"COTO","47322_SE",47322,"SE","Northern Region",55.64597,-120.40102,2021,FALSE,0,NA,NA,0.0127,0.0016,0.0402
"COTO","47322_SE",47322,"SE","Northern Region",55.64597,-120.40102,2022,TRUE,4,0,0,0.0101,0.0013,0.0348
"COTO","47322_SE",47322,"SE","Northern Region",55.64597,-120.40102,2023,FALSE,0,NA,NA,0.0105,0.0013,0.0368
"COTO","47322_SE",47322,"SE","Northern Region",55.64597,-120.40102,2024,FALSE,0,NA,NA,0.01,0.0011,0.0357
"COTO","47322_SE",47322,"SE","Northern Region",55.64597,-120.40102,2025,FALSE,0,NA,NA,0.0098,0.0011,0.0342
"COTO","47322_SW",47322,"SW","Northern Region",55.65446,-120.49465,2017,TRUE,4,0,0.0244,0.0745,0.0056,0.2821
"COTO","47322_SW",47322,"SW","Northern Region",55.65446,-120.49465,2018,TRUE,4,0,0.0029,0.0105,0.0017,0.0317
"COTO","47322_SW",47322,"SW","Northern Region",55.65446,-120.49465,2019,TRUE,2,0,0.0031,0.0067,8e-04,0.0215
"COTO","47322_SW",47322,"SW","Northern Region",55.65446,-120.49465,2020,TRUE,4,0,0.0024,0.0076,0.001,0.0243
"COTO","47322_SW",47322,"SW","Northern Region",55.65446,-120.49465,2021,TRUE,4,0,0.0013,0.0106,0.0014,0.0329
"COTO","47322_SW",47322,"SW","Northern Region",55.65446,-120.49465,2022,TRUE,4,0,7e-04,0.0079,0.0011,0.024
"COTO","47322_SW",47322,"SW","Northern Region",55.65446,-120.49465,2023,FALSE,0,NA,NA,0.0082,0.001,0.0258
"COTO","47322_SW",47322,"SW","Northern Region",55.65446,-120.49465,2024,TRUE,4,0,0.0031,0.0076,9e-04,0.0236
"COTO","47322_SW",47322,"SW","Northern Region",55.65446,-120.49465,2025,TRUE,3,0,0.0024,0.0074,9e-04,0.0231
"COTO","57322_NE",57322,"NE","South Coastal Region",49.09454,-122.09881,2017,TRUE,4,0,0.3327,0.2881,0.0655,0.5946
"COTO","57322_NE",57322,"NE","South Coastal Region",49.09454,-122.09881,2018,TRUE,2,0,0.6067,0.3741,0.1872,0.6166
"COTO","57322_NE",57322,"NE","South Coastal Region",49.09454,-122.09881,2019,TRUE,4,1,1,0.4319,0.2489,0.6436
"COTO","57322_NE",57322,"NE","South Coastal Region",49.09454,-122.09881,2020,TRUE,4,0,0.9669,0.4935,0.3094,0.6873
"COTO","57322_NE",57322,"NE","South Coastal Region",49.09454,-122.09881,2021,TRUE,4,0,0.9631,0.5776,0.397,0.7521
"COTO","57322_NE",57322,"NE","South Coastal Region",49.09454,-122.09881,2022,TRUE,3,1,1,0.6215,0.441,0.786
"COTO","57322_NE",57322,"NE","South Coastal Region",49.09454,-122.09881,2023,TRUE,4,1,1,0.6642,0.4784,0.8221
"COTO","57322_NE",57322,"NE","South Coastal Region",49.09454,-122.09881,2024,FALSE,0,NA,NA,0.6939,0.5067,0.8519
"COTO","57322_NE",57322,"NE","South Coastal Region",49.09454,-122.09881,2025,FALSE,0,NA,NA,0.7197,0.5293,0.8736
"COTO","57322_NW",57322,"NW","South Coastal Region",49.07915,-122.16077,2017,TRUE,4,0,0.1564,0.478,0.1544,0.844
"COTO","57322_NW",57322,"NW","South Coastal Region",49.07915,-122.16077,2018,TRUE,4,0,0.0371,0.463,0.2402,0.7098
"COTO","57322_NW",57322,"NW","South Coastal Region",49.07915,-122.16077,2019,TRUE,4,0,0.0213,0.4823,0.3025,0.6864
"COTO","57322_NW",57322,"NW","South Coastal Region",49.07915,-122.16077,2020,TRUE,4,0,0.0413,0.5335,0.3639,0.7123
"COTO","57322_NW",57322,"NW","South Coastal Region",49.07915,-122.16077,2021,TRUE,4,0,0.0576,0.6044,0.4445,0.7646
"COTO","57322_NW",57322,"NW","South Coastal Region",49.07915,-122.16077,2022,TRUE,4,0,0.0964,0.604,0.4328,0.7678
"COTO","57322_NW",57322,"NW","South Coastal Region",49.07915,-122.16077,2023,FALSE,0,NA,NA,0.6298,0.4559,0.7945
"COTO","57322_NW",57322,"NW","South Coastal Region",49.07915,-122.16077,2024,FALSE,0,NA,NA,0.6308,0.4356,0.8097
"COTO","57322_NW",57322,"NW","South Coastal Region",49.07915,-122.16077,2025,TRUE,4,0,0.2676,0.6397,0.4414,0.8242
"COTO","57322_SE",57322,"SE","South Coastal Region",49.0141,-122.09198,2017,FALSE,0,NA,NA,0.1827,0.0222,0.5149
"COTO","57322_SE",57322,"SE","South Coastal Region",49.0141,-122.09198,2018,TRUE,3,0,0.058,0.3712,0.1953,0.5874
"COTO","57322_SE",57322,"SE","South Coastal Region",49.0141,-122.09198,2019,TRUE,3,0,0.0522,0.4547,0.2708,0.6574
"COTO","57322_SE",57322,"SE","South Coastal Region",49.0141,-122.09198,2020,TRUE,4,0,0.0931,0.548,0.3386,0.756
"COTO","57322_SE",57322,"SE","South Coastal Region",49.0141,-122.09198,2021,TRUE,4,0,0.15,0.6485,0.4322,0.8455
"COTO","57322_SE",57322,"SE","South Coastal Region",49.0141,-122.09198,2022,TRUE,4,0,0.356,0.6534,0.4194,0.8557
"COTO","57322_SE",57322,"SE","South Coastal Region",49.0141,-122.09198,2023,TRUE,4,1,1,0.6889,0.4611,0.8772
"COTO","57322_SE",57322,"SE","South Coastal Region",49.0141,-122.09198,2024,FALSE,0,NA,NA,0.694,0.4497,0.8932
"COTO","57322_SE",57322,"SE","South Coastal Region",49.0141,-122.09198,2025,TRUE,4,1,1,0.7055,0.4573,0.9055
"COTO","57322_SW",57322,"SW","South Coastal Region",49.01663,-122.15131,2017,FALSE,0,NA,NA,0.5521,0.1451,0.9341
"COTO","57322_SW",57322,"SW","South Coastal Region",49.01663,-122.15131,2018,TRUE,4,0,0.0656,0.2754,0.0821,0.5043
"COTO","57322_SW",57322,"SW","South Coastal Region",49.01663,-122.15131,2019,TRUE,4,0,0.0596,0.2836,0.1353,0.4625
"COTO","57322_SW",57322,"SW","South Coastal Region",49.01663,-122.15131,2020,TRUE,4,0,0.1444,0.3376,0.1761,0.5401
"COTO","57322_SW",57322,"SW","South Coastal Region",49.01663,-122.15131,2021,TRUE,4,0,0.1229,0.412,0.2313,0.6232
"COTO","57322_SW",57322,"SW","South Coastal Region",49.01663,-122.15131,2022,TRUE,4,0,0.0967,0.3305,0.1785,0.5332
"COTO","57322_SW",57322,"SW","South Coastal Region",49.01663,-122.15131,2023,TRUE,3,0,0.1302,0.3614,0.19,0.5707
"COTO","57322_SW",57322,"SW","South Coastal Region",49.01663,-122.15131,2024,FALSE,0,NA,NA,0.3417,0.1796,0.559
"COTO","57322_SW",57322,"SW","South Coastal Region",49.01663,-122.15131,2025,TRUE,2,0,0.2258,0.3441,0.1751,0.5623
"COTO","58842_NW",58842,"NW","Northern Region",54.79952,-121.1886,2017,FALSE,0,NA,NA,0.0446,0.0024,0.1849
"COTO","58842_NW",58842,"NW","Northern Region",54.79952,-121.1886,2018,FALSE,0,NA,NA,0.0521,0.0056,0.2028
"COTO","58842_NW",58842,"NW","Northern Region",54.79952,-121.1886,2019,FALSE,0,NA,NA,0.0377,0.0037,0.1356
"COTO","58842_NW",58842,"NW","Northern Region",54.79952,-121.1886,2020,FALSE,0,NA,NA,0.0453,0.0045,0.1628
"COTO","58842_NW",58842,"NW","Northern Region",54.79952,-121.1886,2021,FALSE,0,NA,NA,0.0641,0.0066,0.2274
"COTO","58842_NW",58842,"NW","Northern Region",54.79952,-121.1886,2022,FALSE,0,NA,NA,0.0463,0.0052,0.1604
"COTO","58842_NW",58842,"NW","Northern Region",54.79952,-121.1886,2023,FALSE,0,NA,NA,0.0476,0.0052,0.1614
"COTO","58842_NW",58842,"NW","Northern Region",54.79952,-121.1886,2024,TRUE,4,0,0.0182,0.0455,0.005,0.1594
"COTO","58842_NW",58842,"NW","Northern Region",54.79952,-121.1886,2025,TRUE,4,0,0.024,0.0432,0.0046,0.1491
"COTO","58842_SE",58842,"SE","Northern Region",54.73781,-121.16052,2017,FALSE,0,NA,NA,0.0336,0.0011,0.1548
"COTO","58842_SE",58842,"SE","Northern Region",54.73781,-121.16052,2018,FALSE,0,NA,NA,0.0274,0.0038,0.0965
"COTO","58842_SE",58842,"SE","Northern Region",54.73781,-121.16052,2019,FALSE,0,NA,NA,0.0217,0.0024,0.0772
"COTO","58842_SE",58842,"SE","Northern Region",54.73781,-121.16052,2020,FALSE,0,NA,NA,0.0262,0.003,0.093
"COTO","58842_SE",58842,"SE","Northern Region",54.73781,-121.16052,2021,FALSE,0,NA,NA,0.0372,0.0041,0.1294
"COTO","58842_SE",58842,"SE","Northern Region",54.73781,-121.16052,2022,FALSE,0,NA,NA,0.0281,0.0033,0.0995
"COTO","58842_SE",58842,"SE","Northern Region",54.73781,-121.16052,2023,FALSE,0,NA,NA,0.0289,0.0034,0.1023
"COTO","58842_SE",58842,"SE","Northern Region",54.73781,-121.16052,2024,TRUE,4,0,0.01,0.0276,0.003,0.0973
"COTO","58842_SE",58842,"SE","Northern Region",54.73781,-121.16052,2025,TRUE,4,0,0.0116,0.0267,0.0029,0.0969
"COTO","58842_SW",58842,"SW","Northern Region",54.75716,-121.25541,2017,FALSE,0,NA,NA,0.0299,8e-04,0.1475
"COTO","58842_SW",58842,"SW","Northern Region",54.75716,-121.25541,2018,FALSE,0,NA,NA,0.0299,0.0038,0.1103
"COTO","58842_SW",58842,"SW","Northern Region",54.75716,-121.25541,2019,FALSE,0,NA,NA,0.0235,0.0025,0.0837
"COTO","58842_SW",58842,"SW","Northern Region",54.75716,-121.25541,2020,FALSE,0,NA,NA,0.0284,0.003,0.1026
"COTO","58842_SW",58842,"SW","Northern Region",54.75716,-121.25541,2021,FALSE,0,NA,NA,0.0404,0.0043,0.1422
"COTO","58842_SW",58842,"SW","Northern Region",54.75716,-121.25541,2022,FALSE,0,NA,NA,0.0303,0.0035,0.1082
"COTO","58842_SW",58842,"SW","Northern Region",54.75716,-121.25541,2023,FALSE,0,NA,NA,0.0312,0.0037,0.1117
"COTO","58842_SW",58842,"SW","Northern Region",54.75716,-121.25541,2024,TRUE,4,0,0.012,0.0297,0.0032,0.1065
"COTO","58842_SW",58842,"SW","Northern Region",54.75716,-121.25541,2025,TRUE,4,0,0.0156,0.0286,0.0031,0.1039
"COTO","5994_NE",5994,"NE","Kootenay Region",49.26067,-115.24894,2017,FALSE,0,NA,NA,0.6565,0.341,0.9148
"COTO","5994_NE",5994,"NE","Kootenay Region",49.26067,-115.24894,2018,FALSE,0,NA,NA,0.6124,0.3469,0.8298
"COTO","5994_NE",5994,"NE","Kootenay Region",49.26067,-115.24894,2019,FALSE,0,NA,NA,0.6267,0.4191,0.8102
"COTO","5994_NE",5994,"NE","Kootenay Region",49.26067,-115.24894,2020,TRUE,4,0,0.3133,0.6757,0.4993,0.838
"COTO","5994_NE",5994,"NE","Kootenay Region",49.26067,-115.24894,2021,TRUE,4,0,0.3316,0.7362,0.5752,0.8822
"COTO","5994_NE",5994,"NE","Kootenay Region",49.26067,-115.24894,2022,TRUE,4,0,0.3482,0.7299,0.5602,0.8795
"COTO","5994_NE",5994,"NE","Kootenay Region",49.26067,-115.24894,2023,TRUE,4,0,0.4622,0.7516,0.5849,0.8895
"COTO","5994_NE",5994,"NE","Kootenay Region",49.26067,-115.24894,2024,TRUE,4,1,1,0.7507,0.5713,0.8947
"COTO","5994_NE",5994,"NE","Kootenay Region",49.26067,-115.24894,2025,FALSE,0,NA,NA,0.7583,0.5704,0.9034
"COTO","5994_SE",5994,"SE","Kootenay Region",49.21228,-115.26277,2017,FALSE,0,NA,NA,0.4996,0.2275,0.8012
"COTO","5994_SE",5994,"SE","Kootenay Region",49.21228,-115.26277,2018,FALSE,0,NA,NA,0.536,0.3165,0.7724
"COTO","5994_SE",5994,"SE","Kootenay Region",49.21228,-115.26277,2019,FALSE,0,NA,NA,0.5707,0.3725,0.7784
"COTO","5994_SE",5994,"SE","Kootenay Region",49.21228,-115.26277,2020,TRUE,4,0,0.6291,0.6192,0.4287,0.8054
"COTO","5994_SE",5994,"SE","Kootenay Region",49.21228,-115.26277,2021,TRUE,4,0,0.7598,0.6808,0.4967,0.8468
"COTO","5994_SE",5994,"SE","Kootenay Region",49.21228,-115.26277,2022,TRUE,4,1,1,0.7008,0.5187,0.8638
"COTO","5994_SE",5994,"SE","Kootenay Region",49.21228,-115.26277,2023,TRUE,4,1,1,0.7288,0.5482,0.8823
"COTO","5994_SE",5994,"SE","Kootenay Region",49.21228,-115.26277,2024,TRUE,4,1,1,0.7427,0.5541,0.8959
"COTO","5994_SE",5994,"SE","Kootenay Region",49.21228,-115.26277,2025,FALSE,0,NA,NA,0.7571,0.5695,0.906
"COTO","60586_NW",60586,"NW","Kootenay Region",50.93041,-116.39001,2017,FALSE,0,NA,NA,0.5857,0.302,0.8539
"COTO","60586_NW",60586,"NW","Kootenay Region",50.93041,-116.39001,2018,FALSE,0,NA,NA,0.4275,0.1639,0.6615
"COTO","60586_NW",60586,"NW","Kootenay Region",50.93041,-116.39001,2019,FALSE,0,NA,NA,0.4172,0.2262,0.6215
"COTO","60586_NW",60586,"NW","Kootenay Region",50.93041,-116.39001,2020,TRUE,4,0,0.1824,0.473,0.2941,0.6643
"COTO","60586_NW",60586,"NW","Kootenay Region",50.93041,-116.39001,2021,TRUE,4,0,0.1516,0.5485,0.3698,0.7305
"COTO","60586_NW",60586,"NW","Kootenay Region",50.93041,-116.39001,2022,TRUE,4,0,0.1253,0.5063,0.3225,0.6977
"COTO","60586_NW",60586,"NW","Kootenay Region",50.93041,-116.39001,2023,TRUE,4,0,0.2678,0.5307,0.3455,0.7219
"COTO","60586_NW",60586,"NW","Kootenay Region",50.93041,-116.39001,2024,TRUE,4,1,1,0.5308,0.3423,0.7264
"COTO","60586_NW",60586,"NW","Kootenay Region",50.93041,-116.39001,2025,TRUE,4,0,0.4489,0.5415,0.3529,0.7393
"COTO","60586_SW",60586,"SW","Kootenay Region",50.90342,-116.39335,2017,FALSE,0,NA,NA,0.7746,0.2301,0.9948
"COTO","60586_SW",60586,"SW","Kootenay Region",50.90342,-116.39335,2018,FALSE,0,NA,NA,0.4543,0.1096,0.8093
"COTO","60586_SW",60586,"SW","Kootenay Region",50.90342,-116.39335,2019,FALSE,0,NA,NA,0.3991,0.1458,0.7382
"COTO","60586_SW",60586,"SW","Kootenay Region",50.90342,-116.39335,2020,TRUE,4,0,0.0962,0.4185,0.1721,0.7269
"COTO","60586_SW",60586,"SW","Kootenay Region",50.90342,-116.39335,2021,TRUE,4,0,0.0558,0.4654,0.211,0.7577
"COTO","60586_SW",60586,"SW","Kootenay Region",50.90342,-116.39335,2022,TRUE,4,0,0.0187,0.4274,0.1768,0.7372
"COTO","60586_SW",60586,"SW","Kootenay Region",50.90342,-116.39335,2023,TRUE,3,0,0.0289,0.4404,0.1793,0.7512
"COTO","60586_SW",60586,"SW","Kootenay Region",50.90342,-116.39335,2024,TRUE,4,0,0.0238,0.4277,0.1649,0.7446
"COTO","60586_SW",60586,"SW","Kootenay Region",50.90342,-116.39335,2025,TRUE,4,0,0.0316,0.4293,0.1645,0.7512
"COTO","6202_NE",6202,"NE","South Coastal Region",48.53741,-123.50119,2017,FALSE,0,NA,NA,0.347,0.1142,0.6792
"COTO","6202_NE",6202,"NE","South Coastal Region",48.53741,-123.50119,2018,TRUE,4,0,0.0238,0.3318,0.1668,0.5547
"COTO","6202_NE",6202,"NE","South Coastal Region",48.53741,-123.50119,2019,TRUE,4,0,0.0211,0.3427,0.2012,0.5335
"COTO","6202_NE",6202,"NE","South Coastal Region",48.53741,-123.50119,2020,FALSE,0,NA,NA,0.3815,0.2385,0.5533
"COTO","6202_NE",6202,"NE","South Coastal Region",48.53741,-123.50119,2021,TRUE,4,0,0.2733,0.4423,0.2935,0.6095
"COTO","6202_NE",6202,"NE","South Coastal Region",48.53741,-123.50119,2022,TRUE,4,1,1,0.4487,0.2925,0.6226
"COTO","6202_NE",6202,"NE","South Coastal Region",48.53741,-123.50119,2023,TRUE,4,1,1,0.4752,0.3139,0.6513
"COTO","6202_NE",6202,"NE","South Coastal Region",48.53741,-123.50119,2024,TRUE,3,0,0.528,0.4849,0.3061,0.6747
"COTO","6202_NE",6202,"NE","South Coastal Region",48.53741,-123.50119,2025,FALSE,0,NA,NA,0.4984,0.3126,0.695
"COTO","6202_NW",6202,"NW","South Coastal Region",48.50788,-123.60088,2017,FALSE,0,NA,NA,0.2752,0.0581,0.667
"COTO","6202_NW",6202,"NW","South Coastal Region",48.50788,-123.60088,2018,TRUE,4,0,0.07,0.3458,0.1748,0.5673
"COTO","6202_NW",6202,"NW","South Coastal Region",48.50788,-123.60088,2019,TRUE,3,0,0.0487,0.3769,0.2067,0.5867
"COTO","6202_NW",6202,"NW","South Coastal Region",48.50788,-123.60088,2020,TRUE,4,0,0.0893,0.4484,0.2532,0.6752
"COTO","6202_NW",6202,"NW","South Coastal Region",48.50788,-123.60088,2021,TRUE,4,0,0.1638,0.5366,0.3239,0.7619
"COTO","6202_NW",6202,"NW","South Coastal Region",48.50788,-123.60088,2022,TRUE,2,0,0.3516,0.5001,0.2856,0.7338
"COTO","6202_NW",6202,"NW","South Coastal Region",48.50788,-123.60088,2023,TRUE,3,1,1,0.5279,0.3094,0.7554
"COTO","6202_NW",6202,"NW","South Coastal Region",48.50788,-123.60088,2024,FALSE,0,NA,NA,0.5187,0.2932,0.7676
"COTO","6202_NW",6202,"NW","South Coastal Region",48.50788,-123.60088,2025,FALSE,0,NA,NA,0.5246,0.291,0.7764
"COTO","6202_SE",6202,"SE","South Coastal Region",48.48934,-123.5079,2017,FALSE,0,NA,NA,0.383,0.1334,0.712
"COTO","6202_SE",6202,"SE","South Coastal Region",48.48934,-123.5079,2018,TRUE,4,0,0.0378,0.3248,0.1613,0.5157
"COTO","6202_SE",6202,"SE","South Coastal Region",48.48934,-123.5079,2019,TRUE,4,0,0.026,0.3224,0.1839,0.4832
"COTO","6202_SE",6202,"SE","South Coastal Region",48.48934,-123.5079,2020,FALSE,0,NA,NA,0.3677,0.229,0.5167
"COTO","6202_SE",6202,"SE","South Coastal Region",48.48934,-123.5079,2021,TRUE,4,0,0.2578,0.4395,0.2962,0.6015
"COTO","6202_SE",6202,"SE","South Coastal Region",48.48934,-123.5079,2022,TRUE,4,1,1,0.4289,0.2862,0.5887
"COTO","6202_SE",6202,"SE","South Coastal Region",48.48934,-123.5079,2023,FALSE,0,NA,NA,0.477,0.3324,0.6337
"COTO","6202_SE",6202,"SE","South Coastal Region",48.48934,-123.5079,2024,FALSE,0,NA,NA,0.4829,0.3232,0.6576
"COTO","6202_SE",6202,"SE","South Coastal Region",48.48934,-123.5079,2025,FALSE,0,NA,NA,0.4959,0.3313,0.6742
"COTO","6202_SW",6202,"SW","South Coastal Region",48.48637,-123.54913,2017,FALSE,0,NA,NA,0.3729,0.1298,0.6659
"COTO","6202_SW",6202,"SW","South Coastal Region",48.48637,-123.54913,2018,TRUE,4,1,1,0.4311,0.2482,0.65
"COTO","6202_SW",6202,"SW","South Coastal Region",48.48637,-123.54913,2019,TRUE,4,0,0.9198,0.4763,0.3138,0.661
"COTO","6202_SW",6202,"SW","South Coastal Region",48.48637,-123.54913,2020,TRUE,4,1,1,0.5329,0.3735,0.6988
"COTO","6202_SW",6202,"SW","South Coastal Region",48.48637,-123.54913,2021,TRUE,4,0,0.6938,0.606,0.4562,0.7527
"COTO","6202_SW",6202,"SW","South Coastal Region",48.48637,-123.54913,2022,TRUE,4,0,0.5431,0.6327,0.4815,0.7736
"COTO","6202_SW",6202,"SW","South Coastal Region",48.48637,-123.54913,2023,FALSE,0,NA,NA,0.6682,0.5135,0.8065
"COTO","6202_SW",6202,"SW","South Coastal Region",48.48637,-123.54913,2024,TRUE,3,0,0.6444,0.6865,0.5178,0.8268
"COTO","6202_SW",6202,"SW","South Coastal Region",48.48637,-123.54913,2025,TRUE,4,1,1,0.7139,0.5466,0.8563
"COTO","70250_NW",70250,"NW","Kootenay Region",51.24583,-116.91793,2017,FALSE,0,NA,NA,0.5242,0.2463,0.8169
"COTO","70250_NW",70250,"NW","Kootenay Region",51.24583,-116.91793,2018,FALSE,0,NA,NA,0.4855,0.2513,0.7177
"COTO","70250_NW",70250,"NW","Kootenay Region",51.24583,-116.91793,2019,FALSE,0,NA,NA,0.4943,0.2974,0.6936
"COTO","70250_NW",70250,"NW","Kootenay Region",51.24583,-116.91793,2020,TRUE,4,0,0.7142,0.5423,0.3582,0.7243
"COTO","70250_NW",70250,"NW","Kootenay Region",51.24583,-116.91793,2021,TRUE,4,1,1,0.6088,0.4284,0.7807
"COTO","70250_NW",70250,"NW","Kootenay Region",51.24583,-116.91793,2022,TRUE,4,0,0.3309,0.604,0.4136,0.784
"COTO","70250_NW",70250,"NW","Kootenay Region",51.24583,-116.91793,2023,TRUE,4,0,0.1593,0.629,0.4345,0.8042
"COTO","70250_NW",70250,"NW","Kootenay Region",51.24583,-116.91793,2024,TRUE,4,0,0.1156,0.6371,0.4344,0.8155
"COTO","70250_NW",70250,"NW","Kootenay Region",51.24583,-116.91793,2025,TRUE,4,0,0.1367,0.6503,0.4446,0.8302
"COTO","70250_SW",70250,"SW","Kootenay Region",51.20982,-116.89974,2017,FALSE,0,NA,NA,0.6765,0.3284,0.9377
"COTO","70250_SW",70250,"SW","Kootenay Region",51.20982,-116.89974,2018,FALSE,0,NA,NA,0.4819,0.1861,0.7431
"COTO","70250_SW",70250,"SW","Kootenay Region",51.20982,-116.89974,2019,FALSE,0,NA,NA,0.4513,0.2407,0.6742
"COTO","70250_SW",70250,"SW","Kootenay Region",51.20982,-116.89974,2020,TRUE,4,0,0.154,0.4883,0.3043,0.6792
"COTO","70250_SW",70250,"SW","Kootenay Region",51.20982,-116.89974,2021,TRUE,4,0,0.1329,0.5504,0.3768,0.7282
"COTO","70250_SW",70250,"SW","Kootenay Region",51.20982,-116.89974,2022,TRUE,4,0,0.1138,0.5214,0.3409,0.7098
"COTO","70250_SW",70250,"SW","Kootenay Region",51.20982,-116.89974,2023,FALSE,0,NA,NA,0.5407,0.3601,0.7251
"COTO","70250_SW",70250,"SW","Kootenay Region",51.20982,-116.89974,2024,FALSE,0,NA,NA,0.5306,0.3359,0.727
"COTO","70250_SW",70250,"SW","Kootenay Region",51.20982,-116.89974,2025,TRUE,4,0,0.1382,0.5349,0.343,0.7364
"COTO","73002_NE",73002,"NE","Okanagan Region",50.85067,-121.87219,2017,TRUE,4,0,0.0198,0.1504,0.0129,0.4456
"COTO","73002_NE",73002,"NE","Okanagan Region",50.85067,-121.87219,2018,TRUE,4,0,0.0193,0.3149,0.1668,0.5125
"COTO","73002_NE",73002,"NE","Okanagan Region",50.85067,-121.87219,2019,TRUE,4,0,0.0178,0.3999,0.239,0.5798
"COTO","73002_NE",73002,"NE","Okanagan Region",50.85067,-121.87219,2020,TRUE,4,0,0.0222,0.4887,0.3042,0.672
"COTO","73002_NE",73002,"NE","Okanagan Region",50.85067,-121.87219,2021,TRUE,4,0,0.0338,0.5913,0.4038,0.7649
"COTO","73002_NE",73002,"NE","Okanagan Region",50.85067,-121.87219,2022,TRUE,4,0,0.0416,0.6171,0.4245,0.7916
"COTO","73002_NE",73002,"NE","Okanagan Region",50.85067,-121.87219,2023,FALSE,0,NA,NA,0.6574,0.4607,0.8289
"COTO","73002_NE",73002,"NE","Okanagan Region",50.85067,-121.87219,2024,TRUE,4,0,0.0356,0.6723,0.4669,0.8516
"COTO","73002_NE",73002,"NE","Okanagan Region",50.85067,-121.87219,2025,TRUE,4,0,0.0322,0.6896,0.4754,0.8719
"COTO","73002_SE",73002,"SE","Okanagan Region",50.82484,-121.86896,2017,TRUE,4,0,0.0551,0.1376,0.011,0.4179
"COTO","73002_SE",73002,"SE","Okanagan Region",50.82484,-121.86896,2018,TRUE,4,0,0.2751,0.4456,0.2224,0.7201
"COTO","73002_SE",73002,"SE","Okanagan Region",50.82484,-121.86896,2019,TRUE,4,0,0.1571,0.3058,0.1501,0.4893
"COTO","73002_SE",73002,"SE","Okanagan Region",50.82484,-121.86896,2020,TRUE,4,0,0.312,0.4124,0.2193,0.6425
"COTO","73002_SE",73002,"SE","Okanagan Region",50.82484,-121.86896,2021,TRUE,4,0,0.1229,0.4502,0.2727,0.6948
"COTO","73002_SE",73002,"SE","Okanagan Region",50.82484,-121.86896,2022,TRUE,4,1,1,0.3598,0.1947,0.5545
"COTO","73002_SE",73002,"SE","Okanagan Region",50.82484,-121.86896,2023,TRUE,4,0,0.1171,0.41,0.2338,0.6109
"COTO","73002_SE",73002,"SE","Okanagan Region",50.82484,-121.86896,2024,TRUE,4,0,0.2569,0.3749,0.2078,0.5706
"COTO","73002_SE",73002,"SE","Okanagan Region",50.82484,-121.86896,2025,TRUE,4,0,0.0447,0.3842,0.2143,0.5719
"COTO","73002_SW",73002,"SW","Okanagan Region",50.80422,-121.87782,2017,TRUE,4,0,0.0298,0.1121,0.0095,0.3401
"COTO","73002_SW",73002,"SW","Okanagan Region",50.80422,-121.87782,2018,TRUE,4,1,1,0.3639,0.2071,0.5722
"COTO","73002_SW",73002,"SW","Okanagan Region",50.80422,-121.87782,2019,TRUE,4,0,0.1407,0.3397,0.1871,0.5113
"COTO","73002_SW",73002,"SW","Okanagan Region",50.80422,-121.87782,2020,TRUE,4,0,0.2202,0.4133,0.2387,0.6138
"COTO","73002_SW",73002,"SW","Okanagan Region",50.80422,-121.87782,2021,TRUE,4,1,1,0.4934,0.3133,0.7065
"COTO","73002_SW",73002,"SW","Okanagan Region",50.80422,-121.87782,2022,TRUE,4,0,0.1756,0.4034,0.2372,0.6068
"COTO","73002_SW",73002,"SW","Okanagan Region",50.80422,-121.87782,2023,TRUE,3,0,0.2269,0.4412,0.2726,0.6323
"COTO","73002_SW",73002,"SW","Okanagan Region",50.80422,-121.87782,2024,TRUE,4,1,1,0.4166,0.2508,0.6224
"COTO","73002_SW",73002,"SW","Okanagan Region",50.80422,-121.87782,2025,TRUE,4,0,0.1884,0.4207,0.2537,0.6107
"COTO","73786_NW",73786,"NW","South Coastal Region",49.12334,-123.06198,2017,TRUE,4,0,0.0413,0.3465,0.1127,0.6272
"COTO","73786_NW",73786,"NW","South Coastal Region",49.12334,-123.06198,2018,TRUE,4,0,0.0082,0.3634,0.1862,0.5777
"COTO","73786_NW",73786,"NW","South Coastal Region",49.12334,-123.06198,2019,TRUE,3,0,0.0062,0.3861,0.2234,0.5703
"COTO","73786_NW",73786,"NW","South Coastal Region",49.12334,-123.06198,2020,TRUE,4,0,0.0078,0.4308,0.2681,0.6078
"COTO","73786_NW",73786,"NW","South Coastal Region",49.12334,-123.06198,2021,TRUE,3,0,0.0162,0.4951,0.3276,0.6669
"COTO","73786_NW",73786,"NW","South Coastal Region",49.12334,-123.06198,2022,TRUE,3,0,0.0158,0.5062,0.3268,0.6845
"COTO","73786_NW",73786,"NW","South Coastal Region",49.12334,-123.06198,2023,TRUE,3,0,0.0147,0.5372,0.3553,0.718
"COTO","73786_NW",73786,"NW","South Coastal Region",49.12334,-123.06198,2024,TRUE,3,0,0.0251,0.5477,0.348,0.7379
"COTO","73786_NW",73786,"NW","South Coastal Region",49.12334,-123.06198,2025,TRUE,4,0,0.0522,0.5614,0.3532,0.7587
"COTO","73786_SE",73786,"SE","South Coastal Region",49.12604,-123.00163,2017,TRUE,4,0,0.01,0.2583,0.0436,0.6
"COTO","73786_SE",73786,"SE","South Coastal Region",49.12604,-123.00163,2018,TRUE,2,0,0.0071,0.33,0.1457,0.5918
"COTO","73786_SE",73786,"SE","South Coastal Region",49.12604,-123.00163,2019,TRUE,2,0,0.0036,0.3783,0.1962,0.6116
"COTO","73786_SE",73786,"SE","South Coastal Region",49.12604,-123.00163,2020,TRUE,4,0,0.0042,0.4352,0.2452,0.648
"COTO","73786_SE",73786,"SE","South Coastal Region",49.12604,-123.00163,2021,TRUE,3,0,0.0069,0.509,0.3124,0.7108
"COTO","73786_SE",73786,"SE","South Coastal Region",49.12604,-123.00163,2022,TRUE,4,0,0.0024,0.541,0.3351,0.7421
"COTO","73786_SE",73786,"SE","South Coastal Region",49.12604,-123.00163,2023,TRUE,3,0,0.0064,0.5806,0.3616,0.7816
"COTO","73786_SE",73786,"SE","South Coastal Region",49.12604,-123.00163,2024,TRUE,3,0,0.0187,0.6048,0.3784,0.8065
"COTO","73786_SE",73786,"SE","South Coastal Region",49.12604,-123.00163,2025,TRUE,4,0,0.042,0.6274,0.3901,0.8308
"COTO","73786_SW",73786,"SW","South Coastal Region",49.10823,-123.07992,2017,FALSE,0,NA,NA,0.637,0.115,0.9841
"COTO","73786_SW",73786,"SW","South Coastal Region",49.10823,-123.07992,2018,TRUE,2,0,0.082,0.2755,0.054,0.5954
"COTO","73786_SW",73786,"SW","South Coastal Region",49.10823,-123.07992,2019,TRUE,3,0,0.026,0.2315,0.0752,0.4828
"COTO","73786_SW",73786,"SW","South Coastal Region",49.10823,-123.07992,2020,TRUE,4,0,0.0376,0.2501,0.0876,0.4844
"COTO","73786_SW",73786,"SW","South Coastal Region",49.10823,-123.07992,2021,TRUE,3,0,0.0596,0.2975,0.1143,0.5415
"COTO","73786_SW",73786,"SW","South Coastal Region",49.10823,-123.07992,2022,TRUE,3,0,0.0529,0.2544,0.0935,0.4946
"COTO","73786_SW",73786,"SW","South Coastal Region",49.10823,-123.07992,2023,TRUE,3,0,0.0436,0.2704,0.0957,0.5227
"COTO","73786_SW",73786,"SW","South Coastal Region",49.10823,-123.07992,2024,FALSE,0,NA,NA,0.2599,0.0901,0.517
"COTO","73786_SW",73786,"SW","South Coastal Region",49.10823,-123.07992,2025,TRUE,4,0,0.0569,0.2608,0.085,0.5287
"COTO","77162_NE",77162,"NE","Kootenay Region",50.95478,-118.09975,2017,TRUE,4,0,0.1362,0.247,0.0086,0.8646
"COTO","77162_NE",77162,"NE","Kootenay Region",50.95478,-118.09975,2018,TRUE,4,0,0.0358,0.1357,0.025,0.3604
"COTO","77162_NE",77162,"NE","Kootenay Region",50.95478,-118.09975,2019,TRUE,4,0,0.0427,0.1179,0.0256,0.2761
"COTO","77162_NE",77162,"NE","Kootenay Region",50.95478,-118.09975,2020,TRUE,4,0,0.07,0.1392,0.0312,0.3289
"COTO","77162_NE",77162,"NE","Kootenay Region",50.95478,-118.09975,2021,TRUE,4,0,0.0509,0.1821,0.0471,0.3979
"COTO","77162_NE",77162,"NE","Kootenay Region",50.95478,-118.09975,2022,FALSE,0,NA,NA,0.1357,0.0337,0.2999
"COTO","77162_NE",77162,"NE","Kootenay Region",50.95478,-118.09975,2023,FALSE,0,NA,NA,0.1469,0.0352,0.3301
"COTO","77162_NE",77162,"NE","Kootenay Region",50.95478,-118.09975,2024,FALSE,0,NA,NA,0.1374,0.0335,0.3137
"COTO","77162_NE",77162,"NE","Kootenay Region",50.95478,-118.09975,2025,FALSE,0,NA,NA,0.1351,0.0318,0.3145
"COTO","77162_SW",77162,"SW","Kootenay Region",50.886,-118.10586,2017,TRUE,4,0,0.2471,0.6922,0.3456,0.938
"COTO","77162_SW",77162,"SW","Kootenay Region",50.886,-118.10586,2018,TRUE,4,0,0.1118,0.6339,0.3281,0.8495
"COTO","77162_SW",77162,"SW","Kootenay Region",50.886,-118.10586,2019,TRUE,4,0,0.288,0.6485,0.4241,0.832
"COTO","77162_SW",77162,"SW","Kootenay Region",50.886,-118.10586,2020,TRUE,4,1,1,0.7025,0.5108,0.858
"COTO","77162_SW",77162,"SW","Kootenay Region",50.886,-118.10586,2021,TRUE,4,1,1,0.7637,0.5871,0.8993
"COTO","77162_SW",77162,"SW","Kootenay Region",50.886,-118.10586,2022,TRUE,4,0,0.7171,0.7507,0.5586,0.8932
"COTO","77162_SW",77162,"SW","Kootenay Region",50.886,-118.10586,2023,TRUE,4,1,1,0.7727,0.5945,0.9063
"COTO","77162_SW",77162,"SW","Kootenay Region",50.886,-118.10586,2024,FALSE,0,NA,NA,0.7692,0.5716,0.9115
"COTO","77162_SW",77162,"SW","Kootenay Region",50.886,-118.10586,2025,TRUE,2,1,1,0.7763,0.5788,0.9188
"COTO","79018_NE",79018,"NE","Kootenay Region",50.2021,-116.91007,2017,TRUE,4,1,1,0.4231,0.1539,0.7576
"COTO","79018_NE",79018,"NE","Kootenay Region",50.2021,-116.91007,2018,TRUE,4,1,1,0.422,0.2148,0.6415
"COTO","79018_NE",79018,"NE","Kootenay Region",50.2021,-116.91007,2019,TRUE,4,1,1,0.4428,0.2607,0.6375
"COTO","79018_NE",79018,"NE","Kootenay Region",50.2021,-116.91007,2020,TRUE,4,1,1,0.5136,0.3278,0.7045
"COTO","79018_NE",79018,"NE","Kootenay Region",50.2021,-116.91007,2021,FALSE,0,NA,NA,0.5966,0.4054,0.786
"COTO","79018_NE",79018,"NE","Kootenay Region",50.2021,-116.91007,2022,TRUE,4,0,0.4042,0.5623,0.3618,0.7648
"COTO","79018_NE",79018,"NE","Kootenay Region",50.2021,-116.91007,2023,TRUE,4,1,1,0.5908,0.395,0.781
"COTO","79018_NE",79018,"NE","Kootenay Region",50.2021,-116.91007,2024,TRUE,4,0,0.1198,0.5817,0.3748,0.7894
"COTO","79018_NE",79018,"NE","Kootenay Region",50.2021,-116.91007,2025,TRUE,4,0,0.0558,0.5884,0.3824,0.792
"COTO","79018_NW",79018,"NW","Kootenay Region",50.19383,-116.94752,2017,TRUE,4,1,1,0.6208,0.2964,0.8985
"COTO","79018_NW",79018,"NW","Kootenay Region",50.19383,-116.94752,2018,FALSE,0,NA,NA,0.6529,0.3906,0.8736
"COTO","79018_NW",79018,"NW","Kootenay Region",50.19383,-116.94752,2019,TRUE,4,1,1,0.6835,0.4623,0.8727
"COTO","79018_NW",79018,"NW","Kootenay Region",50.19383,-116.94752,2020,TRUE,4,1,1,0.7247,0.5199,0.8882
"COTO","79018_NW",79018,"NW","Kootenay Region",50.19383,-116.94752,2021,TRUE,4,1,1,0.7751,0.5902,0.9126
"COTO","79018_NW",79018,"NW","Kootenay Region",50.19383,-116.94752,2022,TRUE,3,1,1,0.7992,0.6278,0.9262
"COTO","79018_NW",79018,"NW","Kootenay Region",50.19383,-116.94752,2023,TRUE,4,1,1,0.8262,0.6661,0.939
"COTO","79018_NW",79018,"NW","Kootenay Region",50.19383,-116.94752,2024,TRUE,4,1,1,0.8403,0.6847,0.9479
"COTO","79018_NW",79018,"NW","Kootenay Region",50.19383,-116.94752,2025,TRUE,4,1,1,0.8537,0.7029,0.9549
"COTO","79018_SE",79018,"SE","Kootenay Region",50.18723,-116.90419,2017,TRUE,4,0,0.1756,0.4359,0.152,0.7742
"COTO","79018_SE",79018,"SE","Kootenay Region",50.18723,-116.90419,2018,FALSE,0,NA,NA,0.5928,0.3113,0.8307
"COTO","79018_SE",79018,"SE","Kootenay Region",50.18723,-116.90419,2019,TRUE,4,0,0.2513,0.6211,0.3808,0.8414
"COTO","79018_SE",79018,"SE","Kootenay Region",50.18723,-116.90419,2020,TRUE,4,0,0.4144,0.7134,0.4849,0.9073
"COTO","79018_SE",79018,"SE","Kootenay Region",50.18723,-116.90419,2021,TRUE,4,1,1,0.7651,0.5428,0.9387
"COTO","79018_SE",79018,"SE","Kootenay Region",50.18723,-116.90419,2022,TRUE,4,1,1,0.6909,0.4244,0.9109
"COTO","79018_SE",79018,"SE","Kootenay Region",50.18723,-116.90419,2023,TRUE,4,0,0.2831,0.7434,0.5226,0.9296
"COTO","79018_SE",79018,"SE","Kootenay Region",50.18723,-116.90419,2024,TRUE,3,1,1,0.7212,0.4812,0.9252
"COTO","79018_SE",79018,"SE","Kootenay Region",50.18723,-116.90419,2025,TRUE,4,1,1,0.7349,0.5056,0.9269
"COTO","79018_SW",79018,"SW","Kootenay Region",50.17771,-116.95968,2017,TRUE,4,1,1,0.7498,0.3874,0.9672
"COTO","79018_SW",79018,"SW","Kootenay Region",50.17771,-116.95968,2018,FALSE,0,NA,NA,0.6618,0.3602,0.8802
"COTO","79018_SW",79018,"SW","Kootenay Region",50.17771,-116.95968,2019,TRUE,4,1,1,0.655,0.4183,0.8504
"COTO","79018_SW",79018,"SW","Kootenay Region",50.17771,-116.95968,2020,TRUE,3,1,1,0.6879,0.4878,0.8563
"COTO","79018_SW",79018,"SW","Kootenay Region",50.17771,-116.95968,2021,TRUE,3,1,1,0.7355,0.5569,0.8855
"COTO","79018_SW",79018,"SW","Kootenay Region",50.17771,-116.95968,2022,TRUE,4,1,1,0.7275,0.539,0.8803
"COTO","79018_SW",79018,"SW","Kootenay Region",50.17771,-116.95968,2023,TRUE,4,1,1,0.7451,0.5591,0.8917
"COTO","79018_SW",79018,"SW","Kootenay Region",50.17771,-116.95968,2024,TRUE,4,1,1,0.7428,0.5462,0.8973
"COTO","79018_SW",79018,"SW","Kootenay Region",50.17771,-116.95968,2025,FALSE,0,NA,NA,0.7488,0.5446,0.905
"COTO","86074_NE",86074,"NE","South Coastal Region",49.23087,-122.3056,2017,TRUE,4,0,0.1056,0.2682,0.0882,0.5326
"COTO","86074_NE",86074,"NE","South Coastal Region",49.23087,-122.3056,2018,TRUE,3,0,0.404,0.5731,0.3379,0.8208
"COTO","86074_NE",86074,"NE","South Coastal Region",49.23087,-122.3056,2019,FALSE,0,NA,NA,0.5833,0.3443,0.8153
"COTO","86074_NE",86074,"NE","South Coastal Region",49.23087,-122.3056,2020,TRUE,3,1,1,0.6815,0.432,0.8911
"COTO","86074_NE",86074,"NE","South Coastal Region",49.23087,-122.3056,2021,TRUE,4,1,1,0.7404,0.5051,0.9303
"COTO","86074_NE",86074,"NE","South Coastal Region",49.23087,-122.3056,2022,TRUE,4,0,0.3367,0.6623,0.3776,0.9056
"COTO","86074_NE",86074,"NE","South Coastal Region",49.23087,-122.3056,2023,TRUE,4,0,0.4004,0.7155,0.471,0.9239
"COTO","86074_NE",86074,"NE","South Coastal Region",49.23087,-122.3056,2024,TRUE,4,1,1,0.6923,0.4292,0.9234
"COTO","86074_NE",86074,"NE","South Coastal Region",49.23087,-122.3056,2025,FALSE,0,NA,NA,0.7053,0.4465,0.9267
"COTO","86074_NW",86074,"NW","South Coastal Region",49.18442,-122.40331,2017,TRUE,4,0,0.3333,0.4584,0.1545,0.8155
"COTO","86074_NW",86074,"NW","South Coastal Region",49.18442,-122.40331,2018,FALSE,0,NA,NA,0.4264,0.2185,0.6556
"COTO","86074_NW",86074,"NW","South Coastal Region",49.18442,-122.40331,2019,FALSE,0,NA,NA,0.4385,0.2694,0.6273
"COTO","86074_NW",86074,"NW","South Coastal Region",49.18442,-122.40331,2020,TRUE,4,1,1,0.4894,0.3349,0.6535
"COTO","86074_NW",86074,"NW","South Coastal Region",49.18442,-122.40331,2021,FALSE,0,NA,NA,0.5624,0.4115,0.7175
"COTO","86074_NW",86074,"NW","South Coastal Region",49.18442,-122.40331,2022,TRUE,4,1,1,0.554,0.3931,0.7148
"COTO","86074_NW",86074,"NW","South Coastal Region",49.18442,-122.40331,2023,FALSE,0,NA,NA,0.5789,0.4126,0.7413
"COTO","86074_NW",86074,"NW","South Coastal Region",49.18442,-122.40331,2024,FALSE,0,NA,NA,0.5761,0.3946,0.7571
"COTO","86074_NW",86074,"NW","South Coastal Region",49.18442,-122.40331,2025,FALSE,0,NA,NA,0.5834,0.3948,0.7724
"COTO","86074_SE",86074,"SE","South Coastal Region",49.16962,-122.3193,2017,TRUE,4,1,1,0.5291,0.1155,0.9354
"COTO","86074_SE",86074,"SE","South Coastal Region",49.16962,-122.3193,2018,FALSE,0,NA,NA,0.2871,0.0954,0.5205
"COTO","86074_SE",86074,"SE","South Coastal Region",49.16962,-122.3193,2019,FALSE,0,NA,NA,0.2684,0.1304,0.4415
"COTO","86074_SE",86074,"SE","South Coastal Region",49.16962,-122.3193,2020,TRUE,4,1,1,0.3125,0.1619,0.4927
"COTO","86074_SE",86074,"SE","South Coastal Region",49.16962,-122.3193,2021,TRUE,4,1,1,0.3863,0.2154,0.5884
"COTO","86074_SE",86074,"SE","South Coastal Region",49.16962,-122.3193,2022,TRUE,4,0,0.2162,0.362,0.2059,0.5583
"COTO","86074_SE",86074,"SE","South Coastal Region",49.16962,-122.3193,2023,FALSE,0,NA,NA,0.396,0.2221,0.5973
"COTO","86074_SE",86074,"SE","South Coastal Region",49.16962,-122.3193,2024,FALSE,0,NA,NA,0.3845,0.2118,0.605
"COTO","86074_SE",86074,"SE","South Coastal Region",49.16962,-122.3193,2025,FALSE,0,NA,NA,0.3893,0.2095,0.6127
"COTO","86074_SW",86074,"SW","South Coastal Region",49.14174,-122.38204,2017,TRUE,2,0,0.3044,0.3509,0.1168,0.6322
"COTO","86074_SW",86074,"SW","South Coastal Region",49.14174,-122.38204,2018,FALSE,0,NA,NA,0.3658,0.196,0.5557
"COTO","86074_SW",86074,"SW","South Coastal Region",49.14174,-122.38204,2019,TRUE,4,0,0.4593,0.385,0.218,0.5648
"COTO","86074_SW",86074,"SW","South Coastal Region",49.14174,-122.38204,2020,TRUE,3,1,1,0.4476,0.2819,0.6237
"COTO","86074_SW",86074,"SW","South Coastal Region",49.14174,-122.38204,2021,FALSE,0,NA,NA,0.5476,0.3817,0.7216
"COTO","86074_SW",86074,"SW","South Coastal Region",49.14174,-122.38204,2022,TRUE,4,1,1,0.5271,0.3479,0.7092
"COTO","86074_SW",86074,"SW","South Coastal Region",49.14174,-122.38204,2023,TRUE,4,1,1,0.5573,0.3729,0.7377
"COTO","86074_SW",86074,"SW","South Coastal Region",49.14174,-122.38204,2024,TRUE,4,0,0.5447,0.5503,0.35,0.7493
"COTO","86074_SW",86074,"SW","South Coastal Region",49.14174,-122.38204,2025,FALSE,0,NA,NA,0.5572,0.3548,0.7657
"COTO","89962_NE",89962,"NE","Kootenay Region",49.07682,-117.5986,2017,FALSE,0,NA,NA,0.5546,0.258,0.8463
"COTO","89962_NE",89962,"NE","Kootenay Region",49.07682,-117.5986,2018,FALSE,0,NA,NA,0.5679,0.326,0.8011
"COTO","89962_NE",89962,"NE","Kootenay Region",49.07682,-117.5986,2019,FALSE,0,NA,NA,0.592,0.3821,0.7931
"COTO","89962_NE",89962,"NE","Kootenay Region",49.07682,-117.5986,2020,FALSE,0,NA,NA,0.6346,0.4369,0.8111
"COTO","89962_NE",89962,"NE","Kootenay Region",49.07682,-117.5986,2021,FALSE,0,NA,NA,0.6907,0.5043,0.8505
"COTO","89962_NE",89962,"NE","Kootenay Region",49.07682,-117.5986,2022,TRUE,4,0,0.1667,0.7047,0.5207,0.8604
"COTO","89962_NE",89962,"NE","Kootenay Region",49.07682,-117.5986,2023,TRUE,4,0,0.1596,0.7298,0.5505,0.8769
"COTO","89962_NE",89962,"NE","Kootenay Region",49.07682,-117.5986,2024,FALSE,0,NA,NA,0.74,0.5495,0.8895
"COTO","89962_NE",89962,"NE","Kootenay Region",49.07682,-117.5986,2025,TRUE,4,0,0.2269,0.7521,0.5612,0.8986
"COTO","89962_SE",89962,"SE","Kootenay Region",49.00974,-117.57236,2017,FALSE,0,NA,NA,0.7379,0.3913,0.9599
"COTO","89962_SE",89962,"SE","Kootenay Region",49.00974,-117.57236,2018,FALSE,0,NA,NA,0.4589,0.1197,0.7617
"COTO","89962_SE",89962,"SE","Kootenay Region",49.00974,-117.57236,2019,FALSE,0,NA,NA,0.4639,0.2334,0.7154
"COTO","89962_SE",89962,"SE","Kootenay Region",49.00974,-117.57236,2020,FALSE,0,NA,NA,0.5306,0.3121,0.7499
"COTO","89962_SE",89962,"SE","Kootenay Region",49.00974,-117.57236,2021,FALSE,0,NA,NA,0.6047,0.3812,0.8132
"COTO","89962_SE",89962,"SE","Kootenay Region",49.00974,-117.57236,2022,TRUE,4,1,1,0.5412,0.3111,0.7774
"COTO","89962_SE",89962,"SE","Kootenay Region",49.00974,-117.57236,2023,FALSE,0,NA,NA,0.5725,0.3431,0.7994
"COTO","89962_SE",89962,"SE","Kootenay Region",49.00974,-117.57236,2024,TRUE,4,1,1,0.5546,0.3174,0.7981
"COTO","89962_SE",89962,"SE","Kootenay Region",49.00974,-117.57236,2025,TRUE,4,1,1,0.561,0.3268,0.8042
"COTO","89962_SW",89962,"SW","Kootenay Region",49.0077,-117.63034,2017,FALSE,0,NA,NA,0.6486,0.2874,0.9249
"COTO","89962_SW",89962,"SW","Kootenay Region",49.0077,-117.63034,2018,FALSE,0,NA,NA,0.6875,0.3785,0.9203
"COTO","89962_SW",89962,"SW","Kootenay Region",49.0077,-117.63034,2019,FALSE,0,NA,NA,0.7159,0.4376,0.9241
"COTO","89962_SW",89962,"SW","Kootenay Region",49.0077,-117.63034,2020,FALSE,0,NA,NA,0.7473,0.4869,0.932
"COTO","89962_SW",89962,"SW","Kootenay Region",49.0077,-117.63034,2021,FALSE,0,NA,NA,0.7863,0.5501,0.9442
"COTO","89962_SW",89962,"SW","Kootenay Region",49.0077,-117.63034,2022,TRUE,4,1,1,0.8064,0.5824,0.9503
"COTO","89962_SW",89962,"SW","Kootenay Region",49.0077,-117.63034,2023,FALSE,0,NA,NA,0.8266,0.6121,0.9577
"COTO","89962_SW",89962,"SW","Kootenay Region",49.0077,-117.63034,2024,TRUE,4,1,1,0.8407,0.635,0.9631
"COTO","89962_SW",89962,"SW","Kootenay Region",49.0077,-117.63034,2025,TRUE,4,0,0.9762,0.8535,0.6529,0.9688
"COTO","93290_NE",93290,"NE","Okanagan Region",49.44361,-119.56535,2017,FALSE,0,NA,NA,0.1708,0.0172,0.4965
"COTO","93290_NE",93290,"NE","Okanagan Region",49.44361,-119.56535,2018,TRUE,4,0,0.0491,0.2473,0.1307,0.4104
"COTO","93290_NE",93290,"NE","Okanagan Region",49.44361,-119.56535,2019,FALSE,0,NA,NA,0.2718,0.1506,0.4182
"COTO","93290_NE",93290,"NE","Okanagan Region",49.44361,-119.56535,2020,TRUE,4,0,0.0624,0.3297,0.1883,0.4918
"COTO","93290_NE",93290,"NE","Okanagan Region",49.44361,-119.56535,2021,TRUE,4,0,0.0498,0.4114,0.2554,0.596
"COTO","93290_NE",93290,"NE","Okanagan Region",49.44361,-119.56535,2022,TRUE,4,0,0.0216,0.3852,0.2253,0.5713
"COTO","93290_NE",93290,"NE","Okanagan Region",49.44361,-119.56535,2023,TRUE,3,0,0.0567,0.4083,0.2458,0.6077
"COTO","93290_NE",93290,"NE","Okanagan Region",49.44361,-119.56535,2024,FALSE,0,NA,NA,0.3991,0.2261,0.6066
"COTO","93290_NE",93290,"NE","Okanagan Region",49.44361,-119.56535,2025,TRUE,4,0,0.1007,0.403,0.2295,0.6166
"COTO","93290_NW",93290,"NW","Okanagan Region",49.41531,-119.6018,2017,TRUE,4,0,0.048,0.1721,0.0154,0.4894
"COTO","93290_NW",93290,"NW","Okanagan Region",49.41531,-119.6018,2018,TRUE,4,0,0.0667,0.3438,0.2006,0.5189
"COTO","93290_NW",93290,"NW","Okanagan Region",49.41531,-119.6018,2019,TRUE,4,0,0.1191,0.3887,0.2304,0.5563
"COTO","93290_NW",93290,"NW","Okanagan Region",49.41531,-119.6018,2020,TRUE,4,0,0.34,0.4687,0.2967,0.6473
"COTO","93290_NW",93290,"NW","Okanagan Region",49.41531,-119.6018,2021,TRUE,4,1,1,0.5621,0.3834,0.7447
"COTO","93290_NW",93290,"NW","Okanagan Region",49.41531,-119.6018,2022,TRUE,4,1,1,0.5241,0.3362,0.7208
"COTO","93290_NW",93290,"NW","Okanagan Region",49.41531,-119.6018,2023,TRUE,4,1,1,0.5532,0.3699,0.7504
"COTO","93290_NW",93290,"NW","Okanagan Region",49.41531,-119.6018,2024,TRUE,4,1,1,0.5407,0.3409,0.755
"COTO","93290_NW",93290,"NW","Okanagan Region",49.41531,-119.6018,2025,TRUE,4,1,1,0.5465,0.3497,0.7569
"COTO","93290_SE",93290,"SE","Okanagan Region",49.38433,-119.56165,2017,TRUE,3,0,0.1282,0.2897,0.0266,0.7594
"COTO","93290_SE",93290,"SE","Okanagan Region",49.38433,-119.56165,2018,TRUE,4,0,0.0442,0.3139,0.1501,0.5157
"COTO","93290_SE",93290,"SE","Okanagan Region",49.38433,-119.56165,2019,TRUE,4,0,0.0409,0.32,0.166,0.5003
"COTO","93290_SE",93290,"SE","Okanagan Region",49.38433,-119.56165,2020,TRUE,4,0,0.0878,0.3835,0.215,0.5843
"COTO","93290_SE",93290,"SE","Okanagan Region",49.38433,-119.56165,2021,TRUE,4,0,0.0978,0.4667,0.2777,0.6858
"COTO","93290_SE",93290,"SE","Okanagan Region",49.38433,-119.56165,2022,FALSE,0,NA,NA,0.4056,0.2311,0.6233
"COTO","93290_SE",93290,"SE","Okanagan Region",49.38433,-119.56165,2023,TRUE,4,0,0.0556,0.4319,0.244,0.6553
"COTO","93290_SE",93290,"SE","Okanagan Region",49.38433,-119.56165,2024,TRUE,4,0,0.0544,0.4145,0.2295,0.646
"COTO","93290_SE",93290,"SE","Okanagan Region",49.38433,-119.56165,2025,TRUE,4,0,0.0713,0.4179,0.2333,0.6431
"COTO","93290_SW",93290,"SW","Okanagan Region",49.37943,-119.59374,2017,TRUE,4,0,0.0182,0.097,0.0059,0.3316
"COTO","93290_SW",93290,"SW","Okanagan Region",49.37943,-119.59374,2018,TRUE,4,0,0.0738,0.2651,0.1371,0.4393
"COTO","93290_SW",93290,"SW","Okanagan Region",49.37943,-119.59374,2019,TRUE,4,0,0.2409,0.3434,0.1923,0.514
"COTO","93290_SW",93290,"SW","Okanagan Region",49.37943,-119.59374,2020,TRUE,4,1,1,0.4295,0.2533,0.6139
"COTO","93290_SW",93290,"SW","Okanagan Region",49.37943,-119.59374,2021,TRUE,4,0,0.8889,0.5319,0.3403,0.7167
"COTO","93290_SW",93290,"SW","Okanagan Region",49.37943,-119.59374,2022,TRUE,4,1,1,0.5498,0.3473,0.7451
"COTO","93290_SW",93290,"SW","Okanagan Region",49.37943,-119.59374,2023,TRUE,4,1,1,0.589,0.3772,0.7816
"COTO","93290_SW",93290,"SW","Okanagan Region",49.37943,-119.59374,2024,TRUE,4,1,1,0.6003,0.3746,0.8041
"COTO","93290_SW",93290,"SW","Okanagan Region",49.37943,-119.59374,2025,TRUE,4,1,1,0.6155,0.3875,0.8266
"COTO","94522_NW",94522,"NW","Northern Region",53.10732,-131.86467,2017,TRUE,3,0,0.0436,0.1966,0.0128,0.6613
"COTO","94522_NW",94522,"NW","Northern Region",53.10732,-131.86467,2018,TRUE,4,0,0.0011,0.0691,0.0085,0.2316
"COTO","94522_NW",94522,"NW","Northern Region",53.10732,-131.86467,2019,TRUE,3,0,0.0016,0.0474,0.0049,0.1755
"COTO","94522_NW",94522,"NW","Northern Region",53.10732,-131.86467,2020,FALSE,0,NA,NA,0.0455,0.0047,0.1662
"COTO","94522_NW",94522,"NW","Northern Region",53.10732,-131.86467,2021,FALSE,0,NA,NA,0.0509,0.0058,0.1677
"COTO","94522_NW",94522,"NW","Northern Region",53.10732,-131.86467,2022,FALSE,0,NA,NA,0.0444,0.0044,0.163
"COTO","94522_NW",94522,"NW","Northern Region",53.10732,-131.86467,2023,FALSE,0,NA,NA,0.045,0.0041,0.1665
"COTO","94522_NW",94522,"NW","Northern Region",53.10732,-131.86467,2024,FALSE,0,NA,NA,0.0432,0.0037,0.1629
"COTO","94522_NW",94522,"NW","Northern Region",53.10732,-131.86467,2025,FALSE,0,NA,NA,0.0428,0.0036,0.1663
"COTO","94522_SE",94522,"SE","Northern Region",53.08196,-131.77925,2017,TRUE,4,0,0.0364,0.1793,0.012,0.613
"COTO","94522_SE",94522,"SE","Northern Region",53.08196,-131.77925,2018,TRUE,4,0,0.0033,0.0297,0.0048,0.093
"COTO","94522_SE",94522,"SE","Northern Region",53.08196,-131.77925,2019,TRUE,3,0,0.0013,0.0221,0.0027,0.0705
"COTO","94522_SE",94522,"SE","Northern Region",53.08196,-131.77925,2020,FALSE,0,NA,NA,0.0254,0.0032,0.0835
"COTO","94522_SE",94522,"SE","Northern Region",53.08196,-131.77925,2021,FALSE,0,NA,NA,0.0358,0.0046,0.1141
"COTO","94522_SE",94522,"SE","Northern Region",53.08196,-131.77925,2022,FALSE,0,NA,NA,0.0266,0.0035,0.0844
"COTO","94522_SE",94522,"SE","Northern Region",53.08196,-131.77925,2023,FALSE,0,NA,NA,0.0275,0.0035,0.0902
"COTO","94522_SE",94522,"SE","Northern Region",53.08196,-131.77925,2024,FALSE,0,NA,NA,0.0259,0.0032,0.0837
"COTO","94522_SE",94522,"SE","Northern Region",53.08196,-131.77925,2025,FALSE,0,NA,NA,0.0249,0.003,0.079
"COTO","9466_NE",9466,"NE","Northern Region",57.34435,-125.50932,2017,FALSE,0,NA,NA,0.0949,0.006,0.3809
"COTO","9466_NE",9466,"NE","Northern Region",57.34435,-125.50932,2018,FALSE,0,NA,NA,0.0151,0.0021,0.0547
"COTO","9466_NE",9466,"NE","Northern Region",57.34435,-125.50932,2019,FALSE,0,NA,NA,0.009,0.001,0.0329
"COTO","9466_NE",9466,"NE","Northern Region",57.34435,-125.50932,2020,FALSE,0,NA,NA,0.0094,0.0011,0.0344
"COTO","9466_NE",9466,"NE","Northern Region",57.34435,-125.50932,2021,FALSE,0,NA,NA,0.0123,0.0015,0.0403
"COTO","9466_NE",9466,"NE","Northern Region",57.34435,-125.50932,2022,TRUE,3,0,0.0027,0.0094,0.0011,0.0332
"COTO","9466_NE",9466,"NE","Northern Region",57.34435,-125.50932,2023,FALSE,0,NA,NA,0.0097,0.0011,0.0349
"COTO","9466_NE",9466,"NE","Northern Region",57.34435,-125.50932,2024,TRUE,3,0,0.0033,0.0091,0.001,0.0324
"COTO","9466_NE",9466,"NE","Northern Region",57.34435,-125.50932,2025,FALSE,0,NA,NA,0.0088,0.001,0.0319
"COTO","9466_NW",9466,"NW","Northern Region",57.3459,-125.55037,2017,FALSE,0,NA,NA,0.1925,0.0059,0.778
"COTO","9466_NW",9466,"NW","Northern Region",57.3459,-125.55037,2018,FALSE,0,NA,NA,0.0113,0.0013,0.0421
"COTO","9466_NW",9466,"NW","Northern Region",57.3459,-125.55037,2019,FALSE,0,NA,NA,0.0072,6e-04,0.0264
"COTO","9466_NW",9466,"NW","Northern Region",57.3459,-125.55037,2020,FALSE,0,NA,NA,0.0079,7e-04,0.0291
"COTO","9466_NW",9466,"NW","Northern Region",57.3459,-125.55037,2021,FALSE,0,NA,NA,0.0112,0.0011,0.0393
"COTO","9466_NW",9466,"NW","Northern Region",57.3459,-125.55037,2022,TRUE,4,0,0.0011,0.0081,8e-04,0.0275
"COTO","9466_NW",9466,"NW","Northern Region",57.3459,-125.55037,2023,FALSE,0,NA,NA,0.0083,8e-04,0.0288
"COTO","9466_NW",9466,"NW","Northern Region",57.3459,-125.55037,2024,TRUE,3,0,0.0042,0.0078,8e-04,0.0275
"COTO","9466_NW",9466,"NW","Northern Region",57.3459,-125.55037,2025,TRUE,4,0,0.0038,0.0075,7e-04,0.0259
"COTO","9466_SE",9466,"SE","Northern Region",57.31575,-125.49037,2017,FALSE,0,NA,NA,0.0403,0.0019,0.1724
"COTO","9466_SE",9466,"SE","Northern Region",57.31575,-125.49037,2018,FALSE,0,NA,NA,0.018,0.0025,0.062
"COTO","9466_SE",9466,"SE","Northern Region",57.31575,-125.49037,2019,FALSE,0,NA,NA,0.0134,0.0015,0.0445
"COTO","9466_SE",9466,"SE","Northern Region",57.31575,-125.49037,2020,FALSE,0,NA,NA,0.0158,0.0018,0.0551
"COTO","9466_SE",9466,"SE","Northern Region",57.31575,-125.49037,2021,FALSE,0,NA,NA,0.023,0.0027,0.078
"COTO","9466_SE",9466,"SE","Northern Region",57.31575,-125.49037,2022,TRUE,4,0,0.0042,0.0166,0.002,0.0547
"COTO","9466_SE",9466,"SE","Northern Region",57.31575,-125.49037,2023,FALSE,0,NA,NA,0.017,0.002,0.0551
"COTO","9466_SE",9466,"SE","Northern Region",57.31575,-125.49037,2024,TRUE,3,0,0.0084,0.0161,0.0019,0.0526
"COTO","9466_SE",9466,"SE","Northern Region",57.31575,-125.49037,2025,TRUE,4,0,0.0036,0.0153,0.0019,0.049
"COTO","9466_SW",9466,"SW","Northern Region",57.29483,-125.51474,2017,FALSE,0,NA,NA,0.0796,0.0053,0.3141
"COTO","9466_SW",9466,"SW","Northern Region",57.29483,-125.51474,2018,FALSE,0,NA,NA,0.0102,0.0015,0.0331
"COTO","9466_SW",9466,"SW","Northern Region",57.29483,-125.51474,2019,FALSE,0,NA,NA,0.0062,7e-04,0.0208
"COTO","9466_SW",9466,"SW","Northern Region",57.29483,-125.51474,2020,FALSE,0,NA,NA,0.0067,8e-04,0.0234
"COTO","9466_SW",9466,"SW","Northern Region",57.29483,-125.51474,2021,FALSE,0,NA,NA,0.0093,0.0012,0.0291
"COTO","9466_SW",9466,"SW","Northern Region",57.29483,-125.51474,2022,TRUE,4,0,0.0016,0.0069,9e-04,0.0223
"COTO","9466_SW",9466,"SW","Northern Region",57.29483,-125.51474,2023,FALSE,0,NA,NA,0.0072,8e-04,0.0235
"COTO","9466_SW",9466,"SW","Northern Region",57.29483,-125.51474,2024,TRUE,3,0,0.0022,0.0067,8e-04,0.0218
"COTO","9466_SW",9466,"SW","Northern Region",57.29483,-125.51474,2025,TRUE,4,0,0.0029,0.0065,7e-04,0.0214
"COTO","986_NE",986,"NE","Northern Region",53.188,-121.30225,2017,FALSE,0,NA,NA,0.1749,0.0042,0.7692
"COTO","986_NE",986,"NE","Northern Region",53.188,-121.30225,2018,TRUE,3,0,0.0036,0.0168,8e-04,0.0951
"COTO","986_NE",986,"NE","Northern Region",53.188,-121.30225,2019,TRUE,3,0,7e-04,0.0075,3e-04,0.0491
"COTO","986_NE",986,"NE","Northern Region",53.188,-121.30225,2020,TRUE,4,0,4e-04,0.0062,2e-04,0.0364
"COTO","986_NE",986,"NE","Northern Region",53.188,-121.30225,2021,TRUE,4,0,9e-04,0.0066,3e-04,0.0343
"COTO","986_NE",986,"NE","Northern Region",53.188,-121.30225,2022,TRUE,4,0,0.0011,0.0049,2e-04,0.0249
"COTO","986_NE",986,"NE","Northern Region",53.188,-121.30225,2023,TRUE,4,0,4e-04,0.0048,2e-04,0.0236
"COTO","986_NE",986,"NE","Northern Region",53.188,-121.30225,2024,TRUE,4,0,0.0013,0.0043,2e-04,0.0203
"COTO","986_NE",986,"NE","Northern Region",53.188,-121.30225,2025,TRUE,4,0,4e-04,0.0041,2e-04,0.0192
"COTO","986_SE",986,"SE","Northern Region",53.1392,-121.2577,2017,FALSE,0,NA,NA,0.0694,0.0035,0.302
"COTO","986_SE",986,"SE","Northern Region",53.1392,-121.2577,2018,FALSE,0,NA,NA,0.017,0.0011,0.0787
"COTO","986_SE",986,"SE","Northern Region",53.1392,-121.2577,2019,TRUE,3,0,0.0022,0.01,5e-04,0.0521
"COTO","986_SE",986,"SE","Northern Region",53.1392,-121.2577,2020,TRUE,2,0,0.0027,0.0088,4e-04,0.0462
"COTO","986_SE",986,"SE","Northern Region",53.1392,-121.2577,2021,FALSE,0,NA,NA,0.0091,5e-04,0.0439
"COTO","986_SE",986,"SE","Northern Region",53.1392,-121.2577,2022,TRUE,4,0,7e-04,0.0074,4e-04,0.0388
"COTO","986_SE",986,"SE","Northern Region",53.1392,-121.2577,2023,TRUE,4,0,9e-04,0.0073,4e-04,0.0372
"COTO","986_SE",986,"SE","Northern Region",53.1392,-121.2577,2024,TRUE,4,0,7e-04,0.0068,3e-04,0.0355
"COTO","986_SE",986,"SE","Northern Region",53.1392,-121.2577,2025,TRUE,4,0,0.0011,0.0066,3e-04,0.034
