"species","site","GRTS_Cell_ID","Quadrant","region","lat","long","year","surveyed","n_visits","detected","p_occupied","psi_expected","psi_expected_lo95","psi_expected_hi95"
"MYTH","110378_NE",110378,"NE","Okanagan Region",49.04717,-119.5574,2017,FALSE,0,NA,NA,0.7511,0.4263,0.9722
"MYTH","110378_NE",110378,"NE","Okanagan Region",49.04717,-119.5574,2018,TRUE,2,0,0.9436,0.5893,0.3648,0.7939
"MYTH","110378_NE",110378,"NE","Okanagan Region",49.04717,-119.5574,2019,TRUE,4,1,1,0.516,0.3165,0.7171
"MYTH","110378_NE",110378,"NE","Okanagan Region",49.04717,-119.5574,2020,TRUE,4,1,1,0.4254,0.2299,0.6323
"MYTH","110378_NE",110378,"NE","Okanagan Region",49.04717,-119.5574,2021,TRUE,4,0,0.1191,0.3409,0.1568,0.5443
"MYTH","110378_NE",110378,"NE","Okanagan Region",49.04717,-119.5574,2022,TRUE,4,0,0.046,0.3533,0.1578,0.5604
"MYTH","110378_NE",110378,"NE","Okanagan Region",49.04717,-119.5574,2023,TRUE,4,0,0.0038,0.2992,0.1144,0.5152
"MYTH","110378_NE",110378,"NE","Okanagan Region",49.04717,-119.5574,2024,TRUE,4,0,0.0211,0.3392,0.1352,0.578
"MYTH","110378_NE",110378,"NE","Okanagan Region",49.04717,-119.5574,2025,TRUE,4,0,0.0222,0.3576,0.1514,0.588
"MYTH","110378_NW",110378,"NW","Okanagan Region",49.03536,-119.57546,2017,TRUE,4,1,1,0.8693,0.5994,0.9918
"MYTH","110378_NW",110378,"NW","Okanagan Region",49.03536,-119.57546,2018,TRUE,4,1,1,0.668,0.4158,0.865
"MYTH","110378_NW",110378,"NW","Okanagan Region",49.03536,-119.57546,2019,TRUE,4,0,0.9753,0.5742,0.3291,0.804
"MYTH","110378_NW",110378,"NW","Okanagan Region",49.03536,-119.57546,2020,TRUE,4,1,1,0.4613,0.2114,0.7254
"MYTH","110378_NW",110378,"NW","Okanagan Region",49.03536,-119.57546,2021,TRUE,4,0,0.7971,0.3554,0.1272,0.633
"MYTH","110378_NW",110378,"NW","Okanagan Region",49.03536,-119.57546,2022,TRUE,4,1,1,0.3627,0.1571,0.6241
"MYTH","110378_NW",110378,"NW","Okanagan Region",49.03536,-119.57546,2023,TRUE,4,1,1,0.2979,0.1057,0.5608
"MYTH","110378_NW",110378,"NW","Okanagan Region",49.03536,-119.57546,2024,TRUE,4,0,0.2707,0.3277,0.1315,0.5833
"MYTH","110378_NW",110378,"NW","Okanagan Region",49.03536,-119.57546,2025,TRUE,4,0,0.0824,0.3337,0.1354,0.5818
"MYTH","110378_SE",110378,"SE","Okanagan Region",49.01485,-119.53228,2017,FALSE,0,NA,NA,0.8353,0.5387,0.9885
"MYTH","110378_SE",110378,"SE","Okanagan Region",49.01485,-119.53228,2018,TRUE,2,0,0.9253,0.609,0.356,0.8216
"MYTH","110378_SE",110378,"SE","Okanagan Region",49.01485,-119.53228,2019,TRUE,4,1,1,0.5091,0.274,0.7381
"MYTH","110378_SE",110378,"SE","Okanagan Region",49.01485,-119.53228,2020,TRUE,4,0,0.1216,0.3948,0.1763,0.6422
"MYTH","110378_SE",110378,"SE","Okanagan Region",49.01485,-119.53228,2021,TRUE,4,0,0.002,0.2942,0.104,0.5374
"MYTH","110378_SE",110378,"SE","Okanagan Region",49.01485,-119.53228,2022,TRUE,4,0,0.0033,0.3045,0.1133,0.5439
"MYTH","110378_SE",110378,"SE","Okanagan Region",49.01485,-119.53228,2023,TRUE,4,0,0.0011,0.2453,0.0749,0.4938
"MYTH","110378_SE",110378,"SE","Okanagan Region",49.01485,-119.53228,2024,TRUE,4,0,0.0049,0.2863,0.1003,0.539
"MYTH","110378_SE",110378,"SE","Okanagan Region",49.01485,-119.53228,2025,TRUE,4,0,0.0027,0.3004,0.1125,0.5452
"MYTH","110378_SW",110378,"SW","Okanagan Region",49.00412,-119.59552,2017,TRUE,4,1,1,0.8177,0.5661,0.974
"MYTH","110378_SW",110378,"SW","Okanagan Region",49.00412,-119.59552,2018,TRUE,4,0,0.1353,0.6668,0.45,0.8399
"MYTH","110378_SW",110378,"SW","Okanagan Region",49.00412,-119.59552,2019,TRUE,4,0,0.0356,0.5928,0.398,0.7829
"MYTH","110378_SW",110378,"SW","Okanagan Region",49.00412,-119.59552,2020,TRUE,4,0,0.0053,0.4973,0.3019,0.7
"MYTH","110378_SW",110378,"SW","Okanagan Region",49.00412,-119.59552,2021,TRUE,4,0,0,0.396,0.198,0.6076
"MYTH","110378_SW",110378,"SW","Okanagan Region",49.00412,-119.59552,2022,TRUE,4,0,0.002,0.399,0.2235,0.5946
"MYTH","110378_SW",110378,"SW","Okanagan Region",49.00412,-119.59552,2023,TRUE,4,0,0.0031,0.3368,0.1663,0.5349
"MYTH","110378_SW",110378,"SW","Okanagan Region",49.00412,-119.59552,2024,TRUE,4,1,1,0.3569,0.1855,0.5546
"MYTH","110378_SW",110378,"SW","Okanagan Region",49.00412,-119.59552,2025,TRUE,4,0,0.0669,0.3601,0.1813,0.5594
"MYTH","111466_NE",111466,"NE","Kootenay Region",49.00129,-115.06184,2017,FALSE,0,NA,NA,0.3797,0.0958,0.729
"MYTH","111466_NE",111466,"NE","Kootenay Region",49.00129,-115.06184,2018,FALSE,0,NA,NA,0.3253,0.1064,0.5945
"MYTH","111466_NE",111466,"NE","Kootenay Region",49.00129,-115.06184,2019,FALSE,0,NA,NA,0.3015,0.1181,0.5346
"MYTH","111466_NE",111466,"NE","Kootenay Region",49.00129,-115.06184,2020,FALSE,0,NA,NA,0.2631,0.1028,0.4749
"MYTH","111466_NE",111466,"NE","Kootenay Region",49.00129,-115.06184,2021,FALSE,0,NA,NA,0.2262,0.0861,0.4134
"MYTH","111466_NE",111466,"NE","Kootenay Region",49.00129,-115.06184,2022,FALSE,0,NA,NA,0.2387,0.1063,0.4098
"MYTH","111466_NE",111466,"NE","Kootenay Region",49.00129,-115.06184,2023,TRUE,4,1,1,0.2124,0.0913,0.3788
"MYTH","111466_NE",111466,"NE","Kootenay Region",49.00129,-115.06184,2024,FALSE,0,NA,NA,0.236,0.1104,0.404
"MYTH","111466_NE",111466,"NE","Kootenay Region",49.00129,-115.06184,2025,TRUE,4,1,1,0.25,0.1174,0.4238
"MYTH","111466_NW",111466,"NW","Kootenay Region",49.01861,-115.09568,2017,FALSE,0,NA,NA,0.1984,0.0254,0.5269
"MYTH","111466_NW",111466,"NW","Kootenay Region",49.01861,-115.09568,2018,FALSE,0,NA,NA,0.1866,0.0416,0.4474
"MYTH","111466_NW",111466,"NW","Kootenay Region",49.01861,-115.09568,2019,FALSE,0,NA,NA,0.1857,0.0484,0.4102
"MYTH","111466_NW",111466,"NW","Kootenay Region",49.01861,-115.09568,2020,FALSE,0,NA,NA,0.1746,0.0466,0.3719
"MYTH","111466_NW",111466,"NW","Kootenay Region",49.01861,-115.09568,2021,FALSE,0,NA,NA,0.1699,0.0568,0.3452
"MYTH","111466_NW",111466,"NW","Kootenay Region",49.01861,-115.09568,2022,FALSE,0,NA,NA,0.1928,0.0757,0.3592
"MYTH","111466_NW",111466,"NW","Kootenay Region",49.01861,-115.09568,2023,TRUE,4,1,1,0.1826,0.0671,0.3486
"MYTH","111466_NW",111466,"NW","Kootenay Region",49.01861,-115.09568,2024,FALSE,0,NA,NA,0.2211,0.0876,0.4082
"MYTH","111466_NW",111466,"NW","Kootenay Region",49.01861,-115.09568,2025,TRUE,4,1,1,0.2497,0.1038,0.4541
"MYTH","114602_NE",114602,"NE","South Coastal Region",49.70588,-125.06708,2017,FALSE,0,NA,NA,0.0465,0.0023,0.1868
"MYTH","114602_NE",114602,"NE","South Coastal Region",49.70588,-125.06708,2018,TRUE,3,0,0.0213,0.0339,0.0024,0.1044
"MYTH","114602_NE",114602,"NE","South Coastal Region",49.70588,-125.06708,2019,TRUE,4,0,0.0209,0.0344,0.0015,0.1101
"MYTH","114602_NE",114602,"NE","South Coastal Region",49.70588,-125.06708,2020,FALSE,0,NA,NA,0.0298,0.001,0.0998
"MYTH","114602_NE",114602,"NE","South Coastal Region",49.70588,-125.06708,2021,FALSE,0,NA,NA,0.0464,0.0086,0.1206
"MYTH","114602_NE",114602,"NE","South Coastal Region",49.70588,-125.06708,2022,TRUE,4,0,0.0267,0.0674,0.0127,0.1627
"MYTH","114602_NE",114602,"NE","South Coastal Region",49.70588,-125.06708,2023,FALSE,0,NA,NA,0.0512,0.0099,0.1315
"MYTH","114602_NE",114602,"NE","South Coastal Region",49.70588,-125.06708,2024,TRUE,4,0,0.0513,0.1117,0.0313,0.2609
"MYTH","114602_NE",114602,"NE","South Coastal Region",49.70588,-125.06708,2025,TRUE,4,0,0.0484,0.1306,0.0381,0.2943
"MYTH","114602_NW",114602,"NW","South Coastal Region",49.67623,-125.13792,2017,FALSE,0,NA,NA,0.0384,0.0013,0.181
"MYTH","114602_NW",114602,"NW","South Coastal Region",49.67623,-125.13792,2018,TRUE,3,0,0.0131,0.0336,0.0017,0.116
"MYTH","114602_NW",114602,"NW","South Coastal Region",49.67623,-125.13792,2019,TRUE,4,0,0.0116,0.036,0.0013,0.119
"MYTH","114602_NW",114602,"NW","South Coastal Region",49.67623,-125.13792,2020,TRUE,4,0,0.0082,0.0318,8e-04,0.1082
"MYTH","114602_NW",114602,"NW","South Coastal Region",49.67623,-125.13792,2021,TRUE,4,0,0.0096,0.0542,0.0092,0.1527
"MYTH","114602_NW",114602,"NW","South Coastal Region",49.67623,-125.13792,2022,TRUE,4,0,0.0198,0.076,0.014,0.1931
"MYTH","114602_NW",114602,"NW","South Coastal Region",49.67623,-125.13792,2023,FALSE,0,NA,NA,0.0579,0.0106,0.1506
"MYTH","114602_NW",114602,"NW","South Coastal Region",49.67623,-125.13792,2024,TRUE,4,0,0.0424,0.1282,0.0345,0.3119
"MYTH","114602_NW",114602,"NW","South Coastal Region",49.67623,-125.13792,2025,TRUE,4,0,0.0407,0.1481,0.0418,0.3345
"MYTH","114602_SE",114602,"SE","South Coastal Region",49.65756,-125.0438,2017,FALSE,0,NA,NA,0.1143,0.0058,0.5149
"MYTH","114602_SE",114602,"SE","South Coastal Region",49.65756,-125.0438,2018,TRUE,3,0,0.0187,0.045,0.0038,0.1458
"MYTH","114602_SE",114602,"SE","South Coastal Region",49.65756,-125.0438,2019,TRUE,4,0,0.0062,0.0356,0.0021,0.1157
"MYTH","114602_SE",114602,"SE","South Coastal Region",49.65756,-125.0438,2020,TRUE,4,0,0.0018,0.0273,8e-04,0.0942
"MYTH","114602_SE",114602,"SE","South Coastal Region",49.65756,-125.0438,2021,TRUE,4,0,0.0027,0.0357,0.0058,0.099
"MYTH","114602_SE",114602,"SE","South Coastal Region",49.65756,-125.0438,2022,TRUE,4,0,0.0062,0.0526,0.0075,0.141
"MYTH","114602_SE",114602,"SE","South Coastal Region",49.65756,-125.0438,2023,FALSE,0,NA,NA,0.0376,0.0049,0.1106
"MYTH","114602_SE",114602,"SE","South Coastal Region",49.65756,-125.0438,2024,TRUE,4,0,0.016,0.0833,0.0192,0.2152
"MYTH","114602_SE",114602,"SE","South Coastal Region",49.65756,-125.0438,2025,TRUE,4,0,0.0107,0.0955,0.0227,0.2339
"MYTH","114602_SW",114602,"SW","South Coastal Region",49.64146,-125.08654,2017,FALSE,0,NA,NA,0.074,0.0047,0.3067
"MYTH","114602_SW",114602,"SW","South Coastal Region",49.64146,-125.08654,2018,TRUE,4,0,0.008,0.04,0.0038,0.1166
"MYTH","114602_SW",114602,"SW","South Coastal Region",49.64146,-125.08654,2019,TRUE,4,0,0.0044,0.036,0.0025,0.1094
"MYTH","114602_SW",114602,"SW","South Coastal Region",49.64146,-125.08654,2020,TRUE,4,0,0.0013,0.0295,0.0013,0.0936
"MYTH","114602_SW",114602,"SW","South Coastal Region",49.64146,-125.08654,2021,TRUE,4,0,0.0024,0.0415,0.008,0.1043
"MYTH","114602_SW",114602,"SW","South Coastal Region",49.64146,-125.08654,2022,TRUE,2,0,0.0082,0.061,0.0119,0.1444
"MYTH","114602_SW",114602,"SW","South Coastal Region",49.64146,-125.08654,2023,FALSE,0,NA,NA,0.0451,0.0085,0.1169
"MYTH","114602_SW",114602,"SW","South Coastal Region",49.64146,-125.08654,2024,TRUE,4,0,0.0111,0.097,0.0294,0.2224
"MYTH","114602_SW",114602,"SW","South Coastal Region",49.64146,-125.08654,2025,TRUE,4,0,0.0071,0.1139,0.0357,0.2542
"MYTH","115322_NE",115322,"NE","Northern Region",52.37764,-125.98565,2017,FALSE,0,NA,NA,0.0491,0.0025,0.2095
"MYTH","115322_NE",115322,"NE","Northern Region",52.37764,-125.98565,2018,TRUE,3,0,0.0064,0.0185,0.001,0.0717
"MYTH","115322_NE",115322,"NE","Northern Region",52.37764,-125.98565,2019,FALSE,0,NA,NA,0.0132,3e-04,0.0558
"MYTH","115322_NE",115322,"NE","Northern Region",52.37764,-125.98565,2020,TRUE,3,0,0.0013,0.0093,1e-04,0.0433
"MYTH","115322_NE",115322,"NE","Northern Region",52.37764,-125.98565,2021,TRUE,4,0,0.0018,0.0095,5e-04,0.038
"MYTH","115322_NE",115322,"NE","Northern Region",52.37764,-125.98565,2022,TRUE,3,0,0.0022,0.0123,6e-04,0.0444
"MYTH","115322_NE",115322,"NE","Northern Region",52.37764,-125.98565,2023,TRUE,4,0,2e-04,0.0093,4e-04,0.039
"MYTH","115322_NE",115322,"NE","Northern Region",52.37764,-125.98565,2024,FALSE,0,NA,NA,0.0177,0.002,0.0585
"MYTH","115322_NE",115322,"NE","Northern Region",52.37764,-125.98565,2025,TRUE,4,0,0.0016,0.0207,0.0024,0.0663
"MYTH","115322_NW",115322,"NW","Northern Region",52.37481,-126.08159,2017,FALSE,0,NA,NA,0.3039,0.004,0.9505
"MYTH","115322_NW",115322,"NW","Northern Region",52.37481,-126.08159,2018,TRUE,2,0,0.0298,0.0707,0.0017,0.3233
"MYTH","115322_NW",115322,"NW","Northern Region",52.37481,-126.08159,2019,TRUE,3,0,0.0084,0.0404,4e-04,0.2104
"MYTH","115322_NW",115322,"NW","Northern Region",52.37481,-126.08159,2020,TRUE,3,0,0.0018,0.0243,1e-04,0.1498
"MYTH","115322_NW",115322,"NW","Northern Region",52.37481,-126.08159,2021,TRUE,4,0,2e-04,0.0177,3e-04,0.1051
"MYTH","115322_NW",115322,"NW","Northern Region",52.37481,-126.08159,2022,TRUE,3,0,0.0011,0.0189,4e-04,0.0983
"MYTH","115322_NW",115322,"NW","Northern Region",52.37481,-126.08159,2023,TRUE,4,0,2e-04,0.0138,2e-04,0.0796
"MYTH","115322_NW",115322,"NW","Northern Region",52.37481,-126.08159,2024,TRUE,4,0,7e-04,0.02,0.001,0.0886
"MYTH","115322_NW",115322,"NW","Northern Region",52.37481,-126.08159,2025,TRUE,4,0,0.0013,0.021,0.001,0.0906
"MYTH","115322_SE",115322,"SE","Northern Region",52.35752,-126.01253,2017,FALSE,0,NA,NA,0.1139,0.0043,0.4998
"MYTH","115322_SE",115322,"SE","Northern Region",52.35752,-126.01253,2018,TRUE,2,0,0.02,0.035,0.0016,0.1482
"MYTH","115322_SE",115322,"SE","Northern Region",52.35752,-126.01253,2019,TRUE,3,0,0.0073,0.0218,5e-04,0.1009
"MYTH","115322_SE",115322,"SE","Northern Region",52.35752,-126.01253,2020,FALSE,0,NA,NA,0.0137,1e-04,0.0682
"MYTH","115322_SE",115322,"SE","Northern Region",52.35752,-126.01253,2021,TRUE,2,0,0.0018,0.0111,4e-04,0.0491
"MYTH","115322_SE",115322,"SE","Northern Region",52.35752,-126.01253,2022,TRUE,4,0,0.0031,0.013,6e-04,0.0503
"MYTH","115322_SE",115322,"SE","Northern Region",52.35752,-126.01253,2023,TRUE,4,0,0.0013,0.0095,3e-04,0.0432
"MYTH","115322_SE",115322,"SE","Northern Region",52.35752,-126.01253,2024,TRUE,3,0,0.0056,0.0161,0.0015,0.0565
"MYTH","115322_SE",115322,"SE","Northern Region",52.35752,-126.01253,2025,TRUE,4,0,0.0024,0.018,0.0018,0.061
"MYTH","115322_SW",115322,"SW","Northern Region",52.34498,-126.07967,2017,FALSE,0,NA,NA,0.1026,0.0048,0.4435
"MYTH","115322_SW",115322,"SW","Northern Region",52.34498,-126.07967,2018,TRUE,3,0,0.0047,0.0381,0.0017,0.1608
"MYTH","115322_SW",115322,"SW","Northern Region",52.34498,-126.07967,2019,TRUE,3,0,0.0013,0.0285,5e-04,0.1264
"MYTH","115322_SW",115322,"SW","Northern Region",52.34498,-126.07967,2020,TRUE,3,0,0.0013,0.0211,1e-04,0.1011
"MYTH","115322_SW",115322,"SW","Northern Region",52.34498,-126.07967,2021,TRUE,2,0,0.0011,0.021,8e-04,0.0891
"MYTH","115322_SW",115322,"SW","Northern Region",52.34498,-126.07967,2022,TRUE,2,0,0.0029,0.0253,0.001,0.0997
"MYTH","115322_SW",115322,"SW","Northern Region",52.34498,-126.07967,2023,TRUE,4,0,2e-04,0.0194,7e-04,0.085
"MYTH","115322_SW",115322,"SW","Northern Region",52.34498,-126.07967,2024,TRUE,3,0,0.0018,0.0339,0.0027,0.1249
"MYTH","115322_SW",115322,"SW","Northern Region",52.34498,-126.07967,2025,TRUE,4,0,7e-04,0.0388,0.0036,0.1367
"MYTH","1194_NW",1194,"NW","Kootenay Region",50.11749,-117.523,2017,TRUE,4,0,0.0124,0.2686,0.058,0.5645
"MYTH","1194_NW",1194,"NW","Kootenay Region",50.11749,-117.523,2018,TRUE,2,0,0.006,0.2543,0.0799,0.4979
"MYTH","1194_NW",1194,"NW","Kootenay Region",50.11749,-117.523,2019,TRUE,4,0,0.0044,0.251,0.0948,0.4669
"MYTH","1194_NW",1194,"NW","Kootenay Region",50.11749,-117.523,2020,TRUE,4,0,0.002,0.2355,0.0889,0.4331
"MYTH","1194_NW",1194,"NW","Kootenay Region",50.11749,-117.523,2021,TRUE,4,0,4e-04,0.2246,0.0933,0.3978
"MYTH","1194_NW",1194,"NW","Kootenay Region",50.11749,-117.523,2022,TRUE,4,0,0.0018,0.2461,0.1144,0.413
"MYTH","1194_NW",1194,"NW","Kootenay Region",50.11749,-117.523,2023,TRUE,4,0,4e-04,0.2339,0.1061,0.4035
"MYTH","1194_NW",1194,"NW","Kootenay Region",50.11749,-117.523,2024,TRUE,4,0,0.0018,0.2678,0.1313,0.4424
"MYTH","1194_NW",1194,"NW","Kootenay Region",50.11749,-117.523,2025,TRUE,3,0,0.0116,0.2938,0.1445,0.4779
"MYTH","1194_SW",1194,"SW","Kootenay Region",50.0903,-117.4679,2017,TRUE,4,0,0.1587,0.4634,0.0837,0.9153
"MYTH","1194_SW",1194,"SW","Kootenay Region",50.0903,-117.4679,2018,FALSE,0,NA,NA,0.3899,0.0945,0.7443
"MYTH","1194_SW",1194,"SW","Kootenay Region",50.0903,-117.4679,2019,TRUE,4,0,0.0542,0.3573,0.1025,0.6854
"MYTH","1194_SW",1194,"SW","Kootenay Region",50.0903,-117.4679,2020,TRUE,4,0,0.032,0.312,0.0843,0.6203
"MYTH","1194_SW",1194,"SW","Kootenay Region",50.0903,-117.4679,2021,TRUE,4,0,0.0224,0.2688,0.0663,0.5578
"MYTH","1194_SW",1194,"SW","Kootenay Region",50.0903,-117.4679,2022,FALSE,0,NA,NA,0.2774,0.0885,0.5514
"MYTH","1194_SW",1194,"SW","Kootenay Region",50.0903,-117.4679,2023,FALSE,0,NA,NA,0.2506,0.0645,0.5172
"MYTH","1194_SW",1194,"SW","Kootenay Region",50.0903,-117.4679,2024,FALSE,0,NA,NA,0.2675,0.0903,0.5143
"MYTH","1194_SW",1194,"SW","Kootenay Region",50.0903,-117.4679,2025,FALSE,0,NA,NA,0.2758,0.0944,0.5207
"MYTH","12522_NE",12522,"NE","South Coastal Region",49.72155,-124.51563,2017,FALSE,0,NA,NA,0.057,0.0033,0.237
"MYTH","12522_NE",12522,"NE","South Coastal Region",49.72155,-124.51563,2018,FALSE,0,NA,NA,0.0404,0.0035,0.1237
"MYTH","12522_NE",12522,"NE","South Coastal Region",49.72155,-124.51563,2019,TRUE,3,0,0.0082,0.0399,0.0024,0.1223
"MYTH","12522_NE",12522,"NE","South Coastal Region",49.72155,-124.51563,2020,TRUE,3,0,0.0038,0.0343,0.0014,0.1094
"MYTH","12522_NE",12522,"NE","South Coastal Region",49.72155,-124.51563,2021,TRUE,4,0,0.0036,0.0509,0.0093,0.1286
"MYTH","12522_NE",12522,"NE","South Coastal Region",49.72155,-124.51563,2022,TRUE,3,0,0.0162,0.0734,0.0144,0.1764
"MYTH","12522_NE",12522,"NE","South Coastal Region",49.72155,-124.51563,2023,FALSE,0,NA,NA,0.0563,0.0113,0.1417
"MYTH","12522_NE",12522,"NE","South Coastal Region",49.72155,-124.51563,2024,FALSE,0,NA,NA,0.1171,0.0349,0.2653
"MYTH","12522_NE",12522,"NE","South Coastal Region",49.72155,-124.51563,2025,FALSE,0,NA,NA,0.1381,0.0432,0.3072
"MYTH","12522_NW",12522,"NW","South Coastal Region",49.75757,-124.56308,2017,TRUE,4,0,0.0078,0.0302,6e-04,0.1451
"MYTH","12522_NW",12522,"NW","South Coastal Region",49.75757,-124.56308,2018,TRUE,3,0,0.0158,0.0353,0.0013,0.1311
"MYTH","12522_NW",12522,"NW","South Coastal Region",49.75757,-124.56308,2019,TRUE,2,0,0.0136,0.04,0.0011,0.142
"MYTH","12522_NW",12522,"NW","South Coastal Region",49.75757,-124.56308,2020,TRUE,3,0,0.0096,0.037,9e-04,0.1281
"MYTH","12522_NW",12522,"NW","South Coastal Region",49.75757,-124.56308,2021,FALSE,0,NA,NA,0.0628,0.0098,0.1853
"MYTH","12522_NW",12522,"NW","South Coastal Region",49.75757,-124.56308,2022,FALSE,0,NA,NA,0.0871,0.0142,0.2318
"MYTH","12522_NW",12522,"NW","South Coastal Region",49.75757,-124.56308,2023,FALSE,0,NA,NA,0.0714,0.0117,0.2011
"MYTH","12522_NW",12522,"NW","South Coastal Region",49.75757,-124.56308,2024,TRUE,4,0,0.0398,0.1461,0.0341,0.3756
"MYTH","12522_NW",12522,"NW","South Coastal Region",49.75757,-124.56308,2025,FALSE,0,NA,NA,0.1695,0.0423,0.4091
"MYTH","12522_SE",12522,"SE","South Coastal Region",49.70213,-124.47636,2017,TRUE,3,0,0.0433,0.0765,0.0052,0.309
"MYTH","12522_SE",12522,"SE","South Coastal Region",49.70213,-124.47636,2018,TRUE,3,0,0.018,0.0349,0.0027,0.1119
"MYTH","12522_SE",12522,"SE","South Coastal Region",49.70213,-124.47636,2019,FALSE,0,NA,NA,0.0302,0.0013,0.1039
"MYTH","12522_SE",12522,"SE","South Coastal Region",49.70213,-124.47636,2020,TRUE,3,0,0.0087,0.024,5e-04,0.0886
"MYTH","12522_SE",12522,"SE","South Coastal Region",49.70213,-124.47636,2021,TRUE,2,0,0.0151,0.0358,0.0057,0.105
"MYTH","12522_SE",12522,"SE","South Coastal Region",49.70213,-124.47636,2022,FALSE,0,NA,NA,0.0533,0.0067,0.1493
"MYTH","12522_SE",12522,"SE","South Coastal Region",49.70213,-124.47636,2023,TRUE,4,0,0.0013,0.037,0.0051,0.1104
"MYTH","12522_SE",12522,"SE","South Coastal Region",49.70213,-124.47636,2024,TRUE,4,0,0.032,0.089,0.0189,0.2446
"MYTH","12522_SE",12522,"SE","South Coastal Region",49.70213,-124.47636,2025,FALSE,0,NA,NA,0.1004,0.0222,0.2462
"MYTH","12522_SW",12522,"SW","South Coastal Region",49.7022,-124.52268,2017,TRUE,3,0,0.0189,0.0393,0.0016,0.1598
"MYTH","12522_SW",12522,"SW","South Coastal Region",49.7022,-124.52268,2018,TRUE,3,0,0.0118,0.0322,0.0022,0.0997
"MYTH","12522_SW",12522,"SW","South Coastal Region",49.7022,-124.52268,2019,TRUE,3,0,0.0113,0.0337,0.0016,0.1076
"MYTH","12522_SW",12522,"SW","South Coastal Region",49.7022,-124.52268,2020,TRUE,3,0,0.0091,0.0298,0.0011,0.0963
"MYTH","12522_SW",12522,"SW","South Coastal Region",49.7022,-124.52268,2021,TRUE,4,0,0.0084,0.0462,0.0084,0.1209
"MYTH","12522_SW",12522,"SW","South Coastal Region",49.7022,-124.52268,2022,TRUE,3,0,0.0196,0.0674,0.014,0.1599
"MYTH","12522_SW",12522,"SW","South Coastal Region",49.7022,-124.52268,2023,FALSE,0,NA,NA,0.0522,0.0101,0.1302
"MYTH","12522_SW",12522,"SW","South Coastal Region",49.7022,-124.52268,2024,FALSE,0,NA,NA,0.1102,0.0321,0.2552
"MYTH","12522_SW",12522,"SW","South Coastal Region",49.7022,-124.52268,2025,FALSE,0,NA,NA,0.1308,0.0393,0.2924
"MYTH","127850_NE",127850,"NE","Kootenay Region",49.31307,-115.01912,2017,TRUE,4,0,0.6502,0.3146,0.0462,0.7837
"MYTH","127850_NE",127850,"NE","Kootenay Region",49.31307,-115.01912,2018,FALSE,0,NA,NA,0.2853,0.069,0.6405
"MYTH","127850_NE",127850,"NE","Kootenay Region",49.31307,-115.01912,2019,TRUE,4,1,1,0.2783,0.0734,0.5965
"MYTH","127850_NE",127850,"NE","Kootenay Region",49.31307,-115.01912,2020,TRUE,4,0,0.5816,0.2544,0.0527,0.5604
"MYTH","127850_NE",127850,"NE","Kootenay Region",49.31307,-115.01912,2021,TRUE,4,0,0.3916,0.249,0.0617,0.5332
"MYTH","127850_NE",127850,"NE","Kootenay Region",49.31307,-115.01912,2022,FALSE,0,NA,NA,0.2807,0.0752,0.5755
"MYTH","127850_NE",127850,"NE","Kootenay Region",49.31307,-115.01912,2023,FALSE,0,NA,NA,0.2596,0.0551,0.5583
"MYTH","127850_NE",127850,"NE","Kootenay Region",49.31307,-115.01912,2024,FALSE,0,NA,NA,0.3119,0.0776,0.6325
"MYTH","127850_NE",127850,"NE","Kootenay Region",49.31307,-115.01912,2025,FALSE,0,NA,NA,0.3425,0.0911,0.6826
"MYTH","127850_NW",127850,"NW","Kootenay Region",49.3096,-115.05201,2017,TRUE,4,0,0.108,0.2608,0.0478,0.5831
"MYTH","127850_NW",127850,"NW","Kootenay Region",49.3096,-115.05201,2018,FALSE,0,NA,NA,0.24,0.0719,0.4912
"MYTH","127850_NW",127850,"NW","Kootenay Region",49.3096,-115.05201,2019,TRUE,4,0,0.0771,0.2345,0.0817,0.4515
"MYTH","127850_NW",127850,"NW","Kootenay Region",49.3096,-115.05201,2020,TRUE,4,0,0.0613,0.2153,0.0726,0.4117
"MYTH","127850_NW",127850,"NW","Kootenay Region",49.3096,-115.05201,2021,TRUE,4,0,0.0569,0.2039,0.0813,0.3797
"MYTH","127850_NW",127850,"NW","Kootenay Region",49.3096,-115.05201,2022,TRUE,4,0,0.0767,0.228,0.1022,0.3942
"MYTH","127850_NW",127850,"NW","Kootenay Region",49.3096,-115.05201,2023,FALSE,0,NA,NA,0.2119,0.0898,0.3769
"MYTH","127850_NW",127850,"NW","Kootenay Region",49.3096,-115.05201,2024,FALSE,0,NA,NA,0.2525,0.1107,0.4442
"MYTH","127850_NW",127850,"NW","Kootenay Region",49.3096,-115.05201,2025,FALSE,0,NA,NA,0.2816,0.1262,0.4843
"MYTH","127850_SE",127850,"SE","Kootenay Region",49.28498,-114.95395,2017,FALSE,0,NA,NA,0.4287,0.106,0.8104
"MYTH","127850_SE",127850,"SE","Kootenay Region",49.28498,-114.95395,2018,FALSE,0,NA,NA,0.3624,0.114,0.6546
"MYTH","127850_SE",127850,"SE","Kootenay Region",49.28498,-114.95395,2019,TRUE,4,1,1,0.3335,0.1264,0.5991
"MYTH","127850_SE",127850,"SE","Kootenay Region",49.28498,-114.95395,2020,TRUE,4,0,0.9093,0.2886,0.1019,0.5338
"MYTH","127850_SE",127850,"SE","Kootenay Region",49.28498,-114.95395,2021,TRUE,4,0,0.9033,0.2492,0.0854,0.4754
"MYTH","127850_SE",127850,"SE","Kootenay Region",49.28498,-114.95395,2022,TRUE,4,1,1,0.2633,0.108,0.4681
"MYTH","127850_SE",127850,"SE","Kootenay Region",49.28498,-114.95395,2023,TRUE,4,1,1,0.2335,0.084,0.4365
"MYTH","127850_SE",127850,"SE","Kootenay Region",49.28498,-114.95395,2024,FALSE,0,NA,NA,0.2602,0.1071,0.4669
"MYTH","127850_SE",127850,"SE","Kootenay Region",49.28498,-114.95395,2025,FALSE,0,NA,NA,0.2753,0.1152,0.4843
"MYTH","127850_SW",127850,"SW","Kootenay Region",49.2671,-115.02532,2017,TRUE,4,1,1,0.227,0.0276,0.6061
"MYTH","127850_SW",127850,"SW","Kootenay Region",49.2671,-115.02532,2018,FALSE,0,NA,NA,0.1997,0.0463,0.4688
"MYTH","127850_SW",127850,"SW","Kootenay Region",49.2671,-115.02532,2019,TRUE,3,0,0.9009,0.1923,0.055,0.4154
"MYTH","127850_SW",127850,"SW","Kootenay Region",49.2671,-115.02532,2020,TRUE,4,0,0.8922,0.1734,0.0496,0.3607
"MYTH","127850_SW",127850,"SW","Kootenay Region",49.2671,-115.02532,2021,TRUE,4,1,1,0.1629,0.0578,0.3235
"MYTH","127850_SW",127850,"SW","Kootenay Region",49.2671,-115.02532,2022,TRUE,4,0,0.982,0.1863,0.0758,0.3447
"MYTH","127850_SW",127850,"SW","Kootenay Region",49.2671,-115.02532,2023,TRUE,4,1,1,0.1709,0.0628,0.3275
"MYTH","127850_SW",127850,"SW","Kootenay Region",49.2671,-115.02532,2024,TRUE,4,0,0.6293,0.2133,0.0827,0.3986
"MYTH","127850_SW",127850,"SW","Kootenay Region",49.2671,-115.02532,2025,FALSE,0,NA,NA,0.2426,0.096,0.4448
"MYTH","128058_NE",128058,"NE","South Coastal Region",48.84117,-123.42727,2017,FALSE,0,NA,NA,0.0251,2e-04,0.1444
"MYTH","128058_NE",128058,"NE","South Coastal Region",48.84117,-123.42727,2018,TRUE,4,0,0.0098,0.0258,7e-04,0.0978
"MYTH","128058_NE",128058,"NE","South Coastal Region",48.84117,-123.42727,2019,TRUE,4,0,0.0076,0.0299,8e-04,0.1098
"MYTH","128058_NE",128058,"NE","South Coastal Region",48.84117,-123.42727,2020,TRUE,4,0,0.0038,0.0288,6e-04,0.1071
"MYTH","128058_NE",128058,"NE","South Coastal Region",48.84117,-123.42727,2021,TRUE,4,0,0.0051,0.0481,0.006,0.1587
"MYTH","128058_NE",128058,"NE","South Coastal Region",48.84117,-123.42727,2022,TRUE,2,0,0.0249,0.0692,0.0093,0.2014
"MYTH","128058_NE",128058,"NE","South Coastal Region",48.84117,-123.42727,2023,FALSE,0,NA,NA,0.057,0.0071,0.1765
"MYTH","128058_NE",128058,"NE","South Coastal Region",48.84117,-123.42727,2024,FALSE,0,NA,NA,0.1157,0.0212,0.3312
"MYTH","128058_NE",128058,"NE","South Coastal Region",48.84117,-123.42727,2025,FALSE,0,NA,NA,0.1364,0.0246,0.3711
"MYTH","128058_NW",128058,"NW","South Coastal Region",48.82144,-123.48643,2017,FALSE,0,NA,NA,0.078,0.0046,0.3323
"MYTH","128058_NW",128058,"NW","South Coastal Region",48.82144,-123.48643,2018,TRUE,4,0,0.0124,0.0468,0.0045,0.1394
"MYTH","128058_NW",128058,"NW","South Coastal Region",48.82144,-123.48643,2019,TRUE,4,0,0.0076,0.0432,0.0033,0.1263
"MYTH","128058_NW",128058,"NW","South Coastal Region",48.82144,-123.48643,2020,TRUE,4,0,0.0027,0.0358,0.0015,0.1115
"MYTH","128058_NW",128058,"NW","South Coastal Region",48.82144,-123.48643,2021,TRUE,4,0,9e-04,0.0485,0.0086,0.1235
"MYTH","128058_NW",128058,"NW","South Coastal Region",48.82144,-123.48643,2022,TRUE,4,0,0.0107,0.0697,0.0134,0.1694
"MYTH","128058_NW",128058,"NW","South Coastal Region",48.82144,-123.48643,2023,FALSE,0,NA,NA,0.0531,0.0092,0.1384
"MYTH","128058_NW",128058,"NW","South Coastal Region",48.82144,-123.48643,2024,FALSE,0,NA,NA,0.1081,0.0305,0.2484
"MYTH","128058_NW",128058,"NW","South Coastal Region",48.82144,-123.48643,2025,FALSE,0,NA,NA,0.1273,0.0379,0.2894
"MYTH","128058_SW",128058,"SW","South Coastal Region",48.79828,-123.47632,2017,FALSE,0,NA,NA,0.0461,0.0022,0.1847
"MYTH","128058_SW",128058,"SW","South Coastal Region",48.79828,-123.47632,2018,TRUE,4,0,0.0036,0.0345,0.0028,0.1036
"MYTH","128058_SW",128058,"SW","South Coastal Region",48.79828,-123.47632,2019,TRUE,4,0,0.0036,0.0349,0.0022,0.1035
"MYTH","128058_SW",128058,"SW","South Coastal Region",48.79828,-123.47632,2020,TRUE,4,0,0.0022,0.0303,0.0013,0.0937
"MYTH","128058_SW",128058,"SW","South Coastal Region",48.79828,-123.47632,2021,TRUE,4,0,4e-04,0.0439,0.0082,0.1102
"MYTH","128058_SW",128058,"SW","South Coastal Region",48.79828,-123.47632,2022,TRUE,4,0,0.0047,0.0645,0.014,0.1507
"MYTH","128058_SW",128058,"SW","South Coastal Region",48.79828,-123.47632,2023,FALSE,0,NA,NA,0.0501,0.0094,0.1273
"MYTH","128058_SW",128058,"SW","South Coastal Region",48.79828,-123.47632,2024,FALSE,0,NA,NA,0.1028,0.0312,0.2324
"MYTH","128058_SW",128058,"SW","South Coastal Region",48.79828,-123.47632,2025,FALSE,0,NA,NA,0.1229,0.0379,0.2694
"MYTH","132650_SE",132650,"SE","Okanagan Region",51.81828,-122.42144,2017,FALSE,0,NA,NA,0.7296,0.4441,0.9524
"MYTH","132650_SE",132650,"SE","Okanagan Region",51.81828,-122.42144,2018,FALSE,0,NA,NA,0.6571,0.4041,0.872
"MYTH","132650_SE",132650,"SE","Okanagan Region",51.81828,-122.42144,2019,FALSE,0,NA,NA,0.6229,0.3723,0.8445
"MYTH","132650_SE",132650,"SE","Okanagan Region",51.81828,-122.42144,2020,TRUE,4,1,1,0.5687,0.2956,0.8149
"MYTH","132650_SE",132650,"SE","Okanagan Region",51.81828,-122.42144,2021,TRUE,4,0,0.0562,0.5182,0.2458,0.7791
"MYTH","132650_SE",132650,"SE","Okanagan Region",51.81828,-122.42144,2022,TRUE,2,0,0.0311,0.537,0.2858,0.7804
"MYTH","132650_SE",132650,"SE","Okanagan Region",51.81828,-122.42144,2023,TRUE,3,0,0.0027,0.4935,0.2336,0.7567
"MYTH","132650_SE",132650,"SE","Okanagan Region",51.81828,-122.42144,2024,TRUE,4,0,0.0064,0.5219,0.2517,0.7789
"MYTH","132650_SE",132650,"SE","Okanagan Region",51.81828,-122.42144,2025,TRUE,4,0,0.0064,0.5324,0.2586,0.7856
"MYTH","132650_SW",132650,"SW","Okanagan Region",51.80225,-122.46284,2017,FALSE,0,NA,NA,0.7078,0.3577,0.9661
"MYTH","132650_SW",132650,"SW","Okanagan Region",51.80225,-122.46284,2018,FALSE,0,NA,NA,0.5609,0.3041,0.7852
"MYTH","132650_SW",132650,"SW","Okanagan Region",51.80225,-122.46284,2019,FALSE,0,NA,NA,0.4954,0.2678,0.7195
"MYTH","132650_SW",132650,"SW","Okanagan Region",51.80225,-122.46284,2020,TRUE,4,0,0.0222,0.415,0.1811,0.6512
"MYTH","132650_SW",132650,"SW","Okanagan Region",51.80225,-122.46284,2021,TRUE,3,0,0.0016,0.3372,0.1227,0.581
"MYTH","132650_SW",132650,"SW","Okanagan Region",51.80225,-122.46284,2022,TRUE,4,0,0.004,0.3469,0.1332,0.5874
"MYTH","132650_SW",132650,"SW","Okanagan Region",51.80225,-122.46284,2023,TRUE,3,0,0.0018,0.2971,0.0888,0.5554
"MYTH","132650_SW",132650,"SW","Okanagan Region",51.80225,-122.46284,2024,FALSE,0,NA,NA,0.3303,0.1137,0.588
"MYTH","132650_SW",132650,"SW","Okanagan Region",51.80225,-122.46284,2025,TRUE,4,0,0.0118,0.3438,0.1249,0.6009
"MYTH","137274_NE",137274,"NE","South Coastal Region",48.79,-123.6988,2017,FALSE,0,NA,NA,0.1194,0.0051,0.5589
"MYTH","137274_NE",137274,"NE","South Coastal Region",48.79,-123.6988,2018,TRUE,4,0,0.0133,0.048,0.0039,0.1614
"MYTH","137274_NE",137274,"NE","South Coastal Region",48.79,-123.6988,2019,TRUE,3,0,0.008,0.0377,0.0021,0.1231
"MYTH","137274_NE",137274,"NE","South Coastal Region",48.79,-123.6988,2020,TRUE,4,0,0.0033,0.0287,7e-04,0.0985
"MYTH","137274_NE",137274,"NE","South Coastal Region",48.79,-123.6988,2021,FALSE,0,NA,NA,0.0357,0.0054,0.1016
"MYTH","137274_NE",137274,"NE","South Coastal Region",48.79,-123.6988,2022,TRUE,4,0,0.0071,0.0522,0.0074,0.1425
"MYTH","137274_NE",137274,"NE","South Coastal Region",48.79,-123.6988,2023,TRUE,4,0,7e-04,0.038,0.0045,0.1145
"MYTH","137274_NE",137274,"NE","South Coastal Region",48.79,-123.6988,2024,FALSE,0,NA,NA,0.0812,0.0179,0.2108
"MYTH","137274_NE",137274,"NE","South Coastal Region",48.79,-123.6988,2025,FALSE,0,NA,NA,0.0933,0.0198,0.2355
"MYTH","137274_NW",137274,"NW","South Coastal Region",48.7891,-123.719,2017,FALSE,0,NA,NA,0.068,0.0034,0.3049
"MYTH","137274_NW",137274,"NW","South Coastal Region",48.7891,-123.719,2018,TRUE,4,0,0.0189,0.0407,0.0038,0.1206
"MYTH","137274_NW",137274,"NW","South Coastal Region",48.7891,-123.719,2019,TRUE,4,0,0.0147,0.0378,0.0029,0.1129
"MYTH","137274_NW",137274,"NW","South Coastal Region",48.7891,-123.719,2020,TRUE,4,0,0.0096,0.0317,0.0014,0.0978
"MYTH","137274_NW",137274,"NW","South Coastal Region",48.7891,-123.719,2021,TRUE,4,0,0.0093,0.0435,0.0082,0.1085
"MYTH","137274_NW",137274,"NW","South Coastal Region",48.7891,-123.719,2022,TRUE,4,0,0.0204,0.0638,0.0124,0.1516
"MYTH","137274_NW",137274,"NW","South Coastal Region",48.7891,-123.719,2023,TRUE,3,0,0.01,0.0489,0.009,0.1258
"MYTH","137274_NW",137274,"NW","South Coastal Region",48.7891,-123.719,2024,FALSE,0,NA,NA,0.1002,0.0301,0.2312
"MYTH","137274_NW",137274,"NW","South Coastal Region",48.7891,-123.719,2025,FALSE,0,NA,NA,0.1189,0.0363,0.2694
"MYTH","137274_SE",137274,"SE","South Coastal Region",48.7539,-123.6447,2017,FALSE,0,NA,NA,0.134,0.0052,0.6258
"MYTH","137274_SE",137274,"SE","South Coastal Region",48.7539,-123.6447,2018,TRUE,4,0,0.0169,0.0529,0.0042,0.1782
"MYTH","137274_SE",137274,"SE","South Coastal Region",48.7539,-123.6447,2019,TRUE,3,0,0.0096,0.041,0.0024,0.1309
"MYTH","137274_SE",137274,"SE","South Coastal Region",48.7539,-123.6447,2020,TRUE,4,0,0.0038,0.0312,8e-04,0.1038
"MYTH","137274_SE",137274,"SE","South Coastal Region",48.7539,-123.6447,2021,TRUE,2,0,0.0029,0.0379,0.0059,0.106
"MYTH","137274_SE",137274,"SE","South Coastal Region",48.7539,-123.6447,2022,TRUE,4,0,0.0036,0.0547,0.0081,0.1473
"MYTH","137274_SE",137274,"SE","South Coastal Region",48.7539,-123.6447,2023,TRUE,4,0,0.0018,0.0401,0.0049,0.1191
"MYTH","137274_SE",137274,"SE","South Coastal Region",48.7539,-123.6447,2024,FALSE,0,NA,NA,0.0845,0.0186,0.2176
"MYTH","137274_SE",137274,"SE","South Coastal Region",48.7539,-123.6447,2025,FALSE,0,NA,NA,0.0972,0.0216,0.2449
"MYTH","143274_NE",143274,"NE","South Coastal Region",50.3377,-122.8012,2017,FALSE,0,NA,NA,0.0656,0.0045,0.2486
"MYTH","143274_NE",143274,"NE","South Coastal Region",50.3377,-122.8012,2018,FALSE,0,NA,NA,0.0373,0.0034,0.1119
"MYTH","143274_NE",143274,"NE","South Coastal Region",50.3377,-122.8012,2019,TRUE,4,0,0.0647,0.0345,0.002,0.1054
"MYTH","143274_NE",143274,"NE","South Coastal Region",50.3377,-122.8012,2020,TRUE,4,0,0.1158,0.0283,9e-04,0.0925
"MYTH","143274_NE",143274,"NE","South Coastal Region",50.3377,-122.8012,2021,TRUE,4,1,1,0.0433,0.0082,0.1093
"MYTH","143274_NE",143274,"NE","South Coastal Region",50.3377,-122.8012,2022,TRUE,4,1,1,0.0631,0.0126,0.1471
"MYTH","143274_NE",143274,"NE","South Coastal Region",50.3377,-122.8012,2023,TRUE,4,0,0.0402,0.0452,0.0086,0.1132
"MYTH","143274_NE",143274,"NE","South Coastal Region",50.3377,-122.8012,2024,TRUE,4,0,0.03,0.1037,0.0325,0.2347
"MYTH","143274_NE",143274,"NE","South Coastal Region",50.3377,-122.8012,2025,TRUE,4,0,0.022,0.1202,0.0394,0.2547
"MYTH","143274_NW",143274,"NW","South Coastal Region",50.3446,-122.8479,2017,FALSE,0,NA,NA,0.0505,0.003,0.193
"MYTH","143274_NW",143274,"NW","South Coastal Region",50.3446,-122.8479,2018,FALSE,0,NA,NA,0.0323,0.002,0.1068
"MYTH","143274_NW",143274,"NW","South Coastal Region",50.3446,-122.8479,2019,TRUE,4,0,0.0089,0.0319,0.001,0.1109
"MYTH","143274_NW",143274,"NW","South Coastal Region",50.3446,-122.8479,2020,TRUE,3,0,0.0062,0.027,5e-04,0.1
"MYTH","143274_NW",143274,"NW","South Coastal Region",50.3446,-122.8479,2021,TRUE,4,0,0.0031,0.0447,0.0074,0.1263
"MYTH","143274_NW",143274,"NW","South Coastal Region",50.3446,-122.8479,2022,TRUE,4,0,0.0067,0.0642,0.009,0.1748
"MYTH","143274_NW",143274,"NW","South Coastal Region",50.3446,-122.8479,2023,TRUE,4,0,9e-04,0.0466,0.0076,0.1324
"MYTH","143274_NW",143274,"NW","South Coastal Region",50.3446,-122.8479,2024,TRUE,4,0,0.0191,0.1108,0.026,0.2853
"MYTH","143274_NW",143274,"NW","South Coastal Region",50.3446,-122.8479,2025,TRUE,4,0,0.0058,0.1249,0.0317,0.2954
"MYTH","143274_SE",143274,"SE","South Coastal Region",50.3004,-122.758,2017,FALSE,0,NA,NA,0.0579,0.0038,0.2233
"MYTH","143274_SE",143274,"SE","South Coastal Region",50.3004,-122.758,2018,FALSE,0,NA,NA,0.0325,0.0025,0.1012
"MYTH","143274_SE",143274,"SE","South Coastal Region",50.3004,-122.758,2019,TRUE,4,0,0.0098,0.0305,0.0014,0.1011
"MYTH","143274_SE",143274,"SE","South Coastal Region",50.3004,-122.758,2020,TRUE,3,0,0.0056,0.0252,7e-04,0.0892
"MYTH","143274_SE",143274,"SE","South Coastal Region",50.3004,-122.758,2021,TRUE,4,0,0.0024,0.0391,0.0068,0.1073
"MYTH","143274_SE",143274,"SE","South Coastal Region",50.3004,-122.758,2022,TRUE,4,0,0.006,0.0577,0.0092,0.1497
"MYTH","143274_SE",143274,"SE","South Coastal Region",50.3004,-122.758,2023,TRUE,4,0,4e-04,0.0412,0.007,0.1133
"MYTH","143274_SE",143274,"SE","South Coastal Region",50.3004,-122.758,2024,TRUE,4,0,0.0142,0.0969,0.0246,0.2455
"MYTH","143274_SE",143274,"SE","South Coastal Region",50.3004,-122.758,2025,TRUE,4,0,0.0093,0.1109,0.0292,0.2563
"MYTH","143274_SW",143274,"SW","South Coastal Region",50.2961,-122.8048,2017,FALSE,0,NA,NA,0.0561,0.0034,0.22
"MYTH","143274_SW",143274,"SW","South Coastal Region",50.2961,-122.8048,2018,FALSE,0,NA,NA,0.0335,0.0025,0.1044
"MYTH","143274_SW",143274,"SW","South Coastal Region",50.2961,-122.8048,2019,TRUE,4,0,0.0482,0.0323,0.0014,0.1068
"MYTH","143274_SW",143274,"SW","South Coastal Region",50.2961,-122.8048,2020,TRUE,2,0,0.1156,0.0268,6e-04,0.0907
"MYTH","143274_SW",143274,"SW","South Coastal Region",50.2961,-122.8048,2021,TRUE,4,1,1,0.044,0.0077,0.1162
"MYTH","143274_SW",143274,"SW","South Coastal Region",50.2961,-122.8048,2022,TRUE,4,1,1,0.0635,0.0112,0.1551
"MYTH","143274_SW",143274,"SW","South Coastal Region",50.2961,-122.8048,2023,TRUE,4,0,0.0344,0.0451,0.0085,0.1158
"MYTH","143274_SW",143274,"SW","South Coastal Region",50.2961,-122.8048,2024,TRUE,4,0,0.0911,0.1081,0.0306,0.2564
"MYTH","143274_SW",143274,"SW","South Coastal Region",50.2961,-122.8048,2025,TRUE,4,1,1,0.1232,0.0378,0.2688
"MYTH","145578_NE",145578,"NE","Kootenay Region",49.93178,-115.65558,2017,FALSE,0,NA,NA,0.2721,0.0544,0.5814
"MYTH","145578_NE",145578,"NE","Kootenay Region",49.93178,-115.65558,2018,TRUE,4,0,0.058,0.2095,0.0476,0.443
"MYTH","145578_NE",145578,"NE","Kootenay Region",49.93178,-115.65558,2019,TRUE,4,0,0.0373,0.195,0.0294,0.4163
"MYTH","145578_NE",145578,"NE","Kootenay Region",49.93178,-115.65558,2020,TRUE,4,0,0.018,0.1703,0.0155,0.3953
"MYTH","145578_NE",145578,"NE","Kootenay Region",49.93178,-115.65558,2021,TRUE,4,0,0.0127,0.1692,0.0251,0.3921
"MYTH","145578_NE",145578,"NE","Kootenay Region",49.93178,-115.65558,2022,TRUE,3,0,0.0589,0.2015,0.0289,0.4473
"MYTH","145578_NE",145578,"NE","Kootenay Region",49.93178,-115.65558,2023,FALSE,0,NA,NA,0.1807,0.0223,0.4365
"MYTH","145578_NE",145578,"NE","Kootenay Region",49.93178,-115.65558,2024,TRUE,4,0,0.2449,0.2474,0.0512,0.5461
"MYTH","145578_NE",145578,"NE","Kootenay Region",49.93178,-115.65558,2025,TRUE,4,1,1,0.2806,0.072,0.5935
"MYTH","145578_NW",145578,"NW","Kootenay Region",49.93544,-115.67497,2017,FALSE,0,NA,NA,0.2044,0.0221,0.5736
"MYTH","145578_NW",145578,"NW","Kootenay Region",49.93544,-115.67497,2018,FALSE,0,NA,NA,0.1968,0.0417,0.4649
"MYTH","145578_NW",145578,"NW","Kootenay Region",49.93544,-115.67497,2019,TRUE,3,0,0.6584,0.1993,0.0523,0.4336
"MYTH","145578_NW",145578,"NW","Kootenay Region",49.93544,-115.67497,2020,FALSE,0,NA,NA,0.1882,0.0485,0.3922
"MYTH","145578_NW",145578,"NW","Kootenay Region",49.93544,-115.67497,2021,TRUE,4,1,1,0.1912,0.065,0.3812
"MYTH","145578_NW",145578,"NW","Kootenay Region",49.93544,-115.67497,2022,TRUE,3,0,0.6173,0.2232,0.0813,0.4241
"MYTH","145578_NW",145578,"NW","Kootenay Region",49.93544,-115.67497,2023,TRUE,4,0,0.1936,0.2126,0.0731,0.41
"MYTH","145578_NW",145578,"NW","Kootenay Region",49.93544,-115.67497,2024,TRUE,3,0,0.1533,0.2661,0.0971,0.5101
"MYTH","145578_NW",145578,"NW","Kootenay Region",49.93544,-115.67497,2025,TRUE,4,0,0.1189,0.3049,0.1135,0.563
"MYTH","145578_SE",145578,"SE","Kootenay Region",49.89983,-115.64222,2017,FALSE,0,NA,NA,0.3955,0.0988,0.7595
"MYTH","145578_SE",145578,"SE","Kootenay Region",49.89983,-115.64222,2018,TRUE,3,0,0.7407,0.3086,0.0966,0.578
"MYTH","145578_SE",145578,"SE","Kootenay Region",49.89983,-115.64222,2019,TRUE,4,0,0.8091,0.273,0.0979,0.51
"MYTH","145578_SE",145578,"SE","Kootenay Region",49.89983,-115.64222,2020,TRUE,4,1,1,0.2246,0.0738,0.4312
"MYTH","145578_SE",145578,"SE","Kootenay Region",49.89983,-115.64222,2021,TRUE,4,1,1,0.1826,0.062,0.3646
"MYTH","145578_SE",145578,"SE","Kootenay Region",49.89983,-115.64222,2022,TRUE,4,0,0.9384,0.1966,0.0729,0.37
"MYTH","145578_SE",145578,"SE","Kootenay Region",49.89983,-115.64222,2023,TRUE,4,1,1,0.1665,0.0561,0.3323
"MYTH","145578_SE",145578,"SE","Kootenay Region",49.89983,-115.64222,2024,FALSE,0,NA,NA,0.1977,0.0721,0.3845
"MYTH","145578_SE",145578,"SE","Kootenay Region",49.89983,-115.64222,2025,TRUE,4,1,1,0.2143,0.0777,0.4121
"MYTH","145578_SW",145578,"SW","Kootenay Region",49.89589,-115.695,2017,FALSE,0,NA,NA,0.5048,0.1139,0.9056
"MYTH","145578_SW",145578,"SW","Kootenay Region",49.89589,-115.695,2018,FALSE,0,NA,NA,0.3913,0.1123,0.7075
"MYTH","145578_SW",145578,"SW","Kootenay Region",49.89589,-115.695,2019,TRUE,4,1,1,0.3428,0.1165,0.634
"MYTH","145578_SW",145578,"SW","Kootenay Region",49.89589,-115.695,2020,TRUE,4,0,0.3989,0.281,0.0878,0.545
"MYTH","145578_SW",145578,"SW","Kootenay Region",49.89589,-115.695,2021,TRUE,4,0,0.3382,0.2265,0.0642,0.463
"MYTH","145578_SW",145578,"SW","Kootenay Region",49.89589,-115.695,2022,TRUE,4,1,1,0.2364,0.0802,0.4574
"MYTH","145578_SW",145578,"SW","Kootenay Region",49.89589,-115.695,2023,TRUE,4,1,1,0.2016,0.06,0.4115
"MYTH","145578_SW",145578,"SW","Kootenay Region",49.89589,-115.695,2024,TRUE,4,0,0.6927,0.2254,0.079,0.438
"MYTH","145578_SW",145578,"SW","Kootenay Region",49.89589,-115.695,2025,TRUE,4,1,1,0.2362,0.0813,0.4515
"MYTH","16426_NE",16426,"NE","Northern Region",54.82137,-123.35579,2017,FALSE,0,NA,NA,0.0743,0.0044,0.289
"MYTH","16426_NE",16426,"NE","Northern Region",54.82137,-123.35579,2018,TRUE,3,0,0.0013,0.0208,0.001,0.0825
"MYTH","16426_NE",16426,"NE","Northern Region",54.82137,-123.35579,2019,TRUE,3,0,9e-04,0.0142,2e-04,0.062
"MYTH","16426_NE",16426,"NE","Northern Region",54.82137,-123.35579,2020,TRUE,3,0,0,0.0098,1e-04,0.047
"MYTH","16426_NE",16426,"NE","Northern Region",54.82137,-123.35579,2021,TRUE,3,0,0.0011,0.0118,6e-04,0.0459
"MYTH","16426_NE",16426,"NE","Northern Region",54.82137,-123.35579,2022,TRUE,3,0,0.002,0.0151,6e-04,0.0557
"MYTH","16426_NE",16426,"NE","Northern Region",54.82137,-123.35579,2023,FALSE,0,NA,NA,0.0109,4e-04,0.0458
"MYTH","16426_NE",16426,"NE","Northern Region",54.82137,-123.35579,2024,TRUE,3,0,0.0076,0.024,0.0027,0.0796
"MYTH","16426_NE",16426,"NE","Northern Region",54.82137,-123.35579,2025,FALSE,0,NA,NA,0.0278,0.0035,0.0858
"MYTH","16426_SE",16426,"SE","Northern Region",54.81895,-123.33997,2017,FALSE,0,NA,NA,0.1297,0.0085,0.49
"MYTH","16426_SE",16426,"SE","Northern Region",54.81895,-123.33997,2018,TRUE,3,0,0.0089,0.0292,0.0014,0.1168
"MYTH","16426_SE",16426,"SE","Northern Region",54.81895,-123.33997,2019,TRUE,3,0,0.0042,0.0167,2e-04,0.078
"MYTH","16426_SE",16426,"SE","Northern Region",54.81895,-123.33997,2020,TRUE,2,0,0.0024,0.0101,0,0.0522
"MYTH","16426_SE",16426,"SE","Northern Region",54.81895,-123.33997,2021,TRUE,3,0,7e-04,0.01,5e-04,0.0414
"MYTH","16426_SE",16426,"SE","Northern Region",54.81895,-123.33997,2022,TRUE,3,0,0.0029,0.0128,5e-04,0.0489
"MYTH","16426_SE",16426,"SE","Northern Region",54.81895,-123.33997,2023,FALSE,0,NA,NA,0.0087,3e-04,0.0377
"MYTH","16426_SE",16426,"SE","Northern Region",54.81895,-123.33997,2024,FALSE,0,NA,NA,0.0191,0.0021,0.063
"MYTH","16426_SE",16426,"SE","Northern Region",54.81895,-123.33997,2025,FALSE,0,NA,NA,0.0216,0.0026,0.0673
"MYTH","172090_NE",172090,"NE","South Coastal Region",49.37012,-122.94857,2017,FALSE,0,NA,NA,0.268,0.0071,0.9112
"MYTH","172090_NE",172090,"NE","South Coastal Region",49.37012,-122.94857,2018,TRUE,3,0,0.0273,0.0672,0.0028,0.2644
"MYTH","172090_NE",172090,"NE","South Coastal Region",49.37012,-122.94857,2019,TRUE,3,0,0.0138,0.05,7e-04,0.2067
"MYTH","172090_NE",172090,"NE","South Coastal Region",49.37012,-122.94857,2020,TRUE,3,0,0.006,0.0366,2e-04,0.1599
"MYTH","172090_NE",172090,"NE","South Coastal Region",49.37012,-122.94857,2021,TRUE,4,0,0.0047,0.0549,0.0048,0.1854
"MYTH","172090_NE",172090,"NE","South Coastal Region",49.37012,-122.94857,2022,TRUE,4,0,0.0093,0.0739,0.0052,0.2366
"MYTH","172090_NE",172090,"NE","South Coastal Region",49.37012,-122.94857,2023,TRUE,2,0,0.0082,0.0475,0.0027,0.1658
"MYTH","172090_NE",172090,"NE","South Coastal Region",49.37012,-122.94857,2024,FALSE,0,NA,NA,0.1223,0.0179,0.3665
"MYTH","172090_NE",172090,"NE","South Coastal Region",49.37012,-122.94857,2025,FALSE,0,NA,NA,0.128,0.0224,0.3437
"MYTH","172090_NW",172090,"NW","South Coastal Region",49.34683,-123.00985,2017,FALSE,0,NA,NA,0.0378,0.0014,0.1596
"MYTH","172090_NW",172090,"NW","South Coastal Region",49.34683,-123.00985,2018,TRUE,3,0,0.0044,0.0288,0.0018,0.0921
"MYTH","172090_NW",172090,"NW","South Coastal Region",49.34683,-123.00985,2019,TRUE,3,0,0.0042,0.0299,0.0014,0.0968
"MYTH","172090_NW",172090,"NW","South Coastal Region",49.34683,-123.00985,2020,FALSE,0,NA,NA,0.0264,8e-04,0.0887
"MYTH","172090_NW",172090,"NW","South Coastal Region",49.34683,-123.00985,2021,TRUE,4,0,9e-04,0.0411,0.0068,0.1115
"MYTH","172090_NW",172090,"NW","South Coastal Region",49.34683,-123.00985,2022,TRUE,4,0,0.002,0.0605,0.0103,0.1525
"MYTH","172090_NW",172090,"NW","South Coastal Region",49.34683,-123.00985,2023,TRUE,3,0,9e-04,0.0459,0.0075,0.1241
"MYTH","172090_NW",172090,"NW","South Coastal Region",49.34683,-123.00985,2024,FALSE,0,NA,NA,0.1006,0.0262,0.2476
"MYTH","172090_NW",172090,"NW","South Coastal Region",49.34683,-123.00985,2025,FALSE,0,NA,NA,0.118,0.0308,0.274
"MYTH","172090_SE",172090,"SE","South Coastal Region",49.32364,-122.97036,2017,FALSE,0,NA,NA,0.0441,0.0023,0.1743
"MYTH","172090_SE",172090,"SE","South Coastal Region",49.32364,-122.97036,2018,TRUE,3,0,0.016,0.0471,0.0031,0.169
"MYTH","172090_SE",172090,"SE","South Coastal Region",49.32364,-122.97036,2019,FALSE,0,NA,NA,0.0512,0.0028,0.1725
"MYTH","172090_SE",172090,"SE","South Coastal Region",49.32364,-122.97036,2020,TRUE,4,0,0.0098,0.047,0.0019,0.1628
"MYTH","172090_SE",172090,"SE","South Coastal Region",49.32364,-122.97036,2021,TRUE,4,0,0.0073,0.0706,0.0081,0.2205
"MYTH","172090_SE",172090,"SE","South Coastal Region",49.32364,-122.97036,2022,TRUE,4,0,0.0171,0.0983,0.0143,0.2741
"MYTH","172090_SE",172090,"SE","South Coastal Region",49.32364,-122.97036,2023,TRUE,3,0,0.0082,0.0799,0.0109,0.23
"MYTH","172090_SE",172090,"SE","South Coastal Region",49.32364,-122.97036,2024,FALSE,0,NA,NA,0.1522,0.03,0.3877
"MYTH","172090_SE",172090,"SE","South Coastal Region",49.32364,-122.97036,2025,FALSE,0,NA,NA,0.1782,0.0397,0.4347
"MYTH","172090_SW",172090,"SW","South Coastal Region",49.31421,-123.01406,2017,FALSE,0,NA,NA,0.1039,0.0049,0.4814
"MYTH","172090_SW",172090,"SW","South Coastal Region",49.31421,-123.01406,2018,TRUE,3,0,0.0238,0.049,0.0044,0.153
"MYTH","172090_SW",172090,"SW","South Coastal Region",49.31421,-123.01406,2019,TRUE,3,0,0.0176,0.041,0.0029,0.122
"MYTH","172090_SW",172090,"SW","South Coastal Region",49.31421,-123.01406,2020,TRUE,4,0,0.008,0.0329,0.0012,0.1034
"MYTH","172090_SW",172090,"SW","South Coastal Region",49.31421,-123.01406,2021,TRUE,4,0,0.0044,0.0409,0.0065,0.1066
"MYTH","172090_SW",172090,"SW","South Coastal Region",49.31421,-123.01406,2022,TRUE,4,0,0.0127,0.0587,0.0104,0.1464
"MYTH","172090_SW",172090,"SW","South Coastal Region",49.31421,-123.01406,2023,TRUE,3,0,0.0076,0.0444,0.0069,0.1204
"MYTH","172090_SW",172090,"SW","South Coastal Region",49.31421,-123.01406,2024,FALSE,0,NA,NA,0.0949,0.0251,0.2294
"MYTH","172090_SW",172090,"SW","South Coastal Region",49.31421,-123.01406,2025,FALSE,0,NA,NA,0.1108,0.03,0.2591
"MYTH","175354_SE",175354,"SE","Northern Region",59.42418,-125.94917,2017,FALSE,0,NA,NA,0.0404,0.0016,0.1803
"MYTH","175354_SE",175354,"SE","Northern Region",59.42418,-125.94917,2018,TRUE,3,0,0.0076,0.0235,0.001,0.0981
"MYTH","175354_SE",175354,"SE","Northern Region",59.42418,-125.94917,2019,TRUE,4,0,0.0058,0.0203,4e-04,0.0846
"MYTH","175354_SE",175354,"SE","Northern Region",59.42418,-125.94917,2020,TRUE,4,0,0.004,0.0167,2e-04,0.0746
"MYTH","175354_SE",175354,"SE","Northern Region",59.42418,-125.94917,2021,FALSE,0,NA,NA,0.0187,7e-04,0.0804
"MYTH","175354_SE",175354,"SE","Northern Region",59.42418,-125.94917,2022,FALSE,0,NA,NA,0.0233,0.001,0.0911
"MYTH","175354_SE",175354,"SE","Northern Region",59.42418,-125.94917,2023,FALSE,0,NA,NA,0.0192,5e-04,0.0855
"MYTH","175354_SE",175354,"SE","Northern Region",59.42418,-125.94917,2024,FALSE,0,NA,NA,0.032,0.002,0.1297
"MYTH","175354_SE",175354,"SE","Northern Region",59.42418,-125.94917,2025,FALSE,0,NA,NA,0.0379,0.0026,0.1469
"MYTH","175354_SW",175354,"SW","Northern Region",59.40931,-126.09868,2017,FALSE,0,NA,NA,0.0409,0.0016,0.1828
"MYTH","175354_SW",175354,"SW","Northern Region",59.40931,-126.09868,2018,TRUE,3,0,0.0073,0.0196,9e-04,0.0842
"MYTH","175354_SW",175354,"SW","Northern Region",59.40931,-126.09868,2019,TRUE,4,0,0.0049,0.0157,3e-04,0.0678
"MYTH","175354_SW",175354,"SW","Northern Region",59.40931,-126.09868,2020,TRUE,4,0,0.0031,0.0121,1e-04,0.0572
"MYTH","175354_SW",175354,"SW","Northern Region",59.40931,-126.09868,2021,FALSE,0,NA,NA,0.0126,6e-04,0.0529
"MYTH","175354_SW",175354,"SW","Northern Region",59.40931,-126.09868,2022,FALSE,0,NA,NA,0.0157,8e-04,0.0611
"MYTH","175354_SW",175354,"SW","Northern Region",59.40931,-126.09868,2023,FALSE,0,NA,NA,0.0126,4e-04,0.0565
"MYTH","175354_SW",175354,"SW","Northern Region",59.40931,-126.09868,2024,TRUE,4,0,0.0062,0.0216,0.0019,0.0814
"MYTH","175354_SW",175354,"SW","Northern Region",59.40931,-126.09868,2025,TRUE,4,0,0.0058,0.0255,0.0024,0.0903
"MYTH","17706_NW",17706,"NW","Northern Region",51.97601,-120.10368,2017,FALSE,0,NA,NA,0.1093,0.0076,0.409
"MYTH","17706_NW",17706,"NW","Northern Region",51.97601,-120.10368,2018,FALSE,0,NA,NA,0.0245,9e-04,0.1065
"MYTH","17706_NW",17706,"NW","Northern Region",51.97601,-120.10368,2019,TRUE,4,0,0.004,0.0144,1e-04,0.0736
"MYTH","17706_NW",17706,"NW","Northern Region",51.97601,-120.10368,2020,TRUE,2,0,0.0022,0.0088,0,0.0505
"MYTH","17706_NW",17706,"NW","Northern Region",51.97601,-120.10368,2021,FALSE,0,NA,NA,0.0087,3e-04,0.0399
"MYTH","17706_NW",17706,"NW","Northern Region",51.97601,-120.10368,2022,FALSE,0,NA,NA,0.011,3e-04,0.0446
"MYTH","17706_NW",17706,"NW","Northern Region",51.97601,-120.10368,2023,FALSE,0,NA,NA,0.0076,2e-04,0.0362
"MYTH","17706_NW",17706,"NW","Northern Region",51.97601,-120.10368,2024,FALSE,0,NA,NA,0.0166,0.0014,0.0591
"MYTH","17706_NW",17706,"NW","Northern Region",51.97601,-120.10368,2025,FALSE,0,NA,NA,0.0185,0.0016,0.0666
"MYTH","17706_SE",17706,"SE","Northern Region",51.9408,-120.01683,2017,FALSE,0,NA,NA,0.0771,0.0055,0.2854
"MYTH","17706_SE",17706,"SE","Northern Region",51.9408,-120.01683,2018,FALSE,0,NA,NA,0.0171,7e-04,0.0722
"MYTH","17706_SE",17706,"SE","Northern Region",51.9408,-120.01683,2019,TRUE,4,0,0.0036,0.0108,1e-04,0.0512
"MYTH","17706_SE",17706,"SE","Northern Region",51.9408,-120.01683,2020,TRUE,4,0,2e-04,0.007,0,0.0351
"MYTH","17706_SE",17706,"SE","Northern Region",51.9408,-120.01683,2021,FALSE,0,NA,NA,0.0083,4e-04,0.0363
"MYTH","17706_SE",17706,"SE","Northern Region",51.9408,-120.01683,2022,FALSE,0,NA,NA,0.011,4e-04,0.0421
"MYTH","17706_SE",17706,"SE","Northern Region",51.9408,-120.01683,2023,TRUE,4,0,0,0.0076,3e-04,0.0325
"MYTH","17706_SE",17706,"SE","Northern Region",51.9408,-120.01683,2024,TRUE,2,0,0.0051,0.0184,0.0018,0.0645
"MYTH","17706_SE",17706,"SE","Northern Region",51.9408,-120.01683,2025,TRUE,4,0,0.0016,0.0207,0.0021,0.0707
"MYTH","17706_SW",17706,"SW","Northern Region",51.94316,-120.06784,2017,FALSE,0,NA,NA,0.0533,0.0027,0.2176
"MYTH","17706_SW",17706,"SW","Northern Region",51.94316,-120.06784,2018,FALSE,0,NA,NA,0.017,8e-04,0.0664
"MYTH","17706_SW",17706,"SW","Northern Region",51.94316,-120.06784,2019,TRUE,4,0,0.0018,0.0123,2e-04,0.0515
"MYTH","17706_SW",17706,"SW","Northern Region",51.94316,-120.06784,2020,TRUE,4,0,4e-04,0.0088,1e-04,0.0411
"MYTH","17706_SW",17706,"SW","Northern Region",51.94316,-120.06784,2021,FALSE,0,NA,NA,0.0108,6e-04,0.0421
"MYTH","17706_SW",17706,"SW","Northern Region",51.94316,-120.06784,2022,FALSE,0,NA,NA,0.0141,7e-04,0.0498
"MYTH","17706_SW",17706,"SW","Northern Region",51.94316,-120.06784,2023,TRUE,4,0,0,0.0103,4e-04,0.042
"MYTH","17706_SW",17706,"SW","Northern Region",51.94316,-120.06784,2024,FALSE,0,NA,NA,0.0226,0.0027,0.0739
"MYTH","17706_SW",17706,"SW","Northern Region",51.94316,-120.06784,2025,TRUE,4,0,7e-04,0.0265,0.0034,0.081
"MYTH","186330_NE",186330,"NE","Northern Region",55.95727,-122.58949,2017,FALSE,0,NA,NA,0.278,0.0104,0.877
"MYTH","186330_NE",186330,"NE","Northern Region",55.95727,-122.58949,2018,FALSE,0,NA,NA,0.0435,0.0015,0.1957
"MYTH","186330_NE",186330,"NE","Northern Region",55.95727,-122.58949,2019,FALSE,0,NA,NA,0.0212,2e-04,0.1172
"MYTH","186330_NE",186330,"NE","Northern Region",55.95727,-122.58949,2020,FALSE,0,NA,NA,0.0114,0,0.0724
"MYTH","186330_NE",186330,"NE","Northern Region",55.95727,-122.58949,2021,FALSE,0,NA,NA,0.01,3e-04,0.0479
"MYTH","186330_NE",186330,"NE","Northern Region",55.95727,-122.58949,2022,FALSE,0,NA,NA,0.0124,3e-04,0.0539
"MYTH","186330_NE",186330,"NE","Northern Region",55.95727,-122.58949,2023,FALSE,0,NA,NA,0.008,2e-04,0.0389
"MYTH","186330_NE",186330,"NE","Northern Region",55.95727,-122.58949,2024,TRUE,4,0,0.0024,0.018,0.0014,0.0703
"MYTH","186330_NE",186330,"NE","Northern Region",55.95727,-122.58949,2025,TRUE,4,0,0.0016,0.0197,0.0015,0.0714
"MYTH","186330_NW",186330,"NW","Northern Region",55.94606,-122.65922,2017,FALSE,0,NA,NA,0.1612,0.0098,0.5982
"MYTH","186330_NW",186330,"NW","Northern Region",55.94606,-122.65922,2018,FALSE,0,NA,NA,0.0335,0.0016,0.1369
"MYTH","186330_NW",186330,"NW","Northern Region",55.94606,-122.65922,2019,FALSE,0,NA,NA,0.0184,3e-04,0.0863
"MYTH","186330_NW",186330,"NW","Northern Region",55.94606,-122.65922,2020,FALSE,0,NA,NA,0.0107,1e-04,0.0571
"MYTH","186330_NW",186330,"NW","Northern Region",55.94606,-122.65922,2021,FALSE,0,NA,NA,0.0101,5e-04,0.0417
"MYTH","186330_NW",186330,"NW","Northern Region",55.94606,-122.65922,2022,FALSE,0,NA,NA,0.0128,5e-04,0.0483
"MYTH","186330_NW",186330,"NW","Northern Region",55.94606,-122.65922,2023,FALSE,0,NA,NA,0.0086,3e-04,0.0375
"MYTH","186330_NW",186330,"NW","Northern Region",55.94606,-122.65922,2024,TRUE,3,0,0.0033,0.019,0.0021,0.0623
"MYTH","186330_NW",186330,"NW","Northern Region",55.94606,-122.65922,2025,TRUE,4,0,0.0018,0.0214,0.0027,0.0663
"MYTH","186490_NW",186490,"NW","Northern Region",54.754,-127.12678,2017,TRUE,4,0,0.0111,0.0464,0.0023,0.1923
"MYTH","186490_NW",186490,"NW","Northern Region",54.754,-127.12678,2018,TRUE,4,0,0.0024,0.0217,0.0012,0.081
"MYTH","186490_NW",186490,"NW","Northern Region",54.754,-127.12678,2019,TRUE,4,0,9e-04,0.0174,5e-04,0.0684
"MYTH","186490_NW",186490,"NW","Northern Region",54.754,-127.12678,2020,TRUE,4,0,0.0018,0.0135,2e-04,0.0589
"MYTH","186490_NW",186490,"NW","Northern Region",54.754,-127.12678,2021,TRUE,4,0,0.0018,0.0153,8e-04,0.0589
"MYTH","186490_NW",186490,"NW","Northern Region",54.754,-127.12678,2022,TRUE,4,0,0.0036,0.0196,0.001,0.0704
"MYTH","186490_NW",186490,"NW","Northern Region",54.754,-127.12678,2023,FALSE,0,NA,NA,0.0153,7e-04,0.061
"MYTH","186490_NW",186490,"NW","Northern Region",54.754,-127.12678,2024,TRUE,3,0,0.0071,0.0284,0.0028,0.0989
"MYTH","186490_NW",186490,"NW","Northern Region",54.754,-127.12678,2025,TRUE,4,0,0.0038,0.0338,0.0036,0.1136
"MYTH","186490_SE",186490,"SE","Northern Region",54.72257,-126.99742,2017,TRUE,4,0,0.0522,0.1048,0.0076,0.3931
"MYTH","186490_SE",186490,"SE","Northern Region",54.72257,-126.99742,2018,TRUE,4,0,0.0073,0.0273,0.0014,0.1061
"MYTH","186490_SE",186490,"SE","Northern Region",54.72257,-126.99742,2019,TRUE,4,0,0.0049,0.0168,3e-04,0.0726
"MYTH","186490_SE",186490,"SE","Northern Region",54.72257,-126.99742,2020,TRUE,4,0,0.0013,0.0107,1e-04,0.052
"MYTH","186490_SE",186490,"SE","Northern Region",54.72257,-126.99742,2021,TRUE,4,0,9e-04,0.0109,5e-04,0.044
"MYTH","186490_SE",186490,"SE","Northern Region",54.72257,-126.99742,2022,TRUE,4,0,0.0036,0.0138,6e-04,0.0504
"MYTH","186490_SE",186490,"SE","Northern Region",54.72257,-126.99742,2023,FALSE,0,NA,NA,0.0096,4e-04,0.041
"MYTH","186490_SE",186490,"SE","Northern Region",54.72257,-126.99742,2024,FALSE,0,NA,NA,0.0205,0.0023,0.0659
"MYTH","186490_SE",186490,"SE","Northern Region",54.72257,-126.99742,2025,FALSE,0,NA,NA,0.0235,0.003,0.0719
"MYTH","186490_SW",186490,"SW","Northern Region",54.72278,-127.05397,2017,TRUE,4,0,0.042,0.0975,0.0069,0.3711
"MYTH","186490_SW",186490,"SW","Northern Region",54.72278,-127.05397,2018,TRUE,4,0,0.0093,0.0345,0.0021,0.1303
"MYTH","186490_SW",186490,"SW","Northern Region",54.72278,-127.05397,2019,TRUE,4,0,0.0062,0.024,5e-04,0.0955
"MYTH","186490_SW",186490,"SW","Northern Region",54.72278,-127.05397,2020,TRUE,4,0,0.0022,0.0167,1e-04,0.0726
"MYTH","186490_SW",186490,"SW","Northern Region",54.72278,-127.05397,2021,TRUE,4,0,9e-04,0.016,7e-04,0.0627
"MYTH","186490_SW",186490,"SW","Northern Region",54.72278,-127.05397,2022,TRUE,4,0,0.0027,0.0195,9e-04,0.0718
"MYTH","186490_SW",186490,"SW","Northern Region",54.72278,-127.05397,2023,TRUE,4,0,2e-04,0.0144,5e-04,0.0584
"MYTH","186490_SW",186490,"SW","Northern Region",54.72278,-127.05397,2024,TRUE,4,0,0.0047,0.0261,0.0023,0.0873
"MYTH","186490_SW",186490,"SW","Northern Region",54.72278,-127.05397,2025,TRUE,4,0,0.0044,0.03,0.0031,0.0976
"MYTH","194666_NE",194666,"NE","Okanagan Region",50.23014,-119.32344,2017,TRUE,4,0,0.1816,0.7034,0.4216,0.9367
"MYTH","194666_NE",194666,"NE","Okanagan Region",50.23014,-119.32344,2018,FALSE,0,NA,NA,0.6327,0.3872,0.8499
"MYTH","194666_NE",194666,"NE","Okanagan Region",50.23014,-119.32344,2019,TRUE,4,0,0.0444,0.5996,0.3611,0.818
"MYTH","194666_NE",194666,"NE","Okanagan Region",50.23014,-119.32344,2020,TRUE,4,0,0.0176,0.5476,0.2892,0.7825
"MYTH","194666_NE",194666,"NE","Okanagan Region",50.23014,-119.32344,2021,TRUE,4,0,0.0056,0.4985,0.2456,0.7412
"MYTH","194666_NE",194666,"NE","Okanagan Region",50.23014,-119.32344,2022,FALSE,0,NA,NA,0.517,0.2794,0.7463
"MYTH","194666_NE",194666,"NE","Okanagan Region",50.23014,-119.32344,2023,TRUE,3,0,0.004,0.4773,0.2341,0.7172
"MYTH","194666_NE",194666,"NE","Okanagan Region",50.23014,-119.32344,2024,TRUE,3,0,0.054,0.5076,0.2538,0.7525
"MYTH","194666_NE",194666,"NE","Okanagan Region",50.23014,-119.32344,2025,FALSE,0,NA,NA,0.5211,0.2648,0.7609
"MYTH","194666_SW",194666,"SW","Okanagan Region",50.16915,-119.41081,2017,TRUE,4,0,0.2369,0.6199,0.1965,0.9641
"MYTH","194666_SW",194666,"SW","Okanagan Region",50.16915,-119.41081,2018,FALSE,0,NA,NA,0.5079,0.2047,0.7822
"MYTH","194666_SW",194666,"SW","Okanagan Region",50.16915,-119.41081,2019,TRUE,4,0,0.0533,0.461,0.2038,0.7188
"MYTH","194666_SW",194666,"SW","Okanagan Region",50.16915,-119.41081,2020,TRUE,4,0,0.0233,0.3998,0.1613,0.6549
"MYTH","194666_SW",194666,"SW","Okanagan Region",50.16915,-119.41081,2021,TRUE,3,0,0.0167,0.3475,0.13,0.5932
"MYTH","194666_SW",194666,"SW","Okanagan Region",50.16915,-119.41081,2022,TRUE,2,0,0.044,0.3671,0.1297,0.6072
"MYTH","194666_SW",194666,"SW","Okanagan Region",50.16915,-119.41081,2023,FALSE,0,NA,NA,0.3214,0.0962,0.571
"MYTH","194666_SW",194666,"SW","Okanagan Region",50.16915,-119.41081,2024,FALSE,0,NA,NA,0.368,0.1244,0.6272
"MYTH","194666_SW",194666,"SW","Okanagan Region",50.16915,-119.41081,2025,TRUE,4,0,0.0649,0.3919,0.1531,0.6487
"MYTH","20330_NE",20330,"NE","Kootenay Region",49.42454,-117.72865,2017,TRUE,4,0,0.0762,0.2909,0.0616,0.6037
"MYTH","20330_NE",20330,"NE","Kootenay Region",49.42454,-117.72865,2018,FALSE,0,NA,NA,0.2569,0.0812,0.5023
"MYTH","20330_NE",20330,"NE","Kootenay Region",49.42454,-117.72865,2019,TRUE,4,0,0.0396,0.2443,0.0907,0.4625
"MYTH","20330_NE",20330,"NE","Kootenay Region",49.42454,-117.72865,2020,TRUE,4,0,0.0273,0.2184,0.0795,0.4088
"MYTH","20330_NE",20330,"NE","Kootenay Region",49.42454,-117.72865,2021,FALSE,0,NA,NA,0.1965,0.0776,0.3657
"MYTH","20330_NE",20330,"NE","Kootenay Region",49.42454,-117.72865,2022,TRUE,3,0,0.0193,0.2147,0.0978,0.3678
"MYTH","20330_NE",20330,"NE","Kootenay Region",49.42454,-117.72865,2023,TRUE,4,0,0.0118,0.1944,0.0853,0.3425
"MYTH","20330_NE",20330,"NE","Kootenay Region",49.42454,-117.72865,2024,TRUE,4,0,0.0282,0.2266,0.1055,0.3896
"MYTH","20330_NE",20330,"NE","Kootenay Region",49.42454,-117.72865,2025,TRUE,4,0,0.0504,0.2481,0.1153,0.4253
"MYTH","20330_SE",20330,"SE","Kootenay Region",49.3813,-117.67793,2017,TRUE,4,0,0.0087,0.1853,0.0235,0.4758
"MYTH","20330_SE",20330,"SE","Kootenay Region",49.3813,-117.67793,2018,TRUE,4,0,0.0036,0.1805,0.0379,0.4314
"MYTH","20330_SE",20330,"SE","Kootenay Region",49.3813,-117.67793,2019,TRUE,4,0,0.0013,0.1829,0.046,0.4081
"MYTH","20330_SE",20330,"SE","Kootenay Region",49.3813,-117.67793,2020,TRUE,4,0,7e-04,0.1757,0.0472,0.3773
"MYTH","20330_SE",20330,"SE","Kootenay Region",49.3813,-117.67793,2021,FALSE,0,NA,NA,0.1735,0.0604,0.3559
"MYTH","20330_SE",20330,"SE","Kootenay Region",49.3813,-117.67793,2022,TRUE,3,0,0.0036,0.197,0.078,0.3659
"MYTH","20330_SE",20330,"SE","Kootenay Region",49.3813,-117.67793,2023,TRUE,4,0,0,0.1899,0.0749,0.3515
"MYTH","20330_SE",20330,"SE","Kootenay Region",49.3813,-117.67793,2024,TRUE,4,0,0.0024,0.2284,0.0982,0.4065
"MYTH","20330_SE",20330,"SE","Kootenay Region",49.3813,-117.67793,2025,TRUE,4,0,0.0044,0.2589,0.1127,0.4567
"MYTH","206394_NE",206394,"NE","Northern Region",53.63655,-132.05056,2017,FALSE,0,NA,NA,0.1305,0.0025,0.6048
"MYTH","206394_NE",206394,"NE","Northern Region",53.63655,-132.05056,2018,FALSE,0,NA,NA,0.0403,0.0014,0.1892
"MYTH","206394_NE",206394,"NE","Northern Region",53.63655,-132.05056,2019,FALSE,0,NA,NA,0.0254,4e-04,0.1276
"MYTH","206394_NE",206394,"NE","Northern Region",53.63655,-132.05056,2020,FALSE,0,NA,NA,0.0161,1e-04,0.085
"MYTH","206394_NE",206394,"NE","Northern Region",53.63655,-132.05056,2021,FALSE,0,NA,NA,0.0125,4e-04,0.0635
"MYTH","206394_NE",206394,"NE","Northern Region",53.63655,-132.05056,2022,TRUE,4,0,0.0016,0.0142,6e-04,0.0634
"MYTH","206394_NE",206394,"NE","Northern Region",53.63655,-132.05056,2023,TRUE,4,0,2e-04,0.0106,2e-04,0.0542
"MYTH","206394_NE",206394,"NE","Northern Region",53.63655,-132.05056,2024,TRUE,2,0,0.0078,0.0165,0.0013,0.0646
"MYTH","206394_NE",206394,"NE","Northern Region",53.63655,-132.05056,2025,TRUE,4,0,0.0033,0.0182,0.0014,0.0692
"MYTH","206394_NW",206394,"NW","Northern Region",53.6372,-132.16251,2017,FALSE,0,NA,NA,0.0389,6e-04,0.2181
"MYTH","206394_NW",206394,"NW","Northern Region",53.6372,-132.16251,2018,FALSE,0,NA,NA,0.017,3e-04,0.0842
"MYTH","206394_NW",206394,"NW","Northern Region",53.6372,-132.16251,2019,FALSE,0,NA,NA,0.0152,1e-04,0.0744
"MYTH","206394_NW",206394,"NW","Northern Region",53.6372,-132.16251,2020,FALSE,0,NA,NA,0.0127,0,0.0622
"MYTH","206394_NW",206394,"NW","Northern Region",53.6372,-132.16251,2021,FALSE,0,NA,NA,0.0171,8e-04,0.0735
"MYTH","206394_NW",206394,"NW","Northern Region",53.6372,-132.16251,2022,TRUE,4,0,0.0044,0.0215,7e-04,0.0869
"MYTH","206394_NW",206394,"NW","Northern Region",53.6372,-132.16251,2023,TRUE,4,0,9e-04,0.0177,7e-04,0.0781
"MYTH","206394_NW",206394,"NW","Northern Region",53.6372,-132.16251,2024,TRUE,4,0,0.006,0.0357,0.003,0.1411
"MYTH","206394_NW",206394,"NW","Northern Region",53.6372,-132.16251,2025,TRUE,4,0,0.008,0.0418,0.0037,0.1567
"MYTH","206394_SE",206394,"SE","Northern Region",53.60877,-131.99988,2017,FALSE,0,NA,NA,0.1901,0.0028,0.79
"MYTH","206394_SE",206394,"SE","Northern Region",53.60877,-131.99988,2018,FALSE,0,NA,NA,0.058,0.0019,0.2534
"MYTH","206394_SE",206394,"SE","Northern Region",53.60877,-131.99988,2019,FALSE,0,NA,NA,0.0366,6e-04,0.1767
"MYTH","206394_SE",206394,"SE","Northern Region",53.60877,-131.99988,2020,FALSE,0,NA,NA,0.0236,2e-04,0.1295
"MYTH","206394_SE",206394,"SE","Northern Region",53.60877,-131.99988,2021,FALSE,0,NA,NA,0.0179,5e-04,0.0887
"MYTH","206394_SE",206394,"SE","Northern Region",53.60877,-131.99988,2022,TRUE,4,0,0.0024,0.0195,7e-04,0.087
"MYTH","206394_SE",206394,"SE","Northern Region",53.60877,-131.99988,2023,TRUE,4,0,4e-04,0.0147,3e-04,0.0724
"MYTH","206394_SE",206394,"SE","Northern Region",53.60877,-131.99988,2024,TRUE,4,0,0.0016,0.021,0.0015,0.0806
"MYTH","206394_SE",206394,"SE","Northern Region",53.60877,-131.99988,2025,TRUE,4,0,0.0018,0.0228,0.0017,0.0849
"MYTH","206394_SW",206394,"SW","Northern Region",53.57324,-132.11579,2017,FALSE,0,NA,NA,0.0459,0.001,0.244
"MYTH","206394_SW",206394,"SW","Northern Region",53.57324,-132.11579,2018,FALSE,0,NA,NA,0.0178,6e-04,0.0829
"MYTH","206394_SW",206394,"SW","Northern Region",53.57324,-132.11579,2019,FALSE,0,NA,NA,0.0136,2e-04,0.0607
"MYTH","206394_SW",206394,"SW","Northern Region",53.57324,-132.11579,2020,FALSE,0,NA,NA,0.0101,1e-04,0.0481
"MYTH","206394_SW",206394,"SW","Northern Region",53.57324,-132.11579,2021,FALSE,0,NA,NA,0.0109,7e-04,0.0436
"MYTH","206394_SW",206394,"SW","Northern Region",53.57324,-132.11579,2022,TRUE,4,0,0.0022,0.0141,7e-04,0.051
"MYTH","206394_SW",206394,"SW","Northern Region",53.57324,-132.11579,2023,TRUE,4,0,4e-04,0.0111,6e-04,0.0443
"MYTH","206394_SW",206394,"SW","Northern Region",53.57324,-132.11579,2024,TRUE,4,0,0.0029,0.0209,0.0024,0.0711
"MYTH","206394_SW",206394,"SW","Northern Region",53.57324,-132.11579,2025,TRUE,4,0,0.0027,0.0247,0.0031,0.0814
"MYTH","20730_NE",20730,"NE","Northern Region",56.79525,-124.90059,2017,FALSE,0,NA,NA,0.3537,0.009,0.9534
"MYTH","20730_NE",20730,"NE","Northern Region",56.79525,-124.90059,2018,FALSE,0,NA,NA,0.0687,0.0021,0.3059
"MYTH","20730_NE",20730,"NE","Northern Region",56.79525,-124.90059,2019,FALSE,0,NA,NA,0.0364,3e-04,0.1977
"MYTH","20730_NE",20730,"NE","Northern Region",56.79525,-124.90059,2020,FALSE,0,NA,NA,0.021,0,0.1281
"MYTH","20730_NE",20730,"NE","Northern Region",56.79525,-124.90059,2021,FALSE,0,NA,NA,0.0158,3e-04,0.0869
"MYTH","20730_NE",20730,"NE","Northern Region",56.79525,-124.90059,2022,TRUE,3,0,0.0027,0.0176,4e-04,0.0872
"MYTH","20730_NE",20730,"NE","Northern Region",56.79525,-124.90059,2023,FALSE,0,NA,NA,0.0121,2e-04,0.0673
"MYTH","20730_NE",20730,"NE","Northern Region",56.79525,-124.90059,2024,TRUE,4,0,0.0033,0.0207,0.0011,0.0867
"MYTH","20730_NE",20730,"NE","Northern Region",56.79525,-124.90059,2025,TRUE,4,0,0.0053,0.022,0.0013,0.0899
"MYTH","20730_NW",20730,"NW","Northern Region",56.79948,-124.97614,2017,FALSE,0,NA,NA,0.2432,0.0101,0.8137
"MYTH","20730_NW",20730,"NW","Northern Region",56.79948,-124.97614,2018,FALSE,0,NA,NA,0.0381,0.0012,0.1847
"MYTH","20730_NW",20730,"NW","Northern Region",56.79948,-124.97614,2019,FALSE,0,NA,NA,0.0198,2e-04,0.1213
"MYTH","20730_NW",20730,"NW","Northern Region",56.79948,-124.97614,2020,FALSE,0,NA,NA,0.011,0,0.0668
"MYTH","20730_NW",20730,"NW","Northern Region",56.79948,-124.97614,2021,FALSE,0,NA,NA,0.0104,4e-04,0.0471
"MYTH","20730_NW",20730,"NW","Northern Region",56.79948,-124.97614,2022,TRUE,3,0,0.004,0.0131,3e-04,0.0553
"MYTH","20730_NW",20730,"NW","Northern Region",56.79948,-124.97614,2023,FALSE,0,NA,NA,0.0086,2e-04,0.0403
"MYTH","20730_NW",20730,"NW","Northern Region",56.79948,-124.97614,2024,TRUE,4,0,0.0036,0.0203,0.0017,0.0776
"MYTH","20730_NW",20730,"NW","Northern Region",56.79948,-124.97614,2025,TRUE,4,0,0.0069,0.0223,0.002,0.0789
"MYTH","20730_SE",20730,"SE","Northern Region",56.78457,-124.88544,2017,FALSE,0,NA,NA,0.0968,0.0074,0.3599
"MYTH","20730_SE",20730,"SE","Northern Region",56.78457,-124.88544,2018,FALSE,0,NA,NA,0.0269,0.0016,0.1013
"MYTH","20730_SE",20730,"SE","Northern Region",56.78457,-124.88544,2019,FALSE,0,NA,NA,0.017,4e-04,0.0703
"MYTH","20730_SE",20730,"SE","Northern Region",56.78457,-124.88544,2020,FALSE,0,NA,NA,0.011,1e-04,0.0504
"MYTH","20730_SE",20730,"SE","Northern Region",56.78457,-124.88544,2021,FALSE,0,NA,NA,0.0112,6e-04,0.043
"MYTH","20730_SE",20730,"SE","Northern Region",56.78457,-124.88544,2022,TRUE,3,0,0.0024,0.0143,7e-04,0.0505
"MYTH","20730_SE",20730,"SE","Northern Region",56.78457,-124.88544,2023,FALSE,0,NA,NA,0.01,5e-04,0.041
"MYTH","20730_SE",20730,"SE","Northern Region",56.78457,-124.88544,2024,TRUE,3,0,0.006,0.021,0.0025,0.0665
"MYTH","20730_SE",20730,"SE","Northern Region",56.78457,-124.88544,2025,TRUE,4,0,0.0056,0.0242,0.0032,0.0722
"MYTH","20730_SW",20730,"SW","Northern Region",56.76456,-124.98588,2017,FALSE,0,NA,NA,0.0956,0.0074,0.3536
"MYTH","20730_SW",20730,"SW","Northern Region",56.76456,-124.98588,2018,FALSE,0,NA,NA,0.026,0.0015,0.0982
"MYTH","20730_SW",20730,"SW","Northern Region",56.76456,-124.98588,2019,FALSE,0,NA,NA,0.0162,3e-04,0.0673
"MYTH","20730_SW",20730,"SW","Northern Region",56.76456,-124.98588,2020,FALSE,0,NA,NA,0.0103,1e-04,0.049
"MYTH","20730_SW",20730,"SW","Northern Region",56.76456,-124.98588,2021,FALSE,0,NA,NA,0.0104,6e-04,0.0402
"MYTH","20730_SW",20730,"SW","Northern Region",56.76456,-124.98588,2022,TRUE,3,0,0.0029,0.0133,6e-04,0.047
"MYTH","20730_SW",20730,"SW","Northern Region",56.76456,-124.98588,2023,FALSE,0,NA,NA,0.0093,4e-04,0.0383
"MYTH","20730_SW",20730,"SW","Northern Region",56.76456,-124.98588,2024,FALSE,0,NA,NA,0.0197,0.0024,0.0615
"MYTH","20730_SW",20730,"SW","Northern Region",56.76456,-124.98588,2025,TRUE,4,0,0.0058,0.0227,0.003,0.0674
"MYTH","212266_NE",212266,"NE","Okanagan Region",50.751409,-120.480005,2017,TRUE,4,1,1,0.854,0.6058,0.9849
"MYTH","212266_NE",212266,"NE","Okanagan Region",50.751409,-120.480005,2018,TRUE,4,1,1,0.736,0.4617,0.9227
"MYTH","212266_NE",212266,"NE","Okanagan Region",50.751409,-120.480005,2019,TRUE,4,1,1,0.6803,0.3736,0.9024
"MYTH","212266_NE",212266,"NE","Okanagan Region",50.751409,-120.480005,2020,TRUE,4,0,0.8247,0.6035,0.2415,0.8776
"MYTH","212266_NE",212266,"NE","Okanagan Region",50.751409,-120.480005,2021,TRUE,4,1,1,0.5325,0.1841,0.8467
"MYTH","212266_NE",212266,"NE","Okanagan Region",50.751409,-120.480005,2022,TRUE,4,1,1,0.5472,0.2244,0.8421
"MYTH","212266_NE",212266,"NE","Okanagan Region",50.751409,-120.480005,2023,TRUE,4,1,1,0.4926,0.1659,0.8182
"MYTH","212266_NE",212266,"NE","Okanagan Region",50.751409,-120.480005,2024,TRUE,3,1,1,0.5158,0.1969,0.8244
"MYTH","212266_NE",212266,"NE","Okanagan Region",50.751409,-120.480005,2025,TRUE,4,1,1,0.5166,0.1985,0.824
"MYTH","212266_NW",212266,"NW","Okanagan Region",50.777508,-120.5598176,2017,TRUE,4,1,1,0.7474,0.3187,0.9876
"MYTH","212266_NW",212266,"NW","Okanagan Region",50.777508,-120.5598176,2018,TRUE,4,1,1,0.5379,0.2597,0.7929
"MYTH","212266_NW",212266,"NW","Okanagan Region",50.777508,-120.5598176,2019,TRUE,4,1,1,0.4544,0.1996,0.7156
"MYTH","212266_NW",212266,"NW","Okanagan Region",50.777508,-120.5598176,2020,TRUE,3,0,0.4276,0.3609,0.1111,0.6434
"MYTH","212266_NW",212266,"NW","Okanagan Region",50.777508,-120.5598176,2021,TRUE,3,0,0.144,0.2905,0.0764,0.5622
"MYTH","212266_NW",212266,"NW","Okanagan Region",50.777508,-120.5598176,2022,FALSE,0,NA,NA,0.3121,0.0773,0.5855
"MYTH","212266_NW",212266,"NW","Okanagan Region",50.777508,-120.5598176,2023,TRUE,4,0,0.0473,0.2626,0.0559,0.5447
"MYTH","212266_NW",212266,"NW","Okanagan Region",50.777508,-120.5598176,2024,TRUE,3,0,0.2469,0.3206,0.0911,0.6205
"MYTH","212266_NW",212266,"NW","Okanagan Region",50.777508,-120.5598176,2025,TRUE,3,1,1,0.3452,0.1185,0.6345
"MYTH","212266_SE",212266,"SE","Okanagan Region",50.714878,-120.492405,2017,FALSE,0,NA,NA,0.6874,0.3766,0.9341
"MYTH","212266_SE",212266,"SE","Okanagan Region",50.714878,-120.492405,2018,TRUE,4,0,0.0256,0.6185,0.352,0.8394
"MYTH","212266_SE",212266,"SE","Okanagan Region",50.714878,-120.492405,2019,TRUE,3,0,0.008,0.5845,0.3352,0.8074
"MYTH","212266_SE",212266,"SE","Okanagan Region",50.714878,-120.492405,2020,TRUE,4,0,0.002,0.5347,0.2858,0.769
"MYTH","212266_SE",212266,"SE","Okanagan Region",50.714878,-120.492405,2021,TRUE,4,0,7e-04,0.4757,0.2148,0.7243
"MYTH","212266_SE",212266,"SE","Okanagan Region",50.714878,-120.492405,2022,TRUE,4,0,7e-04,0.4823,0.2475,0.7209
"MYTH","212266_SE",212266,"SE","Okanagan Region",50.714878,-120.492405,2023,TRUE,4,0,0.0038,0.4422,0.1928,0.6959
"MYTH","212266_SE",212266,"SE","Okanagan Region",50.714878,-120.492405,2024,TRUE,3,1,1,0.4569,0.2223,0.6952
"MYTH","212266_SE",212266,"SE","Okanagan Region",50.714878,-120.492405,2025,TRUE,4,0,0.1402,0.4591,0.2138,0.7037
"MYTH","212266_SW",212266,"SW","Okanagan Region",50.732357,-120.521811,2017,FALSE,0,NA,NA,0.7099,0.4223,0.9357
"MYTH","212266_SW",212266,"SW","Okanagan Region",50.732357,-120.521811,2018,TRUE,4,1,1,0.6321,0.3828,0.8393
"MYTH","212266_SW",212266,"SW","Okanagan Region",50.732357,-120.521811,2019,TRUE,4,1,1,0.5935,0.3583,0.8064
"MYTH","212266_SW",212266,"SW","Okanagan Region",50.732357,-120.521811,2020,TRUE,3,0,0.9704,0.5382,0.301,0.7668
"MYTH","212266_SW",212266,"SW","Okanagan Region",50.732357,-120.521811,2021,TRUE,2,1,1,0.4727,0.2172,0.718
"MYTH","212266_SW",212266,"SW","Okanagan Region",50.732357,-120.521811,2022,TRUE,4,1,1,0.4777,0.2471,0.7137
"MYTH","212266_SW",212266,"SW","Okanagan Region",50.732357,-120.521811,2023,TRUE,3,1,1,0.4341,0.1902,0.6888
"MYTH","212266_SW",212266,"SW","Okanagan Region",50.732357,-120.521811,2024,TRUE,4,1,1,0.4475,0.2191,0.6857
"MYTH","212266_SW",212266,"SW","Okanagan Region",50.732357,-120.521811,2025,TRUE,4,1,1,0.448,0.21,0.6938
"MYTH","212906_NW",212906,"NW","South Coastal Region",49.36971,-124.79984,2017,FALSE,0,NA,NA,0.0841,0.0059,0.3355
"MYTH","212906_NW",212906,"NW","South Coastal Region",49.36971,-124.79984,2018,TRUE,3,0,0.0189,0.0496,0.0026,0.1715
"MYTH","212906_NW",212906,"NW","South Coastal Region",49.36971,-124.79984,2019,TRUE,4,0,0.014,0.0474,0.0013,0.1709
"MYTH","212906_NW",212906,"NW","South Coastal Region",49.36971,-124.79984,2020,TRUE,4,0,0.0067,0.0399,6e-04,0.1456
"MYTH","212906_NW",212906,"NW","South Coastal Region",49.36971,-124.79984,2021,FALSE,0,NA,NA,0.0638,0.0096,0.1875
"MYTH","212906_NW",212906,"NW","South Coastal Region",49.36971,-124.79984,2022,TRUE,4,0,0.0091,0.0867,0.0099,0.2376
"MYTH","212906_NW",212906,"NW","South Coastal Region",49.36971,-124.79984,2023,TRUE,4,0,0.0018,0.0645,0.0093,0.188
"MYTH","212906_NW",212906,"NW","South Coastal Region",49.36971,-124.79984,2024,TRUE,3,0,0.0378,0.145,0.0325,0.3723
"MYTH","212906_NW",212906,"NW","South Coastal Region",49.36971,-124.79984,2025,TRUE,4,0,0.0231,0.1599,0.0401,0.3783
"MYTH","212906_SE",212906,"SE","South Coastal Region",49.35175,-124.74136,2017,FALSE,0,NA,NA,0.1211,0.0066,0.5258
"MYTH","212906_SE",212906,"SE","South Coastal Region",49.35175,-124.74136,2018,TRUE,3,0,0.0189,0.067,0.0057,0.212
"MYTH","212906_SE",212906,"SE","South Coastal Region",49.35175,-124.74136,2019,TRUE,4,0,0.0167,0.0608,0.0034,0.1988
"MYTH","212906_SE",212906,"SE","South Coastal Region",49.35175,-124.74136,2020,TRUE,4,0,0.0069,0.0509,0.0016,0.1757
"MYTH","212906_SE",212906,"SE","South Coastal Region",49.35175,-124.74136,2021,FALSE,0,NA,NA,0.0691,0.0083,0.2065
"MYTH","212906_SE",212906,"SE","South Coastal Region",49.35175,-124.74136,2022,TRUE,4,0,0.012,0.0942,0.0121,0.2689
"MYTH","212906_SE",212906,"SE","South Coastal Region",49.35175,-124.74136,2023,TRUE,4,0,0.0011,0.0717,0.0083,0.2125
"MYTH","212906_SE",212906,"SE","South Coastal Region",49.35175,-124.74136,2024,TRUE,4,0,0.0218,0.1404,0.0261,0.3772
"MYTH","212906_SE",212906,"SE","South Coastal Region",49.35175,-124.74136,2025,TRUE,4,0,0.0169,0.159,0.0322,0.3961
"MYTH","212906_SW",212906,"SW","South Coastal Region",49.33595,-124.7423,2017,FALSE,0,NA,NA,0.0549,0.0031,0.2249
"MYTH","212906_SW",212906,"SW","South Coastal Region",49.33595,-124.7423,2018,TRUE,3,0,0.0151,0.0491,0.0038,0.1652
"MYTH","212906_SW",212906,"SW","South Coastal Region",49.33595,-124.7423,2019,TRUE,4,0,0.0138,0.0509,0.0028,0.1642
"MYTH","212906_SW",212906,"SW","South Coastal Region",49.33595,-124.7423,2020,TRUE,4,0,0.0113,0.0453,0.0017,0.15
"MYTH","212906_SW",212906,"SW","South Coastal Region",49.33595,-124.7423,2021,FALSE,0,NA,NA,0.0681,0.0095,0.2031
"MYTH","212906_SW",212906,"SW","South Coastal Region",49.33595,-124.7423,2022,FALSE,0,NA,NA,0.0949,0.0146,0.2654
"MYTH","212906_SW",212906,"SW","South Coastal Region",49.33595,-124.7423,2023,TRUE,4,0,0.0053,0.0753,0.0112,0.2049
"MYTH","212906_SW",212906,"SW","South Coastal Region",49.33595,-124.7423,2024,TRUE,3,0,0.0431,0.1469,0.0325,0.3611
"MYTH","212906_SW",212906,"SW","South Coastal Region",49.33595,-124.7423,2025,TRUE,4,0,0.0336,0.171,0.0414,0.408
"MYTH","216746_NW",216746,"NW","South Coastal Region",49.10675,-125.78544,2017,FALSE,0,NA,NA,0.296,0.0053,0.9495
"MYTH","216746_NW",216746,"NW","South Coastal Region",49.10675,-125.78544,2018,TRUE,4,0,0.0502,0.0963,0.0054,0.368
"MYTH","216746_NW",216746,"NW","South Coastal Region",49.10675,-125.78544,2019,FALSE,0,NA,NA,0.0712,0.0019,0.2843
"MYTH","216746_NW",216746,"NW","South Coastal Region",49.10675,-125.78544,2020,FALSE,0,NA,NA,0.0532,7e-04,0.2217
"MYTH","216746_NW",216746,"NW","South Coastal Region",49.10675,-125.78544,2021,TRUE,4,0,0.0133,0.0573,0.0046,0.203
"MYTH","216746_NW",216746,"NW","South Coastal Region",49.10675,-125.78544,2022,TRUE,3,0,0.022,0.0745,0.0062,0.2421
"MYTH","216746_NW",216746,"NW","South Coastal Region",49.10675,-125.78544,2023,FALSE,0,NA,NA,0.0551,0.0031,0.2074
"MYTH","216746_NW",216746,"NW","South Coastal Region",49.10675,-125.78544,2024,TRUE,3,0,0.0384,0.1028,0.0135,0.3241
"MYTH","216746_NW",216746,"NW","South Coastal Region",49.10675,-125.78544,2025,TRUE,4,0,0.0369,0.113,0.0144,0.3348
"MYTH","216746_SE",216746,"SE","South Coastal Region",49.07768,-125.74644,2017,TRUE,4,0,0.004,0.0276,4e-04,0.1406
"MYTH","216746_SE",216746,"SE","South Coastal Region",49.07768,-125.74644,2018,FALSE,0,NA,NA,0.0251,9e-04,0.0962
"MYTH","216746_SE",216746,"SE","South Coastal Region",49.07768,-125.74644,2019,TRUE,4,0,0.0022,0.0281,7e-04,0.1084
"MYTH","216746_SE",216746,"SE","South Coastal Region",49.07768,-125.74644,2020,TRUE,3,0,0.004,0.0261,5e-04,0.1008
"MYTH","216746_SE",216746,"SE","South Coastal Region",49.07768,-125.74644,2021,TRUE,4,0,0.0024,0.043,0.005,0.1422
"MYTH","216746_SE",216746,"SE","South Coastal Region",49.07768,-125.74644,2022,TRUE,3,0,0.0024,0.0625,0.0074,0.1938
"MYTH","216746_SE",216746,"SE","South Coastal Region",49.07768,-125.74644,2023,TRUE,3,0,2e-04,0.0491,0.0056,0.1607
"MYTH","216746_SE",216746,"SE","South Coastal Region",49.07768,-125.74644,2024,TRUE,3,0,0.0109,0.1055,0.0174,0.3198
"MYTH","216746_SE",216746,"SE","South Coastal Region",49.07768,-125.74644,2025,TRUE,4,0,0.0067,0.1217,0.0199,0.3299
"MYTH","218282_SE",218282,"SE","Kootenay Region",50.13833,-117.55672,2017,FALSE,0,NA,NA,0.3007,0.0738,0.6006
"MYTH","218282_SE",218282,"SE","Kootenay Region",50.13833,-117.55672,2018,FALSE,0,NA,NA,0.2227,0.0497,0.4708
"MYTH","218282_SE",218282,"SE","Kootenay Region",50.13833,-117.55672,2019,FALSE,0,NA,NA,0.2021,0.0286,0.4501
"MYTH","218282_SE",218282,"SE","Kootenay Region",50.13833,-117.55672,2020,TRUE,4,0,0.0207,0.1733,0.0155,0.422
"MYTH","218282_SE",218282,"SE","Kootenay Region",50.13833,-117.55672,2021,TRUE,4,0,0.0031,0.1618,0.0207,0.4081
"MYTH","218282_SE",218282,"SE","Kootenay Region",50.13833,-117.55672,2022,TRUE,4,0,0.0116,0.1882,0.0232,0.4585
"MYTH","218282_SE",218282,"SE","Kootenay Region",50.13833,-117.55672,2023,FALSE,0,NA,NA,0.1669,0.017,0.4514
"MYTH","218282_SE",218282,"SE","Kootenay Region",50.13833,-117.55672,2024,TRUE,4,0,0.0151,0.2214,0.0397,0.5333
"MYTH","218282_SE",218282,"SE","Kootenay Region",50.13833,-117.55672,2025,TRUE,4,0,0.0242,0.2475,0.0532,0.5792
"MYTH","218282_SW",218282,"SW","Kootenay Region",50.15094,-117.6221,2017,FALSE,0,NA,NA,0.4488,0.1076,0.8459
"MYTH","218282_SW",218282,"SW","Kootenay Region",50.15094,-117.6221,2018,FALSE,0,NA,NA,0.373,0.1167,0.6731
"MYTH","218282_SW",218282,"SW","Kootenay Region",50.15094,-117.6221,2019,FALSE,0,NA,NA,0.3389,0.123,0.603
"MYTH","218282_SW",218282,"SW","Kootenay Region",50.15094,-117.6221,2020,TRUE,4,0,0.0298,0.2898,0.1041,0.5312
"MYTH","218282_SW",218282,"SW","Kootenay Region",50.15094,-117.6221,2021,TRUE,4,0,0.0036,0.2432,0.0796,0.4638
"MYTH","218282_SW",218282,"SW","Kootenay Region",50.15094,-117.6221,2022,TRUE,4,0,0.0049,0.2525,0.1019,0.4551
"MYTH","218282_SW",218282,"SW","Kootenay Region",50.15094,-117.6221,2023,TRUE,4,0,4e-04,0.2221,0.0802,0.4177
"MYTH","218282_SW",218282,"SW","Kootenay Region",50.15094,-117.6221,2024,TRUE,4,0,0.0062,0.2418,0.0989,0.433
"MYTH","218282_SW",218282,"SW","Kootenay Region",50.15094,-117.6221,2025,TRUE,4,0,0.0127,0.2517,0.1019,0.4421
"MYTH","219626_SW",219626,"SW","South Coastal Region",48.92819,-125.25,2017,FALSE,0,NA,NA,0.0312,6e-04,0.1477
"MYTH","219626_SW",219626,"SW","South Coastal Region",48.92819,-125.25,2018,FALSE,0,NA,NA,0.0249,0.001,0.0949
"MYTH","219626_SW",219626,"SW","South Coastal Region",48.92819,-125.25,2019,FALSE,0,NA,NA,0.0267,7e-04,0.1046
"MYTH","219626_SW",219626,"SW","South Coastal Region",48.92819,-125.25,2020,FALSE,0,NA,NA,0.0244,4e-04,0.0969
"MYTH","219626_SW",219626,"SW","South Coastal Region",48.92819,-125.25,2021,FALSE,0,NA,NA,0.0384,0.0041,0.1295
"MYTH","219626_SW",219626,"SW","South Coastal Region",48.92819,-125.25,2022,FALSE,0,NA,NA,0.0566,0.006,0.1851
"MYTH","219626_SW",219626,"SW","South Coastal Region",48.92819,-125.25,2023,FALSE,0,NA,NA,0.0435,0.0042,0.1507
"MYTH","219626_SW",219626,"SW","South Coastal Region",48.92819,-125.25,2024,TRUE,4,0,0.0198,0.0946,0.014,0.2915
"MYTH","219626_SW",219626,"SW","South Coastal Region",48.92819,-125.25,2025,TRUE,4,0,0.0136,0.1085,0.0166,0.3104
"MYTH","226090_NE",226090,"NE","Okanagan Region",50.10929,-120.45236,2017,FALSE,0,NA,NA,0.7384,0.29,0.9885
"MYTH","226090_NE",226090,"NE","Okanagan Region",50.10929,-120.45236,2018,FALSE,0,NA,NA,0.4806,0.1589,0.794
"MYTH","226090_NE",226090,"NE","Okanagan Region",50.10929,-120.45236,2019,TRUE,4,0,0.08,0.3912,0.0871,0.7253
"MYTH","226090_NE",226090,"NE","Okanagan Region",50.10929,-120.45236,2020,TRUE,2,0,0.0229,0.3031,0.0346,0.6597
"MYTH","226090_NE",226090,"NE","Okanagan Region",50.10929,-120.45236,2021,TRUE,3,0,0.0062,0.2416,0.0296,0.5966
"MYTH","226090_NE",226090,"NE","Okanagan Region",50.10929,-120.45236,2022,TRUE,2,0,0.0133,0.2601,0.0373,0.6004
"MYTH","226090_NE",226090,"NE","Okanagan Region",50.10929,-120.45236,2023,TRUE,3,0,0.0031,0.2162,0.0223,0.5767
"MYTH","226090_NE",226090,"NE","Okanagan Region",50.10929,-120.45236,2024,FALSE,0,NA,NA,0.2695,0.0546,0.6078
"MYTH","226090_NE",226090,"NE","Okanagan Region",50.10929,-120.45236,2025,TRUE,2,0,0.0733,0.2847,0.0669,0.6211
"MYTH","226090_NW",226090,"NW","Okanagan Region",50.0999,-120.50647,2017,FALSE,0,NA,NA,0.8646,0.617,0.9873
"MYTH","226090_NW",226090,"NW","Okanagan Region",50.0999,-120.50647,2018,TRUE,2,1,1,0.7056,0.4614,0.887
"MYTH","226090_NW",226090,"NW","Okanagan Region",50.0999,-120.50647,2019,TRUE,4,0,0.9858,0.6272,0.3802,0.8415
"MYTH","226090_NW",226090,"NW","Okanagan Region",50.0999,-120.50647,2020,TRUE,4,1,1,0.5274,0.2651,0.7807
"MYTH","226090_NW",226090,"NW","Okanagan Region",50.0999,-120.50647,2021,TRUE,4,1,1,0.4243,0.1601,0.7171
"MYTH","226090_NW",226090,"NW","Okanagan Region",50.0999,-120.50647,2022,TRUE,3,1,1,0.4269,0.1913,0.7027
"MYTH","226090_NW",226090,"NW","Okanagan Region",50.0999,-120.50647,2023,TRUE,4,0,0.4916,0.3637,0.1312,0.6513
"MYTH","226090_NW",226090,"NW","Okanagan Region",50.0999,-120.50647,2024,FALSE,0,NA,NA,0.3801,0.1652,0.651
"MYTH","226090_NW",226090,"NW","Okanagan Region",50.0999,-120.50647,2025,TRUE,3,1,1,0.3779,0.1642,0.6421
"MYTH","226090_SE",226090,"SE","Okanagan Region",50.07156,-120.42266,2017,FALSE,0,NA,NA,0.7958,0.3456,0.9945
"MYTH","226090_SE",226090,"SE","Okanagan Region",50.07156,-120.42266,2018,TRUE,2,0,0.1498,0.5102,0.1687,0.8204
"MYTH","226090_SE",226090,"SE","Okanagan Region",50.07156,-120.42266,2019,TRUE,4,0,0.054,0.4098,0.0894,0.7554
"MYTH","226090_SE",226090,"SE","Okanagan Region",50.07156,-120.42266,2020,TRUE,4,0,0.0089,0.3109,0.0353,0.6837
"MYTH","226090_SE",226090,"SE","Okanagan Region",50.07156,-120.42266,2021,TRUE,3,0,0.004,0.2437,0.03,0.6223
"MYTH","226090_SE",226090,"SE","Okanagan Region",50.07156,-120.42266,2022,TRUE,3,0,0.0149,0.2633,0.0392,0.6318
"MYTH","226090_SE",226090,"SE","Okanagan Region",50.07156,-120.42266,2023,FALSE,0,NA,NA,0.215,0.0228,0.6017
"MYTH","226090_SE",226090,"SE","Okanagan Region",50.07156,-120.42266,2024,FALSE,0,NA,NA,0.2713,0.0581,0.6355
"MYTH","226090_SE",226090,"SE","Okanagan Region",50.07156,-120.42266,2025,TRUE,2,0,0.0744,0.2868,0.0695,0.6433
"MYTH","230186_NE",230186,"NE","Okanagan Region",49.01457,-121.07198,2017,FALSE,0,NA,NA,0.5924,0.2181,0.9378
"MYTH","230186_NE",230186,"NE","Okanagan Region",49.01457,-121.07198,2018,TRUE,4,0,0.0591,0.4913,0.2118,0.7552
"MYTH","230186_NE",230186,"NE","Okanagan Region",49.01457,-121.07198,2019,TRUE,4,0,0.024,0.4483,0.2012,0.7059
"MYTH","230186_NE",230186,"NE","Okanagan Region",49.01457,-121.07198,2020,TRUE,4,0,0.0087,0.3933,0.1601,0.6509
"MYTH","230186_NE",230186,"NE","Okanagan Region",49.01457,-121.07198,2021,TRUE,4,0,0.0047,0.3393,0.1156,0.6012
"MYTH","230186_NE",230186,"NE","Okanagan Region",49.01457,-121.07198,2022,FALSE,0,NA,NA,0.353,0.1242,0.6024
"MYTH","230186_NE",230186,"NE","Okanagan Region",49.01457,-121.07198,2023,FALSE,0,NA,NA,0.3158,0.0866,0.5784
"MYTH","230186_NE",230186,"NE","Okanagan Region",49.01457,-121.07198,2024,TRUE,4,0,0.0462,0.3503,0.115,0.6169
"MYTH","230186_NE",230186,"NE","Okanagan Region",49.01457,-121.07198,2025,FALSE,0,NA,NA,0.3666,0.1195,0.639
"MYTH","230186_SE",230186,"SE","Okanagan Region",48.97511,-121.08329,2017,FALSE,0,NA,NA,0.4099,0.0255,0.9521
"MYTH","230186_SE",230186,"SE","Okanagan Region",48.97511,-121.08329,2018,TRUE,4,0,0.0598,0.3155,0.0401,0.7295
"MYTH","230186_SE",230186,"SE","Okanagan Region",48.97511,-121.08329,2019,TRUE,4,0,0.0284,0.2887,0.0397,0.6795
"MYTH","230186_SE",230186,"SE","Okanagan Region",48.97511,-121.08329,2020,TRUE,4,0,0.0151,0.2574,0.0295,0.6317
"MYTH","230186_SE",230186,"SE","Okanagan Region",48.97511,-121.08329,2021,TRUE,4,0,0.0051,0.243,0.0372,0.6004
"MYTH","230186_SE",230186,"SE","Okanagan Region",48.97511,-121.08329,2022,FALSE,0,NA,NA,0.2715,0.0411,0.6193
"MYTH","230186_SE",230186,"SE","Okanagan Region",48.97511,-121.08329,2023,TRUE,4,0,0.0062,0.2524,0.0319,0.5988
"MYTH","230186_SE",230186,"SE","Okanagan Region",48.97511,-121.08329,2024,TRUE,4,0,0.0578,0.309,0.0571,0.6645
"MYTH","230186_SE",230186,"SE","Okanagan Region",48.97511,-121.08329,2025,FALSE,0,NA,NA,0.3378,0.0693,0.7056
"MYTH","241002_NE",241002,"NE","Kootenay Region",51.03817,-118.1357,2017,TRUE,4,0,0.1662,0.334,0.0094,0.9654
"MYTH","241002_NE",241002,"NE","Kootenay Region",51.03817,-118.1357,2018,TRUE,3,0,0.0489,0.186,0.0163,0.5679
"MYTH","241002_NE",241002,"NE","Kootenay Region",51.03817,-118.1357,2019,TRUE,4,0,0.0331,0.1587,0.0114,0.4912
"MYTH","241002_NE",241002,"NE","Kootenay Region",51.03817,-118.1357,2020,TRUE,4,0,0.0176,0.129,0.0043,0.4257
"MYTH","241002_NE",241002,"NE","Kootenay Region",51.03817,-118.1357,2021,TRUE,4,0,0.0087,0.1291,0.0105,0.4063
"MYTH","241002_NE",241002,"NE","Kootenay Region",51.03817,-118.1357,2022,TRUE,4,0,0.0147,0.1579,0.0131,0.4388
"MYTH","241002_NE",241002,"NE","Kootenay Region",51.03817,-118.1357,2023,TRUE,4,0,0.0036,0.134,0.008,0.4141
"MYTH","241002_NE",241002,"NE","Kootenay Region",51.03817,-118.1357,2024,TRUE,4,0,0.0393,0.2011,0.0277,0.5378
"MYTH","241002_NE",241002,"NE","Kootenay Region",51.03817,-118.1357,2025,TRUE,4,0,0.0622,0.2239,0.0348,0.5642
"MYTH","241002_NW",241002,"NW","Kootenay Region",51.01597,-118.20292,2017,TRUE,4,0,0.0718,0.3806,0.0841,0.7941
"MYTH","241002_NW",241002,"NW","Kootenay Region",51.01597,-118.20292,2018,TRUE,4,0,0.0347,0.3465,0.1049,0.6647
"MYTH","241002_NW",241002,"NW","Kootenay Region",51.01597,-118.20292,2019,TRUE,4,0,0.0258,0.3342,0.1169,0.6298
"MYTH","241002_NW",241002,"NW","Kootenay Region",51.01597,-118.20292,2020,TRUE,4,0,0.0111,0.308,0.1035,0.5904
"MYTH","241002_NW",241002,"NW","Kootenay Region",51.01597,-118.20292,2021,TRUE,4,0,0.0024,0.2887,0.0961,0.5488
"MYTH","241002_NW",241002,"NW","Kootenay Region",51.01597,-118.20292,2022,TRUE,4,0,0.0036,0.3089,0.1195,0.5546
"MYTH","241002_NW",241002,"NW","Kootenay Region",51.01597,-118.20292,2023,TRUE,4,0,7e-04,0.2913,0.0994,0.5387
"MYTH","241002_NW",241002,"NW","Kootenay Region",51.01597,-118.20292,2024,TRUE,4,0,0.014,0.3221,0.1273,0.5705
"MYTH","241002_NW",241002,"NW","Kootenay Region",51.01597,-118.20292,2025,TRUE,4,0,0.0196,0.3431,0.1363,0.5979
"MYTH","243562_NE",243562,"NE","Kootenay Region",49.69966,-115.98498,2017,TRUE,4,0,0.1551,0.3743,0.0706,0.8168
"MYTH","243562_NE",243562,"NE","Kootenay Region",49.69966,-115.98498,2018,FALSE,0,NA,NA,0.2427,0.0444,0.5426
"MYTH","243562_NE",243562,"NE","Kootenay Region",49.69966,-115.98498,2019,TRUE,4,0,0.0376,0.21,0.0225,0.4976
"MYTH","243562_NE",243562,"NE","Kootenay Region",49.69966,-115.98498,2020,TRUE,4,0,0.0184,0.1716,0.0103,0.4593
"MYTH","243562_NE",243562,"NE","Kootenay Region",49.69966,-115.98498,2021,TRUE,3,0,0.018,0.163,0.0207,0.4361
"MYTH","243562_NE",243562,"NE","Kootenay Region",49.69966,-115.98498,2022,FALSE,0,NA,NA,0.1935,0.0215,0.4788
"MYTH","243562_NE",243562,"NE","Kootenay Region",49.69966,-115.98498,2023,TRUE,3,0,0.0053,0.1649,0.0187,0.4608
"MYTH","243562_NE",243562,"NE","Kootenay Region",49.69966,-115.98498,2024,TRUE,2,0,0.0531,0.2357,0.0456,0.5652
"MYTH","243562_NE",243562,"NE","Kootenay Region",49.69966,-115.98498,2025,TRUE,4,0,0.0342,0.2629,0.0647,0.5989
"MYTH","243562_SE",243562,"SE","Kootenay Region",49.65068,-115.94692,2017,TRUE,4,0,0.1244,0.2484,0.0317,0.6546
"MYTH","243562_SE",243562,"SE","Kootenay Region",49.65068,-115.94692,2018,FALSE,0,NA,NA,0.2105,0.0479,0.4998
"MYTH","243562_SE",243562,"SE","Kootenay Region",49.65068,-115.94692,2019,TRUE,4,0,0.1204,0.1984,0.0534,0.4484
"MYTH","243562_SE",243562,"SE","Kootenay Region",49.65068,-115.94692,2020,FALSE,0,NA,NA,0.1754,0.0447,0.3822
"MYTH","243562_SE",243562,"SE","Kootenay Region",49.65068,-115.94692,2021,TRUE,3,0,0.3082,0.1606,0.0482,0.3387
"MYTH","243562_SE",243562,"SE","Kootenay Region",49.65068,-115.94692,2022,TRUE,2,1,1,0.1818,0.066,0.3485
"MYTH","243562_SE",243562,"SE","Kootenay Region",49.65068,-115.94692,2023,TRUE,4,0,0.0209,0.1639,0.0516,0.3318
"MYTH","243562_SE",243562,"SE","Kootenay Region",49.65068,-115.94692,2024,FALSE,0,NA,NA,0.2034,0.0697,0.3979
"MYTH","243562_SE",243562,"SE","Kootenay Region",49.65068,-115.94692,2025,TRUE,4,0,0.0147,0.229,0.0822,0.4387
"MYTH","252394_NW",252394,"NW","South Coastal Region",48.79865,-125.16568,2017,FALSE,0,NA,NA,0.0619,0.003,0.2773
"MYTH","252394_NW",252394,"NW","South Coastal Region",48.79865,-125.16568,2018,FALSE,0,NA,NA,0.0327,0.0023,0.1085
"MYTH","252394_NW",252394,"NW","South Coastal Region",48.79865,-125.16568,2019,FALSE,0,NA,NA,0.0295,0.0013,0.1002
"MYTH","252394_NW",252394,"NW","South Coastal Region",48.79865,-125.16568,2020,FALSE,0,NA,NA,0.0244,6e-04,0.09
"MYTH","252394_NW",252394,"NW","South Coastal Region",48.79865,-125.16568,2021,FALSE,0,NA,NA,0.0336,0.0047,0.1028
"MYTH","252394_NW",252394,"NW","South Coastal Region",48.79865,-125.16568,2022,FALSE,0,NA,NA,0.0502,0.0065,0.1442
"MYTH","252394_NW",252394,"NW","South Coastal Region",48.79865,-125.16568,2023,FALSE,0,NA,NA,0.0369,0.0041,0.1159
"MYTH","252394_NW",252394,"NW","South Coastal Region",48.79865,-125.16568,2024,TRUE,4,0,0.0211,0.0808,0.0153,0.2282
"MYTH","252394_NW",252394,"NW","South Coastal Region",48.79865,-125.16568,2025,TRUE,4,0,0.0173,0.0932,0.0183,0.2438
"MYTH","26170_NE",26170,"NE","Northern Region",53.62052,-132.20883,2017,FALSE,0,NA,NA,0.098,0.002,0.4885
"MYTH","26170_NE",26170,"NE","Northern Region",53.62052,-132.20883,2018,FALSE,0,NA,NA,0.0347,0.0014,0.1509
"MYTH","26170_NE",26170,"NE","Northern Region",53.62052,-132.20883,2019,FALSE,0,NA,NA,0.0238,5e-04,0.113
"MYTH","26170_NE",26170,"NE","Northern Region",53.62052,-132.20883,2020,FALSE,0,NA,NA,0.0163,2e-04,0.0795
"MYTH","26170_NE",26170,"NE","Northern Region",53.62052,-132.20883,2021,FALSE,0,NA,NA,0.0141,7e-04,0.0624
"MYTH","26170_NE",26170,"NE","Northern Region",53.62052,-132.20883,2022,TRUE,4,0,0.0022,0.0168,9e-04,0.0649
"MYTH","26170_NE",26170,"NE","Northern Region",53.62052,-132.20883,2023,TRUE,4,0,2e-04,0.0129,5e-04,0.0558
"MYTH","26170_NE",26170,"NE","Northern Region",53.62052,-132.20883,2024,TRUE,3,0,0.0027,0.0209,0.0021,0.0721
"MYTH","26170_NE",26170,"NE","Northern Region",53.62052,-132.20883,2025,TRUE,4,0,0.004,0.024,0.0025,0.081
"MYTH","26170_NW",26170,"NW","Northern Region",53.60452,-132.28837,2017,FALSE,0,NA,NA,0.08,0.0019,0.3956
"MYTH","26170_NW",26170,"NW","Northern Region",53.60452,-132.28837,2018,FALSE,0,NA,NA,0.026,9e-04,0.1248
"MYTH","26170_NW",26170,"NW","Northern Region",53.60452,-132.28837,2019,FALSE,0,NA,NA,0.0176,3e-04,0.0873
"MYTH","26170_NW",26170,"NW","Northern Region",53.60452,-132.28837,2020,FALSE,0,NA,NA,0.0118,1e-04,0.0625
"MYTH","26170_NW",26170,"NW","Northern Region",53.60452,-132.28837,2021,FALSE,0,NA,NA,0.0108,5e-04,0.0485
"MYTH","26170_NW",26170,"NW","Northern Region",53.60452,-132.28837,2022,TRUE,3,0,0.0036,0.0133,6e-04,0.0533
"MYTH","26170_NW",26170,"NW","Northern Region",53.60452,-132.28837,2023,TRUE,4,0,0,0.0101,4e-04,0.0443
"MYTH","26170_NW",26170,"NW","Northern Region",53.60452,-132.28837,2024,FALSE,0,NA,NA,0.0181,0.0017,0.0656
"MYTH","26170_NW",26170,"NW","Northern Region",53.60452,-132.28837,2025,TRUE,4,0,0.0031,0.0208,0.002,0.0721
"MYTH","26170_SE",26170,"SE","Northern Region",53.58901,-132.17695,2017,FALSE,0,NA,NA,0.0694,0.0016,0.3575
"MYTH","26170_SE",26170,"SE","Northern Region",53.58901,-132.17695,2018,FALSE,0,NA,NA,0.0263,0.0011,0.1164
"MYTH","26170_SE",26170,"SE","Northern Region",53.58901,-132.17695,2019,FALSE,0,NA,NA,0.0186,4e-04,0.0861
"MYTH","26170_SE",26170,"SE","Northern Region",53.58901,-132.17695,2020,FALSE,0,NA,NA,0.013,2e-04,0.063
"MYTH","26170_SE",26170,"SE","Northern Region",53.58901,-132.17695,2021,FALSE,0,NA,NA,0.012,6e-04,0.0493
"MYTH","26170_SE",26170,"SE","Northern Region",53.58901,-132.17695,2022,TRUE,4,0,9e-04,0.0147,8e-04,0.0537
"MYTH","26170_SE",26170,"SE","Northern Region",53.58901,-132.17695,2023,TRUE,4,0,0,0.0114,5e-04,0.0462
"MYTH","26170_SE",26170,"SE","Northern Region",53.58901,-132.17695,2024,TRUE,4,0,0.0011,0.0194,0.0022,0.0662
"MYTH","26170_SE",26170,"SE","Northern Region",53.58901,-132.17695,2025,TRUE,4,0,0.0024,0.0226,0.0026,0.0745
"MYTH","26170_SW",26170,"SW","Northern Region",53.56895,-132.23042,2017,FALSE,0,NA,NA,0.0396,8e-04,0.2152
"MYTH","26170_SW",26170,"SW","Northern Region",53.56895,-132.23042,2018,FALSE,0,NA,NA,0.0214,6e-04,0.095
"MYTH","26170_SW",26170,"SW","Northern Region",53.56895,-132.23042,2019,FALSE,0,NA,NA,0.0195,2e-04,0.0881
"MYTH","26170_SW",26170,"SW","Northern Region",53.56895,-132.23042,2020,FALSE,0,NA,NA,0.0165,1e-04,0.0776
"MYTH","26170_SW",26170,"SW","Northern Region",53.56895,-132.23042,2021,FALSE,0,NA,NA,0.0217,0.0011,0.0933
"MYTH","26170_SW",26170,"SW","Northern Region",53.56895,-132.23042,2022,TRUE,4,0,0.004,0.0273,0.0011,0.108
"MYTH","26170_SW",26170,"SW","Northern Region",53.56895,-132.23042,2023,TRUE,4,0,0.0016,0.0227,9e-04,0.0926
"MYTH","26170_SW",26170,"SW","Northern Region",53.56895,-132.23042,2024,TRUE,4,0,0.0069,0.0427,0.0033,0.1599
"MYTH","26170_SW",26170,"SW","Northern Region",53.56895,-132.23042,2025,TRUE,4,0,0.0084,0.0508,0.0041,0.1833
"MYTH","265749_NE",265749,"NE","Okanagan Region",49.15892,-119.03758,2017,FALSE,0,NA,NA,0.6841,0.2169,0.9835
"MYTH","265749_NE",265749,"NE","Okanagan Region",49.15892,-119.03758,2018,TRUE,2,0,0.1327,0.3569,0.0358,0.7515
"MYTH","265749_NE",265749,"NE","Okanagan Region",49.15892,-119.03758,2019,TRUE,4,0,0.05,0.2992,0.0126,0.7021
"MYTH","265749_NE",265749,"NE","Okanagan Region",49.15892,-119.03758,2020,TRUE,4,0,0.0233,0.241,0.0047,0.6615
"MYTH","265749_NE",265749,"NE","Okanagan Region",49.15892,-119.03758,2021,TRUE,4,0,0.0304,0.242,0.0309,0.6315
"MYTH","265749_NE",265749,"NE","Okanagan Region",49.15892,-119.03758,2022,TRUE,4,0,0.2451,0.2817,0.0248,0.6912
"MYTH","265749_NE",265749,"NE","Okanagan Region",49.15892,-119.03758,2023,TRUE,4,1,1,0.2395,0.0309,0.6691
"MYTH","265749_NE",265749,"NE","Okanagan Region",49.15892,-119.03758,2024,FALSE,0,NA,NA,0.3512,0.086,0.7557
"MYTH","265749_NE",265749,"NE","Okanagan Region",49.15892,-119.03758,2025,FALSE,0,NA,NA,0.3665,0.1088,0.765
"MYTH","265749_NW",265749,"NW","Okanagan Region",49.16674,-119.10324,2017,FALSE,0,NA,NA,0.8696,0.5549,0.9958
"MYTH","265749_NW",265749,"NW","Okanagan Region",49.16674,-119.10324,2018,TRUE,2,0,0.9447,0.5486,0.2097,0.8351
"MYTH","265749_NW",265749,"NW","Okanagan Region",49.16674,-119.10324,2019,TRUE,4,1,1,0.4298,0.1189,0.7596
"MYTH","265749_NW",265749,"NW","Okanagan Region",49.16674,-119.10324,2020,TRUE,4,1,1,0.3123,0.051,0.6698
"MYTH","265749_NW",265749,"NW","Okanagan Region",49.16674,-119.10324,2021,TRUE,4,0,0.1416,0.2279,0.0325,0.5812
"MYTH","265749_NW",265749,"NW","Okanagan Region",49.16674,-119.10324,2022,TRUE,4,0,0.0749,0.2432,0.0435,0.5845
"MYTH","265749_NW",265749,"NW","Okanagan Region",49.16674,-119.10324,2023,TRUE,4,0,0.0147,0.1899,0.0254,0.5294
"MYTH","265749_NW",265749,"NW","Okanagan Region",49.16674,-119.10324,2024,TRUE,4,0,0.0384,0.2405,0.0535,0.5547
"MYTH","265749_NW",265749,"NW","Okanagan Region",49.16674,-119.10324,2025,TRUE,4,0,0.0536,0.2505,0.062,0.5532
"MYTH","265749_SE",265749,"SE","Okanagan Region",49.11153,-118.97698,2017,FALSE,0,NA,NA,0.7381,0.4657,0.9518
"MYTH","265749_SE",265749,"SE","Okanagan Region",49.11153,-118.97698,2018,TRUE,2,1,1,0.6199,0.3954,0.8198
"MYTH","265749_SE",265749,"SE","Okanagan Region",49.11153,-118.97698,2019,TRUE,4,1,1,0.5644,0.3446,0.7644
"MYTH","265749_SE",265749,"SE","Okanagan Region",49.11153,-118.97698,2020,TRUE,4,1,1,0.4902,0.2561,0.7138
"MYTH","265749_SE",265749,"SE","Okanagan Region",49.11153,-118.97698,2021,TRUE,4,1,1,0.4175,0.1921,0.6494
"MYTH","265749_SE",265749,"SE","Okanagan Region",49.11153,-118.97698,2022,TRUE,4,1,1,0.4307,0.2123,0.6598
"MYTH","265749_SE",265749,"SE","Okanagan Region",49.11153,-118.97698,2023,TRUE,4,1,1,0.3801,0.1629,0.618
"MYTH","265749_SE",265749,"SE","Okanagan Region",49.11153,-118.97698,2024,TRUE,4,1,1,0.413,0.1907,0.6636
"MYTH","265749_SE",265749,"SE","Okanagan Region",49.11153,-118.97698,2025,TRUE,4,1,1,0.4275,0.2025,0.6768
"MYTH","265749_SW",265749,"SW","Okanagan Region",49.11337,-119.05299,2017,FALSE,0,NA,NA,0.813,0.4805,0.9887
"MYTH","265749_SW",265749,"SW","Okanagan Region",49.11337,-119.05299,2018,TRUE,2,0,0.2102,0.4333,0.051,0.8324
"MYTH","265749_SW",265749,"SW","Okanagan Region",49.11337,-119.05299,2019,TRUE,4,0,0.0916,0.3516,0.0194,0.7984
"MYTH","265749_SW",265749,"SW","Okanagan Region",49.11337,-119.05299,2020,TRUE,4,0,0.0367,0.2751,0.0074,0.7652
"MYTH","265749_SW",265749,"SW","Okanagan Region",49.11337,-119.05299,2021,TRUE,3,0,0.0207,0.2523,0.0272,0.7442
"MYTH","265749_SW",265749,"SW","Okanagan Region",49.11337,-119.05299,2022,TRUE,4,0,0.0342,0.2874,0.0243,0.7654
"MYTH","265749_SW",265749,"SW","Okanagan Region",49.11337,-119.05299,2023,TRUE,4,0,0.0042,0.2381,0.0263,0.7525
"MYTH","265749_SW",265749,"SW","Okanagan Region",49.11337,-119.05299,2024,TRUE,4,0,0.0473,0.3368,0.0722,0.7896
"MYTH","265749_SW",265749,"SW","Okanagan Region",49.11337,-119.05299,2025,TRUE,4,0,0.0538,0.3494,0.0904,0.804
"MYTH","268521_NE",268521,"NE","Kootenay Region",49.49916,-115.03962,2017,FALSE,0,NA,NA,0.5232,0.1163,0.9165
"MYTH","268521_NE",268521,"NE","Kootenay Region",49.49916,-115.03962,2018,FALSE,0,NA,NA,0.411,0.1203,0.7293
"MYTH","268521_NE",268521,"NE","Kootenay Region",49.49916,-115.03962,2019,TRUE,4,0,0.0913,0.3632,0.1241,0.6571
"MYTH","268521_NE",268521,"NE","Kootenay Region",49.49916,-115.03962,2020,TRUE,4,0,0.0396,0.3007,0.088,0.587
"MYTH","268521_NE",268521,"NE","Kootenay Region",49.49916,-115.03962,2021,FALSE,0,NA,NA,0.2435,0.0672,0.51
"MYTH","268521_NE",268521,"NE","Kootenay Region",49.49916,-115.03962,2022,TRUE,4,0,0.0064,0.2557,0.086,0.5036
"MYTH","268521_NE",268521,"NE","Kootenay Region",49.49916,-115.03962,2023,TRUE,3,0,0.0031,0.2166,0.0598,0.4601
"MYTH","268521_NE",268521,"NE","Kootenay Region",49.49916,-115.03962,2024,TRUE,4,0,0.0142,0.2464,0.0809,0.4871
"MYTH","268521_NE",268521,"NE","Kootenay Region",49.49916,-115.03962,2025,TRUE,3,0,0.0253,0.2601,0.0896,0.4985
"MYTH","268521_NW",268521,"NW","Kootenay Region",49.48855,-115.09812,2017,FALSE,0,NA,NA,0.2585,0.0377,0.6486
"MYTH","268521_NW",268521,"NW","Kootenay Region",49.48855,-115.09812,2018,FALSE,0,NA,NA,0.2282,0.059,0.5195
"MYTH","268521_NW",268521,"NW","Kootenay Region",49.48855,-115.09812,2019,TRUE,4,0,0.094,0.219,0.0661,0.4584
"MYTH","268521_NW",268521,"NW","Kootenay Region",49.48855,-115.09812,2020,FALSE,0,NA,NA,0.1967,0.0587,0.4019
"MYTH","268521_NW",268521,"NW","Kootenay Region",49.48855,-115.09812,2021,TRUE,2,0,0.0316,0.1837,0.0672,0.3627
"MYTH","268521_NW",268521,"NW","Kootenay Region",49.48855,-115.09812,2022,TRUE,4,0,0.0298,0.2076,0.086,0.3784
"MYTH","268521_NW",268521,"NW","Kootenay Region",49.48855,-115.09812,2023,TRUE,4,0,0.0138,0.1897,0.07,0.3579
"MYTH","268521_NW",268521,"NW","Kootenay Region",49.48855,-115.09812,2024,TRUE,4,0,0.0384,0.2324,0.0913,0.4336
"MYTH","268521_NW",268521,"NW","Kootenay Region",49.48855,-115.09812,2025,TRUE,4,0,0.0669,0.2617,0.106,0.4728
"MYTH","268521_SE",268521,"SE","Kootenay Region",49.44083,-115.05634,2017,FALSE,0,NA,NA,0.6675,0.1057,0.9928
"MYTH","268521_SE",268521,"SE","Kootenay Region",49.44083,-115.05634,2018,FALSE,0,NA,NA,0.4592,0.1011,0.8225
"MYTH","268521_SE",268521,"SE","Kootenay Region",49.44083,-115.05634,2019,TRUE,4,0,0.1113,0.3819,0.0772,0.7465
"MYTH","268521_SE",268521,"SE","Kootenay Region",49.44083,-115.05634,2020,TRUE,4,0,0.0409,0.3021,0.0387,0.6859
"MYTH","268521_SE",268521,"SE","Kootenay Region",49.44083,-115.05634,2021,TRUE,2,0,0.0116,0.2425,0.027,0.6246
"MYTH","268521_SE",268521,"SE","Kootenay Region",49.44083,-115.05634,2022,TRUE,4,0,0.0076,0.2511,0.041,0.619
"MYTH","268521_SE",268521,"SE","Kootenay Region",49.44083,-115.05634,2023,TRUE,4,0,0.002,0.2114,0.0225,0.5902
"MYTH","268521_SE",268521,"SE","Kootenay Region",49.44083,-115.05634,2024,TRUE,4,0,0.0127,0.2356,0.0412,0.5857
"MYTH","268521_SE",268521,"SE","Kootenay Region",49.44083,-115.05634,2025,TRUE,4,0,0.0098,0.2396,0.0408,0.5825
"MYTH","269777_NW",269777,"NW","Northern Region",57.04083,-122.86281,2017,TRUE,4,0,0.0629,0.1392,0.0011,0.7918
"MYTH","269777_NW",269777,"NW","Northern Region",57.04083,-122.86281,2018,TRUE,4,0,0.0018,0.0178,2e-04,0.0955
"MYTH","269777_NW",269777,"NW","Northern Region",57.04083,-122.86281,2019,TRUE,3,0,0.0038,0.0126,0,0.0744
"MYTH","269777_NW",269777,"NW","Northern Region",57.04083,-122.86281,2020,TRUE,4,0,0.0018,0.0091,0,0.0552
"MYTH","269777_NW",269777,"NW","Northern Region",57.04083,-122.86281,2021,FALSE,0,NA,NA,0.0141,3e-04,0.0701
"MYTH","269777_NW",269777,"NW","Northern Region",57.04083,-122.86281,2022,FALSE,0,NA,NA,0.0169,2e-04,0.078
"MYTH","269777_NW",269777,"NW","Northern Region",57.04083,-122.86281,2023,FALSE,0,NA,NA,0.0122,1e-04,0.0619
"MYTH","269777_NW",269777,"NW","Northern Region",57.04083,-122.86281,2024,FALSE,0,NA,NA,0.0319,0.0015,0.1455
"MYTH","269777_NW",269777,"NW","Northern Region",57.04083,-122.86281,2025,FALSE,0,NA,NA,0.0347,0.0017,0.1527
"MYTH","269777_SW",269777,"SW","Northern Region",57.01497,-122.80521,2017,TRUE,4,0,0.0207,0.0715,0.0032,0.2965
"MYTH","269777_SW",269777,"SW","Northern Region",57.01497,-122.80521,2018,TRUE,4,0,0.0011,0.0194,8e-04,0.0785
"MYTH","269777_SW",269777,"SW","Northern Region",57.01497,-122.80521,2019,TRUE,4,0,0.0022,0.0136,2e-04,0.0598
"MYTH","269777_SW",269777,"SW","Northern Region",57.01497,-122.80521,2020,TRUE,4,0,9e-04,0.0096,0,0.0465
"MYTH","269777_SW",269777,"SW","Northern Region",57.01497,-122.80521,2021,FALSE,0,NA,NA,0.0122,6e-04,0.049
"MYTH","269777_SW",269777,"SW","Northern Region",57.01497,-122.80521,2022,FALSE,0,NA,NA,0.0157,6e-04,0.0585
"MYTH","269777_SW",269777,"SW","Northern Region",57.01497,-122.80521,2023,FALSE,0,NA,NA,0.0114,4e-04,0.0479
"MYTH","269777_SW",269777,"SW","Northern Region",57.01497,-122.80521,2024,FALSE,0,NA,NA,0.0257,0.0028,0.0881
"MYTH","269777_SW",269777,"SW","Northern Region",57.01497,-122.80521,2025,FALSE,0,NA,NA,0.0297,0.0036,0.096
"MYTH","271731_SW",271731,"SW","Kootenay Region",51.24146,-117.64962,2017,TRUE,4,0,0.058,0.2632,0.0403,0.636
"MYTH","271731_SW",271731,"SW","Kootenay Region",51.24146,-117.64962,2018,TRUE,3,0,0.03,0.2376,0.0598,0.5441
"MYTH","271731_SW",271731,"SW","Kootenay Region",51.24146,-117.64962,2019,TRUE,4,0,0.0231,0.23,0.0668,0.5125
"MYTH","271731_SW",271731,"SW","Kootenay Region",51.24146,-117.64962,2020,TRUE,4,0,0.0169,0.2105,0.0506,0.4559
"MYTH","271731_SW",271731,"SW","Kootenay Region",51.24146,-117.64962,2021,TRUE,4,0,0.0076,0.1981,0.0557,0.4183
"MYTH","271731_SW",271731,"SW","Kootenay Region",51.24146,-117.64962,2022,TRUE,4,0,0.0133,0.2191,0.0757,0.4218
"MYTH","271731_SW",271731,"SW","Kootenay Region",51.24146,-117.64962,2023,TRUE,4,0,0.0049,0.203,0.0597,0.4075
"MYTH","271731_SW",271731,"SW","Kootenay Region",51.24146,-117.64962,2024,TRUE,4,0,0.0193,0.239,0.0835,0.4501
"MYTH","271731_SW",271731,"SW","Kootenay Region",51.24146,-117.64962,2025,TRUE,4,0,0.0211,0.2631,0.0943,0.4874
"MYTH","273050_SE",273050,"SE","South Coastal Region",49.00511,-125.65145,2017,FALSE,0,NA,NA,0.0372,0.0013,0.1554
"MYTH","273050_SE",273050,"SE","South Coastal Region",49.00511,-125.65145,2018,TRUE,3,0,0.0182,0.0267,0.0014,0.0907
"MYTH","273050_SE",273050,"SE","South Coastal Region",49.00511,-125.65145,2019,FALSE,0,NA,NA,0.0275,0.0011,0.0968
"MYTH","273050_SE",273050,"SE","South Coastal Region",49.00511,-125.65145,2020,FALSE,0,NA,NA,0.0243,5e-04,0.0908
"MYTH","273050_SE",273050,"SE","South Coastal Region",49.00511,-125.65145,2021,FALSE,0,NA,NA,0.0369,0.005,0.1117
"MYTH","273050_SE",273050,"SE","South Coastal Region",49.00511,-125.65145,2022,FALSE,0,NA,NA,0.0549,0.0074,0.1601
"MYTH","273050_SE",273050,"SE","South Coastal Region",49.00511,-125.65145,2023,FALSE,0,NA,NA,0.0416,0.0052,0.1318
"MYTH","273050_SE",273050,"SE","South Coastal Region",49.00511,-125.65145,2024,TRUE,4,0,0.0336,0.0907,0.0181,0.2589
"MYTH","273050_SE",273050,"SE","South Coastal Region",49.00511,-125.65145,2025,TRUE,4,0,0.0347,0.1053,0.0204,0.2766
"MYTH","283586_NE",283586,"NE","Northern Region",54.3558,-128.5366,2017,FALSE,0,NA,NA,0.0384,8e-04,0.2041
"MYTH","283586_NE",283586,"NE","Northern Region",54.3558,-128.5366,2018,TRUE,2,0,0.0062,0.0162,3e-04,0.0783
"MYTH","283586_NE",283586,"NE","Northern Region",54.3558,-128.5366,2019,TRUE,3,0,0.0036,0.0145,1e-04,0.0691
"MYTH","283586_NE",283586,"NE","Northern Region",54.3558,-128.5366,2020,TRUE,4,0,0.0033,0.012,0,0.0581
"MYTH","283586_NE",283586,"NE","Northern Region",54.3558,-128.5366,2021,FALSE,0,NA,NA,0.0165,8e-04,0.0702
"MYTH","283586_NE",283586,"NE","Northern Region",54.3558,-128.5366,2022,FALSE,0,NA,NA,0.0208,7e-04,0.0847
"MYTH","283586_NE",283586,"NE","Northern Region",54.3558,-128.5366,2023,TRUE,3,0,0.0024,0.017,7e-04,0.0737
"MYTH","283586_NE",283586,"NE","Northern Region",54.3558,-128.5366,2024,TRUE,4,0,0.0122,0.0353,0.0031,0.1364
"MYTH","283586_NE",283586,"NE","Northern Region",54.3558,-128.5366,2025,TRUE,4,0,0.0076,0.0411,0.0037,0.151
"MYTH","283586_NW",283586,"NW","Northern Region",54.3321,-128.6266,2017,FALSE,0,NA,NA,0.0684,0.0024,0.3279
"MYTH","283586_NW",283586,"NW","Northern Region",54.3321,-128.6266,2018,TRUE,2,0,0.0091,0.0237,9e-04,0.1092
"MYTH","283586_NW",283586,"NW","Northern Region",54.3321,-128.6266,2019,TRUE,3,0,0.006,0.0176,2e-04,0.0843
"MYTH","283586_NW",283586,"NW","Northern Region",54.3321,-128.6266,2020,TRUE,4,0,0.0011,0.0129,1e-04,0.0661
"MYTH","283586_NW",283586,"NW","Northern Region",54.3321,-128.6266,2021,TRUE,3,0,0.0022,0.016,8e-04,0.0715
"MYTH","283586_NW",283586,"NW","Northern Region",54.3321,-128.6266,2022,TRUE,4,0,0.0036,0.0201,7e-04,0.0805
"MYTH","283586_NW",283586,"NW","Northern Region",54.3321,-128.6266,2023,TRUE,4,0,9e-04,0.0158,6e-04,0.0722
"MYTH","283586_NW",283586,"NW","Northern Region",54.3321,-128.6266,2024,TRUE,4,0,0.0116,0.0319,0.0028,0.1235
"MYTH","283586_NW",283586,"NW","Northern Region",54.3321,-128.6266,2025,TRUE,4,0,0.0084,0.0367,0.0036,0.1365
"MYTH","283586_SE",283586,"SE","Northern Region",54.31162,-128.54374,2017,FALSE,0,NA,NA,0.3052,0.0041,0.9504
"MYTH","283586_SE",283586,"SE","Northern Region",54.31162,-128.54374,2018,TRUE,2,0,0.042,0.0708,0.0017,0.3223
"MYTH","283586_SE",283586,"SE","Northern Region",54.31162,-128.54374,2019,TRUE,3,0,0.0153,0.0405,4e-04,0.211
"MYTH","283586_SE",283586,"SE","Northern Region",54.31162,-128.54374,2020,TRUE,4,0,0.0042,0.0241,1e-04,0.1484
"MYTH","283586_SE",283586,"SE","Northern Region",54.31162,-128.54374,2021,TRUE,3,0,0.0031,0.0176,3e-04,0.1018
"MYTH","283586_SE",283586,"SE","Northern Region",54.31162,-128.54374,2022,TRUE,4,0,0.0031,0.019,4e-04,0.0948
"MYTH","283586_SE",283586,"SE","Northern Region",54.31162,-128.54374,2023,TRUE,4,0,2e-04,0.0137,2e-04,0.0778
"MYTH","283586_SE",283586,"SE","Northern Region",54.31162,-128.54374,2024,TRUE,4,0,0.0062,0.0208,0.0011,0.0903
"MYTH","283586_SE",283586,"SE","Northern Region",54.31162,-128.54374,2025,TRUE,2,0,0.0109,0.022,0.0012,0.0926
"MYTH","283586_SW",283586,"SW","Northern Region",54.2946,-128.581,2017,FALSE,0,NA,NA,0.037,9e-04,0.1893
"MYTH","283586_SW",283586,"SW","Northern Region",54.2946,-128.581,2018,TRUE,2,0,0.0078,0.0165,3e-04,0.0755
"MYTH","283586_SW",283586,"SW","Northern Region",54.2946,-128.581,2019,TRUE,3,0,0.0044,0.015,1e-04,0.0689
"MYTH","283586_SW",283586,"SW","Northern Region",54.2946,-128.581,2020,TRUE,4,0,0.002,0.0126,0,0.0593
"MYTH","283586_SW",283586,"SW","Northern Region",54.2946,-128.581,2021,TRUE,4,0,0.0024,0.018,9e-04,0.0743
"MYTH","283586_SW",283586,"SW","Northern Region",54.2946,-128.581,2022,TRUE,4,0,0.0044,0.0225,8e-04,0.0901
"MYTH","283586_SW",283586,"SW","Northern Region",54.2946,-128.581,2023,TRUE,4,0,7e-04,0.0184,8e-04,0.0786
"MYTH","283586_SW",283586,"SW","Northern Region",54.2946,-128.581,2024,TRUE,4,0,0.0122,0.0388,0.0035,0.143
"MYTH","283586_SW",283586,"SW","Northern Region",54.2946,-128.581,2025,TRUE,4,0,0.0078,0.0452,0.0043,0.1607
"MYTH","294832_NE",294832,"NE","Northern Region",56.3348,-120.97877,2017,TRUE,4,0,0.0976,0.1911,0.0099,0.6899
"MYTH","294832_NE",294832,"NE","Northern Region",56.3348,-120.97877,2018,TRUE,4,0,0.0084,0.0449,0.0017,0.1917
"MYTH","294832_NE",294832,"NE","Northern Region",56.3348,-120.97877,2019,TRUE,2,0,0.0024,0.0252,3e-04,0.1279
"MYTH","294832_NE",294832,"NE","Northern Region",56.3348,-120.97877,2020,TRUE,2,0,0.002,0.0147,0,0.0811
"MYTH","294832_NE",294832,"NE","Northern Region",56.3348,-120.97877,2021,TRUE,4,0,9e-04,0.0112,4e-04,0.056
"MYTH","294832_NE",294832,"NE","Northern Region",56.3348,-120.97877,2022,TRUE,4,0,0.0018,0.0129,4e-04,0.0559
"MYTH","294832_NE",294832,"NE","Northern Region",56.3348,-120.97877,2023,FALSE,0,NA,NA,0.0087,2e-04,0.0446
"MYTH","294832_NE",294832,"NE","Northern Region",56.3348,-120.97877,2024,TRUE,4,0,0.0029,0.0164,0.0014,0.0578
"MYTH","294832_NE",294832,"NE","Northern Region",56.3348,-120.97877,2025,TRUE,4,0,0.0022,0.0181,0.0016,0.0631
"MYTH","294832_NW",294832,"NW","Northern Region",56.33264,-121.00747,2017,TRUE,4,0,0.0989,0.1413,0.0093,0.526
"MYTH","294832_NW",294832,"NW","Northern Region",56.33264,-121.00747,2018,TRUE,4,0,0.0184,0.037,0.0018,0.1489
"MYTH","294832_NW",294832,"NW","Northern Region",56.33264,-121.00747,2019,TRUE,4,0,0.0096,0.0217,3e-04,0.0992
"MYTH","294832_NW",294832,"NW","Northern Region",56.33264,-121.00747,2020,TRUE,4,0,0.0027,0.0132,1e-04,0.0677
"MYTH","294832_NW",294832,"NW","Northern Region",56.33264,-121.00747,2021,TRUE,4,0,0.002,0.0108,5e-04,0.0462
"MYTH","294832_NW",294832,"NW","Northern Region",56.33264,-121.00747,2022,TRUE,4,0,0.0042,0.0129,5e-04,0.0493
"MYTH","294832_NW",294832,"NW","Northern Region",56.33264,-121.00747,2023,FALSE,0,NA,NA,0.0087,3e-04,0.0404
"MYTH","294832_NW",294832,"NW","Northern Region",56.33264,-121.00747,2024,TRUE,4,0,0.0076,0.0175,0.0019,0.0577
"MYTH","294832_NW",294832,"NW","Northern Region",56.33264,-121.00747,2025,TRUE,4,0,0.0053,0.0197,0.0022,0.0632
"MYTH","294832_SE",294832,"SE","Northern Region",56.30206,-120.94608,2017,TRUE,4,0,0.0211,0.0546,0.0029,0.2202
"MYTH","294832_SE",294832,"SE","Northern Region",56.30206,-120.94608,2018,TRUE,4,0,0.0033,0.0183,8e-04,0.072
"MYTH","294832_SE",294832,"SE","Northern Region",56.30206,-120.94608,2019,FALSE,0,NA,NA,0.0131,2e-04,0.0542
"MYTH","294832_SE",294832,"SE","Northern Region",56.30206,-120.94608,2020,TRUE,4,0,0.0022,0.0093,1e-04,0.0449
"MYTH","294832_SE",294832,"SE","Northern Region",56.30206,-120.94608,2021,TRUE,4,0,7e-04,0.0106,6e-04,0.0421
"MYTH","294832_SE",294832,"SE","Northern Region",56.30206,-120.94608,2022,TRUE,3,0,0.0022,0.0138,6e-04,0.0491
"MYTH","294832_SE",294832,"SE","Northern Region",56.30206,-120.94608,2023,FALSE,0,NA,NA,0.0101,4e-04,0.0418
"MYTH","294832_SE",294832,"SE","Northern Region",56.30206,-120.94608,2024,TRUE,4,0,0.0058,0.0217,0.0026,0.0719
"MYTH","294832_SE",294832,"SE","Northern Region",56.30206,-120.94608,2025,FALSE,0,NA,NA,0.0253,0.0033,0.0787
"MYTH","294832_SW",294832,"SW","Northern Region",56.30496,-121.00198,2017,TRUE,4,0,0.0236,0.0474,0.0015,0.2222
"MYTH","294832_SW",294832,"SW","Northern Region",56.30496,-121.00198,2018,FALSE,0,NA,NA,0.0155,6e-04,0.0622
"MYTH","294832_SW",294832,"SW","Northern Region",56.30496,-121.00198,2019,TRUE,4,0,0.006,0.0117,2e-04,0.051
"MYTH","294832_SW",294832,"SW","Northern Region",56.30496,-121.00198,2020,TRUE,4,0,4e-04,0.0087,0,0.0425
"MYTH","294832_SW",294832,"SW","Northern Region",56.30496,-121.00198,2021,TRUE,4,0,0.002,0.0111,6e-04,0.0446
"MYTH","294832_SW",294832,"SW","Northern Region",56.30496,-121.00198,2022,TRUE,4,0,0.0029,0.0144,6e-04,0.0538
"MYTH","294832_SW",294832,"SW","Northern Region",56.30496,-121.00198,2023,FALSE,0,NA,NA,0.0108,4e-04,0.0472
"MYTH","294832_SW",294832,"SW","Northern Region",56.30496,-121.00198,2024,TRUE,4,0,0.0078,0.0236,0.0024,0.0818
"MYTH","294832_SW",294832,"SW","Northern Region",56.30496,-121.00198,2025,TRUE,4,0,0.0058,0.0277,0.0032,0.0942
"MYTH","317428_NE",317428,"NE","South Coastal Region",49.06292,-120.79944,2017,FALSE,0,NA,NA,0.1646,0.0028,0.8096
"MYTH","317428_NE",317428,"NE","South Coastal Region",49.06292,-120.79944,2018,TRUE,4,0,0.0196,0.0412,0.0011,0.1641
"MYTH","317428_NE",317428,"NE","South Coastal Region",49.06292,-120.79944,2019,TRUE,4,0,0.0169,0.0364,3e-04,0.1529
"MYTH","317428_NE",317428,"NE","South Coastal Region",49.06292,-120.79944,2020,TRUE,4,0,0.0102,0.0299,1e-04,0.1333
"MYTH","317428_NE",317428,"NE","South Coastal Region",49.06292,-120.79944,2021,TRUE,4,0,0.0078,0.0594,0.0049,0.2156
"MYTH","317428_NE",317428,"NE","South Coastal Region",49.06292,-120.79944,2022,TRUE,4,0,0.0111,0.0756,0.0045,0.2423
"MYTH","317428_NE",317428,"NE","South Coastal Region",49.06292,-120.79944,2023,TRUE,4,0,0.004,0.0499,0.0032,0.1695
"MYTH","317428_NE",317428,"NE","South Coastal Region",49.06292,-120.79944,2024,TRUE,4,0,0.0618,0.1421,0.0208,0.4141
"MYTH","317428_NE",317428,"NE","South Coastal Region",49.06292,-120.79944,2025,TRUE,4,1,1,0.1416,0.0255,0.3588
"MYTH","317428_NW",317428,"NW","South Coastal Region",49.06417,-120.90943,2017,FALSE,0,NA,NA,0.1899,0.0022,0.8907
"MYTH","317428_NW",317428,"NW","South Coastal Region",49.06417,-120.90943,2018,TRUE,4,0,0.0287,0.0676,0.0013,0.284
"MYTH","317428_NW",317428,"NW","South Coastal Region",49.06417,-120.90943,2019,TRUE,4,0,0.0204,0.0621,5e-04,0.2689
"MYTH","317428_NW",317428,"NW","South Coastal Region",49.06417,-120.90943,2020,TRUE,4,0,0.0149,0.0507,1e-04,0.2272
"MYTH","317428_NW",317428,"NW","South Coastal Region",49.06417,-120.90943,2021,TRUE,4,0,0.0176,0.0891,0.0046,0.3325
"MYTH","317428_NW",317428,"NW","South Coastal Region",49.06417,-120.90943,2022,TRUE,4,0,0.028,0.1095,0.0053,0.3783
"MYTH","317428_NW",317428,"NW","South Coastal Region",49.06417,-120.90943,2023,TRUE,4,0,0.0127,0.0777,0.003,0.2947
"MYTH","317428_NW",317428,"NW","South Coastal Region",49.06417,-120.90943,2024,TRUE,4,0,0.1104,0.1823,0.0193,0.5257
"MYTH","317428_NW",317428,"NW","South Coastal Region",49.06417,-120.90943,2025,TRUE,4,1,1,0.1834,0.024,0.4896
"MYTH","317428_SE",317428,"SE","South Coastal Region",49.06053,-120.77309,2017,FALSE,0,NA,NA,0.1483,0.0025,0.7725
"MYTH","317428_SE",317428,"SE","South Coastal Region",49.06053,-120.77309,2018,TRUE,4,0,0.0291,0.0412,0.001,0.1675
"MYTH","317428_SE",317428,"SE","South Coastal Region",49.06053,-120.77309,2019,TRUE,4,0,0.0282,0.0392,3e-04,0.1687
"MYTH","317428_SE",317428,"SE","South Coastal Region",49.06053,-120.77309,2020,TRUE,4,0,0.0133,0.0319,1e-04,0.1432
"MYTH","317428_SE",317428,"SE","South Coastal Region",49.06053,-120.77309,2021,TRUE,4,0,0.012,0.0651,0.0055,0.229
"MYTH","317428_SE",317428,"SE","South Coastal Region",49.06053,-120.77309,2022,TRUE,4,0,0.0278,0.081,0.0049,0.2586
"MYTH","317428_SE",317428,"SE","South Coastal Region",49.06053,-120.77309,2023,TRUE,4,0,0.0093,0.0548,0.0037,0.1837
"MYTH","317428_SE",317428,"SE","South Coastal Region",49.06053,-120.77309,2024,TRUE,4,0,0.0667,0.1531,0.0231,0.4331
"MYTH","317428_SE",317428,"SE","South Coastal Region",49.06053,-120.77309,2025,FALSE,0,NA,NA,0.1518,0.0288,0.3789
"MYTH","317428_SW",317428,"SW","South Coastal Region",49.04617,-120.85085,2017,FALSE,0,NA,NA,0.2928,0.0053,0.954
"MYTH","317428_SW",317428,"SW","South Coastal Region",49.04617,-120.85085,2018,TRUE,4,0,0.0302,0.0479,8e-04,0.2305
"MYTH","317428_SW",317428,"SW","South Coastal Region",49.04617,-120.85085,2019,TRUE,4,0,0.0191,0.0373,1e-04,0.1994
"MYTH","317428_SW",317428,"SW","South Coastal Region",49.04617,-120.85085,2020,TRUE,4,0,0.0091,0.0275,0,0.1515
"MYTH","317428_SW",317428,"SW","South Coastal Region",49.04617,-120.85085,2021,TRUE,4,0,0.0062,0.0462,0.0021,0.2037
"MYTH","317428_SW",317428,"SW","South Coastal Region",49.04617,-120.85085,2022,TRUE,4,0,0.0171,0.0615,0.0017,0.2486
"MYTH","317428_SW",317428,"SW","South Coastal Region",49.04617,-120.85085,2023,TRUE,4,0,0.0049,0.0378,8e-04,0.1669
"MYTH","317428_SW",317428,"SW","South Coastal Region",49.04617,-120.85085,2024,FALSE,0,NA,NA,0.111,0.0082,0.4149
"MYTH","317428_SW",317428,"SW","South Coastal Region",49.04617,-120.85085,2025,FALSE,0,NA,NA,0.1063,0.0088,0.3431
"MYTH","326072_NE",326072,"NE","South Coastal Region",49.09743,-122.51957,2017,TRUE,3,0,0.0102,0.0363,0.0012,0.1516
"MYTH","326072_NE",326072,"NE","South Coastal Region",49.09743,-122.51957,2018,TRUE,3,0,0.0053,0.0301,0.0019,0.097
"MYTH","326072_NE",326072,"NE","South Coastal Region",49.09743,-122.51957,2019,TRUE,3,0,0.0029,0.0319,0.0016,0.1003
"MYTH","326072_NE",326072,"NE","South Coastal Region",49.09743,-122.51957,2020,TRUE,4,0,9e-04,0.0288,0.001,0.0935
"MYTH","326072_NE",326072,"NE","South Coastal Region",49.09743,-122.51957,2021,TRUE,4,0,7e-04,0.0425,0.007,0.1131
"MYTH","326072_NE",326072,"NE","South Coastal Region",49.09743,-122.51957,2022,TRUE,4,0,0.0053,0.0625,0.0119,0.1521
"MYTH","326072_NE",326072,"NE","South Coastal Region",49.09743,-122.51957,2023,TRUE,4,0,0.0011,0.0496,0.0083,0.1298
"MYTH","326072_NE",326072,"NE","South Coastal Region",49.09743,-122.51957,2024,FALSE,0,NA,NA,0.1007,0.0281,0.2388
"MYTH","326072_NE",326072,"NE","South Coastal Region",49.09743,-122.51957,2025,FALSE,0,NA,NA,0.1206,0.0329,0.2794
"MYTH","326072_NW",326072,"NW","South Coastal Region",49.05235,-122.58989,2017,TRUE,4,0,0.0098,0.0393,0.0016,0.1599
"MYTH","326072_NW",326072,"NW","South Coastal Region",49.05235,-122.58989,2018,TRUE,3,0,0.006,0.0294,0.0019,0.0958
"MYTH","326072_NW",326072,"NW","South Coastal Region",49.05235,-122.58989,2019,TRUE,3,0,0.0044,0.0302,0.0014,0.0965
"MYTH","326072_NW",326072,"NW","South Coastal Region",49.05235,-122.58989,2020,TRUE,4,0,0.0011,0.0269,8e-04,0.0894
"MYTH","326072_NW",326072,"NW","South Coastal Region",49.05235,-122.58989,2021,TRUE,4,0,0.002,0.0385,0.0059,0.1054
"MYTH","326072_NW",326072,"NW","South Coastal Region",49.05235,-122.58989,2022,TRUE,4,0,0.0131,0.0574,0.0095,0.1461
"MYTH","326072_NW",326072,"NW","South Coastal Region",49.05235,-122.58989,2023,TRUE,3,0,0.0262,0.0444,0.0071,0.1214
"MYTH","326072_NW",326072,"NW","South Coastal Region",49.05235,-122.58989,2024,TRUE,4,1,1,0.0951,0.0251,0.233
"MYTH","326072_NW",326072,"NW","South Coastal Region",49.05235,-122.58989,2025,TRUE,4,0,0.1782,0.1125,0.0294,0.2568
"MYTH","326072_SE",326072,"SE","South Coastal Region",49.0144,-122.52755,2017,TRUE,4,0,0.0122,0.0413,0.0018,0.1654
"MYTH","326072_SE",326072,"SE","South Coastal Region",49.0144,-122.52755,2018,TRUE,3,0,0.0067,0.0305,0.0021,0.0966
"MYTH","326072_SE",326072,"SE","South Coastal Region",49.0144,-122.52755,2019,TRUE,3,0,0.0053,0.031,0.0015,0.0984
"MYTH","326072_SE",326072,"SE","South Coastal Region",49.0144,-122.52755,2020,TRUE,4,0,0.0018,0.0275,8e-04,0.0909
"MYTH","326072_SE",326072,"SE","South Coastal Region",49.0144,-122.52755,2021,TRUE,4,0,0.0011,0.0387,0.0061,0.1046
"MYTH","326072_SE",326072,"SE","South Coastal Region",49.0144,-122.52755,2022,TRUE,4,0,0.0111,0.0572,0.01,0.1449
"MYTH","326072_SE",326072,"SE","South Coastal Region",49.0144,-122.52755,2023,FALSE,0,NA,NA,0.0445,0.0074,0.1203
"MYTH","326072_SE",326072,"SE","South Coastal Region",49.0144,-122.52755,2024,FALSE,0,NA,NA,0.0944,0.026,0.2261
"MYTH","326072_SE",326072,"SE","South Coastal Region",49.0144,-122.52755,2025,FALSE,0,NA,NA,0.1121,0.0303,0.2542
"MYTH","326072_SW",326072,"SW","South Coastal Region",49.01082,-122.58104,2017,TRUE,4,0,0.0844,0.1662,0.006,0.7235
"MYTH","326072_SW",326072,"SW","South Coastal Region",49.01082,-122.58104,2018,TRUE,3,0,0.0209,0.0674,0.0052,0.2303
"MYTH","326072_SW",326072,"SW","South Coastal Region",49.01082,-122.58104,2019,TRUE,3,0,0.0102,0.0522,0.0024,0.1729
"MYTH","326072_SW",326072,"SW","South Coastal Region",49.01082,-122.58104,2020,TRUE,4,0,0.0036,0.0398,8e-04,0.1376
"MYTH","326072_SW",326072,"SW","South Coastal Region",49.01082,-122.58104,2021,TRUE,4,0,0.0029,0.0446,0.0057,0.1298
"MYTH","326072_SW",326072,"SW","South Coastal Region",49.01082,-122.58104,2022,TRUE,4,0,0.014,0.0612,0.0086,0.1665
"MYTH","326072_SW",326072,"SW","South Coastal Region",49.01082,-122.58104,2023,TRUE,4,0,0.0242,0.0448,0.0056,0.1358
"MYTH","326072_SW",326072,"SW","South Coastal Region",49.01082,-122.58104,2024,TRUE,4,1,1,0.0955,0.0209,0.2478
"MYTH","326072_SW",326072,"SW","South Coastal Region",49.01082,-122.58104,2025,TRUE,4,0,0.2073,0.1089,0.0239,0.2768
"MYTH","37274_NE",37274,"NE","Northern Region",53.08874,-119.20318,2017,FALSE,0,NA,NA,0.1641,0.0093,0.6218
"MYTH","37274_NE",37274,"NE","Northern Region",53.08874,-119.20318,2018,TRUE,4,0,0.0091,0.0299,6e-04,0.1494
"MYTH","37274_NE",37274,"NE","Northern Region",53.08874,-119.20318,2019,TRUE,3,0,0.0027,0.0168,1e-04,0.101
"MYTH","37274_NE",37274,"NE","Northern Region",53.08874,-119.20318,2020,TRUE,4,0,0.0011,0.0101,0,0.0684
"MYTH","37274_NE",37274,"NE","Northern Region",53.08874,-119.20318,2021,TRUE,4,0,0.0013,0.0095,2e-04,0.0521
"MYTH","37274_NE",37274,"NE","Northern Region",53.08874,-119.20318,2022,TRUE,3,0,0.0022,0.0116,2e-04,0.0548
"MYTH","37274_NE",37274,"NE","Northern Region",53.08874,-119.20318,2023,FALSE,0,NA,NA,0.0079,1e-04,0.045
"MYTH","37274_NE",37274,"NE","Northern Region",53.08874,-119.20318,2024,TRUE,3,0,0.0049,0.0171,9e-04,0.0723
"MYTH","37274_NE",37274,"NE","Northern Region",53.08874,-119.20318,2025,FALSE,0,NA,NA,0.0185,0.001,0.0751
"MYTH","37274_SE",37274,"SE","Northern Region",53.05051,-119.21418,2017,FALSE,0,NA,NA,0.1139,0.0078,0.4269
"MYTH","37274_SE",37274,"SE","Northern Region",53.05051,-119.21418,2018,TRUE,4,0,0.0184,0.0335,0.0015,0.1301
"MYTH","37274_SE",37274,"SE","Northern Region",53.05051,-119.21418,2019,TRUE,3,0,0.0096,0.0217,3e-04,0.093
"MYTH","37274_SE",37274,"SE","Northern Region",53.05051,-119.21418,2020,FALSE,0,NA,NA,0.0143,1e-04,0.0695
"MYTH","37274_SE",37274,"SE","Northern Region",53.05051,-119.21418,2021,TRUE,4,0,0.0047,0.0139,6e-04,0.059
"MYTH","37274_SE",37274,"SE","Northern Region",53.05051,-119.21418,2022,TRUE,3,0,0.0073,0.0172,6e-04,0.0662
"MYTH","37274_SE",37274,"SE","Northern Region",53.05051,-119.21418,2023,FALSE,0,NA,NA,0.0121,3e-04,0.0529
"MYTH","37274_SE",37274,"SE","Northern Region",53.05051,-119.21418,2024,TRUE,3,0,0.0138,0.0241,0.0023,0.0826
"MYTH","37274_SE",37274,"SE","Northern Region",53.05051,-119.21418,2025,FALSE,0,NA,NA,0.0275,0.0029,0.0897
"MYTH","37274_SW",37274,"SW","Northern Region",53.03564,-119.22895,2017,FALSE,0,NA,NA,0.0477,0.0014,0.2261
"MYTH","37274_SW",37274,"SW","Northern Region",53.03564,-119.22895,2018,TRUE,3,0,0.0042,0.0145,5e-04,0.0592
"MYTH","37274_SW",37274,"SW","Northern Region",53.03564,-119.22895,2019,TRUE,3,0,0.0016,0.011,1e-04,0.0475
"MYTH","37274_SW",37274,"SW","Northern Region",53.03564,-119.22895,2020,TRUE,4,0,4e-04,0.0081,0,0.0393
"MYTH","37274_SW",37274,"SW","Northern Region",53.03564,-119.22895,2021,TRUE,3,0,0.002,0.0109,5e-04,0.0451
"MYTH","37274_SW",37274,"SW","Northern Region",53.03564,-119.22895,2022,TRUE,3,0,0.002,0.0142,6e-04,0.0539
"MYTH","37274_SW",37274,"SW","Northern Region",53.03564,-119.22895,2023,FALSE,0,NA,NA,0.0107,4e-04,0.0464
"MYTH","37274_SW",37274,"SW","Northern Region",53.03564,-119.22895,2024,TRUE,3,0,0.0062,0.0239,0.0024,0.0836
"MYTH","37274_SW",37274,"SW","Northern Region",53.03564,-119.22895,2025,FALSE,0,NA,NA,0.0279,0.0032,0.0969
"MYTH","38442_NW",38442,"NW","Okanagan Region",51.51999,-122.28978,2017,FALSE,0,NA,NA,0.7544,0.4766,0.9479
"MYTH","38442_NW",38442,"NW","Okanagan Region",51.51999,-122.28978,2018,TRUE,3,1,1,0.6785,0.4374,0.8646
"MYTH","38442_NW",38442,"NW","Okanagan Region",51.51999,-122.28978,2019,FALSE,0,NA,NA,0.6396,0.4147,0.8306
"MYTH","38442_NW",38442,"NW","Okanagan Region",51.51999,-122.28978,2020,TRUE,4,1,1,0.5823,0.3419,0.7944
"MYTH","38442_NW",38442,"NW","Okanagan Region",51.51999,-122.28978,2021,TRUE,4,1,1,0.5147,0.2552,0.7494
"MYTH","38442_NW",38442,"NW","Okanagan Region",51.51999,-122.28978,2022,FALSE,0,NA,NA,0.5201,0.2961,0.7398
"MYTH","38442_NW",38442,"NW","Okanagan Region",51.51999,-122.28978,2023,TRUE,4,1,1,0.4753,0.2378,0.7132
"MYTH","38442_NW",38442,"NW","Okanagan Region",51.51999,-122.28978,2024,TRUE,4,1,1,0.4872,0.2677,0.7125
"MYTH","38442_NW",38442,"NW","Okanagan Region",51.51999,-122.28978,2025,TRUE,4,1,1,0.4865,0.2594,0.7126
"MYTH","38442_SW",38442,"SW","Okanagan Region",51.50238,-122.28992,2017,FALSE,0,NA,NA,0.7754,0.5075,0.9539
"MYTH","38442_SW",38442,"SW","Okanagan Region",51.50238,-122.28992,2018,TRUE,3,1,1,0.6964,0.4592,0.8751
"MYTH","38442_SW",38442,"SW","Okanagan Region",51.50238,-122.28992,2019,TRUE,4,0,0.99,0.6556,0.4289,0.843
"MYTH","38442_SW",38442,"SW","Okanagan Region",51.50238,-122.28992,2020,TRUE,4,1,1,0.5959,0.3437,0.8096
"MYTH","38442_SW",38442,"SW","Okanagan Region",51.50238,-122.28992,2021,TRUE,4,0,0.7602,0.5261,0.2574,0.7671
"MYTH","38442_SW",38442,"SW","Okanagan Region",51.50238,-122.28992,2022,TRUE,4,1,1,0.5311,0.3,0.7572
"MYTH","38442_SW",38442,"SW","Okanagan Region",51.50238,-122.28992,2023,TRUE,4,0,0.0753,0.4848,0.2405,0.7295
"MYTH","38442_SW",38442,"SW","Okanagan Region",51.50238,-122.28992,2024,TRUE,4,0,0.0642,0.4958,0.2668,0.7254
"MYTH","38442_SW",38442,"SW","Okanagan Region",51.50238,-122.28992,2025,FALSE,0,NA,NA,0.4939,0.2635,0.7268
"MYTH","42026_NE",42026,"NE","Northern Region",55.85527,-121.65345,2017,FALSE,0,NA,NA,0.1406,0.0094,0.5276
"MYTH","42026_NE",42026,"NE","Northern Region",55.85527,-121.65345,2018,FALSE,0,NA,NA,0.0341,0.0017,0.1338
"MYTH","42026_NE",42026,"NE","Northern Region",55.85527,-121.65345,2019,FALSE,0,NA,NA,0.0196,3e-04,0.0893
"MYTH","42026_NE",42026,"NE","Northern Region",55.85527,-121.65345,2020,FALSE,0,NA,NA,0.0118,1e-04,0.0591
"MYTH","42026_NE",42026,"NE","Northern Region",55.85527,-121.65345,2021,FALSE,0,NA,NA,0.0107,5e-04,0.0442
"MYTH","42026_NE",42026,"NE","Northern Region",55.85527,-121.65345,2022,TRUE,4,0,0.0038,0.0133,5e-04,0.0506
"MYTH","42026_NE",42026,"NE","Northern Region",55.85527,-121.65345,2023,FALSE,0,NA,NA,0.0091,3e-04,0.0411
"MYTH","42026_NE",42026,"NE","Northern Region",55.85527,-121.65345,2024,TRUE,4,0,0.0038,0.0187,0.002,0.0619
"MYTH","42026_NE",42026,"NE","Northern Region",55.85527,-121.65345,2025,TRUE,4,0,0.0042,0.0212,0.0025,0.0667
"MYTH","42026_NW",42026,"NW","Northern Region",55.83616,-121.71691,2017,FALSE,0,NA,NA,0.0985,0.0075,0.3616
"MYTH","42026_NW",42026,"NW","Northern Region",55.83616,-121.71691,2018,FALSE,0,NA,NA,0.0289,0.0015,0.1086
"MYTH","42026_NW",42026,"NW","Northern Region",55.83616,-121.71691,2019,FALSE,0,NA,NA,0.0184,4e-04,0.0764
"MYTH","42026_NW",42026,"NW","Northern Region",55.83616,-121.71691,2020,FALSE,0,NA,NA,0.012,1e-04,0.0576
"MYTH","42026_NW",42026,"NW","Northern Region",55.83616,-121.71691,2021,FALSE,0,NA,NA,0.0117,6e-04,0.0471
"MYTH","42026_NW",42026,"NW","Northern Region",55.83616,-121.71691,2022,TRUE,3,0,0.0076,0.0147,6e-04,0.0532
"MYTH","42026_NW",42026,"NW","Northern Region",55.83616,-121.71691,2023,FALSE,0,NA,NA,0.0104,4e-04,0.0444
"MYTH","42026_NW",42026,"NW","Northern Region",55.83616,-121.71691,2024,TRUE,4,0,0.0031,0.021,0.0023,0.0684
"MYTH","42026_NW",42026,"NW","Northern Region",55.83616,-121.71691,2025,TRUE,3,0,0.004,0.0241,0.003,0.0743
"MYTH","42026_SE",42026,"SE","Northern Region",55.81797,-121.66405,2017,FALSE,0,NA,NA,0.157,0.0097,0.5834
"MYTH","42026_SE",42026,"SE","Northern Region",55.81797,-121.66405,2018,FALSE,0,NA,NA,0.0359,0.0019,0.1438
"MYTH","42026_SE",42026,"SE","Northern Region",55.81797,-121.66405,2019,FALSE,0,NA,NA,0.02,4e-04,0.0891
"MYTH","42026_SE",42026,"SE","Northern Region",55.81797,-121.66405,2020,FALSE,0,NA,NA,0.0118,1e-04,0.0593
"MYTH","42026_SE",42026,"SE","Northern Region",55.81797,-121.66405,2021,FALSE,0,NA,NA,0.0105,5e-04,0.044
"MYTH","42026_SE",42026,"SE","Northern Region",55.81797,-121.66405,2022,TRUE,4,0,0.0033,0.0131,5e-04,0.049
"MYTH","42026_SE",42026,"SE","Northern Region",55.81797,-121.66405,2023,FALSE,0,NA,NA,0.0089,3e-04,0.0402
"MYTH","42026_SE",42026,"SE","Northern Region",55.81797,-121.66405,2024,TRUE,4,0,0.0029,0.0185,0.002,0.0608
"MYTH","42026_SE",42026,"SE","Northern Region",55.81797,-121.66405,2025,TRUE,4,0,0.0024,0.0209,0.0025,0.0657
"MYTH","42026_SW",42026,"SW","Northern Region",55.81131,-121.70131,2017,FALSE,0,NA,NA,0.1366,0.0091,0.5121
"MYTH","42026_SW",42026,"SW","Northern Region",55.81131,-121.70131,2018,FALSE,0,NA,NA,0.031,0.0016,0.1253
"MYTH","42026_SW",42026,"SW","Northern Region",55.81131,-121.70131,2019,FALSE,0,NA,NA,0.0172,3e-04,0.0813
"MYTH","42026_SW",42026,"SW","Northern Region",55.81131,-121.70131,2020,FALSE,0,NA,NA,0.01,1e-04,0.0511
"MYTH","42026_SW",42026,"SW","Northern Region",55.81131,-121.70131,2021,FALSE,0,NA,NA,0.0092,4e-04,0.0397
"MYTH","42026_SW",42026,"SW","Northern Region",55.81131,-121.70131,2022,TRUE,4,0,0.004,0.0116,5e-04,0.0441
"MYTH","42026_SW",42026,"SW","Northern Region",55.81131,-121.70131,2023,FALSE,0,NA,NA,0.0079,3e-04,0.0363
"MYTH","42026_SW",42026,"SW","Northern Region",55.81131,-121.70131,2024,TRUE,4,0,0.0044,0.0168,0.0018,0.0553
"MYTH","42026_SW",42026,"SW","Northern Region",55.81131,-121.70131,2025,TRUE,4,0,0.0033,0.0189,0.0021,0.0613
"MYTH","47210_NW",47210,"NW","Okanagan Region",49.84159,-119.9783,2017,FALSE,0,NA,NA,0.774,0.2994,0.9944
"MYTH","47210_NW",47210,"NW","Okanagan Region",49.84159,-119.9783,2018,FALSE,0,NA,NA,0.349,0.0289,0.7831
"MYTH","47210_NW",47210,"NW","Okanagan Region",49.84159,-119.9783,2019,FALSE,0,NA,NA,0.2814,0.0084,0.7368
"MYTH","47210_NW",47210,"NW","Okanagan Region",49.84159,-119.9783,2020,FALSE,0,NA,NA,0.2178,0.0029,0.6992
"MYTH","47210_NW",47210,"NW","Okanagan Region",49.84159,-119.9783,2021,FALSE,0,NA,NA,0.2182,0.0226,0.6621
"MYTH","47210_NW",47210,"NW","Okanagan Region",49.84159,-119.9783,2022,FALSE,0,NA,NA,0.2572,0.0187,0.6978
"MYTH","47210_NW",47210,"NW","Okanagan Region",49.84159,-119.9783,2023,TRUE,4,0,0.008,0.2095,0.0247,0.6735
"MYTH","47210_NW",47210,"NW","Okanagan Region",49.84159,-119.9783,2024,TRUE,4,0,0.0742,0.3266,0.0706,0.7542
"MYTH","47210_NW",47210,"NW","Okanagan Region",49.84159,-119.9783,2025,TRUE,4,0,0.0262,0.3337,0.0922,0.7585
"MYTH","47210_SE",47210,"SE","Okanagan Region",49.79638,-119.86985,2017,FALSE,0,NA,NA,0.7251,0.3246,0.9804
"MYTH","47210_SE",47210,"SE","Okanagan Region",49.79638,-119.86985,2018,FALSE,0,NA,NA,0.4142,0.0839,0.7469
"MYTH","47210_SE",47210,"SE","Okanagan Region",49.79638,-119.86985,2019,FALSE,0,NA,NA,0.3322,0.0319,0.6911
"MYTH","47210_SE",47210,"SE","Okanagan Region",49.79638,-119.86985,2020,FALSE,0,NA,NA,0.2561,0.0124,0.6347
"MYTH","47210_SE",47210,"SE","Okanagan Region",49.79638,-119.86985,2021,FALSE,0,NA,NA,0.2244,0.0309,0.589
"MYTH","47210_SE",47210,"SE","Okanagan Region",49.79638,-119.86985,2022,FALSE,0,NA,NA,0.2575,0.0279,0.6272
"MYTH","47210_SE",47210,"SE","Okanagan Region",49.79638,-119.86985,2023,TRUE,4,0,0.0067,0.2161,0.0299,0.5916
"MYTH","47210_SE",47210,"SE","Okanagan Region",49.79638,-119.86985,2024,TRUE,4,0,0.0527,0.3038,0.0755,0.6738
"MYTH","47210_SE",47210,"SE","Okanagan Region",49.79638,-119.86985,2025,TRUE,4,0,0.0182,0.3258,0.1005,0.6794
"MYTH","47210_SW",47210,"SW","Okanagan Region",49.79097,-119.95267,2017,FALSE,0,NA,NA,0.7942,0.3694,0.9931
"MYTH","47210_SW",47210,"SW","Okanagan Region",49.79097,-119.95267,2018,FALSE,0,NA,NA,0.5064,0.2118,0.7804
"MYTH","47210_SW",47210,"SW","Okanagan Region",49.79097,-119.95267,2019,FALSE,0,NA,NA,0.4036,0.1292,0.7029
"MYTH","47210_SW",47210,"SW","Okanagan Region",49.79097,-119.95267,2020,FALSE,0,NA,NA,0.3012,0.0579,0.6242
"MYTH","47210_SW",47210,"SW","Okanagan Region",49.79097,-119.95267,2021,FALSE,0,NA,NA,0.2361,0.0452,0.5331
"MYTH","47210_SW",47210,"SW","Okanagan Region",49.79097,-119.95267,2022,FALSE,0,NA,NA,0.2627,0.0467,0.5598
"MYTH","47210_SW",47210,"SW","Okanagan Region",49.79097,-119.95267,2023,TRUE,4,0,0.0082,0.2139,0.0372,0.5188
"MYTH","47210_SW",47210,"SW","Okanagan Region",49.79097,-119.95267,2024,FALSE,0,NA,NA,0.285,0.0746,0.5965
"MYTH","47210_SW",47210,"SW","Okanagan Region",49.79097,-119.95267,2025,TRUE,4,0,0.0229,0.3096,0.1,0.6072
"MYTH","47322_NE",47322,"NE","Northern Region",55.69808,-120.43213,2017,TRUE,4,0,0.0256,0.0705,0.0032,0.2927
"MYTH","47322_NE",47322,"NE","Northern Region",55.69808,-120.43213,2018,TRUE,4,0,0.0027,0.0153,6e-04,0.064
"MYTH","47322_NE",47322,"NE","Northern Region",55.69808,-120.43213,2019,TRUE,4,0,0.002,0.0107,1e-04,0.0498
"MYTH","47322_NE",47322,"NE","Northern Region",55.69808,-120.43213,2020,TRUE,4,0,9e-04,0.0076,0,0.0371
"MYTH","47322_NE",47322,"NE","Northern Region",55.69808,-120.43213,2021,TRUE,4,0,7e-04,0.0107,6e-04,0.0439
"MYTH","47322_NE",47322,"NE","Northern Region",55.69808,-120.43213,2022,TRUE,4,0,9e-04,0.0138,5e-04,0.0504
"MYTH","47322_NE",47322,"NE","Northern Region",55.69808,-120.43213,2023,FALSE,0,NA,NA,0.0098,4e-04,0.041
"MYTH","47322_NE",47322,"NE","Northern Region",55.69808,-120.43213,2024,TRUE,4,0,0.0071,0.0245,0.0028,0.0843
"MYTH","47322_NE",47322,"NE","Northern Region",55.69808,-120.43213,2025,TRUE,4,0,0.0049,0.0279,0.0035,0.0906
"MYTH","47322_NW",47322,"NW","Northern Region",55.70016,-120.48989,2017,TRUE,4,0,0.0193,0.0576,0.0033,0.2236
"MYTH","47322_NW",47322,"NW","Northern Region",55.70016,-120.48989,2018,FALSE,0,NA,NA,0.0178,9e-04,0.0678
"MYTH","47322_NW",47322,"NW","Northern Region",55.70016,-120.48989,2019,TRUE,4,0,0.0038,0.0126,2e-04,0.0536
"MYTH","47322_NW",47322,"NW","Northern Region",55.70016,-120.48989,2020,TRUE,4,0,0.0016,0.0089,1e-04,0.0411
"MYTH","47322_NW",47322,"NW","Northern Region",55.70016,-120.48989,2021,TRUE,4,0,9e-04,0.0108,7e-04,0.0418
"MYTH","47322_NW",47322,"NW","Northern Region",55.70016,-120.48989,2022,TRUE,4,0,0.0016,0.0141,7e-04,0.0485
"MYTH","47322_NW",47322,"NW","Northern Region",55.70016,-120.48989,2023,FALSE,0,NA,NA,0.0103,5e-04,0.0407
"MYTH","47322_NW",47322,"NW","Northern Region",55.70016,-120.48989,2024,TRUE,4,0,0.0069,0.0224,0.0028,0.071
"MYTH","47322_NW",47322,"NW","Northern Region",55.70016,-120.48989,2025,FALSE,0,NA,NA,0.0262,0.0035,0.0794
"MYTH","47322_SE",47322,"SE","Northern Region",55.64597,-120.40102,2017,TRUE,4,0,0.0249,0.0581,0.0022,0.2637
"MYTH","47322_SE",47322,"SE","Northern Region",55.64597,-120.40102,2018,TRUE,4,0,0.0027,0.0138,5e-04,0.0577
"MYTH","47322_SE",47322,"SE","Northern Region",55.64597,-120.40102,2019,TRUE,4,0,0.0016,0.0103,1e-04,0.0465
"MYTH","47322_SE",47322,"SE","Northern Region",55.64597,-120.40102,2020,TRUE,2,0,0.002,0.0077,0,0.0367
"MYTH","47322_SE",47322,"SE","Northern Region",55.64597,-120.40102,2021,FALSE,0,NA,NA,0.0113,6e-04,0.0458
"MYTH","47322_SE",47322,"SE","Northern Region",55.64597,-120.40102,2022,TRUE,4,0,0.0022,0.0145,5e-04,0.0532
"MYTH","47322_SE",47322,"SE","Northern Region",55.64597,-120.40102,2023,FALSE,0,NA,NA,0.0106,4e-04,0.0438
"MYTH","47322_SE",47322,"SE","Northern Region",55.64597,-120.40102,2024,FALSE,0,NA,NA,0.0261,0.0029,0.0918
"MYTH","47322_SE",47322,"SE","Northern Region",55.64597,-120.40102,2025,FALSE,0,NA,NA,0.0299,0.0037,0.0997
"MYTH","47322_SW",47322,"SW","Northern Region",55.65446,-120.49465,2017,TRUE,4,0,0.0429,0.1142,0.0084,0.4321
"MYTH","47322_SW",47322,"SW","Northern Region",55.65446,-120.49465,2018,TRUE,4,0,0.0038,0.0274,0.0015,0.1044
"MYTH","47322_SW",47322,"SW","Northern Region",55.65446,-120.49465,2019,TRUE,2,0,0.0024,0.0163,3e-04,0.0718
"MYTH","47322_SW",47322,"SW","Northern Region",55.65446,-120.49465,2020,TRUE,4,0,0.0011,0.01,1e-04,0.0492
"MYTH","47322_SW",47322,"SW","Northern Region",55.65446,-120.49465,2021,TRUE,4,0,2e-04,0.0101,6e-04,0.0396
"MYTH","47322_SW",47322,"SW","Northern Region",55.65446,-120.49465,2022,TRUE,4,0,0.0018,0.013,6e-04,0.0465
"MYTH","47322_SW",47322,"SW","Northern Region",55.65446,-120.49465,2023,FALSE,0,NA,NA,0.009,4e-04,0.0375
"MYTH","47322_SW",47322,"SW","Northern Region",55.65446,-120.49465,2024,TRUE,4,0,0.0029,0.0197,0.0024,0.0622
"MYTH","47322_SW",47322,"SW","Northern Region",55.65446,-120.49465,2025,TRUE,3,0,0.0049,0.0225,0.003,0.0666
"MYTH","57322_NE",57322,"NE","South Coastal Region",49.09454,-122.09881,2017,TRUE,4,0,0.0091,0.032,7e-04,0.1485
"MYTH","57322_NE",57322,"NE","South Coastal Region",49.09454,-122.09881,2018,TRUE,2,0,0.0062,0.0272,0.0014,0.0905
"MYTH","57322_NE",57322,"NE","South Coastal Region",49.09454,-122.09881,2019,TRUE,4,0,0.0042,0.0294,0.0012,0.0972
"MYTH","57322_NE",57322,"NE","South Coastal Region",49.09454,-122.09881,2020,TRUE,4,0,0.0031,0.0269,8e-04,0.0916
"MYTH","57322_NE",57322,"NE","South Coastal Region",49.09454,-122.09881,2021,TRUE,4,0,0.0024,0.0413,0.0064,0.1168
"MYTH","57322_NE",57322,"NE","South Coastal Region",49.09454,-122.09881,2022,TRUE,3,0,0.0078,0.0609,0.0102,0.1612
"MYTH","57322_NE",57322,"NE","South Coastal Region",49.09454,-122.09881,2023,TRUE,4,0,0.0024,0.0484,0.0075,0.1359
"MYTH","57322_NE",57322,"NE","South Coastal Region",49.09454,-122.09881,2024,FALSE,0,NA,NA,0.1,0.0237,0.2566
"MYTH","57322_NE",57322,"NE","South Coastal Region",49.09454,-122.09881,2025,FALSE,0,NA,NA,0.1188,0.0273,0.2883
"MYTH","57322_NW",57322,"NW","South Coastal Region",49.07915,-122.16077,2017,TRUE,4,0,0.0289,0.1,0.0046,0.4705
"MYTH","57322_NW",57322,"NW","South Coastal Region",49.07915,-122.16077,2018,TRUE,4,0,0.004,0.0445,0.0037,0.14
"MYTH","57322_NW",57322,"NW","South Coastal Region",49.07915,-122.16077,2019,TRUE,4,0,0.0029,0.0369,0.0023,0.1163
"MYTH","57322_NW",57322,"NW","South Coastal Region",49.07915,-122.16077,2020,TRUE,4,0,9e-04,0.0291,0.0011,0.0964
"MYTH","57322_NW",57322,"NW","South Coastal Region",49.07915,-122.16077,2021,TRUE,4,0,0.0011,0.038,0.0064,0.1006
"MYTH","57322_NW",57322,"NW","South Coastal Region",49.07915,-122.16077,2022,TRUE,4,0,0.0027,0.0557,0.0087,0.1416
"MYTH","57322_NW",57322,"NW","South Coastal Region",49.07915,-122.16077,2023,FALSE,0,NA,NA,0.0413,0.0061,0.1167
"MYTH","57322_NW",57322,"NW","South Coastal Region",49.07915,-122.16077,2024,FALSE,0,NA,NA,0.0872,0.0215,0.2145
"MYTH","57322_NW",57322,"NW","South Coastal Region",49.07915,-122.16077,2025,TRUE,4,0,0.0138,0.1016,0.0258,0.2422
"MYTH","57322_SE",57322,"SE","South Coastal Region",49.0141,-122.09198,2017,FALSE,0,NA,NA,0.0282,3e-04,0.1612
"MYTH","57322_SE",57322,"SE","South Coastal Region",49.0141,-122.09198,2018,TRUE,3,0,0.016,0.0347,0.001,0.1382
"MYTH","57322_SE",57322,"SE","South Coastal Region",49.0141,-122.09198,2019,TRUE,3,0,0.0153,0.0402,0.001,0.1459
"MYTH","57322_SE",57322,"SE","South Coastal Region",49.0141,-122.09198,2020,TRUE,4,0,0.0102,0.0375,7e-04,0.1335
"MYTH","57322_SE",57322,"SE","South Coastal Region",49.0141,-122.09198,2021,TRUE,4,0,0.0111,0.0665,0.009,0.2167
"MYTH","57322_SE",57322,"SE","South Coastal Region",49.0141,-122.09198,2022,TRUE,4,0,0.0189,0.0903,0.0136,0.2561
"MYTH","57322_SE",57322,"SE","South Coastal Region",49.0141,-122.09198,2023,TRUE,4,0,0.0153,0.074,0.0114,0.221
"MYTH","57322_SE",57322,"SE","South Coastal Region",49.0141,-122.09198,2024,FALSE,0,NA,NA,0.1521,0.0322,0.4028
"MYTH","57322_SE",57322,"SE","South Coastal Region",49.0141,-122.09198,2025,TRUE,4,1,1,0.1749,0.0406,0.4274
"MYTH","57322_SW",57322,"SW","South Coastal Region",49.01663,-122.15131,2017,FALSE,0,NA,NA,0.1669,0.0056,0.7417
"MYTH","57322_SW",57322,"SW","South Coastal Region",49.01663,-122.15131,2018,TRUE,4,0,0.0124,0.0693,0.0053,0.2312
"MYTH","57322_SW",57322,"SW","South Coastal Region",49.01663,-122.15131,2019,TRUE,4,0,0.0096,0.0561,0.0033,0.1884
"MYTH","57322_SW",57322,"SW","South Coastal Region",49.01663,-122.15131,2020,TRUE,4,0,0.0051,0.0442,0.0013,0.1515
"MYTH","57322_SW",57322,"SW","South Coastal Region",49.01663,-122.15131,2021,TRUE,4,0,0.0013,0.0535,0.0069,0.1557
"MYTH","57322_SW",57322,"SW","South Coastal Region",49.01663,-122.15131,2022,TRUE,4,0,0.0047,0.0737,0.0098,0.2098
"MYTH","57322_SW",57322,"SW","South Coastal Region",49.01663,-122.15131,2023,TRUE,3,0,0.0031,0.0557,0.0059,0.1705
"MYTH","57322_SW",57322,"SW","South Coastal Region",49.01663,-122.15131,2024,FALSE,0,NA,NA,0.1079,0.0216,0.2935
"MYTH","57322_SW",57322,"SW","South Coastal Region",49.01663,-122.15131,2025,TRUE,2,0,0.0471,0.1235,0.0249,0.3152
"MYTH","58842_NW",58842,"NW","Northern Region",54.79952,-121.1886,2017,FALSE,0,NA,NA,0.0704,0.0043,0.271
"MYTH","58842_NW",58842,"NW","Northern Region",54.79952,-121.1886,2018,FALSE,0,NA,NA,0.0241,5e-04,0.1083
"MYTH","58842_NW",58842,"NW","Northern Region",54.79952,-121.1886,2019,FALSE,0,NA,NA,0.0204,1e-04,0.095
"MYTH","58842_NW",58842,"NW","Northern Region",54.79952,-121.1886,2020,FALSE,0,NA,NA,0.0164,0,0.0838
"MYTH","58842_NW",58842,"NW","Northern Region",54.79952,-121.1886,2021,FALSE,0,NA,NA,0.0247,9e-04,0.1073
"MYTH","58842_NW",58842,"NW","Northern Region",54.79952,-121.1886,2022,FALSE,0,NA,NA,0.0292,8e-04,0.1173
"MYTH","58842_NW",58842,"NW","Northern Region",54.79952,-121.1886,2023,FALSE,0,NA,NA,0.0226,8e-04,0.0973
"MYTH","58842_NW",58842,"NW","Northern Region",54.79952,-121.1886,2024,TRUE,4,0,0.0151,0.0515,0.0042,0.1971
"MYTH","58842_NW",58842,"NW","Northern Region",54.79952,-121.1886,2025,TRUE,4,0,0.0173,0.0575,0.005,0.1988
"MYTH","58842_SE",58842,"SE","Northern Region",54.73781,-121.16052,2017,FALSE,0,NA,NA,0.0714,0.0026,0.3188
"MYTH","58842_SE",58842,"SE","Northern Region",54.73781,-121.16052,2018,FALSE,0,NA,NA,0.0166,3e-04,0.0736
"MYTH","58842_SE",58842,"SE","Northern Region",54.73781,-121.16052,2019,FALSE,0,NA,NA,0.0139,0,0.0692
"MYTH","58842_SE",58842,"SE","Northern Region",54.73781,-121.16052,2020,FALSE,0,NA,NA,0.011,0,0.0585
"MYTH","58842_SE",58842,"SE","Northern Region",54.73781,-121.16052,2021,FALSE,0,NA,NA,0.0183,7e-04,0.0813
"MYTH","58842_SE",58842,"SE","Northern Region",54.73781,-121.16052,2022,FALSE,0,NA,NA,0.0217,5e-04,0.0843
"MYTH","58842_SE",58842,"SE","Northern Region",54.73781,-121.16052,2023,FALSE,0,NA,NA,0.0164,6e-04,0.0711
"MYTH","58842_SE",58842,"SE","Northern Region",54.73781,-121.16052,2024,TRUE,4,0,0.014,0.0424,0.0036,0.1729
"MYTH","58842_SE",58842,"SE","Northern Region",54.73781,-121.16052,2025,TRUE,4,0,0.0173,0.0466,0.0045,0.1713
"MYTH","58842_SW",58842,"SW","Northern Region",54.75716,-121.25541,2017,FALSE,0,NA,NA,0.0627,0.0017,0.3147
"MYTH","58842_SW",58842,"SW","Northern Region",54.75716,-121.25541,2018,FALSE,0,NA,NA,0.0164,2e-04,0.0734
"MYTH","58842_SW",58842,"SW","Northern Region",54.75716,-121.25541,2019,FALSE,0,NA,NA,0.0143,0,0.0704
"MYTH","58842_SW",58842,"SW","Northern Region",54.75716,-121.25541,2020,FALSE,0,NA,NA,0.0116,0,0.0588
"MYTH","58842_SW",58842,"SW","Northern Region",54.75716,-121.25541,2021,FALSE,0,NA,NA,0.0205,8e-04,0.0906
"MYTH","58842_SW",58842,"SW","Northern Region",54.75716,-121.25541,2022,FALSE,0,NA,NA,0.0238,5e-04,0.0931
"MYTH","58842_SW",58842,"SW","Northern Region",54.75716,-121.25541,2023,FALSE,0,NA,NA,0.0185,6e-04,0.0798
"MYTH","58842_SW",58842,"SW","Northern Region",54.75716,-121.25541,2024,TRUE,4,0,0.1169,0.0473,0.0038,0.1882
"MYTH","58842_SW",58842,"SW","Northern Region",54.75716,-121.25541,2025,TRUE,4,1,1,0.052,0.0048,0.1941
"MYTH","5994_NE",5994,"NE","Kootenay Region",49.26067,-115.24894,2017,FALSE,0,NA,NA,0.3336,0.0833,0.6591
"MYTH","5994_NE",5994,"NE","Kootenay Region",49.26067,-115.24894,2018,FALSE,0,NA,NA,0.2827,0.0909,0.5317
"MYTH","5994_NE",5994,"NE","Kootenay Region",49.26067,-115.24894,2019,FALSE,0,NA,NA,0.2623,0.0974,0.4863
"MYTH","5994_NE",5994,"NE","Kootenay Region",49.26067,-115.24894,2020,TRUE,4,1,1,0.229,0.0843,0.4311
"MYTH","5994_NE",5994,"NE","Kootenay Region",49.26067,-115.24894,2021,TRUE,4,0,0.0913,0.1989,0.0721,0.3776
"MYTH","5994_NE",5994,"NE","Kootenay Region",49.26067,-115.24894,2022,TRUE,4,0,0.042,0.2149,0.0867,0.3889
"MYTH","5994_NE",5994,"NE","Kootenay Region",49.26067,-115.24894,2023,TRUE,4,0,0.0049,0.1917,0.0715,0.3585
"MYTH","5994_NE",5994,"NE","Kootenay Region",49.26067,-115.24894,2024,TRUE,4,0,0.0167,0.2218,0.0903,0.4084
"MYTH","5994_NE",5994,"NE","Kootenay Region",49.26067,-115.24894,2025,FALSE,0,NA,NA,0.241,0.0963,0.4407
"MYTH","5994_SE",5994,"SE","Kootenay Region",49.21228,-115.26277,2017,FALSE,0,NA,NA,0.2103,0.0302,0.5302
"MYTH","5994_SE",5994,"SE","Kootenay Region",49.21228,-115.26277,2018,FALSE,0,NA,NA,0.1861,0.0442,0.4243
"MYTH","5994_SE",5994,"SE","Kootenay Region",49.21228,-115.26277,2019,FALSE,0,NA,NA,0.1797,0.0507,0.38
"MYTH","5994_SE",5994,"SE","Kootenay Region",49.21228,-115.26277,2020,TRUE,4,0,0.0158,0.163,0.0445,0.3371
"MYTH","5994_SE",5994,"SE","Kootenay Region",49.21228,-115.26277,2021,TRUE,4,0,0.0067,0.1525,0.0511,0.3041
"MYTH","5994_SE",5994,"SE","Kootenay Region",49.21228,-115.26277,2022,TRUE,4,0,0.0109,0.1742,0.065,0.3279
"MYTH","5994_SE",5994,"SE","Kootenay Region",49.21228,-115.26277,2023,TRUE,4,0,0.0231,0.16,0.0546,0.3126
"MYTH","5994_SE",5994,"SE","Kootenay Region",49.21228,-115.26277,2024,TRUE,4,1,1,0.1989,0.0714,0.3827
"MYTH","5994_SE",5994,"SE","Kootenay Region",49.21228,-115.26277,2025,FALSE,0,NA,NA,0.2255,0.0832,0.4262
"MYTH","60586_NW",60586,"NW","Kootenay Region",50.93041,-116.39001,2017,FALSE,0,NA,NA,0.2605,0.0561,0.5385
"MYTH","60586_NW",60586,"NW","Kootenay Region",50.93041,-116.39001,2018,FALSE,0,NA,NA,0.2465,0.0793,0.4805
"MYTH","60586_NW",60586,"NW","Kootenay Region",50.93041,-116.39001,2019,FALSE,0,NA,NA,0.2438,0.0906,0.4507
"MYTH","60586_NW",60586,"NW","Kootenay Region",50.93041,-116.39001,2020,TRUE,4,0,0.0109,0.2281,0.0828,0.4178
"MYTH","60586_NW",60586,"NW","Kootenay Region",50.93041,-116.39001,2021,TRUE,4,0,0,0.2185,0.09,0.3929
"MYTH","60586_NW",60586,"NW","Kootenay Region",50.93041,-116.39001,2022,TRUE,4,0,2e-04,0.2418,0.114,0.4079
"MYTH","60586_NW",60586,"NW","Kootenay Region",50.93041,-116.39001,2023,TRUE,4,0,0,0.2286,0.1027,0.3945
"MYTH","60586_NW",60586,"NW","Kootenay Region",50.93041,-116.39001,2024,TRUE,4,0,0.0029,0.2658,0.1282,0.4462
"MYTH","60586_NW",60586,"NW","Kootenay Region",50.93041,-116.39001,2025,TRUE,4,0,0.0042,0.2935,0.1434,0.487
"MYTH","60586_SW",60586,"SW","Kootenay Region",50.90342,-116.39335,2017,FALSE,0,NA,NA,0.6458,0.0945,0.9911
"MYTH","60586_SW",60586,"SW","Kootenay Region",50.90342,-116.39335,2018,FALSE,0,NA,NA,0.4592,0.0881,0.8404
"MYTH","60586_SW",60586,"SW","Kootenay Region",50.90342,-116.39335,2019,FALSE,0,NA,NA,0.3885,0.0685,0.7736
"MYTH","60586_SW",60586,"SW","Kootenay Region",50.90342,-116.39335,2020,TRUE,4,0,0.0653,0.3144,0.0341,0.7041
"MYTH","60586_SW",60586,"SW","Kootenay Region",50.90342,-116.39335,2021,TRUE,4,0,0.0087,0.2551,0.023,0.6455
"MYTH","60586_SW",60586,"SW","Kootenay Region",50.90342,-116.39335,2022,TRUE,4,0,0.0113,0.2605,0.0378,0.6335
"MYTH","60586_SW",60586,"SW","Kootenay Region",50.90342,-116.39335,2023,TRUE,3,0,0.004,0.2234,0.0178,0.6002
"MYTH","60586_SW",60586,"SW","Kootenay Region",50.90342,-116.39335,2024,TRUE,4,0,0.0173,0.2412,0.0389,0.5901
"MYTH","60586_SW",60586,"SW","Kootenay Region",50.90342,-116.39335,2025,TRUE,4,0,0.0202,0.2421,0.0373,0.5986
"MYTH","6202_NE",6202,"NE","South Coastal Region",48.53741,-123.50119,2017,FALSE,0,NA,NA,0.0816,0.0056,0.3253
"MYTH","6202_NE",6202,"NE","South Coastal Region",48.53741,-123.50119,2018,TRUE,4,0,0.0213,0.0383,0.0035,0.1175
"MYTH","6202_NE",6202,"NE","South Coastal Region",48.53741,-123.50119,2019,TRUE,4,0,0.0173,0.0326,0.0017,0.101
"MYTH","6202_NE",6202,"NE","South Coastal Region",48.53741,-123.50119,2020,FALSE,0,NA,NA,0.0258,7e-04,0.0876
"MYTH","6202_NE",6202,"NE","South Coastal Region",48.53741,-123.50119,2021,TRUE,4,0,0.0111,0.0352,0.006,0.0926
"MYTH","6202_NE",6202,"NE","South Coastal Region",48.53741,-123.50119,2022,TRUE,4,0,0.0153,0.0521,0.0083,0.1327
"MYTH","6202_NE",6202,"NE","South Coastal Region",48.53741,-123.50119,2023,TRUE,4,0,0.0027,0.0372,0.0052,0.1069
"MYTH","6202_NE",6202,"NE","South Coastal Region",48.53741,-123.50119,2024,TRUE,3,0,0.0316,0.0845,0.0222,0.2125
"MYTH","6202_NE",6202,"NE","South Coastal Region",48.53741,-123.50119,2025,FALSE,0,NA,NA,0.0974,0.0257,0.2249
"MYTH","6202_NW",6202,"NW","South Coastal Region",48.50788,-123.60088,2017,FALSE,0,NA,NA,0.1062,0.007,0.4276
"MYTH","6202_NW",6202,"NW","South Coastal Region",48.50788,-123.60088,2018,TRUE,4,0,0.0093,0.0395,0.0022,0.1376
"MYTH","6202_NW",6202,"NW","South Coastal Region",48.50788,-123.60088,2019,TRUE,3,0,0.0058,0.0342,7e-04,0.1306
"MYTH","6202_NW",6202,"NW","South Coastal Region",48.50788,-123.60088,2020,TRUE,4,0,0.0024,0.0269,3e-04,0.1066
"MYTH","6202_NW",6202,"NW","South Coastal Region",48.50788,-123.60088,2021,TRUE,4,0,0.0031,0.0461,0.0063,0.1437
"MYTH","6202_NW",6202,"NW","South Coastal Region",48.50788,-123.60088,2022,TRUE,2,0,0.0096,0.0644,0.0065,0.1889
"MYTH","6202_NW",6202,"NW","South Coastal Region",48.50788,-123.60088,2023,TRUE,3,0,9e-04,0.0429,0.0057,0.1285
"MYTH","6202_NW",6202,"NW","South Coastal Region",48.50788,-123.60088,2024,FALSE,0,NA,NA,0.1148,0.0234,0.3209
"MYTH","6202_NW",6202,"NW","South Coastal Region",48.50788,-123.60088,2025,FALSE,0,NA,NA,0.1223,0.0278,0.3023
"MYTH","6202_SE",6202,"SE","South Coastal Region",48.48934,-123.5079,2017,FALSE,0,NA,NA,0.0776,0.0049,0.3246
"MYTH","6202_SE",6202,"SE","South Coastal Region",48.48934,-123.5079,2018,TRUE,4,0,0.0147,0.0422,0.0043,0.1235
"MYTH","6202_SE",6202,"SE","South Coastal Region",48.48934,-123.5079,2019,TRUE,4,0,0.0136,0.0377,0.0028,0.1106
"MYTH","6202_SE",6202,"SE","South Coastal Region",48.48934,-123.5079,2020,FALSE,0,NA,NA,0.0309,0.0012,0.0957
"MYTH","6202_SE",6202,"SE","South Coastal Region",48.48934,-123.5079,2021,TRUE,4,0,0.008,0.0414,0.0076,0.1028
"MYTH","6202_SE",6202,"SE","South Coastal Region",48.48934,-123.5079,2022,TRUE,4,0,0.0129,0.0607,0.0114,0.1429
"MYTH","6202_SE",6202,"SE","South Coastal Region",48.48934,-123.5079,2023,FALSE,0,NA,NA,0.0453,0.0084,0.1169
"MYTH","6202_SE",6202,"SE","South Coastal Region",48.48934,-123.5079,2024,FALSE,0,NA,NA,0.0979,0.0296,0.2235
"MYTH","6202_SE",6202,"SE","South Coastal Region",48.48934,-123.5079,2025,FALSE,0,NA,NA,0.115,0.0363,0.256
"MYTH","6202_SW",6202,"SW","South Coastal Region",48.48637,-123.54913,2017,FALSE,0,NA,NA,0.0511,0.0022,0.2211
"MYTH","6202_SW",6202,"SW","South Coastal Region",48.48637,-123.54913,2018,TRUE,4,0,0.0062,0.0327,0.0026,0.0994
"MYTH","6202_SW",6202,"SW","South Coastal Region",48.48637,-123.54913,2019,TRUE,4,0,0.0038,0.0315,0.0019,0.0975
"MYTH","6202_SW",6202,"SW","South Coastal Region",48.48637,-123.54913,2020,TRUE,4,0,0.0024,0.027,0.001,0.0876
"MYTH","6202_SW",6202,"SW","South Coastal Region",48.48637,-123.54913,2021,TRUE,4,0,0.0013,0.0378,0.0067,0.0985
"MYTH","6202_SW",6202,"SW","South Coastal Region",48.48637,-123.54913,2022,TRUE,4,0,0.004,0.0562,0.0103,0.1381
"MYTH","6202_SW",6202,"SW","South Coastal Region",48.48637,-123.54913,2023,FALSE,0,NA,NA,0.0433,0.0073,0.1171
"MYTH","6202_SW",6202,"SW","South Coastal Region",48.48637,-123.54913,2024,TRUE,3,0,0.0096,0.0901,0.0245,0.2164
"MYTH","6202_SW",6202,"SW","South Coastal Region",48.48637,-123.54913,2025,TRUE,4,0,0.0033,0.1095,0.0294,0.2467
"MYTH","70250_NW",70250,"NW","Kootenay Region",51.24583,-116.91793,2017,FALSE,0,NA,NA,0.2027,0.0289,0.5071
"MYTH","70250_NW",70250,"NW","Kootenay Region",51.24583,-116.91793,2018,FALSE,0,NA,NA,0.196,0.0485,0.4496
"MYTH","70250_NW",70250,"NW","Kootenay Region",51.24583,-116.91793,2019,FALSE,0,NA,NA,0.1976,0.0565,0.4177
"MYTH","70250_NW",70250,"NW","Kootenay Region",51.24583,-116.91793,2020,TRUE,4,0,0.0087,0.1882,0.0554,0.3866
"MYTH","70250_NW",70250,"NW","Kootenay Region",51.24583,-116.91793,2021,TRUE,4,0,0.0013,0.1857,0.068,0.3641
"MYTH","70250_NW",70250,"NW","Kootenay Region",51.24583,-116.91793,2022,TRUE,4,0,0.0011,0.2103,0.0878,0.3768
"MYTH","70250_NW",70250,"NW","Kootenay Region",51.24583,-116.91793,2023,TRUE,4,0,0,0.2015,0.0844,0.3656
"MYTH","70250_NW",70250,"NW","Kootenay Region",51.24583,-116.91793,2024,TRUE,4,0,0.0049,0.2417,0.1077,0.4224
"MYTH","70250_NW",70250,"NW","Kootenay Region",51.24583,-116.91793,2025,TRUE,4,0,0.0084,0.2725,0.1253,0.4666
"MYTH","70250_SW",70250,"SW","Kootenay Region",51.20982,-116.89974,2017,FALSE,0,NA,NA,0.3977,0.098,0.7691
"MYTH","70250_SW",70250,"SW","Kootenay Region",51.20982,-116.89974,2018,FALSE,0,NA,NA,0.3434,0.1111,0.6249
"MYTH","70250_SW",70250,"SW","Kootenay Region",51.20982,-116.89974,2019,FALSE,0,NA,NA,0.3192,0.1252,0.5641
"MYTH","70250_SW",70250,"SW","Kootenay Region",51.20982,-116.89974,2020,TRUE,4,0,0.0464,0.2802,0.1073,0.5053
"MYTH","70250_SW",70250,"SW","Kootenay Region",51.20982,-116.89974,2021,TRUE,4,0,0.0111,0.2429,0.0911,0.4439
"MYTH","70250_SW",70250,"SW","Kootenay Region",51.20982,-116.89974,2022,TRUE,4,0,0.0164,0.255,0.1143,0.4404
"MYTH","70250_SW",70250,"SW","Kootenay Region",51.20982,-116.89974,2023,FALSE,0,NA,NA,0.2289,0.0956,0.4081
"MYTH","70250_SW",70250,"SW","Kootenay Region",51.20982,-116.89974,2024,FALSE,0,NA,NA,0.2512,0.1159,0.4308
"MYTH","70250_SW",70250,"SW","Kootenay Region",51.20982,-116.89974,2025,TRUE,4,0,0.0233,0.2645,0.1234,0.4452
"MYTH","73002_NE",73002,"NE","Okanagan Region",50.85067,-121.87219,2017,TRUE,4,1,1,0.6712,0.3607,0.9305
"MYTH","73002_NE",73002,"NE","Okanagan Region",50.85067,-121.87219,2018,TRUE,4,0,0.9704,0.5813,0.3327,0.8009
"MYTH","73002_NE",73002,"NE","Okanagan Region",50.85067,-121.87219,2019,TRUE,4,1,1,0.5387,0.3135,0.7554
"MYTH","73002_NE",73002,"NE","Okanagan Region",50.85067,-121.87219,2020,TRUE,4,1,1,0.4802,0.2576,0.701
"MYTH","73002_NE",73002,"NE","Okanagan Region",50.85067,-121.87219,2021,TRUE,4,1,1,0.4143,0.1942,0.6494
"MYTH","73002_NE",73002,"NE","Okanagan Region",50.85067,-121.87219,2022,TRUE,4,1,1,0.4218,0.2151,0.6491
"MYTH","73002_NE",73002,"NE","Okanagan Region",50.85067,-121.87219,2023,FALSE,0,NA,NA,0.3778,0.1653,0.6149
"MYTH","73002_NE",73002,"NE","Okanagan Region",50.85067,-121.87219,2024,TRUE,4,1,1,0.399,0.1814,0.6359
"MYTH","73002_NE",73002,"NE","Okanagan Region",50.85067,-121.87219,2025,TRUE,4,1,1,0.4061,0.1827,0.65
"MYTH","73002_SE",73002,"SE","Okanagan Region",50.82484,-121.86896,2017,TRUE,4,0,0.8109,0.6408,0.3105,0.9309
"MYTH","73002_SE",73002,"SE","Okanagan Region",50.82484,-121.86896,2018,TRUE,4,1,1,0.5976,0.3108,0.8655
"MYTH","73002_SE",73002,"SE","Okanagan Region",50.82484,-121.86896,2019,TRUE,4,0,0.7998,0.5804,0.2938,0.8456
"MYTH","73002_SE",73002,"SE","Okanagan Region",50.82484,-121.86896,2020,TRUE,4,0,0.7344,0.545,0.2373,0.8274
"MYTH","73002_SE",73002,"SE","Okanagan Region",50.82484,-121.86896,2021,TRUE,4,1,1,0.5233,0.2271,0.8033
"MYTH","73002_SE",73002,"SE","Okanagan Region",50.82484,-121.86896,2022,TRUE,4,1,1,0.553,0.2585,0.8195
"MYTH","73002_SE",73002,"SE","Okanagan Region",50.82484,-121.86896,2023,TRUE,4,1,1,0.5241,0.2211,0.8067
"MYTH","73002_SE",73002,"SE","Okanagan Region",50.82484,-121.86896,2024,TRUE,4,0,0.7556,0.5645,0.2518,0.842
"MYTH","73002_SE",73002,"SE","Okanagan Region",50.82484,-121.86896,2025,TRUE,4,1,1,0.5842,0.264,0.8591
"MYTH","73002_SW",73002,"SW","Okanagan Region",50.80422,-121.87782,2017,TRUE,4,0,0.1922,0.6476,0.3112,0.9399
"MYTH","73002_SW",73002,"SW","Okanagan Region",50.80422,-121.87782,2018,TRUE,4,0,0.0778,0.5784,0.3161,0.8233
"MYTH","73002_SW",73002,"SW","Okanagan Region",50.80422,-121.87782,2019,TRUE,4,0,0.0462,0.5471,0.3062,0.7818
"MYTH","73002_SW",73002,"SW","Okanagan Region",50.80422,-121.87782,2020,TRUE,4,0,0.0202,0.4978,0.2669,0.7375
"MYTH","73002_SW",73002,"SW","Okanagan Region",50.80422,-121.87782,2021,TRUE,4,0,0.0038,0.4521,0.2331,0.6872
"MYTH","73002_SW",73002,"SW","Okanagan Region",50.80422,-121.87782,2022,TRUE,4,0,0.0133,0.4721,0.2502,0.6966
"MYTH","73002_SW",73002,"SW","Okanagan Region",50.80422,-121.87782,2023,TRUE,3,0,0.0102,0.4345,0.2115,0.6626
"MYTH","73002_SW",73002,"SW","Okanagan Region",50.80422,-121.87782,2024,TRUE,4,0,0.03,0.4701,0.2374,0.7117
"MYTH","73002_SW",73002,"SW","Okanagan Region",50.80422,-121.87782,2025,TRUE,4,0,0.0542,0.4888,0.2482,0.7293
"MYTH","73786_NW",73786,"NW","South Coastal Region",49.12334,-123.06198,2017,TRUE,4,0,0.01,0.044,0.0018,0.1904
"MYTH","73786_NW",73786,"NW","South Coastal Region",49.12334,-123.06198,2018,TRUE,4,0,0.0062,0.0339,0.0025,0.1082
"MYTH","73786_NW",73786,"NW","South Coastal Region",49.12334,-123.06198,2019,TRUE,3,0,0.0053,0.0347,0.0021,0.1059
"MYTH","73786_NW",73786,"NW","South Coastal Region",49.12334,-123.06198,2020,TRUE,4,0,0.0016,0.0312,0.0011,0.1012
"MYTH","73786_NW",73786,"NW","South Coastal Region",49.12334,-123.06198,2021,TRUE,3,0,0.0029,0.0426,0.0067,0.1135
"MYTH","73786_NW",73786,"NW","South Coastal Region",49.12334,-123.06198,2022,TRUE,3,0,0.0062,0.062,0.0118,0.153
"MYTH","73786_NW",73786,"NW","South Coastal Region",49.12334,-123.06198,2023,TRUE,3,0,0.0018,0.0504,0.007,0.1361
"MYTH","73786_NW",73786,"NW","South Coastal Region",49.12334,-123.06198,2024,TRUE,3,0,0.0131,0.0963,0.0262,0.2304
"MYTH","73786_NW",73786,"NW","South Coastal Region",49.12334,-123.06198,2025,TRUE,4,0,0.0098,0.1162,0.0314,0.2775
"MYTH","73786_SE",73786,"SE","South Coastal Region",49.12604,-123.00163,2017,TRUE,4,0,0.0084,0.0278,4e-04,0.1428
"MYTH","73786_SE",73786,"SE","South Coastal Region",49.12604,-123.00163,2018,TRUE,2,0,0.0122,0.0288,0.0011,0.1031
"MYTH","73786_SE",73786,"SE","South Coastal Region",49.12604,-123.00163,2019,TRUE,2,0,0.0113,0.0329,0.0012,0.1103
"MYTH","73786_SE",73786,"SE","South Coastal Region",49.12604,-123.00163,2020,TRUE,4,0,0.0051,0.0315,8e-04,0.1069
"MYTH","73786_SE",73786,"SE","South Coastal Region",49.12604,-123.00163,2021,TRUE,3,0,0.0073,0.0477,0.0065,0.1414
"MYTH","73786_SE",73786,"SE","South Coastal Region",49.12604,-123.00163,2022,TRUE,4,0,0.0102,0.0692,0.0113,0.192
"MYTH","73786_SE",73786,"SE","South Coastal Region",49.12604,-123.00163,2023,TRUE,3,0,0.004,0.0585,0.008,0.1681
"MYTH","73786_SE",73786,"SE","South Coastal Region",49.12604,-123.00163,2024,TRUE,3,0,0.0249,0.1113,0.0247,0.2944
"MYTH","73786_SE",73786,"SE","South Coastal Region",49.12604,-123.00163,2025,TRUE,4,0,0.0267,0.1347,0.029,0.3445
"MYTH","73786_SW",73786,"SW","South Coastal Region",49.10823,-123.07992,2017,FALSE,0,NA,NA,0.2937,0.0051,0.9488
"MYTH","73786_SW",73786,"SW","South Coastal Region",49.10823,-123.07992,2018,TRUE,2,0,0.0369,0.0989,0.0043,0.3883
"MYTH","73786_SW",73786,"SW","South Coastal Region",49.10823,-123.07992,2019,TRUE,3,0,0.0156,0.0715,0.0014,0.2989
"MYTH","73786_SW",73786,"SW","South Coastal Region",49.10823,-123.07992,2020,TRUE,4,0,0.004,0.0528,5e-04,0.2329
"MYTH","73786_SW",73786,"SW","South Coastal Region",49.10823,-123.07992,2021,TRUE,3,0,0.0029,0.0525,0.0038,0.1982
"MYTH","73786_SW",73786,"SW","South Coastal Region",49.10823,-123.07992,2022,TRUE,3,0,0.0102,0.0665,0.0053,0.2237
"MYTH","73786_SW",73786,"SW","South Coastal Region",49.10823,-123.07992,2023,TRUE,3,0,0.002,0.0501,0.0021,0.1919
"MYTH","73786_SW",73786,"SW","South Coastal Region",49.10823,-123.07992,2024,FALSE,0,NA,NA,0.0883,0.0107,0.2876
"MYTH","73786_SW",73786,"SW","South Coastal Region",49.10823,-123.07992,2025,TRUE,4,0,0.012,0.0966,0.0108,0.3038
"MYTH","77162_NE",77162,"NE","Kootenay Region",50.95478,-118.09975,2017,TRUE,4,0,0.2182,0.418,0.0159,0.9838
"MYTH","77162_NE",77162,"NE","Kootenay Region",50.95478,-118.09975,2018,TRUE,4,0,0.062,0.2587,0.024,0.6943
"MYTH","77162_NE",77162,"NE","Kootenay Region",50.95478,-118.09975,2019,TRUE,4,0,0.0456,0.2253,0.0178,0.6255
"MYTH","77162_NE",77162,"NE","Kootenay Region",50.95478,-118.09975,2020,TRUE,4,0,0.0238,0.1862,0.0057,0.5726
"MYTH","77162_NE",77162,"NE","Kootenay Region",50.95478,-118.09975,2021,TRUE,4,0,0.0276,0.1814,0.0129,0.5441
"MYTH","77162_NE",77162,"NE","Kootenay Region",50.95478,-118.09975,2022,FALSE,0,NA,NA,0.2119,0.0171,0.5844
"MYTH","77162_NE",77162,"NE","Kootenay Region",50.95478,-118.09975,2023,FALSE,0,NA,NA,0.1813,0.0095,0.5604
"MYTH","77162_NE",77162,"NE","Kootenay Region",50.95478,-118.09975,2024,FALSE,0,NA,NA,0.2506,0.0302,0.6387
"MYTH","77162_NE",77162,"NE","Kootenay Region",50.95478,-118.09975,2025,FALSE,0,NA,NA,0.2727,0.0377,0.6729
"MYTH","77162_SW",77162,"SW","Kootenay Region",50.886,-118.10586,2017,TRUE,4,0,0.0456,0.2342,0.0358,0.5678
"MYTH","77162_SW",77162,"SW","Kootenay Region",50.886,-118.10586,2018,TRUE,4,0,0.03,0.2265,0.0583,0.5054
"MYTH","77162_SW",77162,"SW","Kootenay Region",50.886,-118.10586,2019,TRUE,4,0,0.0262,0.2273,0.0647,0.4737
"MYTH","77162_SW",77162,"SW","Kootenay Region",50.886,-118.10586,2020,TRUE,4,0,0.0162,0.2171,0.0682,0.4452
"MYTH","77162_SW",77162,"SW","Kootenay Region",50.886,-118.10586,2021,TRUE,4,0,0.0104,0.2133,0.0772,0.4203
"MYTH","77162_SW",77162,"SW","Kootenay Region",50.886,-118.10586,2022,TRUE,4,0,0.0153,0.2373,0.0961,0.4342
"MYTH","77162_SW",77162,"SW","Kootenay Region",50.886,-118.10586,2023,TRUE,4,0,0.0124,0.2299,0.092,0.4232
"MYTH","77162_SW",77162,"SW","Kootenay Region",50.886,-118.10586,2024,FALSE,0,NA,NA,0.2678,0.1171,0.4672
"MYTH","77162_SW",77162,"SW","Kootenay Region",50.886,-118.10586,2025,TRUE,2,0,0.0916,0.2983,0.1312,0.5132
"MYTH","79018_NE",79018,"NE","Kootenay Region",50.2021,-116.91007,2017,TRUE,4,0,0.0624,0.2044,0.0206,0.5914
"MYTH","79018_NE",79018,"NE","Kootenay Region",50.2021,-116.91007,2018,TRUE,4,0,0.0342,0.1859,0.0376,0.4529
"MYTH","79018_NE",79018,"NE","Kootenay Region",50.2021,-116.91007,2019,TRUE,4,0,0.0291,0.1837,0.0469,0.403
"MYTH","79018_NE",79018,"NE","Kootenay Region",50.2021,-116.91007,2020,TRUE,4,0,0.0218,0.1691,0.0438,0.3568
"MYTH","79018_NE",79018,"NE","Kootenay Region",50.2021,-116.91007,2021,FALSE,0,NA,NA,0.1679,0.0578,0.3365
"MYTH","79018_NE",79018,"NE","Kootenay Region",50.2021,-116.91007,2022,TRUE,4,0,0.0193,0.1976,0.0712,0.375
"MYTH","79018_NE",79018,"NE","Kootenay Region",50.2021,-116.91007,2023,TRUE,4,0,0.0087,0.1853,0.0604,0.3587
"MYTH","79018_NE",79018,"NE","Kootenay Region",50.2021,-116.91007,2024,TRUE,4,0,0.0327,0.2381,0.0842,0.4591
"MYTH","79018_NE",79018,"NE","Kootenay Region",50.2021,-116.91007,2025,TRUE,4,0,0.048,0.2754,0.1018,0.5075
"MYTH","79018_NW",79018,"NW","Kootenay Region",50.19383,-116.94752,2017,TRUE,4,0,0.0184,0.1899,0.0247,0.4914
"MYTH","79018_NW",79018,"NW","Kootenay Region",50.19383,-116.94752,2018,FALSE,0,NA,NA,0.1842,0.0388,0.4411
"MYTH","79018_NW",79018,"NW","Kootenay Region",50.19383,-116.94752,2019,TRUE,4,0,0.0073,0.1858,0.0452,0.4153
"MYTH","79018_NW",79018,"NW","Kootenay Region",50.19383,-116.94752,2020,TRUE,4,0,0.0024,0.1782,0.0473,0.3863
"MYTH","79018_NW",79018,"NW","Kootenay Region",50.19383,-116.94752,2021,TRUE,4,0,2e-04,0.1752,0.0596,0.363
"MYTH","79018_NW",79018,"NW","Kootenay Region",50.19383,-116.94752,2022,TRUE,3,0,0.0022,0.1974,0.0768,0.373
"MYTH","79018_NW",79018,"NW","Kootenay Region",50.19383,-116.94752,2023,TRUE,4,0,2e-04,0.1891,0.0721,0.3559
"MYTH","79018_NW",79018,"NW","Kootenay Region",50.19383,-116.94752,2024,TRUE,4,0,0.0042,0.226,0.0958,0.4101
"MYTH","79018_NW",79018,"NW","Kootenay Region",50.19383,-116.94752,2025,TRUE,4,0,0.0096,0.2547,0.1052,0.4553
"MYTH","79018_SE",79018,"SE","Kootenay Region",50.18723,-116.90419,2017,TRUE,4,0,0.0589,0.1786,0.0148,0.5572
"MYTH","79018_SE",79018,"SE","Kootenay Region",50.18723,-116.90419,2018,FALSE,0,NA,NA,0.1586,0.0227,0.4101
"MYTH","79018_SE",79018,"SE","Kootenay Region",50.18723,-116.90419,2019,TRUE,4,0,0.0331,0.1606,0.0195,0.4011
"MYTH","79018_SE",79018,"SE","Kootenay Region",50.18723,-116.90419,2020,TRUE,4,0,0.0178,0.1497,0.0117,0.3847
"MYTH","79018_SE",79018,"SE","Kootenay Region",50.18723,-116.90419,2021,TRUE,4,0,0.014,0.1701,0.0268,0.416
"MYTH","79018_SE",79018,"SE","Kootenay Region",50.18723,-116.90419,2022,TRUE,4,0,0.0156,0.2111,0.0296,0.4899
"MYTH","79018_SE",79018,"SE","Kootenay Region",50.18723,-116.90419,2023,TRUE,4,0,0.0047,0.1975,0.0261,0.4721
"MYTH","79018_SE",79018,"SE","Kootenay Region",50.18723,-116.90419,2024,TRUE,3,0,0.0504,0.2795,0.0613,0.6085
"MYTH","79018_SE",79018,"SE","Kootenay Region",50.18723,-116.90419,2025,TRUE,4,0,0.0478,0.3216,0.0835,0.6706
"MYTH","79018_SW",79018,"SW","Kootenay Region",50.17771,-116.95968,2017,TRUE,4,0,0.1336,0.3733,0.0743,0.8069
"MYTH","79018_SW",79018,"SW","Kootenay Region",50.17771,-116.95968,2018,FALSE,0,NA,NA,0.3274,0.0907,0.6473
"MYTH","79018_SW",79018,"SW","Kootenay Region",50.17771,-116.95968,2019,TRUE,4,0,0.0629,0.3078,0.1016,0.5939
"MYTH","79018_SW",79018,"SW","Kootenay Region",50.17771,-116.95968,2020,TRUE,3,0,0.0393,0.2752,0.0937,0.5339
"MYTH","79018_SW",79018,"SW","Kootenay Region",50.17771,-116.95968,2021,TRUE,3,0,0.0144,0.2437,0.0825,0.4734
"MYTH","79018_SW",79018,"SW","Kootenay Region",50.17771,-116.95968,2022,TRUE,4,0,0.0176,0.2563,0.0999,0.4711
"MYTH","79018_SW",79018,"SW","Kootenay Region",50.17771,-116.95968,2023,TRUE,4,0,0.0062,0.2351,0.0864,0.4475
"MYTH","79018_SW",79018,"SW","Kootenay Region",50.17771,-116.95968,2024,TRUE,4,0,0.0329,0.2572,0.1079,0.4618
"MYTH","79018_SW",79018,"SW","Kootenay Region",50.17771,-116.95968,2025,FALSE,0,NA,NA,0.2715,0.1146,0.4759
"MYTH","86074_NE",86074,"NE","South Coastal Region",49.23087,-122.3056,2017,TRUE,4,0,0.0362,0.0488,0.0027,0.1883
"MYTH","86074_NE",86074,"NE","South Coastal Region",49.23087,-122.3056,2018,TRUE,3,0,0.0396,0.0475,0.0013,0.1863
"MYTH","86074_NE",86074,"NE","South Coastal Region",49.23087,-122.3056,2019,FALSE,0,NA,NA,0.0496,7e-04,0.1869
"MYTH","86074_NE",86074,"NE","South Coastal Region",49.23087,-122.3056,2020,TRUE,3,0,0.0369,0.0443,4e-04,0.1686
"MYTH","86074_NE",86074,"NE","South Coastal Region",49.23087,-122.3056,2021,TRUE,4,0,0.0693,0.0805,0.0097,0.2659
"MYTH","86074_NE",86074,"NE","South Coastal Region",49.23087,-122.3056,2022,TRUE,4,0,0.2664,0.1029,0.0086,0.3012
"MYTH","86074_NE",86074,"NE","South Coastal Region",49.23087,-122.3056,2023,TRUE,4,1,1,0.0812,0.0093,0.2476
"MYTH","86074_NE",86074,"NE","South Coastal Region",49.23087,-122.3056,2024,TRUE,4,0,0.2389,0.1789,0.0325,0.4913
"MYTH","86074_NE",86074,"NE","South Coastal Region",49.23087,-122.3056,2025,FALSE,0,NA,NA,0.1902,0.039,0.4677
"MYTH","86074_NW",86074,"NW","South Coastal Region",49.18442,-122.40331,2017,TRUE,4,0,0.0449,0.0888,0.0044,0.4125
"MYTH","86074_NW",86074,"NW","South Coastal Region",49.18442,-122.40331,2018,FALSE,0,NA,NA,0.0438,0.004,0.1335
"MYTH","86074_NW",86074,"NW","South Coastal Region",49.18442,-122.40331,2019,FALSE,0,NA,NA,0.0377,0.0027,0.1147
"MYTH","86074_NW",86074,"NW","South Coastal Region",49.18442,-122.40331,2020,TRUE,4,0,0.0084,0.0305,0.0012,0.0968
"MYTH","86074_NW",86074,"NW","South Coastal Region",49.18442,-122.40331,2021,FALSE,0,NA,NA,0.0398,0.0071,0.1016
"MYTH","86074_NW",86074,"NW","South Coastal Region",49.18442,-122.40331,2022,TRUE,4,0,0.0202,0.0582,0.0103,0.1426
"MYTH","86074_NW",86074,"NW","South Coastal Region",49.18442,-122.40331,2023,FALSE,0,NA,NA,0.044,0.0069,0.1174
"MYTH","86074_NW",86074,"NW","South Coastal Region",49.18442,-122.40331,2024,FALSE,0,NA,NA,0.0902,0.0247,0.2136
"MYTH","86074_NW",86074,"NW","South Coastal Region",49.18442,-122.40331,2025,FALSE,0,NA,NA,0.1062,0.0283,0.2472
"MYTH","86074_SE",86074,"SE","South Coastal Region",49.16962,-122.3193,2017,TRUE,4,0,0.1369,0.1977,0.0069,0.7966
"MYTH","86074_SE",86074,"SE","South Coastal Region",49.16962,-122.3193,2018,FALSE,0,NA,NA,0.0663,0.0054,0.2269
"MYTH","86074_SE",86074,"SE","South Coastal Region",49.16962,-122.3193,2019,FALSE,0,NA,NA,0.0486,0.0025,0.165
"MYTH","86074_SE",86074,"SE","South Coastal Region",49.16962,-122.3193,2020,TRUE,4,0,0.0098,0.0361,8e-04,0.1283
"MYTH","86074_SE",86074,"SE","South Coastal Region",49.16962,-122.3193,2021,TRUE,4,0,0.008,0.0432,0.0058,0.1279
"MYTH","86074_SE",86074,"SE","South Coastal Region",49.16962,-122.3193,2022,TRUE,4,0,0.0191,0.0618,0.0078,0.1745
"MYTH","86074_SE",86074,"SE","South Coastal Region",49.16962,-122.3193,2023,FALSE,0,NA,NA,0.0439,0.0048,0.1388
"MYTH","86074_SE",86074,"SE","South Coastal Region",49.16962,-122.3193,2024,FALSE,0,NA,NA,0.0951,0.0188,0.261
"MYTH","86074_SE",86074,"SE","South Coastal Region",49.16962,-122.3193,2025,FALSE,0,NA,NA,0.107,0.0216,0.2798
"MYTH","86074_SW",86074,"SW","South Coastal Region",49.14174,-122.38204,2017,TRUE,2,0,0.0173,0.0455,0.0019,0.1974
"MYTH","86074_SW",86074,"SW","South Coastal Region",49.14174,-122.38204,2018,FALSE,0,NA,NA,0.0382,0.0029,0.1196
"MYTH","86074_SW",86074,"SW","South Coastal Region",49.14174,-122.38204,2019,TRUE,4,0,0.006,0.0399,0.0025,0.123
"MYTH","86074_SW",86074,"SW","South Coastal Region",49.14174,-122.38204,2020,TRUE,3,0,0.0024,0.0358,0.0018,0.1145
"MYTH","86074_SW",86074,"SW","South Coastal Region",49.14174,-122.38204,2021,FALSE,0,NA,NA,0.0518,0.009,0.1373
"MYTH","86074_SW",86074,"SW","South Coastal Region",49.14174,-122.38204,2022,TRUE,4,0,0.0047,0.0748,0.0153,0.1829
"MYTH","86074_SW",86074,"SW","South Coastal Region",49.14174,-122.38204,2023,TRUE,4,0,0.0011,0.0602,0.0111,0.1548
"MYTH","86074_SW",86074,"SW","South Coastal Region",49.14174,-122.38204,2024,TRUE,4,0,0.0147,0.1171,0.0332,0.2741
"MYTH","86074_SW",86074,"SW","South Coastal Region",49.14174,-122.38204,2025,FALSE,0,NA,NA,0.1407,0.0412,0.3259
"MYTH","89962_NE",89962,"NE","Kootenay Region",49.07682,-117.5986,2017,FALSE,0,NA,NA,0.1855,0.0231,0.4864
"MYTH","89962_NE",89962,"NE","Kootenay Region",49.07682,-117.5986,2018,FALSE,0,NA,NA,0.1804,0.0384,0.4287
"MYTH","89962_NE",89962,"NE","Kootenay Region",49.07682,-117.5986,2019,FALSE,0,NA,NA,0.1826,0.0466,0.4073
"MYTH","89962_NE",89962,"NE","Kootenay Region",49.07682,-117.5986,2020,FALSE,0,NA,NA,0.1753,0.0473,0.3794
"MYTH","89962_NE",89962,"NE","Kootenay Region",49.07682,-117.5986,2021,FALSE,0,NA,NA,0.1737,0.0595,0.3605
"MYTH","89962_NE",89962,"NE","Kootenay Region",49.07682,-117.5986,2022,TRUE,4,0,0.0122,0.197,0.0772,0.3683
"MYTH","89962_NE",89962,"NE","Kootenay Region",49.07682,-117.5986,2023,TRUE,4,0,0.0022,0.1899,0.0739,0.3595
"MYTH","89962_NE",89962,"NE","Kootenay Region",49.07682,-117.5986,2024,FALSE,0,NA,NA,0.2279,0.0967,0.4128
"MYTH","89962_NE",89962,"NE","Kootenay Region",49.07682,-117.5986,2025,TRUE,4,0,0.0318,0.2576,0.1116,0.4555
"MYTH","89962_SE",89962,"SE","Kootenay Region",49.00974,-117.57236,2017,FALSE,0,NA,NA,0.3183,0.0589,0.7271
"MYTH","89962_SE",89962,"SE","Kootenay Region",49.00974,-117.57236,2018,FALSE,0,NA,NA,0.2975,0.0842,0.6059
"MYTH","89962_SE",89962,"SE","Kootenay Region",49.00974,-117.57236,2019,FALSE,0,NA,NA,0.2919,0.095,0.5792
"MYTH","89962_SE",89962,"SE","Kootenay Region",49.00974,-117.57236,2020,FALSE,0,NA,NA,0.2737,0.0885,0.5462
"MYTH","89962_SE",89962,"SE","Kootenay Region",49.00974,-117.57236,2021,FALSE,0,NA,NA,0.2626,0.0897,0.5055
"MYTH","89962_SE",89962,"SE","Kootenay Region",49.00974,-117.57236,2022,TRUE,4,0,0.4731,0.2854,0.1106,0.5213
"MYTH","89962_SE",89962,"SE","Kootenay Region",49.00974,-117.57236,2023,FALSE,0,NA,NA,0.273,0.098,0.5023
"MYTH","89962_SE",89962,"SE","Kootenay Region",49.00974,-117.57236,2024,TRUE,4,1,1,0.3077,0.1239,0.5458
"MYTH","89962_SE",89962,"SE","Kootenay Region",49.00974,-117.57236,2025,TRUE,4,0,0.608,0.3335,0.1363,0.5791
"MYTH","89962_SW",89962,"SW","Kootenay Region",49.0077,-117.63034,2017,FALSE,0,NA,NA,0.1793,0.0167,0.507
"MYTH","89962_SW",89962,"SW","Kootenay Region",49.0077,-117.63034,2018,FALSE,0,NA,NA,0.1725,0.0291,0.4551
"MYTH","89962_SW",89962,"SW","Kootenay Region",49.0077,-117.63034,2019,FALSE,0,NA,NA,0.1736,0.0334,0.4301
"MYTH","89962_SW",89962,"SW","Kootenay Region",49.0077,-117.63034,2020,FALSE,0,NA,NA,0.1668,0.0352,0.403
"MYTH","89962_SW",89962,"SW","Kootenay Region",49.0077,-117.63034,2021,FALSE,0,NA,NA,0.164,0.0434,0.3755
"MYTH","89962_SW",89962,"SW","Kootenay Region",49.0077,-117.63034,2022,TRUE,4,1,1,0.1843,0.0564,0.3895
"MYTH","89962_SW",89962,"SW","Kootenay Region",49.0077,-117.63034,2023,FALSE,0,NA,NA,0.1782,0.0521,0.3785
"MYTH","89962_SW",89962,"SW","Kootenay Region",49.0077,-117.63034,2024,TRUE,4,0,0.2989,0.2114,0.0711,0.4196
"MYTH","89962_SW",89962,"SW","Kootenay Region",49.0077,-117.63034,2025,TRUE,4,0,0.2064,0.2371,0.0786,0.4712
"MYTH","93290_NE",93290,"NE","Okanagan Region",49.44361,-119.56535,2017,FALSE,0,NA,NA,0.8222,0.5842,0.97
"MYTH","93290_NE",93290,"NE","Okanagan Region",49.44361,-119.56535,2018,TRUE,4,0,0.2042,0.6888,0.4477,0.8671
"MYTH","93290_NE",93290,"NE","Okanagan Region",49.44361,-119.56535,2019,FALSE,0,NA,NA,0.6224,0.3918,0.8283
"MYTH","93290_NE",93290,"NE","Okanagan Region",49.44361,-119.56535,2020,TRUE,4,0,0.124,0.5354,0.2791,0.7658
"MYTH","93290_NE",93290,"NE","Okanagan Region",49.44361,-119.56535,2021,TRUE,4,0,0.1691,0.4391,0.1719,0.7036
"MYTH","93290_NE",93290,"NE","Okanagan Region",49.44361,-119.56535,2022,TRUE,4,1,1,0.439,0.2012,0.6914
"MYTH","93290_NE",93290,"NE","Okanagan Region",49.44361,-119.56535,2023,TRUE,3,1,1,0.3798,0.1405,0.65
"MYTH","93290_NE",93290,"NE","Okanagan Region",49.44361,-119.56535,2024,FALSE,0,NA,NA,0.391,0.1689,0.6406
"MYTH","93290_NE",93290,"NE","Okanagan Region",49.44361,-119.56535,2025,TRUE,4,0,0.1429,0.3866,0.1664,0.6389
"MYTH","93290_NW",93290,"NW","Okanagan Region",49.41531,-119.6018,2017,TRUE,4,1,1,0.7064,0.4194,0.934
"MYTH","93290_NW",93290,"NW","Okanagan Region",49.41531,-119.6018,2018,TRUE,4,0,0.8691,0.6378,0.3961,0.8401
"MYTH","93290_NW",93290,"NW","Okanagan Region",49.41531,-119.6018,2019,TRUE,4,0,0.8871,0.6037,0.3801,0.8037
"MYTH","93290_NW",93290,"NW","Okanagan Region",49.41531,-119.6018,2020,TRUE,4,1,1,0.5519,0.3306,0.7613
"MYTH","93290_NW",93290,"NW","Okanagan Region",49.41531,-119.6018,2021,TRUE,4,0,0.6402,0.4929,0.2707,0.7083
"MYTH","93290_NW",93290,"NW","Okanagan Region",49.41531,-119.6018,2022,TRUE,4,1,1,0.5027,0.3046,0.6996
"MYTH","93290_NW",93290,"NW","Okanagan Region",49.41531,-119.6018,2023,TRUE,4,1,1,0.4614,0.2617,0.6654
"MYTH","93290_NW",93290,"NW","Okanagan Region",49.41531,-119.6018,2024,TRUE,4,1,1,0.4802,0.2767,0.6845
"MYTH","93290_NW",93290,"NW","Okanagan Region",49.41531,-119.6018,2025,TRUE,4,1,1,0.4863,0.2807,0.696
"MYTH","93290_SE",93290,"SE","Okanagan Region",49.38433,-119.56165,2017,TRUE,3,0,0.9791,0.8346,0.5297,0.9829
"MYTH","93290_SE",93290,"SE","Okanagan Region",49.38433,-119.56165,2018,TRUE,4,1,1,0.7338,0.4585,0.9143
"MYTH","93290_SE",93290,"SE","Okanagan Region",49.38433,-119.56165,2019,TRUE,4,0,0.6507,0.6826,0.3928,0.8875
"MYTH","93290_SE",93290,"SE","Okanagan Region",49.38433,-119.56165,2020,TRUE,4,0,0.3984,0.6125,0.2744,0.8579
"MYTH","93290_SE",93290,"SE","Okanagan Region",49.38433,-119.56165,2021,TRUE,4,0,0.2598,0.5353,0.1805,0.8261
"MYTH","93290_SE",93290,"SE","Okanagan Region",49.38433,-119.56165,2022,FALSE,0,NA,NA,0.5397,0.2256,0.8199
"MYTH","93290_SE",93290,"SE","Okanagan Region",49.38433,-119.56165,2023,TRUE,4,0,0.3133,0.4907,0.1659,0.7964
"MYTH","93290_SE",93290,"SE","Okanagan Region",49.38433,-119.56165,2024,TRUE,4,1,1,0.501,0.1998,0.7861
"MYTH","93290_SE",93290,"SE","Okanagan Region",49.38433,-119.56165,2025,TRUE,4,1,1,0.496,0.1966,0.786
"MYTH","93290_SW",93290,"SW","Okanagan Region",49.37943,-119.59374,2017,TRUE,4,1,1,0.5649,0.1671,0.9437
"MYTH","93290_SW",93290,"SW","Okanagan Region",49.37943,-119.59374,2018,TRUE,4,0,0.9664,0.4859,0.1812,0.7702
"MYTH","93290_SW",93290,"SW","Okanagan Region",49.37943,-119.59374,2019,TRUE,4,1,1,0.4523,0.1861,0.7073
"MYTH","93290_SW",93290,"SW","Okanagan Region",49.37943,-119.59374,2020,TRUE,4,1,1,0.4051,0.1684,0.6522
"MYTH","93290_SW",93290,"SW","Okanagan Region",49.37943,-119.59374,2021,TRUE,4,1,1,0.3603,0.1471,0.6014
"MYTH","93290_SW",93290,"SW","Okanagan Region",49.37943,-119.59374,2022,TRUE,4,1,1,0.3776,0.162,0.6121
"MYTH","93290_SW",93290,"SW","Okanagan Region",49.37943,-119.59374,2023,TRUE,4,1,1,0.3437,0.1298,0.5815
"MYTH","93290_SW",93290,"SW","Okanagan Region",49.37943,-119.59374,2024,TRUE,4,1,1,0.3815,0.147,0.6313
"MYTH","93290_SW",93290,"SW","Okanagan Region",49.37943,-119.59374,2025,TRUE,4,1,1,0.4028,0.1606,0.6559
"MYTH","94522_NW",94522,"NW","Northern Region",53.10732,-131.86467,2017,TRUE,3,0,0.0473,0.0963,0.0022,0.4716
"MYTH","94522_NW",94522,"NW","Northern Region",53.10732,-131.86467,2018,TRUE,4,0,0.0073,0.0312,0.0011,0.1468
"MYTH","94522_NW",94522,"NW","Northern Region",53.10732,-131.86467,2019,TRUE,3,0,0.0051,0.0215,3e-04,0.1091
"MYTH","94522_NW",94522,"NW","Northern Region",53.10732,-131.86467,2020,FALSE,0,NA,NA,0.0148,1e-04,0.0801
"MYTH","94522_NW",94522,"NW","Northern Region",53.10732,-131.86467,2021,FALSE,0,NA,NA,0.0135,7e-04,0.0612
"MYTH","94522_NW",94522,"NW","Northern Region",53.10732,-131.86467,2022,FALSE,0,NA,NA,0.0164,7e-04,0.0674
"MYTH","94522_NW",94522,"NW","Northern Region",53.10732,-131.86467,2023,FALSE,0,NA,NA,0.0125,5e-04,0.0566
"MYTH","94522_NW",94522,"NW","Northern Region",53.10732,-131.86467,2024,FALSE,0,NA,NA,0.0218,0.0022,0.0791
"MYTH","94522_NW",94522,"NW","Northern Region",53.10732,-131.86467,2025,FALSE,0,NA,NA,0.025,0.0026,0.0869
"MYTH","94522_SE",94522,"SE","Northern Region",53.08196,-131.77925,2017,TRUE,4,0,0.038,0.0903,0.0024,0.4319
"MYTH","94522_SE",94522,"SE","Northern Region",53.08196,-131.77925,2018,TRUE,4,0,0.0118,0.0381,0.0015,0.164
"MYTH","94522_SE",94522,"SE","Northern Region",53.08196,-131.77925,2019,TRUE,3,0,0.0109,0.0296,6e-04,0.1313
"MYTH","94522_SE",94522,"SE","Northern Region",53.08196,-131.77925,2020,FALSE,0,NA,NA,0.0225,2e-04,0.1035
"MYTH","94522_SE",94522,"SE","Northern Region",53.08196,-131.77925,2021,FALSE,0,NA,NA,0.0221,9e-04,0.0925
"MYTH","94522_SE",94522,"SE","Northern Region",53.08196,-131.77925,2022,FALSE,0,NA,NA,0.0264,0.0011,0.1034
"MYTH","94522_SE",94522,"SE","Northern Region",53.08196,-131.77925,2023,FALSE,0,NA,NA,0.021,7e-04,0.0906
"MYTH","94522_SE",94522,"SE","Northern Region",53.08196,-131.77925,2024,FALSE,0,NA,NA,0.0341,0.0025,0.1293
"MYTH","94522_SE",94522,"SE","Northern Region",53.08196,-131.77925,2025,FALSE,0,NA,NA,0.0394,0.0032,0.1431
"MYTH","9466_NE",9466,"NE","Northern Region",57.34435,-125.50932,2017,FALSE,0,NA,NA,0.1678,0.0099,0.6225
"MYTH","9466_NE",9466,"NE","Northern Region",57.34435,-125.50932,2018,FALSE,0,NA,NA,0.0299,0.0012,0.1358
"MYTH","9466_NE",9466,"NE","Northern Region",57.34435,-125.50932,2019,FALSE,0,NA,NA,0.016,2e-04,0.0846
"MYTH","9466_NE",9466,"NE","Northern Region",57.34435,-125.50932,2020,FALSE,0,NA,NA,0.0091,0,0.0513
"MYTH","9466_NE",9466,"NE","Northern Region",57.34435,-125.50932,2021,FALSE,0,NA,NA,0.0091,4e-04,0.0379
"MYTH","9466_NE",9466,"NE","Northern Region",57.34435,-125.50932,2022,TRUE,3,0,0.0022,0.0117,4e-04,0.0464
"MYTH","9466_NE",9466,"NE","Northern Region",57.34435,-125.50932,2023,FALSE,0,NA,NA,0.0077,3e-04,0.0339
"MYTH","9466_NE",9466,"NE","Northern Region",57.34435,-125.50932,2024,TRUE,3,0,0.0082,0.0185,0.0018,0.0652
"MYTH","9466_NE",9466,"NE","Northern Region",57.34435,-125.50932,2025,FALSE,0,NA,NA,0.0206,0.0021,0.0681
"MYTH","9466_NW",9466,"NW","Northern Region",57.3459,-125.55037,2017,FALSE,0,NA,NA,0.3662,0.0097,0.9612
"MYTH","9466_NW",9466,"NW","Northern Region",57.3459,-125.55037,2018,FALSE,0,NA,NA,0.0539,0.0014,0.2632
"MYTH","9466_NW",9466,"NW","Northern Region",57.3459,-125.55037,2019,FALSE,0,NA,NA,0.0264,2e-04,0.1584
"MYTH","9466_NW",9466,"NW","Northern Region",57.3459,-125.55037,2020,FALSE,0,NA,NA,0.0144,0,0.0924
"MYTH","9466_NW",9466,"NW","Northern Region",57.3459,-125.55037,2021,FALSE,0,NA,NA,0.012,3e-04,0.0625
"MYTH","9466_NW",9466,"NW","Northern Region",57.3459,-125.55037,2022,TRUE,4,0,0.0027,0.0144,3e-04,0.0664
"MYTH","9466_NW",9466,"NW","Northern Region",57.3459,-125.55037,2023,FALSE,0,NA,NA,0.0094,1e-04,0.0511
"MYTH","9466_NW",9466,"NW","Northern Region",57.3459,-125.55037,2024,TRUE,3,0,0.008,0.0201,0.0011,0.0851
"MYTH","9466_NW",9466,"NW","Northern Region",57.3459,-125.55037,2025,TRUE,4,0,0.0049,0.0216,0.0013,0.0873
"MYTH","9466_SE",9466,"SE","Northern Region",57.31575,-125.49037,2017,FALSE,0,NA,NA,0.0565,0.0027,0.2384
"MYTH","9466_SE",9466,"SE","Northern Region",57.31575,-125.49037,2018,FALSE,0,NA,NA,0.0212,8e-04,0.0833
"MYTH","9466_SE",9466,"SE","Northern Region",57.31575,-125.49037,2019,FALSE,0,NA,NA,0.0173,2e-04,0.076
"MYTH","9466_SE",9466,"SE","Northern Region",57.31575,-125.49037,2020,FALSE,0,NA,NA,0.0135,1e-04,0.064
"MYTH","9466_SE",9466,"SE","Northern Region",57.31575,-125.49037,2021,FALSE,0,NA,NA,0.0185,9e-04,0.0729
"MYTH","9466_SE",9466,"SE","Northern Region",57.31575,-125.49037,2022,TRUE,4,0,0.0027,0.0231,9e-04,0.0852
"MYTH","9466_SE",9466,"SE","Northern Region",57.31575,-125.49037,2023,FALSE,0,NA,NA,0.0175,7e-04,0.0719
"MYTH","9466_SE",9466,"SE","Northern Region",57.31575,-125.49037,2024,TRUE,3,0,0.014,0.0378,0.0035,0.1389
"MYTH","9466_SE",9466,"SE","Northern Region",57.31575,-125.49037,2025,TRUE,4,0,0.0098,0.0439,0.0044,0.1479
"MYTH","9466_SW",9466,"SW","Northern Region",57.29483,-125.51474,2017,FALSE,0,NA,NA,0.1393,0.0092,0.5243
"MYTH","9466_SW",9466,"SW","Northern Region",57.29483,-125.51474,2018,FALSE,0,NA,NA,0.0291,0.0014,0.1208
"MYTH","9466_SW",9466,"SW","Northern Region",57.29483,-125.51474,2019,FALSE,0,NA,NA,0.0162,2e-04,0.0757
"MYTH","9466_SW",9466,"SW","Northern Region",57.29483,-125.51474,2020,FALSE,0,NA,NA,0.0095,1e-04,0.0486
"MYTH","9466_SW",9466,"SW","Northern Region",57.29483,-125.51474,2021,FALSE,0,NA,NA,0.0093,5e-04,0.0381
"MYTH","9466_SW",9466,"SW","Northern Region",57.29483,-125.51474,2022,TRUE,4,0,0.002,0.012,5e-04,0.0449
"MYTH","9466_SW",9466,"SW","Northern Region",57.29483,-125.51474,2023,FALSE,0,NA,NA,0.0081,3e-04,0.0345
"MYTH","9466_SW",9466,"SW","Northern Region",57.29483,-125.51474,2024,TRUE,3,0,0.006,0.0183,0.0022,0.0601
"MYTH","9466_SW",9466,"SW","Northern Region",57.29483,-125.51474,2025,TRUE,4,0,0.0053,0.0207,0.0026,0.0645
"MYTH","986_NE",986,"NE","Northern Region",53.188,-121.30225,2017,FALSE,0,NA,NA,0.3811,0.0098,0.9669
"MYTH","986_NE",986,"NE","Northern Region",53.188,-121.30225,2018,TRUE,3,0,0.0249,0.0544,0.001,0.2907
"MYTH","986_NE",986,"NE","Northern Region",53.188,-121.30225,2019,TRUE,3,0,0.0096,0.0274,1e-04,0.1954
"MYTH","986_NE",986,"NE","Northern Region",53.188,-121.30225,2020,TRUE,4,0,0.0058,0.0152,0,0.12
"MYTH","986_NE",986,"NE","Northern Region",53.188,-121.30225,2021,TRUE,4,0,0.0013,0.012,2e-04,0.0801
"MYTH","986_NE",986,"NE","Northern Region",53.188,-121.30225,2022,TRUE,4,0,0.004,0.0138,1e-04,0.077
"MYTH","986_NE",986,"NE","Northern Region",53.188,-121.30225,2023,TRUE,4,0,0.0018,0.0092,1e-04,0.0594
"MYTH","986_NE",986,"NE","Northern Region",53.188,-121.30225,2024,TRUE,4,0,0.0058,0.018,6e-04,0.088
"MYTH","986_NE",986,"NE","Northern Region",53.188,-121.30225,2025,TRUE,4,0,0.0076,0.0186,6e-04,0.0871
"MYTH","986_SE",986,"SE","Northern Region",53.1392,-121.2577,2017,FALSE,0,NA,NA,0.1642,0.0099,0.6166
"MYTH","986_SE",986,"SE","Northern Region",53.1392,-121.2577,2018,FALSE,0,NA,NA,0.0277,7e-04,0.1373
"MYTH","986_SE",986,"SE","Northern Region",53.1392,-121.2577,2019,TRUE,3,0,0.0033,0.0151,1e-04,0.0904
"MYTH","986_SE",986,"SE","Northern Region",53.1392,-121.2577,2020,TRUE,2,0,0.0027,0.0088,0,0.0557
"MYTH","986_SE",986,"SE","Northern Region",53.1392,-121.2577,2021,FALSE,0,NA,NA,0.0087,2e-04,0.0435
"MYTH","986_SE",986,"SE","Northern Region",53.1392,-121.2577,2022,TRUE,4,0,0.002,0.0109,2e-04,0.0509
"MYTH","986_SE",986,"SE","Northern Region",53.1392,-121.2577,2023,TRUE,4,0,0,0.0073,1e-04,0.0387
"MYTH","986_SE",986,"SE","Northern Region",53.1392,-121.2577,2024,TRUE,4,0,0.0029,0.0172,0.001,0.0711
"MYTH","986_SE",986,"SE","Northern Region",53.1392,-121.2577,2025,TRUE,4,0,0.0022,0.0186,0.0011,0.0751
