"species","site","GRTS_Cell_ID","Quadrant","region","lat","long","year","surveyed","n_visits","detected","p_occupied","psi_expected","psi_expected_lo95","psi_expected_hi95"
"EUMA","110378_NE",110378,"NE","Okanagan Region",49.04717,-119.5574,2017,FALSE,0,NA,NA,0.3621,0.1065,0.7028
"EUMA","110378_NE",110378,"NE","Okanagan Region",49.04717,-119.5574,2018,TRUE,2,0,0.7733,0.3181,0.122,0.5552
"EUMA","110378_NE",110378,"NE","Okanagan Region",49.04717,-119.5574,2019,TRUE,4,1,1,0.2805,0.1054,0.4986
"EUMA","110378_NE",110378,"NE","Okanagan Region",49.04717,-119.5574,2020,TRUE,4,1,1,0.3829,0.1875,0.6093
"EUMA","110378_NE",110378,"NE","Okanagan Region",49.04717,-119.5574,2021,TRUE,4,1,1,0.2934,0.0876,0.5542
"EUMA","110378_NE",110378,"NE","Okanagan Region",49.04717,-119.5574,2022,TRUE,4,1,1,0.4484,0.2243,0.7028
"EUMA","110378_NE",110378,"NE","Okanagan Region",49.04717,-119.5574,2023,TRUE,4,0,0.7418,0.4207,0.1747,0.6914
"EUMA","110378_NE",110378,"NE","Okanagan Region",49.04717,-119.5574,2024,TRUE,4,1,1,0.4031,0.1672,0.6753
"EUMA","110378_NE",110378,"NE","Okanagan Region",49.04717,-119.5574,2025,TRUE,4,1,1,0.364,0.1298,0.6445
"EUMA","110378_NW",110378,"NW","Okanagan Region",49.03536,-119.57546,2017,TRUE,4,0,0.2027,0.4912,0.1269,0.8898
"EUMA","110378_NW",110378,"NW","Okanagan Region",49.03536,-119.57546,2018,TRUE,4,0,0.0553,0.2424,0.0527,0.5299
"EUMA","110378_NW",110378,"NW","Okanagan Region",49.03536,-119.57546,2019,TRUE,4,0,0.0447,0.1688,0.0144,0.4647
"EUMA","110378_NW",110378,"NW","Okanagan Region",49.03536,-119.57546,2020,TRUE,4,1,1,0.3228,0.1036,0.6138
"EUMA","110378_NW",110378,"NW","Okanagan Region",49.03536,-119.57546,2021,TRUE,4,0,0.2376,0.1625,0.0184,0.4915
"EUMA","110378_NW",110378,"NW","Okanagan Region",49.03536,-119.57546,2022,TRUE,4,1,1,0.3827,0.1341,0.6986
"EUMA","110378_NW",110378,"NW","Okanagan Region",49.03536,-119.57546,2023,TRUE,4,1,1,0.285,0.0615,0.6171
"EUMA","110378_NW",110378,"NW","Okanagan Region",49.03536,-119.57546,2024,TRUE,4,0,0.1471,0.2501,0.0272,0.611
"EUMA","110378_NW",110378,"NW","Okanagan Region",49.03536,-119.57546,2025,TRUE,4,0,0.0844,0.2303,0.0465,0.5601
"EUMA","110378_SE",110378,"SE","Okanagan Region",49.01485,-119.53228,2017,FALSE,0,NA,NA,0.419,0.1067,0.8182
"EUMA","110378_SE",110378,"SE","Okanagan Region",49.01485,-119.53228,2018,TRUE,2,0,0.0496,0.241,0.0609,0.5036
"EUMA","110378_SE",110378,"SE","Okanagan Region",49.01485,-119.53228,2019,TRUE,4,0,0.012,0.1704,0.025,0.4351
"EUMA","110378_SE",110378,"SE","Okanagan Region",49.01485,-119.53228,2020,TRUE,4,0,0.0293,0.3093,0.11,0.5801
"EUMA","110378_SE",110378,"SE","Okanagan Region",49.01485,-119.53228,2021,TRUE,4,0,0.0084,0.1661,0.0237,0.4604
"EUMA","110378_SE",110378,"SE","Okanagan Region",49.01485,-119.53228,2022,TRUE,4,0,0.0524,0.3738,0.1418,0.6684
"EUMA","110378_SE",110378,"SE","Okanagan Region",49.01485,-119.53228,2023,TRUE,4,0,0.0318,0.2875,0.0746,0.6037
"EUMA","110378_SE",110378,"SE","Okanagan Region",49.01485,-119.53228,2024,TRUE,4,0,0.0122,0.2515,0.0426,0.5733
"EUMA","110378_SE",110378,"SE","Okanagan Region",49.01485,-119.53228,2025,TRUE,4,0,0.018,0.227,0.0556,0.5211
"EUMA","110378_SW",110378,"SW","Okanagan Region",49.00412,-119.59552,2017,TRUE,4,0,0.0513,0.4553,0.162,0.7998
"EUMA","110378_SW",110378,"SW","Okanagan Region",49.00412,-119.59552,2018,TRUE,4,0,0.0129,0.3368,0.1417,0.566
"EUMA","110378_SW",110378,"SW","Okanagan Region",49.00412,-119.59552,2019,TRUE,4,0,0.022,0.2669,0.0904,0.5023
"EUMA","110378_SW",110378,"SW","Okanagan Region",49.00412,-119.59552,2020,TRUE,4,1,1,0.3735,0.1736,0.6162
"EUMA","110378_SW",110378,"SW","Okanagan Region",49.00412,-119.59552,2021,TRUE,4,0,0.1507,0.2536,0.0702,0.5317
"EUMA","110378_SW",110378,"SW","Okanagan Region",49.00412,-119.59552,2022,TRUE,4,0,0.1484,0.4315,0.2048,0.6992
"EUMA","110378_SW",110378,"SW","Okanagan Region",49.00412,-119.59552,2023,TRUE,4,0,0.3276,0.3867,0.1648,0.6716
"EUMA","110378_SW",110378,"SW","Okanagan Region",49.00412,-119.59552,2024,TRUE,4,1,1,0.3549,0.1222,0.642
"EUMA","110378_SW",110378,"SW","Okanagan Region",49.00412,-119.59552,2025,TRUE,4,0,0.1473,0.3115,0.1027,0.5979
"EUMA","111466_NE",111466,"NE","Kootenay Region",49.00129,-115.06184,2017,FALSE,0,NA,NA,0.0847,0.0063,0.2948
"EUMA","111466_NE",111466,"NE","Kootenay Region",49.00129,-115.06184,2018,FALSE,0,NA,NA,0.0193,5e-04,0.0862
"EUMA","111466_NE",111466,"NE","Kootenay Region",49.00129,-115.06184,2019,FALSE,0,NA,NA,0.0091,0,0.0551
"EUMA","111466_NE",111466,"NE","Kootenay Region",49.00129,-115.06184,2020,FALSE,0,NA,NA,0.0094,3e-04,0.0441
"EUMA","111466_NE",111466,"NE","Kootenay Region",49.00129,-115.06184,2021,FALSE,0,NA,NA,0.0044,0,0.031
"EUMA","111466_NE",111466,"NE","Kootenay Region",49.00129,-115.06184,2022,FALSE,0,NA,NA,0.0094,2e-04,0.0427
"EUMA","111466_NE",111466,"NE","Kootenay Region",49.00129,-115.06184,2023,TRUE,4,0,9e-04,0.0069,1e-04,0.0373
"EUMA","111466_NE",111466,"NE","Kootenay Region",49.00129,-115.06184,2024,FALSE,0,NA,NA,0.0056,0,0.0326
"EUMA","111466_NE",111466,"NE","Kootenay Region",49.00129,-115.06184,2025,TRUE,4,0,9e-04,0.0048,1e-04,0.0266
"EUMA","111466_NW",111466,"NW","Kootenay Region",49.01861,-115.09568,2017,FALSE,0,NA,NA,0.0466,0.0026,0.1759
"EUMA","111466_NW",111466,"NW","Kootenay Region",49.01861,-115.09568,2018,FALSE,0,NA,NA,0.0269,0.0011,0.1061
"EUMA","111466_NW",111466,"NW","Kootenay Region",49.01861,-115.09568,2019,FALSE,0,NA,NA,0.0211,3e-04,0.092
"EUMA","111466_NW",111466,"NW","Kootenay Region",49.01861,-115.09568,2020,FALSE,0,NA,NA,0.0203,6e-04,0.0857
"EUMA","111466_NW",111466,"NW","Kootenay Region",49.01861,-115.09568,2021,FALSE,0,NA,NA,0.0162,1e-04,0.0782
"EUMA","111466_NW",111466,"NW","Kootenay Region",49.01861,-115.09568,2022,FALSE,0,NA,NA,0.0194,4e-04,0.0795
"EUMA","111466_NW",111466,"NW","Kootenay Region",49.01861,-115.09568,2023,TRUE,4,0,0.0024,0.0179,2e-04,0.0801
"EUMA","111466_NW",111466,"NW","Kootenay Region",49.01861,-115.09568,2024,FALSE,0,NA,NA,0.0173,1e-04,0.0799
"EUMA","111466_NW",111466,"NW","Kootenay Region",49.01861,-115.09568,2025,TRUE,4,0,0.0027,0.0161,1e-04,0.0768
"EUMA","114602_NE",114602,"NE","South Coastal Region",49.70588,-125.06708,2017,FALSE,0,NA,NA,0.0455,0.004,0.1616
"EUMA","114602_NE",114602,"NE","South Coastal Region",49.70588,-125.06708,2018,TRUE,3,0,0.0038,0.0188,7e-04,0.0662
"EUMA","114602_NE",114602,"NE","South Coastal Region",49.70588,-125.06708,2019,TRUE,4,0,0.0013,0.0128,1e-04,0.0557
"EUMA","114602_NE",114602,"NE","South Coastal Region",49.70588,-125.06708,2020,FALSE,0,NA,NA,0.0139,5e-04,0.0559
"EUMA","114602_NE",114602,"NE","South Coastal Region",49.70588,-125.06708,2021,FALSE,0,NA,NA,0.0095,1e-04,0.0477
"EUMA","114602_NE",114602,"NE","South Coastal Region",49.70588,-125.06708,2022,TRUE,4,0,0.0029,0.0142,4e-04,0.0586
"EUMA","114602_NE",114602,"NE","South Coastal Region",49.70588,-125.06708,2023,FALSE,0,NA,NA,0.0127,1e-04,0.059
"EUMA","114602_NE",114602,"NE","South Coastal Region",49.70588,-125.06708,2024,TRUE,4,0,0.0013,0.0117,1e-04,0.0562
"EUMA","114602_NE",114602,"NE","South Coastal Region",49.70588,-125.06708,2025,TRUE,4,0,0.0011,0.0107,1e-04,0.0566
"EUMA","114602_NW",114602,"NW","South Coastal Region",49.67623,-125.13792,2017,FALSE,0,NA,NA,0.0299,0.0017,0.1183
"EUMA","114602_NW",114602,"NW","South Coastal Region",49.67623,-125.13792,2018,TRUE,3,0,0.0013,0.0185,0.0011,0.0723
"EUMA","114602_NW",114602,"NW","South Coastal Region",49.67623,-125.13792,2019,TRUE,4,0,0,0.0149,4e-04,0.0629
"EUMA","114602_NW",114602,"NW","South Coastal Region",49.67623,-125.13792,2020,TRUE,4,0,7e-04,0.0153,7e-04,0.0606
"EUMA","114602_NW",114602,"NW","South Coastal Region",49.67623,-125.13792,2021,TRUE,4,0,0,0.0124,1e-04,0.0546
"EUMA","114602_NW",114602,"NW","South Coastal Region",49.67623,-125.13792,2022,TRUE,4,0,2e-04,0.0155,5e-04,0.0605
"EUMA","114602_NW",114602,"NW","South Coastal Region",49.67623,-125.13792,2023,FALSE,0,NA,NA,0.0148,3e-04,0.0614
"EUMA","114602_NW",114602,"NW","South Coastal Region",49.67623,-125.13792,2024,TRUE,4,0,4e-04,0.0146,1e-04,0.0616
"EUMA","114602_NW",114602,"NW","South Coastal Region",49.67623,-125.13792,2025,TRUE,4,0,4e-04,0.0138,1e-04,0.062
"EUMA","114602_SE",114602,"SE","South Coastal Region",49.65756,-125.0438,2017,FALSE,0,NA,NA,0.0897,0.0063,0.3732
"EUMA","114602_SE",114602,"SE","South Coastal Region",49.65756,-125.0438,2018,TRUE,3,0,0.0022,0.0185,5e-04,0.0781
"EUMA","114602_SE",114602,"SE","South Coastal Region",49.65756,-125.0438,2019,TRUE,4,0,0,0.0101,0,0.0557
"EUMA","114602_SE",114602,"SE","South Coastal Region",49.65756,-125.0438,2020,TRUE,4,0,0.0011,0.0123,4e-04,0.0557
"EUMA","114602_SE",114602,"SE","South Coastal Region",49.65756,-125.0438,2021,TRUE,4,0,2e-04,0.0065,0,0.0416
"EUMA","114602_SE",114602,"SE","South Coastal Region",49.65756,-125.0438,2022,TRUE,4,0,2e-04,0.0126,3e-04,0.0543
"EUMA","114602_SE",114602,"SE","South Coastal Region",49.65756,-125.0438,2023,FALSE,0,NA,NA,0.0103,1e-04,0.0536
"EUMA","114602_SE",114602,"SE","South Coastal Region",49.65756,-125.0438,2024,TRUE,4,0,2e-04,0.0086,0,0.0487
"EUMA","114602_SE",114602,"SE","South Coastal Region",49.65756,-125.0438,2025,TRUE,4,0,7e-04,0.0077,1e-04,0.0449
"EUMA","114602_SW",114602,"SW","South Coastal Region",49.64146,-125.08654,2017,FALSE,0,NA,NA,0.0603,0.0055,0.2273
"EUMA","114602_SW",114602,"SW","South Coastal Region",49.64146,-125.08654,2018,TRUE,4,0,4e-04,0.0229,0.0012,0.0794
"EUMA","114602_SW",114602,"SW","South Coastal Region",49.64146,-125.08654,2019,TRUE,4,0,4e-04,0.0149,2e-04,0.0613
"EUMA","114602_SW",114602,"SW","South Coastal Region",49.64146,-125.08654,2020,TRUE,4,0,0,0.0145,6e-04,0.0571
"EUMA","114602_SW",114602,"SW","South Coastal Region",49.64146,-125.08654,2021,TRUE,4,0,2e-04,0.0099,1e-04,0.0504
"EUMA","114602_SW",114602,"SW","South Coastal Region",49.64146,-125.08654,2022,TRUE,2,0,0.002,0.0134,3e-04,0.0554
"EUMA","114602_SW",114602,"SW","South Coastal Region",49.64146,-125.08654,2023,FALSE,0,NA,NA,0.0121,2e-04,0.0547
"EUMA","114602_SW",114602,"SW","South Coastal Region",49.64146,-125.08654,2024,TRUE,4,0,2e-04,0.0111,1e-04,0.0529
"EUMA","114602_SW",114602,"SW","South Coastal Region",49.64146,-125.08654,2025,TRUE,4,0,2e-04,0.0099,1e-04,0.0518
"EUMA","115322_NE",115322,"NE","Northern Region",52.37764,-125.98565,2017,FALSE,0,NA,NA,0.0592,0.0046,0.2264
"EUMA","115322_NE",115322,"NE","Northern Region",52.37764,-125.98565,2018,TRUE,3,0,0.0038,0.0375,0.0023,0.1406
"EUMA","115322_NE",115322,"NE","Northern Region",52.37764,-125.98565,2019,FALSE,0,NA,NA,0.0302,7e-04,0.1234
"EUMA","115322_NE",115322,"NE","Northern Region",52.37764,-125.98565,2020,TRUE,3,0,0.0011,0.0277,0.001,0.1144
"EUMA","115322_NE",115322,"NE","Northern Region",52.37764,-125.98565,2021,TRUE,4,0,7e-04,0.0225,2e-04,0.1017
"EUMA","115322_NE",115322,"NE","Northern Region",52.37764,-125.98565,2022,TRUE,3,0,0.0022,0.0241,6e-04,0.1005
"EUMA","115322_NE",115322,"NE","Northern Region",52.37764,-125.98565,2023,TRUE,4,0,7e-04,0.0225,4e-04,0.0972
"EUMA","115322_NE",115322,"NE","Northern Region",52.37764,-125.98565,2024,FALSE,0,NA,NA,0.0215,2e-04,0.0958
"EUMA","115322_NE",115322,"NE","Northern Region",52.37764,-125.98565,2025,TRUE,4,0,0.0013,0.0196,2e-04,0.0931
"EUMA","115322_NW",115322,"NW","Northern Region",52.37481,-126.08159,2017,FALSE,0,NA,NA,0.2814,0.0056,0.9335
"EUMA","115322_NW",115322,"NW","Northern Region",52.37481,-126.08159,2018,TRUE,2,0,0.0044,0.0213,1e-04,0.1422
"EUMA","115322_NW",115322,"NW","Northern Region",52.37481,-126.08159,2019,TRUE,3,0,0.0013,0.0106,0,0.087
"EUMA","115322_NW",115322,"NW","Northern Region",52.37481,-126.08159,2020,TRUE,3,0,0.0042,0.0177,3e-04,0.0968
"EUMA","115322_NW",115322,"NW","Northern Region",52.37481,-126.08159,2021,TRUE,4,0,4e-04,0.0068,0,0.0595
"EUMA","115322_NW",115322,"NW","Northern Region",52.37481,-126.08159,2022,TRUE,3,0,0.0058,0.0184,2e-04,0.0961
"EUMA","115322_NW",115322,"NW","Northern Region",52.37481,-126.08159,2023,TRUE,4,0,0.0029,0.0135,0,0.0886
"EUMA","115322_NW",115322,"NW","Northern Region",52.37481,-126.08159,2024,TRUE,4,0,0.0011,0.0099,0,0.0643
"EUMA","115322_NW",115322,"NW","Northern Region",52.37481,-126.08159,2025,TRUE,4,0,9e-04,0.0092,0,0.0609
"EUMA","115322_SE",115322,"SE","Northern Region",52.35752,-126.01253,2017,FALSE,0,NA,NA,0.1287,0.0078,0.5142
"EUMA","115322_SE",115322,"SE","Northern Region",52.35752,-126.01253,2018,TRUE,2,0,0.0209,0.0389,0.0014,0.1656
"EUMA","115322_SE",115322,"SE","Northern Region",52.35752,-126.01253,2019,TRUE,3,0,0.0053,0.0219,1e-04,0.1168
"EUMA","115322_SE",115322,"SE","Northern Region",52.35752,-126.01253,2020,FALSE,0,NA,NA,0.0181,5e-04,0.0915
"EUMA","115322_SE",115322,"SE","Northern Region",52.35752,-126.01253,2021,TRUE,2,0,9e-04,0.0109,0,0.0677
"EUMA","115322_SE",115322,"SE","Northern Region",52.35752,-126.01253,2022,TRUE,4,0,0.0011,0.0142,4e-04,0.0685
"EUMA","115322_SE",115322,"SE","Northern Region",52.35752,-126.01253,2023,TRUE,4,0,9e-04,0.012,2e-04,0.0643
"EUMA","115322_SE",115322,"SE","Northern Region",52.35752,-126.01253,2024,TRUE,3,0,7e-04,0.0106,1e-04,0.0616
"EUMA","115322_SE",115322,"SE","Northern Region",52.35752,-126.01253,2025,TRUE,4,0,0.002,0.0089,1e-04,0.0547
"EUMA","115322_SW",115322,"SW","Northern Region",52.34498,-126.07967,2017,FALSE,0,NA,NA,0.1101,0.0077,0.4376
"EUMA","115322_SW",115322,"SW","Northern Region",52.34498,-126.07967,2018,TRUE,3,0,0.0022,0.0316,4e-04,0.1371
"EUMA","115322_SW",115322,"SW","Northern Region",52.34498,-126.07967,2019,TRUE,3,0,4e-04,0.02,0,0.1066
"EUMA","115322_SW",115322,"SW","Northern Region",52.34498,-126.07967,2020,TRUE,3,0,0.0016,0.0196,3e-04,0.099
"EUMA","115322_SW",115322,"SW","Northern Region",52.34498,-126.07967,2021,TRUE,2,0,4e-04,0.0125,0,0.0774
"EUMA","115322_SW",115322,"SW","Northern Region",52.34498,-126.07967,2022,TRUE,2,0,0.0024,0.017,2e-04,0.0862
"EUMA","115322_SW",115322,"SW","Northern Region",52.34498,-126.07967,2023,TRUE,4,0,2e-04,0.0145,1e-04,0.0783
"EUMA","115322_SW",115322,"SW","Northern Region",52.34498,-126.07967,2024,TRUE,3,0,2e-04,0.0128,0,0.0772
"EUMA","115322_SW",115322,"SW","Northern Region",52.34498,-126.07967,2025,TRUE,4,0,7e-04,0.0113,0,0.0696
"EUMA","1194_NW",1194,"NW","Kootenay Region",50.11749,-117.523,2017,TRUE,4,0,0.0069,0.0731,0.0069,0.2462
"EUMA","1194_NW",1194,"NW","Kootenay Region",50.11749,-117.523,2018,TRUE,2,0,0.0011,0.0348,0.0016,0.1249
"EUMA","1194_NW",1194,"NW","Kootenay Region",50.11749,-117.523,2019,TRUE,4,0,0,0.023,3e-04,0.0993
"EUMA","1194_NW",1194,"NW","Kootenay Region",50.11749,-117.523,2020,TRUE,4,0,0,0.0198,6e-04,0.085
"EUMA","1194_NW",1194,"NW","Kootenay Region",50.11749,-117.523,2021,TRUE,4,0,0,0.0135,1e-04,0.0712
"EUMA","1194_NW",1194,"NW","Kootenay Region",50.11749,-117.523,2022,TRUE,4,0,9e-04,0.0163,4e-04,0.0741
"EUMA","1194_NW",1194,"NW","Kootenay Region",50.11749,-117.523,2023,TRUE,4,0,4e-04,0.0142,2e-04,0.0687
"EUMA","1194_NW",1194,"NW","Kootenay Region",50.11749,-117.523,2024,TRUE,4,0,0,0.0129,1e-04,0.0671
"EUMA","1194_NW",1194,"NW","Kootenay Region",50.11749,-117.523,2025,TRUE,3,0,0,0.0112,1e-04,0.0638
"EUMA","1194_SW",1194,"SW","Kootenay Region",50.0903,-117.4679,2017,TRUE,4,0,0.0702,0.1649,0.0081,0.6095
"EUMA","1194_SW",1194,"SW","Kootenay Region",50.0903,-117.4679,2018,FALSE,0,NA,NA,0.0259,4e-04,0.1409
"EUMA","1194_SW",1194,"SW","Kootenay Region",50.0903,-117.4679,2019,TRUE,4,0,7e-04,0.0116,0,0.0832
"EUMA","1194_SW",1194,"SW","Kootenay Region",50.0903,-117.4679,2020,TRUE,4,0,0.0018,0.0136,3e-04,0.0679
"EUMA","1194_SW",1194,"SW","Kootenay Region",50.0903,-117.4679,2021,TRUE,4,0,4e-04,0.0058,0,0.0433
"EUMA","1194_SW",1194,"SW","Kootenay Region",50.0903,-117.4679,2022,FALSE,0,NA,NA,0.0137,3e-04,0.0675
"EUMA","1194_SW",1194,"SW","Kootenay Region",50.0903,-117.4679,2023,FALSE,0,NA,NA,0.0099,1e-04,0.0579
"EUMA","1194_SW",1194,"SW","Kootenay Region",50.0903,-117.4679,2024,FALSE,0,NA,NA,0.0078,0,0.0489
"EUMA","1194_SW",1194,"SW","Kootenay Region",50.0903,-117.4679,2025,FALSE,0,NA,NA,0.0069,1e-04,0.041
"EUMA","12522_NE",12522,"NE","South Coastal Region",49.72155,-124.51563,2017,FALSE,0,NA,NA,0.0515,0.0049,0.1859
"EUMA","12522_NE",12522,"NE","South Coastal Region",49.72155,-124.51563,2018,FALSE,0,NA,NA,0.0245,0.0013,0.0825
"EUMA","12522_NE",12522,"NE","South Coastal Region",49.72155,-124.51563,2019,TRUE,3,0,0.0016,0.0176,2e-04,0.0679
"EUMA","12522_NE",12522,"NE","South Coastal Region",49.72155,-124.51563,2020,TRUE,3,0,9e-04,0.0174,7e-04,0.0645
"EUMA","12522_NE",12522,"NE","South Coastal Region",49.72155,-124.51563,2021,TRUE,4,0,4e-04,0.0129,1e-04,0.0578
"EUMA","12522_NE",12522,"NE","South Coastal Region",49.72155,-124.51563,2022,TRUE,3,0,9e-04,0.0163,4e-04,0.0643
"EUMA","12522_NE",12522,"NE","South Coastal Region",49.72155,-124.51563,2023,FALSE,0,NA,NA,0.0151,3e-04,0.0646
"EUMA","12522_NE",12522,"NE","South Coastal Region",49.72155,-124.51563,2024,FALSE,0,NA,NA,0.0144,1e-04,0.0646
"EUMA","12522_NE",12522,"NE","South Coastal Region",49.72155,-124.51563,2025,FALSE,0,NA,NA,0.0131,1e-04,0.0636
"EUMA","12522_NW",12522,"NW","South Coastal Region",49.75757,-124.56308,2017,TRUE,4,0,0.0062,0.0389,0.0017,0.1678
"EUMA","12522_NW",12522,"NW","South Coastal Region",49.75757,-124.56308,2018,TRUE,3,0,7e-04,0.0218,6e-04,0.0941
"EUMA","12522_NW",12522,"NW","South Coastal Region",49.75757,-124.56308,2019,TRUE,2,0,0,0.0172,1e-04,0.0788
"EUMA","12522_NW",12522,"NW","South Coastal Region",49.75757,-124.56308,2020,TRUE,3,0,4e-04,0.0191,6e-04,0.0795
"EUMA","12522_NW",12522,"NW","South Coastal Region",49.75757,-124.56308,2021,FALSE,0,NA,NA,0.0149,1e-04,0.0701
"EUMA","12522_NW",12522,"NW","South Coastal Region",49.75757,-124.56308,2022,FALSE,0,NA,NA,0.0205,4e-04,0.0867
"EUMA","12522_NW",12522,"NW","South Coastal Region",49.75757,-124.56308,2023,FALSE,0,NA,NA,0.0193,2e-04,0.0861
"EUMA","12522_NW",12522,"NW","South Coastal Region",49.75757,-124.56308,2024,TRUE,4,0,4e-04,0.0188,1e-04,0.0892
"EUMA","12522_NW",12522,"NW","South Coastal Region",49.75757,-124.56308,2025,FALSE,0,NA,NA,0.018,1e-04,0.0901
"EUMA","12522_SE",12522,"SE","South Coastal Region",49.70213,-124.47636,2017,TRUE,3,0,0.026,0.0571,0.0055,0.2187
"EUMA","12522_SE",12522,"SE","South Coastal Region",49.70213,-124.47636,2018,TRUE,3,0,0.002,0.013,4e-04,0.0537
"EUMA","12522_SE",12522,"SE","South Coastal Region",49.70213,-124.47636,2019,FALSE,0,NA,NA,0.007,0,0.0383
"EUMA","12522_SE",12522,"SE","South Coastal Region",49.70213,-124.47636,2020,TRUE,3,0,0.0018,0.0102,3e-04,0.0451
"EUMA","12522_SE",12522,"SE","South Coastal Region",49.70213,-124.47636,2021,TRUE,2,0,4e-04,0.0048,0,0.0305
"EUMA","12522_SE",12522,"SE","South Coastal Region",49.70213,-124.47636,2022,FALSE,0,NA,NA,0.0118,3e-04,0.0521
"EUMA","12522_SE",12522,"SE","South Coastal Region",49.70213,-124.47636,2023,TRUE,4,0,9e-04,0.0089,1e-04,0.0472
"EUMA","12522_SE",12522,"SE","South Coastal Region",49.70213,-124.47636,2024,TRUE,4,0,0.0011,0.0071,0,0.0403
"EUMA","12522_SE",12522,"SE","South Coastal Region",49.70213,-124.47636,2025,FALSE,0,NA,NA,0.0066,1e-04,0.0362
"EUMA","12522_SW",12522,"SW","South Coastal Region",49.7022,-124.52268,2017,TRUE,3,0,0.0111,0.0403,0.003,0.1461
"EUMA","12522_SW",12522,"SW","South Coastal Region",49.7022,-124.52268,2018,TRUE,3,0,0.0018,0.0237,0.0015,0.0842
"EUMA","12522_SW",12522,"SW","South Coastal Region",49.7022,-124.52268,2019,TRUE,3,0,2e-04,0.0185,4e-04,0.0719
"EUMA","12522_SW",12522,"SW","South Coastal Region",49.7022,-124.52268,2020,TRUE,3,0,0.0011,0.0186,8e-04,0.0683
"EUMA","12522_SW",12522,"SW","South Coastal Region",49.7022,-124.52268,2021,TRUE,4,0,2e-04,0.0148,2e-04,0.0635
"EUMA","12522_SW",12522,"SW","South Coastal Region",49.7022,-124.52268,2022,TRUE,3,0,0.002,0.0181,6e-04,0.07
"EUMA","12522_SW",12522,"SW","South Coastal Region",49.7022,-124.52268,2023,FALSE,0,NA,NA,0.0173,3e-04,0.0715
"EUMA","12522_SW",12522,"SW","South Coastal Region",49.7022,-124.52268,2024,FALSE,0,NA,NA,0.0169,2e-04,0.0723
"EUMA","12522_SW",12522,"SW","South Coastal Region",49.7022,-124.52268,2025,FALSE,0,NA,NA,0.0158,2e-04,0.0721
"EUMA","127850_NE",127850,"NE","Kootenay Region",49.31307,-115.01912,2017,TRUE,4,0,0.0058,0.0463,0.0019,0.189
"EUMA","127850_NE",127850,"NE","Kootenay Region",49.31307,-115.01912,2018,FALSE,0,NA,NA,0.0283,9e-04,0.1215
"EUMA","127850_NE",127850,"NE","Kootenay Region",49.31307,-115.01912,2019,TRUE,4,0,2e-04,0.0228,2e-04,0.1083
"EUMA","127850_NE",127850,"NE","Kootenay Region",49.31307,-115.01912,2020,TRUE,4,0,7e-04,0.0222,3e-04,0.1018
"EUMA","127850_NE",127850,"NE","Kootenay Region",49.31307,-115.01912,2021,TRUE,4,0,2e-04,0.0182,0,0.0908
"EUMA","127850_NE",127850,"NE","Kootenay Region",49.31307,-115.01912,2022,FALSE,0,NA,NA,0.0214,2e-04,0.1018
"EUMA","127850_NE",127850,"NE","Kootenay Region",49.31307,-115.01912,2023,FALSE,0,NA,NA,0.02,1e-04,0.0987
"EUMA","127850_NE",127850,"NE","Kootenay Region",49.31307,-115.01912,2024,FALSE,0,NA,NA,0.0196,0,0.0992
"EUMA","127850_NE",127850,"NE","Kootenay Region",49.31307,-115.01912,2025,FALSE,0,NA,NA,0.0183,0,0.0988
"EUMA","127850_NW",127850,"NW","Kootenay Region",49.3096,-115.05201,2017,TRUE,4,0,0.0158,0.0509,0.0036,0.1778
"EUMA","127850_NW",127850,"NW","Kootenay Region",49.3096,-115.05201,2018,FALSE,0,NA,NA,0.0239,9e-04,0.0924
"EUMA","127850_NW",127850,"NW","Kootenay Region",49.3096,-115.05201,2019,TRUE,4,0,0.0027,0.0163,2e-04,0.0724
"EUMA","127850_NW",127850,"NW","Kootenay Region",49.3096,-115.05201,2020,TRUE,4,0,0.0016,0.0149,3e-04,0.0648
"EUMA","127850_NW",127850,"NW","Kootenay Region",49.3096,-115.05201,2021,TRUE,4,0,4e-04,0.0105,0,0.055
"EUMA","127850_NW",127850,"NW","Kootenay Region",49.3096,-115.05201,2022,TRUE,4,0,0.002,0.0135,3e-04,0.0593
"EUMA","127850_NW",127850,"NW","Kootenay Region",49.3096,-115.05201,2023,FALSE,0,NA,NA,0.0117,1e-04,0.0572
"EUMA","127850_NW",127850,"NW","Kootenay Region",49.3096,-115.05201,2024,FALSE,0,NA,NA,0.0108,0,0.0559
"EUMA","127850_NW",127850,"NW","Kootenay Region",49.3096,-115.05201,2025,FALSE,0,NA,NA,0.0096,1e-04,0.0533
"EUMA","127850_SE",127850,"SE","Kootenay Region",49.28498,-114.95395,2017,FALSE,0,NA,NA,0.0816,0.005,0.3046
"EUMA","127850_SE",127850,"SE","Kootenay Region",49.28498,-114.95395,2018,FALSE,0,NA,NA,0.0219,5e-04,0.1031
"EUMA","127850_SE",127850,"SE","Kootenay Region",49.28498,-114.95395,2019,TRUE,4,0,0.0016,0.0116,0,0.0675
"EUMA","127850_SE",127850,"SE","Kootenay Region",49.28498,-114.95395,2020,TRUE,4,0,7e-04,0.0106,2e-04,0.0562
"EUMA","127850_SE",127850,"SE","Kootenay Region",49.28498,-114.95395,2021,TRUE,4,0,2e-04,0.0059,0,0.0418
"EUMA","127850_SE",127850,"SE","Kootenay Region",49.28498,-114.95395,2022,TRUE,4,0,0.0016,0.0096,2e-04,0.0468
"EUMA","127850_SE",127850,"SE","Kootenay Region",49.28498,-114.95395,2023,TRUE,4,0,0.0013,0.0075,1e-04,0.0424
"EUMA","127850_SE",127850,"SE","Kootenay Region",49.28498,-114.95395,2024,FALSE,0,NA,NA,0.0064,0,0.0378
"EUMA","127850_SE",127850,"SE","Kootenay Region",49.28498,-114.95395,2025,FALSE,0,NA,NA,0.0054,0,0.033
"EUMA","127850_SW",127850,"SW","Kootenay Region",49.2671,-115.02532,2017,TRUE,4,0,0.0089,0.0434,0.0021,0.1694
"EUMA","127850_SW",127850,"SW","Kootenay Region",49.2671,-115.02532,2018,FALSE,0,NA,NA,0.0194,5e-04,0.0833
"EUMA","127850_SW",127850,"SW","Kootenay Region",49.2671,-115.02532,2019,TRUE,3,0,2e-04,0.0137,1e-04,0.0664
"EUMA","127850_SW",127850,"SW","Kootenay Region",49.2671,-115.02532,2020,TRUE,4,0,2e-04,0.0135,3e-04,0.0604
"EUMA","127850_SW",127850,"SW","Kootenay Region",49.2671,-115.02532,2021,TRUE,4,0,0,0.0097,0,0.0529
"EUMA","127850_SW",127850,"SW","Kootenay Region",49.2671,-115.02532,2022,TRUE,4,0,0,0.0133,3e-04,0.0578
"EUMA","127850_SW",127850,"SW","Kootenay Region",49.2671,-115.02532,2023,TRUE,4,0,2e-04,0.0115,1e-04,0.0555
"EUMA","127850_SW",127850,"SW","Kootenay Region",49.2671,-115.02532,2024,TRUE,4,0,4e-04,0.0108,0,0.0548
"EUMA","127850_SW",127850,"SW","Kootenay Region",49.2671,-115.02532,2025,FALSE,0,NA,NA,0.0098,1e-04,0.052
"EUMA","128058_NE",128058,"NE","South Coastal Region",48.84117,-123.42727,2017,FALSE,0,NA,NA,0.0364,8e-04,0.1873
"EUMA","128058_NE",128058,"NE","South Coastal Region",48.84117,-123.42727,2018,TRUE,4,0,4e-04,0.0281,9e-04,0.1392
"EUMA","128058_NE",128058,"NE","South Coastal Region",48.84117,-123.42727,2019,TRUE,4,0,0,0.0258,7e-04,0.1286
"EUMA","128058_NE",128058,"NE","South Coastal Region",48.84117,-123.42727,2020,TRUE,4,0,2e-04,0.0268,0.0014,0.122
"EUMA","128058_NE",128058,"NE","South Coastal Region",48.84117,-123.42727,2021,TRUE,4,0,4e-04,0.0233,3e-04,0.1102
"EUMA","128058_NE",128058,"NE","South Coastal Region",48.84117,-123.42727,2022,TRUE,2,0,0.0038,0.0281,0.0011,0.1191
"EUMA","128058_NE",128058,"NE","South Coastal Region",48.84117,-123.42727,2023,FALSE,0,NA,NA,0.0275,5e-04,0.1199
"EUMA","128058_NE",128058,"NE","South Coastal Region",48.84117,-123.42727,2024,FALSE,0,NA,NA,0.0281,4e-04,0.1182
"EUMA","128058_NE",128058,"NE","South Coastal Region",48.84117,-123.42727,2025,FALSE,0,NA,NA,0.0277,3e-04,0.1182
"EUMA","128058_NW",128058,"NW","South Coastal Region",48.82144,-123.48643,2017,FALSE,0,NA,NA,0.0652,0.0058,0.2486
"EUMA","128058_NW",128058,"NW","South Coastal Region",48.82144,-123.48643,2018,TRUE,4,0,0.002,0.0385,0.0026,0.1295
"EUMA","128058_NW",128058,"NW","South Coastal Region",48.82144,-123.48643,2019,TRUE,4,0,4e-04,0.0303,6e-04,0.1073
"EUMA","128058_NW",128058,"NW","South Coastal Region",48.82144,-123.48643,2020,TRUE,4,0,2e-04,0.0255,0.0011,0.0891
"EUMA","128058_NW",128058,"NW","South Coastal Region",48.82144,-123.48643,2021,TRUE,4,0,0,0.0182,1e-04,0.0746
"EUMA","128058_NW",128058,"NW","South Coastal Region",48.82144,-123.48643,2022,TRUE,4,0,2e-04,0.02,5e-04,0.0758
"EUMA","128058_NW",128058,"NW","South Coastal Region",48.82144,-123.48643,2023,FALSE,0,NA,NA,0.0181,3e-04,0.0731
"EUMA","128058_NW",128058,"NW","South Coastal Region",48.82144,-123.48643,2024,FALSE,0,NA,NA,0.0169,1e-04,0.072
"EUMA","128058_NW",128058,"NW","South Coastal Region",48.82144,-123.48643,2025,FALSE,0,NA,NA,0.015,1e-04,0.0719
"EUMA","128058_SW",128058,"SW","South Coastal Region",48.79828,-123.47632,2017,FALSE,0,NA,NA,0.0455,0.004,0.163
"EUMA","128058_SW",128058,"SW","South Coastal Region",48.79828,-123.47632,2018,TRUE,4,0,4e-04,0.0326,0.0028,0.112
"EUMA","128058_SW",128058,"SW","South Coastal Region",48.79828,-123.47632,2019,TRUE,4,0,2e-04,0.0279,0.0011,0.0968
"EUMA","128058_SW",128058,"SW","South Coastal Region",48.79828,-123.47632,2020,TRUE,4,0,2e-04,0.0254,0.0015,0.0839
"EUMA","128058_SW",128058,"SW","South Coastal Region",48.79828,-123.47632,2021,TRUE,4,0,0,0.0204,3e-04,0.0742
"EUMA","128058_SW",128058,"SW","South Coastal Region",48.79828,-123.47632,2022,TRUE,4,0,2e-04,0.0225,8e-04,0.0778
"EUMA","128058_SW",128058,"SW","South Coastal Region",48.79828,-123.47632,2023,FALSE,0,NA,NA,0.0213,5e-04,0.0769
"EUMA","128058_SW",128058,"SW","South Coastal Region",48.79828,-123.47632,2024,FALSE,0,NA,NA,0.0206,3e-04,0.0791
"EUMA","128058_SW",128058,"SW","South Coastal Region",48.79828,-123.47632,2025,FALSE,0,NA,NA,0.0191,2e-04,0.0792
"EUMA","132650_SE",132650,"SE","Okanagan Region",51.81828,-122.42144,2017,FALSE,0,NA,NA,0.4001,0.145,0.6918
"EUMA","132650_SE",132650,"SE","Okanagan Region",51.81828,-122.42144,2018,FALSE,0,NA,NA,0.433,0.2145,0.6921
"EUMA","132650_SE",132650,"SE","Okanagan Region",51.81828,-122.42144,2019,FALSE,0,NA,NA,0.4436,0.2231,0.6967
"EUMA","132650_SE",132650,"SE","Okanagan Region",51.81828,-122.42144,2020,TRUE,4,1,1,0.5388,0.2852,0.8145
"EUMA","132650_SE",132650,"SE","Okanagan Region",51.81828,-122.42144,2021,TRUE,4,1,1,0.5206,0.258,0.7964
"EUMA","132650_SE",132650,"SE","Okanagan Region",51.81828,-122.42144,2022,TRUE,2,0,0.8524,0.6116,0.3115,0.8964
"EUMA","132650_SE",132650,"SE","Okanagan Region",51.81828,-122.42144,2023,TRUE,3,0,0.8298,0.6249,0.31,0.8995
"EUMA","132650_SE",132650,"SE","Okanagan Region",51.81828,-122.42144,2024,TRUE,4,1,1,0.6373,0.3105,0.9142
"EUMA","132650_SE",132650,"SE","Okanagan Region",51.81828,-122.42144,2025,TRUE,4,1,1,0.6269,0.2974,0.9101
"EUMA","132650_SW",132650,"SW","Okanagan Region",51.80225,-122.46284,2017,FALSE,0,NA,NA,0.3431,0.098,0.6721
"EUMA","132650_SW",132650,"SW","Okanagan Region",51.80225,-122.46284,2018,FALSE,0,NA,NA,0.3323,0.1258,0.5927
"EUMA","132650_SW",132650,"SW","Okanagan Region",51.80225,-122.46284,2019,FALSE,0,NA,NA,0.3176,0.1168,0.5613
"EUMA","132650_SW",132650,"SW","Okanagan Region",51.80225,-122.46284,2020,TRUE,4,1,1,0.4273,0.2127,0.6602
"EUMA","132650_SW",132650,"SW","Okanagan Region",51.80225,-122.46284,2021,TRUE,3,0,0.6169,0.3657,0.1016,0.6338
"EUMA","132650_SW",132650,"SW","Okanagan Region",51.80225,-122.46284,2022,TRUE,4,1,1,0.5099,0.2649,0.7586
"EUMA","132650_SW",132650,"SW","Okanagan Region",51.80225,-122.46284,2023,TRUE,3,1,1,0.4952,0.1909,0.781
"EUMA","132650_SW",132650,"SW","Okanagan Region",51.80225,-122.46284,2024,FALSE,0,NA,NA,0.497,0.2043,0.7795
"EUMA","132650_SW",132650,"SW","Okanagan Region",51.80225,-122.46284,2025,TRUE,4,1,1,0.4697,0.1669,0.7799
"EUMA","137274_NE",137274,"NE","South Coastal Region",48.79,-123.6988,2017,FALSE,0,NA,NA,0.1028,0.006,0.4392
"EUMA","137274_NE",137274,"NE","South Coastal Region",48.79,-123.6988,2018,TRUE,4,0,9e-04,0.0262,8e-04,0.108
"EUMA","137274_NE",137274,"NE","South Coastal Region",48.79,-123.6988,2019,TRUE,3,0,0,0.0154,1e-04,0.0822
"EUMA","137274_NE",137274,"NE","South Coastal Region",48.79,-123.6988,2020,TRUE,4,0,9e-04,0.0158,5e-04,0.0711
"EUMA","137274_NE",137274,"NE","South Coastal Region",48.79,-123.6988,2021,FALSE,0,NA,NA,0.0086,0,0.0533
"EUMA","137274_NE",137274,"NE","South Coastal Region",48.79,-123.6988,2022,TRUE,4,0,4e-04,0.015,3e-04,0.0661
"EUMA","137274_NE",137274,"NE","South Coastal Region",48.79,-123.6988,2023,TRUE,4,0,0.0018,0.0124,1e-04,0.0649
"EUMA","137274_NE",137274,"NE","South Coastal Region",48.79,-123.6988,2024,FALSE,0,NA,NA,0.0106,0,0.0604
"EUMA","137274_NE",137274,"NE","South Coastal Region",48.79,-123.6988,2025,FALSE,0,NA,NA,0.0094,1e-04,0.0576
"EUMA","137274_NW",137274,"NW","South Coastal Region",48.7891,-123.719,2017,FALSE,0,NA,NA,0.0655,0.0055,0.2511
"EUMA","137274_NW",137274,"NW","South Coastal Region",48.7891,-123.719,2018,TRUE,4,0,0.0024,0.0335,0.0021,0.109
"EUMA","137274_NW",137274,"NW","South Coastal Region",48.7891,-123.719,2019,TRUE,4,0,9e-04,0.0248,4e-04,0.0906
"EUMA","137274_NW",137274,"NW","South Coastal Region",48.7891,-123.719,2020,TRUE,4,0,0.0018,0.0218,9e-04,0.0814
"EUMA","137274_NW",137274,"NW","South Coastal Region",48.7891,-123.719,2021,TRUE,4,0,0,0.0156,1e-04,0.0703
"EUMA","137274_NW",137274,"NW","South Coastal Region",48.7891,-123.719,2022,TRUE,4,0,0.0011,0.0186,4e-04,0.0734
"EUMA","137274_NW",137274,"NW","South Coastal Region",48.7891,-123.719,2023,TRUE,3,0,0.0018,0.0169,3e-04,0.0717
"EUMA","137274_NW",137274,"NW","South Coastal Region",48.7891,-123.719,2024,FALSE,0,NA,NA,0.0158,1e-04,0.0707
"EUMA","137274_NW",137274,"NW","South Coastal Region",48.7891,-123.719,2025,FALSE,0,NA,NA,0.0142,1e-04,0.0693
"EUMA","137274_SE",137274,"SE","South Coastal Region",48.7539,-123.6447,2017,FALSE,0,NA,NA,0.1146,0.0061,0.5006
"EUMA","137274_SE",137274,"SE","South Coastal Region",48.7539,-123.6447,2018,TRUE,4,0,0.0011,0.0288,8e-04,0.1219
"EUMA","137274_SE",137274,"SE","South Coastal Region",48.7539,-123.6447,2019,TRUE,3,0,0,0.0171,1e-04,0.092
"EUMA","137274_SE",137274,"SE","South Coastal Region",48.7539,-123.6447,2020,TRUE,4,0,0.0013,0.0172,5e-04,0.0788
"EUMA","137274_SE",137274,"SE","South Coastal Region",48.7539,-123.6447,2021,TRUE,2,0,0,0.0095,0,0.0608
"EUMA","137274_SE",137274,"SE","South Coastal Region",48.7539,-123.6447,2022,TRUE,4,0,4e-04,0.0156,3e-04,0.0704
"EUMA","137274_SE",137274,"SE","South Coastal Region",48.7539,-123.6447,2023,TRUE,4,0,7e-04,0.0128,1e-04,0.0676
"EUMA","137274_SE",137274,"SE","South Coastal Region",48.7539,-123.6447,2024,FALSE,0,NA,NA,0.0109,0,0.0639
"EUMA","137274_SE",137274,"SE","South Coastal Region",48.7539,-123.6447,2025,FALSE,0,NA,NA,0.0097,1e-04,0.0581
"EUMA","143274_NE",143274,"NE","South Coastal Region",50.3377,-122.8012,2017,FALSE,0,NA,NA,0.0433,0.0045,0.1596
"EUMA","143274_NE",143274,"NE","South Coastal Region",50.3377,-122.8012,2018,FALSE,0,NA,NA,0.0182,0.0011,0.0634
"EUMA","143274_NE",143274,"NE","South Coastal Region",50.3377,-122.8012,2019,TRUE,4,0,0.0011,0.012,2e-04,0.0486
"EUMA","143274_NE",143274,"NE","South Coastal Region",50.3377,-122.8012,2020,TRUE,4,0,0.0013,0.0117,5e-04,0.0451
"EUMA","143274_NE",143274,"NE","South Coastal Region",50.3377,-122.8012,2021,TRUE,4,0,4e-04,0.008,1e-04,0.0385
"EUMA","143274_NE",143274,"NE","South Coastal Region",50.3377,-122.8012,2022,TRUE,4,0,9e-04,0.0111,3e-04,0.0456
"EUMA","143274_NE",143274,"NE","South Coastal Region",50.3377,-122.8012,2023,TRUE,4,0,9e-04,0.01,2e-04,0.0452
"EUMA","143274_NE",143274,"NE","South Coastal Region",50.3377,-122.8012,2024,TRUE,4,0,0.0011,0.0091,1e-04,0.0435
"EUMA","143274_NE",143274,"NE","South Coastal Region",50.3377,-122.8012,2025,TRUE,4,0,9e-04,0.0081,1e-04,0.0415
"EUMA","143274_NW",143274,"NW","South Coastal Region",50.3446,-122.8479,2017,FALSE,0,NA,NA,0.0408,0.0037,0.1489
"EUMA","143274_NW",143274,"NW","South Coastal Region",50.3446,-122.8479,2018,FALSE,0,NA,NA,0.0119,3e-04,0.0495
"EUMA","143274_NW",143274,"NW","South Coastal Region",50.3446,-122.8479,2019,TRUE,4,0,2e-04,0.0071,0,0.0361
"EUMA","143274_NW",143274,"NW","South Coastal Region",50.3446,-122.8479,2020,TRUE,3,0,0.0022,0.0102,4e-04,0.0439
"EUMA","143274_NW",143274,"NW","South Coastal Region",50.3446,-122.8479,2021,TRUE,4,0,4e-04,0.0053,0,0.0314
"EUMA","143274_NW",143274,"NW","South Coastal Region",50.3446,-122.8479,2022,TRUE,4,0,0.0022,0.012,3e-04,0.0549
"EUMA","143274_NW",143274,"NW","South Coastal Region",50.3446,-122.8479,2023,TRUE,4,0,0.0011,0.0093,1e-04,0.0481
"EUMA","143274_NW",143274,"NW","South Coastal Region",50.3446,-122.8479,2024,TRUE,4,0,2e-04,0.0076,0,0.0422
"EUMA","143274_NW",143274,"NW","South Coastal Region",50.3446,-122.8479,2025,TRUE,4,0,7e-04,0.0071,1e-04,0.04
"EUMA","143274_SE",143274,"SE","South Coastal Region",50.3004,-122.758,2017,FALSE,0,NA,NA,0.0459,0.0045,0.1629
"EUMA","143274_SE",143274,"SE","South Coastal Region",50.3004,-122.758,2018,FALSE,0,NA,NA,0.0146,6e-04,0.0544
"EUMA","143274_SE",143274,"SE","South Coastal Region",50.3004,-122.758,2019,TRUE,4,0,0.0011,0.0088,1e-04,0.0424
"EUMA","143274_SE",143274,"SE","South Coastal Region",50.3004,-122.758,2020,TRUE,3,0,0.0011,0.0105,4e-04,0.0449
"EUMA","143274_SE",143274,"SE","South Coastal Region",50.3004,-122.758,2021,TRUE,4,0,4e-04,0.0061,0,0.0353
"EUMA","143274_SE",143274,"SE","South Coastal Region",50.3004,-122.758,2022,TRUE,4,0,0.0011,0.0114,3e-04,0.0494
"EUMA","143274_SE",143274,"SE","South Coastal Region",50.3004,-122.758,2023,TRUE,4,0,7e-04,0.0094,1e-04,0.0464
"EUMA","143274_SE",143274,"SE","South Coastal Region",50.3004,-122.758,2024,TRUE,4,0,2e-04,0.0081,0,0.0419
"EUMA","143274_SE",143274,"SE","South Coastal Region",50.3004,-122.758,2025,TRUE,4,0,0.0016,0.0073,1e-04,0.0396
"EUMA","143274_SW",143274,"SW","South Coastal Region",50.2961,-122.8048,2017,FALSE,0,NA,NA,0.0364,0.0033,0.1378
"EUMA","143274_SW",143274,"SW","South Coastal Region",50.2961,-122.8048,2018,FALSE,0,NA,NA,0.0142,7e-04,0.0524
"EUMA","143274_SW",143274,"SW","South Coastal Region",50.2961,-122.8048,2019,TRUE,4,0,4e-04,0.0091,1e-04,0.0418
"EUMA","143274_SW",143274,"SW","South Coastal Region",50.2961,-122.8048,2020,TRUE,2,0,0.0011,0.0098,4e-04,0.0407
"EUMA","143274_SW",143274,"SW","South Coastal Region",50.2961,-122.8048,2021,TRUE,4,0,2e-04,0.0063,1e-04,0.0326
"EUMA","143274_SW",143274,"SW","South Coastal Region",50.2961,-122.8048,2022,TRUE,4,0,0.0011,0.01,3e-04,0.0426
"EUMA","143274_SW",143274,"SW","South Coastal Region",50.2961,-122.8048,2023,TRUE,4,0,9e-04,0.0087,1e-04,0.041
"EUMA","143274_SW",143274,"SW","South Coastal Region",50.2961,-122.8048,2024,TRUE,4,0,9e-04,0.0078,1e-04,0.038
"EUMA","143274_SW",143274,"SW","South Coastal Region",50.2961,-122.8048,2025,TRUE,4,0,7e-04,0.007,1e-04,0.0363
"EUMA","145578_NE",145578,"NE","Kootenay Region",49.93178,-115.65558,2017,FALSE,0,NA,NA,0.0537,0.0039,0.1855
"EUMA","145578_NE",145578,"NE","Kootenay Region",49.93178,-115.65558,2018,TRUE,4,0,0.0013,0.0089,0,0.0537
"EUMA","145578_NE",145578,"NE","Kootenay Region",49.93178,-115.65558,2019,TRUE,4,0,0.0011,0.0047,0,0.0331
"EUMA","145578_NE",145578,"NE","Kootenay Region",49.93178,-115.65558,2020,TRUE,4,0,0.0027,0.0121,2e-04,0.0653
"EUMA","145578_NE",145578,"NE","Kootenay Region",49.93178,-115.65558,2021,TRUE,4,0,2e-04,0.0038,0,0.0289
"EUMA","145578_NE",145578,"NE","Kootenay Region",49.93178,-115.65558,2022,TRUE,3,0,0.0038,0.0158,2e-04,0.0834
"EUMA","145578_NE",145578,"NE","Kootenay Region",49.93178,-115.65558,2023,FALSE,0,NA,NA,0.0097,0,0.0617
"EUMA","145578_NE",145578,"NE","Kootenay Region",49.93178,-115.65558,2024,TRUE,4,0,0.0011,0.0061,0,0.0407
"EUMA","145578_NE",145578,"NE","Kootenay Region",49.93178,-115.65558,2025,TRUE,4,0,0.0011,0.0065,1e-04,0.0379
"EUMA","145578_NW",145578,"NW","Kootenay Region",49.93544,-115.67497,2017,FALSE,0,NA,NA,0.0427,0.0019,0.1732
"EUMA","145578_NW",145578,"NW","Kootenay Region",49.93544,-115.67497,2018,FALSE,0,NA,NA,0.0248,9e-04,0.1041
"EUMA","145578_NW",145578,"NW","Kootenay Region",49.93544,-115.67497,2019,TRUE,3,0,0.004,0.0192,3e-04,0.0844
"EUMA","145578_NW",145578,"NW","Kootenay Region",49.93544,-115.67497,2020,FALSE,0,NA,NA,0.0186,5e-04,0.0777
"EUMA","145578_NW",145578,"NW","Kootenay Region",49.93544,-115.67497,2021,TRUE,4,0,7e-04,0.0145,1e-04,0.0687
"EUMA","145578_NW",145578,"NW","Kootenay Region",49.93544,-115.67497,2022,TRUE,3,0,0.0022,0.0178,3e-04,0.0756
"EUMA","145578_NW",145578,"NW","Kootenay Region",49.93544,-115.67497,2023,TRUE,4,0,7e-04,0.0163,1e-04,0.0739
"EUMA","145578_NW",145578,"NW","Kootenay Region",49.93544,-115.67497,2024,TRUE,3,0,9e-04,0.0157,1e-04,0.0753
"EUMA","145578_NW",145578,"NW","Kootenay Region",49.93544,-115.67497,2025,TRUE,4,0,0.0016,0.0145,1e-04,0.0741
"EUMA","145578_SE",145578,"SE","Kootenay Region",49.89983,-115.64222,2017,FALSE,0,NA,NA,0.0761,0.0053,0.2765
"EUMA","145578_SE",145578,"SE","Kootenay Region",49.89983,-115.64222,2018,TRUE,3,0,0.0013,0.0095,1e-04,0.0495
"EUMA","145578_SE",145578,"SE","Kootenay Region",49.89983,-115.64222,2019,TRUE,4,0,2e-04,0.0039,0,0.0262
"EUMA","145578_SE",145578,"SE","Kootenay Region",49.89983,-115.64222,2020,TRUE,4,0,2e-04,0.0078,2e-04,0.0366
"EUMA","145578_SE",145578,"SE","Kootenay Region",49.89983,-115.64222,2021,TRUE,4,0,0,0.0025,0,0.0171
"EUMA","145578_SE",145578,"SE","Kootenay Region",49.89983,-115.64222,2022,TRUE,4,0,0.0016,0.01,2e-04,0.0491
"EUMA","145578_SE",145578,"SE","Kootenay Region",49.89983,-115.64222,2023,TRUE,4,0,0.0011,0.0062,0,0.0362
"EUMA","145578_SE",145578,"SE","Kootenay Region",49.89983,-115.64222,2024,FALSE,0,NA,NA,0.0042,0,0.0249
"EUMA","145578_SE",145578,"SE","Kootenay Region",49.89983,-115.64222,2025,TRUE,4,0,7e-04,0.0042,1e-04,0.0229
"EUMA","145578_SW",145578,"SW","Kootenay Region",49.89589,-115.695,2017,FALSE,0,NA,NA,0.125,0.0061,0.4833
"EUMA","145578_SW",145578,"SW","Kootenay Region",49.89589,-115.695,2018,FALSE,0,NA,NA,0.011,1e-04,0.0611
"EUMA","145578_SW",145578,"SW","Kootenay Region",49.89589,-115.695,2019,TRUE,4,0,2e-04,0.0042,0,0.0287
"EUMA","145578_SW",145578,"SW","Kootenay Region",49.89589,-115.695,2020,TRUE,4,0,4e-04,0.009,2e-04,0.0417
"EUMA","145578_SW",145578,"SW","Kootenay Region",49.89589,-115.695,2021,TRUE,4,0,0,0.0026,0,0.0175
"EUMA","145578_SW",145578,"SW","Kootenay Region",49.89589,-115.695,2022,TRUE,4,0,9e-04,0.0111,2e-04,0.0545
"EUMA","145578_SW",145578,"SW","Kootenay Region",49.89589,-115.695,2023,TRUE,4,0,7e-04,0.007,0,0.0409
"EUMA","145578_SW",145578,"SW","Kootenay Region",49.89589,-115.695,2024,TRUE,4,0,2e-04,0.0046,0,0.0277
"EUMA","145578_SW",145578,"SW","Kootenay Region",49.89589,-115.695,2025,TRUE,4,0,2e-04,0.0046,1e-04,0.0251
"EUMA","16426_NE",16426,"NE","Northern Region",54.82137,-123.35579,2017,FALSE,0,NA,NA,0.0427,0.0029,0.1677
"EUMA","16426_NE",16426,"NE","Northern Region",54.82137,-123.35579,2018,TRUE,3,0,4e-04,0.0216,0.001,0.0849
"EUMA","16426_NE",16426,"NE","Northern Region",54.82137,-123.35579,2019,TRUE,3,0,0,0.0156,2e-04,0.0701
"EUMA","16426_NE",16426,"NE","Northern Region",54.82137,-123.35579,2020,TRUE,3,0,4e-04,0.0142,3e-04,0.063
"EUMA","16426_NE",16426,"NE","Northern Region",54.82137,-123.35579,2021,TRUE,3,0,2e-04,0.0105,0,0.0538
"EUMA","16426_NE",16426,"NE","Northern Region",54.82137,-123.35579,2022,TRUE,3,0,9e-04,0.0124,2e-04,0.0556
"EUMA","16426_NE",16426,"NE","Northern Region",54.82137,-123.35579,2023,FALSE,0,NA,NA,0.0111,1e-04,0.0543
"EUMA","16426_NE",16426,"NE","Northern Region",54.82137,-123.35579,2024,TRUE,3,0,7e-04,0.0103,0,0.0521
"EUMA","16426_NE",16426,"NE","Northern Region",54.82137,-123.35579,2025,FALSE,0,NA,NA,0.0091,1e-04,0.0497
"EUMA","16426_SE",16426,"SE","Northern Region",54.81895,-123.33997,2017,FALSE,0,NA,NA,0.0657,0.0047,0.2522
"EUMA","16426_SE",16426,"SE","Northern Region",54.81895,-123.33997,2018,TRUE,3,0,0.002,0.0182,6e-04,0.0799
"EUMA","16426_SE",16426,"SE","Northern Region",54.81895,-123.33997,2019,TRUE,3,0,2e-04,0.0098,1e-04,0.0539
"EUMA","16426_SE",16426,"SE","Northern Region",54.81895,-123.33997,2020,TRUE,2,0,0.0011,0.0086,2e-04,0.0446
"EUMA","16426_SE",16426,"SE","Northern Region",54.81895,-123.33997,2021,TRUE,3,0,2e-04,0.0049,0,0.0342
"EUMA","16426_SE",16426,"SE","Northern Region",54.81895,-123.33997,2022,TRUE,3,0,0.0013,0.0075,1e-04,0.0383
"EUMA","16426_SE",16426,"SE","Northern Region",54.81895,-123.33997,2023,FALSE,0,NA,NA,0.006,1e-04,0.0355
"EUMA","16426_SE",16426,"SE","Northern Region",54.81895,-123.33997,2024,FALSE,0,NA,NA,0.0051,0,0.0303
"EUMA","16426_SE",16426,"SE","Northern Region",54.81895,-123.33997,2025,FALSE,0,NA,NA,0.0042,0,0.0275
"EUMA","172090_NE",172090,"NE","South Coastal Region",49.37012,-122.94857,2017,FALSE,0,NA,NA,0.0741,0.0011,0.452
"EUMA","172090_NE",172090,"NE","South Coastal Region",49.37012,-122.94857,2018,TRUE,3,0,0.0013,0.0153,2e-04,0.0955
"EUMA","172090_NE",172090,"NE","South Coastal Region",49.37012,-122.94857,2019,TRUE,3,0,0,0.0087,0,0.0647
"EUMA","172090_NE",172090,"NE","South Coastal Region",49.37012,-122.94857,2020,TRUE,3,0,0,0.0088,1e-04,0.0536
"EUMA","172090_NE",172090,"NE","South Coastal Region",49.37012,-122.94857,2021,TRUE,4,0,2e-04,0.0053,0,0.0392
"EUMA","172090_NE",172090,"NE","South Coastal Region",49.37012,-122.94857,2022,TRUE,4,0,2e-04,0.0084,1e-04,0.0476
"EUMA","172090_NE",172090,"NE","South Coastal Region",49.37012,-122.94857,2023,TRUE,2,0,0.0011,0.0068,0,0.0439
"EUMA","172090_NE",172090,"NE","South Coastal Region",49.37012,-122.94857,2024,FALSE,0,NA,NA,0.0059,0,0.0411
"EUMA","172090_NE",172090,"NE","South Coastal Region",49.37012,-122.94857,2025,FALSE,0,NA,NA,0.0051,0,0.0354
"EUMA","172090_NW",172090,"NW","South Coastal Region",49.34683,-123.00985,2017,FALSE,0,NA,NA,0.0346,0.0023,0.1313
"EUMA","172090_NW",172090,"NW","South Coastal Region",49.34683,-123.00985,2018,TRUE,3,0,7e-04,0.0224,0.0015,0.0823
"EUMA","172090_NW",172090,"NW","South Coastal Region",49.34683,-123.00985,2019,TRUE,3,0,2e-04,0.0186,5e-04,0.0717
"EUMA","172090_NW",172090,"NW","South Coastal Region",49.34683,-123.00985,2020,FALSE,0,NA,NA,0.0189,0.001,0.0699
"EUMA","172090_NW",172090,"NW","South Coastal Region",49.34683,-123.00985,2021,TRUE,4,0,0,0.0158,2e-04,0.0648
"EUMA","172090_NW",172090,"NW","South Coastal Region",49.34683,-123.00985,2022,TRUE,4,0,2e-04,0.0188,6e-04,0.0703
"EUMA","172090_NW",172090,"NW","South Coastal Region",49.34683,-123.00985,2023,TRUE,3,0,7e-04,0.0179,4e-04,0.0706
"EUMA","172090_NW",172090,"NW","South Coastal Region",49.34683,-123.00985,2024,FALSE,0,NA,NA,0.0176,2e-04,0.0714
"EUMA","172090_NW",172090,"NW","South Coastal Region",49.34683,-123.00985,2025,FALSE,0,NA,NA,0.0166,2e-04,0.0711
"EUMA","172090_SE",172090,"SE","South Coastal Region",49.32364,-122.97036,2017,FALSE,0,NA,NA,0.0411,0.0034,0.1468
"EUMA","172090_SE",172090,"SE","South Coastal Region",49.32364,-122.97036,2018,TRUE,3,0,0.0022,0.0338,0.0031,0.1164
"EUMA","172090_SE",172090,"SE","South Coastal Region",49.32364,-122.97036,2019,FALSE,0,NA,NA,0.0309,0.0016,0.1071
"EUMA","172090_SE",172090,"SE","South Coastal Region",49.32364,-122.97036,2020,TRUE,4,0,9e-04,0.0319,0.0023,0.1051
"EUMA","172090_SE",172090,"SE","South Coastal Region",49.32364,-122.97036,2021,TRUE,4,0,2e-04,0.0291,8e-04,0.1023
"EUMA","172090_SE",172090,"SE","South Coastal Region",49.32364,-122.97036,2022,TRUE,4,0,2e-04,0.032,0.0012,0.1081
"EUMA","172090_SE",172090,"SE","South Coastal Region",49.32364,-122.97036,2023,TRUE,3,0,9e-04,0.0313,0.001,0.1093
"EUMA","172090_SE",172090,"SE","South Coastal Region",49.32364,-122.97036,2024,FALSE,0,NA,NA,0.0313,8e-04,0.1116
"EUMA","172090_SE",172090,"SE","South Coastal Region",49.32364,-122.97036,2025,FALSE,0,NA,NA,0.03,4e-04,0.1111
"EUMA","172090_SW",172090,"SW","South Coastal Region",49.31421,-123.01406,2017,FALSE,0,NA,NA,0.0912,0.0063,0.3806
"EUMA","172090_SW",172090,"SW","South Coastal Region",49.31421,-123.01406,2018,TRUE,3,0,0.0067,0.0355,0.0016,0.1304
"EUMA","172090_SW",172090,"SW","South Coastal Region",49.31421,-123.01406,2019,TRUE,3,0,0.0011,0.024,2e-04,0.1021
"EUMA","172090_SW",172090,"SW","South Coastal Region",49.31421,-123.01406,2020,TRUE,4,0,0.0018,0.022,7e-04,0.0934
"EUMA","172090_SW",172090,"SW","South Coastal Region",49.31421,-123.01406,2021,TRUE,4,0,4e-04,0.0159,1e-04,0.0797
"EUMA","172090_SW",172090,"SW","South Coastal Region",49.31421,-123.01406,2022,TRUE,4,0,0.002,0.019,4e-04,0.0828
"EUMA","172090_SW",172090,"SW","South Coastal Region",49.31421,-123.01406,2023,TRUE,3,0,0.0022,0.015,1e-04,0.0691
"EUMA","172090_SW",172090,"SW","South Coastal Region",49.31421,-123.01406,2024,FALSE,0,NA,NA,0.0125,0,0.0651
"EUMA","172090_SW",172090,"SW","South Coastal Region",49.31421,-123.01406,2025,FALSE,0,NA,NA,0.0107,1e-04,0.0601
"EUMA","175354_SE",175354,"SE","Northern Region",59.42418,-125.94917,2017,FALSE,0,NA,NA,0.051,0.0031,0.2025
"EUMA","175354_SE",175354,"SE","Northern Region",59.42418,-125.94917,2018,TRUE,3,0,4e-04,0.0455,0.0028,0.1789
"EUMA","175354_SE",175354,"SE","Northern Region",59.42418,-125.94917,2019,TRUE,4,0,2e-04,0.0435,0.0019,0.1717
"EUMA","175354_SE",175354,"SE","Northern Region",59.42418,-125.94917,2020,TRUE,4,0,2e-04,0.0451,0.0025,0.1699
"EUMA","175354_SE",175354,"SE","Northern Region",59.42418,-125.94917,2021,FALSE,0,NA,NA,0.0426,0.0012,0.1644
"EUMA","175354_SE",175354,"SE","Northern Region",59.42418,-125.94917,2022,FALSE,0,NA,NA,0.0457,0.0016,0.1733
"EUMA","175354_SE",175354,"SE","Northern Region",59.42418,-125.94917,2023,FALSE,0,NA,NA,0.0457,0.0014,0.1781
"EUMA","175354_SE",175354,"SE","Northern Region",59.42418,-125.94917,2024,FALSE,0,NA,NA,0.0467,0.0013,0.1831
"EUMA","175354_SE",175354,"SE","Northern Region",59.42418,-125.94917,2025,FALSE,0,NA,NA,0.0458,6e-04,0.1777
"EUMA","175354_SW",175354,"SW","Northern Region",59.40931,-126.09868,2017,FALSE,0,NA,NA,0.051,0.0031,0.1999
"EUMA","175354_SW",175354,"SW","Northern Region",59.40931,-126.09868,2018,TRUE,3,0,0.0011,0.0421,0.0024,0.1624
"EUMA","175354_SW",175354,"SW","Northern Region",59.40931,-126.09868,2019,TRUE,4,0,2e-04,0.039,0.0014,0.1569
"EUMA","175354_SW",175354,"SW","Northern Region",59.40931,-126.09868,2020,TRUE,4,0,4e-04,0.0392,0.0018,0.1537
"EUMA","175354_SW",175354,"SW","Northern Region",59.40931,-126.09868,2021,FALSE,0,NA,NA,0.0362,5e-04,0.1451
"EUMA","175354_SW",175354,"SW","Northern Region",59.40931,-126.09868,2022,FALSE,0,NA,NA,0.0383,0.0011,0.146
"EUMA","175354_SW",175354,"SW","Northern Region",59.40931,-126.09868,2023,FALSE,0,NA,NA,0.0377,8e-04,0.1444
"EUMA","175354_SW",175354,"SW","Northern Region",59.40931,-126.09868,2024,TRUE,4,0,2e-04,0.038,8e-04,0.1427
"EUMA","175354_SW",175354,"SW","Northern Region",59.40931,-126.09868,2025,TRUE,4,0,0,0.0368,4e-04,0.1412
"EUMA","17706_NW",17706,"NW","Northern Region",51.97601,-120.10368,2017,FALSE,0,NA,NA,0.0592,0.0047,0.2245
"EUMA","17706_NW",17706,"NW","Northern Region",51.97601,-120.10368,2018,FALSE,0,NA,NA,0.0189,5e-04,0.0844
"EUMA","17706_NW",17706,"NW","Northern Region",51.97601,-120.10368,2019,TRUE,4,0,9e-04,0.0114,0,0.0656
"EUMA","17706_NW",17706,"NW","Northern Region",51.97601,-120.10368,2020,TRUE,2,0,0.0016,0.0105,2e-04,0.0545
"EUMA","17706_NW",17706,"NW","Northern Region",51.97601,-120.10368,2021,FALSE,0,NA,NA,0.0064,0,0.0434
"EUMA","17706_NW",17706,"NW","Northern Region",51.97601,-120.10368,2022,FALSE,0,NA,NA,0.0093,2e-04,0.0465
"EUMA","17706_NW",17706,"NW","Northern Region",51.97601,-120.10368,2023,FALSE,0,NA,NA,0.0076,1e-04,0.0458
"EUMA","17706_NW",17706,"NW","Northern Region",51.97601,-120.10368,2024,FALSE,0,NA,NA,0.0066,0,0.0405
"EUMA","17706_NW",17706,"NW","Northern Region",51.97601,-120.10368,2025,FALSE,0,NA,NA,0.0056,0,0.0359
"EUMA","17706_SE",17706,"SE","Northern Region",51.9408,-120.01683,2017,FALSE,0,NA,NA,0.0535,0.0049,0.1978
"EUMA","17706_SE",17706,"SE","Northern Region",51.9408,-120.01683,2018,FALSE,0,NA,NA,0.0105,3e-04,0.0484
"EUMA","17706_SE",17706,"SE","Northern Region",51.9408,-120.01683,2019,TRUE,4,0,4e-04,0.005,0,0.031
"EUMA","17706_SE",17706,"SE","Northern Region",51.9408,-120.01683,2020,TRUE,4,0,0.0016,0.007,2e-04,0.0329
"EUMA","17706_SE",17706,"SE","Northern Region",51.9408,-120.01683,2021,FALSE,0,NA,NA,0.0029,0,0.019
"EUMA","17706_SE",17706,"SE","Northern Region",51.9408,-120.01683,2022,FALSE,0,NA,NA,0.0081,2e-04,0.0381
"EUMA","17706_SE",17706,"SE","Northern Region",51.9408,-120.01683,2023,TRUE,4,0,0.0016,0.0056,0,0.0319
"EUMA","17706_SE",17706,"SE","Northern Region",51.9408,-120.01683,2024,TRUE,2,0,7e-04,0.0041,0,0.0239
"EUMA","17706_SE",17706,"SE","Northern Region",51.9408,-120.01683,2025,TRUE,4,0,9e-04,0.0038,0,0.0207
"EUMA","17706_SW",17706,"SW","Northern Region",51.94316,-120.06784,2017,FALSE,0,NA,NA,0.041,0.0028,0.162
"EUMA","17706_SW",17706,"SW","Northern Region",51.94316,-120.06784,2018,FALSE,0,NA,NA,0.0241,0.0013,0.0943
"EUMA","17706_SW",17706,"SW","Northern Region",51.94316,-120.06784,2019,TRUE,4,0,0.0018,0.019,3e-04,0.0802
"EUMA","17706_SW",17706,"SW","Northern Region",51.94316,-120.06784,2020,TRUE,4,0,0.0011,0.0178,5e-04,0.0741
"EUMA","17706_SW",17706,"SW","Northern Region",51.94316,-120.06784,2021,FALSE,0,NA,NA,0.0135,1e-04,0.0614
"EUMA","17706_SW",17706,"SW","Northern Region",51.94316,-120.06784,2022,FALSE,0,NA,NA,0.0153,4e-04,0.0632
"EUMA","17706_SW",17706,"SW","Northern Region",51.94316,-120.06784,2023,TRUE,4,0,0.0011,0.0138,2e-04,0.0602
"EUMA","17706_SW",17706,"SW","Northern Region",51.94316,-120.06784,2024,FALSE,0,NA,NA,0.0129,1e-04,0.0588
"EUMA","17706_SW",17706,"SW","Northern Region",51.94316,-120.06784,2025,TRUE,4,0,2e-04,0.0116,1e-04,0.0569
"EUMA","186330_NE",186330,"NE","Northern Region",55.95727,-122.58949,2017,FALSE,0,NA,NA,0.1295,0.0037,0.5886
"EUMA","186330_NE",186330,"NE","Northern Region",55.95727,-122.58949,2018,FALSE,0,NA,NA,0.0087,1e-04,0.056
"EUMA","186330_NE",186330,"NE","Northern Region",55.95727,-122.58949,2019,FALSE,0,NA,NA,0.0034,0,0.0265
"EUMA","186330_NE",186330,"NE","Northern Region",55.95727,-122.58949,2020,FALSE,0,NA,NA,0.0063,1e-04,0.0334
"EUMA","186330_NE",186330,"NE","Northern Region",55.95727,-122.58949,2021,FALSE,0,NA,NA,0.002,0,0.0144
"EUMA","186330_NE",186330,"NE","Northern Region",55.95727,-122.58949,2022,FALSE,0,NA,NA,0.0073,1e-04,0.0372
"EUMA","186330_NE",186330,"NE","Northern Region",55.95727,-122.58949,2023,FALSE,0,NA,NA,0.005,0,0.0323
"EUMA","186330_NE",186330,"NE","Northern Region",55.95727,-122.58949,2024,TRUE,4,0,7e-04,0.0032,0,0.0194
"EUMA","186330_NE",186330,"NE","Northern Region",55.95727,-122.58949,2025,TRUE,4,0,4e-04,0.003,0,0.0162
"EUMA","186330_NW",186330,"NW","Northern Region",55.94606,-122.65922,2017,FALSE,0,NA,NA,0.0936,0.0059,0.3795
"EUMA","186330_NW",186330,"NW","Northern Region",55.94606,-122.65922,2018,FALSE,0,NA,NA,0.0111,3e-04,0.0587
"EUMA","186330_NW",186330,"NW","Northern Region",55.94606,-122.65922,2019,FALSE,0,NA,NA,0.0045,0,0.0302
"EUMA","186330_NW",186330,"NW","Northern Region",55.94606,-122.65922,2020,FALSE,0,NA,NA,0.0061,2e-04,0.0275
"EUMA","186330_NW",186330,"NW","Northern Region",55.94606,-122.65922,2021,FALSE,0,NA,NA,0.0023,0,0.0151
"EUMA","186330_NW",186330,"NW","Northern Region",55.94606,-122.65922,2022,FALSE,0,NA,NA,0.0067,2e-04,0.0308
"EUMA","186330_NW",186330,"NW","Northern Region",55.94606,-122.65922,2023,FALSE,0,NA,NA,0.0046,0,0.0279
"EUMA","186330_NW",186330,"NW","Northern Region",55.94606,-122.65922,2024,TRUE,3,0,2e-04,0.0033,0,0.0186
"EUMA","186330_NW",186330,"NW","Northern Region",55.94606,-122.65922,2025,TRUE,4,0,2e-04,0.0029,0,0.0152
"EUMA","186490_NW",186490,"NW","Northern Region",54.754,-127.12678,2017,TRUE,4,0,0.0029,0.0526,0.0038,0.2016
"EUMA","186490_NW",186490,"NW","Northern Region",54.754,-127.12678,2018,TRUE,4,0,2e-04,0.0398,0.0028,0.1436
"EUMA","186490_NW",186490,"NW","Northern Region",54.754,-127.12678,2019,TRUE,4,0,0,0.0346,0.0015,0.1302
"EUMA","186490_NW",186490,"NW","Northern Region",54.754,-127.12678,2020,TRUE,4,0,2e-04,0.0334,0.0015,0.121
"EUMA","186490_NW",186490,"NW","Northern Region",54.754,-127.12678,2021,TRUE,4,0,0,0.029,5e-04,0.1108
"EUMA","186490_NW",186490,"NW","Northern Region",54.754,-127.12678,2022,TRUE,4,0,4e-04,0.0309,8e-04,0.1162
"EUMA","186490_NW",186490,"NW","Northern Region",54.754,-127.12678,2023,FALSE,0,NA,NA,0.0298,6e-04,0.1134
"EUMA","186490_NW",186490,"NW","Northern Region",54.754,-127.12678,2024,TRUE,3,0,2e-04,0.0292,4e-04,0.1133
"EUMA","186490_NW",186490,"NW","Northern Region",54.754,-127.12678,2025,TRUE,4,0,2e-04,0.0275,3e-04,0.1109
"EUMA","186490_SE",186490,"SE","Northern Region",54.72257,-126.99742,2017,TRUE,4,0,0.0147,0.0599,0.0049,0.2273
"EUMA","186490_SE",186490,"SE","Northern Region",54.72257,-126.99742,2018,TRUE,4,0,0.0011,0.0224,0.001,0.0893
"EUMA","186490_SE",186490,"SE","Northern Region",54.72257,-126.99742,2019,TRUE,4,0,4e-04,0.0137,1e-04,0.0651
"EUMA","186490_SE",186490,"SE","Northern Region",54.72257,-126.99742,2020,TRUE,4,0,0,0.0116,3e-04,0.0561
"EUMA","186490_SE",186490,"SE","Northern Region",54.72257,-126.99742,2021,TRUE,4,0,2e-04,0.0074,0,0.0441
"EUMA","186490_SE",186490,"SE","Northern Region",54.72257,-126.99742,2022,TRUE,4,0,0,0.0094,2e-04,0.0478
"EUMA","186490_SE",186490,"SE","Northern Region",54.72257,-126.99742,2023,FALSE,0,NA,NA,0.008,1e-04,0.0441
"EUMA","186490_SE",186490,"SE","Northern Region",54.72257,-126.99742,2024,FALSE,0,NA,NA,0.007,0,0.0416
"EUMA","186490_SE",186490,"SE","Northern Region",54.72257,-126.99742,2025,FALSE,0,NA,NA,0.0059,0,0.0375
"EUMA","186490_SW",186490,"SW","Northern Region",54.72278,-127.05397,2017,TRUE,4,0,0.018,0.0788,0.0068,0.2962
"EUMA","186490_SW",186490,"SW","Northern Region",54.72278,-127.05397,2018,TRUE,4,0,9e-04,0.0378,0.002,0.1478
"EUMA","186490_SW",186490,"SW","Northern Region",54.72278,-127.05397,2019,TRUE,4,0,2e-04,0.0265,3e-04,0.1157
"EUMA","186490_SW",186490,"SW","Northern Region",54.72278,-127.05397,2020,TRUE,4,0,7e-04,0.0227,5e-04,0.1011
"EUMA","186490_SW",186490,"SW","Northern Region",54.72278,-127.05397,2021,TRUE,4,0,4e-04,0.0166,1e-04,0.0842
"EUMA","186490_SW",186490,"SW","Northern Region",54.72278,-127.05397,2022,TRUE,4,0,9e-04,0.0182,3e-04,0.086
"EUMA","186490_SW",186490,"SW","Northern Region",54.72278,-127.05397,2023,TRUE,4,0,9e-04,0.0163,2e-04,0.0824
"EUMA","186490_SW",186490,"SW","Northern Region",54.72278,-127.05397,2024,TRUE,4,0,2e-04,0.0151,1e-04,0.08
"EUMA","186490_SW",186490,"SW","Northern Region",54.72278,-127.05397,2025,TRUE,4,0,0,0.0132,1e-04,0.0762
"EUMA","194666_NE",194666,"NE","Okanagan Region",50.23014,-119.32344,2017,TRUE,4,0,0.0371,0.4253,0.1539,0.7242
"EUMA","194666_NE",194666,"NE","Okanagan Region",50.23014,-119.32344,2018,FALSE,0,NA,NA,0.4479,0.2232,0.6965
"EUMA","194666_NE",194666,"NE","Okanagan Region",50.23014,-119.32344,2019,TRUE,4,0,0.0109,0.4483,0.2304,0.6908
"EUMA","194666_NE",194666,"NE","Okanagan Region",50.23014,-119.32344,2020,TRUE,4,0,0.0258,0.5485,0.2935,0.8021
"EUMA","194666_NE",194666,"NE","Okanagan Region",50.23014,-119.32344,2021,TRUE,4,0,0.016,0.5109,0.2495,0.767
"EUMA","194666_NE",194666,"NE","Okanagan Region",50.23014,-119.32344,2022,FALSE,0,NA,NA,0.6159,0.3173,0.8778
"EUMA","194666_NE",194666,"NE","Okanagan Region",50.23014,-119.32344,2023,TRUE,3,0,0.0984,0.624,0.3237,0.8827
"EUMA","194666_NE",194666,"NE","Okanagan Region",50.23014,-119.32344,2024,TRUE,3,0,0.1251,0.6288,0.3152,0.8893
"EUMA","194666_NE",194666,"NE","Okanagan Region",50.23014,-119.32344,2025,FALSE,0,NA,NA,0.6079,0.2755,0.8897
"EUMA","194666_SW",194666,"SW","Okanagan Region",50.16915,-119.41081,2017,TRUE,4,0,0.0211,0.2966,0.0525,0.6779
"EUMA","194666_SW",194666,"SW","Okanagan Region",50.16915,-119.41081,2018,FALSE,0,NA,NA,0.319,0.0961,0.6251
"EUMA","194666_SW",194666,"SW","Okanagan Region",50.16915,-119.41081,2019,TRUE,4,0,0.008,0.3268,0.1145,0.6144
"EUMA","194666_SW",194666,"SW","Okanagan Region",50.16915,-119.41081,2020,TRUE,4,0,0.0249,0.4376,0.1967,0.7128
"EUMA","194666_SW",194666,"SW","Okanagan Region",50.16915,-119.41081,2021,TRUE,3,0,0.0224,0.4116,0.1487,0.6886
"EUMA","194666_SW",194666,"SW","Okanagan Region",50.16915,-119.41081,2022,TRUE,2,0,0.1242,0.5343,0.2484,0.8141
"EUMA","194666_SW",194666,"SW","Okanagan Region",50.16915,-119.41081,2023,FALSE,0,NA,NA,0.5336,0.2216,0.8201
"EUMA","194666_SW",194666,"SW","Okanagan Region",50.16915,-119.41081,2024,FALSE,0,NA,NA,0.5451,0.2334,0.8275
"EUMA","194666_SW",194666,"SW","Okanagan Region",50.16915,-119.41081,2025,TRUE,4,0,0.1369,0.5314,0.2009,0.828
"EUMA","20330_NE",20330,"NE","Kootenay Region",49.42454,-117.72865,2017,TRUE,4,0,0.0167,0.0565,0.0043,0.1956
"EUMA","20330_NE",20330,"NE","Kootenay Region",49.42454,-117.72865,2018,FALSE,0,NA,NA,0.021,7e-04,0.0847
"EUMA","20330_NE",20330,"NE","Kootenay Region",49.42454,-117.72865,2019,TRUE,4,0,0.0018,0.0129,1e-04,0.064
"EUMA","20330_NE",20330,"NE","Kootenay Region",49.42454,-117.72865,2020,TRUE,4,0,9e-04,0.012,3e-04,0.0543
"EUMA","20330_NE",20330,"NE","Kootenay Region",49.42454,-117.72865,2021,FALSE,0,NA,NA,0.0077,0,0.0458
"EUMA","20330_NE",20330,"NE","Kootenay Region",49.42454,-117.72865,2022,TRUE,3,0,0.0016,0.0112,3e-04,0.0507
"EUMA","20330_NE",20330,"NE","Kootenay Region",49.42454,-117.72865,2023,TRUE,4,0,9e-04,0.0092,1e-04,0.0477
"EUMA","20330_NE",20330,"NE","Kootenay Region",49.42454,-117.72865,2024,TRUE,4,0,0.0013,0.0082,0,0.0468
"EUMA","20330_NE",20330,"NE","Kootenay Region",49.42454,-117.72865,2025,TRUE,4,0,0.0016,0.0072,1e-04,0.0427
"EUMA","20330_SE",20330,"SE","Kootenay Region",49.3813,-117.67793,2017,TRUE,4,0,0.0042,0.0593,0.0043,0.2092
"EUMA","20330_SE",20330,"SE","Kootenay Region",49.3813,-117.67793,2018,TRUE,4,0,2e-04,0.0323,0.0014,0.1306
"EUMA","20330_SE",20330,"SE","Kootenay Region",49.3813,-117.67793,2019,TRUE,4,0,0,0.0239,3e-04,0.1045
"EUMA","20330_SE",20330,"SE","Kootenay Region",49.3813,-117.67793,2020,TRUE,4,0,7e-04,0.0224,7e-04,0.0937
"EUMA","20330_SE",20330,"SE","Kootenay Region",49.3813,-117.67793,2021,FALSE,0,NA,NA,0.0161,1e-04,0.0799
"EUMA","20330_SE",20330,"SE","Kootenay Region",49.3813,-117.67793,2022,TRUE,3,0,9e-04,0.02,5e-04,0.0836
"EUMA","20330_SE",20330,"SE","Kootenay Region",49.3813,-117.67793,2023,TRUE,4,0,2e-04,0.0176,2e-04,0.079
"EUMA","20330_SE",20330,"SE","Kootenay Region",49.3813,-117.67793,2024,TRUE,4,0,2e-04,0.0164,1e-04,0.0767
"EUMA","20330_SE",20330,"SE","Kootenay Region",49.3813,-117.67793,2025,TRUE,4,0,4e-04,0.0148,1e-04,0.0763
"EUMA","206394_NE",206394,"NE","Northern Region",53.63655,-132.05056,2017,FALSE,0,NA,NA,0.1741,0.0072,0.6892
"EUMA","206394_NE",206394,"NE","Northern Region",53.63655,-132.05056,2018,FALSE,0,NA,NA,0.0414,9e-04,0.1943
"EUMA","206394_NE",206394,"NE","Northern Region",53.63655,-132.05056,2019,FALSE,0,NA,NA,0.0226,1e-04,0.1372
"EUMA","206394_NE",206394,"NE","Northern Region",53.63655,-132.05056,2020,FALSE,0,NA,NA,0.0209,5e-04,0.1146
"EUMA","206394_NE",206394,"NE","Northern Region",53.63655,-132.05056,2021,FALSE,0,NA,NA,0.0118,0,0.0806
"EUMA","206394_NE",206394,"NE","Northern Region",53.63655,-132.05056,2022,TRUE,4,0,0.0013,0.0178,3e-04,0.0929
"EUMA","206394_NE",206394,"NE","Northern Region",53.63655,-132.05056,2023,TRUE,4,0,0.0016,0.0147,1e-04,0.0852
"EUMA","206394_NE",206394,"NE","Northern Region",53.63655,-132.05056,2024,TRUE,2,0,0.0018,0.0126,0,0.078
"EUMA","206394_NE",206394,"NE","Northern Region",53.63655,-132.05056,2025,TRUE,4,0,0.0011,0.0109,1e-04,0.0732
"EUMA","206394_NW",206394,"NW","Northern Region",53.6372,-132.16251,2017,FALSE,0,NA,NA,0.0836,0.003,0.3836
"EUMA","206394_NW",206394,"NW","Northern Region",53.6372,-132.16251,2018,FALSE,0,NA,NA,0.0215,1e-04,0.1237
"EUMA","206394_NW",206394,"NW","Northern Region",53.6372,-132.16251,2019,FALSE,0,NA,NA,0.0142,0,0.0928
"EUMA","206394_NW",206394,"NW","Northern Region",53.6372,-132.16251,2020,FALSE,0,NA,NA,0.022,3e-04,0.1112
"EUMA","206394_NW",206394,"NW","Northern Region",53.6372,-132.16251,2021,FALSE,0,NA,NA,0.0114,0,0.0774
"EUMA","206394_NW",206394,"NW","Northern Region",53.6372,-132.16251,2022,TRUE,4,0,0.0022,0.0258,3e-04,0.129
"EUMA","206394_NW",206394,"NW","Northern Region",53.6372,-132.16251,2023,TRUE,4,0,0.0031,0.0189,0,0.1092
"EUMA","206394_NW",206394,"NW","Northern Region",53.6372,-132.16251,2024,TRUE,4,0,7e-04,0.0151,0,0.0929
"EUMA","206394_NW",206394,"NW","Northern Region",53.6372,-132.16251,2025,TRUE,4,0,0.0011,0.0152,1e-04,0.093
"EUMA","206394_SE",206394,"SE","Northern Region",53.60877,-131.99988,2017,FALSE,0,NA,NA,0.224,0.0071,0.8355
"EUMA","206394_SE",206394,"SE","Northern Region",53.60877,-131.99988,2018,FALSE,0,NA,NA,0.0443,6e-04,0.234
"EUMA","206394_SE",206394,"SE","Northern Region",53.60877,-131.99988,2019,FALSE,0,NA,NA,0.0249,0,0.1675
"EUMA","206394_SE",206394,"SE","Northern Region",53.60877,-131.99988,2020,FALSE,0,NA,NA,0.0236,4e-04,0.1389
"EUMA","206394_SE",206394,"SE","Northern Region",53.60877,-131.99988,2021,FALSE,0,NA,NA,0.0138,0,0.1026
"EUMA","206394_SE",206394,"SE","Northern Region",53.60877,-131.99988,2022,TRUE,4,0,0.0018,0.0193,3e-04,0.1023
"EUMA","206394_SE",206394,"SE","Northern Region",53.60877,-131.99988,2023,TRUE,4,0,0.0022,0.0162,1e-04,0.0957
"EUMA","206394_SE",206394,"SE","Northern Region",53.60877,-131.99988,2024,TRUE,4,0,2e-04,0.0141,0,0.0927
"EUMA","206394_SE",206394,"SE","Northern Region",53.60877,-131.99988,2025,TRUE,4,0,7e-04,0.0122,1e-04,0.0802
"EUMA","206394_SW",206394,"SW","Northern Region",53.57324,-132.11579,2017,FALSE,0,NA,NA,0.088,0.004,0.3777
"EUMA","206394_SW",206394,"SW","Northern Region",53.57324,-132.11579,2018,FALSE,0,NA,NA,0.0351,9e-04,0.1592
"EUMA","206394_SW",206394,"SW","Northern Region",53.57324,-132.11579,2019,FALSE,0,NA,NA,0.0232,1e-04,0.1219
"EUMA","206394_SW",206394,"SW","Northern Region",53.57324,-132.11579,2020,FALSE,0,NA,NA,0.0217,6e-04,0.1042
"EUMA","206394_SW",206394,"SW","Northern Region",53.57324,-132.11579,2021,FALSE,0,NA,NA,0.0145,1e-04,0.0845
"EUMA","206394_SW",206394,"SW","Northern Region",53.57324,-132.11579,2022,TRUE,4,0,0.0011,0.0195,5e-04,0.0902
"EUMA","206394_SW",206394,"SW","Northern Region",53.57324,-132.11579,2023,TRUE,4,0,9e-04,0.0168,2e-04,0.0825
"EUMA","206394_SW",206394,"SW","Northern Region",53.57324,-132.11579,2024,TRUE,4,0,2e-04,0.0151,1e-04,0.0782
"EUMA","206394_SW",206394,"SW","Northern Region",53.57324,-132.11579,2025,TRUE,4,0,9e-04,0.0137,1e-04,0.0738
"EUMA","20730_NE",20730,"NE","Northern Region",56.79525,-124.90059,2017,FALSE,0,NA,NA,0.2166,0.0038,0.8552
"EUMA","20730_NE",20730,"NE","Northern Region",56.79525,-124.90059,2018,FALSE,0,NA,NA,0.016,1e-04,0.1116
"EUMA","20730_NE",20730,"NE","Northern Region",56.79525,-124.90059,2019,FALSE,0,NA,NA,0.0074,0,0.0625
"EUMA","20730_NE",20730,"NE","Northern Region",56.79525,-124.90059,2020,FALSE,0,NA,NA,0.0102,2e-04,0.061
"EUMA","20730_NE",20730,"NE","Northern Region",56.79525,-124.90059,2021,FALSE,0,NA,NA,0.0041,0,0.0342
"EUMA","20730_NE",20730,"NE","Northern Region",56.79525,-124.90059,2022,TRUE,3,0,0.0016,0.0101,1e-04,0.0547
"EUMA","20730_NE",20730,"NE","Northern Region",56.79525,-124.90059,2023,FALSE,0,NA,NA,0.0075,0,0.0498
"EUMA","20730_NE",20730,"NE","Northern Region",56.79525,-124.90059,2024,TRUE,4,0,0.0011,0.0056,0,0.038
"EUMA","20730_NE",20730,"NE","Northern Region",56.79525,-124.90059,2025,TRUE,4,0,2e-04,0.0049,0,0.0296
"EUMA","20730_NW",20730,"NW","Northern Region",56.79948,-124.97614,2017,FALSE,0,NA,NA,0.1306,0.0047,0.5683
"EUMA","20730_NW",20730,"NW","Northern Region",56.79948,-124.97614,2018,FALSE,0,NA,NA,0.0065,0,0.043
"EUMA","20730_NW",20730,"NW","Northern Region",56.79948,-124.97614,2019,FALSE,0,NA,NA,0.0028,0,0.0209
"EUMA","20730_NW",20730,"NW","Northern Region",56.79948,-124.97614,2020,FALSE,0,NA,NA,0.0092,2e-04,0.0501
"EUMA","20730_NW",20730,"NW","Northern Region",56.79948,-124.97614,2021,FALSE,0,NA,NA,0.0023,0,0.0167
"EUMA","20730_NW",20730,"NW","Northern Region",56.79948,-124.97614,2022,TRUE,3,0,0.0031,0.0116,2e-04,0.0595
"EUMA","20730_NW",20730,"NW","Northern Region",56.79948,-124.97614,2023,FALSE,0,NA,NA,0.0075,0,0.0511
"EUMA","20730_NW",20730,"NW","Northern Region",56.79948,-124.97614,2024,TRUE,4,0,2e-04,0.0038,0,0.0225
"EUMA","20730_NW",20730,"NW","Northern Region",56.79948,-124.97614,2025,TRUE,4,0,7e-04,0.0042,0,0.0239
"EUMA","20730_SE",20730,"SE","Northern Region",56.78457,-124.88544,2017,FALSE,0,NA,NA,0.0647,0.0057,0.2372
"EUMA","20730_SE",20730,"SE","Northern Region",56.78457,-124.88544,2018,FALSE,0,NA,NA,0.0216,0.001,0.0858
"EUMA","20730_SE",20730,"SE","Northern Region",56.78457,-124.88544,2019,FALSE,0,NA,NA,0.0123,2e-04,0.0592
"EUMA","20730_SE",20730,"SE","Northern Region",56.78457,-124.88544,2020,FALSE,0,NA,NA,0.0105,3e-04,0.05
"EUMA","20730_SE",20730,"SE","Northern Region",56.78457,-124.88544,2021,FALSE,0,NA,NA,0.0063,0,0.0387
"EUMA","20730_SE",20730,"SE","Northern Region",56.78457,-124.88544,2022,TRUE,3,0,9e-04,0.0087,2e-04,0.042
"EUMA","20730_SE",20730,"SE","Northern Region",56.78457,-124.88544,2023,FALSE,0,NA,NA,0.0072,1e-04,0.0391
"EUMA","20730_SE",20730,"SE","Northern Region",56.78457,-124.88544,2024,TRUE,3,0,0,0.0062,0,0.0356
"EUMA","20730_SE",20730,"SE","Northern Region",56.78457,-124.88544,2025,TRUE,4,0,2e-04,0.0052,0,0.0313
"EUMA","20730_SW",20730,"SW","Northern Region",56.76456,-124.98588,2017,FALSE,0,NA,NA,0.0633,0.0056,0.2322
"EUMA","20730_SW",20730,"SW","Northern Region",56.76456,-124.98588,2018,FALSE,0,NA,NA,0.0221,0.0011,0.088
"EUMA","20730_SW",20730,"SW","Northern Region",56.76456,-124.98588,2019,FALSE,0,NA,NA,0.0129,1e-04,0.0629
"EUMA","20730_SW",20730,"SW","Northern Region",56.76456,-124.98588,2020,FALSE,0,NA,NA,0.0108,3e-04,0.0503
"EUMA","20730_SW",20730,"SW","Northern Region",56.76456,-124.98588,2021,FALSE,0,NA,NA,0.0065,0,0.0399
"EUMA","20730_SW",20730,"SW","Northern Region",56.76456,-124.98588,2022,TRUE,3,0,0.0011,0.0088,2e-04,0.0424
"EUMA","20730_SW",20730,"SW","Northern Region",56.76456,-124.98588,2023,FALSE,0,NA,NA,0.0073,1e-04,0.0395
"EUMA","20730_SW",20730,"SW","Northern Region",56.76456,-124.98588,2024,FALSE,0,NA,NA,0.0064,0,0.0352
"EUMA","20730_SW",20730,"SW","Northern Region",56.76456,-124.98588,2025,TRUE,4,0,4e-04,0.0053,1e-04,0.0313
"EUMA","212266_NE",212266,"NE","Okanagan Region",50.751409,-120.480005,2017,TRUE,4,1,1,0.4998,0.1597,0.8685
"EUMA","212266_NE",212266,"NE","Okanagan Region",50.751409,-120.480005,2018,TRUE,4,1,1,0.4403,0.1745,0.7376
"EUMA","212266_NE",212266,"NE","Okanagan Region",50.751409,-120.480005,2019,TRUE,4,1,1,0.398,0.1208,0.7051
"EUMA","212266_NE",212266,"NE","Okanagan Region",50.751409,-120.480005,2020,TRUE,4,0,0.2727,0.4657,0.1584,0.7841
"EUMA","212266_NE",212266,"NE","Okanagan Region",50.751409,-120.480005,2021,TRUE,4,0,0.1998,0.391,0.0848,0.7506
"EUMA","212266_NE",212266,"NE","Okanagan Region",50.751409,-120.480005,2022,TRUE,4,0,0.3922,0.4971,0.1463,0.857
"EUMA","212266_NE",212266,"NE","Okanagan Region",50.751409,-120.480005,2023,TRUE,4,1,1,0.4871,0.1393,0.8545
"EUMA","212266_NE",212266,"NE","Okanagan Region",50.751409,-120.480005,2024,TRUE,3,0,0.3084,0.4777,0.1057,0.8684
"EUMA","212266_NE",212266,"NE","Okanagan Region",50.751409,-120.480005,2025,TRUE,4,0,0.172,0.444,0.0823,0.8589
"EUMA","212266_NW",212266,"NW","Okanagan Region",50.777508,-120.5598176,2017,TRUE,4,0,0.0513,0.3161,0.0501,0.7278
"EUMA","212266_NW",212266,"NW","Okanagan Region",50.777508,-120.5598176,2018,TRUE,4,0,0.0104,0.2756,0.069,0.5704
"EUMA","212266_NW",212266,"NW","Okanagan Region",50.777508,-120.5598176,2019,TRUE,4,0,0.0044,0.2477,0.0565,0.5251
"EUMA","212266_NW",212266,"NW","Okanagan Region",50.777508,-120.5598176,2020,TRUE,3,0,0.0564,0.3461,0.1199,0.6324
"EUMA","212266_NW",212266,"NW","Okanagan Region",50.777508,-120.5598176,2021,TRUE,3,0,0.0278,0.2711,0.0451,0.5834
"EUMA","212266_NW",212266,"NW","Okanagan Region",50.777508,-120.5598176,2022,FALSE,0,NA,NA,0.4141,0.147,0.7298
"EUMA","212266_NW",212266,"NW","Okanagan Region",50.777508,-120.5598176,2023,TRUE,4,0,0.0622,0.3874,0.1018,0.7319
"EUMA","212266_NW",212266,"NW","Okanagan Region",50.777508,-120.5598176,2024,TRUE,3,0,0.0642,0.38,0.0925,0.7186
"EUMA","212266_NW",212266,"NW","Okanagan Region",50.777508,-120.5598176,2025,TRUE,3,0,0.0767,0.3499,0.0814,0.7091
"EUMA","212266_SE",212266,"SE","Okanagan Region",50.714878,-120.492405,2017,FALSE,0,NA,NA,0.468,0.1596,0.7875
"EUMA","212266_SE",212266,"SE","Okanagan Region",50.714878,-120.492405,2018,TRUE,4,1,1,0.4845,0.2308,0.7477
"EUMA","212266_SE",212266,"SE","Okanagan Region",50.714878,-120.492405,2019,TRUE,3,1,1,0.4814,0.2392,0.7319
"EUMA","212266_SE",212266,"SE","Okanagan Region",50.714878,-120.492405,2020,TRUE,4,0,0.2964,0.5868,0.3472,0.8181
"EUMA","212266_SE",212266,"SE","Okanagan Region",50.714878,-120.492405,2021,TRUE,4,0,0.214,0.5439,0.2763,0.7961
"EUMA","212266_SE",212266,"SE","Okanagan Region",50.714878,-120.492405,2022,TRUE,4,0,0.4087,0.6579,0.3816,0.8805
"EUMA","212266_SE",212266,"SE","Okanagan Region",50.714878,-120.492405,2023,TRUE,4,1,1,0.6609,0.3699,0.897
"EUMA","212266_SE",212266,"SE","Okanagan Region",50.714878,-120.492405,2024,TRUE,3,1,1,0.6701,0.3977,0.8927
"EUMA","212266_SE",212266,"SE","Okanagan Region",50.714878,-120.492405,2025,TRUE,4,1,1,0.6459,0.3278,0.8926
"EUMA","212266_SW",212266,"SW","Okanagan Region",50.732357,-120.521811,2017,FALSE,0,NA,NA,0.4731,0.172,0.7872
"EUMA","212266_SW",212266,"SW","Okanagan Region",50.732357,-120.521811,2018,TRUE,4,0,0.0162,0.4755,0.2316,0.735
"EUMA","212266_SW",212266,"SW","Okanagan Region",50.732357,-120.521811,2019,TRUE,4,0,0.0078,0.4628,0.2318,0.7107
"EUMA","212266_SW",212266,"SW","Okanagan Region",50.732357,-120.521811,2020,TRUE,3,0,0.1447,0.5655,0.3216,0.8017
"EUMA","212266_SW",212266,"SW","Okanagan Region",50.732357,-120.521811,2021,TRUE,2,0,0.2036,0.5089,0.2446,0.7701
"EUMA","212266_SW",212266,"SW","Okanagan Region",50.732357,-120.521811,2022,TRUE,4,1,1,0.6304,0.3511,0.8632
"EUMA","212266_SW",212266,"SW","Okanagan Region",50.732357,-120.521811,2023,TRUE,3,0,0.8631,0.6272,0.3323,0.8759
"EUMA","212266_SW",212266,"SW","Okanagan Region",50.732357,-120.521811,2024,TRUE,4,1,1,0.6315,0.3574,0.8681
"EUMA","212266_SW",212266,"SW","Okanagan Region",50.732357,-120.521811,2025,TRUE,4,0,0.5067,0.6006,0.2883,0.8671
"EUMA","212906_NW",212906,"NW","South Coastal Region",49.36971,-124.79984,2017,FALSE,0,NA,NA,0.058,0.0055,0.2252
"EUMA","212906_NW",212906,"NW","South Coastal Region",49.36971,-124.79984,2018,TRUE,3,0,0.0013,0.0112,1e-04,0.0559
"EUMA","212906_NW",212906,"NW","South Coastal Region",49.36971,-124.79984,2019,TRUE,4,0,4e-04,0.0065,0,0.0414
"EUMA","212906_NW",212906,"NW","South Coastal Region",49.36971,-124.79984,2020,TRUE,4,0,0.0013,0.0117,3e-04,0.0546
"EUMA","212906_NW",212906,"NW","South Coastal Region",49.36971,-124.79984,2021,FALSE,0,NA,NA,0.005,0,0.0354
"EUMA","212906_NW",212906,"NW","South Coastal Region",49.36971,-124.79984,2022,TRUE,4,0,0.0029,0.0136,3e-04,0.0641
"EUMA","212906_NW",212906,"NW","South Coastal Region",49.36971,-124.79984,2023,TRUE,4,0,0.0016,0.0099,0,0.0551
"EUMA","212906_NW",212906,"NW","South Coastal Region",49.36971,-124.79984,2024,TRUE,3,0,4e-04,0.0074,0,0.0442
"EUMA","212906_NW",212906,"NW","South Coastal Region",49.36971,-124.79984,2025,TRUE,4,0,0.002,0.0071,1e-04,0.0429
"EUMA","212906_SE",212906,"SE","South Coastal Region",49.35175,-124.74136,2017,FALSE,0,NA,NA,0.0863,0.0061,0.3614
"EUMA","212906_SE",212906,"SE","South Coastal Region",49.35175,-124.74136,2018,TRUE,3,0,0.0042,0.0314,9e-04,0.1249
"EUMA","212906_SE",212906,"SE","South Coastal Region",49.35175,-124.74136,2019,TRUE,4,0,2e-04,0.0219,1e-04,0.1021
"EUMA","212906_SE",212906,"SE","South Coastal Region",49.35175,-124.74136,2020,TRUE,4,0,7e-04,0.0215,4e-04,0.0954
"EUMA","212906_SE",212906,"SE","South Coastal Region",49.35175,-124.74136,2021,FALSE,0,NA,NA,0.0156,0,0.0809
"EUMA","212906_SE",212906,"SE","South Coastal Region",49.35175,-124.74136,2022,TRUE,4,0,0.0011,0.0194,3e-04,0.0887
"EUMA","212906_SE",212906,"SE","South Coastal Region",49.35175,-124.74136,2023,TRUE,4,0,0.0013,0.0179,1e-04,0.0875
"EUMA","212906_SE",212906,"SE","South Coastal Region",49.35175,-124.74136,2024,TRUE,4,0,0,0.0169,0,0.0877
"EUMA","212906_SE",212906,"SE","South Coastal Region",49.35175,-124.74136,2025,TRUE,4,0,2e-04,0.0153,1e-04,0.0848
"EUMA","212906_SW",212906,"SW","South Coastal Region",49.33595,-124.7423,2017,FALSE,0,NA,NA,0.0492,0.0047,0.1762
"EUMA","212906_SW",212906,"SW","South Coastal Region",49.33595,-124.7423,2018,TRUE,3,0,0.004,0.0306,0.0021,0.1025
"EUMA","212906_SW",212906,"SW","South Coastal Region",49.33595,-124.7423,2019,TRUE,4,0,2e-04,0.0249,5e-04,0.0899
"EUMA","212906_SW",212906,"SW","South Coastal Region",49.33595,-124.7423,2020,TRUE,4,0,0.0022,0.0248,9e-04,0.088
"EUMA","212906_SW",212906,"SW","South Coastal Region",49.33595,-124.7423,2021,FALSE,0,NA,NA,0.0205,2e-04,0.0791
"EUMA","212906_SW",212906,"SW","South Coastal Region",49.33595,-124.7423,2022,FALSE,0,NA,NA,0.0237,4e-04,0.0897
"EUMA","212906_SW",212906,"SW","South Coastal Region",49.33595,-124.7423,2023,TRUE,4,0,0.0013,0.023,3e-04,0.0905
"EUMA","212906_SW",212906,"SW","South Coastal Region",49.33595,-124.7423,2024,TRUE,3,0,0.0013,0.0227,2e-04,0.0944
"EUMA","212906_SW",212906,"SW","South Coastal Region",49.33595,-124.7423,2025,TRUE,4,0,0.0016,0.0213,1e-04,0.0939
"EUMA","216746_NW",216746,"NW","South Coastal Region",49.10675,-125.78544,2017,FALSE,0,NA,NA,0.2232,0.0041,0.8801
"EUMA","216746_NW",216746,"NW","South Coastal Region",49.10675,-125.78544,2018,TRUE,4,0,0.0078,0.0295,1e-04,0.177
"EUMA","216746_NW",216746,"NW","South Coastal Region",49.10675,-125.78544,2019,FALSE,0,NA,NA,0.0183,0,0.1293
"EUMA","216746_NW",216746,"NW","South Coastal Region",49.10675,-125.78544,2020,FALSE,0,NA,NA,0.0222,3e-04,0.1297
"EUMA","216746_NW",216746,"NW","South Coastal Region",49.10675,-125.78544,2021,TRUE,4,0,0.0018,0.0125,0,0.0951
"EUMA","216746_NW",216746,"NW","South Coastal Region",49.10675,-125.78544,2022,TRUE,3,0,0.004,0.0207,2e-04,0.1112
"EUMA","216746_NW",216746,"NW","South Coastal Region",49.10675,-125.78544,2023,FALSE,0,NA,NA,0.0173,0,0.1073
"EUMA","216746_NW",216746,"NW","South Coastal Region",49.10675,-125.78544,2024,TRUE,3,0,0.004,0.0153,0,0.1029
"EUMA","216746_NW",216746,"NW","South Coastal Region",49.10675,-125.78544,2025,TRUE,4,0,0.0022,0.0136,0,0.0921
"EUMA","216746_SE",216746,"SE","South Coastal Region",49.07768,-125.74644,2017,TRUE,4,0,0.0058,0.0368,0.0013,0.1688
"EUMA","216746_SE",216746,"SE","South Coastal Region",49.07768,-125.74644,2018,FALSE,0,NA,NA,0.0224,8e-04,0.0988
"EUMA","216746_SE",216746,"SE","South Coastal Region",49.07768,-125.74644,2019,TRUE,4,0,4e-04,0.0188,3e-04,0.089
"EUMA","216746_SE",216746,"SE","South Coastal Region",49.07768,-125.74644,2020,TRUE,3,0,4e-04,0.0215,9e-04,0.0909
"EUMA","216746_SE",216746,"SE","South Coastal Region",49.07768,-125.74644,2021,TRUE,4,0,2e-04,0.0175,1e-04,0.0802
"EUMA","216746_SE",216746,"SE","South Coastal Region",49.07768,-125.74644,2022,TRUE,3,0,7e-04,0.0239,6e-04,0.0983
"EUMA","216746_SE",216746,"SE","South Coastal Region",49.07768,-125.74644,2023,TRUE,3,0,4e-04,0.0225,3e-04,0.0978
"EUMA","216746_SE",216746,"SE","South Coastal Region",49.07768,-125.74644,2024,TRUE,3,0,7e-04,0.0225,1e-04,0.0994
"EUMA","216746_SE",216746,"SE","South Coastal Region",49.07768,-125.74644,2025,TRUE,4,0,9e-04,0.022,2e-04,0.1007
"EUMA","218282_SE",218282,"SE","Kootenay Region",50.13833,-117.55672,2017,FALSE,0,NA,NA,0.0702,0.0061,0.2328
"EUMA","218282_SE",218282,"SE","Kootenay Region",50.13833,-117.55672,2018,FALSE,0,NA,NA,0.0103,0,0.0715
"EUMA","218282_SE",218282,"SE","Kootenay Region",50.13833,-117.55672,2019,FALSE,0,NA,NA,0.0053,0,0.041
"EUMA","218282_SE",218282,"SE","Kootenay Region",50.13833,-117.55672,2020,TRUE,4,0,0.0029,0.0186,2e-04,0.1171
"EUMA","218282_SE",218282,"SE","Kootenay Region",50.13833,-117.55672,2021,TRUE,4,0,0.0011,0.0047,0,0.0363
"EUMA","218282_SE",218282,"SE","Kootenay Region",50.13833,-117.55672,2022,TRUE,4,0,0.004,0.0247,2e-04,0.1459
"EUMA","218282_SE",218282,"SE","Kootenay Region",50.13833,-117.55672,2023,FALSE,0,NA,NA,0.014,0,0.0975
"EUMA","218282_SE",218282,"SE","Kootenay Region",50.13833,-117.55672,2024,TRUE,4,0,7e-04,0.0078,0,0.0524
"EUMA","218282_SE",218282,"SE","Kootenay Region",50.13833,-117.55672,2025,TRUE,4,0,0.0016,0.0097,1e-04,0.0639
"EUMA","218282_SW",218282,"SW","Kootenay Region",50.15094,-117.6221,2017,FALSE,0,NA,NA,0.1104,0.007,0.4057
"EUMA","218282_SW",218282,"SW","Kootenay Region",50.15094,-117.6221,2018,FALSE,0,NA,NA,0.0184,4e-04,0.0902
"EUMA","218282_SW",218282,"SW","Kootenay Region",50.15094,-117.6221,2019,FALSE,0,NA,NA,0.0078,0,0.0526
"EUMA","218282_SW",218282,"SW","Kootenay Region",50.15094,-117.6221,2020,TRUE,4,0,4e-04,0.0092,3e-04,0.0447
"EUMA","218282_SW",218282,"SW","Kootenay Region",50.15094,-117.6221,2021,TRUE,4,0,0,0.0038,0,0.0266
"EUMA","218282_SW",218282,"SW","Kootenay Region",50.15094,-117.6221,2022,TRUE,4,0,0.0013,0.0097,2e-04,0.0447
"EUMA","218282_SW",218282,"SW","Kootenay Region",50.15094,-117.6221,2023,TRUE,4,0,0.0013,0.0068,0,0.0369
"EUMA","218282_SW",218282,"SW","Kootenay Region",50.15094,-117.6221,2024,TRUE,4,0,2e-04,0.0053,0,0.0307
"EUMA","218282_SW",218282,"SW","Kootenay Region",50.15094,-117.6221,2025,TRUE,4,0,2e-04,0.0047,1e-04,0.0254
"EUMA","219626_SW",219626,"SW","South Coastal Region",48.92819,-125.25,2017,FALSE,0,NA,NA,0.0406,0.002,0.1722
"EUMA","219626_SW",219626,"SW","South Coastal Region",48.92819,-125.25,2018,FALSE,0,NA,NA,0.0231,8e-04,0.0953
"EUMA","219626_SW",219626,"SW","South Coastal Region",48.92819,-125.25,2019,FALSE,0,NA,NA,0.0186,2e-04,0.0845
"EUMA","219626_SW",219626,"SW","South Coastal Region",48.92819,-125.25,2020,FALSE,0,NA,NA,0.0219,7e-04,0.0914
"EUMA","219626_SW",219626,"SW","South Coastal Region",48.92819,-125.25,2021,FALSE,0,NA,NA,0.0168,1e-04,0.0776
"EUMA","219626_SW",219626,"SW","South Coastal Region",48.92819,-125.25,2022,FALSE,0,NA,NA,0.0244,5e-04,0.103
"EUMA","219626_SW",219626,"SW","South Coastal Region",48.92819,-125.25,2023,FALSE,0,NA,NA,0.0222,2e-04,0.0998
"EUMA","219626_SW",219626,"SW","South Coastal Region",48.92819,-125.25,2024,TRUE,4,0,2e-04,0.0218,1e-04,0.0992
"EUMA","219626_SW",219626,"SW","South Coastal Region",48.92819,-125.25,2025,TRUE,4,0,0,0.0212,1e-04,0.1028
"EUMA","226090_NE",226090,"NE","Okanagan Region",50.10929,-120.45236,2017,FALSE,0,NA,NA,0.3063,0.0424,0.7277
"EUMA","226090_NE",226090,"NE","Okanagan Region",50.10929,-120.45236,2018,FALSE,0,NA,NA,0.2488,0.0461,0.5567
"EUMA","226090_NE",226090,"NE","Okanagan Region",50.10929,-120.45236,2019,TRUE,4,0,0.0087,0.2222,0.0241,0.5388
"EUMA","226090_NE",226090,"NE","Okanagan Region",50.10929,-120.45236,2020,TRUE,2,0,0.0382,0.3409,0.0967,0.6568
"EUMA","226090_NE",226090,"NE","Okanagan Region",50.10929,-120.45236,2021,TRUE,3,0,0.0096,0.2532,0.0202,0.6142
"EUMA","226090_NE",226090,"NE","Okanagan Region",50.10929,-120.45236,2022,TRUE,2,0,0.0818,0.4195,0.1246,0.7731
"EUMA","226090_NE",226090,"NE","Okanagan Region",50.10929,-120.45236,2023,TRUE,3,0,0.0571,0.369,0.0578,0.7806
"EUMA","226090_NE",226090,"NE","Okanagan Region",50.10929,-120.45236,2024,FALSE,0,NA,NA,0.3693,0.0508,0.7805
"EUMA","226090_NE",226090,"NE","Okanagan Region",50.10929,-120.45236,2025,TRUE,2,0,0.0964,0.3463,0.0548,0.7767
"EUMA","226090_NW",226090,"NW","Okanagan Region",50.0999,-120.50647,2017,FALSE,0,NA,NA,0.529,0.1696,0.9021
"EUMA","226090_NW",226090,"NW","Okanagan Region",50.0999,-120.50647,2018,TRUE,2,0,0.0629,0.3023,0.0849,0.5827
"EUMA","226090_NW",226090,"NW","Okanagan Region",50.0999,-120.50647,2019,TRUE,4,0,0.0176,0.2214,0.029,0.5236
"EUMA","226090_NW",226090,"NW","Okanagan Region",50.0999,-120.50647,2020,TRUE,4,0,0.0404,0.3592,0.1273,0.6476
"EUMA","226090_NW",226090,"NW","Okanagan Region",50.0999,-120.50647,2021,TRUE,4,0,0.0142,0.2099,0.0309,0.5555
"EUMA","226090_NW",226090,"NW","Okanagan Region",50.0999,-120.50647,2022,TRUE,3,0,0.1109,0.4157,0.1537,0.7248
"EUMA","226090_NW",226090,"NW","Okanagan Region",50.0999,-120.50647,2023,TRUE,4,0,0.0813,0.3417,0.0917,0.6803
"EUMA","226090_NW",226090,"NW","Okanagan Region",50.0999,-120.50647,2024,FALSE,0,NA,NA,0.3063,0.0489,0.6693
"EUMA","226090_NW",226090,"NW","Okanagan Region",50.0999,-120.50647,2025,TRUE,3,0,0.0642,0.2753,0.0565,0.6456
"EUMA","226090_SE",226090,"SE","Okanagan Region",50.07156,-120.42266,2017,FALSE,0,NA,NA,0.3314,0.0378,0.7988
"EUMA","226090_SE",226090,"SE","Okanagan Region",50.07156,-120.42266,2018,TRUE,2,0,0.0267,0.2409,0.0384,0.586
"EUMA","226090_SE",226090,"SE","Okanagan Region",50.07156,-120.42266,2019,TRUE,4,0,0.0073,0.2039,0.0173,0.5479
"EUMA","226090_SE",226090,"SE","Okanagan Region",50.07156,-120.42266,2020,TRUE,4,0,0.0173,0.3096,0.0744,0.6402
"EUMA","226090_SE",226090,"SE","Okanagan Region",50.07156,-120.42266,2021,TRUE,3,0,0.0096,0.2179,0.0143,0.6013
"EUMA","226090_SE",226090,"SE","Okanagan Region",50.07156,-120.42266,2022,TRUE,3,0,0.0576,0.3752,0.0934,0.7356
"EUMA","226090_SE",226090,"SE","Okanagan Region",50.07156,-120.42266,2023,FALSE,0,NA,NA,0.3236,0.0477,0.7459
"EUMA","226090_SE",226090,"SE","Okanagan Region",50.07156,-120.42266,2024,FALSE,0,NA,NA,0.3164,0.0345,0.7332
"EUMA","226090_SE",226090,"SE","Okanagan Region",50.07156,-120.42266,2025,TRUE,2,0,0.0793,0.2898,0.0393,0.7249
"EUMA","230186_NE",230186,"NE","Okanagan Region",49.01457,-121.07198,2017,FALSE,0,NA,NA,0.3605,0.0897,0.7058
"EUMA","230186_NE",230186,"NE","Okanagan Region",49.01457,-121.07198,2018,TRUE,4,0,0.0202,0.3688,0.1276,0.6507
"EUMA","230186_NE",230186,"NE","Okanagan Region",49.01457,-121.07198,2019,TRUE,4,0,0.03,0.3657,0.1267,0.6378
"EUMA","230186_NE",230186,"NE","Okanagan Region",49.01457,-121.07198,2020,TRUE,4,1,1,0.5037,0.2434,0.7704
"EUMA","230186_NE",230186,"NE","Okanagan Region",49.01457,-121.07198,2021,TRUE,4,0,0.2484,0.4425,0.1371,0.744
"EUMA","230186_NE",230186,"NE","Okanagan Region",49.01457,-121.07198,2022,FALSE,0,NA,NA,0.5958,0.2913,0.8538
"EUMA","230186_NE",230186,"NE","Okanagan Region",49.01457,-121.07198,2023,FALSE,0,NA,NA,0.5785,0.2114,0.8806
"EUMA","230186_NE",230186,"NE","Okanagan Region",49.01457,-121.07198,2024,TRUE,4,0,0.1558,0.5855,0.1908,0.8821
"EUMA","230186_NE",230186,"NE","Okanagan Region",49.01457,-121.07198,2025,FALSE,0,NA,NA,0.568,0.1881,0.8919
"EUMA","230186_SE",230186,"SE","Okanagan Region",48.97511,-121.08329,2017,FALSE,0,NA,NA,0.2793,0.0162,0.8016
"EUMA","230186_SE",230186,"SE","Okanagan Region",48.97511,-121.08329,2018,TRUE,4,0,0.0069,0.3035,0.0387,0.7339
"EUMA","230186_SE",230186,"SE","Okanagan Region",48.97511,-121.08329,2019,TRUE,4,0,0.01,0.3246,0.0509,0.7335
"EUMA","230186_SE",230186,"SE","Okanagan Region",48.97511,-121.08329,2020,TRUE,4,0,0.0391,0.4722,0.13,0.8458
"EUMA","230186_SE",230186,"SE","Okanagan Region",48.97511,-121.08329,2021,TRUE,4,0,0.0084,0.4325,0.0779,0.8332
"EUMA","230186_SE",230186,"SE","Okanagan Region",48.97511,-121.08329,2022,FALSE,0,NA,NA,0.5818,0.1737,0.9238
"EUMA","230186_SE",230186,"SE","Okanagan Region",48.97511,-121.08329,2023,TRUE,4,0,0.0593,0.5693,0.1279,0.9419
"EUMA","230186_SE",230186,"SE","Okanagan Region",48.97511,-121.08329,2024,TRUE,4,0,0.072,0.5986,0.1187,0.9551
"EUMA","230186_SE",230186,"SE","Okanagan Region",48.97511,-121.08329,2025,FALSE,0,NA,NA,0.6022,0.1357,0.9629
"EUMA","241002_NE",241002,"NE","Kootenay Region",51.03817,-118.1357,2017,TRUE,4,0,0.0091,0.0401,2e-04,0.2505
"EUMA","241002_NE",241002,"NE","Kootenay Region",51.03817,-118.1357,2018,TRUE,3,0,9e-04,0.0139,1e-04,0.0943
"EUMA","241002_NE",241002,"NE","Kootenay Region",51.03817,-118.1357,2019,TRUE,4,0,7e-04,0.0107,0,0.08
"EUMA","241002_NE",241002,"NE","Kootenay Region",51.03817,-118.1357,2020,TRUE,4,0,2e-04,0.0119,1e-04,0.0753
"EUMA","241002_NE",241002,"NE","Kootenay Region",51.03817,-118.1357,2021,TRUE,4,0,2e-04,0.0089,0,0.0626
"EUMA","241002_NE",241002,"NE","Kootenay Region",51.03817,-118.1357,2022,TRUE,4,0,2e-04,0.0135,1e-04,0.0802
"EUMA","241002_NE",241002,"NE","Kootenay Region",51.03817,-118.1357,2023,TRUE,4,0,4e-04,0.0113,0,0.075
"EUMA","241002_NE",241002,"NE","Kootenay Region",51.03817,-118.1357,2024,TRUE,4,0,0,0.0107,0,0.0743
"EUMA","241002_NE",241002,"NE","Kootenay Region",51.03817,-118.1357,2025,TRUE,4,0,4e-04,0.0102,0,0.0726
"EUMA","241002_NW",241002,"NW","Kootenay Region",51.01597,-118.20292,2017,TRUE,4,0,0.026,0.1153,0.0084,0.4079
"EUMA","241002_NW",241002,"NW","Kootenay Region",51.01597,-118.20292,2018,TRUE,4,0,0.0027,0.0461,0.0013,0.1911
"EUMA","241002_NW",241002,"NW","Kootenay Region",51.01597,-118.20292,2019,TRUE,4,0,2e-04,0.0297,2e-04,0.1467
"EUMA","241002_NW",241002,"NW","Kootenay Region",51.01597,-118.20292,2020,TRUE,4,0,9e-04,0.0254,4e-04,0.1231
"EUMA","241002_NW",241002,"NW","Kootenay Region",51.01597,-118.20292,2021,TRUE,4,0,2e-04,0.0171,0,0.1024
"EUMA","241002_NW",241002,"NW","Kootenay Region",51.01597,-118.20292,2022,TRUE,4,0,9e-04,0.0201,3e-04,0.1035
"EUMA","241002_NW",241002,"NW","Kootenay Region",51.01597,-118.20292,2023,TRUE,4,0,0.0011,0.0174,1e-04,0.0948
"EUMA","241002_NW",241002,"NW","Kootenay Region",51.01597,-118.20292,2024,TRUE,4,0,7e-04,0.0159,0,0.0896
"EUMA","241002_NW",241002,"NW","Kootenay Region",51.01597,-118.20292,2025,TRUE,4,0,0.0013,0.0136,1e-04,0.0848
"EUMA","243562_NE",243562,"NE","Kootenay Region",49.69966,-115.98498,2017,TRUE,4,0,0.0242,0.0567,0.0028,0.2242
"EUMA","243562_NE",243562,"NE","Kootenay Region",49.69966,-115.98498,2018,FALSE,0,NA,NA,0.007,0,0.0475
"EUMA","243562_NE",243562,"NE","Kootenay Region",49.69966,-115.98498,2019,TRUE,4,0,4e-04,0.0036,0,0.0279
"EUMA","243562_NE",243562,"NE","Kootenay Region",49.69966,-115.98498,2020,TRUE,4,0,0.0024,0.0113,2e-04,0.0633
"EUMA","243562_NE",243562,"NE","Kootenay Region",49.69966,-115.98498,2021,TRUE,3,0,2e-04,0.0031,0,0.0239
"EUMA","243562_NE",243562,"NE","Kootenay Region",49.69966,-115.98498,2022,FALSE,0,NA,NA,0.0151,2e-04,0.085
"EUMA","243562_NE",243562,"NE","Kootenay Region",49.69966,-115.98498,2023,TRUE,3,0,0.0038,0.0089,0,0.0613
"EUMA","243562_NE",243562,"NE","Kootenay Region",49.69966,-115.98498,2024,TRUE,2,0,0.0016,0.0048,0,0.0315
"EUMA","243562_NE",243562,"NE","Kootenay Region",49.69966,-115.98498,2025,TRUE,4,0,0.0013,0.0055,1e-04,0.0331
"EUMA","243562_SE",243562,"SE","Kootenay Region",49.65068,-115.94692,2017,TRUE,4,0,0.0096,0.0431,0.0019,0.1707
"EUMA","243562_SE",243562,"SE","Kootenay Region",49.65068,-115.94692,2018,FALSE,0,NA,NA,0.0192,5e-04,0.0832
"EUMA","243562_SE",243562,"SE","Kootenay Region",49.65068,-115.94692,2019,TRUE,4,0,0,0.0139,1e-04,0.0688
"EUMA","243562_SE",243562,"SE","Kootenay Region",49.65068,-115.94692,2020,FALSE,0,NA,NA,0.0137,3e-04,0.0627
"EUMA","243562_SE",243562,"SE","Kootenay Region",49.65068,-115.94692,2021,TRUE,3,0,2e-04,0.0101,0,0.0566
"EUMA","243562_SE",243562,"SE","Kootenay Region",49.65068,-115.94692,2022,TRUE,2,0,0.0016,0.0136,2e-04,0.0592
"EUMA","243562_SE",243562,"SE","Kootenay Region",49.65068,-115.94692,2023,TRUE,4,0,2e-04,0.0119,1e-04,0.0576
"EUMA","243562_SE",243562,"SE","Kootenay Region",49.65068,-115.94692,2024,FALSE,0,NA,NA,0.0112,0,0.0571
"EUMA","243562_SE",243562,"SE","Kootenay Region",49.65068,-115.94692,2025,TRUE,4,0,7e-04,0.0102,1e-04,0.0554
"EUMA","252394_NW",252394,"NW","South Coastal Region",48.79865,-125.16568,2017,FALSE,0,NA,NA,0.0618,0.0052,0.2335
"EUMA","252394_NW",252394,"NW","South Coastal Region",48.79865,-125.16568,2018,FALSE,0,NA,NA,0.0233,9e-04,0.0856
"EUMA","252394_NW",252394,"NW","South Coastal Region",48.79865,-125.16568,2019,FALSE,0,NA,NA,0.0154,1e-04,0.0698
"EUMA","252394_NW",252394,"NW","South Coastal Region",48.79865,-125.16568,2020,FALSE,0,NA,NA,0.0169,5e-04,0.0721
"EUMA","252394_NW",252394,"NW","South Coastal Region",48.79865,-125.16568,2021,FALSE,0,NA,NA,0.0111,1e-04,0.0583
"EUMA","252394_NW",252394,"NW","South Coastal Region",48.79865,-125.16568,2022,FALSE,0,NA,NA,0.0173,3e-04,0.0741
"EUMA","252394_NW",252394,"NW","South Coastal Region",48.79865,-125.16568,2023,FALSE,0,NA,NA,0.0151,1e-04,0.0735
"EUMA","252394_NW",252394,"NW","South Coastal Region",48.79865,-125.16568,2024,TRUE,4,0,9e-04,0.0138,1e-04,0.0741
"EUMA","252394_NW",252394,"NW","South Coastal Region",48.79865,-125.16568,2025,TRUE,4,0,0.0011,0.0125,1e-04,0.0715
"EUMA","26170_NE",26170,"NE","Northern Region",53.62052,-132.20883,2017,FALSE,0,NA,NA,0.148,0.0067,0.5994
"EUMA","26170_NE",26170,"NE","Northern Region",53.62052,-132.20883,2018,FALSE,0,NA,NA,0.0463,0.0011,0.2098
"EUMA","26170_NE",26170,"NE","Northern Region",53.62052,-132.20883,2019,FALSE,0,NA,NA,0.0281,1e-04,0.1498
"EUMA","26170_NE",26170,"NE","Northern Region",53.62052,-132.20883,2020,FALSE,0,NA,NA,0.0245,6e-04,0.1241
"EUMA","26170_NE",26170,"NE","Northern Region",53.62052,-132.20883,2021,FALSE,0,NA,NA,0.0156,0,0.0975
"EUMA","26170_NE",26170,"NE","Northern Region",53.62052,-132.20883,2022,TRUE,4,0,7e-04,0.0197,4e-04,0.095
"EUMA","26170_NE",26170,"NE","Northern Region",53.62052,-132.20883,2023,TRUE,4,0,0.0018,0.017,2e-04,0.088
"EUMA","26170_NE",26170,"NE","Northern Region",53.62052,-132.20883,2024,TRUE,3,0,4e-04,0.0151,1e-04,0.0825
"EUMA","26170_NE",26170,"NE","Northern Region",53.62052,-132.20883,2025,TRUE,4,0,4e-04,0.0132,1e-04,0.0771
"EUMA","26170_NW",26170,"NW","Northern Region",53.60452,-132.28837,2017,FALSE,0,NA,NA,0.1289,0.0061,0.5327
"EUMA","26170_NW",26170,"NW","Northern Region",53.60452,-132.28837,2018,FALSE,0,NA,NA,0.0281,5e-04,0.142
"EUMA","26170_NW",26170,"NW","Northern Region",53.60452,-132.28837,2019,FALSE,0,NA,NA,0.0151,0,0.0946
"EUMA","26170_NW",26170,"NW","Northern Region",53.60452,-132.28837,2020,FALSE,0,NA,NA,0.0168,5e-04,0.0822
"EUMA","26170_NW",26170,"NW","Northern Region",53.60452,-132.28837,2021,FALSE,0,NA,NA,0.0086,0,0.0561
"EUMA","26170_NW",26170,"NW","Northern Region",53.60452,-132.28837,2022,TRUE,3,0,0.0027,0.0165,3e-04,0.0749
"EUMA","26170_NW",26170,"NW","Northern Region",53.60452,-132.28837,2023,TRUE,4,0,0.0022,0.0127,1e-04,0.0668
"EUMA","26170_NW",26170,"NW","Northern Region",53.60452,-132.28837,2024,FALSE,0,NA,NA,0.0103,0,0.0589
"EUMA","26170_NW",26170,"NW","Northern Region",53.60452,-132.28837,2025,TRUE,4,0,0.0011,0.0094,1e-04,0.0555
"EUMA","26170_SE",26170,"SE","Northern Region",53.58901,-132.17695,2017,FALSE,0,NA,NA,0.1182,0.0056,0.4908
"EUMA","26170_SE",26170,"SE","Northern Region",53.58901,-132.17695,2018,FALSE,0,NA,NA,0.0495,0.0018,0.2156
"EUMA","26170_SE",26170,"SE","Northern Region",53.58901,-132.17695,2019,FALSE,0,NA,NA,0.0326,2e-04,0.1674
"EUMA","26170_SE",26170,"SE","Northern Region",53.58901,-132.17695,2020,FALSE,0,NA,NA,0.0277,8e-04,0.133
"EUMA","26170_SE",26170,"SE","Northern Region",53.58901,-132.17695,2021,FALSE,0,NA,NA,0.0188,1e-04,0.1046
"EUMA","26170_SE",26170,"SE","Northern Region",53.58901,-132.17695,2022,TRUE,4,0,0.0016,0.0219,5e-04,0.1015
"EUMA","26170_SE",26170,"SE","Northern Region",53.58901,-132.17695,2023,TRUE,4,0,2e-04,0.0194,2e-04,0.094
"EUMA","26170_SE",26170,"SE","Northern Region",53.58901,-132.17695,2024,TRUE,4,0,9e-04,0.0175,1e-04,0.0911
"EUMA","26170_SE",26170,"SE","Northern Region",53.58901,-132.17695,2025,TRUE,4,0,7e-04,0.0154,1e-04,0.0845
"EUMA","26170_SW",26170,"SW","Northern Region",53.56895,-132.23042,2017,FALSE,0,NA,NA,0.079,0.0033,0.3555
"EUMA","26170_SW",26170,"SW","Northern Region",53.56895,-132.23042,2018,FALSE,0,NA,NA,0.0372,4e-04,0.1734
"EUMA","26170_SW",26170,"SW","Northern Region",53.56895,-132.23042,2019,FALSE,0,NA,NA,0.0282,0,0.1506
"EUMA","26170_SW",26170,"SW","Northern Region",53.56895,-132.23042,2020,FALSE,0,NA,NA,0.0294,4e-04,0.1457
"EUMA","26170_SW",26170,"SW","Northern Region",53.56895,-132.23042,2021,FALSE,0,NA,NA,0.0217,0,0.1202
"EUMA","26170_SW",26170,"SW","Northern Region",53.56895,-132.23042,2022,TRUE,4,0,0.002,0.0284,3e-04,0.1374
"EUMA","26170_SW",26170,"SW","Northern Region",53.56895,-132.23042,2023,TRUE,4,0,0.0013,0.0259,1e-04,0.1334
"EUMA","26170_SW",26170,"SW","Northern Region",53.56895,-132.23042,2024,TRUE,4,0,9e-04,0.0242,0,0.1283
"EUMA","26170_SW",26170,"SW","Northern Region",53.56895,-132.23042,2025,TRUE,4,0,0.0011,0.0224,1e-04,0.1205
"EUMA","265749_NE",265749,"NE","Okanagan Region",49.15892,-119.03758,2017,FALSE,0,NA,NA,0.284,0.0369,0.6973
"EUMA","265749_NE",265749,"NE","Okanagan Region",49.15892,-119.03758,2018,TRUE,2,0,0.094,0.1733,0.0017,0.597
"EUMA","265749_NE",265749,"NE","Okanagan Region",49.15892,-119.03758,2019,TRUE,4,0,0.0258,0.1326,5e-04,0.4939
"EUMA","265749_NE",265749,"NE","Okanagan Region",49.15892,-119.03758,2020,TRUE,4,1,1,0.364,0.0708,0.784
"EUMA","265749_NE",265749,"NE","Okanagan Region",49.15892,-119.03758,2021,TRUE,4,0,0.1104,0.1278,0.0014,0.5038
"EUMA","265749_NE",265749,"NE","Okanagan Region",49.15892,-119.03758,2022,TRUE,4,1,1,0.4382,0.0861,0.8481
"EUMA","265749_NE",265749,"NE","Okanagan Region",49.15892,-119.03758,2023,TRUE,4,0,0.1013,0.218,0.0029,0.6303
"EUMA","265749_NE",265749,"NE","Okanagan Region",49.15892,-119.03758,2024,FALSE,0,NA,NA,0.2256,0.0012,0.6707
"EUMA","265749_NE",265749,"NE","Okanagan Region",49.15892,-119.03758,2025,FALSE,0,NA,NA,0.2537,0.0291,0.6838
"EUMA","265749_NW",265749,"NW","Okanagan Region",49.16674,-119.10324,2017,FALSE,0,NA,NA,0.4459,0.079,0.895
"EUMA","265749_NW",265749,"NW","Okanagan Region",49.16674,-119.10324,2018,TRUE,2,1,1,0.1692,0.0144,0.4839
"EUMA","265749_NW",265749,"NW","Okanagan Region",49.16674,-119.10324,2019,TRUE,4,0,0.1204,0.1162,0.0025,0.4255
"EUMA","265749_NW",265749,"NW","Okanagan Region",49.16674,-119.10324,2020,TRUE,4,0,0.1978,0.3142,0.068,0.6792
"EUMA","265749_NW",265749,"NW","Okanagan Region",49.16674,-119.10324,2021,TRUE,4,0,0.074,0.1116,0.0044,0.4161
"EUMA","265749_NW",265749,"NW","Okanagan Region",49.16674,-119.10324,2022,TRUE,4,1,1,0.3795,0.0938,0.7599
"EUMA","265749_NW",265749,"NW","Okanagan Region",49.16674,-119.10324,2023,TRUE,4,0,0.1442,0.2122,0.0191,0.556
"EUMA","265749_NW",265749,"NW","Okanagan Region",49.16674,-119.10324,2024,TRUE,4,0,0.1578,0.1948,0.0067,0.5653
"EUMA","265749_NW",265749,"NW","Okanagan Region",49.16674,-119.10324,2025,TRUE,4,1,1,0.2018,0.0296,0.5424
"EUMA","265749_SE",265749,"SE","Okanagan Region",49.11153,-118.97698,2017,FALSE,0,NA,NA,0.4109,0.153,0.7034
"EUMA","265749_SE",265749,"SE","Okanagan Region",49.11153,-118.97698,2018,TRUE,2,0,0.0609,0.3687,0.1664,0.6007
"EUMA","265749_SE",265749,"SE","Okanagan Region",49.11153,-118.97698,2019,TRUE,4,0,0.0127,0.3292,0.1234,0.5574
"EUMA","265749_SE",265749,"SE","Okanagan Region",49.11153,-118.97698,2020,TRUE,4,0,0.0627,0.436,0.202,0.6895
"EUMA","265749_SE",265749,"SE","Okanagan Region",49.11153,-118.97698,2021,TRUE,4,0,0.0733,0.3413,0.1078,0.6208
"EUMA","265749_SE",265749,"SE","Okanagan Region",49.11153,-118.97698,2022,TRUE,4,1,1,0.4955,0.2327,0.761
"EUMA","265749_SE",265749,"SE","Okanagan Region",49.11153,-118.97698,2023,TRUE,4,0,0.1984,0.4706,0.1995,0.7513
"EUMA","265749_SE",265749,"SE","Okanagan Region",49.11153,-118.97698,2024,TRUE,4,0,0.0509,0.4481,0.1665,0.7444
"EUMA","265749_SE",265749,"SE","Okanagan Region",49.11153,-118.97698,2025,TRUE,4,0,0.0633,0.4083,0.1334,0.7175
"EUMA","265749_SW",265749,"SW","Okanagan Region",49.11337,-119.05299,2017,FALSE,0,NA,NA,0.3819,0.0876,0.7865
"EUMA","265749_SW",265749,"SW","Okanagan Region",49.11337,-119.05299,2018,TRUE,2,0,0.0844,0.1638,8e-04,0.5792
"EUMA","265749_SW",265749,"SW","Okanagan Region",49.11337,-119.05299,2019,TRUE,4,0,0.0322,0.1279,2e-04,0.5172
"EUMA","265749_SW",265749,"SW","Okanagan Region",49.11337,-119.05299,2020,TRUE,4,0,0.1902,0.3902,0.0759,0.8343
"EUMA","265749_SW",265749,"SW","Okanagan Region",49.11337,-119.05299,2021,TRUE,3,0,0.0544,0.1056,5e-04,0.4659
"EUMA","265749_SW",265749,"SW","Okanagan Region",49.11337,-119.05299,2022,TRUE,4,0,0.2518,0.4656,0.0851,0.88
"EUMA","265749_SW",265749,"SW","Okanagan Region",49.11337,-119.05299,2023,TRUE,4,0,0.0956,0.1865,0.0013,0.5513
"EUMA","265749_SW",265749,"SW","Okanagan Region",49.11337,-119.05299,2024,TRUE,4,0,0.0616,0.2194,5e-04,0.6655
"EUMA","265749_SW",265749,"SW","Okanagan Region",49.11337,-119.05299,2025,TRUE,4,0,0.1107,0.2556,0.0274,0.6974
"EUMA","268521_NE",268521,"NE","Kootenay Region",49.49916,-115.03962,2017,FALSE,0,NA,NA,0.1067,0.0046,0.4433
"EUMA","268521_NE",268521,"NE","Kootenay Region",49.49916,-115.03962,2018,FALSE,0,NA,NA,0.0152,2e-04,0.0853
"EUMA","268521_NE",268521,"NE","Kootenay Region",49.49916,-115.03962,2019,TRUE,4,0,7e-04,0.0066,0,0.0479
"EUMA","268521_NE",268521,"NE","Kootenay Region",49.49916,-115.03962,2020,TRUE,4,0,7e-04,0.0082,2e-04,0.0404
"EUMA","268521_NE",268521,"NE","Kootenay Region",49.49916,-115.03962,2021,FALSE,0,NA,NA,0.0031,0,0.0212
"EUMA","268521_NE",268521,"NE","Kootenay Region",49.49916,-115.03962,2022,TRUE,4,0,0.0013,0.009,2e-04,0.0446
"EUMA","268521_NE",268521,"NE","Kootenay Region",49.49916,-115.03962,2023,TRUE,3,0,0.002,0.0059,0,0.0354
"EUMA","268521_NE",268521,"NE","Kootenay Region",49.49916,-115.03962,2024,TRUE,4,0,0,0.0042,0,0.026
"EUMA","268521_NE",268521,"NE","Kootenay Region",49.49916,-115.03962,2025,TRUE,3,0,4e-04,0.0038,0,0.0204
"EUMA","268521_NW",268521,"NW","Kootenay Region",49.48855,-115.09812,2017,FALSE,0,NA,NA,0.045,0.0022,0.1735
"EUMA","268521_NW",268521,"NW","Kootenay Region",49.48855,-115.09812,2018,FALSE,0,NA,NA,0.0205,7e-04,0.0863
"EUMA","268521_NW",268521,"NW","Kootenay Region",49.48855,-115.09812,2019,TRUE,4,0,0.0016,0.0143,1e-04,0.0678
"EUMA","268521_NW",268521,"NW","Kootenay Region",49.48855,-115.09812,2020,FALSE,0,NA,NA,0.0136,3e-04,0.0612
"EUMA","268521_NW",268521,"NW","Kootenay Region",49.48855,-115.09812,2021,TRUE,2,0,9e-04,0.0098,0,0.0535
"EUMA","268521_NW",268521,"NW","Kootenay Region",49.48855,-115.09812,2022,TRUE,4,0,0.002,0.0129,2e-04,0.0574
"EUMA","268521_NW",268521,"NW","Kootenay Region",49.48855,-115.09812,2023,TRUE,4,0,0.0013,0.0113,1e-04,0.0547
"EUMA","268521_NW",268521,"NW","Kootenay Region",49.48855,-115.09812,2024,TRUE,4,0,7e-04,0.0105,0,0.0541
"EUMA","268521_NW",268521,"NW","Kootenay Region",49.48855,-115.09812,2025,TRUE,4,0,4e-04,0.0094,1e-04,0.0518
"EUMA","268521_SE",268521,"SE","Kootenay Region",49.44083,-115.05634,2017,FALSE,0,NA,NA,0.2253,0.0036,0.8562
"EUMA","268521_SE",268521,"SE","Kootenay Region",49.44083,-115.05634,2018,FALSE,0,NA,NA,0.0116,0,0.0822
"EUMA","268521_SE",268521,"SE","Kootenay Region",49.44083,-115.05634,2019,TRUE,4,0,2e-04,0.0052,0,0.0395
"EUMA","268521_SE",268521,"SE","Kootenay Region",49.44083,-115.05634,2020,TRUE,4,0,0.0013,0.013,2e-04,0.076
"EUMA","268521_SE",268521,"SE","Kootenay Region",49.44083,-115.05634,2021,TRUE,2,0,7e-04,0.0036,0,0.0258
"EUMA","268521_SE",268521,"SE","Kootenay Region",49.44083,-115.05634,2022,TRUE,4,0,0.0029,0.0156,1e-04,0.0884
"EUMA","268521_SE",268521,"SE","Kootenay Region",49.44083,-115.05634,2023,TRUE,4,0,0.0027,0.0101,0,0.074
"EUMA","268521_SE",268521,"SE","Kootenay Region",49.44083,-115.05634,2024,TRUE,4,0,7e-04,0.0063,0,0.0418
"EUMA","268521_SE",268521,"SE","Kootenay Region",49.44083,-115.05634,2025,TRUE,4,0,0.0016,0.0063,0,0.0385
"EUMA","269777_NW",269777,"NW","Northern Region",57.04083,-122.86281,2017,TRUE,4,0,0.0036,0.0362,3e-04,0.225
"EUMA","269777_NW",269777,"NW","Northern Region",57.04083,-122.86281,2018,TRUE,4,0,0,0.012,1e-04,0.0799
"EUMA","269777_NW",269777,"NW","Northern Region",57.04083,-122.86281,2019,TRUE,3,0,0,0.009,0,0.0639
"EUMA","269777_NW",269777,"NW","Northern Region",57.04083,-122.86281,2020,TRUE,4,0,0,0.01,1e-04,0.0635
"EUMA","269777_NW",269777,"NW","Northern Region",57.04083,-122.86281,2021,FALSE,0,NA,NA,0.0072,0,0.0527
"EUMA","269777_NW",269777,"NW","Northern Region",57.04083,-122.86281,2022,FALSE,0,NA,NA,0.0112,1e-04,0.0673
"EUMA","269777_NW",269777,"NW","Northern Region",57.04083,-122.86281,2023,FALSE,0,NA,NA,0.0093,0,0.0611
"EUMA","269777_NW",269777,"NW","Northern Region",57.04083,-122.86281,2024,FALSE,0,NA,NA,0.0086,0,0.0562
"EUMA","269777_NW",269777,"NW","Northern Region",57.04083,-122.86281,2025,FALSE,0,NA,NA,0.008,0,0.0542
"EUMA","269777_SW",269777,"SW","Northern Region",57.01497,-122.80521,2017,TRUE,4,0,0.0029,0.0386,0.0021,0.1579
"EUMA","269777_SW",269777,"SW","Northern Region",57.01497,-122.80521,2018,TRUE,4,0,0,0.0202,8e-04,0.0844
"EUMA","269777_SW",269777,"SW","Northern Region",57.01497,-122.80521,2019,TRUE,4,0,0,0.0152,2e-04,0.0683
"EUMA","269777_SW",269777,"SW","Northern Region",57.01497,-122.80521,2020,TRUE,4,0,4e-04,0.0142,3e-04,0.0635
"EUMA","269777_SW",269777,"SW","Northern Region",57.01497,-122.80521,2021,FALSE,0,NA,NA,0.0108,0,0.0564
"EUMA","269777_SW",269777,"SW","Northern Region",57.01497,-122.80521,2022,FALSE,0,NA,NA,0.0129,2e-04,0.0586
"EUMA","269777_SW",269777,"SW","Northern Region",57.01497,-122.80521,2023,FALSE,0,NA,NA,0.0117,1e-04,0.0574
"EUMA","269777_SW",269777,"SW","Northern Region",57.01497,-122.80521,2024,FALSE,0,NA,NA,0.011,0,0.054
"EUMA","269777_SW",269777,"SW","Northern Region",57.01497,-122.80521,2025,FALSE,0,NA,NA,0.0099,1e-04,0.0533
"EUMA","271731_SW",271731,"SW","Kootenay Region",51.24146,-117.64962,2017,TRUE,4,0,0.0069,0.0467,0.0026,0.1736
"EUMA","271731_SW",271731,"SW","Kootenay Region",51.24146,-117.64962,2018,TRUE,3,0,7e-04,0.0275,0.001,0.1132
"EUMA","271731_SW",271731,"SW","Kootenay Region",51.24146,-117.64962,2019,TRUE,4,0,0,0.0219,2e-04,0.0944
"EUMA","271731_SW",271731,"SW","Kootenay Region",51.24146,-117.64962,2020,TRUE,4,0,0,0.0207,5e-04,0.0865
"EUMA","271731_SW",271731,"SW","Kootenay Region",51.24146,-117.64962,2021,TRUE,4,0,0,0.0169,1e-04,0.0801
"EUMA","271731_SW",271731,"SW","Kootenay Region",51.24146,-117.64962,2022,TRUE,4,0,4e-04,0.0194,3e-04,0.0835
"EUMA","271731_SW",271731,"SW","Kootenay Region",51.24146,-117.64962,2023,TRUE,4,0,0,0.018,1e-04,0.0811
"EUMA","271731_SW",271731,"SW","Kootenay Region",51.24146,-117.64962,2024,TRUE,4,0,2e-04,0.0175,1e-04,0.0805
"EUMA","271731_SW",271731,"SW","Kootenay Region",51.24146,-117.64962,2025,TRUE,4,0,7e-04,0.0163,1e-04,0.0791
"EUMA","273050_SE",273050,"SE","South Coastal Region",49.00511,-125.65145,2017,FALSE,0,NA,NA,0.0426,0.003,0.1636
"EUMA","273050_SE",273050,"SE","South Coastal Region",49.00511,-125.65145,2018,TRUE,3,0,0.0058,0.0232,0.001,0.087
"EUMA","273050_SE",273050,"SE","South Coastal Region",49.00511,-125.65145,2019,FALSE,0,NA,NA,0.0179,3e-04,0.0757
"EUMA","273050_SE",273050,"SE","South Coastal Region",49.00511,-125.65145,2020,FALSE,0,NA,NA,0.0195,8e-04,0.0773
"EUMA","273050_SE",273050,"SE","South Coastal Region",49.00511,-125.65145,2021,FALSE,0,NA,NA,0.0149,1e-04,0.0688
"EUMA","273050_SE",273050,"SE","South Coastal Region",49.00511,-125.65145,2022,FALSE,0,NA,NA,0.0205,5e-04,0.0818
"EUMA","273050_SE",273050,"SE","South Coastal Region",49.00511,-125.65145,2023,FALSE,0,NA,NA,0.0189,3e-04,0.0831
"EUMA","273050_SE",273050,"SE","South Coastal Region",49.00511,-125.65145,2024,TRUE,4,0,0.0016,0.0184,1e-04,0.0849
"EUMA","273050_SE",273050,"SE","South Coastal Region",49.00511,-125.65145,2025,TRUE,4,0,0.0022,0.0174,1e-04,0.085
"EUMA","283586_NE",283586,"NE","Northern Region",54.3558,-128.5366,2017,FALSE,0,NA,NA,0.0741,0.0032,0.3335
"EUMA","283586_NE",283586,"NE","Northern Region",54.3558,-128.5366,2018,TRUE,2,0,0.0044,0.018,1e-04,0.1008
"EUMA","283586_NE",283586,"NE","Northern Region",54.3558,-128.5366,2019,TRUE,3,0,0.0011,0.0116,0,0.0765
"EUMA","283586_NE",283586,"NE","Northern Region",54.3558,-128.5366,2020,TRUE,4,0,0.0018,0.0191,3e-04,0.0965
"EUMA","283586_NE",283586,"NE","Northern Region",54.3558,-128.5366,2021,FALSE,0,NA,NA,0.0094,0,0.0635
"EUMA","283586_NE",283586,"NE","Northern Region",54.3558,-128.5366,2022,FALSE,0,NA,NA,0.0228,3e-04,0.1145
"EUMA","283586_NE",283586,"NE","Northern Region",54.3558,-128.5366,2023,TRUE,3,0,0.0029,0.0163,0,0.0933
"EUMA","283586_NE",283586,"NE","Northern Region",54.3558,-128.5366,2024,TRUE,4,0,7e-04,0.0126,0,0.0784
"EUMA","283586_NE",283586,"NE","Northern Region",54.3558,-128.5366,2025,TRUE,4,0,0.0011,0.0128,1e-04,0.0776
"EUMA","283586_NW",283586,"NW","Northern Region",54.3321,-128.6266,2017,FALSE,0,NA,NA,0.1006,0.0062,0.3986
"EUMA","283586_NW",283586,"NW","Northern Region",54.3321,-128.6266,2018,TRUE,2,0,0.0056,0.021,2e-04,0.101
"EUMA","283586_NW",283586,"NW","Northern Region",54.3321,-128.6266,2019,TRUE,3,0,7e-04,0.0116,0,0.0709
"EUMA","283586_NW",283586,"NW","Northern Region",54.3321,-128.6266,2020,TRUE,4,0,9e-04,0.014,4e-04,0.0636
"EUMA","283586_NW",283586,"NW","Northern Region",54.3321,-128.6266,2021,TRUE,3,0,9e-04,0.0071,0,0.0481
"EUMA","283586_NW",283586,"NW","Northern Region",54.3321,-128.6266,2022,TRUE,4,0,0.0027,0.0223,3e-04,0.1114
"EUMA","283586_NW",283586,"NW","Northern Region",54.3321,-128.6266,2023,TRUE,4,0,0.0033,0.0147,0,0.0911
"EUMA","283586_NW",283586,"NW","Northern Region",54.3321,-128.6266,2024,TRUE,4,0,4e-04,0.0097,0,0.0599
"EUMA","283586_NW",283586,"NW","Northern Region",54.3321,-128.6266,2025,TRUE,4,0,0.0018,0.0104,1e-04,0.0611
"EUMA","283586_SE",283586,"SE","Northern Region",54.31162,-128.54374,2017,FALSE,0,NA,NA,0.279,0.0056,0.9308
"EUMA","283586_SE",283586,"SE","Northern Region",54.31162,-128.54374,2018,TRUE,2,0,0.0049,0.0208,1e-04,0.1416
"EUMA","283586_SE",283586,"SE","Northern Region",54.31162,-128.54374,2019,TRUE,3,0,0.0013,0.0105,0,0.0848
"EUMA","283586_SE",283586,"SE","Northern Region",54.31162,-128.54374,2020,TRUE,4,0,0.002,0.0183,3e-04,0.1016
"EUMA","283586_SE",283586,"SE","Northern Region",54.31162,-128.54374,2021,TRUE,3,0,4e-04,0.0066,0,0.0562
"EUMA","283586_SE",283586,"SE","Northern Region",54.31162,-128.54374,2022,TRUE,4,0,0.0024,0.0193,2e-04,0.1011
"EUMA","283586_SE",283586,"SE","Northern Region",54.31162,-128.54374,2023,TRUE,4,0,0.0058,0.0138,0,0.0913
"EUMA","283586_SE",283586,"SE","Northern Region",54.31162,-128.54374,2024,TRUE,4,0,0.0013,0.0096,0,0.0642
"EUMA","283586_SE",283586,"SE","Northern Region",54.31162,-128.54374,2025,TRUE,2,0,0.0024,0.0092,0,0.0577
"EUMA","283586_SW",283586,"SW","Northern Region",54.2946,-128.581,2017,FALSE,0,NA,NA,0.0643,0.0029,0.2807
"EUMA","283586_SW",283586,"SW","Northern Region",54.2946,-128.581,2018,TRUE,2,0,0.0031,0.0172,1e-04,0.095
"EUMA","283586_SW",283586,"SW","Northern Region",54.2946,-128.581,2019,TRUE,3,0,4e-04,0.0113,0,0.0712
"EUMA","283586_SW",283586,"SW","Northern Region",54.2946,-128.581,2020,TRUE,4,0,7e-04,0.0169,3e-04,0.0837
"EUMA","283586_SW",283586,"SW","Northern Region",54.2946,-128.581,2021,TRUE,4,0,0,0.009,0,0.0593
"EUMA","283586_SW",283586,"SW","Northern Region",54.2946,-128.581,2022,TRUE,4,0,0.0016,0.0198,3e-04,0.101
"EUMA","283586_SW",283586,"SW","Northern Region",54.2946,-128.581,2023,TRUE,4,0,0.0016,0.0147,0,0.0844
"EUMA","283586_SW",283586,"SW","Northern Region",54.2946,-128.581,2024,TRUE,4,0,2e-04,0.0118,0,0.0724
"EUMA","283586_SW",283586,"SW","Northern Region",54.2946,-128.581,2025,TRUE,4,0,2e-04,0.0116,1e-04,0.0717
"EUMA","294832_NE",294832,"NE","Northern Region",56.3348,-120.97877,2017,TRUE,4,0,0.0304,0.1138,0.0059,0.4737
"EUMA","294832_NE",294832,"NE","Northern Region",56.3348,-120.97877,2018,TRUE,4,0,7e-04,0.0262,6e-04,0.1285
"EUMA","294832_NE",294832,"NE","Northern Region",56.3348,-120.97877,2019,TRUE,2,0,7e-04,0.0138,0,0.0861
"EUMA","294832_NE",294832,"NE","Northern Region",56.3348,-120.97877,2020,TRUE,2,0,0.002,0.0118,2e-04,0.0687
"EUMA","294832_NE",294832,"NE","Northern Region",56.3348,-120.97877,2021,TRUE,4,0,7e-04,0.0054,0,0.0424
"EUMA","294832_NE",294832,"NE","Northern Region",56.3348,-120.97877,2022,TRUE,4,0,9e-04,0.0085,2e-04,0.0432
"EUMA","294832_NE",294832,"NE","Northern Region",56.3348,-120.97877,2023,FALSE,0,NA,NA,0.0063,1e-04,0.0384
"EUMA","294832_NE",294832,"NE","Northern Region",56.3348,-120.97877,2024,TRUE,4,0,7e-04,0.005,0,0.0317
"EUMA","294832_NE",294832,"NE","Northern Region",56.3348,-120.97877,2025,TRUE,4,0,4e-04,0.0041,0,0.0264
"EUMA","294832_NW",294832,"NW","Northern Region",56.33264,-121.00747,2017,TRUE,4,0,0.0276,0.0864,0.006,0.3465
"EUMA","294832_NW",294832,"NW","Northern Region",56.33264,-121.00747,2018,TRUE,4,0,0.0031,0.0302,0.001,0.1309
"EUMA","294832_NW",294832,"NW","Northern Region",56.33264,-121.00747,2019,TRUE,4,0,4e-04,0.0184,1e-04,0.0974
"EUMA","294832_NW",294832,"NW","Northern Region",56.33264,-121.00747,2020,TRUE,4,0,9e-04,0.015,3e-04,0.0773
"EUMA","294832_NW",294832,"NW","Northern Region",56.33264,-121.00747,2021,TRUE,4,0,0,0.007,0,0.0473
"EUMA","294832_NW",294832,"NW","Northern Region",56.33264,-121.00747,2022,TRUE,4,0,9e-04,0.0089,2e-04,0.0464
"EUMA","294832_NW",294832,"NW","Northern Region",56.33264,-121.00747,2023,FALSE,0,NA,NA,0.0068,1e-04,0.0411
"EUMA","294832_NW",294832,"NW","Northern Region",56.33264,-121.00747,2024,TRUE,4,0,4e-04,0.0055,0,0.0342
"EUMA","294832_NW",294832,"NW","Northern Region",56.33264,-121.00747,2025,TRUE,4,0,7e-04,0.0044,0,0.0285
"EUMA","294832_SE",294832,"SE","Northern Region",56.30206,-120.94608,2017,TRUE,4,0,0.0036,0.0418,0.003,0.1616
"EUMA","294832_SE",294832,"SE","Northern Region",56.30206,-120.94608,2018,TRUE,4,0,7e-04,0.0275,0.0014,0.1048
"EUMA","294832_SE",294832,"SE","Northern Region",56.30206,-120.94608,2019,FALSE,0,NA,NA,0.023,4e-04,0.0925
"EUMA","294832_SE",294832,"SE","Northern Region",56.30206,-120.94608,2020,TRUE,4,0,4e-04,0.0219,6e-04,0.086
"EUMA","294832_SE",294832,"SE","Northern Region",56.30206,-120.94608,2021,TRUE,4,0,0,0.0181,1e-04,0.0777
"EUMA","294832_SE",294832,"SE","Northern Region",56.30206,-120.94608,2022,TRUE,3,0,4e-04,0.0186,5e-04,0.0762
"EUMA","294832_SE",294832,"SE","Northern Region",56.30206,-120.94608,2023,FALSE,0,NA,NA,0.0164,2e-04,0.0708
"EUMA","294832_SE",294832,"SE","Northern Region",56.30206,-120.94608,2024,TRUE,4,0,7e-04,0.015,1e-04,0.0672
"EUMA","294832_SE",294832,"SE","Northern Region",56.30206,-120.94608,2025,FALSE,0,NA,NA,0.0132,1e-04,0.0621
"EUMA","294832_SW",294832,"SW","Northern Region",56.30496,-121.00198,2017,TRUE,4,0,0.0027,0.036,0.0016,0.1586
"EUMA","294832_SW",294832,"SW","Northern Region",56.30496,-121.00198,2018,FALSE,0,NA,NA,0.024,0.001,0.1045
"EUMA","294832_SW",294832,"SW","Northern Region",56.30496,-121.00198,2019,TRUE,4,0,2e-04,0.0208,3e-04,0.0919
"EUMA","294832_SW",294832,"SW","Northern Region",56.30496,-121.00198,2020,TRUE,4,0,4e-04,0.0206,6e-04,0.0877
"EUMA","294832_SW",294832,"SW","Northern Region",56.30496,-121.00198,2021,TRUE,4,0,0,0.0168,1e-04,0.078
"EUMA","294832_SW",294832,"SW","Northern Region",56.30496,-121.00198,2022,TRUE,4,0,4e-04,0.0189,4e-04,0.0787
"EUMA","294832_SW",294832,"SW","Northern Region",56.30496,-121.00198,2023,FALSE,0,NA,NA,0.0176,2e-04,0.0787
"EUMA","294832_SW",294832,"SW","Northern Region",56.30496,-121.00198,2024,TRUE,4,0,0.0013,0.017,1e-04,0.0764
"EUMA","294832_SW",294832,"SW","Northern Region",56.30496,-121.00198,2025,TRUE,4,0,4e-04,0.0159,1e-04,0.0726
"EUMA","317428_NE",317428,"NE","South Coastal Region",49.06292,-120.79944,2017,FALSE,0,NA,NA,0.0379,5e-04,0.2311
"EUMA","317428_NE",317428,"NE","South Coastal Region",49.06292,-120.79944,2018,TRUE,4,0,7e-04,0.0098,1e-04,0.0591
"EUMA","317428_NE",317428,"NE","South Coastal Region",49.06292,-120.79944,2019,TRUE,4,0,0,0.006,0,0.0431
"EUMA","317428_NE",317428,"NE","South Coastal Region",49.06292,-120.79944,2020,TRUE,4,0,4e-04,0.0062,1e-04,0.036
"EUMA","317428_NE",317428,"NE","South Coastal Region",49.06292,-120.79944,2021,TRUE,4,0,0,0.0028,0,0.0194
"EUMA","317428_NE",317428,"NE","South Coastal Region",49.06292,-120.79944,2022,TRUE,4,0,2e-04,0.0068,1e-04,0.0383
"EUMA","317428_NE",317428,"NE","South Coastal Region",49.06292,-120.79944,2023,TRUE,4,0,7e-04,0.0048,0,0.0316
"EUMA","317428_NE",317428,"NE","South Coastal Region",49.06292,-120.79944,2024,TRUE,4,0,4e-04,0.0036,0,0.023
"EUMA","317428_NE",317428,"NE","South Coastal Region",49.06292,-120.79944,2025,TRUE,4,0,0,0.0032,0,0.0192
"EUMA","317428_NW",317428,"NW","South Coastal Region",49.06417,-120.90943,2017,FALSE,0,NA,NA,0.04,3e-04,0.2666
"EUMA","317428_NW",317428,"NW","South Coastal Region",49.06417,-120.90943,2018,TRUE,4,0,0.0011,0.0191,1e-04,0.1226
"EUMA","317428_NW",317428,"NW","South Coastal Region",49.06417,-120.90943,2019,TRUE,4,0,0,0.0151,0,0.1007
"EUMA","317428_NW",317428,"NW","South Coastal Region",49.06417,-120.90943,2020,TRUE,4,0,2e-04,0.0151,1e-04,0.099
"EUMA","317428_NW",317428,"NW","South Coastal Region",49.06417,-120.90943,2021,TRUE,4,0,0,0.0121,0,0.0873
"EUMA","317428_NW",317428,"NW","South Coastal Region",49.06417,-120.90943,2022,TRUE,4,0,7e-04,0.0152,1e-04,0.0975
"EUMA","317428_NW",317428,"NW","South Coastal Region",49.06417,-120.90943,2023,TRUE,4,0,2e-04,0.0142,0,0.0927
"EUMA","317428_NW",317428,"NW","South Coastal Region",49.06417,-120.90943,2024,TRUE,4,0,4e-04,0.0138,0,0.0915
"EUMA","317428_NW",317428,"NW","South Coastal Region",49.06417,-120.90943,2025,TRUE,4,0,4e-04,0.0128,0,0.0907
"EUMA","317428_SE",317428,"SE","South Coastal Region",49.06053,-120.77309,2017,FALSE,0,NA,NA,0.0349,5e-04,0.2044
"EUMA","317428_SE",317428,"SE","South Coastal Region",49.06053,-120.77309,2018,TRUE,4,0,7e-04,0.0062,1e-04,0.0393
"EUMA","317428_SE",317428,"SE","South Coastal Region",49.06053,-120.77309,2019,TRUE,4,0,2e-04,0.0032,0,0.0235
"EUMA","317428_SE",317428,"SE","South Coastal Region",49.06053,-120.77309,2020,TRUE,4,0,7e-04,0.0053,1e-04,0.0293
"EUMA","317428_SE",317428,"SE","South Coastal Region",49.06053,-120.77309,2021,TRUE,4,0,0,0.0023,0,0.0155
"EUMA","317428_SE",317428,"SE","South Coastal Region",49.06053,-120.77309,2022,TRUE,4,0,0.0011,0.0067,1e-04,0.0379
"EUMA","317428_SE",317428,"SE","South Coastal Region",49.06053,-120.77309,2023,TRUE,4,0,0.0011,0.0047,0,0.0303
"EUMA","317428_SE",317428,"SE","South Coastal Region",49.06053,-120.77309,2024,TRUE,4,0,9e-04,0.0034,0,0.0216
"EUMA","317428_SE",317428,"SE","South Coastal Region",49.06053,-120.77309,2025,FALSE,0,NA,NA,0.0031,0,0.0183
"EUMA","317428_SW",317428,"SW","South Coastal Region",49.04617,-120.85085,2017,FALSE,0,NA,NA,0.0718,6e-04,0.4768
"EUMA","317428_SW",317428,"SW","South Coastal Region",49.04617,-120.85085,2018,TRUE,4,0,0.0013,0.008,0,0.0579
"EUMA","317428_SW",317428,"SW","South Coastal Region",49.04617,-120.85085,2019,TRUE,4,0,2e-04,0.004,0,0.0306
"EUMA","317428_SW",317428,"SW","South Coastal Region",49.04617,-120.85085,2020,TRUE,4,0,0.0013,0.0075,1e-04,0.0501
"EUMA","317428_SW",317428,"SW","South Coastal Region",49.04617,-120.85085,2021,TRUE,4,0,0,0.0026,0,0.0193
"EUMA","317428_SW",317428,"SW","South Coastal Region",49.04617,-120.85085,2022,TRUE,4,0,2e-04,0.0093,1e-04,0.0616
"EUMA","317428_SW",317428,"SW","South Coastal Region",49.04617,-120.85085,2023,TRUE,4,0,0.0016,0.0061,0,0.0452
"EUMA","317428_SW",317428,"SW","South Coastal Region",49.04617,-120.85085,2024,FALSE,0,NA,NA,0.0039,0,0.0275
"EUMA","317428_SW",317428,"SW","South Coastal Region",49.04617,-120.85085,2025,FALSE,0,NA,NA,0.0037,0,0.0243
"EUMA","326072_NE",326072,"NE","South Coastal Region",49.09743,-122.51957,2017,TRUE,3,0,0.0024,0.0393,0.0026,0.15
"EUMA","326072_NE",326072,"NE","South Coastal Region",49.09743,-122.51957,2018,TRUE,3,0,2e-04,0.03,0.0023,0.1107
"EUMA","326072_NE",326072,"NE","South Coastal Region",49.09743,-122.51957,2019,TRUE,3,0,0,0.0266,0.0011,0.1004
"EUMA","326072_NE",326072,"NE","South Coastal Region",49.09743,-122.51957,2020,TRUE,4,0,0,0.0264,0.0017,0.0945
"EUMA","326072_NE",326072,"NE","South Coastal Region",49.09743,-122.51957,2021,TRUE,4,0,0,0.023,4e-04,0.0859
"EUMA","326072_NE",326072,"NE","South Coastal Region",49.09743,-122.51957,2022,TRUE,4,0,2e-04,0.0256,9e-04,0.0877
"EUMA","326072_NE",326072,"NE","South Coastal Region",49.09743,-122.51957,2023,TRUE,4,0,2e-04,0.0249,7e-04,0.0871
"EUMA","326072_NE",326072,"NE","South Coastal Region",49.09743,-122.51957,2024,FALSE,0,NA,NA,0.0248,5e-04,0.0892
"EUMA","326072_NE",326072,"NE","South Coastal Region",49.09743,-122.51957,2025,FALSE,0,NA,NA,0.0237,3e-04,0.0896
"EUMA","326072_NW",326072,"NW","South Coastal Region",49.05235,-122.58989,2017,TRUE,4,0,0.0042,0.0406,0.003,0.1484
"EUMA","326072_NW",326072,"NW","South Coastal Region",49.05235,-122.58989,2018,TRUE,3,0,9e-04,0.0297,0.0021,0.108
"EUMA","326072_NW",326072,"NW","South Coastal Region",49.05235,-122.58989,2019,TRUE,3,0,0,0.026,9e-04,0.0975
"EUMA","326072_NW",326072,"NW","South Coastal Region",49.05235,-122.58989,2020,TRUE,4,0,0,0.0259,0.0015,0.0928
"EUMA","326072_NW",326072,"NW","South Coastal Region",49.05235,-122.58989,2021,TRUE,4,0,0,0.0225,3e-04,0.0852
"EUMA","326072_NW",326072,"NW","South Coastal Region",49.05235,-122.58989,2022,TRUE,4,0,0,0.0246,8e-04,0.0862
"EUMA","326072_NW",326072,"NW","South Coastal Region",49.05235,-122.58989,2023,TRUE,3,0,2e-04,0.0227,5e-04,0.0829
"EUMA","326072_NW",326072,"NW","South Coastal Region",49.05235,-122.58989,2024,TRUE,4,0,0,0.0213,3e-04,0.0819
"EUMA","326072_NW",326072,"NW","South Coastal Region",49.05235,-122.58989,2025,TRUE,4,0,0,0.0194,2e-04,0.0796
"EUMA","326072_SE",326072,"SE","South Coastal Region",49.0144,-122.52755,2017,TRUE,4,0,0.0031,0.0434,0.0034,0.1579
"EUMA","326072_SE",326072,"SE","South Coastal Region",49.0144,-122.52755,2018,TRUE,3,0,4e-04,0.0318,0.0024,0.1143
"EUMA","326072_SE",326072,"SE","South Coastal Region",49.0144,-122.52755,2019,TRUE,3,0,2e-04,0.0278,0.001,0.1029
"EUMA","326072_SE",326072,"SE","South Coastal Region",49.0144,-122.52755,2020,TRUE,4,0,0,0.0274,0.0016,0.0954
"EUMA","326072_SE",326072,"SE","South Coastal Region",49.0144,-122.52755,2021,TRUE,4,0,0,0.0238,3e-04,0.0873
"EUMA","326072_SE",326072,"SE","South Coastal Region",49.0144,-122.52755,2022,TRUE,4,0,2e-04,0.0262,9e-04,0.0912
"EUMA","326072_SE",326072,"SE","South Coastal Region",49.0144,-122.52755,2023,FALSE,0,NA,NA,0.0235,5e-04,0.0853
"EUMA","326072_SE",326072,"SE","South Coastal Region",49.0144,-122.52755,2024,FALSE,0,NA,NA,0.0219,3e-04,0.0835
"EUMA","326072_SE",326072,"SE","South Coastal Region",49.0144,-122.52755,2025,FALSE,0,NA,NA,0.0198,2e-04,0.0811
"EUMA","326072_SW",326072,"SW","South Coastal Region",49.01082,-122.58104,2017,TRUE,4,0,0.0427,0.1275,0.0056,0.5575
"EUMA","326072_SW",326072,"SW","South Coastal Region",49.01082,-122.58104,2018,TRUE,3,0,0.0042,0.0438,0.0012,0.183
"EUMA","326072_SW",326072,"SW","South Coastal Region",49.01082,-122.58104,2019,TRUE,3,0,0.0011,0.029,1e-04,0.1372
"EUMA","326072_SW",326072,"SW","South Coastal Region",49.01082,-122.58104,2020,TRUE,4,0,0.0016,0.0252,6e-04,0.1134
"EUMA","326072_SW",326072,"SW","South Coastal Region",49.01082,-122.58104,2021,TRUE,4,0,2e-04,0.0176,0,0.0972
"EUMA","326072_SW",326072,"SW","South Coastal Region",49.01082,-122.58104,2022,TRUE,4,0,0.0024,0.02,3e-04,0.0957
"EUMA","326072_SW",326072,"SW","South Coastal Region",49.01082,-122.58104,2023,TRUE,4,0,7e-04,0.0145,1e-04,0.0773
"EUMA","326072_SW",326072,"SW","South Coastal Region",49.01082,-122.58104,2024,TRUE,4,0,7e-04,0.0112,0,0.0677
"EUMA","326072_SW",326072,"SW","South Coastal Region",49.01082,-122.58104,2025,TRUE,4,0,0.0013,0.0096,1e-04,0.0585
"EUMA","37274_NE",37274,"NE","Northern Region",53.08874,-119.20318,2017,FALSE,0,NA,NA,0.0697,0.0038,0.2907
"EUMA","37274_NE",37274,"NE","Northern Region",53.08874,-119.20318,2018,TRUE,4,0,0.0011,0.0148,2e-04,0.0809
"EUMA","37274_NE",37274,"NE","Northern Region",53.08874,-119.20318,2019,TRUE,3,0,0,0.0081,0,0.0568
"EUMA","37274_NE",37274,"NE","Northern Region",53.08874,-119.20318,2020,TRUE,4,0,7e-04,0.0089,1e-04,0.051
"EUMA","37274_NE",37274,"NE","Northern Region",53.08874,-119.20318,2021,TRUE,4,0,0,0.0047,0,0.0364
"EUMA","37274_NE",37274,"NE","Northern Region",53.08874,-119.20318,2022,TRUE,3,0,0.0013,0.0092,1e-04,0.0522
"EUMA","37274_NE",37274,"NE","Northern Region",53.08874,-119.20318,2023,FALSE,0,NA,NA,0.007,0,0.0458
"EUMA","37274_NE",37274,"NE","Northern Region",53.08874,-119.20318,2024,TRUE,3,0,9e-04,0.0056,0,0.0406
"EUMA","37274_NE",37274,"NE","Northern Region",53.08874,-119.20318,2025,FALSE,0,NA,NA,0.0049,0,0.0353
"EUMA","37274_SE",37274,"SE","Northern Region",53.05051,-119.21418,2017,FALSE,0,NA,NA,0.0597,0.0046,0.2271
"EUMA","37274_SE",37274,"SE","Northern Region",53.05051,-119.21418,2018,TRUE,4,0,0.0038,0.0305,0.0013,0.1216
"EUMA","37274_SE",37274,"SE","Northern Region",53.05051,-119.21418,2019,TRUE,3,0,0.0018,0.0222,2e-04,0.0993
"EUMA","37274_SE",37274,"SE","Northern Region",53.05051,-119.21418,2020,FALSE,0,NA,NA,0.0189,3e-04,0.085
"EUMA","37274_SE",37274,"SE","Northern Region",53.05051,-119.21418,2021,TRUE,4,0,0.0013,0.0139,0,0.0721
"EUMA","37274_SE",37274,"SE","Northern Region",53.05051,-119.21418,2022,TRUE,3,0,0.0018,0.0153,2e-04,0.0764
"EUMA","37274_SE",37274,"SE","Northern Region",53.05051,-119.21418,2023,FALSE,0,NA,NA,0.0136,1e-04,0.0706
"EUMA","37274_SE",37274,"SE","Northern Region",53.05051,-119.21418,2024,TRUE,3,0,0.0016,0.0126,0,0.0679
"EUMA","37274_SE",37274,"SE","Northern Region",53.05051,-119.21418,2025,FALSE,0,NA,NA,0.011,0,0.0631
"EUMA","37274_SW",37274,"SW","Northern Region",53.03564,-119.22895,2017,FALSE,0,NA,NA,0.0351,0.0014,0.1594
"EUMA","37274_SW",37274,"SW","Northern Region",53.03564,-119.22895,2018,TRUE,3,0,9e-04,0.0218,8e-04,0.0966
"EUMA","37274_SW",37274,"SW","Northern Region",53.03564,-119.22895,2019,TRUE,3,0,0,0.0184,2e-04,0.0842
"EUMA","37274_SW",37274,"SW","Northern Region",53.03564,-119.22895,2020,TRUE,4,0,0,0.0178,5e-04,0.0788
"EUMA","37274_SW",37274,"SW","Northern Region",53.03564,-119.22895,2021,TRUE,3,0,0,0.0147,1e-04,0.07
"EUMA","37274_SW",37274,"SW","Northern Region",53.03564,-119.22895,2022,TRUE,3,0,4e-04,0.0171,4e-04,0.073
"EUMA","37274_SW",37274,"SW","Northern Region",53.03564,-119.22895,2023,FALSE,0,NA,NA,0.016,2e-04,0.0718
"EUMA","37274_SW",37274,"SW","Northern Region",53.03564,-119.22895,2024,TRUE,3,0,0.0013,0.0156,1e-04,0.0714
"EUMA","37274_SW",37274,"SW","Northern Region",53.03564,-119.22895,2025,FALSE,0,NA,NA,0.0146,1e-04,0.0689
"EUMA","38442_NW",38442,"NW","Okanagan Region",51.51999,-122.28978,2017,FALSE,0,NA,NA,0.5117,0.1929,0.8381
"EUMA","38442_NW",38442,"NW","Okanagan Region",51.51999,-122.28978,2018,TRUE,3,1,1,0.4921,0.2519,0.7352
"EUMA","38442_NW",38442,"NW","Okanagan Region",51.51999,-122.28978,2019,FALSE,0,NA,NA,0.4656,0.2382,0.6985
"EUMA","38442_NW",38442,"NW","Okanagan Region",51.51999,-122.28978,2020,TRUE,4,1,1,0.5548,0.3187,0.7854
"EUMA","38442_NW",38442,"NW","Okanagan Region",51.51999,-122.28978,2021,TRUE,4,1,1,0.4862,0.2359,0.7345
"EUMA","38442_NW",38442,"NW","Okanagan Region",51.51999,-122.28978,2022,FALSE,0,NA,NA,0.6062,0.3318,0.8476
"EUMA","38442_NW",38442,"NW","Okanagan Region",51.51999,-122.28978,2023,TRUE,4,0,0.7149,0.6021,0.321,0.8469
"EUMA","38442_NW",38442,"NW","Okanagan Region",51.51999,-122.28978,2024,TRUE,4,1,1,0.5992,0.3273,0.8367
"EUMA","38442_NW",38442,"NW","Okanagan Region",51.51999,-122.28978,2025,TRUE,4,1,1,0.5612,0.2665,0.8429
"EUMA","38442_SW",38442,"SW","Okanagan Region",51.50238,-122.28992,2017,FALSE,0,NA,NA,0.5257,0.1995,0.8545
"EUMA","38442_SW",38442,"SW","Okanagan Region",51.50238,-122.28992,2018,TRUE,3,1,1,0.4919,0.2509,0.7349
"EUMA","38442_SW",38442,"SW","Okanagan Region",51.50238,-122.28992,2019,TRUE,4,1,1,0.4579,0.2302,0.6977
"EUMA","38442_SW",38442,"SW","Okanagan Region",51.50238,-122.28992,2020,TRUE,4,1,1,0.5425,0.3026,0.7785
"EUMA","38442_SW",38442,"SW","Okanagan Region",51.50238,-122.28992,2021,TRUE,4,1,1,0.4675,0.2101,0.7238
"EUMA","38442_SW",38442,"SW","Okanagan Region",51.50238,-122.28992,2022,TRUE,4,1,1,0.5875,0.3036,0.8404
"EUMA","38442_SW",38442,"SW","Okanagan Region",51.50238,-122.28992,2023,TRUE,4,1,1,0.5791,0.2947,0.8363
"EUMA","38442_SW",38442,"SW","Okanagan Region",51.50238,-122.28992,2024,TRUE,4,1,1,0.5711,0.2843,0.8276
"EUMA","38442_SW",38442,"SW","Okanagan Region",51.50238,-122.28992,2025,FALSE,0,NA,NA,0.5296,0.2254,0.8298
"EUMA","42026_NE",42026,"NE","Northern Region",55.85527,-121.65345,2017,FALSE,0,NA,NA,0.0804,0.0056,0.3205
"EUMA","42026_NE",42026,"NE","Northern Region",55.85527,-121.65345,2018,FALSE,0,NA,NA,0.0217,8e-04,0.0924
"EUMA","42026_NE",42026,"NE","Northern Region",55.85527,-121.65345,2019,FALSE,0,NA,NA,0.0116,1e-04,0.0635
"EUMA","42026_NE",42026,"NE","Northern Region",55.85527,-121.65345,2020,FALSE,0,NA,NA,0.0098,2e-04,0.0517
"EUMA","42026_NE",42026,"NE","Northern Region",55.85527,-121.65345,2021,FALSE,0,NA,NA,0.0056,0,0.039
"EUMA","42026_NE",42026,"NE","Northern Region",55.85527,-121.65345,2022,TRUE,4,0,9e-04,0.0081,2e-04,0.0436
"EUMA","42026_NE",42026,"NE","Northern Region",55.85527,-121.65345,2023,FALSE,0,NA,NA,0.0066,1e-04,0.0404
"EUMA","42026_NE",42026,"NE","Northern Region",55.85527,-121.65345,2024,TRUE,4,0,7e-04,0.0056,0,0.0364
"EUMA","42026_NE",42026,"NE","Northern Region",55.85527,-121.65345,2025,TRUE,4,0,9e-04,0.0047,0,0.0315
"EUMA","42026_NW",42026,"NW","Northern Region",55.83616,-121.71691,2017,FALSE,0,NA,NA,0.0627,0.0055,0.2298
"EUMA","42026_NW",42026,"NW","Northern Region",55.83616,-121.71691,2018,FALSE,0,NA,NA,0.0282,0.0015,0.1097
"EUMA","42026_NW",42026,"NW","Northern Region",55.83616,-121.71691,2019,FALSE,0,NA,NA,0.0189,2e-04,0.0832
"EUMA","42026_NW",42026,"NW","Northern Region",55.83616,-121.71691,2020,FALSE,0,NA,NA,0.0159,4e-04,0.0718
"EUMA","42026_NW",42026,"NW","Northern Region",55.83616,-121.71691,2021,FALSE,0,NA,NA,0.0111,1e-04,0.0599
"EUMA","42026_NW",42026,"NW","Northern Region",55.83616,-121.71691,2022,TRUE,3,0,0.0029,0.0127,2e-04,0.0611
"EUMA","42026_NW",42026,"NW","Northern Region",55.83616,-121.71691,2023,FALSE,0,NA,NA,0.0111,1e-04,0.0559
"EUMA","42026_NW",42026,"NW","Northern Region",55.83616,-121.71691,2024,TRUE,4,0,4e-04,0.0101,1e-04,0.0548
"EUMA","42026_NW",42026,"NW","Northern Region",55.83616,-121.71691,2025,TRUE,3,0,7e-04,0.0086,1e-04,0.0511
"EUMA","42026_SE",42026,"SE","Northern Region",55.81797,-121.66405,2017,FALSE,0,NA,NA,0.0945,0.0061,0.382
"EUMA","42026_SE",42026,"SE","Northern Region",55.81797,-121.66405,2018,FALSE,0,NA,NA,0.0169,5e-04,0.0796
"EUMA","42026_SE",42026,"SE","Northern Region",55.81797,-121.66405,2019,FALSE,0,NA,NA,0.0077,0,0.0489
"EUMA","42026_SE",42026,"SE","Northern Region",55.81797,-121.66405,2020,FALSE,0,NA,NA,0.0076,2e-04,0.0393
"EUMA","42026_SE",42026,"SE","Northern Region",55.81797,-121.66405,2021,FALSE,0,NA,NA,0.0036,0,0.0255
"EUMA","42026_SE",42026,"SE","Northern Region",55.81797,-121.66405,2022,TRUE,4,0,0.0016,0.007,2e-04,0.0333
"EUMA","42026_SE",42026,"SE","Northern Region",55.81797,-121.66405,2023,FALSE,0,NA,NA,0.0053,1e-04,0.0309
"EUMA","42026_SE",42026,"SE","Northern Region",55.81797,-121.66405,2024,TRUE,4,0,2e-04,0.0042,0,0.0255
"EUMA","42026_SE",42026,"SE","Northern Region",55.81797,-121.66405,2025,TRUE,4,0,7e-04,0.0036,0,0.0208
"EUMA","42026_SW",42026,"SW","Northern Region",55.81131,-121.70131,2017,FALSE,0,NA,NA,0.0839,0.0061,0.3318
"EUMA","42026_SW",42026,"SW","Northern Region",55.81131,-121.70131,2018,FALSE,0,NA,NA,0.0169,6e-04,0.0746
"EUMA","42026_SW",42026,"SW","Northern Region",55.81131,-121.70131,2019,FALSE,0,NA,NA,0.0078,0,0.0466
"EUMA","42026_SW",42026,"SW","Northern Region",55.81131,-121.70131,2020,FALSE,0,NA,NA,0.0075,2e-04,0.0382
"EUMA","42026_SW",42026,"SW","Northern Region",55.81131,-121.70131,2021,FALSE,0,NA,NA,0.0036,0,0.0267
"EUMA","42026_SW",42026,"SW","Northern Region",55.81131,-121.70131,2022,TRUE,4,0,0.0013,0.007,2e-04,0.033
"EUMA","42026_SW",42026,"SW","Northern Region",55.81131,-121.70131,2023,FALSE,0,NA,NA,0.0053,1e-04,0.0306
"EUMA","42026_SW",42026,"SW","Northern Region",55.81131,-121.70131,2024,TRUE,4,0,2e-04,0.0043,0,0.0245
"EUMA","42026_SW",42026,"SW","Northern Region",55.81131,-121.70131,2025,TRUE,4,0,9e-04,0.0036,0,0.0212
"EUMA","47210_NW",47210,"NW","Okanagan Region",49.84159,-119.9783,2017,FALSE,0,NA,NA,0.3129,0.0316,0.7816
"EUMA","47210_NW",47210,"NW","Okanagan Region",49.84159,-119.9783,2018,FALSE,0,NA,NA,0.1509,7e-04,0.5939
"EUMA","47210_NW",47210,"NW","Okanagan Region",49.84159,-119.9783,2019,FALSE,0,NA,NA,0.1107,2e-04,0.4753
"EUMA","47210_NW",47210,"NW","Okanagan Region",49.84159,-119.9783,2020,FALSE,0,NA,NA,0.3572,0.0608,0.8269
"EUMA","47210_NW",47210,"NW","Okanagan Region",49.84159,-119.9783,2021,FALSE,0,NA,NA,0.0945,5e-04,0.4211
"EUMA","47210_NW",47210,"NW","Okanagan Region",49.84159,-119.9783,2022,FALSE,0,NA,NA,0.4316,0.0674,0.873
"EUMA","47210_NW",47210,"NW","Okanagan Region",49.84159,-119.9783,2023,TRUE,4,0,0.0931,0.1723,0.0012,0.5212
"EUMA","47210_NW",47210,"NW","Okanagan Region",49.84159,-119.9783,2024,TRUE,4,0,0.0973,0.1958,4e-04,0.6191
"EUMA","47210_NW",47210,"NW","Okanagan Region",49.84159,-119.9783,2025,TRUE,4,1,1,0.2337,0.0226,0.6602
"EUMA","47210_SE",47210,"SE","Okanagan Region",49.79638,-119.86985,2017,FALSE,0,NA,NA,0.3202,0.0649,0.697
"EUMA","47210_SE",47210,"SE","Okanagan Region",49.79638,-119.86985,2018,FALSE,0,NA,NA,0.175,0.0055,0.5287
"EUMA","47210_SE",47210,"SE","Okanagan Region",49.79638,-119.86985,2019,FALSE,0,NA,NA,0.1306,0.0016,0.448
"EUMA","47210_SE",47210,"SE","Okanagan Region",49.79638,-119.86985,2020,FALSE,0,NA,NA,0.3586,0.0904,0.7374
"EUMA","47210_SE",47210,"SE","Okanagan Region",49.79638,-119.86985,2021,FALSE,0,NA,NA,0.1283,0.0033,0.4683
"EUMA","47210_SE",47210,"SE","Okanagan Region",49.79638,-119.86985,2022,FALSE,0,NA,NA,0.4324,0.1126,0.8073
"EUMA","47210_SE",47210,"SE","Okanagan Region",49.79638,-119.86985,2023,TRUE,4,0,0.0733,0.2258,0.0072,0.5999
"EUMA","47210_SE",47210,"SE","Okanagan Region",49.79638,-119.86985,2024,TRUE,4,0,0.0751,0.221,0.0025,0.6228
"EUMA","47210_SE",47210,"SE","Okanagan Region",49.79638,-119.86985,2025,TRUE,4,0,0.0824,0.2458,0.0376,0.6294
"EUMA","47210_SW",47210,"SW","Okanagan Region",49.79097,-119.95267,2017,FALSE,0,NA,NA,0.3374,0.0468,0.7854
"EUMA","47210_SW",47210,"SW","Okanagan Region",49.79097,-119.95267,2018,FALSE,0,NA,NA,0.2049,0.0335,0.4951
"EUMA","47210_SW",47210,"SW","Okanagan Region",49.79097,-119.95267,2019,FALSE,0,NA,NA,0.1518,0.0145,0.4216
"EUMA","47210_SW",47210,"SW","Okanagan Region",49.79097,-119.95267,2020,FALSE,0,NA,NA,0.2823,0.0807,0.5793
"EUMA","47210_SW",47210,"SW","Okanagan Region",49.79097,-119.95267,2021,FALSE,0,NA,NA,0.1547,0.0145,0.4603
"EUMA","47210_SW",47210,"SW","Okanagan Region",49.79097,-119.95267,2022,FALSE,0,NA,NA,0.347,0.103,0.6924
"EUMA","47210_SW",47210,"SW","Okanagan Region",49.79097,-119.95267,2023,TRUE,4,0,0.0769,0.2631,0.043,0.6184
"EUMA","47210_SW",47210,"SW","Okanagan Region",49.79097,-119.95267,2024,FALSE,0,NA,NA,0.2356,0.0233,0.5866
"EUMA","47210_SW",47210,"SW","Okanagan Region",49.79097,-119.95267,2025,TRUE,4,0,0.058,0.215,0.0402,0.5366
"EUMA","47322_NE",47322,"NE","Northern Region",55.69808,-120.43213,2017,TRUE,4,0,0.0073,0.0387,0.0022,0.1568
"EUMA","47322_NE",47322,"NE","Northern Region",55.69808,-120.43213,2018,TRUE,4,0,2e-04,0.0107,3e-04,0.05
"EUMA","47322_NE",47322,"NE","Northern Region",55.69808,-120.43213,2019,TRUE,4,0,0,0.0061,0,0.034
"EUMA","47322_NE",47322,"NE","Northern Region",55.69808,-120.43213,2020,TRUE,4,0,4e-04,0.0068,2e-04,0.0317
"EUMA","47322_NE",47322,"NE","Northern Region",55.69808,-120.43213,2021,TRUE,4,0,7e-04,0.0037,0,0.0227
"EUMA","47322_NE",47322,"NE","Northern Region",55.69808,-120.43213,2022,TRUE,4,0,0,0.0073,2e-04,0.0344
"EUMA","47322_NE",47322,"NE","Northern Region",55.69808,-120.43213,2023,FALSE,0,NA,NA,0.0055,0,0.029
"EUMA","47322_NE",47322,"NE","Northern Region",55.69808,-120.43213,2024,TRUE,4,0,4e-04,0.0045,0,0.0242
"EUMA","47322_NE",47322,"NE","Northern Region",55.69808,-120.43213,2025,TRUE,4,0,9e-04,0.0039,0,0.0217
"EUMA","47322_NW",47322,"NW","Northern Region",55.70016,-120.48989,2017,TRUE,4,0,0.0076,0.044,0.0034,0.1674
"EUMA","47322_NW",47322,"NW","Northern Region",55.70016,-120.48989,2018,FALSE,0,NA,NA,0.0226,0.0013,0.0855
"EUMA","47322_NW",47322,"NW","Northern Region",55.70016,-120.48989,2019,TRUE,4,0,4e-04,0.0163,3e-04,0.0693
"EUMA","47322_NW",47322,"NW","Northern Region",55.70016,-120.48989,2020,TRUE,4,0,0,0.0147,5e-04,0.0617
"EUMA","47322_NW",47322,"NW","Northern Region",55.70016,-120.48989,2021,TRUE,4,0,0,0.0108,1e-04,0.0521
"EUMA","47322_NW",47322,"NW","Northern Region",55.70016,-120.48989,2022,TRUE,4,0,4e-04,0.0128,3e-04,0.0548
"EUMA","47322_NW",47322,"NW","Northern Region",55.70016,-120.48989,2023,FALSE,0,NA,NA,0.0114,1e-04,0.0523
"EUMA","47322_NW",47322,"NW","Northern Region",55.70016,-120.48989,2024,TRUE,4,0,7e-04,0.0106,1e-04,0.0505
"EUMA","47322_NW",47322,"NW","Northern Region",55.70016,-120.48989,2025,FALSE,0,NA,NA,0.0093,1e-04,0.0466
"EUMA","47322_SE",47322,"SE","Northern Region",55.64597,-120.40102,2017,TRUE,4,0,0.0058,0.0359,0.0017,0.1556
"EUMA","47322_SE",47322,"SE","Northern Region",55.64597,-120.40102,2018,TRUE,4,0,0,0.0121,3e-04,0.0563
"EUMA","47322_SE",47322,"SE","Northern Region",55.64597,-120.40102,2019,TRUE,4,0,0,0.0077,0,0.0407
"EUMA","47322_SE",47322,"SE","Northern Region",55.64597,-120.40102,2020,TRUE,2,0,0.0011,0.0081,2e-04,0.0374
"EUMA","47322_SE",47322,"SE","Northern Region",55.64597,-120.40102,2021,FALSE,0,NA,NA,0.005,0,0.03
"EUMA","47322_SE",47322,"SE","Northern Region",55.64597,-120.40102,2022,TRUE,4,0,0.0011,0.0085,2e-04,0.0413
"EUMA","47322_SE",47322,"SE","Northern Region",55.64597,-120.40102,2023,FALSE,0,NA,NA,0.0067,0,0.0362
"EUMA","47322_SE",47322,"SE","Northern Region",55.64597,-120.40102,2024,FALSE,0,NA,NA,0.0058,0,0.0316
"EUMA","47322_SE",47322,"SE","Northern Region",55.64597,-120.40102,2025,FALSE,0,NA,NA,0.0051,1e-04,0.0291
"EUMA","47322_SW",47322,"SW","Northern Region",55.65446,-120.49465,2017,TRUE,4,0,0.016,0.0708,0.0058,0.2661
"EUMA","47322_SW",47322,"SW","Northern Region",55.65446,-120.49465,2018,TRUE,4,0,4e-04,0.0152,5e-04,0.0663
"EUMA","47322_SW",47322,"SW","Northern Region",55.65446,-120.49465,2019,TRUE,2,0,4e-04,0.0071,1e-04,0.0416
"EUMA","47322_SW",47322,"SW","Northern Region",55.65446,-120.49465,2020,TRUE,4,0,2e-04,0.007,2e-04,0.0347
"EUMA","47322_SW",47322,"SW","Northern Region",55.65446,-120.49465,2021,TRUE,4,0,2e-04,0.0034,0,0.0233
"EUMA","47322_SW",47322,"SW","Northern Region",55.65446,-120.49465,2022,TRUE,4,0,0.0013,0.0067,2e-04,0.0321
"EUMA","47322_SW",47322,"SW","Northern Region",55.65446,-120.49465,2023,FALSE,0,NA,NA,0.0051,1e-04,0.0294
"EUMA","47322_SW",47322,"SW","Northern Region",55.65446,-120.49465,2024,TRUE,4,0,2e-04,0.004,0,0.0223
"EUMA","47322_SW",47322,"SW","Northern Region",55.65446,-120.49465,2025,TRUE,3,0,2e-04,0.0034,0,0.0186
"EUMA","57322_NE",57322,"NE","South Coastal Region",49.09454,-122.09881,2017,TRUE,4,0,0.0024,0.041,0.0021,0.1694
"EUMA","57322_NE",57322,"NE","South Coastal Region",49.09454,-122.09881,2018,TRUE,2,0,0,0.0281,0.0015,0.1117
"EUMA","57322_NE",57322,"NE","South Coastal Region",49.09454,-122.09881,2019,TRUE,4,0,0,0.024,6e-04,0.0986
"EUMA","57322_NE",57322,"NE","South Coastal Region",49.09454,-122.09881,2020,TRUE,4,0,4e-04,0.0248,0.0013,0.0965
"EUMA","57322_NE",57322,"NE","South Coastal Region",49.09454,-122.09881,2021,TRUE,4,0,0,0.0206,2e-04,0.0862
"EUMA","57322_NE",57322,"NE","South Coastal Region",49.09454,-122.09881,2022,TRUE,3,0,2e-04,0.0247,8e-04,0.0918
"EUMA","57322_NE",57322,"NE","South Coastal Region",49.09454,-122.09881,2023,TRUE,4,0,7e-04,0.0237,5e-04,0.0925
"EUMA","57322_NE",57322,"NE","South Coastal Region",49.09454,-122.09881,2024,FALSE,0,NA,NA,0.0236,3e-04,0.0938
"EUMA","57322_NE",57322,"NE","South Coastal Region",49.09454,-122.09881,2025,FALSE,0,NA,NA,0.0226,2e-04,0.0938
"EUMA","57322_NW",57322,"NW","South Coastal Region",49.07915,-122.16077,2017,TRUE,4,0,0.0118,0.0904,0.0062,0.3776
"EUMA","57322_NW",57322,"NW","South Coastal Region",49.07915,-122.16077,2018,TRUE,4,0,2e-04,0.0234,7e-04,0.095
"EUMA","57322_NW",57322,"NW","South Coastal Region",49.07915,-122.16077,2019,TRUE,4,0,0,0.0139,1e-04,0.0715
"EUMA","57322_NW",57322,"NW","South Coastal Region",49.07915,-122.16077,2020,TRUE,4,0,4e-04,0.0151,5e-04,0.0671
"EUMA","57322_NW",57322,"NW","South Coastal Region",49.07915,-122.16077,2021,TRUE,4,0,0,0.0091,0,0.053
"EUMA","57322_NW",57322,"NW","South Coastal Region",49.07915,-122.16077,2022,TRUE,4,0,7e-04,0.0146,3e-04,0.0637
"EUMA","57322_NW",57322,"NW","South Coastal Region",49.07915,-122.16077,2023,FALSE,0,NA,NA,0.0125,1e-04,0.0622
"EUMA","57322_NW",57322,"NW","South Coastal Region",49.07915,-122.16077,2024,FALSE,0,NA,NA,0.0111,1e-04,0.0599
"EUMA","57322_NW",57322,"NW","South Coastal Region",49.07915,-122.16077,2025,TRUE,4,0,7e-04,0.0099,1e-04,0.0563
"EUMA","57322_SE",57322,"SE","South Coastal Region",49.0141,-122.09198,2017,FALSE,0,NA,NA,0.0303,7e-04,0.1519
"EUMA","57322_SE",57322,"SE","South Coastal Region",49.0141,-122.09198,2018,TRUE,3,0,9e-04,0.0212,8e-04,0.1012
"EUMA","57322_SE",57322,"SE","South Coastal Region",49.0141,-122.09198,2019,TRUE,3,0,7e-04,0.0185,4e-04,0.0867
"EUMA","57322_SE",57322,"SE","South Coastal Region",49.0141,-122.09198,2020,TRUE,4,0,4e-04,0.0199,9e-04,0.0853
"EUMA","57322_SE",57322,"SE","South Coastal Region",49.0141,-122.09198,2021,TRUE,4,0,2e-04,0.0173,2e-04,0.079
"EUMA","57322_SE",57322,"SE","South Coastal Region",49.0141,-122.09198,2022,TRUE,4,0,2e-04,0.0214,6e-04,0.0879
"EUMA","57322_SE",57322,"SE","South Coastal Region",49.0141,-122.09198,2023,TRUE,4,0,7e-04,0.0211,3e-04,0.0885
"EUMA","57322_SE",57322,"SE","South Coastal Region",49.0141,-122.09198,2024,FALSE,0,NA,NA,0.0214,2e-04,0.0941
"EUMA","57322_SE",57322,"SE","South Coastal Region",49.0141,-122.09198,2025,TRUE,4,0,0.002,0.021,2e-04,0.092
"EUMA","57322_SW",57322,"SW","South Coastal Region",49.01663,-122.15131,2017,FALSE,0,NA,NA,0.1369,0.0057,0.6013
"EUMA","57322_SW",57322,"SW","South Coastal Region",49.01663,-122.15131,2018,TRUE,4,0,0.0011,0.0325,6e-04,0.1477
"EUMA","57322_SW",57322,"SW","South Coastal Region",49.01663,-122.15131,2019,TRUE,4,0,2e-04,0.0205,0,0.1141
"EUMA","57322_SW",57322,"SW","South Coastal Region",49.01663,-122.15131,2020,TRUE,4,0,4e-04,0.0209,4e-04,0.1047
"EUMA","57322_SW",57322,"SW","South Coastal Region",49.01663,-122.15131,2021,TRUE,4,0,2e-04,0.0137,0,0.0833
"EUMA","57322_SW",57322,"SW","South Coastal Region",49.01663,-122.15131,2022,TRUE,4,0,0.0018,0.0186,3e-04,0.091
"EUMA","57322_SW",57322,"SW","South Coastal Region",49.01663,-122.15131,2023,TRUE,3,0,0.0024,0.0165,1e-04,0.0873
"EUMA","57322_SW",57322,"SW","South Coastal Region",49.01663,-122.15131,2024,FALSE,0,NA,NA,0.0152,0,0.0884
"EUMA","57322_SW",57322,"SW","South Coastal Region",49.01663,-122.15131,2025,TRUE,2,0,0.0016,0.0136,1e-04,0.0826
"EUMA","58842_NW",58842,"NW","Northern Region",54.79952,-121.1886,2017,FALSE,0,NA,NA,0.0438,0.0032,0.171
"EUMA","58842_NW",58842,"NW","Northern Region",54.79952,-121.1886,2018,FALSE,0,NA,NA,0.0095,0,0.0544
"EUMA","58842_NW",58842,"NW","Northern Region",54.79952,-121.1886,2019,FALSE,0,NA,NA,0.0057,0,0.0425
"EUMA","58842_NW",58842,"NW","Northern Region",54.79952,-121.1886,2020,FALSE,0,NA,NA,0.0102,1e-04,0.0593
"EUMA","58842_NW",58842,"NW","Northern Region",54.79952,-121.1886,2021,FALSE,0,NA,NA,0.0044,0,0.0344
"EUMA","58842_NW",58842,"NW","Northern Region",54.79952,-121.1886,2022,FALSE,0,NA,NA,0.0123,1e-04,0.0702
"EUMA","58842_NW",58842,"NW","Northern Region",54.79952,-121.1886,2023,FALSE,0,NA,NA,0.0082,0,0.0533
"EUMA","58842_NW",58842,"NW","Northern Region",54.79952,-121.1886,2024,TRUE,4,0,2e-04,0.0058,0,0.0394
"EUMA","58842_NW",58842,"NW","Northern Region",54.79952,-121.1886,2025,TRUE,4,0,7e-04,0.0056,0,0.0344
"EUMA","58842_SE",58842,"SE","Northern Region",54.73781,-121.16052,2017,FALSE,0,NA,NA,0.0367,0.0017,0.1551
"EUMA","58842_SE",58842,"SE","Northern Region",54.73781,-121.16052,2018,FALSE,0,NA,NA,0.006,0,0.0374
"EUMA","58842_SE",58842,"SE","Northern Region",54.73781,-121.16052,2019,FALSE,0,NA,NA,0.0033,0,0.0245
"EUMA","58842_SE",58842,"SE","Northern Region",54.73781,-121.16052,2020,FALSE,0,NA,NA,0.0086,2e-04,0.05
"EUMA","58842_SE",58842,"SE","Northern Region",54.73781,-121.16052,2021,FALSE,0,NA,NA,0.0028,0,0.0213
"EUMA","58842_SE",58842,"SE","Northern Region",54.73781,-121.16052,2022,FALSE,0,NA,NA,0.0116,2e-04,0.0681
"EUMA","58842_SE",58842,"SE","Northern Region",54.73781,-121.16052,2023,FALSE,0,NA,NA,0.0069,0,0.0447
"EUMA","58842_SE",58842,"SE","Northern Region",54.73781,-121.16052,2024,TRUE,4,0,0,0.0039,0,0.0244
"EUMA","58842_SE",58842,"SE","Northern Region",54.73781,-121.16052,2025,TRUE,4,0,2e-04,0.0043,0,0.0261
"EUMA","58842_SW",58842,"SW","Northern Region",54.75716,-121.25541,2017,FALSE,0,NA,NA,0.0337,0.0011,0.1574
"EUMA","58842_SW",58842,"SW","Northern Region",54.75716,-121.25541,2018,FALSE,0,NA,NA,0.0067,0,0.0418
"EUMA","58842_SW",58842,"SW","Northern Region",54.75716,-121.25541,2019,FALSE,0,NA,NA,0.0039,0,0.0281
"EUMA","58842_SW",58842,"SW","Northern Region",54.75716,-121.25541,2020,FALSE,0,NA,NA,0.0084,1e-04,0.0475
"EUMA","58842_SW",58842,"SW","Northern Region",54.75716,-121.25541,2021,FALSE,0,NA,NA,0.0032,0,0.0255
"EUMA","58842_SW",58842,"SW","Northern Region",54.75716,-121.25541,2022,FALSE,0,NA,NA,0.0112,2e-04,0.0671
"EUMA","58842_SW",58842,"SW","Northern Region",54.75716,-121.25541,2023,FALSE,0,NA,NA,0.0069,0,0.0428
"EUMA","58842_SW",58842,"SW","Northern Region",54.75716,-121.25541,2024,TRUE,4,0,4e-04,0.0044,0,0.0283
"EUMA","58842_SW",58842,"SW","Northern Region",54.75716,-121.25541,2025,TRUE,4,0,2e-04,0.0045,0,0.028
"EUMA","5994_NE",5994,"NE","Kootenay Region",49.26067,-115.24894,2017,FALSE,0,NA,NA,0.0803,0.007,0.2726
"EUMA","5994_NE",5994,"NE","Kootenay Region",49.26067,-115.24894,2018,FALSE,0,NA,NA,0.0132,3e-04,0.0623
"EUMA","5994_NE",5994,"NE","Kootenay Region",49.26067,-115.24894,2019,FALSE,0,NA,NA,0.0056,0,0.0347
"EUMA","5994_NE",5994,"NE","Kootenay Region",49.26067,-115.24894,2020,TRUE,4,0,9e-04,0.009,3e-04,0.0398
"EUMA","5994_NE",5994,"NE","Kootenay Region",49.26067,-115.24894,2021,TRUE,4,0,2e-04,0.0032,0,0.0207
"EUMA","5994_NE",5994,"NE","Kootenay Region",49.26067,-115.24894,2022,TRUE,4,0,0.0013,0.0108,3e-04,0.05
"EUMA","5994_NE",5994,"NE","Kootenay Region",49.26067,-115.24894,2023,TRUE,4,0,0.002,0.0071,0,0.0386
"EUMA","5994_NE",5994,"NE","Kootenay Region",49.26067,-115.24894,2024,TRUE,4,0,7e-04,0.0052,0,0.0307
"EUMA","5994_NE",5994,"NE","Kootenay Region",49.26067,-115.24894,2025,FALSE,0,NA,NA,0.0049,1e-04,0.0261
"EUMA","5994_SE",5994,"SE","Kootenay Region",49.21228,-115.26277,2017,FALSE,0,NA,NA,0.0474,0.0029,0.1724
"EUMA","5994_SE",5994,"SE","Kootenay Region",49.21228,-115.26277,2018,FALSE,0,NA,NA,0.0189,5e-04,0.0802
"EUMA","5994_SE",5994,"SE","Kootenay Region",49.21228,-115.26277,2019,FALSE,0,NA,NA,0.0126,1e-04,0.0634
"EUMA","5994_SE",5994,"SE","Kootenay Region",49.21228,-115.26277,2020,TRUE,4,0,7e-04,0.0132,4e-04,0.0564
"EUMA","5994_SE",5994,"SE","Kootenay Region",49.21228,-115.26277,2021,TRUE,4,0,0,0.0087,0,0.0486
"EUMA","5994_SE",5994,"SE","Kootenay Region",49.21228,-115.26277,2022,TRUE,4,0,7e-04,0.0136,3e-04,0.0584
"EUMA","5994_SE",5994,"SE","Kootenay Region",49.21228,-115.26277,2023,TRUE,4,0,2e-04,0.0112,1e-04,0.0565
"EUMA","5994_SE",5994,"SE","Kootenay Region",49.21228,-115.26277,2024,TRUE,4,0,0,0.0101,0,0.0546
"EUMA","5994_SE",5994,"SE","Kootenay Region",49.21228,-115.26277,2025,FALSE,0,NA,NA,0.0093,1e-04,0.0522
"EUMA","60586_NW",60586,"NW","Kootenay Region",50.93041,-116.39001,2017,FALSE,0,NA,NA,0.06,0.005,0.1997
"EUMA","60586_NW",60586,"NW","Kootenay Region",50.93041,-116.39001,2018,FALSE,0,NA,NA,0.0305,0.0014,0.1115
"EUMA","60586_NW",60586,"NW","Kootenay Region",50.93041,-116.39001,2019,FALSE,0,NA,NA,0.0211,3e-04,0.0874
"EUMA","60586_NW",60586,"NW","Kootenay Region",50.93041,-116.39001,2020,TRUE,4,0,9e-04,0.0186,5e-04,0.0773
"EUMA","60586_NW",60586,"NW","Kootenay Region",50.93041,-116.39001,2021,TRUE,4,0,0,0.0133,1e-04,0.067
"EUMA","60586_NW",60586,"NW","Kootenay Region",50.93041,-116.39001,2022,TRUE,4,0,0,0.016,3e-04,0.0697
"EUMA","60586_NW",60586,"NW","Kootenay Region",50.93041,-116.39001,2023,TRUE,4,0,2e-04,0.0141,1e-04,0.0658
"EUMA","60586_NW",60586,"NW","Kootenay Region",50.93041,-116.39001,2024,TRUE,4,0,0,0.0124,1e-04,0.0623
"EUMA","60586_NW",60586,"NW","Kootenay Region",50.93041,-116.39001,2025,TRUE,4,0,0,0.0106,1e-04,0.0571
"EUMA","60586_SW",60586,"SW","Kootenay Region",50.90342,-116.39335,2017,FALSE,0,NA,NA,0.2438,0.0046,0.8743
"EUMA","60586_SW",60586,"SW","Kootenay Region",50.90342,-116.39335,2018,FALSE,0,NA,NA,0.014,0,0.094
"EUMA","60586_SW",60586,"SW","Kootenay Region",50.90342,-116.39335,2019,FALSE,0,NA,NA,0.0062,0,0.0485
"EUMA","60586_SW",60586,"SW","Kootenay Region",50.90342,-116.39335,2020,TRUE,4,0,0.0036,0.0157,2e-04,0.0902
"EUMA","60586_SW",60586,"SW","Kootenay Region",50.90342,-116.39335,2021,TRUE,4,0,2e-04,0.0043,0,0.0322
"EUMA","60586_SW",60586,"SW","Kootenay Region",50.90342,-116.39335,2022,TRUE,4,0,0.0024,0.0189,1e-04,0.11
"EUMA","60586_SW",60586,"SW","Kootenay Region",50.90342,-116.39335,2023,TRUE,3,0,0.0049,0.0121,0,0.0872
"EUMA","60586_SW",60586,"SW","Kootenay Region",50.90342,-116.39335,2024,TRUE,4,0,0.0024,0.0079,0,0.0563
"EUMA","60586_SW",60586,"SW","Kootenay Region",50.90342,-116.39335,2025,TRUE,4,0,0.0024,0.008,0,0.0515
"EUMA","6202_NE",6202,"NE","South Coastal Region",48.53741,-123.50119,2017,FALSE,0,NA,NA,0.0568,0.0055,0.2198
"EUMA","6202_NE",6202,"NE","South Coastal Region",48.53741,-123.50119,2018,TRUE,4,0,0.0049,0.0229,0.0014,0.0805
"EUMA","6202_NE",6202,"NE","South Coastal Region",48.53741,-123.50119,2019,TRUE,4,0,0.0016,0.0151,2e-04,0.0609
"EUMA","6202_NE",6202,"NE","South Coastal Region",48.53741,-123.50119,2020,FALSE,0,NA,NA,0.0143,6e-04,0.0563
"EUMA","6202_NE",6202,"NE","South Coastal Region",48.53741,-123.50119,2021,TRUE,4,0,0.0016,0.0099,1e-04,0.0485
"EUMA","6202_NE",6202,"NE","South Coastal Region",48.53741,-123.50119,2022,TRUE,4,0,0.0027,0.013,3e-04,0.0544
"EUMA","6202_NE",6202,"NE","South Coastal Region",48.53741,-123.50119,2023,TRUE,4,0,0.0022,0.0115,2e-04,0.0529
"EUMA","6202_NE",6202,"NE","South Coastal Region",48.53741,-123.50119,2024,TRUE,3,0,0.0022,0.0102,1e-04,0.0509
"EUMA","6202_NE",6202,"NE","South Coastal Region",48.53741,-123.50119,2025,FALSE,0,NA,NA,0.0088,1e-04,0.047
"EUMA","6202_NW",6202,"NW","South Coastal Region",48.50788,-123.60088,2017,FALSE,0,NA,NA,0.0496,0.0039,0.2004
"EUMA","6202_NW",6202,"NW","South Coastal Region",48.50788,-123.60088,2018,TRUE,4,0,2e-04,0.0066,1e-04,0.0366
"EUMA","6202_NW",6202,"NW","South Coastal Region",48.50788,-123.60088,2019,TRUE,3,0,0,0.0031,0,0.0206
"EUMA","6202_NW",6202,"NW","South Coastal Region",48.50788,-123.60088,2020,TRUE,4,0,9e-04,0.0082,2e-04,0.0424
"EUMA","6202_NW",6202,"NW","South Coastal Region",48.50788,-123.60088,2021,TRUE,4,0,4e-04,0.0024,0,0.0165
"EUMA","6202_NW",6202,"NW","South Coastal Region",48.50788,-123.60088,2022,TRUE,2,0,0.0027,0.0106,2e-04,0.0547
"EUMA","6202_NW",6202,"NW","South Coastal Region",48.50788,-123.60088,2023,TRUE,3,0,0.0013,0.0068,0,0.0416
"EUMA","6202_NW",6202,"NW","South Coastal Region",48.50788,-123.60088,2024,FALSE,0,NA,NA,0.0042,0,0.0252
"EUMA","6202_NW",6202,"NW","South Coastal Region",48.50788,-123.60088,2025,FALSE,0,NA,NA,0.0043,1e-04,0.0227
"EUMA","6202_SE",6202,"SE","South Coastal Region",48.48934,-123.5079,2017,FALSE,0,NA,NA,0.0624,0.0057,0.2383
"EUMA","6202_SE",6202,"SE","South Coastal Region",48.48934,-123.5079,2018,TRUE,4,0,0.004,0.0306,0.002,0.1003
"EUMA","6202_SE",6202,"SE","South Coastal Region",48.48934,-123.5079,2019,TRUE,4,0,0.0016,0.0221,4e-04,0.0828
"EUMA","6202_SE",6202,"SE","South Coastal Region",48.48934,-123.5079,2020,FALSE,0,NA,NA,0.0203,8e-04,0.0736
"EUMA","6202_SE",6202,"SE","South Coastal Region",48.48934,-123.5079,2021,TRUE,4,0,4e-04,0.0154,1e-04,0.0638
"EUMA","6202_SE",6202,"SE","South Coastal Region",48.48934,-123.5079,2022,TRUE,4,0,4e-04,0.0175,4e-04,0.0674
"EUMA","6202_SE",6202,"SE","South Coastal Region",48.48934,-123.5079,2023,FALSE,0,NA,NA,0.0147,2e-04,0.0625
"EUMA","6202_SE",6202,"SE","South Coastal Region",48.48934,-123.5079,2024,FALSE,0,NA,NA,0.0128,1e-04,0.059
"EUMA","6202_SE",6202,"SE","South Coastal Region",48.48934,-123.5079,2025,FALSE,0,NA,NA,0.011,1e-04,0.0552
"EUMA","6202_SW",6202,"SW","South Coastal Region",48.48637,-123.54913,2017,FALSE,0,NA,NA,0.055,0.0047,0.2066
"EUMA","6202_SW",6202,"SW","South Coastal Region",48.48637,-123.54913,2018,TRUE,4,0,0.0011,0.0289,0.0017,0.098
"EUMA","6202_SW",6202,"SW","South Coastal Region",48.48637,-123.54913,2019,TRUE,4,0,0,0.0215,4e-04,0.0837
"EUMA","6202_SW",6202,"SW","South Coastal Region",48.48637,-123.54913,2020,TRUE,4,0,2e-04,0.021,0.001,0.0779
"EUMA","6202_SW",6202,"SW","South Coastal Region",48.48637,-123.54913,2021,TRUE,4,0,0,0.0161,2e-04,0.0695
"EUMA","6202_SW",6202,"SW","South Coastal Region",48.48637,-123.54913,2022,TRUE,4,0,7e-04,0.0198,5e-04,0.0753
"EUMA","6202_SW",6202,"SW","South Coastal Region",48.48637,-123.54913,2023,FALSE,0,NA,NA,0.0185,3e-04,0.0747
"EUMA","6202_SW",6202,"SW","South Coastal Region",48.48637,-123.54913,2024,TRUE,3,0,9e-04,0.0177,2e-04,0.078
"EUMA","6202_SW",6202,"SW","South Coastal Region",48.48637,-123.54913,2025,TRUE,4,0,4e-04,0.0153,1e-04,0.0751
"EUMA","70250_NW",70250,"NW","Kootenay Region",51.24583,-116.91793,2017,FALSE,0,NA,NA,0.0496,0.0033,0.1801
"EUMA","70250_NW",70250,"NW","Kootenay Region",51.24583,-116.91793,2018,FALSE,0,NA,NA,0.0302,0.0015,0.1154
"EUMA","70250_NW",70250,"NW","Kootenay Region",51.24583,-116.91793,2019,FALSE,0,NA,NA,0.0236,4e-04,0.0991
"EUMA","70250_NW",70250,"NW","Kootenay Region",51.24583,-116.91793,2020,TRUE,4,0,0,0.0222,7e-04,0.088
"EUMA","70250_NW",70250,"NW","Kootenay Region",51.24583,-116.91793,2021,TRUE,4,0,2e-04,0.0177,1e-04,0.0813
"EUMA","70250_NW",70250,"NW","Kootenay Region",51.24583,-116.91793,2022,TRUE,4,0,2e-04,0.0205,4e-04,0.0828
"EUMA","70250_NW",70250,"NW","Kootenay Region",51.24583,-116.91793,2023,TRUE,4,0,0,0.0189,2e-04,0.0809
"EUMA","70250_NW",70250,"NW","Kootenay Region",51.24583,-116.91793,2024,TRUE,4,0,0,0.0177,1e-04,0.0783
"EUMA","70250_NW",70250,"NW","Kootenay Region",51.24583,-116.91793,2025,TRUE,4,0,0,0.0159,1e-04,0.0754
"EUMA","70250_SW",70250,"SW","Kootenay Region",51.20982,-116.89974,2017,FALSE,0,NA,NA,0.0951,0.007,0.3349
"EUMA","70250_SW",70250,"SW","Kootenay Region",51.20982,-116.89974,2018,FALSE,0,NA,NA,0.0224,6e-04,0.1013
"EUMA","70250_SW",70250,"SW","Kootenay Region",51.20982,-116.89974,2019,FALSE,0,NA,NA,0.0107,0,0.063
"EUMA","70250_SW",70250,"SW","Kootenay Region",51.20982,-116.89974,2020,TRUE,4,0,7e-04,0.0104,3e-04,0.0504
"EUMA","70250_SW",70250,"SW","Kootenay Region",51.20982,-116.89974,2021,TRUE,4,0,2e-04,0.0051,0,0.0364
"EUMA","70250_SW",70250,"SW","Kootenay Region",51.20982,-116.89974,2022,TRUE,4,0,4e-04,0.0098,2e-04,0.0453
"EUMA","70250_SW",70250,"SW","Kootenay Region",51.20982,-116.89974,2023,FALSE,0,NA,NA,0.0074,1e-04,0.0393
"EUMA","70250_SW",70250,"SW","Kootenay Region",51.20982,-116.89974,2024,FALSE,0,NA,NA,0.0061,0,0.0353
"EUMA","70250_SW",70250,"SW","Kootenay Region",51.20982,-116.89974,2025,TRUE,4,0,0.0013,0.0052,1e-04,0.029
"EUMA","73002_NE",73002,"NE","Okanagan Region",50.85067,-121.87219,2017,TRUE,4,1,1,0.4303,0.1431,0.7403
"EUMA","73002_NE",73002,"NE","Okanagan Region",50.85067,-121.87219,2018,TRUE,4,1,1,0.4232,0.1893,0.6776
"EUMA","73002_NE",73002,"NE","Okanagan Region",50.85067,-121.87219,2019,TRUE,4,1,1,0.4046,0.1814,0.6514
"EUMA","73002_NE",73002,"NE","Okanagan Region",50.85067,-121.87219,2020,TRUE,4,1,1,0.5232,0.2761,0.7743
"EUMA","73002_NE",73002,"NE","Okanagan Region",50.85067,-121.87219,2021,TRUE,4,1,1,0.4492,0.178,0.7306
"EUMA","73002_NE",73002,"NE","Okanagan Region",50.85067,-121.87219,2022,TRUE,4,1,1,0.5939,0.3162,0.8441
"EUMA","73002_NE",73002,"NE","Okanagan Region",50.85067,-121.87219,2023,FALSE,0,NA,NA,0.5771,0.2607,0.8637
"EUMA","73002_NE",73002,"NE","Okanagan Region",50.85067,-121.87219,2024,TRUE,4,1,1,0.5728,0.2688,0.8453
"EUMA","73002_NE",73002,"NE","Okanagan Region",50.85067,-121.87219,2025,TRUE,4,1,1,0.539,0.2239,0.8432
"EUMA","73002_SE",73002,"SE","Okanagan Region",50.82484,-121.86896,2017,TRUE,4,1,1,0.4065,0.1216,0.7234
"EUMA","73002_SE",73002,"SE","Okanagan Region",50.82484,-121.86896,2018,TRUE,4,1,1,0.4565,0.195,0.7512
"EUMA","73002_SE",73002,"SE","Okanagan Region",50.82484,-121.86896,2019,TRUE,4,1,1,0.4774,0.2182,0.7764
"EUMA","73002_SE",73002,"SE","Okanagan Region",50.82484,-121.86896,2020,TRUE,4,1,1,0.5816,0.2785,0.8926
"EUMA","73002_SE",73002,"SE","Okanagan Region",50.82484,-121.86896,2021,TRUE,4,1,1,0.5727,0.264,0.8802
"EUMA","73002_SE",73002,"SE","Okanagan Region",50.82484,-121.86896,2022,TRUE,4,1,1,0.6582,0.3088,0.9531
"EUMA","73002_SE",73002,"SE","Okanagan Region",50.82484,-121.86896,2023,TRUE,4,1,1,0.6773,0.3175,0.9593
"EUMA","73002_SE",73002,"SE","Okanagan Region",50.82484,-121.86896,2024,TRUE,4,1,1,0.6919,0.3161,0.9659
"EUMA","73002_SE",73002,"SE","Okanagan Region",50.82484,-121.86896,2025,TRUE,4,1,1,0.6891,0.3022,0.9672
"EUMA","73002_SW",73002,"SW","Okanagan Region",50.80422,-121.87782,2017,TRUE,4,0,0.6889,0.374,0.111,0.6866
"EUMA","73002_SW",73002,"SW","Okanagan Region",50.80422,-121.87782,2018,TRUE,4,1,1,0.4099,0.1803,0.6701
"EUMA","73002_SW",73002,"SW","Okanagan Region",50.80422,-121.87782,2019,TRUE,4,1,1,0.4213,0.2058,0.6702
"EUMA","73002_SW",73002,"SW","Okanagan Region",50.80422,-121.87782,2020,TRUE,4,1,1,0.5327,0.2904,0.7843
"EUMA","73002_SW",73002,"SW","Okanagan Region",50.80422,-121.87782,2021,TRUE,4,1,1,0.5097,0.2639,0.7585
"EUMA","73002_SW",73002,"SW","Okanagan Region",50.80422,-121.87782,2022,TRUE,4,1,1,0.619,0.3303,0.8735
"EUMA","73002_SW",73002,"SW","Okanagan Region",50.80422,-121.87782,2023,TRUE,3,1,1,0.6342,0.3519,0.8818
"EUMA","73002_SW",73002,"SW","Okanagan Region",50.80422,-121.87782,2024,TRUE,4,1,1,0.6479,0.3526,0.889
"EUMA","73002_SW",73002,"SW","Okanagan Region",50.80422,-121.87782,2025,TRUE,4,1,1,0.6373,0.3303,0.8918
"EUMA","73786_NW",73786,"NW","South Coastal Region",49.12334,-123.06198,2017,TRUE,4,0,0.004,0.0496,0.0039,0.1828
"EUMA","73786_NW",73786,"NW","South Coastal Region",49.12334,-123.06198,2018,TRUE,4,0,9e-04,0.0383,0.0031,0.136
"EUMA","73786_NW",73786,"NW","South Coastal Region",49.12334,-123.06198,2019,TRUE,3,0,4e-04,0.0341,0.0014,0.1222
"EUMA","73786_NW",73786,"NW","South Coastal Region",49.12334,-123.06198,2020,TRUE,4,0,0,0.034,0.0021,0.1164
"EUMA","73786_NW",73786,"NW","South Coastal Region",49.12334,-123.06198,2021,TRUE,3,0,2e-04,0.0304,5e-04,0.1075
"EUMA","73786_NW",73786,"NW","South Coastal Region",49.12334,-123.06198,2022,TRUE,3,0,2e-04,0.0328,0.001,0.1081
"EUMA","73786_NW",73786,"NW","South Coastal Region",49.12334,-123.06198,2023,TRUE,3,0,2e-04,0.0321,0.001,0.1078
"EUMA","73786_NW",73786,"NW","South Coastal Region",49.12334,-123.06198,2024,TRUE,3,0,2e-04,0.0321,8e-04,0.1087
"EUMA","73786_NW",73786,"NW","South Coastal Region",49.12334,-123.06198,2025,TRUE,4,0,4e-04,0.0307,4e-04,0.1082
"EUMA","73786_SE",73786,"SE","South Coastal Region",49.12604,-123.00163,2017,TRUE,4,0,0.0036,0.0382,0.0013,0.1775
"EUMA","73786_SE",73786,"SE","South Coastal Region",49.12604,-123.00163,2018,TRUE,2,0,0.0011,0.0318,0.0014,0.1434
"EUMA","73786_SE",73786,"SE","South Coastal Region",49.12604,-123.00163,2019,TRUE,2,0,7e-04,0.0297,0.0011,0.1336
"EUMA","73786_SE",73786,"SE","South Coastal Region",49.12604,-123.00163,2020,TRUE,4,0,4e-04,0.0312,0.0019,0.1282
"EUMA","73786_SE",73786,"SE","South Coastal Region",49.12604,-123.00163,2021,TRUE,3,0,2e-04,0.029,8e-04,0.1215
"EUMA","73786_SE",73786,"SE","South Coastal Region",49.12604,-123.00163,2022,TRUE,4,0,4e-04,0.0324,0.0015,0.1264
"EUMA","73786_SE",73786,"SE","South Coastal Region",49.12604,-123.00163,2023,TRUE,3,0,7e-04,0.0325,0.0012,0.1258
"EUMA","73786_SE",73786,"SE","South Coastal Region",49.12604,-123.00163,2024,TRUE,3,0,4e-04,0.0335,0.0011,0.1291
"EUMA","73786_SE",73786,"SE","South Coastal Region",49.12604,-123.00163,2025,TRUE,4,0,9e-04,0.033,6e-04,0.1287
"EUMA","73786_SW",73786,"SW","South Coastal Region",49.10823,-123.07992,2017,FALSE,0,NA,NA,0.2266,0.0041,0.8838
"EUMA","73786_SW",73786,"SW","South Coastal Region",49.10823,-123.07992,2018,TRUE,2,0,0.0102,0.0396,3e-04,0.2276
"EUMA","73786_SW",73786,"SW","South Coastal Region",49.10823,-123.07992,2019,TRUE,3,0,4e-04,0.0243,0,0.1601
"EUMA","73786_SW",73786,"SW","South Coastal Region",49.10823,-123.07992,2020,TRUE,4,0,0.0011,0.0259,3e-04,0.1556
"EUMA","73786_SW",73786,"SW","South Coastal Region",49.10823,-123.07992,2021,TRUE,3,0,9e-04,0.0161,0,0.1164
"EUMA","73786_SW",73786,"SW","South Coastal Region",49.10823,-123.07992,2022,TRUE,3,0,0.0024,0.0228,2e-04,0.132
"EUMA","73786_SW",73786,"SW","South Coastal Region",49.10823,-123.07992,2023,TRUE,3,0,0.0027,0.0199,1e-04,0.1249
"EUMA","73786_SW",73786,"SW","South Coastal Region",49.10823,-123.07992,2024,FALSE,0,NA,NA,0.0181,0,0.121
"EUMA","73786_SW",73786,"SW","South Coastal Region",49.10823,-123.07992,2025,TRUE,4,0,9e-04,0.0157,0,0.106
"EUMA","77162_NE",77162,"NE","Kootenay Region",50.95478,-118.09975,2017,TRUE,4,0,0.0107,0.0499,2e-04,0.3116
"EUMA","77162_NE",77162,"NE","Kootenay Region",50.95478,-118.09975,2018,TRUE,4,0,2e-04,0.0194,1e-04,0.13
"EUMA","77162_NE",77162,"NE","Kootenay Region",50.95478,-118.09975,2019,TRUE,4,0,2e-04,0.015,0,0.1144
"EUMA","77162_NE",77162,"NE","Kootenay Region",50.95478,-118.09975,2020,TRUE,4,0,0,0.0156,1e-04,0.1069
"EUMA","77162_NE",77162,"NE","Kootenay Region",50.95478,-118.09975,2021,TRUE,4,0,2e-04,0.0122,0,0.0906
"EUMA","77162_NE",77162,"NE","Kootenay Region",50.95478,-118.09975,2022,FALSE,0,NA,NA,0.0164,0,0.1083
"EUMA","77162_NE",77162,"NE","Kootenay Region",50.95478,-118.09975,2023,FALSE,0,NA,NA,0.0144,0,0.0976
"EUMA","77162_NE",77162,"NE","Kootenay Region",50.95478,-118.09975,2024,FALSE,0,NA,NA,0.0139,0,0.094
"EUMA","77162_NE",77162,"NE","Kootenay Region",50.95478,-118.09975,2025,FALSE,0,NA,NA,0.013,0,0.0904
"EUMA","77162_SW",77162,"SW","Kootenay Region",50.886,-118.10586,2017,TRUE,4,0,0.0176,0.0821,0.0071,0.2852
"EUMA","77162_SW",77162,"SW","Kootenay Region",50.886,-118.10586,2018,TRUE,4,0,0.0024,0.0397,0.0017,0.1505
"EUMA","77162_SW",77162,"SW","Kootenay Region",50.886,-118.10586,2019,TRUE,4,0,4e-04,0.0267,3e-04,0.1183
"EUMA","77162_SW",77162,"SW","Kootenay Region",50.886,-118.10586,2020,TRUE,4,0,0.002,0.0235,7e-04,0.1009
"EUMA","77162_SW",77162,"SW","Kootenay Region",50.886,-118.10586,2021,TRUE,4,0,4e-04,0.0161,1e-04,0.0829
"EUMA","77162_SW",77162,"SW","Kootenay Region",50.886,-118.10586,2022,TRUE,4,0,0.0022,0.0196,4e-04,0.0855
"EUMA","77162_SW",77162,"SW","Kootenay Region",50.886,-118.10586,2023,TRUE,4,0,0.0016,0.0171,2e-04,0.082
"EUMA","77162_SW",77162,"SW","Kootenay Region",50.886,-118.10586,2024,FALSE,0,NA,NA,0.0156,1e-04,0.0793
"EUMA","77162_SW",77162,"SW","Kootenay Region",50.886,-118.10586,2025,TRUE,2,0,0.0033,0.0136,1e-04,0.0749
"EUMA","79018_NE",79018,"NE","Kootenay Region",50.2021,-116.91007,2017,TRUE,4,0,0.0087,0.0413,0.0017,0.1684
"EUMA","79018_NE",79018,"NE","Kootenay Region",50.2021,-116.91007,2018,TRUE,4,0,0.0013,0.0194,6e-04,0.0865
"EUMA","79018_NE",79018,"NE","Kootenay Region",50.2021,-116.91007,2019,TRUE,4,0,0,0.0139,1e-04,0.0685
"EUMA","79018_NE",79018,"NE","Kootenay Region",50.2021,-116.91007,2020,TRUE,4,0,0.0016,0.0139,3e-04,0.0628
"EUMA","79018_NE",79018,"NE","Kootenay Region",50.2021,-116.91007,2021,FALSE,0,NA,NA,0.01,0,0.0526
"EUMA","79018_NE",79018,"NE","Kootenay Region",50.2021,-116.91007,2022,TRUE,4,0,0.0011,0.0138,3e-04,0.0606
"EUMA","79018_NE",79018,"NE","Kootenay Region",50.2021,-116.91007,2023,TRUE,4,0,0.0016,0.0121,1e-04,0.0579
"EUMA","79018_NE",79018,"NE","Kootenay Region",50.2021,-116.91007,2024,TRUE,4,0,0.0011,0.0113,0,0.0566
"EUMA","79018_NE",79018,"NE","Kootenay Region",50.2021,-116.91007,2025,TRUE,4,0,4e-04,0.0103,1e-04,0.0537
"EUMA","79018_NW",79018,"NW","Kootenay Region",50.19383,-116.94752,2017,TRUE,4,0,0.0118,0.0633,0.0049,0.2239
"EUMA","79018_NW",79018,"NW","Kootenay Region",50.19383,-116.94752,2018,FALSE,0,NA,NA,0.0342,0.0014,0.1349
"EUMA","79018_NW",79018,"NW","Kootenay Region",50.19383,-116.94752,2019,TRUE,4,0,0,0.0251,3e-04,0.112
"EUMA","79018_NW",79018,"NW","Kootenay Region",50.19383,-116.94752,2020,TRUE,4,0,0,0.0233,7e-04,0.0984
"EUMA","79018_NW",79018,"NW","Kootenay Region",50.19383,-116.94752,2021,TRUE,4,0,0,0.0172,1e-04,0.0858
"EUMA","79018_NW",79018,"NW","Kootenay Region",50.19383,-116.94752,2022,TRUE,3,0,0.002,0.0208,5e-04,0.0857
"EUMA","79018_NW",79018,"NW","Kootenay Region",50.19383,-116.94752,2023,TRUE,4,0,0.0013,0.0174,2e-04,0.081
"EUMA","79018_NW",79018,"NW","Kootenay Region",50.19383,-116.94752,2024,TRUE,4,0,2e-04,0.0156,1e-04,0.0762
"EUMA","79018_NW",79018,"NW","Kootenay Region",50.19383,-116.94752,2025,TRUE,4,0,2e-04,0.0138,1e-04,0.0742
"EUMA","79018_SE",79018,"SE","Kootenay Region",50.18723,-116.90419,2017,TRUE,4,0,0.0107,0.0418,0.0016,0.1752
"EUMA","79018_SE",79018,"SE","Kootenay Region",50.18723,-116.90419,2018,FALSE,0,NA,NA,0.0121,0,0.0686
"EUMA","79018_SE",79018,"SE","Kootenay Region",50.18723,-116.90419,2019,TRUE,4,0,2e-04,0.0076,0,0.05
"EUMA","79018_SE",79018,"SE","Kootenay Region",50.18723,-116.90419,2020,TRUE,4,0,0.0029,0.0128,2e-04,0.0699
"EUMA","79018_SE",79018,"SE","Kootenay Region",50.18723,-116.90419,2021,TRUE,4,0,0.0011,0.0062,0,0.042
"EUMA","79018_SE",79018,"SE","Kootenay Region",50.18723,-116.90419,2022,TRUE,4,0,0.0036,0.0161,2e-04,0.0861
"EUMA","79018_SE",79018,"SE","Kootenay Region",50.18723,-116.90419,2023,TRUE,4,0,0.0011,0.0113,0,0.0707
"EUMA","79018_SE",79018,"SE","Kootenay Region",50.18723,-116.90419,2024,TRUE,3,0,0.0011,0.0091,0,0.0597
"EUMA","79018_SE",79018,"SE","Kootenay Region",50.18723,-116.90419,2025,TRUE,4,0,0.0011,0.0087,1e-04,0.0556
"EUMA","79018_SW",79018,"SW","Kootenay Region",50.17771,-116.95968,2017,TRUE,4,0,0.0507,0.1219,0.0085,0.4451
"EUMA","79018_SW",79018,"SW","Kootenay Region",50.17771,-116.95968,2018,FALSE,0,NA,NA,0.0264,6e-04,0.1237
"EUMA","79018_SW",79018,"SW","Kootenay Region",50.17771,-116.95968,2019,TRUE,4,0,0.0011,0.0124,0,0.0753
"EUMA","79018_SW",79018,"SW","Kootenay Region",50.17771,-116.95968,2020,TRUE,3,0,0.006,0.013,4e-04,0.0609
"EUMA","79018_SW",79018,"SW","Kootenay Region",50.17771,-116.95968,2021,TRUE,3,0,9e-04,0.006,0,0.0393
"EUMA","79018_SW",79018,"SW","Kootenay Region",50.17771,-116.95968,2022,TRUE,4,0,0.0031,0.0125,3e-04,0.0568
"EUMA","79018_SW",79018,"SW","Kootenay Region",50.17771,-116.95968,2023,TRUE,4,0,0.0031,0.0093,1e-04,0.0502
"EUMA","79018_SW",79018,"SW","Kootenay Region",50.17771,-116.95968,2024,TRUE,4,0,0.0011,0.0075,0,0.0434
"EUMA","79018_SW",79018,"SW","Kootenay Region",50.17771,-116.95968,2025,FALSE,0,NA,NA,0.0066,1e-04,0.037
"EUMA","86074_NE",86074,"NE","South Coastal Region",49.23087,-122.3056,2017,TRUE,4,0,0.0127,0.0391,0.0034,0.1454
"EUMA","86074_NE",86074,"NE","South Coastal Region",49.23087,-122.3056,2018,TRUE,3,0,0.0011,0.0105,0,0.056
"EUMA","86074_NE",86074,"NE","South Coastal Region",49.23087,-122.3056,2019,FALSE,0,NA,NA,0.0066,0,0.0436
"EUMA","86074_NE",86074,"NE","South Coastal Region",49.23087,-122.3056,2020,TRUE,3,0,0.0047,0.0145,3e-04,0.0738
"EUMA","86074_NE",86074,"NE","South Coastal Region",49.23087,-122.3056,2021,TRUE,4,0,4e-04,0.0059,0,0.0406
"EUMA","86074_NE",86074,"NE","South Coastal Region",49.23087,-122.3056,2022,TRUE,4,0,0.0044,0.0184,3e-04,0.0996
"EUMA","86074_NE",86074,"NE","South Coastal Region",49.23087,-122.3056,2023,TRUE,4,0,0.0044,0.0127,0,0.0778
"EUMA","86074_NE",86074,"NE","South Coastal Region",49.23087,-122.3056,2024,TRUE,4,0,0.0027,0.0092,0,0.0593
"EUMA","86074_NE",86074,"NE","South Coastal Region",49.23087,-122.3056,2025,FALSE,0,NA,NA,0.0094,1e-04,0.0578
"EUMA","86074_NW",86074,"NW","South Coastal Region",49.18442,-122.40331,2017,TRUE,4,0,0.0278,0.082,0.006,0.3293
"EUMA","86074_NW",86074,"NW","South Coastal Region",49.18442,-122.40331,2018,FALSE,0,NA,NA,0.0288,0.0013,0.1069
"EUMA","86074_NW",86074,"NW","South Coastal Region",49.18442,-122.40331,2019,FALSE,0,NA,NA,0.0187,2e-04,0.0846
"EUMA","86074_NW",86074,"NW","South Coastal Region",49.18442,-122.40331,2020,TRUE,4,0,0.002,0.0181,6e-04,0.0784
"EUMA","86074_NW",86074,"NW","South Coastal Region",49.18442,-122.40331,2021,FALSE,0,NA,NA,0.0124,1e-04,0.0654
"EUMA","86074_NW",86074,"NW","South Coastal Region",49.18442,-122.40331,2022,TRUE,4,0,0.0016,0.0164,4e-04,0.0695
"EUMA","86074_NW",86074,"NW","South Coastal Region",49.18442,-122.40331,2023,FALSE,0,NA,NA,0.0148,2e-04,0.067
"EUMA","86074_NW",86074,"NW","South Coastal Region",49.18442,-122.40331,2024,FALSE,0,NA,NA,0.0137,1e-04,0.0672
"EUMA","86074_NW",86074,"NW","South Coastal Region",49.18442,-122.40331,2025,FALSE,0,NA,NA,0.0123,1e-04,0.0648
"EUMA","86074_SE",86074,"SE","South Coastal Region",49.16962,-122.3193,2017,TRUE,4,0,0.0709,0.1384,0.0054,0.6219
"EUMA","86074_SE",86074,"SE","South Coastal Region",49.16962,-122.3193,2018,FALSE,0,NA,NA,0.0214,3e-04,0.1048
"EUMA","86074_SE",86074,"SE","South Coastal Region",49.16962,-122.3193,2019,FALSE,0,NA,NA,0.012,0,0.0758
"EUMA","86074_SE",86074,"SE","South Coastal Region",49.16962,-122.3193,2020,TRUE,4,0,0.004,0.0141,3e-04,0.0723
"EUMA","86074_SE",86074,"SE","South Coastal Region",49.16962,-122.3193,2021,TRUE,4,0,0.0011,0.0077,0,0.0558
"EUMA","86074_SE",86074,"SE","South Coastal Region",49.16962,-122.3193,2022,TRUE,4,0,0.0013,0.0146,3e-04,0.0702
"EUMA","86074_SE",86074,"SE","South Coastal Region",49.16962,-122.3193,2023,FALSE,0,NA,NA,0.0112,0,0.0652
"EUMA","86074_SE",86074,"SE","South Coastal Region",49.16962,-122.3193,2024,FALSE,0,NA,NA,0.0088,0,0.0555
"EUMA","86074_SE",86074,"SE","South Coastal Region",49.16962,-122.3193,2025,FALSE,0,NA,NA,0.008,1e-04,0.05
"EUMA","86074_SW",86074,"SW","South Coastal Region",49.14174,-122.38204,2017,TRUE,2,0,0.0067,0.0505,0.0041,0.1846
"EUMA","86074_SW",86074,"SW","South Coastal Region",49.14174,-122.38204,2018,FALSE,0,NA,NA,0.0363,0.0028,0.125
"EUMA","86074_SW",86074,"SW","South Coastal Region",49.14174,-122.38204,2019,TRUE,4,0,0,0.0311,0.0012,0.11
"EUMA","86074_SW",86074,"SW","South Coastal Region",49.14174,-122.38204,2020,TRUE,3,0,9e-04,0.0306,0.0017,0.1037
"EUMA","86074_SW",86074,"SW","South Coastal Region",49.14174,-122.38204,2021,FALSE,0,NA,NA,0.0254,4e-04,0.0921
"EUMA","86074_SW",86074,"SW","South Coastal Region",49.14174,-122.38204,2022,TRUE,4,0,0,0.0277,8e-04,0.0956
"EUMA","86074_SW",86074,"SW","South Coastal Region",49.14174,-122.38204,2023,TRUE,4,0,2e-04,0.0267,7e-04,0.0974
"EUMA","86074_SW",86074,"SW","South Coastal Region",49.14174,-122.38204,2024,TRUE,4,0,4e-04,0.0263,5e-04,0.0992
"EUMA","86074_SW",86074,"SW","South Coastal Region",49.14174,-122.38204,2025,FALSE,0,NA,NA,0.0247,3e-04,0.0968
"EUMA","89962_NE",89962,"NE","Kootenay Region",49.07682,-117.5986,2017,FALSE,0,NA,NA,0.0529,0.0035,0.1918
"EUMA","89962_NE",89962,"NE","Kootenay Region",49.07682,-117.5986,2018,FALSE,0,NA,NA,0.0321,0.0015,0.1256
"EUMA","89962_NE",89962,"NE","Kootenay Region",49.07682,-117.5986,2019,FALSE,0,NA,NA,0.0253,4e-04,0.1089
"EUMA","89962_NE",89962,"NE","Kootenay Region",49.07682,-117.5986,2020,FALSE,0,NA,NA,0.024,7e-04,0.0979
"EUMA","89962_NE",89962,"NE","Kootenay Region",49.07682,-117.5986,2021,FALSE,0,NA,NA,0.0192,1e-04,0.0898
"EUMA","89962_NE",89962,"NE","Kootenay Region",49.07682,-117.5986,2022,TRUE,4,0,0.0011,0.0224,5e-04,0.0907
"EUMA","89962_NE",89962,"NE","Kootenay Region",49.07682,-117.5986,2023,TRUE,4,0,0.0011,0.0207,2e-04,0.0902
"EUMA","89962_NE",89962,"NE","Kootenay Region",49.07682,-117.5986,2024,FALSE,0,NA,NA,0.02,2e-04,0.0889
"EUMA","89962_NE",89962,"NE","Kootenay Region",49.07682,-117.5986,2025,TRUE,4,0,0.0016,0.0185,1e-04,0.0857
"EUMA","89962_SE",89962,"SE","Kootenay Region",49.00974,-117.57236,2017,FALSE,0,NA,NA,0.1073,0.0085,0.3884
"EUMA","89962_SE",89962,"SE","Kootenay Region",49.00974,-117.57236,2018,FALSE,0,NA,NA,0.0471,0.0017,0.1877
"EUMA","89962_SE",89962,"SE","Kootenay Region",49.00974,-117.57236,2019,FALSE,0,NA,NA,0.0311,2e-04,0.1472
"EUMA","89962_SE",89962,"SE","Kootenay Region",49.00974,-117.57236,2020,FALSE,0,NA,NA,0.0268,5e-04,0.1272
"EUMA","89962_SE",89962,"SE","Kootenay Region",49.00974,-117.57236,2021,FALSE,0,NA,NA,0.0183,1e-04,0.1064
"EUMA","89962_SE",89962,"SE","Kootenay Region",49.00974,-117.57236,2022,TRUE,4,0,0.0011,0.0215,4e-04,0.1068
"EUMA","89962_SE",89962,"SE","Kootenay Region",49.00974,-117.57236,2023,FALSE,0,NA,NA,0.0187,2e-04,0.0989
"EUMA","89962_SE",89962,"SE","Kootenay Region",49.00974,-117.57236,2024,TRUE,4,0,0.0013,0.0171,1e-04,0.0935
"EUMA","89962_SE",89962,"SE","Kootenay Region",49.00974,-117.57236,2025,TRUE,4,0,0.0013,0.0148,1e-04,0.0872
"EUMA","89962_SW",89962,"SW","Kootenay Region",49.0077,-117.63034,2017,FALSE,0,NA,NA,0.0701,0.0049,0.2627
"EUMA","89962_SW",89962,"SW","Kootenay Region",49.0077,-117.63034,2018,FALSE,0,NA,NA,0.039,0.0012,0.1644
"EUMA","89962_SW",89962,"SW","Kootenay Region",49.0077,-117.63034,2019,FALSE,0,NA,NA,0.0298,3e-04,0.1413
"EUMA","89962_SW",89962,"SW","Kootenay Region",49.0077,-117.63034,2020,FALSE,0,NA,NA,0.029,7e-04,0.1302
"EUMA","89962_SW",89962,"SW","Kootenay Region",49.0077,-117.63034,2021,FALSE,0,NA,NA,0.022,1e-04,0.1153
"EUMA","89962_SW",89962,"SW","Kootenay Region",49.0077,-117.63034,2022,TRUE,4,0,0.0022,0.0275,6e-04,0.1229
"EUMA","89962_SW",89962,"SW","Kootenay Region",49.0077,-117.63034,2023,FALSE,0,NA,NA,0.0246,2e-04,0.12
"EUMA","89962_SW",89962,"SW","Kootenay Region",49.0077,-117.63034,2024,TRUE,4,0,7e-04,0.0234,1e-04,0.118
"EUMA","89962_SW",89962,"SW","Kootenay Region",49.0077,-117.63034,2025,TRUE,4,0,7e-04,0.0215,2e-04,0.1168
"EUMA","93290_NE",93290,"NE","Okanagan Region",49.44361,-119.56535,2017,FALSE,0,NA,NA,0.4977,0.1932,0.839
"EUMA","93290_NE",93290,"NE","Okanagan Region",49.44361,-119.56535,2018,TRUE,4,0,0.0271,0.3828,0.1576,0.6314
"EUMA","93290_NE",93290,"NE","Okanagan Region",49.44361,-119.56535,2019,FALSE,0,NA,NA,0.3149,0.0985,0.576
"EUMA","93290_NE",93290,"NE","Okanagan Region",49.44361,-119.56535,2020,TRUE,4,0,0.0151,0.4172,0.1843,0.6772
"EUMA","93290_NE",93290,"NE","Okanagan Region",49.44361,-119.56535,2021,TRUE,4,0,0.0031,0.3006,0.0762,0.6059
"EUMA","93290_NE",93290,"NE","Okanagan Region",49.44361,-119.56535,2022,TRUE,4,0,0.3013,0.4705,0.2077,0.7536
"EUMA","93290_NE",93290,"NE","Okanagan Region",49.44361,-119.56535,2023,TRUE,3,1,1,0.4324,0.1689,0.7446
"EUMA","93290_NE",93290,"NE","Okanagan Region",49.44361,-119.56535,2024,FALSE,0,NA,NA,0.4071,0.1393,0.7121
"EUMA","93290_NE",93290,"NE","Okanagan Region",49.44361,-119.56535,2025,TRUE,4,0,0.1356,0.3608,0.1084,0.7008
"EUMA","93290_NW",93290,"NW","Okanagan Region",49.41531,-119.6018,2017,TRUE,4,0,0.0184,0.4645,0.167,0.7731
"EUMA","93290_NW",93290,"NW","Okanagan Region",49.41531,-119.6018,2018,TRUE,4,0,0.0038,0.4742,0.2353,0.7191
"EUMA","93290_NW",93290,"NW","Okanagan Region",49.41531,-119.6018,2019,TRUE,4,0,0.0104,0.4654,0.2464,0.6984
"EUMA","93290_NW",93290,"NW","Okanagan Region",49.41531,-119.6018,2020,TRUE,4,0,0.4684,0.5652,0.3452,0.7859
"EUMA","93290_NW",93290,"NW","Okanagan Region",49.41531,-119.6018,2021,TRUE,4,1,1,0.5151,0.2857,0.7448
"EUMA","93290_NW",93290,"NW","Okanagan Region",49.41531,-119.6018,2022,TRUE,4,0,0.5367,0.63,0.3854,0.8523
"EUMA","93290_NW",93290,"NW","Okanagan Region",49.41531,-119.6018,2023,TRUE,4,0,0.5838,0.6328,0.3755,0.8579
"EUMA","93290_NW",93290,"NW","Okanagan Region",49.41531,-119.6018,2024,TRUE,4,1,1,0.6359,0.3849,0.8528
"EUMA","93290_NW",93290,"NW","Okanagan Region",49.41531,-119.6018,2025,TRUE,4,0,0.4451,0.6068,0.3362,0.8536
"EUMA","93290_SE",93290,"SE","Okanagan Region",49.38433,-119.56165,2017,TRUE,3,0,0.2416,0.6001,0.1875,0.9452
"EUMA","93290_SE",93290,"SE","Okanagan Region",49.38433,-119.56165,2018,TRUE,4,0,0.0293,0.4182,0.119,0.727
"EUMA","93290_SE",93290,"SE","Okanagan Region",49.38433,-119.56165,2019,TRUE,4,0,0.0216,0.3471,0.0537,0.6801
"EUMA","93290_SE",93290,"SE","Okanagan Region",49.38433,-119.56165,2020,TRUE,4,0,0.0602,0.4664,0.1648,0.7795
"EUMA","93290_SE",93290,"SE","Okanagan Region",49.38433,-119.56165,2021,TRUE,4,0,0.0178,0.3339,0.0509,0.7174
"EUMA","93290_SE",93290,"SE","Okanagan Region",49.38433,-119.56165,2022,FALSE,0,NA,NA,0.5121,0.1699,0.8376
"EUMA","93290_SE",93290,"SE","Okanagan Region",49.38433,-119.56165,2023,TRUE,4,0,0.106,0.4657,0.1306,0.836
"EUMA","93290_SE",93290,"SE","Okanagan Region",49.38433,-119.56165,2024,TRUE,4,0,0.0564,0.4397,0.079,0.8323
"EUMA","93290_SE",93290,"SE","Okanagan Region",49.38433,-119.56165,2025,TRUE,4,0,0.0789,0.4018,0.07,0.8294
"EUMA","93290_SW",93290,"SW","Okanagan Region",49.37943,-119.59374,2017,TRUE,4,0,0.2836,0.3316,0.0652,0.7071
"EUMA","93290_SW",93290,"SW","Okanagan Region",49.37943,-119.59374,2018,TRUE,4,0,0.4649,0.3633,0.1178,0.6601
"EUMA","93290_SW",93290,"SW","Okanagan Region",49.37943,-119.59374,2019,TRUE,4,1,1,0.3752,0.1498,0.6519
"EUMA","93290_SW",93290,"SW","Okanagan Region",49.37943,-119.59374,2020,TRUE,4,1,1,0.5006,0.2559,0.7558
"EUMA","93290_SW",93290,"SW","Okanagan Region",49.37943,-119.59374,2021,TRUE,4,0,0.6749,0.4758,0.2155,0.7364
"EUMA","93290_SW",93290,"SW","Okanagan Region",49.37943,-119.59374,2022,TRUE,4,1,1,0.6046,0.3316,0.8473
"EUMA","93290_SW",93290,"SW","Okanagan Region",49.37943,-119.59374,2023,TRUE,4,0,0.8871,0.617,0.3141,0.8672
"EUMA","93290_SW",93290,"SW","Okanagan Region",49.37943,-119.59374,2024,TRUE,4,1,1,0.6377,0.3456,0.8799
"EUMA","93290_SW",93290,"SW","Okanagan Region",49.37943,-119.59374,2025,TRUE,4,0,0.7009,0.6328,0.2962,0.8901
"EUMA","94522_NW",94522,"NW","Northern Region",53.10732,-131.86467,2017,TRUE,3,0,0.0711,0.1421,0.0067,0.5739
"EUMA","94522_NW",94522,"NW","Northern Region",53.10732,-131.86467,2018,TRUE,4,0,0.0042,0.0252,3e-04,0.1248
"EUMA","94522_NW",94522,"NW","Northern Region",53.10732,-131.86467,2019,TRUE,3,0,9e-04,0.0135,0,0.0873
"EUMA","94522_NW",94522,"NW","Northern Region",53.10732,-131.86467,2020,FALSE,0,NA,NA,0.0161,4e-04,0.0778
"EUMA","94522_NW",94522,"NW","Northern Region",53.10732,-131.86467,2021,FALSE,0,NA,NA,0.0079,0,0.0556
"EUMA","94522_NW",94522,"NW","Northern Region",53.10732,-131.86467,2022,FALSE,0,NA,NA,0.016,4e-04,0.0716
"EUMA","94522_NW",94522,"NW","Northern Region",53.10732,-131.86467,2023,FALSE,0,NA,NA,0.0122,1e-04,0.0644
"EUMA","94522_NW",94522,"NW","Northern Region",53.10732,-131.86467,2024,FALSE,0,NA,NA,0.0096,0,0.0555
"EUMA","94522_NW",94522,"NW","Northern Region",53.10732,-131.86467,2025,FALSE,0,NA,NA,0.0089,1e-04,0.0514
"EUMA","94522_SE",94522,"SE","Northern Region",53.08196,-131.77925,2017,TRUE,4,0,0.0491,0.1301,0.0068,0.5268
"EUMA","94522_SE",94522,"SE","Northern Region",53.08196,-131.77925,2018,TRUE,4,0,0.008,0.053,0.001,0.2317
"EUMA","94522_SE",94522,"SE","Northern Region",53.08196,-131.77925,2019,TRUE,3,0,0.0044,0.0375,1e-04,0.1856
"EUMA","94522_SE",94522,"SE","Northern Region",53.08196,-131.77925,2020,FALSE,0,NA,NA,0.0344,5e-04,0.1701
"EUMA","94522_SE",94522,"SE","Northern Region",53.08196,-131.77925,2021,FALSE,0,NA,NA,0.0251,0,0.1415
"EUMA","94522_SE",94522,"SE","Northern Region",53.08196,-131.77925,2022,FALSE,0,NA,NA,0.0288,3e-04,0.1446
"EUMA","94522_SE",94522,"SE","Northern Region",53.08196,-131.77925,2023,FALSE,0,NA,NA,0.0261,1e-04,0.139
"EUMA","94522_SE",94522,"SE","Northern Region",53.08196,-131.77925,2024,FALSE,0,NA,NA,0.0242,0,0.1333
"EUMA","94522_SE",94522,"SE","Northern Region",53.08196,-131.77925,2025,FALSE,0,NA,NA,0.0217,1e-04,0.1262
"EUMA","9466_NE",9466,"NE","Northern Region",57.34435,-125.50932,2017,FALSE,0,NA,NA,0.0947,0.0057,0.3849
"EUMA","9466_NE",9466,"NE","Northern Region",57.34435,-125.50932,2018,FALSE,0,NA,NA,0.007,1e-04,0.0406
"EUMA","9466_NE",9466,"NE","Northern Region",57.34435,-125.50932,2019,FALSE,0,NA,NA,0.0027,0,0.0176
"EUMA","9466_NE",9466,"NE","Northern Region",57.34435,-125.50932,2020,FALSE,0,NA,NA,0.0067,2e-04,0.0327
"EUMA","9466_NE",9466,"NE","Northern Region",57.34435,-125.50932,2021,FALSE,0,NA,NA,0.0019,0,0.0128
"EUMA","9466_NE",9466,"NE","Northern Region",57.34435,-125.50932,2022,TRUE,3,0,0.0011,0.0084,2e-04,0.0394
"EUMA","9466_NE",9466,"NE","Northern Region",57.34435,-125.50932,2023,FALSE,0,NA,NA,0.0054,0,0.0355
"EUMA","9466_NE",9466,"NE","Northern Region",57.34435,-125.50932,2024,TRUE,3,0,0,0.0032,0,0.0191
"EUMA","9466_NE",9466,"NE","Northern Region",57.34435,-125.50932,2025,FALSE,0,NA,NA,0.0033,0,0.0172
"EUMA","9466_NW",9466,"NW","Northern Region",57.3459,-125.55037,2017,FALSE,0,NA,NA,0.2063,0.0033,0.8412
"EUMA","9466_NW",9466,"NW","Northern Region",57.3459,-125.55037,2018,FALSE,0,NA,NA,0.008,0,0.0584
"EUMA","9466_NW",9466,"NW","Northern Region",57.3459,-125.55037,2019,FALSE,0,NA,NA,0.0036,0,0.0276
"EUMA","9466_NW",9466,"NW","Northern Region",57.3459,-125.55037,2020,FALSE,0,NA,NA,0.0111,1e-04,0.0628
"EUMA","9466_NW",9466,"NW","Northern Region",57.3459,-125.55037,2021,FALSE,0,NA,NA,0.0029,0,0.0218
"EUMA","9466_NW",9466,"NW","Northern Region",57.3459,-125.55037,2022,TRUE,4,0,0.002,0.0133,1e-04,0.0735
"EUMA","9466_NW",9466,"NW","Northern Region",57.3459,-125.55037,2023,FALSE,0,NA,NA,0.009,0,0.0671
"EUMA","9466_NW",9466,"NW","Northern Region",57.3459,-125.55037,2024,TRUE,3,0,0.0011,0.0047,0,0.0308
"EUMA","9466_NW",9466,"NW","Northern Region",57.3459,-125.55037,2025,TRUE,4,0,0.0011,0.005,0,0.0313
"EUMA","9466_SE",9466,"SE","Northern Region",57.31575,-125.49037,2017,FALSE,0,NA,NA,0.0394,0.0025,0.1568
"EUMA","9466_SE",9466,"SE","Northern Region",57.31575,-125.49037,2018,FALSE,0,NA,NA,0.0209,8e-04,0.0855
"EUMA","9466_SE",9466,"SE","Northern Region",57.31575,-125.49037,2019,FALSE,0,NA,NA,0.0157,2e-04,0.0743
"EUMA","9466_SE",9466,"SE","Northern Region",57.31575,-125.49037,2020,FALSE,0,NA,NA,0.0154,3e-04,0.0705
"EUMA","9466_SE",9466,"SE","Northern Region",57.31575,-125.49037,2021,FALSE,0,NA,NA,0.0116,0,0.0598
"EUMA","9466_SE",9466,"SE","Northern Region",57.31575,-125.49037,2022,TRUE,4,0,2e-04,0.0146,2e-04,0.0689
"EUMA","9466_SE",9466,"SE","Northern Region",57.31575,-125.49037,2023,FALSE,0,NA,NA,0.0132,1e-04,0.0659
"EUMA","9466_SE",9466,"SE","Northern Region",57.31575,-125.49037,2024,TRUE,3,0,0.0011,0.0124,0,0.0664
"EUMA","9466_SE",9466,"SE","Northern Region",57.31575,-125.49037,2025,TRUE,4,0,2e-04,0.0112,0,0.0628
"EUMA","9466_SW",9466,"SW","Northern Region",57.29483,-125.51474,2017,FALSE,0,NA,NA,0.0786,0.0055,0.3131
"EUMA","9466_SW",9466,"SW","Northern Region",57.29483,-125.51474,2018,FALSE,0,NA,NA,0.0119,3e-04,0.0556
"EUMA","9466_SW",9466,"SW","Northern Region",57.29483,-125.51474,2019,FALSE,0,NA,NA,0.0049,0,0.0329
"EUMA","9466_SW",9466,"SW","Northern Region",57.29483,-125.51474,2020,FALSE,0,NA,NA,0.0059,2e-04,0.0281
"EUMA","9466_SW",9466,"SW","Northern Region",57.29483,-125.51474,2021,FALSE,0,NA,NA,0.0024,0,0.0167
"EUMA","9466_SW",9466,"SW","Northern Region",57.29483,-125.51474,2022,TRUE,4,0,4e-04,0.0063,2e-04,0.0296
"EUMA","9466_SW",9466,"SW","Northern Region",57.29483,-125.51474,2023,FALSE,0,NA,NA,0.0045,0,0.0269
"EUMA","9466_SW",9466,"SW","Northern Region",57.29483,-125.51474,2024,TRUE,3,0,7e-04,0.0033,0,0.0186
"EUMA","9466_SW",9466,"SW","Northern Region",57.29483,-125.51474,2025,TRUE,4,0,4e-04,0.0029,0,0.0153
"EUMA","986_NE",986,"NE","Northern Region",53.188,-121.30225,2017,FALSE,0,NA,NA,0.196,0.0028,0.8373
"EUMA","986_NE",986,"NE","Northern Region",53.188,-121.30225,2018,TRUE,3,0,0.0018,0.008,0,0.0601
"EUMA","986_NE",986,"NE","Northern Region",53.188,-121.30225,2019,TRUE,3,0,0.0011,0.0035,0,0.028
"EUMA","986_NE",986,"NE","Northern Region",53.188,-121.30225,2020,TRUE,4,0,0.0038,0.0115,1e-04,0.0705
"EUMA","986_NE",986,"NE","Northern Region",53.188,-121.30225,2021,TRUE,4,0,2e-04,0.0028,0,0.0218
"EUMA","986_NE",986,"NE","Northern Region",53.188,-121.30225,2022,TRUE,4,0,0.0042,0.0144,1e-04,0.0917
"EUMA","986_NE",986,"NE","Northern Region",53.188,-121.30225,2023,TRUE,4,0,0.004,0.0092,0,0.0719
"EUMA","986_NE",986,"NE","Northern Region",53.188,-121.30225,2024,TRUE,4,0,7e-04,0.0052,0,0.0386
"EUMA","986_NE",986,"NE","Northern Region",53.188,-121.30225,2025,TRUE,4,0,0.0016,0.0056,0,0.0367
"EUMA","986_SE",986,"SE","Northern Region",53.1392,-121.2577,2017,FALSE,0,NA,NA,0.0746,0.0043,0.3127
"EUMA","986_SE",986,"SE","Northern Region",53.1392,-121.2577,2018,FALSE,0,NA,NA,0.0097,1e-04,0.0534
"EUMA","986_SE",986,"SE","Northern Region",53.1392,-121.2577,2019,TRUE,3,0,0,0.0044,0,0.0316
"EUMA","986_SE",986,"SE","Northern Region",53.1392,-121.2577,2020,TRUE,2,0,0.0024,0.0073,1e-04,0.0384
"EUMA","986_SE",986,"SE","Northern Region",53.1392,-121.2577,2021,FALSE,0,NA,NA,0.0026,0,0.0194
"EUMA","986_SE",986,"SE","Northern Region",53.1392,-121.2577,2022,TRUE,4,0,0.0013,0.0088,1e-04,0.0474
"EUMA","986_SE",986,"SE","Northern Region",53.1392,-121.2577,2023,TRUE,4,0,0,0.0059,0,0.0378
"EUMA","986_SE",986,"SE","Northern Region",53.1392,-121.2577,2024,TRUE,4,0,4e-04,0.0039,0,0.0267
"EUMA","986_SE",986,"SE","Northern Region",53.1392,-121.2577,2025,TRUE,4,0,9e-04,0.0038,0,0.0233
