"species","site","GRTS_Cell_ID","Quadrant","region","lat","long","year","surveyed","n_visits","detected","p_occupied","psi_expected","psi_expected_lo95","psi_expected_hi95"
"EPFU","110378_NE",110378,"NE","Okanagan Region",49.04717,-119.5574,2017,FALSE,0,NA,NA,0.8245,0.5712,0.9799
"EPFU","110378_NE",110378,"NE","Okanagan Region",49.04717,-119.5574,2018,TRUE,2,1,1,0.8076,0.6456,0.9183
"EPFU","110378_NE",110378,"NE","Okanagan Region",49.04717,-119.5574,2019,TRUE,4,1,1,0.784,0.6514,0.8908
"EPFU","110378_NE",110378,"NE","Okanagan Region",49.04717,-119.5574,2020,TRUE,4,1,1,0.7719,0.6327,0.889
"EPFU","110378_NE",110378,"NE","Okanagan Region",49.04717,-119.5574,2021,TRUE,4,1,1,0.856,0.751,0.934
"EPFU","110378_NE",110378,"NE","Okanagan Region",49.04717,-119.5574,2022,TRUE,4,1,1,0.8537,0.7476,0.9344
"EPFU","110378_NE",110378,"NE","Okanagan Region",49.04717,-119.5574,2023,TRUE,4,1,1,0.8849,0.792,0.9527
"EPFU","110378_NE",110378,"NE","Okanagan Region",49.04717,-119.5574,2024,TRUE,4,1,1,0.9074,0.8215,0.9667
"EPFU","110378_NE",110378,"NE","Okanagan Region",49.04717,-119.5574,2025,TRUE,4,1,1,0.922,0.8441,0.9736
"EPFU","110378_NW",110378,"NW","Okanagan Region",49.03536,-119.57546,2017,TRUE,4,1,1,0.8474,0.5487,0.9882
"EPFU","110378_NW",110378,"NW","Okanagan Region",49.03536,-119.57546,2018,TRUE,4,1,1,0.8134,0.6475,0.9257
"EPFU","110378_NW",110378,"NW","Okanagan Region",49.03536,-119.57546,2019,TRUE,4,1,1,0.7817,0.6334,0.8994
"EPFU","110378_NW",110378,"NW","Okanagan Region",49.03536,-119.57546,2020,TRUE,4,1,1,0.7662,0.6107,0.8975
"EPFU","110378_NW",110378,"NW","Okanagan Region",49.03536,-119.57546,2021,TRUE,4,1,1,0.8567,0.742,0.94
"EPFU","110378_NW",110378,"NW","Okanagan Region",49.03536,-119.57546,2022,TRUE,4,1,1,0.8496,0.7293,0.9397
"EPFU","110378_NW",110378,"NW","Okanagan Region",49.03536,-119.57546,2023,TRUE,4,1,1,0.8829,0.7759,0.9559
"EPFU","110378_NW",110378,"NW","Okanagan Region",49.03536,-119.57546,2024,TRUE,4,1,1,0.9054,0.815,0.9688
"EPFU","110378_NW",110378,"NW","Okanagan Region",49.03536,-119.57546,2025,TRUE,4,1,1,0.9176,0.8329,0.974
"EPFU","110378_SE",110378,"SE","Okanagan Region",49.01485,-119.53228,2017,FALSE,0,NA,NA,0.8112,0.5082,0.9834
"EPFU","110378_SE",110378,"SE","Okanagan Region",49.01485,-119.53228,2018,TRUE,2,0,0.1311,0.7778,0.5888,0.9048
"EPFU","110378_SE",110378,"SE","Okanagan Region",49.01485,-119.53228,2019,TRUE,4,0,0.0416,0.7456,0.5898,0.8736
"EPFU","110378_SE",110378,"SE","Okanagan Region",49.01485,-119.53228,2020,TRUE,4,0,0.0678,0.7309,0.5648,0.8716
"EPFU","110378_SE",110378,"SE","Okanagan Region",49.01485,-119.53228,2021,TRUE,4,1,1,0.8297,0.7049,0.9232
"EPFU","110378_SE",110378,"SE","Okanagan Region",49.01485,-119.53228,2022,TRUE,4,1,1,0.824,0.6961,0.9249
"EPFU","110378_SE",110378,"SE","Okanagan Region",49.01485,-119.53228,2023,TRUE,4,1,1,0.8608,0.7437,0.9429
"EPFU","110378_SE",110378,"SE","Okanagan Region",49.01485,-119.53228,2024,TRUE,4,1,1,0.887,0.785,0.9598
"EPFU","110378_SE",110378,"SE","Okanagan Region",49.01485,-119.53228,2025,TRUE,4,1,1,0.9032,0.8051,0.9681
"EPFU","110378_SW",110378,"SW","Okanagan Region",49.00412,-119.59552,2017,TRUE,4,1,1,0.8715,0.6579,0.9862
"EPFU","110378_SW",110378,"SW","Okanagan Region",49.00412,-119.59552,2018,TRUE,4,1,1,0.8272,0.6936,0.9232
"EPFU","110378_SW",110378,"SW","Okanagan Region",49.00412,-119.59552,2019,TRUE,4,0,0.5284,0.7873,0.6557,0.8958
"EPFU","110378_SW",110378,"SW","Okanagan Region",49.00412,-119.59552,2020,TRUE,4,1,1,0.7653,0.6157,0.8901
"EPFU","110378_SW",110378,"SW","Okanagan Region",49.00412,-119.59552,2021,TRUE,4,1,1,0.849,0.7383,0.9307
"EPFU","110378_SW",110378,"SW","Okanagan Region",49.00412,-119.59552,2022,TRUE,4,0,0.4742,0.8437,0.7311,0.9306
"EPFU","110378_SW",110378,"SW","Okanagan Region",49.00412,-119.59552,2023,TRUE,4,1,1,0.8758,0.7729,0.9489
"EPFU","110378_SW",110378,"SW","Okanagan Region",49.00412,-119.59552,2024,TRUE,4,1,1,0.8992,0.8094,0.9631
"EPFU","110378_SW",110378,"SW","Okanagan Region",49.00412,-119.59552,2025,TRUE,4,1,1,0.9143,0.8311,0.9707
"EPFU","111466_NE",111466,"NE","Kootenay Region",49.00129,-115.06184,2017,FALSE,0,NA,NA,0.7773,0.5244,0.9414
"EPFU","111466_NE",111466,"NE","Kootenay Region",49.00129,-115.06184,2018,FALSE,0,NA,NA,0.7865,0.6202,0.9051
"EPFU","111466_NE",111466,"NE","Kootenay Region",49.00129,-115.06184,2019,FALSE,0,NA,NA,0.7735,0.6307,0.8871
"EPFU","111466_NE",111466,"NE","Kootenay Region",49.00129,-115.06184,2020,FALSE,0,NA,NA,0.7652,0.6174,0.8864
"EPFU","111466_NE",111466,"NE","Kootenay Region",49.00129,-115.06184,2021,FALSE,0,NA,NA,0.8383,0.7244,0.9246
"EPFU","111466_NE",111466,"NE","Kootenay Region",49.00129,-115.06184,2022,FALSE,0,NA,NA,0.8415,0.7268,0.9285
"EPFU","111466_NE",111466,"NE","Kootenay Region",49.00129,-115.06184,2023,TRUE,4,1,1,0.8702,0.7672,0.9457
"EPFU","111466_NE",111466,"NE","Kootenay Region",49.00129,-115.06184,2024,FALSE,0,NA,NA,0.8947,0.8012,0.9613
"EPFU","111466_NE",111466,"NE","Kootenay Region",49.00129,-115.06184,2025,TRUE,4,1,1,0.916,0.8339,0.9709
"EPFU","111466_NW",111466,"NW","Kootenay Region",49.01861,-115.09568,2017,FALSE,0,NA,NA,0.7192,0.4669,0.9065
"EPFU","111466_NW",111466,"NW","Kootenay Region",49.01861,-115.09568,2018,FALSE,0,NA,NA,0.7538,0.5711,0.8899
"EPFU","111466_NW",111466,"NW","Kootenay Region",49.01861,-115.09568,2019,FALSE,0,NA,NA,0.76,0.6019,0.882
"EPFU","111466_NW",111466,"NW","Kootenay Region",49.01861,-115.09568,2020,FALSE,0,NA,NA,0.7661,0.6113,0.8818
"EPFU","111466_NW",111466,"NW","Kootenay Region",49.01861,-115.09568,2021,FALSE,0,NA,NA,0.8363,0.7094,0.9248
"EPFU","111466_NW",111466,"NW","Kootenay Region",49.01861,-115.09568,2022,FALSE,0,NA,NA,0.8457,0.7256,0.9332
"EPFU","111466_NW",111466,"NW","Kootenay Region",49.01861,-115.09568,2023,TRUE,4,1,1,0.8733,0.7638,0.9505
"EPFU","111466_NW",111466,"NW","Kootenay Region",49.01861,-115.09568,2024,FALSE,0,NA,NA,0.8974,0.7939,0.9645
"EPFU","111466_NW",111466,"NW","Kootenay Region",49.01861,-115.09568,2025,TRUE,4,1,1,0.9204,0.8308,0.975
"EPFU","114602_NE",114602,"NE","South Coastal Region",49.70588,-125.06708,2017,FALSE,0,NA,NA,0.7481,0.5148,0.9376
"EPFU","114602_NE",114602,"NE","South Coastal Region",49.70588,-125.06708,2018,TRUE,3,1,1,0.6274,0.477,0.764
"EPFU","114602_NE",114602,"NE","South Coastal Region",49.70588,-125.06708,2019,TRUE,4,0,0.1364,0.5425,0.3869,0.6935
"EPFU","114602_NE",114602,"NE","South Coastal Region",49.70588,-125.06708,2020,FALSE,0,NA,NA,0.5092,0.3573,0.6629
"EPFU","114602_NE",114602,"NE","South Coastal Region",49.70588,-125.06708,2021,FALSE,0,NA,NA,0.65,0.5182,0.7722
"EPFU","114602_NE",114602,"NE","South Coastal Region",49.70588,-125.06708,2022,TRUE,4,1,1,0.6286,0.4933,0.7543
"EPFU","114602_NE",114602,"NE","South Coastal Region",49.70588,-125.06708,2023,FALSE,0,NA,NA,0.6828,0.5426,0.8041
"EPFU","114602_NE",114602,"NE","South Coastal Region",49.70588,-125.06708,2024,TRUE,4,1,1,0.7295,0.5885,0.8459
"EPFU","114602_NE",114602,"NE","South Coastal Region",49.70588,-125.06708,2025,TRUE,4,1,1,0.7707,0.6386,0.8771
"EPFU","114602_NW",114602,"NW","South Coastal Region",49.67623,-125.13792,2017,FALSE,0,NA,NA,0.6203,0.3195,0.9092
"EPFU","114602_NW",114602,"NW","South Coastal Region",49.67623,-125.13792,2018,TRUE,3,0,0.0682,0.6084,0.4121,0.7723
"EPFU","114602_NW",114602,"NW","South Coastal Region",49.67623,-125.13792,2019,TRUE,4,0,0.0922,0.5768,0.4177,0.7238
"EPFU","114602_NW",114602,"NW","South Coastal Region",49.67623,-125.13792,2020,TRUE,4,1,1,0.5678,0.4188,0.712
"EPFU","114602_NW",114602,"NW","South Coastal Region",49.67623,-125.13792,2021,TRUE,4,1,1,0.7054,0.5751,0.8194
"EPFU","114602_NW",114602,"NW","South Coastal Region",49.67623,-125.13792,2022,TRUE,4,1,1,0.6962,0.5648,0.8108
"EPFU","114602_NW",114602,"NW","South Coastal Region",49.67623,-125.13792,2023,FALSE,0,NA,NA,0.7471,0.6167,0.8536
"EPFU","114602_NW",114602,"NW","South Coastal Region",49.67623,-125.13792,2024,TRUE,4,1,1,0.7891,0.6644,0.8904
"EPFU","114602_NW",114602,"NW","South Coastal Region",49.67623,-125.13792,2025,TRUE,4,1,1,0.8231,0.7057,0.9156
"EPFU","114602_SE",114602,"SE","South Coastal Region",49.65756,-125.0438,2017,FALSE,0,NA,NA,0.793,0.5401,0.9549
"EPFU","114602_SE",114602,"SE","South Coastal Region",49.65756,-125.0438,2018,TRUE,3,0,0.2733,0.6206,0.4595,0.7693
"EPFU","114602_SE",114602,"SE","South Coastal Region",49.65756,-125.0438,2019,TRUE,4,1,1,0.5186,0.3587,0.6771
"EPFU","114602_SE",114602,"SE","South Coastal Region",49.65756,-125.0438,2020,TRUE,4,1,1,0.4838,0.3313,0.6453
"EPFU","114602_SE",114602,"SE","South Coastal Region",49.65756,-125.0438,2021,TRUE,4,1,1,0.6334,0.4928,0.7657
"EPFU","114602_SE",114602,"SE","South Coastal Region",49.65756,-125.0438,2022,TRUE,4,1,1,0.6027,0.4629,0.7309
"EPFU","114602_SE",114602,"SE","South Coastal Region",49.65756,-125.0438,2023,FALSE,0,NA,NA,0.6599,0.5135,0.7921
"EPFU","114602_SE",114602,"SE","South Coastal Region",49.65756,-125.0438,2024,TRUE,4,1,1,0.7081,0.5629,0.8327
"EPFU","114602_SE",114602,"SE","South Coastal Region",49.65756,-125.0438,2025,TRUE,4,1,1,0.7478,0.6078,0.8645
"EPFU","114602_SW",114602,"SW","South Coastal Region",49.64146,-125.08654,2017,FALSE,0,NA,NA,0.7628,0.537,0.9327
"EPFU","114602_SW",114602,"SW","South Coastal Region",49.64146,-125.08654,2018,TRUE,4,1,1,0.6687,0.5359,0.7909
"EPFU","114602_SW",114602,"SW","South Coastal Region",49.64146,-125.08654,2019,TRUE,4,0,0.2898,0.5957,0.4552,0.7261
"EPFU","114602_SW",114602,"SW","South Coastal Region",49.64146,-125.08654,2020,TRUE,4,1,1,0.5669,0.4248,0.707
"EPFU","114602_SW",114602,"SW","South Coastal Region",49.64146,-125.08654,2021,TRUE,4,1,1,0.7056,0.5854,0.8119
"EPFU","114602_SW",114602,"SW","South Coastal Region",49.64146,-125.08654,2022,TRUE,2,0,0.4362,0.6864,0.5662,0.7914
"EPFU","114602_SW",114602,"SW","South Coastal Region",49.64146,-125.08654,2023,FALSE,0,NA,NA,0.7387,0.6201,0.8424
"EPFU","114602_SW",114602,"SW","South Coastal Region",49.64146,-125.08654,2024,TRUE,4,1,1,0.7812,0.6641,0.8775
"EPFU","114602_SW",114602,"SW","South Coastal Region",49.64146,-125.08654,2025,TRUE,4,1,1,0.813,0.7048,0.9017
"EPFU","115322_NE",115322,"NE","Northern Region",52.37764,-125.98565,2017,FALSE,0,NA,NA,0.7155,0.3636,0.9504
"EPFU","115322_NE",115322,"NE","Northern Region",52.37764,-125.98565,2018,TRUE,3,1,1,0.5683,0.3617,0.7649
"EPFU","115322_NE",115322,"NE","Northern Region",52.37764,-125.98565,2019,FALSE,0,NA,NA,0.448,0.2832,0.6289
"EPFU","115322_NE",115322,"NE","Northern Region",52.37764,-125.98565,2020,TRUE,3,1,1,0.3761,0.2314,0.5435
"EPFU","115322_NE",115322,"NE","Northern Region",52.37764,-125.98565,2021,TRUE,4,1,1,0.45,0.3116,0.6024
"EPFU","115322_NE",115322,"NE","Northern Region",52.37764,-125.98565,2022,TRUE,3,1,1,0.4294,0.2881,0.583
"EPFU","115322_NE",115322,"NE","Northern Region",52.37764,-125.98565,2023,TRUE,4,1,1,0.4643,0.308,0.6262
"EPFU","115322_NE",115322,"NE","Northern Region",52.37764,-125.98565,2024,FALSE,0,NA,NA,0.5057,0.3432,0.6678
"EPFU","115322_NE",115322,"NE","Northern Region",52.37764,-125.98565,2025,TRUE,4,1,1,0.5685,0.3902,0.7311
"EPFU","115322_NW",115322,"NW","Northern Region",52.37481,-126.08159,2017,FALSE,0,NA,NA,0.8335,0.3646,0.9965
"EPFU","115322_NW",115322,"NW","Northern Region",52.37481,-126.08159,2018,TRUE,2,1,1,0.5093,0.2804,0.7377
"EPFU","115322_NW",115322,"NW","Northern Region",52.37481,-126.08159,2019,TRUE,3,1,1,0.3495,0.1752,0.5663
"EPFU","115322_NW",115322,"NW","Northern Region",52.37481,-126.08159,2020,TRUE,3,1,1,0.2905,0.1376,0.4868
"EPFU","115322_NW",115322,"NW","Northern Region",52.37481,-126.08159,2021,TRUE,4,1,1,0.4006,0.2247,0.6041
"EPFU","115322_NW",115322,"NW","Northern Region",52.37481,-126.08159,2022,TRUE,3,1,1,0.361,0.1898,0.5618
"EPFU","115322_NW",115322,"NW","Northern Region",52.37481,-126.08159,2023,TRUE,4,1,1,0.406,0.2076,0.6215
"EPFU","115322_NW",115322,"NW","Northern Region",52.37481,-126.08159,2024,TRUE,4,1,1,0.4531,0.2512,0.6693
"EPFU","115322_NW",115322,"NW","Northern Region",52.37481,-126.08159,2025,TRUE,4,1,1,0.5198,0.3189,0.7239
"EPFU","115322_SE",115322,"SE","Northern Region",52.35752,-126.01253,2017,FALSE,0,NA,NA,0.801,0.4496,0.9838
"EPFU","115322_SE",115322,"SE","Northern Region",52.35752,-126.01253,2018,TRUE,2,0,0.1287,0.5711,0.3754,0.7545
"EPFU","115322_SE",115322,"SE","Northern Region",52.35752,-126.01253,2019,TRUE,3,0,0.0373,0.415,0.2565,0.5831
"EPFU","115322_SE",115322,"SE","Northern Region",52.35752,-126.01253,2020,FALSE,0,NA,NA,0.3344,0.1969,0.495
"EPFU","115322_SE",115322,"SE","Northern Region",52.35752,-126.01253,2021,TRUE,2,0,0.2889,0.4174,0.2755,0.57
"EPFU","115322_SE",115322,"SE","Northern Region",52.35752,-126.01253,2022,TRUE,4,1,1,0.3901,0.2472,0.5437
"EPFU","115322_SE",115322,"SE","Northern Region",52.35752,-126.01253,2023,TRUE,4,1,1,0.4278,0.2643,0.5955
"EPFU","115322_SE",115322,"SE","Northern Region",52.35752,-126.01253,2024,TRUE,3,1,1,0.4719,0.3024,0.6402
"EPFU","115322_SE",115322,"SE","Northern Region",52.35752,-126.01253,2025,TRUE,4,1,1,0.5383,0.3653,0.7023
"EPFU","115322_SW",115322,"SW","Northern Region",52.34498,-126.07967,2017,FALSE,0,NA,NA,0.782,0.444,0.9771
"EPFU","115322_SW",115322,"SW","Northern Region",52.34498,-126.07967,2018,TRUE,3,0,0.4187,0.6461,0.4275,0.8352
"EPFU","115322_SW",115322,"SW","Northern Region",52.34498,-126.07967,2019,TRUE,3,1,1,0.5498,0.3262,0.7551
"EPFU","115322_SW",115322,"SW","Northern Region",52.34498,-126.07967,2020,TRUE,3,0,0.0953,0.5014,0.2853,0.7125
"EPFU","115322_SW",115322,"SW","Northern Region",52.34498,-126.07967,2021,TRUE,2,0,0.056,0.6095,0.4172,0.7855
"EPFU","115322_SW",115322,"SW","Northern Region",52.34498,-126.07967,2022,TRUE,2,0,0.0176,0.5875,0.3734,0.7817
"EPFU","115322_SW",115322,"SW","Northern Region",52.34498,-126.07967,2023,TRUE,4,0,0.0016,0.6337,0.4144,0.8183
"EPFU","115322_SW",115322,"SW","Northern Region",52.34498,-126.07967,2024,TRUE,3,0,0.01,0.679,0.4706,0.8533
"EPFU","115322_SW",115322,"SW","Northern Region",52.34498,-126.07967,2025,TRUE,4,0,0.0142,0.7317,0.546,0.881
"EPFU","1194_NW",1194,"NW","Kootenay Region",50.11749,-117.523,2017,TRUE,4,0,0.0218,0.8066,0.5741,0.9502
"EPFU","1194_NW",1194,"NW","Kootenay Region",50.11749,-117.523,2018,TRUE,2,0,0.0147,0.8293,0.6795,0.9273
"EPFU","1194_NW",1194,"NW","Kootenay Region",50.11749,-117.523,2019,TRUE,4,0,0.0084,0.8282,0.703,0.9191
"EPFU","1194_NW",1194,"NW","Kootenay Region",50.11749,-117.523,2020,TRUE,4,0,0.0056,0.8276,0.7048,0.919
"EPFU","1194_NW",1194,"NW","Kootenay Region",50.11749,-117.523,2021,TRUE,4,0,0.0687,0.8854,0.7916,0.9494
"EPFU","1194_NW",1194,"NW","Kootenay Region",50.11749,-117.523,2022,TRUE,4,1,1,0.8897,0.7983,0.9544
"EPFU","1194_NW",1194,"NW","Kootenay Region",50.11749,-117.523,2023,TRUE,4,0,0.244,0.9115,0.828,0.9671
"EPFU","1194_NW",1194,"NW","Kootenay Region",50.11749,-117.523,2024,TRUE,4,0,0.2118,0.9294,0.8571,0.9766
"EPFU","1194_NW",1194,"NW","Kootenay Region",50.11749,-117.523,2025,TRUE,3,1,1,0.9446,0.8819,0.9825
"EPFU","1194_SW",1194,"SW","Kootenay Region",50.0903,-117.4679,2017,TRUE,4,1,1,0.8562,0.5629,0.9863
"EPFU","1194_SW",1194,"SW","Kootenay Region",50.0903,-117.4679,2018,FALSE,0,NA,NA,0.8319,0.6525,0.9425
"EPFU","1194_SW",1194,"SW","Kootenay Region",50.0903,-117.4679,2019,TRUE,4,1,1,0.7983,0.6443,0.9161
"EPFU","1194_SW",1194,"SW","Kootenay Region",50.0903,-117.4679,2020,TRUE,4,0,0.52,0.7757,0.6153,0.9058
"EPFU","1194_SW",1194,"SW","Kootenay Region",50.0903,-117.4679,2021,TRUE,4,1,1,0.8422,0.7128,0.9361
"EPFU","1194_SW",1194,"SW","Kootenay Region",50.0903,-117.4679,2022,FALSE,0,NA,NA,0.8403,0.7095,0.9356
"EPFU","1194_SW",1194,"SW","Kootenay Region",50.0903,-117.4679,2023,FALSE,0,NA,NA,0.8673,0.7405,0.9506
"EPFU","1194_SW",1194,"SW","Kootenay Region",50.0903,-117.4679,2024,FALSE,0,NA,NA,0.8907,0.7792,0.964
"EPFU","1194_SW",1194,"SW","Kootenay Region",50.0903,-117.4679,2025,FALSE,0,NA,NA,0.9111,0.8144,0.9721
"EPFU","12522_NE",12522,"NE","South Coastal Region",49.72155,-124.51563,2017,FALSE,0,NA,NA,0.7578,0.5411,0.9348
"EPFU","12522_NE",12522,"NE","South Coastal Region",49.72155,-124.51563,2018,FALSE,0,NA,NA,0.6951,0.5595,0.8142
"EPFU","12522_NE",12522,"NE","South Coastal Region",49.72155,-124.51563,2019,TRUE,3,1,1,0.6387,0.4952,0.7723
"EPFU","12522_NE",12522,"NE","South Coastal Region",49.72155,-124.51563,2020,TRUE,3,0,0.3736,0.616,0.4674,0.7575
"EPFU","12522_NE",12522,"NE","South Coastal Region",49.72155,-124.51563,2021,TRUE,4,1,1,0.7461,0.6242,0.8469
"EPFU","12522_NE",12522,"NE","South Coastal Region",49.72155,-124.51563,2022,TRUE,3,1,1,0.7306,0.6025,0.8369
"EPFU","12522_NE",12522,"NE","South Coastal Region",49.72155,-124.51563,2023,FALSE,0,NA,NA,0.7793,0.6549,0.8793
"EPFU","12522_NE",12522,"NE","South Coastal Region",49.72155,-124.51563,2024,FALSE,0,NA,NA,0.8172,0.6982,0.909
"EPFU","12522_NE",12522,"NE","South Coastal Region",49.72155,-124.51563,2025,FALSE,0,NA,NA,0.844,0.7399,0.925
"EPFU","12522_NW",12522,"NW","South Coastal Region",49.75757,-124.56308,2017,TRUE,4,0,0.3913,0.7283,0.4137,0.9555
"EPFU","12522_NW",12522,"NW","South Coastal Region",49.75757,-124.56308,2018,TRUE,3,1,1,0.6369,0.4474,0.7973
"EPFU","12522_NW",12522,"NW","South Coastal Region",49.75757,-124.56308,2019,TRUE,2,0,0.2516,0.5665,0.386,0.7366
"EPFU","12522_NW",12522,"NW","South Coastal Region",49.75757,-124.56308,2020,TRUE,3,0,0.1016,0.5375,0.3605,0.7127
"EPFU","12522_NW",12522,"NW","South Coastal Region",49.75757,-124.56308,2021,FALSE,0,NA,NA,0.6691,0.5132,0.8033
"EPFU","12522_NW",12522,"NW","South Coastal Region",49.75757,-124.56308,2022,FALSE,0,NA,NA,0.6528,0.4882,0.8025
"EPFU","12522_NW",12522,"NW","South Coastal Region",49.75757,-124.56308,2023,FALSE,0,NA,NA,0.7042,0.5331,0.8409
"EPFU","12522_NW",12522,"NW","South Coastal Region",49.75757,-124.56308,2024,TRUE,4,1,1,0.7484,0.5789,0.8769
"EPFU","12522_NW",12522,"NW","South Coastal Region",49.75757,-124.56308,2025,FALSE,0,NA,NA,0.7888,0.6388,0.9033
"EPFU","12522_SE",12522,"SE","South Coastal Region",49.70213,-124.47636,2017,TRUE,3,1,1,0.7431,0.5094,0.9243
"EPFU","12522_SE",12522,"SE","South Coastal Region",49.70213,-124.47636,2018,TRUE,3,0,0.1371,0.5503,0.3724,0.7108
"EPFU","12522_SE",12522,"SE","South Coastal Region",49.70213,-124.47636,2019,FALSE,0,NA,NA,0.4456,0.2826,0.6157
"EPFU","12522_SE",12522,"SE","South Coastal Region",49.70213,-124.47636,2020,TRUE,3,0,0.0822,0.4126,0.2628,0.5822
"EPFU","12522_SE",12522,"SE","South Coastal Region",49.70213,-124.47636,2021,TRUE,2,1,1,0.5624,0.4105,0.7097
"EPFU","12522_SE",12522,"SE","South Coastal Region",49.70213,-124.47636,2022,FALSE,0,NA,NA,0.5272,0.3783,0.6755
"EPFU","12522_SE",12522,"SE","South Coastal Region",49.70213,-124.47636,2023,TRUE,4,0,0.0087,0.5844,0.424,0.7341
"EPFU","12522_SE",12522,"SE","South Coastal Region",49.70213,-124.47636,2024,TRUE,4,0,0.0178,0.6354,0.473,0.7836
"EPFU","12522_SE",12522,"SE","South Coastal Region",49.70213,-124.47636,2025,FALSE,0,NA,NA,0.6851,0.5234,0.8241
"EPFU","12522_SW",12522,"SW","South Coastal Region",49.7022,-124.52268,2017,TRUE,3,0,0.126,0.7288,0.4719,0.9371
"EPFU","12522_SW",12522,"SW","South Coastal Region",49.7022,-124.52268,2018,TRUE,3,0,0.0287,0.652,0.5004,0.7835
"EPFU","12522_SW",12522,"SW","South Coastal Region",49.7022,-124.52268,2019,TRUE,3,0,0.0278,0.5847,0.4369,0.723
"EPFU","12522_SW",12522,"SW","South Coastal Region",49.7022,-124.52268,2020,TRUE,3,0,0.0813,0.5555,0.4083,0.7013
"EPFU","12522_SW",12522,"SW","South Coastal Region",49.7022,-124.52268,2021,TRUE,4,1,1,0.6869,0.5594,0.7992
"EPFU","12522_SW",12522,"SW","South Coastal Region",49.7022,-124.52268,2022,TRUE,3,0,0.2853,0.6733,0.5469,0.7878
"EPFU","12522_SW",12522,"SW","South Coastal Region",49.7022,-124.52268,2023,FALSE,0,NA,NA,0.724,0.5954,0.8329
"EPFU","12522_SW",12522,"SW","South Coastal Region",49.7022,-124.52268,2024,FALSE,0,NA,NA,0.7675,0.6399,0.8703
"EPFU","12522_SW",12522,"SW","South Coastal Region",49.7022,-124.52268,2025,FALSE,0,NA,NA,0.8048,0.686,0.8987
"EPFU","127850_NE",127850,"NE","Kootenay Region",49.31307,-115.01912,2017,TRUE,4,0,0.0916,0.5916,0.3054,0.8361
"EPFU","127850_NE",127850,"NE","Kootenay Region",49.31307,-115.01912,2018,FALSE,0,NA,NA,0.7477,0.5327,0.9016
"EPFU","127850_NE",127850,"NE","Kootenay Region",49.31307,-115.01912,2019,TRUE,4,1,1,0.8183,0.6454,0.9298
"EPFU","127850_NE",127850,"NE","Kootenay Region",49.31307,-115.01912,2020,TRUE,4,0,0.7629,0.8629,0.7187,0.9518
"EPFU","127850_NE",127850,"NE","Kootenay Region",49.31307,-115.01912,2021,TRUE,4,1,1,0.9286,0.8277,0.9808
"EPFU","127850_NE",127850,"NE","Kootenay Region",49.31307,-115.01912,2022,FALSE,0,NA,NA,0.9386,0.849,0.9847
"EPFU","127850_NE",127850,"NE","Kootenay Region",49.31307,-115.01912,2023,FALSE,0,NA,NA,0.9563,0.8828,0.9905
"EPFU","127850_NE",127850,"NE","Kootenay Region",49.31307,-115.01912,2024,FALSE,0,NA,NA,0.9678,0.91,0.9939
"EPFU","127850_NE",127850,"NE","Kootenay Region",49.31307,-115.01912,2025,FALSE,0,NA,NA,0.9747,0.9273,0.9957
"EPFU","127850_NW",127850,"NW","Kootenay Region",49.3096,-115.05201,2017,TRUE,4,1,1,0.7076,0.4791,0.8848
"EPFU","127850_NW",127850,"NW","Kootenay Region",49.3096,-115.05201,2018,FALSE,0,NA,NA,0.7676,0.6112,0.887
"EPFU","127850_NW",127850,"NW","Kootenay Region",49.3096,-115.05201,2019,TRUE,4,1,1,0.7895,0.6568,0.8903
"EPFU","127850_NW",127850,"NW","Kootenay Region",49.3096,-115.05201,2020,TRUE,4,1,1,0.8061,0.6831,0.9008
"EPFU","127850_NW",127850,"NW","Kootenay Region",49.3096,-115.05201,2021,TRUE,4,1,1,0.8771,0.779,0.9449
"EPFU","127850_NW",127850,"NW","Kootenay Region",49.3096,-115.05201,2022,TRUE,4,1,1,0.8861,0.7926,0.9529
"EPFU","127850_NW",127850,"NW","Kootenay Region",49.3096,-115.05201,2023,FALSE,0,NA,NA,0.9109,0.8255,0.966
"EPFU","127850_NW",127850,"NW","Kootenay Region",49.3096,-115.05201,2024,FALSE,0,NA,NA,0.9305,0.8593,0.9766
"EPFU","127850_NW",127850,"NW","Kootenay Region",49.3096,-115.05201,2025,FALSE,0,NA,NA,0.9463,0.8874,0.9831
"EPFU","127850_SE",127850,"SE","Kootenay Region",49.28498,-114.95395,2017,FALSE,0,NA,NA,0.7254,0.4411,0.9238
"EPFU","127850_SE",127850,"SE","Kootenay Region",49.28498,-114.95395,2018,FALSE,0,NA,NA,0.7825,0.5934,0.9085
"EPFU","127850_SE",127850,"SE","Kootenay Region",49.28498,-114.95395,2019,TRUE,4,1,1,0.8,0.6603,0.9047
"EPFU","127850_SE",127850,"SE","Kootenay Region",49.28498,-114.95395,2020,TRUE,4,1,1,0.8122,0.6817,0.9134
"EPFU","127850_SE",127850,"SE","Kootenay Region",49.28498,-114.95395,2021,TRUE,4,1,1,0.8842,0.7895,0.9511
"EPFU","127850_SE",127850,"SE","Kootenay Region",49.28498,-114.95395,2022,TRUE,4,1,1,0.8901,0.7976,0.9565
"EPFU","127850_SE",127850,"SE","Kootenay Region",49.28498,-114.95395,2023,TRUE,4,1,1,0.9147,0.8336,0.9687
"EPFU","127850_SE",127850,"SE","Kootenay Region",49.28498,-114.95395,2024,FALSE,0,NA,NA,0.9335,0.8631,0.9788
"EPFU","127850_SE",127850,"SE","Kootenay Region",49.28498,-114.95395,2025,FALSE,0,NA,NA,0.9469,0.8862,0.9842
"EPFU","127850_SW",127850,"SW","Kootenay Region",49.2671,-115.02532,2017,TRUE,4,1,1,0.665,0.4127,0.8678
"EPFU","127850_SW",127850,"SW","Kootenay Region",49.2671,-115.02532,2018,FALSE,0,NA,NA,0.7132,0.5301,0.859
"EPFU","127850_SW",127850,"SW","Kootenay Region",49.2671,-115.02532,2019,TRUE,3,0,0.7976,0.7275,0.5692,0.8537
"EPFU","127850_SW",127850,"SW","Kootenay Region",49.2671,-115.02532,2020,TRUE,4,1,1,0.74,0.5889,0.8613
"EPFU","127850_SW",127850,"SW","Kootenay Region",49.2671,-115.02532,2021,TRUE,4,1,1,0.8217,0.6945,0.9141
"EPFU","127850_SW",127850,"SW","Kootenay Region",49.2671,-115.02532,2022,TRUE,4,1,1,0.833,0.711,0.9233
"EPFU","127850_SW",127850,"SW","Kootenay Region",49.2671,-115.02532,2023,TRUE,4,1,1,0.8642,0.7494,0.9441
"EPFU","127850_SW",127850,"SW","Kootenay Region",49.2671,-115.02532,2024,TRUE,4,1,1,0.8909,0.7867,0.9604
"EPFU","127850_SW",127850,"SW","Kootenay Region",49.2671,-115.02532,2025,FALSE,0,NA,NA,0.9157,0.8266,0.9719
"EPFU","128058_NE",128058,"NE","South Coastal Region",48.84117,-123.42727,2017,FALSE,0,NA,NA,0.6898,0.2916,0.9663
"EPFU","128058_NE",128058,"NE","South Coastal Region",48.84117,-123.42727,2018,TRUE,4,1,1,0.6296,0.3802,0.8288
"EPFU","128058_NE",128058,"NE","South Coastal Region",48.84117,-123.42727,2019,TRUE,4,0,0.1098,0.5686,0.36,0.7656
"EPFU","128058_NE",128058,"NE","South Coastal Region",48.84117,-123.42727,2020,TRUE,4,0,0.0291,0.5131,0.3171,0.7072
"EPFU","128058_NE",128058,"NE","South Coastal Region",48.84117,-123.42727,2021,TRUE,4,1,1,0.6191,0.4405,0.7853
"EPFU","128058_NE",128058,"NE","South Coastal Region",48.84117,-123.42727,2022,TRUE,2,1,1,0.6043,0.4192,0.774
"EPFU","128058_NE",128058,"NE","South Coastal Region",48.84117,-123.42727,2023,FALSE,0,NA,NA,0.6497,0.4559,0.8133
"EPFU","128058_NE",128058,"NE","South Coastal Region",48.84117,-123.42727,2024,FALSE,0,NA,NA,0.6935,0.5006,0.8504
"EPFU","128058_NE",128058,"NE","South Coastal Region",48.84117,-123.42727,2025,FALSE,0,NA,NA,0.741,0.5467,0.8866
"EPFU","128058_NW",128058,"NW","South Coastal Region",48.82144,-123.48643,2017,FALSE,0,NA,NA,0.7751,0.5486,0.9384
"EPFU","128058_NW",128058,"NW","South Coastal Region",48.82144,-123.48643,2018,TRUE,4,1,1,0.747,0.6194,0.8587
"EPFU","128058_NW",128058,"NW","South Coastal Region",48.82144,-123.48643,2019,TRUE,4,0,0.4516,0.7083,0.567,0.8307
"EPFU","128058_NW",128058,"NW","South Coastal Region",48.82144,-123.48643,2020,TRUE,4,1,1,0.6735,0.5218,0.8108
"EPFU","128058_NW",128058,"NW","South Coastal Region",48.82144,-123.48643,2021,TRUE,4,1,1,0.7842,0.6682,0.8769
"EPFU","128058_NW",128058,"NW","South Coastal Region",48.82144,-123.48643,2022,TRUE,4,1,1,0.7647,0.6399,0.8644
"EPFU","128058_NW",128058,"NW","South Coastal Region",48.82144,-123.48643,2023,FALSE,0,NA,NA,0.8081,0.6918,0.9007
"EPFU","128058_NW",128058,"NW","South Coastal Region",48.82144,-123.48643,2024,FALSE,0,NA,NA,0.8415,0.7338,0.9255
"EPFU","128058_NW",128058,"NW","South Coastal Region",48.82144,-123.48643,2025,FALSE,0,NA,NA,0.8625,0.7644,0.9367
"EPFU","128058_SW",128058,"SW","South Coastal Region",48.79828,-123.47632,2017,FALSE,0,NA,NA,0.7487,0.5148,0.9378
"EPFU","128058_SW",128058,"SW","South Coastal Region",48.79828,-123.47632,2018,TRUE,4,1,1,0.7071,0.569,0.8259
"EPFU","128058_SW",128058,"SW","South Coastal Region",48.79828,-123.47632,2019,TRUE,4,1,1,0.6577,0.5176,0.7844
"EPFU","128058_SW",128058,"SW","South Coastal Region",48.79828,-123.47632,2020,TRUE,4,1,1,0.6151,0.4702,0.7509
"EPFU","128058_SW",128058,"SW","South Coastal Region",48.79828,-123.47632,2021,TRUE,4,1,1,0.7323,0.6134,0.8334
"EPFU","128058_SW",128058,"SW","South Coastal Region",48.79828,-123.47632,2022,TRUE,4,1,1,0.7174,0.597,0.82
"EPFU","128058_SW",128058,"SW","South Coastal Region",48.79828,-123.47632,2023,FALSE,0,NA,NA,0.7633,0.6447,0.8623
"EPFU","128058_SW",128058,"SW","South Coastal Region",48.79828,-123.47632,2024,FALSE,0,NA,NA,0.8021,0.6851,0.8938
"EPFU","128058_SW",128058,"SW","South Coastal Region",48.79828,-123.47632,2025,FALSE,0,NA,NA,0.833,0.7245,0.9159
"EPFU","132650_SE",132650,"SE","Okanagan Region",51.81828,-122.42144,2017,FALSE,0,NA,NA,0.8758,0.6911,0.9855
"EPFU","132650_SE",132650,"SE","Okanagan Region",51.81828,-122.42144,2018,FALSE,0,NA,NA,0.891,0.7744,0.9635
"EPFU","132650_SE",132650,"SE","Okanagan Region",51.81828,-122.42144,2019,FALSE,0,NA,NA,0.8889,0.7873,0.9578
"EPFU","132650_SE",132650,"SE","Okanagan Region",51.81828,-122.42144,2020,TRUE,4,1,1,0.8874,0.7787,0.96
"EPFU","132650_SE",132650,"SE","Okanagan Region",51.81828,-122.42144,2021,TRUE,4,1,1,0.9357,0.8622,0.9797
"EPFU","132650_SE",132650,"SE","Okanagan Region",51.81828,-122.42144,2022,TRUE,2,0,0.9044,0.9343,0.8582,0.9806
"EPFU","132650_SE",132650,"SE","Okanagan Region",51.81828,-122.42144,2023,TRUE,3,1,1,0.9502,0.8862,0.9868
"EPFU","132650_SE",132650,"SE","Okanagan Region",51.81828,-122.42144,2024,TRUE,4,1,1,0.9604,0.903,0.9908
"EPFU","132650_SE",132650,"SE","Okanagan Region",51.81828,-122.42144,2025,TRUE,4,1,1,0.9653,0.9157,0.9916
"EPFU","132650_SW",132650,"SW","Okanagan Region",51.80225,-122.46284,2017,FALSE,0,NA,NA,0.8283,0.5804,0.9799
"EPFU","132650_SW",132650,"SW","Okanagan Region",51.80225,-122.46284,2018,FALSE,0,NA,NA,0.7977,0.6321,0.9123
"EPFU","132650_SW",132650,"SW","Okanagan Region",51.80225,-122.46284,2019,FALSE,0,NA,NA,0.7644,0.6163,0.8812
"EPFU","132650_SW",132650,"SW","Okanagan Region",51.80225,-122.46284,2020,TRUE,4,1,1,0.7462,0.5877,0.875
"EPFU","132650_SW",132650,"SW","Okanagan Region",51.80225,-122.46284,2021,TRUE,3,0,0.0773,0.8302,0.7054,0.9239
"EPFU","132650_SW",132650,"SW","Okanagan Region",51.80225,-122.46284,2022,TRUE,4,0,0.0122,0.8286,0.7028,0.9238
"EPFU","132650_SW",132650,"SW","Okanagan Region",51.80225,-122.46284,2023,TRUE,3,0,0.0676,0.861,0.7477,0.9427
"EPFU","132650_SW",132650,"SW","Okanagan Region",51.80225,-122.46284,2024,FALSE,0,NA,NA,0.886,0.7804,0.958
"EPFU","132650_SW",132650,"SW","Okanagan Region",51.80225,-122.46284,2025,TRUE,4,1,1,0.9047,0.8033,0.968
"EPFU","137274_NE",137274,"NE","South Coastal Region",48.79,-123.6988,2017,FALSE,0,NA,NA,0.8168,0.5659,0.9659
"EPFU","137274_NE",137274,"NE","South Coastal Region",48.79,-123.6988,2018,TRUE,4,1,1,0.6489,0.4884,0.7955
"EPFU","137274_NE",137274,"NE","South Coastal Region",48.79,-123.6988,2019,TRUE,3,1,1,0.5448,0.3805,0.7041
"EPFU","137274_NE",137274,"NE","South Coastal Region",48.79,-123.6988,2020,TRUE,4,1,1,0.491,0.3338,0.6563
"EPFU","137274_NE",137274,"NE","South Coastal Region",48.79,-123.6988,2021,FALSE,0,NA,NA,0.6332,0.4877,0.7682
"EPFU","137274_NE",137274,"NE","South Coastal Region",48.79,-123.6988,2022,TRUE,4,1,1,0.6009,0.4535,0.7338
"EPFU","137274_NE",137274,"NE","South Coastal Region",48.79,-123.6988,2023,TRUE,4,1,1,0.6568,0.5015,0.7926
"EPFU","137274_NE",137274,"NE","South Coastal Region",48.79,-123.6988,2024,FALSE,0,NA,NA,0.7046,0.5503,0.8345
"EPFU","137274_NE",137274,"NE","South Coastal Region",48.79,-123.6988,2025,FALSE,0,NA,NA,0.7447,0.599,0.8645
"EPFU","137274_NW",137274,"NW","South Coastal Region",48.7891,-123.719,2017,FALSE,0,NA,NA,0.7936,0.5772,0.949
"EPFU","137274_NW",137274,"NW","South Coastal Region",48.7891,-123.719,2018,TRUE,4,1,1,0.7147,0.588,0.828
"EPFU","137274_NW",137274,"NW","South Coastal Region",48.7891,-123.719,2019,TRUE,4,1,1,0.6475,0.5039,0.7737
"EPFU","137274_NW",137274,"NW","South Coastal Region",48.7891,-123.719,2020,TRUE,4,1,1,0.6028,0.4588,0.7436
"EPFU","137274_NW",137274,"NW","South Coastal Region",48.7891,-123.719,2021,TRUE,4,1,1,0.7281,0.6089,0.8307
"EPFU","137274_NW",137274,"NW","South Coastal Region",48.7891,-123.719,2022,TRUE,4,1,1,0.7074,0.5833,0.8137
"EPFU","137274_NW",137274,"NW","South Coastal Region",48.7891,-123.719,2023,TRUE,3,1,1,0.756,0.6326,0.8596
"EPFU","137274_NW",137274,"NW","South Coastal Region",48.7891,-123.719,2024,FALSE,0,NA,NA,0.7958,0.6773,0.892
"EPFU","137274_NW",137274,"NW","South Coastal Region",48.7891,-123.719,2025,FALSE,0,NA,NA,0.8256,0.7174,0.9109
"EPFU","137274_SE",137274,"SE","South Coastal Region",48.7539,-123.6447,2017,FALSE,0,NA,NA,0.8227,0.5653,0.9708
"EPFU","137274_SE",137274,"SE","South Coastal Region",48.7539,-123.6447,2018,TRUE,4,1,1,0.6733,0.5185,0.8133
"EPFU","137274_SE",137274,"SE","South Coastal Region",48.7539,-123.6447,2019,TRUE,3,0,0.4164,0.5775,0.4122,0.7302
"EPFU","137274_SE",137274,"SE","South Coastal Region",48.7539,-123.6447,2020,TRUE,4,1,1,0.535,0.3787,0.6947
"EPFU","137274_SE",137274,"SE","South Coastal Region",48.7539,-123.6447,2021,TRUE,2,1,1,0.6669,0.5237,0.7931
"EPFU","137274_SE",137274,"SE","South Coastal Region",48.7539,-123.6447,2022,TRUE,4,1,1,0.633,0.4906,0.7629
"EPFU","137274_SE",137274,"SE","South Coastal Region",48.7539,-123.6447,2023,TRUE,4,1,1,0.685,0.5324,0.8177
"EPFU","137274_SE",137274,"SE","South Coastal Region",48.7539,-123.6447,2024,FALSE,0,NA,NA,0.7293,0.5782,0.8528
"EPFU","137274_SE",137274,"SE","South Coastal Region",48.7539,-123.6447,2025,FALSE,0,NA,NA,0.7643,0.6272,0.8771
"EPFU","143274_NE",143274,"NE","South Coastal Region",50.3377,-122.8012,2017,FALSE,0,NA,NA,0.6831,0.4353,0.9038
"EPFU","143274_NE",143274,"NE","South Coastal Region",50.3377,-122.8012,2018,FALSE,0,NA,NA,0.6304,0.4849,0.7609
"EPFU","143274_NE",143274,"NE","South Coastal Region",50.3377,-122.8012,2019,TRUE,4,1,1,0.578,0.4421,0.7109
"EPFU","143274_NE",143274,"NE","South Coastal Region",50.3377,-122.8012,2020,TRUE,4,1,1,0.5602,0.4219,0.7002
"EPFU","143274_NE",143274,"NE","South Coastal Region",50.3377,-122.8012,2021,TRUE,4,1,1,0.7038,0.5854,0.8098
"EPFU","143274_NE",143274,"NE","South Coastal Region",50.3377,-122.8012,2022,TRUE,4,1,1,0.6865,0.5646,0.792
"EPFU","143274_NE",143274,"NE","South Coastal Region",50.3377,-122.8012,2023,TRUE,4,1,1,0.7396,0.6246,0.841
"EPFU","143274_NE",143274,"NE","South Coastal Region",50.3377,-122.8012,2024,TRUE,4,1,1,0.7824,0.6692,0.8762
"EPFU","143274_NE",143274,"NE","South Coastal Region",50.3377,-122.8012,2025,TRUE,4,1,1,0.814,0.7076,0.9037
"EPFU","143274_NW",143274,"NW","South Coastal Region",50.3446,-122.8479,2017,FALSE,0,NA,NA,0.7061,0.4652,0.917
"EPFU","143274_NW",143274,"NW","South Coastal Region",50.3446,-122.8479,2018,FALSE,0,NA,NA,0.5428,0.3713,0.7069
"EPFU","143274_NW",143274,"NW","South Coastal Region",50.3446,-122.8479,2019,TRUE,4,0,0.0696,0.449,0.2836,0.6202
"EPFU","143274_NW",143274,"NW","South Coastal Region",50.3446,-122.8479,2020,TRUE,3,0,0.138,0.4189,0.2663,0.5868
"EPFU","143274_NW",143274,"NW","South Coastal Region",50.3446,-122.8479,2021,TRUE,4,1,1,0.5682,0.417,0.7153
"EPFU","143274_NW",143274,"NW","South Coastal Region",50.3446,-122.8479,2022,TRUE,4,0,0.2789,0.536,0.386,0.688
"EPFU","143274_NW",143274,"NW","South Coastal Region",50.3446,-122.8479,2023,TRUE,4,1,1,0.5931,0.4316,0.7413
"EPFU","143274_NW",143274,"NW","South Coastal Region",50.3446,-122.8479,2024,TRUE,4,1,1,0.6438,0.4793,0.7914
"EPFU","143274_NW",143274,"NW","South Coastal Region",50.3446,-122.8479,2025,TRUE,4,1,1,0.694,0.5321,0.8323
"EPFU","143274_SE",143274,"SE","South Coastal Region",50.3004,-122.758,2017,FALSE,0,NA,NA,0.723,0.4945,0.9192
"EPFU","143274_SE",143274,"SE","South Coastal Region",50.3004,-122.758,2018,FALSE,0,NA,NA,0.5732,0.4142,0.7204
"EPFU","143274_SE",143274,"SE","South Coastal Region",50.3004,-122.758,2019,TRUE,4,1,1,0.4794,0.3223,0.6344
"EPFU","143274_SE",143274,"SE","South Coastal Region",50.3004,-122.758,2020,TRUE,3,0,0.1544,0.4468,0.2998,0.6065
"EPFU","143274_SE",143274,"SE","South Coastal Region",50.3004,-122.758,2021,TRUE,4,0,0.1627,0.5942,0.455,0.7284
"EPFU","143274_SE",143274,"SE","South Coastal Region",50.3004,-122.758,2022,TRUE,4,1,1,0.5663,0.4283,0.7019
"EPFU","143274_SE",143274,"SE","South Coastal Region",50.3004,-122.758,2023,TRUE,4,1,1,0.6228,0.4742,0.7557
"EPFU","143274_SE",143274,"SE","South Coastal Region",50.3004,-122.758,2024,TRUE,4,1,1,0.6728,0.5268,0.805
"EPFU","143274_SE",143274,"SE","South Coastal Region",50.3004,-122.758,2025,TRUE,4,1,1,0.7199,0.5755,0.8436
"EPFU","143274_SW",143274,"SW","South Coastal Region",50.2961,-122.8048,2017,FALSE,0,NA,NA,0.6476,0.3835,0.8954
"EPFU","143274_SW",143274,"SW","South Coastal Region",50.2961,-122.8048,2018,FALSE,0,NA,NA,0.5776,0.4177,0.7238
"EPFU","143274_SW",143274,"SW","South Coastal Region",50.2961,-122.8048,2019,TRUE,4,1,1,0.5183,0.3743,0.6621
"EPFU","143274_SW",143274,"SW","South Coastal Region",50.2961,-122.8048,2020,TRUE,2,0,0.5671,0.4995,0.3565,0.6455
"EPFU","143274_SW",143274,"SW","South Coastal Region",50.2961,-122.8048,2021,TRUE,4,1,1,0.6495,0.5197,0.7698
"EPFU","143274_SW",143274,"SW","South Coastal Region",50.2961,-122.8048,2022,TRUE,4,1,1,0.629,0.4978,0.7517
"EPFU","143274_SW",143274,"SW","South Coastal Region",50.2961,-122.8048,2023,TRUE,4,1,1,0.6849,0.5562,0.8018
"EPFU","143274_SW",143274,"SW","South Coastal Region",50.2961,-122.8048,2024,TRUE,4,1,1,0.7322,0.6034,0.8444
"EPFU","143274_SW",143274,"SW","South Coastal Region",50.2961,-122.8048,2025,TRUE,4,1,1,0.7717,0.6457,0.8793
"EPFU","145578_NE",145578,"NE","Kootenay Region",49.93178,-115.65558,2017,FALSE,0,NA,NA,0.7189,0.4911,0.8916
"EPFU","145578_NE",145578,"NE","Kootenay Region",49.93178,-115.65558,2018,TRUE,4,1,1,0.7154,0.5386,0.8563
"EPFU","145578_NE",145578,"NE","Kootenay Region",49.93178,-115.65558,2019,TRUE,4,1,1,0.6926,0.502,0.8412
"EPFU","145578_NE",145578,"NE","Kootenay Region",49.93178,-115.65558,2020,TRUE,4,1,1,0.6796,0.4803,0.8403
"EPFU","145578_NE",145578,"NE","Kootenay Region",49.93178,-115.65558,2021,TRUE,4,1,1,0.7718,0.5921,0.9044
"EPFU","145578_NE",145578,"NE","Kootenay Region",49.93178,-115.65558,2022,TRUE,3,1,1,0.7707,0.5819,0.9085
"EPFU","145578_NE",145578,"NE","Kootenay Region",49.93178,-115.65558,2023,FALSE,0,NA,NA,0.8076,0.6274,0.9297
"EPFU","145578_NE",145578,"NE","Kootenay Region",49.93178,-115.65558,2024,TRUE,4,1,1,0.8391,0.6684,0.9475
"EPFU","145578_NE",145578,"NE","Kootenay Region",49.93178,-115.65558,2025,TRUE,4,1,1,0.8697,0.7243,0.9587
"EPFU","145578_NW",145578,"NW","Kootenay Region",49.93544,-115.67497,2017,FALSE,0,NA,NA,0.676,0.4218,0.8821
"EPFU","145578_NW",145578,"NW","Kootenay Region",49.93544,-115.67497,2018,FALSE,0,NA,NA,0.7545,0.5698,0.8924
"EPFU","145578_NW",145578,"NW","Kootenay Region",49.93544,-115.67497,2019,TRUE,3,0,0.5009,0.7889,0.635,0.9026
"EPFU","145578_NW",145578,"NW","Kootenay Region",49.93544,-115.67497,2020,FALSE,0,NA,NA,0.8148,0.6805,0.9141
"EPFU","145578_NW",145578,"NW","Kootenay Region",49.93544,-115.67497,2021,TRUE,4,1,1,0.8857,0.7789,0.954
"EPFU","145578_NW",145578,"NW","Kootenay Region",49.93544,-115.67497,2022,TRUE,3,0,0.8316,0.8968,0.7978,0.9605
"EPFU","145578_NW",145578,"NW","Kootenay Region",49.93544,-115.67497,2023,TRUE,4,1,1,0.9206,0.8338,0.9723
"EPFU","145578_NW",145578,"NW","Kootenay Region",49.93544,-115.67497,2024,TRUE,3,1,1,0.9389,0.862,0.9819
"EPFU","145578_NW",145578,"NW","Kootenay Region",49.93544,-115.67497,2025,TRUE,4,1,1,0.9537,0.8938,0.9869
"EPFU","145578_SE",145578,"SE","Kootenay Region",49.89983,-115.64222,2017,FALSE,0,NA,NA,0.7335,0.4666,0.9203
"EPFU","145578_SE",145578,"SE","Kootenay Region",49.89983,-115.64222,2018,TRUE,3,1,1,0.7271,0.5417,0.8681
"EPFU","145578_SE",145578,"SE","Kootenay Region",49.89983,-115.64222,2019,TRUE,4,1,1,0.7016,0.5304,0.8408
"EPFU","145578_SE",145578,"SE","Kootenay Region",49.89983,-115.64222,2020,TRUE,4,1,1,0.6863,0.514,0.8371
"EPFU","145578_SE",145578,"SE","Kootenay Region",49.89983,-115.64222,2021,TRUE,4,1,1,0.7752,0.6272,0.8905
"EPFU","145578_SE",145578,"SE","Kootenay Region",49.89983,-115.64222,2022,TRUE,4,1,1,0.7764,0.6261,0.8945
"EPFU","145578_SE",145578,"SE","Kootenay Region",49.89983,-115.64222,2023,TRUE,4,1,1,0.8124,0.6724,0.9189
"EPFU","145578_SE",145578,"SE","Kootenay Region",49.89983,-115.64222,2024,FALSE,0,NA,NA,0.8441,0.7139,0.9395
"EPFU","145578_SE",145578,"SE","Kootenay Region",49.89983,-115.64222,2025,TRUE,4,1,1,0.8742,0.7592,0.9539
"EPFU","145578_SW",145578,"SW","Kootenay Region",49.89589,-115.695,2017,FALSE,0,NA,NA,0.7802,0.4569,0.9651
"EPFU","145578_SW",145578,"SW","Kootenay Region",49.89589,-115.695,2018,FALSE,0,NA,NA,0.7708,0.5606,0.9107
"EPFU","145578_SW",145578,"SW","Kootenay Region",49.89589,-115.695,2019,TRUE,4,1,1,0.7446,0.5762,0.881
"EPFU","145578_SW",145578,"SW","Kootenay Region",49.89589,-115.695,2020,TRUE,4,1,1,0.7287,0.5585,0.8745
"EPFU","145578_SW",145578,"SW","Kootenay Region",49.89589,-115.695,2021,TRUE,4,1,1,0.8135,0.6769,0.9177
"EPFU","145578_SW",145578,"SW","Kootenay Region",49.89589,-115.695,2022,TRUE,4,1,1,0.8126,0.6734,0.919
"EPFU","145578_SW",145578,"SW","Kootenay Region",49.89589,-115.695,2023,TRUE,4,1,1,0.8457,0.7159,0.9382
"EPFU","145578_SW",145578,"SW","Kootenay Region",49.89589,-115.695,2024,TRUE,4,1,1,0.8736,0.7553,0.9548
"EPFU","145578_SW",145578,"SW","Kootenay Region",49.89589,-115.695,2025,TRUE,4,1,1,0.8972,0.7968,0.9642
"EPFU","16426_NE",16426,"NE","Northern Region",54.82137,-123.35579,2017,FALSE,0,NA,NA,0.5506,0.2678,0.812
"EPFU","16426_NE",16426,"NE","Northern Region",54.82137,-123.35579,2018,TRUE,3,1,1,0.5038,0.3354,0.6852
"EPFU","16426_NE",16426,"NE","Northern Region",54.82137,-123.35579,2019,TRUE,3,0,0.1429,0.4468,0.2996,0.6073
"EPFU","16426_NE",16426,"NE","Northern Region",54.82137,-123.35579,2020,TRUE,3,0,0.0271,0.4168,0.273,0.575
"EPFU","16426_NE",16426,"NE","Northern Region",54.82137,-123.35579,2021,TRUE,3,0,0.0264,0.5276,0.383,0.6784
"EPFU","16426_NE",16426,"NE","Northern Region",54.82137,-123.35579,2022,TRUE,3,0,0.0398,0.5173,0.3735,0.6674
"EPFU","16426_NE",16426,"NE","Northern Region",54.82137,-123.35579,2023,FALSE,0,NA,NA,0.5644,0.4108,0.7154
"EPFU","16426_NE",16426,"NE","Northern Region",54.82137,-123.35579,2024,TRUE,3,1,1,0.6136,0.4633,0.7598
"EPFU","16426_NE",16426,"NE","Northern Region",54.82137,-123.35579,2025,FALSE,0,NA,NA,0.6759,0.5164,0.8123
"EPFU","16426_SE",16426,"SE","Northern Region",54.81895,-123.33997,2017,FALSE,0,NA,NA,0.6012,0.2927,0.8783
"EPFU","16426_SE",16426,"SE","Northern Region",54.81895,-123.33997,2018,TRUE,3,0,0.0193,0.498,0.3222,0.6798
"EPFU","16426_SE",16426,"SE","Northern Region",54.81895,-123.33997,2019,TRUE,3,0,0.0167,0.4108,0.2728,0.5692
"EPFU","16426_SE",16426,"SE","Northern Region",54.81895,-123.33997,2020,TRUE,2,0,0.0229,0.3684,0.2365,0.5262
"EPFU","16426_SE",16426,"SE","Northern Region",54.81895,-123.33997,2021,TRUE,3,0,0.0238,0.482,0.3439,0.6243
"EPFU","16426_SE",16426,"SE","Northern Region",54.81895,-123.33997,2022,TRUE,3,0,0.0169,0.463,0.3299,0.6015
"EPFU","16426_SE",16426,"SE","Northern Region",54.81895,-123.33997,2023,FALSE,0,NA,NA,0.5107,0.3692,0.652
"EPFU","16426_SE",16426,"SE","Northern Region",54.81895,-123.33997,2024,FALSE,0,NA,NA,0.5614,0.4218,0.7018
"EPFU","16426_SE",16426,"SE","Northern Region",54.81895,-123.33997,2025,FALSE,0,NA,NA,0.627,0.4778,0.7615
"EPFU","172090_NE",172090,"NE","South Coastal Region",49.37012,-122.94857,2017,FALSE,0,NA,NA,0.4461,0.049,0.9291
"EPFU","172090_NE",172090,"NE","South Coastal Region",49.37012,-122.94857,2018,TRUE,3,1,1,0.594,0.3148,0.8086
"EPFU","172090_NE",172090,"NE","South Coastal Region",49.37012,-122.94857,2019,TRUE,3,0,0.3716,0.6285,0.4156,0.8159
"EPFU","172090_NE",172090,"NE","South Coastal Region",49.37012,-122.94857,2020,TRUE,3,1,1,0.6528,0.4338,0.8422
"EPFU","172090_NE",172090,"NE","South Coastal Region",49.37012,-122.94857,2021,TRUE,4,1,1,0.7959,0.616,0.9242
"EPFU","172090_NE",172090,"NE","South Coastal Region",49.37012,-122.94857,2022,TRUE,4,0,0.0536,0.7716,0.5611,0.9218
"EPFU","172090_NE",172090,"NE","South Coastal Region",49.37012,-122.94857,2023,TRUE,2,0,0.1793,0.8233,0.6388,0.9465
"EPFU","172090_NE",172090,"NE","South Coastal Region",49.37012,-122.94857,2024,FALSE,0,NA,NA,0.854,0.6849,0.9598
"EPFU","172090_NE",172090,"NE","South Coastal Region",49.37012,-122.94857,2025,FALSE,0,NA,NA,0.8638,0.6906,0.9654
"EPFU","172090_NW",172090,"NW","South Coastal Region",49.34683,-123.00985,2017,FALSE,0,NA,NA,0.6823,0.4037,0.9246
"EPFU","172090_NW",172090,"NW","South Coastal Region",49.34683,-123.00985,2018,TRUE,3,1,1,0.6149,0.4445,0.767
"EPFU","172090_NW",172090,"NW","South Coastal Region",49.34683,-123.00985,2019,TRUE,3,0,0.142,0.5514,0.3961,0.7049
"EPFU","172090_NW",172090,"NW","South Coastal Region",49.34683,-123.00985,2020,FALSE,0,NA,NA,0.5246,0.372,0.6778
"EPFU","172090_NW",172090,"NW","South Coastal Region",49.34683,-123.00985,2021,TRUE,4,0,0.0078,0.6558,0.5184,0.784
"EPFU","172090_NW",172090,"NW","South Coastal Region",49.34683,-123.00985,2022,TRUE,4,0,0.0016,0.6397,0.5008,0.7688
"EPFU","172090_NW",172090,"NW","South Coastal Region",49.34683,-123.00985,2023,TRUE,3,0,0.0247,0.6895,0.5471,0.8113
"EPFU","172090_NW",172090,"NW","South Coastal Region",49.34683,-123.00985,2024,FALSE,0,NA,NA,0.7346,0.5962,0.8524
"EPFU","172090_NW",172090,"NW","South Coastal Region",49.34683,-123.00985,2025,FALSE,0,NA,NA,0.7764,0.636,0.8854
"EPFU","172090_SE",172090,"SE","South Coastal Region",49.32364,-122.97036,2017,FALSE,0,NA,NA,0.7245,0.4819,0.9297
"EPFU","172090_SE",172090,"SE","South Coastal Region",49.32364,-122.97036,2018,TRUE,3,0,0.0936,0.7702,0.6188,0.8898
"EPFU","172090_SE",172090,"SE","South Coastal Region",49.32364,-122.97036,2019,FALSE,0,NA,NA,0.7725,0.6225,0.8889
"EPFU","172090_SE",172090,"SE","South Coastal Region",49.32364,-122.97036,2020,TRUE,4,0,0.0907,0.7766,0.6158,0.8981
"EPFU","172090_SE",172090,"SE","South Coastal Region",49.32364,-122.97036,2021,TRUE,4,1,1,0.8683,0.7506,0.9457
"EPFU","172090_SE",172090,"SE","South Coastal Region",49.32364,-122.97036,2022,TRUE,4,1,1,0.8626,0.7337,0.9475
"EPFU","172090_SE",172090,"SE","South Coastal Region",49.32364,-122.97036,2023,TRUE,3,1,1,0.8898,0.772,0.963
"EPFU","172090_SE",172090,"SE","South Coastal Region",49.32364,-122.97036,2024,FALSE,0,NA,NA,0.9099,0.801,0.9725
"EPFU","172090_SE",172090,"SE","South Coastal Region",49.32364,-122.97036,2025,FALSE,0,NA,NA,0.9205,0.8267,0.9761
"EPFU","172090_SW",172090,"SW","South Coastal Region",49.31421,-123.01406,2017,FALSE,0,NA,NA,0.8109,0.5684,0.9604
"EPFU","172090_SW",172090,"SW","South Coastal Region",49.31421,-123.01406,2018,TRUE,3,1,1,0.715,0.5795,0.8347
"EPFU","172090_SW",172090,"SW","South Coastal Region",49.31421,-123.01406,2019,TRUE,3,1,1,0.641,0.4897,0.7744
"EPFU","172090_SW",172090,"SW","South Coastal Region",49.31421,-123.01406,2020,TRUE,4,1,1,0.6101,0.4574,0.7567
"EPFU","172090_SW",172090,"SW","South Coastal Region",49.31421,-123.01406,2021,TRUE,4,1,1,0.7396,0.615,0.8455
"EPFU","172090_SW",172090,"SW","South Coastal Region",49.31421,-123.01406,2022,TRUE,4,1,1,0.7212,0.5924,0.8283
"EPFU","172090_SW",172090,"SW","South Coastal Region",49.31421,-123.01406,2023,TRUE,3,1,1,0.7453,0.6159,0.8543
"EPFU","172090_SW",172090,"SW","South Coastal Region",49.31421,-123.01406,2024,FALSE,0,NA,NA,0.775,0.6441,0.8822
"EPFU","172090_SW",172090,"SW","South Coastal Region",49.31421,-123.01406,2025,FALSE,0,NA,NA,0.7992,0.6795,0.8955
"EPFU","175354_SE",175354,"SE","Northern Region",59.42418,-125.94917,2017,FALSE,0,NA,NA,0.6875,0.308,0.942
"EPFU","175354_SE",175354,"SE","Northern Region",59.42418,-125.94917,2018,TRUE,3,1,1,0.6857,0.4388,0.8752
"EPFU","175354_SE",175354,"SE","Northern Region",59.42418,-125.94917,2019,TRUE,4,1,1,0.6602,0.4374,0.844
"EPFU","175354_SE",175354,"SE","Northern Region",59.42418,-125.94917,2020,TRUE,4,1,1,0.6449,0.429,0.8275
"EPFU","175354_SE",175354,"SE","Northern Region",59.42418,-125.94917,2021,FALSE,0,NA,NA,0.7261,0.5252,0.8816
"EPFU","175354_SE",175354,"SE","Northern Region",59.42418,-125.94917,2022,FALSE,0,NA,NA,0.7255,0.5195,0.8837
"EPFU","175354_SE",175354,"SE","Northern Region",59.42418,-125.94917,2023,FALSE,0,NA,NA,0.7599,0.5551,0.9112
"EPFU","175354_SE",175354,"SE","Northern Region",59.42418,-125.94917,2024,FALSE,0,NA,NA,0.7938,0.5951,0.9327
"EPFU","175354_SE",175354,"SE","Northern Region",59.42418,-125.94917,2025,FALSE,0,NA,NA,0.8312,0.6441,0.9485
"EPFU","175354_SW",175354,"SW","Northern Region",59.40931,-126.09868,2017,FALSE,0,NA,NA,0.687,0.3105,0.9413
"EPFU","175354_SW",175354,"SW","Northern Region",59.40931,-126.09868,2018,TRUE,3,1,1,0.6292,0.3834,0.8342
"EPFU","175354_SW",175354,"SW","Northern Region",59.40931,-126.09868,2019,TRUE,4,0,0.2084,0.5624,0.3505,0.7613
"EPFU","175354_SW",175354,"SW","Northern Region",59.40931,-126.09868,2020,TRUE,4,0,0.0536,0.5171,0.3191,0.71
"EPFU","175354_SW",175354,"SW","Northern Region",59.40931,-126.09868,2021,FALSE,0,NA,NA,0.5919,0.4049,0.7663
"EPFU","175354_SW",175354,"SW","Northern Region",59.40931,-126.09868,2022,FALSE,0,NA,NA,0.5821,0.3927,0.762
"EPFU","175354_SW",175354,"SW","Northern Region",59.40931,-126.09868,2023,FALSE,0,NA,NA,0.6169,0.4171,0.7977
"EPFU","175354_SW",175354,"SW","Northern Region",59.40931,-126.09868,2024,TRUE,4,1,1,0.6557,0.4572,0.8279
"EPFU","175354_SW",175354,"SW","Northern Region",59.40931,-126.09868,2025,TRUE,4,1,1,0.7069,0.4988,0.8675
"EPFU","17706_NW",17706,"NW","Northern Region",51.97601,-120.10368,2017,FALSE,0,NA,NA,0.6026,0.3063,0.8679
"EPFU","17706_NW",17706,"NW","Northern Region",51.97601,-120.10368,2018,FALSE,0,NA,NA,0.4439,0.2711,0.647
"EPFU","17706_NW",17706,"NW","Northern Region",51.97601,-120.10368,2019,TRUE,4,1,1,0.3337,0.1893,0.5195
"EPFU","17706_NW",17706,"NW","Northern Region",51.97601,-120.10368,2020,TRUE,2,0,0.3327,0.2829,0.1552,0.4537
"EPFU","17706_NW",17706,"NW","Northern Region",51.97601,-120.10368,2021,FALSE,0,NA,NA,0.3753,0.2299,0.5373
"EPFU","17706_NW",17706,"NW","Northern Region",51.97601,-120.10368,2022,FALSE,0,NA,NA,0.3499,0.2116,0.507
"EPFU","17706_NW",17706,"NW","Northern Region",51.97601,-120.10368,2023,FALSE,0,NA,NA,0.389,0.2343,0.5581
"EPFU","17706_NW",17706,"NW","Northern Region",51.97601,-120.10368,2024,FALSE,0,NA,NA,0.4335,0.272,0.6013
"EPFU","17706_NW",17706,"NW","Northern Region",51.97601,-120.10368,2025,FALSE,0,NA,NA,0.5006,0.3237,0.6736
"EPFU","17706_SE",17706,"SE","Northern Region",51.9408,-120.01683,2017,FALSE,0,NA,NA,0.6328,0.346,0.8838
"EPFU","17706_SE",17706,"SE","Northern Region",51.9408,-120.01683,2018,FALSE,0,NA,NA,0.3962,0.2267,0.6023
"EPFU","17706_SE",17706,"SE","Northern Region",51.9408,-120.01683,2019,TRUE,4,1,1,0.266,0.137,0.4381
"EPFU","17706_SE",17706,"SE","Northern Region",51.9408,-120.01683,2020,TRUE,4,0,0.0782,0.2135,0.1063,0.3633
"EPFU","17706_SE",17706,"SE","Northern Region",51.9408,-120.01683,2021,FALSE,0,NA,NA,0.297,0.1723,0.4467
"EPFU","17706_SE",17706,"SE","Northern Region",51.9408,-120.01683,2022,FALSE,0,NA,NA,0.2667,0.1488,0.4052
"EPFU","17706_SE",17706,"SE","Northern Region",51.9408,-120.01683,2023,TRUE,4,0,0.0058,0.3004,0.1645,0.4574
"EPFU","17706_SE",17706,"SE","Northern Region",51.9408,-120.01683,2024,TRUE,2,0,0.0198,0.3393,0.1982,0.5024
"EPFU","17706_SE",17706,"SE","Northern Region",51.9408,-120.01683,2025,TRUE,4,0,0.0093,0.4056,0.2475,0.5798
"EPFU","17706_SW",17706,"SW","Northern Region",51.94316,-120.06784,2017,FALSE,0,NA,NA,0.5866,0.2843,0.8588
"EPFU","17706_SW",17706,"SW","Northern Region",51.94316,-120.06784,2018,FALSE,0,NA,NA,0.5128,0.3306,0.7049
"EPFU","17706_SW",17706,"SW","Northern Region",51.94316,-120.06784,2019,TRUE,4,1,1,0.4382,0.2901,0.6089
"EPFU","17706_SW",17706,"SW","Northern Region",51.94316,-120.06784,2020,TRUE,4,1,1,0.395,0.2551,0.5533
"EPFU","17706_SW",17706,"SW","Northern Region",51.94316,-120.06784,2021,FALSE,0,NA,NA,0.4857,0.3485,0.6301
"EPFU","17706_SW",17706,"SW","Northern Region",51.94316,-120.06784,2022,FALSE,0,NA,NA,0.4695,0.3291,0.6111
"EPFU","17706_SW",17706,"SW","Northern Region",51.94316,-120.06784,2023,TRUE,4,1,1,0.5106,0.3619,0.6606
"EPFU","17706_SW",17706,"SW","Northern Region",51.94316,-120.06784,2024,FALSE,0,NA,NA,0.5565,0.4071,0.7055
"EPFU","17706_SW",17706,"SW","Northern Region",51.94316,-120.06784,2025,TRUE,4,1,1,0.6206,0.4591,0.7626
"EPFU","186330_NE",186330,"NE","Northern Region",55.95727,-122.58949,2017,FALSE,0,NA,NA,0.6211,0.1962,0.943
"EPFU","186330_NE",186330,"NE","Northern Region",55.95727,-122.58949,2018,FALSE,0,NA,NA,0.4362,0.2387,0.6579
"EPFU","186330_NE",186330,"NE","Northern Region",55.95727,-122.58949,2019,FALSE,0,NA,NA,0.3303,0.1867,0.5088
"EPFU","186330_NE",186330,"NE","Northern Region",55.95727,-122.58949,2020,FALSE,0,NA,NA,0.2948,0.1615,0.4666
"EPFU","186330_NE",186330,"NE","Northern Region",55.95727,-122.58949,2021,FALSE,0,NA,NA,0.4211,0.2672,0.5942
"EPFU","186330_NE",186330,"NE","Northern Region",55.95727,-122.58949,2022,FALSE,0,NA,NA,0.3863,0.2397,0.5497
"EPFU","186330_NE",186330,"NE","Northern Region",55.95727,-122.58949,2023,FALSE,0,NA,NA,0.4359,0.276,0.6077
"EPFU","186330_NE",186330,"NE","Northern Region",55.95727,-122.58949,2024,TRUE,4,1,1,0.4869,0.3267,0.6603
"EPFU","186330_NE",186330,"NE","Northern Region",55.95727,-122.58949,2025,TRUE,4,0,0.0549,0.5541,0.3817,0.7191
"EPFU","186330_NW",186330,"NW","Northern Region",55.94606,-122.65922,2017,FALSE,0,NA,NA,0.6707,0.3243,0.9342
"EPFU","186330_NW",186330,"NW","Northern Region",55.94606,-122.65922,2018,FALSE,0,NA,NA,0.4914,0.3162,0.6789
"EPFU","186330_NW",186330,"NW","Northern Region",55.94606,-122.65922,2019,FALSE,0,NA,NA,0.3737,0.2393,0.529
"EPFU","186330_NW",186330,"NW","Northern Region",55.94606,-122.65922,2020,FALSE,0,NA,NA,0.3232,0.1991,0.4691
"EPFU","186330_NW",186330,"NW","Northern Region",55.94606,-122.65922,2021,FALSE,0,NA,NA,0.4394,0.309,0.5775
"EPFU","186330_NW",186330,"NW","Northern Region",55.94606,-122.65922,2022,FALSE,0,NA,NA,0.4113,0.2846,0.5468
"EPFU","186330_NW",186330,"NW","Northern Region",55.94606,-122.65922,2023,FALSE,0,NA,NA,0.4591,0.3187,0.6013
"EPFU","186330_NW",186330,"NW","Northern Region",55.94606,-122.65922,2024,TRUE,3,0,0.0207,0.51,0.3723,0.6468
"EPFU","186330_NW",186330,"NW","Northern Region",55.94606,-122.65922,2025,TRUE,4,0,0.008,0.5788,0.4396,0.7131
"EPFU","186490_NW",186490,"NW","Northern Region",54.754,-127.12678,2017,TRUE,4,0,0.3787,0.6884,0.3374,0.936
"EPFU","186490_NW",186490,"NW","Northern Region",54.754,-127.12678,2018,TRUE,4,1,1,0.6395,0.4246,0.822
"EPFU","186490_NW",186490,"NW","Northern Region",54.754,-127.12678,2019,TRUE,4,1,1,0.5818,0.4004,0.7568
"EPFU","186490_NW",186490,"NW","Northern Region",54.754,-127.12678,2020,TRUE,4,1,1,0.5462,0.3685,0.7213
"EPFU","186490_NW",186490,"NW","Northern Region",54.754,-127.12678,2021,TRUE,4,1,1,0.637,0.4711,0.7895
"EPFU","186490_NW",186490,"NW","Northern Region",54.754,-127.12678,2022,TRUE,4,0,0.3562,0.629,0.4534,0.7879
"EPFU","186490_NW",186490,"NW","Northern Region",54.754,-127.12678,2023,FALSE,0,NA,NA,0.6691,0.4894,0.8252
"EPFU","186490_NW",186490,"NW","Northern Region",54.754,-127.12678,2024,TRUE,3,1,1,0.7106,0.5342,0.8587
"EPFU","186490_NW",186490,"NW","Northern Region",54.754,-127.12678,2025,TRUE,4,1,1,0.7611,0.5942,0.8886
"EPFU","186490_SE",186490,"SE","Northern Region",54.72257,-126.99742,2017,TRUE,4,0,0.0311,0.6155,0.3224,0.8759
"EPFU","186490_SE",186490,"SE","Northern Region",54.72257,-126.99742,2018,TRUE,4,0,0.0069,0.5301,0.3582,0.7056
"EPFU","186490_SE",186490,"SE","Northern Region",54.72257,-126.99742,2019,TRUE,4,0,0.0067,0.4503,0.3076,0.6067
"EPFU","186490_SE",186490,"SE","Northern Region",54.72257,-126.99742,2020,TRUE,4,0,0.0033,0.4085,0.2721,0.5644
"EPFU","186490_SE",186490,"SE","Northern Region",54.72257,-126.99742,2021,TRUE,4,0,9e-04,0.5195,0.3843,0.656
"EPFU","186490_SE",186490,"SE","Northern Region",54.72257,-126.99742,2022,TRUE,4,0,0.0049,0.5038,0.3696,0.642
"EPFU","186490_SE",186490,"SE","Northern Region",54.72257,-126.99742,2023,FALSE,0,NA,NA,0.5511,0.4082,0.6899
"EPFU","186490_SE",186490,"SE","Northern Region",54.72257,-126.99742,2024,FALSE,0,NA,NA,0.6009,0.4618,0.7377
"EPFU","186490_SE",186490,"SE","Northern Region",54.72257,-126.99742,2025,FALSE,0,NA,NA,0.6639,0.5183,0.791
"EPFU","186490_SW",186490,"SW","Northern Region",54.72278,-127.05397,2017,TRUE,4,1,1,0.713,0.407,0.9443
"EPFU","186490_SW",186490,"SW","Northern Region",54.72278,-127.05397,2018,TRUE,4,1,1,0.6409,0.4572,0.8143
"EPFU","186490_SW",186490,"SW","Northern Region",54.72278,-127.05397,2019,TRUE,4,1,1,0.5706,0.3976,0.7404
"EPFU","186490_SW",186490,"SW","Northern Region",54.72278,-127.05397,2020,TRUE,4,1,1,0.5314,0.354,0.704
"EPFU","186490_SW",186490,"SW","Northern Region",54.72278,-127.05397,2021,TRUE,4,0,0.0138,0.6362,0.4785,0.7824
"EPFU","186490_SW",186490,"SW","Northern Region",54.72278,-127.05397,2022,TRUE,4,0,0.0169,0.6231,0.4542,0.7764
"EPFU","186490_SW",186490,"SW","Northern Region",54.72278,-127.05397,2023,TRUE,4,1,1,0.6677,0.4933,0.8181
"EPFU","186490_SW",186490,"SW","Northern Region",54.72278,-127.05397,2024,TRUE,4,0,0.4458,0.7121,0.5494,0.8535
"EPFU","186490_SW",186490,"SW","Northern Region",54.72278,-127.05397,2025,TRUE,4,1,1,0.7621,0.6088,0.8828
"EPFU","194666_NE",194666,"NE","Okanagan Region",50.23014,-119.32344,2017,TRUE,4,1,1,0.9005,0.7375,0.9884
"EPFU","194666_NE",194666,"NE","Okanagan Region",50.23014,-119.32344,2018,FALSE,0,NA,NA,0.8895,0.7846,0.9584
"EPFU","194666_NE",194666,"NE","Okanagan Region",50.23014,-119.32344,2019,TRUE,4,1,1,0.8723,0.7666,0.9461
"EPFU","194666_NE",194666,"NE","Okanagan Region",50.23014,-119.32344,2020,TRUE,4,0,0.6478,0.8617,0.7429,0.9453
"EPFU","194666_NE",194666,"NE","Okanagan Region",50.23014,-119.32344,2021,TRUE,4,1,1,0.9161,0.8332,0.9691
"EPFU","194666_NE",194666,"NE","Okanagan Region",50.23014,-119.32344,2022,FALSE,0,NA,NA,0.9133,0.826,0.9697
"EPFU","194666_NE",194666,"NE","Okanagan Region",50.23014,-119.32344,2023,TRUE,3,1,1,0.9333,0.8569,0.979
"EPFU","194666_NE",194666,"NE","Okanagan Region",50.23014,-119.32344,2024,TRUE,3,1,1,0.9467,0.8784,0.9854
"EPFU","194666_NE",194666,"NE","Okanagan Region",50.23014,-119.32344,2025,FALSE,0,NA,NA,0.9544,0.8968,0.9866
"EPFU","194666_SW",194666,"SW","Okanagan Region",50.16915,-119.41081,2017,TRUE,4,1,1,0.8059,0.5098,0.9796
"EPFU","194666_SW",194666,"SW","Okanagan Region",50.16915,-119.41081,2018,FALSE,0,NA,NA,0.813,0.6031,0.9318
"EPFU","194666_SW",194666,"SW","Okanagan Region",50.16915,-119.41081,2019,TRUE,4,1,1,0.8041,0.6467,0.9106
"EPFU","194666_SW",194666,"SW","Okanagan Region",50.16915,-119.41081,2020,TRUE,4,0,0.4809,0.8004,0.6571,0.9096
"EPFU","194666_SW",194666,"SW","Okanagan Region",50.16915,-119.41081,2021,TRUE,3,1,1,0.8733,0.7614,0.9481
"EPFU","194666_SW",194666,"SW","Okanagan Region",50.16915,-119.41081,2022,TRUE,2,1,1,0.8753,0.7659,0.949
"EPFU","194666_SW",194666,"SW","Okanagan Region",50.16915,-119.41081,2023,FALSE,0,NA,NA,0.8978,0.8025,0.9612
"EPFU","194666_SW",194666,"SW","Okanagan Region",50.16915,-119.41081,2024,FALSE,0,NA,NA,0.9159,0.8277,0.9714
"EPFU","194666_SW",194666,"SW","Okanagan Region",50.16915,-119.41081,2025,TRUE,4,1,1,0.9291,0.8485,0.977
"EPFU","20330_NE",20330,"NE","Kootenay Region",49.42454,-117.72865,2017,TRUE,4,1,1,0.7217,0.4945,0.8947
"EPFU","20330_NE",20330,"NE","Kootenay Region",49.42454,-117.72865,2018,FALSE,0,NA,NA,0.7567,0.5998,0.8778
"EPFU","20330_NE",20330,"NE","Kootenay Region",49.42454,-117.72865,2019,TRUE,4,0,0.4111,0.7615,0.6229,0.8714
"EPFU","20330_NE",20330,"NE","Kootenay Region",49.42454,-117.72865,2020,TRUE,4,0,0.1887,0.7662,0.6274,0.8758
"EPFU","20330_NE",20330,"NE","Kootenay Region",49.42454,-117.72865,2021,FALSE,0,NA,NA,0.8417,0.7296,0.9232
"EPFU","20330_NE",20330,"NE","Kootenay Region",49.42454,-117.72865,2022,TRUE,3,0,0.3164,0.8493,0.7434,0.9311
"EPFU","20330_NE",20330,"NE","Kootenay Region",49.42454,-117.72865,2023,TRUE,4,1,1,0.878,0.7784,0.9487
"EPFU","20330_NE",20330,"NE","Kootenay Region",49.42454,-117.72865,2024,TRUE,4,1,1,0.9022,0.8145,0.9638
"EPFU","20330_NE",20330,"NE","Kootenay Region",49.42454,-117.72865,2025,TRUE,4,1,1,0.9235,0.8469,0.974
"EPFU","20330_SE",20330,"SE","Kootenay Region",49.3813,-117.67793,2017,TRUE,4,1,1,0.7956,0.5263,0.9529
"EPFU","20330_SE",20330,"SE","Kootenay Region",49.3813,-117.67793,2018,TRUE,4,1,1,0.7994,0.6079,0.9206
"EPFU","20330_SE",20330,"SE","Kootenay Region",49.3813,-117.67793,2019,TRUE,4,0,0.7944,0.7848,0.6228,0.9006
"EPFU","20330_SE",20330,"SE","Kootenay Region",49.3813,-117.67793,2020,TRUE,4,1,1,0.7742,0.6175,0.8912
"EPFU","20330_SE",20330,"SE","Kootenay Region",49.3813,-117.67793,2021,FALSE,0,NA,NA,0.8328,0.7044,0.9236
"EPFU","20330_SE",20330,"SE","Kootenay Region",49.3813,-117.67793,2022,TRUE,3,1,1,0.8356,0.7108,0.9259
"EPFU","20330_SE",20330,"SE","Kootenay Region",49.3813,-117.67793,2023,TRUE,4,1,1,0.8608,0.7427,0.9427
"EPFU","20330_SE",20330,"SE","Kootenay Region",49.3813,-117.67793,2024,TRUE,4,1,1,0.884,0.7736,0.9579
"EPFU","20330_SE",20330,"SE","Kootenay Region",49.3813,-117.67793,2025,TRUE,4,1,1,0.9078,0.8112,0.9689
"EPFU","206394_NE",206394,"NE","Northern Region",53.63655,-132.05056,2017,FALSE,0,NA,NA,0.8396,0.4559,0.9933
"EPFU","206394_NE",206394,"NE","Northern Region",53.63655,-132.05056,2018,FALSE,0,NA,NA,0.5449,0.3265,0.7559
"EPFU","206394_NE",206394,"NE","Northern Region",53.63655,-132.05056,2019,FALSE,0,NA,NA,0.3699,0.19,0.5753
"EPFU","206394_NE",206394,"NE","Northern Region",53.63655,-132.05056,2020,FALSE,0,NA,NA,0.2874,0.1424,0.4695
"EPFU","206394_NE",206394,"NE","Northern Region",53.63655,-132.05056,2021,FALSE,0,NA,NA,0.3641,0.2068,0.5465
"EPFU","206394_NE",206394,"NE","Northern Region",53.63655,-132.05056,2022,TRUE,4,0,0.0031,0.3328,0.1765,0.5099
"EPFU","206394_NE",206394,"NE","Northern Region",53.63655,-132.05056,2023,TRUE,4,0,2e-04,0.3669,0.1906,0.5623
"EPFU","206394_NE",206394,"NE","Northern Region",53.63655,-132.05056,2024,TRUE,2,0,0.0127,0.4073,0.2214,0.6054
"EPFU","206394_NE",206394,"NE","Northern Region",53.63655,-132.05056,2025,TRUE,4,0,0.0096,0.4723,0.2793,0.6687
"EPFU","206394_NW",206394,"NW","Northern Region",53.6372,-132.16251,2017,FALSE,0,NA,NA,0.786,0.313,0.9877
"EPFU","206394_NW",206394,"NW","Northern Region",53.6372,-132.16251,2018,FALSE,0,NA,NA,0.456,0.1882,0.7556
"EPFU","206394_NW",206394,"NW","Northern Region",53.6372,-132.16251,2019,FALSE,0,NA,NA,0.3041,0.105,0.5909
"EPFU","206394_NW",206394,"NW","Northern Region",53.6372,-132.16251,2020,FALSE,0,NA,NA,0.241,0.0812,0.492
"EPFU","206394_NW",206394,"NW","Northern Region",53.6372,-132.16251,2021,FALSE,0,NA,NA,0.3156,0.1415,0.5437
"EPFU","206394_NW",206394,"NW","Northern Region",53.6372,-132.16251,2022,TRUE,4,0,0.0036,0.282,0.1089,0.5262
"EPFU","206394_NW",206394,"NW","Northern Region",53.6372,-132.16251,2023,TRUE,4,0,9e-04,0.3131,0.1232,0.5571
"EPFU","206394_NW",206394,"NW","Northern Region",53.6372,-132.16251,2024,TRUE,4,0,0.0113,0.3484,0.1509,0.5961
"EPFU","206394_NW",206394,"NW","Northern Region",53.6372,-132.16251,2025,TRUE,4,1,1,0.4119,0.2008,0.6489
"EPFU","206394_SE",206394,"SE","Northern Region",53.60877,-131.99988,2017,FALSE,0,NA,NA,0.8491,0.449,0.9955
"EPFU","206394_SE",206394,"SE","Northern Region",53.60877,-131.99988,2018,FALSE,0,NA,NA,0.6157,0.3967,0.8078
"EPFU","206394_SE",206394,"SE","Northern Region",53.60877,-131.99988,2019,FALSE,0,NA,NA,0.4644,0.2707,0.6654
"EPFU","206394_SE",206394,"SE","Northern Region",53.60877,-131.99988,2020,FALSE,0,NA,NA,0.389,0.2135,0.5844
"EPFU","206394_SE",206394,"SE","Northern Region",53.60877,-131.99988,2021,FALSE,0,NA,NA,0.4855,0.3081,0.6656
"EPFU","206394_SE",206394,"SE","Northern Region",53.60877,-131.99988,2022,TRUE,4,0,0.004,0.4567,0.2728,0.6464
"EPFU","206394_SE",206394,"SE","Northern Region",53.60877,-131.99988,2023,TRUE,4,0,4e-04,0.4994,0.288,0.6955
"EPFU","206394_SE",206394,"SE","Northern Region",53.60877,-131.99988,2024,TRUE,4,0,0.0029,0.546,0.3387,0.7423
"EPFU","206394_SE",206394,"SE","Northern Region",53.60877,-131.99988,2025,TRUE,4,0,0.0111,0.6096,0.4169,0.7872
"EPFU","206394_SW",206394,"SW","Northern Region",53.57324,-132.11579,2017,FALSE,0,NA,NA,0.7923,0.3564,0.9862
"EPFU","206394_SW",206394,"SW","Northern Region",53.57324,-132.11579,2018,FALSE,0,NA,NA,0.5335,0.2978,0.7578
"EPFU","206394_SW",206394,"SW","Northern Region",53.57324,-132.11579,2019,FALSE,0,NA,NA,0.3727,0.1893,0.5785
"EPFU","206394_SW",206394,"SW","Northern Region",53.57324,-132.11579,2020,FALSE,0,NA,NA,0.2913,0.1384,0.4832
"EPFU","206394_SW",206394,"SW","Northern Region",53.57324,-132.11579,2021,FALSE,0,NA,NA,0.3589,0.2069,0.5345
"EPFU","206394_SW",206394,"SW","Northern Region",53.57324,-132.11579,2022,TRUE,4,0,0.0029,0.3308,0.1722,0.5138
"EPFU","206394_SW",206394,"SW","Northern Region",53.57324,-132.11579,2023,TRUE,4,0,2e-04,0.3618,0.1877,0.5539
"EPFU","206394_SW",206394,"SW","Northern Region",53.57324,-132.11579,2024,TRUE,4,0,0.0129,0.3995,0.2164,0.5915
"EPFU","206394_SW",206394,"SW","Northern Region",53.57324,-132.11579,2025,TRUE,4,1,1,0.4637,0.2794,0.6508
"EPFU","20730_NE",20730,"NE","Northern Region",56.79525,-124.90059,2017,FALSE,0,NA,NA,0.7188,0.2105,0.9831
"EPFU","20730_NE",20730,"NE","Northern Region",56.79525,-124.90059,2018,FALSE,0,NA,NA,0.5311,0.2964,0.7625
"EPFU","20730_NE",20730,"NE","Northern Region",56.79525,-124.90059,2019,FALSE,0,NA,NA,0.4207,0.2412,0.6293
"EPFU","20730_NE",20730,"NE","Northern Region",56.79525,-124.90059,2020,FALSE,0,NA,NA,0.3802,0.2129,0.5745
"EPFU","20730_NE",20730,"NE","Northern Region",56.79525,-124.90059,2021,FALSE,0,NA,NA,0.5128,0.331,0.6967
"EPFU","20730_NE",20730,"NE","Northern Region",56.79525,-124.90059,2022,TRUE,3,0,0.012,0.4781,0.3031,0.6617
"EPFU","20730_NE",20730,"NE","Northern Region",56.79525,-124.90059,2023,FALSE,0,NA,NA,0.5317,0.3375,0.721
"EPFU","20730_NE",20730,"NE","Northern Region",56.79525,-124.90059,2024,TRUE,4,0,0.0207,0.5834,0.3956,0.7637
"EPFU","20730_NE",20730,"NE","Northern Region",56.79525,-124.90059,2025,TRUE,4,1,1,0.6421,0.4638,0.8048
"EPFU","20730_NW",20730,"NW","Northern Region",56.79948,-124.97614,2017,FALSE,0,NA,NA,0.6701,0.2609,0.9545
"EPFU","20730_NW",20730,"NW","Northern Region",56.79948,-124.97614,2018,FALSE,0,NA,NA,0.39,0.2086,0.6163
"EPFU","20730_NW",20730,"NW","Northern Region",56.79948,-124.97614,2019,FALSE,0,NA,NA,0.2678,0.1339,0.4379
"EPFU","20730_NW",20730,"NW","Northern Region",56.79948,-124.97614,2020,FALSE,0,NA,NA,0.2332,0.1152,0.3888
"EPFU","20730_NW",20730,"NW","Northern Region",56.79948,-124.97614,2021,FALSE,0,NA,NA,0.3516,0.203,0.526
"EPFU","20730_NW",20730,"NW","Northern Region",56.79948,-124.97614,2022,TRUE,3,0,0.0056,0.3074,0.1755,0.4687
"EPFU","20730_NW",20730,"NW","Northern Region",56.79948,-124.97614,2023,FALSE,0,NA,NA,0.3526,0.198,0.5297
"EPFU","20730_NW",20730,"NW","Northern Region",56.79948,-124.97614,2024,TRUE,4,0,0.0138,0.3988,0.2407,0.5804
"EPFU","20730_NW",20730,"NW","Northern Region",56.79948,-124.97614,2025,TRUE,4,1,1,0.4686,0.3009,0.6425
"EPFU","20730_SE",20730,"SE","Northern Region",56.78457,-124.88544,2017,FALSE,0,NA,NA,0.6572,0.3649,0.9066
"EPFU","20730_SE",20730,"SE","Northern Region",56.78457,-124.88544,2018,FALSE,0,NA,NA,0.5483,0.3799,0.7197
"EPFU","20730_SE",20730,"SE","Northern Region",56.78457,-124.88544,2019,FALSE,0,NA,NA,0.4556,0.3123,0.6064
"EPFU","20730_SE",20730,"SE","Northern Region",56.78457,-124.88544,2020,FALSE,0,NA,NA,0.4065,0.274,0.5522
"EPFU","20730_SE",20730,"SE","Northern Region",56.78457,-124.88544,2021,FALSE,0,NA,NA,0.5149,0.3853,0.6434
"EPFU","20730_SE",20730,"SE","Northern Region",56.78457,-124.88544,2022,TRUE,3,0,0.0084,0.497,0.3678,0.631
"EPFU","20730_SE",20730,"SE","Northern Region",56.78457,-124.88544,2023,FALSE,0,NA,NA,0.5437,0.4007,0.6785
"EPFU","20730_SE",20730,"SE","Northern Region",56.78457,-124.88544,2024,TRUE,3,0,0.0087,0.5933,0.4568,0.7236
"EPFU","20730_SE",20730,"SE","Northern Region",56.78457,-124.88544,2025,TRUE,4,0,0.0116,0.6572,0.5189,0.7776
"EPFU","20730_SW",20730,"SW","Northern Region",56.76456,-124.98588,2017,FALSE,0,NA,NA,0.6523,0.3604,0.9026
"EPFU","20730_SW",20730,"SW","Northern Region",56.76456,-124.98588,2018,FALSE,0,NA,NA,0.5379,0.3698,0.7096
"EPFU","20730_SW",20730,"SW","Northern Region",56.76456,-124.98588,2019,FALSE,0,NA,NA,0.4415,0.3042,0.5928
"EPFU","20730_SW",20730,"SW","Northern Region",56.76456,-124.98588,2020,FALSE,0,NA,NA,0.3903,0.2628,0.5356
"EPFU","20730_SW",20730,"SW","Northern Region",56.76456,-124.98588,2021,FALSE,0,NA,NA,0.4959,0.369,0.6253
"EPFU","20730_SW",20730,"SW","Northern Region",56.76456,-124.98588,2022,TRUE,3,0,0.0169,0.4775,0.3528,0.6074
"EPFU","20730_SW",20730,"SW","Northern Region",56.76456,-124.98588,2023,FALSE,0,NA,NA,0.5233,0.3847,0.6569
"EPFU","20730_SW",20730,"SW","Northern Region",56.76456,-124.98588,2024,FALSE,0,NA,NA,0.5727,0.4387,0.7014
"EPFU","20730_SW",20730,"SW","Northern Region",56.76456,-124.98588,2025,TRUE,4,0,0.0193,0.638,0.4979,0.7618
"EPFU","212266_NE",212266,"NE","Okanagan Region",50.751409,-120.480005,2017,TRUE,4,1,1,0.8752,0.6358,0.989
"EPFU","212266_NE",212266,"NE","Okanagan Region",50.751409,-120.480005,2018,TRUE,4,1,1,0.8915,0.7564,0.9664
"EPFU","212266_NE",212266,"NE","Okanagan Region",50.751409,-120.480005,2019,TRUE,4,1,1,0.8892,0.7736,0.9622
"EPFU","212266_NE",212266,"NE","Okanagan Region",50.751409,-120.480005,2020,TRUE,4,0,0.6227,0.8872,0.7598,0.9644
"EPFU","212266_NE",212266,"NE","Okanagan Region",50.751409,-120.480005,2021,TRUE,4,1,1,0.9384,0.8634,0.9823
"EPFU","212266_NE",212266,"NE","Okanagan Region",50.751409,-120.480005,2022,TRUE,4,1,1,0.9348,0.8487,0.9832
"EPFU","212266_NE",212266,"NE","Okanagan Region",50.751409,-120.480005,2023,TRUE,4,1,1,0.9522,0.8823,0.9891
"EPFU","212266_NE",212266,"NE","Okanagan Region",50.751409,-120.480005,2024,TRUE,3,1,1,0.9621,0.9026,0.9926
"EPFU","212266_NE",212266,"NE","Okanagan Region",50.751409,-120.480005,2025,TRUE,4,1,1,0.9655,0.9106,0.9929
"EPFU","212266_NW",212266,"NW","Okanagan Region",50.777508,-120.5598176,2017,TRUE,4,1,1,0.7398,0.3701,0.9753
"EPFU","212266_NW",212266,"NW","Okanagan Region",50.777508,-120.5598176,2018,TRUE,4,1,1,0.7681,0.5157,0.916
"EPFU","212266_NW",212266,"NW","Okanagan Region",50.777508,-120.5598176,2019,TRUE,4,1,1,0.7711,0.5977,0.8946
"EPFU","212266_NW",212266,"NW","Okanagan Region",50.777508,-120.5598176,2020,TRUE,3,0,0.4104,0.7763,0.625,0.8965
"EPFU","212266_NW",212266,"NW","Okanagan Region",50.777508,-120.5598176,2021,TRUE,3,0,0.4831,0.8662,0.7518,0.9458
"EPFU","212266_NW",212266,"NW","Okanagan Region",50.777508,-120.5598176,2022,FALSE,0,NA,NA,0.8668,0.7513,0.9469
"EPFU","212266_NW",212266,"NW","Okanagan Region",50.777508,-120.5598176,2023,TRUE,4,1,1,0.8978,0.7976,0.9631
"EPFU","212266_NW",212266,"NW","Okanagan Region",50.777508,-120.5598176,2024,TRUE,3,1,1,0.9189,0.829,0.9743
"EPFU","212266_NW",212266,"NW","Okanagan Region",50.777508,-120.5598176,2025,TRUE,3,1,1,0.9313,0.8492,0.9796
"EPFU","212266_SE",212266,"SE","Okanagan Region",50.714878,-120.492405,2017,FALSE,0,NA,NA,0.9233,0.7735,0.9916
"EPFU","212266_SE",212266,"SE","Okanagan Region",50.714878,-120.492405,2018,TRUE,4,1,1,0.8672,0.7486,0.9466
"EPFU","212266_SE",212266,"SE","Okanagan Region",50.714878,-120.492405,2019,TRUE,3,1,1,0.8174,0.6711,0.921
"EPFU","212266_SE",212266,"SE","Okanagan Region",50.714878,-120.492405,2020,TRUE,4,0,0.0884,0.7852,0.6197,0.909
"EPFU","212266_SE",212266,"SE","Okanagan Region",50.714878,-120.492405,2021,TRUE,4,0,0.038,0.8498,0.7254,0.9376
"EPFU","212266_SE",212266,"SE","Okanagan Region",50.714878,-120.492405,2022,TRUE,4,0,0.0449,0.8447,0.718,0.9353
"EPFU","212266_SE",212266,"SE","Okanagan Region",50.714878,-120.492405,2023,TRUE,4,1,1,0.8717,0.7554,0.9504
"EPFU","212266_SE",212266,"SE","Okanagan Region",50.714878,-120.492405,2024,TRUE,3,1,1,0.8935,0.7824,0.9644
"EPFU","212266_SE",212266,"SE","Okanagan Region",50.714878,-120.492405,2025,TRUE,4,1,1,0.9109,0.8132,0.9705
"EPFU","212266_SW",212266,"SW","Okanagan Region",50.732357,-120.521811,2017,FALSE,0,NA,NA,0.9214,0.7732,0.9912
"EPFU","212266_SW",212266,"SW","Okanagan Region",50.732357,-120.521811,2018,TRUE,4,1,1,0.8612,0.7401,0.943
"EPFU","212266_SW",212266,"SW","Okanagan Region",50.732357,-120.521811,2019,TRUE,4,1,1,0.8089,0.6595,0.9155
"EPFU","212266_SW",212266,"SW","Okanagan Region",50.732357,-120.521811,2020,TRUE,3,0,0.6744,0.7755,0.6076,0.9031
"EPFU","212266_SW",212266,"SW","Okanagan Region",50.732357,-120.521811,2021,TRUE,2,1,1,0.8433,0.7188,0.9332
"EPFU","212266_SW",212266,"SW","Okanagan Region",50.732357,-120.521811,2022,TRUE,4,1,1,0.8378,0.7098,0.9308
"EPFU","212266_SW",212266,"SW","Okanagan Region",50.732357,-120.521811,2023,TRUE,3,1,1,0.8661,0.7511,0.9469
"EPFU","212266_SW",212266,"SW","Okanagan Region",50.732357,-120.521811,2024,TRUE,4,1,1,0.889,0.7782,0.9618
"EPFU","212266_SW",212266,"SW","Okanagan Region",50.732357,-120.521811,2025,TRUE,4,1,1,0.9071,0.8091,0.9686
"EPFU","212906_NW",212906,"NW","South Coastal Region",49.36971,-124.79984,2017,FALSE,0,NA,NA,0.7309,0.4849,0.9204
"EPFU","212906_NW",212906,"NW","South Coastal Region",49.36971,-124.79984,2018,TRUE,3,0,0.1082,0.6047,0.4155,0.7729
"EPFU","212906_NW",212906,"NW","South Coastal Region",49.36971,-124.79984,2019,TRUE,4,0,0.0398,0.5363,0.3368,0.7251
"EPFU","212906_NW",212906,"NW","South Coastal Region",49.36971,-124.79984,2020,TRUE,4,0,0.0313,0.5184,0.3358,0.7069
"EPFU","212906_NW",212906,"NW","South Coastal Region",49.36971,-124.79984,2021,FALSE,0,NA,NA,0.6736,0.5026,0.8183
"EPFU","212906_NW",212906,"NW","South Coastal Region",49.36971,-124.79984,2022,TRUE,4,0,0.0118,0.6364,0.4492,0.7988
"EPFU","212906_NW",212906,"NW","South Coastal Region",49.36971,-124.79984,2023,TRUE,4,0,0.0116,0.697,0.5164,0.8515
"EPFU","212906_NW",212906,"NW","South Coastal Region",49.36971,-124.79984,2024,TRUE,3,0,0.1078,0.7412,0.564,0.8825
"EPFU","212906_NW",212906,"NW","South Coastal Region",49.36971,-124.79984,2025,TRUE,4,1,1,0.7727,0.612,0.899
"EPFU","212906_SE",212906,"SE","South Coastal Region",49.35175,-124.74136,2017,FALSE,0,NA,NA,0.7732,0.5055,0.9488
"EPFU","212906_SE",212906,"SE","South Coastal Region",49.35175,-124.74136,2018,TRUE,3,1,1,0.7655,0.6068,0.8926
"EPFU","212906_SE",212906,"SE","South Coastal Region",49.35175,-124.74136,2019,TRUE,4,1,1,0.7425,0.565,0.8818
"EPFU","212906_SE",212906,"SE","South Coastal Region",49.35175,-124.74136,2020,TRUE,4,1,1,0.7355,0.5472,0.8841
"EPFU","212906_SE",212906,"SE","South Coastal Region",49.35175,-124.74136,2021,FALSE,0,NA,NA,0.8442,0.7152,0.9352
"EPFU","212906_SE",212906,"SE","South Coastal Region",49.35175,-124.74136,2022,TRUE,4,0,0.3422,0.8274,0.666,0.9357
"EPFU","212906_SE",212906,"SE","South Coastal Region",49.35175,-124.74136,2023,TRUE,4,1,1,0.8674,0.7311,0.9567
"EPFU","212906_SE",212906,"SE","South Coastal Region",49.35175,-124.74136,2024,TRUE,4,0,0.5213,0.892,0.7659,0.9693
"EPFU","212906_SE",212906,"SE","South Coastal Region",49.35175,-124.74136,2025,TRUE,4,1,1,0.9018,0.7882,0.9718
"EPFU","212906_SW",212906,"SW","South Coastal Region",49.33595,-124.7423,2017,FALSE,0,NA,NA,0.7502,0.5309,0.9317
"EPFU","212906_SW",212906,"SW","South Coastal Region",49.33595,-124.7423,2018,TRUE,3,0,0.1096,0.7535,0.6118,0.8695
"EPFU","212906_SW",212906,"SW","South Coastal Region",49.33595,-124.7423,2019,TRUE,4,0,0.1409,0.7337,0.5732,0.8588
"EPFU","212906_SW",212906,"SW","South Coastal Region",49.33595,-124.7423,2020,TRUE,4,1,1,0.7275,0.5587,0.8654
"EPFU","212906_SW",212906,"SW","South Coastal Region",49.33595,-124.7423,2021,FALSE,0,NA,NA,0.8344,0.712,0.9233
"EPFU","212906_SW",212906,"SW","South Coastal Region",49.33595,-124.7423,2022,FALSE,0,NA,NA,0.8237,0.6809,0.9244
"EPFU","212906_SW",212906,"SW","South Coastal Region",49.33595,-124.7423,2023,TRUE,4,0,0.2129,0.8621,0.7342,0.9469
"EPFU","212906_SW",212906,"SW","South Coastal Region",49.33595,-124.7423,2024,TRUE,3,1,1,0.8883,0.7701,0.9621
"EPFU","212906_SW",212906,"SW","South Coastal Region",49.33595,-124.7423,2025,TRUE,4,1,1,0.9025,0.7996,0.9671
"EPFU","216746_NW",216746,"NW","South Coastal Region",49.10675,-125.78544,2017,FALSE,0,NA,NA,0.8287,0.4314,0.9905
"EPFU","216746_NW",216746,"NW","South Coastal Region",49.10675,-125.78544,2018,TRUE,4,0,0.1631,0.7147,0.5007,0.882
"EPFU","216746_NW",216746,"NW","South Coastal Region",49.10675,-125.78544,2019,FALSE,0,NA,NA,0.6537,0.4494,0.8359
"EPFU","216746_NW",216746,"NW","South Coastal Region",49.10675,-125.78544,2020,FALSE,0,NA,NA,0.6357,0.4361,0.8205
"EPFU","216746_NW",216746,"NW","South Coastal Region",49.10675,-125.78544,2021,TRUE,4,0,0.0949,0.7715,0.6105,0.8973
"EPFU","216746_NW",216746,"NW","South Coastal Region",49.10675,-125.78544,2022,TRUE,3,0,0.0751,0.7398,0.5537,0.8862
"EPFU","216746_NW",216746,"NW","South Coastal Region",49.10675,-125.78544,2023,FALSE,0,NA,NA,0.7934,0.6231,0.9195
"EPFU","216746_NW",216746,"NW","South Coastal Region",49.10675,-125.78544,2024,TRUE,3,0,0.1496,0.8272,0.6654,0.9414
"EPFU","216746_NW",216746,"NW","South Coastal Region",49.10675,-125.78544,2025,TRUE,4,0,0.0931,0.8401,0.6951,0.945
"EPFU","216746_SE",216746,"SE","South Coastal Region",49.07768,-125.74644,2017,TRUE,4,0,0.1896,0.7075,0.3583,0.9589
"EPFU","216746_SE",216746,"SE","South Coastal Region",49.07768,-125.74644,2018,FALSE,0,NA,NA,0.5571,0.3367,0.7629
"EPFU","216746_SE",216746,"SE","South Coastal Region",49.07768,-125.74644,2019,TRUE,4,0,0.0438,0.4581,0.2601,0.6701
"EPFU","216746_SE",216746,"SE","South Coastal Region",49.07768,-125.74644,2020,TRUE,3,0,0.0209,0.4152,0.2335,0.6211
"EPFU","216746_SE",216746,"SE","South Coastal Region",49.07768,-125.74644,2021,TRUE,4,0,0.02,0.5332,0.3515,0.715
"EPFU","216746_SE",216746,"SE","South Coastal Region",49.07768,-125.74644,2022,TRUE,3,0,0.0104,0.5114,0.3204,0.6996
"EPFU","216746_SE",216746,"SE","South Coastal Region",49.07768,-125.74644,2023,TRUE,3,0,0.0078,0.5598,0.3605,0.7456
"EPFU","216746_SE",216746,"SE","South Coastal Region",49.07768,-125.74644,2024,TRUE,3,0,0.0222,0.6071,0.4037,0.7926
"EPFU","216746_SE",216746,"SE","South Coastal Region",49.07768,-125.74644,2025,TRUE,4,0,0.0298,0.6627,0.4493,0.8357
"EPFU","218282_SE",218282,"SE","Kootenay Region",50.13833,-117.55672,2017,FALSE,0,NA,NA,0.7807,0.5534,0.9334
"EPFU","218282_SE",218282,"SE","Kootenay Region",50.13833,-117.55672,2018,FALSE,0,NA,NA,0.702,0.4911,0.8579
"EPFU","218282_SE",218282,"SE","Kootenay Region",50.13833,-117.55672,2019,FALSE,0,NA,NA,0.6345,0.4082,0.8225
"EPFU","218282_SE",218282,"SE","Kootenay Region",50.13833,-117.55672,2020,TRUE,4,0,0.0149,0.5946,0.358,0.8059
"EPFU","218282_SE",218282,"SE","Kootenay Region",50.13833,-117.55672,2021,TRUE,4,0,0.0047,0.6875,0.4653,0.8601
"EPFU","218282_SE",218282,"SE","Kootenay Region",50.13833,-117.55672,2022,TRUE,4,0,0.0084,0.6767,0.4516,0.8597
"EPFU","218282_SE",218282,"SE","Kootenay Region",50.13833,-117.55672,2023,FALSE,0,NA,NA,0.7166,0.4923,0.8872
"EPFU","218282_SE",218282,"SE","Kootenay Region",50.13833,-117.55672,2024,TRUE,4,0,0.0504,0.7532,0.5294,0.9125
"EPFU","218282_SE",218282,"SE","Kootenay Region",50.13833,-117.55672,2025,TRUE,4,1,1,0.7939,0.5935,0.9285
"EPFU","218282_SW",218282,"SW","Kootenay Region",50.15094,-117.6221,2017,FALSE,0,NA,NA,0.7931,0.5091,0.9616
"EPFU","218282_SW",218282,"SW","Kootenay Region",50.15094,-117.6221,2018,FALSE,0,NA,NA,0.7946,0.6079,0.9189
"EPFU","218282_SW",218282,"SW","Kootenay Region",50.15094,-117.6221,2019,FALSE,0,NA,NA,0.7762,0.6265,0.895
"EPFU","218282_SW",218282,"SW","Kootenay Region",50.15094,-117.6221,2020,TRUE,4,1,1,0.7645,0.6116,0.8925
"EPFU","218282_SW",218282,"SW","Kootenay Region",50.15094,-117.6221,2021,TRUE,4,1,1,0.8386,0.7189,0.9285
"EPFU","218282_SW",218282,"SW","Kootenay Region",50.15094,-117.6221,2022,TRUE,4,0,0.6524,0.8402,0.7211,0.931
"EPFU","218282_SW",218282,"SW","Kootenay Region",50.15094,-117.6221,2023,TRUE,4,1,1,0.8691,0.7607,0.9478
"EPFU","218282_SW",218282,"SW","Kootenay Region",50.15094,-117.6221,2024,TRUE,4,1,1,0.8936,0.7955,0.9626
"EPFU","218282_SW",218282,"SW","Kootenay Region",50.15094,-117.6221,2025,TRUE,4,1,1,0.9144,0.8284,0.9711
"EPFU","219626_SW",219626,"SW","South Coastal Region",48.92819,-125.25,2017,FALSE,0,NA,NA,0.7404,0.4337,0.9566
"EPFU","219626_SW",219626,"SW","South Coastal Region",48.92819,-125.25,2018,FALSE,0,NA,NA,0.549,0.3284,0.7552
"EPFU","219626_SW",219626,"SW","South Coastal Region",48.92819,-125.25,2019,FALSE,0,NA,NA,0.4358,0.2329,0.6621
"EPFU","219626_SW",219626,"SW","South Coastal Region",48.92819,-125.25,2020,FALSE,0,NA,NA,0.3886,0.2056,0.6047
"EPFU","219626_SW",219626,"SW","South Coastal Region",48.92819,-125.25,2021,FALSE,0,NA,NA,0.5049,0.3188,0.6949
"EPFU","219626_SW",219626,"SW","South Coastal Region",48.92819,-125.25,2022,FALSE,0,NA,NA,0.4775,0.2835,0.6751
"EPFU","219626_SW",219626,"SW","South Coastal Region",48.92819,-125.25,2023,FALSE,0,NA,NA,0.525,0.3237,0.7197
"EPFU","219626_SW",219626,"SW","South Coastal Region",48.92819,-125.25,2024,TRUE,4,0,0.0153,0.572,0.3618,0.7707
"EPFU","219626_SW",219626,"SW","South Coastal Region",48.92819,-125.25,2025,TRUE,4,0,0.0178,0.6291,0.4087,0.8169
"EPFU","226090_NE",226090,"NE","Okanagan Region",50.10929,-120.45236,2017,FALSE,0,NA,NA,0.7258,0.3396,0.975
"EPFU","226090_NE",226090,"NE","Okanagan Region",50.10929,-120.45236,2018,FALSE,0,NA,NA,0.702,0.4431,0.8793
"EPFU","226090_NE",226090,"NE","Okanagan Region",50.10929,-120.45236,2019,TRUE,4,0,0.0742,0.6755,0.4733,0.8392
"EPFU","226090_NE",226090,"NE","Okanagan Region",50.10929,-120.45236,2020,TRUE,2,0,0.0247,0.6672,0.4563,0.8372
"EPFU","226090_NE",226090,"NE","Okanagan Region",50.10929,-120.45236,2021,TRUE,3,0,0.0329,0.7754,0.6042,0.9034
"EPFU","226090_NE",226090,"NE","Okanagan Region",50.10929,-120.45236,2022,TRUE,2,0,0.028,0.7741,0.6,0.9076
"EPFU","226090_NE",226090,"NE","Okanagan Region",50.10929,-120.45236,2023,TRUE,3,0,0.0584,0.8156,0.6535,0.9291
"EPFU","226090_NE",226090,"NE","Okanagan Region",50.10929,-120.45236,2024,FALSE,0,NA,NA,0.848,0.6966,0.9499
"EPFU","226090_NE",226090,"NE","Okanagan Region",50.10929,-120.45236,2025,TRUE,2,0,0.3971,0.8726,0.723,0.9623
"EPFU","226090_NW",226090,"NW","Okanagan Region",50.0999,-120.50647,2017,FALSE,0,NA,NA,0.886,0.6451,0.9902
"EPFU","226090_NW",226090,"NW","Okanagan Region",50.0999,-120.50647,2018,TRUE,2,0,0.5678,0.8387,0.7,0.9347
"EPFU","226090_NW",226090,"NW","Okanagan Region",50.0999,-120.50647,2019,TRUE,4,1,1,0.7989,0.6597,0.909
"EPFU","226090_NW",226090,"NW","Okanagan Region",50.0999,-120.50647,2020,TRUE,4,1,1,0.7774,0.6241,0.9037
"EPFU","226090_NW",226090,"NW","Okanagan Region",50.0999,-120.50647,2021,TRUE,4,1,1,0.8605,0.7488,0.9406
"EPFU","226090_NW",226090,"NW","Okanagan Region",50.0999,-120.50647,2022,TRUE,3,0,0.1158,0.8536,0.738,0.9393
"EPFU","226090_NW",226090,"NW","Okanagan Region",50.0999,-120.50647,2023,TRUE,4,0,0.0509,0.885,0.7827,0.9564
"EPFU","226090_NW",226090,"NW","Okanagan Region",50.0999,-120.50647,2024,FALSE,0,NA,NA,0.9068,0.8174,0.9693
"EPFU","226090_NW",226090,"NW","Okanagan Region",50.0999,-120.50647,2025,TRUE,3,0,0.1173,0.9194,0.8379,0.9739
"EPFU","226090_SE",226090,"SE","Okanagan Region",50.07156,-120.42266,2017,FALSE,0,NA,NA,0.6919,0.2622,0.9774
"EPFU","226090_SE",226090,"SE","Okanagan Region",50.07156,-120.42266,2018,TRUE,2,0,0.0969,0.7091,0.41,0.8932
"EPFU","226090_SE",226090,"SE","Okanagan Region",50.07156,-120.42266,2019,TRUE,4,0,0.0644,0.7065,0.5072,0.865
"EPFU","226090_SE",226090,"SE","Okanagan Region",50.07156,-120.42266,2020,TRUE,4,0,0.0244,0.7124,0.5168,0.8692
"EPFU","226090_SE",226090,"SE","Okanagan Region",50.07156,-120.42266,2021,TRUE,3,0,0.1649,0.8211,0.6658,0.93
"EPFU","226090_SE",226090,"SE","Okanagan Region",50.07156,-120.42266,2022,TRUE,3,1,1,0.821,0.6647,0.9326
"EPFU","226090_SE",226090,"SE","Okanagan Region",50.07156,-120.42266,2023,FALSE,0,NA,NA,0.8595,0.7202,0.9517
"EPFU","226090_SE",226090,"SE","Okanagan Region",50.07156,-120.42266,2024,FALSE,0,NA,NA,0.887,0.7591,0.9664
"EPFU","226090_SE",226090,"SE","Okanagan Region",50.07156,-120.42266,2025,TRUE,2,0,0.6869,0.9039,0.7795,0.9741
"EPFU","230186_NE",230186,"NE","Okanagan Region",49.01457,-121.07198,2017,FALSE,0,NA,NA,0.8841,0.6766,0.9877
"EPFU","230186_NE",230186,"NE","Okanagan Region",49.01457,-121.07198,2018,TRUE,4,0,0.0513,0.8083,0.6421,0.9223
"EPFU","230186_NE",230186,"NE","Okanagan Region",49.01457,-121.07198,2019,TRUE,4,0,0.0324,0.7448,0.558,0.8863
"EPFU","230186_NE",230186,"NE","Okanagan Region",49.01457,-121.07198,2020,TRUE,4,0,0.1373,0.7054,0.5008,0.8685
"EPFU","230186_NE",230186,"NE","Okanagan Region",49.01457,-121.07198,2021,TRUE,4,1,1,0.7823,0.6189,0.9039
"EPFU","230186_NE",230186,"NE","Okanagan Region",49.01457,-121.07198,2022,FALSE,0,NA,NA,0.7755,0.6076,0.9017
"EPFU","230186_NE",230186,"NE","Okanagan Region",49.01457,-121.07198,2023,FALSE,0,NA,NA,0.8089,0.6521,0.9202
"EPFU","230186_NE",230186,"NE","Okanagan Region",49.01457,-121.07198,2024,TRUE,4,1,1,0.8378,0.6868,0.9403
"EPFU","230186_NE",230186,"NE","Okanagan Region",49.01457,-121.07198,2025,FALSE,0,NA,NA,0.8645,0.7236,0.9546
"EPFU","230186_SE",230186,"SE","Okanagan Region",48.97511,-121.08329,2017,FALSE,0,NA,NA,0.8354,0.466,0.9903
"EPFU","230186_SE",230186,"SE","Okanagan Region",48.97511,-121.08329,2018,TRUE,4,1,1,0.7635,0.491,0.931
"EPFU","230186_SE",230186,"SE","Okanagan Region",48.97511,-121.08329,2019,TRUE,4,0,0.6607,0.7025,0.434,0.898
"EPFU","230186_SE",230186,"SE","Okanagan Region",48.97511,-121.08329,2020,TRUE,4,1,1,0.6647,0.3956,0.8777
"EPFU","230186_SE",230186,"SE","Okanagan Region",48.97511,-121.08329,2021,TRUE,4,1,1,0.7355,0.501,0.9045
"EPFU","230186_SE",230186,"SE","Okanagan Region",48.97511,-121.08329,2022,FALSE,0,NA,NA,0.7286,0.4906,0.9022
"EPFU","230186_SE",230186,"SE","Okanagan Region",48.97511,-121.08329,2023,TRUE,4,1,1,0.7606,0.523,0.9208
"EPFU","230186_SE",230186,"SE","Okanagan Region",48.97511,-121.08329,2024,TRUE,4,1,1,0.79,0.5587,0.9391
"EPFU","230186_SE",230186,"SE","Okanagan Region",48.97511,-121.08329,2025,FALSE,0,NA,NA,0.8211,0.6016,0.9528
"EPFU","241002_NE",241002,"NE","Kootenay Region",51.03817,-118.1357,2017,TRUE,4,0,0.0013,0.3457,0.0427,0.7946
"EPFU","241002_NE",241002,"NE","Kootenay Region",51.03817,-118.1357,2018,TRUE,3,0,0.0064,0.5018,0.1844,0.7982
"EPFU","241002_NE",241002,"NE","Kootenay Region",51.03817,-118.1357,2019,TRUE,4,0,0.0038,0.5824,0.3041,0.8123
"EPFU","241002_NE",241002,"NE","Kootenay Region",51.03817,-118.1357,2020,TRUE,4,0,0.0044,0.6465,0.3959,0.8402
"EPFU","241002_NE",241002,"NE","Kootenay Region",51.03817,-118.1357,2021,TRUE,4,0,2e-04,0.7748,0.557,0.9231
"EPFU","241002_NE",241002,"NE","Kootenay Region",51.03817,-118.1357,2022,TRUE,4,0,0.0078,0.7997,0.5836,0.9376
"EPFU","241002_NE",241002,"NE","Kootenay Region",51.03817,-118.1357,2023,TRUE,4,1,1,0.843,0.6431,0.9582
"EPFU","241002_NE",241002,"NE","Kootenay Region",51.03817,-118.1357,2024,TRUE,4,0,0.138,0.8774,0.6981,0.9727
"EPFU","241002_NE",241002,"NE","Kootenay Region",51.03817,-118.1357,2025,TRUE,4,0,0.1409,0.9064,0.7543,0.9823
"EPFU","241002_NW",241002,"NW","Kootenay Region",51.01597,-118.20292,2017,TRUE,4,0,0.2044,0.8381,0.582,0.9739
"EPFU","241002_NW",241002,"NW","Kootenay Region",51.01597,-118.20292,2018,TRUE,4,1,1,0.8686,0.7175,0.956
"EPFU","241002_NW",241002,"NW","Kootenay Region",51.01597,-118.20292,2019,TRUE,4,1,1,0.8726,0.7519,0.9516
"EPFU","241002_NW",241002,"NW","Kootenay Region",51.01597,-118.20292,2020,TRUE,4,1,1,0.8749,0.7574,0.953
"EPFU","241002_NW",241002,"NW","Kootenay Region",51.01597,-118.20292,2021,TRUE,4,1,1,0.9236,0.8417,0.9745
"EPFU","241002_NW",241002,"NW","Kootenay Region",51.01597,-118.20292,2022,TRUE,4,1,1,0.9254,0.8401,0.976
"EPFU","241002_NW",241002,"NW","Kootenay Region",51.01597,-118.20292,2023,TRUE,4,1,1,0.9423,0.8689,0.9836
"EPFU","241002_NW",241002,"NW","Kootenay Region",51.01597,-118.20292,2024,TRUE,4,1,1,0.9548,0.8918,0.9889
"EPFU","241002_NW",241002,"NW","Kootenay Region",51.01597,-118.20292,2025,TRUE,4,1,1,0.9633,0.91,0.9913
"EPFU","243562_NE",243562,"NE","Kootenay Region",49.69966,-115.98498,2017,TRUE,4,1,1,0.6269,0.3339,0.862
"EPFU","243562_NE",243562,"NE","Kootenay Region",49.69966,-115.98498,2018,FALSE,0,NA,NA,0.657,0.4372,0.8314
"EPFU","243562_NE",243562,"NE","Kootenay Region",49.69966,-115.98498,2019,TRUE,4,1,1,0.6523,0.4503,0.8207
"EPFU","243562_NE",243562,"NE","Kootenay Region",49.69966,-115.98498,2020,TRUE,4,1,1,0.6525,0.444,0.8281
"EPFU","243562_NE",243562,"NE","Kootenay Region",49.69966,-115.98498,2021,TRUE,3,0,0.5298,0.7605,0.5716,0.901
"EPFU","243562_NE",243562,"NE","Kootenay Region",49.69966,-115.98498,2022,FALSE,0,NA,NA,0.7602,0.5673,0.9065
"EPFU","243562_NE",243562,"NE","Kootenay Region",49.69966,-115.98498,2023,TRUE,3,1,1,0.8015,0.6145,0.9281
"EPFU","243562_NE",243562,"NE","Kootenay Region",49.69966,-115.98498,2024,TRUE,2,1,1,0.8352,0.6587,0.9486
"EPFU","243562_NE",243562,"NE","Kootenay Region",49.69966,-115.98498,2025,TRUE,4,1,1,0.8658,0.7154,0.9585
"EPFU","243562_SE",243562,"SE","Kootenay Region",49.65068,-115.94692,2017,TRUE,4,1,1,0.6395,0.3903,0.8545
"EPFU","243562_SE",243562,"SE","Kootenay Region",49.65068,-115.94692,2018,FALSE,0,NA,NA,0.6922,0.4997,0.8475
"EPFU","243562_SE",243562,"SE","Kootenay Region",49.65068,-115.94692,2019,TRUE,4,1,1,0.7091,0.5386,0.8435
"EPFU","243562_SE",243562,"SE","Kootenay Region",49.65068,-115.94692,2020,FALSE,0,NA,NA,0.7242,0.563,0.8514
"EPFU","243562_SE",243562,"SE","Kootenay Region",49.65068,-115.94692,2021,TRUE,3,0,0.6642,0.8103,0.6733,0.9087
"EPFU","243562_SE",243562,"SE","Kootenay Region",49.65068,-115.94692,2022,TRUE,2,1,1,0.8228,0.689,0.9207
"EPFU","243562_SE",243562,"SE","Kootenay Region",49.65068,-115.94692,2023,TRUE,4,1,1,0.8557,0.733,0.9413
"EPFU","243562_SE",243562,"SE","Kootenay Region",49.65068,-115.94692,2024,FALSE,0,NA,NA,0.8839,0.77,0.9591
"EPFU","243562_SE",243562,"SE","Kootenay Region",49.65068,-115.94692,2025,TRUE,4,1,1,0.9101,0.8114,0.9716
"EPFU","252394_NW",252394,"NW","South Coastal Region",48.79865,-125.16568,2017,FALSE,0,NA,NA,0.7916,0.5753,0.9483
"EPFU","252394_NW",252394,"NW","South Coastal Region",48.79865,-125.16568,2018,FALSE,0,NA,NA,0.5907,0.401,0.7574
"EPFU","252394_NW",252394,"NW","South Coastal Region",48.79865,-125.16568,2019,FALSE,0,NA,NA,0.4726,0.2926,0.6602
"EPFU","252394_NW",252394,"NW","South Coastal Region",48.79865,-125.16568,2020,FALSE,0,NA,NA,0.427,0.2617,0.6077
"EPFU","252394_NW",252394,"NW","South Coastal Region",48.79865,-125.16568,2021,FALSE,0,NA,NA,0.5615,0.4019,0.7166
"EPFU","252394_NW",252394,"NW","South Coastal Region",48.79865,-125.16568,2022,FALSE,0,NA,NA,0.5321,0.371,0.6895
"EPFU","252394_NW",252394,"NW","South Coastal Region",48.79865,-125.16568,2023,FALSE,0,NA,NA,0.5852,0.4094,0.7427
"EPFU","252394_NW",252394,"NW","South Coastal Region",48.79865,-125.16568,2024,TRUE,4,0,0.0233,0.6348,0.4599,0.7906
"EPFU","252394_NW",252394,"NW","South Coastal Region",48.79865,-125.16568,2025,TRUE,4,0,0.0187,0.6862,0.5115,0.8324
"EPFU","26170_NE",26170,"NE","Northern Region",53.62052,-132.20883,2017,FALSE,0,NA,NA,0.8342,0.4583,0.9921
"EPFU","26170_NE",26170,"NE","Northern Region",53.62052,-132.20883,2018,FALSE,0,NA,NA,0.6149,0.4052,0.8021
"EPFU","26170_NE",26170,"NE","Northern Region",53.62052,-132.20883,2019,FALSE,0,NA,NA,0.4653,0.2735,0.6546
"EPFU","26170_NE",26170,"NE","Northern Region",53.62052,-132.20883,2020,FALSE,0,NA,NA,0.3853,0.2126,0.5723
"EPFU","26170_NE",26170,"NE","Northern Region",53.62052,-132.20883,2021,FALSE,0,NA,NA,0.4704,0.3047,0.6386
"EPFU","26170_NE",26170,"NE","Northern Region",53.62052,-132.20883,2022,TRUE,4,0,0.0027,0.4442,0.2671,0.6245
"EPFU","26170_NE",26170,"NE","Northern Region",53.62052,-132.20883,2023,TRUE,4,0,0.0013,0.4833,0.2874,0.6699
"EPFU","26170_NE",26170,"NE","Northern Region",53.62052,-132.20883,2024,TRUE,3,0,0.0033,0.5279,0.3315,0.7125
"EPFU","26170_NE",26170,"NE","Northern Region",53.62052,-132.20883,2025,TRUE,4,0,0.0067,0.5931,0.4102,0.7617
"EPFU","26170_NW",26170,"NW","Northern Region",53.60452,-132.28837,2017,FALSE,0,NA,NA,0.8257,0.4416,0.9903
"EPFU","26170_NW",26170,"NW","Northern Region",53.60452,-132.28837,2018,FALSE,0,NA,NA,0.5032,0.2781,0.7326
"EPFU","26170_NW",26170,"NW","Northern Region",53.60452,-132.28837,2019,FALSE,0,NA,NA,0.3279,0.1547,0.5391
"EPFU","26170_NW",26170,"NW","Northern Region",53.60452,-132.28837,2020,FALSE,0,NA,NA,0.25,0.1128,0.4322
"EPFU","26170_NW",26170,"NW","Northern Region",53.60452,-132.28837,2021,FALSE,0,NA,NA,0.3228,0.1756,0.4946
"EPFU","26170_NW",26170,"NW","Northern Region",53.60452,-132.28837,2022,TRUE,3,0,0.0053,0.2911,0.1449,0.4665
"EPFU","26170_NW",26170,"NW","Northern Region",53.60452,-132.28837,2023,TRUE,4,0,2e-04,0.3228,0.1571,0.513
"EPFU","26170_NW",26170,"NW","Northern Region",53.60452,-132.28837,2024,FALSE,0,NA,NA,0.3605,0.1908,0.5531
"EPFU","26170_NW",26170,"NW","Northern Region",53.60452,-132.28837,2025,TRUE,4,0,0.0104,0.4256,0.2471,0.6168
"EPFU","26170_SE",26170,"SE","Northern Region",53.58901,-132.17695,2017,FALSE,0,NA,NA,0.8202,0.4278,0.9895
"EPFU","26170_SE",26170,"SE","Northern Region",53.58901,-132.17695,2018,FALSE,0,NA,NA,0.5985,0.3836,0.7911
"EPFU","26170_SE",26170,"SE","Northern Region",53.58901,-132.17695,2019,FALSE,0,NA,NA,0.4448,0.2629,0.6318
"EPFU","26170_SE",26170,"SE","Northern Region",53.58901,-132.17695,2020,FALSE,0,NA,NA,0.3604,0.1962,0.5398
"EPFU","26170_SE",26170,"SE","Northern Region",53.58901,-132.17695,2021,FALSE,0,NA,NA,0.4352,0.2766,0.6024
"EPFU","26170_SE",26170,"SE","Northern Region",53.58901,-132.17695,2022,TRUE,4,0,0.0024,0.4091,0.2423,0.5823
"EPFU","26170_SE",26170,"SE","Northern Region",53.58901,-132.17695,2023,TRUE,4,0,0.012,0.4444,0.2578,0.6257
"EPFU","26170_SE",26170,"SE","Northern Region",53.58901,-132.17695,2024,TRUE,4,1,1,0.4862,0.295,0.667
"EPFU","26170_SE",26170,"SE","Northern Region",53.58901,-132.17695,2025,TRUE,4,0,0.102,0.5513,0.3676,0.72
"EPFU","26170_SW",26170,"SW","Northern Region",53.56895,-132.23042,2017,FALSE,0,NA,NA,0.778,0.3224,0.9848
"EPFU","26170_SW",26170,"SW","Northern Region",53.56895,-132.23042,2018,FALSE,0,NA,NA,0.6147,0.3436,0.8404
"EPFU","26170_SW",26170,"SW","Northern Region",53.56895,-132.23042,2019,FALSE,0,NA,NA,0.5055,0.2494,0.7525
"EPFU","26170_SW",26170,"SW","Northern Region",53.56895,-132.23042,2020,FALSE,0,NA,NA,0.4477,0.2132,0.7024
"EPFU","26170_SW",26170,"SW","Northern Region",53.56895,-132.23042,2021,FALSE,0,NA,NA,0.5377,0.3148,0.7559
"EPFU","26170_SW",26170,"SW","Northern Region",53.56895,-132.23042,2022,TRUE,4,0,0.002,0.5155,0.2728,0.7563
"EPFU","26170_SW",26170,"SW","Northern Region",53.56895,-132.23042,2023,TRUE,4,0,0.0013,0.5558,0.3038,0.791
"EPFU","26170_SW",26170,"SW","Northern Region",53.56895,-132.23042,2024,TRUE,4,0,0.0024,0.5988,0.3459,0.8189
"EPFU","26170_SW",26170,"SW","Northern Region",53.56895,-132.23042,2025,TRUE,4,0,0.0096,0.6585,0.4246,0.8551
"EPFU","265749_NE",265749,"NE","Okanagan Region",49.15892,-119.03758,2017,FALSE,0,NA,NA,0.7314,0.3514,0.9743
"EPFU","265749_NE",265749,"NE","Okanagan Region",49.15892,-119.03758,2018,TRUE,2,0,0.1511,0.6669,0.4114,0.8705
"EPFU","265749_NE",265749,"NE","Okanagan Region",49.15892,-119.03758,2019,TRUE,4,0,0.0138,0.6263,0.3991,0.8311
"EPFU","265749_NE",265749,"NE","Okanagan Region",49.15892,-119.03758,2020,TRUE,4,0,0.0707,0.6111,0.3775,0.8259
"EPFU","265749_NE",265749,"NE","Okanagan Region",49.15892,-119.03758,2021,TRUE,4,1,1,0.7347,0.5229,0.8947
"EPFU","265749_NE",265749,"NE","Okanagan Region",49.15892,-119.03758,2022,TRUE,4,1,1,0.7193,0.4944,0.8939
"EPFU","265749_NE",265749,"NE","Okanagan Region",49.15892,-119.03758,2023,TRUE,4,1,1,0.7682,0.5548,0.9189
"EPFU","265749_NE",265749,"NE","Okanagan Region",49.15892,-119.03758,2024,FALSE,0,NA,NA,0.8036,0.5971,0.938
"EPFU","265749_NE",265749,"NE","Okanagan Region",49.15892,-119.03758,2025,FALSE,0,NA,NA,0.8321,0.643,0.9493
"EPFU","265749_NW",265749,"NW","Okanagan Region",49.16674,-119.10324,2017,FALSE,0,NA,NA,0.7828,0.3931,0.9858
"EPFU","265749_NW",265749,"NW","Okanagan Region",49.16674,-119.10324,2018,TRUE,2,1,1,0.7084,0.4788,0.8792
"EPFU","265749_NW",265749,"NW","Okanagan Region",49.16674,-119.10324,2019,TRUE,4,1,1,0.6592,0.4527,0.8369
"EPFU","265749_NW",265749,"NW","Okanagan Region",49.16674,-119.10324,2020,TRUE,4,0,0.3456,0.6405,0.4269,0.8306
"EPFU","265749_NW",265749,"NW","Okanagan Region",49.16674,-119.10324,2021,TRUE,4,1,1,0.7613,0.5864,0.8963
"EPFU","265749_NW",265749,"NW","Okanagan Region",49.16674,-119.10324,2022,TRUE,4,0,0.3371,0.7484,0.5617,0.8952
"EPFU","265749_NW",265749,"NW","Okanagan Region",49.16674,-119.10324,2023,TRUE,4,1,1,0.7949,0.6246,0.9189
"EPFU","265749_NW",265749,"NW","Okanagan Region",49.16674,-119.10324,2024,TRUE,4,1,1,0.8292,0.6674,0.9403
"EPFU","265749_NW",265749,"NW","Okanagan Region",49.16674,-119.10324,2025,TRUE,4,1,1,0.8524,0.6947,0.9542
"EPFU","265749_SE",265749,"SE","Okanagan Region",49.11153,-118.97698,2017,FALSE,0,NA,NA,0.8807,0.7008,0.9857
"EPFU","265749_SE",265749,"SE","Okanagan Region",49.11153,-118.97698,2018,TRUE,2,1,1,0.8492,0.7279,0.9363
"EPFU","265749_SE",265749,"SE","Okanagan Region",49.11153,-118.97698,2019,TRUE,4,1,1,0.8179,0.6994,0.912
"EPFU","265749_SE",265749,"SE","Okanagan Region",49.11153,-118.97698,2020,TRUE,4,1,1,0.7997,0.6682,0.9074
"EPFU","265749_SE",265749,"SE","Okanagan Region",49.11153,-118.97698,2021,TRUE,4,1,1,0.8729,0.7733,0.9445
"EPFU","265749_SE",265749,"SE","Okanagan Region",49.11153,-118.97698,2022,TRUE,4,1,1,0.8688,0.7663,0.9431
"EPFU","265749_SE",265749,"SE","Okanagan Region",49.11153,-118.97698,2023,TRUE,4,1,1,0.8967,0.8056,0.9584
"EPFU","265749_SE",265749,"SE","Okanagan Region",49.11153,-118.97698,2024,TRUE,4,1,1,0.9165,0.8332,0.9714
"EPFU","265749_SE",265749,"SE","Okanagan Region",49.11153,-118.97698,2025,TRUE,4,1,1,0.9295,0.8569,0.9752
"EPFU","265749_SW",265749,"SW","Okanagan Region",49.11337,-119.05299,2017,FALSE,0,NA,NA,0.7853,0.4586,0.9799
"EPFU","265749_SW",265749,"SW","Okanagan Region",49.11337,-119.05299,2018,TRUE,2,0,0.5642,0.686,0.4439,0.8808
"EPFU","265749_SW",265749,"SW","Okanagan Region",49.11337,-119.05299,2019,TRUE,4,1,1,0.6339,0.4026,0.8398
"EPFU","265749_SW",265749,"SW","Okanagan Region",49.11337,-119.05299,2020,TRUE,4,1,1,0.6133,0.3815,0.8309
"EPFU","265749_SW",265749,"SW","Okanagan Region",49.11337,-119.05299,2021,TRUE,3,1,1,0.741,0.5355,0.8986
"EPFU","265749_SW",265749,"SW","Okanagan Region",49.11337,-119.05299,2022,TRUE,4,1,1,0.7183,0.4914,0.895
"EPFU","265749_SW",265749,"SW","Okanagan Region",49.11337,-119.05299,2023,TRUE,4,1,1,0.7695,0.5596,0.9193
"EPFU","265749_SW",265749,"SW","Okanagan Region",49.11337,-119.05299,2024,TRUE,4,1,1,0.8043,0.6022,0.9407
"EPFU","265749_SW",265749,"SW","Okanagan Region",49.11337,-119.05299,2025,TRUE,4,1,1,0.8296,0.6511,0.9475
"EPFU","268521_NE",268521,"NE","Kootenay Region",49.49916,-115.03962,2017,FALSE,0,NA,NA,0.7131,0.346,0.9433
"EPFU","268521_NE",268521,"NE","Kootenay Region",49.49916,-115.03962,2018,FALSE,0,NA,NA,0.7728,0.5378,0.9164
"EPFU","268521_NE",268521,"NE","Kootenay Region",49.49916,-115.03962,2019,TRUE,4,1,1,0.7893,0.6263,0.9078
"EPFU","268521_NE",268521,"NE","Kootenay Region",49.49916,-115.03962,2020,TRUE,4,1,1,0.8005,0.6514,0.9137
"EPFU","268521_NE",268521,"NE","Kootenay Region",49.49916,-115.03962,2021,FALSE,0,NA,NA,0.8727,0.7615,0.9489
"EPFU","268521_NE",268521,"NE","Kootenay Region",49.49916,-115.03962,2022,TRUE,4,1,1,0.8727,0.7591,0.9509
"EPFU","268521_NE",268521,"NE","Kootenay Region",49.49916,-115.03962,2023,TRUE,3,1,1,0.8996,0.8003,0.965
"EPFU","268521_NE",268521,"NE","Kootenay Region",49.49916,-115.03962,2024,TRUE,4,1,1,0.9201,0.8326,0.9755
"EPFU","268521_NE",268521,"NE","Kootenay Region",49.49916,-115.03962,2025,TRUE,3,1,1,0.9344,0.86,0.9803
"EPFU","268521_NW",268521,"NW","Kootenay Region",49.48855,-115.09812,2017,FALSE,0,NA,NA,0.6521,0.4103,0.8605
"EPFU","268521_NW",268521,"NW","Kootenay Region",49.48855,-115.09812,2018,FALSE,0,NA,NA,0.7237,0.5397,0.866
"EPFU","268521_NW",268521,"NW","Kootenay Region",49.48855,-115.09812,2019,TRUE,4,1,1,0.7531,0.6009,0.8692
"EPFU","268521_NW",268521,"NW","Kootenay Region",49.48855,-115.09812,2020,FALSE,0,NA,NA,0.776,0.6388,0.883
"EPFU","268521_NW",268521,"NW","Kootenay Region",49.48855,-115.09812,2021,TRUE,2,0,0.872,0.8568,0.7463,0.934
"EPFU","268521_NW",268521,"NW","Kootenay Region",49.48855,-115.09812,2022,TRUE,4,1,1,0.8687,0.7645,0.9427
"EPFU","268521_NW",268521,"NW","Kootenay Region",49.48855,-115.09812,2023,TRUE,4,1,1,0.897,0.8021,0.96
"EPFU","268521_NW",268521,"NW","Kootenay Region",49.48855,-115.09812,2024,TRUE,4,1,1,0.9196,0.8366,0.9723
"EPFU","268521_NW",268521,"NW","Kootenay Region",49.48855,-115.09812,2025,TRUE,4,1,1,0.9384,0.8709,0.9811
"EPFU","268521_SE",268521,"SE","Kootenay Region",49.44083,-115.05634,2017,FALSE,0,NA,NA,0.7652,0.2494,0.9869
"EPFU","268521_SE",268521,"SE","Kootenay Region",49.44083,-115.05634,2018,FALSE,0,NA,NA,0.7638,0.4707,0.9302
"EPFU","268521_SE",268521,"SE","Kootenay Region",49.44083,-115.05634,2019,TRUE,4,0,0.0896,0.7429,0.5234,0.9018
"EPFU","268521_SE",268521,"SE","Kootenay Region",49.44083,-115.05634,2020,TRUE,4,0,0.0773,0.7332,0.5222,0.8971
"EPFU","268521_SE",268521,"SE","Kootenay Region",49.44083,-115.05634,2021,TRUE,2,0,0.3802,0.8266,0.6589,0.9377
"EPFU","268521_SE",268521,"SE","Kootenay Region",49.44083,-115.05634,2022,TRUE,4,1,1,0.8223,0.6525,0.9383
"EPFU","268521_SE",268521,"SE","Kootenay Region",49.44083,-115.05634,2023,TRUE,4,0,0.4464,0.857,0.7023,0.9552
"EPFU","268521_SE",268521,"SE","Kootenay Region",49.44083,-115.05634,2024,TRUE,4,1,1,0.8836,0.7437,0.9679
"EPFU","268521_SE",268521,"SE","Kootenay Region",49.44083,-115.05634,2025,TRUE,4,1,1,0.9022,0.7826,0.9738
"EPFU","269777_NW",269777,"NW","Northern Region",57.04083,-122.86281,2017,TRUE,4,0,0.0082,0.2656,0.0379,0.6751
"EPFU","269777_NW",269777,"NW","Northern Region",57.04083,-122.86281,2018,TRUE,4,0,0.0056,0.2733,0.0939,0.5097
"EPFU","269777_NW",269777,"NW","Northern Region",57.04083,-122.86281,2019,TRUE,3,0,0.0202,0.2573,0.1068,0.453
"EPFU","269777_NW",269777,"NW","Northern Region",57.04083,-122.86281,2020,TRUE,4,0,0.0071,0.2617,0.1102,0.4686
"EPFU","269777_NW",269777,"NW","Northern Region",57.04083,-122.86281,2021,FALSE,0,NA,NA,0.382,0.1805,0.6211
"EPFU","269777_NW",269777,"NW","Northern Region",57.04083,-122.86281,2022,FALSE,0,NA,NA,0.3687,0.1685,0.6189
"EPFU","269777_NW",269777,"NW","Northern Region",57.04083,-122.86281,2023,FALSE,0,NA,NA,0.4163,0.1951,0.6703
"EPFU","269777_NW",269777,"NW","Northern Region",57.04083,-122.86281,2024,FALSE,0,NA,NA,0.4653,0.2258,0.7239
"EPFU","269777_NW",269777,"NW","Northern Region",57.04083,-122.86281,2025,FALSE,0,NA,NA,0.5317,0.27,0.7914
"EPFU","269777_SW",269777,"SW","Northern Region",57.01497,-122.80521,2017,TRUE,4,1,1,0.5105,0.2306,0.7807
"EPFU","269777_SW",269777,"SW","Northern Region",57.01497,-122.80521,2018,TRUE,4,1,1,0.4803,0.3082,0.6686
"EPFU","269777_SW",269777,"SW","Northern Region",57.01497,-122.80521,2019,TRUE,4,0,0.5796,0.4338,0.2834,0.5995
"EPFU","269777_SW",269777,"SW","Northern Region",57.01497,-122.80521,2020,TRUE,4,1,1,0.4105,0.2618,0.5738
"EPFU","269777_SW",269777,"SW","Northern Region",57.01497,-122.80521,2021,FALSE,0,NA,NA,0.5236,0.3712,0.6829
"EPFU","269777_SW",269777,"SW","Northern Region",57.01497,-122.80521,2022,FALSE,0,NA,NA,0.5154,0.3628,0.6744
"EPFU","269777_SW",269777,"SW","Northern Region",57.01497,-122.80521,2023,FALSE,0,NA,NA,0.5631,0.4023,0.7227
"EPFU","269777_SW",269777,"SW","Northern Region",57.01497,-122.80521,2024,FALSE,0,NA,NA,0.6126,0.4539,0.7704
"EPFU","269777_SW",269777,"SW","Northern Region",57.01497,-122.80521,2025,FALSE,0,NA,NA,0.675,0.5072,0.8205
"EPFU","271731_SW",271731,"SW","Kootenay Region",51.24146,-117.64962,2017,TRUE,4,0,0.0051,0.6663,0.4278,0.8662
"EPFU","271731_SW",271731,"SW","Kootenay Region",51.24146,-117.64962,2018,TRUE,3,0,0.0042,0.7391,0.5614,0.875
"EPFU","271731_SW",271731,"SW","Kootenay Region",51.24146,-117.64962,2019,TRUE,4,0,0.0051,0.77,0.6242,0.8845
"EPFU","271731_SW",271731,"SW","Kootenay Region",51.24146,-117.64962,2020,TRUE,4,0,0.0102,0.7942,0.6551,0.8979
"EPFU","271731_SW",271731,"SW","Kootenay Region",51.24146,-117.64962,2021,TRUE,4,0,0.0167,0.8695,0.7599,0.9444
"EPFU","271731_SW",271731,"SW","Kootenay Region",51.24146,-117.64962,2022,TRUE,4,0,0.0378,0.8818,0.7771,0.9534
"EPFU","271731_SW",271731,"SW","Kootenay Region",51.24146,-117.64962,2023,TRUE,4,0,0.1042,0.9078,0.8123,0.968
"EPFU","271731_SW",271731,"SW","Kootenay Region",51.24146,-117.64962,2024,TRUE,4,1,1,0.9285,0.8472,0.9783
"EPFU","271731_SW",271731,"SW","Kootenay Region",51.24146,-117.64962,2025,TRUE,4,1,1,0.9454,0.8747,0.985
"EPFU","273050_SE",273050,"SE","South Coastal Region",49.00511,-125.65145,2017,FALSE,0,NA,NA,0.7481,0.485,0.9474
"EPFU","273050_SE",273050,"SE","South Coastal Region",49.00511,-125.65145,2018,TRUE,3,0,0.1298,0.5793,0.3893,0.7544
"EPFU","273050_SE",273050,"SE","South Coastal Region",49.00511,-125.65145,2019,FALSE,0,NA,NA,0.4713,0.2853,0.6678
"EPFU","273050_SE",273050,"SE","South Coastal Region",49.00511,-125.65145,2020,FALSE,0,NA,NA,0.4261,0.2568,0.6142
"EPFU","273050_SE",273050,"SE","South Coastal Region",49.00511,-125.65145,2021,FALSE,0,NA,NA,0.5515,0.3851,0.7144
"EPFU","273050_SE",273050,"SE","South Coastal Region",49.00511,-125.65145,2022,FALSE,0,NA,NA,0.5273,0.355,0.6926
"EPFU","273050_SE",273050,"SE","South Coastal Region",49.00511,-125.65145,2023,FALSE,0,NA,NA,0.5778,0.3983,0.7428
"EPFU","273050_SE",273050,"SE","South Coastal Region",49.00511,-125.65145,2024,TRUE,4,0,0.0242,0.6264,0.4411,0.7908
"EPFU","273050_SE",273050,"SE","South Coastal Region",49.00511,-125.65145,2025,TRUE,4,0,0.0236,0.68,0.4931,0.8358
"EPFU","283586_NE",283586,"NE","Northern Region",54.3558,-128.5366,2017,FALSE,0,NA,NA,0.768,0.3179,0.9824
"EPFU","283586_NE",283586,"NE","Northern Region",54.3558,-128.5366,2018,TRUE,2,0,0.0878,0.4422,0.1875,0.733
"EPFU","283586_NE",283586,"NE","Northern Region",54.3558,-128.5366,2019,TRUE,3,0,0.0198,0.2931,0.1052,0.566
"EPFU","283586_NE",283586,"NE","Northern Region",54.3558,-128.5366,2020,TRUE,4,0,0.0093,0.2324,0.0809,0.4712
"EPFU","283586_NE",283586,"NE","Northern Region",54.3558,-128.5366,2021,FALSE,0,NA,NA,0.3086,0.1421,0.5259
"EPFU","283586_NE",283586,"NE","Northern Region",54.3558,-128.5366,2022,FALSE,0,NA,NA,0.2749,0.1097,0.5097
"EPFU","283586_NE",283586,"NE","Northern Region",54.3558,-128.5366,2023,TRUE,3,0,0.0051,0.3063,0.1228,0.5421
"EPFU","283586_NE",283586,"NE","Northern Region",54.3558,-128.5366,2024,TRUE,4,0,0.0013,0.3419,0.1529,0.5788
"EPFU","283586_NE",283586,"NE","Northern Region",54.3558,-128.5366,2025,TRUE,4,0,0.0022,0.4059,0.2021,0.6338
"EPFU","283586_NW",283586,"NW","Northern Region",54.3321,-128.6266,2017,FALSE,0,NA,NA,0.7975,0.4276,0.9828
"EPFU","283586_NW",283586,"NW","Northern Region",54.3321,-128.6266,2018,TRUE,2,0,0.1122,0.5247,0.3122,0.744
"EPFU","283586_NW",283586,"NW","Northern Region",54.3321,-128.6266,2019,TRUE,3,0,0.0236,0.3687,0.1849,0.578
"EPFU","283586_NW",283586,"NW","Northern Region",54.3321,-128.6266,2020,TRUE,4,0,0.0084,0.2974,0.1415,0.4946
"EPFU","283586_NW",283586,"NW","Northern Region",54.3321,-128.6266,2021,TRUE,3,0,0.0082,0.3543,0.1857,0.5479
"EPFU","283586_NW",283586,"NW","Northern Region",54.3321,-128.6266,2022,TRUE,4,0,0.0018,0.303,0.1359,0.5217
"EPFU","283586_NW",283586,"NW","Northern Region",54.3321,-128.6266,2023,TRUE,4,0,0.0118,0.3345,0.15,0.5539
"EPFU","283586_NW",283586,"NW","Northern Region",54.3321,-128.6266,2024,TRUE,4,1,1,0.371,0.1817,0.5953
"EPFU","283586_NW",283586,"NW","Northern Region",54.3321,-128.6266,2025,TRUE,4,1,1,0.4359,0.2366,0.6537
"EPFU","283586_SE",283586,"SE","Northern Region",54.31162,-128.54374,2017,FALSE,0,NA,NA,0.8307,0.3622,0.9962
"EPFU","283586_SE",283586,"SE","Northern Region",54.31162,-128.54374,2018,TRUE,2,0,0.1071,0.5186,0.2902,0.7459
"EPFU","283586_SE",283586,"SE","Northern Region",54.31162,-128.54374,2019,TRUE,3,0,0.0278,0.3627,0.187,0.579
"EPFU","283586_SE",283586,"SE","Northern Region",54.31162,-128.54374,2020,TRUE,4,0,0.01,0.2954,0.1429,0.4936
"EPFU","283586_SE",283586,"SE","Northern Region",54.31162,-128.54374,2021,TRUE,3,0,0.0138,0.4066,0.2251,0.6057
"EPFU","283586_SE",283586,"SE","Northern Region",54.31162,-128.54374,2022,TRUE,4,0,0.0013,0.3638,0.1933,0.5665
"EPFU","283586_SE",283586,"SE","Northern Region",54.31162,-128.54374,2023,TRUE,4,0,0.0129,0.4097,0.2109,0.6237
"EPFU","283586_SE",283586,"SE","Northern Region",54.31162,-128.54374,2024,TRUE,4,1,1,0.4571,0.2574,0.6742
"EPFU","283586_SE",283586,"SE","Northern Region",54.31162,-128.54374,2025,TRUE,2,1,1,0.5237,0.324,0.7231
"EPFU","283586_SW",283586,"SW","Northern Region",54.2946,-128.581,2017,FALSE,0,NA,NA,0.7432,0.3093,0.9742
"EPFU","283586_SW",283586,"SW","Northern Region",54.2946,-128.581,2018,TRUE,2,0,0.0907,0.4673,0.2252,0.7367
"EPFU","283586_SW",283586,"SW","Northern Region",54.2946,-128.581,2019,TRUE,3,0,0.0189,0.3281,0.131,0.5923
"EPFU","283586_SW",283586,"SW","Northern Region",54.2946,-128.581,2020,TRUE,4,0,0.0053,0.2686,0.1021,0.5086
"EPFU","283586_SW",283586,"SW","Northern Region",54.2946,-128.581,2021,TRUE,4,0,0.0022,0.353,0.1748,0.5723
"EPFU","283586_SW",283586,"SW","Northern Region",54.2946,-128.581,2022,TRUE,4,0,0.0018,0.3211,0.139,0.5585
"EPFU","283586_SW",283586,"SW","Northern Region",54.2946,-128.581,2023,TRUE,4,0,7e-04,0.3566,0.1564,0.5939
"EPFU","283586_SW",283586,"SW","Northern Region",54.2946,-128.581,2024,TRUE,4,0,0.0093,0.3961,0.1908,0.6305
"EPFU","283586_SW",283586,"SW","Northern Region",54.2946,-128.581,2025,TRUE,4,1,1,0.4624,0.248,0.685
"EPFU","294832_NE",294832,"NE","Northern Region",56.3348,-120.97877,2017,TRUE,4,1,1,0.6909,0.3157,0.9517
"EPFU","294832_NE",294832,"NE","Northern Region",56.3348,-120.97877,2018,TRUE,4,1,1,0.5292,0.3264,0.7308
"EPFU","294832_NE",294832,"NE","Northern Region",56.3348,-120.97877,2019,TRUE,2,1,1,0.4124,0.2553,0.5932
"EPFU","294832_NE",294832,"NE","Northern Region",56.3348,-120.97877,2020,TRUE,2,1,1,0.3562,0.2102,0.5291
"EPFU","294832_NE",294832,"NE","Northern Region",56.3348,-120.97877,2021,TRUE,4,1,1,0.4504,0.3097,0.6033
"EPFU","294832_NE",294832,"NE","Northern Region",56.3348,-120.97877,2022,TRUE,4,1,1,0.4167,0.2763,0.563
"EPFU","294832_NE",294832,"NE","Northern Region",56.3348,-120.97877,2023,FALSE,0,NA,NA,0.4589,0.3043,0.617
"EPFU","294832_NE",294832,"NE","Northern Region",56.3348,-120.97877,2024,TRUE,4,1,1,0.5064,0.3586,0.6607
"EPFU","294832_NE",294832,"NE","Northern Region",56.3348,-120.97877,2025,TRUE,4,1,1,0.5711,0.4104,0.7233
"EPFU","294832_NW",294832,"NW","Northern Region",56.33264,-121.00747,2017,TRUE,4,1,1,0.6745,0.3469,0.9311
"EPFU","294832_NW",294832,"NW","Northern Region",56.33264,-121.00747,2018,TRUE,4,1,1,0.5527,0.3619,0.743
"EPFU","294832_NW",294832,"NW","Northern Region",56.33264,-121.00747,2019,TRUE,4,0,0.1236,0.4518,0.297,0.6216
"EPFU","294832_NW",294832,"NW","Northern Region",56.33264,-121.00747,2020,TRUE,4,0,0.0691,0.3985,0.255,0.5646
"EPFU","294832_NW",294832,"NW","Northern Region",56.33264,-121.00747,2021,TRUE,4,1,1,0.4858,0.3525,0.6254
"EPFU","294832_NW",294832,"NW","Northern Region",56.33264,-121.00747,2022,TRUE,4,0,0.2424,0.4539,0.3248,0.5874
"EPFU","294832_NW",294832,"NW","Northern Region",56.33264,-121.00747,2023,FALSE,0,NA,NA,0.4952,0.3514,0.6364
"EPFU","294832_NW",294832,"NW","Northern Region",56.33264,-121.00747,2024,TRUE,4,1,1,0.5421,0.4051,0.6804
"EPFU","294832_NW",294832,"NW","Northern Region",56.33264,-121.00747,2025,TRUE,4,0,0.0789,0.6062,0.4586,0.7394
"EPFU","294832_SE",294832,"SE","Northern Region",56.30206,-120.94608,2017,TRUE,4,1,1,0.5927,0.2939,0.8616
"EPFU","294832_SE",294832,"SE","Northern Region",56.30206,-120.94608,2018,TRUE,4,1,1,0.5299,0.3421,0.7239
"EPFU","294832_SE",294832,"SE","Northern Region",56.30206,-120.94608,2019,FALSE,0,NA,NA,0.461,0.2981,0.6375
"EPFU","294832_SE",294832,"SE","Northern Region",56.30206,-120.94608,2020,TRUE,4,1,1,0.4198,0.2692,0.5864
"EPFU","294832_SE",294832,"SE","Northern Region",56.30206,-120.94608,2021,TRUE,4,1,1,0.5099,0.3612,0.666
"EPFU","294832_SE",294832,"SE","Northern Region",56.30206,-120.94608,2022,TRUE,3,1,1,0.4833,0.3374,0.6321
"EPFU","294832_SE",294832,"SE","Northern Region",56.30206,-120.94608,2023,FALSE,0,NA,NA,0.5182,0.3663,0.6701
"EPFU","294832_SE",294832,"SE","Northern Region",56.30206,-120.94608,2024,TRUE,4,1,1,0.5598,0.4068,0.7098
"EPFU","294832_SE",294832,"SE","Northern Region",56.30206,-120.94608,2025,FALSE,0,NA,NA,0.6201,0.4571,0.763
"EPFU","294832_SW",294832,"SW","Northern Region",56.30496,-121.00198,2017,TRUE,4,0,0.0307,0.5388,0.2253,0.8387
"EPFU","294832_SW",294832,"SW","Northern Region",56.30496,-121.00198,2018,FALSE,0,NA,NA,0.493,0.2918,0.7107
"EPFU","294832_SW",294832,"SW","Northern Region",56.30496,-121.00198,2019,TRUE,4,0,0.0098,0.4359,0.2633,0.6268
"EPFU","294832_SW",294832,"SW","Northern Region",56.30496,-121.00198,2020,TRUE,4,0,0.0033,0.4025,0.2424,0.5821
"EPFU","294832_SW",294832,"SW","Northern Region",56.30496,-121.00198,2021,TRUE,4,0,0.0084,0.4859,0.3252,0.6571
"EPFU","294832_SW",294832,"SW","Northern Region",56.30496,-121.00198,2022,TRUE,4,0,0.0264,0.4706,0.3116,0.636
"EPFU","294832_SW",294832,"SW","Northern Region",56.30496,-121.00198,2023,FALSE,0,NA,NA,0.5092,0.3393,0.6789
"EPFU","294832_SW",294832,"SW","Northern Region",56.30496,-121.00198,2024,TRUE,4,1,1,0.5528,0.3789,0.721
"EPFU","294832_SW",294832,"SW","Northern Region",56.30496,-121.00198,2025,TRUE,4,1,1,0.6147,0.4278,0.7791
"EPFU","317428_NE",317428,"NE","South Coastal Region",49.06292,-120.79944,2017,FALSE,0,NA,NA,0.3499,0.03,0.8687
"EPFU","317428_NE",317428,"NE","South Coastal Region",49.06292,-120.79944,2018,TRUE,4,0,0.0698,0.4624,0.2012,0.6947
"EPFU","317428_NE",317428,"NE","South Coastal Region",49.06292,-120.79944,2019,TRUE,4,0,0.1696,0.4907,0.2913,0.6907
"EPFU","317428_NE",317428,"NE","South Coastal Region",49.06292,-120.79944,2020,TRUE,4,1,1,0.4919,0.2961,0.7025
"EPFU","317428_NE",317428,"NE","South Coastal Region",49.06292,-120.79944,2021,TRUE,4,1,1,0.6572,0.4488,0.8376
"EPFU","317428_NE",317428,"NE","South Coastal Region",49.06292,-120.79944,2022,TRUE,4,1,1,0.623,0.4034,0.824
"EPFU","317428_NE",317428,"NE","South Coastal Region",49.06292,-120.79944,2023,TRUE,4,1,1,0.6847,0.4715,0.8647
"EPFU","317428_NE",317428,"NE","South Coastal Region",49.06292,-120.79944,2024,TRUE,4,1,1,0.7299,0.5221,0.8992
"EPFU","317428_NE",317428,"NE","South Coastal Region",49.06292,-120.79944,2025,TRUE,4,1,1,0.7598,0.5522,0.9151
"EPFU","317428_NW",317428,"NW","South Coastal Region",49.06417,-120.90943,2017,FALSE,0,NA,NA,0.3047,0.0143,0.8713
"EPFU","317428_NW",317428,"NW","South Coastal Region",49.06417,-120.90943,2018,TRUE,4,0,0.0387,0.5944,0.2653,0.8477
"EPFU","317428_NW",317428,"NW","South Coastal Region",49.06417,-120.90943,2019,TRUE,4,0,0.1258,0.6834,0.4308,0.8786
"EPFU","317428_NW",317428,"NW","South Coastal Region",49.06417,-120.90943,2020,TRUE,4,1,1,0.7276,0.483,0.9122
"EPFU","317428_NW",317428,"NW","South Coastal Region",49.06417,-120.90943,2021,TRUE,4,1,1,0.8501,0.6559,0.9641
"EPFU","317428_NW",317428,"NW","South Coastal Region",49.06417,-120.90943,2022,TRUE,4,1,1,0.8402,0.6201,0.9654
"EPFU","317428_NW",317428,"NW","South Coastal Region",49.06417,-120.90943,2023,TRUE,4,1,1,0.881,0.6986,0.9782
"EPFU","317428_NW",317428,"NW","South Coastal Region",49.06417,-120.90943,2024,TRUE,4,1,1,0.9038,0.7396,0.9843
"EPFU","317428_NW",317428,"NW","South Coastal Region",49.06417,-120.90943,2025,TRUE,4,1,1,0.9102,0.7491,0.986
"EPFU","317428_SE",317428,"SE","South Coastal Region",49.06053,-120.77309,2017,FALSE,0,NA,NA,0.3503,0.0317,0.8593
"EPFU","317428_SE",317428,"SE","South Coastal Region",49.06053,-120.77309,2018,TRUE,4,0,0.1591,0.4402,0.1911,0.6667
"EPFU","317428_SE",317428,"SE","South Coastal Region",49.06053,-120.77309,2019,TRUE,4,1,1,0.4561,0.2633,0.657
"EPFU","317428_SE",317428,"SE","South Coastal Region",49.06053,-120.77309,2020,TRUE,4,1,1,0.4795,0.2861,0.691
"EPFU","317428_SE",317428,"SE","South Coastal Region",49.06053,-120.77309,2021,TRUE,4,1,1,0.6503,0.4375,0.8327
"EPFU","317428_SE",317428,"SE","South Coastal Region",49.06053,-120.77309,2022,TRUE,4,1,1,0.6171,0.3967,0.8129
"EPFU","317428_SE",317428,"SE","South Coastal Region",49.06053,-120.77309,2023,TRUE,4,1,1,0.6798,0.4693,0.8584
"EPFU","317428_SE",317428,"SE","South Coastal Region",49.06053,-120.77309,2024,TRUE,4,1,1,0.7256,0.5164,0.8944
"EPFU","317428_SE",317428,"SE","South Coastal Region",49.06053,-120.77309,2025,FALSE,0,NA,NA,0.7567,0.5553,0.9107
"EPFU","317428_SW",317428,"SW","South Coastal Region",49.04617,-120.85085,2017,FALSE,0,NA,NA,0.3734,0.0203,0.9271
"EPFU","317428_SW",317428,"SW","South Coastal Region",49.04617,-120.85085,2018,TRUE,4,0,0.0493,0.3962,0.156,0.6481
"EPFU","317428_SW",317428,"SW","South Coastal Region",49.04617,-120.85085,2019,TRUE,4,0,0.0704,0.3982,0.1887,0.6315
"EPFU","317428_SW",317428,"SW","South Coastal Region",49.04617,-120.85085,2020,TRUE,4,0,0.056,0.4163,0.2158,0.6629
"EPFU","317428_SW",317428,"SW","South Coastal Region",49.04617,-120.85085,2021,TRUE,4,1,1,0.5856,0.3391,0.8184
"EPFU","317428_SW",317428,"SW","South Coastal Region",49.04617,-120.85085,2022,TRUE,4,0,0.0996,0.5339,0.2834,0.7971
"EPFU","317428_SW",317428,"SW","South Coastal Region",49.04617,-120.85085,2023,TRUE,4,1,1,0.6005,0.3439,0.8411
"EPFU","317428_SW",317428,"SW","South Coastal Region",49.04617,-120.85085,2024,FALSE,0,NA,NA,0.6475,0.3833,0.879
"EPFU","317428_SW",317428,"SW","South Coastal Region",49.04617,-120.85085,2025,FALSE,0,NA,NA,0.6827,0.4188,0.8982
"EPFU","326072_NE",326072,"NE","South Coastal Region",49.09743,-122.51957,2017,TRUE,3,1,1,0.7273,0.4573,0.941
"EPFU","326072_NE",326072,"NE","South Coastal Region",49.09743,-122.51957,2018,TRUE,3,0,0.2624,0.6808,0.5154,0.8177
"EPFU","326072_NE",326072,"NE","South Coastal Region",49.09743,-122.51957,2019,TRUE,3,0,0.2736,0.6274,0.474,0.7693
"EPFU","326072_NE",326072,"NE","South Coastal Region",49.09743,-122.51957,2020,TRUE,4,1,1,0.5926,0.4358,0.7393
"EPFU","326072_NE",326072,"NE","South Coastal Region",49.09743,-122.51957,2021,TRUE,4,1,1,0.7096,0.575,0.8285
"EPFU","326072_NE",326072,"NE","South Coastal Region",49.09743,-122.51957,2022,TRUE,4,1,1,0.6969,0.5641,0.8126
"EPFU","326072_NE",326072,"NE","South Coastal Region",49.09743,-122.51957,2023,TRUE,4,1,1,0.7424,0.6083,0.8518
"EPFU","326072_NE",326072,"NE","South Coastal Region",49.09743,-122.51957,2024,FALSE,0,NA,NA,0.7827,0.6491,0.8854
"EPFU","326072_NE",326072,"NE","South Coastal Region",49.09743,-122.51957,2025,FALSE,0,NA,NA,0.818,0.6922,0.912
"EPFU","326072_NW",326072,"NW","South Coastal Region",49.05235,-122.58989,2017,TRUE,4,1,1,0.7313,0.4746,0.9377
"EPFU","326072_NW",326072,"NW","South Coastal Region",49.05235,-122.58989,2018,TRUE,3,1,1,0.6636,0.5035,0.8027
"EPFU","326072_NW",326072,"NW","South Coastal Region",49.05235,-122.58989,2019,TRUE,3,1,1,0.598,0.4361,0.7501
"EPFU","326072_NW",326072,"NW","South Coastal Region",49.05235,-122.58989,2020,TRUE,4,0,0.2262,0.5615,0.3967,0.7197
"EPFU","326072_NW",326072,"NW","South Coastal Region",49.05235,-122.58989,2021,TRUE,4,1,1,0.6813,0.5366,0.8114
"EPFU","326072_NW",326072,"NW","South Coastal Region",49.05235,-122.58989,2022,TRUE,4,1,1,0.6558,0.5116,0.7834
"EPFU","326072_NW",326072,"NW","South Coastal Region",49.05235,-122.58989,2023,TRUE,3,1,1,0.6959,0.5502,0.8172
"EPFU","326072_NW",326072,"NW","South Coastal Region",49.05235,-122.58989,2024,TRUE,4,1,1,0.7326,0.5868,0.8502
"EPFU","326072_NW",326072,"NW","South Coastal Region",49.05235,-122.58989,2025,TRUE,4,1,1,0.7695,0.6272,0.8808
"EPFU","326072_SE",326072,"SE","South Coastal Region",49.0144,-122.52755,2017,TRUE,4,1,1,0.7458,0.5011,0.9404
"EPFU","326072_SE",326072,"SE","South Coastal Region",49.0144,-122.52755,2018,TRUE,3,0,0.1347,0.678,0.5239,0.8114
"EPFU","326072_SE",326072,"SE","South Coastal Region",49.0144,-122.52755,2019,TRUE,3,0,0.0458,0.6123,0.4527,0.7595
"EPFU","326072_SE",326072,"SE","South Coastal Region",49.0144,-122.52755,2020,TRUE,4,0,0.0342,0.5759,0.4124,0.7287
"EPFU","326072_SE",326072,"SE","South Coastal Region",49.0144,-122.52755,2021,TRUE,4,1,1,0.6946,0.5551,0.8203
"EPFU","326072_SE",326072,"SE","South Coastal Region",49.0144,-122.52755,2022,TRUE,4,1,1,0.6786,0.541,0.8013
"EPFU","326072_SE",326072,"SE","South Coastal Region",49.0144,-122.52755,2023,FALSE,0,NA,NA,0.7104,0.5706,0.8275
"EPFU","326072_SE",326072,"SE","South Coastal Region",49.0144,-122.52755,2024,FALSE,0,NA,NA,0.7453,0.6057,0.8587
"EPFU","326072_SE",326072,"SE","South Coastal Region",49.0144,-122.52755,2025,FALSE,0,NA,NA,0.7799,0.6458,0.8858
"EPFU","326072_SW",326072,"SW","South Coastal Region",49.01082,-122.58104,2017,TRUE,4,1,1,0.8111,0.5207,0.9716
"EPFU","326072_SW",326072,"SW","South Coastal Region",49.01082,-122.58104,2018,TRUE,3,1,1,0.7364,0.5819,0.8653
"EPFU","326072_SW",326072,"SW","South Coastal Region",49.01082,-122.58104,2019,TRUE,3,0,0.5251,0.6765,0.5053,0.8194
"EPFU","326072_SW",326072,"SW","South Coastal Region",49.01082,-122.58104,2020,TRUE,4,1,1,0.6486,0.4752,0.8017
"EPFU","326072_SW",326072,"SW","South Coastal Region",49.01082,-122.58104,2021,TRUE,4,1,1,0.7736,0.6375,0.8814
"EPFU","326072_SW",326072,"SW","South Coastal Region",49.01082,-122.58104,2022,TRUE,4,1,1,0.7459,0.6023,0.8617
"EPFU","326072_SW",326072,"SW","South Coastal Region",49.01082,-122.58104,2023,TRUE,4,1,1,0.759,0.6164,0.8761
"EPFU","326072_SW",326072,"SW","South Coastal Region",49.01082,-122.58104,2024,TRUE,4,1,1,0.7835,0.6415,0.8975
"EPFU","326072_SW",326072,"SW","South Coastal Region",49.01082,-122.58104,2025,TRUE,4,1,1,0.8015,0.6727,0.9043
"EPFU","37274_NE",37274,"NE","Northern Region",53.08874,-119.20318,2017,FALSE,0,NA,NA,0.5589,0.2285,0.8652
"EPFU","37274_NE",37274,"NE","Northern Region",53.08874,-119.20318,2018,TRUE,4,1,1,0.3759,0.195,0.6026
"EPFU","37274_NE",37274,"NE","Northern Region",53.08874,-119.20318,2019,TRUE,3,1,1,0.2723,0.1264,0.4786
"EPFU","37274_NE",37274,"NE","Northern Region",53.08874,-119.20318,2020,TRUE,4,0,0.0369,0.2334,0.104,0.4232
"EPFU","37274_NE",37274,"NE","Northern Region",53.08874,-119.20318,2021,TRUE,4,0,0.01,0.3279,0.1698,0.5212
"EPFU","37274_NE",37274,"NE","Northern Region",53.08874,-119.20318,2022,TRUE,3,0,0.0076,0.2976,0.1468,0.4843
"EPFU","37274_NE",37274,"NE","Northern Region",53.08874,-119.20318,2023,FALSE,0,NA,NA,0.3352,0.167,0.5397
"EPFU","37274_NE",37274,"NE","Northern Region",53.08874,-119.20318,2024,TRUE,3,0,0.0271,0.3771,0.2006,0.5847
"EPFU","37274_NE",37274,"NE","Northern Region",53.08874,-119.20318,2025,FALSE,0,NA,NA,0.4428,0.2429,0.6532
"EPFU","37274_SE",37274,"SE","Northern Region",53.05051,-119.21418,2017,FALSE,0,NA,NA,0.596,0.2976,0.8654
"EPFU","37274_SE",37274,"SE","Northern Region",53.05051,-119.21418,2018,TRUE,4,1,1,0.5696,0.3862,0.7501
"EPFU","37274_SE",37274,"SE","Northern Region",53.05051,-119.21418,2019,TRUE,3,1,1,0.5249,0.3619,0.6958
"EPFU","37274_SE",37274,"SE","Northern Region",53.05051,-119.21418,2020,FALSE,0,NA,NA,0.4984,0.3336,0.6727
"EPFU","37274_SE",37274,"SE","Northern Region",53.05051,-119.21418,2021,TRUE,4,1,1,0.6129,0.4548,0.7638
"EPFU","37274_SE",37274,"SE","Northern Region",53.05051,-119.21418,2022,TRUE,3,0,0.4973,0.6031,0.4409,0.7593
"EPFU","37274_SE",37274,"SE","Northern Region",53.05051,-119.21418,2023,FALSE,0,NA,NA,0.6506,0.4827,0.802
"EPFU","37274_SE",37274,"SE","Northern Region",53.05051,-119.21418,2024,TRUE,3,1,1,0.6975,0.5345,0.8373
"EPFU","37274_SE",37274,"SE","Northern Region",53.05051,-119.21418,2025,FALSE,0,NA,NA,0.7497,0.5942,0.8735
"EPFU","37274_SW",37274,"SW","Northern Region",53.03564,-119.22895,2017,FALSE,0,NA,NA,0.5244,0.208,0.83
"EPFU","37274_SW",37274,"SW","Northern Region",53.03564,-119.22895,2018,TRUE,3,1,1,0.4689,0.2709,0.6885
"EPFU","37274_SW",37274,"SW","Northern Region",53.03564,-119.22895,2019,TRUE,3,1,1,0.4067,0.2402,0.5991
"EPFU","37274_SW",37274,"SW","Northern Region",53.03564,-119.22895,2020,TRUE,4,0,0.0422,0.3655,0.2159,0.5397
"EPFU","37274_SW",37274,"SW","Northern Region",53.03564,-119.22895,2021,TRUE,3,0,0.0204,0.4565,0.3008,0.6248
"EPFU","37274_SW",37274,"SW","Northern Region",53.03564,-119.22895,2022,TRUE,3,0,0.0093,0.4446,0.2869,0.6121
"EPFU","37274_SW",37274,"SW","Northern Region",53.03564,-119.22895,2023,FALSE,0,NA,NA,0.4852,0.3147,0.6585
"EPFU","37274_SW",37274,"SW","Northern Region",53.03564,-119.22895,2024,TRUE,3,0,0.0276,0.5304,0.3541,0.7033
"EPFU","37274_SW",37274,"SW","Northern Region",53.03564,-119.22895,2025,FALSE,0,NA,NA,0.5946,0.403,0.7654
"EPFU","38442_NW",38442,"NW","Okanagan Region",51.51999,-122.28978,2017,FALSE,0,NA,NA,0.9274,0.7822,0.9924
"EPFU","38442_NW",38442,"NW","Okanagan Region",51.51999,-122.28978,2018,TRUE,3,1,1,0.8792,0.7766,0.95
"EPFU","38442_NW",38442,"NW","Okanagan Region",51.51999,-122.28978,2019,FALSE,0,NA,NA,0.8368,0.716,0.9275
"EPFU","38442_NW",38442,"NW","Okanagan Region",51.51999,-122.28978,2020,TRUE,4,1,1,0.8101,0.6702,0.9185
"EPFU","38442_NW",38442,"NW","Okanagan Region",51.51999,-122.28978,2021,TRUE,4,1,1,0.8741,0.7714,0.9474
"EPFU","38442_NW",38442,"NW","Okanagan Region",51.51999,-122.28978,2022,FALSE,0,NA,NA,0.8692,0.7635,0.9453
"EPFU","38442_NW",38442,"NW","Okanagan Region",51.51999,-122.28978,2023,TRUE,4,1,1,0.8947,0.7978,0.9596
"EPFU","38442_NW",38442,"NW","Okanagan Region",51.51999,-122.28978,2024,TRUE,4,1,1,0.9141,0.8257,0.9716
"EPFU","38442_NW",38442,"NW","Okanagan Region",51.51999,-122.28978,2025,TRUE,4,1,1,0.9276,0.85,0.9761
"EPFU","38442_SW",38442,"SW","Okanagan Region",51.50238,-122.28992,2017,FALSE,0,NA,NA,0.9277,0.7819,0.9925
"EPFU","38442_SW",38442,"SW","Okanagan Region",51.50238,-122.28992,2018,TRUE,3,1,1,0.8833,0.7832,0.9526
"EPFU","38442_SW",38442,"SW","Okanagan Region",51.50238,-122.28992,2019,TRUE,4,1,1,0.844,0.7266,0.9318
"EPFU","38442_SW",38442,"SW","Okanagan Region",51.50238,-122.28992,2020,TRUE,4,1,1,0.8194,0.6824,0.9234
"EPFU","38442_SW",38442,"SW","Okanagan Region",51.50238,-122.28992,2021,TRUE,4,1,1,0.8825,0.7841,0.9519
"EPFU","38442_SW",38442,"SW","Okanagan Region",51.50238,-122.28992,2022,TRUE,4,1,1,0.8769,0.7752,0.9496
"EPFU","38442_SW",38442,"SW","Okanagan Region",51.50238,-122.28992,2023,TRUE,4,1,1,0.9015,0.8101,0.9633
"EPFU","38442_SW",38442,"SW","Okanagan Region",51.50238,-122.28992,2024,TRUE,4,1,1,0.9198,0.8365,0.9742
"EPFU","38442_SW",38442,"SW","Okanagan Region",51.50238,-122.28992,2025,FALSE,0,NA,NA,0.932,0.8587,0.9776
"EPFU","42026_NE",42026,"NE","Northern Region",55.85527,-121.65345,2017,FALSE,0,NA,NA,0.6532,0.3309,0.9175
"EPFU","42026_NE",42026,"NE","Northern Region",55.85527,-121.65345,2018,FALSE,0,NA,NA,0.538,0.3553,0.7214
"EPFU","42026_NE",42026,"NE","Northern Region",55.85527,-121.65345,2019,FALSE,0,NA,NA,0.4428,0.3004,0.6008
"EPFU","42026_NE",42026,"NE","Northern Region",55.85527,-121.65345,2020,FALSE,0,NA,NA,0.3949,0.2593,0.5507
"EPFU","42026_NE",42026,"NE","Northern Region",55.85527,-121.65345,2021,FALSE,0,NA,NA,0.5073,0.3727,0.6444
"EPFU","42026_NE",42026,"NE","Northern Region",55.85527,-121.65345,2022,TRUE,4,1,1,0.4877,0.3561,0.6247
"EPFU","42026_NE",42026,"NE","Northern Region",55.85527,-121.65345,2023,FALSE,0,NA,NA,0.5353,0.3925,0.6752
"EPFU","42026_NE",42026,"NE","Northern Region",55.85527,-121.65345,2024,TRUE,4,1,1,0.5857,0.448,0.7221
"EPFU","42026_NE",42026,"NE","Northern Region",55.85527,-121.65345,2025,TRUE,4,0,0.2187,0.6495,0.5045,0.7793
"EPFU","42026_NW",42026,"NW","Northern Region",55.83616,-121.71691,2017,FALSE,0,NA,NA,0.6435,0.3496,0.8973
"EPFU","42026_NW",42026,"NW","Northern Region",55.83616,-121.71691,2018,FALSE,0,NA,NA,0.566,0.3921,0.7406
"EPFU","42026_NW",42026,"NW","Northern Region",55.83616,-121.71691,2019,FALSE,0,NA,NA,0.4898,0.3412,0.6467
"EPFU","42026_NW",42026,"NW","Northern Region",55.83616,-121.71691,2020,FALSE,0,NA,NA,0.4477,0.3023,0.6033
"EPFU","42026_NW",42026,"NW","Northern Region",55.83616,-121.71691,2021,FALSE,0,NA,NA,0.5555,0.4154,0.6936
"EPFU","42026_NW",42026,"NW","Northern Region",55.83616,-121.71691,2022,TRUE,3,0,0.2133,0.5416,0.4027,0.6806
"EPFU","42026_NW",42026,"NW","Northern Region",55.83616,-121.71691,2023,FALSE,0,NA,NA,0.5879,0.4392,0.7297
"EPFU","42026_NW",42026,"NW","Northern Region",55.83616,-121.71691,2024,TRUE,4,1,1,0.6364,0.4898,0.7724
"EPFU","42026_NW",42026,"NW","Northern Region",55.83616,-121.71691,2025,TRUE,3,0,0.3704,0.6959,0.5504,0.8188
"EPFU","42026_SE",42026,"SE","Northern Region",55.81797,-121.66405,2017,FALSE,0,NA,NA,0.6796,0.3357,0.9381
"EPFU","42026_SE",42026,"SE","Northern Region",55.81797,-121.66405,2018,FALSE,0,NA,NA,0.5296,0.3478,0.7146
"EPFU","42026_SE",42026,"SE","Northern Region",55.81797,-121.66405,2019,FALSE,0,NA,NA,0.4194,0.2799,0.5753
"EPFU","42026_SE",42026,"SE","Northern Region",55.81797,-121.66405,2020,FALSE,0,NA,NA,0.3671,0.2384,0.5167
"EPFU","42026_SE",42026,"SE","Northern Region",55.81797,-121.66405,2021,FALSE,0,NA,NA,0.481,0.3494,0.6163
"EPFU","42026_SE",42026,"SE","Northern Region",55.81797,-121.66405,2022,TRUE,4,1,1,0.4573,0.3286,0.5925
"EPFU","42026_SE",42026,"SE","Northern Region",55.81797,-121.66405,2023,FALSE,0,NA,NA,0.5052,0.3654,0.644
"EPFU","42026_SE",42026,"SE","Northern Region",55.81797,-121.66405,2024,TRUE,4,1,1,0.5562,0.4193,0.6919
"EPFU","42026_SE",42026,"SE","Northern Region",55.81797,-121.66405,2025,TRUE,4,1,1,0.6222,0.4816,0.7522
"EPFU","42026_SW",42026,"SW","Northern Region",55.81131,-121.70131,2017,FALSE,0,NA,NA,0.6728,0.3499,0.9289
"EPFU","42026_SW",42026,"SW","Northern Region",55.81131,-121.70131,2018,FALSE,0,NA,NA,0.5,0.3248,0.6854
"EPFU","42026_SW",42026,"SW","Northern Region",55.81131,-121.70131,2019,FALSE,0,NA,NA,0.379,0.2465,0.5346
"EPFU","42026_SW",42026,"SW","Northern Region",55.81131,-121.70131,2020,FALSE,0,NA,NA,0.3221,0.203,0.4707
"EPFU","42026_SW",42026,"SW","Northern Region",55.81131,-121.70131,2021,FALSE,0,NA,NA,0.4268,0.301,0.5634
"EPFU","42026_SW",42026,"SW","Northern Region",55.81131,-121.70131,2022,TRUE,4,0,0.07,0.4017,0.2791,0.5297
"EPFU","42026_SW",42026,"SW","Northern Region",55.81131,-121.70131,2023,FALSE,0,NA,NA,0.4461,0.3097,0.5866
"EPFU","42026_SW",42026,"SW","Northern Region",55.81131,-121.70131,2024,TRUE,4,1,1,0.4951,0.3592,0.6342
"EPFU","42026_SW",42026,"SW","Northern Region",55.81131,-121.70131,2025,TRUE,4,0,0.1673,0.5639,0.4156,0.7022
"EPFU","47210_NW",47210,"NW","Okanagan Region",49.84159,-119.9783,2017,FALSE,0,NA,NA,0.6798,0.2488,0.9758
"EPFU","47210_NW",47210,"NW","Okanagan Region",49.84159,-119.9783,2018,FALSE,0,NA,NA,0.6205,0.3456,0.8543
"EPFU","47210_NW",47210,"NW","Okanagan Region",49.84159,-119.9783,2019,FALSE,0,NA,NA,0.5889,0.3542,0.8109
"EPFU","47210_NW",47210,"NW","Okanagan Region",49.84159,-119.9783,2020,FALSE,0,NA,NA,0.581,0.3455,0.8074
"EPFU","47210_NW",47210,"NW","Okanagan Region",49.84159,-119.9783,2021,FALSE,0,NA,NA,0.7178,0.4979,0.8892
"EPFU","47210_NW",47210,"NW","Okanagan Region",49.84159,-119.9783,2022,FALSE,0,NA,NA,0.6961,0.456,0.886
"EPFU","47210_NW",47210,"NW","Okanagan Region",49.84159,-119.9783,2023,TRUE,4,1,1,0.7503,0.5278,0.9135
"EPFU","47210_NW",47210,"NW","Okanagan Region",49.84159,-119.9783,2024,TRUE,4,0,0.5296,0.7872,0.569,0.9348
"EPFU","47210_NW",47210,"NW","Okanagan Region",49.84159,-119.9783,2025,TRUE,4,1,1,0.8149,0.6141,0.9461
"EPFU","47210_SE",47210,"SE","Okanagan Region",49.79638,-119.86985,2017,FALSE,0,NA,NA,0.7765,0.4567,0.976
"EPFU","47210_SE",47210,"SE","Okanagan Region",49.79638,-119.86985,2018,FALSE,0,NA,NA,0.6857,0.4647,0.865
"EPFU","47210_SE",47210,"SE","Okanagan Region",49.79638,-119.86985,2019,FALSE,0,NA,NA,0.6279,0.4199,0.8167
"EPFU","47210_SE",47210,"SE","Okanagan Region",49.79638,-119.86985,2020,FALSE,0,NA,NA,0.6028,0.3853,0.8016
"EPFU","47210_SE",47210,"SE","Okanagan Region",49.79638,-119.86985,2021,FALSE,0,NA,NA,0.7229,0.5335,0.8736
"EPFU","47210_SE",47210,"SE","Okanagan Region",49.79638,-119.86985,2022,FALSE,0,NA,NA,0.7083,0.5116,0.8711
"EPFU","47210_SE",47210,"SE","Okanagan Region",49.79638,-119.86985,2023,TRUE,4,1,1,0.7565,0.5696,0.8974
"EPFU","47210_SE",47210,"SE","Okanagan Region",49.79638,-119.86985,2024,TRUE,4,0,0.682,0.7935,0.6117,0.9213
"EPFU","47210_SE",47210,"SE","Okanagan Region",49.79638,-119.86985,2025,TRUE,4,1,1,0.8244,0.6548,0.9376
"EPFU","47210_SW",47210,"SW","Okanagan Region",49.79097,-119.95267,2017,FALSE,0,NA,NA,0.7152,0.3109,0.9773
"EPFU","47210_SW",47210,"SW","Okanagan Region",49.79097,-119.95267,2018,FALSE,0,NA,NA,0.7303,0.4578,0.8971
"EPFU","47210_SW",47210,"SW","Okanagan Region",49.79097,-119.95267,2019,FALSE,0,NA,NA,0.7259,0.5463,0.869
"EPFU","47210_SW",47210,"SW","Okanagan Region",49.79097,-119.95267,2020,FALSE,0,NA,NA,0.7285,0.5581,0.872
"EPFU","47210_SW",47210,"SW","Okanagan Region",49.79097,-119.95267,2021,FALSE,0,NA,NA,0.8346,0.7017,0.9292
"EPFU","47210_SW",47210,"SW","Okanagan Region",49.79097,-119.95267,2022,FALSE,0,NA,NA,0.8316,0.6948,0.9322
"EPFU","47210_SW",47210,"SW","Okanagan Region",49.79097,-119.95267,2023,TRUE,4,1,1,0.8692,0.748,0.951
"EPFU","47210_SW",47210,"SW","Okanagan Region",49.79097,-119.95267,2024,FALSE,0,NA,NA,0.8948,0.7862,0.9657
"EPFU","47210_SW",47210,"SW","Okanagan Region",49.79097,-119.95267,2025,TRUE,4,1,1,0.9098,0.8087,0.9724
"EPFU","47322_NE",47322,"NE","Northern Region",55.69808,-120.43213,2017,TRUE,4,1,1,0.5146,0.2336,0.7844
"EPFU","47322_NE",47322,"NE","Northern Region",55.69808,-120.43213,2018,TRUE,4,1,1,0.3962,0.239,0.5867
"EPFU","47322_NE",47322,"NE","Northern Region",55.69808,-120.43213,2019,TRUE,4,1,1,0.3091,0.182,0.4662
"EPFU","47322_NE",47322,"NE","Northern Region",55.69808,-120.43213,2020,TRUE,4,0,0.2282,0.2706,0.153,0.4203
"EPFU","47322_NE",47322,"NE","Northern Region",55.69808,-120.43213,2021,TRUE,4,1,1,0.3722,0.2354,0.5272
"EPFU","47322_NE",47322,"NE","Northern Region",55.69808,-120.43213,2022,TRUE,4,1,1,0.3501,0.2179,0.4964
"EPFU","47322_NE",47322,"NE","Northern Region",55.69808,-120.43213,2023,FALSE,0,NA,NA,0.3919,0.243,0.5461
"EPFU","47322_NE",47322,"NE","Northern Region",55.69808,-120.43213,2024,TRUE,4,1,1,0.4381,0.2849,0.5968
"EPFU","47322_NE",47322,"NE","Northern Region",55.69808,-120.43213,2025,TRUE,4,1,1,0.5077,0.3419,0.6761
"EPFU","47322_NW",47322,"NW","Northern Region",55.70016,-120.48989,2017,TRUE,4,1,1,0.6057,0.3102,0.8677
"EPFU","47322_NW",47322,"NW","Northern Region",55.70016,-120.48989,2018,FALSE,0,NA,NA,0.5158,0.3431,0.6993
"EPFU","47322_NW",47322,"NW","Northern Region",55.70016,-120.48989,2019,TRUE,4,1,1,0.4324,0.293,0.5921
"EPFU","47322_NW",47322,"NW","Northern Region",55.70016,-120.48989,2020,TRUE,4,1,1,0.3856,0.2548,0.5346
"EPFU","47322_NW",47322,"NW","Northern Region",55.70016,-120.48989,2021,TRUE,4,1,1,0.4838,0.3513,0.6223
"EPFU","47322_NW",47322,"NW","Northern Region",55.70016,-120.48989,2022,TRUE,4,1,1,0.4692,0.3345,0.6053
"EPFU","47322_NW",47322,"NW","Northern Region",55.70016,-120.48989,2023,FALSE,0,NA,NA,0.5126,0.3677,0.6549
"EPFU","47322_NW",47322,"NW","Northern Region",55.70016,-120.48989,2024,TRUE,4,1,1,0.5601,0.4157,0.7039
"EPFU","47322_NW",47322,"NW","Northern Region",55.70016,-120.48989,2025,FALSE,0,NA,NA,0.6256,0.4717,0.7601
"EPFU","47322_SE",47322,"SE","Northern Region",55.64597,-120.40102,2017,TRUE,4,0,0.056,0.5107,0.2226,0.7992
"EPFU","47322_SE",47322,"SE","Northern Region",55.64597,-120.40102,2018,TRUE,4,0,0.0773,0.399,0.2311,0.6021
"EPFU","47322_SE",47322,"SE","Northern Region",55.64597,-120.40102,2019,TRUE,4,1,1,0.3141,0.1826,0.4783
"EPFU","47322_SE",47322,"SE","Northern Region",55.64597,-120.40102,2020,TRUE,2,0,0.1578,0.275,0.1522,0.4281
"EPFU","47322_SE",47322,"SE","Northern Region",55.64597,-120.40102,2021,FALSE,0,NA,NA,0.3727,0.2314,0.5317
"EPFU","47322_SE",47322,"SE","Northern Region",55.64597,-120.40102,2022,TRUE,4,0,0.0271,0.3523,0.2152,0.5061
"EPFU","47322_SE",47322,"SE","Northern Region",55.64597,-120.40102,2023,FALSE,0,NA,NA,0.3931,0.2401,0.5526
"EPFU","47322_SE",47322,"SE","Northern Region",55.64597,-120.40102,2024,FALSE,0,NA,NA,0.4385,0.2773,0.606
"EPFU","47322_SE",47322,"SE","Northern Region",55.64597,-120.40102,2025,FALSE,0,NA,NA,0.5075,0.3354,0.6812
"EPFU","47322_SW",47322,"SW","Northern Region",55.65446,-120.49465,2017,TRUE,4,0,0.3824,0.6552,0.3553,0.9111
"EPFU","47322_SW",47322,"SW","Northern Region",55.65446,-120.49465,2018,TRUE,4,1,1,0.5112,0.3452,0.6839
"EPFU","47322_SW",47322,"SW","Northern Region",55.65446,-120.49465,2019,TRUE,2,1,1,0.4035,0.2708,0.5501
"EPFU","47322_SW",47322,"SW","Northern Region",55.65446,-120.49465,2020,TRUE,4,1,1,0.3514,0.2277,0.4928
"EPFU","47322_SW",47322,"SW","Northern Region",55.65446,-120.49465,2021,TRUE,4,1,1,0.4616,0.3353,0.5889
"EPFU","47322_SW",47322,"SW","Northern Region",55.65446,-120.49465,2022,TRUE,4,1,1,0.4388,0.3169,0.5659
"EPFU","47322_SW",47322,"SW","Northern Region",55.65446,-120.49465,2023,FALSE,0,NA,NA,0.4855,0.3506,0.6186
"EPFU","47322_SW",47322,"SW","Northern Region",55.65446,-120.49465,2024,TRUE,4,0,0.0322,0.5359,0.4067,0.6665
"EPFU","47322_SW",47322,"SW","Northern Region",55.65446,-120.49465,2025,TRUE,3,0,0.0291,0.6038,0.4676,0.7304
"EPFU","57322_NE",57322,"NE","South Coastal Region",49.09454,-122.09881,2017,TRUE,4,1,1,0.7427,0.4425,0.9557
"EPFU","57322_NE",57322,"NE","South Coastal Region",49.09454,-122.09881,2018,TRUE,2,1,1,0.6364,0.4516,0.7936
"EPFU","57322_NE",57322,"NE","South Coastal Region",49.09454,-122.09881,2019,TRUE,4,0,0.1111,0.5511,0.377,0.719
"EPFU","57322_NE",57322,"NE","South Coastal Region",49.09454,-122.09881,2020,TRUE,4,0,0.0736,0.5106,0.3407,0.68
"EPFU","57322_NE",57322,"NE","South Coastal Region",49.09454,-122.09881,2021,TRUE,4,1,1,0.6256,0.4683,0.7691
"EPFU","57322_NE",57322,"NE","South Coastal Region",49.09454,-122.09881,2022,TRUE,3,1,1,0.6076,0.4522,0.7536
"EPFU","57322_NE",57322,"NE","South Coastal Region",49.09454,-122.09881,2023,TRUE,4,1,1,0.6558,0.4904,0.797
"EPFU","57322_NE",57322,"NE","South Coastal Region",49.09454,-122.09881,2024,FALSE,0,NA,NA,0.7012,0.534,0.8379
"EPFU","57322_NE",57322,"NE","South Coastal Region",49.09454,-122.09881,2025,FALSE,0,NA,NA,0.7479,0.5844,0.8746
"EPFU","57322_NW",57322,"NW","South Coastal Region",49.07915,-122.16077,2017,TRUE,4,1,1,0.8141,0.5755,0.9608
"EPFU","57322_NW",57322,"NW","South Coastal Region",49.07915,-122.16077,2018,TRUE,4,1,1,0.6551,0.5013,0.7928
"EPFU","57322_NW",57322,"NW","South Coastal Region",49.07915,-122.16077,2019,TRUE,4,0,0.108,0.5548,0.3997,0.7073
"EPFU","57322_NW",57322,"NW","South Coastal Region",49.07915,-122.16077,2020,TRUE,4,0,0.0664,0.517,0.3673,0.6731
"EPFU","57322_NW",57322,"NW","South Coastal Region",49.07915,-122.16077,2021,TRUE,4,1,1,0.6606,0.5236,0.7825
"EPFU","57322_NW",57322,"NW","South Coastal Region",49.07915,-122.16077,2022,TRUE,4,1,1,0.6342,0.4971,0.7555
"EPFU","57322_NW",57322,"NW","South Coastal Region",49.07915,-122.16077,2023,FALSE,0,NA,NA,0.6894,0.5462,0.813
"EPFU","57322_NW",57322,"NW","South Coastal Region",49.07915,-122.16077,2024,FALSE,0,NA,NA,0.7356,0.5943,0.851
"EPFU","57322_NW",57322,"NW","South Coastal Region",49.07915,-122.16077,2025,TRUE,4,1,1,0.7728,0.6442,0.8783
"EPFU","57322_SE",57322,"SE","South Coastal Region",49.0141,-122.09198,2017,FALSE,0,NA,NA,0.6246,0.2518,0.9429
"EPFU","57322_SE",57322,"SE","South Coastal Region",49.0141,-122.09198,2018,TRUE,3,0,0.0249,0.6151,0.3683,0.8068
"EPFU","57322_SE",57322,"SE","South Coastal Region",49.0141,-122.09198,2019,TRUE,3,0,0.0249,0.586,0.4008,0.7574
"EPFU","57322_SE",57322,"SE","South Coastal Region",49.0141,-122.09198,2020,TRUE,4,0,0.0562,0.5772,0.4053,0.7371
"EPFU","57322_SE",57322,"SE","South Coastal Region",49.0141,-122.09198,2021,TRUE,4,1,1,0.7055,0.5528,0.8324
"EPFU","57322_SE",57322,"SE","South Coastal Region",49.0141,-122.09198,2022,TRUE,4,1,1,0.7003,0.5415,0.83
"EPFU","57322_SE",57322,"SE","South Coastal Region",49.0141,-122.09198,2023,TRUE,4,1,1,0.749,0.591,0.8698
"EPFU","57322_SE",57322,"SE","South Coastal Region",49.0141,-122.09198,2024,FALSE,0,NA,NA,0.7901,0.6374,0.9015
"EPFU","57322_SE",57322,"SE","South Coastal Region",49.0141,-122.09198,2025,TRUE,4,1,1,0.8261,0.6863,0.9237
"EPFU","57322_SW",57322,"SW","South Coastal Region",49.01663,-122.15131,2017,FALSE,0,NA,NA,0.8263,0.54,0.9768
"EPFU","57322_SW",57322,"SW","South Coastal Region",49.01663,-122.15131,2018,TRUE,4,1,1,0.7422,0.5774,0.8756
"EPFU","57322_SW",57322,"SW","South Coastal Region",49.01663,-122.15131,2019,TRUE,4,1,1,0.6842,0.5081,0.8331
"EPFU","57322_SW",57322,"SW","South Coastal Region",49.01663,-122.15131,2020,TRUE,4,0,0.0733,0.6634,0.4863,0.8247
"EPFU","57322_SW",57322,"SW","South Coastal Region",49.01663,-122.15131,2021,TRUE,4,0,0.0209,0.7892,0.6501,0.8958
"EPFU","57322_SW",57322,"SW","South Coastal Region",49.01663,-122.15131,2022,TRUE,4,1,1,0.7668,0.6114,0.8884
"EPFU","57322_SW",57322,"SW","South Coastal Region",49.01663,-122.15131,2023,TRUE,3,1,1,0.8144,0.6727,0.9203
"EPFU","57322_SW",57322,"SW","South Coastal Region",49.01663,-122.15131,2024,FALSE,0,NA,NA,0.8469,0.7131,0.9414
"EPFU","57322_SW",57322,"SW","South Coastal Region",49.01663,-122.15131,2025,TRUE,2,1,1,0.8634,0.7456,0.9487
"EPFU","58842_NW",58842,"NW","Northern Region",54.79952,-121.1886,2017,FALSE,0,NA,NA,0.5718,0.2916,0.8337
"EPFU","58842_NW",58842,"NW","Northern Region",54.79952,-121.1886,2018,FALSE,0,NA,NA,0.4581,0.2613,0.6624
"EPFU","58842_NW",58842,"NW","Northern Region",54.79952,-121.1886,2019,FALSE,0,NA,NA,0.3849,0.1891,0.5962
"EPFU","58842_NW",58842,"NW","Northern Region",54.79952,-121.1886,2020,FALSE,0,NA,NA,0.3583,0.1709,0.5743
"EPFU","58842_NW",58842,"NW","Northern Region",54.79952,-121.1886,2021,FALSE,0,NA,NA,0.4838,0.2764,0.6917
"EPFU","58842_NW",58842,"NW","Northern Region",54.79952,-121.1886,2022,FALSE,0,NA,NA,0.4539,0.2422,0.6801
"EPFU","58842_NW",58842,"NW","Northern Region",54.79952,-121.1886,2023,FALSE,0,NA,NA,0.505,0.2768,0.7337
"EPFU","58842_NW",58842,"NW","Northern Region",54.79952,-121.1886,2024,TRUE,4,1,1,0.5539,0.3224,0.7709
"EPFU","58842_NW",58842,"NW","Northern Region",54.79952,-121.1886,2025,TRUE,4,1,1,0.6169,0.392,0.8139
"EPFU","58842_SE",58842,"SE","Northern Region",54.73781,-121.16052,2017,FALSE,0,NA,NA,0.4843,0.2075,0.7667
"EPFU","58842_SE",58842,"SE","Northern Region",54.73781,-121.16052,2018,FALSE,0,NA,NA,0.3224,0.1654,0.5296
"EPFU","58842_SE",58842,"SE","Northern Region",54.73781,-121.16052,2019,FALSE,0,NA,NA,0.2406,0.1036,0.4248
"EPFU","58842_SE",58842,"SE","Northern Region",54.73781,-121.16052,2020,FALSE,0,NA,NA,0.2157,0.0887,0.3857
"EPFU","58842_SE",58842,"SE","Northern Region",54.73781,-121.16052,2021,FALSE,0,NA,NA,0.3216,0.1547,0.5222
"EPFU","58842_SE",58842,"SE","Northern Region",54.73781,-121.16052,2022,FALSE,0,NA,NA,0.2854,0.1315,0.4775
"EPFU","58842_SE",58842,"SE","Northern Region",54.73781,-121.16052,2023,FALSE,0,NA,NA,0.3258,0.1474,0.5326
"EPFU","58842_SE",58842,"SE","Northern Region",54.73781,-121.16052,2024,TRUE,4,1,1,0.3677,0.1809,0.5841
"EPFU","58842_SE",58842,"SE","Northern Region",54.73781,-121.16052,2025,TRUE,4,1,1,0.4357,0.2287,0.6509
"EPFU","58842_SW",58842,"SW","Northern Region",54.75716,-121.25541,2017,FALSE,0,NA,NA,0.4595,0.1732,0.7717
"EPFU","58842_SW",58842,"SW","Northern Region",54.75716,-121.25541,2018,FALSE,0,NA,NA,0.3311,0.1657,0.543
"EPFU","58842_SW",58842,"SW","Northern Region",54.75716,-121.25541,2019,FALSE,0,NA,NA,0.2578,0.1143,0.4495
"EPFU","58842_SW",58842,"SW","Northern Region",54.75716,-121.25541,2020,FALSE,0,NA,NA,0.2342,0.0974,0.4102
"EPFU","58842_SW",58842,"SW","Northern Region",54.75716,-121.25541,2021,FALSE,0,NA,NA,0.3424,0.1651,0.5482
"EPFU","58842_SW",58842,"SW","Northern Region",54.75716,-121.25541,2022,FALSE,0,NA,NA,0.3101,0.1426,0.5144
"EPFU","58842_SW",58842,"SW","Northern Region",54.75716,-121.25541,2023,FALSE,0,NA,NA,0.3521,0.162,0.5684
"EPFU","58842_SW",58842,"SW","Northern Region",54.75716,-121.25541,2024,TRUE,4,0,0.0536,0.3955,0.1923,0.618
"EPFU","58842_SW",58842,"SW","Northern Region",54.75716,-121.25541,2025,TRUE,4,1,1,0.4636,0.2445,0.6799
"EPFU","5994_NE",5994,"NE","Kootenay Region",49.26067,-115.24894,2017,FALSE,0,NA,NA,0.7935,0.5552,0.9453
"EPFU","5994_NE",5994,"NE","Kootenay Region",49.26067,-115.24894,2018,FALSE,0,NA,NA,0.774,0.6083,0.8948
"EPFU","5994_NE",5994,"NE","Kootenay Region",49.26067,-115.24894,2019,FALSE,0,NA,NA,0.7411,0.5838,0.8673
"EPFU","5994_NE",5994,"NE","Kootenay Region",49.26067,-115.24894,2020,TRUE,4,1,1,0.7191,0.56,0.86
"EPFU","5994_NE",5994,"NE","Kootenay Region",49.26067,-115.24894,2021,TRUE,4,1,1,0.7957,0.6557,0.9007
"EPFU","5994_NE",5994,"NE","Kootenay Region",49.26067,-115.24894,2022,TRUE,4,1,1,0.7955,0.6586,0.9044
"EPFU","5994_NE",5994,"NE","Kootenay Region",49.26067,-115.24894,2023,TRUE,4,1,1,0.8275,0.6987,0.9245
"EPFU","5994_NE",5994,"NE","Kootenay Region",49.26067,-115.24894,2024,TRUE,4,1,1,0.8561,0.7334,0.9434
"EPFU","5994_NE",5994,"NE","Kootenay Region",49.26067,-115.24894,2025,FALSE,0,NA,NA,0.8842,0.7777,0.9564
"EPFU","5994_SE",5994,"SE","Kootenay Region",49.21228,-115.26277,2017,FALSE,0,NA,NA,0.7187,0.4736,0.9011
"EPFU","5994_SE",5994,"SE","Kootenay Region",49.21228,-115.26277,2018,FALSE,0,NA,NA,0.7257,0.5452,0.8691
"EPFU","5994_SE",5994,"SE","Kootenay Region",49.21228,-115.26277,2019,FALSE,0,NA,NA,0.7109,0.5441,0.8488
"EPFU","5994_SE",5994,"SE","Kootenay Region",49.21228,-115.26277,2020,TRUE,4,1,1,0.7015,0.5277,0.8437
"EPFU","5994_SE",5994,"SE","Kootenay Region",49.21228,-115.26277,2021,TRUE,4,0,0.1736,0.7778,0.6263,0.8902
"EPFU","5994_SE",5994,"SE","Kootenay Region",49.21228,-115.26277,2022,TRUE,4,1,1,0.7836,0.6379,0.8969
"EPFU","5994_SE",5994,"SE","Kootenay Region",49.21228,-115.26277,2023,TRUE,4,1,1,0.8159,0.6752,0.9194
"EPFU","5994_SE",5994,"SE","Kootenay Region",49.21228,-115.26277,2024,TRUE,4,1,1,0.8456,0.7086,0.941
"EPFU","5994_SE",5994,"SE","Kootenay Region",49.21228,-115.26277,2025,FALSE,0,NA,NA,0.8767,0.7533,0.9566
"EPFU","60586_NW",60586,"NW","Kootenay Region",50.93041,-116.39001,2017,FALSE,0,NA,NA,0.7634,0.5414,0.9211
"EPFU","60586_NW",60586,"NW","Kootenay Region",50.93041,-116.39001,2018,FALSE,0,NA,NA,0.8063,0.6564,0.9095
"EPFU","60586_NW",60586,"NW","Kootenay Region",50.93041,-116.39001,2019,FALSE,0,NA,NA,0.8179,0.6928,0.9097
"EPFU","60586_NW",60586,"NW","Kootenay Region",50.93041,-116.39001,2020,TRUE,4,1,1,0.8266,0.7094,0.9155
"EPFU","60586_NW",60586,"NW","Kootenay Region",50.93041,-116.39001,2021,TRUE,4,1,1,0.8887,0.7989,0.9513
"EPFU","60586_NW",60586,"NW","Kootenay Region",50.93041,-116.39001,2022,TRUE,4,1,1,0.8952,0.8063,0.9573
"EPFU","60586_NW",60586,"NW","Kootenay Region",50.93041,-116.39001,2023,TRUE,4,1,1,0.9174,0.8372,0.9694
"EPFU","60586_NW",60586,"NW","Kootenay Region",50.93041,-116.39001,2024,TRUE,4,1,1,0.9336,0.8631,0.9781
"EPFU","60586_NW",60586,"NW","Kootenay Region",50.93041,-116.39001,2025,TRUE,4,1,1,0.9472,0.8889,0.9833
"EPFU","60586_SW",60586,"SW","Kootenay Region",50.90342,-116.39335,2017,FALSE,0,NA,NA,0.8104,0.3391,0.9908
"EPFU","60586_SW",60586,"SW","Kootenay Region",50.90342,-116.39335,2018,FALSE,0,NA,NA,0.7707,0.5008,0.931
"EPFU","60586_SW",60586,"SW","Kootenay Region",50.90342,-116.39335,2019,FALSE,0,NA,NA,0.7275,0.5011,0.8979
"EPFU","60586_SW",60586,"SW","Kootenay Region",50.90342,-116.39335,2020,TRUE,4,0,0.2589,0.7043,0.4881,0.8856
"EPFU","60586_SW",60586,"SW","Kootenay Region",50.90342,-116.39335,2021,TRUE,4,1,1,0.7957,0.6156,0.9243
"EPFU","60586_SW",60586,"SW","Kootenay Region",50.90342,-116.39335,2022,TRUE,4,1,1,0.7893,0.6006,0.9233
"EPFU","60586_SW",60586,"SW","Kootenay Region",50.90342,-116.39335,2023,TRUE,3,0,0.6962,0.8251,0.6511,0.9425
"EPFU","60586_SW",60586,"SW","Kootenay Region",50.90342,-116.39335,2024,TRUE,4,1,1,0.8547,0.6906,0.9592
"EPFU","60586_SW",60586,"SW","Kootenay Region",50.90342,-116.39335,2025,TRUE,4,1,1,0.8784,0.7331,0.9657
"EPFU","6202_NE",6202,"NE","South Coastal Region",48.53741,-123.50119,2017,FALSE,0,NA,NA,0.7301,0.4869,0.9195
"EPFU","6202_NE",6202,"NE","South Coastal Region",48.53741,-123.50119,2018,TRUE,4,1,1,0.6285,0.4837,0.7627
"EPFU","6202_NE",6202,"NE","South Coastal Region",48.53741,-123.50119,2019,TRUE,4,0,0.1431,0.5514,0.3984,0.698
"EPFU","6202_NE",6202,"NE","South Coastal Region",48.53741,-123.50119,2020,FALSE,0,NA,NA,0.5226,0.374,0.6761
"EPFU","6202_NE",6202,"NE","South Coastal Region",48.53741,-123.50119,2021,TRUE,4,1,1,0.6651,0.534,0.7901
"EPFU","6202_NE",6202,"NE","South Coastal Region",48.53741,-123.50119,2022,TRUE,4,1,1,0.6414,0.5053,0.7605
"EPFU","6202_NE",6202,"NE","South Coastal Region",48.53741,-123.50119,2023,TRUE,4,1,1,0.6946,0.5569,0.8123
"EPFU","6202_NE",6202,"NE","South Coastal Region",48.53741,-123.50119,2024,TRUE,3,1,1,0.7366,0.6044,0.8479
"EPFU","6202_NE",6202,"NE","South Coastal Region",48.53741,-123.50119,2025,FALSE,0,NA,NA,0.772,0.6402,0.8796
"EPFU","6202_NW",6202,"NW","South Coastal Region",48.50788,-123.60088,2017,FALSE,0,NA,NA,0.6253,0.3016,0.8959
"EPFU","6202_NW",6202,"NW","South Coastal Region",48.50788,-123.60088,2018,TRUE,4,0,0.0553,0.4838,0.3011,0.6641
"EPFU","6202_NW",6202,"NW","South Coastal Region",48.50788,-123.60088,2019,TRUE,3,0,0.0378,0.4153,0.2497,0.5924
"EPFU","6202_NW",6202,"NW","South Coastal Region",48.50788,-123.60088,2020,TRUE,4,0,0.026,0.4039,0.2476,0.5805
"EPFU","6202_NW",6202,"NW","South Coastal Region",48.50788,-123.60088,2021,TRUE,4,0,0.0418,0.5691,0.3977,0.7328
"EPFU","6202_NW",6202,"NW","South Coastal Region",48.50788,-123.60088,2022,TRUE,2,0,0.0376,0.522,0.3531,0.6915
"EPFU","6202_NW",6202,"NW","South Coastal Region",48.50788,-123.60088,2023,TRUE,3,0,0.0249,0.5847,0.4081,0.7522
"EPFU","6202_NW",6202,"NW","South Coastal Region",48.50788,-123.60088,2024,FALSE,0,NA,NA,0.6353,0.4604,0.7975
"EPFU","6202_NW",6202,"NW","South Coastal Region",48.50788,-123.60088,2025,FALSE,0,NA,NA,0.6799,0.5041,0.8338
"EPFU","6202_SE",6202,"SE","South Coastal Region",48.48934,-123.5079,2017,FALSE,0,NA,NA,0.7648,0.5356,0.9328
"EPFU","6202_SE",6202,"SE","South Coastal Region",48.48934,-123.5079,2018,TRUE,4,0,0.2818,0.701,0.5743,0.8159
"EPFU","6202_SE",6202,"SE","South Coastal Region",48.48934,-123.5079,2019,TRUE,4,1,1,0.6418,0.5034,0.7672
"EPFU","6202_SE",6202,"SE","South Coastal Region",48.48934,-123.5079,2020,FALSE,0,NA,NA,0.6171,0.4729,0.7543
"EPFU","6202_SE",6202,"SE","South Coastal Region",48.48934,-123.5079,2021,TRUE,4,1,1,0.746,0.63,0.8464
"EPFU","6202_SE",6202,"SE","South Coastal Region",48.48934,-123.5079,2022,TRUE,4,1,1,0.7228,0.6034,0.8226
"EPFU","6202_SE",6202,"SE","South Coastal Region",48.48934,-123.5079,2023,FALSE,0,NA,NA,0.7598,0.6462,0.859
"EPFU","6202_SE",6202,"SE","South Coastal Region",48.48934,-123.5079,2024,FALSE,0,NA,NA,0.7942,0.6797,0.8878
"EPFU","6202_SE",6202,"SE","South Coastal Region",48.48934,-123.5079,2025,FALSE,0,NA,NA,0.8202,0.7145,0.9064
"EPFU","6202_SW",6202,"SW","South Coastal Region",48.48637,-123.54913,2017,FALSE,0,NA,NA,0.7848,0.5604,0.9503
"EPFU","6202_SW",6202,"SW","South Coastal Region",48.48637,-123.54913,2018,TRUE,4,0,0.1018,0.6579,0.511,0.7872
"EPFU","6202_SW",6202,"SW","South Coastal Region",48.48637,-123.54913,2019,TRUE,4,0,0.0704,0.5642,0.4063,0.7121
"EPFU","6202_SW",6202,"SW","South Coastal Region",48.48637,-123.54913,2020,TRUE,4,1,1,0.5225,0.3712,0.6745
"EPFU","6202_SW",6202,"SW","South Coastal Region",48.48637,-123.54913,2021,TRUE,4,0,0.5658,0.6529,0.5177,0.7755
"EPFU","6202_SW",6202,"SW","South Coastal Region",48.48637,-123.54913,2022,TRUE,4,1,1,0.634,0.5001,0.7544
"EPFU","6202_SW",6202,"SW","South Coastal Region",48.48637,-123.54913,2023,FALSE,0,NA,NA,0.6839,0.5398,0.8036
"EPFU","6202_SW",6202,"SW","South Coastal Region",48.48637,-123.54913,2024,TRUE,3,1,1,0.7291,0.5892,0.8441
"EPFU","6202_SW",6202,"SW","South Coastal Region",48.48637,-123.54913,2025,TRUE,4,0,0.0973,0.7579,0.6223,0.8692
"EPFU","70250_NW",70250,"NW","Kootenay Region",51.24583,-116.91793,2017,FALSE,0,NA,NA,0.7399,0.4925,0.9155
"EPFU","70250_NW",70250,"NW","Kootenay Region",51.24583,-116.91793,2018,FALSE,0,NA,NA,0.7806,0.6077,0.9038
"EPFU","70250_NW",70250,"NW","Kootenay Region",51.24583,-116.91793,2019,FALSE,0,NA,NA,0.7916,0.6466,0.8993
"EPFU","70250_NW",70250,"NW","Kootenay Region",51.24583,-116.91793,2020,TRUE,4,1,1,0.8008,0.6647,0.9019
"EPFU","70250_NW",70250,"NW","Kootenay Region",51.24583,-116.91793,2021,TRUE,4,1,1,0.866,0.7591,0.9403
"EPFU","70250_NW",70250,"NW","Kootenay Region",51.24583,-116.91793,2022,TRUE,4,1,1,0.8748,0.7732,0.9473
"EPFU","70250_NW",70250,"NW","Kootenay Region",51.24583,-116.91793,2023,TRUE,4,1,1,0.8993,0.8062,0.9619
"EPFU","70250_NW",70250,"NW","Kootenay Region",51.24583,-116.91793,2024,TRUE,4,1,1,0.9185,0.834,0.9718
"EPFU","70250_NW",70250,"NW","Kootenay Region",51.24583,-116.91793,2025,TRUE,4,1,1,0.9363,0.8633,0.9798
"EPFU","70250_SW",70250,"SW","Kootenay Region",51.20982,-116.89974,2017,FALSE,0,NA,NA,0.7931,0.5349,0.9541
"EPFU","70250_SW",70250,"SW","Kootenay Region",51.20982,-116.89974,2018,FALSE,0,NA,NA,0.8044,0.637,0.9185
"EPFU","70250_SW",70250,"SW","Kootenay Region",51.20982,-116.89974,2019,FALSE,0,NA,NA,0.7935,0.6572,0.902
"EPFU","70250_SW",70250,"SW","Kootenay Region",51.20982,-116.89974,2020,TRUE,4,1,1,0.7864,0.6439,0.8998
"EPFU","70250_SW",70250,"SW","Kootenay Region",51.20982,-116.89974,2021,TRUE,4,0,0.7604,0.8556,0.7489,0.935
"EPFU","70250_SW",70250,"SW","Kootenay Region",51.20982,-116.89974,2022,TRUE,4,1,1,0.8585,0.7525,0.9384
"EPFU","70250_SW",70250,"SW","Kootenay Region",51.20982,-116.89974,2023,FALSE,0,NA,NA,0.8851,0.789,0.9542
"EPFU","70250_SW",70250,"SW","Kootenay Region",51.20982,-116.89974,2024,FALSE,0,NA,NA,0.9074,0.8214,0.9672
"EPFU","70250_SW",70250,"SW","Kootenay Region",51.20982,-116.89974,2025,TRUE,4,1,1,0.9261,0.851,0.9755
"EPFU","73002_NE",73002,"NE","Okanagan Region",50.85067,-121.87219,2017,TRUE,4,1,1,0.9099,0.7496,0.9898
"EPFU","73002_NE",73002,"NE","Okanagan Region",50.85067,-121.87219,2018,TRUE,4,1,1,0.8374,0.7029,0.9315
"EPFU","73002_NE",73002,"NE","Okanagan Region",50.85067,-121.87219,2019,TRUE,4,1,1,0.7768,0.6175,0.8972
"EPFU","73002_NE",73002,"NE","Okanagan Region",50.85067,-121.87219,2020,TRUE,4,1,1,0.7387,0.5608,0.8826
"EPFU","73002_NE",73002,"NE","Okanagan Region",50.85067,-121.87219,2021,TRUE,4,1,1,0.8132,0.6732,0.9151
"EPFU","73002_NE",73002,"NE","Okanagan Region",50.85067,-121.87219,2022,TRUE,4,1,1,0.8066,0.663,0.9128
"EPFU","73002_NE",73002,"NE","Okanagan Region",50.85067,-121.87219,2023,FALSE,0,NA,NA,0.8383,0.7069,0.9313
"EPFU","73002_NE",73002,"NE","Okanagan Region",50.85067,-121.87219,2024,TRUE,4,1,1,0.8646,0.7366,0.9495
"EPFU","73002_NE",73002,"NE","Okanagan Region",50.85067,-121.87219,2025,TRUE,4,1,1,0.887,0.7721,0.9594
"EPFU","73002_SE",73002,"SE","Okanagan Region",50.82484,-121.86896,2017,TRUE,4,1,1,0.9034,0.7312,0.9893
"EPFU","73002_SE",73002,"SE","Okanagan Region",50.82484,-121.86896,2018,TRUE,4,1,1,0.912,0.8064,0.9729
"EPFU","73002_SE",73002,"SE","Okanagan Region",50.82484,-121.86896,2019,TRUE,4,1,1,0.9074,0.804,0.9695
"EPFU","73002_SE",73002,"SE","Okanagan Region",50.82484,-121.86896,2020,TRUE,4,1,1,0.9042,0.7903,0.9707
"EPFU","73002_SE",73002,"SE","Okanagan Region",50.82484,-121.86896,2021,TRUE,4,1,1,0.9449,0.8701,0.9855
"EPFU","73002_SE",73002,"SE","Okanagan Region",50.82484,-121.86896,2022,TRUE,4,1,1,0.9429,0.8612,0.9862
"EPFU","73002_SE",73002,"SE","Okanagan Region",50.82484,-121.86896,2023,TRUE,4,0,0.7689,0.9572,0.8904,0.9906
"EPFU","73002_SE",73002,"SE","Okanagan Region",50.82484,-121.86896,2024,TRUE,4,1,1,0.966,0.9069,0.9937
"EPFU","73002_SE",73002,"SE","Okanagan Region",50.82484,-121.86896,2025,TRUE,4,1,1,0.9704,0.9201,0.994
"EPFU","73002_SW",73002,"SW","Okanagan Region",50.80422,-121.87782,2017,TRUE,4,1,1,0.8818,0.6889,0.9865
"EPFU","73002_SW",73002,"SW","Okanagan Region",50.80422,-121.87782,2018,TRUE,4,1,1,0.8742,0.7532,0.9522
"EPFU","73002_SW",73002,"SW","Okanagan Region",50.80422,-121.87782,2019,TRUE,4,1,1,0.858,0.7478,0.9361
"EPFU","73002_SW",73002,"SW","Okanagan Region",50.80422,-121.87782,2020,TRUE,4,1,1,0.8481,0.7307,0.9348
"EPFU","73002_SW",73002,"SW","Okanagan Region",50.80422,-121.87782,2021,TRUE,4,1,1,0.9058,0.8199,0.9635
"EPFU","73002_SW",73002,"SW","Okanagan Region",50.80422,-121.87782,2022,TRUE,4,1,1,0.9042,0.8142,0.9635
"EPFU","73002_SW",73002,"SW","Okanagan Region",50.80422,-121.87782,2023,TRUE,3,1,1,0.9256,0.8468,0.9742
"EPFU","73002_SW",73002,"SW","Okanagan Region",50.80422,-121.87782,2024,TRUE,4,1,1,0.9405,0.869,0.9821
"EPFU","73002_SW",73002,"SW","Okanagan Region",50.80422,-121.87782,2025,TRUE,4,1,1,0.95,0.8886,0.9845
"EPFU","73786_NW",73786,"NW","South Coastal Region",49.12334,-123.06198,2017,TRUE,4,0,0.0913,0.774,0.5329,0.9496
"EPFU","73786_NW",73786,"NW","South Coastal Region",49.12334,-123.06198,2018,TRUE,4,0,0.0309,0.7278,0.586,0.8465
"EPFU","73786_NW",73786,"NW","South Coastal Region",49.12334,-123.06198,2019,TRUE,3,0,0.0493,0.6753,0.5239,0.805
"EPFU","73786_NW",73786,"NW","South Coastal Region",49.12334,-123.06198,2020,TRUE,4,0,0.0638,0.6493,0.491,0.7865
"EPFU","73786_NW",73786,"NW","South Coastal Region",49.12334,-123.06198,2021,TRUE,3,1,1,0.7596,0.6314,0.8659
"EPFU","73786_NW",73786,"NW","South Coastal Region",49.12334,-123.06198,2022,TRUE,3,1,1,0.7522,0.6245,0.8583
"EPFU","73786_NW",73786,"NW","South Coastal Region",49.12334,-123.06198,2023,TRUE,3,1,1,0.7927,0.6653,0.8924
"EPFU","73786_NW",73786,"NW","South Coastal Region",49.12334,-123.06198,2024,TRUE,3,1,1,0.8275,0.7036,0.9181
"EPFU","73786_NW",73786,"NW","South Coastal Region",49.12334,-123.06198,2025,TRUE,4,0,0.1824,0.8548,0.7407,0.9349
"EPFU","73786_SE",73786,"SE","South Coastal Region",49.12604,-123.00163,2017,TRUE,4,1,1,0.7198,0.3726,0.9613
"EPFU","73786_SE",73786,"SE","South Coastal Region",49.12604,-123.00163,2018,TRUE,2,1,1,0.6925,0.4771,0.8509
"EPFU","73786_SE",73786,"SE","South Coastal Region",49.12604,-123.00163,2019,TRUE,2,1,1,0.6507,0.4703,0.8084
"EPFU","73786_SE",73786,"SE","South Coastal Region",49.12604,-123.00163,2020,TRUE,4,1,1,0.6299,0.4503,0.7841
"EPFU","73786_SE",73786,"SE","South Coastal Region",49.12604,-123.00163,2021,TRUE,3,1,1,0.7368,0.5834,0.8622
"EPFU","73786_SE",73786,"SE","South Coastal Region",49.12604,-123.00163,2022,TRUE,4,1,1,0.7336,0.5807,0.8599
"EPFU","73786_SE",73786,"SE","South Coastal Region",49.12604,-123.00163,2023,TRUE,3,1,1,0.7741,0.6218,0.8904
"EPFU","73786_SE",73786,"SE","South Coastal Region",49.12604,-123.00163,2024,TRUE,3,1,1,0.8102,0.6598,0.9174
"EPFU","73786_SE",73786,"SE","South Coastal Region",49.12604,-123.00163,2025,TRUE,4,1,1,0.8425,0.7008,0.9354
"EPFU","73786_SW",73786,"SW","South Coastal Region",49.10823,-123.07992,2017,FALSE,0,NA,NA,0.8345,0.4454,0.9911
"EPFU","73786_SW",73786,"SW","South Coastal Region",49.10823,-123.07992,2018,TRUE,2,1,1,0.7127,0.4995,0.8763
"EPFU","73786_SW",73786,"SW","South Coastal Region",49.10823,-123.07992,2019,TRUE,3,0,0.2873,0.6419,0.4305,0.8223
"EPFU","73786_SW",73786,"SW","South Coastal Region",49.10823,-123.07992,2020,TRUE,4,0,0.0607,0.6194,0.4204,0.8019
"EPFU","73786_SW",73786,"SW","South Coastal Region",49.10823,-123.07992,2021,TRUE,3,0,0.308,0.7545,0.5873,0.8855
"EPFU","73786_SW",73786,"SW","South Coastal Region",49.10823,-123.07992,2022,TRUE,3,1,1,0.7256,0.5423,0.8716
"EPFU","73786_SW",73786,"SW","South Coastal Region",49.10823,-123.07992,2023,TRUE,3,1,1,0.7758,0.6008,0.9074
"EPFU","73786_SW",73786,"SW","South Coastal Region",49.10823,-123.07992,2024,FALSE,0,NA,NA,0.8114,0.6418,0.93
"EPFU","73786_SW",73786,"SW","South Coastal Region",49.10823,-123.07992,2025,TRUE,4,1,1,0.8297,0.6818,0.9368
"EPFU","77162_NE",77162,"NE","Kootenay Region",50.95478,-118.09975,2017,TRUE,4,0,0.0033,0.3367,0.0304,0.8177
"EPFU","77162_NE",77162,"NE","Kootenay Region",50.95478,-118.09975,2018,TRUE,4,0,0.0051,0.5826,0.2506,0.8662
"EPFU","77162_NE",77162,"NE","Kootenay Region",50.95478,-118.09975,2019,TRUE,4,0,0.0136,0.7014,0.4289,0.8969
"EPFU","77162_NE",77162,"NE","Kootenay Region",50.95478,-118.09975,2020,TRUE,4,0,0.0084,0.779,0.553,0.9265
"EPFU","77162_NE",77162,"NE","Kootenay Region",50.95478,-118.09975,2021,TRUE,4,0,0.0613,0.8832,0.7154,0.9736
"EPFU","77162_NE",77162,"NE","Kootenay Region",50.95478,-118.09975,2022,FALSE,0,NA,NA,0.9011,0.746,0.9801
"EPFU","77162_NE",77162,"NE","Kootenay Region",50.95478,-118.09975,2023,FALSE,0,NA,NA,0.9291,0.8008,0.9879
"EPFU","77162_NE",77162,"NE","Kootenay Region",50.95478,-118.09975,2024,FALSE,0,NA,NA,0.9478,0.8387,0.9928
"EPFU","77162_NE",77162,"NE","Kootenay Region",50.95478,-118.09975,2025,FALSE,0,NA,NA,0.9592,0.8668,0.9948
"EPFU","77162_SW",77162,"SW","Kootenay Region",50.886,-118.10586,2017,TRUE,4,1,1,0.8396,0.5834,0.9715
"EPFU","77162_SW",77162,"SW","Kootenay Region",50.886,-118.10586,2018,TRUE,4,1,1,0.846,0.6797,0.9425
"EPFU","77162_SW",77162,"SW","Kootenay Region",50.886,-118.10586,2019,TRUE,4,1,1,0.8348,0.6987,0.9282
"EPFU","77162_SW",77162,"SW","Kootenay Region",50.886,-118.10586,2020,TRUE,4,1,1,0.8268,0.6916,0.9223
"EPFU","77162_SW",77162,"SW","Kootenay Region",50.886,-118.10586,2021,TRUE,4,1,1,0.8805,0.7769,0.9498
"EPFU","77162_SW",77162,"SW","Kootenay Region",50.886,-118.10586,2022,TRUE,4,1,1,0.8829,0.7818,0.9526
"EPFU","77162_SW",77162,"SW","Kootenay Region",50.886,-118.10586,2023,TRUE,4,1,1,0.9043,0.8088,0.9654
"EPFU","77162_SW",77162,"SW","Kootenay Region",50.886,-118.10586,2024,FALSE,0,NA,NA,0.9224,0.8389,0.9746
"EPFU","77162_SW",77162,"SW","Kootenay Region",50.886,-118.10586,2025,TRUE,2,1,1,0.9388,0.8661,0.981
"EPFU","79018_NE",79018,"NE","Kootenay Region",50.2021,-116.91007,2017,TRUE,4,1,1,0.6588,0.3977,0.8746
"EPFU","79018_NE",79018,"NE","Kootenay Region",50.2021,-116.91007,2018,TRUE,4,1,1,0.7224,0.5272,0.8736
"EPFU","79018_NE",79018,"NE","Kootenay Region",50.2021,-116.91007,2019,TRUE,4,1,1,0.7473,0.581,0.8738
"EPFU","79018_NE",79018,"NE","Kootenay Region",50.2021,-116.91007,2020,TRUE,4,0,0.6567,0.7673,0.6169,0.881
"EPFU","79018_NE",79018,"NE","Kootenay Region",50.2021,-116.91007,2021,FALSE,0,NA,NA,0.847,0.725,0.9317
"EPFU","79018_NE",79018,"NE","Kootenay Region",50.2021,-116.91007,2022,TRUE,4,1,1,0.8588,0.7451,0.9389
"EPFU","79018_NE",79018,"NE","Kootenay Region",50.2021,-116.91007,2023,TRUE,4,1,1,0.8877,0.7834,0.9558
"EPFU","79018_NE",79018,"NE","Kootenay Region",50.2021,-116.91007,2024,TRUE,4,1,1,0.9114,0.8153,0.9696
"EPFU","79018_NE",79018,"NE","Kootenay Region",50.2021,-116.91007,2025,TRUE,4,1,1,0.9324,0.8545,0.9785
"EPFU","79018_NW",79018,"NW","Kootenay Region",50.19383,-116.94752,2017,TRUE,4,1,1,0.8082,0.5367,0.959
"EPFU","79018_NW",79018,"NW","Kootenay Region",50.19383,-116.94752,2018,FALSE,0,NA,NA,0.8045,0.6132,0.9243
"EPFU","79018_NW",79018,"NW","Kootenay Region",50.19383,-116.94752,2019,TRUE,4,1,1,0.7844,0.6175,0.9033
"EPFU","79018_NW",79018,"NW","Kootenay Region",50.19383,-116.94752,2020,TRUE,4,1,1,0.7692,0.6075,0.8902
"EPFU","79018_NW",79018,"NW","Kootenay Region",50.19383,-116.94752,2021,TRUE,4,1,1,0.8281,0.6948,0.9222
"EPFU","79018_NW",79018,"NW","Kootenay Region",50.19383,-116.94752,2022,TRUE,3,1,1,0.8259,0.6923,0.9216
"EPFU","79018_NW",79018,"NW","Kootenay Region",50.19383,-116.94752,2023,TRUE,4,1,1,0.8496,0.7225,0.9377
"EPFU","79018_NW",79018,"NW","Kootenay Region",50.19383,-116.94752,2024,TRUE,4,1,1,0.8723,0.7548,0.9531
"EPFU","79018_NW",79018,"NW","Kootenay Region",50.19383,-116.94752,2025,TRUE,4,1,1,0.8967,0.7903,0.9643
"EPFU","79018_SE",79018,"SE","Kootenay Region",50.18723,-116.90419,2017,TRUE,4,1,1,0.6826,0.4048,0.8999
"EPFU","79018_SE",79018,"SE","Kootenay Region",50.18723,-116.90419,2018,FALSE,0,NA,NA,0.7162,0.505,0.8748
"EPFU","79018_SE",79018,"SE","Kootenay Region",50.18723,-116.90419,2019,TRUE,4,1,1,0.7184,0.5282,0.8696
"EPFU","79018_SE",79018,"SE","Kootenay Region",50.18723,-116.90419,2020,TRUE,4,1,1,0.722,0.5283,0.8725
"EPFU","79018_SE",79018,"SE","Kootenay Region",50.18723,-116.90419,2021,TRUE,4,1,1,0.8072,0.6337,0.9261
"EPFU","79018_SE",79018,"SE","Kootenay Region",50.18723,-116.90419,2022,TRUE,4,0,0.7664,0.8122,0.6375,0.9322
"EPFU","79018_SE",79018,"SE","Kootenay Region",50.18723,-116.90419,2023,TRUE,4,1,1,0.8452,0.6754,0.9494
"EPFU","79018_SE",79018,"SE","Kootenay Region",50.18723,-116.90419,2024,TRUE,3,1,1,0.8727,0.7088,0.9637
"EPFU","79018_SE",79018,"SE","Kootenay Region",50.18723,-116.90419,2025,TRUE,4,1,1,0.8993,0.7645,0.9725
"EPFU","79018_SW",79018,"SW","Kootenay Region",50.17771,-116.95968,2017,TRUE,4,1,1,0.8494,0.5962,0.9783
"EPFU","79018_SW",79018,"SW","Kootenay Region",50.17771,-116.95968,2018,FALSE,0,NA,NA,0.8293,0.6607,0.9364
"EPFU","79018_SW",79018,"SW","Kootenay Region",50.17771,-116.95968,2019,TRUE,4,1,1,0.7982,0.6539,0.9105
"EPFU","79018_SW",79018,"SW","Kootenay Region",50.17771,-116.95968,2020,TRUE,3,0,0.7789,0.7765,0.624,0.8986
"EPFU","79018_SW",79018,"SW","Kootenay Region",50.17771,-116.95968,2021,TRUE,3,1,1,0.8403,0.7153,0.9315
"EPFU","79018_SW",79018,"SW","Kootenay Region",50.17771,-116.95968,2022,TRUE,4,1,1,0.8395,0.7144,0.9308
"EPFU","79018_SW",79018,"SW","Kootenay Region",50.17771,-116.95968,2023,TRUE,4,1,1,0.866,0.7512,0.9477
"EPFU","79018_SW",79018,"SW","Kootenay Region",50.17771,-116.95968,2024,TRUE,4,1,1,0.8893,0.7836,0.9609
"EPFU","79018_SW",79018,"SW","Kootenay Region",50.17771,-116.95968,2025,FALSE,0,NA,NA,0.9108,0.8162,0.9701
"EPFU","86074_NE",86074,"NE","South Coastal Region",49.23087,-122.3056,2017,TRUE,4,1,1,0.6964,0.4522,0.9145
"EPFU","86074_NE",86074,"NE","South Coastal Region",49.23087,-122.3056,2018,TRUE,3,0,0.2302,0.5411,0.3264,0.743
"EPFU","86074_NE",86074,"NE","South Coastal Region",49.23087,-122.3056,2019,FALSE,0,NA,NA,0.4689,0.2586,0.6895
"EPFU","86074_NE",86074,"NE","South Coastal Region",49.23087,-122.3056,2020,TRUE,3,1,1,0.4512,0.2567,0.6752
"EPFU","86074_NE",86074,"NE","South Coastal Region",49.23087,-122.3056,2021,TRUE,4,1,1,0.6066,0.4001,0.7892
"EPFU","86074_NE",86074,"NE","South Coastal Region",49.23087,-122.3056,2022,TRUE,4,1,1,0.5634,0.3487,0.7735
"EPFU","86074_NE",86074,"NE","South Coastal Region",49.23087,-122.3056,2023,TRUE,4,0,0.0149,0.6251,0.4066,0.8211
"EPFU","86074_NE",86074,"NE","South Coastal Region",49.23087,-122.3056,2024,TRUE,4,0,0.0142,0.6723,0.4459,0.8538
"EPFU","86074_NE",86074,"NE","South Coastal Region",49.23087,-122.3056,2025,FALSE,0,NA,NA,0.714,0.5081,0.8813
"EPFU","86074_NW",86074,"NW","South Coastal Region",49.18442,-122.40331,2017,TRUE,4,1,1,0.8091,0.5835,0.9574
"EPFU","86074_NW",86074,"NW","South Coastal Region",49.18442,-122.40331,2018,FALSE,0,NA,NA,0.6883,0.5495,0.81
"EPFU","86074_NW",86074,"NW","South Coastal Region",49.18442,-122.40331,2019,FALSE,0,NA,NA,0.6022,0.4524,0.7394
"EPFU","86074_NW",86074,"NW","South Coastal Region",49.18442,-122.40331,2020,TRUE,4,1,1,0.5669,0.422,0.7126
"EPFU","86074_NW",86074,"NW","South Coastal Region",49.18442,-122.40331,2021,FALSE,0,NA,NA,0.7027,0.5749,0.8134
"EPFU","86074_NW",86074,"NW","South Coastal Region",49.18442,-122.40331,2022,TRUE,4,1,1,0.6821,0.5531,0.7931
"EPFU","86074_NW",86074,"NW","South Coastal Region",49.18442,-122.40331,2023,FALSE,0,NA,NA,0.734,0.606,0.8432
"EPFU","86074_NW",86074,"NW","South Coastal Region",49.18442,-122.40331,2024,FALSE,0,NA,NA,0.7766,0.6513,0.8793
"EPFU","86074_NW",86074,"NW","South Coastal Region",49.18442,-122.40331,2025,FALSE,0,NA,NA,0.8088,0.6951,0.8998
"EPFU","86074_SE",86074,"SE","South Coastal Region",49.16962,-122.3193,2017,TRUE,4,1,1,0.7967,0.4653,0.9736
"EPFU","86074_SE",86074,"SE","South Coastal Region",49.16962,-122.3193,2018,FALSE,0,NA,NA,0.6767,0.5067,0.8293
"EPFU","86074_SE",86074,"SE","South Coastal Region",49.16962,-122.3193,2019,FALSE,0,NA,NA,0.6026,0.4328,0.7602
"EPFU","86074_SE",86074,"SE","South Coastal Region",49.16962,-122.3193,2020,TRUE,4,1,1,0.5794,0.4104,0.7406
"EPFU","86074_SE",86074,"SE","South Coastal Region",49.16962,-122.3193,2021,TRUE,4,1,1,0.724,0.5795,0.845
"EPFU","86074_SE",86074,"SE","South Coastal Region",49.16962,-122.3193,2022,TRUE,4,1,1,0.6724,0.5169,0.8095
"EPFU","86074_SE",86074,"SE","South Coastal Region",49.16962,-122.3193,2023,FALSE,0,NA,NA,0.7257,0.5702,0.8541
"EPFU","86074_SE",86074,"SE","South Coastal Region",49.16962,-122.3193,2024,FALSE,0,NA,NA,0.766,0.6162,0.8869
"EPFU","86074_SE",86074,"SE","South Coastal Region",49.16962,-122.3193,2025,FALSE,0,NA,NA,0.7912,0.6568,0.9009
"EPFU","86074_SW",86074,"SW","South Coastal Region",49.14174,-122.38204,2017,TRUE,2,1,1,0.7755,0.5403,0.949
"EPFU","86074_SW",86074,"SW","South Coastal Region",49.14174,-122.38204,2018,FALSE,0,NA,NA,0.7427,0.6069,0.8537
"EPFU","86074_SW",86074,"SW","South Coastal Region",49.14174,-122.38204,2019,TRUE,4,0,0.138,0.7007,0.5555,0.8234
"EPFU","86074_SW",86074,"SW","South Coastal Region",49.14174,-122.38204,2020,TRUE,3,0,0.1676,0.6813,0.5318,0.8125
"EPFU","86074_SW",86074,"SW","South Coastal Region",49.14174,-122.38204,2021,FALSE,0,NA,NA,0.7856,0.6668,0.8784
"EPFU","86074_SW",86074,"SW","South Coastal Region",49.14174,-122.38204,2022,TRUE,4,1,1,0.773,0.6462,0.8743
"EPFU","86074_SW",86074,"SW","South Coastal Region",49.14174,-122.38204,2023,TRUE,4,1,1,0.8143,0.6957,0.9065
"EPFU","86074_SW",86074,"SW","South Coastal Region",49.14174,-122.38204,2024,TRUE,4,1,1,0.8471,0.7324,0.9305
"EPFU","86074_SW",86074,"SW","South Coastal Region",49.14174,-122.38204,2025,FALSE,0,NA,NA,0.8704,0.7682,0.9422
"EPFU","89962_NE",89962,"NE","Kootenay Region",49.07682,-117.5986,2017,FALSE,0,NA,NA,0.7674,0.5053,0.9363
"EPFU","89962_NE",89962,"NE","Kootenay Region",49.07682,-117.5986,2018,FALSE,0,NA,NA,0.7869,0.5972,0.9125
"EPFU","89962_NE",89962,"NE","Kootenay Region",49.07682,-117.5986,2019,FALSE,0,NA,NA,0.7834,0.623,0.8991
"EPFU","89962_NE",89962,"NE","Kootenay Region",49.07682,-117.5986,2020,FALSE,0,NA,NA,0.7815,0.6289,0.8948
"EPFU","89962_NE",89962,"NE","Kootenay Region",49.07682,-117.5986,2021,FALSE,0,NA,NA,0.8438,0.7198,0.9305
"EPFU","89962_NE",89962,"NE","Kootenay Region",49.07682,-117.5986,2022,TRUE,4,1,1,0.8505,0.7328,0.9361
"EPFU","89962_NE",89962,"NE","Kootenay Region",49.07682,-117.5986,2023,TRUE,4,1,1,0.8759,0.7659,0.9512
"EPFU","89962_NE",89962,"NE","Kootenay Region",49.07682,-117.5986,2024,FALSE,0,NA,NA,0.8984,0.7962,0.9644
"EPFU","89962_NE",89962,"NE","Kootenay Region",49.07682,-117.5986,2025,TRUE,4,1,1,0.9205,0.8304,0.975
"EPFU","89962_SE",89962,"SE","Kootenay Region",49.00974,-117.57236,2017,FALSE,0,NA,NA,0.8511,0.6055,0.9769
"EPFU","89962_SE",89962,"SE","Kootenay Region",49.00974,-117.57236,2018,FALSE,0,NA,NA,0.8703,0.7181,0.9555
"EPFU","89962_SE",89962,"SE","Kootenay Region",49.00974,-117.57236,2019,FALSE,0,NA,NA,0.8681,0.7421,0.9486
"EPFU","89962_SE",89962,"SE","Kootenay Region",49.00974,-117.57236,2020,FALSE,0,NA,NA,0.8664,0.7466,0.9479
"EPFU","89962_SE",89962,"SE","Kootenay Region",49.00974,-117.57236,2021,FALSE,0,NA,NA,0.915,0.8269,0.9695
"EPFU","89962_SE",89962,"SE","Kootenay Region",49.00974,-117.57236,2022,TRUE,4,1,1,0.9167,0.8266,0.9718
"EPFU","89962_SE",89962,"SE","Kootenay Region",49.00974,-117.57236,2023,FALSE,0,NA,NA,0.9344,0.8542,0.98
"EPFU","89962_SE",89962,"SE","Kootenay Region",49.00974,-117.57236,2024,TRUE,4,1,1,0.9481,0.8794,0.9863
"EPFU","89962_SE",89962,"SE","Kootenay Region",49.00974,-117.57236,2025,TRUE,4,1,1,0.9584,0.8978,0.9893
"EPFU","89962_SW",89962,"SW","Kootenay Region",49.0077,-117.63034,2017,FALSE,0,NA,NA,0.8282,0.5326,0.9727
"EPFU","89962_SW",89962,"SW","Kootenay Region",49.0077,-117.63034,2018,FALSE,0,NA,NA,0.8014,0.5864,0.9316
"EPFU","89962_SW",89962,"SW","Kootenay Region",49.0077,-117.63034,2019,FALSE,0,NA,NA,0.7642,0.5633,0.9043
"EPFU","89962_SW",89962,"SW","Kootenay Region",49.0077,-117.63034,2020,FALSE,0,NA,NA,0.7366,0.5287,0.888
"EPFU","89962_SW",89962,"SW","Kootenay Region",49.0077,-117.63034,2021,FALSE,0,NA,NA,0.7921,0.6137,0.9139
"EPFU","89962_SW",89962,"SW","Kootenay Region",49.0077,-117.63034,2022,TRUE,4,1,1,0.7913,0.6115,0.9138
"EPFU","89962_SW",89962,"SW","Kootenay Region",49.0077,-117.63034,2023,FALSE,0,NA,NA,0.8168,0.646,0.9307
"EPFU","89962_SW",89962,"SW","Kootenay Region",49.0077,-117.63034,2024,TRUE,4,1,1,0.8418,0.6832,0.9459
"EPFU","89962_SW",89962,"SW","Kootenay Region",49.0077,-117.63034,2025,TRUE,4,1,1,0.8696,0.7207,0.9589
"EPFU","93290_NE",93290,"NE","Okanagan Region",49.44361,-119.56535,2017,FALSE,0,NA,NA,0.8979,0.7129,0.9892
"EPFU","93290_NE",93290,"NE","Okanagan Region",49.44361,-119.56535,2018,TRUE,4,1,1,0.8376,0.7106,0.9299
"EPFU","93290_NE",93290,"NE","Okanagan Region",49.44361,-119.56535,2019,FALSE,0,NA,NA,0.7874,0.6433,0.8992
"EPFU","93290_NE",93290,"NE","Okanagan Region",49.44361,-119.56535,2020,TRUE,4,1,1,0.7585,0.5975,0.8904
"EPFU","93290_NE",93290,"NE","Okanagan Region",49.44361,-119.56535,2021,TRUE,4,1,1,0.8395,0.7167,0.9293
"EPFU","93290_NE",93290,"NE","Okanagan Region",49.44361,-119.56535,2022,TRUE,4,1,1,0.8333,0.7109,0.927
"EPFU","93290_NE",93290,"NE","Okanagan Region",49.44361,-119.56535,2023,TRUE,3,1,1,0.8653,0.7534,0.945
"EPFU","93290_NE",93290,"NE","Okanagan Region",49.44361,-119.56535,2024,FALSE,0,NA,NA,0.8897,0.7872,0.9596
"EPFU","93290_NE",93290,"NE","Okanagan Region",49.44361,-119.56535,2025,TRUE,4,1,1,0.9065,0.8129,0.9683
"EPFU","93290_NW",93290,"NW","Okanagan Region",49.41531,-119.6018,2017,TRUE,4,1,1,0.9186,0.7687,0.9908
"EPFU","93290_NW",93290,"NW","Okanagan Region",49.41531,-119.6018,2018,TRUE,4,1,1,0.8791,0.7773,0.95
"EPFU","93290_NW",93290,"NW","Okanagan Region",49.41531,-119.6018,2019,TRUE,4,1,1,0.8422,0.7269,0.9277
"EPFU","93290_NW",93290,"NW","Okanagan Region",49.41531,-119.6018,2020,TRUE,4,1,1,0.8188,0.6885,0.921
"EPFU","93290_NW",93290,"NW","Okanagan Region",49.41531,-119.6018,2021,TRUE,4,1,1,0.8807,0.7854,0.9501
"EPFU","93290_NW",93290,"NW","Okanagan Region",49.41531,-119.6018,2022,TRUE,4,1,1,0.8767,0.7776,0.9476
"EPFU","93290_NW",93290,"NW","Okanagan Region",49.41531,-119.6018,2023,TRUE,4,1,1,0.9013,0.8107,0.9623
"EPFU","93290_NW",93290,"NW","Okanagan Region",49.41531,-119.6018,2024,TRUE,4,1,1,0.9197,0.8362,0.9734
"EPFU","93290_NW",93290,"NW","Okanagan Region",49.41531,-119.6018,2025,TRUE,4,1,1,0.9327,0.8605,0.9774
"EPFU","93290_SE",93290,"SE","Okanagan Region",49.38433,-119.56165,2017,TRUE,3,1,1,0.9367,0.7786,0.9952
"EPFU","93290_SE",93290,"SE","Okanagan Region",49.38433,-119.56165,2018,TRUE,4,1,1,0.882,0.7704,0.9566
"EPFU","93290_SE",93290,"SE","Okanagan Region",49.38433,-119.56165,2019,TRUE,4,1,1,0.8383,0.7074,0.9332
"EPFU","93290_SE",93290,"SE","Okanagan Region",49.38433,-119.56165,2020,TRUE,4,1,1,0.8124,0.664,0.9255
"EPFU","93290_SE",93290,"SE","Okanagan Region",49.38433,-119.56165,2021,TRUE,4,1,1,0.8803,0.7738,0.9532
"EPFU","93290_SE",93290,"SE","Okanagan Region",49.38433,-119.56165,2022,FALSE,0,NA,NA,0.8734,0.7625,0.9512
"EPFU","93290_SE",93290,"SE","Okanagan Region",49.38433,-119.56165,2023,TRUE,4,1,1,0.8998,0.7988,0.9656
"EPFU","93290_SE",93290,"SE","Okanagan Region",49.38433,-119.56165,2024,TRUE,4,1,1,0.9185,0.8255,0.9756
"EPFU","93290_SE",93290,"SE","Okanagan Region",49.38433,-119.56165,2025,TRUE,4,1,1,0.9298,0.8494,0.9781
"EPFU","93290_SW",93290,"SW","Okanagan Region",49.37943,-119.59374,2017,TRUE,4,1,1,0.8664,0.6272,0.9864
"EPFU","93290_SW",93290,"SW","Okanagan Region",49.37943,-119.59374,2018,TRUE,4,0,0.3858,0.834,0.6695,0.9342
"EPFU","93290_SW",93290,"SW","Okanagan Region",49.37943,-119.59374,2019,TRUE,4,1,1,0.7988,0.651,0.9073
"EPFU","93290_SW",93290,"SW","Okanagan Region",49.37943,-119.59374,2020,TRUE,4,1,1,0.7766,0.6169,0.899
"EPFU","93290_SW",93290,"SW","Okanagan Region",49.37943,-119.59374,2021,TRUE,4,1,1,0.8449,0.7192,0.933
"EPFU","93290_SW",93290,"SW","Okanagan Region",49.37943,-119.59374,2022,TRUE,4,1,1,0.8434,0.7191,0.9336
"EPFU","93290_SW",93290,"SW","Okanagan Region",49.37943,-119.59374,2023,TRUE,4,1,1,0.8714,0.7581,0.9485
"EPFU","93290_SW",93290,"SW","Okanagan Region",49.37943,-119.59374,2024,TRUE,4,1,1,0.894,0.7851,0.9629
"EPFU","93290_SW",93290,"SW","Okanagan Region",49.37943,-119.59374,2025,TRUE,4,1,1,0.9126,0.8131,0.9713
"EPFU","94522_NW",94522,"NW","Northern Region",53.10732,-131.86467,2017,TRUE,3,0,0.3798,0.8295,0.4554,0.9911
"EPFU","94522_NW",94522,"NW","Northern Region",53.10732,-131.86467,2018,TRUE,4,0,0.0462,0.533,0.3145,0.7509
"EPFU","94522_NW",94522,"NW","Northern Region",53.10732,-131.86467,2019,TRUE,3,0,0.0342,0.3669,0.1822,0.5807
"EPFU","94522_NW",94522,"NW","Northern Region",53.10732,-131.86467,2020,FALSE,0,NA,NA,0.2924,0.1374,0.4887
"EPFU","94522_NW",94522,"NW","Northern Region",53.10732,-131.86467,2021,FALSE,0,NA,NA,0.3801,0.2191,0.5628
"EPFU","94522_NW",94522,"NW","Northern Region",53.10732,-131.86467,2022,FALSE,0,NA,NA,0.3484,0.1865,0.538
"EPFU","94522_NW",94522,"NW","Northern Region",53.10732,-131.86467,2023,FALSE,0,NA,NA,0.3865,0.2034,0.5798
"EPFU","94522_NW",94522,"NW","Northern Region",53.10732,-131.86467,2024,FALSE,0,NA,NA,0.4297,0.2454,0.6202
"EPFU","94522_NW",94522,"NW","Northern Region",53.10732,-131.86467,2025,FALSE,0,NA,NA,0.4985,0.3156,0.6784
"EPFU","94522_SE",94522,"SE","Northern Region",53.08196,-131.77925,2017,TRUE,4,0,0.2211,0.8205,0.45,0.989
"EPFU","94522_SE",94522,"SE","Northern Region",53.08196,-131.77925,2018,TRUE,4,0,0.0431,0.6868,0.4552,0.8701
"EPFU","94522_SE",94522,"SE","Northern Region",53.08196,-131.77925,2019,TRUE,3,0,0.0687,0.5892,0.3484,0.7995
"EPFU","94522_SE",94522,"SE","Northern Region",53.08196,-131.77925,2020,FALSE,0,NA,NA,0.5362,0.3031,0.7584
"EPFU","94522_SE",94522,"SE","Northern Region",53.08196,-131.77925,2021,FALSE,0,NA,NA,0.6322,0.4236,0.8134
"EPFU","94522_SE",94522,"SE","Northern Region",53.08196,-131.77925,2022,FALSE,0,NA,NA,0.6122,0.3778,0.8135
"EPFU","94522_SE",94522,"SE","Northern Region",53.08196,-131.77925,2023,FALSE,0,NA,NA,0.6543,0.418,0.8456
"EPFU","94522_SE",94522,"SE","Northern Region",53.08196,-131.77925,2024,FALSE,0,NA,NA,0.6965,0.4719,0.8724
"EPFU","94522_SE",94522,"SE","Northern Region",53.08196,-131.77925,2025,FALSE,0,NA,NA,0.7469,0.5468,0.8996
"EPFU","9466_NE",9466,"NE","Northern Region",57.34435,-125.50932,2017,FALSE,0,NA,NA,0.6649,0.3147,0.9333
"EPFU","9466_NE",9466,"NE","Northern Region",57.34435,-125.50932,2018,FALSE,0,NA,NA,0.4116,0.2415,0.6154
"EPFU","9466_NE",9466,"NE","Northern Region",57.34435,-125.50932,2019,FALSE,0,NA,NA,0.2818,0.1553,0.4397
"EPFU","9466_NE",9466,"NE","Northern Region",57.34435,-125.50932,2020,FALSE,0,NA,NA,0.2368,0.126,0.3813
"EPFU","9466_NE",9466,"NE","Northern Region",57.34435,-125.50932,2021,FALSE,0,NA,NA,0.3449,0.2161,0.4961
"EPFU","9466_NE",9466,"NE","Northern Region",57.34435,-125.50932,2022,TRUE,3,0,0.0073,0.3088,0.188,0.4484
"EPFU","9466_NE",9466,"NE","Northern Region",57.34435,-125.50932,2023,FALSE,0,NA,NA,0.351,0.2123,0.5062
"EPFU","9466_NE",9466,"NE","Northern Region",57.34435,-125.50932,2024,TRUE,3,0,0.0291,0.3968,0.2587,0.5497
"EPFU","9466_NE",9466,"NE","Northern Region",57.34435,-125.50932,2025,FALSE,0,NA,NA,0.4674,0.3131,0.6238
"EPFU","9466_NW",9466,"NW","Northern Region",57.3459,-125.55037,2017,FALSE,0,NA,NA,0.6878,0.1808,0.9783
"EPFU","9466_NW",9466,"NW","Northern Region",57.3459,-125.55037,2018,FALSE,0,NA,NA,0.417,0.2131,0.6652
"EPFU","9466_NW",9466,"NW","Northern Region",57.3459,-125.55037,2019,FALSE,0,NA,NA,0.3022,0.1502,0.4986
"EPFU","9466_NW",9466,"NW","Northern Region",57.3459,-125.55037,2020,FALSE,0,NA,NA,0.2724,0.1328,0.4488
"EPFU","9466_NW",9466,"NW","Northern Region",57.3459,-125.55037,2021,FALSE,0,NA,NA,0.4045,0.2294,0.6049
"EPFU","9466_NW",9466,"NW","Northern Region",57.3459,-125.55037,2022,TRUE,4,0,0.004,0.3558,0.199,0.5422
"EPFU","9466_NW",9466,"NW","Northern Region",57.3459,-125.55037,2023,FALSE,0,NA,NA,0.4074,0.2291,0.6088
"EPFU","9466_NW",9466,"NW","Northern Region",57.3459,-125.55037,2024,TRUE,3,0,0.0796,0.4568,0.2702,0.657
"EPFU","9466_NW",9466,"NW","Northern Region",57.3459,-125.55037,2025,TRUE,4,1,1,0.5229,0.3345,0.7079
"EPFU","9466_SE",9466,"SE","Northern Region",57.31575,-125.49037,2017,FALSE,0,NA,NA,0.5616,0.2692,0.837
"EPFU","9466_SE",9466,"SE","Northern Region",57.31575,-125.49037,2018,FALSE,0,NA,NA,0.5383,0.3473,0.724
"EPFU","9466_SE",9466,"SE","Northern Region",57.31575,-125.49037,2019,FALSE,0,NA,NA,0.4984,0.3213,0.6792
"EPFU","9466_SE",9466,"SE","Northern Region",57.31575,-125.49037,2020,FALSE,0,NA,NA,0.4799,0.3004,0.661
"EPFU","9466_SE",9466,"SE","Northern Region",57.31575,-125.49037,2021,FALSE,0,NA,NA,0.5954,0.4188,0.7639
"EPFU","9466_SE",9466,"SE","Northern Region",57.31575,-125.49037,2022,TRUE,4,0,0.0042,0.5871,0.4005,0.7642
"EPFU","9466_SE",9466,"SE","Northern Region",57.31575,-125.49037,2023,FALSE,0,NA,NA,0.635,0.4432,0.8049
"EPFU","9466_SE",9466,"SE","Northern Region",57.31575,-125.49037,2024,TRUE,3,0,0.1084,0.682,0.4956,0.8402
"EPFU","9466_SE",9466,"SE","Northern Region",57.31575,-125.49037,2025,TRUE,4,1,1,0.7371,0.5587,0.8782
"EPFU","9466_SW",9466,"SW","Northern Region",57.29483,-125.51474,2017,FALSE,0,NA,NA,0.6478,0.3265,0.9137
"EPFU","9466_SW",9466,"SW","Northern Region",57.29483,-125.51474,2018,FALSE,0,NA,NA,0.478,0.307,0.6605
"EPFU","9466_SW",9466,"SW","Northern Region",57.29483,-125.51474,2019,FALSE,0,NA,NA,0.3627,0.235,0.5163
"EPFU","9466_SW",9466,"SW","Northern Region",57.29483,-125.51474,2020,FALSE,0,NA,NA,0.3118,0.1934,0.4565
"EPFU","9466_SW",9466,"SW","Northern Region",57.29483,-125.51474,2021,FALSE,0,NA,NA,0.4228,0.296,0.5605
"EPFU","9466_SW",9466,"SW","Northern Region",57.29483,-125.51474,2022,TRUE,4,0,0.0122,0.3964,0.2752,0.5244
"EPFU","9466_SW",9466,"SW","Northern Region",57.29483,-125.51474,2023,FALSE,0,NA,NA,0.4425,0.3072,0.5795
"EPFU","9466_SW",9466,"SW","Northern Region",57.29483,-125.51474,2024,TRUE,3,1,1,0.4924,0.3608,0.627
"EPFU","9466_SW",9466,"SW","Northern Region",57.29483,-125.51474,2025,TRUE,4,1,1,0.562,0.4186,0.6963
"EPFU","986_NE",986,"NE","Northern Region",53.188,-121.30225,2017,FALSE,0,NA,NA,0.65,0.1453,0.9726
"EPFU","986_NE",986,"NE","Northern Region",53.188,-121.30225,2018,TRUE,3,0,0.0444,0.3515,0.1513,0.6194
"EPFU","986_NE",986,"NE","Northern Region",53.188,-121.30225,2019,TRUE,3,0,0.0771,0.2411,0.0988,0.4503
"EPFU","986_NE",986,"NE","Northern Region",53.188,-121.30225,2020,TRUE,4,1,1,0.2146,0.0876,0.4029
"EPFU","986_NE",986,"NE","Northern Region",53.188,-121.30225,2021,TRUE,4,0,0.006,0.3264,0.1534,0.5411
"EPFU","986_NE",986,"NE","Northern Region",53.188,-121.30225,2022,TRUE,4,0,0.006,0.2784,0.1264,0.4775
"EPFU","986_NE",986,"NE","Northern Region",53.188,-121.30225,2023,TRUE,4,0,0.0089,0.321,0.1459,0.5395
"EPFU","986_NE",986,"NE","Northern Region",53.188,-121.30225,2024,TRUE,4,0,0.0364,0.3636,0.1802,0.5856
"EPFU","986_NE",986,"NE","Northern Region",53.188,-121.30225,2025,TRUE,4,1,1,0.4299,0.229,0.655
"EPFU","986_SE",986,"SE","Northern Region",53.1392,-121.2577,2017,FALSE,0,NA,NA,0.5863,0.251,0.8853
"EPFU","986_SE",986,"SE","Northern Region",53.1392,-121.2577,2018,FALSE,0,NA,NA,0.3536,0.1768,0.5833
"EPFU","986_SE",986,"SE","Northern Region",53.1392,-121.2577,2019,TRUE,3,0,0.0587,0.2403,0.1066,0.4359
"EPFU","986_SE",986,"SE","Northern Region",53.1392,-121.2577,2020,TRUE,2,0,0.1353,0.2019,0.0878,0.3748
"EPFU","986_SE",986,"SE","Northern Region",53.1392,-121.2577,2021,FALSE,0,NA,NA,0.2929,0.1501,0.4738
"EPFU","986_SE",986,"SE","Northern Region",53.1392,-121.2577,2022,TRUE,4,1,1,0.2584,0.1243,0.431
"EPFU","986_SE",986,"SE","Northern Region",53.1392,-121.2577,2023,TRUE,4,0,0.0847,0.2924,0.1409,0.4822
"EPFU","986_SE",986,"SE","Northern Region",53.1392,-121.2577,2024,TRUE,4,0,0.0887,0.3308,0.1731,0.5284
"EPFU","986_SE",986,"SE","Northern Region",53.1392,-121.2577,2025,TRUE,4,1,1,0.3958,0.2136,0.5985
