"species","site","GRTS_Cell_ID","Quadrant","region","lat","long","year","surveyed","n_visits","detected","p_occupied","psi_expected","psi_expected_lo95","psi_expected_hi95"
"MYEV","110378_NE",110378,"NE","Okanagan Region",49.04717,-119.5574,2017,FALSE,0,NA,NA,0.806,0.5365,0.9729
"MYEV","110378_NE",110378,"NE","Okanagan Region",49.04717,-119.5574,2018,TRUE,2,0,0.5873,0.8254,0.6996,0.9278
"MYEV","110378_NE",110378,"NE","Okanagan Region",49.04717,-119.5574,2019,TRUE,4,1,1,0.8256,0.7178,0.9111
"MYEV","110378_NE",110378,"NE","Okanagan Region",49.04717,-119.5574,2020,TRUE,4,1,1,0.7328,0.6013,0.856
"MYEV","110378_NE",110378,"NE","Okanagan Region",49.04717,-119.5574,2021,TRUE,4,1,1,0.8331,0.7247,0.9191
"MYEV","110378_NE",110378,"NE","Okanagan Region",49.04717,-119.5574,2022,TRUE,4,1,1,0.9005,0.815,0.9635
"MYEV","110378_NE",110378,"NE","Okanagan Region",49.04717,-119.5574,2023,TRUE,4,1,1,0.8641,0.7601,0.9422
"MYEV","110378_NE",110378,"NE","Okanagan Region",49.04717,-119.5574,2024,TRUE,4,1,1,0.8906,0.8067,0.9528
"MYEV","110378_NE",110378,"NE","Okanagan Region",49.04717,-119.5574,2025,TRUE,4,1,1,0.8881,0.8011,0.951
"MYEV","110378_NW",110378,"NW","Okanagan Region",49.03536,-119.57546,2017,TRUE,4,1,1,0.8297,0.5309,0.9827
"MYEV","110378_NW",110378,"NW","Okanagan Region",49.03536,-119.57546,2018,TRUE,4,1,1,0.8344,0.692,0.9383
"MYEV","110378_NW",110378,"NW","Okanagan Region",49.03536,-119.57546,2019,TRUE,4,1,1,0.8315,0.7167,0.9219
"MYEV","110378_NW",110378,"NW","Okanagan Region",49.03536,-119.57546,2020,TRUE,4,1,1,0.7362,0.5936,0.864
"MYEV","110378_NW",110378,"NW","Okanagan Region",49.03536,-119.57546,2021,TRUE,4,1,1,0.8515,0.7406,0.9323
"MYEV","110378_NW",110378,"NW","Okanagan Region",49.03536,-119.57546,2022,TRUE,4,1,1,0.912,0.8268,0.9712
"MYEV","110378_NW",110378,"NW","Okanagan Region",49.03536,-119.57546,2023,TRUE,4,1,1,0.8667,0.7543,0.9473
"MYEV","110378_NW",110378,"NW","Okanagan Region",49.03536,-119.57546,2024,TRUE,4,1,1,0.8976,0.8122,0.9602
"MYEV","110378_NW",110378,"NW","Okanagan Region",49.03536,-119.57546,2025,TRUE,4,1,1,0.8941,0.8026,0.9579
"MYEV","110378_SE",110378,"SE","Okanagan Region",49.01485,-119.53228,2017,FALSE,0,NA,NA,0.8226,0.5294,0.9795
"MYEV","110378_SE",110378,"SE","Okanagan Region",49.01485,-119.53228,2018,TRUE,2,1,1,0.8368,0.7021,0.9386
"MYEV","110378_SE",110378,"SE","Okanagan Region",49.01485,-119.53228,2019,TRUE,4,1,1,0.8337,0.7218,0.9206
"MYEV","110378_SE",110378,"SE","Okanagan Region",49.01485,-119.53228,2020,TRUE,4,1,1,0.7387,0.6018,0.8638
"MYEV","110378_SE",110378,"SE","Okanagan Region",49.01485,-119.53228,2021,TRUE,4,1,1,0.8549,0.7492,0.9335
"MYEV","110378_SE",110378,"SE","Okanagan Region",49.01485,-119.53228,2022,TRUE,4,1,1,0.9139,0.8331,0.9716
"MYEV","110378_SE",110378,"SE","Okanagan Region",49.01485,-119.53228,2023,TRUE,4,1,1,0.8686,0.7597,0.9467
"MYEV","110378_SE",110378,"SE","Okanagan Region",49.01485,-119.53228,2024,TRUE,4,1,1,0.8998,0.8184,0.9597
"MYEV","110378_SE",110378,"SE","Okanagan Region",49.01485,-119.53228,2025,TRUE,4,1,1,0.8963,0.81,0.9575
"MYEV","110378_SW",110378,"SW","Okanagan Region",49.00412,-119.59552,2017,TRUE,4,1,1,0.8186,0.5591,0.9759
"MYEV","110378_SW",110378,"SW","Okanagan Region",49.00412,-119.59552,2018,TRUE,4,1,1,0.8246,0.6963,0.9267
"MYEV","110378_SW",110378,"SW","Okanagan Region",49.00412,-119.59552,2019,TRUE,4,1,1,0.8239,0.7143,0.9115
"MYEV","110378_SW",110378,"SW","Okanagan Region",49.00412,-119.59552,2020,TRUE,4,1,1,0.733,0.6007,0.8542
"MYEV","110378_SW",110378,"SW","Okanagan Region",49.00412,-119.59552,2021,TRUE,4,1,1,0.8257,0.7127,0.9132
"MYEV","110378_SW",110378,"SW","Okanagan Region",49.00412,-119.59552,2022,TRUE,4,1,1,0.8952,0.806,0.9595
"MYEV","110378_SW",110378,"SW","Okanagan Region",49.00412,-119.59552,2023,TRUE,4,1,1,0.8629,0.7564,0.941
"MYEV","110378_SW",110378,"SW","Okanagan Region",49.00412,-119.59552,2024,TRUE,4,1,1,0.8874,0.8012,0.9519
"MYEV","110378_SW",110378,"SW","Okanagan Region",49.00412,-119.59552,2025,TRUE,4,1,1,0.8853,0.7943,0.9492
"MYEV","111466_NE",111466,"NE","Kootenay Region",49.00129,-115.06184,2017,FALSE,0,NA,NA,0.7204,0.4651,0.9171
"MYEV","111466_NE",111466,"NE","Kootenay Region",49.00129,-115.06184,2018,FALSE,0,NA,NA,0.8712,0.7464,0.958
"MYEV","111466_NE",111466,"NE","Kootenay Region",49.00129,-115.06184,2019,FALSE,0,NA,NA,0.8745,0.7721,0.9473
"MYEV","111466_NE",111466,"NE","Kootenay Region",49.00129,-115.06184,2020,FALSE,0,NA,NA,0.7998,0.6737,0.9081
"MYEV","111466_NE",111466,"NE","Kootenay Region",49.00129,-115.06184,2021,FALSE,0,NA,NA,0.9033,0.8154,0.9643
"MYEV","111466_NE",111466,"NE","Kootenay Region",49.00129,-115.06184,2022,FALSE,0,NA,NA,0.9427,0.8815,0.9851
"MYEV","111466_NE",111466,"NE","Kootenay Region",49.00129,-115.06184,2023,TRUE,4,1,1,0.9051,0.8198,0.964
"MYEV","111466_NE",111466,"NE","Kootenay Region",49.00129,-115.06184,2024,FALSE,0,NA,NA,0.9327,0.8673,0.977
"MYEV","111466_NE",111466,"NE","Kootenay Region",49.00129,-115.06184,2025,TRUE,4,1,1,0.9291,0.8622,0.9758
"MYEV","111466_NW",111466,"NW","Kootenay Region",49.01861,-115.09568,2017,FALSE,0,NA,NA,0.6713,0.409,0.8936
"MYEV","111466_NW",111466,"NW","Kootenay Region",49.01861,-115.09568,2018,FALSE,0,NA,NA,0.8361,0.6773,0.9498
"MYEV","111466_NW",111466,"NW","Kootenay Region",49.01861,-115.09568,2019,FALSE,0,NA,NA,0.8491,0.7299,0.9372
"MYEV","111466_NW",111466,"NW","Kootenay Region",49.01861,-115.09568,2020,FALSE,0,NA,NA,0.775,0.6304,0.895
"MYEV","111466_NW",111466,"NW","Kootenay Region",49.01861,-115.09568,2021,FALSE,0,NA,NA,0.875,0.7521,0.9572
"MYEV","111466_NW",111466,"NW","Kootenay Region",49.01861,-115.09568,2022,FALSE,0,NA,NA,0.924,0.8344,0.9802
"MYEV","111466_NW",111466,"NW","Kootenay Region",49.01861,-115.09568,2023,TRUE,4,0,0.0396,0.8884,0.7831,0.9606
"MYEV","111466_NW",111466,"NW","Kootenay Region",49.01861,-115.09568,2024,FALSE,0,NA,NA,0.9162,0.8286,0.9722
"MYEV","111466_NW",111466,"NW","Kootenay Region",49.01861,-115.09568,2025,TRUE,4,1,1,0.9131,0.8243,0.9713
"MYEV","114602_NE",114602,"NE","South Coastal Region",49.70588,-125.06708,2017,FALSE,0,NA,NA,0.4791,0.258,0.7142
"MYEV","114602_NE",114602,"NE","South Coastal Region",49.70588,-125.06708,2018,TRUE,3,1,1,0.6022,0.4466,0.7501
"MYEV","114602_NE",114602,"NE","South Coastal Region",49.70588,-125.06708,2019,TRUE,4,1,1,0.6869,0.5581,0.8058
"MYEV","114602_NE",114602,"NE","South Coastal Region",49.70588,-125.06708,2020,FALSE,0,NA,NA,0.6586,0.5225,0.7806
"MYEV","114602_NE",114602,"NE","South Coastal Region",49.70588,-125.06708,2021,FALSE,0,NA,NA,0.7203,0.5861,0.8329
"MYEV","114602_NE",114602,"NE","South Coastal Region",49.70588,-125.06708,2022,TRUE,4,1,1,0.7986,0.6759,0.8938
"MYEV","114602_NE",114602,"NE","South Coastal Region",49.70588,-125.06708,2023,FALSE,0,NA,NA,0.8035,0.6892,0.8961
"MYEV","114602_NE",114602,"NE","South Coastal Region",49.70588,-125.06708,2024,TRUE,4,1,1,0.8263,0.7158,0.9118
"MYEV","114602_NE",114602,"NE","South Coastal Region",49.70588,-125.06708,2025,TRUE,4,1,1,0.8299,0.7171,0.9165
"MYEV","114602_NW",114602,"NW","South Coastal Region",49.67623,-125.13792,2017,FALSE,0,NA,NA,0.4628,0.209,0.7365
"MYEV","114602_NW",114602,"NW","South Coastal Region",49.67623,-125.13792,2018,TRUE,3,1,1,0.6177,0.4402,0.7772
"MYEV","114602_NW",114602,"NW","South Coastal Region",49.67623,-125.13792,2019,TRUE,4,1,1,0.7018,0.5603,0.8322
"MYEV","114602_NW",114602,"NW","South Coastal Region",49.67623,-125.13792,2020,TRUE,4,1,1,0.6505,0.4997,0.7921
"MYEV","114602_NW",114602,"NW","South Coastal Region",49.67623,-125.13792,2021,TRUE,4,1,1,0.7244,0.5751,0.8466
"MYEV","114602_NW",114602,"NW","South Coastal Region",49.67623,-125.13792,2022,TRUE,4,1,1,0.8096,0.6724,0.9152
"MYEV","114602_NW",114602,"NW","South Coastal Region",49.67623,-125.13792,2023,FALSE,0,NA,NA,0.8011,0.6721,0.9029
"MYEV","114602_NW",114602,"NW","South Coastal Region",49.67623,-125.13792,2024,TRUE,4,1,1,0.8244,0.7024,0.9165
"MYEV","114602_NW",114602,"NW","South Coastal Region",49.67623,-125.13792,2025,TRUE,4,1,1,0.8248,0.6995,0.9189
"MYEV","114602_SE",114602,"SE","South Coastal Region",49.65756,-125.0438,2017,FALSE,0,NA,NA,0.5317,0.263,0.816
"MYEV","114602_SE",114602,"SE","South Coastal Region",49.65756,-125.0438,2018,TRUE,3,0,0.3651,0.6507,0.4693,0.8101
"MYEV","114602_SE",114602,"SE","South Coastal Region",49.65756,-125.0438,2019,TRUE,4,1,1,0.7243,0.5914,0.8407
"MYEV","114602_SE",114602,"SE","South Coastal Region",49.65756,-125.0438,2020,TRUE,4,1,1,0.6779,0.537,0.8035
"MYEV","114602_SE",114602,"SE","South Coastal Region",49.65756,-125.0438,2021,TRUE,4,1,1,0.7451,0.6106,0.8551
"MYEV","114602_SE",114602,"SE","South Coastal Region",49.65756,-125.0438,2022,TRUE,4,1,1,0.8249,0.712,0.9147
"MYEV","114602_SE",114602,"SE","South Coastal Region",49.65756,-125.0438,2023,FALSE,0,NA,NA,0.8204,0.7109,0.9077
"MYEV","114602_SE",114602,"SE","South Coastal Region",49.65756,-125.0438,2024,TRUE,4,1,1,0.8417,0.7336,0.9239
"MYEV","114602_SE",114602,"SE","South Coastal Region",49.65756,-125.0438,2025,TRUE,4,1,1,0.8424,0.7314,0.9272
"MYEV","114602_SW",114602,"SW","South Coastal Region",49.64146,-125.08654,2017,FALSE,0,NA,NA,0.5095,0.2854,0.7473
"MYEV","114602_SW",114602,"SW","South Coastal Region",49.64146,-125.08654,2018,TRUE,4,1,1,0.63,0.4796,0.7676
"MYEV","114602_SW",114602,"SW","South Coastal Region",49.64146,-125.08654,2019,TRUE,4,1,1,0.7059,0.593,0.8123
"MYEV","114602_SW",114602,"SW","South Coastal Region",49.64146,-125.08654,2020,TRUE,4,1,1,0.6571,0.5319,0.7754
"MYEV","114602_SW",114602,"SW","South Coastal Region",49.64146,-125.08654,2021,TRUE,4,1,1,0.7255,0.6081,0.8267
"MYEV","114602_SW",114602,"SW","South Coastal Region",49.64146,-125.08654,2022,TRUE,2,1,1,0.8094,0.7106,0.8934
"MYEV","114602_SW",114602,"SW","South Coastal Region",49.64146,-125.08654,2023,FALSE,0,NA,NA,0.805,0.7039,0.892
"MYEV","114602_SW",114602,"SW","South Coastal Region",49.64146,-125.08654,2024,TRUE,4,1,1,0.8273,0.73,0.9078
"MYEV","114602_SW",114602,"SW","South Coastal Region",49.64146,-125.08654,2025,TRUE,4,1,1,0.8281,0.7261,0.9091
"MYEV","115322_NE",115322,"NE","Northern Region",52.37764,-125.98565,2017,FALSE,0,NA,NA,0.7338,0.4477,0.9449
"MYEV","115322_NE",115322,"NE","Northern Region",52.37764,-125.98565,2018,TRUE,3,1,1,0.7011,0.5305,0.8579
"MYEV","115322_NE",115322,"NE","Northern Region",52.37764,-125.98565,2019,FALSE,0,NA,NA,0.6833,0.5377,0.8171
"MYEV","115322_NE",115322,"NE","Northern Region",52.37764,-125.98565,2020,TRUE,3,1,1,0.579,0.4251,0.7291
"MYEV","115322_NE",115322,"NE","Northern Region",52.37764,-125.98565,2021,TRUE,4,1,1,0.6346,0.4684,0.7851
"MYEV","115322_NE",115322,"NE","Northern Region",52.37764,-125.98565,2022,TRUE,3,1,1,0.7215,0.5538,0.8606
"MYEV","115322_NE",115322,"NE","Northern Region",52.37764,-125.98565,2023,TRUE,4,1,1,0.7092,0.5429,0.8539
"MYEV","115322_NE",115322,"NE","Northern Region",52.37764,-125.98565,2024,FALSE,0,NA,NA,0.733,0.5614,0.8706
"MYEV","115322_NE",115322,"NE","Northern Region",52.37764,-125.98565,2025,TRUE,4,1,1,0.7314,0.556,0.8685
"MYEV","115322_NW",115322,"NW","Northern Region",52.37481,-126.08159,2017,FALSE,0,NA,NA,0.7835,0.3544,0.9852
"MYEV","115322_NW",115322,"NW","Northern Region",52.37481,-126.08159,2018,TRUE,2,1,1,0.7767,0.5584,0.9207
"MYEV","115322_NW",115322,"NW","Northern Region",52.37481,-126.08159,2019,TRUE,3,1,1,0.7721,0.5907,0.8987
"MYEV","115322_NW",115322,"NW","Northern Region",52.37481,-126.08159,2020,TRUE,3,1,1,0.681,0.4859,0.8489
"MYEV","115322_NW",115322,"NW","Northern Region",52.37481,-126.08159,2021,TRUE,4,1,1,0.751,0.5507,0.8946
"MYEV","115322_NW",115322,"NW","Northern Region",52.37481,-126.08159,2022,TRUE,3,1,1,0.8271,0.6492,0.9429
"MYEV","115322_NW",115322,"NW","Northern Region",52.37481,-126.08159,2023,TRUE,4,1,1,0.8073,0.6227,0.9284
"MYEV","115322_NW",115322,"NW","Northern Region",52.37481,-126.08159,2024,TRUE,4,1,1,0.8294,0.6546,0.9398
"MYEV","115322_NW",115322,"NW","Northern Region",52.37481,-126.08159,2025,TRUE,4,1,1,0.8268,0.6462,0.9402
"MYEV","115322_SE",115322,"SE","Northern Region",52.35752,-126.01253,2017,FALSE,0,NA,NA,0.7628,0.4435,0.96
"MYEV","115322_SE",115322,"SE","Northern Region",52.35752,-126.01253,2018,TRUE,2,1,1,0.7328,0.5525,0.88
"MYEV","115322_SE",115322,"SE","Northern Region",52.35752,-126.01253,2019,TRUE,3,1,1,0.7163,0.5668,0.8417
"MYEV","115322_SE",115322,"SE","Northern Region",52.35752,-126.01253,2020,FALSE,0,NA,NA,0.6167,0.4597,0.7652
"MYEV","115322_SE",115322,"SE","Northern Region",52.35752,-126.01253,2021,TRUE,2,0,0.5693,0.6693,0.5057,0.816
"MYEV","115322_SE",115322,"SE","Northern Region",52.35752,-126.01253,2022,TRUE,4,1,1,0.75,0.5844,0.8834
"MYEV","115322_SE",115322,"SE","Northern Region",52.35752,-126.01253,2023,TRUE,4,1,1,0.7395,0.5657,0.8748
"MYEV","115322_SE",115322,"SE","Northern Region",52.35752,-126.01253,2024,TRUE,3,1,1,0.7617,0.5871,0.8909
"MYEV","115322_SE",115322,"SE","Northern Region",52.35752,-126.01253,2025,TRUE,4,1,1,0.7604,0.5858,0.8883
"MYEV","115322_SW",115322,"SW","Northern Region",52.34498,-126.07967,2017,FALSE,0,NA,NA,0.7629,0.4649,0.9569
"MYEV","115322_SW",115322,"SW","Northern Region",52.34498,-126.07967,2018,TRUE,3,1,1,0.7618,0.5934,0.8997
"MYEV","115322_SW",115322,"SW","Northern Region",52.34498,-126.07967,2019,TRUE,3,1,1,0.7594,0.6046,0.8842
"MYEV","115322_SW",115322,"SW","Northern Region",52.34498,-126.07967,2020,TRUE,3,0,0.4947,0.6648,0.4719,0.8379
"MYEV","115322_SW",115322,"SW","Northern Region",52.34498,-126.07967,2021,TRUE,2,1,1,0.7399,0.5492,0.8843
"MYEV","115322_SW",115322,"SW","Northern Region",52.34498,-126.07967,2022,TRUE,2,0,0.8627,0.8195,0.6387,0.9344
"MYEV","115322_SW",115322,"SW","Northern Region",52.34498,-126.07967,2023,TRUE,4,1,1,0.7977,0.6182,0.9217
"MYEV","115322_SW",115322,"SW","Northern Region",52.34498,-126.07967,2024,TRUE,3,1,1,0.8214,0.65,0.9317
"MYEV","115322_SW",115322,"SW","Northern Region",52.34498,-126.07967,2025,TRUE,4,1,1,0.8187,0.6435,0.9296
"MYEV","1194_NW",1194,"NW","Kootenay Region",50.11749,-117.523,2017,TRUE,4,0,0.1631,0.6954,0.453,0.9023
"MYEV","1194_NW",1194,"NW","Kootenay Region",50.11749,-117.523,2018,TRUE,2,0,0.4922,0.8467,0.6992,0.951
"MYEV","1194_NW",1194,"NW","Kootenay Region",50.11749,-117.523,2019,TRUE,4,0,0.2789,0.862,0.7566,0.9396
"MYEV","1194_NW",1194,"NW","Kootenay Region",50.11749,-117.523,2020,TRUE,4,1,1,0.7912,0.6612,0.9007
"MYEV","1194_NW",1194,"NW","Kootenay Region",50.11749,-117.523,2021,TRUE,4,1,1,0.8849,0.7795,0.9578
"MYEV","1194_NW",1194,"NW","Kootenay Region",50.11749,-117.523,2022,TRUE,4,1,1,0.9316,0.855,0.9817
"MYEV","1194_NW",1194,"NW","Kootenay Region",50.11749,-117.523,2023,TRUE,4,0,0.3527,0.8994,0.8108,0.9622
"MYEV","1194_NW",1194,"NW","Kootenay Region",50.11749,-117.523,2024,TRUE,4,1,1,0.9244,0.8498,0.9742
"MYEV","1194_NW",1194,"NW","Kootenay Region",50.11749,-117.523,2025,TRUE,3,1,1,0.9216,0.8474,0.9725
"MYEV","1194_SW",1194,"SW","Kootenay Region",50.0903,-117.4679,2017,TRUE,4,1,1,0.7259,0.3886,0.9479
"MYEV","1194_SW",1194,"SW","Kootenay Region",50.0903,-117.4679,2018,FALSE,0,NA,NA,0.8622,0.7059,0.9588
"MYEV","1194_SW",1194,"SW","Kootenay Region",50.0903,-117.4679,2019,TRUE,4,1,1,0.876,0.7643,0.9553
"MYEV","1194_SW",1194,"SW","Kootenay Region",50.0903,-117.4679,2020,TRUE,4,0,0.224,0.8105,0.6684,0.9236
"MYEV","1194_SW",1194,"SW","Kootenay Region",50.0903,-117.4679,2021,TRUE,4,1,1,0.899,0.7916,0.967
"MYEV","1194_SW",1194,"SW","Kootenay Region",50.0903,-117.4679,2022,FALSE,0,NA,NA,0.9407,0.8659,0.9859
"MYEV","1194_SW",1194,"SW","Kootenay Region",50.0903,-117.4679,2023,FALSE,0,NA,NA,0.9104,0.8156,0.9701
"MYEV","1194_SW",1194,"SW","Kootenay Region",50.0903,-117.4679,2024,FALSE,0,NA,NA,0.9335,0.8585,0.9798
"MYEV","1194_SW",1194,"SW","Kootenay Region",50.0903,-117.4679,2025,FALSE,0,NA,NA,0.9307,0.853,0.9787
"MYEV","12522_NE",12522,"NE","South Coastal Region",49.72155,-124.51563,2017,FALSE,0,NA,NA,0.493,0.2747,0.7195
"MYEV","12522_NE",12522,"NE","South Coastal Region",49.72155,-124.51563,2018,FALSE,0,NA,NA,0.6133,0.462,0.754
"MYEV","12522_NE",12522,"NE","South Coastal Region",49.72155,-124.51563,2019,TRUE,3,1,1,0.6913,0.5684,0.805
"MYEV","12522_NE",12522,"NE","South Coastal Region",49.72155,-124.51563,2020,TRUE,3,1,1,0.6474,0.5135,0.7721
"MYEV","12522_NE",12522,"NE","South Coastal Region",49.72155,-124.51563,2021,TRUE,4,1,1,0.7138,0.5838,0.8265
"MYEV","12522_NE",12522,"NE","South Coastal Region",49.72155,-124.51563,2022,TRUE,3,0,0.6522,0.797,0.6802,0.892
"MYEV","12522_NE",12522,"NE","South Coastal Region",49.72155,-124.51563,2023,FALSE,0,NA,NA,0.7956,0.6797,0.8924
"MYEV","12522_NE",12522,"NE","South Coastal Region",49.72155,-124.51563,2024,FALSE,0,NA,NA,0.8186,0.7103,0.9062
"MYEV","12522_NE",12522,"NE","South Coastal Region",49.72155,-124.51563,2025,FALSE,0,NA,NA,0.8202,0.708,0.9094
"MYEV","12522_NW",12522,"NW","South Coastal Region",49.75757,-124.56308,2017,TRUE,4,0,0.0178,0.4418,0.1786,0.7348
"MYEV","12522_NW",12522,"NW","South Coastal Region",49.75757,-124.56308,2018,TRUE,3,0,0.02,0.5467,0.3423,0.7458
"MYEV","12522_NW",12522,"NW","South Coastal Region",49.75757,-124.56308,2019,TRUE,2,0,0.0324,0.6273,0.4494,0.7912
"MYEV","12522_NW",12522,"NW","South Coastal Region",49.75757,-124.56308,2020,TRUE,3,0,0.0233,0.6113,0.4439,0.7662
"MYEV","12522_NW",12522,"NW","South Coastal Region",49.75757,-124.56308,2021,FALSE,0,NA,NA,0.6672,0.4884,0.8198
"MYEV","12522_NW",12522,"NW","South Coastal Region",49.75757,-124.56308,2022,FALSE,0,NA,NA,0.7427,0.5693,0.8839
"MYEV","12522_NW",12522,"NW","South Coastal Region",49.75757,-124.56308,2023,FALSE,0,NA,NA,0.7557,0.587,0.8853
"MYEV","12522_NW",12522,"NW","South Coastal Region",49.75757,-124.56308,2024,TRUE,4,0,0.0562,0.7812,0.6128,0.9028
"MYEV","12522_NW",12522,"NW","South Coastal Region",49.75757,-124.56308,2025,FALSE,0,NA,NA,0.7884,0.6217,0.9099
"MYEV","12522_SE",12522,"SE","South Coastal Region",49.70213,-124.47636,2017,TRUE,3,0,0.0684,0.5128,0.2852,0.7519
"MYEV","12522_SE",12522,"SE","South Coastal Region",49.70213,-124.47636,2018,TRUE,3,0,0.1411,0.6585,0.4845,0.8049
"MYEV","12522_SE",12522,"SE","South Coastal Region",49.70213,-124.47636,2019,FALSE,0,NA,NA,0.7411,0.6037,0.861
"MYEV","12522_SE",12522,"SE","South Coastal Region",49.70213,-124.47636,2020,TRUE,3,1,1,0.7007,0.5587,0.8319
"MYEV","12522_SE",12522,"SE","South Coastal Region",49.70213,-124.47636,2021,TRUE,2,1,1,0.7683,0.6261,0.8767
"MYEV","12522_SE",12522,"SE","South Coastal Region",49.70213,-124.47636,2022,FALSE,0,NA,NA,0.8438,0.7238,0.9298
"MYEV","12522_SE",12522,"SE","South Coastal Region",49.70213,-124.47636,2023,TRUE,4,1,1,0.8391,0.7228,0.9227
"MYEV","12522_SE",12522,"SE","South Coastal Region",49.70213,-124.47636,2024,TRUE,4,0,0.2544,0.8594,0.7494,0.9372
"MYEV","12522_SE",12522,"SE","South Coastal Region",49.70213,-124.47636,2025,FALSE,0,NA,NA,0.8603,0.7499,0.9396
"MYEV","12522_SW",12522,"SW","South Coastal Region",49.7022,-124.52268,2017,TRUE,3,0,0.072,0.4668,0.2375,0.7096
"MYEV","12522_SW",12522,"SW","South Coastal Region",49.7022,-124.52268,2018,TRUE,3,0,0.158,0.5706,0.4105,0.7246
"MYEV","12522_SW",12522,"SW","South Coastal Region",49.7022,-124.52268,2019,TRUE,3,1,1,0.6471,0.5184,0.7713
"MYEV","12522_SW",12522,"SW","South Coastal Region",49.7022,-124.52268,2020,TRUE,3,1,1,0.6133,0.4802,0.739
"MYEV","12522_SW",12522,"SW","South Coastal Region",49.7022,-124.52268,2021,TRUE,4,1,1,0.6731,0.5375,0.7902
"MYEV","12522_SW",12522,"SW","South Coastal Region",49.7022,-124.52268,2022,TRUE,3,1,1,0.7556,0.6283,0.8615
"MYEV","12522_SW",12522,"SW","South Coastal Region",49.7022,-124.52268,2023,FALSE,0,NA,NA,0.7619,0.6405,0.8631
"MYEV","12522_SW",12522,"SW","South Coastal Region",49.7022,-124.52268,2024,FALSE,0,NA,NA,0.7866,0.6646,0.8838
"MYEV","12522_SW",12522,"SW","South Coastal Region",49.7022,-124.52268,2025,FALSE,0,NA,NA,0.7909,0.6703,0.8909
"MYEV","127850_NE",127850,"NE","Kootenay Region",49.31307,-115.01912,2017,TRUE,4,1,1,0.7034,0.4413,0.9184
"MYEV","127850_NE",127850,"NE","Kootenay Region",49.31307,-115.01912,2018,FALSE,0,NA,NA,0.8317,0.6528,0.9519
"MYEV","127850_NE",127850,"NE","Kootenay Region",49.31307,-115.01912,2019,TRUE,4,1,1,0.8127,0.6586,0.9275
"MYEV","127850_NE",127850,"NE","Kootenay Region",49.31307,-115.01912,2020,TRUE,4,0,0.1209,0.715,0.5448,0.8686
"MYEV","127850_NE",127850,"NE","Kootenay Region",49.31307,-115.01912,2021,TRUE,4,1,1,0.8703,0.753,0.9555
"MYEV","127850_NE",127850,"NE","Kootenay Region",49.31307,-115.01912,2022,FALSE,0,NA,NA,0.91,0.7904,0.981
"MYEV","127850_NE",127850,"NE","Kootenay Region",49.31307,-115.01912,2023,FALSE,0,NA,NA,0.8425,0.6816,0.9516
"MYEV","127850_NE",127850,"NE","Kootenay Region",49.31307,-115.01912,2024,FALSE,0,NA,NA,0.8949,0.7774,0.9693
"MYEV","127850_NE",127850,"NE","Kootenay Region",49.31307,-115.01912,2025,FALSE,0,NA,NA,0.8855,0.7594,0.9658
"MYEV","127850_NW",127850,"NW","Kootenay Region",49.3096,-115.05201,2017,TRUE,4,1,1,0.6947,0.4615,0.8947
"MYEV","127850_NW",127850,"NW","Kootenay Region",49.3096,-115.05201,2018,FALSE,0,NA,NA,0.8605,0.7287,0.955
"MYEV","127850_NW",127850,"NW","Kootenay Region",49.3096,-115.05201,2019,TRUE,4,1,1,0.8609,0.7545,0.939
"MYEV","127850_NW",127850,"NW","Kootenay Region",49.3096,-115.05201,2020,TRUE,4,1,1,0.7797,0.6447,0.8922
"MYEV","127850_NW",127850,"NW","Kootenay Region",49.3096,-115.05201,2021,TRUE,4,1,1,0.8929,0.7989,0.9594
"MYEV","127850_NW",127850,"NW","Kootenay Region",49.3096,-115.05201,2022,TRUE,4,1,1,0.9351,0.8638,0.9824
"MYEV","127850_NW",127850,"NW","Kootenay Region",49.3096,-115.05201,2023,FALSE,0,NA,NA,0.8928,0.7959,0.9592
"MYEV","127850_NW",127850,"NW","Kootenay Region",49.3096,-115.05201,2024,FALSE,0,NA,NA,0.9241,0.8522,0.9734
"MYEV","127850_NW",127850,"NW","Kootenay Region",49.3096,-115.05201,2025,FALSE,0,NA,NA,0.92,0.847,0.9718
"MYEV","127850_SE",127850,"SE","Kootenay Region",49.28498,-114.95395,2017,FALSE,0,NA,NA,0.7286,0.4541,0.9287
"MYEV","127850_SE",127850,"SE","Kootenay Region",49.28498,-114.95395,2018,FALSE,0,NA,NA,0.8646,0.7316,0.9573
"MYEV","127850_SE",127850,"SE","Kootenay Region",49.28498,-114.95395,2019,TRUE,4,1,1,0.8557,0.7361,0.9414
"MYEV","127850_SE",127850,"SE","Kootenay Region",49.28498,-114.95395,2020,TRUE,4,1,1,0.7691,0.6315,0.8913
"MYEV","127850_SE",127850,"SE","Kootenay Region",49.28498,-114.95395,2021,TRUE,4,1,1,0.8967,0.807,0.9614
"MYEV","127850_SE",127850,"SE","Kootenay Region",49.28498,-114.95395,2022,TRUE,4,1,1,0.9349,0.8605,0.984
"MYEV","127850_SE",127850,"SE","Kootenay Region",49.28498,-114.95395,2023,TRUE,4,1,1,0.8851,0.7759,0.9584
"MYEV","127850_SE",127850,"SE","Kootenay Region",49.28498,-114.95395,2024,FALSE,0,NA,NA,0.922,0.843,0.9741
"MYEV","127850_SE",127850,"SE","Kootenay Region",49.28498,-114.95395,2025,FALSE,0,NA,NA,0.9166,0.8365,0.9724
"MYEV","127850_SW",127850,"SW","Kootenay Region",49.2671,-115.02532,2017,TRUE,4,1,1,0.6809,0.4298,0.8951
"MYEV","127850_SW",127850,"SW","Kootenay Region",49.2671,-115.02532,2018,FALSE,0,NA,NA,0.8611,0.7215,0.958
"MYEV","127850_SW",127850,"SW","Kootenay Region",49.2671,-115.02532,2019,TRUE,3,0,0.3613,0.864,0.7548,0.943
"MYEV","127850_SW",127850,"SW","Kootenay Region",49.2671,-115.02532,2020,TRUE,4,1,1,0.7863,0.6497,0.8985
"MYEV","127850_SW",127850,"SW","Kootenay Region",49.2671,-115.02532,2021,TRUE,4,1,1,0.8945,0.7942,0.9615
"MYEV","127850_SW",127850,"SW","Kootenay Region",49.2671,-115.02532,2022,TRUE,4,1,1,0.9364,0.8654,0.9834
"MYEV","127850_SW",127850,"SW","Kootenay Region",49.2671,-115.02532,2023,TRUE,4,1,1,0.8967,0.7993,0.9617
"MYEV","127850_SW",127850,"SW","Kootenay Region",49.2671,-115.02532,2024,TRUE,4,1,1,0.9264,0.8539,0.9751
"MYEV","127850_SW",127850,"SW","Kootenay Region",49.2671,-115.02532,2025,FALSE,0,NA,NA,0.9225,0.8492,0.9729
"MYEV","128058_NE",128058,"NE","South Coastal Region",48.84117,-123.42727,2017,FALSE,0,NA,NA,0.4191,0.1177,0.7753
"MYEV","128058_NE",128058,"NE","South Coastal Region",48.84117,-123.42727,2018,TRUE,4,1,1,0.4611,0.226,0.7178
"MYEV","128058_NE",128058,"NE","South Coastal Region",48.84117,-123.42727,2019,TRUE,4,1,1,0.501,0.2843,0.7152
"MYEV","128058_NE",128058,"NE","South Coastal Region",48.84117,-123.42727,2020,TRUE,4,1,1,0.4844,0.2892,0.6844
"MYEV","128058_NE",128058,"NE","South Coastal Region",48.84117,-123.42727,2021,TRUE,4,1,1,0.5298,0.3179,0.7296
"MYEV","128058_NE",128058,"NE","South Coastal Region",48.84117,-123.42727,2022,TRUE,2,1,1,0.602,0.3754,0.8037
"MYEV","128058_NE",128058,"NE","South Coastal Region",48.84117,-123.42727,2023,FALSE,0,NA,NA,0.6182,0.3929,0.8144
"MYEV","128058_NE",128058,"NE","South Coastal Region",48.84117,-123.42727,2024,FALSE,0,NA,NA,0.6453,0.4136,0.8398
"MYEV","128058_NE",128058,"NE","South Coastal Region",48.84117,-123.42727,2025,FALSE,0,NA,NA,0.6548,0.4158,0.8492
"MYEV","128058_NW",128058,"NW","South Coastal Region",48.82144,-123.48643,2017,FALSE,0,NA,NA,0.5116,0.2815,0.756
"MYEV","128058_NW",128058,"NW","South Coastal Region",48.82144,-123.48643,2018,TRUE,4,0,0.0549,0.5981,0.441,0.7477
"MYEV","128058_NW",128058,"NW","South Coastal Region",48.82144,-123.48643,2019,TRUE,4,0,0.0858,0.6564,0.5204,0.7824
"MYEV","128058_NW",128058,"NW","South Coastal Region",48.82144,-123.48643,2020,TRUE,4,1,1,0.6134,0.4773,0.7472
"MYEV","128058_NW",128058,"NW","South Coastal Region",48.82144,-123.48643,2021,TRUE,4,1,1,0.6917,0.5574,0.8121
"MYEV","128058_NW",128058,"NW","South Coastal Region",48.82144,-123.48643,2022,TRUE,4,1,1,0.7852,0.6665,0.884
"MYEV","128058_NW",128058,"NW","South Coastal Region",48.82144,-123.48643,2023,FALSE,0,NA,NA,0.7829,0.6604,0.884
"MYEV","128058_NW",128058,"NW","South Coastal Region",48.82144,-123.48643,2024,FALSE,0,NA,NA,0.8078,0.6924,0.9002
"MYEV","128058_NW",128058,"NW","South Coastal Region",48.82144,-123.48643,2025,FALSE,0,NA,NA,0.8092,0.6899,0.9028
"MYEV","128058_SW",128058,"SW","South Coastal Region",48.79828,-123.47632,2017,FALSE,0,NA,NA,0.4784,0.2572,0.7145
"MYEV","128058_SW",128058,"SW","South Coastal Region",48.79828,-123.47632,2018,TRUE,4,1,1,0.553,0.3967,0.7007
"MYEV","128058_SW",128058,"SW","South Coastal Region",48.79828,-123.47632,2019,TRUE,4,1,1,0.6113,0.4778,0.7399
"MYEV","128058_SW",128058,"SW","South Coastal Region",48.79828,-123.47632,2020,TRUE,4,1,1,0.5804,0.4498,0.711
"MYEV","128058_SW",128058,"SW","South Coastal Region",48.79828,-123.47632,2021,TRUE,4,0,0.5451,0.6446,0.5122,0.7625
"MYEV","128058_SW",128058,"SW","South Coastal Region",48.79828,-123.47632,2022,TRUE,4,1,1,0.7339,0.6078,0.8423
"MYEV","128058_SW",128058,"SW","South Coastal Region",48.79828,-123.47632,2023,FALSE,0,NA,NA,0.7408,0.6144,0.8472
"MYEV","128058_SW",128058,"SW","South Coastal Region",48.79828,-123.47632,2024,FALSE,0,NA,NA,0.7674,0.6458,0.8694
"MYEV","128058_SW",128058,"SW","South Coastal Region",48.79828,-123.47632,2025,FALSE,0,NA,NA,0.7717,0.6476,0.875
"MYEV","132650_SE",132650,"SE","Okanagan Region",51.81828,-122.42144,2017,FALSE,0,NA,NA,0.8005,0.538,0.9722
"MYEV","132650_SE",132650,"SE","Okanagan Region",51.81828,-122.42144,2018,FALSE,0,NA,NA,0.7783,0.6218,0.9086
"MYEV","132650_SE",132650,"SE","Okanagan Region",51.81828,-122.42144,2019,FALSE,0,NA,NA,0.7715,0.6317,0.8857
"MYEV","132650_SE",132650,"SE","Okanagan Region",51.81828,-122.42144,2020,TRUE,4,1,1,0.671,0.5034,0.8249
"MYEV","132650_SE",132650,"SE","Okanagan Region",51.81828,-122.42144,2021,TRUE,4,1,1,0.7616,0.6087,0.8829
"MYEV","132650_SE",132650,"SE","Okanagan Region",51.81828,-122.42144,2022,TRUE,2,0,0.8102,0.8454,0.7092,0.9401
"MYEV","132650_SE",132650,"SE","Okanagan Region",51.81828,-122.42144,2023,TRUE,3,1,1,0.8166,0.6656,0.9268
"MYEV","132650_SE",132650,"SE","Okanagan Region",51.81828,-122.42144,2024,TRUE,4,1,1,0.844,0.7132,0.9388
"MYEV","132650_SE",132650,"SE","Okanagan Region",51.81828,-122.42144,2025,TRUE,4,1,1,0.842,0.7033,0.9365
"MYEV","132650_SW",132650,"SW","Okanagan Region",51.80225,-122.46284,2017,FALSE,0,NA,NA,0.7974,0.5225,0.9725
"MYEV","132650_SW",132650,"SW","Okanagan Region",51.80225,-122.46284,2018,FALSE,0,NA,NA,0.8049,0.6656,0.9165
"MYEV","132650_SW",132650,"SW","Okanagan Region",51.80225,-122.46284,2019,FALSE,0,NA,NA,0.8034,0.6804,0.9005
"MYEV","132650_SW",132650,"SW","Okanagan Region",51.80225,-122.46284,2020,TRUE,4,0,0.0358,0.7099,0.5682,0.8412
"MYEV","132650_SW",132650,"SW","Okanagan Region",51.80225,-122.46284,2021,TRUE,3,0,0.0576,0.8,0.6699,0.9016
"MYEV","132650_SW",132650,"SW","Okanagan Region",51.80225,-122.46284,2022,TRUE,4,0,0.0822,0.8749,0.7694,0.9532
"MYEV","132650_SW",132650,"SW","Okanagan Region",51.80225,-122.46284,2023,TRUE,3,0,0.1487,0.8448,0.7252,0.9348
"MYEV","132650_SW",132650,"SW","Okanagan Region",51.80225,-122.46284,2024,FALSE,0,NA,NA,0.871,0.7657,0.946
"MYEV","132650_SW",132650,"SW","Okanagan Region",51.80225,-122.46284,2025,TRUE,4,1,1,0.8695,0.7641,0.9423
"MYEV","137274_NE",137274,"NE","South Coastal Region",48.79,-123.6988,2017,FALSE,0,NA,NA,0.5313,0.2524,0.827
"MYEV","137274_NE",137274,"NE","South Coastal Region",48.79,-123.6988,2018,TRUE,4,0,0.0291,0.621,0.433,0.7966
"MYEV","137274_NE",137274,"NE","South Coastal Region",48.79,-123.6988,2019,TRUE,3,0,0.0267,0.6851,0.5396,0.8153
"MYEV","137274_NE",137274,"NE","South Coastal Region",48.79,-123.6988,2020,TRUE,4,0,0.0104,0.6523,0.5063,0.7825
"MYEV","137274_NE",137274,"NE","South Coastal Region",48.79,-123.6988,2021,FALSE,0,NA,NA,0.7172,0.5708,0.8383
"MYEV","137274_NE",137274,"NE","South Coastal Region",48.79,-123.6988,2022,TRUE,4,0,0.1071,0.7984,0.6695,0.9002
"MYEV","137274_NE",137274,"NE","South Coastal Region",48.79,-123.6988,2023,TRUE,4,1,1,0.7998,0.6734,0.8969
"MYEV","137274_NE",137274,"NE","South Coastal Region",48.79,-123.6988,2024,FALSE,0,NA,NA,0.8225,0.698,0.9153
"MYEV","137274_NE",137274,"NE","South Coastal Region",48.79,-123.6988,2025,FALSE,0,NA,NA,0.8249,0.6962,0.9192
"MYEV","137274_NW",137274,"NW","South Coastal Region",48.7891,-123.719,2017,FALSE,0,NA,NA,0.501,0.2756,0.7417
"MYEV","137274_NW",137274,"NW","South Coastal Region",48.7891,-123.719,2018,TRUE,4,1,1,0.5843,0.4292,0.7353
"MYEV","137274_NW",137274,"NW","South Coastal Region",48.7891,-123.719,2019,TRUE,4,1,1,0.6479,0.526,0.767
"MYEV","137274_NW",137274,"NW","South Coastal Region",48.7891,-123.719,2020,TRUE,4,0,0.2396,0.6152,0.4881,0.7358
"MYEV","137274_NW",137274,"NW","South Coastal Region",48.7891,-123.719,2021,TRUE,4,1,1,0.6788,0.5526,0.7894
"MYEV","137274_NW",137274,"NW","South Coastal Region",48.7891,-123.719,2022,TRUE,4,1,1,0.7651,0.6519,0.8616
"MYEV","137274_NW",137274,"NW","South Coastal Region",48.7891,-123.719,2023,TRUE,3,1,1,0.7706,0.6582,0.8669
"MYEV","137274_NW",137274,"NW","South Coastal Region",48.7891,-123.719,2024,FALSE,0,NA,NA,0.7955,0.6826,0.8885
"MYEV","137274_NW",137274,"NW","South Coastal Region",48.7891,-123.719,2025,FALSE,0,NA,NA,0.7992,0.6863,0.8915
"MYEV","137274_SE",137274,"SE","South Coastal Region",48.7539,-123.6447,2017,FALSE,0,NA,NA,0.5369,0.2429,0.843
"MYEV","137274_SE",137274,"SE","South Coastal Region",48.7539,-123.6447,2018,TRUE,4,0,0.2182,0.6246,0.4343,0.8064
"MYEV","137274_SE",137274,"SE","South Coastal Region",48.7539,-123.6447,2019,TRUE,3,1,1,0.6867,0.5383,0.8168
"MYEV","137274_SE",137274,"SE","South Coastal Region",48.7539,-123.6447,2020,TRUE,4,1,1,0.6425,0.4972,0.7768
"MYEV","137274_SE",137274,"SE","South Coastal Region",48.7539,-123.6447,2021,TRUE,2,0,0.776,0.7146,0.566,0.8363
"MYEV","137274_SE",137274,"SE","South Coastal Region",48.7539,-123.6447,2022,TRUE,4,1,1,0.7997,0.6686,0.8996
"MYEV","137274_SE",137274,"SE","South Coastal Region",48.7539,-123.6447,2023,TRUE,4,1,1,0.8033,0.6775,0.8987
"MYEV","137274_SE",137274,"SE","South Coastal Region",48.7539,-123.6447,2024,FALSE,0,NA,NA,0.8273,0.7042,0.9174
"MYEV","137274_SE",137274,"SE","South Coastal Region",48.7539,-123.6447,2025,FALSE,0,NA,NA,0.83,0.7029,0.9222
"MYEV","143274_NE",143274,"NE","South Coastal Region",50.3377,-122.8012,2017,FALSE,0,NA,NA,0.5053,0.2762,0.7439
"MYEV","143274_NE",143274,"NE","South Coastal Region",50.3377,-122.8012,2018,FALSE,0,NA,NA,0.6653,0.5107,0.797
"MYEV","143274_NE",143274,"NE","South Coastal Region",50.3377,-122.8012,2019,TRUE,4,1,1,0.7423,0.6284,0.8463
"MYEV","143274_NE",143274,"NE","South Coastal Region",50.3377,-122.8012,2020,TRUE,4,1,1,0.6792,0.5494,0.8038
"MYEV","143274_NE",143274,"NE","South Coastal Region",50.3377,-122.8012,2021,TRUE,4,1,1,0.7593,0.6406,0.8601
"MYEV","143274_NE",143274,"NE","South Coastal Region",50.3377,-122.8012,2022,TRUE,4,1,1,0.843,0.747,0.9225
"MYEV","143274_NE",143274,"NE","South Coastal Region",50.3377,-122.8012,2023,TRUE,4,1,1,0.8267,0.7269,0.9097
"MYEV","143274_NE",143274,"NE","South Coastal Region",50.3377,-122.8012,2024,TRUE,4,1,1,0.8487,0.7559,0.9224
"MYEV","143274_NE",143274,"NE","South Coastal Region",50.3377,-122.8012,2025,TRUE,4,1,1,0.8474,0.7491,0.9245
"MYEV","143274_NW",143274,"NW","South Coastal Region",50.3446,-122.8479,2017,FALSE,0,NA,NA,0.4871,0.2697,0.7157
"MYEV","143274_NW",143274,"NW","South Coastal Region",50.3446,-122.8479,2018,FALSE,0,NA,NA,0.6504,0.4776,0.7997
"MYEV","143274_NW",143274,"NW","South Coastal Region",50.3446,-122.8479,2019,TRUE,4,1,1,0.742,0.5992,0.8645
"MYEV","143274_NW",143274,"NW","South Coastal Region",50.3446,-122.8479,2020,TRUE,3,1,1,0.7103,0.5598,0.8432
"MYEV","143274_NW",143274,"NW","South Coastal Region",50.3446,-122.8479,2021,TRUE,4,1,1,0.7769,0.6319,0.8866
"MYEV","143274_NW",143274,"NW","South Coastal Region",50.3446,-122.8479,2022,TRUE,4,1,1,0.8495,0.7207,0.9366
"MYEV","143274_NW",143274,"NW","South Coastal Region",50.3446,-122.8479,2023,TRUE,4,1,1,0.8471,0.7265,0.9314
"MYEV","143274_NW",143274,"NW","South Coastal Region",50.3446,-122.8479,2024,TRUE,4,1,1,0.8671,0.7579,0.9425
"MYEV","143274_NW",143274,"NW","South Coastal Region",50.3446,-122.8479,2025,TRUE,4,1,1,0.8686,0.759,0.9472
"MYEV","143274_SE",143274,"SE","South Coastal Region",50.3004,-122.758,2017,FALSE,0,NA,NA,0.4962,0.2801,0.7198
"MYEV","143274_SE",143274,"SE","South Coastal Region",50.3004,-122.758,2018,FALSE,0,NA,NA,0.6407,0.4796,0.7811
"MYEV","143274_SE",143274,"SE","South Coastal Region",50.3004,-122.758,2019,TRUE,4,1,1,0.7261,0.5963,0.8424
"MYEV","143274_SE",143274,"SE","South Coastal Region",50.3004,-122.758,2020,TRUE,3,0,0.584,0.6878,0.5527,0.8146
"MYEV","143274_SE",143274,"SE","South Coastal Region",50.3004,-122.758,2021,TRUE,4,1,1,0.7549,0.6203,0.8595
"MYEV","143274_SE",143274,"SE","South Coastal Region",50.3004,-122.758,2022,TRUE,4,1,1,0.8324,0.7162,0.9195
"MYEV","143274_SE",143274,"SE","South Coastal Region",50.3004,-122.758,2023,TRUE,4,1,1,0.8296,0.7172,0.9132
"MYEV","143274_SE",143274,"SE","South Coastal Region",50.3004,-122.758,2024,TRUE,4,1,1,0.8506,0.7451,0.9285
"MYEV","143274_SE",143274,"SE","South Coastal Region",50.3004,-122.758,2025,TRUE,4,1,1,0.8519,0.7444,0.931
"MYEV","143274_SW",143274,"SW","South Coastal Region",50.2961,-122.8048,2017,FALSE,0,NA,NA,0.4945,0.2606,0.7438
"MYEV","143274_SW",143274,"SW","South Coastal Region",50.2961,-122.8048,2018,FALSE,0,NA,NA,0.6727,0.5101,0.8106
"MYEV","143274_SW",143274,"SW","South Coastal Region",50.2961,-122.8048,2019,TRUE,4,1,1,0.7546,0.6337,0.8654
"MYEV","143274_SW",143274,"SW","South Coastal Region",50.2961,-122.8048,2020,TRUE,2,0,0.6647,0.697,0.5602,0.8261
"MYEV","143274_SW",143274,"SW","South Coastal Region",50.2961,-122.8048,2021,TRUE,4,1,1,0.7758,0.6496,0.8764
"MYEV","143274_SW",143274,"SW","South Coastal Region",50.2961,-122.8048,2022,TRUE,4,1,1,0.855,0.7503,0.9353
"MYEV","143274_SW",143274,"SW","South Coastal Region",50.2961,-122.8048,2023,TRUE,4,1,1,0.8399,0.7407,0.9203
"MYEV","143274_SW",143274,"SW","South Coastal Region",50.2961,-122.8048,2024,TRUE,4,1,1,0.8612,0.7711,0.9327
"MYEV","143274_SW",143274,"SW","South Coastal Region",50.2961,-122.8048,2025,TRUE,4,1,1,0.8602,0.7609,0.9347
"MYEV","145578_NE",145578,"NE","Kootenay Region",49.93178,-115.65558,2017,FALSE,0,NA,NA,0.6982,0.4698,0.8948
"MYEV","145578_NE",145578,"NE","Kootenay Region",49.93178,-115.65558,2018,TRUE,4,1,1,0.9091,0.7835,0.9811
"MYEV","145578_NE",145578,"NE","Kootenay Region",49.93178,-115.65558,2019,TRUE,4,1,1,0.9155,0.8053,0.9796
"MYEV","145578_NE",145578,"NE","Kootenay Region",49.93178,-115.65558,2020,TRUE,4,1,1,0.8598,0.6988,0.9678
"MYEV","145578_NE",145578,"NE","Kootenay Region",49.93178,-115.65558,2021,TRUE,4,1,1,0.9391,0.8529,0.9871
"MYEV","145578_NE",145578,"NE","Kootenay Region",49.93178,-115.65558,2022,TRUE,3,1,1,0.9644,0.9042,0.9939
"MYEV","145578_NE",145578,"NE","Kootenay Region",49.93178,-115.65558,2023,FALSE,0,NA,NA,0.9387,0.8503,0.9868
"MYEV","145578_NE",145578,"NE","Kootenay Region",49.93178,-115.65558,2024,TRUE,4,1,1,0.9582,0.897,0.9913
"MYEV","145578_NE",145578,"NE","Kootenay Region",49.93178,-115.65558,2025,TRUE,4,1,1,0.9555,0.8898,0.991
"MYEV","145578_NW",145578,"NW","Kootenay Region",49.93544,-115.67497,2017,FALSE,0,NA,NA,0.6717,0.4072,0.8933
"MYEV","145578_NW",145578,"NW","Kootenay Region",49.93544,-115.67497,2018,FALSE,0,NA,NA,0.8532,0.7078,0.9557
"MYEV","145578_NW",145578,"NW","Kootenay Region",49.93544,-115.67497,2019,TRUE,3,1,1,0.8568,0.7442,0.9398
"MYEV","145578_NW",145578,"NW","Kootenay Region",49.93544,-115.67497,2020,FALSE,0,NA,NA,0.7765,0.6298,0.8968
"MYEV","145578_NW",145578,"NW","Kootenay Region",49.93544,-115.67497,2021,TRUE,4,1,1,0.8878,0.7805,0.96
"MYEV","145578_NW",145578,"NW","Kootenay Region",49.93544,-115.67497,2022,TRUE,3,1,1,0.9317,0.8514,0.9824
"MYEV","145578_NW",145578,"NW","Kootenay Region",49.93544,-115.67497,2023,TRUE,4,1,1,0.8904,0.7884,0.961
"MYEV","145578_NW",145578,"NW","Kootenay Region",49.93544,-115.67497,2024,TRUE,3,1,1,0.9214,0.8429,0.9732
"MYEV","145578_NW",145578,"NW","Kootenay Region",49.93544,-115.67497,2025,TRUE,4,1,1,0.9174,0.835,0.9714
"MYEV","145578_SE",145578,"SE","Kootenay Region",49.89983,-115.64222,2017,FALSE,0,NA,NA,0.7236,0.4663,0.9215
"MYEV","145578_SE",145578,"SE","Kootenay Region",49.89983,-115.64222,2018,TRUE,3,1,1,0.8929,0.7762,0.9675
"MYEV","145578_SE",145578,"SE","Kootenay Region",49.89983,-115.64222,2019,TRUE,4,1,1,0.8918,0.788,0.9592
"MYEV","145578_SE",145578,"SE","Kootenay Region",49.89983,-115.64222,2020,TRUE,4,1,1,0.8218,0.6937,0.9267
"MYEV","145578_SE",145578,"SE","Kootenay Region",49.89983,-115.64222,2021,TRUE,4,1,1,0.9212,0.8431,0.9724
"MYEV","145578_SE",145578,"SE","Kootenay Region",49.89983,-115.64222,2022,TRUE,4,1,1,0.9533,0.8982,0.9885
"MYEV","145578_SE",145578,"SE","Kootenay Region",49.89983,-115.64222,2023,TRUE,4,1,1,0.9183,0.838,0.9701
"MYEV","145578_SE",145578,"SE","Kootenay Region",49.89983,-115.64222,2024,FALSE,0,NA,NA,0.9441,0.8851,0.9822
"MYEV","145578_SE",145578,"SE","Kootenay Region",49.89983,-115.64222,2025,TRUE,4,1,1,0.9406,0.878,0.9808
"MYEV","145578_SW",145578,"SW","Kootenay Region",49.89589,-115.695,2017,FALSE,0,NA,NA,0.7376,0.4163,0.9487
"MYEV","145578_SW",145578,"SW","Kootenay Region",49.89589,-115.695,2018,FALSE,0,NA,NA,0.8912,0.7671,0.9681
"MYEV","145578_SW",145578,"SW","Kootenay Region",49.89589,-115.695,2019,TRUE,4,1,1,0.8891,0.7816,0.9594
"MYEV","145578_SW",145578,"SW","Kootenay Region",49.89589,-115.695,2020,TRUE,4,1,1,0.8175,0.6847,0.9255
"MYEV","145578_SW",145578,"SW","Kootenay Region",49.89589,-115.695,2021,TRUE,4,1,1,0.92,0.8409,0.9729
"MYEV","145578_SW",145578,"SW","Kootenay Region",49.89589,-115.695,2022,TRUE,4,1,1,0.9522,0.8933,0.9884
"MYEV","145578_SW",145578,"SW","Kootenay Region",49.89589,-115.695,2023,TRUE,4,1,1,0.9156,0.8293,0.9709
"MYEV","145578_SW",145578,"SW","Kootenay Region",49.89589,-115.695,2024,TRUE,4,1,1,0.9425,0.8801,0.9818
"MYEV","145578_SW",145578,"SW","Kootenay Region",49.89589,-115.695,2025,TRUE,4,1,1,0.9387,0.8724,0.9805
"MYEV","16426_NE",16426,"NE","Northern Region",54.82137,-123.35579,2017,FALSE,0,NA,NA,0.7554,0.5034,0.9508
"MYEV","16426_NE",16426,"NE","Northern Region",54.82137,-123.35579,2018,TRUE,3,1,1,0.7465,0.5902,0.8796
"MYEV","16426_NE",16426,"NE","Northern Region",54.82137,-123.35579,2019,TRUE,3,0,0.318,0.7403,0.6159,0.8533
"MYEV","16426_NE",16426,"NE","Northern Region",54.82137,-123.35579,2020,TRUE,3,0,0.2971,0.6267,0.4786,0.7741
"MYEV","16426_NE",16426,"NE","Northern Region",54.82137,-123.35579,2021,TRUE,3,1,1,0.7534,0.6213,0.8648
"MYEV","16426_NE",16426,"NE","Northern Region",54.82137,-123.35579,2022,TRUE,3,0,0.5122,0.8431,0.7286,0.9345
"MYEV","16426_NE",16426,"NE","Northern Region",54.82137,-123.35579,2023,FALSE,0,NA,NA,0.7862,0.6539,0.8969
"MYEV","16426_NE",16426,"NE","Northern Region",54.82137,-123.35579,2024,TRUE,3,0,0.3151,0.8227,0.7157,0.9116
"MYEV","16426_NE",16426,"NE","Northern Region",54.82137,-123.35579,2025,FALSE,0,NA,NA,0.8165,0.6917,0.9138
"MYEV","16426_SE",16426,"SE","Northern Region",54.81895,-123.33997,2017,FALSE,0,NA,NA,0.7791,0.5153,0.9608
"MYEV","16426_SE",16426,"SE","Northern Region",54.81895,-123.33997,2018,TRUE,3,1,1,0.763,0.6097,0.8901
"MYEV","16426_SE",16426,"SE","Northern Region",54.81895,-123.33997,2019,TRUE,3,1,1,0.7559,0.6331,0.8627
"MYEV","16426_SE",16426,"SE","Northern Region",54.81895,-123.33997,2020,TRUE,2,1,1,0.6424,0.5029,0.7816
"MYEV","16426_SE",16426,"SE","Northern Region",54.81895,-123.33997,2021,TRUE,3,1,1,0.7766,0.6571,0.8782
"MYEV","16426_SE",16426,"SE","Northern Region",54.81895,-123.33997,2022,TRUE,3,1,1,0.8606,0.7624,0.9429
"MYEV","16426_SE",16426,"SE","Northern Region",54.81895,-123.33997,2023,FALSE,0,NA,NA,0.7996,0.6741,0.9005
"MYEV","16426_SE",16426,"SE","Northern Region",54.81895,-123.33997,2024,FALSE,0,NA,NA,0.8379,0.7394,0.9187
"MYEV","16426_SE",16426,"SE","Northern Region",54.81895,-123.33997,2025,FALSE,0,NA,NA,0.8316,0.7198,0.9207
"MYEV","172090_NE",172090,"NE","South Coastal Region",49.37012,-122.94857,2017,FALSE,0,NA,NA,0.5777,0.1217,0.9549
"MYEV","172090_NE",172090,"NE","South Coastal Region",49.37012,-122.94857,2018,TRUE,3,0,0.3191,0.7798,0.5416,0.932
"MYEV","172090_NE",172090,"NE","South Coastal Region",49.37012,-122.94857,2019,TRUE,3,1,1,0.7515,0.5784,0.8969
"MYEV","172090_NE",172090,"NE","South Coastal Region",49.37012,-122.94857,2020,TRUE,3,0,0.1284,0.6449,0.4762,0.823
"MYEV","172090_NE",172090,"NE","South Coastal Region",49.37012,-122.94857,2021,TRUE,4,1,1,0.8206,0.6802,0.9318
"MYEV","172090_NE",172090,"NE","South Coastal Region",49.37012,-122.94857,2022,TRUE,4,1,1,0.8719,0.7281,0.9692
"MYEV","172090_NE",172090,"NE","South Coastal Region",49.37012,-122.94857,2023,TRUE,2,1,1,0.7841,0.607,0.9224
"MYEV","172090_NE",172090,"NE","South Coastal Region",49.37012,-122.94857,2024,FALSE,0,NA,NA,0.8487,0.703,0.9519
"MYEV","172090_NE",172090,"NE","South Coastal Region",49.37012,-122.94857,2025,FALSE,0,NA,NA,0.835,0.675,0.946
"MYEV","172090_NW",172090,"NW","South Coastal Region",49.34683,-123.00985,2017,FALSE,0,NA,NA,0.4641,0.2251,0.7163
"MYEV","172090_NW",172090,"NW","South Coastal Region",49.34683,-123.00985,2018,TRUE,3,0,0.072,0.5684,0.4002,0.7294
"MYEV","172090_NW",172090,"NW","South Coastal Region",49.34683,-123.00985,2019,TRUE,3,0,0.0591,0.6407,0.4937,0.7776
"MYEV","172090_NW",172090,"NW","South Coastal Region",49.34683,-123.00985,2020,FALSE,0,NA,NA,0.5972,0.4485,0.7413
"MYEV","172090_NW",172090,"NW","South Coastal Region",49.34683,-123.00985,2021,TRUE,4,0,0.1624,0.6593,0.5045,0.7922
"MYEV","172090_NW",172090,"NW","South Coastal Region",49.34683,-123.00985,2022,TRUE,4,1,1,0.7478,0.5929,0.8705
"MYEV","172090_NW",172090,"NW","South Coastal Region",49.34683,-123.00985,2023,TRUE,3,0,0.3571,0.752,0.6055,0.8683
"MYEV","172090_NW",172090,"NW","South Coastal Region",49.34683,-123.00985,2024,FALSE,0,NA,NA,0.7778,0.6337,0.8879
"MYEV","172090_NW",172090,"NW","South Coastal Region",49.34683,-123.00985,2025,FALSE,0,NA,NA,0.7815,0.6343,0.8937
"MYEV","172090_SE",172090,"SE","South Coastal Region",49.32364,-122.97036,2017,FALSE,0,NA,NA,0.4763,0.2539,0.7135
"MYEV","172090_SE",172090,"SE","South Coastal Region",49.32364,-122.97036,2018,TRUE,3,0,0.1869,0.5638,0.3902,0.7332
"MYEV","172090_SE",172090,"SE","South Coastal Region",49.32364,-122.97036,2019,FALSE,0,NA,NA,0.6194,0.4453,0.7811
"MYEV","172090_SE",172090,"SE","South Coastal Region",49.32364,-122.97036,2020,TRUE,4,1,1,0.5532,0.3704,0.731
"MYEV","172090_SE",172090,"SE","South Coastal Region",49.32364,-122.97036,2021,TRUE,4,0,0.0429,0.6217,0.4187,0.799
"MYEV","172090_SE",172090,"SE","South Coastal Region",49.32364,-122.97036,2022,TRUE,4,0,0.0089,0.716,0.5109,0.8778
"MYEV","172090_SE",172090,"SE","South Coastal Region",49.32364,-122.97036,2023,TRUE,3,0,0.0236,0.7179,0.5166,0.8714
"MYEV","172090_SE",172090,"SE","South Coastal Region",49.32364,-122.97036,2024,FALSE,0,NA,NA,0.7477,0.5518,0.8927
"MYEV","172090_SE",172090,"SE","South Coastal Region",49.32364,-122.97036,2025,FALSE,0,NA,NA,0.7504,0.5605,0.8956
"MYEV","172090_SW",172090,"SW","South Coastal Region",49.31421,-123.01406,2017,FALSE,0,NA,NA,0.5242,0.2594,0.8039
"MYEV","172090_SW",172090,"SW","South Coastal Region",49.31421,-123.01406,2018,TRUE,3,1,1,0.6064,0.4319,0.7721
"MYEV","172090_SW",172090,"SW","South Coastal Region",49.31421,-123.01406,2019,TRUE,3,1,1,0.6664,0.5342,0.7916
"MYEV","172090_SW",172090,"SW","South Coastal Region",49.31421,-123.01406,2020,TRUE,4,0,0.008,0.6127,0.4759,0.7465
"MYEV","172090_SW",172090,"SW","South Coastal Region",49.31421,-123.01406,2021,TRUE,4,0,0.0042,0.6764,0.537,0.7982
"MYEV","172090_SW",172090,"SW","South Coastal Region",49.31421,-123.01406,2022,TRUE,4,0,0.0353,0.7633,0.6389,0.8675
"MYEV","172090_SW",172090,"SW","South Coastal Region",49.31421,-123.01406,2023,TRUE,3,1,1,0.7862,0.6662,0.8806
"MYEV","172090_SW",172090,"SW","South Coastal Region",49.31421,-123.01406,2024,FALSE,0,NA,NA,0.8185,0.7038,0.9057
"MYEV","172090_SW",172090,"SW","South Coastal Region",49.31421,-123.01406,2025,FALSE,0,NA,NA,0.8256,0.7116,0.913
"MYEV","175354_SE",175354,"SE","Northern Region",59.42418,-125.94917,2017,FALSE,0,NA,NA,0.7198,0.4099,0.9477
"MYEV","175354_SE",175354,"SE","Northern Region",59.42418,-125.94917,2018,TRUE,3,1,1,0.6312,0.4197,0.8316
"MYEV","175354_SE",175354,"SE","Northern Region",59.42418,-125.94917,2019,TRUE,4,1,1,0.591,0.3859,0.7844
"MYEV","175354_SE",175354,"SE","Northern Region",59.42418,-125.94917,2020,TRUE,4,1,1,0.4722,0.2651,0.6849
"MYEV","175354_SE",175354,"SE","Northern Region",59.42418,-125.94917,2021,FALSE,0,NA,NA,0.5341,0.289,0.7689
"MYEV","175354_SE",175354,"SE","Northern Region",59.42418,-125.94917,2022,FALSE,0,NA,NA,0.6276,0.3449,0.8597
"MYEV","175354_SE",175354,"SE","Northern Region",59.42418,-125.94917,2023,FALSE,0,NA,NA,0.6003,0.3256,0.8353
"MYEV","175354_SE",175354,"SE","Northern Region",59.42418,-125.94917,2024,FALSE,0,NA,NA,0.6267,0.3439,0.8509
"MYEV","175354_SE",175354,"SE","Northern Region",59.42418,-125.94917,2025,FALSE,0,NA,NA,0.6203,0.3363,0.8501
"MYEV","175354_SW",175354,"SW","Northern Region",59.40931,-126.09868,2017,FALSE,0,NA,NA,0.7209,0.4127,0.9477
"MYEV","175354_SW",175354,"SW","Northern Region",59.40931,-126.09868,2018,TRUE,3,1,1,0.6474,0.447,0.8344
"MYEV","175354_SW",175354,"SW","Northern Region",59.40931,-126.09868,2019,TRUE,4,1,1,0.6102,0.4207,0.7842
"MYEV","175354_SW",175354,"SW","Northern Region",59.40931,-126.09868,2020,TRUE,4,1,1,0.4931,0.3048,0.6812
"MYEV","175354_SW",175354,"SW","Northern Region",59.40931,-126.09868,2021,FALSE,0,NA,NA,0.5487,0.3326,0.7562
"MYEV","175354_SW",175354,"SW","Northern Region",59.40931,-126.09868,2022,FALSE,0,NA,NA,0.6397,0.4007,0.8428
"MYEV","175354_SW",175354,"SW","Northern Region",59.40931,-126.09868,2023,FALSE,0,NA,NA,0.6199,0.3807,0.8302
"MYEV","175354_SW",175354,"SW","Northern Region",59.40931,-126.09868,2024,TRUE,4,1,1,0.6448,0.3964,0.8478
"MYEV","175354_SW",175354,"SW","Northern Region",59.40931,-126.09868,2025,TRUE,4,1,1,0.641,0.3865,0.8469
"MYEV","17706_NW",17706,"NW","Northern Region",51.97601,-120.10368,2017,FALSE,0,NA,NA,0.7739,0.5203,0.9563
"MYEV","17706_NW",17706,"NW","Northern Region",51.97601,-120.10368,2018,FALSE,0,NA,NA,0.7541,0.5884,0.8838
"MYEV","17706_NW",17706,"NW","Northern Region",51.97601,-120.10368,2019,TRUE,4,1,1,0.7468,0.6049,0.8673
"MYEV","17706_NW",17706,"NW","Northern Region",51.97601,-120.10368,2020,TRUE,2,0,0.3667,0.6364,0.4842,0.7878
"MYEV","17706_NW",17706,"NW","Northern Region",51.97601,-120.10368,2021,FALSE,0,NA,NA,0.7568,0.6092,0.876
"MYEV","17706_NW",17706,"NW","Northern Region",51.97601,-120.10368,2022,FALSE,0,NA,NA,0.8456,0.7252,0.938
"MYEV","17706_NW",17706,"NW","Northern Region",51.97601,-120.10368,2023,FALSE,0,NA,NA,0.7947,0.6519,0.9046
"MYEV","17706_NW",17706,"NW","Northern Region",51.97601,-120.10368,2024,FALSE,0,NA,NA,0.8284,0.7039,0.9229
"MYEV","17706_NW",17706,"NW","Northern Region",51.97601,-120.10368,2025,FALSE,0,NA,NA,0.8229,0.6907,0.9233
"MYEV","17706_SE",17706,"SE","Northern Region",51.9408,-120.01683,2017,FALSE,0,NA,NA,0.7614,0.5246,0.9505
"MYEV","17706_SE",17706,"SE","Northern Region",51.9408,-120.01683,2018,FALSE,0,NA,NA,0.784,0.6323,0.9028
"MYEV","17706_SE",17706,"SE","Northern Region",51.9408,-120.01683,2019,TRUE,4,1,1,0.7888,0.652,0.8956
"MYEV","17706_SE",17706,"SE","Northern Region",51.9408,-120.01683,2020,TRUE,4,0,0.208,0.6951,0.5318,0.8401
"MYEV","17706_SE",17706,"SE","Northern Region",51.9408,-120.01683,2021,FALSE,0,NA,NA,0.7871,0.6461,0.8953
"MYEV","17706_SE",17706,"SE","Northern Region",51.9408,-120.01683,2022,FALSE,0,NA,NA,0.8661,0.7581,0.9457
"MYEV","17706_SE",17706,"SE","Northern Region",51.9408,-120.01683,2023,TRUE,4,1,1,0.8354,0.7156,0.9256
"MYEV","17706_SE",17706,"SE","Northern Region",51.9408,-120.01683,2024,TRUE,2,1,1,0.8601,0.7551,0.9378
"MYEV","17706_SE",17706,"SE","Northern Region",51.9408,-120.01683,2025,TRUE,4,0,0.2742,0.8569,0.7442,0.9389
"MYEV","17706_SW",17706,"SW","Northern Region",51.94316,-120.06784,2017,FALSE,0,NA,NA,0.739,0.4751,0.9463
"MYEV","17706_SW",17706,"SW","Northern Region",51.94316,-120.06784,2018,FALSE,0,NA,NA,0.7286,0.5743,0.8665
"MYEV","17706_SW",17706,"SW","Northern Region",51.94316,-120.06784,2019,TRUE,4,1,1,0.7227,0.5954,0.8394
"MYEV","17706_SW",17706,"SW","Northern Region",51.94316,-120.06784,2020,TRUE,4,0,0.24,0.6129,0.4622,0.7612
"MYEV","17706_SW",17706,"SW","Northern Region",51.94316,-120.06784,2021,FALSE,0,NA,NA,0.72,0.5774,0.8411
"MYEV","17706_SW",17706,"SW","Northern Region",51.94316,-120.06784,2022,FALSE,0,NA,NA,0.8171,0.6923,0.9173
"MYEV","17706_SW",17706,"SW","Northern Region",51.94316,-120.06784,2023,TRUE,4,1,1,0.7805,0.6527,0.8911
"MYEV","17706_SW",17706,"SW","Northern Region",51.94316,-120.06784,2024,FALSE,0,NA,NA,0.8098,0.6949,0.9037
"MYEV","17706_SW",17706,"SW","Northern Region",51.94316,-120.06784,2025,TRUE,4,1,1,0.8056,0.6796,0.9042
"MYEV","186330_NE",186330,"NE","Northern Region",55.95727,-122.58949,2017,FALSE,0,NA,NA,0.7962,0.4403,0.9818
"MYEV","186330_NE",186330,"NE","Northern Region",55.95727,-122.58949,2018,FALSE,0,NA,NA,0.7905,0.6169,0.9202
"MYEV","186330_NE",186330,"NE","Northern Region",55.95727,-122.58949,2019,FALSE,0,NA,NA,0.7854,0.6401,0.898
"MYEV","186330_NE",186330,"NE","Northern Region",55.95727,-122.58949,2020,FALSE,0,NA,NA,0.6757,0.5199,0.8297
"MYEV","186330_NE",186330,"NE","Northern Region",55.95727,-122.58949,2021,FALSE,0,NA,NA,0.8245,0.7037,0.92
"MYEV","186330_NE",186330,"NE","Northern Region",55.95727,-122.58949,2022,FALSE,0,NA,NA,0.8895,0.7883,0.9634
"MYEV","186330_NE",186330,"NE","Northern Region",55.95727,-122.58949,2023,FALSE,0,NA,NA,0.8219,0.6864,0.9224
"MYEV","186330_NE",186330,"NE","Northern Region",55.95727,-122.58949,2024,TRUE,4,1,1,0.8662,0.763,0.9453
"MYEV","186330_NE",186330,"NE","Northern Region",55.95727,-122.58949,2025,TRUE,4,1,1,0.8587,0.7409,0.9458
"MYEV","186330_NW",186330,"NW","Northern Region",55.94606,-122.65922,2017,FALSE,0,NA,NA,0.7855,0.5034,0.9654
"MYEV","186330_NW",186330,"NW","Northern Region",55.94606,-122.65922,2018,FALSE,0,NA,NA,0.7936,0.648,0.9079
"MYEV","186330_NW",186330,"NW","Northern Region",55.94606,-122.65922,2019,FALSE,0,NA,NA,0.7909,0.6671,0.8896
"MYEV","186330_NW",186330,"NW","Northern Region",55.94606,-122.65922,2020,FALSE,0,NA,NA,0.6858,0.5375,0.826
"MYEV","186330_NW",186330,"NW","Northern Region",55.94606,-122.65922,2021,FALSE,0,NA,NA,0.8045,0.6883,0.8982
"MYEV","186330_NW",186330,"NW","Northern Region",55.94606,-122.65922,2022,FALSE,0,NA,NA,0.8819,0.7953,0.9507
"MYEV","186330_NW",186330,"NW","Northern Region",55.94606,-122.65922,2023,FALSE,0,NA,NA,0.8339,0.7246,0.9188
"MYEV","186330_NW",186330,"NW","Northern Region",55.94606,-122.65922,2024,TRUE,3,0,0.1131,0.865,0.7803,0.9329
"MYEV","186330_NW",186330,"NW","Northern Region",55.94606,-122.65922,2025,TRUE,4,0,0.0449,0.8602,0.7668,0.9357
"MYEV","186490_NW",186490,"NW","Northern Region",54.754,-127.12678,2017,TRUE,4,1,1,0.7315,0.4463,0.9452
"MYEV","186490_NW",186490,"NW","Northern Region",54.754,-127.12678,2018,TRUE,4,1,1,0.6959,0.5276,0.8562
"MYEV","186490_NW",186490,"NW","Northern Region",54.754,-127.12678,2019,TRUE,4,1,1,0.6789,0.5307,0.8158
"MYEV","186490_NW",186490,"NW","Northern Region",54.754,-127.12678,2020,TRUE,4,1,1,0.5689,0.4006,0.7343
"MYEV","186490_NW",186490,"NW","Northern Region",54.754,-127.12678,2021,TRUE,4,1,1,0.6429,0.4566,0.8049
"MYEV","186490_NW",186490,"NW","Northern Region",54.754,-127.12678,2022,TRUE,4,1,1,0.7384,0.5453,0.8863
"MYEV","186490_NW",186490,"NW","Northern Region",54.754,-127.12678,2023,FALSE,0,NA,NA,0.7149,0.5287,0.8655
"MYEV","186490_NW",186490,"NW","Northern Region",54.754,-127.12678,2024,TRUE,3,1,1,0.7414,0.5571,0.8813
"MYEV","186490_NW",186490,"NW","Northern Region",54.754,-127.12678,2025,TRUE,4,1,1,0.7378,0.554,0.8793
"MYEV","186490_SE",186490,"SE","Northern Region",54.72257,-126.99742,2017,TRUE,4,0,0.2667,0.7728,0.522,0.9556
"MYEV","186490_SE",186490,"SE","Northern Region",54.72257,-126.99742,2018,TRUE,4,1,1,0.7548,0.6035,0.8832
"MYEV","186490_SE",186490,"SE","Northern Region",54.72257,-126.99742,2019,TRUE,4,1,1,0.7472,0.6287,0.8521
"MYEV","186490_SE",186490,"SE","Northern Region",54.72257,-126.99742,2020,TRUE,4,1,1,0.6335,0.4937,0.7724
"MYEV","186490_SE",186490,"SE","Northern Region",54.72257,-126.99742,2021,TRUE,4,0,0.1707,0.7592,0.635,0.865
"MYEV","186490_SE",186490,"SE","Northern Region",54.72257,-126.99742,2022,TRUE,4,1,1,0.8486,0.7453,0.9348
"MYEV","186490_SE",186490,"SE","Northern Region",54.72257,-126.99742,2023,FALSE,0,NA,NA,0.7929,0.6678,0.8958
"MYEV","186490_SE",186490,"SE","Northern Region",54.72257,-126.99742,2024,FALSE,0,NA,NA,0.8283,0.7299,0.9116
"MYEV","186490_SE",186490,"SE","Northern Region",54.72257,-126.99742,2025,FALSE,0,NA,NA,0.8223,0.7087,0.9133
"MYEV","186490_SW",186490,"SW","Northern Region",54.72278,-127.05397,2017,TRUE,4,0,0.312,0.7693,0.5158,0.9545
"MYEV","186490_SW",186490,"SW","Northern Region",54.72278,-127.05397,2018,TRUE,4,1,1,0.7369,0.5823,0.8748
"MYEV","186490_SW",186490,"SW","Northern Region",54.72278,-127.05397,2019,TRUE,4,1,1,0.7243,0.5887,0.8434
"MYEV","186490_SW",186490,"SW","Northern Region",54.72278,-127.05397,2020,TRUE,4,0,0.0384,0.612,0.4529,0.7671
"MYEV","186490_SW",186490,"SW","Northern Region",54.72278,-127.05397,2021,TRUE,4,0,0.0473,0.7127,0.5484,0.8452
"MYEV","186490_SW",186490,"SW","Northern Region",54.72278,-127.05397,2022,TRUE,4,1,1,0.8081,0.6631,0.9182
"MYEV","186490_SW",186490,"SW","Northern Region",54.72278,-127.05397,2023,TRUE,4,0,0.1058,0.7681,0.6145,0.8911
"MYEV","186490_SW",186490,"SW","Northern Region",54.72278,-127.05397,2024,TRUE,4,1,1,0.798,0.6615,0.9052
"MYEV","186490_SW",186490,"SW","Northern Region",54.72278,-127.05397,2025,TRUE,4,1,1,0.7928,0.6456,0.903
"MYEV","194666_NE",194666,"NE","Okanagan Region",50.23014,-119.32344,2017,TRUE,4,1,1,0.7938,0.5222,0.9725
"MYEV","194666_NE",194666,"NE","Okanagan Region",50.23014,-119.32344,2018,FALSE,0,NA,NA,0.7909,0.6395,0.9125
"MYEV","194666_NE",194666,"NE","Okanagan Region",50.23014,-119.32344,2019,TRUE,4,1,1,0.7906,0.6672,0.8931
"MYEV","194666_NE",194666,"NE","Okanagan Region",50.23014,-119.32344,2020,TRUE,4,0,0.0727,0.7033,0.5442,0.8411
"MYEV","194666_NE",194666,"NE","Okanagan Region",50.23014,-119.32344,2021,TRUE,4,0,0.11,0.772,0.6295,0.8845
"MYEV","194666_NE",194666,"NE","Okanagan Region",50.23014,-119.32344,2022,FALSE,0,NA,NA,0.8479,0.724,0.9364
"MYEV","194666_NE",194666,"NE","Okanagan Region",50.23014,-119.32344,2023,TRUE,3,1,1,0.8306,0.6958,0.9275
"MYEV","194666_NE",194666,"NE","Okanagan Region",50.23014,-119.32344,2024,TRUE,3,1,1,0.8526,0.731,0.9389
"MYEV","194666_NE",194666,"NE","Okanagan Region",50.23014,-119.32344,2025,FALSE,0,NA,NA,0.852,0.7286,0.9362
"MYEV","194666_SW",194666,"SW","Okanagan Region",50.16915,-119.41081,2017,TRUE,4,1,1,0.7787,0.4626,0.9726
"MYEV","194666_SW",194666,"SW","Okanagan Region",50.16915,-119.41081,2018,FALSE,0,NA,NA,0.7869,0.6335,0.9085
"MYEV","194666_SW",194666,"SW","Okanagan Region",50.16915,-119.41081,2019,TRUE,4,1,1,0.7861,0.6568,0.8893
"MYEV","194666_SW",194666,"SW","Okanagan Region",50.16915,-119.41081,2020,TRUE,4,1,1,0.6897,0.5399,0.8256
"MYEV","194666_SW",194666,"SW","Okanagan Region",50.16915,-119.41081,2021,TRUE,3,0,0.5638,0.7794,0.6408,0.8879
"MYEV","194666_SW",194666,"SW","Okanagan Region",50.16915,-119.41081,2022,TRUE,2,1,1,0.8591,0.7439,0.9458
"MYEV","194666_SW",194666,"SW","Okanagan Region",50.16915,-119.41081,2023,FALSE,0,NA,NA,0.8407,0.7214,0.9319
"MYEV","194666_SW",194666,"SW","Okanagan Region",50.16915,-119.41081,2024,FALSE,0,NA,NA,0.8682,0.7644,0.9434
"MYEV","194666_SW",194666,"SW","Okanagan Region",50.16915,-119.41081,2025,TRUE,4,1,1,0.8676,0.761,0.9419
"MYEV","20330_NE",20330,"NE","Kootenay Region",49.42454,-117.72865,2017,TRUE,4,1,1,0.7032,0.4757,0.8995
"MYEV","20330_NE",20330,"NE","Kootenay Region",49.42454,-117.72865,2018,FALSE,0,NA,NA,0.8644,0.7354,0.9564
"MYEV","20330_NE",20330,"NE","Kootenay Region",49.42454,-117.72865,2019,TRUE,4,0,0.472,0.8659,0.7614,0.9419
"MYEV","20330_NE",20330,"NE","Kootenay Region",49.42454,-117.72865,2020,TRUE,4,1,1,0.7875,0.6561,0.8981
"MYEV","20330_NE",20330,"NE","Kootenay Region",49.42454,-117.72865,2021,FALSE,0,NA,NA,0.8967,0.8041,0.9613
"MYEV","20330_NE",20330,"NE","Kootenay Region",49.42454,-117.72865,2022,TRUE,3,1,1,0.938,0.8725,0.9835
"MYEV","20330_NE",20330,"NE","Kootenay Region",49.42454,-117.72865,2023,TRUE,4,1,1,0.8976,0.805,0.9608
"MYEV","20330_NE",20330,"NE","Kootenay Region",49.42454,-117.72865,2024,TRUE,4,1,1,0.9274,0.8588,0.9745
"MYEV","20330_NE",20330,"NE","Kootenay Region",49.42454,-117.72865,2025,TRUE,4,1,1,0.9235,0.8549,0.9731
"MYEV","20330_SE",20330,"SE","Kootenay Region",49.3813,-117.67793,2017,TRUE,4,1,1,0.6638,0.3854,0.8999
"MYEV","20330_SE",20330,"SE","Kootenay Region",49.3813,-117.67793,2018,TRUE,4,0,0.4062,0.8252,0.6428,0.9484
"MYEV","20330_SE",20330,"SE","Kootenay Region",49.3813,-117.67793,2019,TRUE,4,0,0.3051,0.8551,0.7241,0.9445
"MYEV","20330_SE",20330,"SE","Kootenay Region",49.3813,-117.67793,2020,TRUE,4,1,1,0.7974,0.6568,0.9096
"MYEV","20330_SE",20330,"SE","Kootenay Region",49.3813,-117.67793,2021,FALSE,0,NA,NA,0.8778,0.7463,0.9616
"MYEV","20330_SE",20330,"SE","Kootenay Region",49.3813,-117.67793,2022,TRUE,3,1,1,0.9261,0.8247,0.9821
"MYEV","20330_SE",20330,"SE","Kootenay Region",49.3813,-117.67793,2023,TRUE,4,0,0.3202,0.9044,0.8122,0.9661
"MYEV","20330_SE",20330,"SE","Kootenay Region",49.3813,-117.67793,2024,TRUE,4,1,1,0.9251,0.8392,0.9764
"MYEV","20330_SE",20330,"SE","Kootenay Region",49.3813,-117.67793,2025,TRUE,4,1,1,0.9236,0.8364,0.9751
"MYEV","206394_NE",206394,"NE","Northern Region",53.63655,-132.05056,2017,FALSE,0,NA,NA,0.7556,0.3877,0.9668
"MYEV","206394_NE",206394,"NE","Northern Region",53.63655,-132.05056,2018,FALSE,0,NA,NA,0.7279,0.4997,0.8957
"MYEV","206394_NE",206394,"NE","Northern Region",53.63655,-132.05056,2019,FALSE,0,NA,NA,0.7101,0.5238,0.8551
"MYEV","206394_NE",206394,"NE","Northern Region",53.63655,-132.05056,2020,FALSE,0,NA,NA,0.62,0.4339,0.7881
"MYEV","206394_NE",206394,"NE","Northern Region",53.63655,-132.05056,2021,FALSE,0,NA,NA,0.6543,0.4589,0.8235
"MYEV","206394_NE",206394,"NE","Northern Region",53.63655,-132.05056,2022,TRUE,4,1,1,0.7191,0.519,0.8789
"MYEV","206394_NE",206394,"NE","Northern Region",53.63655,-132.05056,2023,TRUE,4,1,1,0.7146,0.5054,0.876
"MYEV","206394_NE",206394,"NE","Northern Region",53.63655,-132.05056,2024,TRUE,2,0,0.1989,0.7337,0.5191,0.8914
"MYEV","206394_NE",206394,"NE","Northern Region",53.63655,-132.05056,2025,TRUE,4,0,0.0513,0.7334,0.5105,0.8897
"MYEV","206394_NW",206394,"NW","Northern Region",53.6372,-132.16251,2017,FALSE,0,NA,NA,0.6937,0.2911,0.958
"MYEV","206394_NW",206394,"NW","Northern Region",53.6372,-132.16251,2018,FALSE,0,NA,NA,0.7208,0.4325,0.9209
"MYEV","206394_NW",206394,"NW","Northern Region",53.6372,-132.16251,2019,FALSE,0,NA,NA,0.7407,0.5007,0.9085
"MYEV","206394_NW",206394,"NW","Northern Region",53.6372,-132.16251,2020,FALSE,0,NA,NA,0.6966,0.4552,0.8846
"MYEV","206394_NW",206394,"NW","Northern Region",53.6372,-132.16251,2021,FALSE,0,NA,NA,0.7332,0.4924,0.9034
"MYEV","206394_NW",206394,"NW","Northern Region",53.6372,-132.16251,2022,TRUE,4,1,1,0.7858,0.5512,0.9376
"MYEV","206394_NW",206394,"NW","Northern Region",53.6372,-132.16251,2023,TRUE,4,1,1,0.7891,0.5597,0.9377
"MYEV","206394_NW",206394,"NW","Northern Region",53.6372,-132.16251,2024,TRUE,4,1,1,0.8069,0.5736,0.9473
"MYEV","206394_NW",206394,"NW","Northern Region",53.6372,-132.16251,2025,TRUE,4,0,0.358,0.8101,0.5786,0.9498
"MYEV","206394_SE",206394,"SE","Northern Region",53.60877,-131.99988,2017,FALSE,0,NA,NA,0.7663,0.3707,0.9748
"MYEV","206394_SE",206394,"SE","Northern Region",53.60877,-131.99988,2018,FALSE,0,NA,NA,0.7387,0.5146,0.8997
"MYEV","206394_SE",206394,"SE","Northern Region",53.60877,-131.99988,2019,FALSE,0,NA,NA,0.7219,0.5453,0.858
"MYEV","206394_SE",206394,"SE","Northern Region",53.60877,-131.99988,2020,FALSE,0,NA,NA,0.6263,0.4454,0.7901
"MYEV","206394_SE",206394,"SE","Northern Region",53.60877,-131.99988,2021,FALSE,0,NA,NA,0.6726,0.4807,0.8372
"MYEV","206394_SE",206394,"SE","Northern Region",53.60877,-131.99988,2022,TRUE,4,0,0.2522,0.745,0.5434,0.8976
"MYEV","206394_SE",206394,"SE","Northern Region",53.60877,-131.99988,2023,TRUE,4,1,1,0.7356,0.5307,0.8882
"MYEV","206394_SE",206394,"SE","Northern Region",53.60877,-131.99988,2024,TRUE,4,1,1,0.7563,0.5455,0.9036
"MYEV","206394_SE",206394,"SE","Northern Region",53.60877,-131.99988,2025,TRUE,4,0,0.1804,0.7549,0.543,0.9038
"MYEV","206394_SW",206394,"SW","Northern Region",53.57324,-132.11579,2017,FALSE,0,NA,NA,0.7094,0.3349,0.9541
"MYEV","206394_SW",206394,"SW","Northern Region",53.57324,-132.11579,2018,FALSE,0,NA,NA,0.7034,0.4603,0.8939
"MYEV","206394_SW",206394,"SW","Northern Region",53.57324,-132.11579,2019,FALSE,0,NA,NA,0.7009,0.5069,0.857
"MYEV","206394_SW",206394,"SW","Northern Region",53.57324,-132.11579,2020,FALSE,0,NA,NA,0.6303,0.4445,0.7975
"MYEV","206394_SW",206394,"SW","Northern Region",53.57324,-132.11579,2021,FALSE,0,NA,NA,0.6598,0.4736,0.8194
"MYEV","206394_SW",206394,"SW","Northern Region",53.57324,-132.11579,2022,TRUE,4,1,1,0.7176,0.5331,0.868
"MYEV","206394_SW",206394,"SW","Northern Region",53.57324,-132.11579,2023,TRUE,4,1,1,0.719,0.5272,0.8695
"MYEV","206394_SW",206394,"SW","Northern Region",53.57324,-132.11579,2024,TRUE,4,1,1,0.7377,0.5428,0.8854
"MYEV","206394_SW",206394,"SW","Northern Region",53.57324,-132.11579,2025,TRUE,4,1,1,0.7398,0.5433,0.8847
"MYEV","20730_NE",20730,"NE","Northern Region",56.79525,-124.90059,2017,FALSE,0,NA,NA,0.7981,0.3868,0.9879
"MYEV","20730_NE",20730,"NE","Northern Region",56.79525,-124.90059,2018,FALSE,0,NA,NA,0.7773,0.5806,0.9193
"MYEV","20730_NE",20730,"NE","Northern Region",56.79525,-124.90059,2019,FALSE,0,NA,NA,0.7733,0.6168,0.8965
"MYEV","20730_NE",20730,"NE","Northern Region",56.79525,-124.90059,2020,FALSE,0,NA,NA,0.6636,0.493,0.8297
"MYEV","20730_NE",20730,"NE","Northern Region",56.79525,-124.90059,2021,FALSE,0,NA,NA,0.8019,0.6593,0.9114
"MYEV","20730_NE",20730,"NE","Northern Region",56.79525,-124.90059,2022,TRUE,3,1,1,0.8753,0.76,0.958
"MYEV","20730_NE",20730,"NE","Northern Region",56.79525,-124.90059,2023,FALSE,0,NA,NA,0.8116,0.6547,0.925
"MYEV","20730_NE",20730,"NE","Northern Region",56.79525,-124.90059,2024,TRUE,4,1,1,0.8526,0.7316,0.9431
"MYEV","20730_NE",20730,"NE","Northern Region",56.79525,-124.90059,2025,TRUE,4,1,1,0.8453,0.71,0.9449
"MYEV","20730_NW",20730,"NW","Northern Region",56.79948,-124.97614,2017,FALSE,0,NA,NA,0.7941,0.4594,0.9771
"MYEV","20730_NW",20730,"NW","Northern Region",56.79948,-124.97614,2018,FALSE,0,NA,NA,0.8299,0.6675,0.9379
"MYEV","20730_NW",20730,"NW","Northern Region",56.79948,-124.97614,2019,FALSE,0,NA,NA,0.83,0.6873,0.9315
"MYEV","20730_NW",20730,"NW","Northern Region",56.79948,-124.97614,2020,FALSE,0,NA,NA,0.7351,0.5604,0.8888
"MYEV","20730_NW",20730,"NW","Northern Region",56.79948,-124.97614,2021,FALSE,0,NA,NA,0.8537,0.7291,0.9423
"MYEV","20730_NW",20730,"NW","Northern Region",56.79948,-124.97614,2022,TRUE,3,1,1,0.913,0.824,0.9731
"MYEV","20730_NW",20730,"NW","Northern Region",56.79948,-124.97614,2023,FALSE,0,NA,NA,0.8667,0.7499,0.9483
"MYEV","20730_NW",20730,"NW","Northern Region",56.79948,-124.97614,2024,TRUE,4,1,1,0.8975,0.805,0.9608
"MYEV","20730_NW",20730,"NW","Northern Region",56.79948,-124.97614,2025,TRUE,4,0,0.1618,0.8928,0.7902,0.9642
"MYEV","20730_SE",20730,"SE","Northern Region",56.78457,-124.88544,2017,FALSE,0,NA,NA,0.7706,0.529,0.9533
"MYEV","20730_SE",20730,"SE","Northern Region",56.78457,-124.88544,2018,FALSE,0,NA,NA,0.7623,0.6201,0.8851
"MYEV","20730_SE",20730,"SE","Northern Region",56.78457,-124.88544,2019,FALSE,0,NA,NA,0.7568,0.6421,0.8577
"MYEV","20730_SE",20730,"SE","Northern Region",56.78457,-124.88544,2020,FALSE,0,NA,NA,0.6473,0.506,0.7831
"MYEV","20730_SE",20730,"SE","Northern Region",56.78457,-124.88544,2021,FALSE,0,NA,NA,0.7586,0.6361,0.8599
"MYEV","20730_SE",20730,"SE","Northern Region",56.78457,-124.88544,2022,TRUE,3,1,1,0.8482,0.7476,0.9306
"MYEV","20730_SE",20730,"SE","Northern Region",56.78457,-124.88544,2023,FALSE,0,NA,NA,0.8035,0.686,0.8993
"MYEV","20730_SE",20730,"SE","Northern Region",56.78457,-124.88544,2024,TRUE,3,1,1,0.8339,0.7402,0.9128
"MYEV","20730_SE",20730,"SE","Northern Region",56.78457,-124.88544,2025,TRUE,4,0,0.1264,0.829,0.7237,0.9133
"MYEV","20730_SW",20730,"SW","Northern Region",56.76456,-124.98588,2017,FALSE,0,NA,NA,0.7702,0.5287,0.9529
"MYEV","20730_SW",20730,"SW","Northern Region",56.76456,-124.98588,2018,FALSE,0,NA,NA,0.7587,0.6167,0.8821
"MYEV","20730_SW",20730,"SW","Northern Region",56.76456,-124.98588,2019,FALSE,0,NA,NA,0.7524,0.6379,0.8531
"MYEV","20730_SW",20730,"SW","Northern Region",56.76456,-124.98588,2020,FALSE,0,NA,NA,0.6422,0.5038,0.7775
"MYEV","20730_SW",20730,"SW","Northern Region",56.76456,-124.98588,2021,FALSE,0,NA,NA,0.753,0.6323,0.8566
"MYEV","20730_SW",20730,"SW","Northern Region",56.76456,-124.98588,2022,TRUE,3,1,1,0.8441,0.744,0.9278
"MYEV","20730_SW",20730,"SW","Northern Region",56.76456,-124.98588,2023,FALSE,0,NA,NA,0.7995,0.6808,0.8951
"MYEV","20730_SW",20730,"SW","Northern Region",56.76456,-124.98588,2024,FALSE,0,NA,NA,0.8299,0.7352,0.9108
"MYEV","20730_SW",20730,"SW","Northern Region",56.76456,-124.98588,2025,TRUE,4,0,0.078,0.8249,0.7201,0.9106
"MYEV","212266_NE",212266,"NE","Okanagan Region",50.751409,-120.480005,2017,TRUE,4,1,1,0.8262,0.5466,0.9801
"MYEV","212266_NE",212266,"NE","Okanagan Region",50.751409,-120.480005,2018,TRUE,4,1,1,0.7896,0.6092,0.9216
"MYEV","212266_NE",212266,"NE","Okanagan Region",50.751409,-120.480005,2019,TRUE,4,1,1,0.784,0.6337,0.9045
"MYEV","212266_NE",212266,"NE","Okanagan Region",50.751409,-120.480005,2020,TRUE,4,0,0.2244,0.6794,0.5026,0.8439
"MYEV","212266_NE",212266,"NE","Okanagan Region",50.751409,-120.480005,2021,TRUE,4,1,1,0.7981,0.6486,0.9117
"MYEV","212266_NE",212266,"NE","Okanagan Region",50.751409,-120.480005,2022,TRUE,4,1,1,0.8739,0.747,0.9595
"MYEV","212266_NE",212266,"NE","Okanagan Region",50.751409,-120.480005,2023,TRUE,4,1,1,0.8226,0.6611,0.9378
"MYEV","212266_NE",212266,"NE","Okanagan Region",50.751409,-120.480005,2024,TRUE,3,1,1,0.8574,0.7275,0.9493
"MYEV","212266_NE",212266,"NE","Okanagan Region",50.751409,-120.480005,2025,TRUE,4,1,1,0.8529,0.7133,0.947
"MYEV","212266_NW",212266,"NW","Okanagan Region",50.777508,-120.5598176,2017,TRUE,4,1,1,0.8046,0.4981,0.9786
"MYEV","212266_NW",212266,"NW","Okanagan Region",50.777508,-120.5598176,2018,TRUE,4,1,1,0.8193,0.6725,0.9307
"MYEV","212266_NW",212266,"NW","Okanagan Region",50.777508,-120.5598176,2019,TRUE,4,1,1,0.8143,0.6934,0.9078
"MYEV","212266_NW",212266,"NW","Okanagan Region",50.777508,-120.5598176,2020,TRUE,3,0,0.272,0.7124,0.5698,0.8478
"MYEV","212266_NW",212266,"NW","Okanagan Region",50.777508,-120.5598176,2021,TRUE,3,1,1,0.8415,0.7295,0.9277
"MYEV","212266_NW",212266,"NW","Okanagan Region",50.777508,-120.5598176,2022,FALSE,0,NA,NA,0.9031,0.8079,0.9691
"MYEV","212266_NW",212266,"NW","Okanagan Region",50.777508,-120.5598176,2023,TRUE,4,1,1,0.8498,0.7251,0.9386
"MYEV","212266_NW",212266,"NW","Okanagan Region",50.777508,-120.5598176,2024,TRUE,3,1,1,0.8865,0.7937,0.9549
"MYEV","212266_NW",212266,"NW","Okanagan Region",50.777508,-120.5598176,2025,TRUE,3,1,1,0.8821,0.788,0.9512
"MYEV","212266_SE",212266,"SE","Okanagan Region",50.714878,-120.492405,2017,FALSE,0,NA,NA,0.788,0.491,0.9738
"MYEV","212266_SE",212266,"SE","Okanagan Region",50.714878,-120.492405,2018,TRUE,4,1,1,0.7699,0.5862,0.9101
"MYEV","212266_SE",212266,"SE","Okanagan Region",50.714878,-120.492405,2019,TRUE,3,0,0.1493,0.7606,0.612,0.879
"MYEV","212266_SE",212266,"SE","Okanagan Region",50.714878,-120.492405,2020,TRUE,4,0,0.0153,0.6775,0.514,0.8225
"MYEV","212266_SE",212266,"SE","Okanagan Region",50.714878,-120.492405,2021,TRUE,4,0,0.02,0.7204,0.5668,0.8538
"MYEV","212266_SE",212266,"SE","Okanagan Region",50.714878,-120.492405,2022,TRUE,4,0,0.1007,0.7887,0.6399,0.9059
"MYEV","212266_SE",212266,"SE","Okanagan Region",50.714878,-120.492405,2023,TRUE,4,1,1,0.7836,0.6255,0.9047
"MYEV","212266_SE",212266,"SE","Okanagan Region",50.714878,-120.492405,2024,TRUE,3,1,1,0.8043,0.6515,0.9189
"MYEV","212266_SE",212266,"SE","Okanagan Region",50.714878,-120.492405,2025,TRUE,4,1,1,0.8062,0.6542,0.9178
"MYEV","212266_SW",212266,"SW","Okanagan Region",50.732357,-120.521811,2017,FALSE,0,NA,NA,0.793,0.5047,0.9739
"MYEV","212266_SW",212266,"SW","Okanagan Region",50.732357,-120.521811,2018,TRUE,4,1,1,0.7789,0.6045,0.9125
"MYEV","212266_SW",212266,"SW","Okanagan Region",50.732357,-120.521811,2019,TRUE,4,1,1,0.772,0.6332,0.8842
"MYEV","212266_SW",212266,"SW","Okanagan Region",50.732357,-120.521811,2020,TRUE,3,0,0.3147,0.6897,0.533,0.8297
"MYEV","212266_SW",212266,"SW","Okanagan Region",50.732357,-120.521811,2021,TRUE,2,0,0.474,0.7367,0.588,0.862
"MYEV","212266_SW",212266,"SW","Okanagan Region",50.732357,-120.521811,2022,TRUE,4,1,1,0.8063,0.6657,0.9147
"MYEV","212266_SW",212266,"SW","Okanagan Region",50.732357,-120.521811,2023,TRUE,3,1,1,0.7997,0.6526,0.9123
"MYEV","212266_SW",212266,"SW","Okanagan Region",50.732357,-120.521811,2024,TRUE,4,1,1,0.8202,0.6796,0.9256
"MYEV","212266_SW",212266,"SW","Okanagan Region",50.732357,-120.521811,2025,TRUE,4,1,1,0.8215,0.6813,0.9235
"MYEV","212906_NW",212906,"NW","South Coastal Region",49.36971,-124.79984,2017,FALSE,0,NA,NA,0.5191,0.2817,0.7699
"MYEV","212906_NW",212906,"NW","South Coastal Region",49.36971,-124.79984,2018,TRUE,3,0,0.4684,0.7248,0.5356,0.8717
"MYEV","212906_NW",212906,"NW","South Coastal Region",49.36971,-124.79984,2019,TRUE,4,1,1,0.8048,0.6587,0.9157
"MYEV","212906_NW",212906,"NW","South Coastal Region",49.36971,-124.79984,2020,TRUE,4,0,0.1624,0.7567,0.586,0.8977
"MYEV","212906_NW",212906,"NW","South Coastal Region",49.36971,-124.79984,2021,FALSE,0,NA,NA,0.8323,0.6769,0.9375
"MYEV","212906_NW",212906,"NW","South Coastal Region",49.36971,-124.79984,2022,TRUE,4,0,0.2964,0.8955,0.7766,0.9677
"MYEV","212906_NW",212906,"NW","South Coastal Region",49.36971,-124.79984,2023,TRUE,4,1,1,0.8807,0.763,0.9584
"MYEV","212906_NW",212906,"NW","South Coastal Region",49.36971,-124.79984,2024,TRUE,3,1,1,0.8995,0.7941,0.9664
"MYEV","212906_NW",212906,"NW","South Coastal Region",49.36971,-124.79984,2025,TRUE,4,1,1,0.8985,0.7878,0.9671
"MYEV","212906_SE",212906,"SE","South Coastal Region",49.35175,-124.74136,2017,FALSE,0,NA,NA,0.5367,0.2622,0.8229
"MYEV","212906_SE",212906,"SE","South Coastal Region",49.35175,-124.74136,2018,TRUE,3,1,1,0.6719,0.486,0.8295
"MYEV","212906_SE",212906,"SE","South Coastal Region",49.35175,-124.74136,2019,TRUE,4,1,1,0.731,0.571,0.86
"MYEV","212906_SE",212906,"SE","South Coastal Region",49.35175,-124.74136,2020,TRUE,4,1,1,0.6557,0.4739,0.8224
"MYEV","212906_SE",212906,"SE","South Coastal Region",49.35175,-124.74136,2021,FALSE,0,NA,NA,0.7427,0.5572,0.8819
"MYEV","212906_SE",212906,"SE","South Coastal Region",49.35175,-124.74136,2022,TRUE,4,1,1,0.8281,0.6691,0.9371
"MYEV","212906_SE",212906,"SE","South Coastal Region",49.35175,-124.74136,2023,TRUE,4,1,1,0.8047,0.6419,0.9194
"MYEV","212906_SE",212906,"SE","South Coastal Region",49.35175,-124.74136,2024,TRUE,4,1,1,0.8294,0.6749,0.9337
"MYEV","212906_SE",212906,"SE","South Coastal Region",49.35175,-124.74136,2025,TRUE,4,1,1,0.827,0.6698,0.9351
"MYEV","212906_SW",212906,"SW","South Coastal Region",49.33595,-124.7423,2017,FALSE,0,NA,NA,0.4911,0.2712,0.7177
"MYEV","212906_SW",212906,"SW","South Coastal Region",49.33595,-124.7423,2018,TRUE,3,0,0.3149,0.6074,0.4387,0.7635
"MYEV","212906_SW",212906,"SW","South Coastal Region",49.33595,-124.7423,2019,TRUE,4,1,1,0.6767,0.5237,0.8119
"MYEV","212906_SW",212906,"SW","South Coastal Region",49.33595,-124.7423,2020,TRUE,4,0,0.1818,0.6194,0.4506,0.7766
"MYEV","212906_SW",212906,"SW","South Coastal Region",49.33595,-124.7423,2021,FALSE,0,NA,NA,0.6906,0.5159,0.8389
"MYEV","212906_SW",212906,"SW","South Coastal Region",49.33595,-124.7423,2022,FALSE,0,NA,NA,0.7781,0.6136,0.9042
"MYEV","212906_SW",212906,"SW","South Coastal Region",49.33595,-124.7423,2023,TRUE,4,1,1,0.7703,0.6072,0.8962
"MYEV","212906_SW",212906,"SW","South Coastal Region",49.33595,-124.7423,2024,TRUE,3,1,1,0.7947,0.6383,0.9101
"MYEV","212906_SW",212906,"SW","South Coastal Region",49.33595,-124.7423,2025,TRUE,4,1,1,0.7951,0.6332,0.9123
"MYEV","216746_NW",216746,"NW","South Coastal Region",49.10675,-125.78544,2017,FALSE,0,NA,NA,0.5809,0.1593,0.9492
"MYEV","216746_NW",216746,"NW","South Coastal Region",49.10675,-125.78544,2018,TRUE,4,0,0.186,0.6943,0.4497,0.8775
"MYEV","216746_NW",216746,"NW","South Coastal Region",49.10675,-125.78544,2019,FALSE,0,NA,NA,0.7465,0.5661,0.8852
"MYEV","216746_NW",216746,"NW","South Coastal Region",49.10675,-125.78544,2020,FALSE,0,NA,NA,0.6739,0.4839,0.8443
"MYEV","216746_NW",216746,"NW","South Coastal Region",49.10675,-125.78544,2021,TRUE,4,1,1,0.7593,0.5679,0.8974
"MYEV","216746_NW",216746,"NW","South Coastal Region",49.10675,-125.78544,2022,TRUE,3,1,1,0.8403,0.6742,0.944
"MYEV","216746_NW",216746,"NW","South Coastal Region",49.10675,-125.78544,2023,FALSE,0,NA,NA,0.8168,0.6443,0.9334
"MYEV","216746_NW",216746,"NW","South Coastal Region",49.10675,-125.78544,2024,TRUE,3,1,1,0.8409,0.6765,0.9449
"MYEV","216746_NW",216746,"NW","South Coastal Region",49.10675,-125.78544,2025,TRUE,4,1,1,0.8399,0.676,0.9462
"MYEV","216746_SE",216746,"SE","South Coastal Region",49.07768,-125.74644,2017,TRUE,4,0,0.2356,0.4322,0.1501,0.7506
"MYEV","216746_SE",216746,"SE","South Coastal Region",49.07768,-125.74644,2018,FALSE,0,NA,NA,0.5044,0.2856,0.729
"MYEV","216746_SE",216746,"SE","South Coastal Region",49.07768,-125.74644,2019,TRUE,4,1,1,0.5659,0.3634,0.7594
"MYEV","216746_SE",216746,"SE","South Coastal Region",49.07768,-125.74644,2020,TRUE,3,0,0.7816,0.5453,0.3498,0.7293
"MYEV","216746_SE",216746,"SE","South Coastal Region",49.07768,-125.74644,2021,TRUE,4,1,1,0.5914,0.3825,0.7756
"MYEV","216746_SE",216746,"SE","South Coastal Region",49.07768,-125.74644,2022,TRUE,3,1,1,0.6623,0.4362,0.8462
"MYEV","216746_SE",216746,"SE","South Coastal Region",49.07768,-125.74644,2023,TRUE,3,1,1,0.677,0.4532,0.855
"MYEV","216746_SE",216746,"SE","South Coastal Region",49.07768,-125.74644,2024,TRUE,3,1,1,0.7028,0.4775,0.877
"MYEV","216746_SE",216746,"SE","South Coastal Region",49.07768,-125.74644,2025,TRUE,4,1,1,0.7114,0.48,0.8845
"MYEV","218282_SE",218282,"SE","Kootenay Region",50.13833,-117.55672,2017,FALSE,0,NA,NA,0.7051,0.4675,0.9025
"MYEV","218282_SE",218282,"SE","Kootenay Region",50.13833,-117.55672,2018,FALSE,0,NA,NA,0.9091,0.781,0.9812
"MYEV","218282_SE",218282,"SE","Kootenay Region",50.13833,-117.55672,2019,FALSE,0,NA,NA,0.924,0.8221,0.9826
"MYEV","218282_SE",218282,"SE","Kootenay Region",50.13833,-117.55672,2020,TRUE,4,1,1,0.8776,0.7243,0.9728
"MYEV","218282_SE",218282,"SE","Kootenay Region",50.13833,-117.55672,2021,TRUE,4,0,0.6,0.9439,0.8578,0.9891
"MYEV","218282_SE",218282,"SE","Kootenay Region",50.13833,-117.55672,2022,TRUE,4,1,1,0.9682,0.9123,0.9946
"MYEV","218282_SE",218282,"SE","Kootenay Region",50.13833,-117.55672,2023,FALSE,0,NA,NA,0.9479,0.8683,0.9888
"MYEV","218282_SE",218282,"SE","Kootenay Region",50.13833,-117.55672,2024,TRUE,4,1,1,0.9636,0.9074,0.9926
"MYEV","218282_SE",218282,"SE","Kootenay Region",50.13833,-117.55672,2025,TRUE,4,1,1,0.9614,0.9019,0.9926
"MYEV","218282_SW",218282,"SW","Kootenay Region",50.15094,-117.6221,2017,FALSE,0,NA,NA,0.73,0.435,0.935
"MYEV","218282_SW",218282,"SW","Kootenay Region",50.15094,-117.6221,2018,FALSE,0,NA,NA,0.8733,0.7462,0.9597
"MYEV","218282_SW",218282,"SW","Kootenay Region",50.15094,-117.6221,2019,FALSE,0,NA,NA,0.8751,0.767,0.9504
"MYEV","218282_SW",218282,"SW","Kootenay Region",50.15094,-117.6221,2020,TRUE,4,1,1,0.8001,0.6668,0.9123
"MYEV","218282_SW",218282,"SW","Kootenay Region",50.15094,-117.6221,2021,TRUE,4,1,1,0.9052,0.8174,0.9662
"MYEV","218282_SW",218282,"SW","Kootenay Region",50.15094,-117.6221,2022,TRUE,4,1,1,0.9436,0.88,0.9857
"MYEV","218282_SW",218282,"SW","Kootenay Region",50.15094,-117.6221,2023,TRUE,4,1,1,0.905,0.8119,0.9658
"MYEV","218282_SW",218282,"SW","Kootenay Region",50.15094,-117.6221,2024,TRUE,4,1,1,0.9332,0.8653,0.9782
"MYEV","218282_SW",218282,"SW","Kootenay Region",50.15094,-117.6221,2025,TRUE,4,1,1,0.9294,0.858,0.9772
"MYEV","219626_SW",219626,"SW","South Coastal Region",48.92819,-125.25,2017,FALSE,0,NA,NA,0.4448,0.1871,0.7322
"MYEV","219626_SW",219626,"SW","South Coastal Region",48.92819,-125.25,2018,FALSE,0,NA,NA,0.5137,0.3055,0.7197
"MYEV","219626_SW",219626,"SW","South Coastal Region",48.92819,-125.25,2019,FALSE,0,NA,NA,0.5728,0.3794,0.7563
"MYEV","219626_SW",219626,"SW","South Coastal Region",48.92819,-125.25,2020,FALSE,0,NA,NA,0.5512,0.3583,0.7362
"MYEV","219626_SW",219626,"SW","South Coastal Region",48.92819,-125.25,2021,FALSE,0,NA,NA,0.5964,0.383,0.7854
"MYEV","219626_SW",219626,"SW","South Coastal Region",48.92819,-125.25,2022,FALSE,0,NA,NA,0.6661,0.4414,0.8547
"MYEV","219626_SW",219626,"SW","South Coastal Region",48.92819,-125.25,2023,FALSE,0,NA,NA,0.6803,0.4524,0.8617
"MYEV","219626_SW",219626,"SW","South Coastal Region",48.92819,-125.25,2024,TRUE,4,1,1,0.7057,0.4733,0.8824
"MYEV","219626_SW",219626,"SW","South Coastal Region",48.92819,-125.25,2025,TRUE,4,1,1,0.7141,0.481,0.8904
"MYEV","226090_NE",226090,"NE","Okanagan Region",50.10929,-120.45236,2017,FALSE,0,NA,NA,0.8025,0.4894,0.9783
"MYEV","226090_NE",226090,"NE","Okanagan Region",50.10929,-120.45236,2018,FALSE,0,NA,NA,0.8138,0.6528,0.9313
"MYEV","226090_NE",226090,"NE","Okanagan Region",50.10929,-120.45236,2019,TRUE,4,0,0.2816,0.8085,0.6713,0.9139
"MYEV","226090_NE",226090,"NE","Okanagan Region",50.10929,-120.45236,2020,TRUE,2,0,0.2933,0.7091,0.5526,0.8547
"MYEV","226090_NE",226090,"NE","Okanagan Region",50.10929,-120.45236,2021,TRUE,3,0,0.3073,0.8311,0.6955,0.9284
"MYEV","226090_NE",226090,"NE","Okanagan Region",50.10929,-120.45236,2022,TRUE,2,0,0.4693,0.8953,0.7809,0.9691
"MYEV","226090_NE",226090,"NE","Okanagan Region",50.10929,-120.45236,2023,TRUE,3,0,0.2796,0.8451,0.7028,0.9417
"MYEV","226090_NE",226090,"NE","Okanagan Region",50.10929,-120.45236,2024,FALSE,0,NA,NA,0.8806,0.7699,0.9565
"MYEV","226090_NE",226090,"NE","Okanagan Region",50.10929,-120.45236,2025,TRUE,2,1,1,0.8763,0.761,0.954
"MYEV","226090_NW",226090,"NW","Okanagan Region",50.0999,-120.50647,2017,FALSE,0,NA,NA,0.8283,0.5375,0.9819
"MYEV","226090_NW",226090,"NW","Okanagan Region",50.0999,-120.50647,2018,TRUE,2,1,1,0.8251,0.6847,0.9306
"MYEV","226090_NW",226090,"NW","Okanagan Region",50.0999,-120.50647,2019,TRUE,4,1,1,0.8229,0.7066,0.9157
"MYEV","226090_NW",226090,"NW","Okanagan Region",50.0999,-120.50647,2020,TRUE,4,1,1,0.7301,0.588,0.8577
"MYEV","226090_NW",226090,"NW","Okanagan Region",50.0999,-120.50647,2021,TRUE,4,1,1,0.8289,0.7105,0.9185
"MYEV","226090_NW",226090,"NW","Okanagan Region",50.0999,-120.50647,2022,TRUE,3,1,1,0.8976,0.8026,0.9627
"MYEV","226090_NW",226090,"NW","Okanagan Region",50.0999,-120.50647,2023,TRUE,4,0,0.1967,0.8612,0.746,0.9439
"MYEV","226090_NW",226090,"NW","Okanagan Region",50.0999,-120.50647,2024,FALSE,0,NA,NA,0.8874,0.7936,0.9542
"MYEV","226090_NW",226090,"NW","Okanagan Region",50.0999,-120.50647,2025,TRUE,3,1,1,0.8848,0.7865,0.9518
"MYEV","226090_SE",226090,"SE","Okanagan Region",50.07156,-120.42266,2017,FALSE,0,NA,NA,0.8125,0.4677,0.9831
"MYEV","226090_SE",226090,"SE","Okanagan Region",50.07156,-120.42266,2018,TRUE,2,1,1,0.8073,0.634,0.9328
"MYEV","226090_SE",226090,"SE","Okanagan Region",50.07156,-120.42266,2019,TRUE,4,1,1,0.8006,0.6642,0.9093
"MYEV","226090_SE",226090,"SE","Okanagan Region",50.07156,-120.42266,2020,TRUE,4,1,1,0.695,0.5432,0.8419
"MYEV","226090_SE",226090,"SE","Okanagan Region",50.07156,-120.42266,2021,TRUE,3,0,0.4804,0.8415,0.7209,0.9337
"MYEV","226090_SE",226090,"SE","Okanagan Region",50.07156,-120.42266,2022,TRUE,3,1,1,0.8981,0.7857,0.9716
"MYEV","226090_SE",226090,"SE","Okanagan Region",50.07156,-120.42266,2023,FALSE,0,NA,NA,0.8336,0.682,0.9369
"MYEV","226090_SE",226090,"SE","Okanagan Region",50.07156,-120.42266,2024,FALSE,0,NA,NA,0.8792,0.7679,0.9566
"MYEV","226090_SE",226090,"SE","Okanagan Region",50.07156,-120.42266,2025,TRUE,2,1,1,0.8725,0.7556,0.9529
"MYEV","230186_NE",230186,"NE","Okanagan Region",49.01457,-121.07198,2017,FALSE,0,NA,NA,0.771,0.4501,0.9726
"MYEV","230186_NE",230186,"NE","Okanagan Region",49.01457,-121.07198,2018,TRUE,4,1,1,0.7805,0.5939,0.9166
"MYEV","230186_NE",230186,"NE","Okanagan Region",49.01457,-121.07198,2019,TRUE,4,1,1,0.7848,0.6369,0.8983
"MYEV","230186_NE",230186,"NE","Okanagan Region",49.01457,-121.07198,2020,TRUE,4,1,1,0.7116,0.5481,0.8495
"MYEV","230186_NE",230186,"NE","Okanagan Region",49.01457,-121.07198,2021,TRUE,4,1,1,0.7597,0.5994,0.8851
"MYEV","230186_NE",230186,"NE","Okanagan Region",49.01457,-121.07198,2022,FALSE,0,NA,NA,0.8257,0.676,0.9335
"MYEV","230186_NE",230186,"NE","Okanagan Region",49.01457,-121.07198,2023,FALSE,0,NA,NA,0.8194,0.667,0.9283
"MYEV","230186_NE",230186,"NE","Okanagan Region",49.01457,-121.07198,2024,TRUE,4,1,1,0.839,0.696,0.9377
"MYEV","230186_NE",230186,"NE","Okanagan Region",49.01457,-121.07198,2025,FALSE,0,NA,NA,0.8406,0.6942,0.9367
"MYEV","230186_SE",230186,"SE","Okanagan Region",48.97511,-121.08329,2017,FALSE,0,NA,NA,0.7165,0.2557,0.9775
"MYEV","230186_SE",230186,"SE","Okanagan Region",48.97511,-121.08329,2018,TRUE,4,1,1,0.7211,0.4147,0.9207
"MYEV","230186_SE",230186,"SE","Okanagan Region",48.97511,-121.08329,2019,TRUE,4,1,1,0.7218,0.4727,0.894
"MYEV","230186_SE",230186,"SE","Okanagan Region",48.97511,-121.08329,2020,TRUE,4,1,1,0.6513,0.4091,0.8451
"MYEV","230186_SE",230186,"SE","Okanagan Region",48.97511,-121.08329,2021,TRUE,4,1,1,0.6858,0.4335,0.8762
"MYEV","230186_SE",230186,"SE","Okanagan Region",48.97511,-121.08329,2022,FALSE,0,NA,NA,0.7449,0.4924,0.925
"MYEV","230186_SE",230186,"SE","Okanagan Region",48.97511,-121.08329,2023,TRUE,4,1,1,0.7417,0.4871,0.9177
"MYEV","230186_SE",230186,"SE","Okanagan Region",48.97511,-121.08329,2024,TRUE,4,1,1,0.7605,0.5099,0.9304
"MYEV","230186_SE",230186,"SE","Okanagan Region",48.97511,-121.08329,2025,FALSE,0,NA,NA,0.7629,0.5067,0.932
"MYEV","241002_NE",241002,"NE","Kootenay Region",51.03817,-118.1357,2017,TRUE,4,0,0.0967,0.6821,0.271,0.9618
"MYEV","241002_NE",241002,"NE","Kootenay Region",51.03817,-118.1357,2018,TRUE,3,1,1,0.8378,0.6288,0.9595
"MYEV","241002_NE",241002,"NE","Kootenay Region",51.03817,-118.1357,2019,TRUE,4,0,0.3449,0.804,0.6232,0.9328
"MYEV","241002_NE",241002,"NE","Kootenay Region",51.03817,-118.1357,2020,TRUE,4,0,0.3498,0.7088,0.5294,0.8749
"MYEV","241002_NE",241002,"NE","Kootenay Region",51.03817,-118.1357,2021,TRUE,4,1,1,0.8754,0.7525,0.9616
"MYEV","241002_NE",241002,"NE","Kootenay Region",51.03817,-118.1357,2022,TRUE,4,1,1,0.9071,0.778,0.9834
"MYEV","241002_NE",241002,"NE","Kootenay Region",51.03817,-118.1357,2023,TRUE,4,1,1,0.8333,0.6573,0.9503
"MYEV","241002_NE",241002,"NE","Kootenay Region",51.03817,-118.1357,2024,TRUE,4,1,1,0.8934,0.7623,0.9722
"MYEV","241002_NE",241002,"NE","Kootenay Region",51.03817,-118.1357,2025,TRUE,4,0,0.1693,0.881,0.7425,0.9677
"MYEV","241002_NW",241002,"NW","Kootenay Region",51.01597,-118.20292,2017,TRUE,4,0,0.1162,0.716,0.4271,0.9264
"MYEV","241002_NW",241002,"NW","Kootenay Region",51.01597,-118.20292,2018,TRUE,4,1,1,0.846,0.6889,0.9517
"MYEV","241002_NW",241002,"NW","Kootenay Region",51.01597,-118.20292,2019,TRUE,4,1,1,0.8547,0.732,0.9412
"MYEV","241002_NW",241002,"NW","Kootenay Region",51.01597,-118.20292,2020,TRUE,4,1,1,0.7776,0.6273,0.9004
"MYEV","241002_NW",241002,"NW","Kootenay Region",51.01597,-118.20292,2021,TRUE,4,1,1,0.8811,0.7608,0.96
"MYEV","241002_NW",241002,"NW","Kootenay Region",51.01597,-118.20292,2022,TRUE,4,1,1,0.9281,0.8407,0.9819
"MYEV","241002_NW",241002,"NW","Kootenay Region",51.01597,-118.20292,2023,TRUE,4,1,1,0.8901,0.7782,0.9624
"MYEV","241002_NW",241002,"NW","Kootenay Region",51.01597,-118.20292,2024,TRUE,4,1,1,0.9188,0.8267,0.9744
"MYEV","241002_NW",241002,"NW","Kootenay Region",51.01597,-118.20292,2025,TRUE,4,1,1,0.9151,0.8259,0.9732
"MYEV","243562_NE",243562,"NE","Kootenay Region",49.69966,-115.98498,2017,TRUE,4,1,1,0.7177,0.4569,0.924
"MYEV","243562_NE",243562,"NE","Kootenay Region",49.69966,-115.98498,2018,FALSE,0,NA,NA,0.9158,0.7848,0.9822
"MYEV","243562_NE",243562,"NE","Kootenay Region",49.69966,-115.98498,2019,TRUE,4,1,1,0.9072,0.779,0.979
"MYEV","243562_NE",243562,"NE","Kootenay Region",49.69966,-115.98498,2020,TRUE,4,1,1,0.8428,0.6707,0.964
"MYEV","243562_NE",243562,"NE","Kootenay Region",49.69966,-115.98498,2021,TRUE,3,1,1,0.9386,0.8537,0.9864
"MYEV","243562_NE",243562,"NE","Kootenay Region",49.69966,-115.98498,2022,FALSE,0,NA,NA,0.9617,0.8933,0.9941
"MYEV","243562_NE",243562,"NE","Kootenay Region",49.69966,-115.98498,2023,TRUE,3,1,1,0.9292,0.8261,0.9843
"MYEV","243562_NE",243562,"NE","Kootenay Region",49.69966,-115.98498,2024,TRUE,2,1,1,0.9541,0.886,0.9909
"MYEV","243562_NE",243562,"NE","Kootenay Region",49.69966,-115.98498,2025,TRUE,4,1,1,0.9503,0.8758,0.9904
"MYEV","243562_SE",243562,"SE","Kootenay Region",49.65068,-115.94692,2017,TRUE,4,0,0.1562,0.6872,0.4364,0.9002
"MYEV","243562_SE",243562,"SE","Kootenay Region",49.65068,-115.94692,2018,FALSE,0,NA,NA,0.858,0.7169,0.9558
"MYEV","243562_SE",243562,"SE","Kootenay Region",49.65068,-115.94692,2019,TRUE,4,1,1,0.8553,0.7366,0.9401
"MYEV","243562_SE",243562,"SE","Kootenay Region",49.65068,-115.94692,2020,FALSE,0,NA,NA,0.7734,0.6312,0.8944
"MYEV","243562_SE",243562,"SE","Kootenay Region",49.65068,-115.94692,2021,TRUE,3,0,0.4804,0.8902,0.7864,0.9605
"MYEV","243562_SE",243562,"SE","Kootenay Region",49.65068,-115.94692,2022,TRUE,2,0,0.7436,0.9324,0.8545,0.9827
"MYEV","243562_SE",243562,"SE","Kootenay Region",49.65068,-115.94692,2023,TRUE,4,1,1,0.8879,0.7796,0.9603
"MYEV","243562_SE",243562,"SE","Kootenay Region",49.65068,-115.94692,2024,FALSE,0,NA,NA,0.921,0.8408,0.9736
"MYEV","243562_SE",243562,"SE","Kootenay Region",49.65068,-115.94692,2025,TRUE,4,1,1,0.9165,0.8349,0.9718
"MYEV","252394_NW",252394,"NW","South Coastal Region",48.79865,-125.16568,2017,FALSE,0,NA,NA,0.4951,0.2707,0.7316
"MYEV","252394_NW",252394,"NW","South Coastal Region",48.79865,-125.16568,2018,FALSE,0,NA,NA,0.5795,0.4054,0.7372
"MYEV","252394_NW",252394,"NW","South Coastal Region",48.79865,-125.16568,2019,FALSE,0,NA,NA,0.6456,0.4946,0.7888
"MYEV","252394_NW",252394,"NW","South Coastal Region",48.79865,-125.16568,2020,FALSE,0,NA,NA,0.6141,0.4597,0.7585
"MYEV","252394_NW",252394,"NW","South Coastal Region",48.79865,-125.16568,2021,FALSE,0,NA,NA,0.6683,0.5034,0.8092
"MYEV","252394_NW",252394,"NW","South Coastal Region",48.79865,-125.16568,2022,FALSE,0,NA,NA,0.7454,0.584,0.8764
"MYEV","252394_NW",252394,"NW","South Coastal Region",48.79865,-125.16568,2023,FALSE,0,NA,NA,0.754,0.595,0.8794
"MYEV","252394_NW",252394,"NW","South Coastal Region",48.79865,-125.16568,2024,TRUE,4,1,1,0.7783,0.6173,0.8986
"MYEV","252394_NW",252394,"NW","South Coastal Region",48.79865,-125.16568,2025,TRUE,4,1,1,0.7835,0.6236,0.903
"MYEV","26170_NE",26170,"NE","Northern Region",53.62052,-132.20883,2017,FALSE,0,NA,NA,0.7442,0.3863,0.9627
"MYEV","26170_NE",26170,"NE","Northern Region",53.62052,-132.20883,2018,FALSE,0,NA,NA,0.725,0.5076,0.8901
"MYEV","26170_NE",26170,"NE","Northern Region",53.62052,-132.20883,2019,FALSE,0,NA,NA,0.7125,0.5448,0.8489
"MYEV","26170_NE",26170,"NE","Northern Region",53.62052,-132.20883,2020,FALSE,0,NA,NA,0.6255,0.4541,0.7814
"MYEV","26170_NE",26170,"NE","Northern Region",53.62052,-132.20883,2021,FALSE,0,NA,NA,0.6611,0.4858,0.8143
"MYEV","26170_NE",26170,"NE","Northern Region",53.62052,-132.20883,2022,TRUE,4,1,1,0.726,0.5422,0.8725
"MYEV","26170_NE",26170,"NE","Northern Region",53.62052,-132.20883,2023,TRUE,4,1,1,0.7225,0.5377,0.8728
"MYEV","26170_NE",26170,"NE","Northern Region",53.62052,-132.20883,2024,TRUE,3,1,1,0.742,0.5483,0.8884
"MYEV","26170_NE",26170,"NE","Northern Region",53.62052,-132.20883,2025,TRUE,4,1,1,0.7422,0.5423,0.8871
"MYEV","26170_NW",26170,"NW","Northern Region",53.60452,-132.28837,2017,FALSE,0,NA,NA,0.7367,0.3814,0.9591
"MYEV","26170_NW",26170,"NW","Northern Region",53.60452,-132.28837,2018,FALSE,0,NA,NA,0.7318,0.5023,0.8989
"MYEV","26170_NW",26170,"NW","Northern Region",53.60452,-132.28837,2019,FALSE,0,NA,NA,0.7293,0.5463,0.8696
"MYEV","26170_NW",26170,"NW","Northern Region",53.60452,-132.28837,2020,FALSE,0,NA,NA,0.6578,0.4714,0.8148
"MYEV","26170_NW",26170,"NW","Northern Region",53.60452,-132.28837,2021,FALSE,0,NA,NA,0.6897,0.5041,0.8431
"MYEV","26170_NW",26170,"NW","Northern Region",53.60452,-132.28837,2022,TRUE,3,1,1,0.748,0.5626,0.8908
"MYEV","26170_NW",26170,"NW","Northern Region",53.60452,-132.28837,2023,TRUE,4,1,1,0.7482,0.5581,0.8921
"MYEV","26170_NW",26170,"NW","Northern Region",53.60452,-132.28837,2024,FALSE,0,NA,NA,0.7664,0.5742,0.9034
"MYEV","26170_NW",26170,"NW","Northern Region",53.60452,-132.28837,2025,TRUE,4,1,1,0.7678,0.5701,0.9053
"MYEV","26170_SE",26170,"SE","Northern Region",53.58901,-132.17695,2017,FALSE,0,NA,NA,0.7302,0.3691,0.9583
"MYEV","26170_SE",26170,"SE","Northern Region",53.58901,-132.17695,2018,FALSE,0,NA,NA,0.7088,0.4878,0.8851
"MYEV","26170_SE",26170,"SE","Northern Region",53.58901,-132.17695,2019,FALSE,0,NA,NA,0.6947,0.5237,0.8391
"MYEV","26170_SE",26170,"SE","Northern Region",53.58901,-132.17695,2020,FALSE,0,NA,NA,0.6093,0.4387,0.7673
"MYEV","26170_SE",26170,"SE","Northern Region",53.58901,-132.17695,2021,FALSE,0,NA,NA,0.639,0.4657,0.794
"MYEV","26170_SE",26170,"SE","Northern Region",53.58901,-132.17695,2022,TRUE,4,1,1,0.7001,0.5189,0.8509
"MYEV","26170_SE",26170,"SE","Northern Region",53.58901,-132.17695,2023,TRUE,4,1,1,0.6984,0.5132,0.8554
"MYEV","26170_SE",26170,"SE","Northern Region",53.58901,-132.17695,2024,TRUE,4,1,1,0.7173,0.5251,0.8703
"MYEV","26170_SE",26170,"SE","Northern Region",53.58901,-132.17695,2025,TRUE,4,1,1,0.7181,0.5204,0.8713
"MYEV","26170_SW",26170,"SW","Northern Region",53.56895,-132.23042,2017,FALSE,0,NA,NA,0.6998,0.3143,0.9552
"MYEV","26170_SW",26170,"SW","Northern Region",53.56895,-132.23042,2018,FALSE,0,NA,NA,0.7081,0.4501,0.9025
"MYEV","26170_SW",26170,"SW","Northern Region",53.56895,-132.23042,2019,FALSE,0,NA,NA,0.7147,0.5043,0.882
"MYEV","26170_SW",26170,"SW","Northern Region",53.56895,-132.23042,2020,FALSE,0,NA,NA,0.647,0.4167,0.8438
"MYEV","26170_SW",26170,"SW","Northern Region",53.56895,-132.23042,2021,FALSE,0,NA,NA,0.6885,0.452,0.875
"MYEV","26170_SW",26170,"SW","Northern Region",53.56895,-132.23042,2022,TRUE,4,1,1,0.751,0.5151,0.9163
"MYEV","26170_SW",26170,"SW","Northern Region",53.56895,-132.23042,2023,TRUE,4,1,1,0.7485,0.5094,0.9152
"MYEV","26170_SW",26170,"SW","Northern Region",53.56895,-132.23042,2024,TRUE,4,1,1,0.7683,0.5297,0.9265
"MYEV","26170_SW",26170,"SW","Northern Region",53.56895,-132.23042,2025,TRUE,4,1,1,0.7696,0.5258,0.9278
"MYEV","265749_NE",265749,"NE","Okanagan Region",49.15892,-119.03758,2017,FALSE,0,NA,NA,0.7916,0.4694,0.9763
"MYEV","265749_NE",265749,"NE","Okanagan Region",49.15892,-119.03758,2018,TRUE,2,0,0.7351,0.8792,0.7196,0.9682
"MYEV","265749_NE",265749,"NE","Okanagan Region",49.15892,-119.03758,2019,TRUE,4,1,1,0.8861,0.7411,0.972
"MYEV","265749_NE",265749,"NE","Okanagan Region",49.15892,-119.03758,2020,TRUE,4,1,1,0.8168,0.6164,0.9563
"MYEV","265749_NE",265749,"NE","Okanagan Region",49.15892,-119.03758,2021,TRUE,4,1,1,0.9069,0.7765,0.9792
"MYEV","265749_NE",265749,"NE","Okanagan Region",49.15892,-119.03758,2022,TRUE,4,1,1,0.9448,0.8491,0.9907
"MYEV","265749_NE",265749,"NE","Okanagan Region",49.15892,-119.03758,2023,TRUE,4,1,1,0.9141,0.7871,0.983
"MYEV","265749_NE",265749,"NE","Okanagan Region",49.15892,-119.03758,2024,FALSE,0,NA,NA,0.9373,0.8427,0.9871
"MYEV","265749_NE",265749,"NE","Okanagan Region",49.15892,-119.03758,2025,FALSE,0,NA,NA,0.9345,0.8364,0.9872
"MYEV","265749_NW",265749,"NW","Okanagan Region",49.16674,-119.10324,2017,FALSE,0,NA,NA,0.8289,0.4927,0.985
"MYEV","265749_NW",265749,"NW","Okanagan Region",49.16674,-119.10324,2018,TRUE,2,1,1,0.8452,0.6931,0.9472
"MYEV","265749_NW",265749,"NW","Okanagan Region",49.16674,-119.10324,2019,TRUE,4,1,1,0.8412,0.709,0.934
"MYEV","265749_NW",265749,"NW","Okanagan Region",49.16674,-119.10324,2020,TRUE,4,1,1,0.7478,0.5951,0.8844
"MYEV","265749_NW",265749,"NW","Okanagan Region",49.16674,-119.10324,2021,TRUE,4,1,1,0.8712,0.7579,0.9491
"MYEV","265749_NW",265749,"NW","Okanagan Region",49.16674,-119.10324,2022,TRUE,4,1,1,0.9219,0.833,0.9785
"MYEV","265749_NW",265749,"NW","Okanagan Region",49.16674,-119.10324,2023,TRUE,4,1,1,0.8731,0.7543,0.9524
"MYEV","265749_NW",265749,"NW","Okanagan Region",49.16674,-119.10324,2024,TRUE,4,1,1,0.9073,0.8194,0.9673
"MYEV","265749_NW",265749,"NW","Okanagan Region",49.16674,-119.10324,2025,TRUE,4,1,1,0.9029,0.8058,0.9661
"MYEV","265749_SE",265749,"SE","Okanagan Region",49.11153,-118.97698,2017,FALSE,0,NA,NA,0.802,0.5414,0.9724
"MYEV","265749_SE",265749,"SE","Okanagan Region",49.11153,-118.97698,2018,TRUE,2,1,1,0.821,0.6918,0.9251
"MYEV","265749_SE",265749,"SE","Okanagan Region",49.11153,-118.97698,2019,TRUE,4,1,1,0.8265,0.7179,0.9127
"MYEV","265749_SE",265749,"SE","Okanagan Region",49.11153,-118.97698,2020,TRUE,4,1,1,0.7436,0.6029,0.8646
"MYEV","265749_SE",265749,"SE","Okanagan Region",49.11153,-118.97698,2021,TRUE,4,1,1,0.8207,0.7059,0.9119
"MYEV","265749_SE",265749,"SE","Okanagan Region",49.11153,-118.97698,2022,TRUE,4,1,1,0.8891,0.796,0.9559
"MYEV","265749_SE",265749,"SE","Okanagan Region",49.11153,-118.97698,2023,TRUE,4,1,1,0.8667,0.7634,0.9434
"MYEV","265749_SE",265749,"SE","Okanagan Region",49.11153,-118.97698,2024,TRUE,4,1,1,0.8878,0.7996,0.952
"MYEV","265749_SE",265749,"SE","Okanagan Region",49.11153,-118.97698,2025,TRUE,4,1,1,0.8866,0.7975,0.9502
"MYEV","265749_SW",265749,"SW","Okanagan Region",49.11337,-119.05299,2017,FALSE,0,NA,NA,0.818,0.5236,0.9785
"MYEV","265749_SW",265749,"SW","Okanagan Region",49.11337,-119.05299,2018,TRUE,2,1,1,0.8886,0.7343,0.9724
"MYEV","265749_SW",265749,"SW","Okanagan Region",49.11337,-119.05299,2019,TRUE,4,1,1,0.8918,0.7518,0.9743
"MYEV","265749_SW",265749,"SW","Okanagan Region",49.11337,-119.05299,2020,TRUE,4,0,0.2547,0.8219,0.6238,0.9595
"MYEV","265749_SW",265749,"SW","Okanagan Region",49.11337,-119.05299,2021,TRUE,3,1,1,0.9141,0.7945,0.9805
"MYEV","265749_SW",265749,"SW","Okanagan Region",49.11337,-119.05299,2022,TRUE,4,1,1,0.9492,0.8626,0.9914
"MYEV","265749_SW",265749,"SW","Okanagan Region",49.11337,-119.05299,2023,TRUE,4,0,0.1184,0.9176,0.7968,0.9828
"MYEV","265749_SW",265749,"SW","Okanagan Region",49.11337,-119.05299,2024,TRUE,4,1,1,0.941,0.8498,0.9881
"MYEV","265749_SW",265749,"SW","Okanagan Region",49.11337,-119.05299,2025,TRUE,4,1,1,0.9381,0.8452,0.9879
"MYEV","268521_NE",268521,"NE","Kootenay Region",49.49916,-115.03962,2017,FALSE,0,NA,NA,0.7405,0.4141,0.9518
"MYEV","268521_NE",268521,"NE","Kootenay Region",49.49916,-115.03962,2018,FALSE,0,NA,NA,0.8725,0.7272,0.9639
"MYEV","268521_NE",268521,"NE","Kootenay Region",49.49916,-115.03962,2019,TRUE,4,0,0.226,0.8595,0.7334,0.9467
"MYEV","268521_NE",268521,"NE","Kootenay Region",49.49916,-115.03962,2020,TRUE,4,1,1,0.773,0.6238,0.8989
"MYEV","268521_NE",268521,"NE","Kootenay Region",49.49916,-115.03962,2021,FALSE,0,NA,NA,0.9129,0.8298,0.9688
"MYEV","268521_NE",268521,"NE","Kootenay Region",49.49916,-115.03962,2022,TRUE,4,1,1,0.944,0.8719,0.9874
"MYEV","268521_NE",268521,"NE","Kootenay Region",49.49916,-115.03962,2023,TRUE,3,1,1,0.8972,0.7919,0.9641
"MYEV","268521_NE",268521,"NE","Kootenay Region",49.49916,-115.03962,2024,TRUE,4,1,1,0.9325,0.858,0.979
"MYEV","268521_NE",268521,"NE","Kootenay Region",49.49916,-115.03962,2025,TRUE,3,1,1,0.9271,0.8507,0.9766
"MYEV","268521_NW",268521,"NW","Kootenay Region",49.48855,-115.09812,2017,FALSE,0,NA,NA,0.6914,0.4481,0.9021
"MYEV","268521_NW",268521,"NW","Kootenay Region",49.48855,-115.09812,2018,FALSE,0,NA,NA,0.8619,0.7283,0.9556
"MYEV","268521_NW",268521,"NW","Kootenay Region",49.48855,-115.09812,2019,TRUE,4,1,1,0.8571,0.7468,0.9375
"MYEV","268521_NW",268521,"NW","Kootenay Region",49.48855,-115.09812,2020,FALSE,0,NA,NA,0.7731,0.6326,0.8881
"MYEV","268521_NW",268521,"NW","Kootenay Region",49.48855,-115.09812,2021,TRUE,2,1,1,0.8931,0.7993,0.9598
"MYEV","268521_NW",268521,"NW","Kootenay Region",49.48855,-115.09812,2022,TRUE,4,0,0.3736,0.9341,0.8616,0.9826
"MYEV","268521_NW",268521,"NW","Kootenay Region",49.48855,-115.09812,2023,TRUE,4,1,1,0.8883,0.7845,0.9583
"MYEV","268521_NW",268521,"NW","Kootenay Region",49.48855,-115.09812,2024,TRUE,4,1,1,0.9223,0.8482,0.9729
"MYEV","268521_NW",268521,"NW","Kootenay Region",49.48855,-115.09812,2025,TRUE,4,1,1,0.9176,0.843,0.9708
"MYEV","268521_SE",268521,"SE","Kootenay Region",49.44083,-115.05634,2017,FALSE,0,NA,NA,0.7535,0.2982,0.9817
"MYEV","268521_SE",268521,"SE","Kootenay Region",49.44083,-115.05634,2018,FALSE,0,NA,NA,0.8817,0.705,0.9731
"MYEV","268521_SE",268521,"SE","Kootenay Region",49.44083,-115.05634,2019,TRUE,4,1,1,0.8717,0.7232,0.9624
"MYEV","268521_SE",268521,"SE","Kootenay Region",49.44083,-115.05634,2020,TRUE,4,0,0.2271,0.7917,0.6192,0.9284
"MYEV","268521_SE",268521,"SE","Kootenay Region",49.44083,-115.05634,2021,TRUE,2,1,1,0.9148,0.8179,0.9759
"MYEV","268521_SE",268521,"SE","Kootenay Region",49.44083,-115.05634,2022,TRUE,4,1,1,0.9446,0.859,0.9895
"MYEV","268521_SE",268521,"SE","Kootenay Region",49.44083,-115.05634,2023,TRUE,4,1,1,0.8974,0.7673,0.9715
"MYEV","268521_SE",268521,"SE","Kootenay Region",49.44083,-115.05634,2024,TRUE,4,1,1,0.933,0.8434,0.9831
"MYEV","268521_SE",268521,"SE","Kootenay Region",49.44083,-115.05634,2025,TRUE,4,1,1,0.9272,0.8287,0.9826
"MYEV","269777_NW",269777,"NW","Northern Region",57.04083,-122.86281,2017,TRUE,4,1,1,0.7403,0.322,0.9791
"MYEV","269777_NW",269777,"NW","Northern Region",57.04083,-122.86281,2018,TRUE,4,1,1,0.7365,0.4971,0.9111
"MYEV","269777_NW",269777,"NW","Northern Region",57.04083,-122.86281,2019,TRUE,3,1,1,0.7305,0.5505,0.883
"MYEV","269777_NW",269777,"NW","Northern Region",57.04083,-122.86281,2020,TRUE,4,1,1,0.6173,0.4478,0.8009
"MYEV","269777_NW",269777,"NW","Northern Region",57.04083,-122.86281,2021,FALSE,0,NA,NA,0.7971,0.6409,0.9216
"MYEV","269777_NW",269777,"NW","Northern Region",57.04083,-122.86281,2022,FALSE,0,NA,NA,0.8502,0.6854,0.9629
"MYEV","269777_NW",269777,"NW","Northern Region",57.04083,-122.86281,2023,FALSE,0,NA,NA,0.7567,0.5604,0.9124
"MYEV","269777_NW",269777,"NW","Northern Region",57.04083,-122.86281,2024,FALSE,0,NA,NA,0.8271,0.6719,0.9422
"MYEV","269777_NW",269777,"NW","Northern Region",57.04083,-122.86281,2025,FALSE,0,NA,NA,0.8103,0.6349,0.9398
"MYEV","269777_SW",269777,"SW","Northern Region",57.01497,-122.80521,2017,TRUE,4,1,1,0.7494,0.4834,0.9532
"MYEV","269777_SW",269777,"SW","Northern Region",57.01497,-122.80521,2018,TRUE,4,1,1,0.7447,0.5835,0.8814
"MYEV","269777_SW",269777,"SW","Northern Region",57.01497,-122.80521,2019,TRUE,4,1,1,0.7389,0.6089,0.8563
"MYEV","269777_SW",269777,"SW","Northern Region",57.01497,-122.80521,2020,TRUE,4,1,1,0.625,0.4715,0.7783
"MYEV","269777_SW",269777,"SW","Northern Region",57.01497,-122.80521,2021,FALSE,0,NA,NA,0.7569,0.6186,0.8715
"MYEV","269777_SW",269777,"SW","Northern Region",57.01497,-122.80521,2022,FALSE,0,NA,NA,0.8446,0.7263,0.9373
"MYEV","269777_SW",269777,"SW","Northern Region",57.01497,-122.80521,2023,FALSE,0,NA,NA,0.7838,0.6421,0.8996
"MYEV","269777_SW",269777,"SW","Northern Region",57.01497,-122.80521,2024,FALSE,0,NA,NA,0.8227,0.7094,0.9151
"MYEV","269777_SW",269777,"SW","Northern Region",57.01497,-122.80521,2025,FALSE,0,NA,NA,0.8161,0.6867,0.9167
"MYEV","271731_SW",271731,"SW","Kootenay Region",51.24146,-117.64962,2017,TRUE,4,0,0.1113,0.6937,0.4538,0.9009
"MYEV","271731_SW",271731,"SW","Kootenay Region",51.24146,-117.64962,2018,TRUE,3,0,0.4882,0.8367,0.6831,0.9469
"MYEV","271731_SW",271731,"SW","Kootenay Region",51.24146,-117.64962,2019,TRUE,4,0,0.1342,0.8313,0.6992,0.9285
"MYEV","271731_SW",271731,"SW","Kootenay Region",51.24146,-117.64962,2020,TRUE,4,1,1,0.7421,0.5919,0.8738
"MYEV","271731_SW",271731,"SW","Kootenay Region",51.24146,-117.64962,2021,TRUE,4,1,1,0.8706,0.7549,0.9534
"MYEV","271731_SW",271731,"SW","Kootenay Region",51.24146,-117.64962,2022,TRUE,4,1,1,0.9181,0.8249,0.9791
"MYEV","271731_SW",271731,"SW","Kootenay Region",51.24146,-117.64962,2023,TRUE,4,1,1,0.8657,0.7314,0.9537
"MYEV","271731_SW",271731,"SW","Kootenay Region",51.24146,-117.64962,2024,TRUE,4,1,1,0.9046,0.8035,0.969
"MYEV","271731_SW",271731,"SW","Kootenay Region",51.24146,-117.64962,2025,TRUE,4,1,1,0.899,0.7994,0.9663
"MYEV","273050_SE",273050,"SE","South Coastal Region",49.00511,-125.65145,2017,FALSE,0,NA,NA,0.4609,0.2236,0.713
"MYEV","273050_SE",273050,"SE","South Coastal Region",49.00511,-125.65145,2018,TRUE,3,0,0.172,0.54,0.3588,0.7151
"MYEV","273050_SE",273050,"SE","South Coastal Region",49.00511,-125.65145,2019,FALSE,0,NA,NA,0.6048,0.4389,0.7599
"MYEV","273050_SE",273050,"SE","South Coastal Region",49.00511,-125.65145,2020,FALSE,0,NA,NA,0.5786,0.4081,0.7362
"MYEV","273050_SE",273050,"SE","South Coastal Region",49.00511,-125.65145,2021,FALSE,0,NA,NA,0.6289,0.4467,0.7863
"MYEV","273050_SE",273050,"SE","South Coastal Region",49.00511,-125.65145,2022,FALSE,0,NA,NA,0.7041,0.5164,0.8565
"MYEV","273050_SE",273050,"SE","South Coastal Region",49.00511,-125.65145,2023,FALSE,0,NA,NA,0.7161,0.5316,0.8621
"MYEV","273050_SE",273050,"SE","South Coastal Region",49.00511,-125.65145,2024,TRUE,4,1,1,0.7416,0.5533,0.8834
"MYEV","273050_SE",273050,"SE","South Coastal Region",49.00511,-125.65145,2025,TRUE,4,1,1,0.7486,0.5607,0.8896
"MYEV","283586_NE",283586,"NE","Northern Region",54.3558,-128.5366,2017,FALSE,0,NA,NA,0.7001,0.3226,0.9541
"MYEV","283586_NE",283586,"NE","Northern Region",54.3558,-128.5366,2018,TRUE,2,0,0.1327,0.7337,0.4738,0.9205
"MYEV","283586_NE",283586,"NE","Northern Region",54.3558,-128.5366,2019,TRUE,3,0,0.0527,0.7565,0.5419,0.9123
"MYEV","283586_NE",283586,"NE","Northern Region",54.3558,-128.5366,2020,TRUE,4,0,0.0178,0.7105,0.4834,0.8892
"MYEV","283586_NE",283586,"NE","Northern Region",54.3558,-128.5366,2021,FALSE,0,NA,NA,0.7521,0.5245,0.9109
"MYEV","283586_NE",283586,"NE","Northern Region",54.3558,-128.5366,2022,FALSE,0,NA,NA,0.8077,0.5943,0.9432
"MYEV","283586_NE",283586,"NE","Northern Region",54.3558,-128.5366,2023,TRUE,3,0,0.0096,0.8092,0.5943,0.9437
"MYEV","283586_NE",283586,"NE","Northern Region",54.3558,-128.5366,2024,TRUE,4,0,0.0011,0.8275,0.6147,0.9518
"MYEV","283586_NE",283586,"NE","Northern Region",54.3558,-128.5366,2025,TRUE,4,0,0.0047,0.8301,0.6185,0.9545
"MYEV","283586_NW",283586,"NW","Northern Region",54.3321,-128.6266,2017,FALSE,0,NA,NA,0.7387,0.4122,0.9543
"MYEV","283586_NW",283586,"NW","Northern Region",54.3321,-128.6266,2018,TRUE,2,1,1,0.7537,0.5637,0.904
"MYEV","283586_NW",283586,"NW","Northern Region",54.3321,-128.6266,2019,TRUE,3,1,1,0.7632,0.6119,0.886
"MYEV","283586_NW",283586,"NW","Northern Region",54.3321,-128.6266,2020,TRUE,4,1,1,0.6946,0.5138,0.8505
"MYEV","283586_NW",283586,"NW","Northern Region",54.3321,-128.6266,2021,TRUE,3,0,0.8018,0.766,0.5804,0.9013
"MYEV","283586_NW",283586,"NW","Northern Region",54.3321,-128.6266,2022,TRUE,4,1,1,0.8353,0.6523,0.9508
"MYEV","283586_NW",283586,"NW","Northern Region",54.3321,-128.6266,2023,TRUE,4,1,1,0.8376,0.6565,0.9509
"MYEV","283586_NW",283586,"NW","Northern Region",54.3321,-128.6266,2024,TRUE,4,1,1,0.8583,0.6754,0.9604
"MYEV","283586_NW",283586,"NW","Northern Region",54.3321,-128.6266,2025,TRUE,4,1,1,0.8609,0.6785,0.9622
"MYEV","283586_SE",283586,"SE","Northern Region",54.31162,-128.54374,2017,FALSE,0,NA,NA,0.7842,0.3595,0.9853
"MYEV","283586_SE",283586,"SE","Northern Region",54.31162,-128.54374,2018,TRUE,2,1,1,0.7808,0.5722,0.9212
"MYEV","283586_SE",283586,"SE","Northern Region",54.31162,-128.54374,2019,TRUE,3,1,1,0.7774,0.6035,0.9018
"MYEV","283586_SE",283586,"SE","Northern Region",54.31162,-128.54374,2020,TRUE,4,1,1,0.6975,0.505,0.8613
"MYEV","283586_SE",283586,"SE","Northern Region",54.31162,-128.54374,2021,TRUE,3,1,1,0.7714,0.5772,0.906
"MYEV","283586_SE",283586,"SE","Northern Region",54.31162,-128.54374,2022,TRUE,4,1,1,0.8454,0.6704,0.9496
"MYEV","283586_SE",283586,"SE","Northern Region",54.31162,-128.54374,2023,TRUE,4,1,1,0.8252,0.6543,0.9345
"MYEV","283586_SE",283586,"SE","Northern Region",54.31162,-128.54374,2024,TRUE,4,1,1,0.847,0.6863,0.9465
"MYEV","283586_SE",283586,"SE","Northern Region",54.31162,-128.54374,2025,TRUE,2,0,0.5416,0.8446,0.6756,0.9469
"MYEV","283586_SW",283586,"SW","Northern Region",54.2946,-128.581,2017,FALSE,0,NA,NA,0.7032,0.3399,0.9529
"MYEV","283586_SW",283586,"SW","Northern Region",54.2946,-128.581,2018,TRUE,2,0,0.3444,0.7425,0.5035,0.9178
"MYEV","283586_SW",283586,"SW","Northern Region",54.2946,-128.581,2019,TRUE,3,0,0.3509,0.7668,0.5706,0.913
"MYEV","283586_SW",283586,"SW","Northern Region",54.2946,-128.581,2020,TRUE,4,1,1,0.7153,0.4921,0.8902
"MYEV","283586_SW",283586,"SW","Northern Region",54.2946,-128.581,2021,TRUE,4,1,1,0.764,0.5456,0.9156
"MYEV","283586_SW",283586,"SW","Northern Region",54.2946,-128.581,2022,TRUE,4,1,1,0.8237,0.6215,0.9483
"MYEV","283586_SW",283586,"SW","Northern Region",54.2946,-128.581,2023,TRUE,4,1,1,0.8216,0.6186,0.9465
"MYEV","283586_SW",283586,"SW","Northern Region",54.2946,-128.581,2024,TRUE,4,1,1,0.8406,0.6421,0.9548
"MYEV","283586_SW",283586,"SW","Northern Region",54.2946,-128.581,2025,TRUE,4,1,1,0.8422,0.6452,0.9571
"MYEV","294832_NE",294832,"NE","Northern Region",56.3348,-120.97877,2017,TRUE,4,0,0.3238,0.7891,0.4881,0.9693
"MYEV","294832_NE",294832,"NE","Northern Region",56.3348,-120.97877,2018,TRUE,4,1,1,0.7477,0.5785,0.8861
"MYEV","294832_NE",294832,"NE","Northern Region",56.3348,-120.97877,2019,TRUE,2,1,1,0.738,0.593,0.8616
"MYEV","294832_NE",294832,"NE","Northern Region",56.3348,-120.97877,2020,TRUE,2,0,0.1902,0.6258,0.475,0.7769
"MYEV","294832_NE",294832,"NE","Northern Region",56.3348,-120.97877,2021,TRUE,4,0,0.2238,0.7618,0.6212,0.8738
"MYEV","294832_NE",294832,"NE","Northern Region",56.3348,-120.97877,2022,TRUE,4,1,1,0.8533,0.7474,0.9384
"MYEV","294832_NE",294832,"NE","Northern Region",56.3348,-120.97877,2023,FALSE,0,NA,NA,0.8033,0.6709,0.9053
"MYEV","294832_NE",294832,"NE","Northern Region",56.3348,-120.97877,2024,TRUE,4,0,0.0776,0.8366,0.7268,0.9239
"MYEV","294832_NE",294832,"NE","Northern Region",56.3348,-120.97877,2025,TRUE,4,0,0.0311,0.832,0.7134,0.9229
"MYEV","294832_NW",294832,"NW","Northern Region",56.33264,-121.00747,2017,TRUE,4,1,1,0.7821,0.5163,0.9617
"MYEV","294832_NW",294832,"NW","Northern Region",56.33264,-121.00747,2018,TRUE,4,0,0.246,0.74,0.5822,0.8771
"MYEV","294832_NW",294832,"NW","Northern Region",56.33264,-121.00747,2019,TRUE,4,1,1,0.7285,0.5947,0.8462
"MYEV","294832_NW",294832,"NW","Northern Region",56.33264,-121.00747,2020,TRUE,4,0,0.0229,0.6143,0.4713,0.7584
"MYEV","294832_NW",294832,"NW","Northern Region",56.33264,-121.00747,2021,TRUE,4,0,0.0376,0.7539,0.6247,0.8615
"MYEV","294832_NW",294832,"NW","Northern Region",56.33264,-121.00747,2022,TRUE,4,0,0.0616,0.8492,0.7492,0.9332
"MYEV","294832_NW",294832,"NW","Northern Region",56.33264,-121.00747,2023,FALSE,0,NA,NA,0.8026,0.6807,0.8987
"MYEV","294832_NW",294832,"NW","Northern Region",56.33264,-121.00747,2024,TRUE,4,0,0.0269,0.8347,0.7372,0.9175
"MYEV","294832_NW",294832,"NW","Northern Region",56.33264,-121.00747,2025,TRUE,4,0,0.0167,0.8297,0.7215,0.9161
"MYEV","294832_SE",294832,"SE","Northern Region",56.30206,-120.94608,2017,TRUE,4,0,0.1347,0.741,0.4805,0.9463
"MYEV","294832_SE",294832,"SE","Northern Region",56.30206,-120.94608,2018,TRUE,4,0,0.118,0.7102,0.5486,0.8571
"MYEV","294832_SE",294832,"SE","Northern Region",56.30206,-120.94608,2019,FALSE,0,NA,NA,0.6978,0.5587,0.8251
"MYEV","294832_SE",294832,"SE","Northern Region",56.30206,-120.94608,2020,TRUE,4,0,0.0353,0.5843,0.4299,0.7357
"MYEV","294832_SE",294832,"SE","Northern Region",56.30206,-120.94608,2021,TRUE,4,0,0.1387,0.6887,0.5263,0.8255
"MYEV","294832_SE",294832,"SE","Northern Region",56.30206,-120.94608,2022,TRUE,3,1,1,0.8036,0.6679,0.9125
"MYEV","294832_SE",294832,"SE","Northern Region",56.30206,-120.94608,2023,FALSE,0,NA,NA,0.7729,0.6414,0.8865
"MYEV","294832_SE",294832,"SE","Northern Region",56.30206,-120.94608,2024,TRUE,4,0,0.1513,0.804,0.6857,0.9017
"MYEV","294832_SE",294832,"SE","Northern Region",56.30206,-120.94608,2025,FALSE,0,NA,NA,0.8005,0.6715,0.901
"MYEV","294832_SW",294832,"SW","Northern Region",56.30496,-121.00198,2017,TRUE,4,1,1,0.7244,0.4236,0.9478
"MYEV","294832_SW",294832,"SW","Northern Region",56.30496,-121.00198,2018,FALSE,0,NA,NA,0.7009,0.5256,0.8586
"MYEV","294832_SW",294832,"SW","Northern Region",56.30496,-121.00198,2019,TRUE,4,1,1,0.6906,0.5392,0.8287
"MYEV","294832_SW",294832,"SW","Northern Region",56.30496,-121.00198,2020,TRUE,4,0,0.1282,0.5782,0.4114,0.7419
"MYEV","294832_SW",294832,"SW","Northern Region",56.30496,-121.00198,2021,TRUE,4,1,1,0.6932,0.5207,0.8361
"MYEV","294832_SW",294832,"SW","Northern Region",56.30496,-121.00198,2022,TRUE,4,0,0.2644,0.7954,0.6409,0.9145
"MYEV","294832_SW",294832,"SW","Northern Region",56.30496,-121.00198,2023,FALSE,0,NA,NA,0.7578,0.6064,0.8865
"MYEV","294832_SW",294832,"SW","Northern Region",56.30496,-121.00198,2024,TRUE,4,0,0.1611,0.789,0.6489,0.9016
"MYEV","294832_SW",294832,"SW","Northern Region",56.30496,-121.00198,2025,TRUE,4,1,1,0.7846,0.6357,0.901
"MYEV","317428_NE",317428,"NE","South Coastal Region",49.06292,-120.79944,2017,FALSE,0,NA,NA,0.5391,0.1203,0.9332
"MYEV","317428_NE",317428,"NE","South Coastal Region",49.06292,-120.79944,2018,TRUE,4,1,1,0.7988,0.602,0.9356
"MYEV","317428_NE",317428,"NE","South Coastal Region",49.06292,-120.79944,2019,TRUE,4,0,0.1878,0.7721,0.6092,0.9041
"MYEV","317428_NE",317428,"NE","South Coastal Region",49.06292,-120.79944,2020,TRUE,4,1,1,0.6998,0.5285,0.8651
"MYEV","317428_NE",317428,"NE","South Coastal Region",49.06292,-120.79944,2021,TRUE,4,1,1,0.851,0.7227,0.9444
"MYEV","317428_NE",317428,"NE","South Coastal Region",49.06292,-120.79944,2022,TRUE,4,1,1,0.9004,0.7861,0.9754
"MYEV","317428_NE",317428,"NE","South Coastal Region",49.06292,-120.79944,2023,TRUE,4,1,1,0.8319,0.6829,0.9351
"MYEV","317428_NE",317428,"NE","South Coastal Region",49.06292,-120.79944,2024,TRUE,4,1,1,0.8812,0.7634,0.961
"MYEV","317428_NE",317428,"NE","South Coastal Region",49.06292,-120.79944,2025,TRUE,4,1,1,0.8725,0.7433,0.96
"MYEV","317428_NW",317428,"NW","South Coastal Region",49.06417,-120.90943,2017,FALSE,0,NA,NA,0.5427,0.0935,0.9519
"MYEV","317428_NW",317428,"NW","South Coastal Region",49.06417,-120.90943,2018,TRUE,4,1,1,0.7585,0.4883,0.9404
"MYEV","317428_NW",317428,"NW","South Coastal Region",49.06417,-120.90943,2019,TRUE,4,0,0.0747,0.7041,0.4976,0.8816
"MYEV","317428_NW",317428,"NW","South Coastal Region",49.06417,-120.90943,2020,TRUE,4,1,1,0.6154,0.4402,0.8035
"MYEV","317428_NW",317428,"NW","South Coastal Region",49.06417,-120.90943,2021,TRUE,4,0,0.1438,0.7954,0.6318,0.9305
"MYEV","317428_NW",317428,"NW","South Coastal Region",49.06417,-120.90943,2022,TRUE,4,1,1,0.8405,0.6535,0.9678
"MYEV","317428_NW",317428,"NW","South Coastal Region",49.06417,-120.90943,2023,TRUE,4,1,1,0.7388,0.5321,0.916
"MYEV","317428_NW",317428,"NW","South Coastal Region",49.06417,-120.90943,2024,TRUE,4,1,1,0.8201,0.6472,0.9489
"MYEV","317428_NW",317428,"NW","South Coastal Region",49.06417,-120.90943,2025,TRUE,4,1,1,0.798,0.6037,0.9386
"MYEV","317428_SE",317428,"SE","South Coastal Region",49.06053,-120.77309,2017,FALSE,0,NA,NA,0.5318,0.1254,0.9244
"MYEV","317428_SE",317428,"SE","South Coastal Region",49.06053,-120.77309,2018,TRUE,4,0,0.3189,0.8252,0.6373,0.9468
"MYEV","317428_SE",317428,"SE","South Coastal Region",49.06053,-120.77309,2019,TRUE,4,1,1,0.8067,0.6483,0.9253
"MYEV","317428_SE",317428,"SE","South Coastal Region",49.06053,-120.77309,2020,TRUE,4,1,1,0.7081,0.5326,0.8773
"MYEV","317428_SE",317428,"SE","South Coastal Region",49.06053,-120.77309,2021,TRUE,4,1,1,0.8578,0.7278,0.9497
"MYEV","317428_SE",317428,"SE","South Coastal Region",49.06053,-120.77309,2022,TRUE,4,1,1,0.9062,0.7945,0.9782
"MYEV","317428_SE",317428,"SE","South Coastal Region",49.06053,-120.77309,2023,TRUE,4,1,1,0.8426,0.6953,0.9419
"MYEV","317428_SE",317428,"SE","South Coastal Region",49.06053,-120.77309,2024,TRUE,4,1,1,0.8882,0.7733,0.9639
"MYEV","317428_SE",317428,"SE","South Coastal Region",49.06053,-120.77309,2025,FALSE,0,NA,NA,0.8804,0.7545,0.9626
"MYEV","317428_SW",317428,"SW","South Coastal Region",49.04617,-120.85085,2017,FALSE,0,NA,NA,0.579,0.097,0.9699
"MYEV","317428_SW",317428,"SW","South Coastal Region",49.04617,-120.85085,2018,TRUE,4,1,1,0.8025,0.5474,0.9511
"MYEV","317428_SW",317428,"SW","South Coastal Region",49.04617,-120.85085,2019,TRUE,4,0,0.152,0.7705,0.5755,0.9237
"MYEV","317428_SW",317428,"SW","South Coastal Region",49.04617,-120.85085,2020,TRUE,4,1,1,0.6765,0.4913,0.8634
"MYEV","317428_SW",317428,"SW","South Coastal Region",49.04617,-120.85085,2021,TRUE,4,1,1,0.8433,0.6991,0.9485
"MYEV","317428_SW",317428,"SW","South Coastal Region",49.04617,-120.85085,2022,TRUE,4,1,1,0.8874,0.7423,0.9755
"MYEV","317428_SW",317428,"SW","South Coastal Region",49.04617,-120.85085,2023,TRUE,4,1,1,0.8072,0.6217,0.9395
"MYEV","317428_SW",317428,"SW","South Coastal Region",49.04617,-120.85085,2024,FALSE,0,NA,NA,0.8678,0.7212,0.9654
"MYEV","317428_SW",317428,"SW","South Coastal Region",49.04617,-120.85085,2025,FALSE,0,NA,NA,0.8548,0.6889,0.9633
"MYEV","326072_NE",326072,"NE","South Coastal Region",49.09743,-122.51957,2017,TRUE,3,1,1,0.4599,0.2219,0.7112
"MYEV","326072_NE",326072,"NE","South Coastal Region",49.09743,-122.51957,2018,TRUE,3,0,0.47,0.5249,0.3538,0.6939
"MYEV","326072_NE",326072,"NE","South Coastal Region",49.09743,-122.51957,2019,TRUE,3,0,0.4213,0.5788,0.4276,0.7227
"MYEV","326072_NE",326072,"NE","South Coastal Region",49.09743,-122.51957,2020,TRUE,4,1,1,0.5414,0.3957,0.689
"MYEV","326072_NE",326072,"NE","South Coastal Region",49.09743,-122.51957,2021,TRUE,4,0,0.7067,0.5966,0.4403,0.7429
"MYEV","326072_NE",326072,"NE","South Coastal Region",49.09743,-122.51957,2022,TRUE,4,1,1,0.6832,0.5221,0.8208
"MYEV","326072_NE",326072,"NE","South Coastal Region",49.09743,-122.51957,2023,TRUE,4,0,0.2131,0.693,0.5357,0.8254
"MYEV","326072_NE",326072,"NE","South Coastal Region",49.09743,-122.51957,2024,FALSE,0,NA,NA,0.7205,0.5564,0.8494
"MYEV","326072_NE",326072,"NE","South Coastal Region",49.09743,-122.51957,2025,FALSE,0,NA,NA,0.7264,0.5613,0.8565
"MYEV","326072_NW",326072,"NW","South Coastal Region",49.05235,-122.58989,2017,TRUE,4,1,1,0.4666,0.2379,0.7101
"MYEV","326072_NW",326072,"NW","South Coastal Region",49.05235,-122.58989,2018,TRUE,3,0,0.7458,0.5314,0.3637,0.6961
"MYEV","326072_NW",326072,"NW","South Coastal Region",49.05235,-122.58989,2019,TRUE,3,1,1,0.5843,0.4297,0.7316
"MYEV","326072_NW",326072,"NW","South Coastal Region",49.05235,-122.58989,2020,TRUE,4,1,1,0.5417,0.3868,0.6975
"MYEV","326072_NW",326072,"NW","South Coastal Region",49.05235,-122.58989,2021,TRUE,4,1,1,0.5961,0.4323,0.7504
"MYEV","326072_NW",326072,"NW","South Coastal Region",49.05235,-122.58989,2022,TRUE,4,1,1,0.6899,0.5206,0.8303
"MYEV","326072_NW",326072,"NW","South Coastal Region",49.05235,-122.58989,2023,TRUE,3,1,1,0.7082,0.5461,0.8405
"MYEV","326072_NW",326072,"NW","South Coastal Region",49.05235,-122.58989,2024,TRUE,4,1,1,0.7419,0.581,0.8649
"MYEV","326072_NW",326072,"NW","South Coastal Region",49.05235,-122.58989,2025,TRUE,4,1,1,0.7519,0.593,0.8746
"MYEV","326072_SE",326072,"SE","South Coastal Region",49.0144,-122.52755,2017,TRUE,4,1,1,0.4699,0.2424,0.7094
"MYEV","326072_SE",326072,"SE","South Coastal Region",49.0144,-122.52755,2018,TRUE,3,0,0.7489,0.5307,0.3652,0.6936
"MYEV","326072_SE",326072,"SE","South Coastal Region",49.0144,-122.52755,2019,TRUE,3,1,1,0.5818,0.4299,0.7253
"MYEV","326072_SE",326072,"SE","South Coastal Region",49.0144,-122.52755,2020,TRUE,4,1,1,0.5383,0.3871,0.6898
"MYEV","326072_SE",326072,"SE","South Coastal Region",49.0144,-122.52755,2021,TRUE,4,1,1,0.5917,0.431,0.743
"MYEV","326072_SE",326072,"SE","South Coastal Region",49.0144,-122.52755,2022,TRUE,4,1,1,0.6787,0.5106,0.8214
"MYEV","326072_SE",326072,"SE","South Coastal Region",49.0144,-122.52755,2023,FALSE,0,NA,NA,0.7038,0.5475,0.834
"MYEV","326072_SE",326072,"SE","South Coastal Region",49.0144,-122.52755,2024,FALSE,0,NA,NA,0.738,0.5797,0.8584
"MYEV","326072_SE",326072,"SE","South Coastal Region",49.0144,-122.52755,2025,FALSE,0,NA,NA,0.7485,0.597,0.8697
"MYEV","326072_SW",326072,"SW","South Coastal Region",49.01082,-122.58104,2017,TRUE,4,1,1,0.5502,0.2311,0.8739
"MYEV","326072_SW",326072,"SW","South Coastal Region",49.01082,-122.58104,2018,TRUE,3,0,0.5833,0.6276,0.4289,0.8061
"MYEV","326072_SW",326072,"SW","South Coastal Region",49.01082,-122.58104,2019,TRUE,3,1,1,0.6783,0.5173,0.8169
"MYEV","326072_SW",326072,"SW","South Coastal Region",49.01082,-122.58104,2020,TRUE,4,1,1,0.6127,0.4517,0.7703
"MYEV","326072_SW",326072,"SW","South Coastal Region",49.01082,-122.58104,2021,TRUE,4,1,1,0.6887,0.5208,0.828
"MYEV","326072_SW",326072,"SW","South Coastal Region",49.01082,-122.58104,2022,TRUE,4,1,1,0.7867,0.6411,0.8958
"MYEV","326072_SW",326072,"SW","South Coastal Region",49.01082,-122.58104,2023,TRUE,4,1,1,0.8113,0.684,0.9068
"MYEV","326072_SW",326072,"SW","South Coastal Region",49.01082,-122.58104,2024,TRUE,4,1,1,0.8449,0.7256,0.9273
"MYEV","326072_SW",326072,"SW","South Coastal Region",49.01082,-122.58104,2025,TRUE,4,1,1,0.8501,0.7307,0.9333
"MYEV","37274_NE",37274,"NE","Northern Region",53.08874,-119.20318,2017,FALSE,0,NA,NA,0.784,0.4903,0.9673
"MYEV","37274_NE",37274,"NE","Northern Region",53.08874,-119.20318,2018,TRUE,4,1,1,0.7611,0.5609,0.9033
"MYEV","37274_NE",37274,"NE","Northern Region",53.08874,-119.20318,2019,TRUE,3,0,0.2891,0.756,0.5897,0.8901
"MYEV","37274_NE",37274,"NE","Northern Region",53.08874,-119.20318,2020,TRUE,4,1,1,0.6466,0.4784,0.8159
"MYEV","37274_NE",37274,"NE","Northern Region",53.08874,-119.20318,2021,TRUE,4,0,0.3767,0.7834,0.625,0.9021
"MYEV","37274_NE",37274,"NE","Northern Region",53.08874,-119.20318,2022,TRUE,3,1,1,0.8608,0.7283,0.9547
"MYEV","37274_NE",37274,"NE","Northern Region",53.08874,-119.20318,2023,FALSE,0,NA,NA,0.7967,0.6321,0.9168
"MYEV","37274_NE",37274,"NE","Northern Region",53.08874,-119.20318,2024,TRUE,3,1,1,0.8385,0.6995,0.9393
"MYEV","37274_NE",37274,"NE","Northern Region",53.08874,-119.20318,2025,FALSE,0,NA,NA,0.8312,0.6773,0.9387
"MYEV","37274_SE",37274,"SE","Northern Region",53.05051,-119.21418,2017,FALSE,0,NA,NA,0.775,0.5175,0.9572
"MYEV","37274_SE",37274,"SE","Northern Region",53.05051,-119.21418,2018,TRUE,4,1,1,0.7285,0.5612,0.875
"MYEV","37274_SE",37274,"SE","Northern Region",53.05051,-119.21418,2019,TRUE,3,1,1,0.7189,0.5815,0.8419
"MYEV","37274_SE",37274,"SE","Northern Region",53.05051,-119.21418,2020,FALSE,0,NA,NA,0.6075,0.4592,0.7528
"MYEV","37274_SE",37274,"SE","Northern Region",53.05051,-119.21418,2021,TRUE,4,1,1,0.7463,0.6013,0.8645
"MYEV","37274_SE",37274,"SE","Northern Region",53.05051,-119.21418,2022,TRUE,3,1,1,0.8358,0.71,0.9351
"MYEV","37274_SE",37274,"SE","Northern Region",53.05051,-119.21418,2023,FALSE,0,NA,NA,0.7673,0.6133,0.8905
"MYEV","37274_SE",37274,"SE","Northern Region",53.05051,-119.21418,2024,TRUE,3,1,1,0.81,0.6906,0.9099
"MYEV","37274_SE",37274,"SE","Northern Region",53.05051,-119.21418,2025,FALSE,0,NA,NA,0.8021,0.6636,0.9094
"MYEV","37274_SW",37274,"SW","Northern Region",53.03564,-119.22895,2017,FALSE,0,NA,NA,0.7224,0.4137,0.9488
"MYEV","37274_SW",37274,"SW","Northern Region",53.03564,-119.22895,2018,TRUE,3,0,0.2451,0.7127,0.5394,0.8658
"MYEV","37274_SW",37274,"SW","Northern Region",53.03564,-119.22895,2019,TRUE,3,0,0.1778,0.7065,0.5602,0.8397
"MYEV","37274_SW",37274,"SW","Northern Region",53.03564,-119.22895,2020,TRUE,4,0,0.1462,0.6056,0.4423,0.7666
"MYEV","37274_SW",37274,"SW","Northern Region",53.03564,-119.22895,2021,TRUE,3,1,1,0.7081,0.5402,0.8462
"MYEV","37274_SW",37274,"SW","Northern Region",53.03564,-119.22895,2022,TRUE,3,0,0.6076,0.8042,0.6539,0.9188
"MYEV","37274_SW",37274,"SW","Northern Region",53.03564,-119.22895,2023,FALSE,0,NA,NA,0.7638,0.6117,0.8909
"MYEV","37274_SW",37274,"SW","Northern Region",53.03564,-119.22895,2024,TRUE,3,1,1,0.7947,0.6563,0.9053
"MYEV","37274_SW",37274,"SW","Northern Region",53.03564,-119.22895,2025,FALSE,0,NA,NA,0.7899,0.6413,0.9058
"MYEV","38442_NW",38442,"NW","Okanagan Region",51.51999,-122.28978,2017,FALSE,0,NA,NA,0.8016,0.5151,0.9739
"MYEV","38442_NW",38442,"NW","Okanagan Region",51.51999,-122.28978,2018,TRUE,3,0,0.5033,0.7867,0.622,0.9128
"MYEV","38442_NW",38442,"NW","Okanagan Region",51.51999,-122.28978,2019,FALSE,0,NA,NA,0.7804,0.651,0.887
"MYEV","38442_NW",38442,"NW","Okanagan Region",51.51999,-122.28978,2020,TRUE,4,1,1,0.6962,0.5492,0.8288
"MYEV","38442_NW",38442,"NW","Okanagan Region",51.51999,-122.28978,2021,TRUE,4,1,1,0.7489,0.6068,0.8634
"MYEV","38442_NW",38442,"NW","Okanagan Region",51.51999,-122.28978,2022,FALSE,0,NA,NA,0.8211,0.6916,0.9208
"MYEV","38442_NW",38442,"NW","Okanagan Region",51.51999,-122.28978,2023,TRUE,4,1,1,0.8121,0.6785,0.9148
"MYEV","38442_NW",38442,"NW","Okanagan Region",51.51999,-122.28978,2024,TRUE,4,1,1,0.8328,0.7037,0.9276
"MYEV","38442_NW",38442,"NW","Okanagan Region",51.51999,-122.28978,2025,TRUE,4,1,1,0.8336,0.7053,0.9269
"MYEV","38442_SW",38442,"SW","Okanagan Region",51.50238,-122.28992,2017,FALSE,0,NA,NA,0.806,0.5249,0.9745
"MYEV","38442_SW",38442,"SW","Okanagan Region",51.50238,-122.28992,2018,TRUE,3,0,0.296,0.7894,0.6293,0.9131
"MYEV","38442_SW",38442,"SW","Okanagan Region",51.50238,-122.28992,2019,TRUE,4,0,0.2762,0.7827,0.6553,0.89
"MYEV","38442_SW",38442,"SW","Okanagan Region",51.50238,-122.28992,2020,TRUE,4,1,1,0.6967,0.5482,0.8296
"MYEV","38442_SW",38442,"SW","Okanagan Region",51.50238,-122.28992,2021,TRUE,4,1,1,0.7535,0.6129,0.8676
"MYEV","38442_SW",38442,"SW","Okanagan Region",51.50238,-122.28992,2022,TRUE,4,1,1,0.8283,0.701,0.9252
"MYEV","38442_SW",38442,"SW","Okanagan Region",51.50238,-122.28992,2023,TRUE,4,0,0.5024,0.8178,0.6853,0.9196
"MYEV","38442_SW",38442,"SW","Okanagan Region",51.50238,-122.28992,2024,TRUE,4,1,1,0.8389,0.7133,0.9315
"MYEV","38442_SW",38442,"SW","Okanagan Region",51.50238,-122.28992,2025,FALSE,0,NA,NA,0.8394,0.7143,0.9291
"MYEV","42026_NE",42026,"NE","Northern Region",55.85527,-121.65345,2017,FALSE,0,NA,NA,0.7821,0.5179,0.9611
"MYEV","42026_NE",42026,"NE","Northern Region",55.85527,-121.65345,2018,FALSE,0,NA,NA,0.7594,0.6091,0.8864
"MYEV","42026_NE",42026,"NE","Northern Region",55.85527,-121.65345,2019,FALSE,0,NA,NA,0.7514,0.6283,0.8565
"MYEV","42026_NE",42026,"NE","Northern Region",55.85527,-121.65345,2020,FALSE,0,NA,NA,0.6382,0.4999,0.7751
"MYEV","42026_NE",42026,"NE","Northern Region",55.85527,-121.65345,2021,FALSE,0,NA,NA,0.7637,0.6404,0.8675
"MYEV","42026_NE",42026,"NE","Northern Region",55.85527,-121.65345,2022,TRUE,4,1,1,0.8521,0.7533,0.9362
"MYEV","42026_NE",42026,"NE","Northern Region",55.85527,-121.65345,2023,FALSE,0,NA,NA,0.7966,0.67,0.8973
"MYEV","42026_NE",42026,"NE","Northern Region",55.85527,-121.65345,2024,TRUE,4,0,0.2316,0.8317,0.7321,0.9143
"MYEV","42026_NE",42026,"NE","Northern Region",55.85527,-121.65345,2025,TRUE,4,1,1,0.8258,0.7119,0.9158
"MYEV","42026_NW",42026,"NW","Northern Region",55.83616,-121.71691,2017,FALSE,0,NA,NA,0.7712,0.527,0.9537
"MYEV","42026_NW",42026,"NW","Northern Region",55.83616,-121.71691,2018,FALSE,0,NA,NA,0.7429,0.5934,0.8757
"MYEV","42026_NW",42026,"NW","Northern Region",55.83616,-121.71691,2019,FALSE,0,NA,NA,0.733,0.6113,0.8422
"MYEV","42026_NW",42026,"NW","Northern Region",55.83616,-121.71691,2020,FALSE,0,NA,NA,0.6186,0.477,0.7587
"MYEV","42026_NW",42026,"NW","Northern Region",55.83616,-121.71691,2021,FALSE,0,NA,NA,0.7367,0.6057,0.8487
"MYEV","42026_NW",42026,"NW","Northern Region",55.83616,-121.71691,2022,TRUE,3,1,1,0.8312,0.7176,0.9251
"MYEV","42026_NW",42026,"NW","Northern Region",55.83616,-121.71691,2023,FALSE,0,NA,NA,0.7797,0.6461,0.8893
"MYEV","42026_NW",42026,"NW","Northern Region",55.83616,-121.71691,2024,TRUE,4,1,1,0.8133,0.705,0.905
"MYEV","42026_NW",42026,"NW","Northern Region",55.83616,-121.71691,2025,TRUE,3,1,1,0.8074,0.6831,0.9058
"MYEV","42026_SE",42026,"SE","Northern Region",55.81797,-121.66405,2017,FALSE,0,NA,NA,0.7848,0.5097,0.9643
"MYEV","42026_SE",42026,"SE","Northern Region",55.81797,-121.66405,2018,FALSE,0,NA,NA,0.7745,0.6275,0.8963
"MYEV","42026_SE",42026,"SE","Northern Region",55.81797,-121.66405,2019,FALSE,0,NA,NA,0.7686,0.6461,0.8689
"MYEV","42026_SE",42026,"SE","Northern Region",55.81797,-121.66405,2020,FALSE,0,NA,NA,0.6591,0.5176,0.796
"MYEV","42026_SE",42026,"SE","Northern Region",55.81797,-121.66405,2021,FALSE,0,NA,NA,0.7785,0.6606,0.876
"MYEV","42026_SE",42026,"SE","Northern Region",55.81797,-121.66405,2022,TRUE,4,0,0.2933,0.8634,0.7692,0.9405
"MYEV","42026_SE",42026,"SE","Northern Region",55.81797,-121.66405,2023,FALSE,0,NA,NA,0.8135,0.6971,0.906
"MYEV","42026_SE",42026,"SE","Northern Region",55.81797,-121.66405,2024,TRUE,4,1,1,0.8457,0.754,0.9226
"MYEV","42026_SE",42026,"SE","Northern Region",55.81797,-121.66405,2025,TRUE,4,0,0.2256,0.8405,0.738,0.9222
"MYEV","42026_SW",42026,"SW","Northern Region",55.81131,-121.70131,2017,FALSE,0,NA,NA,0.7812,0.519,0.9607
"MYEV","42026_SW",42026,"SW","Northern Region",55.81131,-121.70131,2018,FALSE,0,NA,NA,0.7706,0.6243,0.8908
"MYEV","42026_SW",42026,"SW","Northern Region",55.81131,-121.70131,2019,FALSE,0,NA,NA,0.7649,0.6431,0.8671
"MYEV","42026_SW",42026,"SW","Northern Region",55.81131,-121.70131,2020,FALSE,0,NA,NA,0.6566,0.5157,0.7923
"MYEV","42026_SW",42026,"SW","Northern Region",55.81131,-121.70131,2021,FALSE,0,NA,NA,0.7691,0.6493,0.8711
"MYEV","42026_SW",42026,"SW","Northern Region",55.81131,-121.70131,2022,TRUE,4,1,1,0.8564,0.763,0.9363
"MYEV","42026_SW",42026,"SW","Northern Region",55.81131,-121.70131,2023,FALSE,0,NA,NA,0.8109,0.6945,0.9037
"MYEV","42026_SW",42026,"SW","Northern Region",55.81131,-121.70131,2024,TRUE,4,0,0.08,0.8412,0.7476,0.9205
"MYEV","42026_SW",42026,"SW","Northern Region",55.81131,-121.70131,2025,TRUE,4,0,0.0576,0.8363,0.7329,0.9198
"MYEV","47210_NW",47210,"NW","Okanagan Region",49.84159,-119.9783,2017,FALSE,0,NA,NA,0.808,0.4656,0.9824
"MYEV","47210_NW",47210,"NW","Okanagan Region",49.84159,-119.9783,2018,FALSE,0,NA,NA,0.8858,0.7076,0.9747
"MYEV","47210_NW",47210,"NW","Okanagan Region",49.84159,-119.9783,2019,FALSE,0,NA,NA,0.8843,0.7336,0.9746
"MYEV","47210_NW",47210,"NW","Okanagan Region",49.84159,-119.9783,2020,FALSE,0,NA,NA,0.8089,0.6014,0.958
"MYEV","47210_NW",47210,"NW","Okanagan Region",49.84159,-119.9783,2021,FALSE,0,NA,NA,0.9146,0.7942,0.982
"MYEV","47210_NW",47210,"NW","Okanagan Region",49.84159,-119.9783,2022,FALSE,0,NA,NA,0.9471,0.8522,0.9918
"MYEV","47210_NW",47210,"NW","Okanagan Region",49.84159,-119.9783,2023,TRUE,4,1,1,0.9092,0.7726,0.9827
"MYEV","47210_NW",47210,"NW","Okanagan Region",49.84159,-119.9783,2024,TRUE,4,1,1,0.9376,0.84,0.9881
"MYEV","47210_NW",47210,"NW","Okanagan Region",49.84159,-119.9783,2025,TRUE,4,1,1,0.9336,0.8283,0.988
"MYEV","47210_SE",47210,"SE","Okanagan Region",49.79638,-119.86985,2017,FALSE,0,NA,NA,0.8008,0.508,0.9752
"MYEV","47210_SE",47210,"SE","Okanagan Region",49.79638,-119.86985,2018,FALSE,0,NA,NA,0.8725,0.7358,0.9598
"MYEV","47210_SE",47210,"SE","Okanagan Region",49.79638,-119.86985,2019,FALSE,0,NA,NA,0.8796,0.7544,0.9615
"MYEV","47210_SE",47210,"SE","Okanagan Region",49.79638,-119.86985,2020,FALSE,0,NA,NA,0.8079,0.6329,0.9374
"MYEV","47210_SE",47210,"SE","Okanagan Region",49.79638,-119.86985,2021,FALSE,0,NA,NA,0.8955,0.7774,0.969
"MYEV","47210_SE",47210,"SE","Okanagan Region",49.79638,-119.86985,2022,FALSE,0,NA,NA,0.9393,0.8531,0.9858
"MYEV","47210_SE",47210,"SE","Okanagan Region",49.79638,-119.86985,2023,TRUE,4,1,1,0.91,0.8067,0.9742
"MYEV","47210_SE",47210,"SE","Okanagan Region",49.79638,-119.86985,2024,TRUE,4,1,1,0.932,0.8516,0.9804
"MYEV","47210_SE",47210,"SE","Okanagan Region",49.79638,-119.86985,2025,TRUE,4,1,1,0.9297,0.845,0.9806
"MYEV","47210_SW",47210,"SW","Okanagan Region",49.79097,-119.95267,2017,FALSE,0,NA,NA,0.8129,0.484,0.9821
"MYEV","47210_SW",47210,"SW","Okanagan Region",49.79097,-119.95267,2018,FALSE,0,NA,NA,0.838,0.6897,0.9431
"MYEV","47210_SW",47210,"SW","Okanagan Region",49.79097,-119.95267,2019,FALSE,0,NA,NA,0.8319,0.7097,0.9245
"MYEV","47210_SW",47210,"SW","Okanagan Region",49.79097,-119.95267,2020,FALSE,0,NA,NA,0.7334,0.5836,0.8728
"MYEV","47210_SW",47210,"SW","Okanagan Region",49.79097,-119.95267,2021,FALSE,0,NA,NA,0.8675,0.7637,0.9451
"MYEV","47210_SW",47210,"SW","Okanagan Region",49.79097,-119.95267,2022,FALSE,0,NA,NA,0.918,0.8264,0.9768
"MYEV","47210_SW",47210,"SW","Okanagan Region",49.79097,-119.95267,2023,TRUE,4,1,1,0.8636,0.7429,0.9475
"MYEV","47210_SW",47210,"SW","Okanagan Region",49.79097,-119.95267,2024,FALSE,0,NA,NA,0.902,0.8164,0.964
"MYEV","47210_SW",47210,"SW","Okanagan Region",49.79097,-119.95267,2025,TRUE,4,1,1,0.897,0.8063,0.9613
"MYEV","47322_NE",47322,"NE","Northern Region",55.69808,-120.43213,2017,TRUE,4,1,1,0.7491,0.483,0.9532
"MYEV","47322_NE",47322,"NE","Northern Region",55.69808,-120.43213,2018,TRUE,4,1,1,0.7851,0.6293,0.9049
"MYEV","47322_NE",47322,"NE","Northern Region",55.69808,-120.43213,2019,TRUE,4,0,0.2433,0.7877,0.6555,0.8957
"MYEV","47322_NE",47322,"NE","Northern Region",55.69808,-120.43213,2020,TRUE,4,1,1,0.6854,0.5244,0.8385
"MYEV","47322_NE",47322,"NE","Northern Region",55.69808,-120.43213,2021,TRUE,4,1,1,0.8031,0.6742,0.905
"MYEV","47322_NE",47322,"NE","Northern Region",55.69808,-120.43213,2022,TRUE,4,1,1,0.8791,0.7791,0.9542
"MYEV","47322_NE",47322,"NE","Northern Region",55.69808,-120.43213,2023,FALSE,0,NA,NA,0.8319,0.7083,0.9256
"MYEV","47322_NE",47322,"NE","Northern Region",55.69808,-120.43213,2024,TRUE,4,1,1,0.8637,0.7664,0.9385
"MYEV","47322_NE",47322,"NE","Northern Region",55.69808,-120.43213,2025,TRUE,4,1,1,0.859,0.7501,0.9417
"MYEV","47322_NW",47322,"NW","Northern Region",55.70016,-120.48989,2017,TRUE,4,0,0.2324,0.7454,0.4931,0.9467
"MYEV","47322_NW",47322,"NW","Northern Region",55.70016,-120.48989,2018,FALSE,0,NA,NA,0.7436,0.5949,0.8738
"MYEV","47322_NW",47322,"NW","Northern Region",55.70016,-120.48989,2019,TRUE,4,1,1,0.7406,0.6186,0.8486
"MYEV","47322_NW",47322,"NW","Northern Region",55.70016,-120.48989,2020,TRUE,4,0,0.2067,0.6332,0.4868,0.776
"MYEV","47322_NW",47322,"NW","Northern Region",55.70016,-120.48989,2021,TRUE,4,1,1,0.7336,0.6014,0.8473
"MYEV","47322_NW",47322,"NW","Northern Region",55.70016,-120.48989,2022,TRUE,4,1,1,0.8267,0.7132,0.9204
"MYEV","47322_NW",47322,"NW","Northern Region",55.70016,-120.48989,2023,FALSE,0,NA,NA,0.7892,0.6662,0.893
"MYEV","47322_NW",47322,"NW","Northern Region",55.70016,-120.48989,2024,TRUE,4,1,1,0.8178,0.7121,0.906
"MYEV","47322_NW",47322,"NW","Northern Region",55.70016,-120.48989,2025,FALSE,0,NA,NA,0.8134,0.6971,0.9064
"MYEV","47322_SE",47322,"SE","Northern Region",55.64597,-120.40102,2017,TRUE,4,1,1,0.7363,0.4544,0.9511
"MYEV","47322_SE",47322,"SE","Northern Region",55.64597,-120.40102,2018,TRUE,4,1,1,0.7758,0.6164,0.9017
"MYEV","47322_SE",47322,"SE","Northern Region",55.64597,-120.40102,2019,TRUE,4,1,1,0.7817,0.6446,0.8938
"MYEV","47322_SE",47322,"SE","Northern Region",55.64597,-120.40102,2020,TRUE,2,0,0.3842,0.6818,0.5154,0.8401
"MYEV","47322_SE",47322,"SE","Northern Region",55.64597,-120.40102,2021,FALSE,0,NA,NA,0.7918,0.6547,0.8993
"MYEV","47322_SE",47322,"SE","Northern Region",55.64597,-120.40102,2022,TRUE,4,1,1,0.8705,0.7584,0.95
"MYEV","47322_SE",47322,"SE","Northern Region",55.64597,-120.40102,2023,FALSE,0,NA,NA,0.8281,0.6988,0.9253
"MYEV","47322_SE",47322,"SE","Northern Region",55.64597,-120.40102,2024,FALSE,0,NA,NA,0.858,0.7537,0.9372
"MYEV","47322_SE",47322,"SE","Northern Region",55.64597,-120.40102,2025,FALSE,0,NA,NA,0.8537,0.7383,0.9397
"MYEV","47322_SW",47322,"SW","Northern Region",55.65446,-120.49465,2017,TRUE,4,1,1,0.7761,0.5267,0.957
"MYEV","47322_SW",47322,"SW","Northern Region",55.65446,-120.49465,2018,TRUE,4,1,1,0.7787,0.6344,0.896
"MYEV","47322_SW",47322,"SW","Northern Region",55.65446,-120.49465,2019,TRUE,2,1,1,0.7755,0.6587,0.8726
"MYEV","47322_SW",47322,"SW","Northern Region",55.65446,-120.49465,2020,TRUE,4,1,1,0.6686,0.527,0.8045
"MYEV","47322_SW",47322,"SW","Northern Region",55.65446,-120.49465,2021,TRUE,4,1,1,0.7825,0.6665,0.8775
"MYEV","47322_SW",47322,"SW","Northern Region",55.65446,-120.49465,2022,TRUE,4,1,1,0.8664,0.7758,0.9404
"MYEV","47322_SW",47322,"SW","Northern Region",55.65446,-120.49465,2023,FALSE,0,NA,NA,0.821,0.712,0.9083
"MYEV","47322_SW",47322,"SW","Northern Region",55.65446,-120.49465,2024,TRUE,4,1,1,0.8511,0.7665,0.9224
"MYEV","47322_SW",47322,"SW","Northern Region",55.65446,-120.49465,2025,TRUE,3,1,1,0.8464,0.7541,0.9241
"MYEV","57322_NE",57322,"NE","South Coastal Region",49.09454,-122.09881,2017,TRUE,4,0,0.01,0.447,0.1932,0.7283
"MYEV","57322_NE",57322,"NE","South Coastal Region",49.09454,-122.09881,2018,TRUE,2,0,0.0149,0.5087,0.319,0.7035
"MYEV","57322_NE",57322,"NE","South Coastal Region",49.09454,-122.09881,2019,TRUE,4,0,0.0067,0.5637,0.395,0.7241
"MYEV","57322_NE",57322,"NE","South Coastal Region",49.09454,-122.09881,2020,TRUE,4,0,0.0038,0.5333,0.3747,0.6885
"MYEV","57322_NE",57322,"NE","South Coastal Region",49.09454,-122.09881,2021,TRUE,4,0,0.028,0.5832,0.4123,0.7366
"MYEV","57322_NE",57322,"NE","South Coastal Region",49.09454,-122.09881,2022,TRUE,3,1,1,0.6598,0.4812,0.8135
"MYEV","57322_NE",57322,"NE","South Coastal Region",49.09454,-122.09881,2023,TRUE,4,1,1,0.6751,0.496,0.8235
"MYEV","57322_NE",57322,"NE","South Coastal Region",49.09454,-122.09881,2024,FALSE,0,NA,NA,0.7023,0.5229,0.8471
"MYEV","57322_NE",57322,"NE","South Coastal Region",49.09454,-122.09881,2025,FALSE,0,NA,NA,0.7108,0.5277,0.8591
"MYEV","57322_NW",57322,"NW","South Coastal Region",49.07915,-122.16077,2017,TRUE,4,0,0.0284,0.5216,0.2586,0.7982
"MYEV","57322_NW",57322,"NW","South Coastal Region",49.07915,-122.16077,2018,TRUE,4,0,0.0156,0.621,0.4454,0.7849
"MYEV","57322_NW",57322,"NW","South Coastal Region",49.07915,-122.16077,2019,TRUE,4,0,0.0144,0.6917,0.557,0.8127
"MYEV","57322_NW",57322,"NW","South Coastal Region",49.07915,-122.16077,2020,TRUE,4,0,0.0118,0.652,0.5173,0.7763
"MYEV","57322_NW",57322,"NW","South Coastal Region",49.07915,-122.16077,2021,TRUE,4,0,0.0451,0.7132,0.5805,0.8262
"MYEV","57322_NW",57322,"NW","South Coastal Region",49.07915,-122.16077,2022,TRUE,4,1,1,0.7931,0.674,0.8898
"MYEV","57322_NW",57322,"NW","South Coastal Region",49.07915,-122.16077,2023,FALSE,0,NA,NA,0.7953,0.6791,0.8885
"MYEV","57322_NW",57322,"NW","South Coastal Region",49.07915,-122.16077,2024,FALSE,0,NA,NA,0.8179,0.7018,0.9069
"MYEV","57322_NW",57322,"NW","South Coastal Region",49.07915,-122.16077,2025,TRUE,4,1,1,0.8206,0.7034,0.9116
"MYEV","57322_SE",57322,"SE","South Coastal Region",49.0141,-122.09198,2017,FALSE,0,NA,NA,0.4294,0.138,0.7667
"MYEV","57322_SE",57322,"SE","South Coastal Region",49.0141,-122.09198,2018,TRUE,3,0,0.0327,0.5456,0.3259,0.7556
"MYEV","57322_SE",57322,"SE","South Coastal Region",49.0141,-122.09198,2019,TRUE,3,0,0.0256,0.6261,0.4375,0.7961
"MYEV","57322_SE",57322,"SE","South Coastal Region",49.0141,-122.09198,2020,TRUE,4,0,0.0627,0.5937,0.4114,0.7624
"MYEV","57322_SE",57322,"SE","South Coastal Region",49.0141,-122.09198,2021,TRUE,4,1,1,0.6551,0.4636,0.8171
"MYEV","57322_SE",57322,"SE","South Coastal Region",49.0141,-122.09198,2022,TRUE,4,0,0.5944,0.7378,0.5466,0.8861
"MYEV","57322_SE",57322,"SE","South Coastal Region",49.0141,-122.09198,2023,TRUE,4,1,1,0.7432,0.559,0.8815
"MYEV","57322_SE",57322,"SE","South Coastal Region",49.0141,-122.09198,2024,FALSE,0,NA,NA,0.7687,0.5873,0.8998
"MYEV","57322_SE",57322,"SE","South Coastal Region",49.0141,-122.09198,2025,TRUE,4,1,1,0.7734,0.5884,0.9027
"MYEV","57322_SW",57322,"SW","South Coastal Region",49.01663,-122.15131,2017,FALSE,0,NA,NA,0.5486,0.224,0.8753
"MYEV","57322_SW",57322,"SW","South Coastal Region",49.01663,-122.15131,2018,TRUE,4,1,1,0.6535,0.45,0.8259
"MYEV","57322_SW",57322,"SW","South Coastal Region",49.01663,-122.15131,2019,TRUE,4,0,0.1224,0.7144,0.5579,0.8447
"MYEV","57322_SW",57322,"SW","South Coastal Region",49.01663,-122.15131,2020,TRUE,4,0,0.0171,0.6529,0.4866,0.8063
"MYEV","57322_SW",57322,"SW","South Coastal Region",49.01663,-122.15131,2021,TRUE,4,0,0.0413,0.726,0.5564,0.8594
"MYEV","57322_SW",57322,"SW","South Coastal Region",49.01663,-122.15131,2022,TRUE,4,1,1,0.8099,0.6624,0.9179
"MYEV","57322_SW",57322,"SW","South Coastal Region",49.01663,-122.15131,2023,TRUE,3,1,1,0.7987,0.6484,0.9096
"MYEV","57322_SW",57322,"SW","South Coastal Region",49.01663,-122.15131,2024,FALSE,0,NA,NA,0.8216,0.6761,0.9247
"MYEV","57322_SW",57322,"SW","South Coastal Region",49.01663,-122.15131,2025,TRUE,2,1,1,0.8211,0.6743,0.9252
"MYEV","58842_NW",58842,"NW","Northern Region",54.79952,-121.1886,2017,FALSE,0,NA,NA,0.7544,0.5077,0.9495
"MYEV","58842_NW",58842,"NW","Northern Region",54.79952,-121.1886,2018,FALSE,0,NA,NA,0.8188,0.6253,0.9407
"MYEV","58842_NW",58842,"NW","Northern Region",54.79952,-121.1886,2019,FALSE,0,NA,NA,0.8281,0.6546,0.9473
"MYEV","58842_NW",58842,"NW","Northern Region",54.79952,-121.1886,2020,FALSE,0,NA,NA,0.7411,0.5168,0.93
"MYEV","58842_NW",58842,"NW","Northern Region",54.79952,-121.1886,2021,FALSE,0,NA,NA,0.8504,0.6929,0.96
"MYEV","58842_NW",58842,"NW","Northern Region",54.79952,-121.1886,2022,FALSE,0,NA,NA,0.9071,0.7779,0.9803
"MYEV","58842_NW",58842,"NW","Northern Region",54.79952,-121.1886,2023,FALSE,0,NA,NA,0.8657,0.6958,0.9693
"MYEV","58842_NW",58842,"NW","Northern Region",54.79952,-121.1886,2024,TRUE,4,1,1,0.8958,0.7584,0.9757
"MYEV","58842_NW",58842,"NW","Northern Region",54.79952,-121.1886,2025,TRUE,4,1,1,0.891,0.7458,0.9751
"MYEV","58842_SE",58842,"SE","Northern Region",54.73781,-121.16052,2017,FALSE,0,NA,NA,0.746,0.4677,0.9547
"MYEV","58842_SE",58842,"SE","Northern Region",54.73781,-121.16052,2018,FALSE,0,NA,NA,0.8327,0.6461,0.9465
"MYEV","58842_SE",58842,"SE","Northern Region",54.73781,-121.16052,2019,FALSE,0,NA,NA,0.8431,0.6765,0.9545
"MYEV","58842_SE",58842,"SE","Northern Region",54.73781,-121.16052,2020,FALSE,0,NA,NA,0.7598,0.5425,0.9355
"MYEV","58842_SE",58842,"SE","Northern Region",54.73781,-121.16052,2021,FALSE,0,NA,NA,0.868,0.7233,0.9644
"MYEV","58842_SE",58842,"SE","Northern Region",54.73781,-121.16052,2022,FALSE,0,NA,NA,0.9195,0.801,0.9831
"MYEV","58842_SE",58842,"SE","Northern Region",54.73781,-121.16052,2023,FALSE,0,NA,NA,0.8794,0.7243,0.9717
"MYEV","58842_SE",58842,"SE","Northern Region",54.73781,-121.16052,2024,TRUE,4,1,1,0.9083,0.7893,0.978
"MYEV","58842_SE",58842,"SE","Northern Region",54.73781,-121.16052,2025,TRUE,4,1,1,0.9039,0.7777,0.9795
"MYEV","58842_SW",58842,"SW","Northern Region",54.75716,-121.25541,2017,FALSE,0,NA,NA,0.7333,0.427,0.9556
"MYEV","58842_SW",58842,"SW","Northern Region",54.75716,-121.25541,2018,FALSE,0,NA,NA,0.8242,0.6326,0.9432
"MYEV","58842_SW",58842,"SW","Northern Region",54.75716,-121.25541,2019,FALSE,0,NA,NA,0.8361,0.6628,0.9523
"MYEV","58842_SW",58842,"SW","Northern Region",54.75716,-121.25541,2020,FALSE,0,NA,NA,0.7522,0.5296,0.9334
"MYEV","58842_SW",58842,"SW","Northern Region",54.75716,-121.25541,2021,FALSE,0,NA,NA,0.8614,0.7109,0.9626
"MYEV","58842_SW",58842,"SW","Northern Region",54.75716,-121.25541,2022,FALSE,0,NA,NA,0.9146,0.7865,0.9822
"MYEV","58842_SW",58842,"SW","Northern Region",54.75716,-121.25541,2023,FALSE,0,NA,NA,0.8737,0.7086,0.9715
"MYEV","58842_SW",58842,"SW","Northern Region",54.75716,-121.25541,2024,TRUE,4,0,0.084,0.9035,0.7763,0.9772
"MYEV","58842_SW",58842,"SW","Northern Region",54.75716,-121.25541,2025,TRUE,4,0,0.0507,0.8989,0.7634,0.9784
"MYEV","5994_NE",5994,"NE","Kootenay Region",49.26067,-115.24894,2017,FALSE,0,NA,NA,0.7115,0.4652,0.9107
"MYEV","5994_NE",5994,"NE","Kootenay Region",49.26067,-115.24894,2018,FALSE,0,NA,NA,0.8832,0.7565,0.9661
"MYEV","5994_NE",5994,"NE","Kootenay Region",49.26067,-115.24894,2019,FALSE,0,NA,NA,0.895,0.801,0.9589
"MYEV","5994_NE",5994,"NE","Kootenay Region",49.26067,-115.24894,2020,TRUE,4,1,1,0.8327,0.7101,0.9318
"MYEV","5994_NE",5994,"NE","Kootenay Region",49.26067,-115.24894,2021,TRUE,4,1,1,0.9178,0.8342,0.9721
"MYEV","5994_NE",5994,"NE","Kootenay Region",49.26067,-115.24894,2022,TRUE,4,1,1,0.9528,0.897,0.9877
"MYEV","5994_NE",5994,"NE","Kootenay Region",49.26067,-115.24894,2023,TRUE,4,1,1,0.9245,0.8518,0.9722
"MYEV","5994_NE",5994,"NE","Kootenay Region",49.26067,-115.24894,2024,TRUE,4,1,1,0.9457,0.8894,0.982
"MYEV","5994_NE",5994,"NE","Kootenay Region",49.26067,-115.24894,2025,FALSE,0,NA,NA,0.9431,0.885,0.9812
"MYEV","5994_SE",5994,"SE","Kootenay Region",49.21228,-115.26277,2017,FALSE,0,NA,NA,0.6768,0.4231,0.8925
"MYEV","5994_SE",5994,"SE","Kootenay Region",49.21228,-115.26277,2018,FALSE,0,NA,NA,0.8583,0.7079,0.9596
"MYEV","5994_SE",5994,"SE","Kootenay Region",49.21228,-115.26277,2019,FALSE,0,NA,NA,0.8735,0.761,0.9491
"MYEV","5994_SE",5994,"SE","Kootenay Region",49.21228,-115.26277,2020,TRUE,4,1,1,0.8073,0.6724,0.916
"MYEV","5994_SE",5994,"SE","Kootenay Region",49.21228,-115.26277,2021,TRUE,4,1,1,0.8979,0.7908,0.9654
"MYEV","5994_SE",5994,"SE","Kootenay Region",49.21228,-115.26277,2022,TRUE,4,1,1,0.9396,0.8625,0.9848
"MYEV","5994_SE",5994,"SE","Kootenay Region",49.21228,-115.26277,2023,TRUE,4,1,1,0.909,0.8194,0.9683
"MYEV","5994_SE",5994,"SE","Kootenay Region",49.21228,-115.26277,2024,TRUE,4,1,1,0.9328,0.8618,0.978
"MYEV","5994_SE",5994,"SE","Kootenay Region",49.21228,-115.26277,2025,FALSE,0,NA,NA,0.9301,0.8559,0.9771
"MYEV","60586_NW",60586,"NW","Kootenay Region",50.93041,-116.39001,2017,FALSE,0,NA,NA,0.6951,0.4605,0.8952
"MYEV","60586_NW",60586,"NW","Kootenay Region",50.93041,-116.39001,2018,FALSE,0,NA,NA,0.8517,0.7147,0.9527
"MYEV","60586_NW",60586,"NW","Kootenay Region",50.93041,-116.39001,2019,FALSE,0,NA,NA,0.8594,0.7545,0.9383
"MYEV","60586_NW",60586,"NW","Kootenay Region",50.93041,-116.39001,2020,TRUE,4,1,1,0.7819,0.6497,0.8936
"MYEV","60586_NW",60586,"NW","Kootenay Region",50.93041,-116.39001,2021,TRUE,4,1,1,0.8867,0.7876,0.9575
"MYEV","60586_NW",60586,"NW","Kootenay Region",50.93041,-116.39001,2022,TRUE,4,1,1,0.9322,0.8578,0.9816
"MYEV","60586_NW",60586,"NW","Kootenay Region",50.93041,-116.39001,2023,TRUE,4,1,1,0.8941,0.8007,0.96
"MYEV","60586_NW",60586,"NW","Kootenay Region",50.93041,-116.39001,2024,TRUE,4,1,1,0.9264,0.8558,0.974
"MYEV","60586_NW",60586,"NW","Kootenay Region",50.93041,-116.39001,2025,TRUE,4,1,1,0.9236,0.8537,0.9727
"MYEV","60586_SW",60586,"SW","Kootenay Region",50.90342,-116.39335,2017,FALSE,0,NA,NA,0.7497,0.3028,0.979
"MYEV","60586_SW",60586,"SW","Kootenay Region",50.90342,-116.39335,2018,FALSE,0,NA,NA,0.8803,0.7096,0.9711
"MYEV","60586_SW",60586,"SW","Kootenay Region",50.90342,-116.39335,2019,FALSE,0,NA,NA,0.8777,0.7333,0.9652
"MYEV","60586_SW",60586,"SW","Kootenay Region",50.90342,-116.39335,2020,TRUE,4,1,1,0.8035,0.6295,0.9366
"MYEV","60586_SW",60586,"SW","Kootenay Region",50.90342,-116.39335,2021,TRUE,4,1,1,0.9135,0.8138,0.976
"MYEV","60586_SW",60586,"SW","Kootenay Region",50.90342,-116.39335,2022,TRUE,4,1,1,0.9464,0.8633,0.9898
"MYEV","60586_SW",60586,"SW","Kootenay Region",50.90342,-116.39335,2023,TRUE,3,0,0.3433,0.9047,0.7763,0.9748
"MYEV","60586_SW",60586,"SW","Kootenay Region",50.90342,-116.39335,2024,TRUE,4,1,1,0.9355,0.8467,0.984
"MYEV","60586_SW",60586,"SW","Kootenay Region",50.90342,-116.39335,2025,TRUE,4,1,1,0.9307,0.8328,0.9839
"MYEV","6202_NE",6202,"NE","South Coastal Region",48.53741,-123.50119,2017,FALSE,0,NA,NA,0.5174,0.2835,0.766
"MYEV","6202_NE",6202,"NE","South Coastal Region",48.53741,-123.50119,2018,TRUE,4,0,0.2236,0.6394,0.4751,0.7798
"MYEV","6202_NE",6202,"NE","South Coastal Region",48.53741,-123.50119,2019,TRUE,4,1,1,0.7089,0.5833,0.825
"MYEV","6202_NE",6202,"NE","South Coastal Region",48.53741,-123.50119,2020,FALSE,0,NA,NA,0.6483,0.5118,0.781
"MYEV","6202_NE",6202,"NE","South Coastal Region",48.53741,-123.50119,2021,TRUE,4,1,1,0.7228,0.5917,0.833
"MYEV","6202_NE",6202,"NE","South Coastal Region",48.53741,-123.50119,2022,TRUE,4,1,1,0.8122,0.7005,0.9036
"MYEV","6202_NE",6202,"NE","South Coastal Region",48.53741,-123.50119,2023,TRUE,4,1,1,0.8024,0.6886,0.8954
"MYEV","6202_NE",6202,"NE","South Coastal Region",48.53741,-123.50119,2024,TRUE,3,0,0.3711,0.8286,0.7229,0.9139
"MYEV","6202_NE",6202,"NE","South Coastal Region",48.53741,-123.50119,2025,FALSE,0,NA,NA,0.8299,0.7188,0.9165
"MYEV","6202_NW",6202,"NW","South Coastal Region",48.50788,-123.60088,2017,FALSE,0,NA,NA,0.5332,0.2483,0.8232
"MYEV","6202_NW",6202,"NW","South Coastal Region",48.50788,-123.60088,2018,TRUE,4,0,0.4191,0.7743,0.5847,0.9034
"MYEV","6202_NW",6202,"NW","South Coastal Region",48.50788,-123.60088,2019,TRUE,3,1,1,0.8345,0.706,0.9322
"MYEV","6202_NW",6202,"NW","South Coastal Region",48.50788,-123.60088,2020,TRUE,4,0,0.3984,0.7674,0.6064,0.9014
"MYEV","6202_NW",6202,"NW","South Coastal Region",48.50788,-123.60088,2021,TRUE,4,1,1,0.8567,0.7272,0.9441
"MYEV","6202_NW",6202,"NW","South Coastal Region",48.50788,-123.60088,2022,TRUE,2,0,0.8651,0.9156,0.8257,0.9743
"MYEV","6202_NW",6202,"NW","South Coastal Region",48.50788,-123.60088,2023,TRUE,3,1,1,0.8889,0.7891,0.9568
"MYEV","6202_NW",6202,"NW","South Coastal Region",48.50788,-123.60088,2024,FALSE,0,NA,NA,0.9098,0.8217,0.9666
"MYEV","6202_NW",6202,"NW","South Coastal Region",48.50788,-123.60088,2025,FALSE,0,NA,NA,0.9074,0.8159,0.9686
"MYEV","6202_SE",6202,"SE","South Coastal Region",48.48934,-123.5079,2017,FALSE,0,NA,NA,0.5122,0.2838,0.7537
"MYEV","6202_SE",6202,"SE","South Coastal Region",48.48934,-123.5079,2018,TRUE,4,1,1,0.6135,0.462,0.7546
"MYEV","6202_SE",6202,"SE","South Coastal Region",48.48934,-123.5079,2019,TRUE,4,0,0.1536,0.6797,0.5632,0.7953
"MYEV","6202_SE",6202,"SE","South Coastal Region",48.48934,-123.5079,2020,FALSE,0,NA,NA,0.6216,0.4931,0.7475
"MYEV","6202_SE",6202,"SE","South Coastal Region",48.48934,-123.5079,2021,TRUE,4,0,0.1802,0.6911,0.563,0.8026
"MYEV","6202_SE",6202,"SE","South Coastal Region",48.48934,-123.5079,2022,TRUE,4,1,1,0.7865,0.6771,0.8793
"MYEV","6202_SE",6202,"SE","South Coastal Region",48.48934,-123.5079,2023,FALSE,0,NA,NA,0.7949,0.691,0.8841
"MYEV","6202_SE",6202,"SE","South Coastal Region",48.48934,-123.5079,2024,FALSE,0,NA,NA,0.8229,0.7235,0.905
"MYEV","6202_SE",6202,"SE","South Coastal Region",48.48934,-123.5079,2025,FALSE,0,NA,NA,0.8262,0.7242,0.908
"MYEV","6202_SW",6202,"SW","South Coastal Region",48.48637,-123.54913,2017,FALSE,0,NA,NA,0.4826,0.2566,0.7155
"MYEV","6202_SW",6202,"SW","South Coastal Region",48.48637,-123.54913,2018,TRUE,4,1,1,0.559,0.4,0.7152
"MYEV","6202_SW",6202,"SW","South Coastal Region",48.48637,-123.54913,2019,TRUE,4,1,1,0.6223,0.4894,0.7477
"MYEV","6202_SW",6202,"SW","South Coastal Region",48.48637,-123.54913,2020,TRUE,4,1,1,0.588,0.4566,0.7152
"MYEV","6202_SW",6202,"SW","South Coastal Region",48.48637,-123.54913,2021,TRUE,4,1,1,0.6413,0.503,0.7629
"MYEV","6202_SW",6202,"SW","South Coastal Region",48.48637,-123.54913,2022,TRUE,4,1,1,0.7213,0.5881,0.8362
"MYEV","6202_SW",6202,"SW","South Coastal Region",48.48637,-123.54913,2023,FALSE,0,NA,NA,0.7324,0.598,0.8453
"MYEV","6202_SW",6202,"SW","South Coastal Region",48.48637,-123.54913,2024,TRUE,3,1,1,0.7586,0.6212,0.8677
"MYEV","6202_SW",6202,"SW","South Coastal Region",48.48637,-123.54913,2025,TRUE,4,1,1,0.7715,0.634,0.8806
"MYEV","70250_NW",70250,"NW","Kootenay Region",51.24583,-116.91793,2017,FALSE,0,NA,NA,0.674,0.4192,0.8918
"MYEV","70250_NW",70250,"NW","Kootenay Region",51.24583,-116.91793,2018,FALSE,0,NA,NA,0.8362,0.6803,0.9492
"MYEV","70250_NW",70250,"NW","Kootenay Region",51.24583,-116.91793,2019,FALSE,0,NA,NA,0.8498,0.7354,0.9358
"MYEV","70250_NW",70250,"NW","Kootenay Region",51.24583,-116.91793,2020,TRUE,4,1,1,0.7751,0.6355,0.8916
"MYEV","70250_NW",70250,"NW","Kootenay Region",51.24583,-116.91793,2021,TRUE,4,1,1,0.875,0.7573,0.9553
"MYEV","70250_NW",70250,"NW","Kootenay Region",51.24583,-116.91793,2022,TRUE,4,1,1,0.9244,0.8372,0.9797
"MYEV","70250_NW",70250,"NW","Kootenay Region",51.24583,-116.91793,2023,TRUE,4,1,1,0.889,0.7872,0.9582
"MYEV","70250_NW",70250,"NW","Kootenay Region",51.24583,-116.91793,2024,TRUE,4,1,1,0.9199,0.8398,0.9729
"MYEV","70250_NW",70250,"NW","Kootenay Region",51.24583,-116.91793,2025,TRUE,4,1,1,0.9176,0.8367,0.9709
"MYEV","70250_SW",70250,"SW","Kootenay Region",51.20982,-116.89974,2017,FALSE,0,NA,NA,0.7227,0.4537,0.9226
"MYEV","70250_SW",70250,"SW","Kootenay Region",51.20982,-116.89974,2018,FALSE,0,NA,NA,0.8677,0.7392,0.9571
"MYEV","70250_SW",70250,"SW","Kootenay Region",51.20982,-116.89974,2019,FALSE,0,NA,NA,0.8716,0.7675,0.9466
"MYEV","70250_SW",70250,"SW","Kootenay Region",51.20982,-116.89974,2020,TRUE,4,0,0.3078,0.7961,0.665,0.9058
"MYEV","70250_SW",70250,"SW","Kootenay Region",51.20982,-116.89974,2021,TRUE,4,1,1,0.9004,0.8104,0.9636
"MYEV","70250_SW",70250,"SW","Kootenay Region",51.20982,-116.89974,2022,TRUE,4,0,0.5431,0.9409,0.8766,0.9844
"MYEV","70250_SW",70250,"SW","Kootenay Region",51.20982,-116.89974,2023,FALSE,0,NA,NA,0.9028,0.8116,0.9638
"MYEV","70250_SW",70250,"SW","Kootenay Region",51.20982,-116.89974,2024,FALSE,0,NA,NA,0.9308,0.8626,0.9765
"MYEV","70250_SW",70250,"SW","Kootenay Region",51.20982,-116.89974,2025,TRUE,4,0,0.1973,0.9271,0.8573,0.9755
"MYEV","73002_NE",73002,"NE","Okanagan Region",50.85067,-121.87219,2017,TRUE,4,0,0.1993,0.7863,0.494,0.9735
"MYEV","73002_NE",73002,"NE","Okanagan Region",50.85067,-121.87219,2018,TRUE,4,0,0.2418,0.7889,0.6198,0.9177
"MYEV","73002_NE",73002,"NE","Okanagan Region",50.85067,-121.87219,2019,TRUE,4,1,1,0.7907,0.6596,0.8959
"MYEV","73002_NE",73002,"NE","Okanagan Region",50.85067,-121.87219,2020,TRUE,4,0,0.0338,0.7163,0.5668,0.8438
"MYEV","73002_NE",73002,"NE","Okanagan Region",50.85067,-121.87219,2021,TRUE,4,0,0.006,0.7641,0.6217,0.8786
"MYEV","73002_NE",73002,"NE","Okanagan Region",50.85067,-121.87219,2022,TRUE,4,0,0.0667,0.8304,0.6963,0.9286
"MYEV","73002_NE",73002,"NE","Okanagan Region",50.85067,-121.87219,2023,FALSE,0,NA,NA,0.8244,0.6895,0.9245
"MYEV","73002_NE",73002,"NE","Okanagan Region",50.85067,-121.87219,2024,TRUE,4,1,1,0.8439,0.7169,0.9345
"MYEV","73002_NE",73002,"NE","Okanagan Region",50.85067,-121.87219,2025,TRUE,4,1,1,0.8454,0.7216,0.9337
"MYEV","73002_SE",73002,"SE","Okanagan Region",50.82484,-121.86896,2017,TRUE,4,1,1,0.7804,0.4803,0.9737
"MYEV","73002_SE",73002,"SE","Okanagan Region",50.82484,-121.86896,2018,TRUE,4,0,0.2202,0.7635,0.5828,0.9092
"MYEV","73002_SE",73002,"SE","Okanagan Region",50.82484,-121.86896,2019,TRUE,4,0,0.0649,0.7575,0.5901,0.888
"MYEV","73002_SE",73002,"SE","Okanagan Region",50.82484,-121.86896,2020,TRUE,4,0,0.0096,0.6666,0.4668,0.8387
"MYEV","73002_SE",73002,"SE","Okanagan Region",50.82484,-121.86896,2021,TRUE,4,0,0.0089,0.7306,0.5421,0.8778
"MYEV","73002_SE",73002,"SE","Okanagan Region",50.82484,-121.86896,2022,TRUE,4,0,0.0171,0.8088,0.6267,0.9308
"MYEV","73002_SE",73002,"SE","Okanagan Region",50.82484,-121.86896,2023,TRUE,4,0,0.0062,0.7929,0.6048,0.9214
"MYEV","73002_SE",73002,"SE","Okanagan Region",50.82484,-121.86896,2024,TRUE,4,0,0.0553,0.8161,0.6371,0.933
"MYEV","73002_SE",73002,"SE","Okanagan Region",50.82484,-121.86896,2025,TRUE,4,1,1,0.8158,0.6321,0.9325
"MYEV","73002_SW",73002,"SW","Okanagan Region",50.80422,-121.87782,2017,TRUE,4,0,0.3516,0.7834,0.4961,0.9714
"MYEV","73002_SW",73002,"SW","Okanagan Region",50.80422,-121.87782,2018,TRUE,4,1,1,0.7852,0.6322,0.9107
"MYEV","73002_SW",73002,"SW","Okanagan Region",50.80422,-121.87782,2019,TRUE,4,0,0.124,0.7864,0.6599,0.8879
"MYEV","73002_SW",73002,"SW","Okanagan Region",50.80422,-121.87782,2020,TRUE,4,0,0.0773,0.6993,0.5457,0.8321
"MYEV","73002_SW",73002,"SW","Okanagan Region",50.80422,-121.87782,2021,TRUE,4,1,1,0.7673,0.6338,0.8757
"MYEV","73002_SW",73002,"SW","Okanagan Region",50.80422,-121.87782,2022,TRUE,4,1,1,0.8442,0.7248,0.9322
"MYEV","73002_SW",73002,"SW","Okanagan Region",50.80422,-121.87782,2023,TRUE,3,0,0.4893,0.8275,0.697,0.9242
"MYEV","73002_SW",73002,"SW","Okanagan Region",50.80422,-121.87782,2024,TRUE,4,1,1,0.8496,0.7317,0.9353
"MYEV","73002_SW",73002,"SW","Okanagan Region",50.80422,-121.87782,2025,TRUE,4,1,1,0.8492,0.7291,0.9326
"MYEV","73786_NW",73786,"NW","South Coastal Region",49.12334,-123.06198,2017,TRUE,4,0,0.0278,0.4726,0.2441,0.7111
"MYEV","73786_NW",73786,"NW","South Coastal Region",49.12334,-123.06198,2018,TRUE,4,0,0.0144,0.5201,0.3563,0.685
"MYEV","73786_NW",73786,"NW","South Coastal Region",49.12334,-123.06198,2019,TRUE,3,0,0.0258,0.5638,0.4139,0.7084
"MYEV","73786_NW",73786,"NW","South Coastal Region",49.12334,-123.06198,2020,TRUE,4,0,0.0036,0.5127,0.3618,0.6663
"MYEV","73786_NW",73786,"NW","South Coastal Region",49.12334,-123.06198,2021,TRUE,3,0,0.0069,0.5614,0.3993,0.7181
"MYEV","73786_NW",73786,"NW","South Coastal Region",49.12334,-123.06198,2022,TRUE,3,0,0.0051,0.6427,0.4714,0.7961
"MYEV","73786_NW",73786,"NW","South Coastal Region",49.12334,-123.06198,2023,TRUE,3,0,0.0011,0.6514,0.4772,0.8021
"MYEV","73786_NW",73786,"NW","South Coastal Region",49.12334,-123.06198,2024,TRUE,3,0,0.002,0.6788,0.4952,0.829
"MYEV","73786_NW",73786,"NW","South Coastal Region",49.12334,-123.06198,2025,TRUE,4,0,0.0038,0.6843,0.4982,0.8341
"MYEV","73786_SE",73786,"SE","South Coastal Region",49.12604,-123.00163,2017,TRUE,4,1,1,0.4328,0.1521,0.7502
"MYEV","73786_SE",73786,"SE","South Coastal Region",49.12604,-123.00163,2018,TRUE,2,0,0.3442,0.4715,0.2661,0.6974
"MYEV","73786_SE",73786,"SE","South Coastal Region",49.12604,-123.00163,2019,TRUE,2,0,0.1233,0.5092,0.3206,0.7004
"MYEV","73786_SE",73786,"SE","South Coastal Region",49.12604,-123.00163,2020,TRUE,4,0,0.0029,0.4647,0.2874,0.6481
"MYEV","73786_SE",73786,"SE","South Coastal Region",49.12604,-123.00163,2021,TRUE,3,0,0.0027,0.5045,0.3121,0.6942
"MYEV","73786_SE",73786,"SE","South Coastal Region",49.12604,-123.00163,2022,TRUE,4,0,0.002,0.5765,0.3673,0.7728
"MYEV","73786_SE",73786,"SE","South Coastal Region",49.12604,-123.00163,2023,TRUE,3,0,0.0016,0.5875,0.3735,0.7808
"MYEV","73786_SE",73786,"SE","South Coastal Region",49.12604,-123.00163,2024,TRUE,3,0,0.0011,0.6137,0.3903,0.8056
"MYEV","73786_SE",73786,"SE","South Coastal Region",49.12604,-123.00163,2025,TRUE,4,0,0.004,0.6207,0.397,0.8168
"MYEV","73786_SW",73786,"SW","South Coastal Region",49.10823,-123.07992,2017,FALSE,0,NA,NA,0.5798,0.1586,0.9481
"MYEV","73786_SW",73786,"SW","South Coastal Region",49.10823,-123.07992,2018,TRUE,2,0,0.2433,0.6563,0.4043,0.8619
"MYEV","73786_SW",73786,"SW","South Coastal Region",49.10823,-123.07992,2019,TRUE,3,0,0.1333,0.7023,0.505,0.8601
"MYEV","73786_SW",73786,"SW","South Coastal Region",49.10823,-123.07992,2020,TRUE,4,0,0.022,0.6289,0.4289,0.8145
"MYEV","73786_SW",73786,"SW","South Coastal Region",49.10823,-123.07992,2021,TRUE,3,0,0.0389,0.7097,0.4961,0.8715
"MYEV","73786_SW",73786,"SW","South Coastal Region",49.10823,-123.07992,2022,TRUE,3,0,0.0409,0.7973,0.6051,0.9237
"MYEV","73786_SW",73786,"SW","South Coastal Region",49.10823,-123.07992,2023,TRUE,3,0,0.0336,0.7793,0.5868,0.9158
"MYEV","73786_SW",73786,"SW","South Coastal Region",49.10823,-123.07992,2024,FALSE,0,NA,NA,0.8053,0.6173,0.9301
"MYEV","73786_SW",73786,"SW","South Coastal Region",49.10823,-123.07992,2025,TRUE,4,0,0.0384,0.8036,0.6026,0.9323
"MYEV","77162_NE",77162,"NE","Kootenay Region",50.95478,-118.09975,2017,TRUE,4,1,1,0.7011,0.2692,0.9723
"MYEV","77162_NE",77162,"NE","Kootenay Region",50.95478,-118.09975,2018,TRUE,4,0,0.1838,0.7963,0.5365,0.9551
"MYEV","77162_NE",77162,"NE","Kootenay Region",50.95478,-118.09975,2019,TRUE,4,1,1,0.7659,0.5778,0.9187
"MYEV","77162_NE",77162,"NE","Kootenay Region",50.95478,-118.09975,2020,TRUE,4,0,0.0469,0.6647,0.4823,0.847
"MYEV","77162_NE",77162,"NE","Kootenay Region",50.95478,-118.09975,2021,TRUE,4,1,1,0.8534,0.7173,0.9552
"MYEV","77162_NE",77162,"NE","Kootenay Region",50.95478,-118.09975,2022,FALSE,0,NA,NA,0.88,0.7123,0.9804
"MYEV","77162_NE",77162,"NE","Kootenay Region",50.95478,-118.09975,2023,FALSE,0,NA,NA,0.7898,0.5831,0.9377
"MYEV","77162_NE",77162,"NE","Kootenay Region",50.95478,-118.09975,2024,FALSE,0,NA,NA,0.8678,0.7122,0.9661
"MYEV","77162_NE",77162,"NE","Kootenay Region",50.95478,-118.09975,2025,FALSE,0,NA,NA,0.8479,0.6762,0.9595
"MYEV","77162_SW",77162,"SW","Kootenay Region",50.886,-118.10586,2017,TRUE,4,1,1,0.6797,0.3998,0.9091
"MYEV","77162_SW",77162,"SW","Kootenay Region",50.886,-118.10586,2018,TRUE,4,1,1,0.8326,0.6538,0.9506
"MYEV","77162_SW",77162,"SW","Kootenay Region",50.886,-118.10586,2019,TRUE,4,1,1,0.8616,0.7379,0.9462
"MYEV","77162_SW",77162,"SW","Kootenay Region",50.886,-118.10586,2020,TRUE,4,1,1,0.804,0.6677,0.9133
"MYEV","77162_SW",77162,"SW","Kootenay Region",50.886,-118.10586,2021,TRUE,4,1,1,0.8806,0.7566,0.9615
"MYEV","77162_SW",77162,"SW","Kootenay Region",50.886,-118.10586,2022,TRUE,4,1,1,0.9278,0.8304,0.9826
"MYEV","77162_SW",77162,"SW","Kootenay Region",50.886,-118.10586,2023,TRUE,4,1,1,0.9056,0.8167,0.9648
"MYEV","77162_SW",77162,"SW","Kootenay Region",50.886,-118.10586,2024,FALSE,0,NA,NA,0.926,0.8435,0.9764
"MYEV","77162_SW",77162,"SW","Kootenay Region",50.886,-118.10586,2025,TRUE,2,1,1,0.9244,0.8435,0.9755
"MYEV","79018_NE",79018,"NE","Kootenay Region",50.2021,-116.91007,2017,TRUE,4,1,1,0.6704,0.3997,0.8962
"MYEV","79018_NE",79018,"NE","Kootenay Region",50.2021,-116.91007,2018,TRUE,4,1,1,0.8644,0.7236,0.9595
"MYEV","79018_NE",79018,"NE","Kootenay Region",50.2021,-116.91007,2019,TRUE,4,1,1,0.8693,0.7622,0.9462
"MYEV","79018_NE",79018,"NE","Kootenay Region",50.2021,-116.91007,2020,TRUE,4,1,1,0.7935,0.6525,0.9071
"MYEV","79018_NE",79018,"NE","Kootenay Region",50.2021,-116.91007,2021,FALSE,0,NA,NA,0.8987,0.8,0.9639
"MYEV","79018_NE",79018,"NE","Kootenay Region",50.2021,-116.91007,2022,TRUE,4,1,1,0.9392,0.8699,0.9843
"MYEV","79018_NE",79018,"NE","Kootenay Region",50.2021,-116.91007,2023,TRUE,4,1,1,0.9014,0.8061,0.9641
"MYEV","79018_NE",79018,"NE","Kootenay Region",50.2021,-116.91007,2024,TRUE,4,1,1,0.9298,0.8586,0.9757
"MYEV","79018_NE",79018,"NE","Kootenay Region",50.2021,-116.91007,2025,TRUE,4,1,1,0.9262,0.8547,0.9747
"MYEV","79018_NW",79018,"NW","Kootenay Region",50.19383,-116.94752,2017,TRUE,4,1,1,0.6651,0.3843,0.9027
"MYEV","79018_NW",79018,"NW","Kootenay Region",50.19383,-116.94752,2018,FALSE,0,NA,NA,0.8207,0.635,0.947
"MYEV","79018_NW",79018,"NW","Kootenay Region",50.19383,-116.94752,2019,TRUE,4,1,1,0.852,0.7144,0.9446
"MYEV","79018_NW",79018,"NW","Kootenay Region",50.19383,-116.94752,2020,TRUE,4,1,1,0.797,0.6532,0.9101
"MYEV","79018_NW",79018,"NW","Kootenay Region",50.19383,-116.94752,2021,TRUE,4,1,1,0.8724,0.7331,0.9605
"MYEV","79018_NW",79018,"NW","Kootenay Region",50.19383,-116.94752,2022,TRUE,3,1,1,0.9255,0.8168,0.9829
"MYEV","79018_NW",79018,"NW","Kootenay Region",50.19383,-116.94752,2023,TRUE,4,1,1,0.9077,0.8127,0.9683
"MYEV","79018_NW",79018,"NW","Kootenay Region",50.19383,-116.94752,2024,TRUE,4,1,1,0.9276,0.8408,0.9777
"MYEV","79018_NW",79018,"NW","Kootenay Region",50.19383,-116.94752,2025,TRUE,4,1,1,0.9266,0.8385,0.9768
"MYEV","79018_SE",79018,"SE","Kootenay Region",50.18723,-116.90419,2017,TRUE,4,0,0.1224,0.6581,0.3638,0.8963
"MYEV","79018_SE",79018,"SE","Kootenay Region",50.18723,-116.90419,2018,FALSE,0,NA,NA,0.8903,0.7366,0.9779
"MYEV","79018_SE",79018,"SE","Kootenay Region",50.18723,-116.90419,2019,TRUE,4,1,1,0.9062,0.7863,0.9782
"MYEV","79018_SE",79018,"SE","Kootenay Region",50.18723,-116.90419,2020,TRUE,4,0,0.2329,0.8514,0.6754,0.9673
"MYEV","79018_SE",79018,"SE","Kootenay Region",50.18723,-116.90419,2021,TRUE,4,0,0.4547,0.9302,0.8292,0.9857
"MYEV","79018_SE",79018,"SE","Kootenay Region",50.18723,-116.90419,2022,TRUE,4,1,1,0.959,0.8836,0.9937
"MYEV","79018_SE",79018,"SE","Kootenay Region",50.18723,-116.90419,2023,TRUE,4,1,1,0.9338,0.8355,0.9863
"MYEV","79018_SE",79018,"SE","Kootenay Region",50.18723,-116.90419,2024,TRUE,3,1,1,0.9536,0.8806,0.9909
"MYEV","79018_SE",79018,"SE","Kootenay Region",50.18723,-116.90419,2025,TRUE,4,1,1,0.951,0.876,0.9907
"MYEV","79018_SW",79018,"SW","Kootenay Region",50.17771,-116.95968,2017,TRUE,4,1,1,0.7131,0.4188,0.9264
"MYEV","79018_SW",79018,"SW","Kootenay Region",50.17771,-116.95968,2018,FALSE,0,NA,NA,0.8585,0.7044,0.9566
"MYEV","79018_SW",79018,"SW","Kootenay Region",50.17771,-116.95968,2019,TRUE,4,1,1,0.8773,0.7706,0.9518
"MYEV","79018_SW",79018,"SW","Kootenay Region",50.17771,-116.95968,2020,TRUE,3,0,0.4109,0.8154,0.685,0.9208
"MYEV","79018_SW",79018,"SW","Kootenay Region",50.17771,-116.95968,2021,TRUE,3,1,1,0.898,0.794,0.9654
"MYEV","79018_SW",79018,"SW","Kootenay Region",50.17771,-116.95968,2022,TRUE,4,1,1,0.9403,0.8665,0.9852
"MYEV","79018_SW",79018,"SW","Kootenay Region",50.17771,-116.95968,2023,TRUE,4,1,1,0.9135,0.8279,0.9687
"MYEV","79018_SW",79018,"SW","Kootenay Region",50.17771,-116.95968,2024,TRUE,4,1,1,0.9347,0.8647,0.9789
"MYEV","79018_SW",79018,"SW","Kootenay Region",50.17771,-116.95968,2025,FALSE,0,NA,NA,0.9324,0.8614,0.9782
"MYEV","86074_NE",86074,"NE","South Coastal Region",49.23087,-122.3056,2017,TRUE,4,1,1,0.4848,0.2644,0.7132
"MYEV","86074_NE",86074,"NE","South Coastal Region",49.23087,-122.3056,2018,TRUE,3,0,0.5209,0.7034,0.4856,0.8794
"MYEV","86074_NE",86074,"NE","South Coastal Region",49.23087,-122.3056,2019,FALSE,0,NA,NA,0.7944,0.6105,0.9272
"MYEV","86074_NE",86074,"NE","South Coastal Region",49.23087,-122.3056,2020,TRUE,3,0,0.4213,0.7651,0.564,0.9159
"MYEV","86074_NE",86074,"NE","South Coastal Region",49.23087,-122.3056,2021,TRUE,4,1,1,0.8342,0.6421,0.9523
"MYEV","86074_NE",86074,"NE","South Coastal Region",49.23087,-122.3056,2022,TRUE,4,1,1,0.8928,0.7271,0.9752
"MYEV","86074_NE",86074,"NE","South Coastal Region",49.23087,-122.3056,2023,TRUE,4,0,0.0131,0.8852,0.7333,0.9699
"MYEV","86074_NE",86074,"NE","South Coastal Region",49.23087,-122.3056,2024,TRUE,4,0,0.0189,0.9034,0.7635,0.9756
"MYEV","86074_NE",86074,"NE","South Coastal Region",49.23087,-122.3056,2025,FALSE,0,NA,NA,0.904,0.7663,0.9774
"MYEV","86074_NW",86074,"NW","South Coastal Region",49.18442,-122.40331,2017,TRUE,4,0,0.078,0.5153,0.2666,0.7825
"MYEV","86074_NW",86074,"NW","South Coastal Region",49.18442,-122.40331,2018,FALSE,0,NA,NA,0.6062,0.4382,0.7664
"MYEV","86074_NW",86074,"NW","South Coastal Region",49.18442,-122.40331,2019,FALSE,0,NA,NA,0.673,0.5468,0.7926
"MYEV","86074_NW",86074,"NW","South Coastal Region",49.18442,-122.40331,2020,TRUE,4,1,1,0.6293,0.4984,0.753
"MYEV","86074_NW",86074,"NW","South Coastal Region",49.18442,-122.40331,2021,FALSE,0,NA,NA,0.6903,0.5625,0.8017
"MYEV","86074_NW",86074,"NW","South Coastal Region",49.18442,-122.40331,2022,TRUE,4,0,0.1893,0.7731,0.658,0.8706
"MYEV","86074_NW",86074,"NW","South Coastal Region",49.18442,-122.40331,2023,FALSE,0,NA,NA,0.7753,0.6578,0.8727
"MYEV","86074_NW",86074,"NW","South Coastal Region",49.18442,-122.40331,2024,FALSE,0,NA,NA,0.799,0.6819,0.8916
"MYEV","86074_NW",86074,"NW","South Coastal Region",49.18442,-122.40331,2025,FALSE,0,NA,NA,0.8017,0.68,0.8959
"MYEV","86074_SE",86074,"SE","South Coastal Region",49.16962,-122.3193,2017,TRUE,4,1,1,0.561,0.2159,0.8969
"MYEV","86074_SE",86074,"SE","South Coastal Region",49.16962,-122.3193,2018,FALSE,0,NA,NA,0.6905,0.4937,0.8514
"MYEV","86074_SE",86074,"SE","South Coastal Region",49.16962,-122.3193,2019,FALSE,0,NA,NA,0.753,0.6148,0.8669
"MYEV","86074_SE",86074,"SE","South Coastal Region",49.16962,-122.3193,2020,TRUE,4,1,1,0.6851,0.5302,0.827
"MYEV","86074_SE",86074,"SE","South Coastal Region",49.16962,-122.3193,2021,TRUE,4,1,1,0.7678,0.6233,0.8809
"MYEV","86074_SE",86074,"SE","South Coastal Region",49.16962,-122.3193,2022,TRUE,4,1,1,0.859,0.7406,0.9396
"MYEV","86074_SE",86074,"SE","South Coastal Region",49.16962,-122.3193,2023,FALSE,0,NA,NA,0.8467,0.7306,0.9324
"MYEV","86074_SE",86074,"SE","South Coastal Region",49.16962,-122.3193,2024,FALSE,0,NA,NA,0.8693,0.7596,0.9446
"MYEV","86074_SE",86074,"SE","South Coastal Region",49.16962,-122.3193,2025,FALSE,0,NA,NA,0.8684,0.7558,0.9461
"MYEV","86074_SW",86074,"SW","South Coastal Region",49.14174,-122.38204,2017,TRUE,2,0,0.154,0.4749,0.2473,0.7104
"MYEV","86074_SW",86074,"SW","South Coastal Region",49.14174,-122.38204,2018,FALSE,0,NA,NA,0.5443,0.3838,0.7029
"MYEV","86074_SW",86074,"SW","South Coastal Region",49.14174,-122.38204,2019,TRUE,4,0,0.2009,0.6011,0.4598,0.7343
"MYEV","86074_SW",86074,"SW","South Coastal Region",49.14174,-122.38204,2020,TRUE,3,1,1,0.555,0.4112,0.6926
"MYEV","86074_SW",86074,"SW","South Coastal Region",49.14174,-122.38204,2021,FALSE,0,NA,NA,0.6164,0.4707,0.7564
"MYEV","86074_SW",86074,"SW","South Coastal Region",49.14174,-122.38204,2022,TRUE,4,1,1,0.7036,0.5566,0.8328
"MYEV","86074_SW",86074,"SW","South Coastal Region",49.14174,-122.38204,2023,TRUE,4,1,1,0.7126,0.5665,0.8398
"MYEV","86074_SW",86074,"SW","South Coastal Region",49.14174,-122.38204,2024,TRUE,4,1,1,0.7397,0.5904,0.861
"MYEV","86074_SW",86074,"SW","South Coastal Region",49.14174,-122.38204,2025,FALSE,0,NA,NA,0.7451,0.5949,0.8675
"MYEV","89962_NE",89962,"NE","Kootenay Region",49.07682,-117.5986,2017,FALSE,0,NA,NA,0.6653,0.3924,0.8955
"MYEV","89962_NE",89962,"NE","Kootenay Region",49.07682,-117.5986,2018,FALSE,0,NA,NA,0.824,0.6479,0.9472
"MYEV","89962_NE",89962,"NE","Kootenay Region",49.07682,-117.5986,2019,FALSE,0,NA,NA,0.8467,0.7202,0.9383
"MYEV","89962_NE",89962,"NE","Kootenay Region",49.07682,-117.5986,2020,FALSE,0,NA,NA,0.7805,0.6365,0.8984
"MYEV","89962_NE",89962,"NE","Kootenay Region",49.07682,-117.5986,2021,FALSE,0,NA,NA,0.8684,0.7339,0.9565
"MYEV","89962_NE",89962,"NE","Kootenay Region",49.07682,-117.5986,2022,TRUE,4,0,0.37,0.9194,0.8151,0.98
"MYEV","89962_NE",89962,"NE","Kootenay Region",49.07682,-117.5986,2023,TRUE,4,1,1,0.891,0.7879,0.9613
"MYEV","89962_NE",89962,"NE","Kootenay Region",49.07682,-117.5986,2024,FALSE,0,NA,NA,0.9153,0.8233,0.9727
"MYEV","89962_NE",89962,"NE","Kootenay Region",49.07682,-117.5986,2025,TRUE,4,1,1,0.9131,0.8195,0.9716
"MYEV","89962_SE",89962,"SE","Kootenay Region",49.00974,-117.57236,2017,FALSE,0,NA,NA,0.7017,0.417,0.9177
"MYEV","89962_SE",89962,"SE","Kootenay Region",49.00974,-117.57236,2018,FALSE,0,NA,NA,0.8407,0.6728,0.9509
"MYEV","89962_SE",89962,"SE","Kootenay Region",49.00974,-117.57236,2019,FALSE,0,NA,NA,0.8588,0.7383,0.9433
"MYEV","89962_SE",89962,"SE","Kootenay Region",49.00974,-117.57236,2020,FALSE,0,NA,NA,0.7906,0.6473,0.9066
"MYEV","89962_SE",89962,"SE","Kootenay Region",49.00974,-117.57236,2021,FALSE,0,NA,NA,0.8798,0.7533,0.9601
"MYEV","89962_SE",89962,"SE","Kootenay Region",49.00974,-117.57236,2022,TRUE,4,1,1,0.9277,0.8317,0.9826
"MYEV","89962_SE",89962,"SE","Kootenay Region",49.00974,-117.57236,2023,FALSE,0,NA,NA,0.8979,0.7942,0.9641
"MYEV","89962_SE",89962,"SE","Kootenay Region",49.00974,-117.57236,2024,TRUE,4,1,1,0.922,0.8312,0.9752
"MYEV","89962_SE",89962,"SE","Kootenay Region",49.00974,-117.57236,2025,TRUE,4,1,1,0.9194,0.8308,0.9734
"MYEV","89962_SW",89962,"SW","Kootenay Region",49.0077,-117.63034,2017,FALSE,0,NA,NA,0.6559,0.3437,0.9098
"MYEV","89962_SW",89962,"SW","Kootenay Region",49.0077,-117.63034,2018,FALSE,0,NA,NA,0.7969,0.5697,0.9433
"MYEV","89962_SW",89962,"SW","Kootenay Region",49.0077,-117.63034,2019,FALSE,0,NA,NA,0.8336,0.647,0.9471
"MYEV","89962_SW",89962,"SW","Kootenay Region",49.0077,-117.63034,2020,FALSE,0,NA,NA,0.7861,0.6098,0.9145
"MYEV","89962_SW",89962,"SW","Kootenay Region",49.0077,-117.63034,2021,FALSE,0,NA,NA,0.8528,0.6714,0.9605
"MYEV","89962_SW",89962,"SW","Kootenay Region",49.0077,-117.63034,2022,TRUE,4,1,1,0.9036,0.7457,0.9812
"MYEV","89962_SW",89962,"SW","Kootenay Region",49.0077,-117.63034,2023,FALSE,0,NA,NA,0.8886,0.7469,0.968
"MYEV","89962_SW",89962,"SW","Kootenay Region",49.0077,-117.63034,2024,TRUE,4,1,1,0.9084,0.768,0.9763
"MYEV","89962_SW",89962,"SW","Kootenay Region",49.0077,-117.63034,2025,TRUE,4,1,1,0.9087,0.7708,0.976
"MYEV","93290_NE",93290,"NE","Okanagan Region",49.44361,-119.56535,2017,FALSE,0,NA,NA,0.8186,0.5571,0.9767
"MYEV","93290_NE",93290,"NE","Okanagan Region",49.44361,-119.56535,2018,TRUE,4,1,1,0.8126,0.6703,0.9219
"MYEV","93290_NE",93290,"NE","Okanagan Region",49.44361,-119.56535,2019,FALSE,0,NA,NA,0.8099,0.6916,0.9057
"MYEV","93290_NE",93290,"NE","Okanagan Region",49.44361,-119.56535,2020,TRUE,4,0,0.2416,0.7207,0.5788,0.8497
"MYEV","93290_NE",93290,"NE","Okanagan Region",49.44361,-119.56535,2021,TRUE,4,1,1,0.8006,0.6723,0.9012
"MYEV","93290_NE",93290,"NE","Okanagan Region",49.44361,-119.56535,2022,TRUE,4,1,1,0.8743,0.7669,0.9499
"MYEV","93290_NE",93290,"NE","Okanagan Region",49.44361,-119.56535,2023,TRUE,3,0,0.4398,0.8493,0.7302,0.9371
"MYEV","93290_NE",93290,"NE","Okanagan Region",49.44361,-119.56535,2024,FALSE,0,NA,NA,0.872,0.7682,0.9467
"MYEV","93290_NE",93290,"NE","Okanagan Region",49.44361,-119.56535,2025,TRUE,4,1,1,0.8706,0.7653,0.9442
"MYEV","93290_NW",93290,"NW","Okanagan Region",49.41531,-119.6018,2017,TRUE,4,1,1,0.7926,0.5039,0.9739
"MYEV","93290_NW",93290,"NW","Okanagan Region",49.41531,-119.6018,2018,TRUE,4,1,1,0.785,0.6208,0.9125
"MYEV","93290_NW",93290,"NW","Okanagan Region",49.41531,-119.6018,2019,TRUE,4,1,1,0.7824,0.657,0.8848
"MYEV","93290_NW",93290,"NW","Okanagan Region",49.41531,-119.6018,2020,TRUE,4,0,0.0502,0.7006,0.5572,0.8282
"MYEV","93290_NW",93290,"NW","Okanagan Region",49.41531,-119.6018,2021,TRUE,4,0,0.048,0.7532,0.621,0.864
"MYEV","93290_NW",93290,"NW","Okanagan Region",49.41531,-119.6018,2022,TRUE,4,1,1,0.8248,0.7049,0.9188
"MYEV","93290_NW",93290,"NW","Okanagan Region",49.41531,-119.6018,2023,TRUE,4,1,1,0.8166,0.6882,0.9146
"MYEV","93290_NW",93290,"NW","Okanagan Region",49.41531,-119.6018,2024,TRUE,4,1,1,0.8372,0.7156,0.9266
"MYEV","93290_NW",93290,"NW","Okanagan Region",49.41531,-119.6018,2025,TRUE,4,1,1,0.8382,0.7192,0.9257
"MYEV","93290_SE",93290,"SE","Okanagan Region",49.38433,-119.56165,2017,TRUE,3,1,1,0.8181,0.5109,0.9794
"MYEV","93290_SE",93290,"SE","Okanagan Region",49.38433,-119.56165,2018,TRUE,4,1,1,0.8022,0.6344,0.925
"MYEV","93290_SE",93290,"SE","Okanagan Region",49.38433,-119.56165,2019,TRUE,4,0,0.3393,0.7966,0.662,0.9021
"MYEV","93290_SE",93290,"SE","Okanagan Region",49.38433,-119.56165,2020,TRUE,4,1,1,0.7116,0.5524,0.8491
"MYEV","93290_SE",93290,"SE","Okanagan Region",49.38433,-119.56165,2021,TRUE,4,1,1,0.7739,0.6216,0.8894
"MYEV","93290_SE",93290,"SE","Okanagan Region",49.38433,-119.56165,2022,FALSE,0,NA,NA,0.8462,0.7119,0.9383
"MYEV","93290_SE",93290,"SE","Okanagan Region",49.38433,-119.56165,2023,TRUE,4,1,1,0.8314,0.6897,0.9318
"MYEV","93290_SE",93290,"SE","Okanagan Region",49.38433,-119.56165,2024,TRUE,4,0,0.2998,0.8522,0.7201,0.9425
"MYEV","93290_SE",93290,"SE","Okanagan Region",49.38433,-119.56165,2025,TRUE,4,1,1,0.8519,0.7196,0.9394
"MYEV","93290_SW",93290,"SW","Okanagan Region",49.37943,-119.59374,2017,TRUE,4,0,0.3631,0.7651,0.4287,0.9724
"MYEV","93290_SW",93290,"SW","Okanagan Region",49.37943,-119.59374,2018,TRUE,4,1,1,0.7672,0.5838,0.907
"MYEV","93290_SW",93290,"SW","Okanagan Region",49.37943,-119.59374,2019,TRUE,4,0,0.1164,0.7678,0.622,0.8825
"MYEV","93290_SW",93290,"SW","Okanagan Region",49.37943,-119.59374,2020,TRUE,4,0,0.0078,0.685,0.526,0.8225
"MYEV","93290_SW",93290,"SW","Okanagan Region",49.37943,-119.59374,2021,TRUE,4,0,0.0024,0.7397,0.5839,0.8646
"MYEV","93290_SW",93290,"SW","Okanagan Region",49.37943,-119.59374,2022,TRUE,4,0,0.0127,0.8134,0.6703,0.9204
"MYEV","93290_SW",93290,"SW","Okanagan Region",49.37943,-119.59374,2023,TRUE,4,0,0.0362,0.8038,0.6602,0.915
"MYEV","93290_SW",93290,"SW","Okanagan Region",49.37943,-119.59374,2024,TRUE,4,1,1,0.8253,0.687,0.9257
"MYEV","93290_SW",93290,"SW","Okanagan Region",49.37943,-119.59374,2025,TRUE,4,1,1,0.8263,0.687,0.9255
"MYEV","94522_NW",94522,"NW","Northern Region",53.10732,-131.86467,2017,TRUE,3,1,1,0.7455,0.3928,0.961
"MYEV","94522_NW",94522,"NW","Northern Region",53.10732,-131.86467,2018,TRUE,4,1,1,0.75,0.5422,0.9048
"MYEV","94522_NW",94522,"NW","Northern Region",53.10732,-131.86467,2019,TRUE,3,0,0.5229,0.753,0.5839,0.8819
"MYEV","94522_NW",94522,"NW","Northern Region",53.10732,-131.86467,2020,FALSE,0,NA,NA,0.6822,0.4977,0.8384
"MYEV","94522_NW",94522,"NW","Northern Region",53.10732,-131.86467,2021,FALSE,0,NA,NA,0.7221,0.5402,0.8642
"MYEV","94522_NW",94522,"NW","Northern Region",53.10732,-131.86467,2022,FALSE,0,NA,NA,0.7841,0.6079,0.9116
"MYEV","94522_NW",94522,"NW","Northern Region",53.10732,-131.86467,2023,FALSE,0,NA,NA,0.7822,0.6057,0.9099
"MYEV","94522_NW",94522,"NW","Northern Region",53.10732,-131.86467,2024,FALSE,0,NA,NA,0.8008,0.6205,0.921
"MYEV","94522_NW",94522,"NW","Northern Region",53.10732,-131.86467,2025,FALSE,0,NA,NA,0.8017,0.6183,0.9214
"MYEV","94522_SE",94522,"SE","Northern Region",53.08196,-131.77925,2017,TRUE,4,1,1,0.7459,0.407,0.9586
"MYEV","94522_SE",94522,"SE","Northern Region",53.08196,-131.77925,2018,TRUE,4,1,1,0.7282,0.527,0.8906
"MYEV","94522_SE",94522,"SE","Northern Region",53.08196,-131.77925,2019,TRUE,3,1,1,0.7169,0.5396,0.8599
"MYEV","94522_SE",94522,"SE","Northern Region",53.08196,-131.77925,2020,FALSE,0,NA,NA,0.624,0.4195,0.8065
"MYEV","94522_SE",94522,"SE","Northern Region",53.08196,-131.77925,2021,FALSE,0,NA,NA,0.674,0.4623,0.85
"MYEV","94522_SE",94522,"SE","Northern Region",53.08196,-131.77925,2022,FALSE,0,NA,NA,0.7469,0.5262,0.9091
"MYEV","94522_SE",94522,"SE","Northern Region",53.08196,-131.77925,2023,FALSE,0,NA,NA,0.7364,0.5117,0.8975
"MYEV","94522_SE",94522,"SE","Northern Region",53.08196,-131.77925,2024,FALSE,0,NA,NA,0.7577,0.5325,0.9098
"MYEV","94522_SE",94522,"SE","Northern Region",53.08196,-131.77925,2025,FALSE,0,NA,NA,0.7564,0.5214,0.9077
"MYEV","9466_NE",9466,"NE","Northern Region",57.34435,-125.50932,2017,FALSE,0,NA,NA,0.7866,0.5017,0.9664
"MYEV","9466_NE",9466,"NE","Northern Region",57.34435,-125.50932,2018,FALSE,0,NA,NA,0.8134,0.6645,0.921
"MYEV","9466_NE",9466,"NE","Northern Region",57.34435,-125.50932,2019,FALSE,0,NA,NA,0.8146,0.6813,0.9129
"MYEV","9466_NE",9466,"NE","Northern Region",57.34435,-125.50932,2020,FALSE,0,NA,NA,0.7175,0.5589,0.8625
"MYEV","9466_NE",9466,"NE","Northern Region",57.34435,-125.50932,2021,FALSE,0,NA,NA,0.829,0.7096,0.9203
"MYEV","9466_NE",9466,"NE","Northern Region",57.34435,-125.50932,2022,TRUE,3,1,1,0.8983,0.8108,0.9621
"MYEV","9466_NE",9466,"NE","Northern Region",57.34435,-125.50932,2023,FALSE,0,NA,NA,0.8556,0.7455,0.935
"MYEV","9466_NE",9466,"NE","Northern Region",57.34435,-125.50932,2024,TRUE,3,1,1,0.884,0.7986,0.9487
"MYEV","9466_NE",9466,"NE","Northern Region",57.34435,-125.50932,2025,FALSE,0,NA,NA,0.8798,0.7826,0.9521
"MYEV","9466_NW",9466,"NW","Northern Region",57.3459,-125.55037,2017,FALSE,0,NA,NA,0.7992,0.3756,0.989
"MYEV","9466_NW",9466,"NW","Northern Region",57.3459,-125.55037,2018,FALSE,0,NA,NA,0.8184,0.6284,0.9413
"MYEV","9466_NW",9466,"NW","Northern Region",57.3459,-125.55037,2019,FALSE,0,NA,NA,0.8156,0.6591,0.9288
"MYEV","9466_NW",9466,"NW","Northern Region",57.3459,-125.55037,2020,FALSE,0,NA,NA,0.7148,0.5352,0.8782
"MYEV","9466_NW",9466,"NW","Northern Region",57.3459,-125.55037,2021,FALSE,0,NA,NA,0.8494,0.7194,0.9435
"MYEV","9466_NW",9466,"NW","Northern Region",57.3459,-125.55037,2022,TRUE,4,1,1,0.9072,0.8058,0.9728
"MYEV","9466_NW",9466,"NW","Northern Region",57.3459,-125.55037,2023,FALSE,0,NA,NA,0.8503,0.7122,0.9449
"MYEV","9466_NW",9466,"NW","Northern Region",57.3459,-125.55037,2024,TRUE,3,1,1,0.8883,0.7818,0.9614
"MYEV","9466_NW",9466,"NW","Northern Region",57.3459,-125.55037,2025,TRUE,4,1,1,0.8819,0.7641,0.9627
"MYEV","9466_SE",9466,"SE","Northern Region",57.31575,-125.49037,2017,FALSE,0,NA,NA,0.7407,0.4751,0.9474
"MYEV","9466_SE",9466,"SE","Northern Region",57.31575,-125.49037,2018,FALSE,0,NA,NA,0.7544,0.5825,0.8927
"MYEV","9466_SE",9466,"SE","Northern Region",57.31575,-125.49037,2019,FALSE,0,NA,NA,0.7548,0.6046,0.8804
"MYEV","9466_SE",9466,"SE","Northern Region",57.31575,-125.49037,2020,FALSE,0,NA,NA,0.6484,0.4697,0.8232
"MYEV","9466_SE",9466,"SE","Northern Region",57.31575,-125.49037,2021,FALSE,0,NA,NA,0.7649,0.6004,0.8899
"MYEV","9466_SE",9466,"SE","Northern Region",57.31575,-125.49037,2022,TRUE,4,1,1,0.849,0.7123,0.9451
"MYEV","9466_SE",9466,"SE","Northern Region",57.31575,-125.49037,2023,FALSE,0,NA,NA,0.8001,0.6402,0.9184
"MYEV","9466_SE",9466,"SE","Northern Region",57.31575,-125.49037,2024,TRUE,3,1,1,0.8338,0.7024,0.9308
"MYEV","9466_SE",9466,"SE","Northern Region",57.31575,-125.49037,2025,TRUE,4,1,1,0.8283,0.6805,0.9308
"MYEV","9466_SW",9466,"SW","Northern Region",57.29483,-125.51474,2017,FALSE,0,NA,NA,0.7819,0.5174,0.9611
"MYEV","9466_SW",9466,"SW","Northern Region",57.29483,-125.51474,2018,FALSE,0,NA,NA,0.7868,0.643,0.9019
"MYEV","9466_SW",9466,"SW","Northern Region",57.29483,-125.51474,2019,FALSE,0,NA,NA,0.7836,0.6624,0.8829
"MYEV","9466_SW",9466,"SW","Northern Region",57.29483,-125.51474,2020,FALSE,0,NA,NA,0.677,0.535,0.8138
"MYEV","9466_SW",9466,"SW","Northern Region",57.29483,-125.51474,2021,FALSE,0,NA,NA,0.7965,0.681,0.8908
"MYEV","9466_SW",9466,"SW","Northern Region",57.29483,-125.51474,2022,TRUE,4,1,1,0.8764,0.7901,0.9469
"MYEV","9466_SW",9466,"SW","Northern Region",57.29483,-125.51474,2023,FALSE,0,NA,NA,0.8275,0.7171,0.914
"MYEV","9466_SW",9466,"SW","Northern Region",57.29483,-125.51474,2024,TRUE,3,1,1,0.8591,0.7753,0.929
"MYEV","9466_SW",9466,"SW","Northern Region",57.29483,-125.51474,2025,TRUE,4,1,1,0.8543,0.7605,0.9315
"MYEV","986_NE",986,"NE","Northern Region",53.188,-121.30225,2017,FALSE,0,NA,NA,0.7998,0.3629,0.9901
"MYEV","986_NE",986,"NE","Northern Region",53.188,-121.30225,2018,TRUE,3,0,0.3613,0.7938,0.5756,0.9345
"MYEV","986_NE",986,"NE","Northern Region",53.188,-121.30225,2019,TRUE,3,1,1,0.7925,0.6193,0.9247
"MYEV","986_NE",986,"NE","Northern Region",53.188,-121.30225,2020,TRUE,4,1,1,0.6876,0.5031,0.8703
"MYEV","986_NE",986,"NE","Northern Region",53.188,-121.30225,2021,TRUE,4,0,0.1693,0.8313,0.6814,0.9378
"MYEV","986_NE",986,"NE","Northern Region",53.188,-121.30225,2022,TRUE,4,1,1,0.8921,0.7704,0.9718
"MYEV","986_NE",986,"NE","Northern Region",53.188,-121.30225,2023,TRUE,4,1,1,0.8265,0.6595,0.9429
"MYEV","986_NE",986,"NE","Northern Region",53.188,-121.30225,2024,TRUE,4,1,1,0.8706,0.7391,0.9597
"MYEV","986_NE",986,"NE","Northern Region",53.188,-121.30225,2025,TRUE,4,1,1,0.8625,0.7109,0.9606
"MYEV","986_SE",986,"SE","Northern Region",53.1392,-121.2577,2017,FALSE,0,NA,NA,0.785,0.4936,0.9659
"MYEV","986_SE",986,"SE","Northern Region",53.1392,-121.2577,2018,FALSE,0,NA,NA,0.7855,0.6008,0.9135
"MYEV","986_SE",986,"SE","Northern Region",53.1392,-121.2577,2019,TRUE,3,0,0.3331,0.782,0.6243,0.9047
"MYEV","986_SE",986,"SE","Northern Region",53.1392,-121.2577,2020,TRUE,2,0,0.4804,0.6775,0.5084,0.8413
"MYEV","986_SE",986,"SE","Northern Region",53.1392,-121.2577,2021,FALSE,0,NA,NA,0.8041,0.6538,0.9128
"MYEV","986_SE",986,"SE","Northern Region",53.1392,-121.2577,2022,TRUE,4,1,1,0.8778,0.7614,0.9604
"MYEV","986_SE",986,"SE","Northern Region",53.1392,-121.2577,2023,TRUE,4,1,1,0.8247,0.6807,0.9288
"MYEV","986_SE",986,"SE","Northern Region",53.1392,-121.2577,2024,TRUE,4,1,1,0.8606,0.7427,0.9458
"MYEV","986_SE",986,"SE","Northern Region",53.1392,-121.2577,2025,TRUE,4,1,1,0.8549,0.721,0.9475
